"cell","cluster","gene","logexpr"
"AAACCAAAGCTTACTC-1","7","Bax",0
"AAACCAAAGTGGGTCT-1","4","Bax",0
"AAACCGCTCACCTAGA-1","12","Bax",0
"AAACCGCTCATCGAGC-1","0","Bax",0.727371352844613
"AAACCGCTCGATCCGG-1","6","Bax",0
"AAACGAATCGTTCCTG-1","7","Bax",0
"AAACGACAGCATCGGT-1","4","Bax",0
"AAACGACAGGCATCAC-1","12","Bax",0
"AAACGATGTGAGACCG-1","4","Bax",0
"AAACGCCTCATCAAGT-1","7","Bax",0
"AAACGGACAAGTAGCT-1","3","Bax",0
"AAACGGACATCCAGAG-1","4","Bax",0
"AAACGGACATTGCGTC-1","10","Bax",0
"AAACGGGTCCACCGGA-1","0","Bax",0
"AAACGGGTCCCGCTAC-1","3","Bax",0
"AAACGTAAGCATGGCT-1","0","Bax",0
"AAACGTAAGCATGGGA-1","6","Bax",0
"AAACTCCGTGACGATA-1","1","Bax",0
"AAAGCAATCACTAACG-1","3","Bax",0
"AAAGCATGTATGGCTT-1","8","Bax",0
"AAAGCCTCACAGGACC-1","2","Bax",0
"AAAGCTGGTATGGTAG-1","4","Bax",1.53421562797288
"AAAGTCAAGGCACTAC-1","4","Bax",0
"AAAGTGATCACCAGAC-1","4","Bax",0
"AAAGTTGAGGTACGTC-1","4","Bax",0
"AAATGCAAGAAGGAGA-1","12","Bax",0
"AAATGGATCGCATTGA-1","1","Bax",0
"AAATGGATCGTGATAT-1","11","Bax",0
"AAATGGGCAAGTGGAA-1","0","Bax",0
"AAATGGGCATAAGCAC-1","1","Bax",0
"AAATGGGCATGGCTAG-1","4","Bax",0
"AAATGTGAGCTACTCT-1","4","Bax",0
"AAATGTGAGTAATCAC-1","6","Bax",0
"AAATTCGCACTCAAGG-1","1","Bax",0
"AAATTCGCATAACTCT-1","5","Bax",0
"AAATTGCTCAATCTCC-1","8","Bax",0
"AACACACCAACCTGGA-1","7","Bax",0
"AACACACCAATCTCAT-1","7","Bax",0
"AACACATTCCGCAAGT-1","6","Bax",0
"AACACATTCCGGTTGG-1","1","Bax",0
"AACACCATCATCAAGT-1","9","Bax",0
"AACACGAGTCCATAGT-1","4","Bax",1.86539945915656
"AACAGGCGTGAACCTT-1","5","Bax",0
"AACAGTAAGCCTTGGG-1","1","Bax",0
"AACAGTAAGGCAAGGC-1","10","Bax",0
"AACAGTAAGTCATTGG-1","10","Bax",0
"AACATCACATAGGTGT-1","3","Bax",0
"AACATCACATCCCGAT-1","0","Bax",0
"AACATCCGTGGGTAAC-1","2","Bax",0
"AACATCCGTTCGATGT-1","0","Bax",0
"AACATGAAGTAGTCAT-1","7","Bax",0
"AACATGAAGTTACGCA-1","2","Bax",0
"AACATTCAGCATGCGT-1","11","Bax",0
"AACATTGCAACCAGTG-1","9","Bax",0
"AACCAACCAGGACACC-1","6","Bax",0.991473369145634
"AACCAAGGTGGCGCAA-1","0","Bax",1.10599983066123
"AACCAAGGTTCGTCAG-1","9","Bax",0
"AACCAATTCACTTGCT-1","2","Bax",0
"AACCAATTCGTTAGCA-1","13","Bax",0
"AACCACGCAACCAGTG-1","4","Bax",0
"AACCACGCACAGCAAT-1","0","Bax",0
"AACCAGCTCCGCCTAC-1","7","Bax",0
"AACCAGGAGGTATCTG-1","1","Bax",0
"AACCCAGCATAAGGAG-1","7","Bax",0.450907224712446
"AACCCTGGTAGCTCAT-1","9","Bax",0
"AACCCTGGTTGTGCTG-1","5","Bax",0
"AACCGAAGTATGTAGG-1","8","Bax",0
"AACCGAAGTGAGCCGA-1","9","Bax",0
"AACCGATCAGTTGACG-1","11","Bax",0
"AACCGGGGTAAGGGTC-1","1","Bax",0
"AACCTCAAGCCACGCA-1","8","Bax",0
"AACCTCAAGCTAACTG-1","0","Bax",0
"AACCTTAGTCTGTGTG-1","11","Bax",0
"AACCTTAGTGATTCCG-1","6","Bax",0
"AACCTTGAGAAGCCAG-1","8","Bax",1.7022571258035
"AACCTTGAGGCAACGA-1","3","Bax",0
"AACCTTGAGGCGTCCA-1","13","Bax",0
"AACCTTGAGTCATGCA-1","4","Bax",0
"AACGAACAGGTTCGAC-1","16","Bax",0
"AACGAACAGTAGAGAC-1","1","Bax",0
"AACGAATGTCAACTGT-1","8","Bax",0
"AACGAATGTGAGAGGA-1","13","Bax",0.701193171895485
"AACGAATGTGAGCCAG-1","0","Bax",0
"AACGACTCAACGTGAT-1","0","Bax",0
"AACGATCCAAGTAGAG-1","3","Bax",0
"AACGATCCAGGGCCAT-1","3","Bax",0.756635353872196
"AACGATCCATCCGTAC-1","5","Bax",0
"AACGATGGTTAACTGC-1","15","Bax",0
"AACGATTTCATGCCAA-1","0","Bax",0
"AACGATTTCGACTTGA-1","11","Bax",0.506254459012938
"AACGCAAGTAGCTCCA-1","0","Bax",0
"AACGCCACACATTAAG-1","11","Bax",0
"AACGCCCGTAGGTCAA-1","8","Bax",0
"AACGCGCCAAATGCCG-1","10","Bax",0
"AACGCTATCATGAACT-1","8","Bax",1.48666297180747
"AACGCTATCTAGTTCC-1","14","Bax",0
"AACGCTCAGCTACGGT-1","4","Bax",0
"AACGCTCAGGTGCGTT-1","3","Bax",0
"AACGCTTGTAACGCAA-1","3","Bax",0
"AACGCTTGTTATGGAG-1","1","Bax",0
"AACGCTTGTTTCGGCA-1","0","Bax",0
"AACGCTTGTTTGACAC-1","2","Bax",0
"AACGGATAGCATGAGG-1","14","Bax",0
"AACGGCAAGATAGCCC-1","7","Bax",0
"AACGGCAAGGATAGCG-1","13","Bax",0
"AACGGCAAGGGTGAAT-1","1","Bax",0
"AACGGGGCACATTAGA-1","1","Bax",0
"AACGGGGCAGCAGGAG-1","0","Bax",0
"AACGGTAGTAGCCTTG-1","3","Bax",0
"AACGGTGAGGTTGGAG-1","5","Bax",0
"AACGTAAAGCAATCGC-1","6","Bax",0
"AACGTAAAGCGATGCT-1","1","Bax",0
"AACGTAAAGTTAGACT-1","5","Bax",0
"AACGTAGGTGGACCCT-1","8","Bax",0
"AACTAGAAGAAGGACT-1","7","Bax",0
"AACTCAACAATCAGTA-1","0","Bax",0
"AACTGAAAGGATAGGT-1","14","Bax",0
"AACTGACCACTAAGCG-1","5","Bax",0
"AACTGAGGTAAGCACA-1","3","Bax",0
"AACTGAGGTAAGGTAT-1","15","Bax",0
"AACTGAGGTTCGTTCC-1","5","Bax",0
"AACTGCATCACCTACT-1","10","Bax",0
"AACTGCATCCCCATCA-1","10","Bax",0
"AACTGCATCGTGAGAG-1","0","Bax",0
"AACTGGTCAGCCTACT-1","3","Bax",0
"AACTTCCTCATGACTG-1","0","Bax",0
"AACTTCCTCCATCGTT-1","11","Bax",0
"AACTTGGTCATGCGCG-1","4","Bax",0
"AACTTTGGTGCATCTG-1","16","Bax",0
"AACTTTGGTTCGGGCT-1","8","Bax",0
"AACTTTGGTTCGGTAT-1","4","Bax",0
"AAGCAAATCACTATGG-1","7","Bax",0
"AAGCAACAGGCACTAC-1","6","Bax",0
"AAGCAATGTGGAAGCT-1","6","Bax",0
"AAGCACCTCACAGGCT-1","9","Bax",0
"AAGCCAAGTAACTCCG-1","1","Bax",0
"AAGCCAAGTTCGGCTA-1","9","Bax",0
"AAGCCATCATTCAACT-1","13","Bax",0
"AAGCCCCGTCTTGAAC-1","10","Bax",0
"AAGCCGCCAAGCCTAG-1","5","Bax",0
"AAGCCGCCATCCTTGA-1","3","Bax",0.567154303556804
"AAGCCGGGTCAATCGT-1","4","Bax",0
"AAGCCTATCATGGCGT-1","8","Bax",0
"AAGCCTATCGCTGACG-1","6","Bax",0
"AAGCGATAGGTATCCA-1","15","Bax",0
"AAGCGGATCGCTCAGG-1","9","Bax",0
"AAGCGGGCAAGCATGT-1","14","Bax",0
"AAGCTAAAGCATTCAG-1","2","Bax",0
"AAGCTAAAGCTTAACG-1","11","Bax",0
"AAGCTAAAGGATGTCC-1","0","Bax",0
"AAGCTAAAGTATGTGT-1","2","Bax",0
"AAGCTAGGTAACTGCT-1","10","Bax",0
"AAGCTAGGTTATCGGT-1","6","Bax",0
"AAGCTCTGTAGCAGCG-1","0","Bax",0
"AAGCTCTGTGATCAAG-1","2","Bax",0
"AAGCTCTGTTTAATCG-1","9","Bax",0
"AAGGACTAGTAATTGC-1","1","Bax",0.666735081020168
"AAGGATGCACTAGGCA-1","2","Bax",0
"AAGGCAACAAATGCGT-1","2","Bax",0
"AAGGCAACACAGGGTC-1","2","Bax",0
"AAGGCTAGTATGGGTA-1","3","Bax",0
"AAGGCTAGTGGCGTCT-1","8","Bax",0
"AAGGCTAGTTTCCGTC-1","10","Bax",0
"AAGGGCATCGTGAATT-1","9","Bax",0
"AAGGGGTCAAATCATG-1","1","Bax",0
"AAGGGGTCAATCAGCG-1","1","Bax",0.674247985646443
"AAGGGTTAGTTGCTCT-1","4","Bax",0
"AAGGTAATCAGGCATC-1","12","Bax",0
"AAGGTAATCTCACATC-1","0","Bax",0
"AAGGTATGTAAGCGAC-1","15","Bax",0
"AAGGTATGTGCAGTAA-1","7","Bax",0.479666871845333
"AAGGTTGGTTAACCAC-1","4","Bax",0
"AAGGTTGGTTAGACCT-1","1","Bax",0
"AAGGTTGGTTTAATCG-1","3","Bax",0
"AAGTAACGTATGTGGA-1","6","Bax",0
"AAGTAAGTCTAAGCCA-1","0","Bax",0
"AAGTACCCAAGGGATA-1","9","Bax",0
"AAGTACCCAGCCTACT-1","4","Bax",0
"AAGTACGGTGATTACC-1","2","Bax",0
"AAGTATGAGCGAACTC-1","15","Bax",0
"AAGTCAAAGTCAAGGG-1","11","Bax",0
"AAGTCACCAATCAATG-1","4","Bax",0
"AAGTCAGGTAAGGGTC-1","14","Bax",0
"AAGTCAGGTCATGTGT-1","0","Bax",0
"AAGTCAGGTTGCCCTT-1","1","Bax",0
"AAGTCCATCCGCCTAC-1","10","Bax",0
"AAGTGCCTCCCAGTAA-1","3","Bax",0
"AAGTGGACACCAGCTT-1","7","Bax",0
"AAGTGGGTCATCTGGA-1","0","Bax",0
"AAGTTGAAGATAGGTA-1","6","Bax",0
"AAGTTGAAGGCTTGGT-1","1","Bax",0
"AAGTTGAAGTCGCTAA-1","2","Bax",0
"AAGTTTCAGTGAACGG-1","2","Bax",0
"AAGTTTGCAAACCCAG-1","5","Bax",0
"AAGTTTGCAACATTGA-1","3","Bax",0
"AAGTTTGCAAGTATCA-1","4","Bax",0
"AATACGAAGATTAGGA-1","4","Bax",0
"AATACGCCAGGCAGAG-1","6","Bax",0
"AATATGCTCCCATACT-1","12","Bax",0
"AATATGGAGATAGCAA-1","8","Bax",0
"AATATGGAGCTAATGT-1","9","Bax",0
"AATATGGAGGTTGCGT-1","6","Bax",0
"AATCAGCCACAATGGT-1","8","Bax",0
"AATCATCAGGGTTGGA-1","6","Bax",0
"AATCCATAGGAGGCGT-1","3","Bax",0
"AATCCATAGGAGTAAC-1","5","Bax",0
"AATCGCGCATTGGGCA-1","11","Bax",0
"AATCGTTAGGAGGTCA-1","5","Bax",0
"AATCGTTAGGCTAGAG-1","12","Bax",0
"AATCTAGCAGGTAGCC-1","1","Bax",0
"AATCTAGCATAACGCG-1","10","Bax",0
"AATCTAGCATCACGAG-1","6","Bax",0
"AATCTCCTCACTTGGA-1","4","Bax",0
"AATCTCCTCGTGCGAT-1","1","Bax",0
"AATGACCCAAATCCGG-1","13","Bax",0
"AATGACTTCATATCGG-1","0","Bax",0
"AATGCCTGTGAACGCG-1","2","Bax",0
"AATGCGAGTGGCTACC-1","2","Bax",0
"AATGCGAGTTGGAGCG-1","6","Bax",0
"AATGCGAGTTTAGCGT-1","1","Bax",0
"AATGGATGTTACACTA-1","3","Bax",0
"AATGGATGTTAGCATC-1","13","Bax",0.409641604579891
"AATGGCGAGAATCCAT-1","7","Bax",0
"AATGGCTCATAGGCCA-1","2","Bax",0
"AATGGGGTCAGCCCGA-1","0","Bax",0
"AATGGGGTCGATGCTA-1","10","Bax",0
"AATGGGTAGCTACTCT-1","4","Bax",0
"AATGTCCGTGGCTGAG-1","5","Bax",0
"AATGTCCGTTCGAATC-1","9","Bax",0.896049556929359
"AATGTGAAGCATAGCC-1","2","Bax",0
"AATGTGAAGTAGCCCG-1","2","Bax",0
"AATGTTGCAAGCCATG-1","15","Bax",0
"AATGTTGCATAACGCG-1","9","Bax",0
"AATGTTGCATGGTTCC-1","2","Bax",0
"AATTACGCAACGTTCC-1","6","Bax",0
"AATTACGCAAGTCCAG-1","7","Bax",0
"AATTACGCAGTTGACG-1","3","Bax",0
"AATTCAGCACAGCGAC-1","7","Bax",0
"AATTCAGCACCATGTC-1","13","Bax",0
"AATTCAGCAGGCTTAG-1","2","Bax",0
"AATTCAGCAGGGACAG-1","1","Bax",0.642498766038455
"AATTCAGCAGTTGAGT-1","12","Bax",0
"AATTCCTCAAAGGTCT-1","15","Bax",0
"AATTGGTTCCATGCAA-1","15","Bax",0.55270793706534
"AATTGGTTCCGCAGTG-1","7","Bax",0
"ACAACAGGTTAGCTTA-1","5","Bax",0
"ACAACATTCAGCTATG-1","5","Bax",0
"ACAACATTCCCAGATA-1","14","Bax",0
"ACAACCGCAAATGCGT-1","2","Bax",0
"ACAACCGCAAGCGTTG-1","12","Bax",0
"ACAACCGCATTACCAT-1","14","Bax",0
"ACAACCGCATTCGCGT-1","1","Bax",0
"ACAACCTGTAGCTGGG-1","1","Bax",0
"ACAAGCCTCGAATCCA-1","11","Bax",0
"ACAAGCGAGCAGGGTA-1","5","Bax",0
"ACAAGCGAGTCGCTCC-1","1","Bax",0
"ACAAGCGAGTGAATCT-1","1","Bax",0
"ACAAGCTCAAGCTCTC-1","9","Bax",0.674484119428019
"ACAAGCTCAGGTATGT-1","12","Bax",0
"ACAAGCTCATCCCATA-1","8","Bax",0
"ACAAGGCGTTATCTCT-1","8","Bax",0
"ACAAGGTAGCTAATCG-1","3","Bax",0.664391282015688
"ACAAGTAAGGTAGACG-1","9","Bax",0
"ACAATCACACTCATCA-1","16","Bax",0
"ACAATCCGTGGACCTC-1","0","Bax",0
"ACAATGAAGGTCAATT-1","11","Bax",0
"ACAATGAAGTGATGAA-1","2","Bax",0
"ACAATGGGTAAGCGGT-1","7","Bax",0
"ACAATGGGTTTGACCG-1","1","Bax",0
"ACAATTCAGCAACCGT-1","3","Bax",0
"ACAATTCAGGTTCCTT-1","7","Bax",0
"ACACAAGGTAGGTATG-1","0","Bax",0
"ACACAAGGTAGTGCGG-1","6","Bax",0
"ACACACGCAATCCGCT-1","7","Bax",0
"ACACACGCACTTGGTC-1","1","Bax",0
"ACACACGCATGACGAT-1","4","Bax",0
"ACACAGTCACCAGGGT-1","8","Bax",0
"ACACCAATCAGTTGAT-1","9","Bax",0
"ACACCCAGTTCACTAA-1","5","Bax",0
"ACACCCTCAATCTGCC-1","2","Bax",0
"ACACGAAGTTTCGCTC-1","15","Bax",0
"ACACGATCAAGCCTGA-1","0","Bax",0.580867012075678
"ACACGGGGTCATGTCG-1","3","Bax",0
"ACACGGTTCAGCTCAA-1","6","Bax",0
"ACACGGTTCATGTCGA-1","10","Bax",2.2072425502065
"ACACGTTGTTGACCGC-1","0","Bax",0.509071796785828
"ACACTAGTCAGGAACG-1","4","Bax",0
"ACACTGATCACGCCGA-1","3","Bax",0
"ACAGAACAGGTTCCAA-1","4","Bax",0
"ACAGAACAGTGATCCA-1","6","Bax",0
"ACAGAATGTATTGCAC-1","0","Bax",0
"ACAGAATGTTCGGTTG-1","12","Bax",0
"ACAGACTCATCCGCAT-1","13","Bax",0.545535091027258
"ACAGACTCATCGACTC-1","5","Bax",0
"ACAGATGGTCAACTTA-1","11","Bax",0
"ACAGATGGTGGACTAA-1","0","Bax",0
"ACAGCAAGTTTACTGA-1","9","Bax",0
"ACAGCCACAGTTAGCG-1","1","Bax",0
"ACAGCGAAGGTTAGGG-1","8","Bax",0
"ACAGCTATCAATGTCG-1","6","Bax",0
"ACAGCTCAGTAAGGTA-1","7","Bax",0
"ACAGCTTGTTGGCGTC-1","2","Bax",0
"ACAGGAACATGTCGTC-1","3","Bax",0
"ACAGGATAGATAGACA-1","4","Bax",0
"ACAGGATAGGGCTCAT-1","9","Bax",0
"ACAGGATAGTCAAGCC-1","4","Bax",0
"ACAGGATAGTCTAGCA-1","2","Bax",0
"ACAGGCGGTGCGATCC-1","10","Bax",0
"ACAGGCTTCCTCGTGC-1","7","Bax",0
"ACAGGCTTCGATAGCC-1","3","Bax",0
"ACAGGGATCATGTCCT-1","0","Bax",0
"ACAGGGGCATCACGAG-1","10","Bax",0
"ACAGGTAGTTGTGACT-1","5","Bax",0
"ACAGGTGAGTGGCTTA-1","2","Bax",0
"ACAGGTTCAAATCCTT-1","1","Bax",0
"ACAGGTTCAACATCAA-1","8","Bax",0
"ACAGTTACATCACATT-1","1","Bax",0
"ACAGTTGTCTTGATCC-1","1","Bax",0
"ACAGTTTAGGCTATAT-1","4","Bax",0
"ACATAGAAGCCGCAAT-1","9","Bax",0
"ACATAGAAGCGACTTA-1","6","Bax",0
"ACATAGAAGGTAGATA-1","9","Bax",0
"ACATAGCCACCTCAGT-1","3","Bax",0
"ACATAGCCAGGGATGG-1","4","Bax",0
"ACATATCAGGAATGCG-1","0","Bax",0
"ACATATCAGGCTCCAG-1","0","Bax",0.703918547785037
"ACATATCAGTAAGCAA-1","0","Bax",0
"ACATATCAGTTAGCCA-1","1","Bax",0
"ACATCCCCAACCAGAT-1","0","Bax",0.863704098722563
"ACATCCCCAACGTTAA-1","0","Bax",0
"ACATCCCCAGGCAGTC-1","2","Bax",0
"ACATCCCCAGTTAGGT-1","0","Bax",0
"ACATCCGGTGATGATG-1","4","Bax",0
"ACATCCGGTTGTGCAT-1","2","Bax",0
"ACATCCTTCAAGTCCA-1","9","Bax",0
"ACATGAGGTATGTGAG-1","3","Bax",0
"ACATGAGGTGAGCCGA-1","2","Bax",0
"ACATGCATCGCTCTCA-1","4","Bax",0
"ACATGCATCTTGATCC-1","11","Bax",0
"ACATGCCAGGAATGGT-1","3","Bax",0
"ACATGGCTCATCTGTC-1","3","Bax",0
"ACATGGCTCCATGACA-1","4","Bax",0
"ACATGGCTCCGCATGG-1","13","Bax",0
"ACATGGCTCCTGTACT-1","5","Bax",0
"ACATGGTCAGCTACTC-1","6","Bax",0
"ACATGTTAGGCGTCAT-1","8","Bax",0
"ACATTCAGTTCCTCGT-1","6","Bax",0
"ACATTCCTCCGTATAG-1","10","Bax",0
"ACCAAACCAAGTCGTG-1","16","Bax",1.34865824465361
"ACCAAACCAATTAGTG-1","5","Bax",0
"ACCAAACCACAACGAT-1","1","Bax",0.425652251377503
"ACCAAACCACTTACAT-1","10","Bax",0
"ACCAAAGGTAATTCGC-1","9","Bax",0
"ACCAAATTCAAGTGCC-1","7","Bax",0
"ACCAACATCCGCGTAG-1","4","Bax",0
"ACCAAGCTCTCACCAT-1","11","Bax",0
"ACCAAGTCAAAGGTAG-1","0","Bax",0
"ACCAAGTCAGGCAGTC-1","13","Bax",0
"ACCAATGTCCTGCTGC-1","9","Bax",0
"ACCAATGTCGCTATGA-1","7","Bax",0
"ACCAATGTCGTAATGT-1","14","Bax",0
"ACCAATTAGAAGGAGA-1","6","Bax",0
"ACCACACAGAAGGTTA-1","0","Bax",0
"ACCACACAGCCGATGT-1","10","Bax",0
"ACCACCTCAACTGTGG-1","1","Bax",0
"ACCACCTCAAGCGTGC-1","2","Bax",0
"ACCACGTAGCGGTTAC-1","3","Bax",0
"ACCACTAAGCGAAGTG-1","3","Bax",0.823708634602901
"ACCACTAAGTAGCCAC-1","9","Bax",0
"ACCATAACAACATCGG-1","7","Bax",0
"ACCATAGTCCATCGCC-1","13","Bax",0.533489246411862
"ACCATATAGCATGTGC-1","3","Bax",0
"ACCATCAAGATTACCG-1","1","Bax",0.752457294714553
"ACCATCCCACCACACT-1","3","Bax",0
"ACCATTTCATGGTGTG-1","12","Bax",0
"ACCCAAATCATGGATT-1","10","Bax",0
"ACCCAAATCCTCAGTT-1","7","Bax",0
"ACCCAACAGTGATACT-1","0","Bax",0
"ACCCAATGTAAGGACC-1","2","Bax",0
"ACCCAATGTATGTGAG-1","6","Bax",0
"ACCCAGTAGCTACGCG-1","14","Bax",0
"ACCCATCCACAATCAA-1","6","Bax",0
"ACCCATCCAGCATGAT-1","2","Bax",0
"ACCCATGGTAGCTTAC-1","7","Bax",0
"ACCCATGGTTCGAATC-1","5","Bax",0
"ACCCCAAGTCTGTGGC-1","10","Bax",0
"ACCCCATCATAAGCGT-1","11","Bax",0
"ACCCCGAAGGCGCTCA-1","0","Bax",0
"ACCCCTGCAGCCTAGA-1","1","Bax",0
"ACCCCTGCATCCATCA-1","1","Bax",0.8403117569208
"ACCCCTTGTCTTGGTG-1","0","Bax",0
"ACCCCTTGTTGGCGCT-1","1","Bax",0
"ACCCGAACAAATGCGT-1","5","Bax",0
"ACCCGAACAAGTCGAT-1","4","Bax",0
"ACCCGAACAGGTTGGC-1","8","Bax",0
"ACCCGAACAGTAAGGA-1","14","Bax",0
"ACCCGATAGCGATCCG-1","4","Bax",0
"ACCCGCTTCATCACCT-1","8","Bax",0
"ACCCGCTTCCACCGTC-1","4","Bax",0
"ACCCGTTCACGCCATT-1","4","Bax",0
"ACCCGTTCATTAGCCC-1","2","Bax",0.471667103580151
"ACCCTATTCCTCACCA-1","14","Bax",0
"ACCCTCGCAACCCGAA-1","2","Bax",0
"ACCCTCGCACAGCAAT-1","9","Bax",0
"ACCCTCGCATAGAGAG-1","15","Bax",0
"ACCCTGCTCCCGCTAC-1","13","Bax",0
"ACCCTTTAGCTATGGC-1","14","Bax",0
"ACCCTTTAGGCGAGTA-1","6","Bax",0.62643478343041
"ACCGAAAGTCAAGCAA-1","16","Bax",0
"ACCGAAAGTGAGTAGC-1","9","Bax",0
"ACCGAAAGTGATCCAT-1","6","Bax",0
"ACCGAGGGTGAGTTGA-1","3","Bax",0
"ACCGATGCACCTAACC-1","4","Bax",0
"ACCGATGCACTTACCA-1","4","Bax",0
"ACCGATTGTAACGGGT-1","1","Bax",0
"ACCGGATTCAGGGACA-1","0","Bax",0
"ACCGGCTGTGATGGGT-1","2","Bax",0
"ACCGGCTGTTTGGGTT-1","5","Bax",0
"ACCGGTTAGCAAGCTC-1","3","Bax",0
"ACCGTTGGTGGCGAAT-1","12","Bax",0
"ACCTAACGTCTGGTGC-1","2","Bax",0
"ACCTAACGTTAGACAG-1","3","Bax",0
"ACCTAACGTTTGCGTG-1","5","Bax",0
"ACCTAAGTCACACACA-1","4","Bax",0
"ACCTAAGTCGACTGAC-1","14","Bax",0
"ACCTACCCAAATTCAG-1","8","Bax",0
"ACCTACCCAGTTAGCG-1","0","Bax",0
"ACCTACTTCACTCCAT-1","7","Bax",0
"ACCTATGAGCATGTAT-1","4","Bax",0
"ACCTATGAGGGTTAGG-1","1","Bax",0
"ACCTCCATCTATGAGT-1","9","Bax",0
"ACCTCCGCAACTGGTG-1","3","Bax",0
"ACCTCCGCAGCTAGAT-1","2","Bax",0
"ACCTCTTAGCCGACAT-1","1","Bax",0.706822258450216
"ACCTCTTAGCTATCCT-1","1","Bax",0
"ACCTCTTAGGAACCGA-1","1","Bax",0
"ACCTCTTAGGATTGGG-1","4","Bax",0
"ACCTGATGTGAAGCTA-1","3","Bax",0
"ACCTGCCTCAGCCAAC-1","5","Bax",0.826517891895458
"ACCTGCCTCCACCTTG-1","4","Bax",0
"ACCTGGACATGGAACT-1","5","Bax",0
"ACCTGTCCAAATTCGA-1","3","Bax",0
"ACCTGTCCACATGACG-1","13","Bax",0
"ACCTTAAGTGCAAGTA-1","15","Bax",1.44071782555534
"ACGAACCTCTCATCAC-1","2","Bax",0
"ACGAAGGTCACGCGAT-1","3","Bax",0
"ACGAATCCACCTTAAT-1","14","Bax",0
"ACGAATGGTAACGTCT-1","0","Bax",0.83573399959453
"ACGACGAAGATTAGAG-1","1","Bax",0
"ACGAGCAAGTCAGTTG-1","0","Bax",0
"ACGAGCAAGTTGGTAT-1","12","Bax",0
"ACGAGTAGTAAGTTGG-1","1","Bax",0
"ACGAGTAGTCAGGAGT-1","6","Bax",0
"ACGAGTAGTCCATCGA-1","3","Bax",0.825795641795087
"ACGAGTGAGGAGGCTA-1","8","Bax",0
"ACGATATTCACTGGGT-1","0","Bax",0
"ACGATATTCTGGATAT-1","4","Bax",0
"ACGATGGAGCTAGGGA-1","5","Bax",0
"ACGATGGAGCTGGTTA-1","2","Bax",0
"ACGATTGTCAGGAGCA-1","3","Bax",0
"ACGATTGTCCGGTTGG-1","1","Bax",0
"ACGCAATCAAGTCGTG-1","3","Bax",0.545169266903824
"ACGCAATCAATCAGTA-1","5","Bax",0
"ACGCAGCCACTCGGAA-1","4","Bax",0
"ACGCAGCCATAGAGCT-1","2","Bax",0
"ACGCAGCCATAGATTG-1","10","Bax",0
"ACGCATATCGTGAGTC-1","6","Bax",0
"ACGCCAACAGGAATCT-1","1","Bax",0.415336249655858
"ACGCCAACAGGATGCC-1","5","Bax",0
"ACGCCATAGCTAAGGG-1","3","Bax",0
"ACGCCATAGTCAAGCC-1","13","Bax",0
"ACGCGAAAGCCAGCCA-1","15","Bax",0
"ACGCGATTCACAGCAC-1","9","Bax",2.21447567900599
"ACGCGATTCCGCATGG-1","0","Bax",0
"ACGCGCATCGCTTGAA-1","3","Bax",0.694901786850427
"ACGCGCATCGTGCCCT-1","11","Bax",0.797488511660212
"ACGCTAATCGACATAT-1","4","Bax",0
"ACGCTATGTCAGGGCA-1","0","Bax",0
"ACGGACAAGGGTCAAG-1","9","Bax",0
"ACGGACAAGGTCATAT-1","2","Bax",0
"ACGGACAAGTCAGTAT-1","6","Bax",0
"ACGGACCCAAATGGAG-1","1","Bax",0
"ACGGACCCAACGGTCA-1","2","Bax",0
"ACGGACCCAATCCTGC-1","13","Bax",0.476082675322118
"ACGGATTCAATCGGCA-1","5","Bax",0
"ACGGATTCATTAGTAG-1","4","Bax",0
"ACGGCAAAGGGGATCA-1","1","Bax",0
"ACGGCAAAGGTAGTCC-1","13","Bax",0
"ACGGCCATCTATGCCT-1","6","Bax",0
"ACGGCTTAGGTGAGCA-1","11","Bax",0
"ACGGGCTCAAATCGCG-1","5","Bax",0
"ACGGGCTCAGGACATT-1","5","Bax",0
"ACGGGCTCATAGGCGC-1","4","Bax",0
"ACGGGCTCATGCTCCG-1","6","Bax",0
"ACGGGCTCATGGTACG-1","1","Bax",0
"ACGGGGACACATTCGC-1","4","Bax",0
"ACGGGGACACCTATAT-1","5","Bax",0.649279063672526
"ACGGGGACACTATGGG-1","1","Bax",0
"ACGGGGTAGTCATCTC-1","0","Bax",0
"ACGGGTAAGAAGGGCC-1","5","Bax",1.05903739714841
"ACGGGTAAGTAAGGTA-1","15","Bax",0
"ACGGGTAAGTAGGAGT-1","1","Bax",0
"ACGGTCACACCATACC-1","3","Bax",0
"ACGGTCACATGCGTAG-1","0","Bax",0
"ACGGTGAAGTAGCCAC-1","1","Bax",0
"ACGGTGAAGTGATACT-1","15","Bax",0
"ACGGTTATCGATTGCA-1","3","Bax",0
"ACGGTTGCATAATTCC-1","1","Bax",0
"ACGTAAGGTAGGTCGG-1","0","Bax",0
"ACGTATTAGCTAAGGG-1","8","Bax",0
"ACGTATTAGTAAGTGA-1","11","Bax",0
"ACGTCAATCATGCCGG-1","9","Bax",0
"ACGTCAATCCGTAGCG-1","5","Bax",0.728589662258604
"ACGTCACAGCTATGCA-1","10","Bax",0
"ACGTCCTCAAACTGAC-1","1","Bax",0
"ACGTCCTCAGCCAGGT-1","3","Bax",0
"ACGTCTAAGATAGTGA-1","15","Bax",0
"ACGTCTAAGGGCTATC-1","3","Bax",0
"ACGTCTAAGTCAGTTG-1","0","Bax",0
"ACGTGAGAGCTAGGCT-1","3","Bax",0
"ACGTGAGAGTCGACAC-1","6","Bax",0
"ACGTGGTTCCTTAGTC-1","10","Bax",0
"ACGTGTTGTAATGGCA-1","11","Bax",0
"ACGTGTTGTCTGGCAC-1","0","Bax",0
"ACGTTAACAATCTCAT-1","6","Bax",0
"ACGTTAGTCGTAACCA-1","1","Bax",0
"ACGTTCAAGCAACTGC-1","11","Bax",0
"ACGTTTGAGCATGAGG-1","14","Bax",0
"ACGTTTGAGGTTCCAA-1","8","Bax",0
"ACTAACTAGTATGACT-1","7","Bax",0
"ACTAAGCCACCAACTC-1","1","Bax",0
"ACTAAGCCAGGTTCGA-1","7","Bax",0.463059669896409
"ACTAAGGGTTGTCTGG-1","3","Bax",0.748914344793262
"ACTAAGGGTTGTGGAA-1","13","Bax",0
"ACTACAACAACTATCT-1","10","Bax",0
"ACTACCCCAACCCGAA-1","1","Bax",0.414463123827725
"ACTACCCCAGTAATTG-1","2","Bax",0
"ACTACCTTCACAGGAG-1","4","Bax",0
"ACTACTTCATAAGCAC-1","6","Bax",0
"ACTATCAGTAATCGGA-1","2","Bax",0
"ACTATCAGTTCACGCA-1","1","Bax",0.553178360995214
"ACTATCAGTTCGCATG-1","11","Bax",0
"ACTATGGTCCGGACAT-1","4","Bax",0
"ACTATGGTCCGTTACT-1","0","Bax",0
"ACTATTGGTAGCGGAT-1","7","Bax",0
"ACTCACAAGTGTCATG-1","6","Bax",0
"ACTCACCCATAGAGCT-1","5","Bax",0
"ACTCAGGCAATTAGGC-1","3","Bax",0
"ACTCATTCAAGTTAGC-1","9","Bax",0
"ACTCATTCAGCCATAG-1","1","Bax",0
"ACTCCAAAGCAGGCTT-1","11","Bax",0
"ACTCCACCAGGCAGCT-1","1","Bax",0.527725182377649
"ACTCCCATCACTCGTT-1","3","Bax",0
"ACTCCCATCAGGTCCG-1","7","Bax",0.662838214552345
"ACTCCCGCAGGCTATG-1","7","Bax",0
"ACTCCCTGTTGCACGC-1","4","Bax",0
"ACTCCCTGTTTGCCAG-1","3","Bax",0
"ACTCCTTAGCCTAAGC-1","0","Bax",0
"ACTCCTTAGTACGCTA-1","7","Bax",0
"ACTCGAATCCAGCGAT-1","4","Bax",0
"ACTCGATGTGAGGATC-1","4","Bax",0
"ACTCGCCTCCTGCGAG-1","7","Bax",0
"ACTCTCACAAGGGTAA-1","15","Bax",0
"ACTCTCACAGTTAGCG-1","3","Bax",0
"ACTCTGTTCAGCACGT-1","2","Bax",0
"ACTCTGTTCGCTCGCT-1","12","Bax",0
"ACTCTTGCAACATTAG-1","1","Bax",0
"ACTGAGGAGAAGCGCA-1","7","Bax",0
"ACTGATTAGTTAGCTG-1","1","Bax",0.800179706970087
"ACTGCATGTAACCCAT-1","11","Bax",0
"ACTGCATGTTTCGGCA-1","4","Bax",0
"ACTGCCTCAAGCTGAT-1","1","Bax",0
"ACTGCTAAGCAAGGCA-1","7","Bax",0
"ACTGCTAAGCTTCCTG-1","3","Bax",0
"ACTGCTGGTCTAGTGT-1","4","Bax",0
"ACTGGTTGTCAAGGCG-1","3","Bax",0
"ACTGGTTGTGCATCCA-1","5","Bax",0
"ACTGGTTGTTTCCATT-1","5","Bax",0
"ACTGGTTGTTTCCTGC-1","5","Bax",0
"ACTGTCAAGCTTACGA-1","7","Bax",0
"ACTGTGATCCACCGGA-1","4","Bax",0
"ACTGTGATCTGTCTAC-1","3","Bax",0
"ACTGTTAGTTACACTA-1","10","Bax",0
"ACTTAACAGATAGCCC-1","1","Bax",0.708492750234606
"ACTTAACAGGCGTCAT-1","5","Bax",0
"ACTTACTCAACCGTGA-1","4","Bax",0
"ACTTAGGTCCTGTCTG-1","12","Bax",0
"ACTTCTATCCGTAGAC-1","13","Bax",0
"ACTTCTATCGATTGGC-1","3","Bax",0
"ACTTGAGTCGCTATCT-1","7","Bax",0
"ACTTGGATCATCAAGT-1","8","Bax",0
"ACTTGGATCATGCGAC-1","2","Bax",0
"ACTTTAGGTTAGCATC-1","11","Bax",0
"ACTTTAGGTTTCAGCG-1","8","Bax",0
"ACTTTCGCACCTCAGT-1","12","Bax",0
"ACTTTGCTCACGCCAG-1","10","Bax",0
"ACTTTGCTCATGAGTT-1","10","Bax",0
"ACTTTGCTCTATGAAC-1","2","Bax",0
"ACTTTGGAGCGATGTC-1","1","Bax",0
"AGAAGGGGTGCATTAC-1","13","Bax",0
"AGAAGGTTCAATTGCG-1","6","Bax",0
"AGAAGTCAGCCAATCA-1","11","Bax",0
"AGAAGTCAGCCTGGAT-1","11","Bax",0
"AGAAGTTGTGAGACGT-1","0","Bax",0
"AGAATTGAGATAGCTT-1","0","Bax",0
"AGAATTGAGCAAGCGA-1","6","Bax",0
"AGAATTGAGGATTGGG-1","2","Bax",0
"AGAATTGAGGTTAGCC-1","2","Bax",0
"AGACAACAGCCTGTAA-1","5","Bax",0
"AGACAGACATGCTCTA-1","1","Bax",0
"AGACATAAGGTCACAC-1","7","Bax",0
"AGACATGGTAATCACC-1","11","Bax",0
"AGACGAACACTTCGAC-1","9","Bax",0
"AGACGATAGTAGCCCG-1","15","Bax",0
"AGACGCAAGCCATGAC-1","8","Bax",0
"AGACGCGGTTGGGCAG-1","2","Bax",0.771024474929959
"AGACGGATCAAGTCGC-1","7","Bax",0
"AGACTCGCAAAGGGTA-1","1","Bax",0
"AGACTGCTCACCTGGG-1","12","Bax",0
"AGACTGCTCATCAAGT-1","6","Bax",0
"AGACTGCTCCCTCAGC-1","8","Bax",0
"AGACTTACAACGGTGC-1","13","Bax",0
"AGACTTACACCTGCTG-1","0","Bax",0
"AGAGAATCAGGATGAA-1","0","Bax",0
"AGAGAATCATCACTAT-1","3","Bax",0
"AGAGACCGTTACACAC-1","9","Bax",0
"AGAGACCGTTTACACA-1","6","Bax",0
"AGAGAGAAGGTACTAT-1","4","Bax",0
"AGAGAGAAGTCAGTTG-1","6","Bax",0
"AGAGAGGGTCAATGCT-1","8","Bax",0
"AGAGATGCAAACCAGT-1","2","Bax",0
"AGAGATGCAATACTGA-1","6","Bax",0
"AGAGATTGTGGCGACA-1","4","Bax",0
"AGAGGAGGTGAACGCG-1","11","Bax",0
"AGAGGAGGTTCCGGTA-1","15","Bax",0
"AGAGGCGCAGGAGCAG-1","14","Bax",0
"AGAGGCTGTGGCGTGA-1","5","Bax",0
"AGAGGCTGTTATCATG-1","8","Bax",0
"AGAGGGTCATCAAGCG-1","5","Bax",0
"AGAGTAATCACGGATC-1","7","Bax",0.739692088845284
"AGAGTAATCGACTATG-1","5","Bax",0
"AGAGTATGTAACGAAT-1","5","Bax",1.00830350856397
"AGAGTATGTTAAGCAG-1","6","Bax",0
"AGAGTCCTCAGCGAGA-1","7","Bax",0
"AGAGTCCTCCTGCTAT-1","2","Bax",0
"AGAGTTGGTGGCCAAG-1","0","Bax",0.787107068321838
"AGAGTTGGTTTGAGAG-1","0","Bax",0
"AGCAAATGTCTTGATA-1","0","Bax",0
"AGCAAATGTTTCGGGC-1","3","Bax",0
"AGCAAGGTCTGGCACG-1","1","Bax",1.27054347247737
"AGCAATCCAAGTTCGG-1","4","Bax",0
"AGCAATCCAGGGCTAC-1","2","Bax",0
"AGCAATTTCGATCGGT-1","10","Bax",0
"AGCACCACATGGTGCA-1","1","Bax",0
"AGCACGTTCGATCCAA-1","1","Bax",1.03270227623126
"AGCACTATCAATCCAG-1","1","Bax",0
"AGCACTATCTGGCTAA-1","1","Bax",0
"AGCATCATCTCATCAC-1","5","Bax",0
"AGCATCGCAACTAAGC-1","1","Bax",0
"AGCATCTGTTAGTCGT-1","0","Bax",0
"AGCATCTGTTGTAACC-1","14","Bax",0.418475100593862
"AGCATGAGTTTCCAGG-1","12","Bax",0
"AGCATGGAGGTACTTG-1","11","Bax",0
"AGCATTGTCACTCATC-1","11","Bax",0
"AGCATTGTCCGTTAAG-1","15","Bax",0
"AGCATTTAGCTAGTTG-1","0","Bax",0
"AGCCAAAGTCAAGCAA-1","8","Bax",0
"AGCCAAAGTGCGGTAG-1","4","Bax",0
"AGCCAATCAATTCATC-1","2","Bax",0
"AGCCAATCACCTTAGC-1","6","Bax",0
"AGCCAATCAGCCTAGA-1","12","Bax",0
"AGCCAATCATTAATCC-1","6","Bax",0
"AGCCACTAGATAGCGG-1","7","Bax",0
"AGCCAGCCACATGATA-1","0","Bax",0
"AGCCAGCCAGCCTATC-1","1","Bax",0
"AGCCAGCCAGGTAGGG-1","7","Bax",0
"AGCCAGCCAGTTGGTG-1","4","Bax",0
"AGCCAGCCATAACGCG-1","14","Bax",0
"AGCCAGCCATGAAGTC-1","4","Bax",0
"AGCCATCAGATAGTCT-1","11","Bax",0
"AGCCATCAGGTCAACC-1","10","Bax",0
"AGCCATTGTAGCGACG-1","9","Bax",0
"AGCCATTGTAGTTGAG-1","16","Bax",0
"AGCCATTGTGGCCATC-1","9","Bax",0
"AGCCCATAGCCGAGTT-1","1","Bax",0
"AGCCCCAAGAAGCTCC-1","12","Bax",0
"AGCCCCTTCACCCTGC-1","7","Bax",0
"AGCCCGATCCAATGAT-1","2","Bax",0
"AGCCCGATCCGGTACG-1","0","Bax",0
"AGCCCTAGTTCACGCA-1","6","Bax",0
"AGCCCTAGTTGCCTCT-1","2","Bax",0
"AGCCGAAAGATTAACC-1","10","Bax",0
"AGCCGAAAGCCGACTG-1","8","Bax",0
"AGCCGATTCAGTGCCG-1","5","Bax",0
"AGCCGATTCGCTCAGG-1","4","Bax",0
"AGCCGTTAGATTAGCT-1","11","Bax",0
"AGCCGTTAGCGCAATC-1","2","Bax",0
"AGCCTCAGTAAGTCAG-1","0","Bax",0
"AGCCTCAGTCTTGAAC-1","0","Bax",0
"AGCCTCAGTTTGAGCT-1","11","Bax",0
"AGCCTCAGTTTGGCGC-1","0","Bax",0
"AGCCTCCTCGACCGTG-1","14","Bax",0
"AGCCTCCTCTAACCAG-1","2","Bax",0
"AGCCTCTCATAAGGAG-1","5","Bax",0
"AGCCTGACAAGCGGTC-1","5","Bax",0.58442873305867
"AGCCTGACACATTCCA-1","10","Bax",0
"AGCCTGACACTCATAT-1","6","Bax",0
"AGCCTGACATGGTCAG-1","5","Bax",0
"AGCCTTGGTATAGACG-1","7","Bax",0
"AGCGACAAGTGACGAG-1","3","Bax",0
"AGCGACCCACTCAACC-1","9","Bax",0
"AGCGACCCAGGATCAT-1","12","Bax",2.09152228469769
"AGCGAGGCATTCCTCT-1","1","Bax",0
"AGCGATAGTAGTAACG-1","16","Bax",0
"AGCGATAGTGCGGACA-1","3","Bax",0
"AGCGATAGTGGGTTAA-1","6","Bax",0
"AGCGATGAGTGCTTAG-1","2","Bax",0
"AGCGATTCAGGTAGCC-1","5","Bax",0
"AGCGCAGGTAAGTCTC-1","6","Bax",0
"AGCGCAGGTTTGGGCC-1","3","Bax",0
"AGCGCCATCACCTGCC-1","1","Bax",0
"AGCGCCTGTAATGCAG-1","0","Bax",0
"AGCGCCTGTGGCCATC-1","1","Bax",0
"AGCGGATGTTAGAGTG-1","2","Bax",0
"AGCGGGACAAACCATA-1","2","Bax",0
"AGCGGGACAAGTCCTC-1","11","Bax",0
"AGCGTCCGTAACCACT-1","14","Bax",0
"AGCGTTGCACTAGGAT-1","9","Bax",0
"AGCGTTGCACTTAACT-1","2","Bax",0
"AGCTAACCAAATGCAC-1","3","Bax",0
"AGCTAAGGTGCAGGCA-1","1","Bax",0
"AGCTAAGGTTCACTAA-1","7","Bax",0
"AGCTACGCAAGCTAAC-1","5","Bax",0
"AGCTACGCATCCCAAC-1","0","Bax",0
"AGCTGAGAGTTAATGC-1","2","Bax",0.512028510839661
"AGCTGGTTCTCACCTG-1","2","Bax",0
"AGCTGTTGTTGAAGGC-1","15","Bax",0
"AGCTTAGTCCTGCTAT-1","2","Bax",0
"AGCTTTAGTTAAGTGG-1","14","Bax",0
"AGCTTTAGTTTACTCT-1","10","Bax",0
"AGCTTTAGTTTGGGTT-1","2","Bax",0
"AGGAACTAGGCGATGA-1","6","Bax",0
"AGGAATGCATCCTGCG-1","6","Bax",0
"AGGAATGCATGCTGCT-1","3","Bax",0
"AGGACAACAAAGGGAC-1","6","Bax",0
"AGGACAACATTCGGAG-1","4","Bax",0
"AGGACATAGCTATACG-1","13","Bax",0.471146452142364
"AGGACCCCAATATGGC-1","0","Bax",0
"AGGACCCCAGCACTAG-1","5","Bax",0
"AGGACCCCATAGGCCA-1","2","Bax",1.0284123854335
"AGGACTAGTTGACTAC-1","5","Bax",0
"AGGCACGGTGCGTACC-1","0","Bax",0
"AGGCACGGTTGTCCGA-1","0","Bax",0
"AGGCAGGCACAGGATT-1","5","Bax",0.826084381789184
"AGGCATAGTGCGTACC-1","10","Bax",0
"AGGCATAGTTCCTTGC-1","3","Bax",0
"AGGCATTCATTGGCGA-1","0","Bax",0
"AGGCCAAAGAACCTGC-1","13","Bax",0
"AGGCCAAAGATACTAC-1","0","Bax",0
"AGGCCAAAGGCGAGGT-1","8","Bax",0
"AGGCCAAAGTGACCCG-1","0","Bax",0
"AGGCCAGGTAGCGATA-1","7","Bax",0
"AGGCCAGGTAGTGATG-1","6","Bax",0
"AGGCCAGGTCTGGTGC-1","13","Bax",0
"AGGCCATTCAGCTGGT-1","5","Bax",0
"AGGCCATTCAGGTCCG-1","6","Bax",0
"AGGCCCATCCCCAATT-1","5","Bax",0
"AGGCGAATCACGCAAC-1","3","Bax",0
"AGGCGTTTCCAGATGC-1","7","Bax",0
"AGGCGTTTCTTGAGGC-1","3","Bax",0
"AGGCTCACAACTACCC-1","8","Bax",0
"AGGCTCACATCACGGA-1","10","Bax",0
"AGGCTCCGTTGACTGT-1","4","Bax",0
"AGGCTTGCAGGCAGGA-1","8","Bax",0
"AGGGAACCAAGTGTGT-1","4","Bax",0
"AGGGAACCAATGCCCT-1","14","Bax",0
"AGGGAACCAGCACGTA-1","3","Bax",0
"AGGGAACCAGCACTGA-1","6","Bax",0.49657667802447
"AGGGAACCATCGCTCG-1","2","Bax",0
"AGGGAAGGTTAACGCT-1","0","Bax",0
"AGGGATTAGGCACATC-1","1","Bax",0
"AGGGCAATCACTCCAT-1","5","Bax",0
"AGGGCAATCATGCACA-1","7","Bax",0
"AGGGCATGTATGGCTT-1","0","Bax",0
"AGGGCATGTCTCAGGC-1","3","Bax",0
"AGGGCATGTCTCCACT-1","8","Bax",0
"AGGGCATGTGGACCTC-1","8","Bax",0
"AGGGCATGTTAGTGTC-1","0","Bax",0
"AGGGCTAAGTCGAGTC-1","0","Bax",0
"AGGGCTAAGTGATAGA-1","8","Bax",0
"AGGGGTTGTCATTACA-1","8","Bax",0
"AGGGGTTGTGACTCGC-1","6","Bax",0
"AGGGGTTGTTCGTCCT-1","5","Bax",0
"AGGGGTTGTTTGCAGT-1","0","Bax",0
"AGGGTCAAGAACCATT-1","4","Bax",0
"AGGGTCAAGAAGCGAT-1","1","Bax",0
"AGGGTCAAGCCAGAGA-1","5","Bax",0.938797493079768
"AGGGTTGAGGCTAGAG-1","2","Bax",0
"AGGTAAATCACCTGAA-1","7","Bax",0
"AGGTATGGTCTAATTG-1","8","Bax",0
"AGGTATGGTCTAGCCA-1","0","Bax",0
"AGGTATGGTTGCTAAC-1","11","Bax",0
"AGGTGATAGGTAGCGA-1","11","Bax",0
"AGGTGATAGTGAGTGG-1","16","Bax",0
"AGGTGCAAGAAGCCAG-1","5","Bax",0
"AGGTGCAAGCCGATAC-1","4","Bax",0
"AGGTGCAAGTCATGGC-1","15","Bax",0
"AGGTGCTTCCAGGTTA-1","1","Bax",0
"AGGTGTGAGGTCGAAG-1","2","Bax",0
"AGGTTAAAGTTGCGGT-1","4","Bax",0
"AGGTTAGGTAGTCCTG-1","1","Bax",0
"AGGTTAGGTTAACTGC-1","7","Bax",0
"AGGTTAGGTTTGAGGA-1","4","Bax",0
"AGGTTCATCACTGTCT-1","10","Bax",0
"AGGTTCGCACTAACCC-1","0","Bax",0
"AGTAACCCAAGCTCTC-1","5","Bax",0
"AGTAACCCAAGTGATC-1","0","Bax",0
"AGTAATGAGTAGTCCA-1","12","Bax",0
"AGTACAGGTGGGTACG-1","7","Bax",0.775169552337231
"AGTACAGGTTTACGCG-1","5","Bax",0
"AGTACCATCCTGAATG-1","4","Bax",0
"AGTACCATCTAGTAAC-1","5","Bax",0
"AGTACCTGTTAAGCGA-1","3","Bax",0
"AGTACGGAGAATCGGG-1","7","Bax",0
"AGTACGGAGGATCCGT-1","7","Bax",0.885040447228446
"AGTATAGAGTAGCCGT-1","3","Bax",0
"AGTATCACACAACCCT-1","1","Bax",0
"AGTATCACATAGAGTC-1","5","Bax",0
"AGTATCACATCATATC-1","2","Bax",0
"AGTATCCGTGATTGAG-1","5","Bax",0
"AGTATCCGTTTGGTGT-1","6","Bax",0
"AGTATGAAGGAATTGA-1","2","Bax",0
"AGTATGGGTGAAGTAT-1","0","Bax",0.947316876819636
"AGTATGGGTTCGCTGA-1","5","Bax",0
"AGTATGGGTTTCGGCA-1","13","Bax",0
"AGTATTCAGCCATGAC-1","1","Bax",0
"AGTATTGCATAGGGCC-1","7","Bax",0
"AGTCAAGGTATAGCAG-1","12","Bax",0
"AGTCAAGGTGAGGCCA-1","5","Bax",0
"AGTCAAGGTGGACCCT-1","3","Bax",0
"AGTCAAGGTTAGGGTA-1","6","Bax",0
"AGTCAGCTCGCTCTCA-1","9","Bax",0
"AGTCAGTCAAGTAGTC-1","0","Bax",0
"AGTCAGTCAGGCAGAG-1","8","Bax",0
"AGTCCAGCATGAAGTC-1","4","Bax",0
"AGTCCCAGTTAGACGA-1","11","Bax",0.718745006135902
"AGTCCCTCATCGAAGT-1","1","Bax",0
"AGTCCTGGTAACCGAA-1","3","Bax",0
"AGTCCTGGTAGGTCGG-1","8","Bax",0
"AGTCGAAGTTGTGAGA-1","3","Bax",0
"AGTCGGGGTCAACCGC-1","14","Bax",0
"AGTCGGTTCCTTCGGC-1","7","Bax",0
"AGTCGTTGTCAGTAGA-1","4","Bax",0
"AGTCTCAAGATTCAGT-1","5","Bax",0
"AGTCTCAAGTAATGTC-1","0","Bax",0
"AGTCTTGAGGCGAAGC-1","12","Bax",0
"AGTGAACAGGCAACTC-1","4","Bax",0
"AGTGAATGTTCGTCAG-1","3","Bax",0
"AGTGACAGTGAGCGAT-1","10","Bax",0
"AGTGAGGTCATGCTTC-1","5","Bax",0
"AGTGAGTAGCGAACTC-1","10","Bax",0
"AGTGATGGTAGTCAAG-1","3","Bax",0
"AGTGATGGTTTGCATA-1","1","Bax",0
"AGTGATTTCCGTGTAA-1","0","Bax",0
"AGTGATTTCCTGGTAA-1","2","Bax",0
"AGTGCATCAGTAAGTC-1","5","Bax",0.835142392768153
"AGTGCGCCAACTAAGC-1","8","Bax",0
"AGTGCGCCATGGCAAT-1","11","Bax",0
"AGTGCGGGTGATTCCG-1","1","Bax",0
"AGTGCGGGTTGCGGCT-1","6","Bax",0
"AGTGCTTGTAATCACC-1","14","Bax",0
"AGTGCTTGTGAGTCCC-1","13","Bax",0
"AGTGGAACACAATGAC-1","14","Bax",1.96923989795969
"AGTGGCTTCACCTGGG-1","1","Bax",0
"AGTGGCTTCAGGCAGA-1","3","Bax",0
"AGTGGCTTCTGGCCTC-1","3","Bax",0
"AGTGGTTCAACCCGAA-1","5","Bax",0
"AGTGGTTCAATCCCGT-1","4","Bax",0
"AGTGGTTCATGAGTGT-1","9","Bax",0
"AGTGGTTCATTGCCCG-1","8","Bax",0
"AGTGTAAAGCCAATGC-1","6","Bax",0
"AGTGTCATCACGTGCG-1","3","Bax",0
"AGTGTCATCACTTGAG-1","8","Bax",0
"AGTGTCATCAGCACCG-1","2","Bax",0
"AGTGTCATCGCGTGAT-1","1","Bax",0
"AGTGTCGCATGGATCG-1","11","Bax",0
"AGTGTGAGTTTAGCGT-1","5","Bax",0
"AGTGTGGAGATAGGCG-1","5","Bax",0
"AGTTAGAAGCGGTCTG-1","1","Bax",0
"AGTTAGAAGTGCGCCA-1","0","Bax",0
"AGTTAGCCAACCCTTA-1","4","Bax",0
"AGTTAGCCAAGGGTCC-1","8","Bax",0
"AGTTAGCCAATGTCGG-1","15","Bax",0
"AGTTGAAAGCATCTCT-1","5","Bax",0
"AGTTGAGGTATTGCCG-1","2","Bax",0
"AGTTGCATCCTGTACT-1","4","Bax",0
"AGTTGGGAGTAGTCTG-1","8","Bax",1.58185860256351
"AGTTGGTCAAGTTCGG-1","4","Bax",0
"AGTTGGTCATCGCTAC-1","8","Bax",0
"AGTTTGGTCACAGGAG-1","15","Bax",0
"AGTTTGGTCAGCCAAC-1","1","Bax",0
"ATAACCACACAACCGA-1","0","Bax",0
"ATAACGAAGTCATGGC-1","8","Bax",0
"ATAACGGGTCCCGATA-1","3","Bax",0
"ATAACGGGTTCCCGAA-1","1","Bax",0
"ATAACGGGTTTACTGA-1","1","Bax",0
"ATAACGTTCAGCAGTC-1","9","Bax",0
"ATAACGTTCCCATTAC-1","8","Bax",0
"ATAACGTTCGCGCATG-1","4","Bax",0
"ATAACGTTCGTTAAGT-1","8","Bax",0
"ATAAGCAAGCAGTTCA-1","0","Bax",0
"ATAAGCAAGCGGCATT-1","10","Bax",0
"ATAAGCTTCAGGGAAT-1","6","Bax",0
"ATAAGGATCACAGCGT-1","6","Bax",0
"ATAAGGATCCGGACAT-1","8","Bax",0
"ATAAGGATCCTCGACC-1","1","Bax",1.08636401227482
"ATAATCGCAAGCCTGA-1","6","Bax",0
"ATAATGCTCAGCGGAA-1","7","Bax",0
"ATAATGCTCCGGTTGG-1","3","Bax",0
"ATAATGCTCCTTAGAG-1","7","Bax",0
"ATACCAACACATACCC-1","3","Bax",0
"ATACCATAGGTGATGG-1","10","Bax",0
"ATACCCTTCTATGGGC-1","4","Bax",0
"ATACGAAAGTTACGCA-1","14","Bax",0
"ATACGGTCAAGCGTAT-1","12","Bax",0
"ATACGGTCAAGCTGAT-1","13","Bax",0.590178861060368
"ATACGGTCAAGCTTCC-1","4","Bax",0
"ATACGTTAGTAGCGTC-1","8","Bax",0
"ATACTGGTCTAACTCC-1","4","Bax",0
"ATACTTGGTTCCTTGC-1","2","Bax",0
"ATACTTGGTTGCCTAG-1","16","Bax",0
"ATACTTGGTTGGGCAG-1","3","Bax",0
"ATACTTGGTTTACGAC-1","6","Bax",0
"ATAGCAAAGGTAGCGA-1","5","Bax",0
"ATAGCACCAAGTGTAC-1","1","Bax",0
"ATAGCACCAATGGGCC-1","8","Bax",0
"ATAGCAGGTCTAAGTC-1","1","Bax",0
"ATAGCCATCAAGTAAG-1","10","Bax",0
"ATAGCCATCCCGCAGA-1","9","Bax",0
"ATAGCCTGTTGCTCGA-1","5","Bax",0
"ATAGCGAGTGACCGAG-1","8","Bax",0
"ATAGCGAGTTAGTTGC-1","4","Bax",0
"ATAGCGCTCATGTGCA-1","6","Bax",0
"ATAGCGCTCCGTAGTA-1","1","Bax",0
"ATAGCGCTCGCATGAC-1","0","Bax",0
"ATAGGATGTGCGAGTG-1","8","Bax",0
"ATAGGATGTTGGCGAG-1","0","Bax",0
"ATAGGCCTCGACTTAG-1","8","Bax",0
"ATAGGCGAGAATCCGC-1","15","Bax",0
"ATAGGCTCAGCACCTT-1","4","Bax",0
"ATAGGCTCAGGATGGG-1","6","Bax",0
"ATAGGCTCAGTAAGTC-1","9","Bax",0
"ATAGGCTCATCCTTGA-1","5","Bax",0.73463280123581
"ATAGGGCGTAAGTCCT-1","6","Bax",0
"ATAGGGCGTCTGGTGC-1","5","Bax",0
"ATAGGGCGTTGCGGTC-1","3","Bax",0
"ATAGGGGTCCGGGTAT-1","1","Bax",0
"ATAGGGTAGCATGGTC-1","4","Bax",0
"ATAGGGTAGTGAGATA-1","3","Bax",0
"ATAGTCACAAAGGGAC-1","7","Bax",0
"ATAGTGAAGCCAGGTT-1","7","Bax",0
"ATAGTGAAGTAGGGCA-1","7","Bax",0.532268127261738
"ATATCACAGGTTACAT-1","6","Bax",0
"ATATCACAGTGATGAA-1","3","Bax",0
"ATATCAGCAATTCACT-1","14","Bax",0
"ATATCAGCATTCGGTC-1","2","Bax",0
"ATATCCCTCGAGCACT-1","7","Bax",0
"ATATCCTCAACCTACC-1","5","Bax",0
"ATATCCTCATGGTCCT-1","2","Bax",0
"ATATGGGGTAATCCTA-1","9","Bax",0
"ATATGGGGTGGGAATC-1","5","Bax",0
"ATATGGGGTTGAGCCC-1","3","Bax",0
"ATATGGTTCTCACCTG-1","7","Bax",0
"ATATGTCAGCTGGAGA-1","0","Bax",0
"ATATGTCAGCTTCCTG-1","9","Bax",0
"ATATGTCAGGTACCAC-1","16","Bax",0
"ATCAACTAGCGCGATT-1","3","Bax",0
"ATCAACTAGGGTCCAT-1","2","Bax",0
"ATCAAGCCACATATAG-1","5","Bax",0
"ATCAAGGGTGGCGTGA-1","6","Bax",0
"ATCACAACAGTAATGC-1","11","Bax",0
"ATCACATAGCGATGTC-1","5","Bax",0
"ATCACCTTCCCGTACC-1","8","Bax",0
"ATCACCTTCGCTTGGG-1","2","Bax",0
"ATCACCTTCTGGTACA-1","15","Bax",0
"ATCACGATCACGTTAG-1","3","Bax",0
"ATCAGCCAGCTAATCG-1","16","Bax",0
"ATCAGGCTCACCTTAC-1","2","Bax",0
"ATCAGGCTCACTTCGT-1","1","Bax",0
"ATCAGGCTCCCTGGAG-1","0","Bax",0
"ATCAGGCTCGCTCTAT-1","3","Bax",0
"ATCAGGCTCTATGTCC-1","2","Bax",0
"ATCAGGGAGCCGCATG-1","2","Bax",0
"ATCAGGGAGCGGACTT-1","7","Bax",0
"ATCAGGGAGGATGGTG-1","1","Bax",0
"ATCAGGGAGGTTAGCC-1","5","Bax",0
"ATCAGGGAGTCGAAGG-1","3","Bax",0
"ATCAGGTCAAGCGCGT-1","8","Bax",0
"ATCAGGTCAATTACCT-1","11","Bax",0
"ATCAGTTAGCGGACTT-1","0","Bax",0
"ATCATCAGTAACCGAA-1","2","Bax",0
"ATCATCCTCAATCGGC-1","14","Bax",1.86447737042023
"ATCATCCTCCCGTGAG-1","0","Bax",0
"ATCATCCTCCGCACCT-1","6","Bax",0
"ATCATCCTCGCATCAA-1","14","Bax",0
"ATCATGGTCGACCAGT-1","2","Bax",0
"ATCATTCCACCTTGAC-1","10","Bax",0
"ATCCAATAGCCTAAGC-1","1","Bax",0
"ATCCACGGTGGCAGTG-1","5","Bax",0
"ATCCATGAGCGGAGAC-1","5","Bax",0
"ATCCATGAGGTTACAT-1","4","Bax",0
"ATCCCAGGTGCACCAC-1","8","Bax",0
"ATCCCATTCGTGCCAG-1","1","Bax",0
"ATCCCATTCTGTGCCC-1","0","Bax",0
"ATCCCGCTCAATTGCG-1","5","Bax",0
"ATCCCTTAGGTTGCGT-1","9","Bax",0
"ATCCGGGTCACAGGGA-1","2","Bax",0
"ATCCGGGTCCGCCTAC-1","5","Bax",0.624817416468009
"ATCCGGGTCGACTGAC-1","5","Bax",0
"ATCCGTAAGAAGCCAG-1","3","Bax",0
"ATCCGTAAGATAGATG-1","9","Bax",0
"ATCCGTCCAAAGGACA-1","5","Bax",0
"ATCCGTCCACTATGCC-1","11","Bax",0
"ATCCTCCGTGATTCCG-1","13","Bax",0
"ATCCTCCGTTTGACCG-1","9","Bax",0
"ATCCTGAAGGATCAGG-1","4","Bax",0
"ATCCTGTTCCGCGCTT-1","5","Bax",0.71826004951288
"ATCGAACCAAGCGCGT-1","2","Bax",0.698845489012368
"ATCGAACCAAGCTCAG-1","5","Bax",0
"ATCGAACCACAAGGAA-1","8","Bax",0
"ATCGAAGGTCTAGCCA-1","4","Bax",0
"ATCGAAGGTTGAGGAC-1","2","Bax",0
"ATCGAGGAGCTAGCCG-1","0","Bax",0
"ATCGCATGTGCGGCTT-1","1","Bax",0
"ATCGCCCTCGTCTACT-1","11","Bax",0.58442873305867
"ATCGCCTCAACCGTAG-1","0","Bax",0
"ATCGCCTCACCTCAAC-1","4","Bax",0
"ATCGCGCGTCAGGGCA-1","12","Bax",0
"ATCGGGCCATAACCGG-1","3","Bax",0
"ATCGGTCAGAACGACG-1","0","Bax",0
"ATCGGTCAGTAGACCC-1","1","Bax",0
"ATCGTACGTCTGGCTA-1","0","Bax",0
"ATCGTACGTTCCCAGA-1","9","Bax",0
"ATCGTAGTCGAGGTCT-1","7","Bax",0
"ATCGTAGTCGCTATCT-1","4","Bax",0
"ATCGTCAAGAAGGATC-1","3","Bax",0
"ATCGTCAAGCATGGCT-1","4","Bax",0
"ATCGTCAAGGCATGTC-1","2","Bax",0
"ATCTAACAGCGAAGTG-1","7","Bax",0
"ATCTAACAGCGCCTCT-1","6","Bax",0
"ATCTAACAGGCACAGA-1","5","Bax",0
"ATCTAACAGTGTCAAT-1","15","Bax",0
"ATCTACCTCAGCACCG-1","3","Bax",0
"ATCTACTCAAGTAACC-1","3","Bax",0.691004091200248
"ATCTACTCAAGTGTAC-1","6","Bax",0
"ATCTACTCATCAAGCG-1","0","Bax",0
"ATCTATGGTGCAATGA-1","3","Bax",0
"ATCTATGGTTATGCGT-1","2","Bax",0
"ATCTATGGTTTACTTC-1","14","Bax",0
"ATCTCATCACCATGTC-1","9","Bax",1.37246780408917
"ATCTCCACAGCAGGGA-1","8","Bax",0
"ATCTCCACATCGCTCG-1","14","Bax",0
"ATCTCGCCAGGAAGGT-1","5","Bax",0.745231616417739
"ATCTCGCCATCCAGAG-1","0","Bax",0.942892981068225
"ATCTGAGTCGTCTACT-1","1","Bax",0
"ATCTGGATCCATAGTG-1","2","Bax",0
"ATCTGTGAGGAGGTGC-1","5","Bax",0
"ATCTTCATCGAACCCG-1","11","Bax",0.636994328819623
"ATCTTGCTCTAAGCAT-1","8","Bax",0
"ATGAAAGTCATATCGG-1","15","Bax",0
"ATGAACCCAGCTCTAC-1","3","Bax",0
"ATGAACCCATGATCCC-1","2","Bax",0.614316232399764
"ATGACAGGTAAGGTCA-1","12","Bax",0
"ATGACAGGTTATCACA-1","13","Bax",0.851394932121281
"ATGACGGAGAATCCGC-1","9","Bax",0
"ATGACGGAGGATCTGC-1","10","Bax",0
"ATGAGGCGTAATGAGT-1","11","Bax",0
"ATGAGGTAGCCTGAGT-1","1","Bax",0
"ATGAGTAAGCGAACTC-1","2","Bax",0
"ATGATGTTCAATCACG-1","2","Bax",0.76779125951898
"ATGATGTTCCGGTTCC-1","13","Bax",0
"ATGATGTTCCGTTAAG-1","3","Bax",0
"ATGATTGCAAGCGTAT-1","6","Bax",0
"ATGATTGCATAGACAC-1","10","Bax",0
"ATGCACGCAAAGGTGA-1","6","Bax",0
"ATGCACGCATTCAGTT-1","4","Bax",0
"ATGCAGGAGCCAATCA-1","2","Bax",0.557800420893007
"ATGCATTAGATTCAAC-1","3","Bax",0
"ATGCATTAGCCTGCTC-1","6","Bax",0
"ATGCCACAGGTAGGCA-1","1","Bax",0
"ATGCCCTCATCCCAAC-1","1","Bax",0
"ATGCCCTCATGGCGTA-1","6","Bax",1.00510774142654
"ATGCCTGGTGGCTGTC-1","4","Bax",0
"ATGCGGTTCACTTGGA-1","8","Bax",0
"ATGCTCAAGCGGATCT-1","13","Bax",0
"ATGCTCAAGTACCAAT-1","4","Bax",0
"ATGCTGATCCGTGCGA-1","4","Bax",0
"ATGCTGATCCTTCACG-1","3","Bax",0
"ATGCTTAGTAATGACG-1","5","Bax",0
"ATGCTTGAGGTGCGTT-1","2","Bax",0
"ATGGAGACAATTGACA-1","3","Bax",0
"ATGGAGTAGAAGCGCA-1","12","Bax",0
"ATGGATGGTTCCATCC-1","6","Bax",1.15236600797643
"ATGGCAAGTTAGCCTG-1","5","Bax",0
"ATGGCGAAGCATATCG-1","11","Bax",0
"ATGGCTATCACGTAAT-1","0","Bax",0
"ATGGCTATCCTTCCAG-1","1","Bax",0
"ATGGCTGCAGCCAGAC-1","1","Bax",0
"ATGGCTGCAGGCATCA-1","12","Bax",0
"ATGGCTGCATGATCGG-1","7","Bax",0
"ATGGGATAGGCTCTGG-1","10","Bax",0
"ATGGGATAGTAGCTGC-1","14","Bax",0
"ATGGGCAAGCGCTCGA-1","11","Bax",0.554027196568341
"ATGGGCTTCCTGTCGC-1","2","Bax",0
"ATGGGGATCCTTAGTC-1","0","Bax",0
"ATGGGGATCTGGGAAG-1","4","Bax",0
"ATGGGTGAGCGAAGTG-1","0","Bax",0
"ATGGGTGAGGTCACAC-1","6","Bax",0
"ATGGTAAAGGATGTAA-1","7","Bax",0
"ATGGTAAAGGCACGAA-1","4","Bax",0
"ATGGTAGGTATGGTTC-1","11","Bax",0
"ATGGTCATCAAGTAGA-1","12","Bax",0
"ATGGTCATCCGGTGAT-1","3","Bax",0
"ATGGTGAGTCAGTCAT-1","4","Bax",0
"ATGGTGAGTTCGATAC-1","2","Bax",0
"ATGGTGAGTTTGGCGC-1","3","Bax",0
"ATGGTGGAGCCACTAA-1","6","Bax",0
"ATGGTTTAGGCTCCGA-1","14","Bax",0
"ATGGTTTAGTATGTAC-1","10","Bax",0
"ATGGTTTAGTTGGCCG-1","6","Bax",0
"ATGTACCGTGCACGCT-1","15","Bax",0
"ATGTAGCCAAGCACGC-1","0","Bax",0
"ATGTAGCCAATCCATT-1","4","Bax",0
"ATGTCAACAAGTCCCT-1","5","Bax",0
"ATGTCCCCACATTGAA-1","0","Bax",0.536567287373086
"ATGTCCCCACTCAGCT-1","11","Bax",0
"ATGTCCCCAGCACTGA-1","9","Bax",0
"ATGTCCCCATTACTGT-1","0","Bax",0
"ATGTCCTTCTATGTGG-1","2","Bax",0
"ATGTGAAAGCGCCATG-1","5","Bax",0
"ATGTGAGGTCTAAGCT-1","7","Bax",0
"ATGTGCATCGTTGCGG-1","6","Bax",0
"ATGTGCATCTGGTGAC-1","4","Bax",0
"ATGTGGGAGATAGGGT-1","5","Bax",0
"ATGTGGGAGTATGTCG-1","7","Bax",0.496954517254597
"ATGTGGGAGTGTCAAT-1","0","Bax",0
"ATGTTAGCACTCATCA-1","16","Bax",0
"ATGTTCCTCTCACCAT-1","3","Bax",0
"ATTAAGCTCCGCCAGA-1","3","Bax",0
"ATTAAGCTCCGCCATC-1","0","Bax",0
"ATTAAGCTCGACATAT-1","2","Bax",0
"ATTACCCTCATGCCTT-1","5","Bax",0
"ATTACCCTCGTACTAG-1","13","Bax",0.601513316563403
"ATTACCTCACTAAGGT-1","3","Bax",0
"ATTACGTAGCAGGCTT-1","7","Bax",0
"ATTACGTAGCCCTGAG-1","4","Bax",0
"ATTCAGGTCGCGTTAA-1","1","Bax",0
"ATTCAGTAGCGCATGT-1","0","Bax",0
"ATTCAGTAGGATCACC-1","2","Bax",0
"ATTCAGTAGGCGAGTA-1","1","Bax",0
"ATTCAGTAGTAGGAAC-1","7","Bax",0.592916767006069
"ATTCATGGTTGCGTCA-1","8","Bax",0
"ATTCCAAGTTGGGACG-1","6","Bax",0
"ATTCCATCAGCCATTC-1","12","Bax",0
"ATTCCATCATAGGTAC-1","5","Bax",0
"ATTCCCACAACATGGT-1","1","Bax",0
"ATTCCCACATGGCTCT-1","3","Bax",0
"ATTCCGGGTTCCTGCT-1","3","Bax",0
"ATTCCTTGTATGGGTA-1","14","Bax",0
"ATTCCTTGTTTCCGAG-1","3","Bax",0
"ATTCGATAGCAAGGAT-1","3","Bax",0
"ATTCGATAGGAGGTAT-1","4","Bax",0
"ATTCGATAGTTGGTCA-1","4","Bax",0
"ATTCGCTTCCCTGGAG-1","13","Bax",0
"ATTCGCTTCCTCATCG-1","10","Bax",2.22766170952208
"ATTCGGGCAACCCTTA-1","9","Bax",0
"ATTCGGGCATTGGCCT-1","6","Bax",0
"ATTCGTTCAGCAGTAT-1","1","Bax",0
"ATTCGTTCATTACAGA-1","5","Bax",0
"ATTCGTTCATTGGCCT-1","8","Bax",0
"ATTCTCATCATACTCC-1","3","Bax",0
"ATTCTCATCCTGTATC-1","3","Bax",0
"ATTGACTAGGTAAGTA-1","4","Bax",0
"ATTGAGAAGCCTAGCG-1","3","Bax",0
"ATTGAGAAGGATGGGC-1","3","Bax",0
"ATTGATGCAAGTGGCC-1","5","Bax",0
"ATTGCCCCAGGCAAGG-1","0","Bax",0
"ATTGCCCCATCCACAC-1","1","Bax",0
"ATTGCCTTCACCTATC-1","1","Bax",0
"ATTGCCTTCACGCACG-1","6","Bax",0
"ATTGGATTCCAGGTCG-1","8","Bax",0
"ATTGGATTCCTGCATT-1","1","Bax",0
"ATTGGATTCTGGCTAA-1","1","Bax",0
"ATTGGCCAGCCACAGT-1","2","Bax",0
"ATTGGCGCAAAGGCAA-1","2","Bax",0
"ATTGGCGCATGCGCTT-1","8","Bax",0
"ATTGGGTCAAACTGCG-1","8","Bax",0
"ATTGGGTCAAGTCCCT-1","7","Bax",0
"ATTGGGTCACCACATC-1","0","Bax",0
"ATTGGTTAGCCACATA-1","3","Bax",0
"ATTGGTTAGCCCTGTC-1","10","Bax",0
"CAAACCGCAGCAGGGA-1","1","Bax",0.717023810069303
"CAAACTTAGTATGATC-1","13","Bax",0
"CAAAGCCTCCCTCAAT-1","5","Bax",0
"CAAAGCTCATGGTAGT-1","15","Bax",0
"CAAAGGCGTAGCTCGC-1","4","Bax",0
"CAAAGGCGTATGGTGA-1","1","Bax",0
"CAAAGGTAGTACCACA-1","0","Bax",0
"CAAAGTAAGCGATTGC-1","2","Bax",0
"CAAAGTAAGTGCGCTG-1","2","Bax",0
"CAAATGAAGGCAATGG-1","6","Bax",0
"CAAATGTTCATGGTGC-1","11","Bax",0
"CAAATGTTCCTTCGTG-1","0","Bax",0
"CAAATGTTCGATGCTA-1","5","Bax",0
"CAAATTCAGATTAAGG-1","12","Bax",0
"CAAATTCAGCGATTGC-1","0","Bax",0
"CAAATTCAGGAGGACC-1","0","Bax",0.989133638964229
"CAAATTCAGGGTACTC-1","10","Bax",0
"CAAATTCAGTCGAGAG-1","7","Bax",1.16976482846486
"CAACAGTCAAGCTGGC-1","1","Bax",0.836697253648839
"CAACAGTCAATTAGCA-1","2","Bax",0
"CAACCAATCTGGCTAA-1","0","Bax",0.635988766719997
"CAACCAGCATGGATCG-1","1","Bax",0
"CAACCCAGTGCGATGG-1","0","Bax",0
"CAACCCTCAATCGCCT-1","8","Bax",0
"CAACCCTCACATGCTC-1","4","Bax",0
"CAACCCTCAGCTAGGC-1","9","Bax",0
"CAACGAAGTAGGCGAT-1","12","Bax",0
"CAACGAAGTTAGTAGG-1","2","Bax",0.863704098722563
"CAACGATCACATATAG-1","11","Bax",0
"CAACGATCAGTTGAGT-1","2","Bax",0
"CAACGGGGTTCAAGGA-1","9","Bax",0
"CAACTAACAAGTGTCG-1","13","Bax",0.659393709311521
"CAACTAACATGGAGCC-1","9","Bax",0
"CAACTAGTCATCACCT-1","6","Bax",0
"CAACTAGTCGAATCCA-1","11","Bax",0.579102832889463
"CAACTGATCACAGGTC-1","0","Bax",0
"CAAGACAGTGACCGAG-1","7","Bax",0
"CAAGATGGTGAAGTTG-1","10","Bax",0
"CAAGCCACAATACCGG-1","2","Bax",0
"CAAGCCCGTGAACTGA-1","0","Bax",0
"CAAGCCCGTGCGGACA-1","4","Bax",1.50602481706067
"CAAGCGAAGCGGAGAC-1","0","Bax",0
"CAAGCGAAGGAACCCT-1","10","Bax",0
"CAAGCGAAGGGGTAAT-1","0","Bax",0
"CAAGCTCAGCTATCTC-1","3","Bax",0
"CAAGGATAGAACGGTG-1","2","Bax",0
"CAAGGATAGTTGGACC-1","4","Bax",0
"CAAGGCGGTGCGGTGA-1","14","Bax",1.28002457736019
"CAAGGGATCACCCTTG-1","1","Bax",0
"CAAGGGATCTAGGCAC-1","10","Bax",0
"CAAGGGGCAATTCATC-1","13","Bax",0
"CAAGGTAGTGGCTCAC-1","10","Bax",0
"CAAGGTTCAGCTCGTT-1","12","Bax",0
"CAAGTAAAGGCGTTAC-1","3","Bax",0
"CAAGTAAAGTGTCCTT-1","8","Bax",0
"CAAGTAGGTTTGGGCC-1","2","Bax",0
"CAAGTCATCCCATACT-1","7","Bax",0
"CAAGTCATCTCACCGC-1","13","Bax",0
"CAAGTCGCAAACCAGT-1","11","Bax",1.31740888057022
"CAAGTCGCAGCAGTAT-1","5","Bax",0
"CAAGTCGCAGGAAGGT-1","3","Bax",0
"CAAGTCTGTGAGGAGA-1","4","Bax",0
"CAAGTCTGTTATCTAG-1","8","Bax",0
"CAAGTTTAGCATCCGG-1","0","Bax",0
"CAAGTTTAGTCAACTG-1","12","Bax",0
"CAATAGCCAGTAAGTC-1","13","Bax",0
"CAATAGCCATCCCAAC-1","5","Bax",0
"CAATATCAGGCTCCGA-1","15","Bax",0
"CAATATCAGGGGTAAT-1","2","Bax",0.804833077442008
"CAATCCTTCAGCAAGG-1","0","Bax",0
"CAATCCTTCGCATGGT-1","9","Bax",0
"CAATCGATCCGCAAGT-1","0","Bax",0
"CAATCTTCAATAGGGA-1","15","Bax",0
"CAATCTTCAATAGTCA-1","3","Bax",0
"CAATGGCTCAGCACCG-1","8","Bax",0
"CAATGGCTCGCGCGTA-1","7","Bax",0
"CAATTGGTCCGCGCTT-1","1","Bax",0
"CAATTGGTCTAGGCGT-1","3","Bax",0.611371397615784
"CACAACATCATGTAAC-1","1","Bax",0
"CACAACATCCGCAAGT-1","11","Bax",0.378481811087982
"CACAAGTCAACCATCC-1","8","Bax",0
"CACAAGTCACATATAG-1","14","Bax",0
"CACAAGTCACCTTCGG-1","12","Bax",0
"CACAAGTCACTCAATT-1","6","Bax",0
"CACAAGTCATAAGCTA-1","2","Bax",0
"CACAATTAGTAAGGCG-1","6","Bax",0
"CACACAATCTGGCTCC-1","16","Bax",0
"CACACACAGAAGCCTC-1","5","Bax",0
"CACACACAGCAATCGC-1","6","Bax",0.62518057187702
"CACACCCTCCAGCGTG-1","5","Bax",0
"CACACCTCAAGCCTCT-1","2","Bax",0
"CACAGGCCAAGTGAAG-1","14","Bax",0
"CACAGGCCAGCTAGTG-1","8","Bax",0
"CACAGGTTCCTTGGAA-1","5","Bax",0
"CACATAACAAATCCTT-1","0","Bax",0
"CACATAACAATACCAA-1","5","Bax",0
"CACATAGTCCCATTCG-1","0","Bax",0.564229493506289
"CACATTAGTAACGTAG-1","1","Bax",0
"CACATTGAGGAATTGA-1","7","Bax",0
"CACATTGAGGTTGCAC-1","16","Bax",1.64762556764427
"CACATTTCAATCCAGG-1","9","Bax",0
"CACATTTCAATTGCTT-1","3","Bax",0
"CACCAACAGGATCTAT-1","3","Bax",0
"CACCACCTCCTGTACT-1","5","Bax",0
"CACCACCTCTAATGGT-1","1","Bax",0
"CACCAGACAGCACTGA-1","4","Bax",0
"CACCAGTAGGAGCCTT-1","4","Bax",0
"CACCAGTAGTAAGTGA-1","12","Bax",0
"CACCATCCAAACTACA-1","14","Bax",1.09714776970045
"CACCATTTCACATGGC-1","1","Bax",0
"CACCATTTCTGGCTAA-1","16","Bax",0.968904279262285
"CACCCAAGTAATGCTC-1","5","Bax",0
"CACCCATCAAAGGTCT-1","3","Bax",0
"CACCCATCAAGTCGGC-1","0","Bax",0
"CACCCATCAGGAATGA-1","4","Bax",0
"CACCCTTGTGGCTCAC-1","11","Bax",0
"CACCCTTGTTCCTGCT-1","9","Bax",0
"CACCGATAGCCACACG-1","9","Bax",0
"CACCGATAGGTAAGGT-1","15","Bax",0
"CACCGATAGTCGCATA-1","5","Bax",0
"CACCGCAAGATTGCTG-1","11","Bax",0
"CACCGCAAGTGAGCAG-1","7","Bax",0
"CACCGCTTCTCATCCG-1","8","Bax",0
"CACCTAAAGAACGGTG-1","12","Bax",0
"CACCTAAAGGCGTTCG-1","3","Bax",0
"CACCTAAAGTCATAGT-1","0","Bax",0
"CACCTATTCCGTCATT-1","10","Bax",0
"CACCTATTCGACCAGT-1","10","Bax",0
"CACCTATTCGATCAAT-1","6","Bax",0
"CACCTCATCGCGTTAA-1","8","Bax",0
"CACCTCGCAACCCTAC-1","2","Bax",0
"CACCTCTGTGAGGAAG-1","2","Bax",0
"CACCTGCTCCGGTATA-1","4","Bax",0
"CACCTTTAGCAAGTAA-1","8","Bax",0
"CACCTTTAGCATCCGG-1","4","Bax",0
"CACGACCGTAGTCCAT-1","0","Bax",0
"CACGACCGTGGACACG-1","15","Bax",0
"CACGACCGTTCGCAGC-1","1","Bax",0
"CACGACTAGCCCTGGA-1","13","Bax",0
"CACGACTAGGTCATTG-1","9","Bax",0
"CACGAGGGTAGCTCGC-1","2","Bax",0
"CACGAGGGTCTTGATA-1","16","Bax",0
"CACGATTGTTGCGGAG-1","4","Bax",0
"CACGATTGTTGTCTCC-1","13","Bax",0.669886951273271
"CACGCAACAAACTTGA-1","11","Bax",0
"CACGCAACAAGGGCTC-1","3","Bax",0
"CACGCAACACATGACG-1","4","Bax",0
"CACGCCAAGGCAAGCA-1","8","Bax",0
"CACGCCAAGGTCCAGT-1","14","Bax",0
"CACGCCAAGTGTCATG-1","0","Bax",0
"CACGCCAAGTTGCTGA-1","9","Bax",0
"CACGCTAGTTGAAGTG-1","6","Bax",0
"CACGGTTAGGTATGAA-1","13","Bax",0
"CACGGTTAGGTGAGAT-1","0","Bax",0
"CACGGTTAGTAGTAGA-1","3","Bax",0
"CACTAACGTAGCAGGT-1","3","Bax",0
"CACTAACGTTAGGTTC-1","5","Bax",0
"CACTACCCAGGACAGG-1","11","Bax",0.430263936346561
"CACTATGAGATTGGCC-1","6","Bax",0
"CACTATGAGGCACACT-1","0","Bax",0
"CACTATGAGTGATACT-1","9","Bax",0
"CACTCAAAGCGGCATT-1","6","Bax",0
"CACTCACCAAGTGGAA-1","2","Bax",0
"CACTCACCACTTCGTA-1","1","Bax",0
"CACTCACCAGGCATTG-1","13","Bax",0
"CACTCACCATGCTCAC-1","4","Bax",0
"CACTCCATCCGCAGTG-1","14","Bax",1.20474335530799
"CACTCCATCGCATCCC-1","3","Bax",0
"CACTCCGCAAGTGGAA-1","10","Bax",0
"CACTCCGCACATACGG-1","1","Bax",0
"CACTCCGCATTAGGTA-1","2","Bax",0
"CACTCGCTCATGCGTA-1","7","Bax",0
"CACTCGCTCCAGCGTG-1","3","Bax",0
"CACTGCCTCCCATTAC-1","3","Bax",0
"CACTGCCTCCTGTATC-1","9","Bax",0
"CACTGCCTCTCACCAT-1","3","Bax",0
"CAGCAAAGTCTTACGG-1","2","Bax",0
"CAGCAATCAAGTTCCC-1","4","Bax",0
"CAGCAATCAGGCTCAA-1","4","Bax",0
"CAGCACTAGGAATCAA-1","6","Bax",0
"CAGCACTAGTCAGCGT-1","7","Bax",0
"CAGCAGCCAATACTAG-1","0","Bax",0
"CAGCAGCCATTACGCC-1","11","Bax",0
"CAGCATATCCATTGCT-1","1","Bax",0
"CAGCATTGTAATCCTA-1","4","Bax",0
"CAGCATTGTAGTGCTT-1","5","Bax",0
"CAGCATTGTTAGGCCC-1","9","Bax",0
"CAGCATTGTTAGTGCT-1","3","Bax",0
"CAGCCATAGCGCTATA-1","1","Bax",0
"CAGCCATAGGTAGAGT-1","9","Bax",0
"CAGCTAATCACATACG-1","6","Bax",0
"CAGCTATGTGCGTAGG-1","6","Bax",0.91599083683517
"CAGCTCTCAAATGGAG-1","0","Bax",0
"CAGCTCTCATGACCGA-1","0","Bax",0
"CAGGATTCAGGAGCAG-1","4","Bax",0
"CAGGCCATCGCTCGTC-1","7","Bax",0
"CAGGCGAGTAGTAGCA-1","2","Bax",0
"CAGGCGAGTATGTGAG-1","4","Bax",0
"CAGGCTTAGTTGGCCG-1","5","Bax",0
"CAGGGCAGTTGCTATA-1","0","Bax",0
"CAGGGCTCAAGCGCGT-1","10","Bax",0
"CAGGTAAGTAGTCCTG-1","1","Bax",0
"CAGGTAAGTGAAGCTA-1","6","Bax",0.962057788580324
"CAGGTAAGTGATCAAG-1","8","Bax",0
"CAGGTCCGTAACGAGC-1","16","Bax",0
"CAGGTCCGTTTGAGTC-1","4","Bax",0
"CAGGTTATCCTGTGAA-1","6","Bax",0
"CAGTAACCAATTCAGA-1","11","Bax",0
"CAGTAACCAGGAAGCG-1","0","Bax",0
"CAGTACGCATAGGCCA-1","3","Bax",0
"CAGTAGCTCACGCCAG-1","5","Bax",0
"CAGTAGCTCGACCCGA-1","11","Bax",0
"CAGTAGCTCGCTTGAA-1","0","Bax",0
"CAGTAGGAGCTTACTC-1","3","Bax",0.614861895974122
"CAGTCCCTCGCGTCCT-1","11","Bax",0
"CAGTGTTGTCAGTCAT-1","0","Bax",0
"CAGTGTTGTGGACACG-1","1","Bax",0
"CAGTTAGTCACTAGCA-1","2","Bax",0
"CAGTTAGTCATGCCTT-1","4","Bax",0
"CAGTTATAGCAAGGGC-1","4","Bax",0
"CAGTTATAGTCGCGCA-1","6","Bax",0
"CAGTTCAAGGCGAAGC-1","1","Bax",0
"CAGTTCCCAAATCAGC-1","1","Bax",0
"CAGTTTGAGGCGAGGT-1","5","Bax",0
"CAGTTTGAGTGAGATA-1","1","Bax",0
"CATAACTAGCGATGTC-1","10","Bax",0
"CATAACTAGGTACCGT-1","1","Bax",0
"CATAACTAGTAGACCC-1","3","Bax",0
"CATAAGCCATCCTGGT-1","5","Bax",0
"CATAAGCCATCGCTCG-1","0","Bax",0
"CATAAGGGTTTCGGCA-1","3","Bax",0
"CATACCAAGTGGCTCG-1","5","Bax",0.892460983686833
"CATACCTTCACAGGTC-1","0","Bax",0.476637657410442
"CATACCTTCGATGTGC-1","0","Bax",0
"CATACTGAGGCTTACA-1","10","Bax",0
"CATACTGAGTACCATG-1","2","Bax",0
"CATACTTCAAGGTCGC-1","9","Bax",0
"CATACTTCAGTTAGGT-1","0","Bax",0
"CATAGAGGTCAACTAC-1","9","Bax",0
"CATAGAGGTTCGCCAA-1","10","Bax",0
"CATAGATTCACCAATG-1","0","Bax",0
"CATAGCATCCACCTAT-1","11","Bax",0.58594373838108
"CATAGCATCGACCTAA-1","14","Bax",0
"CATAGCCAGCATCGCG-1","4","Bax",0
"CATAGCCAGCCCTGCT-1","4","Bax",0
"CATAGCCAGGATTCAT-1","7","Bax",0
"CATAGCCAGGGTGATG-1","6","Bax",0
"CATAGCGCATGGTGAT-1","15","Bax",0
"CATAGCTGTTGCATAC-1","2","Bax",0
"CATAGGCTCGACATTG-1","10","Bax",0
"CATAGGGAGATTGACT-1","3","Bax",0
"CATAGGGAGTGCCATA-1","3","Bax",0
"CATAGGTCATCCACTA-1","4","Bax",0
"CATAGGTCATTCGGCT-1","9","Bax",0
"CATAGTTAGGCTCCTC-1","0","Bax",0
"CATAGTTAGGTCCCAG-1","9","Bax",0
"CATATAGCATTACCGC-1","6","Bax",0.540100000130374
"CATATCCTCAATGGAA-1","4","Bax",0
"CATATCTCACCTCAGT-1","0","Bax",0
"CATATCTCATTCAGTT-1","13","Bax",0
"CATATTCCACATGAGT-1","2","Bax",0
"CATATTCCATCATAGA-1","6","Bax",0
"CATCAATAGTAATGGA-1","0","Bax",0
"CATCACAAGCCTGCCT-1","0","Bax",0.655629509228104
"CATCACAAGTGATTCG-1","0","Bax",0
"CATCACCCATCCTACA-1","2","Bax",0
"CATCACTTCAGCACTA-1","0","Bax",0
"CATCACTTCAGTTCCT-1","3","Bax",0
"CATCAGGCAGCTAAGT-1","1","Bax",0
"CATCAGGCATCGCTGT-1","8","Bax",0
"CATCATTCATGGATGT-1","2","Bax",0
"CATCCACCAAAGGACA-1","4","Bax",0
"CATCCACCATAATTGG-1","10","Bax",1.83645580532502
"CATCCCGCAGCTCGTT-1","1","Bax",0
"CATCCCTGTTTACTGA-1","7","Bax",0.752457294714553
"CATCCGCTCACGCTAA-1","15","Bax",0
"CATCCGCTCATATCGG-1","1","Bax",0
"CATCCGCTCCGCTGTC-1","1","Bax",0
"CATCCGCTCTAGTGCA-1","6","Bax",0
"CATCCGCTCTGGCTCC-1","13","Bax",0
"CATCCGGAGGAGGTAT-1","1","Bax",0
"CATCCGGAGTGCCCGA-1","9","Bax",0
"CATCGTCCAAGCGCGT-1","2","Bax",0
"CATCGTCCACAGCAAT-1","0","Bax",0
"CATCGTTTCAATCTCC-1","5","Bax",0
"CATCGTTTCCATCCAT-1","0","Bax",0.628468691614741
"CATCTGTTCGTTAGGC-1","4","Bax",0
"CATCTTGCAAGCTAAC-1","13","Bax",0.509151249271797
"CATCTTGCACATTAGA-1","3","Bax",0
"CATCTTGCACTTCGAC-1","1","Bax",0
"CATGAAGGTGCAATTC-1","8","Bax",0
"CATGCAATCCAGATCA-1","1","Bax",0
"CATGCAATCTGGTAGC-1","6","Bax",0
"CATGCCAGTCAACTTA-1","11","Bax",0
"CATGCCAGTCATGCGC-1","9","Bax",0
"CATGCCAGTCTCCAGA-1","4","Bax",0
"CATGCCAGTTTCCAGG-1","1","Bax",0
"CATGCGCGTATAGTGG-1","3","Bax",0
"CATGCGCGTTCAATGC-1","3","Bax",0
"CATGCTGGTAAGCGCG-1","4","Bax",0
"CATGGGTTCCAGCGTG-1","3","Bax",0
"CATGGTCAGCCATCAA-1","9","Bax",0
"CATGGTCAGTGGCTGT-1","13","Bax",0
"CATGGTCAGTGTCCGG-1","2","Bax",0
"CATGTCAAGGTCACTA-1","6","Bax",0
"CATTACTCAGTACCTC-1","10","Bax",0
"CATTACTCATCGCGTT-1","3","Bax",0
"CATTACTCATGCTCCG-1","10","Bax",0
"CATTAGGTCCGCGTGA-1","2","Bax",0
"CATTAGTAGCTACTCT-1","6","Bax",0
"CATTAGTAGGCTACAC-1","15","Bax",0
"CATTCGAAGTGCCATA-1","4","Bax",0
"CATTCGCCAGCACGGT-1","4","Bax",0
"CATTCGTTCACGCTAA-1","0","Bax",0
"CATTCTATCACGCCAG-1","6","Bax",0
"CATTGGATCCGCTGTC-1","2","Bax",0
"CATTGTGAGCGCGATT-1","0","Bax",0
"CATTTAGGTGCGCATC-1","6","Bax",0
"CATTTCATCCTCGTGC-1","11","Bax",0.360526526482302
"CATTTCGCACTAACCC-1","13","Bax",0.473350223643068
"CATTTGAGTAATGGAT-1","6","Bax",0
"CATTTGAGTAGCTTAC-1","6","Bax",0
"CATTTGAGTTAGCGAA-1","8","Bax",0
"CATTTGCTCGCTAATG-1","13","Bax",0
"CCAAAGCTCCATGAAT-1","13","Bax",0
"CCAAAGTCACAGCGAC-1","5","Bax",0
"CCAAAGTCACTAGCAG-1","9","Bax",0
"CCAAAGTCATCCCTAA-1","0","Bax",0
"CCAAATGTCCATGAAT-1","7","Bax",0
"CCAAATTAGGAGGATT-1","0","Bax",0
"CCAACCTCACTTCAAT-1","1","Bax",0
"CCAACTAAGCCATACA-1","1","Bax",0
"CCAACTAAGGGTACGA-1","9","Bax",0
"CCAACTAAGTTGGTCA-1","12","Bax",0
"CCAACTGGTCCATACG-1","1","Bax",0
"CCAAGGGGTGAAGTAT-1","3","Bax",0
"CCAAGTCAGGTAGACG-1","5","Bax",0
"CCAAGTCAGTCATTCC-1","6","Bax",0
"CCAATAGTCAGGAGTG-1","0","Bax",0
"CCAATAGTCCCTCTGA-1","9","Bax",0
"CCAATATAGCGCGATT-1","7","Bax",0
"CCAATATAGTGAAGTA-1","14","Bax",0
"CCAATCCCAATCCGTC-1","12","Bax",0
"CCAATCCCACAACGGC-1","8","Bax",0
"CCAATCCCACTTGATT-1","1","Bax",0
"CCAATTAGTAACCACT-1","1","Bax",0
"CCAATTAGTTTAGGCT-1","3","Bax",0
"CCAATTGAGCTACCGG-1","3","Bax",0
"CCACAACAGAAGCGTG-1","10","Bax",0
"CCACAACAGTAAGGAC-1","14","Bax",0
"CCACAACAGTTAGTAC-1","10","Bax",0
"CCACAGACAACATGAC-1","7","Bax",0.453758405038047
"CCACATGGTTAACCCG-1","8","Bax",0
"CCACCAAGTGAGCAAC-1","12","Bax",0
"CCACCAAGTTACACTA-1","3","Bax",0
"CCACCTATCAGTTGAT-1","9","Bax",0
"CCACCTCAGTAGCGTC-1","8","Bax",0
"CCACCTGCACTAATTC-1","3","Bax",0
"CCACCTTGTCTAGTAC-1","12","Bax",0
"CCACCTTGTGATCCAT-1","0","Bax",0
"CCACCTTGTTACACGT-1","10","Bax",0
"CCACGAACAAAGGTGA-1","11","Bax",0
"CCACGAACAGTTAGAC-1","13","Bax",0.611795820822152
"CCACGATAGGTGAGCA-1","15","Bax",0
"CCACGCAAGCTAACGC-1","5","Bax",0
"CCACGCAAGCTACTGA-1","15","Bax",0
"CCACGTAGTTGGCCGT-1","7","Bax",0
"CCACGTTCATGCTTGC-1","3","Bax",0
"CCACGTTCATTAGCCC-1","6","Bax",0
"CCACTAGGTAATGACG-1","8","Bax",0
"CCACTAGGTAGCCCGT-1","0","Bax",1.055116081505
"CCACTAGGTGAAGCTA-1","2","Bax",0
"CCACTAGGTTAGTCAC-1","0","Bax",0
"CCACTATTCACTGGTA-1","14","Bax",0
"CCACTTACAAGGTCTG-1","0","Bax",0
"CCAGAATCAAGTCGAT-1","7","Bax",0
"CCAGACCGTTGCACCA-1","7","Bax",0.543135951957816
"CCAGACTAGTAACCAT-1","2","Bax",0
"CCAGACTAGTTAGTCG-1","0","Bax",0
"CCAGAGAAGCGCCACA-1","6","Bax",0
"CCAGAGAAGCGCGATT-1","8","Bax",0
"CCAGAGAAGGATAGGT-1","6","Bax",0
"CCAGAGAAGGGGACGT-1","10","Bax",0
"CCAGAGGGTGGAGAGA-1","1","Bax",0
"CCAGATGCAACCAACG-1","13","Bax",0
"CCAGATTGTTTGCGAT-1","2","Bax",0
"CCAGCAACAAAGGCCC-1","6","Bax",0
"CCAGCAACAAATGGTC-1","4","Bax",0
"CCAGCTAGTAATCCCG-1","12","Bax",0
"CCAGCTAGTCTAACCG-1","9","Bax",0
"CCAGCTAGTTCCGTAG-1","7","Bax",0
"CCAGGTTAGGCGCTCA-1","8","Bax",0
"CCAGGTTAGGTTGACC-1","4","Bax",0
"CCAGTAATCGACCCGA-1","0","Bax",0
"CCAGTATGTAATTCGC-1","1","Bax",0
"CCAGTATGTATGGCAA-1","3","Bax",0
"CCAGTATGTTGTAGTC-1","1","Bax",0
"CCAGTATGTTTGATGC-1","1","Bax",0
"CCAGTCCTCAGCTGCG-1","0","Bax",0
"CCAGTCCTCCAGGTAC-1","5","Bax",0
"CCAGTTAAGTATGAGA-1","1","Bax",0
"CCAGTTAAGTTAGCGC-1","3","Bax",0
"CCAGTTGGTCTAGTGT-1","4","Bax",0
"CCATAACGTAACCGAA-1","6","Bax",0
"CCATAACGTTGAGTAG-1","3","Bax",0
"CCATAACGTTTGCCCT-1","5","Bax",0
"CCATAAGTCCGTTAAG-1","6","Bax",0
"CCATACTTCACATGAT-1","9","Bax",0
"CCATACTTCGTTACTC-1","7","Bax",0
"CCATATAGTGCACCAC-1","9","Bax",0
"CCATCACCAAGGTAAG-1","4","Bax",0
"CCATCACCATCAATCT-1","4","Bax",0
"CCATCAGGTAATGAGT-1","0","Bax",1.15451872222323
"CCATCAGGTGGGTCAG-1","14","Bax",0
"CCATCATTCAATCCTC-1","8","Bax",0
"CCATCCGCATAACGGT-1","7","Bax",0
"CCATCCGCATGGCAAT-1","3","Bax",0
"CCATCCGCATGGCCTT-1","15","Bax",0
"CCATCCTGTTGGATCT-1","6","Bax",0
"CCATCGCTCCTGATTC-1","2","Bax",0
"CCATCTTAGAAGGACT-1","15","Bax",0
"CCATGCCTCGCGTGAT-1","2","Bax",0
"CCATGCCTCTATGCAG-1","10","Bax",0
"CCATGGGTCAGTTGCA-1","4","Bax",0
"CCATGGGTCCCCTGAC-1","6","Bax",0
"CCATGGGTCGAACGAG-1","13","Bax",0
"CCATGTCCATGCTGTC-1","2","Bax",0
"CCATTAAGTCTTACGG-1","4","Bax",0
"CCATTAAGTTCGGGCT-1","0","Bax",0
"CCATTAAGTTGTCAGT-1","11","Bax",0
"CCATTAGAGCATCTAG-1","9","Bax",0
"CCATTAGAGGTGAGGC-1","9","Bax",0
"CCATTAGAGGTGGCTT-1","3","Bax",0
"CCATTTCAGTCAGTCA-1","4","Bax",0
"CCCAAATGTTAGCTGT-1","7","Bax",0
"CCCAAATGTTGCGGTC-1","8","Bax",0
"CCCAAATGTTGGAGAC-1","5","Bax",0
"CCCAACCTCATCTCTA-1","8","Bax",0
"CCCAAGGTCACTCGAA-1","2","Bax",0
"CCCAAGGTCAGGTAGG-1","7","Bax",0
"CCCAAGGTCCCCTTGA-1","3","Bax",0
"CCCAAGGTCGACCAAC-1","4","Bax",0
"CCCAATCCATAATTGG-1","11","Bax",0
"CCCAATTTCTAGCGCG-1","3","Bax",0.501637558499842
"CCCACGTTCACACTTC-1","5","Bax",0
"CCCACGTTCAGGCTCG-1","6","Bax",0
"CCCACGTTCGATCGGT-1","8","Bax",0
"CCCACGTTCTCATTCA-1","0","Bax",0
"CCCACTTGTAACCACT-1","5","Bax",0
"CCCACTTGTAACGAGC-1","13","Bax",0
"CCCACTTGTGCATTCG-1","10","Bax",0
"CCCACTTGTTTCGGGC-1","10","Bax",0
"CCCAGCAAGAACCTCA-1","2","Bax",0
"CCCAGCAAGCGCAATC-1","12","Bax",0
"CCCAGGATCCTGACTT-1","11","Bax",0
"CCCAGGATCCTGCGAG-1","2","Bax",0
"CCCAGTGAGATTGAGA-1","2","Bax",0
"CCCATAGGTCCCGAGT-1","1","Bax",0
"CCCATCATCAGGAAGT-1","9","Bax",0
"CCCATCATCGTAACCA-1","1","Bax",0.55155105783992
"CCCATCTGTCTAACTA-1","5","Bax",0
"CCCATGAGTGAGCAAC-1","5","Bax",0
"CCCATGAGTTGGACCC-1","2","Bax",0
"CCCATGCTCACGCCGA-1","0","Bax",0
"CCCATGCTCCTGCGTC-1","1","Bax",0
"CCCATGCTCGACATGC-1","15","Bax",0
"CCCATTGTCAGCATTG-1","2","Bax",0
"CCCGAATAGTTGCACA-1","3","Bax",0
"CCCGATGAGGTGAACG-1","5","Bax",0
"CCCGATTCAACCAGAT-1","4","Bax",0
"CCCGCATTCGAACCGT-1","7","Bax",0
"CCCGCATTCGACATTG-1","0","Bax",0
"CCCGCATTCGTAACTG-1","2","Bax",0
"CCCGCTTAGCGCAATC-1","4","Bax",0
"CCCGCTTAGGGTCAAG-1","0","Bax",0
"CCCGGTAAGTGCGCCA-1","2","Bax",0
"CCCGGTTTCAGTACCA-1","1","Bax",0.567121267602774
"CCCGGTTTCCGGTAGT-1","15","Bax",0
"CCCGGTTTCGCTCTAT-1","12","Bax",0
"CCCGTTGCAACTGGAT-1","6","Bax",0
"CCCGTTGCAATACTCT-1","7","Bax",0
"CCCTAACCAACGTTAA-1","2","Bax",0
"CCCTAACCATCCACTA-1","5","Bax",0
"CCCTACGCAATTAGCA-1","7","Bax",0
"CCCTAGCTCCGTGAAC-1","3","Bax",0
"CCCTATGTCACTCCAT-1","9","Bax",0
"CCCTATGTCGCTGATA-1","3","Bax",0
"CCCTCAATCGTTCAAG-1","7","Bax",0
"CCCTCACAGATAGACA-1","0","Bax",0
"CCCTCACAGCGATAGG-1","1","Bax",0
"CCCTCACAGGGTCTGT-1","8","Bax",0
"CCCTCACAGTGGCAGA-1","3","Bax",0
"CCCTCAGCATGAGTGT-1","3","Bax",0
"CCCTGAGAGATTCAGT-1","6","Bax",0
"CCCTGAGAGCCATCCC-1","11","Bax",0
"CCCTGAGAGGTATATC-1","4","Bax",0
"CCCTGGTTCACAGCAC-1","9","Bax",0
"CCCTTAACAACTGTCC-1","6","Bax",0
"CCCTTAACAATATGGC-1","4","Bax",0
"CCCTTAACACTTCGAC-1","8","Bax",0
"CCCTTAACATAGGGTT-1","0","Bax",0
"CCCTTACGTGATAGAT-1","5","Bax",0
"CCCTTACGTTGCGTGC-1","1","Bax",0
"CCCTTACGTTTCGACG-1","6","Bax",0
"CCCTTAGTCACCAGCG-1","0","Bax",0
"CCCTTGATCCGTTGCC-1","1","Bax",0
"CCGAAATCAATGCCAG-1","7","Bax",0
"CCGAAATCACCTATCA-1","12","Bax",0
"CCGAACTAGCAAGCCT-1","0","Bax",0
"CCGAACTAGGTGAGCA-1","3","Bax",0.849666760148163
"CCGAACTAGTAATGTC-1","11","Bax",0
"CCGAATATCTGTCACT-1","13","Bax",0
"CCGAATTGTAACTCTA-1","1","Bax",0
"CCGAATTGTTGCATCG-1","3","Bax",0
"CCGACAACACAATTAG-1","9","Bax",0
"CCGACATAGCTAAGGG-1","8","Bax",0
"CCGACATAGGCTTGGT-1","9","Bax",0
"CCGACATAGTAACGGG-1","1","Bax",0
"CCGACATAGTCATCGA-1","0","Bax",0
"CCGACCAAGGTAGGGC-1","4","Bax",0
"CCGACTAGTCATTAGC-1","8","Bax",0
"CCGACTAGTTTGAGTC-1","4","Bax",0
"CCGACTTCAAATCCAA-1","0","Bax",0
"CCGCAATAGTACCATG-1","8","Bax",0
"CCGCATGAGCCTGAAC-1","4","Bax",0
"CCGCATTCACTTGATT-1","12","Bax",0
"CCGCCAAAGCAACCCG-1","5","Bax",0
"CCGCCAAAGGCTAGAG-1","6","Bax",0
"CCGCCATTCTAGTGTG-1","8","Bax",0
"CCGCCTTAGGCGAATG-1","1","Bax",0
"CCGCGAATCCTCATAC-1","11","Bax",0.35309029257292
"CCGCGATGTAGTCCAT-1","8","Bax",0
"CCGCGATGTGAGACAC-1","7","Bax",0
"CCGCGTTTCAGCCTAA-1","3","Bax",0
"CCGCGTTTCATCTGGA-1","0","Bax",0.848289564482974
"CCGCGTTTCCATGCAA-1","7","Bax",0
"CCGCTAAGTAAGCCAA-1","4","Bax",0
"CCGCTAAGTAGGTACA-1","14","Bax",0
"CCGCTAAGTGCAGGCA-1","0","Bax",0
"CCGCTAAGTTGCATCG-1","1","Bax",0
"CCGCTAAGTTTGGAAG-1","4","Bax",0
"CCGCTAGAGTGCCCAG-1","1","Bax",0
"CCGCTCACAGGCAGAG-1","0","Bax",0
"CCGCTTATCACGCGAT-1","7","Bax",0
"CCGCTTATCATATAGC-1","0","Bax",0
"CCGCTTATCGACCTGG-1","11","Bax",0
"CCGCTTGCAAGTCGAT-1","4","Bax",0
"CCGGATTAGCCATTAG-1","7","Bax",0
"CCGGCAATCATCGTGA-1","0","Bax",0
"CCGGCAATCCGGAACT-1","7","Bax",0
"CCGGCATGTGGAAGTC-1","10","Bax",0
"CCGGCATGTTAGCACT-1","3","Bax",0
"CCGGCATGTTTACCAA-1","0","Bax",0
"CCGGCTAAGTGTCCTT-1","2","Bax",0
"CCGGGTTGTCAGGCAG-1","1","Bax",0
"CCGGTACGTCAAGTGA-1","4","Bax",0
"CCGGTACGTGCAACCC-1","0","Bax",0
"CCGGTCAAGCCAGTCG-1","3","Bax",0
"CCGGTCAAGGTGACTC-1","12","Bax",0
"CCGGTTAGTGACCGAG-1","11","Bax",0.707082731874428
"CCGGTTAGTTGTGGCC-1","1","Bax",0
"CCGTAACAGCTTACGA-1","3","Bax",0
"CCGTAACAGTATGATC-1","2","Bax",0.724508544536152
"CCGTAACAGTCTAGCA-1","5","Bax",0.619699274436789
"CCGTATGGTTCCAGCA-1","1","Bax",0
"CCGTCATCAATAGGTC-1","0","Bax",0
"CCGTCCACAGGGACTC-1","12","Bax",0
"CCGTCGTTCATGAACT-1","3","Bax",0
"CCGTGATAGATAGGTA-1","6","Bax",0
"CCGTGCAAGCAACCCG-1","6","Bax",0
"CCGTGCTTCGCGTGTG-1","2","Bax",0
"CCGTGGATCATGCGTA-1","5","Bax",0
"CCGTGGATCCACCTAT-1","2","Bax",0
"CCGTGGATCGACCTGG-1","0","Bax",0.853672077995227
"CCGTGTGAGGGGTACA-1","1","Bax",1.26787678868398
"CCGTGTGAGGTAGGTG-1","1","Bax",0
"CCGTGTGAGTTAGGAA-1","15","Bax",0
"CCGTTAGGTCTTGGGC-1","12","Bax",0
"CCGTTCATCACGCCGA-1","12","Bax",0
"CCGTTCATCCAGATAT-1","0","Bax",0
"CCGTTCGCACTAATCT-1","2","Bax",0
"CCGTTCGCATGCTCCG-1","6","Bax",0
"CCGTTGAGTTAGGTAG-1","8","Bax",0
"CCGTTGAGTTGGCATT-1","3","Bax",0
"CCGTTGCTCATCACCT-1","1","Bax",0
"CCGTTGCTCTATCACC-1","13","Bax",0
"CCGTTGCTCTATGAAC-1","2","Bax",0
"CCTAACCCATGCTTCA-1","0","Bax",0.916350736074467
"CCTAACTTCCAGAGAG-1","0","Bax",0
"CCTAACTTCTATGGAT-1","5","Bax",0
"CCTAATGAGTGGCCTG-1","0","Bax",0
"CCTACAGGTGATGCAA-1","3","Bax",0
"CCTACCGCAGGATGAA-1","0","Bax",0
"CCTACCTGTGAAGCAC-1","0","Bax",0
"CCTACCTGTTCCGGTA-1","15","Bax",0
"CCTACGGAGATTCGTG-1","1","Bax",0
"CCTAGCCTCCAGGGAA-1","2","Bax",0
"CCTAGCGAGCCATACA-1","5","Bax",0.919059649552467
"CCTAGCGAGCCGACAT-1","4","Bax",0
"CCTAGCGAGTACCACA-1","3","Bax",0.870182871659392
"CCTAGGTAGGTTGGTC-1","0","Bax",0
"CCTAGTAAGATACTGT-1","1","Bax",0.79342091267899
"CCTAGTAAGCATCAAT-1","5","Bax",0.691849710444299
"CCTAGTAAGCTAGCGT-1","9","Bax",0
"CCTAGTAAGGGTAGAT-1","11","Bax",0
"CCTAGTAAGTGCGCTG-1","9","Bax",0
"CCTATAGAGCCGAGTT-1","7","Bax",0
"CCTATCACAAACCGTG-1","12","Bax",0
"CCTATGAAGCCCTTCA-1","12","Bax",0
"CCTATGTTCTGTAACG-1","4","Bax",0
"CCTATTCAGGTACTAT-1","9","Bax",0
"CCTATTCAGTTACGTG-1","2","Bax",0
"CCTCAACCAGCCTAGA-1","1","Bax",0
"CCTCAAGGTTCCGTGA-1","2","Bax",0
"CCTCAGCTCACATGCA-1","6","Bax",0
"CCTCATTAGGCTTCCC-1","15","Bax",0
"CCTCCAGCAAGTGTGT-1","14","Bax",0
"CCTCGAAGTAATGACG-1","16","Bax",0
"CCTCGAAGTGCGTGTC-1","5","Bax",0
"CCTCGGTTCCGCGATG-1","2","Bax",0
"CCTCGGTTCCGGAGTT-1","3","Bax",0
"CCTCGTTGTCAACCAT-1","0","Bax",0
"CCTCTAACAACGGCTA-1","6","Bax",0
"CCTCTAACACCTCGAT-1","5","Bax",0
"CCTCTAACAGTAAGCT-1","7","Bax",0
"CCTCTAACATCACTCA-1","6","Bax",0
"CCTCTTAGTGACGACG-1","1","Bax",0
"CCTCTTGAGGTTGCTA-1","4","Bax",0
"CCTGAACAGTGACCCG-1","7","Bax",0
"CCTGAACAGTTAGTGT-1","11","Bax",0
"CCTGAGACAACCCTAC-1","0","Bax",0
"CCTGAGACAAGTGATC-1","14","Bax",1.05353208130755
"CCTGAGACAATCGTAA-1","0","Bax",0
"CCTGAGTAGATTCGGC-1","2","Bax",0
"CCTGAGTAGTTGCCGG-1","0","Bax",0
"CCTGATCCAGCATGTG-1","1","Bax",0
"CCTGATCCATCGACTC-1","1","Bax",0
"CCTGATGGTAGGTATG-1","7","Bax",0.459443311840392
"CCTGATTTCAGGCTAC-1","15","Bax",0
"CCTGATTTCAGGTCCG-1","14","Bax",0
"CCTGCAAGTAATCGTC-1","0","Bax",0
"CCTGCGAAGCGAAGGC-1","3","Bax",0
"CCTGCTCAGTCGAACC-1","5","Bax",0
"CCTGCTCAGTCGATGC-1","9","Bax",0
"CCTGGCTTCGATTGCA-1","15","Bax",0
"CCTGGTAGTGATTCGT-1","3","Bax",0
"CCTGGTAGTTCCCAAG-1","12","Bax",0
"CCTGGTTCATCCAACC-1","7","Bax",0
"CCTGGTTCATTGCCAC-1","9","Bax",0
"CCTGTCATCCTGTGAA-1","5","Bax",0
"CCTGTCGCACAACCTC-1","9","Bax",0
"CCTGTGAGTATTGCAC-1","0","Bax",0
"CCTGTGGAGGGCTCCA-1","7","Bax",0
"CCTGTTGTCAGCGGAA-1","7","Bax",0
"CCTTAATCAATCGACG-1","10","Bax",0
"CCTTAATCAGCACGAC-1","2","Bax",0
"CCTTAATCATAGGTCG-1","0","Bax",0.905069462703706
"CCTTAATCATGCTGTC-1","0","Bax",0
"CCTTAGAAGCCTGGTG-1","8","Bax",0
"CCTTAGAAGTCATCTC-1","1","Bax",0
"CCTTAGCCAATATGTG-1","3","Bax",0
"CCTTCGATCTAGCTCT-1","14","Bax",0
"CCTTGCATCGTAGTTG-1","6","Bax",0
"CCTTGGGAGCGCATTA-1","2","Bax",0
"CCTTGGTCAAATCGGT-1","4","Bax",0
"CCTTTAATCACGCGCA-1","5","Bax",0
"CCTTTAATCCGCTGTC-1","6","Bax",0
"CCTTTAGCAAATCCAA-1","14","Bax",0
"CCTTTCAGTAACGAGC-1","2","Bax",0.538194154272121
"CCTTTCAGTAATGCAG-1","4","Bax",0
"CCTTTCAGTCAAGGTA-1","5","Bax",0
"CCTTTCAGTTGCGGAG-1","7","Bax",0
"CGAAACCTCCCAGGAT-1","6","Bax",0
"CGAACATCATGAGCTG-1","0","Bax",0
"CGAACGAAGATAGGTA-1","0","Bax",0
"CGAACGAAGATTGGTT-1","14","Bax",0
"CGAACGAAGCGAATCC-1","4","Bax",0
"CGAAGCAAGGGGACTA-1","13","Bax",0
"CGAAGCAAGGTCGTTA-1","12","Bax",0
"CGAAGGATCAATGGTT-1","6","Bax",0
"CGAAGTGAGAAGCAAC-1","0","Bax",0
"CGAAGTGAGGTTGGAG-1","3","Bax",0
"CGAATAGGTAAGTTCC-1","8","Bax",0
"CGAATCATCCCGCTTA-1","10","Bax",0
"CGAATCTGTGATAGTG-1","4","Bax",0
"CGAATCTGTTCGAGTT-1","3","Bax",0
"CGAATCTGTTCGTGTG-1","6","Bax",0
"CGAATCTGTTGACCAT-1","8","Bax",0
"CGAATTTAGAACCTTG-1","10","Bax",0
"CGAATTTAGATAGTAG-1","5","Bax",0
"CGACAGCCAAGGGCAG-1","5","Bax",0
"CGACAGCCACTATATC-1","12","Bax",0
"CGACAGCCATCACTGC-1","0","Bax",0
"CGACCAACATCCAAGG-1","8","Bax",0
"CGACCATAGAAGGGCC-1","0","Bax",0
"CGACCCTTCGAGCACT-1","0","Bax",0.853362556070026
"CGACCCTTCTCACTAC-1","1","Bax",0
"CGACCCTTCTGGCCTC-1","8","Bax",0
"CGACCTAGTAAGTAGT-1","14","Bax",0
"CGACCTAGTGAAGCAC-1","6","Bax",0
"CGACTAATCACTGTCT-1","0","Bax",0
"CGACTAATCCGCGATG-1","14","Bax",0
"CGACTAGCAACCGCAA-1","3","Bax",0
"CGACTAGCAATTGGTA-1","0","Bax",0
"CGACTATGTGCGGATG-1","7","Bax",0
"CGACTCCTCACTTCAC-1","6","Bax",0
"CGACTCCTCAGCTGCG-1","4","Bax",0
"CGACTGACATCATCTG-1","5","Bax",0
"CGACTGACATGAAGTC-1","7","Bax",0
"CGACTGGTCTCATCGT-1","1","Bax",0
"CGACTTGGTGAGAGTC-1","1","Bax",0
"CGACTTGGTTGAAGCA-1","5","Bax",0
"CGAGCAAAGCATCCTT-1","6","Bax",0
"CGAGCAGGTCCATAGT-1","14","Bax",0
"CGAGCCATCAGGACTC-1","6","Bax",0
"CGAGCCTGTCAGCCGT-1","2","Bax",0
"CGAGCGAGTAATGACG-1","7","Bax",0.953448550596298
"CGAGCGAGTAATGAGT-1","4","Bax",0
"CGAGGGACATAACGAC-1","1","Bax",0
"CGAGGGACATCGTAGG-1","10","Bax",0
"CGAGGGTAGCAAGCTC-1","7","Bax",0
"CGAGTAAGTGCGCCAT-1","9","Bax",0
"CGAGTGAAGGAGCTTC-1","4","Bax",0
"CGAGTGAAGTGAGCGA-1","3","Bax",0
"CGATAACCATCCGGTT-1","7","Bax",0
"CGATAGTCAAAGGGTA-1","8","Bax",0
"CGATAGTCATCCCTGG-1","10","Bax",0
"CGATCAATCCCTCGGT-1","11","Bax",0
"CGATCAATCTAACTCC-1","9","Bax",0
"CGATCCCTCGAACCGT-1","1","Bax",0.993236032539171
"CGATCCCTCTATGGAT-1","9","Bax",0
"CGATCCTCATCCCGTG-1","8","Bax",0
"CGATCTAAGATTCACG-1","4","Bax",0
"CGATCTAAGTAACGAA-1","12","Bax",0
"CGATGGGGTATAGCTC-1","6","Bax",0.718152374020351
"CGATGGGGTGCATCAT-1","4","Bax",0
"CGATGGTTCCGTATAG-1","10","Bax",0
"CGATGTTGTCTAGTAC-1","5","Bax",0.792030671777798
"CGATGTTGTTAGACTC-1","1","Bax",0
"CGATTAACATTGCACC-1","10","Bax",0
"CGATTACGTTCACGGC-1","8","Bax",0
"CGATTACGTTCCGCAA-1","4","Bax",0
"CGATTACGTTGGGACG-1","16","Bax",0
"CGATTAGTCAAGTCGC-1","3","Bax",0
"CGATTATAGCGATAGG-1","4","Bax",0
"CGATTATAGCTACCTT-1","4","Bax",0
"CGATTATAGTTAGCTG-1","14","Bax",0
"CGATTCAAGTCATAGT-1","5","Bax",0
"CGATTCCCAAGCATGT-1","4","Bax",0
"CGATTCCCACAATCAA-1","7","Bax",0
"CGATTCCCAGTACCTC-1","4","Bax",0
"CGATTTAGTTCACCGA-1","4","Bax",0
"CGATTTAGTTGGACCC-1","5","Bax",0
"CGCAAATCAATCAGAC-1","2","Bax",0
"CGCAACTAGTATGGTT-1","13","Bax",0
"CGCAATATCCCGCAAG-1","2","Bax",0
"CGCAATATCCTGACTT-1","11","Bax",0
"CGCACGATCCCGCTGT-1","5","Bax",0.751095024776772
"CGCACTTCACTCATCA-1","10","Bax",0
"CGCACTTCATCACTAT-1","8","Bax",0
"CGCAGATTCCTGACCC-1","8","Bax",0
"CGCAGCTGTCAGTTCG-1","8","Bax",0
"CGCAGCTGTGGAGCTG-1","3","Bax",0
"CGCAGGTCAATCCATT-1","0","Bax",0
"CGCAGGTCACTCATCA-1","12","Bax",0
"CGCAGTTAGCAATGAA-1","15","Bax",0
"CGCATAGCAACATACA-1","11","Bax",0.718421625888542
"CGCATAGCAATGAGCT-1","9","Bax",0
"CGCATCAGTGCAGGTG-1","1","Bax",0.756695392498665
"CGCATCAGTTCACCAG-1","15","Bax",0
"CGCATCCTCCTGTCTG-1","7","Bax",0
"CGCATCCTCGCGTCGA-1","0","Bax",0
"CGCATCTCATCGCTGT-1","6","Bax",0.438661604286603
"CGCATCTCATGATTGA-1","5","Bax",0
"CGCATGGTCAGGCAAG-1","5","Bax",0
"CGCATGGTCCATATCC-1","5","Bax",0
"CGCATTCCACAAGCAT-1","3","Bax",0
"CGCCAATAGCTTACCT-1","1","Bax",0
"CGCCATAGTCTCAGGC-1","7","Bax",0
"CGCCATGAGCAAGCCT-1","9","Bax",0
"CGCCTAAGTGATCAGA-1","0","Bax",0
"CGCCTAGAGTCATGGC-1","5","Bax",0
"CGCCTAGAGTTAGATC-1","7","Bax",0
"CGCCTCACAAGCTAAC-1","4","Bax",0
"CGCCTGTTCATGGTTG-1","6","Bax",0
"CGCCTGTTCGCGTTGG-1","6","Bax",0.718691088349859
"CGCCTTGCAGGAGCAG-1","10","Bax",0
"CGCCTTGCATTAGGGT-1","1","Bax",0
"CGCGAACCACTAGCTC-1","4","Bax",0
"CGCGAAGGTAATGGCA-1","4","Bax",0
"CGCGATTAGGTTCGCG-1","2","Bax",0
"CGCGCAATCCTGCTCA-1","5","Bax",0.533693324082665
"CGCGCATGTCATGAGA-1","3","Bax",0
"CGCGCATGTCTTACCC-1","5","Bax",0
"CGCGTACGTGATGCAA-1","7","Bax",0
"CGCGTACGTTCACCTC-1","7","Bax",0
"CGCGTACGTTGGCGTC-1","4","Bax",0
"CGCGTTAGTCTTGATA-1","1","Bax",0
"CGCGTTAGTTGAAGCA-1","4","Bax",0
"CGCTAAATCACCTGCC-1","11","Bax",0.481716129568549
"CGCTAAATCATAGAGA-1","2","Bax",0.832858256654068
"CGCTAACAGCATTCGA-1","4","Bax",0
"CGCTAACAGTGCCCGA-1","5","Bax",0
"CGCTAATGTGGGTAGT-1","6","Bax",0.712970200620773
"CGCTACTCAAGCGTAT-1","1","Bax",0.609794790455357
"CGCTACTCATCACTTG-1","16","Bax",0
"CGCTATGGTGAAGGCT-1","7","Bax",0.494621326583951
"CGCTATGGTGCAGCGA-1","2","Bax",0
"CGCTATGGTTCCAGTG-1","0","Bax",0
"CGCTATGGTTGCTGGC-1","3","Bax",0
"CGCTCATCAAACCTGG-1","0","Bax",0
"CGCTCCACAAGGTTCG-1","13","Bax",0
"CGCTGCAAGCCTGGTG-1","13","Bax",0
"CGCTGCAAGTGAATGA-1","2","Bax",0.604926174778815
"CGCTGCAAGTGAGGCA-1","9","Bax",0
"CGCTGCTTCATACAGT-1","7","Bax",0
"CGCTGCTTCCGGATGT-1","0","Bax",0
"CGCTGCTTCCGTTACT-1","4","Bax",0
"CGCTGCTTCGCTCTCA-1","10","Bax",0
"CGCTGTGAGTAGAGCG-1","0","Bax",0
"CGCTTAGGTTGCGTGC-1","7","Bax",0
"CGGAAAGTCCCAGGCA-1","14","Bax",0
"CGGAAAGTCGAGTCTA-1","14","Bax",0
"CGGACAGGTTGCTGGC-1","0","Bax",0
"CGGACATTCCTGCCAC-1","5","Bax",0.647972044175411
"CGGACTTAGGCGATTC-1","3","Bax",0
"CGGATAAGTGACGATA-1","3","Bax",0
"CGGATCACAAATCCAA-1","6","Bax",0
"CGGATCACAATTGCTT-1","3","Bax",0
"CGGATCACATGGTAAC-1","2","Bax",0
"CGGCAAGGTTTGGTGT-1","1","Bax",0.819283897221553
"CGGCATTAGCTGGTGT-1","5","Bax",0
"CGGCCTAAGCAAGCGA-1","5","Bax",0
"CGGCTAACAAGGTTCG-1","1","Bax",0
"CGGCTAGTCGTAGTAT-1","4","Bax",0
"CGGCTCAAGATAGTAG-1","4","Bax",0
"CGGCTGATCGATACAT-1","12","Bax",0
"CGGCTGATCGCATCAA-1","8","Bax",0
"CGGCTGATCTATGGAT-1","0","Bax",0
"CGGCTTGAGGCTACAC-1","14","Bax",0
"CGGCTTGAGGGGTAAT-1","3","Bax",0.721723533216878
"CGGGACTCAGCTCGAA-1","0","Bax",0
"CGGGCTTGTGCGTACC-1","0","Bax",0.363942311296167
"CGGGCTTGTGGAGCCA-1","12","Bax",2.86074064844597
"CGGGCTTGTTAGTGGA-1","5","Bax",0
"CGGGGTAGTTGGAGCG-1","11","Bax",0
"CGGGTAAAGCATCTCT-1","9","Bax",0
"CGGGTAAAGCATGCAC-1","5","Bax",0
"CGGGTAAAGCGAGGTA-1","13","Bax",0
"CGGGTAAAGCGATCAC-1","4","Bax",0
"CGGGTAGGTAATTCGC-1","6","Bax",0
"CGGGTAGGTTCCGTTC-1","1","Bax",0
"CGGGTCATCCGCTGAG-1","0","Bax",0
"CGGGTCATCCGTCCAC-1","12","Bax",0
"CGGGTCATCTGGCATA-1","11","Bax",0
"CGGGTGAGTAATGACG-1","2","Bax",0
"CGGTAATCACTATCTG-1","8","Bax",1.41872547216899
"CGGTATTGTTGAGCTT-1","7","Bax",0
"CGGTCAACAACGGGCT-1","2","Bax",0
"CGGTCAACAGGGCTGT-1","2","Bax",0
"CGGTGTTAGTCGCTAA-1","7","Bax",0
"CGGTGTTAGTGCTGCG-1","10","Bax",0
"CGGTTAATCAGTGCCG-1","13","Bax",0
"CGGTTAGCACTTCGTA-1","0","Bax",0
"CGGTTATGTTGGTGAA-1","8","Bax",0
"CGGTTCTCAATGACAC-1","0","Bax",0
"CGGTTCTCATAGGGCC-1","6","Bax",0
"CGTAAAGGTGATCCGC-1","11","Bax",0
"CGTAAATTCCGCTGGA-1","4","Bax",0
"CGTAAATTCCGGATAC-1","9","Bax",0
"CGTAAATTCGCTCCTA-1","15","Bax",0
"CGTAACATCTCACTCG-1","8","Bax",0
"CGTACAGCACCTTGCG-1","5","Bax",0
"CGTACCCTCATGTGCA-1","0","Bax",0
"CGTACCCTCGACTACA-1","0","Bax",0.28270367883408
"CGTACTAAGTCGATTG-1","1","Bax",0
"CGTACTGGTAAGTAAC-1","4","Bax",0
"CGTAGGCCACTACCTA-1","9","Bax",0
"CGTAGGGGTGACCGAG-1","3","Bax",0
"CGTAGGGGTTGTGCGC-1","13","Bax",0.597845182689093
"CGTAGGTTCAGGCAGA-1","1","Bax",0
"CGTAGGTTCGCATCCC-1","2","Bax",0
"CGTAGTCAGCAGGCAA-1","5","Bax",0
"CGTAGTCAGGCAATCC-1","1","Bax",0
"CGTATATAGGATACTT-1","5","Bax",0
"CGTATTAGTATGTGAG-1","12","Bax",0
"CGTATTAGTCAGGGCA-1","13","Bax",0
"CGTATTGAGGTATAGA-1","10","Bax",0
"CGTCAATGTGCGCAAG-1","2","Bax",0
"CGTCAATGTTAGTGTC-1","9","Bax",0
"CGTCACCTCCATTAGG-1","6","Bax",0
"CGTCAGTAGGTGCAAG-1","2","Bax",0
"CGTCCGTTCCATGAAT-1","4","Bax",0
"CGTCCTGCAAGCATCG-1","14","Bax",0
"CGTCCTTGTTGTAACC-1","1","Bax",0.716648443332939
"CGTCGCTTCATGATCG-1","5","Bax",0
"CGTCGTAGTCTTGGGC-1","3","Bax",0
"CGTCGTAGTTTCAGCG-1","14","Bax",0
"CGTCGTTCAAGTTCGG-1","11","Bax",0
"CGTGAAAGTGGCTACC-1","2","Bax",0
"CGTGAAAGTTGTGCAT-1","6","Bax",0
"CGTGAGAAGGTTAGTT-1","1","Bax",0
"CGTGAGAAGGTTGGAG-1","0","Bax",0
"CGTGAGGGTGAGTGAC-1","4","Bax",0
"CGTGATGCACTACCGT-1","3","Bax",0
"CGTGATTGTAATGAAC-1","1","Bax",0
"CGTGATTGTTGACTAC-1","11","Bax",0
"CGTGCCTTCAGGTCGT-1","10","Bax",0
"CGTGCCTTCCAGATGC-1","1","Bax",0
"CGTGCTAGTAAGTGAT-1","7","Bax",0
"CGTGCTGAGTTGGGCT-1","3","Bax",0
"CGTGGATTCCATTGAG-1","11","Bax",0
"CGTGGATTCTGGCCTC-1","10","Bax",0
"CGTGGGTCAATGGAGA-1","8","Bax",0
"CGTGGGTCAATGTCGG-1","9","Bax",0
"CGTGGGTCACAACGGC-1","12","Bax",0
"CGTGGGTCAGCATGGC-1","8","Bax",0
"CGTGTATGTAAGCCAA-1","1","Bax",0
"CGTGTCAGTCTAGCGC-1","4","Bax",0
"CGTGTCAGTGCAGGCA-1","5","Bax",0
"CGTGTTAAGCAATCGC-1","4","Bax",0
"CGTGTTGGTTCCTGTC-1","2","Bax",0
"CGTTAATAGCGATTCA-1","4","Bax",0
"CGTTACAAGGTCCAAC-1","0","Bax",0
"CGTTACCCAAATGCGT-1","7","Bax",0.724289302067876
"CGTTATAGTTCGCAAT-1","6","Bax",0
"CGTTATAGTTTGAGAG-1","4","Bax",0
"CGTTATGAGGATGGGC-1","5","Bax",0
"CGTTATGAGGTAGCTC-1","12","Bax",0
"CGTTATGAGTCGCAGT-1","1","Bax",0
"CGTTCCATCCGTCAGG-1","0","Bax",0.660975375791515
"CGTTCCGCAGGCATTG-1","11","Bax",0
"CGTTCCGCAGTTGCGA-1","2","Bax",0
"CGTTCCTGTAATCACC-1","11","Bax",0
"CGTTCCTGTAGTGCCC-1","0","Bax",0
"CGTTCCTGTTGCTATA-1","0","Bax",0
"CGTTCGCTCAATCACG-1","2","Bax",0
"CGTTCGCTCCGTGTGG-1","8","Bax",0
"CGTTGGACAAATCCAA-1","9","Bax",0
"CGTTGGACAACGTGCA-1","3","Bax",0
"CGTTGTCCAAATCAGC-1","4","Bax",0
"CGTTGTCCAGGCATAT-1","8","Bax",0
"CGTTTAAGTTGACCTG-1","9","Bax",0
"CGTTTCACAAGCCGGT-1","1","Bax",0
"CGTTTCACAATCCTTG-1","1","Bax",0.569609979399576
"CGTTTCCGTAATCCGT-1","13","Bax",0.644771220191493
"CGTTTCCGTGAGATCA-1","2","Bax",0
"CGTTTGAAGGTAGACG-1","8","Bax",0
"CTAAACCGTAAGCTGA-1","15","Bax",0
"CTAAACCGTGACTTCG-1","3","Bax",0
"CTAAAGCCATTCGGTC-1","5","Bax",0
"CTAAAGGGTAGCGAGT-1","7","Bax",0
"CTAAAGGGTTGGTTCG-1","0","Bax",0.638255912977309
"CTAACATAGGTCAAGG-1","3","Bax",0
"CTAACATAGTAGAGCG-1","3","Bax",0
"CTAACCAAGGTACTTG-1","11","Bax",0
"CTAACCTTCGACTTAG-1","2","Bax",0
"CTAACCTTCGTGCAAC-1","11","Bax",0
"CTAACGATCCGTGTCC-1","4","Bax",0
"CTAAGCATCACGTGTA-1","1","Bax",0
"CTAAGCCAGATAGGCG-1","2","Bax",0
"CTAAGCCAGCTATACG-1","15","Bax",0
"CTAAGCCAGGCTCAGT-1","0","Bax",0
"CTAAGCCAGGTAATTC-1","14","Bax",0
"CTAAGGCTCATGATCG-1","3","Bax",0
"CTAATCCTCCAGGGAA-1","3","Bax",0
"CTAATCTCAAGTGGAA-1","4","Bax",0
"CTAATCTCACAACCTC-1","10","Bax",2.25584536688784
"CTAATCTCACCTCGTG-1","4","Bax",0
"CTAATTGGTCTCACGA-1","3","Bax",0
"CTACACAAGGATATAG-1","3","Bax",0
"CTACACCCACCTCAGT-1","4","Bax",0
"CTACACCCATAAGCCG-1","9","Bax",0
"CTACAGGCAACCCTAC-1","0","Bax",0
"CTACAGGCAGGTTGGC-1","5","Bax",0
"CTACAGGCATAATCAG-1","7","Bax",0
"CTACAGGCATTGGCCT-1","2","Bax",0
"CTACATGAGGCAAGTG-1","8","Bax",0
"CTACCAAAGCGCTCCT-1","4","Bax",0
"CTACCAAAGGCTCTCC-1","6","Bax",0
"CTACCCGCAAGTGTGT-1","6","Bax",0
"CTACCCGCAATTACAG-1","6","Bax",0
"CTACCCTGTGAAGTGC-1","0","Bax",0
"CTACCGCTCGTGCGTG-1","3","Bax",0
"CTACGATGTTGAGTAG-1","8","Bax",0
"CTACGGACAGGGCTAC-1","0","Bax",0
"CTACGGGTCGACTATG-1","11","Bax",0
"CTACGGGTCTCACCGC-1","5","Bax",0
"CTACGTCCAAGCTCGA-1","0","Bax",0
"CTACGTCCATGGAACT-1","7","Bax",0
"CTACGTTTCACTCTGT-1","5","Bax",0
"CTACGTTTCAGGAGAT-1","1","Bax",0
"CTACGTTTCTGGTGTA-1","2","Bax",0
"CTACTCACATGGCCTT-1","3","Bax",0
"CTACTCCGTATTGCAC-1","2","Bax",0
"CTACTGTTCACAGCGT-1","1","Bax",0
"CTACTGTTCATAGATC-1","3","Bax",0
"CTACTTATCAGGTCTA-1","2","Bax",0
"CTACTTATCTGGCTCC-1","4","Bax",0
"CTACTTGCACTCGGTT-1","2","Bax",0
"CTACTTGCATAAGTCA-1","2","Bax",0.700068322638962
"CTAGAACCAAACCTGG-1","3","Bax",0
"CTAGAACCAGGATAGA-1","14","Bax",0
"CTAGATTAGTGAGCGA-1","12","Bax",0
"CTAGCGCGTTCTGTCC-1","1","Bax",0
"CTAGCTGGTGAGAGGA-1","12","Bax",0
"CTAGGTCAGCTAGCGT-1","9","Bax",0
"CTAGGTCAGTGTCCTT-1","12","Bax",0
"CTAGGTTGTCTAGAGA-1","4","Bax",0
"CTAGGTTGTGCAAGGT-1","3","Bax",0
"CTAGTCAAGGATCCAC-1","2","Bax",0
"CTATAGGTCCAGAGGA-1","6","Bax",0
"CTATCATCAAGCACAT-1","5","Bax",0
"CTATCATCAAGGTATC-1","15","Bax",0
"CTATCATCACAGCAGC-1","5","Bax",0
"CTATCATCATTACTCG-1","4","Bax",0
"CTATCGAAGGGGACTA-1","5","Bax",0
"CTATCTATCTGGAAGG-1","6","Bax",0
"CTATGCTTCCCTTGAT-1","2","Bax",0
"CTATGGATCAGGCAGA-1","10","Bax",0
"CTATGTGAGCCACACG-1","4","Bax",0
"CTATGTGAGGCAAGCA-1","2","Bax",0
"CTATGTGAGTACGGTC-1","7","Bax",0.988497599463943
"CTATGTTCATGCAGTG-1","2","Bax",0
"CTATTCATCTAGCCGG-1","0","Bax",0
"CTATTCGCATCACTCA-1","3","Bax",0
"CTATTGAGTTATGTCA-1","1","Bax",0
"CTCAACTTCACCTCGC-1","3","Bax",0
"CTCACACCAAACTCAA-1","9","Bax",0
"CTCACATTCACTTGAG-1","1","Bax",0
"CTCAGGTAGGTTCCGG-1","1","Bax",0
"CTCAGGTAGTTGCGGT-1","5","Bax",0
"CTCAGTAAGGATAGCG-1","7","Bax",0
"CTCAGTTTCCATCCTG-1","4","Bax",0
"CTCATAAGTTAACGAG-1","4","Bax",0
"CTCATAAGTTAATGCC-1","3","Bax",0
"CTCATAAGTTAGTGTC-1","6","Bax",0
"CTCATAGAGCTATGTG-1","7","Bax",0
"CTCATAGAGTATGTCG-1","2","Bax",0
"CTCATCCGTCTTGCTC-1","10","Bax",0
"CTCATGAAGCGATAGG-1","13","Bax",0
"CTCATTCAGCCAGAGA-1","8","Bax",0
"CTCATTCAGTAATGGA-1","2","Bax",0
"CTCATTCAGTGCCTGG-1","8","Bax",0
"CTCATTGCATAACGGT-1","6","Bax",0
"CTCCAAGGTAGGCGCA-1","5","Bax",0
"CTCCAATTCCATAGAT-1","6","Bax",0
"CTCCAATTCGATGCCG-1","12","Bax",0
"CTCCAATTCGATGCGT-1","6","Bax",0
"CTCCAGCTCATCAAGT-1","0","Bax",0
"CTCCAGCTCCAGATAT-1","1","Bax",0
"CTCCCAATCATATCCC-1","0","Bax",0
"CTCCCACAGCGGTTAC-1","2","Bax",0
"CTCCCACAGGGCAGGT-1","10","Bax",0
"CTCCCTAAGTAAGCGG-1","9","Bax",0
"CTCCCTGGTAACGGCG-1","10","Bax",0
"CTCCCTGGTCAATCAC-1","16","Bax",0
"CTCCCTGGTCATTGCG-1","6","Bax",0
"CTCCCTGGTGAGCCGA-1","10","Bax",0
"CTCCGTTGTTCACGCA-1","6","Bax",0
"CTCCTAGTCTGGCACG-1","15","Bax",0
"CTCCTGATCACCTAAG-1","11","Bax",0
"CTCCTGATCCCGTTCA-1","0","Bax",0
"CTCCTTAGTAATGCTC-1","10","Bax",0
"CTCCTTAGTATGTGTC-1","1","Bax",0
"CTCCTTAGTTGCATGT-1","6","Bax",0
"CTCGAACAGCCTAAGC-1","9","Bax",0
"CTCGAATGTCATGATC-1","0","Bax",0
"CTCGAATGTGAACCTT-1","0","Bax",0
"CTCGAATGTTCAAGGA-1","5","Bax",0
"CTCGACTCAATCCCGT-1","0","Bax",0
"CTCGATCCAAATCCTT-1","5","Bax",0
"CTCGATCCAACTAAGC-1","3","Bax",0
"CTCGATTTCAGCCAGT-1","4","Bax",0
"CTCGATTTCCTCACCA-1","2","Bax",0
"CTCGCGAAGCTACCAA-1","14","Bax",0
"CTCGCTATCGCGCCAA-1","14","Bax",0
"CTCGCTGCATCCCAGT-1","2","Bax",0
"CTCGGATAGCCCTGAG-1","12","Bax",0
"CTCGGATAGGTGCGTT-1","2","Bax",0
"CTCGTAGGTAACCGAA-1","5","Bax",0.628223902776203
"CTCGTTACAAACTAGC-1","0","Bax",0
"CTCGTTACACTCGCTG-1","5","Bax",0
"CTCTAGAAGCAAGGAT-1","10","Bax",0
"CTCTAGAAGCCCTTGC-1","2","Bax",0
"CTCTAGCCAAGCACAT-1","2","Bax",0
"CTCTAGCCAGGCATTG-1","2","Bax",0
"CTCTAGCCATCCTCAA-1","8","Bax",0
"CTCTATATCGCATGGT-1","0","Bax",0
"CTCTATTGTAATCCTA-1","0","Bax",0
"CTCTATTGTTAACGCT-1","1","Bax",0
"CTCTGACCATGATCGG-1","8","Bax",0
"CTCTGATTCATGCAAT-1","8","Bax",0
"CTCTGCATCCAGGCCA-1","2","Bax",0
"CTCTGCATCGCGCCTT-1","0","Bax",0
"CTCTGCATCGTTCCAT-1","7","Bax",0
"CTCTGGTCAGGGCAGA-1","8","Bax",0
"CTCTGTTAGTTGCCGG-1","15","Bax",0
"CTCTTAATCATGTCCT-1","2","Bax",0
"CTCTTAATCCATTCCG-1","10","Bax",0
"CTCTTAATCCGTGATA-1","10","Bax",0
"CTCTTGGTCAGGGATG-1","13","Bax",0.670960031701558
"CTGAAAGGTTTACTTC-1","10","Bax",0
"CTGAATGTCCATTGAG-1","2","Bax",0
"CTGAATGTCGTGAACC-1","7","Bax",0
"CTGACAATCACCTGCC-1","5","Bax",0.620731882706165
"CTGACAATCTGTGAAT-1","0","Bax",0
"CTGACACAGCGATGTC-1","1","Bax",0.840274325425812
"CTGACCAGTTAACCCG-1","9","Bax",0
"CTGACCAGTTGAGGTA-1","2","Bax",0
"CTGACCAGTTGCTCGA-1","5","Bax",0
"CTGACCCTCACCTGCC-1","5","Bax",0
"CTGACGTAGGATCTGC-1","8","Bax",0
"CTGACGTAGTACGCTA-1","9","Bax",0.77183724746684
"CTGACGTAGTACGGTC-1","6","Bax",0
"CTGATCAAGGATCAGG-1","8","Bax",0
"CTGATCAAGGCATGTC-1","13","Bax",0
"CTGATTAGTAGTTAGG-1","10","Bax",0
"CTGATTAGTGAGCCGA-1","1","Bax",0
"CTGATTGAGGCTCAGT-1","5","Bax",0
"CTGATTTCAATGAGTC-1","0","Bax",0
"CTGCAACAGCGCTGAT-1","10","Bax",0
"CTGCAATGTGAAGCGT-1","1","Bax",0
"CTGCAATGTTGAGTTC-1","3","Bax",0
"CTGCAATGTTTCGAGT-1","4","Bax",0
"CTGCACCTCCCTGTGC-1","8","Bax",0
"CTGCATCCAACTGTGG-1","5","Bax",0
"CTGCATCCAAGCTCCT-1","2","Bax",0
"CTGCATCCAATCCGCT-1","3","Bax",0
"CTGCATCCATGACACG-1","1","Bax",0
"CTGCATGGTCCATTCC-1","0","Bax",0.853904375677883
"CTGCCATCAAGCTAAC-1","5","Bax",0
"CTGCCTGCAATCTGCC-1","5","Bax",0
"CTGCCTGCACTTCAGC-1","6","Bax",0
"CTGCCTTGTGACCGAG-1","9","Bax",0
"CTGCGCAAGGTATAGA-1","8","Bax",0
"CTGCGGATCCCAATGA-1","0","Bax",0
"CTGCGTAGTTTGAGCT-1","1","Bax",0
"CTGCTAAAGCGCCATG-1","7","Bax",0
"CTGCTGCTCACTCGAA-1","3","Bax",0
"CTGCTGCTCCGTCATT-1","4","Bax",0
"CTGCTGCTCGCATGAC-1","8","Bax",0
"CTGCTGCTCGCGCAAT-1","0","Bax",0
"CTGGAAAGTGAGCCAG-1","10","Bax",0
"CTGGACTAGGCACATC-1","10","Bax",0
"CTGGATGCAACCTGAG-1","2","Bax",0
"CTGGATGCAAGCTGGC-1","11","Bax",0.605190355830418
"CTGGATGCACCATTGC-1","8","Bax",0
"CTGGCAACAATGCCCT-1","2","Bax",0
"CTGGCCAAGCAAGCCT-1","14","Bax",0
"CTGGCCAAGCCTCTGC-1","7","Bax",0
"CTGGCCAAGTCGACCG-1","5","Bax",0
"CTGGCCAAGTCGATGC-1","8","Bax",0
"CTGGCTAGTTCTGTCC-1","1","Bax",0
"CTGGGCATCGTAGTAT-1","2","Bax",0
"CTGGTAATCCAACTAG-1","9","Bax",0
"CTGGTAATCCATCAAG-1","6","Bax",0
"CTGGTCAGTTAATGGG-1","8","Bax",1.55627230894315
"CTGGTCAGTTTAGTGC-1","7","Bax",0
"CTGGTTAAGGAGTCAG-1","2","Bax",0
"CTGTAACGTGAACGAC-1","2","Bax",0
"CTGTAATAGTAATCGT-1","1","Bax",0
"CTGTAATAGTAGTAAG-1","2","Bax",0
"CTGTAATAGTGCAACC-1","6","Bax",0
"CTGTACCCAAACTTAG-1","0","Bax",0
"CTGTACCCACCTGTGT-1","7","Bax",0
"CTGTACGGTTTGCAGT-1","9","Bax",0
"CTGTACTTCAATTCCC-1","2","Bax",0
"CTGTACTTCATGCACA-1","4","Bax",0
"CTGTCCATCCGTCCGT-1","0","Bax",0
"CTGTCCATCGCTCAGG-1","10","Bax",0
"CTGTGATGTGCGGTAG-1","5","Bax",0
"CTGTGCCTCATCTGTC-1","9","Bax",1.09205553956717
"CTGTGGACAATATGGC-1","12","Bax",0
"CTGTTAAGTTTCGAGT-1","6","Bax",0
"CTGTTGAAGATAGCTT-1","7","Bax",0
"CTGTTGAAGGTAGGCA-1","3","Bax",0
"CTTAACCTCCGGACAT-1","14","Bax",0
"CTTAATCCATGACCGA-1","14","Bax",0
"CTTAATGGTGCGAGTG-1","3","Bax",0
"CTTAATGGTTTGCCAG-1","10","Bax",0
"CTTACAAGTCTGGTTG-1","1","Bax",0
"CTTACGAAGCAGTTCA-1","0","Bax",0.688036648213548
"CTTACGAAGGTACGGA-1","5","Bax",0
"CTTACGAAGTAAGGAC-1","3","Bax",0
"CTTACGAAGTACGCTA-1","6","Bax",0
"CTTACGGGTGATCAAG-1","1","Bax",0
"CTTACGTTCTTGATGG-1","6","Bax",0
"CTTACTATCCATGCTT-1","13","Bax",0.560463532074788
"CTTACTATCCTTGAGA-1","7","Bax",0
"CTTAGCAAGCTAACTG-1","0","Bax",0
"CTTAGGATCCCCTTGA-1","8","Bax",0
"CTTAGTAGTGATAGGC-1","10","Bax",0
"CTTAGTAGTGGGTTGG-1","1","Bax",0
"CTTAGTAGTTTACCGG-1","2","Bax",0
"CTTAGTGAGGCGTAGA-1","14","Bax",1.38233247965278
"CTTATCGCAAGCGTGC-1","1","Bax",0
"CTTATCGCATCCGTAC-1","3","Bax",0
"CTTATCGCATGCTTGC-1","3","Bax",0
"CTTATCTGTGCGTACC-1","5","Bax",0
"CTTATGCTCCTTCACG-1","13","Bax",0
"CTTATGCTCTATCGAG-1","8","Bax",1.49923477230049
"CTTCAATCAGGTTCGA-1","0","Bax",0
"CTTCAATCATTGGAGT-1","13","Bax",0
"CTTCACTAGTAGGTAA-1","11","Bax",0
"CTTCAGCCAAACCCGA-1","5","Bax",0
"CTTCATCAGGGCTAGA-1","3","Bax",0
"CTTCATCAGTCGATAT-1","10","Bax",0
"CTTCATCAGTGCGGTT-1","4","Bax",0
"CTTCGAGGTGAGTTGA-1","7","Bax",0
"CTTCGATTCTAATGCG-1","3","Bax",0
"CTTCGCATCGAGGTCT-1","12","Bax",0
"CTTCGCGCAAGGTAAG-1","8","Bax",0
"CTTCGCGCAGGATCTG-1","3","Bax",0
"CTTCGCGCAGTAAGCT-1","3","Bax",0
"CTTCGGTCAAGTGGAA-1","7","Bax",0
"CTTCGTTAGCGACTGT-1","3","Bax",0
"CTTCTATGTGAAGCGT-1","7","Bax",0
"CTTCTATGTTTAGTTG-1","8","Bax",0
"CTTCTGGTCACAGGGA-1","6","Bax",0
"CTTCTGGTCTGGTCAA-1","2","Bax",0
"CTTGAATAGGCGTACT-1","12","Bax",0
"CTTGAATAGTAACCTG-1","1","Bax",0
"CTTGAATAGTATGGAA-1","3","Bax",0
"CTTGACCCATCCGCTG-1","8","Bax",0
"CTTGAGGCAACCTCGT-1","2","Bax",0
"CTTGATAGTAGCCTGC-1","6","Bax",0
"CTTGATGAGGCGCATT-1","4","Bax",0
"CTTGCAAAGATTAAGG-1","0","Bax",0.970225136473501
"CTTGCAAAGGAGCTTC-1","5","Bax",0
"CTTGCAAAGGCAAGGC-1","11","Bax",0
"CTTGCAAAGTGAGCAG-1","2","Bax",0
"CTTGCCATCCAGCTCC-1","11","Bax",0
"CTTGCCTGTTATCTCT-1","11","Bax",0
"CTTGCGGAGTAGCGTC-1","7","Bax",0
"CTTGCTTAGCGCTTCC-1","5","Bax",0
"CTTGCTTAGGGTCACT-1","7","Bax",0
"CTTGCTTAGTCGCGTG-1","11","Bax",0
"CTTGGATGTGGACCCT-1","7","Bax",0.690706150130221
"CTTGGCTCATCAATTC-1","4","Bax",0
"CTTGGCTCATGCGTAG-1","9","Bax",0
"CTTGGGACACTTACGC-1","9","Bax",0
"CTTGGGACATCAATCT-1","3","Bax",0
"CTTGGGACATGACCTC-1","5","Bax",0
"CTTGGGCGTCTCCAGA-1","5","Bax",0
"CTTGGGGTCTTGATGG-1","3","Bax",0
"CTTGGGTAGGTGAGGC-1","0","Bax",0
"CTTGGTAAGGTGACGA-1","1","Bax",0
"CTTGGTAAGTTGCTCT-1","4","Bax",0
"CTTGTGAAGGTACGTC-1","0","Bax",0
"CTTGTGTTCACTGGTA-1","4","Bax",0
"CTTGTGTTCCCTCACA-1","5","Bax",0
"CTTGTGTTCTCATGCT-1","0","Bax",0
"GCAAACCTCTAATGGT-1","5","Bax",0
"GCAACATCAATGGGCC-1","11","Bax",0
"GCAACGGGTTCCGCTT-1","5","Bax",0
"GCAACGGGTTTGGTAC-1","11","Bax",0
"GCAACGTTCAATCTCC-1","2","Bax",0
"GCAACGTTCAGCCCGA-1","13","Bax",0.485027531444146
"GCAACGTTCCGCCTTA-1","7","Bax",0
"GCAACTATCATGTGCA-1","5","Bax",0
"GCAACTATCGACCCGA-1","2","Bax",0
"GCAAGCAAGCGCTCAG-1","12","Bax",0
"GCAAGCAAGCTGGATC-1","14","Bax",0
"GCAAGCTTCAAGTAAG-1","11","Bax",0
"GCAATAGGTTCGGTTG-1","2","Bax",0
"GCAATAGGTTGCTATA-1","10","Bax",0
"GCAATATTCAATCTGG-1","11","Bax",0
"GCAATATTCCCAGACG-1","0","Bax",0
"GCAATATTCCGTATAG-1","6","Bax",0
"GCAATCGCAATGTCAA-1","0","Bax",0
"GCAATCTGTTCGAGCC-1","1","Bax",0
"GCAATTTAGTGAACTT-1","2","Bax",0
"GCACAATCAACCTGTC-1","11","Bax",0
"GCACAATCAATACCTT-1","9","Bax",0
"GCACACTAGCGATCAC-1","3","Bax",0
"GCACAGCCAACTGCCT-1","1","Bax",0
"GCACCATAGAATCCAT-1","4","Bax",0
"GCACCATAGGGGTTAG-1","1","Bax",0
"GCACCATAGGTCGATC-1","4","Bax",0
"GCACCATAGTTACAGT-1","3","Bax",0
"GCACCATAGTTGGTAT-1","10","Bax",0
"GCACCGATCCATCTCG-1","7","Bax",0
"GCACCGATCCTCATAC-1","11","Bax",0
"GCACGAGGTAGCTCGC-1","10","Bax",0
"GCACGAGGTCCATACG-1","6","Bax",0
"GCACGATTCCGTCCAC-1","1","Bax",0
"GCACGATTCTATCGCT-1","8","Bax",0
"GCACGGTCAACCTCGT-1","8","Bax",0
"GCACGGTCATAGAGCT-1","0","Bax",0
"GCACTAATCACCTGAA-1","7","Bax",0.376893947012883
"GCACTAGCACAACGTG-1","0","Bax",0
"GCACTATGTTGCTTGG-1","3","Bax",0
"GCACTCCTCTCATTGC-1","7","Bax",0
"GCACTGGTCACCTAGA-1","15","Bax",0
"GCACTGGTCCGGGCTA-1","3","Bax",0
"GCACTGGTCCGTCACC-1","10","Bax",0
"GCACTTGGTAGCGCGA-1","10","Bax",0
"GCACTTGGTTGGTTCG-1","5","Bax",0
"GCAGCCATCCATAGTG-1","0","Bax",0
"GCAGGATGTGCAGGAT-1","4","Bax",0
"GCAGGGTAGAACGGCA-1","2","Bax",0.593750504454299
"GCAGGGTAGCAGGGAC-1","8","Bax",0
"GCAGGGTAGGGTCAAG-1","9","Bax",0
"GCAGTAAGTAGCGAGT-1","3","Bax",0
"GCAGTAAGTCAAGGCG-1","10","Bax",0
"GCAGTAAGTCATTCCC-1","8","Bax",0
"GCAGTAAGTGAGGTGT-1","3","Bax",0
"GCATAACCAATCTACT-1","3","Bax",0
"GCATAACCAGGTTCCT-1","3","Bax",0
"GCATAACCATCCCAAC-1","8","Bax",0
"GCATAAGGTTAAGTGG-1","1","Bax",0
"GCATAGCTCAGCGGTT-1","5","Bax",0
"GCATAGCTCCGGTATA-1","3","Bax",0
"GCATAGTCAAGTGCGC-1","1","Bax",0.950712865597704
"GCATAGTCACAGCGGT-1","1","Bax",0
"GCATCACAGCGAATGG-1","4","Bax",0
"GCATCACAGTAAGCAA-1","10","Bax",0
"GCATCAGCACTTCACA-1","0","Bax",0
"GCATCCCTCACAGAGG-1","11","Bax",0.697373814606992
"GCATCCCTCCGGGTAT-1","4","Bax",0
"GCATCCCTCGATGGCT-1","4","Bax",0
"GCATCCTCATTCATCG-1","11","Bax",0
"GCATCTAAGCCTCTCA-1","1","Bax",0
"GCATGGGGTGCGCAAG-1","4","Bax",0
"GCATGGGGTTGGACCC-1","1","Bax",0
"GCATGGGGTTGTCCGA-1","11","Bax",0.752575997460576
"GCATGGTTCCAGATTG-1","7","Bax",0.746863696909744
"GCATGGTTCCGCTGGA-1","2","Bax",0
"GCATGGTTCGTTAGAT-1","0","Bax",1.15377540045902
"GCATGTCAGGCTTGGT-1","1","Bax",0
"GCATGTTGTTGTAGAG-1","1","Bax",0.632412284491334
"GCATTATAGGATAGTA-1","2","Bax",0.597440453572552
"GCATTCAAGTCGCAGT-1","1","Bax",0.989027570986987
"GCATTTGAGCATTGAT-1","5","Bax",0
"GCATTTGAGTGATGCC-1","4","Bax",0
"GCCAACTAGTGTCAAT-1","14","Bax",0
"GCCAAGCCAGTAATCA-1","6","Bax",0
"GCCAATATCGAATGAA-1","8","Bax",0
"GCCAATGCAAGTCGCA-1","13","Bax",0
"GCCACATAGCCAGTAC-1","0","Bax",0
"GCCACATAGGTGCTCG-1","6","Bax",0
"GCCACCTTCCCAGATA-1","8","Bax",0
"GCCACCTTCTCATCCG-1","1","Bax",0
"GCCACTTCAAACTGAC-1","8","Bax",0
"GCCACTTCAATACATG-1","2","Bax",0
"GCCACTTCATTACTGT-1","3","Bax",0
"GCCATATGTTCGCTGA-1","0","Bax",0
"GCCATCAGTGAACCGG-1","7","Bax",0
"GCCATCCTCGATACAT-1","0","Bax",0
"GCCATGGTCATGTGTG-1","10","Bax",0
"GCCATTCCAGCTCAAG-1","6","Bax",0
"GCCATTCCAGGAGCAG-1","1","Bax",0
"GCCCAAGTCTAACCGA-1","0","Bax",0
"GCCCAATAGCGCTGTG-1","5","Bax",0
"GCCCAATAGGATGAGT-1","10","Bax",0
"GCCCACTTCAGTTGAT-1","2","Bax",0
"GCCCATAGTAGCCAGG-1","10","Bax",0
"GCCCATTCAAGCGGTC-1","8","Bax",0
"GCCCATTCAGGCTCAA-1","1","Bax",0
"GCCCCATTCAGTTGCA-1","6","Bax",0
"GCCCCATTCCTGAATG-1","3","Bax",0
"GCCCCATTCGTGCCGA-1","11","Bax",0
"GCCCCTTAGGAACCCT-1","10","Bax",0
"GCCCGTAAGTGCAACC-1","11","Bax",0
"GCCCTAAGTTGTAACC-1","1","Bax",0
"GCCCTAGAGGTTACTG-1","3","Bax",0
"GCCCTCACATGCAGAT-1","14","Bax",0
"GCCCTGAAGAACGGAT-1","4","Bax",0
"GCCGAACCATTACGAA-1","14","Bax",0
"GCCGAGTCAAGCATGT-1","12","Bax",0
"GCCGATTAGGTTAGTT-1","12","Bax",0
"GCCGATTAGTCTAGGC-1","12","Bax",0
"GCCGCTAAGCCTGCGA-1","4","Bax",0
"GCCGGTTGTAGGTGTA-1","14","Bax",0
"GCCGTACGTGAGGTGT-1","12","Bax",0
"GCCGTACGTTGCTTCC-1","1","Bax",0.912497587831255
"GCCGTAGTCGCGACTG-1","9","Bax",0
"GCCGTCAAGTGCCCGA-1","3","Bax",0
"GCCGTCAAGTTAGCTG-1","14","Bax",0
"GCCGTTAGTGAGCCGA-1","15","Bax",0
"GCCGTTAGTGCGGTAG-1","6","Bax",0.843657355797664
"GCCGTTGAGGCAAGCA-1","4","Bax",0
"GCCTAAATCGTTCGGG-1","5","Bax",0.766246928399192
"GCCTAACAGGTTAGCC-1","13","Bax",0
"GCCTAACAGGTTGCGT-1","1","Bax",0
"GCCTAATGTCTGGGTC-1","2","Bax",0
"GCCTACCTCCCAGACG-1","10","Bax",0
"GCCTACTCAAGTTAGC-1","6","Bax",0
"GCCTACTCAGCATGGC-1","4","Bax",0
"GCCTATGGTCAGTTCG-1","0","Bax",0
"GCCTATGGTTCGCTCT-1","8","Bax",0
"GCCTCATCATAATCGA-1","5","Bax",0
"GCCTGATAGCCAGTAC-1","6","Bax",0
"GCCTGATAGTCATGTG-1","3","Bax",0
"GCCTGATAGTGGCTAC-1","1","Bax",0
"GCCTGCAAGTTACCTC-1","7","Bax",0
"GCCTGCTTCCGCTAGG-1","3","Bax",0.682470835022903
"GCCTGGATCTATCTGC-1","8","Bax",0
"GCCTGGATCTTGACAG-1","11","Bax",0
"GCCTGTGAGAAGCTGG-1","7","Bax",0.55155105783992
"GCCTGTGAGCATCGCG-1","5","Bax",0
"GCCTTCATCGCATGGT-1","0","Bax",0
"GCCTTCATCGCGTTGG-1","3","Bax",0
"GCCTTCATCTCACCTG-1","5","Bax",0
"GCCTTGCTCACGTGTA-1","1","Bax",0
"GCCTTGCTCCCTTGCA-1","1","Bax",0
"GCGAATAGTTAGTGTC-1","11","Bax",0
"GCGAATTCAAAGGAGC-1","5","Bax",0
"GCGAATTCAGGCTATG-1","10","Bax",0
"GCGAGTTTCTCACACT-1","6","Bax",0
"GCGATCCGTAACCCAT-1","4","Bax",0
"GCGATCCGTGCGTGGA-1","1","Bax",0
"GCGATGAAGTAGGCAG-1","2","Bax",0
"GCGATGTTCTCATGTC-1","4","Bax",0
"GCGATTCAGTACGCAC-1","0","Bax",0
"GCGCAAGGTAGTAACG-1","4","Bax",0
"GCGCATTAGCCTGTCC-1","0","Bax",0
"GCGCCAATCAGGTCAC-1","12","Bax",0
"GCGCCTAAGCAATGAA-1","5","Bax",0.790184967511943
"GCGCCTAAGCATGGGA-1","9","Bax",0
"GCGCTAACAACCTGTC-1","7","Bax",0
"GCGCTAACAAGGTAGA-1","15","Bax",0
"GCGCTAACAATCGGTG-1","13","Bax",0
"GCGCTAACACTAGGCA-1","3","Bax",0
"GCGCTAACATCCTGTA-1","3","Bax",0
"GCGCTCAAGCTAACTG-1","10","Bax",0
"GCGCTTGAGGATACCC-1","8","Bax",0
"GCGGAGACAATCGAAC-1","1","Bax",0
"GCGGAGACAATTACAG-1","7","Bax",0
"GCGGAGACACATACCC-1","0","Bax",0
"GCGGAGTAGGATCTAT-1","12","Bax",0
"GCGGCTTGTATGGGTA-1","5","Bax",0
"GCGGCTTGTTCCAGTG-1","4","Bax",0
"GCGGGATAGGATTAGA-1","8","Bax",0
"GCGGGTAGTCAGTTCG-1","8","Bax",0
"GCGGTAAAGGCTACGT-1","5","Bax",0
"GCGGTAGGTTAGGTCT-1","4","Bax",0
"GCGGTGAGTGAGGCCA-1","11","Bax",0.817937953373734
"GCGTAAAGTAAGGTAT-1","13","Bax",0
"GCGTAATCAAGGTGAA-1","14","Bax",0
"GCGTAATCAGGTAGTT-1","13","Bax",0
"GCGTAATCATTACCCA-1","5","Bax",0
"GCGTAGCCAAACCAAC-1","9","Bax",0
"GCGTAGCCAATAGGTC-1","8","Bax",0
"GCGTGAAAGCAATTCG-1","4","Bax",0
"GCGTGAGGTAGCCCTA-1","13","Bax",0
"GCGTGAGGTATAGCCT-1","1","Bax",0
"GCGTGAGGTCTGTGAT-1","0","Bax",0
"GCGTGAGGTGGGTAAC-1","13","Bax",0
"GCGTTAATCGCTCGCT-1","5","Bax",0
"GCGTTCCTCAGGTAGG-1","4","Bax",0
"GCGTTCTCATCCCAAC-1","6","Bax",0
"GCGTTTCCACTTAATC-1","5","Bax",0.809267152470309
"GCGTTTCCAGGATCTG-1","5","Bax",0
"GCGTTTGGTTTCAGCG-1","5","Bax",0
"GCTAAACCAAATCCTT-1","1","Bax",0.682567674823149
"GCTAAACCACTCGCAT-1","3","Bax",0
"GCTAAAGGTGGCTTCA-1","8","Bax",0
"GCTAAATTCCGCCTGT-1","9","Bax",0
"GCTAACATCACTGGGT-1","4","Bax",0
"GCTAACATCTGTCAAG-1","2","Bax",0
"GCTAAGTCACAATGCG-1","7","Bax",0.559497956252489
"GCTACAGCAGGATACT-1","15","Bax",0
"GCTACAGCAGGCTACA-1","2","Bax",0
"GCTAGGCCAAACCCAG-1","3","Bax",0
"GCTAGGCCATTCGGTC-1","3","Bax",0
"GCTAGGTTCAATTGCG-1","16","Bax",0
"GCTAGGTTCACCTGCC-1","7","Bax",0
"GCTAGTCAGCTACCGG-1","11","Bax",0
"GCTAGTCAGGATGGAT-1","0","Bax",0
"GCTAGTTGTAATGCCT-1","2","Bax",0
"GCTAGTTGTGAGTAAT-1","2","Bax",0
"GCTATCCCAGGATCAT-1","0","Bax",0
"GCTATCCCAGTACTCC-1","7","Bax",0.737011290454502
"GCTATCCCATCGCGTT-1","11","Bax",0
"GCTATTGAGGATCATT-1","7","Bax",0
"GCTATTGAGTCATCTC-1","6","Bax",0
"GCTCAAATCTAGTCGA-1","14","Bax",0
"GCTCAATGTAGGCTGG-1","4","Bax",0
"GCTCAATGTCAACGGG-1","5","Bax",0
"GCTCACCTCATACTCC-1","2","Bax",0
"GCTCAGGTCTAACCTC-1","15","Bax",0
"GCTCAGGTCTAGTACG-1","5","Bax",0
"GCTCAGTAGTAACGAA-1","3","Bax",0
"GCTCATCCAGGACTCA-1","6","Bax",0
"GCTCATCCAGGATAGA-1","13","Bax",0.894422351789198
"GCTCCAAGTGAGACCG-1","8","Bax",0
"GCTCCAAGTTGACTAC-1","5","Bax",0
"GCTCCATCACCAATCC-1","0","Bax",0
"GCTCCATCACTAACTT-1","12","Bax",0
"GCTCCCACAAGCTGCA-1","5","Bax",0
"GCTCCGTTCGATCAGC-1","9","Bax",0
"GCTCCGTTCGCTCTGC-1","3","Bax",0
"GCTCCTTGTAACTTCA-1","7","Bax",0
"GCTCCTTGTAATGCAG-1","12","Bax",0
"GCTCCTTGTATAGTGG-1","8","Bax",0
"GCTCCTTGTGATAGCA-1","4","Bax",0
"GCTCGATAGGTACGAG-1","13","Bax",0
"GCTCGTTCACATGCTC-1","10","Bax",0
"GCTCGTTCACTAATCT-1","3","Bax",0
"GCTCGTTCAGGTAATC-1","0","Bax",0
"GCTGAAAGTGGGAACT-1","3","Bax",0
"GCTGAAAGTTAAGGAT-1","5","Bax",0
"GCTGACTAGCGATCAC-1","0","Bax",0
"GCTGACTAGCGGATCT-1","1","Bax",0.82985750777271
"GCTGACTAGCTAGACC-1","2","Bax",0
"GCTGAGAAGCAATCTG-1","2","Bax",0.60267147512173
"GCTGAGAAGCGAGTGA-1","3","Bax",0
"GCTGAGAAGCGATCTA-1","9","Bax",0.863545424098359
"GCTGAGGGTCATCAAC-1","8","Bax",0
"GCTGAGGGTTCCCTTA-1","3","Bax",0
"GCTGAGGGTTTACTAG-1","0","Bax",0.852049737502745
"GCTGATTGTCAACTGT-1","11","Bax",0
"GCTGATTGTCCATCCT-1","9","Bax",0
"GCTGATTGTGATTGAG-1","6","Bax",0
"GCTGCCTTCCATCCAT-1","3","Bax",0
"GCTGCCTTCCGTGCGA-1","4","Bax",0
"GCTGCGATCGAACCTA-1","1","Bax",0.647233813815291
"GCTGCTGAGATAGATG-1","11","Bax",0
"GCTGCTGAGGGTCCTG-1","1","Bax",0
"GCTGGCTGTAATGCTC-1","2","Bax",0
"GCTGGCTGTTAACTGC-1","0","Bax",0
"GCTGTATGTGAGTTAG-1","7","Bax",0
"GCTGTATGTTGGCGAG-1","7","Bax",0
"GCTGTTAAGGGGTAAT-1","1","Bax",0
"GCTGTTAAGTAACGAA-1","11","Bax",0
"GCTTACAAGCCAGACT-1","5","Bax",0.87350177927701
"GCTTACTTCCCAGGCA-1","2","Bax",0.585767160057173
"GCTTATAGTAGCGAGT-1","6","Bax",0
"GCTTATGAGCGGGTAA-1","6","Bax",0
"GCTTATGAGCTTAACG-1","5","Bax",0
"GCTTATGAGGCATGTC-1","8","Bax",0
"GCTTATGAGGTGAGTG-1","1","Bax",0
"GCTTCATTCACTCTAC-1","11","Bax",0
"GCTTCATTCCGCGATG-1","9","Bax",0
"GCTTCCGCACAGCGGT-1","2","Bax",0
"GCTTCCGCATGCTGTC-1","3","Bax",0
"GCTTCCTGTAGTGAGC-1","12","Bax",0
"GCTTCCTGTGACGTGG-1","0","Bax",0
"GCTTCGCTCAAGTCGC-1","3","Bax",0.573672740853387
"GCTTCGCTCACATTGG-1","5","Bax",0
"GCTTGATGTCTCCAAG-1","2","Bax",1.24566570662461
"GCTTGGGTCCATTGCT-1","6","Bax",0
"GCTTGGGTCCCCAGGA-1","11","Bax",0
"GCTTGGGTCCCTCATG-1","3","Bax",0
"GCTTGTAAGGCACACT-1","4","Bax",0
"GCTTGTAAGGGTCTCG-1","0","Bax",0
"GCTTGTAAGGTGAGGC-1","2","Bax",0
"GCTTGTAAGTCATGTG-1","0","Bax",0
"GCTTGTAAGTGCCAGT-1","0","Bax",0
"GCTTGTCCAACTGGTG-1","2","Bax",0
"GCTTGTCCACAACGTG-1","8","Bax",0
"GCTTGTCCACCTTACA-1","1","Bax",0.758018771648828
"GCTTTCACAGGACTGC-1","1","Bax",0
"GGAAACTAGCCATGAC-1","7","Bax",0
"GGAAATGCACCAGGAC-1","15","Bax",0
"GGAAATGCATTAGTGA-1","7","Bax",0
"GGAAATTGTTTAATCG-1","2","Bax",0
"GGAACATAGCATGATT-1","3","Bax",0
"GGAACCTTCAGGTCTA-1","2","Bax",0
"GGAACGATCAGCACCG-1","10","Bax",0
"GGAAGATTCAGTAGGG-1","5","Bax",0
"GGAAGCCAGTAGCACC-1","7","Bax",0
"GGAAGGCTCCCGTGTC-1","8","Bax",0
"GGAAGGTCATTAGTCT-1","10","Bax",0
"GGAAGTTAGATAGCCC-1","5","Bax",0
"GGAATATGTGCGTGGA-1","4","Bax",0
"GGAATGGTCAATGTGT-1","12","Bax",0
"GGAATGGTCGTGAGGA-1","4","Bax",0
"GGAATTAAGTTGCGTA-1","4","Bax",0
"GGAATTGGTTTAGGAG-1","8","Bax",0
"GGACAATAGGGCTAGA-1","0","Bax",0
"GGACACAAGCAGGTGA-1","4","Bax",0
"GGACACCCAATCAAGC-1","0","Bax",0
"GGACACCCAGGTAATC-1","12","Bax",0
"GGACACCCAGGTATCG-1","1","Bax",0
"GGACACCCATCCTATG-1","8","Bax",0
"GGACACCCATGGATTA-1","3","Bax",0.949060125061916
"GGACATAGTAATCCAC-1","12","Bax",0
"GGACATTCAATACAGC-1","2","Bax",0
"GGACATTCACCTCGCA-1","13","Bax",0
"GGACCCTGTTAGCTGT-1","10","Bax",0
"GGACCTTAGCTACCGG-1","3","Bax",0
"GGACCTTAGTTGCGGT-1","16","Bax",0
"GGACGATGTAACCCTG-1","3","Bax",0
"GGACGGACATTCCTCT-1","6","Bax",0
"GGACGTAAGTCAGGAG-1","3","Bax",0
"GGACTCACACCAACCT-1","14","Bax",0
"GGACTCACACCTATCA-1","2","Bax",0
"GGACTTGCAAATCGAC-1","8","Bax",0.920875128852421
"GGAGAAGGTATTGGAG-1","0","Bax",0
"GGAGAAGGTCATTGGT-1","0","Bax",0
"GGAGAGGAGGTGCTTA-1","2","Bax",0
"GGAGAGGAGTCGACGT-1","4","Bax",0
"GGAGAGTCAATTGAGC-1","1","Bax",0
"GGAGAGTCATCGGTCT-1","6","Bax",0
"GGAGATTAGCCTGAAC-1","11","Bax",0
"GGAGATTAGGAATGCG-1","14","Bax",0
"GGAGATTAGGTATCCA-1","7","Bax",0
"GGAGCAATCGCGATGT-1","4","Bax",0
"GGAGCCAGTAATCCTA-1","8","Bax",0
"GGAGCCAGTTTAAGCC-1","7","Bax",0
"GGAGCTAAGGGCAGAC-1","7","Bax",0
"GGAGCTAAGTACGCCG-1","8","Bax",0
"GGAGCTGGTTAAGGGC-1","9","Bax",0
"GGAGCTGGTTCCGGTA-1","0","Bax",0
"GGAGTAGTCAAGTCTG-1","4","Bax",0
"GGAGTAGTCACGCAAC-1","2","Bax",0
"GGAGTCAAGCTAACCA-1","9","Bax",0
"GGATAATGTGAAGCCG-1","2","Bax",0.649672234269461
"GGATAGGTCACCTACT-1","1","Bax",0.632991667913815
"GGATAGTAGTCGATAT-1","5","Bax",0
"GGATATGGTAAGTGCA-1","12","Bax",0
"GGATCGCCAACTCGTC-1","6","Bax",0
"GGATCGCCAAGCACAT-1","1","Bax",0
"GGATCGTTCGTACGGT-1","5","Bax",0
"GGATCGTTCGTAGTCA-1","1","Bax",0
"GGATCTATCAGTAGGG-1","0","Bax",0
"GGATCTATCCATCCTG-1","6","Bax",0
"GGATCTATCGCGCGTA-1","1","Bax",0
"GGATGCTTCACTCCGC-1","12","Bax",0
"GGATGCTTCCGTAAGC-1","15","Bax",0
"GGATGGGCAAGTTCCC-1","10","Bax",0
"GGATGGGCAGGTATCG-1","3","Bax",0
"GGATGGGCATTGGCAG-1","7","Bax",0
"GGATGTGAGCGACTAC-1","9","Bax",0
"GGATGTTCAGGATGGG-1","7","Bax",0.995220426633144
"GGATGTTCATAAGCAC-1","2","Bax",0
"GGATTAAAGGATGAAC-1","7","Bax",0
"GGATTAAAGTCGCTGG-1","6","Bax",0
"GGATTAAAGTTGGGCT-1","10","Bax",0
"GGATTCATCCCCTGGT-1","8","Bax",0
"GGATTCATCTATGGCA-1","2","Bax",0
"GGATTGCTCCCGCATC-1","9","Bax",0
"GGATTGCTCCGCCAGA-1","10","Bax",0
"GGCAAAGTCCTGCCGT-1","1","Bax",0
"GGCAAAGTCGCATTAG-1","9","Bax",0
"GGCAACTTCACAGCTA-1","1","Bax",0
"GGCAAGGCAACCAAGT-1","3","Bax",0
"GGCAAGGCACATTCCA-1","11","Bax",0.834846921364577
"GGCAATAGTTGCTGGC-1","2","Bax",0
"GGCAATTCAGCTAACG-1","3","Bax",0
"GGCACACCAATCAATG-1","1","Bax",0
"GGCACCTGTCAATTCA-1","11","Bax",0
"GGCACCTGTTGCAGGG-1","2","Bax",0
"GGCACGAGTTAGCGAA-1","0","Bax",0
"GGCATAGAGAATCACT-1","5","Bax",0
"GGCATAGAGTAGTGAA-1","8","Bax",0
"GGCATCACAATATGGC-1","6","Bax",0
"GGCATCACAGGTTCGA-1","7","Bax",0
"GGCATCCGTGGAAGGA-1","10","Bax",0
"GGCATGTTCGAATGAA-1","5","Bax",0
"GGCATTATCCTGACCC-1","7","Bax",0
"GGCATTATCTAGTTGG-1","5","Bax",0.57445174493733
"GGCCAACCAGCCATCT-1","1","Bax",0
"GGCCAATTCAGCCTAA-1","2","Bax",0
"GGCCCTAAGTTAGGTT-1","5","Bax",0
"GGCCGAAGTCCATCCT-1","9","Bax",0
"GGCCGAAGTTCTGTGG-1","4","Bax",0
"GGCCGATCAAGGGCTC-1","7","Bax",0
"GGCCGTTGTGAAGTGC-1","10","Bax",0
"GGCCGTTGTGAGGCAT-1","8","Bax",0
"GGCCTAACAACTCGGA-1","4","Bax",0
"GGCCTTGAGCATTACG-1","5","Bax",0
"GGCGAACAGGTCGTAC-1","12","Bax",0
"GGCGAATGTGCATTAC-1","3","Bax",0
"GGCGAATGTTAGACGA-1","9","Bax",0
"GGCGACTCACCTATAT-1","1","Bax",0
"GGCGACTCACTAACCC-1","5","Bax",0
"GGCGAGACATCACTCA-1","0","Bax",0
"GGCGATCCACCATACC-1","13","Bax",0
"GGCGATTTCAATCGTG-1","8","Bax",1.36103604330487
"GGCGATTTCACTAGGC-1","6","Bax",0
"GGCGGTAGTGAACGCG-1","12","Bax",2.37635818765399
"GGCGGTTCACAAGCCA-1","5","Bax",0.62688107612544
"GGCGTAAAGTATGTGT-1","5","Bax",0
"GGCGTAAAGTTACCTC-1","7","Bax",0.670213163930932
"GGCGTCTGTGAACGAC-1","6","Bax",0
"GGCGTTACAACATGCG-1","11","Bax",0
"GGCGTTACACTAATTC-1","10","Bax",0
"GGCGTTACATAGAGCT-1","7","Bax",0
"GGCGTTACATCGGTGA-1","1","Bax",0
"GGCTAATCACAAGGCC-1","1","Bax",0
"GGCTAATCACTTAACT-1","4","Bax",0
"GGCTAATCAGTTGCAG-1","8","Bax",0
"GGCTAGAAGAATCCTG-1","7","Bax",0
"GGCTAGAAGGGCAGAC-1","1","Bax",0
"GGCTAGAAGTAGGTCC-1","5","Bax",0
"GGCTATATCCAGCTCC-1","0","Bax",0
"GGCTATTGTAATGTCC-1","9","Bax",0
"GGCTATTGTGATCCCA-1","1","Bax",0
"GGCTCAACAGCCAGGT-1","7","Bax",0.547832939913229
"GGCTCAACAGCTCATC-1","9","Bax",0
"GGCTCAACAGGACACC-1","3","Bax",0
"GGCTCGATCGATCGGT-1","15","Bax",0
"GGCTGAAAGTACCAGC-1","15","Bax",0
"GGCTGACCACTTCGCG-1","12","Bax",0
"GGCTGACCATAACGTA-1","8","Bax",0
"GGCTGACCATTACCAT-1","6","Bax",0.729478384832196
"GGCTGCATCAATTGGT-1","10","Bax",2.12715767699375
"GGCTGCATCGTTAGAT-1","1","Bax",0
"GGCTGGTCACCATAGG-1","12","Bax",0
"GGCTGGTCACCTTGAC-1","8","Bax",0
"GGCTGGTCAGCTAAGT-1","2","Bax",0
"GGCTGGTCAGTTGCCT-1","2","Bax",0
"GGCTTAATCTATCGTC-1","2","Bax",0
"GGCTTATGTAGTAAGT-1","1","Bax",0
"GGCTTCCTCAGGAGAT-1","15","Bax",0
"GGCTTCCTCGACTATG-1","10","Bax",0
"GGCTTTGGTAGCGACG-1","3","Bax",0
"GGCTTTGGTAGTGTGA-1","10","Bax",0
"GGCTTTGGTGATGAAT-1","3","Bax",0
"GGCTTTGGTTCTGGCA-1","13","Bax",0
"GGGAATGTCACATGCA-1","13","Bax",0
"GGGAATGTCGATACTG-1","1","Bax",0
"GGGAATGTCGATTCAG-1","4","Bax",0
"GGGAATGTCTATGGAT-1","7","Bax",0
"GGGACAATCATCAGCA-1","12","Bax",0
"GGGACAATCCGCAGAT-1","3","Bax",0
"GGGACCAGTTGGGTCC-1","8","Bax",0
"GGGACCTCAACCTGCT-1","10","Bax",0
"GGGACCTCAACGGTCA-1","4","Bax",0
"GGGACGTAGCAACCGT-1","11","Bax",0
"GGGACGTAGGGTTGCT-1","3","Bax",0
"GGGACTAAGCTATCAG-1","3","Bax",0.721941158118761
"GGGACTAAGTGCAAGG-1","8","Bax",0
"GGGACTGGTTTACTCT-1","4","Bax",0
"GGGATAGTCGATTCCT-1","1","Bax",0
"GGGATAGTCGCGCTGA-1","6","Bax",0
"GGGATAGTCTGGTAGC-1","3","Bax",0
"GGGATATAGCAAGGAT-1","0","Bax",0
"GGGATATAGTTAGGTT-1","4","Bax",0
"GGGATCAAGTGGCCTG-1","4","Bax",0
"GGGATTAGTAATGACG-1","9","Bax",0.82500270488912
"GGGATTAGTTATCTGA-1","7","Bax",0
"GGGATTGAGCTAATGT-1","6","Bax",0
"GGGATTGAGGTGAGAT-1","6","Bax",0
"GGGCAAATCATGACTG-1","3","Bax",0
"GGGCAAATCGAACCCG-1","4","Bax",1.32182917796042
"GGGCAACAGCGAGCTT-1","5","Bax",0
"GGGCAACAGGCTCCTC-1","2","Bax",0
"GGGCAATGTTTGACGT-1","2","Bax",0
"GGGCAGACAGGGACTC-1","5","Bax",0
"GGGCATCCAAGCCTAG-1","3","Bax",0
"GGGCATCCAAGCTGAT-1","5","Bax",0
"GGGCATCCACATACCC-1","5","Bax",0
"GGGCATCCATTGCACC-1","4","Bax",0
"GGGCATTTCATCTCTA-1","8","Bax",0
"GGGCCTATCCTGATAG-1","6","Bax",0
"GGGCCTATCGACATTG-1","14","Bax",0
"GGGCGTAGTGGCCAGA-1","2","Bax",0
"GGGCGTAGTTGCATTA-1","1","Bax",0
"GGGCTAGGTTAGTTCA-1","6","Bax",0
"GGGCTCTGTAATCCCG-1","8","Bax",0
"GGGCTCTGTTCCGCAA-1","4","Bax",0
"GGGCTTACATTGGCGA-1","5","Bax",0
"GGGGACTAGCCATAGC-1","1","Bax",0
"GGGGACTAGGCAACTC-1","6","Bax",0
"GGGGATGCACTTACCA-1","15","Bax",0
"GGGGCAACAAGGTCCA-1","5","Bax",0.664574491929642
"GGGGCAACACTAGCAG-1","2","Bax",0.707813122163647
"GGGGCAACATGACCGA-1","3","Bax",0.761713635538117
"GGGGCAACATTCATCG-1","5","Bax",0
"GGGGCTAGTTGAGCAA-1","0","Bax",0
"GGGGCTAGTTGCTCTC-1","6","Bax",0
"GGGGTCAGTATTGGGA-1","13","Bax",0
"GGGGTCAGTCAGTTAC-1","7","Bax",0
"GGGGTTAAGTAGAGCG-1","2","Bax",0
"GGGGTTGGTAACTTCA-1","4","Bax",0
"GGGTAACGTCAGTGCC-1","11","Bax",0
"GGGTAACGTTAGAGTG-1","5","Bax",0
"GGGTACGGTATTGGGA-1","9","Bax",0.876847709420356
"GGGTACGGTTGTCCAG-1","0","Bax",0
"GGGTACTTCCCTCGAC-1","5","Bax",0
"GGGTATGAGCCATGCG-1","4","Bax",0
"GGGTATGAGCGGTAGA-1","6","Bax",0
"GGGTCAAAGAACCTCA-1","6","Bax",1.27183538387176
"GGGTCAGGTGAGTCGG-1","0","Bax",0
"GGGTCAGGTGCGGATG-1","14","Bax",0
"GGGTCATTCCAACTAG-1","8","Bax",0
"GGGTCATTCCATAGCA-1","7","Bax",0
"GGGTCCATCGTACGGT-1","5","Bax",0
"GGGTGAATCAGGGCTT-1","1","Bax",0
"GGGTGAATCCAGCCCT-1","2","Bax",0
"GGGTGAATCTAGTAAC-1","2","Bax",0
"GGGTGAATCTGGTCAA-1","2","Bax",0
"GGGTTAAGTATGTGGA-1","2","Bax",0
"GGGTTAAGTTTGCGGC-1","9","Bax",0
"GGGTTAGAGGGGATCA-1","7","Bax",0.646454052713285
"GGGTTCCGTCTAATGC-1","5","Bax",0
"GGGTTCCGTTGCCTCT-1","0","Bax",0
"GGGTTGAAGCGAGACA-1","6","Bax",0
"GGGTTGAAGCTAGTGC-1","4","Bax",0
"GGGTTGAAGGAATGCG-1","12","Bax",0
"GGGTTTCAGATAGTCT-1","9","Bax",0
"GGTAAATGTAACCCTG-1","15","Bax",0
"GGTAAATGTTGTCCAG-1","3","Bax",0
"GGTAAGGTCATGCTGA-1","0","Bax",0
"GGTAAGGTCCGCACCT-1","2","Bax",0.666366293189306
"GGTACATCATAAGCTA-1","5","Bax",0
"GGTACGCCACTATATC-1","5","Bax",0.647624424711473
"GGTACTATCATAGATC-1","7","Bax",0.667797707465854
"GGTACTATCGATTCAG-1","9","Bax",0
"GGTACTTGTGATTGAG-1","0","Bax",0
"GGTAGCAAGTTGGACC-1","5","Bax",0
"GGTAGCGGTTCGTAAC-1","7","Bax",0
"GGTAGCTTCGTGCCAG-1","4","Bax",0
"GGTAGGATCTAGCTTC-1","2","Bax",0
"GGTAGTAGTTCCGCAA-1","12","Bax",0
"GGTAGTAGTTGGACCC-1","1","Bax",0
"GGTAGTGAGGCACTTA-1","1","Bax",0
"GGTATAGGTTAGACAG-1","10","Bax",0
"GGTATATTCAGTATGT-1","14","Bax",0
"GGTATATTCATAGGTT-1","12","Bax",0
"GGTATATTCCACCTAT-1","2","Bax",0
"GGTATATTCGTACTAG-1","6","Bax",0
"GGTATCTGTGCAGCTC-1","13","Bax",0
"GGTATGAGTAACGGTA-1","3","Bax",0
"GGTATGGAGCTGGTTA-1","14","Bax",0
"GGTATGTCACTTGAGG-1","9","Bax",0
"GGTATTGTCAGCGGAA-1","4","Bax",0
"GGTCAATCATTAGCTT-1","4","Bax",0
"GGTCAGCCATCATCTG-1","3","Bax",0
"GGTCATTGTGCATCCA-1","6","Bax",0
"GGTCATTGTTGCATAC-1","6","Bax",0.855456458653133
"GGTCCTGAGAATCGAA-1","16","Bax",0
"GGTCCTGAGCTAGGGA-1","4","Bax",0
"GGTCGAGGTTTGCGTG-1","11","Bax",0
"GGTCGATTCATGTAAC-1","2","Bax",0
"GGTCGCATCGTAGTAT-1","8","Bax",0
"GGTCGGTCATCGGTTC-1","0","Bax",0
"GGTCTAGCAATGCCGA-1","4","Bax",1.84492899918773
"GGTCTAGCATCCAATT-1","7","Bax",0
"GGTCTCCTCGTGCAAC-1","2","Bax",0.452026686070969
"GGTGAACGTTGGATCT-1","0","Bax",0
"GGTGAATAGTAGTAGA-1","2","Bax",0
"GGTGAGGCAGGCAACC-1","4","Bax",0
"GGTGAGGCAGGTTACG-1","5","Bax",0
"GGTGAGGCATGAGTGT-1","1","Bax",0.797354451904229
"GGTGAGGCATGAGTTA-1","4","Bax",0
"GGTGCAGGTGAGTAAT-1","6","Bax",0
"GGTGCATTCATGAGTT-1","7","Bax",0.27713614368673
"GGTGCATTCGATCAAT-1","2","Bax",0
"GGTGCCTGTTATCTAG-1","5","Bax",0
"GGTGCTTAGCGCTGCA-1","3","Bax",0
"GGTGGATGTTCGTGCA-1","5","Bax",1.01926796343159
"GGTGGCAGTTGAGTTC-1","5","Bax",0
"GGTGGCTCAACATACA-1","8","Bax",0
"GGTGGCTCATCGAAGT-1","8","Bax",0
"GGTGGCTCATCGGGAC-1","1","Bax",0
"GGTGTAAGTGACGAGT-1","3","Bax",0
"GGTGTCCGTAACCCAT-1","4","Bax",0
"GGTGTCCGTTCGATGT-1","0","Bax",0
"GGTGTTGCAATCGCTC-1","4","Bax",0
"GGTGTTGCACTCATGC-1","9","Bax",0
"GGTGTTGCAGGCATTG-1","10","Bax",0
"GGTTAAGGTTGTGGTT-1","14","Bax",0
"GGTTAATTCATCAGGC-1","11","Bax",0
"GGTTAATTCATCGTCT-1","8","Bax",0
"GGTTAATTCCGCTACC-1","3","Bax",0
"GGTTACATCATCTCTA-1","10","Bax",0
"GGTTACATCGTACCGG-1","5","Bax",0
"GGTTATGTCCCAATGA-1","11","Bax",0
"GGTTCAATCAAGTTAC-1","5","Bax",0
"GGTTCAATCCGGATAC-1","4","Bax",0
"GGTTCTAAGAAGGGAA-1","10","Bax",0
"GGTTGGTTCAGTACGC-1","3","Bax",0
"GGTTGGTTCATGCAAT-1","2","Bax",0.621807972180709
"GGTTGTCAGGATAGAC-1","15","Bax",0
"GGTTGTCAGTACGGTC-1","12","Bax",0
"GGTTTAGTCCCCATCA-1","5","Bax",0
"GGTTTCAAGCCAGCCA-1","11","Bax",0
"GTAAACCCAATCTCTG-1","2","Bax",0
"GTAAACGGTTTCACTT-1","12","Bax",0
"GTAAACTTCCTCGTGC-1","6","Bax",0
"GTAAAGGCACTAACGG-1","2","Bax",0
"GTAAATGAGCAGGTAG-1","11","Bax",0
"GTAAATGAGGTTACGC-1","4","Bax",0
"GTAACCATCAGGGATG-1","10","Bax",0
"GTAACCTGTAACTCTA-1","3","Bax",0
"GTAACCTGTCATCGCA-1","8","Bax",0
"GTAAGCCTCAGTTAGT-1","4","Bax",0
"GTAAGCGAGGCTCTGG-1","9","Bax",0
"GTAAGCTCAGGCAACC-1","0","Bax",0
"GTAAGGGTCCATCTCG-1","0","Bax",0
"GTAAGTAAGCCAATCA-1","9","Bax",0
"GTAAGTAAGTTACCCT-1","7","Bax",0
"GTAATCCGTAGCGGAT-1","6","Bax",0
"GTAATGAAGGTTCAAT-1","8","Bax",0
"GTAATGAAGTCATGGC-1","0","Bax",0
"GTAATGGGTAAGGTTG-1","10","Bax",0
"GTAATGTTCGCGCACA-1","9","Bax",0
"GTACAAGGTGGCCTGT-1","2","Bax",0
"GTACAAGGTTTACAGC-1","0","Bax",0
"GTACCAATCCCGTAGG-1","1","Bax",0
"GTACCAATCCGGGTCA-1","0","Bax",0
"GTACCAATCTGGCTAA-1","9","Bax",0
"GTACCAGCAAATGGGA-1","10","Bax",0
"GTACCAGCACTTACTG-1","12","Bax",0
"GTACCCTCAAGCACGC-1","3","Bax",0
"GTACGAAGTGGCTAGG-1","4","Bax",0
"GTACGGGGTCAAGCCC-1","6","Bax",0
"GTACGGTTCGTTACAG-1","10","Bax",0
"GTACGTTGTATTGGAG-1","4","Bax",0
"GTACTAACACTCAATT-1","7","Bax",0
"GTACTAGTCATGTCTC-1","14","Bax",0
"GTACTAGTCCTGTCGC-1","1","Bax",0
"GTACTAGTCGTGCTAA-1","8","Bax",0
"GTACTAGTCTGGATGC-1","2","Bax",0
"GTACTCCCACTCGCTG-1","4","Bax",0
"GTACTCCCATGACGGC-1","3","Bax",0
"GTAGAATGTAGTAGTG-1","8","Bax",0
"GTAGAATGTGAAGGCT-1","5","Bax",0.827676272123092
"GTAGACTCATGAATGC-1","4","Bax",0
"GTAGACTCATTAACTC-1","2","Bax",0
"GTAGATGGTCATCCCT-1","1","Bax",0
"GTAGATGGTGAGTGAC-1","16","Bax",0
"GTAGCATCATTAGCGG-1","10","Bax",0
"GTAGCCACACATGCAG-1","0","Bax",0
"GTAGCCACAGCTCATC-1","10","Bax",0
"GTAGCCCGTAGCTCGC-1","1","Bax",0
"GTAGCCCGTGGGTATA-1","0","Bax",0
"GTAGCGGGTCCATCAG-1","5","Bax",0
"GTAGCGGGTTGCAGGG-1","0","Bax",0
"GTAGCTATCAGTTCCT-1","0","Bax",0
"GTAGCTTGTGCACGAG-1","2","Bax",0.607464556067406
"GTAGCTTGTGGAGAGA-1","14","Bax",0
"GTAGGATAGGGTTGGA-1","0","Bax",0
"GTAGGCAAGGCGTTAC-1","2","Bax",0
"GTAGGCAAGTAAGGAC-1","5","Bax",0
"GTAGGGGCACAGGATT-1","2","Bax",0
"GTAGGTAGTAACTCTA-1","5","Bax",0.756635353872196
"GTAGGTAGTAGGCTGG-1","0","Bax",0
"GTAGGTAGTGCGCAGA-1","8","Bax",0
"GTAGGTGAGGATTGAA-1","9","Bax",0
"GTAGGTGAGGTGCTAC-1","10","Bax",0
"GTAGTAAAGATTAGAG-1","3","Bax",0
"GTAGTAAAGTGCCGTG-1","2","Bax",0
"GTAGTAGGTATGGCCC-1","3","Bax",0.687298920842402
"GTAGTCGCATCCCAGT-1","4","Bax",0
"GTAGTCTGTCCCGAAC-1","5","Bax",0
"GTAGTGAGTTATCTCT-1","6","Bax",0.628836244483273
"GTAGTTACAGCATGTG-1","3","Bax",0
"GTAGTTACAGTTGCCT-1","13","Bax",0
"GTAGTTACATGCTCGT-1","5","Bax",0
"GTAGTTGTCCGTGGCA-1","4","Bax",0
"GTATAGAAGAATCCTG-1","2","Bax",0
"GTATAGCCAGTAAGGA-1","10","Bax",0
"GTATCCCCACTTACAT-1","6","Bax",0
"GTATCCCCACTTCGAC-1","1","Bax",0
"GTATCCCCACTTCGGT-1","1","Bax",0
"GTATCTTCATCCTATG-1","11","Bax",0
"GTATGAAAGCGATTCA-1","3","Bax",0
"GTATGCATCACCTGCC-1","0","Bax",0
"GTATGCATCCTGACGG-1","0","Bax",0
"GTATGGGAGGTTCGCG-1","1","Bax",0
"GTATGGGAGTAAGTTC-1","2","Bax",0
"GTATGGGAGTGGCAAG-1","4","Bax",0
"GTATGGTCATGGAACT-1","0","Bax",0
"GTATGTTAGCGCCAAT-1","0","Bax",0
"GTATTAGCATAACTGA-1","6","Bax",0
"GTATTCAGTCATCGGC-1","6","Bax",0
"GTATTCCTCACTAGGC-1","9","Bax",0
"GTATTGGTCCTCACCA-1","3","Bax",0
"GTCAAATTCCATGCAA-1","6","Bax",0
"GTCAAATTCGATGCCG-1","2","Bax",0
"GTCAAGCTCCGGTGAT-1","0","Bax",0.885542217790724
"GTCAATGTCCGCGACA-1","8","Bax",0
"GTCAATGTCGATGGGA-1","2","Bax",0
"GTCAATGTCGCGAGTT-1","10","Bax",0
"GTCAATTAGCATCCTT-1","8","Bax",0
"GTCAATTAGTTGCAGC-1","1","Bax",0
"GTCACCTCATCACGAG-1","1","Bax",0
"GTCACGTAGGAATTAG-1","13","Bax",0
"GTCACGTAGTGGCGAA-1","11","Bax",0
"GTCATAGTCGCGCGTA-1","9","Bax",0
"GTCATATAGGTAATTC-1","2","Bax",0
"GTCATCAAGCGAGACA-1","12","Bax",0
"GTCATCAAGTAATGCT-1","6","Bax",1.32872759399968
"GTCATCCCAACTGGCA-1","8","Bax",0
"GTCATCCCACCATACC-1","0","Bax",0
"GTCATTAGTAGTCCAT-1","13","Bax",0
"GTCATTTCAAAGGTGA-1","8","Bax",0
"GTCATTTCAGGTAACT-1","10","Bax",0
"GTCCAACAGGGGATTG-1","10","Bax",0
"GTCCAACAGTGGCCTG-1","6","Bax",0
"GTCCAATGTTTCGCAG-1","4","Bax",0
"GTCCAGGTCACGGACT-1","13","Bax",0
"GTCCAGGTCGAATTAC-1","2","Bax",0
"GTCCAGGTCGACCTGG-1","2","Bax",0
"GTCCAGTAGGCTCCAG-1","2","Bax",0
"GTCCATCCACCTGGAA-1","0","Bax",0
"GTCCATCCATGGCAGC-1","2","Bax",0
"GTCCATGGTGGCGCTT-1","0","Bax",0
"GTCCATTTCTGGATAT-1","1","Bax",0
"GTCCCAAGTAGCCCGT-1","2","Bax",0
"GTCCCAAGTAGTGTGA-1","7","Bax",0
"GTCCCGTTCCCTCGTA-1","4","Bax",0
"GTCCCTCAGGAATTAG-1","0","Bax",0
"GTCCGAACATGATTGA-1","8","Bax",0
"GTCCGATAGCCCGTCT-1","7","Bax",0
"GTCCGATAGGATAGCG-1","7","Bax",0
"GTCCGCAAGGTGATGG-1","5","Bax",0
"GTCCGCTTCCGGGTCA-1","1","Bax",0
"GTCCGCTTCGTTCACT-1","3","Bax",0.699201689468652
"GTCCGTAGTCATGGTT-1","0","Bax",0
"GTCCGTAGTTCGTCAG-1","1","Bax",0
"GTCCGTGAGGAGTAGT-1","3","Bax",0
"GTCCGTGAGGCAATCC-1","10","Bax",0
"GTCCGTTCACTCGGTT-1","7","Bax",0
"GTCCTAAAGGATGAGT-1","1","Bax",0
"GTCCTATTCGCATCCC-1","10","Bax",0
"GTCCTGCTCAGGACTC-1","3","Bax",0
"GTCCTGCTCATCGAAT-1","3","Bax",0
"GTCCTGCTCGAATCAT-1","1","Bax",0
"GTCGAGGGTCAAGGGT-1","6","Bax",0
"GTCGCCAAGATACTAC-1","13","Bax",0
"GTCGCCAAGCCACGCA-1","2","Bax",0
"GTCTAACGTTCGTAGT-1","0","Bax",0
"GTCTACAAGCTTACGA-1","2","Bax",0
"GTCTACCCACTAGGTG-1","1","Bax",0
"GTCTACCCATGACTAA-1","5","Bax",0
"GTCTACCCATGCTCCG-1","4","Bax",0
"GTCTACCCATTACTCG-1","1","Bax",0
"GTCTATGAGCGCATGT-1","6","Bax",0
"GTCTATGAGGATTGCC-1","2","Bax",0
"GTCTATGAGGCAACTC-1","7","Bax",0
"GTCTCACCAAATCGTA-1","9","Bax",0
"GTCTCCATCCATCACT-1","2","Bax",0
"GTCTCCATCCGCCACT-1","10","Bax",0
"GTCTCCGCATTACGGG-1","0","Bax",0
"GTCTCGCTCAGCGGTT-1","4","Bax",0
"GTCTGCCTCGATCAGC-1","7","Bax",0.414672334276625
"GTCTGCCTCTAAGCAT-1","3","Bax",0
"GTCTGGACAAATGCCG-1","9","Bax",0.805072372374991
"GTCTGTCCATTCAGGG-1","6","Bax",0
"GTGAAATGTGCAGTCC-1","4","Bax",0
"GTGAACCTCACAGGAG-1","5","Bax",0
"GTGAAGGTCACAGCCG-1","7","Bax",0
"GTGAAGGTCATATAGC-1","3","Bax",0
"GTGAATCCATGAGTTA-1","0","Bax",0
"GTGAATGGTCAAGGGT-1","1","Bax",0
"GTGAATGGTGGACCTC-1","3","Bax",0
"GTGACGTTCCCAGGAT-1","4","Bax",0
"GTGACGTTCGCTGAAC-1","4","Bax",0
"GTGACTATCCTTCATA-1","7","Bax",0
"GTGAGCGGTAACTTCA-1","11","Bax",0
"GTGAGCGGTAATGCGA-1","3","Bax",0
"GTGAGGATCCATCTCG-1","1","Bax",0.726874178282872
"GTGAGTGAGAATCACT-1","1","Bax",0.884122104721255
"GTGAGTGAGTCGACAC-1","4","Bax",0
"GTGATATTCTCATCGT-1","1","Bax",0
"GTGATGCTCAATTCGG-1","13","Bax",0.604360871930128
"GTGATGGAGCCTGTGG-1","5","Bax",0.804525632623394
"GTGATTGTCACGCGCA-1","10","Bax",0
"GTGATTGTCTGGTACA-1","0","Bax",0
"GTGATTTAGCTAATGT-1","4","Bax",0
"GTGATTTAGTCGACAC-1","1","Bax",0
"GTGCAATCAAGCATAC-1","2","Bax",0
"GTGCACTAGAAGGGTT-1","4","Bax",0
"GTGCACTAGCAAGGTG-1","2","Bax",0
"GTGCACTAGCGAACCT-1","3","Bax",0
"GTGCATATCCGTCCTA-1","3","Bax",0
"GTGCATTGTTGAAGTG-1","11","Bax",0
"GTGCATTGTTGCGTGC-1","0","Bax",0
"GTGCCCAAGAACGAAC-1","0","Bax",0
"GTGCGAGGTTTACACA-1","1","Bax",0
"GTGCGGTCAAGCATCG-1","0","Bax",0
"GTGCGGTCAGGCAATT-1","6","Bax",0
"GTGCTAATCCGCAGAT-1","3","Bax",0
"GTGCTAATCCTTCGGC-1","0","Bax",0
"GTGCTCAGTCTAGTTA-1","16","Bax",0
"GTGCTTGGTCAAGTAG-1","2","Bax",0
"GTGGACAAGCTACTCT-1","3","Bax",0
"GTGGACAAGGTCATGC-1","10","Bax",0
"GTGGACAAGTGATCTG-1","2","Bax",0
"GTGGACCCACTACCAC-1","4","Bax",0
"GTGGATAGTCTTGCTC-1","8","Bax",0
"GTGGATAGTGAGGTCG-1","4","Bax",0
"GTGGCAGGTCCCGAAC-1","10","Bax",0
"GTGGCAGGTTCGTAAC-1","5","Bax",0
"GTGGCCATCACAGGCT-1","1","Bax",0.59447745768197
"GTGGCCATCCATAGGC-1","2","Bax",0
"GTGGCGAGTTGCAGGG-1","9","Bax",0
"GTGGCGAGTTTCGCTC-1","14","Bax",0
"GTGGGTAAGTGCAACC-1","3","Bax",0
"GTGGGTTTCAAGTTCG-1","11","Bax",0.694901786850427
"GTGGGTTTCCAGGTTA-1","11","Bax",0
"GTGGGTTTCCTTCGTG-1","13","Bax",0
"GTGGTAAGTGAAGCCG-1","1","Bax",0.788413726539322
"GTGGTAAGTTCGGTTG-1","3","Bax",0
"GTGGTAAGTTTGCCTC-1","7","Bax",0.544105145433984
"GTGGTCCGTCAGCCTA-1","6","Bax",0
"GTGGTCCGTTAGTCGT-1","16","Bax",0
"GTGGTCCGTTGACGAA-1","0","Bax",0.688628016113631
"GTGGTCCGTTGGGTCC-1","6","Bax",0
"GTGGTTATCTAACCCT-1","8","Bax",0
"GTGTAACCACATATAG-1","7","Bax",0
"GTGTAAGGTCATGCTG-1","4","Bax",0
"GTGTAGTCAAGTGGCC-1","7","Bax",0
"GTGTAGTCAATGTATG-1","15","Bax",0
"GTGTCCTCAATTAGGC-1","3","Bax",0
"GTGTGAGAGCATGTGC-1","2","Bax",0
"GTGTGAGAGCCATCAA-1","3","Bax",0
"GTGTGAGAGCGAGCTT-1","3","Bax",0.866570865018451
"GTGTGAGAGGCACATC-1","4","Bax",0
"GTGTGGCCAATAGCAC-1","0","Bax",0
"GTGTGGCCACCATCTA-1","2","Bax",0
"GTGTGGCCATTCATGT-1","0","Bax",0.625099833017914
"GTGTGTTGTAGCGCCT-1","16","Bax",1.36601716868074
"GTGTGTTGTTAGTCGT-1","11","Bax",0
"GTGTTACGTTGTCATA-1","5","Bax",0
"GTGTTAGTCGACTGGT-1","7","Bax",0
"GTGTTCAAGCGATGAG-1","12","Bax",0
"GTGTTCCCAGTTGGGC-1","9","Bax",0
"GTTAACTAGTCAAGGG-1","11","Bax",0
"GTTAAGCCATGATTAG-1","0","Bax",0
"GTTAAGGGTAAGCTAG-1","2","Bax",0.703299552023963
"GTTAATGCAAATCAGC-1","1","Bax",0
"GTTACCCCAACCAGAT-1","3","Bax",0
"GTTACCCCACAGCGGT-1","1","Bax",0
"GTTACCCCAGCTCAAG-1","0","Bax",0
"GTTACCTTCCCATTCG-1","5","Bax",0
"GTTACTTCAAAGGAGC-1","0","Bax",0
"GTTACTTCAGTAAGGA-1","6","Bax",0.791238546459707
"GTTACTTCATCACGAG-1","0","Bax",0
"GTTACTTCATGCTCCG-1","8","Bax",0
"GTTAGCATCGCTCACC-1","4","Bax",0
"GTTAGCATCGTGATGC-1","1","Bax",0
"GTTAGGCTCGACCTAA-1","7","Bax",0.975341731087727
"GTTAGGCTCGATGATT-1","3","Bax",0
"GTTAGGCTCGTGAGGA-1","2","Bax",0
"GTTAGGGAGCGAGAGC-1","2","Bax",0
"GTTAGGTCACTCGCAT-1","11","Bax",0.501791783852613
"GTTAGTTAGGATTAGA-1","10","Bax",0
"GTTAGTTAGTCATTGG-1","6","Bax",0
"GTTATCAGTTAAGGAT-1","14","Bax",0
"GTTATCCTCTAACCAG-1","12","Bax",0
"GTTATCCTCTGGCACG-1","13","Bax",0
"GTTCAATAGGAACTGG-1","4","Bax",0
"GTTCAATAGGTAAGGT-1","0","Bax",0
"GTTCACAAGCATTCAG-1","11","Bax",0
"GTTCACAAGTAGCTCA-1","8","Bax",0
"GTTCACCCACCATACC-1","6","Bax",0
"GTTCACCCATTCAGGG-1","11","Bax",0
"GTTCACTTCGCTAATG-1","0","Bax",0
"GTTCAGGCATGGTCAG-1","1","Bax",0
"GTTCATGAGCGATAGG-1","4","Bax",2.04017398379786
"GTTCATTCAACCTCGT-1","2","Bax",0.890720516111786
"GTTCCAAAGAACCTGC-1","0","Bax",0
"GTTCCAAAGCCAGGTT-1","6","Bax",0
"GTTCCAAAGGTAGGAT-1","15","Bax",0
"GTTCCAAAGGTTGAGG-1","7","Bax",0.754659660642424
"GTTCCCTGTTAATCTG-1","9","Bax",0
"GTTCGAATCATGTCCT-1","9","Bax",0
"GTTCGATGTTCAAGCT-1","0","Bax",0
"GTTCGATGTTTGGGCC-1","0","Bax",0.933333382806464
"GTTCGTCCATAAGCAC-1","7","Bax",0.46986117322879
"GTTCGTCCATAATCGA-1","6","Bax",0
"GTTCGTCCATCCATCA-1","9","Bax",0
"GTTCGTTTCATCGTAG-1","2","Bax",0
"GTTCGTTTCATGCTCT-1","9","Bax",0
"GTTCGTTTCCCATTCG-1","3","Bax",0
"GTTCTAAGTGGCGTAG-1","0","Bax",0
"GTTCTAAGTTATCGCG-1","10","Bax",0
"GTTCTCACATTGGCGA-1","10","Bax",0
"GTTGAAGGTCATCAGT-1","8","Bax",0
"GTTGAAGGTTAGCATC-1","10","Bax",0
"GTTGAGGAGCTTACAG-1","8","Bax",0
"GTTGATTAGGAGTCAG-1","4","Bax",0
"GTTGCAATCTATGAGT-1","4","Bax",0
"GTTGCCCTCAGGTTGC-1","8","Bax",0
"GTTGCCCTCCGCTGAG-1","12","Bax",0
"GTTGCCCTCGTGCTCC-1","9","Bax",0
"GTTGCCTCACTATGCC-1","14","Bax",0
"GTTGCCTCAGGATCTG-1","10","Bax",0
"GTTGCTGGTATGTGTC-1","5","Bax",0
"GTTGCTGGTTATCGCG-1","7","Bax",0
"GTTGGGTTCCTCATGT-1","8","Bax",0
"GTTGTACGTTAATCCA-1","7","Bax",0
"GTTGTACGTTATCCGG-1","2","Bax",0
"GTTGTACGTTCGGTTG-1","12","Bax",0
"GTTGTGATCAGGCAGA-1","8","Bax",0
"TAAACCACAATCGCCT-1","5","Bax",0
"TAAACCACATCCCGTG-1","3","Bax",0.560947603482526
"TAAACCACATGGTAAC-1","15","Bax",0
"TAAACGAAGCCTAGCG-1","6","Bax",0
"TAAACGAAGGTATCGC-1","6","Bax",0
"TAAACGGGTTGGAGCG-1","8","Bax",0
"TAAATCGCAGTAATTG-1","2","Bax",0
"TAAATCGCATGGATCG-1","3","Bax",0
"TAAATCGCATTAGCGG-1","5","Bax",0
"TAACACTAGCCTCTGC-1","2","Bax",0
"TAACACTAGTCGAGTC-1","7","Bax",0.609986610706437
"TAACAGCCAGGTTACG-1","8","Bax",0
"TAACCAACAAAGGATG-1","13","Bax",0.466158428957076
"TAACCAACAATATCAG-1","5","Bax",0
"TAACCAACACATTGAA-1","10","Bax",0
"TAACCAACATGACGAT-1","0","Bax",0
"TAACCAACATTGCCAC-1","7","Bax",0.455799402555091
"TAACCATAGCTTAGTG-1","10","Bax",0
"TAACCCTTCTGGCCGA-1","1","Bax",0
"TAACCGATCACAGCGT-1","2","Bax",0
"TAACCTAGTTGCTCTC-1","4","Bax",0
"TAACGAAAGTCAGTCA-1","4","Bax",0
"TAACGAGGTAACTGCT-1","7","Bax",0
"TAACGAGGTGATGATG-1","12","Bax",0
"TAACGAGGTTAGACGA-1","5","Bax",0
"TAACGAGGTTGCGCGT-1","6","Bax",0
"TAACGATTCCGCTAGG-1","3","Bax",0
"TAACGCGCACCTCAAC-1","2","Bax",0
"TAACGGCTCAGGACGA-1","6","Bax",0
"TAACGGCTCCCATAGA-1","6","Bax",1.23019417587972
"TAACGGTCACAGCACA-1","3","Bax",0
"TAACGGTCATCATATC-1","14","Bax",1.27964975003172
"TAACGGTCATCGCTAC-1","8","Bax",0
"TAACTCCTCAGGCTTA-1","3","Bax",0.66265599529301
"TAACTCCTCCATCGAA-1","0","Bax",0.388117734314988
"TAACTCCTCGATGCAC-1","8","Bax",0
"TAACTGACATAATCTC-1","6","Bax",0
"TAACTGACATGGAATC-1","14","Bax",1.37921138649419
"TAACTGGTCAAGTTAC-1","2","Bax",0
"TAACTGGTCCATTGCT-1","2","Bax",0
"TAACTGGTCCTGATGA-1","1","Bax",0
"TAACTTGGTTGCCCAA-1","10","Bax",0
"TAAGCAAAGGATGGCA-1","2","Bax",0
"TAAGCAAAGGCGATAG-1","5","Bax",0
"TAAGCACCAAAGGTCT-1","8","Bax",1.61264561366087
"TAAGCACCAAGTCGGC-1","5","Bax",0
"TAAGCACCAGCATGGC-1","5","Bax",0.705056324314524
"TAAGCAGGTCTGTGTG-1","0","Bax",0
"TAAGCCATCACATAGT-1","5","Bax",0
"TAAGCCTGTATGGTGA-1","1","Bax",0
"TAAGCGAGTCTTGGGC-1","2","Bax",0
"TAAGCGAGTTCGGCGT-1","1","Bax",0
"TAAGCGCTCCCGTGCT-1","4","Bax",0
"TAAGGATGTTATGCTA-1","1","Bax",0
"TAAGGATGTTGCACTG-1","4","Bax",0
"TAAGGCGAGGATTGCC-1","2","Bax",0
"TAAGTCACAACGGCTA-1","1","Bax",0
"TAAGTCCGTCAGTTAC-1","13","Bax",0.484022080956444
"TAAGTGAAGTGAGATA-1","6","Bax",0
"TAATAGCTCGTCTAAG-1","9","Bax",0.383208739684762
"TAATAGCTCGTTAGCA-1","2","Bax",0
"TAATCACAGGGCTAAG-1","2","Bax",0
"TAATCAGCAGGAATGA-1","8","Bax",0
"TAATCAGCATGGATTA-1","4","Bax",0
"TAATCAGCATTCATGT-1","0","Bax",0
"TAATCCCTCCTGAGTA-1","10","Bax",0
"TAATCCTCAATATCCT-1","1","Bax",0
"TAATGGGGTCAGCGGA-1","2","Bax",0
"TAATGGTTCCTGACTT-1","2","Bax",0
"TAATGGTTCGATGGGA-1","2","Bax",0
"TAATGTCAGCTATCTC-1","1","Bax",0
"TAATGTCAGTCGAGAG-1","6","Bax",0.78606501472565
"TAATTCCCATTAGCCC-1","1","Bax",0
"TACAACTAGGCAAGGC-1","4","Bax",0
"TACAACTAGTCGCACG-1","7","Bax",0.53276169987066
"TACAAGGGTGAGGCTG-1","6","Bax",0
"TACAAGGGTGCACGTC-1","7","Bax",0
"TACAAGGGTGGGAACT-1","4","Bax",0
"TACAAGGGTTGTGCCA-1","1","Bax",1.08597388979639
"TACAATGCATTGCGCT-1","3","Bax",0
"TACACAACAGCTCAGA-1","3","Bax",0
"TACACCGGTAGCGGTG-1","0","Bax",0
"TACACCGGTGAGCCCT-1","6","Bax",0
"TACACCTTCTGGGCTG-1","0","Bax",0
"TACAGATTCCTTAGCT-1","4","Bax",0
"TACAGATTCGTTCACT-1","14","Bax",0
"TACAGCCAGATTGCCA-1","5","Bax",0
"TACAGCCAGCAATTAC-1","1","Bax",0
"TACAGCCAGGATCCCG-1","4","Bax",0
"TACAGCGCATGATCGG-1","0","Bax",0
"TACAGGGAGAAGCTCC-1","3","Bax",0
"TACAGTTAGATTGCCA-1","4","Bax",0
"TACAGTTAGCTGGCAT-1","12","Bax",0
"TACAGTTAGGCTCCAG-1","12","Bax",0
"TACATAGCAATGCGTG-1","9","Bax",0
"TACATAGCACTTCAGC-1","9","Bax",0
"TACATGACAGGTTCGA-1","3","Bax",0.595169762411284
"TACCAAGTCACCCTTG-1","3","Bax",0.631792731212041
"TACCAATAGCGCCACA-1","4","Bax",0
"TACCAATAGTGGCGAA-1","1","Bax",0
"TACCACAAGAAGCTAA-1","8","Bax",0
"TACCACAAGCCAGTCG-1","9","Bax",0
"TACCACGGTGCAGTCC-1","2","Bax",0
"TACCACGGTTTGGATC-1","6","Bax",0
"TACCAGGCATTGCCGT-1","16","Bax",0
"TACCATGAGTAGACTT-1","9","Bax",0
"TACCATTCAAAGGTAG-1","15","Bax",0
"TACCCATTCCTGCCAC-1","15","Bax",0
"TACCCCTGTCAACCTG-1","9","Bax",0
"TACCGCCTCCAACTAG-1","7","Bax",0
"TACCGTCCAGTAATCA-1","0","Bax",0
"TACCTAGAGTTAGGAA-1","13","Bax",0.940983344464527
"TACCTCACAATACCGG-1","2","Bax",0
"TACCTCACATCATCGC-1","3","Bax",0
"TACCTGAAGCATGCAC-1","0","Bax",0
"TACCTGAAGCCATGAC-1","1","Bax",0
"TACGAACCAAATGCAC-1","9","Bax",0
"TACGAAGGTTGCTATA-1","0","Bax",1.05268130492161
"TACGAGGAGCGCCAAT-1","16","Bax",0
"TACGAGGAGGTACTTG-1","3","Bax",0
"TACGCAATCCAGAGCT-1","11","Bax",0.578242055642101
"TACGCAATCGATGCGT-1","5","Bax",0
"TACGCAATCTATCCAC-1","13","Bax",0
"TACGCAATCTGGGATC-1","6","Bax",0
"TACGCATGTGCATTAC-1","5","Bax",0
"TACGCATGTTGTAGTC-1","4","Bax",0
"TACGCCCTCATGCCGG-1","7","Bax",0.49997296585515
"TACGCCTCACCTGTGT-1","7","Bax",0
"TACGCTAAGCCGCACA-1","1","Bax",0
"TACGCTAAGGTGCATC-1","0","Bax",0
"TACGCTGGTAGGTCGG-1","7","Bax",0
"TACGCTGGTCAAGCCC-1","13","Bax",0.69636261741392
"TACGCTGGTTCGTCTC-1","1","Bax",0
"TACGGTCAGCCCTTCA-1","4","Bax",0
"TACGGTCAGCCTCTGC-1","1","Bax",0
"TACGGTCAGCTGGATC-1","0","Bax",0
"TACGGTCAGCTTACAG-1","2","Bax",0
"TACGGTCAGTTACGCA-1","5","Bax",0
"TACGGTTGTCTGGTTG-1","1","Bax",0
"TACGTAGTCCCAGGCA-1","0","Bax",0
"TACGTAGTCCTGCCAC-1","2","Bax",0
"TACGTCAAGCAAGGAT-1","15","Bax",0
"TACGTCAAGCCGACAT-1","3","Bax",0
"TACGTCAAGGTTCCTT-1","7","Bax",0
"TACTACCTCACAGAGG-1","6","Bax",0
"TACTATGGTCTGGTTG-1","2","Bax",0
"TACTCATCAAGTTCCC-1","3","Bax",0
"TACTCATCATCGTTCA-1","6","Bax",0
"TACTCCACATGGCCTT-1","1","Bax",0
"TACTCCACATTCATGT-1","5","Bax",0
"TACTGATAGGTAAGGT-1","14","Bax",0
"TACTGATAGGTAGGTG-1","1","Bax",0
"TACTGTGAGAAGCGTG-1","15","Bax",0
"TACTGTGAGCATATAC-1","11","Bax",0
"TACTGTGAGCCTGATA-1","1","Bax",0
"TACTGTGAGGTCATAT-1","5","Bax",0
"TACTGTGAGTAGGTAA-1","6","Bax",0
"TACTGTTCACAAGCGC-1","12","Bax",0
"TACTGTTCATTCGCGT-1","4","Bax",0
"TACTTAGGTCAATTCA-1","1","Bax",0
"TACTTAGGTTGACGTT-1","6","Bax",0
"TACTTCATCATCACGA-1","0","Bax",0
"TACTTCATCCTTCGGC-1","4","Bax",0
"TAGCAAGGTATGGTAG-1","3","Bax",0
"TAGCAAGGTGAGGCTG-1","11","Bax",0
"TAGCACGCAATCGCCT-1","5","Bax",0
"TAGCAGTCATGCAGAT-1","5","Bax",0
"TAGCCAGCAAAGGTGA-1","4","Bax",0
"TAGCCAGCACTTGATT-1","5","Bax",0.605077106273952
"TAGCCCTCACCAATCC-1","10","Bax",0
"TAGCGAAGTTAGGCCC-1","6","Bax",0.708911658941675
"TAGCTAGTCTGGCCCT-1","0","Bax",0
"TAGCTCAAGCCCTTCA-1","2","Bax",0
"TAGCTCAAGGGGATCA-1","7","Bax",0
"TAGCTCAAGTGCGGTT-1","14","Bax",0
"TAGGAGTAGTTGGTGC-1","5","Bax",0
"TAGGATGGTCATGAAG-1","11","Bax",0
"TAGGCAAGTGATCAAG-1","11","Bax",0
"TAGGCAAGTTGGGCCT-1","5","Bax",0
"TAGGCCACAAGCTCTC-1","3","Bax",0.595060340814102
"TAGGCTTGTTGGAATG-1","11","Bax",0
"TAGGGCTTCCCCAACC-1","0","Bax",0
"TAGGGTGAGGTGCGAA-1","1","Bax",0
"TAGGGTGAGTAACGAA-1","3","Bax",0
"TAGGGTTCACCAATCC-1","4","Bax",0
"TAGGTAGGTAAGGACC-1","5","Bax",0
"TAGGTAGGTCTTGCCT-1","7","Bax",0
"TAGGTGAGTTGGCGCT-1","14","Bax",0
"TAGGTGGAGCAGGGTA-1","3","Bax",0
"TAGGTTACAAGCTATA-1","14","Bax",0
"TAGGTTACAGGCTATG-1","5","Bax",0
"TAGTACCGTTGGGTCC-1","5","Bax",0
"TAGTAGCCAGCTAACG-1","7","Bax",0
"TAGTCCCCAAGGGAAC-1","3","Bax",0
"TAGTGCATCGCTGGCA-1","2","Bax",0.603646382319544
"TAGTGGGAGCTAGCCG-1","6","Bax",0
"TAGTGGGAGGTACGTC-1","3","Bax",0
"TAGTGTTAGCGATGGA-1","4","Bax",0
"TAGTTAGCAAGGTCCA-1","2","Bax",0.603271033732662
"TAGTTAGCATGATATG-1","1","Bax",0
"TAGTTCCTCCAACCTT-1","8","Bax",0
"TAGTTTCCAAATGAGG-1","7","Bax",0
"TAGTTTCCAACTAGAC-1","12","Bax",0
"TAGTTTGGTTCGAGCC-1","4","Bax",0
"TAGTTTGGTTGTCTCC-1","0","Bax",0
"TATACGTAGCATGGCT-1","8","Bax",0
"TATACGTAGGTCCCGA-1","0","Bax",0
"TATACGTAGTCAGGAG-1","13","Bax",0
"TATAGGGGTTAGTGCT-1","3","Bax",0
"TATAGGGGTTGGATAG-1","0","Bax",0
"TATAGGTTCATGCACA-1","7","Bax",0
"TATAGTCAGCGCCTAG-1","1","Bax",0
"TATAGTCAGCTTCCAT-1","5","Bax",0.691700327213024
"TATAGTCAGGGTATCC-1","1","Bax",0
"TATCACCTCCAACCGG-1","2","Bax",0
"TATCACCTCCACCGTC-1","5","Bax",0
"TATCATCCAATCTCCA-1","8","Bax",0
"TATCCAAGTAAGGGCT-1","1","Bax",1.00929977993504
"TATCCAAGTATAGCAG-1","5","Bax",0
"TATCCAAGTCTCCAAG-1","7","Bax",0
"TATCCATCATCGACTC-1","13","Bax",0
"TATCCCACAAGCGGAG-1","4","Bax",0
"TATCCCACATTCGTCA-1","6","Bax",0
"TATCCGCCAATCTCTG-1","6","Bax",0
"TATCCGGGTAACCCAT-1","8","Bax",0
"TATCCGGGTAAGGACC-1","3","Bax",0
"TATCCGTTCACGTTGA-1","1","Bax",0
"TATCCGTTCTAAGCCA-1","6","Bax",0
"TATCCTTGTTGCGGAG-1","13","Bax",0
"TATCGAACATTAGCGG-1","4","Bax",0
"TATCGCTTCCCGCTGT-1","8","Bax",0
"TATCGCTTCCGCGTCT-1","2","Bax",0
"TATCGGGCATGGTATA-1","5","Bax",0
"TATCGTAGTTGACTCG-1","10","Bax",0
"TATCGTTCAAGCTATA-1","2","Bax",0
"TATCTCATCCATCTAC-1","3","Bax",0
"TATCTGCTCCCATGCC-1","9","Bax",0
"TATCTGCTCGTGCGTG-1","4","Bax",0
"TATCTTGTCCGTGCAG-1","12","Bax",2.11296423371848
"TATGACTAGAAGGTGT-1","1","Bax",0
"TATGAGAAGTGGCTCG-1","14","Bax",0
"TATGATGCATCCATAT-1","10","Bax",0
"TATGCAACACCAGGAC-1","3","Bax",0
"TATGCAACATCCTGCG-1","7","Bax",0
"TATGCTAGTTCGCAGC-1","0","Bax",0
"TATGGCCAGCCGACCA-1","5","Bax",0
"TATGGCCAGGTTGCTA-1","1","Bax",0
"TATGGTTAGGAACTGG-1","7","Bax",0
"TATGGTTAGGCTACCG-1","14","Bax",0
"TATGGTTAGGGGATTG-1","2","Bax",0
"TCAAAGCCATGGATAC-1","8","Bax",0
"TCAAATGCACCTTCCC-1","0","Bax",0
"TCAAATGCAGGGACGA-1","5","Bax",0
"TCAAATGCATTCCTCT-1","4","Bax",0
"TCAACATAGTGAAGCG-1","6","Bax",0
"TCAACCAAGTATGAGA-1","4","Bax",0
"TCAACCTTCAAGTCCA-1","2","Bax",0
"TCAATCCTCATCATCC-1","5","Bax",0
"TCAATCTCATCCTCGG-1","1","Bax",0
"TCAATTGGTTCGGGCT-1","0","Bax",0
"TCACAATAGGTGGACA-1","7","Bax",0
"TCACACAAGCTTAACG-1","0","Bax",0
"TCACACCCAGTACCAG-1","0","Bax",0
"TCACAGGCAATCTATC-1","12","Bax",0
"TCACATAGTGGGTCTC-1","1","Bax",0
"TCACATAGTTACACTA-1","0","Bax",0
"TCACATGAGGCATTCA-1","5","Bax",0
"TCACATGAGGTATAGA-1","6","Bax",0
"TCACATTCAAGCTCAG-1","1","Bax",0
"TCACATTCAGGGCTTA-1","0","Bax",0
"TCACCAAAGTTAGCGC-1","2","Bax",0
"TCACCATTCCGGATAC-1","9","Bax",0
"TCACCCTGTGAAGGAG-1","4","Bax",0
"TCACGAATCCCGCTTA-1","6","Bax",0
"TCACGACAGCTATCCT-1","10","Bax",0
"TCACGATGTCAAGGGT-1","3","Bax",0
"TCACGCCTCATCGTCT-1","4","Bax",0
"TCACGCCTCATGTAAC-1","9","Bax",0
"TCACGGACACAGGGCT-1","0","Bax",0
"TCACGGACAGGTTCCT-1","0","Bax",0
"TCACGGACAGGTTGGC-1","11","Bax",0
"TCACGGACAGTTAGGT-1","6","Bax",0
"TCACGTAAGCCATTGA-1","4","Bax",0
"TCACGTAAGGATTAGA-1","6","Bax",0
"TCACGTAAGGGTAGCA-1","2","Bax",0
"TCACGTAAGTACGGGA-1","7","Bax",0
"TCACGTAAGTGAGCCT-1","7","Bax",0
"TCACGTCCAACCGTAG-1","6","Bax",0
"TCACGTCCAGGCAAGG-1","8","Bax",0
"TCACGTTTCGTGAGAG-1","0","Bax",0
"TCACTCACACCATGCT-1","5","Bax",0
"TCACTCACAGGGACTC-1","5","Bax",0
"TCACTGTTCGAATCCA-1","9","Bax",0
"TCACTGTTCGTGAGTC-1","4","Bax",0
"TCACTTATCGTTCACT-1","14","Bax",0
"TCAGAGGAGCAAGTCC-1","10","Bax",0
"TCAGAGGAGGTTACGC-1","3","Bax",0
"TCAGCATGTAACCACT-1","7","Bax",0
"TCAGCATGTCTTGGTG-1","2","Bax",0
"TCAGCCAGTCTCAGTG-1","8","Bax",0
"TCAGCTAAGTAGTGCC-1","1","Bax",0
"TCAGGTCAGGGTATCC-1","14","Bax",0
"TCAGGTTGTCATCCCT-1","0","Bax",0
"TCAGGTTGTGCGGTCT-1","8","Bax",0
"TCAGTATAGGTAAGCG-1","4","Bax",0
"TCAGTATAGGTAGTAA-1","4","Bax",0
"TCAGTATAGTGACGGA-1","1","Bax",0
"TCAGTCAAGATAGGTA-1","0","Bax",0
"TCAGTCAAGTCAGGTC-1","5","Bax",0
"TCAGTTAGTAAGCCAA-1","0","Bax",0
"TCATAGGTCCATGCCC-1","7","Bax",0.306069296704149
"TCATAGGTCCGTAGCG-1","6","Bax",0
"TCATAGGTCCTCTCGA-1","13","Bax",0
"TCATATGGTTGACGCC-1","2","Bax",0
"TCATCATCAACGGCTA-1","1","Bax",0
"TCATCGAAGTACCATG-1","0","Bax",0
"TCATCGCCAAGCTGGC-1","14","Bax",0
"TCATCTATCATACAGT-1","7","Bax",0
"TCATCTATCATGGCTA-1","7","Bax",0
"TCATCTATCGCTCTGC-1","9","Bax",0
"TCATGCTTCACGTACA-1","2","Bax",0
"TCATGCTTCCAGGTTA-1","4","Bax",0
"TCATGCTTCCATAGTG-1","4","Bax",0
"TCATGGATCAGGACTC-1","2","Bax",0
"TCATGGATCCATCAAG-1","10","Bax",0
"TCATGGATCGATAGCC-1","2","Bax",0
"TCATGGATCGTTACCT-1","1","Bax",0
"TCATGGGCATTCCTAG-1","4","Bax",0
"TCATGTGAGCTGGTTA-1","2","Bax",0
"TCATGTTCACTAGCTC-1","5","Bax",0
"TCATTAGGTAAGCGTA-1","0","Bax",0
"TCATTAGGTCTAAGCT-1","0","Bax",0
"TCATTCATCACATGCA-1","4","Bax",0
"TCATTCATCTAGCCAA-1","7","Bax",0
"TCATTCGCAAAGGACA-1","10","Bax",0
"TCATTCGCACCATCTA-1","14","Bax",0
"TCATTCGCAGTTGCCT-1","3","Bax",0.487244899077351
"TCATTGCTCACAGGTC-1","1","Bax",0
"TCATTGCTCACCACTT-1","13","Bax",0.563348302867583
"TCATTGCTCGATGATT-1","14","Bax",0
"TCATTGCTCTAGCTTC-1","7","Bax",0
"TCCAAAGTCGCTCACC-1","10","Bax",0
"TCCAACCCACTTGGTC-1","7","Bax",0
"TCCAACTTCAGTATGT-1","2","Bax",0
"TCCAACTTCTGGGCAT-1","3","Bax",0
"TCCAATAGTGAGCCAG-1","1","Bax",0
"TCCAATGAGCCACATA-1","7","Bax",0
"TCCAATGAGGATCCGT-1","1","Bax",0
"TCCAATGAGTGAGTCC-1","1","Bax",0
"TCCAATGAGTTAGCTG-1","0","Bax",0
"TCCAATGAGTTGCTGA-1","1","Bax",0
"TCCAATTCAGTACTAA-1","3","Bax",0
"TCCAATTCATAGGGTT-1","3","Bax",0.450617913777321
"TCCAATTCATTAGGCG-1","3","Bax",0
"TCCACACCAACTAGCG-1","1","Bax",0
"TCCACATTCTAGCTCT-1","3","Bax",0
"TCCACCGCAACCAAGT-1","2","Bax",0
"TCCACCGCATAGAGCT-1","0","Bax",0
"TCCACTTAGGCGTAGA-1","4","Bax",0
"TCCAGCTCAAATCCAA-1","5","Bax",0
"TCCAGCTCAAGCTCCT-1","5","Bax",0
"TCCAGGTAGGGGATTG-1","10","Bax",0
"TCCAGGTAGGTAATCT-1","15","Bax",0
"TCCAGTAAGCCCTGTC-1","0","Bax",0
"TCCATAGAGGTTAGGG-1","14","Bax",0
"TCCATCCGTAATCGTC-1","6","Bax",0
"TCCATGAAGCGATGTC-1","0","Bax",0
"TCCATGGGTGGAAGTC-1","14","Bax",1.41234947486722
"TCCATTGCAATGTCGG-1","0","Bax",0.709803555387621
"TCCATTGCAGGTAGTT-1","11","Bax",0
"TCCATTGCATAATCAG-1","9","Bax",0
"TCCCAACCAACGTGAT-1","8","Bax",0
"TCCCAACCAAGGTGCC-1","2","Bax",0
"TCCCAACCAATCCTCA-1","0","Bax",0.721560404326096
"TCCCAACCATTCATCG-1","13","Bax",0
"TCCCAAGGTCAACCAT-1","15","Bax",0
"TCCCAAGGTGCGGTCT-1","2","Bax",0
"TCCCAGCTCCCTGGCT-1","5","Bax",0
"TCCCCAATCGACTTGA-1","1","Bax",0
"TCCCCTAAGGATTCAT-1","2","Bax",0
"TCCCCTGGTGAGGTGT-1","7","Bax",0
"TCCCCTGGTGATGACA-1","12","Bax",0
"TCCCCTGGTTGGTCAT-1","10","Bax",0
"TCCCGAAGTTCGTCCT-1","2","Bax",0
"TCCCGATCAGTTAGTA-1","5","Bax",0
"TCCCGTTGTATAGCTC-1","3","Bax",0
"TCCCTCAAGGTAGGCA-1","4","Bax",0
"TCCCTCAAGTGAGGAT-1","5","Bax",0
"TCCCTTAGTTCGGCTA-1","0","Bax",0
"TCCCTTGAGCGGTTAC-1","6","Bax",0
"TCCTAATCAACTTACT-1","1","Bax",0
"TCCTAATCAAGCGTTG-1","1","Bax",0
"TCCTAATCATGAAGTC-1","10","Bax",2.21447567900599
"TCCTAGAAGGAGGCAC-1","6","Bax",0
"TCCTAGAAGGATTACT-1","3","Bax",0
"TCCTAGAAGTAGAGGT-1","3","Bax",0.893397884415755
"TCCTATATCACGGAAG-1","9","Bax",0
"TCCTATTGTAATCGCT-1","1","Bax",0
"TCCTCAACAAATCCAA-1","9","Bax",0
"TCCTCGATCCATCACT-1","14","Bax",0
"TCCTCTTCAACTTCGC-1","12","Bax",0
"TCCTCTTCAATCAGGT-1","5","Bax",0
"TCCTCTTCAGGGCAGA-1","11","Bax",0
"TCCTGACCAGGGACGA-1","6","Bax",0
"TCCTGGTCAATGTATG-1","3","Bax",0
"TCCTGGTCATAGGGCC-1","5","Bax",0
"TCCTGTTAGCATGGTC-1","1","Bax",0
"TCCTGTTAGGGGATTG-1","3","Bax",0
"TCCTTAATCAGCAGAG-1","5","Bax",0
"TCCTTATGTGGACCGA-1","5","Bax",0
"TCCTTCTCAAGCGTAT-1","5","Bax",0
"TCCTTGGTCATCTGTC-1","2","Bax",0
"TCCTTTGGTATGGTCT-1","8","Bax",0
"TCGAATGTCCCGCTGT-1","4","Bax",0
"TCGACACAGGTGCGAA-1","12","Bax",0
"TCGACACAGTTAGGCC-1","0","Bax",0
"TCGACCAGTGGGTACG-1","12","Bax",0
"TCGACCTCAATATCCT-1","4","Bax",0
"TCGACCTCATAAGGTC-1","10","Bax",0
"TCGACCTCATAGGCGC-1","1","Bax",0
"TCGACGTAGCTGGAAG-1","7","Bax",0
"TCGACTAAGGGGATGC-1","2","Bax",0.995059210490442
"TCGAGGTTCTATGTGG-1","13","Bax",0
"TCGATAGTCTAGTGCA-1","11","Bax",0
"TCGATATAGGTAAGTA-1","0","Bax",0
"TCGATATAGTTACCGA-1","5","Bax",0.556876045590892
"TCGATCAAGGTAATCT-1","9","Bax",0
"TCGATCAAGTTGCGAC-1","1","Bax",0.933239771621836
"TCGATTGAGGCGCATT-1","8","Bax",0
"TCGCAAATCCTCAGTT-1","1","Bax",0
"TCGCAAATCGACCTGG-1","0","Bax",0
"TCGCAAATCGAGCACT-1","2","Bax",0.942319217427033
"TCGCAAATCTGGGAAG-1","6","Bax",0
"TCGCAACAGGTGACAG-1","10","Bax",0
"TCGCACCTCGCGCCAA-1","2","Bax",0
"TCGCAGACAAACCATA-1","14","Bax",0
"TCGCAGACAATACTTC-1","5","Bax",0
"TCGCATAAGCGCTACG-1","6","Bax",0
"TCGCATAAGCTGGCTG-1","3","Bax",0
"TCGCATGGTAGTCAAG-1","9","Bax",0
"TCGCCATCACATTAAG-1","14","Bax",0
"TCGCCTATCCATTACC-1","2","Bax",0
"TCGCCTGCAATTAACG-1","0","Bax",0
"TCGCCTTGTTTGGTGT-1","15","Bax",0
"TCGCGATAGCCAGTCG-1","9","Bax",0
"TCGCGATAGTGATTCG-1","5","Bax",0
"TCGCGCAAGATAGGGT-1","13","Bax",0
"TCGCGGATCGACATCA-1","5","Bax",0
"TCGCTAAAGAAGCCCT-1","9","Bax",0
"TCGCTAAAGCTACGAC-1","4","Bax",0
"TCGCTAGGTGGAGCAT-1","0","Bax",0
"TCGCTCGCAATTCATC-1","0","Bax",0
"TCGCTCGCAGCCATTC-1","0","Bax",0
"TCGCTCTGTGATCCTG-1","5","Bax",0
"TCGCTCTGTGCGTAGG-1","1","Bax",0
"TCGCTCTGTTCGGCTA-1","1","Bax",0
"TCGCTGCTCATCAGTG-1","10","Bax",0
"TCGCTTACAAGCTTAA-1","7","Bax",0.661837291777297
"TCGCTTGTCCATCACT-1","3","Bax",0
"TCGGCAACATAACCGG-1","6","Bax",0
"TCGGCCAAGTGCCAGT-1","2","Bax",0
"TCGGCTAGTTATGGAG-1","15","Bax",0
"TCGGCTGAGCTTACTC-1","8","Bax",0
"TCGGGCATCCAGCAAC-1","3","Bax",0
"TCGGGGTCAATGGGCC-1","3","Bax",0
"TCGGGTTAGCTAGGGA-1","12","Bax",0
"TCGGTAATCGCGACTG-1","3","Bax",0
"TCGGTCAGTGAGGATC-1","0","Bax",0.976165790495064
"TCGGTCAGTGAGTTGA-1","2","Bax",0
"TCGGTTAAGAACGGAT-1","13","Bax",0.503442898835206
"TCGGTTAAGGTACTAT-1","5","Bax",0
"TCGTAATAGCATGACC-1","5","Bax",0
"TCGTAATAGGATGGTG-1","11","Bax",0
"TCGTACGGTAATCGTC-1","4","Bax",0
"TCGTACTTCGAATGAA-1","15","Bax",0
"TCGTACTTCGATGAGG-1","1","Bax",0
"TCGTCAAAGTGCCCAG-1","0","Bax",0.933801740758446
"TCGTCATTCCATCGTT-1","0","Bax",0
"TCGTCCATCGTTACAG-1","7","Bax",0
"TCGTGCCTCCCAATCT-1","6","Bax",0
"TCGTGCCTCGCGCGTA-1","0","Bax",0.89733865818624
"TCGTGCCTCTCATTGC-1","7","Bax",0
"TCGTGTCCACTCAACC-1","11","Bax",0
"TCGTTGAAGCTGGGTT-1","0","Bax",0
"TCGTTGAAGGGTACTC-1","7","Bax",0
"TCGTTGAAGGTCGAAG-1","6","Bax",0
"TCGTTGGGTAGTCCGC-1","7","Bax",0
"TCGTTTCAGGTCAACC-1","7","Bax",0
"TCGTTTCAGTAACCGC-1","2","Bax",0.620135714229806
"TCGTTTGCAAGCGTGC-1","7","Bax",0
"TCTAACCTCCATGACA-1","2","Bax",0
"TCTAACCTCCGTAGTA-1","2","Bax",0
"TCTAAGGTCCGGTAGT-1","16","Bax",0
"TCTAATCCATAGGTGT-1","0","Bax",0
"TCTAATCCATTCGGGA-1","1","Bax",0.555986522096866
"TCTACAAGTTGACCAT-1","4","Bax",0
"TCTACGAAGTTGGGTC-1","2","Bax",0
"TCTACGCCAGCTCACT-1","2","Bax",0
"TCTACGCCAGGCTAAT-1","7","Bax",0.522869026746431
"TCTACGTTCGCTAGTA-1","10","Bax",0
"TCTACTTGTAGTTGGA-1","7","Bax",0
"TCTACTTGTATGTGTC-1","8","Bax",0
"TCTACTTGTTTCCTAT-1","6","Bax",0
"TCTAGCGGTGCAGGCA-1","1","Bax",0
"TCTAGCTTCCGTAGGT-1","3","Bax",0
"TCTAGCTTCCTGCACC-1","1","Bax",0
"TCTATAGGTTTCCGCT-1","6","Bax",0
"TCTATCTGTAGTGTGA-1","10","Bax",0
"TCTATCTGTCAGGAGT-1","12","Bax",2.19936075972399
"TCTATGCTCATCTGGA-1","11","Bax",0.629327006204497
"TCTATGCTCCAATGTG-1","11","Bax",0.63888864424663
"TCTATGCTCGCGTGAT-1","3","Bax",0.597256672240709
"TCTATGGAGCGGTGAA-1","8","Bax",0
"TCTATTGTCCAGGGAA-1","10","Bax",0
"TCTCAATCAAACTCGG-1","14","Bax",0
"TCTCAATCAACCGGAC-1","7","Bax",0
"TCTCAATCAGGGCCAT-1","6","Bax",0
"TCTCACTAGAACCATT-1","11","Bax",0
"TCTCATTGTCTTGCTC-1","10","Bax",0
"TCTCCAACATCCTGCG-1","6","Bax",0
"TCTCCAACATGGTCGA-1","7","Bax",0
"TCTCGAGGTATAGCGA-1","8","Bax",0
"TCTCGAGGTCTAGGAA-1","1","Bax",0
"TCTCGCATCACACCGG-1","6","Bax",0
"TCTCGCATCCATTCCG-1","0","Bax",0
"TCTCGCATCCGTGCAG-1","4","Bax",0
"TCTCGGCTCGTACTTC-1","6","Bax",0
"TCTCGTTAGGTAATTC-1","5","Bax",0
"TCTCTAGCATTCGTAT-1","10","Bax",0
"TCTCTAGCATTCGTGC-1","0","Bax",0
"TCTCTATGTCAGGAAC-1","8","Bax",0
"TCTCTCCTCGCTGACG-1","12","Bax",0
"TCTCTGGTCTATGCTC-1","8","Bax",0
"TCTGACAAGCTAGTGC-1","3","Bax",0
"TCTGAGGCATGATTGA-1","5","Bax",0
"TCTGATAGTAGCCTCA-1","4","Bax",0
"TCTGATGAGCGGCATT-1","2","Bax",0
"TCTGCATTCACTAGCA-1","5","Bax",0.482166045354273
"TCTGCATTCCAATGCA-1","2","Bax",0
"TCTGCGAGTGCGATGG-1","2","Bax",0
"TCTGCGGAGTCGCATA-1","3","Bax",0
"TCTGCGGAGTGATTAC-1","2","Bax",0
"TCTGGATGTGACCGAG-1","7","Bax",0
"TCTGGCCTCCATTAGG-1","7","Bax",0
"TCTGGCCTCCCAATTC-1","4","Bax",0
"TCTGGCTCAATCCTAT-1","5","Bax",0
"TCTGGCTCATAGACCG-1","6","Bax",0
"TCTGGGACAATAGTTG-1","5","Bax",0
"TCTGGGCGTGAGGAGA-1","11","Bax",0
"TCTGGGCGTTCCCGAA-1","0","Bax",0
"TCTGGGCGTTCCGGGT-1","4","Bax",0
"TCTGGGCGTTCCTTGC-1","0","Bax",0
"TCTGGGGTCACTTCGT-1","1","Bax",0.637078274035279
"TCTGGGGTCCCTGTAT-1","4","Bax",0
"TCTGGGTAGTAGCAGG-1","3","Bax",0
"TCTGGTAAGCATATCG-1","9","Bax",0
"TCTGGTAAGTGGGTCT-1","12","Bax",0
"TCTGTAAGTGCGCAAG-1","0","Bax",0
"TCTGTCCGTTGTAGAG-1","11","Bax",0
"TCTGTCCGTTTAGTTG-1","11","Bax",0
"TCTGTGAAGATTGAGA-1","13","Bax",0
"TCTGTTGCAAGCCATG-1","8","Bax",0
"TGAAACCCATGACACG-1","3","Bax",0
"TGAAACCCATGGTCGA-1","13","Bax",0
"TGAAACTTCATGGTTG-1","3","Bax",0.984069933672217
"TGAACAGGTTTCCGCT-1","0","Bax",0
"TGAACATTCGTGATAT-1","12","Bax",0
"TGAACCATCGCATGAC-1","13","Bax",0
"TGAACCCAGCCCTTGC-1","2","Bax",0
"TGAACCGCAAAGGAAT-1","1","Bax",0
"TGAACCGCATGGTCAG-1","10","Bax",0
"TGAATAGAGCAAGTGG-1","4","Bax",0
"TGAATAGAGTTACGGC-1","4","Bax",0
"TGAATCCGTAAGTCAG-1","1","Bax",0
"TGAATCCGTCTAGGAA-1","7","Bax",0
"TGAATTGCATTCAGGG-1","5","Bax",0
"TGAATTGCATTCGTAT-1","2","Bax",0
"TGACACGCAAGCGTGC-1","8","Bax",0
"TGACCAATCCACCTTG-1","1","Bax",0
"TGACCAATCGTCTCCA-1","7","Bax",0
"TGACCAGCACTAGCAG-1","16","Bax",0
"TGACCCAGTTAGAGCA-1","9","Bax",0
"TGACCCTCAAATCATG-1","9","Bax",0
"TGACCCTCAAATCGCG-1","2","Bax",0
"TGACCCTCACTTCGCG-1","8","Bax",0
"TGACCTAAGGGTTGGA-1","8","Bax",0
"TGACGAAGTAATGGGC-1","4","Bax",0
"TGACGAAGTGCATTAC-1","2","Bax",0
"TGACGTTGTGCAGGAT-1","8","Bax",0
"TGACTCCCATGGTTAA-1","14","Bax",0
"TGACTGATCTTGATGG-1","8","Bax",0
"TGAGAACAGAAGCATA-1","6","Bax",0
"TGAGAATGTTGGGCAG-1","2","Bax",0
"TGAGATGGTGACGATA-1","2","Bax",0
"TGAGATGGTGCGCAAG-1","6","Bax",0
"TGAGATGGTTGCGGCT-1","12","Bax",0
"TGAGCAAGTCTAAGTC-1","3","Bax",0.463562275963095
"TGAGCAAGTTCCTCGT-1","3","Bax",0
"TGAGCATCAATTACCT-1","5","Bax",0
"TGAGCATCATCGGGAC-1","2","Bax",0
"TGAGCCACATGACCTC-1","13","Bax",0
"TGAGCCACATGATAGC-1","6","Bax",0
"TGAGCCCGTAGCAGTA-1","2","Bax",0
"TGAGCCCGTTTACGGT-1","0","Bax",0
"TGAGCGCCATGACTAA-1","2","Bax",0
"TGAGCGGGTTCAAGTC-1","6","Bax",0
"TGAGCTATCCGCTACC-1","8","Bax",0
"TGAGCTATCCTGTATC-1","4","Bax",0
"TGAGCTGCATGATCCC-1","2","Bax",0.652835432215762
"TGAGCTGCATTAGAGC-1","4","Bax",2.0556596178288
"TGAGCTTGTCTGTCCT-1","2","Bax",0
"TGAGGCAAGCGCCTTC-1","2","Bax",0
"TGAGGCAAGGTGCTGT-1","12","Bax",2.40611750073891
"TGAGGCAAGTGCTGAC-1","0","Bax",0
"TGAGGCTTCAATGTAC-1","2","Bax",1.19085763552516
"TGAGGGATCTCATCGT-1","8","Bax",0
"TGAGGTAGTTCCCATC-1","1","Bax",0
"TGAGGTAGTTTGCGGC-1","3","Bax",0
"TGAGGTGAGCATGATT-1","4","Bax",2.54994312838816
"TGAGGTGAGCGATAGG-1","3","Bax",0
"TGAGGTGAGGTGACAG-1","1","Bax",0
"TGAGGTGAGTAGTTCG-1","4","Bax",0
"TGAGGTTCAAGTGAGA-1","1","Bax",0.6067804486776
"TGAGGTTCAGCCTATC-1","9","Bax",0
"TGAGTAAAGGCTTGGT-1","11","Bax",0
"TGAGTAGGTAATGACG-1","2","Bax",0
"TGAGTAGGTAGTCCTG-1","6","Bax",0
"TGAGTAGGTTTCCTTG-1","11","Bax",0
"TGAGTCGCAGGTAATC-1","10","Bax",0
"TGAGTCGCATGCTCCG-1","12","Bax",2.1336948960358
"TGAGTCTGTGGCAGCA-1","13","Bax",0
"TGAGTCTGTTAGCGAA-1","1","Bax",0
"TGAGTTACAAGTATCA-1","1","Bax",0
"TGATAGAAGCAAGCGA-1","8","Bax",0
"TGATAGAAGGAGGTTG-1","13","Bax",0
"TGATCCGGTAATGCGA-1","1","Bax",0
"TGATCCGGTAGTAGCA-1","9","Bax",0
"TGATCCGGTCAGGGCA-1","3","Bax",0
"TGATCCGGTTTGGTCG-1","5","Bax",0
"TGATGAAAGCGAGTAG-1","5","Bax",0.999757531275773
"TGATGCCAGCCAGTCG-1","1","Bax",0
"TGATGTTAGCCCTTCA-1","11","Bax",0.406082726956825
"TGATGTTAGTATGTCG-1","2","Bax",0
"TGATTAGCAACTGCGA-1","6","Bax",0
"TGATTGGTCACTAGCA-1","4","Bax",0
"TGATTGGTCAGGATGG-1","10","Bax",0
"TGATTTCCAATCTGCC-1","11","Bax",0
"TGATTTGGTAACTCCG-1","3","Bax",0.637246233091287
"TGATTTGGTCAGGGCA-1","9","Bax",0.947800422327004
"TGATTTGGTCTTGATA-1","2","Bax",0
"TGCAAACCACTTCGAC-1","3","Bax",0
"TGCAAACCAGGCTACA-1","11","Bax",0
"TGCAAAGGTGGGAACT-1","0","Bax",0
"TGCAAAGGTTGTGATC-1","1","Bax",0
"TGCAAAGGTTTGGACT-1","13","Bax",0
"TGCAAATTCACTATGG-1","5","Bax",0
"TGCAAATTCGTGCCCT-1","7","Bax",0
"TGCAATGTCGAACGAG-1","1","Bax",0
"TGCAATTAGCTACGGT-1","9","Bax",0
"TGCAATTAGGTTCAAT-1","13","Bax",0
"TGCACAATCCCCATGC-1","2","Bax",0
"TGCACAATCGAGTCCG-1","5","Bax",0
"TGCACAATCGCGATTA-1","7","Bax",0
"TGCACCCTCCCGCTAC-1","8","Bax",0
"TGCACCCTCGCGTGAT-1","6","Bax",0
"TGCACCTCATGCTTCA-1","5","Bax",0
"TGCACGTAGGTACCAC-1","7","Bax",0
"TGCAGGCCAACTACGG-1","1","Bax",0.500842266753111
"TGCAGGCCACCTTCAA-1","5","Bax",0
"TGCAGGCCATAATCTC-1","16","Bax",0
"TGCAGGTTCCAGCCCT-1","0","Bax",0
"TGCAGGTTCGTAATGT-1","1","Bax",0
"TGCATAGTCATGCTAG-1","6","Bax",0
"TGCATATAGGATCTCA-1","15","Bax",0
"TGCATCAAGCCTGAAC-1","5","Bax",0
"TGCATCCCACAGGCAC-1","15","Bax",0
"TGCATCCCAGGTAATC-1","8","Bax",0
"TGCATTAGTTGGTAGA-1","6","Bax",0
"TGCATTGAGTAACGGG-1","14","Bax",0
"TGCATTTCAAATGCCG-1","3","Bax",0
"TGCATTTCAACGGGTC-1","0","Bax",0.774727706723269
"TGCATTTCAAGCTGGC-1","4","Bax",1.54486005915627
"TGCATTTCATAGGCGC-1","1","Bax",0
"TGCATTTCATAGGTGT-1","1","Bax",0
"TGCATTTCATTACCGC-1","4","Bax",0
"TGCATTTCATTAGACA-1","5","Bax",0
"TGCCAGGTCACCTAAG-1","2","Bax",0
"TGCCAGTAGCCATCAA-1","5","Bax",0
"TGCCAGTAGCCCTGAG-1","14","Bax",0
"TGCCATCCAGGCAGTC-1","0","Bax",0
"TGCCATTTCACGGCTG-1","11","Bax",0
"TGCCATTTCGTGAATT-1","7","Bax",0
"TGCCCGAAGCGGTCTG-1","5","Bax",0
"TGCCCGAAGGTCGATC-1","6","Bax",0
"TGCCCGAAGGTTACTG-1","4","Bax",0
"TGCCCGTTCACGTTGA-1","0","Bax",0
"TGCCCGTTCGTTAGGC-1","7","Bax",0
"TGCCGAACAGCTACTC-1","2","Bax",0
"TGCCGCTTCACTCCAT-1","8","Bax",0
"TGCCGCTTCGAACCCG-1","3","Bax",0
"TGCCGTAGTGCAACGG-1","6","Bax",0
"TGCCGTGAGCGCATGT-1","2","Bax",0
"TGCCGTGAGGAATCAA-1","14","Bax",1.25508925839795
"TGCCGTTCATAATCTC-1","4","Bax",0
"TGCCGTTCATGATCCC-1","0","Bax",0
"TGCCTAAAGCATCTCT-1","8","Bax",0
"TGCCTAAAGCCTGATA-1","1","Bax",0
"TGCCTAAAGTGAACGG-1","5","Bax",0
"TGCCTAGGTTTACGGT-1","1","Bax",0
"TGCCTCGCAAAGGATG-1","0","Bax",0
"TGCCTCTGTCAACTGT-1","4","Bax",0
"TGCCTGCTCCCGCAAG-1","1","Bax",0
"TGCCTGCTCCTCTAGT-1","15","Bax",0
"TGCCTGCTCGTGCCTC-1","9","Bax",0.672177381441459
"TGCCTTTAGTCGATTG-1","9","Bax",0
"TGCGAAAGTTGAGCTT-1","6","Bax",0
"TGCGAAAGTTGCTGTG-1","10","Bax",0
"TGCGACCGTTCGTGAT-1","4","Bax",0
"TGCGACTAGGTTCACA-1","3","Bax",0
"TGCGAGGGTTAAGGGC-1","7","Bax",0
"TGCGATTGTCATCCCT-1","6","Bax",0
"TGCGGCTGTAAGTGTG-1","11","Bax",0.687544647251051
"TGCGGCTGTTGCGACC-1","3","Bax",0
"TGCGGGTCACAGCGAC-1","11","Bax",0.525511586312988
"TGCGGTTAGGTCAAGG-1","3","Bax",0
"TGCGTAATCATGGTGC-1","5","Bax",0
"TGCGTAATCGACATCA-1","0","Bax",0
"TGCGTAATCGATCAAT-1","13","Bax",0.536478838753848
"TGCTAACGTAAGTTGG-1","9","Bax",0
"TGCTAACGTCTCCATC-1","8","Bax",0
"TGCTAAGTCATCAGTG-1","10","Bax",0
"TGCTAAGTCGTGATGC-1","4","Bax",0
"TGCTACAAGCGACTAC-1","0","Bax",1.07390361942988
"TGCTACCCAAGCCTGA-1","15","Bax",0
"TGCTACCCATCAATTC-1","6","Bax",0
"TGCTATAGTCAATCCG-1","10","Bax",0
"TGCTATGAGAACCTTG-1","3","Bax",0
"TGCTCAAAGTAGAGGT-1","11","Bax",0
"TGCTCACCAAACTATG-1","1","Bax",0
"TGCTCACCAAAGGTCT-1","1","Bax",0.623931534037728
"TGCTCCATCGCTTGCC-1","8","Bax",0
"TGCTCCGCAAGCCAAT-1","4","Bax",0
"TGCTCCGCATTCGTGC-1","4","Bax",0
"TGCTCGCTCCTTCGGC-1","1","Bax",0
"TGCTGGACAAGGTAAG-1","2","Bax",0
"TGCTGGACAATGTATG-1","7","Bax",0
"TGCTGGACAATTACAG-1","0","Bax",0
"TGCTGGACATCACTTG-1","6","Bax",0
"TGCTGTCCAAGCACAT-1","12","Bax",0
"TGCTTAAGTAAGTACG-1","2","Bax",0
"TGCTTAAGTGACGACG-1","6","Bax",0
"TGCTTAGAGGTAGGCA-1","2","Bax",0
"TGCTTAGAGTGAGCGA-1","3","Bax",0
"TGCTTCACAAGCTGTG-1","4","Bax",0
"TGCTTCACATGACACG-1","1","Bax",0
"TGGAACCTCAGGGACA-1","8","Bax",0
"TGGAACCTCGCTAGAC-1","9","Bax",0
"TGGACAAGTAGCTAAG-1","0","Bax",0
"TGGACATCACAGGGTC-1","8","Bax",0
"TGGACGAAGGTCGTAC-1","0","Bax",0
"TGGACGAAGTCATCAG-1","1","Bax",0
"TGGACGTTCCATAGAT-1","8","Bax",0
"TGGACTATCTAAGCGC-1","11","Bax",0
"TGGACTCAGATTGAAG-1","8","Bax",0
"TGGACTCAGCTAAGGG-1","1","Bax",0
"TGGAGCAAGTCAGGGA-1","14","Bax",0
"TGGAGCGGTAGTCATC-1","6","Bax",0
"TGGAGGATCCCGCGTT-1","16","Bax",0
"TGGAGTAGTGCGGAAT-1","2","Bax",0
"TGGAGTAGTGGCCAGA-1","8","Bax",0
"TGGAGTAGTTAGGGAC-1","1","Bax",0
"TGGAGTGAGGAGGCTA-1","10","Bax",0
"TGGAGTGAGGTAACGG-1","3","Bax",0
"TGGATATTCTAGGCGT-1","5","Bax",0
"TGGATGGAGGTCATTG-1","0","Bax",0
"TGGATGGAGTCAGTGC-1","5","Bax",0
"TGGATTGTCGACTTGA-1","6","Bax",0.985541056922943
"TGGCACTAGAACGAGT-1","1","Bax",0
"TGGCACTAGGATCTAT-1","7","Bax",0
"TGGCACTAGGATGCAG-1","3","Bax",0
"TGGCATATCAGCCAAC-1","10","Bax",0
"TGGCATGCAAGTAGTC-1","5","Bax",0
"TGGCATTGTTAATGGG-1","5","Bax",0
"TGGCATTGTTGGGATA-1","2","Bax",0
"TGGCCATAGAAGGTGT-1","3","Bax",0
"TGGCCATAGGTCGAGA-1","2","Bax",0
"TGGCGAAAGGCGATGA-1","9","Bax",0
"TGGCGAGGTTTACGGT-1","6","Bax",0
"TGGCGATTCCGGTATA-1","0","Bax",0
"TGGCGCATCAGTACCA-1","16","Bax",0
"TGGCGCATCCCTCACA-1","10","Bax",0
"TGGCTATGTCTGGTCA-1","7","Bax",0
"TGGCTCTCAATACTGA-1","6","Bax",0
"TGGCTGACACCTACCG-1","5","Bax",0
"TGGCTGACAGCAGTTG-1","4","Bax",0
"TGGCTGACATGATTGA-1","6","Bax",0
"TGGCTTGGTTGAGCTT-1","8","Bax",0
"TGGCTTGGTTTAAGCC-1","6","Bax",0
"TGGGAACGTTAGGCCC-1","8","Bax",0
"TGGGACAAGCAAGCGA-1","5","Bax",0
"TGGGACAAGCTTACGA-1","0","Bax",0
"TGGGATAGTTAGTGCT-1","4","Bax",0
"TGGGATTCACTTCGCG-1","2","Bax",0.850433918029611
"TGGGCAAAGGTTCCAA-1","1","Bax",0
"TGGGCACCAACCGTGA-1","4","Bax",0
"TGGGCACCAATGCGTG-1","9","Bax",0
"TGGGCACCAGTAAGCT-1","4","Bax",0
"TGGGCACCATTAACGA-1","0","Bax",0
"TGGGCAGGTCAAGTTC-1","1","Bax",0
"TGGGCTTAGCTAACCA-1","0","Bax",0
"TGGGGCAGTTATCTCT-1","10","Bax",0
"TGGGGCTCATCCTGCG-1","1","Bax",0.660522669420032
"TGGGGCTCATGATCCC-1","5","Bax",0
"TGGGGTTTCCCAGATA-1","6","Bax",0
"TGGGGTTTCCTGACCC-1","6","Bax",0
"TGGGTCACAAATCGGT-1","5","Bax",0
"TGGGTCACAGGTAACT-1","0","Bax",1.05074228870601
"TGGGTCACATGCTACC-1","0","Bax",0
"TGGGTCCGTGCACGAG-1","5","Bax",0
"TGGGTGAAGCCTGTGG-1","4","Bax",0
"TGGGTTATCCGCGACA-1","0","Bax",0
"TGGGTTGCAAGTCGCA-1","3","Bax",0
"TGGGTTGCATCACACC-1","8","Bax",0
"TGGTACGCACTTCAGC-1","6","Bax",0.735367284820731
"TGGTACGCATCCCAGT-1","8","Bax",0
"TGGTAGCTCTGGATTG-1","3","Bax",0
"TGGTAGGAGGTACGCT-1","11","Bax",0
"TGGTAGTCAAAGGTTC-1","5","Bax",0
"TGGTATTAGGCTCAGT-1","5","Bax",0.780321093104586
"TGGTCACAGAATCGAA-1","16","Bax",0
"TGGTCTAAGGATGATA-1","6","Bax",0.736330081668857
"TGGTGGTTCCCCAGAG-1","9","Bax",0
"TGGTGGTTCTGTAACG-1","9","Bax",0
"TGGTGTTGTATAGCGA-1","5","Bax",0
"TGGTTACGTCTGGCTA-1","10","Bax",0
"TGGTTAGTCACACTAG-1","9","Bax",0.861015018217871
"TGGTTATAGGTGATGG-1","6","Bax",0
"TGGTTCAAGCCCGTTC-1","0","Bax",0
"TGGTTCCCACCTTAAT-1","11","Bax",0
"TGGTTTAGTTTAGGTC-1","7","Bax",0
"TGTAACTAGCGGTCCA-1","10","Bax",0
"TGTAAGCCACCAGGAC-1","2","Bax",0
"TGTAAGCCACTAACTT-1","7","Bax",0
"TGTAATGCACATAGCG-1","7","Bax",0.734576365973644
"TGTAATGCATGCGCTT-1","7","Bax",0.701244390792565
"TGTACCCCACAGGACC-1","4","Bax",0
"TGTACCGGTTTAGTCA-1","16","Bax",0
"TGTACCGGTTTGCACG-1","6","Bax",0
"TGTACTGAGGAGCTGA-1","4","Bax",0
"TGTACTGAGGTCGATC-1","8","Bax",0
"TGTAGAGGTAGCAGTA-1","5","Bax",0
"TGTAGAGGTATAGACG-1","0","Bax",0
"TGTAGAGGTCATGAAG-1","4","Bax",0
"TGTAGAGGTGAACGTA-1","11","Bax",0
"TGTAGCATCAAGTTAC-1","8","Bax",0
"TGTAGCCAGCGCTCTC-1","6","Bax",0
"TGTAGCGCAGGACAGG-1","4","Bax",0
"TGTAGGTCAATTAACG-1","8","Bax",0
"TGTAGTTAGCTTCCTG-1","4","Bax",0
"TGTAGTTAGGATGGGC-1","5","Bax",0.900015375197643
"TGTATCCTCGACTGAC-1","0","Bax",0
"TGTATCTCAAACTATG-1","6","Bax",0
"TGTATCTCAGCCATTC-1","7","Bax",0
"TGTATCTCAGGCAGGA-1","10","Bax",0
"TGTATGACAACGTGAT-1","4","Bax",0
"TGTATGGTCGTCTCAT-1","12","Bax",0
"TGTATTCCAGCTAAGT-1","0","Bax",0.76116611987124
"TGTCACCCAAATTCCT-1","2","Bax",0
"TGTCACTTCGTAATCG-1","6","Bax",0
"TGTCAGGCAATCCTAT-1","14","Bax",0
"TGTCAGGCAGCCATTC-1","5","Bax",0
"TGTCAGGCATCGTTCA-1","13","Bax",0
"TGTCCAAAGCTGGTGT-1","7","Bax",0
"TGTCCACCATAACTCT-1","8","Bax",0
"TGTCCAGGTTTGATGC-1","4","Bax",0
"TGTCCCATCCATGTCT-1","5","Bax",0
"TGTCCCATCCCTCTAG-1","4","Bax",0
"TGTCCCATCCTGTACT-1","5","Bax",0
"TGTCCCGCATAAGCTA-1","3","Bax",0
"TGTCCCTGTCAATCAC-1","4","Bax",0
"TGTCCGCTCCCTCTAG-1","3","Bax",0
"TGTCCGGAGATTAGAG-1","1","Bax",0
"TGTCCGGAGGGGTCAA-1","4","Bax",0
"TGTCGATGTAAGGGTC-1","7","Bax",0
"TGTCGATGTTATGGCT-1","10","Bax",0
"TGTCGCCTCACGCAAC-1","5","Bax",0
"TGTCGCCTCAGGGCAA-1","13","Bax",0.568777920410806
"TGTCGTCCAAGCCAGC-1","10","Bax",0
"TGTCGTCCAGCTACAG-1","12","Bax",0
"TGTCGTCCAGCTACGA-1","11","Bax",0
"TGTCGTCCAGTAATCA-1","0","Bax",0
"TGTCGTTTCACATGAT-1","1","Bax",0
"TGTCGTTTCCTCACTG-1","6","Bax",0
"TGTCGTTTCGACATGC-1","11","Bax",0
"TGTCGTTTCGTGATGC-1","2","Bax",0
"TGTCTAAGTGAGACTA-1","14","Bax",0
"TGTCTAAGTGAGTGCG-1","1","Bax",0
"TGTCTAAGTTGTAGTC-1","0","Bax",0.379120754124181
"TGTCTCACAATAGGCT-1","7","Bax",0.591436499880774
"TGTCTGTTCTATGACG-1","0","Bax",0
"TGTCTTGCACATAGTA-1","7","Bax",0
"TGTCTTGCATAGACGT-1","0","Bax",0
"TGTCTTGCATCAATCT-1","4","Bax",0
"TGTGAACCACAGCAAT-1","4","Bax",0
"TGTGAACCATCCCAAC-1","1","Bax",0
"TGTGAGGAGCAGGTAG-1","4","Bax",0
"TGTGATTAGCTAGATT-1","10","Bax",0
"TGTGCAATCACTCAGA-1","8","Bax",0
"TGTGCAATCCTGACCC-1","7","Bax",0
"TGTGCATGTGAGGAGA-1","14","Bax",0
"TGTGCCCTCAGCACTA-1","14","Bax",0
"TGTGCCCTCCCTGTAT-1","3","Bax",0
"TGTGCCCTCGCGCACA-1","9","Bax",0
"TGTGCGCGTTCGCGGT-1","2","Bax",0
"TGTGCTGGTATGTCAC-1","6","Bax",0
"TGTGTTAGTTAGAGGC-1","9","Bax",0
"TGTGTTAGTTCGTATA-1","4","Bax",0
"TGTGTTAGTTGAAGTG-1","1","Bax",0
"TGTGTTAGTTGCTCTC-1","11","Bax",0
"TGTGTTAGTTTGACCG-1","5","Bax",0
