"cell","cluster","gene","logexpr"
"AAACCAAAGCTTACTC-1","7","Clu",0
"AAACCAAAGTGGGTCT-1","4","Clu",0
"AAACCGCTCACCTAGA-1","12","Clu",0
"AAACCGCTCATCGAGC-1","0","Clu",0
"AAACCGCTCGATCCGG-1","6","Clu",0
"AAACGAATCGTTCCTG-1","7","Clu",0
"AAACGACAGCATCGGT-1","4","Clu",0
"AAACGACAGGCATCAC-1","12","Clu",0
"AAACGATGTGAGACCG-1","4","Clu",0
"AAACGCCTCATCAAGT-1","7","Clu",0
"AAACGGACAAGTAGCT-1","3","Clu",0
"AAACGGACATCCAGAG-1","4","Clu",0
"AAACGGACATTGCGTC-1","10","Clu",0
"AAACGGGTCCACCGGA-1","0","Clu",0
"AAACGGGTCCCGCTAC-1","3","Clu",0
"AAACGTAAGCATGGCT-1","0","Clu",0
"AAACGTAAGCATGGGA-1","6","Clu",0
"AAACTCCGTGACGATA-1","1","Clu",0.596229644102723
"AAAGCAATCACTAACG-1","3","Clu",0
"AAAGCATGTATGGCTT-1","8","Clu",2.0556596178288
"AAAGCCTCACAGGACC-1","2","Clu",0
"AAAGCTGGTATGGTAG-1","4","Clu",0
"AAAGTCAAGGCACTAC-1","4","Clu",0
"AAAGTGATCACCAGAC-1","4","Clu",0
"AAAGTTGAGGTACGTC-1","4","Clu",0
"AAATGCAAGAAGGAGA-1","12","Clu",0
"AAATGGATCGCATTGA-1","1","Clu",0
"AAATGGATCGTGATAT-1","11","Clu",0
"AAATGGGCAAGTGGAA-1","0","Clu",0
"AAATGGGCATAAGCAC-1","1","Clu",0
"AAATGGGCATGGCTAG-1","4","Clu",0
"AAATGTGAGCTACTCT-1","4","Clu",0
"AAATGTGAGTAATCAC-1","6","Clu",0.674767706606546
"AAATTCGCACTCAAGG-1","1","Clu",0
"AAATTCGCATAACTCT-1","5","Clu",0
"AAATTGCTCAATCTCC-1","8","Clu",0
"AACACACCAACCTGGA-1","7","Clu",0
"AACACACCAATCTCAT-1","7","Clu",0
"AACACATTCCGCAAGT-1","6","Clu",0
"AACACATTCCGGTTGG-1","1","Clu",0
"AACACCATCATCAAGT-1","9","Clu",0
"AACACGAGTCCATAGT-1","4","Clu",0
"AACAGGCGTGAACCTT-1","5","Clu",0
"AACAGTAAGCCTTGGG-1","1","Clu",0
"AACAGTAAGGCAAGGC-1","10","Clu",0
"AACAGTAAGTCATTGG-1","10","Clu",0
"AACATCACATAGGTGT-1","3","Clu",0
"AACATCACATCCCGAT-1","0","Clu",0
"AACATCCGTGGGTAAC-1","2","Clu",0
"AACATCCGTTCGATGT-1","0","Clu",0
"AACATGAAGTAGTCAT-1","7","Clu",0
"AACATGAAGTTACGCA-1","2","Clu",0
"AACATTCAGCATGCGT-1","11","Clu",0
"AACATTGCAACCAGTG-1","9","Clu",0
"AACCAACCAGGACACC-1","6","Clu",0
"AACCAAGGTGGCGCAA-1","0","Clu",0
"AACCAAGGTTCGTCAG-1","9","Clu",0
"AACCAATTCACTTGCT-1","2","Clu",0.580762931022811
"AACCAATTCGTTAGCA-1","13","Clu",0
"AACCACGCAACCAGTG-1","4","Clu",0
"AACCACGCACAGCAAT-1","0","Clu",0
"AACCAGCTCCGCCTAC-1","7","Clu",0
"AACCAGGAGGTATCTG-1","1","Clu",0
"AACCCAGCATAAGGAG-1","7","Clu",0
"AACCCTGGTAGCTCAT-1","9","Clu",0
"AACCCTGGTTGTGCTG-1","5","Clu",0
"AACCGAAGTATGTAGG-1","8","Clu",0
"AACCGAAGTGAGCCGA-1","9","Clu",0
"AACCGATCAGTTGACG-1","11","Clu",0
"AACCGGGGTAAGGGTC-1","1","Clu",0
"AACCTCAAGCCACGCA-1","8","Clu",0
"AACCTCAAGCTAACTG-1","0","Clu",0
"AACCTTAGTCTGTGTG-1","11","Clu",0
"AACCTTAGTGATTCCG-1","6","Clu",0
"AACCTTGAGAAGCCAG-1","8","Clu",0
"AACCTTGAGGCAACGA-1","3","Clu",0
"AACCTTGAGGCGTCCA-1","13","Clu",0
"AACCTTGAGTCATGCA-1","4","Clu",0
"AACGAACAGGTTCGAC-1","16","Clu",0
"AACGAACAGTAGAGAC-1","1","Clu",0
"AACGAATGTCAACTGT-1","8","Clu",0
"AACGAATGTGAGAGGA-1","13","Clu",0
"AACGAATGTGAGCCAG-1","0","Clu",0.839900204457935
"AACGACTCAACGTGAT-1","0","Clu",0
"AACGATCCAAGTAGAG-1","3","Clu",0
"AACGATCCAGGGCCAT-1","3","Clu",0
"AACGATCCATCCGTAC-1","5","Clu",0
"AACGATGGTTAACTGC-1","15","Clu",0
"AACGATTTCATGCCAA-1","0","Clu",0
"AACGATTTCGACTTGA-1","11","Clu",0
"AACGCAAGTAGCTCCA-1","0","Clu",0
"AACGCCACACATTAAG-1","11","Clu",0
"AACGCCCGTAGGTCAA-1","8","Clu",2.430335559513
"AACGCGCCAAATGCCG-1","10","Clu",0
"AACGCTATCATGAACT-1","8","Clu",2.059828834746
"AACGCTATCTAGTTCC-1","14","Clu",1.30985266561995
"AACGCTCAGCTACGGT-1","4","Clu",0
"AACGCTCAGGTGCGTT-1","3","Clu",0
"AACGCTTGTAACGCAA-1","3","Clu",0
"AACGCTTGTTATGGAG-1","1","Clu",0
"AACGCTTGTTTCGGCA-1","0","Clu",0
"AACGCTTGTTTGACAC-1","2","Clu",0
"AACGGATAGCATGAGG-1","14","Clu",0
"AACGGCAAGATAGCCC-1","7","Clu",0
"AACGGCAAGGATAGCG-1","13","Clu",0
"AACGGCAAGGGTGAAT-1","1","Clu",0
"AACGGGGCACATTAGA-1","1","Clu",0
"AACGGGGCAGCAGGAG-1","0","Clu",0
"AACGGTAGTAGCCTTG-1","3","Clu",0
"AACGGTGAGGTTGGAG-1","5","Clu",0
"AACGTAAAGCAATCGC-1","6","Clu",0
"AACGTAAAGCGATGCT-1","1","Clu",0
"AACGTAAAGTTAGACT-1","5","Clu",0
"AACGTAGGTGGACCCT-1","8","Clu",0
"AACTAGAAGAAGGACT-1","7","Clu",0
"AACTCAACAATCAGTA-1","0","Clu",0
"AACTGAAAGGATAGGT-1","14","Clu",0
"AACTGACCACTAAGCG-1","5","Clu",0
"AACTGAGGTAAGCACA-1","3","Clu",0
"AACTGAGGTAAGGTAT-1","15","Clu",0
"AACTGAGGTTCGTTCC-1","5","Clu",0
"AACTGCATCACCTACT-1","10","Clu",0
"AACTGCATCCCCATCA-1","10","Clu",0
"AACTGCATCGTGAGAG-1","0","Clu",0
"AACTGGTCAGCCTACT-1","3","Clu",0
"AACTTCCTCATGACTG-1","0","Clu",0
"AACTTCCTCCATCGTT-1","11","Clu",0
"AACTTGGTCATGCGCG-1","4","Clu",0
"AACTTTGGTGCATCTG-1","16","Clu",0
"AACTTTGGTTCGGGCT-1","8","Clu",1.72386818199627
"AACTTTGGTTCGGTAT-1","4","Clu",0
"AAGCAAATCACTATGG-1","7","Clu",0
"AAGCAACAGGCACTAC-1","6","Clu",0
"AAGCAATGTGGAAGCT-1","6","Clu",0
"AAGCACCTCACAGGCT-1","9","Clu",0
"AAGCCAAGTAACTCCG-1","1","Clu",0
"AAGCCAAGTTCGGCTA-1","9","Clu",0
"AAGCCATCATTCAACT-1","13","Clu",0
"AAGCCCCGTCTTGAAC-1","10","Clu",0
"AAGCCGCCAAGCCTAG-1","5","Clu",0
"AAGCCGCCATCCTTGA-1","3","Clu",0
"AAGCCGGGTCAATCGT-1","4","Clu",0
"AAGCCTATCATGGCGT-1","8","Clu",0
"AAGCCTATCGCTGACG-1","6","Clu",0
"AAGCGATAGGTATCCA-1","15","Clu",0
"AAGCGGATCGCTCAGG-1","9","Clu",0
"AAGCGGGCAAGCATGT-1","14","Clu",1.35823905100875
"AAGCTAAAGCATTCAG-1","2","Clu",0
"AAGCTAAAGCTTAACG-1","11","Clu",0
"AAGCTAAAGGATGTCC-1","0","Clu",0
"AAGCTAAAGTATGTGT-1","2","Clu",0
"AAGCTAGGTAACTGCT-1","10","Clu",0
"AAGCTAGGTTATCGGT-1","6","Clu",0
"AAGCTCTGTAGCAGCG-1","0","Clu",0
"AAGCTCTGTGATCAAG-1","2","Clu",0
"AAGCTCTGTTTAATCG-1","9","Clu",0
"AAGGACTAGTAATTGC-1","1","Clu",0
"AAGGATGCACTAGGCA-1","2","Clu",0
"AAGGCAACAAATGCGT-1","2","Clu",1.07263680226485
"AAGGCAACACAGGGTC-1","2","Clu",0
"AAGGCTAGTATGGGTA-1","3","Clu",0
"AAGGCTAGTGGCGTCT-1","8","Clu",1.90035706071708
"AAGGCTAGTTTCCGTC-1","10","Clu",0
"AAGGGCATCGTGAATT-1","9","Clu",0
"AAGGGGTCAAATCATG-1","1","Clu",0
"AAGGGGTCAATCAGCG-1","1","Clu",0
"AAGGGTTAGTTGCTCT-1","4","Clu",0
"AAGGTAATCAGGCATC-1","12","Clu",0
"AAGGTAATCTCACATC-1","0","Clu",0
"AAGGTATGTAAGCGAC-1","15","Clu",0
"AAGGTATGTGCAGTAA-1","7","Clu",0.479666871845333
"AAGGTTGGTTAACCAC-1","4","Clu",0
"AAGGTTGGTTAGACCT-1","1","Clu",0
"AAGGTTGGTTTAATCG-1","3","Clu",0
"AAGTAACGTATGTGGA-1","6","Clu",0
"AAGTAAGTCTAAGCCA-1","0","Clu",0
"AAGTACCCAAGGGATA-1","9","Clu",0
"AAGTACCCAGCCTACT-1","4","Clu",0
"AAGTACGGTGATTACC-1","2","Clu",0
"AAGTATGAGCGAACTC-1","15","Clu",0
"AAGTCAAAGTCAAGGG-1","11","Clu",0
"AAGTCACCAATCAATG-1","4","Clu",0
"AAGTCAGGTAAGGGTC-1","14","Clu",0
"AAGTCAGGTCATGTGT-1","0","Clu",0
"AAGTCAGGTTGCCCTT-1","1","Clu",0
"AAGTCCATCCGCCTAC-1","10","Clu",0
"AAGTGCCTCCCAGTAA-1","3","Clu",0
"AAGTGGACACCAGCTT-1","7","Clu",0
"AAGTGGGTCATCTGGA-1","0","Clu",0.584639645341016
"AAGTTGAAGATAGGTA-1","6","Clu",0
"AAGTTGAAGGCTTGGT-1","1","Clu",0
"AAGTTGAAGTCGCTAA-1","2","Clu",0
"AAGTTTCAGTGAACGG-1","2","Clu",0
"AAGTTTGCAAACCCAG-1","5","Clu",0
"AAGTTTGCAACATTGA-1","3","Clu",0
"AAGTTTGCAAGTATCA-1","4","Clu",0
"AATACGAAGATTAGGA-1","4","Clu",0
"AATACGCCAGGCAGAG-1","6","Clu",0
"AATATGCTCCCATACT-1","12","Clu",0
"AATATGGAGATAGCAA-1","8","Clu",1.88931305995646
"AATATGGAGCTAATGT-1","9","Clu",0
"AATATGGAGGTTGCGT-1","6","Clu",0
"AATCAGCCACAATGGT-1","8","Clu",0
"AATCATCAGGGTTGGA-1","6","Clu",0
"AATCCATAGGAGGCGT-1","3","Clu",0
"AATCCATAGGAGTAAC-1","5","Clu",0.823493372857206
"AATCGCGCATTGGGCA-1","11","Clu",0
"AATCGTTAGGAGGTCA-1","5","Clu",0
"AATCGTTAGGCTAGAG-1","12","Clu",0
"AATCTAGCAGGTAGCC-1","1","Clu",0
"AATCTAGCATAACGCG-1","10","Clu",0
"AATCTAGCATCACGAG-1","6","Clu",0
"AATCTCCTCACTTGGA-1","4","Clu",0
"AATCTCCTCGTGCGAT-1","1","Clu",0
"AATGACCCAAATCCGG-1","13","Clu",0
"AATGACTTCATATCGG-1","0","Clu",0
"AATGCCTGTGAACGCG-1","2","Clu",0
"AATGCGAGTGGCTACC-1","2","Clu",0
"AATGCGAGTTGGAGCG-1","6","Clu",0
"AATGCGAGTTTAGCGT-1","1","Clu",0.629245157652617
"AATGGATGTTACACTA-1","3","Clu",0
"AATGGATGTTAGCATC-1","13","Clu",0
"AATGGCGAGAATCCAT-1","7","Clu",0
"AATGGCTCATAGGCCA-1","2","Clu",0
"AATGGGGTCAGCCCGA-1","0","Clu",0
"AATGGGGTCGATGCTA-1","10","Clu",0
"AATGGGTAGCTACTCT-1","4","Clu",0
"AATGTCCGTGGCTGAG-1","5","Clu",0
"AATGTCCGTTCGAATC-1","9","Clu",0
"AATGTGAAGCATAGCC-1","2","Clu",0
"AATGTGAAGTAGCCCG-1","2","Clu",0
"AATGTTGCAAGCCATG-1","15","Clu",0
"AATGTTGCATAACGCG-1","9","Clu",0
"AATGTTGCATGGTTCC-1","2","Clu",0
"AATTACGCAACGTTCC-1","6","Clu",0.616975997213719
"AATTACGCAAGTCCAG-1","7","Clu",0
"AATTACGCAGTTGACG-1","3","Clu",0
"AATTCAGCACAGCGAC-1","7","Clu",0
"AATTCAGCACCATGTC-1","13","Clu",0
"AATTCAGCAGGCTTAG-1","2","Clu",0
"AATTCAGCAGGGACAG-1","1","Clu",0
"AATTCAGCAGTTGAGT-1","12","Clu",0
"AATTCCTCAAAGGTCT-1","15","Clu",0
"AATTGGTTCCATGCAA-1","15","Clu",0
"AATTGGTTCCGCAGTG-1","7","Clu",0
"ACAACAGGTTAGCTTA-1","5","Clu",0
"ACAACATTCAGCTATG-1","5","Clu",0
"ACAACATTCCCAGATA-1","14","Clu",0
"ACAACCGCAAATGCGT-1","2","Clu",0
"ACAACCGCAAGCGTTG-1","12","Clu",0
"ACAACCGCATTACCAT-1","14","Clu",0
"ACAACCGCATTCGCGT-1","1","Clu",0
"ACAACCTGTAGCTGGG-1","1","Clu",0
"ACAAGCCTCGAATCCA-1","11","Clu",0
"ACAAGCGAGCAGGGTA-1","5","Clu",0
"ACAAGCGAGTCGCTCC-1","1","Clu",0
"ACAAGCGAGTGAATCT-1","1","Clu",0
"ACAAGCTCAAGCTCTC-1","9","Clu",0.674484119428019
"ACAAGCTCAGGTATGT-1","12","Clu",0
"ACAAGCTCATCCCATA-1","8","Clu",0
"ACAAGGCGTTATCTCT-1","8","Clu",0
"ACAAGGTAGCTAATCG-1","3","Clu",0
"ACAAGTAAGGTAGACG-1","9","Clu",0
"ACAATCACACTCATCA-1","16","Clu",1.91996529756053
"ACAATCCGTGGACCTC-1","0","Clu",0
"ACAATGAAGGTCAATT-1","11","Clu",0
"ACAATGAAGTGATGAA-1","2","Clu",0
"ACAATGGGTAAGCGGT-1","7","Clu",0
"ACAATGGGTTTGACCG-1","1","Clu",0
"ACAATTCAGCAACCGT-1","3","Clu",0
"ACAATTCAGGTTCCTT-1","7","Clu",0
"ACACAAGGTAGGTATG-1","0","Clu",0
"ACACAAGGTAGTGCGG-1","6","Clu",0
"ACACACGCAATCCGCT-1","7","Clu",0.488604752292234
"ACACACGCACTTGGTC-1","1","Clu",0
"ACACACGCATGACGAT-1","4","Clu",0
"ACACAGTCACCAGGGT-1","8","Clu",0
"ACACCAATCAGTTGAT-1","9","Clu",0
"ACACCCAGTTCACTAA-1","5","Clu",0
"ACACCCTCAATCTGCC-1","2","Clu",0
"ACACGAAGTTTCGCTC-1","15","Clu",0
"ACACGATCAAGCCTGA-1","0","Clu",0
"ACACGGGGTCATGTCG-1","3","Clu",0
"ACACGGTTCAGCTCAA-1","6","Clu",0
"ACACGGTTCATGTCGA-1","10","Clu",0
"ACACGTTGTTGACCGC-1","0","Clu",0
"ACACTAGTCAGGAACG-1","4","Clu",0
"ACACTGATCACGCCGA-1","3","Clu",0
"ACAGAACAGGTTCCAA-1","4","Clu",0
"ACAGAACAGTGATCCA-1","6","Clu",0
"ACAGAATGTATTGCAC-1","0","Clu",0
"ACAGAATGTTCGGTTG-1","12","Clu",0
"ACAGACTCATCCGCAT-1","13","Clu",0
"ACAGACTCATCGACTC-1","5","Clu",0
"ACAGATGGTCAACTTA-1","11","Clu",0
"ACAGATGGTGGACTAA-1","0","Clu",0
"ACAGCAAGTTTACTGA-1","9","Clu",0
"ACAGCCACAGTTAGCG-1","1","Clu",0
"ACAGCGAAGGTTAGGG-1","8","Clu",1.55332694264181
"ACAGCTATCAATGTCG-1","6","Clu",0
"ACAGCTCAGTAAGGTA-1","7","Clu",0
"ACAGCTTGTTGGCGTC-1","2","Clu",1.30025350464803
"ACAGGAACATGTCGTC-1","3","Clu",0
"ACAGGATAGATAGACA-1","4","Clu",0
"ACAGGATAGGGCTCAT-1","9","Clu",0
"ACAGGATAGTCAAGCC-1","4","Clu",0
"ACAGGATAGTCTAGCA-1","2","Clu",0
"ACAGGCGGTGCGATCC-1","10","Clu",0
"ACAGGCTTCCTCGTGC-1","7","Clu",0
"ACAGGCTTCGATAGCC-1","3","Clu",0
"ACAGGGATCATGTCCT-1","0","Clu",0
"ACAGGGGCATCACGAG-1","10","Clu",2.51999796959927
"ACAGGTAGTTGTGACT-1","5","Clu",0
"ACAGGTGAGTGGCTTA-1","2","Clu",0
"ACAGGTTCAAATCCTT-1","1","Clu",0
"ACAGGTTCAACATCAA-1","8","Clu",0
"ACAGTTACATCACATT-1","1","Clu",0
"ACAGTTGTCTTGATCC-1","1","Clu",0.883705346479826
"ACAGTTTAGGCTATAT-1","4","Clu",0
"ACATAGAAGCCGCAAT-1","9","Clu",0
"ACATAGAAGCGACTTA-1","6","Clu",0
"ACATAGAAGGTAGATA-1","9","Clu",0
"ACATAGCCACCTCAGT-1","3","Clu",0
"ACATAGCCAGGGATGG-1","4","Clu",0
"ACATATCAGGAATGCG-1","0","Clu",0
"ACATATCAGGCTCCAG-1","0","Clu",0.703918547785037
"ACATATCAGTAAGCAA-1","0","Clu",0
"ACATATCAGTTAGCCA-1","1","Clu",0
"ACATCCCCAACCAGAT-1","0","Clu",0
"ACATCCCCAACGTTAA-1","0","Clu",0
"ACATCCCCAGGCAGTC-1","2","Clu",0
"ACATCCCCAGTTAGGT-1","0","Clu",0
"ACATCCGGTGATGATG-1","4","Clu",0
"ACATCCGGTTGTGCAT-1","2","Clu",0.7467468717829
"ACATCCTTCAAGTCCA-1","9","Clu",0
"ACATGAGGTATGTGAG-1","3","Clu",0
"ACATGAGGTGAGCCGA-1","2","Clu",0
"ACATGCATCGCTCTCA-1","4","Clu",0
"ACATGCATCTTGATCC-1","11","Clu",0
"ACATGCCAGGAATGGT-1","3","Clu",0.658044223030832
"ACATGGCTCATCTGTC-1","3","Clu",0
"ACATGGCTCCATGACA-1","4","Clu",0
"ACATGGCTCCGCATGG-1","13","Clu",0
"ACATGGCTCCTGTACT-1","5","Clu",0
"ACATGGTCAGCTACTC-1","6","Clu",0
"ACATGTTAGGCGTCAT-1","8","Clu",3.17391039812525
"ACATTCAGTTCCTCGT-1","6","Clu",0
"ACATTCCTCCGTATAG-1","10","Clu",0
"ACCAAACCAAGTCGTG-1","16","Clu",0
"ACCAAACCAATTAGTG-1","5","Clu",0
"ACCAAACCACAACGAT-1","1","Clu",0.723277103720322
"ACCAAACCACTTACAT-1","10","Clu",0
"ACCAAAGGTAATTCGC-1","9","Clu",0
"ACCAAATTCAAGTGCC-1","7","Clu",0
"ACCAACATCCGCGTAG-1","4","Clu",0
"ACCAAGCTCTCACCAT-1","11","Clu",0
"ACCAAGTCAAAGGTAG-1","0","Clu",0
"ACCAAGTCAGGCAGTC-1","13","Clu",0
"ACCAATGTCCTGCTGC-1","9","Clu",0
"ACCAATGTCGCTATGA-1","7","Clu",0.385061078775403
"ACCAATGTCGTAATGT-1","14","Clu",0
"ACCAATTAGAAGGAGA-1","6","Clu",0
"ACCACACAGAAGGTTA-1","0","Clu",0
"ACCACACAGCCGATGT-1","10","Clu",0
"ACCACCTCAACTGTGG-1","1","Clu",0
"ACCACCTCAAGCGTGC-1","2","Clu",0
"ACCACGTAGCGGTTAC-1","3","Clu",0
"ACCACTAAGCGAAGTG-1","3","Clu",0
"ACCACTAAGTAGCCAC-1","9","Clu",0
"ACCATAACAACATCGG-1","7","Clu",0
"ACCATAGTCCATCGCC-1","13","Clu",0
"ACCATATAGCATGTGC-1","3","Clu",0
"ACCATCAAGATTACCG-1","1","Clu",0
"ACCATCCCACCACACT-1","3","Clu",0
"ACCATTTCATGGTGTG-1","12","Clu",0
"ACCCAAATCATGGATT-1","10","Clu",0
"ACCCAAATCCTCAGTT-1","7","Clu",0
"ACCCAACAGTGATACT-1","0","Clu",0
"ACCCAATGTAAGGACC-1","2","Clu",0.780065008725637
"ACCCAATGTATGTGAG-1","6","Clu",0
"ACCCAGTAGCTACGCG-1","14","Clu",0
"ACCCATCCACAATCAA-1","6","Clu",0
"ACCCATCCAGCATGAT-1","2","Clu",0
"ACCCATGGTAGCTTAC-1","7","Clu",0
"ACCCATGGTTCGAATC-1","5","Clu",0
"ACCCCAAGTCTGTGGC-1","10","Clu",0
"ACCCCATCATAAGCGT-1","11","Clu",0
"ACCCCGAAGGCGCTCA-1","0","Clu",0.727205549137959
"ACCCCTGCAGCCTAGA-1","1","Clu",0
"ACCCCTGCATCCATCA-1","1","Clu",0
"ACCCCTTGTCTTGGTG-1","0","Clu",0
"ACCCCTTGTTGGCGCT-1","1","Clu",0
"ACCCGAACAAATGCGT-1","5","Clu",0
"ACCCGAACAAGTCGAT-1","4","Clu",0
"ACCCGAACAGGTTGGC-1","8","Clu",0
"ACCCGAACAGTAAGGA-1","14","Clu",0
"ACCCGATAGCGATCCG-1","4","Clu",0
"ACCCGCTTCATCACCT-1","8","Clu",1.21648329441472
"ACCCGCTTCCACCGTC-1","4","Clu",0
"ACCCGTTCACGCCATT-1","4","Clu",0
"ACCCGTTCATTAGCCC-1","2","Clu",0
"ACCCTATTCCTCACCA-1","14","Clu",0
"ACCCTCGCAACCCGAA-1","2","Clu",0
"ACCCTCGCACAGCAAT-1","9","Clu",0
"ACCCTCGCATAGAGAG-1","15","Clu",0
"ACCCTGCTCCCGCTAC-1","13","Clu",0
"ACCCTTTAGCTATGGC-1","14","Clu",0
"ACCCTTTAGGCGAGTA-1","6","Clu",0
"ACCGAAAGTCAAGCAA-1","16","Clu",0
"ACCGAAAGTGAGTAGC-1","9","Clu",0
"ACCGAAAGTGATCCAT-1","6","Clu",0
"ACCGAGGGTGAGTTGA-1","3","Clu",0
"ACCGATGCACCTAACC-1","4","Clu",0
"ACCGATGCACTTACCA-1","4","Clu",0
"ACCGATTGTAACGGGT-1","1","Clu",0
"ACCGGATTCAGGGACA-1","0","Clu",0
"ACCGGCTGTGATGGGT-1","2","Clu",0
"ACCGGCTGTTTGGGTT-1","5","Clu",0.970021675220494
"ACCGGTTAGCAAGCTC-1","3","Clu",0
"ACCGTTGGTGGCGAAT-1","12","Clu",0
"ACCTAACGTCTGGTGC-1","2","Clu",0
"ACCTAACGTTAGACAG-1","3","Clu",0.700783700842875
"ACCTAACGTTTGCGTG-1","5","Clu",0
"ACCTAAGTCACACACA-1","4","Clu",0
"ACCTAAGTCGACTGAC-1","14","Clu",1.35013839524114
"ACCTACCCAAATTCAG-1","8","Clu",0
"ACCTACCCAGTTAGCG-1","0","Clu",0
"ACCTACTTCACTCCAT-1","7","Clu",0.351835082857
"ACCTATGAGCATGTAT-1","4","Clu",0
"ACCTATGAGGGTTAGG-1","1","Clu",0
"ACCTCCATCTATGAGT-1","9","Clu",0
"ACCTCCGCAACTGGTG-1","3","Clu",0
"ACCTCCGCAGCTAGAT-1","2","Clu",0
"ACCTCTTAGCCGACAT-1","1","Clu",0
"ACCTCTTAGCTATCCT-1","1","Clu",0.495923143687642
"ACCTCTTAGGAACCGA-1","1","Clu",0
"ACCTCTTAGGATTGGG-1","4","Clu",0
"ACCTGATGTGAAGCTA-1","3","Clu",0
"ACCTGCCTCAGCCAAC-1","5","Clu",0
"ACCTGCCTCCACCTTG-1","4","Clu",0
"ACCTGGACATGGAACT-1","5","Clu",0
"ACCTGTCCAAATTCGA-1","3","Clu",0
"ACCTGTCCACATGACG-1","13","Clu",0
"ACCTTAAGTGCAAGTA-1","15","Clu",0
"ACGAACCTCTCATCAC-1","2","Clu",0
"ACGAAGGTCACGCGAT-1","3","Clu",0
"ACGAATCCACCTTAAT-1","14","Clu",0
"ACGAATGGTAACGTCT-1","0","Clu",0.83573399959453
"ACGACGAAGATTAGAG-1","1","Clu",0
"ACGAGCAAGTCAGTTG-1","0","Clu",0
"ACGAGCAAGTTGGTAT-1","12","Clu",0
"ACGAGTAGTAAGTTGG-1","1","Clu",0
"ACGAGTAGTCAGGAGT-1","6","Clu",0
"ACGAGTAGTCCATCGA-1","3","Clu",0.825795641795087
"ACGAGTGAGGAGGCTA-1","8","Clu",0
"ACGATATTCACTGGGT-1","0","Clu",0
"ACGATATTCTGGATAT-1","4","Clu",0
"ACGATGGAGCTAGGGA-1","5","Clu",0
"ACGATGGAGCTGGTTA-1","2","Clu",0
"ACGATTGTCAGGAGCA-1","3","Clu",0
"ACGATTGTCCGGTTGG-1","1","Clu",0
"ACGCAATCAAGTCGTG-1","3","Clu",0
"ACGCAATCAATCAGTA-1","5","Clu",0
"ACGCAGCCACTCGGAA-1","4","Clu",0
"ACGCAGCCATAGAGCT-1","2","Clu",0
"ACGCAGCCATAGATTG-1","10","Clu",0
"ACGCATATCGTGAGTC-1","6","Clu",0
"ACGCCAACAGGAATCT-1","1","Clu",0
"ACGCCAACAGGATGCC-1","5","Clu",0
"ACGCCATAGCTAAGGG-1","3","Clu",0
"ACGCCATAGTCAAGCC-1","13","Clu",0
"ACGCGAAAGCCAGCCA-1","15","Clu",0
"ACGCGATTCACAGCAC-1","9","Clu",0
"ACGCGATTCCGCATGG-1","0","Clu",0
"ACGCGCATCGCTTGAA-1","3","Clu",0.694901786850427
"ACGCGCATCGTGCCCT-1","11","Clu",0
"ACGCTAATCGACATAT-1","4","Clu",0
"ACGCTATGTCAGGGCA-1","0","Clu",0
"ACGGACAAGGGTCAAG-1","9","Clu",0
"ACGGACAAGGTCATAT-1","2","Clu",0
"ACGGACAAGTCAGTAT-1","6","Clu",0
"ACGGACCCAAATGGAG-1","1","Clu",0
"ACGGACCCAACGGTCA-1","2","Clu",0
"ACGGACCCAATCCTGC-1","13","Clu",0
"ACGGATTCAATCGGCA-1","5","Clu",0
"ACGGATTCATTAGTAG-1","4","Clu",0
"ACGGCAAAGGGGATCA-1","1","Clu",0
"ACGGCAAAGGTAGTCC-1","13","Clu",0
"ACGGCCATCTATGCCT-1","6","Clu",0
"ACGGCTTAGGTGAGCA-1","11","Clu",0
"ACGGGCTCAAATCGCG-1","5","Clu",0
"ACGGGCTCAGGACATT-1","5","Clu",0
"ACGGGCTCATAGGCGC-1","4","Clu",2.01685551058656
"ACGGGCTCATGCTCCG-1","6","Clu",0
"ACGGGCTCATGGTACG-1","1","Clu",0
"ACGGGGACACATTCGC-1","4","Clu",0
"ACGGGGACACCTATAT-1","5","Clu",0
"ACGGGGACACTATGGG-1","1","Clu",0
"ACGGGGTAGTCATCTC-1","0","Clu",0
"ACGGGTAAGAAGGGCC-1","5","Clu",0
"ACGGGTAAGTAAGGTA-1","15","Clu",0
"ACGGGTAAGTAGGAGT-1","1","Clu",0
"ACGGTCACACCATACC-1","3","Clu",0
"ACGGTCACATGCGTAG-1","0","Clu",0
"ACGGTGAAGTAGCCAC-1","1","Clu",0
"ACGGTGAAGTGATACT-1","15","Clu",0
"ACGGTTATCGATTGCA-1","3","Clu",0
"ACGGTTGCATAATTCC-1","1","Clu",0
"ACGTAAGGTAGGTCGG-1","0","Clu",0
"ACGTATTAGCTAAGGG-1","8","Clu",0
"ACGTATTAGTAAGTGA-1","11","Clu",0
"ACGTCAATCATGCCGG-1","9","Clu",0
"ACGTCAATCCGTAGCG-1","5","Clu",0
"ACGTCACAGCTATGCA-1","10","Clu",0
"ACGTCCTCAAACTGAC-1","1","Clu",0
"ACGTCCTCAGCCAGGT-1","3","Clu",0
"ACGTCTAAGATAGTGA-1","15","Clu",0
"ACGTCTAAGGGCTATC-1","3","Clu",0
"ACGTCTAAGTCAGTTG-1","0","Clu",0
"ACGTGAGAGCTAGGCT-1","3","Clu",0
"ACGTGAGAGTCGACAC-1","6","Clu",0
"ACGTGGTTCCTTAGTC-1","10","Clu",0
"ACGTGTTGTAATGGCA-1","11","Clu",0
"ACGTGTTGTCTGGCAC-1","0","Clu",0
"ACGTTAACAATCTCAT-1","6","Clu",0
"ACGTTAGTCGTAACCA-1","1","Clu",0
"ACGTTCAAGCAACTGC-1","11","Clu",0
"ACGTTTGAGCATGAGG-1","14","Clu",0
"ACGTTTGAGGTTCCAA-1","8","Clu",0
"ACTAACTAGTATGACT-1","7","Clu",0
"ACTAAGCCACCAACTC-1","1","Clu",0
"ACTAAGCCAGGTTCGA-1","7","Clu",0
"ACTAAGGGTTGTCTGG-1","3","Clu",0
"ACTAAGGGTTGTGGAA-1","13","Clu",0
"ACTACAACAACTATCT-1","10","Clu",0
"ACTACCCCAACCCGAA-1","1","Clu",0
"ACTACCCCAGTAATTG-1","2","Clu",0
"ACTACCTTCACAGGAG-1","4","Clu",0
"ACTACTTCATAAGCAC-1","6","Clu",0
"ACTATCAGTAATCGGA-1","2","Clu",0
"ACTATCAGTTCACGCA-1","1","Clu",0
"ACTATCAGTTCGCATG-1","11","Clu",0
"ACTATGGTCCGGACAT-1","4","Clu",0
"ACTATGGTCCGTTACT-1","0","Clu",0
"ACTATTGGTAGCGGAT-1","7","Clu",0
"ACTCACAAGTGTCATG-1","6","Clu",0
"ACTCACCCATAGAGCT-1","5","Clu",0
"ACTCAGGCAATTAGGC-1","3","Clu",0
"ACTCATTCAAGTTAGC-1","9","Clu",0
"ACTCATTCAGCCATAG-1","1","Clu",0
"ACTCCAAAGCAGGCTT-1","11","Clu",0
"ACTCCACCAGGCAGCT-1","1","Clu",0
"ACTCCCATCACTCGTT-1","3","Clu",0
"ACTCCCATCAGGTCCG-1","7","Clu",0
"ACTCCCGCAGGCTATG-1","7","Clu",1.17771256661908
"ACTCCCTGTTGCACGC-1","4","Clu",0
"ACTCCCTGTTTGCCAG-1","3","Clu",0
"ACTCCTTAGCCTAAGC-1","0","Clu",0
"ACTCCTTAGTACGCTA-1","7","Clu",0
"ACTCGAATCCAGCGAT-1","4","Clu",0
"ACTCGATGTGAGGATC-1","4","Clu",0
"ACTCGCCTCCTGCGAG-1","7","Clu",0
"ACTCTCACAAGGGTAA-1","15","Clu",0
"ACTCTCACAGTTAGCG-1","3","Clu",0
"ACTCTGTTCAGCACGT-1","2","Clu",0
"ACTCTGTTCGCTCGCT-1","12","Clu",0
"ACTCTTGCAACATTAG-1","1","Clu",0
"ACTGAGGAGAAGCGCA-1","7","Clu",0
"ACTGATTAGTTAGCTG-1","1","Clu",0
"ACTGCATGTAACCCAT-1","11","Clu",0
"ACTGCATGTTTCGGCA-1","4","Clu",0
"ACTGCCTCAAGCTGAT-1","1","Clu",0.597440453572552
"ACTGCTAAGCAAGGCA-1","7","Clu",0
"ACTGCTAAGCTTCCTG-1","3","Clu",0
"ACTGCTGGTCTAGTGT-1","4","Clu",0
"ACTGGTTGTCAAGGCG-1","3","Clu",0
"ACTGGTTGTGCATCCA-1","5","Clu",0
"ACTGGTTGTTTCCATT-1","5","Clu",0
"ACTGGTTGTTTCCTGC-1","5","Clu",0
"ACTGTCAAGCTTACGA-1","7","Clu",0.387478152825551
"ACTGTGATCCACCGGA-1","4","Clu",0
"ACTGTGATCTGTCTAC-1","3","Clu",0
"ACTGTTAGTTACACTA-1","10","Clu",0
"ACTTAACAGATAGCCC-1","1","Clu",0.708492750234606
"ACTTAACAGGCGTCAT-1","5","Clu",0
"ACTTACTCAACCGTGA-1","4","Clu",0
"ACTTAGGTCCTGTCTG-1","12","Clu",0
"ACTTCTATCCGTAGAC-1","13","Clu",0
"ACTTCTATCGATTGGC-1","3","Clu",0
"ACTTGAGTCGCTATCT-1","7","Clu",0
"ACTTGGATCATCAAGT-1","8","Clu",0
"ACTTGGATCATGCGAC-1","2","Clu",0
"ACTTTAGGTTAGCATC-1","11","Clu",0
"ACTTTAGGTTTCAGCG-1","8","Clu",0
"ACTTTCGCACCTCAGT-1","12","Clu",0
"ACTTTGCTCACGCCAG-1","10","Clu",0
"ACTTTGCTCATGAGTT-1","10","Clu",0
"ACTTTGCTCTATGAAC-1","2","Clu",0
"ACTTTGGAGCGATGTC-1","1","Clu",0
"AGAAGGGGTGCATTAC-1","13","Clu",0
"AGAAGGTTCAATTGCG-1","6","Clu",0
"AGAAGTCAGCCAATCA-1","11","Clu",0
"AGAAGTCAGCCTGGAT-1","11","Clu",0
"AGAAGTTGTGAGACGT-1","0","Clu",0
"AGAATTGAGATAGCTT-1","0","Clu",0
"AGAATTGAGCAAGCGA-1","6","Clu",0
"AGAATTGAGGATTGGG-1","2","Clu",0
"AGAATTGAGGTTAGCC-1","2","Clu",0
"AGACAACAGCCTGTAA-1","5","Clu",0
"AGACAGACATGCTCTA-1","1","Clu",0
"AGACATAAGGTCACAC-1","7","Clu",0
"AGACATGGTAATCACC-1","11","Clu",0
"AGACGAACACTTCGAC-1","9","Clu",0
"AGACGATAGTAGCCCG-1","15","Clu",0
"AGACGCAAGCCATGAC-1","8","Clu",0
"AGACGCGGTTGGGCAG-1","2","Clu",0
"AGACGGATCAAGTCGC-1","7","Clu",0
"AGACTCGCAAAGGGTA-1","1","Clu",0
"AGACTGCTCACCTGGG-1","12","Clu",0
"AGACTGCTCATCAAGT-1","6","Clu",0
"AGACTGCTCCCTCAGC-1","8","Clu",0
"AGACTTACAACGGTGC-1","13","Clu",0
"AGACTTACACCTGCTG-1","0","Clu",0
"AGAGAATCAGGATGAA-1","0","Clu",0
"AGAGAATCATCACTAT-1","3","Clu",0
"AGAGACCGTTACACAC-1","9","Clu",0
"AGAGACCGTTTACACA-1","6","Clu",1.11062160855166
"AGAGAGAAGGTACTAT-1","4","Clu",0
"AGAGAGAAGTCAGTTG-1","6","Clu",0
"AGAGAGGGTCAATGCT-1","8","Clu",0
"AGAGATGCAAACCAGT-1","2","Clu",0.648233012289342
"AGAGATGCAATACTGA-1","6","Clu",0
"AGAGATTGTGGCGACA-1","4","Clu",0
"AGAGGAGGTGAACGCG-1","11","Clu",0
"AGAGGAGGTTCCGGTA-1","15","Clu",0
"AGAGGCGCAGGAGCAG-1","14","Clu",0
"AGAGGCTGTGGCGTGA-1","5","Clu",0
"AGAGGCTGTTATCATG-1","8","Clu",2.61160910579536
"AGAGGGTCATCAAGCG-1","5","Clu",0
"AGAGTAATCACGGATC-1","7","Clu",0
"AGAGTAATCGACTATG-1","5","Clu",0
"AGAGTATGTAACGAAT-1","5","Clu",0
"AGAGTATGTTAAGCAG-1","6","Clu",0
"AGAGTCCTCAGCGAGA-1","7","Clu",0
"AGAGTCCTCCTGCTAT-1","2","Clu",0
"AGAGTTGGTGGCCAAG-1","0","Clu",0
"AGAGTTGGTTTGAGAG-1","0","Clu",0
"AGCAAATGTCTTGATA-1","0","Clu",0
"AGCAAATGTTTCGGGC-1","3","Clu",0
"AGCAAGGTCTGGCACG-1","1","Clu",0
"AGCAATCCAAGTTCGG-1","4","Clu",0
"AGCAATCCAGGGCTAC-1","2","Clu",0
"AGCAATTTCGATCGGT-1","10","Clu",0
"AGCACCACATGGTGCA-1","1","Clu",0.738662995369728
"AGCACGTTCGATCCAA-1","1","Clu",0
"AGCACTATCAATCCAG-1","1","Clu",0
"AGCACTATCTGGCTAA-1","1","Clu",0
"AGCATCATCTCATCAC-1","5","Clu",0
"AGCATCGCAACTAAGC-1","1","Clu",0
"AGCATCTGTTAGTCGT-1","0","Clu",0
"AGCATCTGTTGTAACC-1","14","Clu",0
"AGCATGAGTTTCCAGG-1","12","Clu",0
"AGCATGGAGGTACTTG-1","11","Clu",0
"AGCATTGTCACTCATC-1","11","Clu",0.485099512324904
"AGCATTGTCCGTTAAG-1","15","Clu",0
"AGCATTTAGCTAGTTG-1","0","Clu",0
"AGCCAAAGTCAAGCAA-1","8","Clu",0
"AGCCAAAGTGCGGTAG-1","4","Clu",0
"AGCCAATCAATTCATC-1","2","Clu",0
"AGCCAATCACCTTAGC-1","6","Clu",0
"AGCCAATCAGCCTAGA-1","12","Clu",0
"AGCCAATCATTAATCC-1","6","Clu",0
"AGCCACTAGATAGCGG-1","7","Clu",0
"AGCCAGCCACATGATA-1","0","Clu",0
"AGCCAGCCAGCCTATC-1","1","Clu",0
"AGCCAGCCAGGTAGGG-1","7","Clu",0
"AGCCAGCCAGTTGGTG-1","4","Clu",0
"AGCCAGCCATAACGCG-1","14","Clu",0
"AGCCAGCCATGAAGTC-1","4","Clu",0
"AGCCATCAGATAGTCT-1","11","Clu",0
"AGCCATCAGGTCAACC-1","10","Clu",0
"AGCCATTGTAGCGACG-1","9","Clu",0
"AGCCATTGTAGTTGAG-1","16","Clu",0
"AGCCATTGTGGCCATC-1","9","Clu",0
"AGCCCATAGCCGAGTT-1","1","Clu",0
"AGCCCCAAGAAGCTCC-1","12","Clu",0
"AGCCCCTTCACCCTGC-1","7","Clu",0
"AGCCCGATCCAATGAT-1","2","Clu",0
"AGCCCGATCCGGTACG-1","0","Clu",0
"AGCCCTAGTTCACGCA-1","6","Clu",0
"AGCCCTAGTTGCCTCT-1","2","Clu",0.654340276823777
"AGCCGAAAGATTAACC-1","10","Clu",0
"AGCCGAAAGCCGACTG-1","8","Clu",1.8280804879181
"AGCCGATTCAGTGCCG-1","5","Clu",0
"AGCCGATTCGCTCAGG-1","4","Clu",0
"AGCCGTTAGATTAGCT-1","11","Clu",0
"AGCCGTTAGCGCAATC-1","2","Clu",0
"AGCCTCAGTAAGTCAG-1","0","Clu",0
"AGCCTCAGTCTTGAAC-1","0","Clu",0
"AGCCTCAGTTTGAGCT-1","11","Clu",0
"AGCCTCAGTTTGGCGC-1","0","Clu",0.924529208323194
"AGCCTCCTCGACCGTG-1","14","Clu",0
"AGCCTCCTCTAACCAG-1","2","Clu",0
"AGCCTCTCATAAGGAG-1","5","Clu",0
"AGCCTGACAAGCGGTC-1","5","Clu",0.58442873305867
"AGCCTGACACATTCCA-1","10","Clu",2.14293903016024
"AGCCTGACACTCATAT-1","6","Clu",0
"AGCCTGACATGGTCAG-1","5","Clu",0.901056102512213
"AGCCTTGGTATAGACG-1","7","Clu",0
"AGCGACAAGTGACGAG-1","3","Clu",0
"AGCGACCCACTCAACC-1","9","Clu",0
"AGCGACCCAGGATCAT-1","12","Clu",0
"AGCGAGGCATTCCTCT-1","1","Clu",0
"AGCGATAGTAGTAACG-1","16","Clu",0
"AGCGATAGTGCGGACA-1","3","Clu",0
"AGCGATAGTGGGTTAA-1","6","Clu",0
"AGCGATGAGTGCTTAG-1","2","Clu",0
"AGCGATTCAGGTAGCC-1","5","Clu",0
"AGCGCAGGTAAGTCTC-1","6","Clu",1.00149774918035
"AGCGCAGGTTTGGGCC-1","3","Clu",0
"AGCGCCATCACCTGCC-1","1","Clu",0
"AGCGCCTGTAATGCAG-1","0","Clu",0.672693794646323
"AGCGCCTGTGGCCATC-1","1","Clu",0.501920378953883
"AGCGGATGTTAGAGTG-1","2","Clu",0
"AGCGGGACAAACCATA-1","2","Clu",0.45884259489886
"AGCGGGACAAGTCCTC-1","11","Clu",0
"AGCGTCCGTAACCACT-1","14","Clu",0
"AGCGTTGCACTAGGAT-1","9","Clu",0
"AGCGTTGCACTTAACT-1","2","Clu",0
"AGCTAACCAAATGCAC-1","3","Clu",0
"AGCTAAGGTGCAGGCA-1","1","Clu",0
"AGCTAAGGTTCACTAA-1","7","Clu",0
"AGCTACGCAAGCTAAC-1","5","Clu",0
"AGCTACGCATCCCAAC-1","0","Clu",0
"AGCTGAGAGTTAATGC-1","2","Clu",0
"AGCTGGTTCTCACCTG-1","2","Clu",0
"AGCTGTTGTTGAAGGC-1","15","Clu",0
"AGCTTAGTCCTGCTAT-1","2","Clu",0
"AGCTTTAGTTAAGTGG-1","14","Clu",0
"AGCTTTAGTTTACTCT-1","10","Clu",0
"AGCTTTAGTTTGGGTT-1","2","Clu",0
"AGGAACTAGGCGATGA-1","6","Clu",0.796684863983577
"AGGAATGCATCCTGCG-1","6","Clu",0.79903361613107
"AGGAATGCATGCTGCT-1","3","Clu",0
"AGGACAACAAAGGGAC-1","6","Clu",0
"AGGACAACATTCGGAG-1","4","Clu",0
"AGGACATAGCTATACG-1","13","Clu",0
"AGGACCCCAATATGGC-1","0","Clu",0
"AGGACCCCAGCACTAG-1","5","Clu",0
"AGGACCCCATAGGCCA-1","2","Clu",0
"AGGACTAGTTGACTAC-1","5","Clu",0
"AGGCACGGTGCGTACC-1","0","Clu",0
"AGGCACGGTTGTCCGA-1","0","Clu",0
"AGGCAGGCACAGGATT-1","5","Clu",0
"AGGCATAGTGCGTACC-1","10","Clu",0
"AGGCATAGTTCCTTGC-1","3","Clu",0
"AGGCATTCATTGGCGA-1","0","Clu",0
"AGGCCAAAGAACCTGC-1","13","Clu",0
"AGGCCAAAGATACTAC-1","0","Clu",0
"AGGCCAAAGGCGAGGT-1","8","Clu",0
"AGGCCAAAGTGACCCG-1","0","Clu",0
"AGGCCAGGTAGCGATA-1","7","Clu",0
"AGGCCAGGTAGTGATG-1","6","Clu",0
"AGGCCAGGTCTGGTGC-1","13","Clu",0
"AGGCCATTCAGCTGGT-1","5","Clu",0.686857072898713
"AGGCCATTCAGGTCCG-1","6","Clu",0
"AGGCCCATCCCCAATT-1","5","Clu",0
"AGGCGAATCACGCAAC-1","3","Clu",0
"AGGCGTTTCCAGATGC-1","7","Clu",0
"AGGCGTTTCTTGAGGC-1","3","Clu",0
"AGGCTCACAACTACCC-1","8","Clu",1.54081181153626
"AGGCTCACATCACGGA-1","10","Clu",0
"AGGCTCCGTTGACTGT-1","4","Clu",0
"AGGCTTGCAGGCAGGA-1","8","Clu",1.67316441566266
"AGGGAACCAAGTGTGT-1","4","Clu",0
"AGGGAACCAATGCCCT-1","14","Clu",0
"AGGGAACCAGCACGTA-1","3","Clu",0
"AGGGAACCAGCACTGA-1","6","Clu",0.49657667802447
"AGGGAACCATCGCTCG-1","2","Clu",0
"AGGGAAGGTTAACGCT-1","0","Clu",0
"AGGGATTAGGCACATC-1","1","Clu",0
"AGGGCAATCACTCCAT-1","5","Clu",0
"AGGGCAATCATGCACA-1","7","Clu",0
"AGGGCATGTATGGCTT-1","0","Clu",0
"AGGGCATGTCTCAGGC-1","3","Clu",0
"AGGGCATGTCTCCACT-1","8","Clu",0
"AGGGCATGTGGACCTC-1","8","Clu",0
"AGGGCATGTTAGTGTC-1","0","Clu",0
"AGGGCTAAGTCGAGTC-1","0","Clu",0
"AGGGCTAAGTGATAGA-1","8","Clu",0
"AGGGGTTGTCATTACA-1","8","Clu",2.64458443575225
"AGGGGTTGTGACTCGC-1","6","Clu",0.623690379581954
"AGGGGTTGTTCGTCCT-1","5","Clu",0
"AGGGGTTGTTTGCAGT-1","0","Clu",0
"AGGGTCAAGAACCATT-1","4","Clu",0
"AGGGTCAAGAAGCGAT-1","1","Clu",0
"AGGGTCAAGCCAGAGA-1","5","Clu",0
"AGGGTTGAGGCTAGAG-1","2","Clu",0
"AGGTAAATCACCTGAA-1","7","Clu",0.503210040740903
"AGGTATGGTCTAATTG-1","8","Clu",0
"AGGTATGGTCTAGCCA-1","0","Clu",0.96115942813541
"AGGTATGGTTGCTAAC-1","11","Clu",0
"AGGTGATAGGTAGCGA-1","11","Clu",0
"AGGTGATAGTGAGTGG-1","16","Clu",0
"AGGTGCAAGAAGCCAG-1","5","Clu",0
"AGGTGCAAGCCGATAC-1","4","Clu",0
"AGGTGCAAGTCATGGC-1","15","Clu",0
"AGGTGCTTCCAGGTTA-1","1","Clu",0
"AGGTGTGAGGTCGAAG-1","2","Clu",0
"AGGTTAAAGTTGCGGT-1","4","Clu",0
"AGGTTAGGTAGTCCTG-1","1","Clu",0
"AGGTTAGGTTAACTGC-1","7","Clu",0
"AGGTTAGGTTTGAGGA-1","4","Clu",0
"AGGTTCATCACTGTCT-1","10","Clu",0
"AGGTTCGCACTAACCC-1","0","Clu",0
"AGTAACCCAAGCTCTC-1","5","Clu",0
"AGTAACCCAAGTGATC-1","0","Clu",0
"AGTAATGAGTAGTCCA-1","12","Clu",0
"AGTACAGGTGGGTACG-1","7","Clu",0
"AGTACAGGTTTACGCG-1","5","Clu",0
"AGTACCATCCTGAATG-1","4","Clu",0
"AGTACCATCTAGTAAC-1","5","Clu",0.475967219745832
"AGTACCTGTTAAGCGA-1","3","Clu",0
"AGTACGGAGAATCGGG-1","7","Clu",0
"AGTACGGAGGATCCGT-1","7","Clu",0
"AGTATAGAGTAGCCGT-1","3","Clu",0
"AGTATCACACAACCCT-1","1","Clu",0
"AGTATCACATAGAGTC-1","5","Clu",0
"AGTATCACATCATATC-1","2","Clu",0
"AGTATCCGTGATTGAG-1","5","Clu",0.735933317095064
"AGTATCCGTTTGGTGT-1","6","Clu",0
"AGTATGAAGGAATTGA-1","2","Clu",0
"AGTATGGGTGAAGTAT-1","0","Clu",0
"AGTATGGGTTCGCTGA-1","5","Clu",0
"AGTATGGGTTTCGGCA-1","13","Clu",0
"AGTATTCAGCCATGAC-1","1","Clu",0
"AGTATTGCATAGGGCC-1","7","Clu",0
"AGTCAAGGTATAGCAG-1","12","Clu",0
"AGTCAAGGTGAGGCCA-1","5","Clu",0
"AGTCAAGGTGGACCCT-1","3","Clu",0
"AGTCAAGGTTAGGGTA-1","6","Clu",0
"AGTCAGCTCGCTCTCA-1","9","Clu",0
"AGTCAGTCAAGTAGTC-1","0","Clu",0
"AGTCAGTCAGGCAGAG-1","8","Clu",1.61910760905206
"AGTCCAGCATGAAGTC-1","4","Clu",0
"AGTCCCAGTTAGACGA-1","11","Clu",0
"AGTCCCTCATCGAAGT-1","1","Clu",0
"AGTCCTGGTAACCGAA-1","3","Clu",0
"AGTCCTGGTAGGTCGG-1","8","Clu",0
"AGTCGAAGTTGTGAGA-1","3","Clu",0
"AGTCGGGGTCAACCGC-1","14","Clu",0
"AGTCGGTTCCTTCGGC-1","7","Clu",0
"AGTCGTTGTCAGTAGA-1","4","Clu",0
"AGTCTCAAGATTCAGT-1","5","Clu",0
"AGTCTCAAGTAATGTC-1","0","Clu",0
"AGTCTTGAGGCGAAGC-1","12","Clu",0
"AGTGAACAGGCAACTC-1","4","Clu",0
"AGTGAATGTTCGTCAG-1","3","Clu",0
"AGTGACAGTGAGCGAT-1","10","Clu",0
"AGTGAGGTCATGCTTC-1","5","Clu",0
"AGTGAGTAGCGAACTC-1","10","Clu",0
"AGTGATGGTAGTCAAG-1","3","Clu",0
"AGTGATGGTTTGCATA-1","1","Clu",0
"AGTGATTTCCGTGTAA-1","0","Clu",0
"AGTGATTTCCTGGTAA-1","2","Clu",0
"AGTGCATCAGTAAGTC-1","5","Clu",0
"AGTGCGCCAACTAAGC-1","8","Clu",0
"AGTGCGCCATGGCAAT-1","11","Clu",0.695958992012847
"AGTGCGGGTGATTCCG-1","1","Clu",0
"AGTGCGGGTTGCGGCT-1","6","Clu",0
"AGTGCTTGTAATCACC-1","14","Clu",0
"AGTGCTTGTGAGTCCC-1","13","Clu",0
"AGTGGAACACAATGAC-1","14","Clu",0
"AGTGGCTTCACCTGGG-1","1","Clu",0
"AGTGGCTTCAGGCAGA-1","3","Clu",0
"AGTGGCTTCTGGCCTC-1","3","Clu",0
"AGTGGTTCAACCCGAA-1","5","Clu",0
"AGTGGTTCAATCCCGT-1","4","Clu",1.79175946922805
"AGTGGTTCATGAGTGT-1","9","Clu",0
"AGTGGTTCATTGCCCG-1","8","Clu",0
"AGTGTAAAGCCAATGC-1","6","Clu",0.844186198641133
"AGTGTCATCACGTGCG-1","3","Clu",0
"AGTGTCATCACTTGAG-1","8","Clu",0
"AGTGTCATCAGCACCG-1","2","Clu",0
"AGTGTCATCGCGTGAT-1","1","Clu",0
"AGTGTCGCATGGATCG-1","11","Clu",0.749796805368833
"AGTGTGAGTTTAGCGT-1","5","Clu",0
"AGTGTGGAGATAGGCG-1","5","Clu",0
"AGTTAGAAGCGGTCTG-1","1","Clu",0
"AGTTAGAAGTGCGCCA-1","0","Clu",0
"AGTTAGCCAACCCTTA-1","4","Clu",0
"AGTTAGCCAAGGGTCC-1","8","Clu",1.46864903036578
"AGTTAGCCAATGTCGG-1","15","Clu",0
"AGTTGAAAGCATCTCT-1","5","Clu",0
"AGTTGAGGTATTGCCG-1","2","Clu",0
"AGTTGCATCCTGTACT-1","4","Clu",0
"AGTTGGGAGTAGTCTG-1","8","Clu",0
"AGTTGGTCAAGTTCGG-1","4","Clu",0
"AGTTGGTCATCGCTAC-1","8","Clu",0
"AGTTTGGTCACAGGAG-1","15","Clu",0
"AGTTTGGTCAGCCAAC-1","1","Clu",0
"ATAACCACACAACCGA-1","0","Clu",0
"ATAACGAAGTCATGGC-1","8","Clu",0
"ATAACGGGTCCCGATA-1","3","Clu",0
"ATAACGGGTTCCCGAA-1","1","Clu",0
"ATAACGGGTTTACTGA-1","1","Clu",0
"ATAACGTTCAGCAGTC-1","9","Clu",0
"ATAACGTTCCCATTAC-1","8","Clu",0
"ATAACGTTCGCGCATG-1","4","Clu",0
"ATAACGTTCGTTAAGT-1","8","Clu",2.11906178912578
"ATAAGCAAGCAGTTCA-1","0","Clu",1.06138077407076
"ATAAGCAAGCGGCATT-1","10","Clu",0
"ATAAGCTTCAGGGAAT-1","6","Clu",0
"ATAAGGATCACAGCGT-1","6","Clu",0
"ATAAGGATCCGGACAT-1","8","Clu",1.66825874174476
"ATAAGGATCCTCGACC-1","1","Clu",0
"ATAATCGCAAGCCTGA-1","6","Clu",0
"ATAATGCTCAGCGGAA-1","7","Clu",0
"ATAATGCTCCGGTTGG-1","3","Clu",0
"ATAATGCTCCTTAGAG-1","7","Clu",0
"ATACCAACACATACCC-1","3","Clu",0
"ATACCATAGGTGATGG-1","10","Clu",0
"ATACCCTTCTATGGGC-1","4","Clu",0
"ATACGAAAGTTACGCA-1","14","Clu",0
"ATACGGTCAAGCGTAT-1","12","Clu",2.27011929174447
"ATACGGTCAAGCTGAT-1","13","Clu",0
"ATACGGTCAAGCTTCC-1","4","Clu",0
"ATACGTTAGTAGCGTC-1","8","Clu",0
"ATACTGGTCTAACTCC-1","4","Clu",0
"ATACTTGGTTCCTTGC-1","2","Clu",0
"ATACTTGGTTGCCTAG-1","16","Clu",0
"ATACTTGGTTGGGCAG-1","3","Clu",0
"ATACTTGGTTTACGAC-1","6","Clu",0
"ATAGCAAAGGTAGCGA-1","5","Clu",0
"ATAGCACCAAGTGTAC-1","1","Clu",0
"ATAGCACCAATGGGCC-1","8","Clu",0
"ATAGCAGGTCTAAGTC-1","1","Clu",0.558343761126171
"ATAGCCATCAAGTAAG-1","10","Clu",0
"ATAGCCATCCCGCAGA-1","9","Clu",0
"ATAGCCTGTTGCTCGA-1","5","Clu",0
"ATAGCGAGTGACCGAG-1","8","Clu",0
"ATAGCGAGTTAGTTGC-1","4","Clu",0
"ATAGCGCTCATGTGCA-1","6","Clu",0
"ATAGCGCTCCGTAGTA-1","1","Clu",0
"ATAGCGCTCGCATGAC-1","0","Clu",0
"ATAGGATGTGCGAGTG-1","8","Clu",2.31738806956212
"ATAGGATGTTGGCGAG-1","0","Clu",0
"ATAGGCCTCGACTTAG-1","8","Clu",0
"ATAGGCGAGAATCCGC-1","15","Clu",0
"ATAGGCTCAGCACCTT-1","4","Clu",0
"ATAGGCTCAGGATGGG-1","6","Clu",0
"ATAGGCTCAGTAAGTC-1","9","Clu",0
"ATAGGCTCATCCTTGA-1","5","Clu",0.73463280123581
"ATAGGGCGTAAGTCCT-1","6","Clu",0
"ATAGGGCGTCTGGTGC-1","5","Clu",0
"ATAGGGCGTTGCGGTC-1","3","Clu",0
"ATAGGGGTCCGGGTAT-1","1","Clu",0
"ATAGGGTAGCATGGTC-1","4","Clu",0
"ATAGGGTAGTGAGATA-1","3","Clu",0
"ATAGTCACAAAGGGAC-1","7","Clu",0.556748792105274
"ATAGTGAAGCCAGGTT-1","7","Clu",0
"ATAGTGAAGTAGGGCA-1","7","Clu",0
"ATATCACAGGTTACAT-1","6","Clu",0.617054585293096
"ATATCACAGTGATGAA-1","3","Clu",0
"ATATCAGCAATTCACT-1","14","Clu",0
"ATATCAGCATTCGGTC-1","2","Clu",0
"ATATCCCTCGAGCACT-1","7","Clu",0.508357862602792
"ATATCCTCAACCTACC-1","5","Clu",0
"ATATCCTCATGGTCCT-1","2","Clu",0
"ATATGGGGTAATCCTA-1","9","Clu",0
"ATATGGGGTGGGAATC-1","5","Clu",0.822204292789547
"ATATGGGGTTGAGCCC-1","3","Clu",0
"ATATGGTTCTCACCTG-1","7","Clu",0
"ATATGTCAGCTGGAGA-1","0","Clu",0
"ATATGTCAGCTTCCTG-1","9","Clu",0
"ATATGTCAGGTACCAC-1","16","Clu",0
"ATCAACTAGCGCGATT-1","3","Clu",0
"ATCAACTAGGGTCCAT-1","2","Clu",0.478030897768439
"ATCAAGCCACATATAG-1","5","Clu",0
"ATCAAGGGTGGCGTGA-1","6","Clu",0
"ATCACAACAGTAATGC-1","11","Clu",0
"ATCACATAGCGATGTC-1","5","Clu",0
"ATCACCTTCCCGTACC-1","8","Clu",0
"ATCACCTTCGCTTGGG-1","2","Clu",0
"ATCACCTTCTGGTACA-1","15","Clu",0
"ATCACGATCACGTTAG-1","3","Clu",0
"ATCAGCCAGCTAATCG-1","16","Clu",0
"ATCAGGCTCACCTTAC-1","2","Clu",0
"ATCAGGCTCACTTCGT-1","1","Clu",1.00620724918988
"ATCAGGCTCCCTGGAG-1","0","Clu",0
"ATCAGGCTCGCTCTAT-1","3","Clu",0
"ATCAGGCTCTATGTCC-1","2","Clu",0
"ATCAGGGAGCCGCATG-1","2","Clu",0
"ATCAGGGAGCGGACTT-1","7","Clu",0
"ATCAGGGAGGATGGTG-1","1","Clu",0
"ATCAGGGAGGTTAGCC-1","5","Clu",0
"ATCAGGGAGTCGAAGG-1","3","Clu",0
"ATCAGGTCAAGCGCGT-1","8","Clu",1.91009641529294
"ATCAGGTCAATTACCT-1","11","Clu",0
"ATCAGTTAGCGGACTT-1","0","Clu",0
"ATCATCAGTAACCGAA-1","2","Clu",0
"ATCATCCTCAATCGGC-1","14","Clu",0
"ATCATCCTCCCGTGAG-1","0","Clu",0
"ATCATCCTCCGCACCT-1","6","Clu",0
"ATCATCCTCGCATCAA-1","14","Clu",0
"ATCATGGTCGACCAGT-1","2","Clu",0.436870196563811
"ATCATTCCACCTTGAC-1","10","Clu",0
"ATCCAATAGCCTAAGC-1","1","Clu",0
"ATCCACGGTGGCAGTG-1","5","Clu",0
"ATCCATGAGCGGAGAC-1","5","Clu",0
"ATCCATGAGGTTACAT-1","4","Clu",0
"ATCCCAGGTGCACCAC-1","8","Clu",0
"ATCCCATTCGTGCCAG-1","1","Clu",0
"ATCCCATTCTGTGCCC-1","0","Clu",0
"ATCCCGCTCAATTGCG-1","5","Clu",0
"ATCCCTTAGGTTGCGT-1","9","Clu",0
"ATCCGGGTCACAGGGA-1","2","Clu",0
"ATCCGGGTCCGCCTAC-1","5","Clu",0
"ATCCGGGTCGACTGAC-1","5","Clu",0
"ATCCGTAAGAAGCCAG-1","3","Clu",0
"ATCCGTAAGATAGATG-1","9","Clu",0
"ATCCGTCCAAAGGACA-1","5","Clu",0
"ATCCGTCCACTATGCC-1","11","Clu",0
"ATCCTCCGTGATTCCG-1","13","Clu",0
"ATCCTCCGTTTGACCG-1","9","Clu",0
"ATCCTGAAGGATCAGG-1","4","Clu",0
"ATCCTGTTCCGCGCTT-1","5","Clu",0.71826004951288
"ATCGAACCAAGCGCGT-1","2","Clu",0
"ATCGAACCAAGCTCAG-1","5","Clu",0
"ATCGAACCACAAGGAA-1","8","Clu",0
"ATCGAAGGTCTAGCCA-1","4","Clu",0
"ATCGAAGGTTGAGGAC-1","2","Clu",0
"ATCGAGGAGCTAGCCG-1","0","Clu",0
"ATCGCATGTGCGGCTT-1","1","Clu",0
"ATCGCCCTCGTCTACT-1","11","Clu",0
"ATCGCCTCAACCGTAG-1","0","Clu",0.889578297940521
"ATCGCCTCACCTCAAC-1","4","Clu",0
"ATCGCGCGTCAGGGCA-1","12","Clu",0
"ATCGGGCCATAACCGG-1","3","Clu",0.818787479672354
"ATCGGTCAGAACGACG-1","0","Clu",0
"ATCGGTCAGTAGACCC-1","1","Clu",0
"ATCGTACGTCTGGCTA-1","0","Clu",0
"ATCGTACGTTCCCAGA-1","9","Clu",0
"ATCGTAGTCGAGGTCT-1","7","Clu",0
"ATCGTAGTCGCTATCT-1","4","Clu",0
"ATCGTCAAGAAGGATC-1","3","Clu",0
"ATCGTCAAGCATGGCT-1","4","Clu",0
"ATCGTCAAGGCATGTC-1","2","Clu",0
"ATCTAACAGCGAAGTG-1","7","Clu",0
"ATCTAACAGCGCCTCT-1","6","Clu",0
"ATCTAACAGGCACAGA-1","5","Clu",0
"ATCTAACAGTGTCAAT-1","15","Clu",0
"ATCTACCTCAGCACCG-1","3","Clu",0
"ATCTACTCAAGTAACC-1","3","Clu",0
"ATCTACTCAAGTGTAC-1","6","Clu",0.769590882781401
"ATCTACTCATCAAGCG-1","0","Clu",0
"ATCTATGGTGCAATGA-1","3","Clu",0
"ATCTATGGTTATGCGT-1","2","Clu",0.689121630308518
"ATCTATGGTTTACTTC-1","14","Clu",0
"ATCTCATCACCATGTC-1","9","Clu",0
"ATCTCCACAGCAGGGA-1","8","Clu",1.43606053683494
"ATCTCCACATCGCTCG-1","14","Clu",0
"ATCTCGCCAGGAAGGT-1","5","Clu",0
"ATCTCGCCATCCAGAG-1","0","Clu",0
"ATCTGAGTCGTCTACT-1","1","Clu",0
"ATCTGGATCCATAGTG-1","2","Clu",0
"ATCTGTGAGGAGGTGC-1","5","Clu",0
"ATCTTCATCGAACCCG-1","11","Clu",0
"ATCTTGCTCTAAGCAT-1","8","Clu",1.89241748305148
"ATGAAAGTCATATCGG-1","15","Clu",1.40650477256798
"ATGAACCCAGCTCTAC-1","3","Clu",0
"ATGAACCCATGATCCC-1","2","Clu",0
"ATGACAGGTAAGGTCA-1","12","Clu",0
"ATGACAGGTTATCACA-1","13","Clu",0
"ATGACGGAGAATCCGC-1","9","Clu",0
"ATGACGGAGGATCTGC-1","10","Clu",0
"ATGAGGCGTAATGAGT-1","11","Clu",0
"ATGAGGTAGCCTGAGT-1","1","Clu",0
"ATGAGTAAGCGAACTC-1","2","Clu",0
"ATGATGTTCAATCACG-1","2","Clu",0
"ATGATGTTCCGGTTCC-1","13","Clu",0
"ATGATGTTCCGTTAAG-1","3","Clu",0
"ATGATTGCAAGCGTAT-1","6","Clu",0
"ATGATTGCATAGACAC-1","10","Clu",0
"ATGCACGCAAAGGTGA-1","6","Clu",0
"ATGCACGCATTCAGTT-1","4","Clu",0
"ATGCAGGAGCCAATCA-1","2","Clu",0
"ATGCATTAGATTCAAC-1","3","Clu",0
"ATGCATTAGCCTGCTC-1","6","Clu",0
"ATGCCACAGGTAGGCA-1","1","Clu",0
"ATGCCCTCATCCCAAC-1","1","Clu",0
"ATGCCCTCATGGCGTA-1","6","Clu",0
"ATGCCTGGTGGCTGTC-1","4","Clu",0
"ATGCGGTTCACTTGGA-1","8","Clu",0
"ATGCTCAAGCGGATCT-1","13","Clu",0
"ATGCTCAAGTACCAAT-1","4","Clu",0
"ATGCTGATCCGTGCGA-1","4","Clu",0
"ATGCTGATCCTTCACG-1","3","Clu",0
"ATGCTTAGTAATGACG-1","5","Clu",0
"ATGCTTGAGGTGCGTT-1","2","Clu",0
"ATGGAGACAATTGACA-1","3","Clu",1.09423155685147
"ATGGAGTAGAAGCGCA-1","12","Clu",0
"ATGGATGGTTCCATCC-1","6","Clu",0
"ATGGCAAGTTAGCCTG-1","5","Clu",0
"ATGGCGAAGCATATCG-1","11","Clu",0
"ATGGCTATCACGTAAT-1","0","Clu",0
"ATGGCTATCCTTCCAG-1","1","Clu",0
"ATGGCTGCAGCCAGAC-1","1","Clu",0.461970865613759
"ATGGCTGCAGGCATCA-1","12","Clu",0
"ATGGCTGCATGATCGG-1","7","Clu",0
"ATGGGATAGGCTCTGG-1","10","Clu",0
"ATGGGATAGTAGCTGC-1","14","Clu",0
"ATGGGCAAGCGCTCGA-1","11","Clu",0
"ATGGGCTTCCTGTCGC-1","2","Clu",0
"ATGGGGATCCTTAGTC-1","0","Clu",0
"ATGGGGATCTGGGAAG-1","4","Clu",0
"ATGGGTGAGCGAAGTG-1","0","Clu",0
"ATGGGTGAGGTCACAC-1","6","Clu",0
"ATGGTAAAGGATGTAA-1","7","Clu",0.496274828514784
"ATGGTAAAGGCACGAA-1","4","Clu",0
"ATGGTAGGTATGGTTC-1","11","Clu",0
"ATGGTCATCAAGTAGA-1","12","Clu",0
"ATGGTCATCCGGTGAT-1","3","Clu",0
"ATGGTGAGTCAGTCAT-1","4","Clu",0
"ATGGTGAGTTCGATAC-1","2","Clu",0
"ATGGTGAGTTTGGCGC-1","3","Clu",0
"ATGGTGGAGCCACTAA-1","6","Clu",0
"ATGGTTTAGGCTCCGA-1","14","Clu",0
"ATGGTTTAGTATGTAC-1","10","Clu",0
"ATGGTTTAGTTGGCCG-1","6","Clu",0
"ATGTACCGTGCACGCT-1","15","Clu",0
"ATGTAGCCAAGCACGC-1","0","Clu",0
"ATGTAGCCAATCCATT-1","4","Clu",0
"ATGTCAACAAGTCCCT-1","5","Clu",0
"ATGTCCCCACATTGAA-1","0","Clu",0.536567287373086
"ATGTCCCCACTCAGCT-1","11","Clu",0
"ATGTCCCCAGCACTGA-1","9","Clu",0
"ATGTCCCCATTACTGT-1","0","Clu",0
"ATGTCCTTCTATGTGG-1","2","Clu",0
"ATGTGAAAGCGCCATG-1","5","Clu",0
"ATGTGAGGTCTAAGCT-1","7","Clu",0
"ATGTGCATCGTTGCGG-1","6","Clu",0
"ATGTGCATCTGGTGAC-1","4","Clu",0
"ATGTGGGAGATAGGGT-1","5","Clu",0
"ATGTGGGAGTATGTCG-1","7","Clu",0
"ATGTGGGAGTGTCAAT-1","0","Clu",0
"ATGTTAGCACTCATCA-1","16","Clu",0
"ATGTTCCTCTCACCAT-1","3","Clu",0
"ATTAAGCTCCGCCAGA-1","3","Clu",0
"ATTAAGCTCCGCCATC-1","0","Clu",0
"ATTAAGCTCGACATAT-1","2","Clu",0
"ATTACCCTCATGCCTT-1","5","Clu",0
"ATTACCCTCGTACTAG-1","13","Clu",0
"ATTACCTCACTAAGGT-1","3","Clu",0
"ATTACGTAGCAGGCTT-1","7","Clu",0
"ATTACGTAGCCCTGAG-1","4","Clu",0
"ATTCAGGTCGCGTTAA-1","1","Clu",0
"ATTCAGTAGCGCATGT-1","0","Clu",0
"ATTCAGTAGGATCACC-1","2","Clu",0
"ATTCAGTAGGCGAGTA-1","1","Clu",0
"ATTCAGTAGTAGGAAC-1","7","Clu",0
"ATTCATGGTTGCGTCA-1","8","Clu",0
"ATTCCAAGTTGGGACG-1","6","Clu",0
"ATTCCATCAGCCATTC-1","12","Clu",0
"ATTCCATCATAGGTAC-1","5","Clu",0
"ATTCCCACAACATGGT-1","1","Clu",0
"ATTCCCACATGGCTCT-1","3","Clu",0
"ATTCCGGGTTCCTGCT-1","3","Clu",0
"ATTCCTTGTATGGGTA-1","14","Clu",0
"ATTCCTTGTTTCCGAG-1","3","Clu",0
"ATTCGATAGCAAGGAT-1","3","Clu",0
"ATTCGATAGGAGGTAT-1","4","Clu",0
"ATTCGATAGTTGGTCA-1","4","Clu",0
"ATTCGCTTCCCTGGAG-1","13","Clu",0
"ATTCGCTTCCTCATCG-1","10","Clu",0
"ATTCGGGCAACCCTTA-1","9","Clu",0
"ATTCGGGCATTGGCCT-1","6","Clu",0
"ATTCGTTCAGCAGTAT-1","1","Clu",0
"ATTCGTTCATTACAGA-1","5","Clu",0
"ATTCGTTCATTGGCCT-1","8","Clu",0
"ATTCTCATCATACTCC-1","3","Clu",0
"ATTCTCATCCTGTATC-1","3","Clu",0
"ATTGACTAGGTAAGTA-1","4","Clu",0
"ATTGAGAAGCCTAGCG-1","3","Clu",0
"ATTGAGAAGGATGGGC-1","3","Clu",0
"ATTGATGCAAGTGGCC-1","5","Clu",0
"ATTGCCCCAGGCAAGG-1","0","Clu",1.09330723643842
"ATTGCCCCATCCACAC-1","1","Clu",0.454030861287084
"ATTGCCTTCACCTATC-1","1","Clu",0
"ATTGCCTTCACGCACG-1","6","Clu",0
"ATTGGATTCCAGGTCG-1","8","Clu",0
"ATTGGATTCCTGCATT-1","1","Clu",0
"ATTGGATTCTGGCTAA-1","1","Clu",0
"ATTGGCCAGCCACAGT-1","2","Clu",0
"ATTGGCGCAAAGGCAA-1","2","Clu",0
"ATTGGCGCATGCGCTT-1","8","Clu",0
"ATTGGGTCAAACTGCG-1","8","Clu",1.41541107135065
"ATTGGGTCAAGTCCCT-1","7","Clu",0
"ATTGGGTCACCACATC-1","0","Clu",0
"ATTGGTTAGCCACATA-1","3","Clu",0
"ATTGGTTAGCCCTGTC-1","10","Clu",0
"CAAACCGCAGCAGGGA-1","1","Clu",0
"CAAACTTAGTATGATC-1","13","Clu",0.487535646023029
"CAAAGCCTCCCTCAAT-1","5","Clu",0.583376514424566
"CAAAGCTCATGGTAGT-1","15","Clu",0
"CAAAGGCGTAGCTCGC-1","4","Clu",0
"CAAAGGCGTATGGTGA-1","1","Clu",0
"CAAAGGTAGTACCACA-1","0","Clu",0
"CAAAGTAAGCGATTGC-1","2","Clu",0
"CAAAGTAAGTGCGCTG-1","2","Clu",0
"CAAATGAAGGCAATGG-1","6","Clu",0
"CAAATGTTCATGGTGC-1","11","Clu",0
"CAAATGTTCCTTCGTG-1","0","Clu",0
"CAAATGTTCGATGCTA-1","5","Clu",0
"CAAATTCAGATTAAGG-1","12","Clu",0
"CAAATTCAGCGATTGC-1","0","Clu",0
"CAAATTCAGGAGGACC-1","0","Clu",0
"CAAATTCAGGGTACTC-1","10","Clu",0
"CAAATTCAGTCGAGAG-1","7","Clu",0
"CAACAGTCAAGCTGGC-1","1","Clu",0
"CAACAGTCAATTAGCA-1","2","Clu",0
"CAACCAATCTGGCTAA-1","0","Clu",0
"CAACCAGCATGGATCG-1","1","Clu",0
"CAACCCAGTGCGATGG-1","0","Clu",0
"CAACCCTCAATCGCCT-1","8","Clu",0
"CAACCCTCACATGCTC-1","4","Clu",0
"CAACCCTCAGCTAGGC-1","9","Clu",0
"CAACGAAGTAGGCGAT-1","12","Clu",0
"CAACGAAGTTAGTAGG-1","2","Clu",0
"CAACGATCACATATAG-1","11","Clu",0
"CAACGATCAGTTGAGT-1","2","Clu",0
"CAACGGGGTTCAAGGA-1","9","Clu",0
"CAACTAACAAGTGTCG-1","13","Clu",0
"CAACTAACATGGAGCC-1","9","Clu",0
"CAACTAGTCATCACCT-1","6","Clu",0.844186198641133
"CAACTAGTCGAATCCA-1","11","Clu",0
"CAACTGATCACAGGTC-1","0","Clu",0
"CAAGACAGTGACCGAG-1","7","Clu",0
"CAAGATGGTGAAGTTG-1","10","Clu",0
"CAAGCCACAATACCGG-1","2","Clu",0
"CAAGCCCGTGAACTGA-1","0","Clu",0
"CAAGCCCGTGCGGACA-1","4","Clu",0
"CAAGCGAAGCGGAGAC-1","0","Clu",0
"CAAGCGAAGGAACCCT-1","10","Clu",0
"CAAGCGAAGGGGTAAT-1","0","Clu",0
"CAAGCTCAGCTATCTC-1","3","Clu",0
"CAAGGATAGAACGGTG-1","2","Clu",0
"CAAGGATAGTTGGACC-1","4","Clu",0
"CAAGGCGGTGCGGTGA-1","14","Clu",0
"CAAGGGATCACCCTTG-1","1","Clu",0
"CAAGGGATCTAGGCAC-1","10","Clu",0
"CAAGGGGCAATTCATC-1","13","Clu",0
"CAAGGTAGTGGCTCAC-1","10","Clu",0
"CAAGGTTCAGCTCGTT-1","12","Clu",0
"CAAGTAAAGGCGTTAC-1","3","Clu",0.8889028989759
"CAAGTAAAGTGTCCTT-1","8","Clu",0
"CAAGTAGGTTTGGGCC-1","2","Clu",0
"CAAGTCATCCCATACT-1","7","Clu",0
"CAAGTCATCTCACCGC-1","13","Clu",0
"CAAGTCGCAAACCAGT-1","11","Clu",0
"CAAGTCGCAGCAGTAT-1","5","Clu",0
"CAAGTCGCAGGAAGGT-1","3","Clu",0
"CAAGTCTGTGAGGAGA-1","4","Clu",0
"CAAGTCTGTTATCTAG-1","8","Clu",1.47955243525356
"CAAGTTTAGCATCCGG-1","0","Clu",0
"CAAGTTTAGTCAACTG-1","12","Clu",0
"CAATAGCCAGTAAGTC-1","13","Clu",0
"CAATAGCCATCCCAAC-1","5","Clu",0
"CAATATCAGGCTCCGA-1","15","Clu",0
"CAATATCAGGGGTAAT-1","2","Clu",0
"CAATCCTTCAGCAAGG-1","0","Clu",0
"CAATCCTTCGCATGGT-1","9","Clu",0
"CAATCGATCCGCAAGT-1","0","Clu",0
"CAATCTTCAATAGGGA-1","15","Clu",0
"CAATCTTCAATAGTCA-1","3","Clu",0
"CAATGGCTCAGCACCG-1","8","Clu",0
"CAATGGCTCGCGCGTA-1","7","Clu",0
"CAATTGGTCCGCGCTT-1","1","Clu",0
"CAATTGGTCTAGGCGT-1","3","Clu",0.611371397615784
"CACAACATCATGTAAC-1","1","Clu",0
"CACAACATCCGCAAGT-1","11","Clu",0
"CACAAGTCAACCATCC-1","8","Clu",0
"CACAAGTCACATATAG-1","14","Clu",0
"CACAAGTCACCTTCGG-1","12","Clu",0
"CACAAGTCACTCAATT-1","6","Clu",0
"CACAAGTCATAAGCTA-1","2","Clu",0
"CACAATTAGTAAGGCG-1","6","Clu",0
"CACACAATCTGGCTCC-1","16","Clu",0
"CACACACAGAAGCCTC-1","5","Clu",0
"CACACACAGCAATCGC-1","6","Clu",0
"CACACCCTCCAGCGTG-1","5","Clu",0
"CACACCTCAAGCCTCT-1","2","Clu",0
"CACAGGCCAAGTGAAG-1","14","Clu",0
"CACAGGCCAGCTAGTG-1","8","Clu",0
"CACAGGTTCCTTGGAA-1","5","Clu",0
"CACATAACAAATCCTT-1","0","Clu",0
"CACATAACAATACCAA-1","5","Clu",0.510479197284884
"CACATAGTCCCATTCG-1","0","Clu",0
"CACATTAGTAACGTAG-1","1","Clu",0
"CACATTGAGGAATTGA-1","7","Clu",0
"CACATTGAGGTTGCAC-1","16","Clu",0
"CACATTTCAATCCAGG-1","9","Clu",0
"CACATTTCAATTGCTT-1","3","Clu",0
"CACCAACAGGATCTAT-1","3","Clu",0
"CACCACCTCCTGTACT-1","5","Clu",0
"CACCACCTCTAATGGT-1","1","Clu",0
"CACCAGACAGCACTGA-1","4","Clu",0
"CACCAGTAGGAGCCTT-1","4","Clu",0
"CACCAGTAGTAAGTGA-1","12","Clu",0
"CACCATCCAAACTACA-1","14","Clu",0
"CACCATTTCACATGGC-1","1","Clu",0
"CACCATTTCTGGCTAA-1","16","Clu",0
"CACCCAAGTAATGCTC-1","5","Clu",0
"CACCCATCAAAGGTCT-1","3","Clu",0
"CACCCATCAAGTCGGC-1","0","Clu",0
"CACCCATCAGGAATGA-1","4","Clu",2.15836452739886
"CACCCTTGTGGCTCAC-1","11","Clu",0
"CACCCTTGTTCCTGCT-1","9","Clu",0
"CACCGATAGCCACACG-1","9","Clu",0
"CACCGATAGGTAAGGT-1","15","Clu",0
"CACCGATAGTCGCATA-1","5","Clu",0.59382311742421
"CACCGCAAGATTGCTG-1","11","Clu",0
"CACCGCAAGTGAGCAG-1","7","Clu",0
"CACCGCTTCTCATCCG-1","8","Clu",0
"CACCTAAAGAACGGTG-1","12","Clu",0
"CACCTAAAGGCGTTCG-1","3","Clu",0
"CACCTAAAGTCATAGT-1","0","Clu",0
"CACCTATTCCGTCATT-1","10","Clu",0
"CACCTATTCGACCAGT-1","10","Clu",0
"CACCTATTCGATCAAT-1","6","Clu",0.594841621814825
"CACCTCATCGCGTTAA-1","8","Clu",1.4414564126099
"CACCTCGCAACCCTAC-1","2","Clu",0
"CACCTCTGTGAGGAAG-1","2","Clu",0
"CACCTGCTCCGGTATA-1","4","Clu",0
"CACCTTTAGCAAGTAA-1","8","Clu",1.55185924223159
"CACCTTTAGCATCCGG-1","4","Clu",0
"CACGACCGTAGTCCAT-1","0","Clu",0
"CACGACCGTGGACACG-1","15","Clu",0
"CACGACCGTTCGCAGC-1","1","Clu",1.06703887384427
"CACGACTAGCCCTGGA-1","13","Clu",0
"CACGACTAGGTCATTG-1","9","Clu",0
"CACGAGGGTAGCTCGC-1","2","Clu",0
"CACGAGGGTCTTGATA-1","16","Clu",0
"CACGATTGTTGCGGAG-1","4","Clu",0
"CACGATTGTTGTCTCC-1","13","Clu",0
"CACGCAACAAACTTGA-1","11","Clu",0
"CACGCAACAAGGGCTC-1","3","Clu",0
"CACGCAACACATGACG-1","4","Clu",0
"CACGCCAAGGCAAGCA-1","8","Clu",1.38143907613828
"CACGCCAAGGTCCAGT-1","14","Clu",0
"CACGCCAAGTGTCATG-1","0","Clu",0
"CACGCCAAGTTGCTGA-1","9","Clu",0
"CACGCTAGTTGAAGTG-1","6","Clu",0
"CACGGTTAGGTATGAA-1","13","Clu",0
"CACGGTTAGGTGAGAT-1","0","Clu",0
"CACGGTTAGTAGTAGA-1","3","Clu",0
"CACTAACGTAGCAGGT-1","3","Clu",0.89725259507883
"CACTAACGTTAGGTTC-1","5","Clu",0
"CACTACCCAGGACAGG-1","11","Clu",0
"CACTATGAGATTGGCC-1","6","Clu",0
"CACTATGAGGCACACT-1","0","Clu",0
"CACTATGAGTGATACT-1","9","Clu",0
"CACTCAAAGCGGCATT-1","6","Clu",0
"CACTCACCAAGTGGAA-1","2","Clu",0.710434538160248
"CACTCACCACTTCGTA-1","1","Clu",0
"CACTCACCAGGCATTG-1","13","Clu",0
"CACTCACCATGCTCAC-1","4","Clu",0
"CACTCCATCCGCAGTG-1","14","Clu",0
"CACTCCATCGCATCCC-1","3","Clu",0
"CACTCCGCAAGTGGAA-1","10","Clu",0
"CACTCCGCACATACGG-1","1","Clu",0
"CACTCCGCATTAGGTA-1","2","Clu",0
"CACTCGCTCATGCGTA-1","7","Clu",0.434555793098316
"CACTCGCTCCAGCGTG-1","3","Clu",0
"CACTGCCTCCCATTAC-1","3","Clu",0
"CACTGCCTCCTGTATC-1","9","Clu",0
"CACTGCCTCTCACCAT-1","3","Clu",0
"CAGCAAAGTCTTACGG-1","2","Clu",0
"CAGCAATCAAGTTCCC-1","4","Clu",0
"CAGCAATCAGGCTCAA-1","4","Clu",0
"CAGCACTAGGAATCAA-1","6","Clu",0
"CAGCACTAGTCAGCGT-1","7","Clu",0
"CAGCAGCCAATACTAG-1","0","Clu",0
"CAGCAGCCATTACGCC-1","11","Clu",0
"CAGCATATCCATTGCT-1","1","Clu",0
"CAGCATTGTAATCCTA-1","4","Clu",0
"CAGCATTGTAGTGCTT-1","5","Clu",0
"CAGCATTGTTAGGCCC-1","9","Clu",0
"CAGCATTGTTAGTGCT-1","3","Clu",0
"CAGCCATAGCGCTATA-1","1","Clu",0
"CAGCCATAGGTAGAGT-1","9","Clu",0
"CAGCTAATCACATACG-1","6","Clu",0
"CAGCTATGTGCGTAGG-1","6","Clu",0
"CAGCTCTCAAATGGAG-1","0","Clu",0
"CAGCTCTCATGACCGA-1","0","Clu",0
"CAGGATTCAGGAGCAG-1","4","Clu",0
"CAGGCCATCGCTCGTC-1","7","Clu",0
"CAGGCGAGTAGTAGCA-1","2","Clu",0
"CAGGCGAGTATGTGAG-1","4","Clu",0
"CAGGCTTAGTTGGCCG-1","5","Clu",0
"CAGGGCAGTTGCTATA-1","0","Clu",0
"CAGGGCTCAAGCGCGT-1","10","Clu",0
"CAGGTAAGTAGTCCTG-1","1","Clu",0.752338631157737
"CAGGTAAGTGAAGCTA-1","6","Clu",0
"CAGGTAAGTGATCAAG-1","8","Clu",1.71111819494611
"CAGGTCCGTAACGAGC-1","16","Clu",0
"CAGGTCCGTTTGAGTC-1","4","Clu",0
"CAGGTTATCCTGTGAA-1","6","Clu",0
"CAGTAACCAATTCAGA-1","11","Clu",0
"CAGTAACCAGGAAGCG-1","0","Clu",0
"CAGTACGCATAGGCCA-1","3","Clu",0
"CAGTAGCTCACGCCAG-1","5","Clu",0
"CAGTAGCTCGACCCGA-1","11","Clu",0
"CAGTAGCTCGCTTGAA-1","0","Clu",0
"CAGTAGGAGCTTACTC-1","3","Clu",0
"CAGTCCCTCGCGTCCT-1","11","Clu",0.589784738853335
"CAGTGTTGTCAGTCAT-1","0","Clu",0
"CAGTGTTGTGGACACG-1","1","Clu",0
"CAGTTAGTCACTAGCA-1","2","Clu",0
"CAGTTAGTCATGCCTT-1","4","Clu",0
"CAGTTATAGCAAGGGC-1","4","Clu",0
"CAGTTATAGTCGCGCA-1","6","Clu",0
"CAGTTCAAGGCGAAGC-1","1","Clu",0
"CAGTTCCCAAATCAGC-1","1","Clu",0
"CAGTTTGAGGCGAGGT-1","5","Clu",0
"CAGTTTGAGTGAGATA-1","1","Clu",0
"CATAACTAGCGATGTC-1","10","Clu",0
"CATAACTAGGTACCGT-1","1","Clu",0
"CATAACTAGTAGACCC-1","3","Clu",0
"CATAAGCCATCCTGGT-1","5","Clu",0
"CATAAGCCATCGCTCG-1","0","Clu",0
"CATAAGGGTTTCGGCA-1","3","Clu",0
"CATACCAAGTGGCTCG-1","5","Clu",0.892460983686833
"CATACCTTCACAGGTC-1","0","Clu",0
"CATACCTTCGATGTGC-1","0","Clu",0
"CATACTGAGGCTTACA-1","10","Clu",0
"CATACTGAGTACCATG-1","2","Clu",0
"CATACTTCAAGGTCGC-1","9","Clu",0
"CATACTTCAGTTAGGT-1","0","Clu",0
"CATAGAGGTCAACTAC-1","9","Clu",0
"CATAGAGGTTCGCCAA-1","10","Clu",0
"CATAGATTCACCAATG-1","0","Clu",0
"CATAGCATCCACCTAT-1","11","Clu",0
"CATAGCATCGACCTAA-1","14","Clu",1.34971511480258
"CATAGCCAGCATCGCG-1","4","Clu",0
"CATAGCCAGCCCTGCT-1","4","Clu",0
"CATAGCCAGGATTCAT-1","7","Clu",0
"CATAGCCAGGGTGATG-1","6","Clu",0
"CATAGCGCATGGTGAT-1","15","Clu",0
"CATAGCTGTTGCATAC-1","2","Clu",0
"CATAGGCTCGACATTG-1","10","Clu",0
"CATAGGGAGATTGACT-1","3","Clu",0
"CATAGGGAGTGCCATA-1","3","Clu",0
"CATAGGTCATCCACTA-1","4","Clu",0
"CATAGGTCATTCGGCT-1","9","Clu",0
"CATAGTTAGGCTCCTC-1","0","Clu",0
"CATAGTTAGGTCCCAG-1","9","Clu",0
"CATATAGCATTACCGC-1","6","Clu",0
"CATATCCTCAATGGAA-1","4","Clu",0
"CATATCTCACCTCAGT-1","0","Clu",0.866890642463751
"CATATCTCATTCAGTT-1","13","Clu",0
"CATATTCCACATGAGT-1","2","Clu",0
"CATATTCCATCATAGA-1","6","Clu",0
"CATCAATAGTAATGGA-1","0","Clu",0
"CATCACAAGCCTGCCT-1","0","Clu",0
"CATCACAAGTGATTCG-1","0","Clu",0.817302028247322
"CATCACCCATCCTACA-1","2","Clu",0.918787987696348
"CATCACTTCAGCACTA-1","0","Clu",0
"CATCACTTCAGTTCCT-1","3","Clu",0.592374322136518
"CATCAGGCAGCTAAGT-1","1","Clu",0
"CATCAGGCATCGCTGT-1","8","Clu",0
"CATCATTCATGGATGT-1","2","Clu",0
"CATCCACCAAAGGACA-1","4","Clu",0
"CATCCACCATAATTGG-1","10","Clu",0
"CATCCCGCAGCTCGTT-1","1","Clu",0
"CATCCCTGTTTACTGA-1","7","Clu",0
"CATCCGCTCACGCTAA-1","15","Clu",0
"CATCCGCTCATATCGG-1","1","Clu",0
"CATCCGCTCCGCTGTC-1","1","Clu",0
"CATCCGCTCTAGTGCA-1","6","Clu",0
"CATCCGCTCTGGCTCC-1","13","Clu",0
"CATCCGGAGGAGGTAT-1","1","Clu",0
"CATCCGGAGTGCCCGA-1","9","Clu",0
"CATCGTCCAAGCGCGT-1","2","Clu",0
"CATCGTCCACAGCAAT-1","0","Clu",0
"CATCGTTTCAATCTCC-1","5","Clu",0
"CATCGTTTCCATCCAT-1","0","Clu",0
"CATCTGTTCGTTAGGC-1","4","Clu",0
"CATCTTGCAAGCTAAC-1","13","Clu",0
"CATCTTGCACATTAGA-1","3","Clu",0
"CATCTTGCACTTCGAC-1","1","Clu",0
"CATGAAGGTGCAATTC-1","8","Clu",0
"CATGCAATCCAGATCA-1","1","Clu",0
"CATGCAATCTGGTAGC-1","6","Clu",0
"CATGCCAGTCAACTTA-1","11","Clu",0
"CATGCCAGTCATGCGC-1","9","Clu",0
"CATGCCAGTCTCCAGA-1","4","Clu",0
"CATGCCAGTTTCCAGG-1","1","Clu",0
"CATGCGCGTATAGTGG-1","3","Clu",0
"CATGCGCGTTCAATGC-1","3","Clu",0
"CATGCTGGTAAGCGCG-1","4","Clu",0
"CATGGGTTCCAGCGTG-1","3","Clu",0
"CATGGTCAGCCATCAA-1","9","Clu",0
"CATGGTCAGTGGCTGT-1","13","Clu",0
"CATGGTCAGTGTCCGG-1","2","Clu",0
"CATGTCAAGGTCACTA-1","6","Clu",0
"CATTACTCAGTACCTC-1","10","Clu",0
"CATTACTCATCGCGTT-1","3","Clu",0.577349632475755
"CATTACTCATGCTCCG-1","10","Clu",0
"CATTAGGTCCGCGTGA-1","2","Clu",0
"CATTAGTAGCTACTCT-1","6","Clu",0
"CATTAGTAGGCTACAC-1","15","Clu",0
"CATTCGAAGTGCCATA-1","4","Clu",0
"CATTCGCCAGCACGGT-1","4","Clu",0
"CATTCGTTCACGCTAA-1","0","Clu",0
"CATTCTATCACGCCAG-1","6","Clu",0
"CATTGGATCCGCTGTC-1","2","Clu",0
"CATTGTGAGCGCGATT-1","0","Clu",0
"CATTTAGGTGCGCATC-1","6","Clu",0.570645211039734
"CATTTCATCCTCGTGC-1","11","Clu",0
"CATTTCGCACTAACCC-1","13","Clu",0
"CATTTGAGTAATGGAT-1","6","Clu",0
"CATTTGAGTAGCTTAC-1","6","Clu",0
"CATTTGAGTTAGCGAA-1","8","Clu",1.57120184588599
"CATTTGCTCGCTAATG-1","13","Clu",0
"CCAAAGCTCCATGAAT-1","13","Clu",0
"CCAAAGTCACAGCGAC-1","5","Clu",0
"CCAAAGTCACTAGCAG-1","9","Clu",0
"CCAAAGTCATCCCTAA-1","0","Clu",0.55811990134384
"CCAAATGTCCATGAAT-1","7","Clu",0
"CCAAATTAGGAGGATT-1","0","Clu",0
"CCAACCTCACTTCAAT-1","1","Clu",0
"CCAACTAAGCCATACA-1","1","Clu",0
"CCAACTAAGGGTACGA-1","9","Clu",0
"CCAACTAAGTTGGTCA-1","12","Clu",0
"CCAACTGGTCCATACG-1","1","Clu",0
"CCAAGGGGTGAAGTAT-1","3","Clu",0
"CCAAGTCAGGTAGACG-1","5","Clu",0
"CCAAGTCAGTCATTCC-1","6","Clu",0.725771881295418
"CCAATAGTCAGGAGTG-1","0","Clu",0
"CCAATAGTCCCTCTGA-1","9","Clu",0
"CCAATATAGCGCGATT-1","7","Clu",0
"CCAATATAGTGAAGTA-1","14","Clu",0
"CCAATCCCAATCCGTC-1","12","Clu",0
"CCAATCCCACAACGGC-1","8","Clu",1.86655370619308
"CCAATCCCACTTGATT-1","1","Clu",0
"CCAATTAGTAACCACT-1","1","Clu",0
"CCAATTAGTTTAGGCT-1","3","Clu",0
"CCAATTGAGCTACCGG-1","3","Clu",0
"CCACAACAGAAGCGTG-1","10","Clu",0
"CCACAACAGTAAGGAC-1","14","Clu",0
"CCACAACAGTTAGTAC-1","10","Clu",0
"CCACAGACAACATGAC-1","7","Clu",0
"CCACATGGTTAACCCG-1","8","Clu",0
"CCACCAAGTGAGCAAC-1","12","Clu",0
"CCACCAAGTTACACTA-1","3","Clu",0
"CCACCTATCAGTTGAT-1","9","Clu",0
"CCACCTCAGTAGCGTC-1","8","Clu",0
"CCACCTGCACTAATTC-1","3","Clu",0
"CCACCTTGTCTAGTAC-1","12","Clu",0
"CCACCTTGTGATCCAT-1","0","Clu",0
"CCACCTTGTTACACGT-1","10","Clu",0
"CCACGAACAAAGGTGA-1","11","Clu",0
"CCACGAACAGTTAGAC-1","13","Clu",0
"CCACGATAGGTGAGCA-1","15","Clu",0
"CCACGCAAGCTAACGC-1","5","Clu",0
"CCACGCAAGCTACTGA-1","15","Clu",0
"CCACGTAGTTGGCCGT-1","7","Clu",0
"CCACGTTCATGCTTGC-1","3","Clu",0
"CCACGTTCATTAGCCC-1","6","Clu",0
"CCACTAGGTAATGACG-1","8","Clu",0
"CCACTAGGTAGCCCGT-1","0","Clu",0
"CCACTAGGTGAAGCTA-1","2","Clu",0
"CCACTAGGTTAGTCAC-1","0","Clu",0
"CCACTATTCACTGGTA-1","14","Clu",0
"CCACTTACAAGGTCTG-1","0","Clu",0
"CCAGAATCAAGTCGAT-1","7","Clu",0
"CCAGACCGTTGCACCA-1","7","Clu",0
"CCAGACTAGTAACCAT-1","2","Clu",0
"CCAGACTAGTTAGTCG-1","0","Clu",0
"CCAGAGAAGCGCCACA-1","6","Clu",0
"CCAGAGAAGCGCGATT-1","8","Clu",0
"CCAGAGAAGGATAGGT-1","6","Clu",0
"CCAGAGAAGGGGACGT-1","10","Clu",0
"CCAGAGGGTGGAGAGA-1","1","Clu",0
"CCAGATGCAACCAACG-1","13","Clu",0
"CCAGATTGTTTGCGAT-1","2","Clu",0
"CCAGCAACAAAGGCCC-1","6","Clu",0.698845489012368
"CCAGCAACAAATGGTC-1","4","Clu",0
"CCAGCTAGTAATCCCG-1","12","Clu",0
"CCAGCTAGTCTAACCG-1","9","Clu",0
"CCAGCTAGTTCCGTAG-1","7","Clu",0
"CCAGGTTAGGCGCTCA-1","8","Clu",0
"CCAGGTTAGGTTGACC-1","4","Clu",0
"CCAGTAATCGACCCGA-1","0","Clu",0
"CCAGTATGTAATTCGC-1","1","Clu",0
"CCAGTATGTATGGCAA-1","3","Clu",0
"CCAGTATGTTGTAGTC-1","1","Clu",0
"CCAGTATGTTTGATGC-1","1","Clu",0
"CCAGTCCTCAGCTGCG-1","0","Clu",0.655584965365711
"CCAGTCCTCCAGGTAC-1","5","Clu",0
"CCAGTTAAGTATGAGA-1","1","Clu",0
"CCAGTTAAGTTAGCGC-1","3","Clu",0
"CCAGTTGGTCTAGTGT-1","4","Clu",0
"CCATAACGTAACCGAA-1","6","Clu",0.639142100038486
"CCATAACGTTGAGTAG-1","3","Clu",0
"CCATAACGTTTGCCCT-1","5","Clu",0
"CCATAAGTCCGTTAAG-1","6","Clu",0
"CCATACTTCACATGAT-1","9","Clu",0
"CCATACTTCGTTACTC-1","7","Clu",0.431206029974341
"CCATATAGTGCACCAC-1","9","Clu",0
"CCATCACCAAGGTAAG-1","4","Clu",0
"CCATCACCATCAATCT-1","4","Clu",0
"CCATCAGGTAATGAGT-1","0","Clu",0
"CCATCAGGTGGGTCAG-1","14","Clu",0
"CCATCATTCAATCCTC-1","8","Clu",0
"CCATCCGCATAACGGT-1","7","Clu",0
"CCATCCGCATGGCAAT-1","3","Clu",0
"CCATCCGCATGGCCTT-1","15","Clu",0
"CCATCCTGTTGGATCT-1","6","Clu",0
"CCATCGCTCCTGATTC-1","2","Clu",0
"CCATCTTAGAAGGACT-1","15","Clu",0
"CCATGCCTCGCGTGAT-1","2","Clu",0
"CCATGCCTCTATGCAG-1","10","Clu",0
"CCATGGGTCAGTTGCA-1","4","Clu",0
"CCATGGGTCCCCTGAC-1","6","Clu",0.784507359569107
"CCATGGGTCGAACGAG-1","13","Clu",0
"CCATGTCCATGCTGTC-1","2","Clu",0
"CCATTAAGTCTTACGG-1","4","Clu",0
"CCATTAAGTTCGGGCT-1","0","Clu",0
"CCATTAAGTTGTCAGT-1","11","Clu",0.874722747017178
"CCATTAGAGCATCTAG-1","9","Clu",0
"CCATTAGAGGTGAGGC-1","9","Clu",0
"CCATTAGAGGTGGCTT-1","3","Clu",0
"CCATTTCAGTCAGTCA-1","4","Clu",0
"CCCAAATGTTAGCTGT-1","7","Clu",0
"CCCAAATGTTGCGGTC-1","8","Clu",1.76397536465063
"CCCAAATGTTGGAGAC-1","5","Clu",0
"CCCAACCTCATCTCTA-1","8","Clu",0
"CCCAAGGTCACTCGAA-1","2","Clu",0.551988211522811
"CCCAAGGTCAGGTAGG-1","7","Clu",0
"CCCAAGGTCCCCTTGA-1","3","Clu",0
"CCCAAGGTCGACCAAC-1","4","Clu",0
"CCCAATCCATAATTGG-1","11","Clu",0
"CCCAATTTCTAGCGCG-1","3","Clu",0
"CCCACGTTCACACTTC-1","5","Clu",0
"CCCACGTTCAGGCTCG-1","6","Clu",0
"CCCACGTTCGATCGGT-1","8","Clu",0
"CCCACGTTCTCATTCA-1","0","Clu",0.832124253372313
"CCCACTTGTAACCACT-1","5","Clu",0
"CCCACTTGTAACGAGC-1","13","Clu",0
"CCCACTTGTGCATTCG-1","10","Clu",0
"CCCACTTGTTTCGGGC-1","10","Clu",0
"CCCAGCAAGAACCTCA-1","2","Clu",0
"CCCAGCAAGCGCAATC-1","12","Clu",0
"CCCAGGATCCTGACTT-1","11","Clu",0
"CCCAGGATCCTGCGAG-1","2","Clu",0.443725880790001
"CCCAGTGAGATTGAGA-1","2","Clu",0
"CCCATAGGTCCCGAGT-1","1","Clu",0
"CCCATCATCAGGAAGT-1","9","Clu",0
"CCCATCATCGTAACCA-1","1","Clu",0
"CCCATCTGTCTAACTA-1","5","Clu",0
"CCCATGAGTGAGCAAC-1","5","Clu",0
"CCCATGAGTTGGACCC-1","2","Clu",0
"CCCATGCTCACGCCGA-1","0","Clu",0
"CCCATGCTCCTGCGTC-1","1","Clu",0
"CCCATGCTCGACATGC-1","15","Clu",0
"CCCATTGTCAGCATTG-1","2","Clu",0
"CCCGAATAGTTGCACA-1","3","Clu",0
"CCCGATGAGGTGAACG-1","5","Clu",0
"CCCGATTCAACCAGAT-1","4","Clu",0
"CCCGCATTCGAACCGT-1","7","Clu",0
"CCCGCATTCGACATTG-1","0","Clu",0
"CCCGCATTCGTAACTG-1","2","Clu",0.470221231791794
"CCCGCTTAGCGCAATC-1","4","Clu",0
"CCCGCTTAGGGTCAAG-1","0","Clu",0
"CCCGGTAAGTGCGCCA-1","2","Clu",0
"CCCGGTTTCAGTACCA-1","1","Clu",0
"CCCGGTTTCCGGTAGT-1","15","Clu",0
"CCCGGTTTCGCTCTAT-1","12","Clu",0
"CCCGTTGCAACTGGAT-1","6","Clu",0
"CCCGTTGCAATACTCT-1","7","Clu",0
"CCCTAACCAACGTTAA-1","2","Clu",0
"CCCTAACCATCCACTA-1","5","Clu",0.606552765591117
"CCCTACGCAATTAGCA-1","7","Clu",0
"CCCTAGCTCCGTGAAC-1","3","Clu",0
"CCCTATGTCACTCCAT-1","9","Clu",0
"CCCTATGTCGCTGATA-1","3","Clu",0
"CCCTCAATCGTTCAAG-1","7","Clu",0
"CCCTCACAGATAGACA-1","0","Clu",0
"CCCTCACAGCGATAGG-1","1","Clu",0
"CCCTCACAGGGTCTGT-1","8","Clu",0
"CCCTCACAGTGGCAGA-1","3","Clu",0
"CCCTCAGCATGAGTGT-1","3","Clu",0
"CCCTGAGAGATTCAGT-1","6","Clu",0
"CCCTGAGAGCCATCCC-1","11","Clu",0
"CCCTGAGAGGTATATC-1","4","Clu",0
"CCCTGGTTCACAGCAC-1","9","Clu",0
"CCCTTAACAACTGTCC-1","6","Clu",0
"CCCTTAACAATATGGC-1","4","Clu",0
"CCCTTAACACTTCGAC-1","8","Clu",0
"CCCTTAACATAGGGTT-1","0","Clu",0
"CCCTTACGTGATAGAT-1","5","Clu",0
"CCCTTACGTTGCGTGC-1","1","Clu",0
"CCCTTACGTTTCGACG-1","6","Clu",0
"CCCTTAGTCACCAGCG-1","0","Clu",0
"CCCTTGATCCGTTGCC-1","1","Clu",0.712228686297565
"CCGAAATCAATGCCAG-1","7","Clu",0
"CCGAAATCACCTATCA-1","12","Clu",0
"CCGAACTAGCAAGCCT-1","0","Clu",0
"CCGAACTAGGTGAGCA-1","3","Clu",0
"CCGAACTAGTAATGTC-1","11","Clu",0
"CCGAATATCTGTCACT-1","13","Clu",0
"CCGAATTGTAACTCTA-1","1","Clu",0
"CCGAATTGTTGCATCG-1","3","Clu",0
"CCGACAACACAATTAG-1","9","Clu",0
"CCGACATAGCTAAGGG-1","8","Clu",0
"CCGACATAGGCTTGGT-1","9","Clu",0
"CCGACATAGTAACGGG-1","1","Clu",0
"CCGACATAGTCATCGA-1","0","Clu",0
"CCGACCAAGGTAGGGC-1","4","Clu",0
"CCGACTAGTCATTAGC-1","8","Clu",0
"CCGACTAGTTTGAGTC-1","4","Clu",0
"CCGACTTCAAATCCAA-1","0","Clu",0
"CCGCAATAGTACCATG-1","8","Clu",0
"CCGCATGAGCCTGAAC-1","4","Clu",0
"CCGCATTCACTTGATT-1","12","Clu",0
"CCGCCAAAGCAACCCG-1","5","Clu",0
"CCGCCAAAGGCTAGAG-1","6","Clu",1.07530090620297
"CCGCCATTCTAGTGTG-1","8","Clu",0
"CCGCCTTAGGCGAATG-1","1","Clu",0
"CCGCGAATCCTCATAC-1","11","Clu",0
"CCGCGATGTAGTCCAT-1","8","Clu",2.67131361394878
"CCGCGATGTGAGACAC-1","7","Clu",0
"CCGCGTTTCAGCCTAA-1","3","Clu",0
"CCGCGTTTCATCTGGA-1","0","Clu",0
"CCGCGTTTCCATGCAA-1","7","Clu",0
"CCGCTAAGTAAGCCAA-1","4","Clu",0
"CCGCTAAGTAGGTACA-1","14","Clu",0
"CCGCTAAGTGCAGGCA-1","0","Clu",0
"CCGCTAAGTTGCATCG-1","1","Clu",0
"CCGCTAAGTTTGGAAG-1","4","Clu",0
"CCGCTAGAGTGCCCAG-1","1","Clu",0
"CCGCTCACAGGCAGAG-1","0","Clu",0.68946759806815
"CCGCTTATCACGCGAT-1","7","Clu",0
"CCGCTTATCATATAGC-1","0","Clu",0
"CCGCTTATCGACCTGG-1","11","Clu",0
"CCGCTTGCAAGTCGAT-1","4","Clu",0
"CCGGATTAGCCATTAG-1","7","Clu",0
"CCGGCAATCATCGTGA-1","0","Clu",0
"CCGGCAATCCGGAACT-1","7","Clu",0
"CCGGCATGTGGAAGTC-1","10","Clu",0
"CCGGCATGTTAGCACT-1","3","Clu",0
"CCGGCATGTTTACCAA-1","0","Clu",0
"CCGGCTAAGTGTCCTT-1","2","Clu",0
"CCGGGTTGTCAGGCAG-1","1","Clu",0
"CCGGTACGTCAAGTGA-1","4","Clu",0.880634280654795
"CCGGTACGTGCAACCC-1","0","Clu",0
"CCGGTCAAGCCAGTCG-1","3","Clu",0
"CCGGTCAAGGTGACTC-1","12","Clu",0
"CCGGTTAGTGACCGAG-1","11","Clu",0
"CCGGTTAGTTGTGGCC-1","1","Clu",0.691600775642493
"CCGTAACAGCTTACGA-1","3","Clu",0
"CCGTAACAGTATGATC-1","2","Clu",0
"CCGTAACAGTCTAGCA-1","5","Clu",0
"CCGTATGGTTCCAGCA-1","1","Clu",0
"CCGTCATCAATAGGTC-1","0","Clu",0
"CCGTCCACAGGGACTC-1","12","Clu",0
"CCGTCGTTCATGAACT-1","3","Clu",0
"CCGTGATAGATAGGTA-1","6","Clu",0
"CCGTGCAAGCAACCCG-1","6","Clu",0
"CCGTGCTTCGCGTGTG-1","2","Clu",0
"CCGTGGATCATGCGTA-1","5","Clu",0.78096207730492
"CCGTGGATCCACCTAT-1","2","Clu",0
"CCGTGGATCGACCTGG-1","0","Clu",0
"CCGTGTGAGGGGTACA-1","1","Clu",0
"CCGTGTGAGGTAGGTG-1","1","Clu",0
"CCGTGTGAGTTAGGAA-1","15","Clu",0
"CCGTTAGGTCTTGGGC-1","12","Clu",0
"CCGTTCATCACGCCGA-1","12","Clu",0
"CCGTTCATCCAGATAT-1","0","Clu",0
"CCGTTCGCACTAATCT-1","2","Clu",0
"CCGTTCGCATGCTCCG-1","6","Clu",0
"CCGTTGAGTTAGGTAG-1","8","Clu",0
"CCGTTGAGTTGGCATT-1","3","Clu",0
"CCGTTGCTCATCACCT-1","1","Clu",0.436521440837478
"CCGTTGCTCTATCACC-1","13","Clu",0
"CCGTTGCTCTATGAAC-1","2","Clu",0
"CCTAACCCATGCTTCA-1","0","Clu",0
"CCTAACTTCCAGAGAG-1","0","Clu",0
"CCTAACTTCTATGGAT-1","5","Clu",0
"CCTAATGAGTGGCCTG-1","0","Clu",0
"CCTACAGGTGATGCAA-1","3","Clu",0
"CCTACCGCAGGATGAA-1","0","Clu",0
"CCTACCTGTGAAGCAC-1","0","Clu",0
"CCTACCTGTTCCGGTA-1","15","Clu",0
"CCTACGGAGATTCGTG-1","1","Clu",0
"CCTAGCCTCCAGGGAA-1","2","Clu",0
"CCTAGCGAGCCATACA-1","5","Clu",0
"CCTAGCGAGCCGACAT-1","4","Clu",0
"CCTAGCGAGTACCACA-1","3","Clu",0
"CCTAGGTAGGTTGGTC-1","0","Clu",0
"CCTAGTAAGATACTGT-1","1","Clu",0
"CCTAGTAAGCATCAAT-1","5","Clu",0
"CCTAGTAAGCTAGCGT-1","9","Clu",0
"CCTAGTAAGGGTAGAT-1","11","Clu",0
"CCTAGTAAGTGCGCTG-1","9","Clu",0
"CCTATAGAGCCGAGTT-1","7","Clu",0
"CCTATCACAAACCGTG-1","12","Clu",0
"CCTATGAAGCCCTTCA-1","12","Clu",0
"CCTATGTTCTGTAACG-1","4","Clu",0
"CCTATTCAGGTACTAT-1","9","Clu",0
"CCTATTCAGTTACGTG-1","2","Clu",0
"CCTCAACCAGCCTAGA-1","1","Clu",0.739777981933466
"CCTCAAGGTTCCGTGA-1","2","Clu",0
"CCTCAGCTCACATGCA-1","6","Clu",0
"CCTCATTAGGCTTCCC-1","15","Clu",0
"CCTCCAGCAAGTGTGT-1","14","Clu",0
"CCTCGAAGTAATGACG-1","16","Clu",0
"CCTCGAAGTGCGTGTC-1","5","Clu",0
"CCTCGGTTCCGCGATG-1","2","Clu",0
"CCTCGGTTCCGGAGTT-1","3","Clu",0
"CCTCGTTGTCAACCAT-1","0","Clu",0
"CCTCTAACAACGGCTA-1","6","Clu",0
"CCTCTAACACCTCGAT-1","5","Clu",0
"CCTCTAACAGTAAGCT-1","7","Clu",0
"CCTCTAACATCACTCA-1","6","Clu",0.569110444296509
"CCTCTTAGTGACGACG-1","1","Clu",0
"CCTCTTGAGGTTGCTA-1","4","Clu",0
"CCTGAACAGTGACCCG-1","7","Clu",0
"CCTGAACAGTTAGTGT-1","11","Clu",0
"CCTGAGACAACCCTAC-1","0","Clu",0
"CCTGAGACAAGTGATC-1","14","Clu",0
"CCTGAGACAATCGTAA-1","0","Clu",0
"CCTGAGTAGATTCGGC-1","2","Clu",0
"CCTGAGTAGTTGCCGG-1","0","Clu",0
"CCTGATCCAGCATGTG-1","1","Clu",0
"CCTGATCCATCGACTC-1","1","Clu",0.969411842596071
"CCTGATGGTAGGTATG-1","7","Clu",0
"CCTGATTTCAGGCTAC-1","15","Clu",0
"CCTGATTTCAGGTCCG-1","14","Clu",0
"CCTGCAAGTAATCGTC-1","0","Clu",0
"CCTGCGAAGCGAAGGC-1","3","Clu",0
"CCTGCTCAGTCGAACC-1","5","Clu",0
"CCTGCTCAGTCGATGC-1","9","Clu",0
"CCTGGCTTCGATTGCA-1","15","Clu",0
"CCTGGTAGTGATTCGT-1","3","Clu",0
"CCTGGTAGTTCCCAAG-1","12","Clu",0
"CCTGGTTCATCCAACC-1","7","Clu",0
"CCTGGTTCATTGCCAC-1","9","Clu",0
"CCTGTCATCCTGTGAA-1","5","Clu",0
"CCTGTCGCACAACCTC-1","9","Clu",0
"CCTGTGAGTATTGCAC-1","0","Clu",0
"CCTGTGGAGGGCTCCA-1","7","Clu",0
"CCTGTTGTCAGCGGAA-1","7","Clu",0
"CCTTAATCAATCGACG-1","10","Clu",0
"CCTTAATCAGCACGAC-1","2","Clu",0
"CCTTAATCATAGGTCG-1","0","Clu",0
"CCTTAATCATGCTGTC-1","0","Clu",0
"CCTTAGAAGCCTGGTG-1","8","Clu",0
"CCTTAGAAGTCATCTC-1","1","Clu",0.580762931022811
"CCTTAGCCAATATGTG-1","3","Clu",0
"CCTTCGATCTAGCTCT-1","14","Clu",0
"CCTTGCATCGTAGTTG-1","6","Clu",0
"CCTTGGGAGCGCATTA-1","2","Clu",0
"CCTTGGTCAAATCGGT-1","4","Clu",0
"CCTTTAATCACGCGCA-1","5","Clu",0
"CCTTTAATCCGCTGTC-1","6","Clu",0
"CCTTTAGCAAATCCAA-1","14","Clu",0.910184524800963
"CCTTTCAGTAACGAGC-1","2","Clu",0
"CCTTTCAGTAATGCAG-1","4","Clu",0
"CCTTTCAGTCAAGGTA-1","5","Clu",0
"CCTTTCAGTTGCGGAG-1","7","Clu",0.64139002255891
"CGAAACCTCCCAGGAT-1","6","Clu",0
"CGAACATCATGAGCTG-1","0","Clu",0
"CGAACGAAGATAGGTA-1","0","Clu",0
"CGAACGAAGATTGGTT-1","14","Clu",0
"CGAACGAAGCGAATCC-1","4","Clu",0
"CGAAGCAAGGGGACTA-1","13","Clu",0
"CGAAGCAAGGTCGTTA-1","12","Clu",0
"CGAAGGATCAATGGTT-1","6","Clu",0
"CGAAGTGAGAAGCAAC-1","0","Clu",0
"CGAAGTGAGGTTGGAG-1","3","Clu",0
"CGAATAGGTAAGTTCC-1","8","Clu",0
"CGAATCATCCCGCTTA-1","10","Clu",0
"CGAATCTGTGATAGTG-1","4","Clu",0
"CGAATCTGTTCGAGTT-1","3","Clu",0
"CGAATCTGTTCGTGTG-1","6","Clu",0
"CGAATCTGTTGACCAT-1","8","Clu",1.36797774859458
"CGAATTTAGAACCTTG-1","10","Clu",0
"CGAATTTAGATAGTAG-1","5","Clu",0
"CGACAGCCAAGGGCAG-1","5","Clu",0
"CGACAGCCACTATATC-1","12","Clu",0
"CGACAGCCATCACTGC-1","0","Clu",0
"CGACCAACATCCAAGG-1","8","Clu",2.14227513280625
"CGACCATAGAAGGGCC-1","0","Clu",0
"CGACCCTTCGAGCACT-1","0","Clu",0.853362556070026
"CGACCCTTCTCACTAC-1","1","Clu",0.449793387362672
"CGACCCTTCTGGCCTC-1","8","Clu",1.05768586095889
"CGACCTAGTAAGTAGT-1","14","Clu",0
"CGACCTAGTGAAGCAC-1","6","Clu",0
"CGACTAATCACTGTCT-1","0","Clu",0.745755399528805
"CGACTAATCCGCGATG-1","14","Clu",1.22899559781127
"CGACTAGCAACCGCAA-1","3","Clu",0
"CGACTAGCAATTGGTA-1","0","Clu",0
"CGACTATGTGCGGATG-1","7","Clu",0
"CGACTCCTCACTTCAC-1","6","Clu",0
"CGACTCCTCAGCTGCG-1","4","Clu",0
"CGACTGACATCATCTG-1","5","Clu",0.746279953320418
"CGACTGACATGAAGTC-1","7","Clu",0
"CGACTGGTCTCATCGT-1","1","Clu",0
"CGACTTGGTGAGAGTC-1","1","Clu",0
"CGACTTGGTTGAAGCA-1","5","Clu",0
"CGAGCAAAGCATCCTT-1","6","Clu",0.47800760908885
"CGAGCAGGTCCATAGT-1","14","Clu",0
"CGAGCCATCAGGACTC-1","6","Clu",0
"CGAGCCTGTCAGCCGT-1","2","Clu",0
"CGAGCGAGTAATGACG-1","7","Clu",0
"CGAGCGAGTAATGAGT-1","4","Clu",0
"CGAGGGACATAACGAC-1","1","Clu",0
"CGAGGGACATCGTAGG-1","10","Clu",0
"CGAGGGTAGCAAGCTC-1","7","Clu",0
"CGAGTAAGTGCGCCAT-1","9","Clu",0
"CGAGTGAAGGAGCTTC-1","4","Clu",0
"CGAGTGAAGTGAGCGA-1","3","Clu",0
"CGATAACCATCCGGTT-1","7","Clu",0
"CGATAGTCAAAGGGTA-1","8","Clu",1.96765013569172
"CGATAGTCATCCCTGG-1","10","Clu",0
"CGATCAATCCCTCGGT-1","11","Clu",0
"CGATCAATCTAACTCC-1","9","Clu",0
"CGATCCCTCGAACCGT-1","1","Clu",0
"CGATCCCTCTATGGAT-1","9","Clu",0
"CGATCCTCATCCCGTG-1","8","Clu",0
"CGATCTAAGATTCACG-1","4","Clu",0
"CGATCTAAGTAACGAA-1","12","Clu",0
"CGATGGGGTATAGCTC-1","6","Clu",0
"CGATGGGGTGCATCAT-1","4","Clu",0
"CGATGGTTCCGTATAG-1","10","Clu",0
"CGATGTTGTCTAGTAC-1","5","Clu",0
"CGATGTTGTTAGACTC-1","1","Clu",0
"CGATTAACATTGCACC-1","10","Clu",0
"CGATTACGTTCACGGC-1","8","Clu",1.47719999373916
"CGATTACGTTCCGCAA-1","4","Clu",0
"CGATTACGTTGGGACG-1","16","Clu",0
"CGATTAGTCAAGTCGC-1","3","Clu",0
"CGATTATAGCGATAGG-1","4","Clu",0
"CGATTATAGCTACCTT-1","4","Clu",0
"CGATTATAGTTAGCTG-1","14","Clu",0
"CGATTCAAGTCATAGT-1","5","Clu",0
"CGATTCCCAAGCATGT-1","4","Clu",0
"CGATTCCCACAATCAA-1","7","Clu",0.873583064413266
"CGATTCCCAGTACCTC-1","4","Clu",0
"CGATTTAGTTCACCGA-1","4","Clu",0
"CGATTTAGTTGGACCC-1","5","Clu",0
"CGCAAATCAATCAGAC-1","2","Clu",0
"CGCAACTAGTATGGTT-1","13","Clu",0
"CGCAATATCCCGCAAG-1","2","Clu",0
"CGCAATATCCTGACTT-1","11","Clu",0
"CGCACGATCCCGCTGT-1","5","Clu",0
"CGCACTTCACTCATCA-1","10","Clu",0
"CGCACTTCATCACTAT-1","8","Clu",0
"CGCAGATTCCTGACCC-1","8","Clu",0
"CGCAGCTGTCAGTTCG-1","8","Clu",1.75048145574537
"CGCAGCTGTGGAGCTG-1","3","Clu",0
"CGCAGGTCAATCCATT-1","0","Clu",0
"CGCAGGTCACTCATCA-1","12","Clu",0
"CGCAGTTAGCAATGAA-1","15","Clu",0
"CGCATAGCAACATACA-1","11","Clu",0
"CGCATAGCAATGAGCT-1","9","Clu",0
"CGCATCAGTGCAGGTG-1","1","Clu",0
"CGCATCAGTTCACCAG-1","15","Clu",0
"CGCATCCTCCTGTCTG-1","7","Clu",0
"CGCATCCTCGCGTCGA-1","0","Clu",0
"CGCATCTCATCGCTGT-1","6","Clu",0
"CGCATCTCATGATTGA-1","5","Clu",0
"CGCATGGTCAGGCAAG-1","5","Clu",0
"CGCATGGTCCATATCC-1","5","Clu",0.562567390298028
"CGCATTCCACAAGCAT-1","3","Clu",0
"CGCCAATAGCTTACCT-1","1","Clu",0
"CGCCATAGTCTCAGGC-1","7","Clu",0
"CGCCATGAGCAAGCCT-1","9","Clu",0
"CGCCTAAGTGATCAGA-1","0","Clu",0
"CGCCTAGAGTCATGGC-1","5","Clu",0
"CGCCTAGAGTTAGATC-1","7","Clu",0.611255751175842
"CGCCTCACAAGCTAAC-1","4","Clu",0
"CGCCTGTTCATGGTTG-1","6","Clu",0
"CGCCTGTTCGCGTTGG-1","6","Clu",0
"CGCCTTGCAGGAGCAG-1","10","Clu",0
"CGCCTTGCATTAGGGT-1","1","Clu",0
"CGCGAACCACTAGCTC-1","4","Clu",0
"CGCGAAGGTAATGGCA-1","4","Clu",0
"CGCGATTAGGTTCGCG-1","2","Clu",0
"CGCGCAATCCTGCTCA-1","5","Clu",0
"CGCGCATGTCATGAGA-1","3","Clu",0
"CGCGCATGTCTTACCC-1","5","Clu",0
"CGCGTACGTGATGCAA-1","7","Clu",0
"CGCGTACGTTCACCTC-1","7","Clu",0
"CGCGTACGTTGGCGTC-1","4","Clu",0
"CGCGTTAGTCTTGATA-1","1","Clu",0
"CGCGTTAGTTGAAGCA-1","4","Clu",0
"CGCTAAATCACCTGCC-1","11","Clu",0
"CGCTAAATCATAGAGA-1","2","Clu",0
"CGCTAACAGCATTCGA-1","4","Clu",1.85441043418972
"CGCTAACAGTGCCCGA-1","5","Clu",0
"CGCTAATGTGGGTAGT-1","6","Clu",0
"CGCTACTCAAGCGTAT-1","1","Clu",0
"CGCTACTCATCACTTG-1","16","Clu",0
"CGCTATGGTGAAGGCT-1","7","Clu",0
"CGCTATGGTGCAGCGA-1","2","Clu",0.635821491939416
"CGCTATGGTTCCAGTG-1","0","Clu",0
"CGCTATGGTTGCTGGC-1","3","Clu",0
"CGCTCATCAAACCTGG-1","0","Clu",0.86633119627402
"CGCTCCACAAGGTTCG-1","13","Clu",0
"CGCTGCAAGCCTGGTG-1","13","Clu",0
"CGCTGCAAGTGAATGA-1","2","Clu",0
"CGCTGCAAGTGAGGCA-1","9","Clu",0
"CGCTGCTTCATACAGT-1","7","Clu",0
"CGCTGCTTCCGGATGT-1","0","Clu",0
"CGCTGCTTCCGTTACT-1","4","Clu",0
"CGCTGCTTCGCTCTCA-1","10","Clu",0
"CGCTGTGAGTAGAGCG-1","0","Clu",0
"CGCTTAGGTTGCGTGC-1","7","Clu",0
"CGGAAAGTCCCAGGCA-1","14","Clu",0
"CGGAAAGTCGAGTCTA-1","14","Clu",0
"CGGACAGGTTGCTGGC-1","0","Clu",0
"CGGACATTCCTGCCAC-1","5","Clu",0
"CGGACTTAGGCGATTC-1","3","Clu",0
"CGGATAAGTGACGATA-1","3","Clu",0
"CGGATCACAAATCCAA-1","6","Clu",0
"CGGATCACAATTGCTT-1","3","Clu",0
"CGGATCACATGGTAAC-1","2","Clu",0
"CGGCAAGGTTTGGTGT-1","1","Clu",0
"CGGCATTAGCTGGTGT-1","5","Clu",0
"CGGCCTAAGCAAGCGA-1","5","Clu",0
"CGGCTAACAAGGTTCG-1","1","Clu",0
"CGGCTAGTCGTAGTAT-1","4","Clu",0
"CGGCTCAAGATAGTAG-1","4","Clu",0
"CGGCTGATCGATACAT-1","12","Clu",0
"CGGCTGATCGCATCAA-1","8","Clu",0
"CGGCTGATCTATGGAT-1","0","Clu",0
"CGGCTTGAGGCTACAC-1","14","Clu",0
"CGGCTTGAGGGGTAAT-1","3","Clu",0
"CGGGACTCAGCTCGAA-1","0","Clu",0
"CGGGCTTGTGCGTACC-1","0","Clu",0.363942311296167
"CGGGCTTGTGGAGCCA-1","12","Clu",0
"CGGGCTTGTTAGTGGA-1","5","Clu",0
"CGGGGTAGTTGGAGCG-1","11","Clu",0
"CGGGTAAAGCATCTCT-1","9","Clu",1.00819294325227
"CGGGTAAAGCATGCAC-1","5","Clu",0
"CGGGTAAAGCGAGGTA-1","13","Clu",0
"CGGGTAAAGCGATCAC-1","4","Clu",0
"CGGGTAGGTAATTCGC-1","6","Clu",0
"CGGGTAGGTTCCGTTC-1","1","Clu",0
"CGGGTCATCCGCTGAG-1","0","Clu",0
"CGGGTCATCCGTCCAC-1","12","Clu",0
"CGGGTCATCTGGCATA-1","11","Clu",0
"CGGGTGAGTAATGACG-1","2","Clu",0
"CGGTAATCACTATCTG-1","8","Clu",1.9828895952738
"CGGTATTGTTGAGCTT-1","7","Clu",0
"CGGTCAACAACGGGCT-1","2","Clu",0
"CGGTCAACAGGGCTGT-1","2","Clu",0
"CGGTGTTAGTCGCTAA-1","7","Clu",0
"CGGTGTTAGTGCTGCG-1","10","Clu",2.33827032138668
"CGGTTAATCAGTGCCG-1","13","Clu",0
"CGGTTAGCACTTCGTA-1","0","Clu",0
"CGGTTATGTTGGTGAA-1","8","Clu",0
"CGGTTCTCAATGACAC-1","0","Clu",0
"CGGTTCTCATAGGGCC-1","6","Clu",0.844186198641133
"CGTAAAGGTGATCCGC-1","11","Clu",0
"CGTAAATTCCGCTGGA-1","4","Clu",0
"CGTAAATTCCGGATAC-1","9","Clu",0
"CGTAAATTCGCTCCTA-1","15","Clu",0
"CGTAACATCTCACTCG-1","8","Clu",0
"CGTACAGCACCTTGCG-1","5","Clu",0
"CGTACCCTCATGTGCA-1","0","Clu",0.863942226744074
"CGTACCCTCGACTACA-1","0","Clu",0
"CGTACTAAGTCGATTG-1","1","Clu",0
"CGTACTGGTAAGTAAC-1","4","Clu",0
"CGTAGGCCACTACCTA-1","9","Clu",0
"CGTAGGGGTGACCGAG-1","3","Clu",0
"CGTAGGGGTTGTGCGC-1","13","Clu",0
"CGTAGGTTCAGGCAGA-1","1","Clu",0
"CGTAGGTTCGCATCCC-1","2","Clu",0
"CGTAGTCAGCAGGCAA-1","5","Clu",0
"CGTAGTCAGGCAATCC-1","1","Clu",0
"CGTATATAGGATACTT-1","5","Clu",0
"CGTATTAGTATGTGAG-1","12","Clu",0
"CGTATTAGTCAGGGCA-1","13","Clu",0
"CGTATTGAGGTATAGA-1","10","Clu",0
"CGTCAATGTGCGCAAG-1","2","Clu",0
"CGTCAATGTTAGTGTC-1","9","Clu",0
"CGTCACCTCCATTAGG-1","6","Clu",0
"CGTCAGTAGGTGCAAG-1","2","Clu",0.505888189645107
"CGTCCGTTCCATGAAT-1","4","Clu",0
"CGTCCTGCAAGCATCG-1","14","Clu",0
"CGTCCTTGTTGTAACC-1","1","Clu",0
"CGTCGCTTCATGATCG-1","5","Clu",0
"CGTCGTAGTCTTGGGC-1","3","Clu",0
"CGTCGTAGTTTCAGCG-1","14","Clu",0
"CGTCGTTCAAGTTCGG-1","11","Clu",0
"CGTGAAAGTGGCTACC-1","2","Clu",0
"CGTGAAAGTTGTGCAT-1","6","Clu",1.1493376483457
"CGTGAGAAGGTTAGTT-1","1","Clu",0
"CGTGAGAAGGTTGGAG-1","0","Clu",0
"CGTGAGGGTGAGTGAC-1","4","Clu",0
"CGTGATGCACTACCGT-1","3","Clu",0
"CGTGATTGTAATGAAC-1","1","Clu",0
"CGTGATTGTTGACTAC-1","11","Clu",0
"CGTGCCTTCAGGTCGT-1","10","Clu",0
"CGTGCCTTCCAGATGC-1","1","Clu",0
"CGTGCTAGTAAGTGAT-1","7","Clu",0
"CGTGCTGAGTTGGGCT-1","3","Clu",0
"CGTGGATTCCATTGAG-1","11","Clu",0.58796449800622
"CGTGGATTCTGGCCTC-1","10","Clu",0
"CGTGGGTCAATGGAGA-1","8","Clu",1.72690240966538
"CGTGGGTCAATGTCGG-1","9","Clu",0
"CGTGGGTCACAACGGC-1","12","Clu",0
"CGTGGGTCAGCATGGC-1","8","Clu",0
"CGTGTATGTAAGCCAA-1","1","Clu",0
"CGTGTCAGTCTAGCGC-1","4","Clu",0
"CGTGTCAGTGCAGGCA-1","5","Clu",0
"CGTGTTAAGCAATCGC-1","4","Clu",0
"CGTGTTGGTTCCTGTC-1","2","Clu",0
"CGTTAATAGCGATTCA-1","4","Clu",0
"CGTTACAAGGTCCAAC-1","0","Clu",0
"CGTTACCCAAATGCGT-1","7","Clu",0
"CGTTATAGTTCGCAAT-1","6","Clu",0
"CGTTATAGTTTGAGAG-1","4","Clu",0
"CGTTATGAGGATGGGC-1","5","Clu",0
"CGTTATGAGGTAGCTC-1","12","Clu",0
"CGTTATGAGTCGCAGT-1","1","Clu",0
"CGTTCCATCCGTCAGG-1","0","Clu",0
"CGTTCCGCAGGCATTG-1","11","Clu",0
"CGTTCCGCAGTTGCGA-1","2","Clu",0
"CGTTCCTGTAATCACC-1","11","Clu",0
"CGTTCCTGTAGTGCCC-1","0","Clu",0
"CGTTCCTGTTGCTATA-1","0","Clu",0
"CGTTCGCTCAATCACG-1","2","Clu",0
"CGTTCGCTCCGTGTGG-1","8","Clu",1.77528463202455
"CGTTGGACAAATCCAA-1","9","Clu",0
"CGTTGGACAACGTGCA-1","3","Clu",0
"CGTTGTCCAAATCAGC-1","4","Clu",0
"CGTTGTCCAGGCATAT-1","8","Clu",0
"CGTTTAAGTTGACCTG-1","9","Clu",0
"CGTTTCACAAGCCGGT-1","1","Clu",0
"CGTTTCACAATCCTTG-1","1","Clu",0
"CGTTTCCGTAATCCGT-1","13","Clu",0
"CGTTTCCGTGAGATCA-1","2","Clu",0
"CGTTTGAAGGTAGACG-1","8","Clu",0
"CTAAACCGTAAGCTGA-1","15","Clu",0
"CTAAACCGTGACTTCG-1","3","Clu",0
"CTAAAGCCATTCGGTC-1","5","Clu",0
"CTAAAGGGTAGCGAGT-1","7","Clu",0.518625468314261
"CTAAAGGGTTGGTTCG-1","0","Clu",0
"CTAACATAGGTCAAGG-1","3","Clu",0
"CTAACATAGTAGAGCG-1","3","Clu",0
"CTAACCAAGGTACTTG-1","11","Clu",0
"CTAACCTTCGACTTAG-1","2","Clu",0
"CTAACCTTCGTGCAAC-1","11","Clu",0
"CTAACGATCCGTGTCC-1","4","Clu",0
"CTAAGCATCACGTGTA-1","1","Clu",0
"CTAAGCCAGATAGGCG-1","2","Clu",0
"CTAAGCCAGCTATACG-1","15","Clu",0
"CTAAGCCAGGCTCAGT-1","0","Clu",0
"CTAAGCCAGGTAATTC-1","14","Clu",0
"CTAAGGCTCATGATCG-1","3","Clu",0
"CTAATCCTCCAGGGAA-1","3","Clu",0
"CTAATCTCAAGTGGAA-1","4","Clu",0
"CTAATCTCACAACCTC-1","10","Clu",0
"CTAATCTCACCTCGTG-1","4","Clu",0
"CTAATTGGTCTCACGA-1","3","Clu",0
"CTACACAAGGATATAG-1","3","Clu",0
"CTACACCCACCTCAGT-1","4","Clu",0
"CTACACCCATAAGCCG-1","9","Clu",0
"CTACAGGCAACCCTAC-1","0","Clu",0
"CTACAGGCAGGTTGGC-1","5","Clu",0.78913433453408
"CTACAGGCATAATCAG-1","7","Clu",0
"CTACAGGCATTGGCCT-1","2","Clu",0
"CTACATGAGGCAAGTG-1","8","Clu",0
"CTACCAAAGCGCTCCT-1","4","Clu",0
"CTACCAAAGGCTCTCC-1","6","Clu",0
"CTACCCGCAAGTGTGT-1","6","Clu",0
"CTACCCGCAATTACAG-1","6","Clu",0
"CTACCCTGTGAAGTGC-1","0","Clu",0
"CTACCGCTCGTGCGTG-1","3","Clu",0
"CTACGATGTTGAGTAG-1","8","Clu",0
"CTACGGACAGGGCTAC-1","0","Clu",0
"CTACGGGTCGACTATG-1","11","Clu",0
"CTACGGGTCTCACCGC-1","5","Clu",0
"CTACGTCCAAGCTCGA-1","0","Clu",0
"CTACGTCCATGGAACT-1","7","Clu",0
"CTACGTTTCACTCTGT-1","5","Clu",0
"CTACGTTTCAGGAGAT-1","1","Clu",0.716273486056267
"CTACGTTTCTGGTGTA-1","2","Clu",0
"CTACTCACATGGCCTT-1","3","Clu",0
"CTACTCCGTATTGCAC-1","2","Clu",0
"CTACTGTTCACAGCGT-1","1","Clu",0
"CTACTGTTCATAGATC-1","3","Clu",0
"CTACTTATCAGGTCTA-1","2","Clu",0
"CTACTTATCTGGCTCC-1","4","Clu",0
"CTACTTGCACTCGGTT-1","2","Clu",0
"CTACTTGCATAAGTCA-1","2","Clu",0
"CTAGAACCAAACCTGG-1","3","Clu",0
"CTAGAACCAGGATAGA-1","14","Clu",0
"CTAGATTAGTGAGCGA-1","12","Clu",0
"CTAGCGCGTTCTGTCC-1","1","Clu",0
"CTAGCTGGTGAGAGGA-1","12","Clu",0
"CTAGGTCAGCTAGCGT-1","9","Clu",0
"CTAGGTCAGTGTCCTT-1","12","Clu",0
"CTAGGTTGTCTAGAGA-1","4","Clu",0
"CTAGGTTGTGCAAGGT-1","3","Clu",0
"CTAGTCAAGGATCCAC-1","2","Clu",0
"CTATAGGTCCAGAGGA-1","6","Clu",0
"CTATCATCAAGCACAT-1","5","Clu",0
"CTATCATCAAGGTATC-1","15","Clu",0
"CTATCATCACAGCAGC-1","5","Clu",0.870263501828717
"CTATCATCATTACTCG-1","4","Clu",0
"CTATCGAAGGGGACTA-1","5","Clu",0
"CTATCTATCTGGAAGG-1","6","Clu",0.880882439811454
"CTATGCTTCCCTTGAT-1","2","Clu",0
"CTATGGATCAGGCAGA-1","10","Clu",0
"CTATGTGAGCCACACG-1","4","Clu",0
"CTATGTGAGGCAAGCA-1","2","Clu",0
"CTATGTGAGTACGGTC-1","7","Clu",0
"CTATGTTCATGCAGTG-1","2","Clu",0
"CTATTCATCTAGCCGG-1","0","Clu",0
"CTATTCGCATCACTCA-1","3","Clu",0
"CTATTGAGTTATGTCA-1","1","Clu",0
"CTCAACTTCACCTCGC-1","3","Clu",0
"CTCACACCAAACTCAA-1","9","Clu",0
"CTCACATTCACTTGAG-1","1","Clu",0
"CTCAGGTAGGTTCCGG-1","1","Clu",0
"CTCAGGTAGTTGCGGT-1","5","Clu",0.809128888289493
"CTCAGTAAGGATAGCG-1","7","Clu",0
"CTCAGTTTCCATCCTG-1","4","Clu",0
"CTCATAAGTTAACGAG-1","4","Clu",0
"CTCATAAGTTAATGCC-1","3","Clu",0
"CTCATAAGTTAGTGTC-1","6","Clu",0
"CTCATAGAGCTATGTG-1","7","Clu",0
"CTCATAGAGTATGTCG-1","2","Clu",0
"CTCATCCGTCTTGCTC-1","10","Clu",0
"CTCATGAAGCGATAGG-1","13","Clu",0
"CTCATTCAGCCAGAGA-1","8","Clu",0
"CTCATTCAGTAATGGA-1","2","Clu",0
"CTCATTCAGTGCCTGG-1","8","Clu",2.21884704134939
"CTCATTGCATAACGGT-1","6","Clu",0
"CTCCAAGGTAGGCGCA-1","5","Clu",0
"CTCCAATTCCATAGAT-1","6","Clu",0
"CTCCAATTCGATGCCG-1","12","Clu",0
"CTCCAATTCGATGCGT-1","6","Clu",0
"CTCCAGCTCATCAAGT-1","0","Clu",0
"CTCCAGCTCCAGATAT-1","1","Clu",0
"CTCCCAATCATATCCC-1","0","Clu",0
"CTCCCACAGCGGTTAC-1","2","Clu",0
"CTCCCACAGGGCAGGT-1","10","Clu",1.71708908713297
"CTCCCTAAGTAAGCGG-1","9","Clu",0
"CTCCCTGGTAACGGCG-1","10","Clu",0
"CTCCCTGGTCAATCAC-1","16","Clu",0
"CTCCCTGGTCATTGCG-1","6","Clu",0
"CTCCCTGGTGAGCCGA-1","10","Clu",0
"CTCCGTTGTTCACGCA-1","6","Clu",0
"CTCCTAGTCTGGCACG-1","15","Clu",0
"CTCCTGATCACCTAAG-1","11","Clu",0
"CTCCTGATCCCGTTCA-1","0","Clu",0
"CTCCTTAGTAATGCTC-1","10","Clu",0
"CTCCTTAGTATGTGTC-1","1","Clu",0
"CTCCTTAGTTGCATGT-1","6","Clu",0
"CTCGAACAGCCTAAGC-1","9","Clu",0
"CTCGAATGTCATGATC-1","0","Clu",0
"CTCGAATGTGAACCTT-1","0","Clu",0
"CTCGAATGTTCAAGGA-1","5","Clu",0
"CTCGACTCAATCCCGT-1","0","Clu",0
"CTCGATCCAAATCCTT-1","5","Clu",0
"CTCGATCCAACTAAGC-1","3","Clu",0
"CTCGATTTCAGCCAGT-1","4","Clu",0
"CTCGATTTCCTCACCA-1","2","Clu",0
"CTCGCGAAGCTACCAA-1","14","Clu",0
"CTCGCTATCGCGCCAA-1","14","Clu",0
"CTCGCTGCATCCCAGT-1","2","Clu",0
"CTCGGATAGCCCTGAG-1","12","Clu",0
"CTCGGATAGGTGCGTT-1","2","Clu",0
"CTCGTAGGTAACCGAA-1","5","Clu",0
"CTCGTTACAAACTAGC-1","0","Clu",0.86633119627402
"CTCGTTACACTCGCTG-1","5","Clu",0
"CTCTAGAAGCAAGGAT-1","10","Clu",0
"CTCTAGAAGCCCTTGC-1","2","Clu",0
"CTCTAGCCAAGCACAT-1","2","Clu",0
"CTCTAGCCAGGCATTG-1","2","Clu",0
"CTCTAGCCATCCTCAA-1","8","Clu",0
"CTCTATATCGCATGGT-1","0","Clu",0.981976532520958
"CTCTATTGTAATCCTA-1","0","Clu",0
"CTCTATTGTTAACGCT-1","1","Clu",0
"CTCTGACCATGATCGG-1","8","Clu",0
"CTCTGATTCATGCAAT-1","8","Clu",0
"CTCTGCATCCAGGCCA-1","2","Clu",0
"CTCTGCATCGCGCCTT-1","0","Clu",0
"CTCTGCATCGTTCCAT-1","7","Clu",0
"CTCTGGTCAGGGCAGA-1","8","Clu",0
"CTCTGTTAGTTGCCGG-1","15","Clu",0
"CTCTTAATCATGTCCT-1","2","Clu",0
"CTCTTAATCCATTCCG-1","10","Clu",0
"CTCTTAATCCGTGATA-1","10","Clu",0
"CTCTTGGTCAGGGATG-1","13","Clu",0
"CTGAAAGGTTTACTTC-1","10","Clu",0
"CTGAATGTCCATTGAG-1","2","Clu",0
"CTGAATGTCGTGAACC-1","7","Clu",0
"CTGACAATCACCTGCC-1","5","Clu",0
"CTGACAATCTGTGAAT-1","0","Clu",0
"CTGACACAGCGATGTC-1","1","Clu",0
"CTGACCAGTTAACCCG-1","9","Clu",0
"CTGACCAGTTGAGGTA-1","2","Clu",0
"CTGACCAGTTGCTCGA-1","5","Clu",0
"CTGACCCTCACCTGCC-1","5","Clu",0
"CTGACGTAGGATCTGC-1","8","Clu",0
"CTGACGTAGTACGCTA-1","9","Clu",0
"CTGACGTAGTACGGTC-1","6","Clu",0.502874078169968
"CTGATCAAGGATCAGG-1","8","Clu",0
"CTGATCAAGGCATGTC-1","13","Clu",0
"CTGATTAGTAGTTAGG-1","10","Clu",0
"CTGATTAGTGAGCCGA-1","1","Clu",0
"CTGATTGAGGCTCAGT-1","5","Clu",0
"CTGATTTCAATGAGTC-1","0","Clu",0
"CTGCAACAGCGCTGAT-1","10","Clu",0
"CTGCAATGTGAAGCGT-1","1","Clu",0
"CTGCAATGTTGAGTTC-1","3","Clu",0
"CTGCAATGTTTCGAGT-1","4","Clu",0
"CTGCACCTCCCTGTGC-1","8","Clu",1.42062753078112
"CTGCATCCAACTGTGG-1","5","Clu",0
"CTGCATCCAAGCTCCT-1","2","Clu",0
"CTGCATCCAATCCGCT-1","3","Clu",0
"CTGCATCCATGACACG-1","1","Clu",0
"CTGCATGGTCCATTCC-1","0","Clu",0
"CTGCCATCAAGCTAAC-1","5","Clu",0
"CTGCCTGCAATCTGCC-1","5","Clu",0
"CTGCCTGCACTTCAGC-1","6","Clu",0
"CTGCCTTGTGACCGAG-1","9","Clu",0
"CTGCGCAAGGTATAGA-1","8","Clu",1.56459081481167
"CTGCGGATCCCAATGA-1","0","Clu",0
"CTGCGTAGTTTGAGCT-1","1","Clu",0
"CTGCTAAAGCGCCATG-1","7","Clu",0
"CTGCTGCTCACTCGAA-1","3","Clu",0
"CTGCTGCTCCGTCATT-1","4","Clu",0
"CTGCTGCTCGCATGAC-1","8","Clu",0
"CTGCTGCTCGCGCAAT-1","0","Clu",0
"CTGGAAAGTGAGCCAG-1","10","Clu",0
"CTGGACTAGGCACATC-1","10","Clu",0
"CTGGATGCAACCTGAG-1","2","Clu",0
"CTGGATGCAAGCTGGC-1","11","Clu",0
"CTGGATGCACCATTGC-1","8","Clu",1.48454776975479
"CTGGCAACAATGCCCT-1","2","Clu",0
"CTGGCCAAGCAAGCCT-1","14","Clu",0
"CTGGCCAAGCCTCTGC-1","7","Clu",0
"CTGGCCAAGTCGACCG-1","5","Clu",0
"CTGGCCAAGTCGATGC-1","8","Clu",1.89265682671868
"CTGGCTAGTTCTGTCC-1","1","Clu",0
"CTGGGCATCGTAGTAT-1","2","Clu",0
"CTGGTAATCCAACTAG-1","9","Clu",0
"CTGGTAATCCATCAAG-1","6","Clu",0
"CTGGTCAGTTAATGGG-1","8","Clu",0
"CTGGTCAGTTTAGTGC-1","7","Clu",0
"CTGGTTAAGGAGTCAG-1","2","Clu",0
"CTGTAACGTGAACGAC-1","2","Clu",0
"CTGTAATAGTAATCGT-1","1","Clu",0
"CTGTAATAGTAGTAAG-1","2","Clu",0
"CTGTAATAGTGCAACC-1","6","Clu",0
"CTGTACCCAAACTTAG-1","0","Clu",0
"CTGTACCCACCTGTGT-1","7","Clu",0
"CTGTACGGTTTGCAGT-1","9","Clu",0
"CTGTACTTCAATTCCC-1","2","Clu",0
"CTGTACTTCATGCACA-1","4","Clu",0
"CTGTCCATCCGTCCGT-1","0","Clu",0
"CTGTCCATCGCTCAGG-1","10","Clu",0
"CTGTGATGTGCGGTAG-1","5","Clu",0
"CTGTGCCTCATCTGTC-1","9","Clu",0
"CTGTGGACAATATGGC-1","12","Clu",0
"CTGTTAAGTTTCGAGT-1","6","Clu",1.0150980608373
"CTGTTGAAGATAGCTT-1","7","Clu",0
"CTGTTGAAGGTAGGCA-1","3","Clu",0
"CTTAACCTCCGGACAT-1","14","Clu",0
"CTTAATCCATGACCGA-1","14","Clu",0
"CTTAATGGTGCGAGTG-1","3","Clu",0
"CTTAATGGTTTGCCAG-1","10","Clu",0
"CTTACAAGTCTGGTTG-1","1","Clu",0
"CTTACGAAGCAGTTCA-1","0","Clu",0
"CTTACGAAGGTACGGA-1","5","Clu",0
"CTTACGAAGTAAGGAC-1","3","Clu",0
"CTTACGAAGTACGCTA-1","6","Clu",0
"CTTACGGGTGATCAAG-1","1","Clu",0
"CTTACGTTCTTGATGG-1","6","Clu",0
"CTTACTATCCATGCTT-1","13","Clu",0
"CTTACTATCCTTGAGA-1","7","Clu",0
"CTTAGCAAGCTAACTG-1","0","Clu",0
"CTTAGGATCCCCTTGA-1","8","Clu",0
"CTTAGTAGTGATAGGC-1","10","Clu",0
"CTTAGTAGTGGGTTGG-1","1","Clu",0
"CTTAGTAGTTTACCGG-1","2","Clu",0
"CTTAGTGAGGCGTAGA-1","14","Clu",0
"CTTATCGCAAGCGTGC-1","1","Clu",0
"CTTATCGCATCCGTAC-1","3","Clu",0
"CTTATCGCATGCTTGC-1","3","Clu",0
"CTTATCTGTGCGTACC-1","5","Clu",0
"CTTATGCTCCTTCACG-1","13","Clu",0
"CTTATGCTCTATCGAG-1","8","Clu",0
"CTTCAATCAGGTTCGA-1","0","Clu",0
"CTTCAATCATTGGAGT-1","13","Clu",0
"CTTCACTAGTAGGTAA-1","11","Clu",0.744650536916549
"CTTCAGCCAAACCCGA-1","5","Clu",0
"CTTCATCAGGGCTAGA-1","3","Clu",0
"CTTCATCAGTCGATAT-1","10","Clu",0
"CTTCATCAGTGCGGTT-1","4","Clu",0
"CTTCGAGGTGAGTTGA-1","7","Clu",0
"CTTCGATTCTAATGCG-1","3","Clu",0
"CTTCGCATCGAGGTCT-1","12","Clu",0
"CTTCGCGCAAGGTAAG-1","8","Clu",0
"CTTCGCGCAGGATCTG-1","3","Clu",0
"CTTCGCGCAGTAAGCT-1","3","Clu",0
"CTTCGGTCAAGTGGAA-1","7","Clu",0
"CTTCGTTAGCGACTGT-1","3","Clu",0
"CTTCTATGTGAAGCGT-1","7","Clu",0.785220478845014
"CTTCTATGTTTAGTTG-1","8","Clu",0
"CTTCTGGTCACAGGGA-1","6","Clu",0
"CTTCTGGTCTGGTCAA-1","2","Clu",0
"CTTGAATAGGCGTACT-1","12","Clu",0
"CTTGAATAGTAACCTG-1","1","Clu",0
"CTTGAATAGTATGGAA-1","3","Clu",0
"CTTGACCCATCCGCTG-1","8","Clu",0
"CTTGAGGCAACCTCGT-1","2","Clu",0
"CTTGATAGTAGCCTGC-1","6","Clu",0
"CTTGATGAGGCGCATT-1","4","Clu",0
"CTTGCAAAGATTAAGG-1","0","Clu",0
"CTTGCAAAGGAGCTTC-1","5","Clu",0
"CTTGCAAAGGCAAGGC-1","11","Clu",0
"CTTGCAAAGTGAGCAG-1","2","Clu",0.641347457595214
"CTTGCCATCCAGCTCC-1","11","Clu",0
"CTTGCCTGTTATCTCT-1","11","Clu",0
"CTTGCGGAGTAGCGTC-1","7","Clu",0
"CTTGCTTAGCGCTTCC-1","5","Clu",0
"CTTGCTTAGGGTCACT-1","7","Clu",0
"CTTGCTTAGTCGCGTG-1","11","Clu",0
"CTTGGATGTGGACCCT-1","7","Clu",0
"CTTGGCTCATCAATTC-1","4","Clu",0
"CTTGGCTCATGCGTAG-1","9","Clu",0
"CTTGGGACACTTACGC-1","9","Clu",0
"CTTGGGACATCAATCT-1","3","Clu",0
"CTTGGGACATGACCTC-1","5","Clu",0
"CTTGGGCGTCTCCAGA-1","5","Clu",0
"CTTGGGGTCTTGATGG-1","3","Clu",0
"CTTGGGTAGGTGAGGC-1","0","Clu",0
"CTTGGTAAGGTGACGA-1","1","Clu",0
"CTTGGTAAGTTGCTCT-1","4","Clu",0
"CTTGTGAAGGTACGTC-1","0","Clu",0
"CTTGTGTTCACTGGTA-1","4","Clu",0
"CTTGTGTTCCCTCACA-1","5","Clu",0
"CTTGTGTTCTCATGCT-1","0","Clu",0
"GCAAACCTCTAATGGT-1","5","Clu",0.547156850667793
"GCAACATCAATGGGCC-1","11","Clu",0
"GCAACGGGTTCCGCTT-1","5","Clu",0
"GCAACGGGTTTGGTAC-1","11","Clu",0
"GCAACGTTCAATCTCC-1","2","Clu",0
"GCAACGTTCAGCCCGA-1","13","Clu",0.485027531444146
"GCAACGTTCCGCCTTA-1","7","Clu",0
"GCAACTATCATGTGCA-1","5","Clu",0
"GCAACTATCGACCCGA-1","2","Clu",0
"GCAAGCAAGCGCTCAG-1","12","Clu",0
"GCAAGCAAGCTGGATC-1","14","Clu",0
"GCAAGCTTCAAGTAAG-1","11","Clu",0
"GCAATAGGTTCGGTTG-1","2","Clu",0
"GCAATAGGTTGCTATA-1","10","Clu",0
"GCAATATTCAATCTGG-1","11","Clu",0.539234703730407
"GCAATATTCCCAGACG-1","0","Clu",0
"GCAATATTCCGTATAG-1","6","Clu",0.987333818633988
"GCAATCGCAATGTCAA-1","0","Clu",0
"GCAATCTGTTCGAGCC-1","1","Clu",0
"GCAATTTAGTGAACTT-1","2","Clu",0
"GCACAATCAACCTGTC-1","11","Clu",0
"GCACAATCAATACCTT-1","9","Clu",0
"GCACACTAGCGATCAC-1","3","Clu",0
"GCACAGCCAACTGCCT-1","1","Clu",0
"GCACCATAGAATCCAT-1","4","Clu",0
"GCACCATAGGGGTTAG-1","1","Clu",0
"GCACCATAGGTCGATC-1","4","Clu",0
"GCACCATAGTTACAGT-1","3","Clu",0
"GCACCATAGTTGGTAT-1","10","Clu",0
"GCACCGATCCATCTCG-1","7","Clu",0
"GCACCGATCCTCATAC-1","11","Clu",0
"GCACGAGGTAGCTCGC-1","10","Clu",0
"GCACGAGGTCCATACG-1","6","Clu",0
"GCACGATTCCGTCCAC-1","1","Clu",0
"GCACGATTCTATCGCT-1","8","Clu",1.59675945417433
"GCACGGTCAACCTCGT-1","8","Clu",0
"GCACGGTCATAGAGCT-1","0","Clu",0
"GCACTAATCACCTGAA-1","7","Clu",0
"GCACTAGCACAACGTG-1","0","Clu",0
"GCACTATGTTGCTTGG-1","3","Clu",0
"GCACTCCTCTCATTGC-1","7","Clu",0
"GCACTGGTCACCTAGA-1","15","Clu",0
"GCACTGGTCCGGGCTA-1","3","Clu",0
"GCACTGGTCCGTCACC-1","10","Clu",0
"GCACTTGGTAGCGCGA-1","10","Clu",0
"GCACTTGGTTGGTTCG-1","5","Clu",0.529699329900233
"GCAGCCATCCATAGTG-1","0","Clu",0
"GCAGGATGTGCAGGAT-1","4","Clu",0
"GCAGGGTAGAACGGCA-1","2","Clu",0
"GCAGGGTAGCAGGGAC-1","8","Clu",1.55538729956269
"GCAGGGTAGGGTCAAG-1","9","Clu",0
"GCAGTAAGTAGCGAGT-1","3","Clu",0
"GCAGTAAGTCAAGGCG-1","10","Clu",0
"GCAGTAAGTCATTCCC-1","8","Clu",0
"GCAGTAAGTGAGGTGT-1","3","Clu",0
"GCATAACCAATCTACT-1","3","Clu",0
"GCATAACCAGGTTCCT-1","3","Clu",0.377325662362102
"GCATAACCATCCCAAC-1","8","Clu",1.72273374137272
"GCATAAGGTTAAGTGG-1","1","Clu",0
"GCATAGCTCAGCGGTT-1","5","Clu",0
"GCATAGCTCCGGTATA-1","3","Clu",0
"GCATAGTCAAGTGCGC-1","1","Clu",0.950712865597704
"GCATAGTCACAGCGGT-1","1","Clu",0
"GCATCACAGCGAATGG-1","4","Clu",0
"GCATCACAGTAAGCAA-1","10","Clu",0
"GCATCAGCACTTCACA-1","0","Clu",0
"GCATCCCTCACAGAGG-1","11","Clu",0
"GCATCCCTCCGGGTAT-1","4","Clu",0
"GCATCCCTCGATGGCT-1","4","Clu",0
"GCATCCTCATTCATCG-1","11","Clu",0
"GCATCTAAGCCTCTCA-1","1","Clu",0
"GCATGGGGTGCGCAAG-1","4","Clu",0
"GCATGGGGTTGGACCC-1","1","Clu",0
"GCATGGGGTTGTCCGA-1","11","Clu",0
"GCATGGTTCCAGATTG-1","7","Clu",0
"GCATGGTTCCGCTGGA-1","2","Clu",0
"GCATGGTTCGTTAGAT-1","0","Clu",0
"GCATGTCAGGCTTGGT-1","1","Clu",0
"GCATGTTGTTGTAGAG-1","1","Clu",0
"GCATTATAGGATAGTA-1","2","Clu",0
"GCATTCAAGTCGCAGT-1","1","Clu",0
"GCATTTGAGCATTGAT-1","5","Clu",0
"GCATTTGAGTGATGCC-1","4","Clu",0
"GCCAACTAGTGTCAAT-1","14","Clu",0
"GCCAAGCCAGTAATCA-1","6","Clu",0
"GCCAATATCGAATGAA-1","8","Clu",0
"GCCAATGCAAGTCGCA-1","13","Clu",0
"GCCACATAGCCAGTAC-1","0","Clu",0.848824578241004
"GCCACATAGGTGCTCG-1","6","Clu",0
"GCCACCTTCCCAGATA-1","8","Clu",0
"GCCACCTTCTCATCCG-1","1","Clu",0
"GCCACTTCAAACTGAC-1","8","Clu",1.12124756103307
"GCCACTTCAATACATG-1","2","Clu",0
"GCCACTTCATTACTGT-1","3","Clu",0
"GCCATATGTTCGCTGA-1","0","Clu",0
"GCCATCAGTGAACCGG-1","7","Clu",0
"GCCATCCTCGATACAT-1","0","Clu",0
"GCCATGGTCATGTGTG-1","10","Clu",0
"GCCATTCCAGCTCAAG-1","6","Clu",0
"GCCATTCCAGGAGCAG-1","1","Clu",0
"GCCCAAGTCTAACCGA-1","0","Clu",0
"GCCCAATAGCGCTGTG-1","5","Clu",0
"GCCCAATAGGATGAGT-1","10","Clu",1.83645580532502
"GCCCACTTCAGTTGAT-1","2","Clu",0.340088187696665
"GCCCATAGTAGCCAGG-1","10","Clu",0
"GCCCATTCAAGCGGTC-1","8","Clu",1.32730061291753
"GCCCATTCAGGCTCAA-1","1","Clu",0
"GCCCCATTCAGTTGCA-1","6","Clu",0.980933431615619
"GCCCCATTCCTGAATG-1","3","Clu",0
"GCCCCATTCGTGCCGA-1","11","Clu",0
"GCCCCTTAGGAACCCT-1","10","Clu",0
"GCCCGTAAGTGCAACC-1","11","Clu",0
"GCCCTAAGTTGTAACC-1","1","Clu",0
"GCCCTAGAGGTTACTG-1","3","Clu",0
"GCCCTCACATGCAGAT-1","14","Clu",0
"GCCCTGAAGAACGGAT-1","4","Clu",0
"GCCGAACCATTACGAA-1","14","Clu",0
"GCCGAGTCAAGCATGT-1","12","Clu",0
"GCCGATTAGGTTAGTT-1","12","Clu",0
"GCCGATTAGTCTAGGC-1","12","Clu",0
"GCCGCTAAGCCTGCGA-1","4","Clu",0
"GCCGGTTGTAGGTGTA-1","14","Clu",0
"GCCGTACGTGAGGTGT-1","12","Clu",0
"GCCGTACGTTGCTTCC-1","1","Clu",0
"GCCGTAGTCGCGACTG-1","9","Clu",0
"GCCGTCAAGTGCCCGA-1","3","Clu",0
"GCCGTCAAGTTAGCTG-1","14","Clu",0
"GCCGTTAGTGAGCCGA-1","15","Clu",0
"GCCGTTAGTGCGGTAG-1","6","Clu",0
"GCCGTTGAGGCAAGCA-1","4","Clu",0
"GCCTAAATCGTTCGGG-1","5","Clu",0
"GCCTAACAGGTTAGCC-1","13","Clu",0
"GCCTAACAGGTTGCGT-1","1","Clu",0
"GCCTAATGTCTGGGTC-1","2","Clu",0
"GCCTACCTCCCAGACG-1","10","Clu",0
"GCCTACTCAAGTTAGC-1","6","Clu",0
"GCCTACTCAGCATGGC-1","4","Clu",0
"GCCTATGGTCAGTTCG-1","0","Clu",0
"GCCTATGGTTCGCTCT-1","8","Clu",0
"GCCTCATCATAATCGA-1","5","Clu",0
"GCCTGATAGCCAGTAC-1","6","Clu",0
"GCCTGATAGTCATGTG-1","3","Clu",0
"GCCTGATAGTGGCTAC-1","1","Clu",0
"GCCTGCAAGTTACCTC-1","7","Clu",0
"GCCTGCTTCCGCTAGG-1","3","Clu",0
"GCCTGGATCTATCTGC-1","8","Clu",0
"GCCTGGATCTTGACAG-1","11","Clu",0
"GCCTGTGAGAAGCTGG-1","7","Clu",0
"GCCTGTGAGCATCGCG-1","5","Clu",0
"GCCTTCATCGCATGGT-1","0","Clu",0
"GCCTTCATCGCGTTGG-1","3","Clu",0.224082502017989
"GCCTTCATCTCACCTG-1","5","Clu",0
"GCCTTGCTCACGTGTA-1","1","Clu",0
"GCCTTGCTCCCTTGCA-1","1","Clu",0
"GCGAATAGTTAGTGTC-1","11","Clu",0
"GCGAATTCAAAGGAGC-1","5","Clu",0.792692051614403
"GCGAATTCAGGCTATG-1","10","Clu",0
"GCGAGTTTCTCACACT-1","6","Clu",0
"GCGATCCGTAACCCAT-1","4","Clu",0
"GCGATCCGTGCGTGGA-1","1","Clu",0
"GCGATGAAGTAGGCAG-1","2","Clu",0
"GCGATGTTCTCATGTC-1","4","Clu",0
"GCGATTCAGTACGCAC-1","0","Clu",0
"GCGCAAGGTAGTAACG-1","4","Clu",0
"GCGCATTAGCCTGTCC-1","0","Clu",0
"GCGCCAATCAGGTCAC-1","12","Clu",0
"GCGCCTAAGCAATGAA-1","5","Clu",0
"GCGCCTAAGCATGGGA-1","9","Clu",0
"GCGCTAACAACCTGTC-1","7","Clu",0
"GCGCTAACAAGGTAGA-1","15","Clu",0
"GCGCTAACAATCGGTG-1","13","Clu",0
"GCGCTAACACTAGGCA-1","3","Clu",0
"GCGCTAACATCCTGTA-1","3","Clu",0
"GCGCTCAAGCTAACTG-1","10","Clu",0
"GCGCTTGAGGATACCC-1","8","Clu",1.56459081481167
"GCGGAGACAATCGAAC-1","1","Clu",0
"GCGGAGACAATTACAG-1","7","Clu",0
"GCGGAGACACATACCC-1","0","Clu",0
"GCGGAGTAGGATCTAT-1","12","Clu",0
"GCGGCTTGTATGGGTA-1","5","Clu",0
"GCGGCTTGTTCCAGTG-1","4","Clu",0
"GCGGGATAGGATTAGA-1","8","Clu",0
"GCGGGTAGTCAGTTCG-1","8","Clu",0
"GCGGTAAAGGCTACGT-1","5","Clu",0
"GCGGTAGGTTAGGTCT-1","4","Clu",0
"GCGGTGAGTGAGGCCA-1","11","Clu",0
"GCGTAAAGTAAGGTAT-1","13","Clu",0
"GCGTAATCAAGGTGAA-1","14","Clu",0
"GCGTAATCAGGTAGTT-1","13","Clu",0
"GCGTAATCATTACCCA-1","5","Clu",0.748855591357373
"GCGTAGCCAAACCAAC-1","9","Clu",0
"GCGTAGCCAATAGGTC-1","8","Clu",0
"GCGTGAAAGCAATTCG-1","4","Clu",0
"GCGTGAGGTAGCCCTA-1","13","Clu",0
"GCGTGAGGTATAGCCT-1","1","Clu",0
"GCGTGAGGTCTGTGAT-1","0","Clu",0
"GCGTGAGGTGGGTAAC-1","13","Clu",0
"GCGTTAATCGCTCGCT-1","5","Clu",0
"GCGTTCCTCAGGTAGG-1","4","Clu",0
"GCGTTCTCATCCCAAC-1","6","Clu",1.05280275263682
"GCGTTTCCACTTAATC-1","5","Clu",0
"GCGTTTCCAGGATCTG-1","5","Clu",0
"GCGTTTGGTTTCAGCG-1","5","Clu",0
"GCTAAACCAAATCCTT-1","1","Clu",0.682567674823149
"GCTAAACCACTCGCAT-1","3","Clu",0
"GCTAAAGGTGGCTTCA-1","8","Clu",1.39224877856195
"GCTAAATTCCGCCTGT-1","9","Clu",0
"GCTAACATCACTGGGT-1","4","Clu",0
"GCTAACATCTGTCAAG-1","2","Clu",0
"GCTAAGTCACAATGCG-1","7","Clu",0
"GCTACAGCAGGATACT-1","15","Clu",0
"GCTACAGCAGGCTACA-1","2","Clu",0
"GCTAGGCCAAACCCAG-1","3","Clu",0
"GCTAGGCCATTCGGTC-1","3","Clu",0
"GCTAGGTTCAATTGCG-1","16","Clu",0
"GCTAGGTTCACCTGCC-1","7","Clu",0
"GCTAGTCAGCTACCGG-1","11","Clu",0
"GCTAGTCAGGATGGAT-1","0","Clu",1.31332019666951
"GCTAGTTGTAATGCCT-1","2","Clu",0
"GCTAGTTGTGAGTAAT-1","2","Clu",0
"GCTATCCCAGGATCAT-1","0","Clu",0.834477892848759
"GCTATCCCAGTACTCC-1","7","Clu",0
"GCTATCCCATCGCGTT-1","11","Clu",0
"GCTATTGAGGATCATT-1","7","Clu",0
"GCTATTGAGTCATCTC-1","6","Clu",0
"GCTCAAATCTAGTCGA-1","14","Clu",0
"GCTCAATGTAGGCTGG-1","4","Clu",0
"GCTCAATGTCAACGGG-1","5","Clu",0
"GCTCACCTCATACTCC-1","2","Clu",0
"GCTCAGGTCTAACCTC-1","15","Clu",0
"GCTCAGGTCTAGTACG-1","5","Clu",0
"GCTCAGTAGTAACGAA-1","3","Clu",0
"GCTCATCCAGGACTCA-1","6","Clu",0
"GCTCATCCAGGATAGA-1","13","Clu",0
"GCTCCAAGTGAGACCG-1","8","Clu",2.1070194652404
"GCTCCAAGTTGACTAC-1","5","Clu",0
"GCTCCATCACCAATCC-1","0","Clu",0.927474899025573
"GCTCCATCACTAACTT-1","12","Clu",0
"GCTCCCACAAGCTGCA-1","5","Clu",0
"GCTCCGTTCGATCAGC-1","9","Clu",0
"GCTCCGTTCGCTCTGC-1","3","Clu",0
"GCTCCTTGTAACTTCA-1","7","Clu",0
"GCTCCTTGTAATGCAG-1","12","Clu",0
"GCTCCTTGTATAGTGG-1","8","Clu",0
"GCTCCTTGTGATAGCA-1","4","Clu",2.03514476014304
"GCTCGATAGGTACGAG-1","13","Clu",0.629941572033342
"GCTCGTTCACATGCTC-1","10","Clu",0
"GCTCGTTCACTAATCT-1","3","Clu",0
"GCTCGTTCAGGTAATC-1","0","Clu",0
"GCTGAAAGTGGGAACT-1","3","Clu",0
"GCTGAAAGTTAAGGAT-1","5","Clu",0
"GCTGACTAGCGATCAC-1","0","Clu",0
"GCTGACTAGCGGATCT-1","1","Clu",0
"GCTGACTAGCTAGACC-1","2","Clu",0.646757062046715
"GCTGAGAAGCAATCTG-1","2","Clu",0
"GCTGAGAAGCGAGTGA-1","3","Clu",0
"GCTGAGAAGCGATCTA-1","9","Clu",0
"GCTGAGGGTCATCAAC-1","8","Clu",0
"GCTGAGGGTTCCCTTA-1","3","Clu",0
"GCTGAGGGTTTACTAG-1","0","Clu",0
"GCTGATTGTCAACTGT-1","11","Clu",0
"GCTGATTGTCCATCCT-1","9","Clu",0
"GCTGATTGTGATTGAG-1","6","Clu",0
"GCTGCCTTCCATCCAT-1","3","Clu",0
"GCTGCCTTCCGTGCGA-1","4","Clu",0
"GCTGCGATCGAACCTA-1","1","Clu",0
"GCTGCTGAGATAGATG-1","11","Clu",0
"GCTGCTGAGGGTCCTG-1","1","Clu",0
"GCTGGCTGTAATGCTC-1","2","Clu",0
"GCTGGCTGTTAACTGC-1","0","Clu",1.65924073491792
"GCTGTATGTGAGTTAG-1","7","Clu",0
"GCTGTATGTTGGCGAG-1","7","Clu",0
"GCTGTTAAGGGGTAAT-1","1","Clu",0.667843988291935
"GCTGTTAAGTAACGAA-1","11","Clu",0
"GCTTACAAGCCAGACT-1","5","Clu",0
"GCTTACTTCCCAGGCA-1","2","Clu",0
"GCTTATAGTAGCGAGT-1","6","Clu",0
"GCTTATGAGCGGGTAA-1","6","Clu",0
"GCTTATGAGCTTAACG-1","5","Clu",0
"GCTTATGAGGCATGTC-1","8","Clu",0
"GCTTATGAGGTGAGTG-1","1","Clu",0
"GCTTCATTCACTCTAC-1","11","Clu",0
"GCTTCATTCCGCGATG-1","9","Clu",0
"GCTTCCGCACAGCGGT-1","2","Clu",0
"GCTTCCGCATGCTGTC-1","3","Clu",0
"GCTTCCTGTAGTGAGC-1","12","Clu",0
"GCTTCCTGTGACGTGG-1","0","Clu",0
"GCTTCGCTCAAGTCGC-1","3","Clu",0
"GCTTCGCTCACATTGG-1","5","Clu",0
"GCTTGATGTCTCCAAG-1","2","Clu",0
"GCTTGGGTCCATTGCT-1","6","Clu",0
"GCTTGGGTCCCCAGGA-1","11","Clu",0
"GCTTGGGTCCCTCATG-1","3","Clu",0.76452499137534
"GCTTGTAAGGCACACT-1","4","Clu",0
"GCTTGTAAGGGTCTCG-1","0","Clu",0
"GCTTGTAAGGTGAGGC-1","2","Clu",0.801600254458969
"GCTTGTAAGTCATGTG-1","0","Clu",0
"GCTTGTAAGTGCCAGT-1","0","Clu",0.902883567694995
"GCTTGTCCAACTGGTG-1","2","Clu",0
"GCTTGTCCACAACGTG-1","8","Clu",0
"GCTTGTCCACCTTACA-1","1","Clu",0
"GCTTTCACAGGACTGC-1","1","Clu",0
"GGAAACTAGCCATGAC-1","7","Clu",0
"GGAAATGCACCAGGAC-1","15","Clu",0
"GGAAATGCATTAGTGA-1","7","Clu",0
"GGAAATTGTTTAATCG-1","2","Clu",0.576084514854402
"GGAACATAGCATGATT-1","3","Clu",0
"GGAACCTTCAGGTCTA-1","2","Clu",0.673258094194876
"GGAACGATCAGCACCG-1","10","Clu",0
"GGAAGATTCAGTAGGG-1","5","Clu",0
"GGAAGCCAGTAGCACC-1","7","Clu",0
"GGAAGGCTCCCGTGTC-1","8","Clu",0
"GGAAGGTCATTAGTCT-1","10","Clu",0
"GGAAGTTAGATAGCCC-1","5","Clu",0
"GGAATATGTGCGTGGA-1","4","Clu",0
"GGAATGGTCAATGTGT-1","12","Clu",0
"GGAATGGTCGTGAGGA-1","4","Clu",0
"GGAATTAAGTTGCGTA-1","4","Clu",0
"GGAATTGGTTTAGGAG-1","8","Clu",0
"GGACAATAGGGCTAGA-1","0","Clu",0
"GGACACAAGCAGGTGA-1","4","Clu",0
"GGACACCCAATCAAGC-1","0","Clu",0
"GGACACCCAGGTAATC-1","12","Clu",0
"GGACACCCAGGTATCG-1","1","Clu",0
"GGACACCCATCCTATG-1","8","Clu",1.56999486775314
"GGACACCCATGGATTA-1","3","Clu",0
"GGACATAGTAATCCAC-1","12","Clu",0
"GGACATTCAATACAGC-1","2","Clu",0.788381004502285
"GGACATTCACCTCGCA-1","13","Clu",0
"GGACCCTGTTAGCTGT-1","10","Clu",0
"GGACCTTAGCTACCGG-1","3","Clu",0
"GGACCTTAGTTGCGGT-1","16","Clu",0
"GGACGATGTAACCCTG-1","3","Clu",0
"GGACGGACATTCCTCT-1","6","Clu",0
"GGACGTAAGTCAGGAG-1","3","Clu",0
"GGACTCACACCAACCT-1","14","Clu",0
"GGACTCACACCTATCA-1","2","Clu",0
"GGACTTGCAAATCGAC-1","8","Clu",0.920875128852421
"GGAGAAGGTATTGGAG-1","0","Clu",0
"GGAGAAGGTCATTGGT-1","0","Clu",0
"GGAGAGGAGGTGCTTA-1","2","Clu",0
"GGAGAGGAGTCGACGT-1","4","Clu",0
"GGAGAGTCAATTGAGC-1","1","Clu",0
"GGAGAGTCATCGGTCT-1","6","Clu",0
"GGAGATTAGCCTGAAC-1","11","Clu",0
"GGAGATTAGGAATGCG-1","14","Clu",0
"GGAGATTAGGTATCCA-1","7","Clu",0
"GGAGCAATCGCGATGT-1","4","Clu",0
"GGAGCCAGTAATCCTA-1","8","Clu",0
"GGAGCCAGTTTAAGCC-1","7","Clu",0
"GGAGCTAAGGGCAGAC-1","7","Clu",0
"GGAGCTAAGTACGCCG-1","8","Clu",1.47563657784546
"GGAGCTGGTTAAGGGC-1","9","Clu",0
"GGAGCTGGTTCCGGTA-1","0","Clu",0
"GGAGTAGTCAAGTCTG-1","4","Clu",0
"GGAGTAGTCACGCAAC-1","2","Clu",0
"GGAGTCAAGCTAACCA-1","9","Clu",0
"GGATAATGTGAAGCCG-1","2","Clu",0
"GGATAGGTCACCTACT-1","1","Clu",0
"GGATAGTAGTCGATAT-1","5","Clu",0
"GGATATGGTAAGTGCA-1","12","Clu",0
"GGATCGCCAACTCGTC-1","6","Clu",0
"GGATCGCCAAGCACAT-1","1","Clu",0
"GGATCGTTCGTACGGT-1","5","Clu",0
"GGATCGTTCGTAGTCA-1","1","Clu",0
"GGATCTATCAGTAGGG-1","0","Clu",0
"GGATCTATCCATCCTG-1","6","Clu",0
"GGATCTATCGCGCGTA-1","1","Clu",0
"GGATGCTTCACTCCGC-1","12","Clu",1.91946872987575
"GGATGCTTCCGTAAGC-1","15","Clu",0
"GGATGGGCAAGTTCCC-1","10","Clu",0
"GGATGGGCAGGTATCG-1","3","Clu",0
"GGATGGGCATTGGCAG-1","7","Clu",0
"GGATGTGAGCGACTAC-1","9","Clu",0
"GGATGTTCAGGATGGG-1","7","Clu",0
"GGATGTTCATAAGCAC-1","2","Clu",0
"GGATTAAAGGATGAAC-1","7","Clu",0
"GGATTAAAGTCGCTGG-1","6","Clu",0.901229806744006
"GGATTAAAGTTGGGCT-1","10","Clu",0
"GGATTCATCCCCTGGT-1","8","Clu",1.84807577775508
"GGATTCATCTATGGCA-1","2","Clu",0
"GGATTGCTCCCGCATC-1","9","Clu",0
"GGATTGCTCCGCCAGA-1","10","Clu",0
"GGCAAAGTCCTGCCGT-1","1","Clu",0
"GGCAAAGTCGCATTAG-1","9","Clu",0
"GGCAACTTCACAGCTA-1","1","Clu",0
"GGCAAGGCAACCAAGT-1","3","Clu",0
"GGCAAGGCACATTCCA-1","11","Clu",0
"GGCAATAGTTGCTGGC-1","2","Clu",0
"GGCAATTCAGCTAACG-1","3","Clu",0
"GGCACACCAATCAATG-1","1","Clu",0
"GGCACCTGTCAATTCA-1","11","Clu",0
"GGCACCTGTTGCAGGG-1","2","Clu",0
"GGCACGAGTTAGCGAA-1","0","Clu",0.989239731520323
"GGCATAGAGAATCACT-1","5","Clu",0
"GGCATAGAGTAGTGAA-1","8","Clu",1.57727025484293
"GGCATCACAATATGGC-1","6","Clu",0
"GGCATCACAGGTTCGA-1","7","Clu",0
"GGCATCCGTGGAAGGA-1","10","Clu",0
"GGCATGTTCGAATGAA-1","5","Clu",0.659123353532892
"GGCATTATCCTGACCC-1","7","Clu",0
"GGCATTATCTAGTTGG-1","5","Clu",0
"GGCCAACCAGCCATCT-1","1","Clu",0
"GGCCAATTCAGCCTAA-1","2","Clu",0
"GGCCCTAAGTTAGGTT-1","5","Clu",0
"GGCCGAAGTCCATCCT-1","9","Clu",0
"GGCCGAAGTTCTGTGG-1","4","Clu",0
"GGCCGATCAAGGGCTC-1","7","Clu",0.585202844190397
"GGCCGTTGTGAAGTGC-1","10","Clu",0
"GGCCGTTGTGAGGCAT-1","8","Clu",0
"GGCCTAACAACTCGGA-1","4","Clu",0
"GGCCTTGAGCATTACG-1","5","Clu",0
"GGCGAACAGGTCGTAC-1","12","Clu",0
"GGCGAATGTGCATTAC-1","3","Clu",0
"GGCGAATGTTAGACGA-1","9","Clu",0
"GGCGACTCACCTATAT-1","1","Clu",0
"GGCGACTCACTAACCC-1","5","Clu",0.77687878110512
"GGCGAGACATCACTCA-1","0","Clu",0
"GGCGATCCACCATACC-1","13","Clu",0
"GGCGATTTCAATCGTG-1","8","Clu",1.36103604330487
"GGCGATTTCACTAGGC-1","6","Clu",0
"GGCGGTAGTGAACGCG-1","12","Clu",0
"GGCGGTTCACAAGCCA-1","5","Clu",0
"GGCGTAAAGTATGTGT-1","5","Clu",0
"GGCGTAAAGTTACCTC-1","7","Clu",0
"GGCGTCTGTGAACGAC-1","6","Clu",0
"GGCGTTACAACATGCG-1","11","Clu",0
"GGCGTTACACTAATTC-1","10","Clu",0
"GGCGTTACATAGAGCT-1","7","Clu",0
"GGCGTTACATCGGTGA-1","1","Clu",0
"GGCTAATCACAAGGCC-1","1","Clu",0
"GGCTAATCACTTAACT-1","4","Clu",0
"GGCTAATCAGTTGCAG-1","8","Clu",0
"GGCTAGAAGAATCCTG-1","7","Clu",0.5488811800401
"GGCTAGAAGGGCAGAC-1","1","Clu",0
"GGCTAGAAGTAGGTCC-1","5","Clu",0
"GGCTATATCCAGCTCC-1","0","Clu",0
"GGCTATTGTAATGTCC-1","9","Clu",0
"GGCTATTGTGATCCCA-1","1","Clu",0
"GGCTCAACAGCCAGGT-1","7","Clu",0
"GGCTCAACAGCTCATC-1","9","Clu",0
"GGCTCAACAGGACACC-1","3","Clu",0
"GGCTCGATCGATCGGT-1","15","Clu",0
"GGCTGAAAGTACCAGC-1","15","Clu",0
"GGCTGACCACTTCGCG-1","12","Clu",0
"GGCTGACCATAACGTA-1","8","Clu",0
"GGCTGACCATTACCAT-1","6","Clu",0
"GGCTGCATCAATTGGT-1","10","Clu",0
"GGCTGCATCGTTAGAT-1","1","Clu",0
"GGCTGGTCACCATAGG-1","12","Clu",0
"GGCTGGTCACCTTGAC-1","8","Clu",0
"GGCTGGTCAGCTAAGT-1","2","Clu",0
"GGCTGGTCAGTTGCCT-1","2","Clu",0
"GGCTTAATCTATCGTC-1","2","Clu",0
"GGCTTATGTAGTAAGT-1","1","Clu",0
"GGCTTCCTCAGGAGAT-1","15","Clu",0
"GGCTTCCTCGACTATG-1","10","Clu",0
"GGCTTTGGTAGCGACG-1","3","Clu",0
"GGCTTTGGTAGTGTGA-1","10","Clu",0
"GGCTTTGGTGATGAAT-1","3","Clu",0
"GGCTTTGGTTCTGGCA-1","13","Clu",0
"GGGAATGTCACATGCA-1","13","Clu",0
"GGGAATGTCGATACTG-1","1","Clu",0
"GGGAATGTCGATTCAG-1","4","Clu",0
"GGGAATGTCTATGGAT-1","7","Clu",0.790579713690247
"GGGACAATCATCAGCA-1","12","Clu",0
"GGGACAATCCGCAGAT-1","3","Clu",0
"GGGACCAGTTGGGTCC-1","8","Clu",1.69169931933607
"GGGACCTCAACCTGCT-1","10","Clu",0
"GGGACCTCAACGGTCA-1","4","Clu",0
"GGGACGTAGCAACCGT-1","11","Clu",0
"GGGACGTAGGGTTGCT-1","3","Clu",0
"GGGACTAAGCTATCAG-1","3","Clu",0
"GGGACTAAGTGCAAGG-1","8","Clu",0
"GGGACTGGTTTACTCT-1","4","Clu",0
"GGGATAGTCGATTCCT-1","1","Clu",0
"GGGATAGTCGCGCTGA-1","6","Clu",0
"GGGATAGTCTGGTAGC-1","3","Clu",0
"GGGATATAGCAAGGAT-1","0","Clu",0
"GGGATATAGTTAGGTT-1","4","Clu",0
"GGGATCAAGTGGCCTG-1","4","Clu",0
"GGGATTAGTAATGACG-1","9","Clu",0
"GGGATTAGTTATCTGA-1","7","Clu",0
"GGGATTGAGCTAATGT-1","6","Clu",0
"GGGATTGAGGTGAGAT-1","6","Clu",0
"GGGCAAATCATGACTG-1","3","Clu",0
"GGGCAAATCGAACCCG-1","4","Clu",0
"GGGCAACAGCGAGCTT-1","5","Clu",0
"GGGCAACAGGCTCCTC-1","2","Clu",0.814313086788666
"GGGCAATGTTTGACGT-1","2","Clu",0
"GGGCAGACAGGGACTC-1","5","Clu",0
"GGGCATCCAAGCCTAG-1","3","Clu",0
"GGGCATCCAAGCTGAT-1","5","Clu",0
"GGGCATCCACATACCC-1","5","Clu",0.644212288117593
"GGGCATCCATTGCACC-1","4","Clu",0
"GGGCATTTCATCTCTA-1","8","Clu",0
"GGGCCTATCCTGATAG-1","6","Clu",0
"GGGCCTATCGACATTG-1","14","Clu",0
"GGGCGTAGTGGCCAGA-1","2","Clu",0
"GGGCGTAGTTGCATTA-1","1","Clu",0
"GGGCTAGGTTAGTTCA-1","6","Clu",0
"GGGCTCTGTAATCCCG-1","8","Clu",0
"GGGCTCTGTTCCGCAA-1","4","Clu",0
"GGGCTTACATTGGCGA-1","5","Clu",0
"GGGGACTAGCCATAGC-1","1","Clu",0
"GGGGACTAGGCAACTC-1","6","Clu",0
"GGGGATGCACTTACCA-1","15","Clu",0
"GGGGCAACAAGGTCCA-1","5","Clu",0
"GGGGCAACACTAGCAG-1","2","Clu",0
"GGGGCAACATGACCGA-1","3","Clu",0.761713635538117
"GGGGCAACATTCATCG-1","5","Clu",0
"GGGGCTAGTTGAGCAA-1","0","Clu",0
"GGGGCTAGTTGCTCTC-1","6","Clu",0
"GGGGTCAGTATTGGGA-1","13","Clu",0
"GGGGTCAGTCAGTTAC-1","7","Clu",0
"GGGGTTAAGTAGAGCG-1","2","Clu",0
"GGGGTTGGTAACTTCA-1","4","Clu",0
"GGGTAACGTCAGTGCC-1","11","Clu",1.19727140766849
"GGGTAACGTTAGAGTG-1","5","Clu",0
"GGGTACGGTATTGGGA-1","9","Clu",0
"GGGTACGGTTGTCCAG-1","0","Clu",0
"GGGTACTTCCCTCGAC-1","5","Clu",0
"GGGTATGAGCCATGCG-1","4","Clu",0
"GGGTATGAGCGGTAGA-1","6","Clu",0
"GGGTCAAAGAACCTCA-1","6","Clu",0
"GGGTCAGGTGAGTCGG-1","0","Clu",0
"GGGTCAGGTGCGGATG-1","14","Clu",0
"GGGTCATTCCAACTAG-1","8","Clu",0
"GGGTCATTCCATAGCA-1","7","Clu",0
"GGGTCCATCGTACGGT-1","5","Clu",0
"GGGTGAATCAGGGCTT-1","1","Clu",0
"GGGTGAATCCAGCCCT-1","2","Clu",0.827205266707257
"GGGTGAATCTAGTAAC-1","2","Clu",0
"GGGTGAATCTGGTCAA-1","2","Clu",0
"GGGTTAAGTATGTGGA-1","2","Clu",0
"GGGTTAAGTTTGCGGC-1","9","Clu",0
"GGGTTAGAGGGGATCA-1","7","Clu",0
"GGGTTCCGTCTAATGC-1","5","Clu",0
"GGGTTCCGTTGCCTCT-1","0","Clu",0
"GGGTTGAAGCGAGACA-1","6","Clu",0
"GGGTTGAAGCTAGTGC-1","4","Clu",0
"GGGTTGAAGGAATGCG-1","12","Clu",0
"GGGTTTCAGATAGTCT-1","9","Clu",0
"GGTAAATGTAACCCTG-1","15","Clu",0
"GGTAAATGTTGTCCAG-1","3","Clu",0
"GGTAAGGTCATGCTGA-1","0","Clu",0
"GGTAAGGTCCGCACCT-1","2","Clu",0
"GGTACATCATAAGCTA-1","5","Clu",0
"GGTACGCCACTATATC-1","5","Clu",0
"GGTACTATCATAGATC-1","7","Clu",0
"GGTACTATCGATTCAG-1","9","Clu",0
"GGTACTTGTGATTGAG-1","0","Clu",0
"GGTAGCAAGTTGGACC-1","5","Clu",0
"GGTAGCGGTTCGTAAC-1","7","Clu",0
"GGTAGCTTCGTGCCAG-1","4","Clu",0
"GGTAGGATCTAGCTTC-1","2","Clu",0
"GGTAGTAGTTCCGCAA-1","12","Clu",0
"GGTAGTAGTTGGACCC-1","1","Clu",0
"GGTAGTGAGGCACTTA-1","1","Clu",0
"GGTATAGGTTAGACAG-1","10","Clu",0
"GGTATATTCAGTATGT-1","14","Clu",0
"GGTATATTCATAGGTT-1","12","Clu",0
"GGTATATTCCACCTAT-1","2","Clu",0
"GGTATATTCGTACTAG-1","6","Clu",0.747623993297721
"GGTATCTGTGCAGCTC-1","13","Clu",0
"GGTATGAGTAACGGTA-1","3","Clu",0
"GGTATGGAGCTGGTTA-1","14","Clu",0
"GGTATGTCACTTGAGG-1","9","Clu",0
"GGTATTGTCAGCGGAA-1","4","Clu",0
"GGTCAATCATTAGCTT-1","4","Clu",0
"GGTCAGCCATCATCTG-1","3","Clu",0
"GGTCATTGTGCATCCA-1","6","Clu",0
"GGTCATTGTTGCATAC-1","6","Clu",0
"GGTCCTGAGAATCGAA-1","16","Clu",0
"GGTCCTGAGCTAGGGA-1","4","Clu",0
"GGTCGAGGTTTGCGTG-1","11","Clu",0
"GGTCGATTCATGTAAC-1","2","Clu",0
"GGTCGCATCGTAGTAT-1","8","Clu",0
"GGTCGGTCATCGGTTC-1","0","Clu",0
"GGTCTAGCAATGCCGA-1","4","Clu",0
"GGTCTAGCATCCAATT-1","7","Clu",0
"GGTCTCCTCGTGCAAC-1","2","Clu",0
"GGTGAACGTTGGATCT-1","0","Clu",0.847602738438346
"GGTGAATAGTAGTAGA-1","2","Clu",0.628713677538096
"GGTGAGGCAGGCAACC-1","4","Clu",0
"GGTGAGGCAGGTTACG-1","5","Clu",0
"GGTGAGGCATGAGTGT-1","1","Clu",0
"GGTGAGGCATGAGTTA-1","4","Clu",0
"GGTGCAGGTGAGTAAT-1","6","Clu",0
"GGTGCATTCATGAGTT-1","7","Clu",0
"GGTGCATTCGATCAAT-1","2","Clu",0
"GGTGCCTGTTATCTAG-1","5","Clu",0
"GGTGCTTAGCGCTGCA-1","3","Clu",0.768224842757073
"GGTGGATGTTCGTGCA-1","5","Clu",0
"GGTGGCAGTTGAGTTC-1","5","Clu",0
"GGTGGCTCAACATACA-1","8","Clu",0
"GGTGGCTCATCGAAGT-1","8","Clu",0
"GGTGGCTCATCGGGAC-1","1","Clu",0
"GGTGTAAGTGACGAGT-1","3","Clu",0
"GGTGTCCGTAACCCAT-1","4","Clu",0
"GGTGTCCGTTCGATGT-1","0","Clu",0
"GGTGTTGCAATCGCTC-1","4","Clu",0
"GGTGTTGCACTCATGC-1","9","Clu",0.735933317095064
"GGTGTTGCAGGCATTG-1","10","Clu",0
"GGTTAAGGTTGTGGTT-1","14","Clu",0
"GGTTAATTCATCAGGC-1","11","Clu",0
"GGTTAATTCATCGTCT-1","8","Clu",0
"GGTTAATTCCGCTACC-1","3","Clu",0
"GGTTACATCATCTCTA-1","10","Clu",0
"GGTTACATCGTACCGG-1","5","Clu",0
"GGTTATGTCCCAATGA-1","11","Clu",0
"GGTTCAATCAAGTTAC-1","5","Clu",0
"GGTTCAATCCGGATAC-1","4","Clu",0
"GGTTCTAAGAAGGGAA-1","10","Clu",0
"GGTTGGTTCAGTACGC-1","3","Clu",0
"GGTTGGTTCATGCAAT-1","2","Clu",0
"GGTTGTCAGGATAGAC-1","15","Clu",0
"GGTTGTCAGTACGGTC-1","12","Clu",0
"GGTTTAGTCCCCATCA-1","5","Clu",0
"GGTTTCAAGCCAGCCA-1","11","Clu",0
"GTAAACCCAATCTCTG-1","2","Clu",0
"GTAAACGGTTTCACTT-1","12","Clu",0
"GTAAACTTCCTCGTGC-1","6","Clu",0
"GTAAAGGCACTAACGG-1","2","Clu",0
"GTAAATGAGCAGGTAG-1","11","Clu",0
"GTAAATGAGGTTACGC-1","4","Clu",0
"GTAACCATCAGGGATG-1","10","Clu",0
"GTAACCTGTAACTCTA-1","3","Clu",0
"GTAACCTGTCATCGCA-1","8","Clu",2.26083196636483
"GTAAGCCTCAGTTAGT-1","4","Clu",0
"GTAAGCGAGGCTCTGG-1","9","Clu",0
"GTAAGCTCAGGCAACC-1","0","Clu",0
"GTAAGGGTCCATCTCG-1","0","Clu",0
"GTAAGTAAGCCAATCA-1","9","Clu",0
"GTAAGTAAGTTACCCT-1","7","Clu",0
"GTAATCCGTAGCGGAT-1","6","Clu",0
"GTAATGAAGGTTCAAT-1","8","Clu",1.50985911457773
"GTAATGAAGTCATGGC-1","0","Clu",0
"GTAATGGGTAAGGTTG-1","10","Clu",0
"GTAATGTTCGCGCACA-1","9","Clu",0
"GTACAAGGTGGCCTGT-1","2","Clu",0
"GTACAAGGTTTACAGC-1","0","Clu",0
"GTACCAATCCCGTAGG-1","1","Clu",0
"GTACCAATCCGGGTCA-1","0","Clu",0
"GTACCAATCTGGCTAA-1","9","Clu",0
"GTACCAGCAAATGGGA-1","10","Clu",0
"GTACCAGCACTTACTG-1","12","Clu",0
"GTACCCTCAAGCACGC-1","3","Clu",0
"GTACGAAGTGGCTAGG-1","4","Clu",0
"GTACGGGGTCAAGCCC-1","6","Clu",0
"GTACGGTTCGTTACAG-1","10","Clu",0
"GTACGTTGTATTGGAG-1","4","Clu",0
"GTACTAACACTCAATT-1","7","Clu",0
"GTACTAGTCATGTCTC-1","14","Clu",1.14771993103919
"GTACTAGTCCTGTCGC-1","1","Clu",0.618156990954837
"GTACTAGTCGTGCTAA-1","8","Clu",0
"GTACTAGTCTGGATGC-1","2","Clu",0
"GTACTCCCACTCGCTG-1","4","Clu",0
"GTACTCCCATGACGGC-1","3","Clu",0
"GTAGAATGTAGTAGTG-1","8","Clu",0
"GTAGAATGTGAAGGCT-1","5","Clu",0
"GTAGACTCATGAATGC-1","4","Clu",0
"GTAGACTCATTAACTC-1","2","Clu",0
"GTAGATGGTCATCCCT-1","1","Clu",0
"GTAGATGGTGAGTGAC-1","16","Clu",0
"GTAGCATCATTAGCGG-1","10","Clu",2.60733178829351
"GTAGCCACACATGCAG-1","0","Clu",0
"GTAGCCACAGCTCATC-1","10","Clu",0
"GTAGCCCGTAGCTCGC-1","1","Clu",0
"GTAGCCCGTGGGTATA-1","0","Clu",0
"GTAGCGGGTCCATCAG-1","5","Clu",0
"GTAGCGGGTTGCAGGG-1","0","Clu",0
"GTAGCTATCAGTTCCT-1","0","Clu",0
"GTAGCTTGTGCACGAG-1","2","Clu",0
"GTAGCTTGTGGAGAGA-1","14","Clu",0
"GTAGGATAGGGTTGGA-1","0","Clu",0
"GTAGGCAAGGCGTTAC-1","2","Clu",0
"GTAGGCAAGTAAGGAC-1","5","Clu",0
"GTAGGGGCACAGGATT-1","2","Clu",0
"GTAGGTAGTAACTCTA-1","5","Clu",0
"GTAGGTAGTAGGCTGG-1","0","Clu",0
"GTAGGTAGTGCGCAGA-1","8","Clu",1.49011536301151
"GTAGGTGAGGATTGAA-1","9","Clu",0
"GTAGGTGAGGTGCTAC-1","10","Clu",0
"GTAGTAAAGATTAGAG-1","3","Clu",0
"GTAGTAAAGTGCCGTG-1","2","Clu",0
"GTAGTAGGTATGGCCC-1","3","Clu",0
"GTAGTCGCATCCCAGT-1","4","Clu",0
"GTAGTCTGTCCCGAAC-1","5","Clu",0
"GTAGTGAGTTATCTCT-1","6","Clu",0
"GTAGTTACAGCATGTG-1","3","Clu",0
"GTAGTTACAGTTGCCT-1","13","Clu",0
"GTAGTTACATGCTCGT-1","5","Clu",0
"GTAGTTGTCCGTGGCA-1","4","Clu",0
"GTATAGAAGAATCCTG-1","2","Clu",0
"GTATAGCCAGTAAGGA-1","10","Clu",0
"GTATCCCCACTTACAT-1","6","Clu",0
"GTATCCCCACTTCGAC-1","1","Clu",0
"GTATCCCCACTTCGGT-1","1","Clu",0
"GTATCTTCATCCTATG-1","11","Clu",0
"GTATGAAAGCGATTCA-1","3","Clu",0
"GTATGCATCACCTGCC-1","0","Clu",0
"GTATGCATCCTGACGG-1","0","Clu",0
"GTATGGGAGGTTCGCG-1","1","Clu",0
"GTATGGGAGTAAGTTC-1","2","Clu",0
"GTATGGGAGTGGCAAG-1","4","Clu",0
"GTATGGTCATGGAACT-1","0","Clu",0
"GTATGTTAGCGCCAAT-1","0","Clu",0.765139036782696
"GTATTAGCATAACTGA-1","6","Clu",0
"GTATTCAGTCATCGGC-1","6","Clu",0
"GTATTCCTCACTAGGC-1","9","Clu",0
"GTATTGGTCCTCACCA-1","3","Clu",0
"GTCAAATTCCATGCAA-1","6","Clu",0
"GTCAAATTCGATGCCG-1","2","Clu",0
"GTCAAGCTCCGGTGAT-1","0","Clu",0
"GTCAATGTCCGCGACA-1","8","Clu",1.38614437986727
"GTCAATGTCGATGGGA-1","2","Clu",0
"GTCAATGTCGCGAGTT-1","10","Clu",0
"GTCAATTAGCATCCTT-1","8","Clu",1.2910995339239
"GTCAATTAGTTGCAGC-1","1","Clu",0
"GTCACCTCATCACGAG-1","1","Clu",0
"GTCACGTAGGAATTAG-1","13","Clu",0
"GTCACGTAGTGGCGAA-1","11","Clu",0
"GTCATAGTCGCGCGTA-1","9","Clu",0
"GTCATATAGGTAATTC-1","2","Clu",0
"GTCATCAAGCGAGACA-1","12","Clu",0
"GTCATCAAGTAATGCT-1","6","Clu",0
"GTCATCCCAACTGGCA-1","8","Clu",0
"GTCATCCCACCATACC-1","0","Clu",0
"GTCATTAGTAGTCCAT-1","13","Clu",0
"GTCATTTCAAAGGTGA-1","8","Clu",0
"GTCATTTCAGGTAACT-1","10","Clu",0
"GTCCAACAGGGGATTG-1","10","Clu",0
"GTCCAACAGTGGCCTG-1","6","Clu",0
"GTCCAATGTTTCGCAG-1","4","Clu",0
"GTCCAGGTCACGGACT-1","13","Clu",0
"GTCCAGGTCGAATTAC-1","2","Clu",0
"GTCCAGGTCGACCTGG-1","2","Clu",0
"GTCCAGTAGGCTCCAG-1","2","Clu",0
"GTCCATCCACCTGGAA-1","0","Clu",0
"GTCCATCCATGGCAGC-1","2","Clu",0
"GTCCATGGTGGCGCTT-1","0","Clu",0
"GTCCATTTCTGGATAT-1","1","Clu",0
"GTCCCAAGTAGCCCGT-1","2","Clu",0
"GTCCCAAGTAGTGTGA-1","7","Clu",0
"GTCCCGTTCCCTCGTA-1","4","Clu",0
"GTCCCTCAGGAATTAG-1","0","Clu",0
"GTCCGAACATGATTGA-1","8","Clu",0
"GTCCGATAGCCCGTCT-1","7","Clu",0
"GTCCGATAGGATAGCG-1","7","Clu",0
"GTCCGCAAGGTGATGG-1","5","Clu",0
"GTCCGCTTCCGGGTCA-1","1","Clu",0
"GTCCGCTTCGTTCACT-1","3","Clu",0
"GTCCGTAGTCATGGTT-1","0","Clu",0
"GTCCGTAGTTCGTCAG-1","1","Clu",0
"GTCCGTGAGGAGTAGT-1","3","Clu",0
"GTCCGTGAGGCAATCC-1","10","Clu",0
"GTCCGTTCACTCGGTT-1","7","Clu",0
"GTCCTAAAGGATGAGT-1","1","Clu",0
"GTCCTATTCGCATCCC-1","10","Clu",0
"GTCCTGCTCAGGACTC-1","3","Clu",0
"GTCCTGCTCATCGAAT-1","3","Clu",0
"GTCCTGCTCGAATCAT-1","1","Clu",0
"GTCGAGGGTCAAGGGT-1","6","Clu",0
"GTCGCCAAGATACTAC-1","13","Clu",0
"GTCGCCAAGCCACGCA-1","2","Clu",0
"GTCTAACGTTCGTAGT-1","0","Clu",0
"GTCTACAAGCTTACGA-1","2","Clu",0
"GTCTACCCACTAGGTG-1","1","Clu",0
"GTCTACCCATGACTAA-1","5","Clu",0
"GTCTACCCATGCTCCG-1","4","Clu",0
"GTCTACCCATTACTCG-1","1","Clu",0
"GTCTATGAGCGCATGT-1","6","Clu",0
"GTCTATGAGGATTGCC-1","2","Clu",0
"GTCTATGAGGCAACTC-1","7","Clu",0
"GTCTCACCAAATCGTA-1","9","Clu",0
"GTCTCCATCCATCACT-1","2","Clu",0
"GTCTCCATCCGCCACT-1","10","Clu",0
"GTCTCCGCATTACGGG-1","0","Clu",0
"GTCTCGCTCAGCGGTT-1","4","Clu",0
"GTCTGCCTCGATCAGC-1","7","Clu",0
"GTCTGCCTCTAAGCAT-1","3","Clu",0
"GTCTGGACAAATGCCG-1","9","Clu",0
"GTCTGTCCATTCAGGG-1","6","Clu",0.818220922056648
"GTGAAATGTGCAGTCC-1","4","Clu",0
"GTGAACCTCACAGGAG-1","5","Clu",0
"GTGAAGGTCACAGCCG-1","7","Clu",0
"GTGAAGGTCATATAGC-1","3","Clu",0.761835417796035
"GTGAATCCATGAGTTA-1","0","Clu",0
"GTGAATGGTCAAGGGT-1","1","Clu",0
"GTGAATGGTGGACCTC-1","3","Clu",0.747858256552018
"GTGACGTTCCCAGGAT-1","4","Clu",0
"GTGACGTTCGCTGAAC-1","4","Clu",0
"GTGACTATCCTTCATA-1","7","Clu",0
"GTGAGCGGTAACTTCA-1","11","Clu",0.729534005151447
"GTGAGCGGTAATGCGA-1","3","Clu",0
"GTGAGGATCCATCTCG-1","1","Clu",0
"GTGAGTGAGAATCACT-1","1","Clu",0
"GTGAGTGAGTCGACAC-1","4","Clu",0
"GTGATATTCTCATCGT-1","1","Clu",0
"GTGATGCTCAATTCGG-1","13","Clu",0
"GTGATGGAGCCTGTGG-1","5","Clu",0
"GTGATTGTCACGCGCA-1","10","Clu",0
"GTGATTGTCTGGTACA-1","0","Clu",0
"GTGATTTAGCTAATGT-1","4","Clu",0
"GTGATTTAGTCGACAC-1","1","Clu",0
"GTGCAATCAAGCATAC-1","2","Clu",0
"GTGCACTAGAAGGGTT-1","4","Clu",0
"GTGCACTAGCAAGGTG-1","2","Clu",0
"GTGCACTAGCGAACCT-1","3","Clu",0
"GTGCATATCCGTCCTA-1","3","Clu",0
"GTGCATTGTTGAAGTG-1","11","Clu",0
"GTGCATTGTTGCGTGC-1","0","Clu",0
"GTGCCCAAGAACGAAC-1","0","Clu",0
"GTGCGAGGTTTACACA-1","1","Clu",0
"GTGCGGTCAAGCATCG-1","0","Clu",0
"GTGCGGTCAGGCAATT-1","6","Clu",0.489654190981855
"GTGCTAATCCGCAGAT-1","3","Clu",0
"GTGCTAATCCTTCGGC-1","0","Clu",0
"GTGCTCAGTCTAGTTA-1","16","Clu",2.02651735011104
"GTGCTTGGTCAAGTAG-1","2","Clu",0
"GTGGACAAGCTACTCT-1","3","Clu",0
"GTGGACAAGGTCATGC-1","10","Clu",0
"GTGGACAAGTGATCTG-1","2","Clu",0
"GTGGACCCACTACCAC-1","4","Clu",0
"GTGGATAGTCTTGCTC-1","8","Clu",0
"GTGGATAGTGAGGTCG-1","4","Clu",0
"GTGGCAGGTCCCGAAC-1","10","Clu",1.24920297897551
"GTGGCAGGTTCGTAAC-1","5","Clu",0
"GTGGCCATCACAGGCT-1","1","Clu",0
"GTGGCCATCCATAGGC-1","2","Clu",0
"GTGGCGAGTTGCAGGG-1","9","Clu",0
"GTGGCGAGTTTCGCTC-1","14","Clu",0
"GTGGGTAAGTGCAACC-1","3","Clu",0
"GTGGGTTTCAAGTTCG-1","11","Clu",0
"GTGGGTTTCCAGGTTA-1","11","Clu",0
"GTGGGTTTCCTTCGTG-1","13","Clu",0
"GTGGTAAGTGAAGCCG-1","1","Clu",0
"GTGGTAAGTTCGGTTG-1","3","Clu",0
"GTGGTAAGTTTGCCTC-1","7","Clu",0.544105145433984
"GTGGTCCGTCAGCCTA-1","6","Clu",0
"GTGGTCCGTTAGTCGT-1","16","Clu",0
"GTGGTCCGTTGACGAA-1","0","Clu",0
"GTGGTCCGTTGGGTCC-1","6","Clu",0
"GTGGTTATCTAACCCT-1","8","Clu",0
"GTGTAACCACATATAG-1","7","Clu",0
"GTGTAAGGTCATGCTG-1","4","Clu",0
"GTGTAGTCAAGTGGCC-1","7","Clu",0
"GTGTAGTCAATGTATG-1","15","Clu",0
"GTGTCCTCAATTAGGC-1","3","Clu",0
"GTGTGAGAGCATGTGC-1","2","Clu",0
"GTGTGAGAGCCATCAA-1","3","Clu",0
"GTGTGAGAGCGAGCTT-1","3","Clu",0
"GTGTGAGAGGCACATC-1","4","Clu",0
"GTGTGGCCAATAGCAC-1","0","Clu",0.865373927159306
"GTGTGGCCACCATCTA-1","2","Clu",0
"GTGTGGCCATTCATGT-1","0","Clu",0
"GTGTGTTGTAGCGCCT-1","16","Clu",0
"GTGTGTTGTTAGTCGT-1","11","Clu",0
"GTGTTACGTTGTCATA-1","5","Clu",0
"GTGTTAGTCGACTGGT-1","7","Clu",0
"GTGTTCAAGCGATGAG-1","12","Clu",0
"GTGTTCCCAGTTGGGC-1","9","Clu",0
"GTTAACTAGTCAAGGG-1","11","Clu",0
"GTTAAGCCATGATTAG-1","0","Clu",0
"GTTAAGGGTAAGCTAG-1","2","Clu",0
"GTTAATGCAAATCAGC-1","1","Clu",0
"GTTACCCCAACCAGAT-1","3","Clu",0
"GTTACCCCACAGCGGT-1","1","Clu",0
"GTTACCCCAGCTCAAG-1","0","Clu",0.613227895936702
"GTTACCTTCCCATTCG-1","5","Clu",0
"GTTACTTCAAAGGAGC-1","0","Clu",0
"GTTACTTCAGTAAGGA-1","6","Clu",0
"GTTACTTCATCACGAG-1","0","Clu",0
"GTTACTTCATGCTCCG-1","8","Clu",0
"GTTAGCATCGCTCACC-1","4","Clu",0
"GTTAGCATCGTGATGC-1","1","Clu",0
"GTTAGGCTCGACCTAA-1","7","Clu",0
"GTTAGGCTCGATGATT-1","3","Clu",0
"GTTAGGCTCGTGAGGA-1","2","Clu",0
"GTTAGGGAGCGAGAGC-1","2","Clu",0
"GTTAGGTCACTCGCAT-1","11","Clu",0
"GTTAGTTAGGATTAGA-1","10","Clu",0
"GTTAGTTAGTCATTGG-1","6","Clu",0.687790556304381
"GTTATCAGTTAAGGAT-1","14","Clu",0
"GTTATCCTCTAACCAG-1","12","Clu",0
"GTTATCCTCTGGCACG-1","13","Clu",0
"GTTCAATAGGAACTGG-1","4","Clu",0
"GTTCAATAGGTAAGGT-1","0","Clu",0
"GTTCACAAGCATTCAG-1","11","Clu",0
"GTTCACAAGTAGCTCA-1","8","Clu",0
"GTTCACCCACCATACC-1","6","Clu",0
"GTTCACCCATTCAGGG-1","11","Clu",0
"GTTCACTTCGCTAATG-1","0","Clu",0
"GTTCAGGCATGGTCAG-1","1","Clu",0
"GTTCATGAGCGATAGG-1","4","Clu",0
"GTTCATTCAACCTCGT-1","2","Clu",0
"GTTCCAAAGAACCTGC-1","0","Clu",0
"GTTCCAAAGCCAGGTT-1","6","Clu",0
"GTTCCAAAGGTAGGAT-1","15","Clu",0
"GTTCCAAAGGTTGAGG-1","7","Clu",0.754659660642424
"GTTCCCTGTTAATCTG-1","9","Clu",0
"GTTCGAATCATGTCCT-1","9","Clu",0
"GTTCGATGTTCAAGCT-1","0","Clu",0
"GTTCGATGTTTGGGCC-1","0","Clu",0.933333382806464
"GTTCGTCCATAAGCAC-1","7","Clu",0
"GTTCGTCCATAATCGA-1","6","Clu",0
"GTTCGTCCATCCATCA-1","9","Clu",0
"GTTCGTTTCATCGTAG-1","2","Clu",0
"GTTCGTTTCATGCTCT-1","9","Clu",0
"GTTCGTTTCCCATTCG-1","3","Clu",0
"GTTCTAAGTGGCGTAG-1","0","Clu",0
"GTTCTAAGTTATCGCG-1","10","Clu",0
"GTTCTCACATTGGCGA-1","10","Clu",2.03572337994962
"GTTGAAGGTCATCAGT-1","8","Clu",0.912765288289678
"GTTGAAGGTTAGCATC-1","10","Clu",0
"GTTGAGGAGCTTACAG-1","8","Clu",0
"GTTGATTAGGAGTCAG-1","4","Clu",0
"GTTGCAATCTATGAGT-1","4","Clu",0
"GTTGCCCTCAGGTTGC-1","8","Clu",0
"GTTGCCCTCCGCTGAG-1","12","Clu",0
"GTTGCCCTCGTGCTCC-1","9","Clu",0
"GTTGCCTCACTATGCC-1","14","Clu",0
"GTTGCCTCAGGATCTG-1","10","Clu",0
"GTTGCTGGTATGTGTC-1","5","Clu",0
"GTTGCTGGTTATCGCG-1","7","Clu",0
"GTTGGGTTCCTCATGT-1","8","Clu",0
"GTTGTACGTTAATCCA-1","7","Clu",0
"GTTGTACGTTATCCGG-1","2","Clu",0.506437796891032
"GTTGTACGTTCGGTTG-1","12","Clu",0
"GTTGTGATCAGGCAGA-1","8","Clu",1.58124497234481
"TAAACCACAATCGCCT-1","5","Clu",0.596193031771705
"TAAACCACATCCCGTG-1","3","Clu",0
"TAAACCACATGGTAAC-1","15","Clu",0
"TAAACGAAGCCTAGCG-1","6","Clu",0
"TAAACGAAGGTATCGC-1","6","Clu",0
"TAAACGGGTTGGAGCG-1","8","Clu",0
"TAAATCGCAGTAATTG-1","2","Clu",0
"TAAATCGCATGGATCG-1","3","Clu",0
"TAAATCGCATTAGCGG-1","5","Clu",0
"TAACACTAGCCTCTGC-1","2","Clu",0
"TAACACTAGTCGAGTC-1","7","Clu",0
"TAACAGCCAGGTTACG-1","8","Clu",0
"TAACCAACAAAGGATG-1","13","Clu",0
"TAACCAACAATATCAG-1","5","Clu",0
"TAACCAACACATTGAA-1","10","Clu",0
"TAACCAACATGACGAT-1","0","Clu",0
"TAACCAACATTGCCAC-1","7","Clu",0.455799402555091
"TAACCATAGCTTAGTG-1","10","Clu",0
"TAACCCTTCTGGCCGA-1","1","Clu",0.557130731649378
"TAACCGATCACAGCGT-1","2","Clu",0
"TAACCTAGTTGCTCTC-1","4","Clu",0
"TAACGAAAGTCAGTCA-1","4","Clu",0
"TAACGAGGTAACTGCT-1","7","Clu",0.475874896353865
"TAACGAGGTGATGATG-1","12","Clu",0
"TAACGAGGTTAGACGA-1","5","Clu",0
"TAACGAGGTTGCGCGT-1","6","Clu",0
"TAACGATTCCGCTAGG-1","3","Clu",0.710329293223479
"TAACGCGCACCTCAAC-1","2","Clu",0
"TAACGGCTCAGGACGA-1","6","Clu",0
"TAACGGCTCCCATAGA-1","6","Clu",0
"TAACGGTCACAGCACA-1","3","Clu",0
"TAACGGTCATCATATC-1","14","Clu",0
"TAACGGTCATCGCTAC-1","8","Clu",0
"TAACTCCTCAGGCTTA-1","3","Clu",0
"TAACTCCTCCATCGAA-1","0","Clu",0
"TAACTCCTCGATGCAC-1","8","Clu",0
"TAACTGACATAATCTC-1","6","Clu",0
"TAACTGACATGGAATC-1","14","Clu",0
"TAACTGGTCAAGTTAC-1","2","Clu",0.715524797099931
"TAACTGGTCCATTGCT-1","2","Clu",0
"TAACTGGTCCTGATGA-1","1","Clu",0
"TAACTTGGTTGCCCAA-1","10","Clu",0
"TAAGCAAAGGATGGCA-1","2","Clu",0
"TAAGCAAAGGCGATAG-1","5","Clu",0
"TAAGCACCAAAGGTCT-1","8","Clu",0
"TAAGCACCAAGTCGGC-1","5","Clu",0.587147380878429
"TAAGCACCAGCATGGC-1","5","Clu",0
"TAAGCAGGTCTGTGTG-1","0","Clu",0
"TAAGCCATCACATAGT-1","5","Clu",0
"TAAGCCTGTATGGTGA-1","1","Clu",0
"TAAGCGAGTCTTGGGC-1","2","Clu",0
"TAAGCGAGTTCGGCGT-1","1","Clu",0.800855496464382
"TAAGCGCTCCCGTGCT-1","4","Clu",0
"TAAGGATGTTATGCTA-1","1","Clu",0.751509081859557
"TAAGGATGTTGCACTG-1","4","Clu",0
"TAAGGCGAGGATTGCC-1","2","Clu",0.548264070833696
"TAAGTCACAACGGCTA-1","1","Clu",0
"TAAGTCCGTCAGTTAC-1","13","Clu",0
"TAAGTGAAGTGAGATA-1","6","Clu",0
"TAATAGCTCGTCTAAG-1","9","Clu",0
"TAATAGCTCGTTAGCA-1","2","Clu",0
"TAATCACAGGGCTAAG-1","2","Clu",0
"TAATCAGCAGGAATGA-1","8","Clu",1.39406945218458
"TAATCAGCATGGATTA-1","4","Clu",0
"TAATCAGCATTCATGT-1","0","Clu",0
"TAATCCCTCCTGAGTA-1","10","Clu",0
"TAATCCTCAATATCCT-1","1","Clu",0
"TAATGGGGTCAGCGGA-1","2","Clu",0
"TAATGGTTCCTGACTT-1","2","Clu",0
"TAATGGTTCGATGGGA-1","2","Clu",0
"TAATGTCAGCTATCTC-1","1","Clu",0
"TAATGTCAGTCGAGAG-1","6","Clu",0
"TAATTCCCATTAGCCC-1","1","Clu",0
"TACAACTAGGCAAGGC-1","4","Clu",0
"TACAACTAGTCGCACG-1","7","Clu",0
"TACAAGGGTGAGGCTG-1","6","Clu",0
"TACAAGGGTGCACGTC-1","7","Clu",0
"TACAAGGGTGGGAACT-1","4","Clu",0
"TACAAGGGTTGTGCCA-1","1","Clu",0
"TACAATGCATTGCGCT-1","3","Clu",0
"TACACAACAGCTCAGA-1","3","Clu",0
"TACACCGGTAGCGGTG-1","0","Clu",0
"TACACCGGTGAGCCCT-1","6","Clu",0
"TACACCTTCTGGGCTG-1","0","Clu",0
"TACAGATTCCTTAGCT-1","4","Clu",0
"TACAGATTCGTTCACT-1","14","Clu",0
"TACAGCCAGATTGCCA-1","5","Clu",0
"TACAGCCAGCAATTAC-1","1","Clu",0.612937052091474
"TACAGCCAGGATCCCG-1","4","Clu",0
"TACAGCGCATGATCGG-1","0","Clu",0
"TACAGGGAGAAGCTCC-1","3","Clu",0
"TACAGTTAGATTGCCA-1","4","Clu",0
"TACAGTTAGCTGGCAT-1","12","Clu",0
"TACAGTTAGGCTCCAG-1","12","Clu",0
"TACATAGCAATGCGTG-1","9","Clu",0
"TACATAGCACTTCAGC-1","9","Clu",0
"TACATGACAGGTTCGA-1","3","Clu",0
"TACCAAGTCACCCTTG-1","3","Clu",0
"TACCAATAGCGCCACA-1","4","Clu",0
"TACCAATAGTGGCGAA-1","1","Clu",0
"TACCACAAGAAGCTAA-1","8","Clu",1.26705176809624
"TACCACAAGCCAGTCG-1","9","Clu",0
"TACCACGGTGCAGTCC-1","2","Clu",0
"TACCACGGTTTGGATC-1","6","Clu",0
"TACCAGGCATTGCCGT-1","16","Clu",1.25419337926708
"TACCATGAGTAGACTT-1","9","Clu",0
"TACCATTCAAAGGTAG-1","15","Clu",0
"TACCCATTCCTGCCAC-1","15","Clu",1.19006129893698
"TACCCCTGTCAACCTG-1","9","Clu",0
"TACCGCCTCCAACTAG-1","7","Clu",0
"TACCGTCCAGTAATCA-1","0","Clu",0
"TACCTAGAGTTAGGAA-1","13","Clu",0
"TACCTCACAATACCGG-1","2","Clu",0
"TACCTCACATCATCGC-1","3","Clu",0
"TACCTGAAGCATGCAC-1","0","Clu",0
"TACCTGAAGCCATGAC-1","1","Clu",0
"TACGAACCAAATGCAC-1","9","Clu",0
"TACGAAGGTTGCTATA-1","0","Clu",0
"TACGAGGAGCGCCAAT-1","16","Clu",0
"TACGAGGAGGTACTTG-1","3","Clu",0
"TACGCAATCCAGAGCT-1","11","Clu",0
"TACGCAATCGATGCGT-1","5","Clu",0
"TACGCAATCTATCCAC-1","13","Clu",0
"TACGCAATCTGGGATC-1","6","Clu",0
"TACGCATGTGCATTAC-1","5","Clu",0
"TACGCATGTTGTAGTC-1","4","Clu",0
"TACGCCCTCATGCCGG-1","7","Clu",0
"TACGCCTCACCTGTGT-1","7","Clu",0
"TACGCTAAGCCGCACA-1","1","Clu",0
"TACGCTAAGGTGCATC-1","0","Clu",0.884873324850699
"TACGCTGGTAGGTCGG-1","7","Clu",0
"TACGCTGGTCAAGCCC-1","13","Clu",0
"TACGCTGGTTCGTCTC-1","1","Clu",0
"TACGGTCAGCCCTTCA-1","4","Clu",0
"TACGGTCAGCCTCTGC-1","1","Clu",0
"TACGGTCAGCTGGATC-1","0","Clu",0
"TACGGTCAGCTTACAG-1","2","Clu",0
"TACGGTCAGTTACGCA-1","5","Clu",0
"TACGGTTGTCTGGTTG-1","1","Clu",0
"TACGTAGTCCCAGGCA-1","0","Clu",0
"TACGTAGTCCTGCCAC-1","2","Clu",0
"TACGTCAAGCAAGGAT-1","15","Clu",0
"TACGTCAAGCCGACAT-1","3","Clu",0
"TACGTCAAGGTTCCTT-1","7","Clu",0
"TACTACCTCACAGAGG-1","6","Clu",0
"TACTATGGTCTGGTTG-1","2","Clu",0
"TACTCATCAAGTTCCC-1","3","Clu",0
"TACTCATCATCGTTCA-1","6","Clu",0
"TACTCCACATGGCCTT-1","1","Clu",0
"TACTCCACATTCATGT-1","5","Clu",0
"TACTGATAGGTAAGGT-1","14","Clu",0
"TACTGATAGGTAGGTG-1","1","Clu",0
"TACTGTGAGAAGCGTG-1","15","Clu",0
"TACTGTGAGCATATAC-1","11","Clu",0
"TACTGTGAGCCTGATA-1","1","Clu",0
"TACTGTGAGGTCATAT-1","5","Clu",0
"TACTGTGAGTAGGTAA-1","6","Clu",0
"TACTGTTCACAAGCGC-1","12","Clu",0
"TACTGTTCATTCGCGT-1","4","Clu",0
"TACTTAGGTCAATTCA-1","1","Clu",0
"TACTTAGGTTGACGTT-1","6","Clu",0
"TACTTCATCATCACGA-1","0","Clu",0
"TACTTCATCCTTCGGC-1","4","Clu",0
"TAGCAAGGTATGGTAG-1","3","Clu",0.940888080421105
"TAGCAAGGTGAGGCTG-1","11","Clu",0
"TAGCACGCAATCGCCT-1","5","Clu",0
"TAGCAGTCATGCAGAT-1","5","Clu",0
"TAGCCAGCAAAGGTGA-1","4","Clu",0
"TAGCCAGCACTTGATT-1","5","Clu",0
"TAGCCCTCACCAATCC-1","10","Clu",0
"TAGCGAAGTTAGGCCC-1","6","Clu",0
"TAGCTAGTCTGGCCCT-1","0","Clu",0
"TAGCTCAAGCCCTTCA-1","2","Clu",0
"TAGCTCAAGGGGATCA-1","7","Clu",0
"TAGCTCAAGTGCGGTT-1","14","Clu",0
"TAGGAGTAGTTGGTGC-1","5","Clu",0
"TAGGATGGTCATGAAG-1","11","Clu",0
"TAGGCAAGTGATCAAG-1","11","Clu",0
"TAGGCAAGTTGGGCCT-1","5","Clu",0
"TAGGCCACAAGCTCTC-1","3","Clu",0
"TAGGCTTGTTGGAATG-1","11","Clu",0
"TAGGGCTTCCCCAACC-1","0","Clu",0
"TAGGGTGAGGTGCGAA-1","1","Clu",0
"TAGGGTGAGTAACGAA-1","3","Clu",0
"TAGGGTTCACCAATCC-1","4","Clu",0
"TAGGTAGGTAAGGACC-1","5","Clu",0.969818305867544
"TAGGTAGGTCTTGCCT-1","7","Clu",0
"TAGGTGAGTTGGCGCT-1","14","Clu",0
"TAGGTGGAGCAGGGTA-1","3","Clu",0
"TAGGTTACAAGCTATA-1","14","Clu",0
"TAGGTTACAGGCTATG-1","5","Clu",0
"TAGTACCGTTGGGTCC-1","5","Clu",0
"TAGTAGCCAGCTAACG-1","7","Clu",0
"TAGTCCCCAAGGGAAC-1","3","Clu",0
"TAGTGCATCGCTGGCA-1","2","Clu",0
"TAGTGGGAGCTAGCCG-1","6","Clu",0
"TAGTGGGAGGTACGTC-1","3","Clu",0
"TAGTGTTAGCGATGGA-1","4","Clu",0
"TAGTTAGCAAGGTCCA-1","2","Clu",0
"TAGTTAGCATGATATG-1","1","Clu",0
"TAGTTCCTCCAACCTT-1","8","Clu",0
"TAGTTTCCAAATGAGG-1","7","Clu",0
"TAGTTTCCAACTAGAC-1","12","Clu",0
"TAGTTTGGTTCGAGCC-1","4","Clu",0
"TAGTTTGGTTGTCTCC-1","0","Clu",0
"TATACGTAGCATGGCT-1","8","Clu",1.06735167034271
"TATACGTAGGTCCCGA-1","0","Clu",0
"TATACGTAGTCAGGAG-1","13","Clu",0
"TATAGGGGTTAGTGCT-1","3","Clu",0
"TATAGGGGTTGGATAG-1","0","Clu",0.781475661591399
"TATAGGTTCATGCACA-1","7","Clu",0
"TATAGTCAGCGCCTAG-1","1","Clu",0
"TATAGTCAGCTTCCAT-1","5","Clu",0
"TATAGTCAGGGTATCC-1","1","Clu",1.06460592068291
"TATCACCTCCAACCGG-1","2","Clu",0
"TATCACCTCCACCGTC-1","5","Clu",0
"TATCATCCAATCTCCA-1","8","Clu",1.65786388843562
"TATCCAAGTAAGGGCT-1","1","Clu",0
"TATCCAAGTATAGCAG-1","5","Clu",0
"TATCCAAGTCTCCAAG-1","7","Clu",0
"TATCCATCATCGACTC-1","13","Clu",0
"TATCCCACAAGCGGAG-1","4","Clu",0
"TATCCCACATTCGTCA-1","6","Clu",0
"TATCCGCCAATCTCTG-1","6","Clu",0
"TATCCGGGTAACCCAT-1","8","Clu",0
"TATCCGGGTAAGGACC-1","3","Clu",0
"TATCCGTTCACGTTGA-1","1","Clu",0
"TATCCGTTCTAAGCCA-1","6","Clu",0
"TATCCTTGTTGCGGAG-1","13","Clu",0.527184217242477
"TATCGAACATTAGCGG-1","4","Clu",0
"TATCGCTTCCCGCTGT-1","8","Clu",0
"TATCGCTTCCGCGTCT-1","2","Clu",0
"TATCGGGCATGGTATA-1","5","Clu",0
"TATCGTAGTTGACTCG-1","10","Clu",0
"TATCGTTCAAGCTATA-1","2","Clu",0
"TATCTCATCCATCTAC-1","3","Clu",0
"TATCTGCTCCCATGCC-1","9","Clu",0.757536982277673
"TATCTGCTCGTGCGTG-1","4","Clu",0
"TATCTTGTCCGTGCAG-1","12","Clu",0
"TATGACTAGAAGGTGT-1","1","Clu",0
"TATGAGAAGTGGCTCG-1","14","Clu",0
"TATGATGCATCCATAT-1","10","Clu",0
"TATGCAACACCAGGAC-1","3","Clu",0
"TATGCAACATCCTGCG-1","7","Clu",0
"TATGCTAGTTCGCAGC-1","0","Clu",0
"TATGGCCAGCCGACCA-1","5","Clu",0
"TATGGCCAGGTTGCTA-1","1","Clu",0
"TATGGTTAGGAACTGG-1","7","Clu",0
"TATGGTTAGGCTACCG-1","14","Clu",0
"TATGGTTAGGGGATTG-1","2","Clu",0
"TCAAAGCCATGGATAC-1","8","Clu",0
"TCAAATGCACCTTCCC-1","0","Clu",0
"TCAAATGCAGGGACGA-1","5","Clu",0.621448848126377
"TCAAATGCATTCCTCT-1","4","Clu",0
"TCAACATAGTGAAGCG-1","6","Clu",0
"TCAACCAAGTATGAGA-1","4","Clu",0
"TCAACCTTCAAGTCCA-1","2","Clu",0
"TCAATCCTCATCATCC-1","5","Clu",0
"TCAATCTCATCCTCGG-1","1","Clu",0
"TCAATTGGTTCGGGCT-1","0","Clu",0
"TCACAATAGGTGGACA-1","7","Clu",0
"TCACACAAGCTTAACG-1","0","Clu",0
"TCACACCCAGTACCAG-1","0","Clu",0
"TCACAGGCAATCTATC-1","12","Clu",0
"TCACATAGTGGGTCTC-1","1","Clu",0
"TCACATAGTTACACTA-1","0","Clu",0
"TCACATGAGGCATTCA-1","5","Clu",0
"TCACATGAGGTATAGA-1","6","Clu",0
"TCACATTCAAGCTCAG-1","1","Clu",0
"TCACATTCAGGGCTTA-1","0","Clu",0
"TCACCAAAGTTAGCGC-1","2","Clu",0.670539706274946
"TCACCATTCCGGATAC-1","9","Clu",0
"TCACCCTGTGAAGGAG-1","4","Clu",0
"TCACGAATCCCGCTTA-1","6","Clu",0
"TCACGACAGCTATCCT-1","10","Clu",1.97938681173799
"TCACGATGTCAAGGGT-1","3","Clu",0
"TCACGCCTCATCGTCT-1","4","Clu",0
"TCACGCCTCATGTAAC-1","9","Clu",0
"TCACGGACACAGGGCT-1","0","Clu",0
"TCACGGACAGGTTCCT-1","0","Clu",0
"TCACGGACAGGTTGGC-1","11","Clu",0
"TCACGGACAGTTAGGT-1","6","Clu",0.962857849555641
"TCACGTAAGCCATTGA-1","4","Clu",0
"TCACGTAAGGATTAGA-1","6","Clu",0
"TCACGTAAGGGTAGCA-1","2","Clu",0
"TCACGTAAGTACGGGA-1","7","Clu",0
"TCACGTAAGTGAGCCT-1","7","Clu",0
"TCACGTCCAACCGTAG-1","6","Clu",0
"TCACGTCCAGGCAAGG-1","8","Clu",0
"TCACGTTTCGTGAGAG-1","0","Clu",0
"TCACTCACACCATGCT-1","5","Clu",0
"TCACTCACAGGGACTC-1","5","Clu",0
"TCACTGTTCGAATCCA-1","9","Clu",0
"TCACTGTTCGTGAGTC-1","4","Clu",0
"TCACTTATCGTTCACT-1","14","Clu",0
"TCAGAGGAGCAAGTCC-1","10","Clu",1.5754438385365
"TCAGAGGAGGTTACGC-1","3","Clu",0
"TCAGCATGTAACCACT-1","7","Clu",0
"TCAGCATGTCTTGGTG-1","2","Clu",0
"TCAGCCAGTCTCAGTG-1","8","Clu",0
"TCAGCTAAGTAGTGCC-1","1","Clu",0
"TCAGGTCAGGGTATCC-1","14","Clu",0
"TCAGGTTGTCATCCCT-1","0","Clu",0
"TCAGGTTGTGCGGTCT-1","8","Clu",0
"TCAGTATAGGTAAGCG-1","4","Clu",0
"TCAGTATAGGTAGTAA-1","4","Clu",0
"TCAGTATAGTGACGGA-1","1","Clu",0
"TCAGTCAAGATAGGTA-1","0","Clu",0
"TCAGTCAAGTCAGGTC-1","5","Clu",0
"TCAGTTAGTAAGCCAA-1","0","Clu",0
"TCATAGGTCCATGCCC-1","7","Clu",0
"TCATAGGTCCGTAGCG-1","6","Clu",0
"TCATAGGTCCTCTCGA-1","13","Clu",0
"TCATATGGTTGACGCC-1","2","Clu",0
"TCATCATCAACGGCTA-1","1","Clu",0
"TCATCGAAGTACCATG-1","0","Clu",0
"TCATCGCCAAGCTGGC-1","14","Clu",0
"TCATCTATCATACAGT-1","7","Clu",0
"TCATCTATCATGGCTA-1","7","Clu",0.55525801944066
"TCATCTATCGCTCTGC-1","9","Clu",0
"TCATGCTTCACGTACA-1","2","Clu",0
"TCATGCTTCCAGGTTA-1","4","Clu",0
"TCATGCTTCCATAGTG-1","4","Clu",0
"TCATGGATCAGGACTC-1","2","Clu",0
"TCATGGATCCATCAAG-1","10","Clu",0
"TCATGGATCGATAGCC-1","2","Clu",0
"TCATGGATCGTTACCT-1","1","Clu",0
"TCATGGGCATTCCTAG-1","4","Clu",0
"TCATGTGAGCTGGTTA-1","2","Clu",0
"TCATGTTCACTAGCTC-1","5","Clu",0
"TCATTAGGTAAGCGTA-1","0","Clu",0
"TCATTAGGTCTAAGCT-1","0","Clu",0
"TCATTCATCACATGCA-1","4","Clu",0
"TCATTCATCTAGCCAA-1","7","Clu",0.637015312979844
"TCATTCGCAAAGGACA-1","10","Clu",0
"TCATTCGCACCATCTA-1","14","Clu",0
"TCATTCGCAGTTGCCT-1","3","Clu",0
"TCATTGCTCACAGGTC-1","1","Clu",0
"TCATTGCTCACCACTT-1","13","Clu",0
"TCATTGCTCGATGATT-1","14","Clu",0
"TCATTGCTCTAGCTTC-1","7","Clu",0.513156439802724
"TCCAAAGTCGCTCACC-1","10","Clu",0
"TCCAACCCACTTGGTC-1","7","Clu",0
"TCCAACTTCAGTATGT-1","2","Clu",0
"TCCAACTTCTGGGCAT-1","3","Clu",0
"TCCAATAGTGAGCCAG-1","1","Clu",0
"TCCAATGAGCCACATA-1","7","Clu",0
"TCCAATGAGGATCCGT-1","1","Clu",0
"TCCAATGAGTGAGTCC-1","1","Clu",0
"TCCAATGAGTTAGCTG-1","0","Clu",0
"TCCAATGAGTTGCTGA-1","1","Clu",0
"TCCAATTCAGTACTAA-1","3","Clu",0
"TCCAATTCATAGGGTT-1","3","Clu",0
"TCCAATTCATTAGGCG-1","3","Clu",0
"TCCACACCAACTAGCG-1","1","Clu",0
"TCCACATTCTAGCTCT-1","3","Clu",0
"TCCACCGCAACCAAGT-1","2","Clu",0
"TCCACCGCATAGAGCT-1","0","Clu",0
"TCCACTTAGGCGTAGA-1","4","Clu",0
"TCCAGCTCAAATCCAA-1","5","Clu",0
"TCCAGCTCAAGCTCCT-1","5","Clu",0
"TCCAGGTAGGGGATTG-1","10","Clu",0
"TCCAGGTAGGTAATCT-1","15","Clu",0
"TCCAGTAAGCCCTGTC-1","0","Clu",0
"TCCATAGAGGTTAGGG-1","14","Clu",0
"TCCATCCGTAATCGTC-1","6","Clu",0
"TCCATGAAGCGATGTC-1","0","Clu",0
"TCCATGGGTGGAAGTC-1","14","Clu",0
"TCCATTGCAATGTCGG-1","0","Clu",0
"TCCATTGCAGGTAGTT-1","11","Clu",0
"TCCATTGCATAATCAG-1","9","Clu",0
"TCCCAACCAACGTGAT-1","8","Clu",1.72747279906799
"TCCCAACCAAGGTGCC-1","2","Clu",0
"TCCCAACCAATCCTCA-1","0","Clu",0
"TCCCAACCATTCATCG-1","13","Clu",0
"TCCCAAGGTCAACCAT-1","15","Clu",0
"TCCCAAGGTGCGGTCT-1","2","Clu",0
"TCCCAGCTCCCTGGCT-1","5","Clu",0
"TCCCCAATCGACTTGA-1","1","Clu",0
"TCCCCTAAGGATTCAT-1","2","Clu",0
"TCCCCTGGTGAGGTGT-1","7","Clu",0
"TCCCCTGGTGATGACA-1","12","Clu",0
"TCCCCTGGTTGGTCAT-1","10","Clu",0
"TCCCGAAGTTCGTCCT-1","2","Clu",0
"TCCCGATCAGTTAGTA-1","5","Clu",0
"TCCCGTTGTATAGCTC-1","3","Clu",0
"TCCCTCAAGGTAGGCA-1","4","Clu",0
"TCCCTCAAGTGAGGAT-1","5","Clu",0
"TCCCTTAGTTCGGCTA-1","0","Clu",0
"TCCCTTGAGCGGTTAC-1","6","Clu",0
"TCCTAATCAACTTACT-1","1","Clu",0
"TCCTAATCAAGCGTTG-1","1","Clu",0
"TCCTAATCATGAAGTC-1","10","Clu",0
"TCCTAGAAGGAGGCAC-1","6","Clu",0
"TCCTAGAAGGATTACT-1","3","Clu",0
"TCCTAGAAGTAGAGGT-1","3","Clu",0
"TCCTATATCACGGAAG-1","9","Clu",0
"TCCTATTGTAATCGCT-1","1","Clu",0
"TCCTCAACAAATCCAA-1","9","Clu",0
"TCCTCGATCCATCACT-1","14","Clu",0
"TCCTCTTCAACTTCGC-1","12","Clu",0
"TCCTCTTCAATCAGGT-1","5","Clu",0.597146459306932
"TCCTCTTCAGGGCAGA-1","11","Clu",0
"TCCTGACCAGGGACGA-1","6","Clu",0
"TCCTGGTCAATGTATG-1","3","Clu",0
"TCCTGGTCATAGGGCC-1","5","Clu",0
"TCCTGTTAGCATGGTC-1","1","Clu",0.594113752191766
"TCCTGTTAGGGGATTG-1","3","Clu",0
"TCCTTAATCAGCAGAG-1","5","Clu",0
"TCCTTATGTGGACCGA-1","5","Clu",0
"TCCTTCTCAAGCGTAT-1","5","Clu",0
"TCCTTGGTCATCTGTC-1","2","Clu",0
"TCCTTTGGTATGGTCT-1","8","Clu",0
"TCGAATGTCCCGCTGT-1","4","Clu",0
"TCGACACAGGTGCGAA-1","12","Clu",0
"TCGACACAGTTAGGCC-1","0","Clu",0
"TCGACCAGTGGGTACG-1","12","Clu",0
"TCGACCTCAATATCCT-1","4","Clu",0
"TCGACCTCATAAGGTC-1","10","Clu",0
"TCGACCTCATAGGCGC-1","1","Clu",0.538312866028544
"TCGACGTAGCTGGAAG-1","7","Clu",0
"TCGACTAAGGGGATGC-1","2","Clu",0
"TCGAGGTTCTATGTGG-1","13","Clu",0
"TCGATAGTCTAGTGCA-1","11","Clu",0
"TCGATATAGGTAAGTA-1","0","Clu",0
"TCGATATAGTTACCGA-1","5","Clu",0
"TCGATCAAGGTAATCT-1","9","Clu",1.00841410015033
"TCGATCAAGTTGCGAC-1","1","Clu",0
"TCGATTGAGGCGCATT-1","8","Clu",0
"TCGCAAATCCTCAGTT-1","1","Clu",0
"TCGCAAATCGACCTGG-1","0","Clu",0
"TCGCAAATCGAGCACT-1","2","Clu",0
"TCGCAAATCTGGGAAG-1","6","Clu",0
"TCGCAACAGGTGACAG-1","10","Clu",0
"TCGCACCTCGCGCCAA-1","2","Clu",0
"TCGCAGACAAACCATA-1","14","Clu",0
"TCGCAGACAATACTTC-1","5","Clu",0
"TCGCATAAGCGCTACG-1","6","Clu",0
"TCGCATAAGCTGGCTG-1","3","Clu",0.753110645327503
"TCGCATGGTAGTCAAG-1","9","Clu",0
"TCGCCATCACATTAAG-1","14","Clu",0
"TCGCCTATCCATTACC-1","2","Clu",0
"TCGCCTGCAATTAACG-1","0","Clu",0
"TCGCCTTGTTTGGTGT-1","15","Clu",3.04072087450608
"TCGCGATAGCCAGTCG-1","9","Clu",0
"TCGCGATAGTGATTCG-1","5","Clu",0.846004715774178
"TCGCGCAAGATAGGGT-1","13","Clu",0
"TCGCGGATCGACATCA-1","5","Clu",0
"TCGCTAAAGAAGCCCT-1","9","Clu",0
"TCGCTAAAGCTACGAC-1","4","Clu",0
"TCGCTAGGTGGAGCAT-1","0","Clu",0
"TCGCTCGCAATTCATC-1","0","Clu",0
"TCGCTCGCAGCCATTC-1","0","Clu",0
"TCGCTCTGTGATCCTG-1","5","Clu",0
"TCGCTCTGTGCGTAGG-1","1","Clu",0
"TCGCTCTGTTCGGCTA-1","1","Clu",0
"TCGCTGCTCATCAGTG-1","10","Clu",0
"TCGCTTACAAGCTTAA-1","7","Clu",0
"TCGCTTGTCCATCACT-1","3","Clu",0
"TCGGCAACATAACCGG-1","6","Clu",0
"TCGGCCAAGTGCCAGT-1","2","Clu",0
"TCGGCTAGTTATGGAG-1","15","Clu",0
"TCGGCTGAGCTTACTC-1","8","Clu",0
"TCGGGCATCCAGCAAC-1","3","Clu",0
"TCGGGGTCAATGGGCC-1","3","Clu",0
"TCGGGTTAGCTAGGGA-1","12","Clu",0
"TCGGTAATCGCGACTG-1","3","Clu",0
"TCGGTCAGTGAGGATC-1","0","Clu",0
"TCGGTCAGTGAGTTGA-1","2","Clu",0
"TCGGTTAAGAACGGAT-1","13","Clu",0.503442898835206
"TCGGTTAAGGTACTAT-1","5","Clu",0
"TCGTAATAGCATGACC-1","5","Clu",0
"TCGTAATAGGATGGTG-1","11","Clu",0
"TCGTACGGTAATCGTC-1","4","Clu",0
"TCGTACTTCGAATGAA-1","15","Clu",0
"TCGTACTTCGATGAGG-1","1","Clu",0
"TCGTCAAAGTGCCCAG-1","0","Clu",0
"TCGTCATTCCATCGTT-1","0","Clu",0
"TCGTCCATCGTTACAG-1","7","Clu",0
"TCGTGCCTCCCAATCT-1","6","Clu",0
"TCGTGCCTCGCGCGTA-1","0","Clu",0
"TCGTGCCTCTCATTGC-1","7","Clu",0
"TCGTGTCCACTCAACC-1","11","Clu",0
"TCGTTGAAGCTGGGTT-1","0","Clu",0.86633119627402
"TCGTTGAAGGGTACTC-1","7","Clu",0
"TCGTTGAAGGTCGAAG-1","6","Clu",0
"TCGTTGGGTAGTCCGC-1","7","Clu",0
"TCGTTTCAGGTCAACC-1","7","Clu",0
"TCGTTTCAGTAACCGC-1","2","Clu",0
"TCGTTTGCAAGCGTGC-1","7","Clu",0
"TCTAACCTCCATGACA-1","2","Clu",0
"TCTAACCTCCGTAGTA-1","2","Clu",0
"TCTAAGGTCCGGTAGT-1","16","Clu",0
"TCTAATCCATAGGTGT-1","0","Clu",0.622207501637815
"TCTAATCCATTCGGGA-1","1","Clu",0
"TCTACAAGTTGACCAT-1","4","Clu",0
"TCTACGAAGTTGGGTC-1","2","Clu",0
"TCTACGCCAGCTCACT-1","2","Clu",0
"TCTACGCCAGGCTAAT-1","7","Clu",0
"TCTACGTTCGCTAGTA-1","10","Clu",0
"TCTACTTGTAGTTGGA-1","7","Clu",0
"TCTACTTGTATGTGTC-1","8","Clu",0
"TCTACTTGTTTCCTAT-1","6","Clu",0
"TCTAGCGGTGCAGGCA-1","1","Clu",0.65665575103272
"TCTAGCTTCCGTAGGT-1","3","Clu",0
"TCTAGCTTCCTGCACC-1","1","Clu",0
"TCTATAGGTTTCCGCT-1","6","Clu",0
"TCTATCTGTAGTGTGA-1","10","Clu",0
"TCTATCTGTCAGGAGT-1","12","Clu",0
"TCTATGCTCATCTGGA-1","11","Clu",0
"TCTATGCTCCAATGTG-1","11","Clu",0
"TCTATGCTCGCGTGAT-1","3","Clu",0
"TCTATGGAGCGGTGAA-1","8","Clu",0
"TCTATTGTCCAGGGAA-1","10","Clu",0
"TCTCAATCAAACTCGG-1","14","Clu",0
"TCTCAATCAACCGGAC-1","7","Clu",0
"TCTCAATCAGGGCCAT-1","6","Clu",0
"TCTCACTAGAACCATT-1","11","Clu",0
"TCTCATTGTCTTGCTC-1","10","Clu",0
"TCTCCAACATCCTGCG-1","6","Clu",0
"TCTCCAACATGGTCGA-1","7","Clu",0
"TCTCGAGGTATAGCGA-1","8","Clu",0
"TCTCGAGGTCTAGGAA-1","1","Clu",0
"TCTCGCATCACACCGG-1","6","Clu",0
"TCTCGCATCCATTCCG-1","0","Clu",0
"TCTCGCATCCGTGCAG-1","4","Clu",0
"TCTCGGCTCGTACTTC-1","6","Clu",0
"TCTCGTTAGGTAATTC-1","5","Clu",0
"TCTCTAGCATTCGTAT-1","10","Clu",0
"TCTCTAGCATTCGTGC-1","0","Clu",0
"TCTCTATGTCAGGAAC-1","8","Clu",0
"TCTCTCCTCGCTGACG-1","12","Clu",0
"TCTCTGGTCTATGCTC-1","8","Clu",0
"TCTGACAAGCTAGTGC-1","3","Clu",0
"TCTGAGGCATGATTGA-1","5","Clu",0
"TCTGATAGTAGCCTCA-1","4","Clu",0
"TCTGATGAGCGGCATT-1","2","Clu",0
"TCTGCATTCACTAGCA-1","5","Clu",0
"TCTGCATTCCAATGCA-1","2","Clu",0
"TCTGCGAGTGCGATGG-1","2","Clu",0.509947169788401
"TCTGCGGAGTCGCATA-1","3","Clu",0
"TCTGCGGAGTGATTAC-1","2","Clu",0
"TCTGGATGTGACCGAG-1","7","Clu",0
"TCTGGCCTCCATTAGG-1","7","Clu",0.48067749774992
"TCTGGCCTCCCAATTC-1","4","Clu",0
"TCTGGCTCAATCCTAT-1","5","Clu",0
"TCTGGCTCATAGACCG-1","6","Clu",0
"TCTGGGACAATAGTTG-1","5","Clu",0
"TCTGGGCGTGAGGAGA-1","11","Clu",0
"TCTGGGCGTTCCCGAA-1","0","Clu",0.978750682319483
"TCTGGGCGTTCCGGGT-1","4","Clu",0
"TCTGGGCGTTCCTTGC-1","0","Clu",0
"TCTGGGGTCACTTCGT-1","1","Clu",0
"TCTGGGGTCCCTGTAT-1","4","Clu",0
"TCTGGGTAGTAGCAGG-1","3","Clu",0
"TCTGGTAAGCATATCG-1","9","Clu",0
"TCTGGTAAGTGGGTCT-1","12","Clu",0
"TCTGTAAGTGCGCAAG-1","0","Clu",0
"TCTGTCCGTTGTAGAG-1","11","Clu",0
"TCTGTCCGTTTAGTTG-1","11","Clu",0
"TCTGTGAAGATTGAGA-1","13","Clu",0
"TCTGTTGCAAGCCATG-1","8","Clu",0
"TGAAACCCATGACACG-1","3","Clu",0
"TGAAACCCATGGTCGA-1","13","Clu",0
"TGAAACTTCATGGTTG-1","3","Clu",0
"TGAACAGGTTTCCGCT-1","0","Clu",0
"TGAACATTCGTGATAT-1","12","Clu",0
"TGAACCATCGCATGAC-1","13","Clu",0
"TGAACCCAGCCCTTGC-1","2","Clu",0
"TGAACCGCAAAGGAAT-1","1","Clu",0
"TGAACCGCATGGTCAG-1","10","Clu",0
"TGAATAGAGCAAGTGG-1","4","Clu",0
"TGAATAGAGTTACGGC-1","4","Clu",0
"TGAATCCGTAAGTCAG-1","1","Clu",0
"TGAATCCGTCTAGGAA-1","7","Clu",0
"TGAATTGCATTCAGGG-1","5","Clu",0
"TGAATTGCATTCGTAT-1","2","Clu",0
"TGACACGCAAGCGTGC-1","8","Clu",0
"TGACCAATCCACCTTG-1","1","Clu",0
"TGACCAATCGTCTCCA-1","7","Clu",0
"TGACCAGCACTAGCAG-1","16","Clu",0
"TGACCCAGTTAGAGCA-1","9","Clu",0
"TGACCCTCAAATCATG-1","9","Clu",0
"TGACCCTCAAATCGCG-1","2","Clu",0
"TGACCCTCACTTCGCG-1","8","Clu",0
"TGACCTAAGGGTTGGA-1","8","Clu",1.72614261478103
"TGACGAAGTAATGGGC-1","4","Clu",0
"TGACGAAGTGCATTAC-1","2","Clu",0
"TGACGTTGTGCAGGAT-1","8","Clu",0
"TGACTCCCATGGTTAA-1","14","Clu",0
"TGACTGATCTTGATGG-1","8","Clu",1.57422904156658
"TGAGAACAGAAGCATA-1","6","Clu",0
"TGAGAATGTTGGGCAG-1","2","Clu",0
"TGAGATGGTGACGATA-1","2","Clu",0
"TGAGATGGTGCGCAAG-1","6","Clu",0
"TGAGATGGTTGCGGCT-1","12","Clu",0
"TGAGCAAGTCTAAGTC-1","3","Clu",0.463562275963095
"TGAGCAAGTTCCTCGT-1","3","Clu",0
"TGAGCATCAATTACCT-1","5","Clu",0
"TGAGCATCATCGGGAC-1","2","Clu",0
"TGAGCCACATGACCTC-1","13","Clu",0
"TGAGCCACATGATAGC-1","6","Clu",0
"TGAGCCCGTAGCAGTA-1","2","Clu",0
"TGAGCCCGTTTACGGT-1","0","Clu",0
"TGAGCGCCATGACTAA-1","2","Clu",0
"TGAGCGGGTTCAAGTC-1","6","Clu",0
"TGAGCTATCCGCTACC-1","8","Clu",2.00564269809515
"TGAGCTATCCTGTATC-1","4","Clu",0
"TGAGCTGCATGATCCC-1","2","Clu",0
"TGAGCTGCATTAGAGC-1","4","Clu",0
"TGAGCTTGTCTGTCCT-1","2","Clu",0
"TGAGGCAAGCGCCTTC-1","2","Clu",0
"TGAGGCAAGGTGCTGT-1","12","Clu",0
"TGAGGCAAGTGCTGAC-1","0","Clu",0
"TGAGGCTTCAATGTAC-1","2","Clu",0
"TGAGGGATCTCATCGT-1","8","Clu",0
"TGAGGTAGTTCCCATC-1","1","Clu",0
"TGAGGTAGTTTGCGGC-1","3","Clu",0
"TGAGGTGAGCATGATT-1","4","Clu",1.93198329352362
"TGAGGTGAGCGATAGG-1","3","Clu",0
"TGAGGTGAGGTGACAG-1","1","Clu",0
"TGAGGTGAGTAGTTCG-1","4","Clu",0
"TGAGGTTCAAGTGAGA-1","1","Clu",0
"TGAGGTTCAGCCTATC-1","9","Clu",0
"TGAGTAAAGGCTTGGT-1","11","Clu",0.723741801074515
"TGAGTAGGTAATGACG-1","2","Clu",0
"TGAGTAGGTAGTCCTG-1","6","Clu",0
"TGAGTAGGTTTCCTTG-1","11","Clu",0
"TGAGTCGCAGGTAATC-1","10","Clu",0
"TGAGTCGCATGCTCCG-1","12","Clu",0
"TGAGTCTGTGGCAGCA-1","13","Clu",0
"TGAGTCTGTTAGCGAA-1","1","Clu",0
"TGAGTTACAAGTATCA-1","1","Clu",0
"TGATAGAAGCAAGCGA-1","8","Clu",0
"TGATAGAAGGAGGTTG-1","13","Clu",0
"TGATCCGGTAATGCGA-1","1","Clu",0
"TGATCCGGTAGTAGCA-1","9","Clu",1.27424255217057
"TGATCCGGTCAGGGCA-1","3","Clu",0
"TGATCCGGTTTGGTCG-1","5","Clu",0
"TGATGAAAGCGAGTAG-1","5","Clu",0
"TGATGCCAGCCAGTCG-1","1","Clu",0
"TGATGTTAGCCCTTCA-1","11","Clu",0
"TGATGTTAGTATGTCG-1","2","Clu",0
"TGATTAGCAACTGCGA-1","6","Clu",0
"TGATTGGTCACTAGCA-1","4","Clu",0
"TGATTGGTCAGGATGG-1","10","Clu",0
"TGATTTCCAATCTGCC-1","11","Clu",0
"TGATTTGGTAACTCCG-1","3","Clu",0
"TGATTTGGTCAGGGCA-1","9","Clu",0
"TGATTTGGTCTTGATA-1","2","Clu",0.652350103691644
"TGCAAACCACTTCGAC-1","3","Clu",0
"TGCAAACCAGGCTACA-1","11","Clu",0.658583330362765
"TGCAAAGGTGGGAACT-1","0","Clu",0
"TGCAAAGGTTGTGATC-1","1","Clu",0
"TGCAAAGGTTTGGACT-1","13","Clu",0
"TGCAAATTCACTATGG-1","5","Clu",0
"TGCAAATTCGTGCCCT-1","7","Clu",0
"TGCAATGTCGAACGAG-1","1","Clu",0
"TGCAATTAGCTACGGT-1","9","Clu",0
"TGCAATTAGGTTCAAT-1","13","Clu",0
"TGCACAATCCCCATGC-1","2","Clu",1.09555499531238
"TGCACAATCGAGTCCG-1","5","Clu",0
"TGCACAATCGCGATTA-1","7","Clu",0.485291567874258
"TGCACCCTCCCGCTAC-1","8","Clu",1.33736373764831
"TGCACCCTCGCGTGAT-1","6","Clu",0
"TGCACCTCATGCTTCA-1","5","Clu",0
"TGCACGTAGGTACCAC-1","7","Clu",0
"TGCAGGCCAACTACGG-1","1","Clu",0
"TGCAGGCCACCTTCAA-1","5","Clu",0
"TGCAGGCCATAATCTC-1","16","Clu",0
"TGCAGGTTCCAGCCCT-1","0","Clu",0
"TGCAGGTTCGTAATGT-1","1","Clu",0
"TGCATAGTCATGCTAG-1","6","Clu",0
"TGCATATAGGATCTCA-1","15","Clu",0
"TGCATCAAGCCTGAAC-1","5","Clu",0
"TGCATCCCACAGGCAC-1","15","Clu",0
"TGCATCCCAGGTAATC-1","8","Clu",0
"TGCATTAGTTGGTAGA-1","6","Clu",0
"TGCATTGAGTAACGGG-1","14","Clu",0
"TGCATTTCAAATGCCG-1","3","Clu",0
"TGCATTTCAACGGGTC-1","0","Clu",0
"TGCATTTCAAGCTGGC-1","4","Clu",0
"TGCATTTCATAGGCGC-1","1","Clu",0
"TGCATTTCATAGGTGT-1","1","Clu",0
"TGCATTTCATTACCGC-1","4","Clu",0
"TGCATTTCATTAGACA-1","5","Clu",0
"TGCCAGGTCACCTAAG-1","2","Clu",0
"TGCCAGTAGCCATCAA-1","5","Clu",0
"TGCCAGTAGCCCTGAG-1","14","Clu",0
"TGCCATCCAGGCAGTC-1","0","Clu",0
"TGCCATTTCACGGCTG-1","11","Clu",0
"TGCCATTTCGTGAATT-1","7","Clu",0
"TGCCCGAAGCGGTCTG-1","5","Clu",0
"TGCCCGAAGGTCGATC-1","6","Clu",0.670913301886704
"TGCCCGAAGGTTACTG-1","4","Clu",0
"TGCCCGTTCACGTTGA-1","0","Clu",0
"TGCCCGTTCGTTAGGC-1","7","Clu",0
"TGCCGAACAGCTACTC-1","2","Clu",0.525426827290467
"TGCCGCTTCACTCCAT-1","8","Clu",0
"TGCCGCTTCGAACCCG-1","3","Clu",0.657147739476157
"TGCCGTAGTGCAACGG-1","6","Clu",0
"TGCCGTGAGCGCATGT-1","2","Clu",0
"TGCCGTGAGGAATCAA-1","14","Clu",0
"TGCCGTTCATAATCTC-1","4","Clu",0
"TGCCGTTCATGATCCC-1","0","Clu",0
"TGCCTAAAGCATCTCT-1","8","Clu",2.28109034946334
"TGCCTAAAGCCTGATA-1","1","Clu",0
"TGCCTAAAGTGAACGG-1","5","Clu",0
"TGCCTAGGTTTACGGT-1","1","Clu",0
"TGCCTCGCAAAGGATG-1","0","Clu",0.935397933011595
"TGCCTCTGTCAACTGT-1","4","Clu",0
"TGCCTGCTCCCGCAAG-1","1","Clu",0
"TGCCTGCTCCTCTAGT-1","15","Clu",0
"TGCCTGCTCGTGCCTC-1","9","Clu",0
"TGCCTTTAGTCGATTG-1","9","Clu",0
"TGCGAAAGTTGAGCTT-1","6","Clu",0
"TGCGAAAGTTGCTGTG-1","10","Clu",0
"TGCGACCGTTCGTGAT-1","4","Clu",0
"TGCGACTAGGTTCACA-1","3","Clu",0
"TGCGAGGGTTAAGGGC-1","7","Clu",0
"TGCGATTGTCATCCCT-1","6","Clu",0
"TGCGGCTGTAAGTGTG-1","11","Clu",0
"TGCGGCTGTTGCGACC-1","3","Clu",0.808645355533459
"TGCGGGTCACAGCGAC-1","11","Clu",0
"TGCGGTTAGGTCAAGG-1","3","Clu",0
"TGCGTAATCATGGTGC-1","5","Clu",0
"TGCGTAATCGACATCA-1","0","Clu",0
"TGCGTAATCGATCAAT-1","13","Clu",0
"TGCTAACGTAAGTTGG-1","9","Clu",0
"TGCTAACGTCTCCATC-1","8","Clu",1.23952942733293
"TGCTAAGTCATCAGTG-1","10","Clu",0
"TGCTAAGTCGTGATGC-1","4","Clu",0
"TGCTACAAGCGACTAC-1","0","Clu",0
"TGCTACCCAAGCCTGA-1","15","Clu",0
"TGCTACCCATCAATTC-1","6","Clu",0
"TGCTATAGTCAATCCG-1","10","Clu",0
"TGCTATGAGAACCTTG-1","3","Clu",0
"TGCTCAAAGTAGAGGT-1","11","Clu",0
"TGCTCACCAAACTATG-1","1","Clu",0
"TGCTCACCAAAGGTCT-1","1","Clu",0
"TGCTCCATCGCTTGCC-1","8","Clu",0
"TGCTCCGCAAGCCAAT-1","4","Clu",0
"TGCTCCGCATTCGTGC-1","4","Clu",0
"TGCTCGCTCCTTCGGC-1","1","Clu",0.645417389795651
"TGCTGGACAAGGTAAG-1","2","Clu",0
"TGCTGGACAATGTATG-1","7","Clu",0
"TGCTGGACAATTACAG-1","0","Clu",0
"TGCTGGACATCACTTG-1","6","Clu",0
"TGCTGTCCAAGCACAT-1","12","Clu",0
"TGCTTAAGTAAGTACG-1","2","Clu",0
"TGCTTAAGTGACGACG-1","6","Clu",0
"TGCTTAGAGGTAGGCA-1","2","Clu",0
"TGCTTAGAGTGAGCGA-1","3","Clu",0
"TGCTTCACAAGCTGTG-1","4","Clu",0
"TGCTTCACATGACACG-1","1","Clu",0
"TGGAACCTCAGGGACA-1","8","Clu",1.63155982952137
"TGGAACCTCGCTAGAC-1","9","Clu",0.71366019173824
"TGGACAAGTAGCTAAG-1","0","Clu",0
"TGGACATCACAGGGTC-1","8","Clu",1.88883661405088
"TGGACGAAGGTCGTAC-1","0","Clu",0
"TGGACGAAGTCATCAG-1","1","Clu",0
"TGGACGTTCCATAGAT-1","8","Clu",0
"TGGACTATCTAAGCGC-1","11","Clu",0
"TGGACTCAGATTGAAG-1","8","Clu",0
"TGGACTCAGCTAAGGG-1","1","Clu",0
"TGGAGCAAGTCAGGGA-1","14","Clu",0
"TGGAGCGGTAGTCATC-1","6","Clu",0
"TGGAGGATCCCGCGTT-1","16","Clu",0
"TGGAGTAGTGCGGAAT-1","2","Clu",0
"TGGAGTAGTGGCCAGA-1","8","Clu",1.68701849187099
"TGGAGTAGTTAGGGAC-1","1","Clu",0
"TGGAGTGAGGAGGCTA-1","10","Clu",0
"TGGAGTGAGGTAACGG-1","3","Clu",0
"TGGATATTCTAGGCGT-1","5","Clu",0
"TGGATGGAGGTCATTG-1","0","Clu",0
"TGGATGGAGTCAGTGC-1","5","Clu",0
"TGGATTGTCGACTTGA-1","6","Clu",0
"TGGCACTAGAACGAGT-1","1","Clu",0
"TGGCACTAGGATCTAT-1","7","Clu",0
"TGGCACTAGGATGCAG-1","3","Clu",0
"TGGCATATCAGCCAAC-1","10","Clu",0
"TGGCATGCAAGTAGTC-1","5","Clu",0
"TGGCATTGTTAATGGG-1","5","Clu",0
"TGGCATTGTTGGGATA-1","2","Clu",0
"TGGCCATAGAAGGTGT-1","3","Clu",0
"TGGCCATAGGTCGAGA-1","2","Clu",0
"TGGCGAAAGGCGATGA-1","9","Clu",0
"TGGCGAGGTTTACGGT-1","6","Clu",0
"TGGCGATTCCGGTATA-1","0","Clu",0
"TGGCGCATCAGTACCA-1","16","Clu",0
"TGGCGCATCCCTCACA-1","10","Clu",0.98228992977332
"TGGCTATGTCTGGTCA-1","7","Clu",0
"TGGCTCTCAATACTGA-1","6","Clu",0
"TGGCTGACACCTACCG-1","5","Clu",0
"TGGCTGACAGCAGTTG-1","4","Clu",0
"TGGCTGACATGATTGA-1","6","Clu",0
"TGGCTTGGTTGAGCTT-1","8","Clu",1.6996938709958
"TGGCTTGGTTTAAGCC-1","6","Clu",0
"TGGGAACGTTAGGCCC-1","8","Clu",2.03862302633411
"TGGGACAAGCAAGCGA-1","5","Clu",0
"TGGGACAAGCTTACGA-1","0","Clu",0
"TGGGATAGTTAGTGCT-1","4","Clu",0
"TGGGATTCACTTCGCG-1","2","Clu",0
"TGGGCAAAGGTTCCAA-1","1","Clu",0
"TGGGCACCAACCGTGA-1","4","Clu",0
"TGGGCACCAATGCGTG-1","9","Clu",0
"TGGGCACCAGTAAGCT-1","4","Clu",0
"TGGGCACCATTAACGA-1","0","Clu",0
"TGGGCAGGTCAAGTTC-1","1","Clu",0
"TGGGCTTAGCTAACCA-1","0","Clu",0
"TGGGGCAGTTATCTCT-1","10","Clu",0
"TGGGGCTCATCCTGCG-1","1","Clu",0
"TGGGGCTCATGATCCC-1","5","Clu",0
"TGGGGTTTCCCAGATA-1","6","Clu",0
"TGGGGTTTCCTGACCC-1","6","Clu",0
"TGGGTCACAAATCGGT-1","5","Clu",0
"TGGGTCACAGGTAACT-1","0","Clu",0
"TGGGTCACATGCTACC-1","0","Clu",0
"TGGGTCCGTGCACGAG-1","5","Clu",0
"TGGGTGAAGCCTGTGG-1","4","Clu",0
"TGGGTTATCCGCGACA-1","0","Clu",1.01096498160935
"TGGGTTGCAAGTCGCA-1","3","Clu",0
"TGGGTTGCATCACACC-1","8","Clu",0
"TGGTACGCACTTCAGC-1","6","Clu",0.735367284820731
"TGGTACGCATCCCAGT-1","8","Clu",0
"TGGTAGCTCTGGATTG-1","3","Clu",0
"TGGTAGGAGGTACGCT-1","11","Clu",0
"TGGTAGTCAAAGGTTC-1","5","Clu",0
"TGGTATTAGGCTCAGT-1","5","Clu",0
"TGGTCACAGAATCGAA-1","16","Clu",0
"TGGTCTAAGGATGATA-1","6","Clu",0
"TGGTGGTTCCCCAGAG-1","9","Clu",0
"TGGTGGTTCTGTAACG-1","9","Clu",0
"TGGTGTTGTATAGCGA-1","5","Clu",0.757958512876672
"TGGTTACGTCTGGCTA-1","10","Clu",0
"TGGTTAGTCACACTAG-1","9","Clu",0
"TGGTTATAGGTGATGG-1","6","Clu",0
"TGGTTCAAGCCCGTTC-1","0","Clu",0
"TGGTTCCCACCTTAAT-1","11","Clu",0
"TGGTTTAGTTTAGGTC-1","7","Clu",0
"TGTAACTAGCGGTCCA-1","10","Clu",0
"TGTAAGCCACCAGGAC-1","2","Clu",0
"TGTAAGCCACTAACTT-1","7","Clu",0
"TGTAATGCACATAGCG-1","7","Clu",0
"TGTAATGCATGCGCTT-1","7","Clu",0
"TGTACCCCACAGGACC-1","4","Clu",0
"TGTACCGGTTTAGTCA-1","16","Clu",0
"TGTACCGGTTTGCACG-1","6","Clu",0
"TGTACTGAGGAGCTGA-1","4","Clu",0
"TGTACTGAGGTCGATC-1","8","Clu",1.77528463202455
"TGTAGAGGTAGCAGTA-1","5","Clu",0
"TGTAGAGGTATAGACG-1","0","Clu",0.825146755596255
"TGTAGAGGTCATGAAG-1","4","Clu",0
"TGTAGAGGTGAACGTA-1","11","Clu",0
"TGTAGCATCAAGTTAC-1","8","Clu",0
"TGTAGCCAGCGCTCTC-1","6","Clu",0
"TGTAGCGCAGGACAGG-1","4","Clu",0
"TGTAGGTCAATTAACG-1","8","Clu",2.41256905039555
"TGTAGTTAGCTTCCTG-1","4","Clu",0
"TGTAGTTAGGATGGGC-1","5","Clu",0
"TGTATCCTCGACTGAC-1","0","Clu",0
"TGTATCTCAAACTATG-1","6","Clu",0
"TGTATCTCAGCCATTC-1","7","Clu",0
"TGTATCTCAGGCAGGA-1","10","Clu",0
"TGTATGACAACGTGAT-1","4","Clu",0
"TGTATGGTCGTCTCAT-1","12","Clu",0
"TGTATTCCAGCTAAGT-1","0","Clu",0.76116611987124
"TGTCACCCAAATTCCT-1","2","Clu",0
"TGTCACTTCGTAATCG-1","6","Clu",0
"TGTCAGGCAATCCTAT-1","14","Clu",0
"TGTCAGGCAGCCATTC-1","5","Clu",0
"TGTCAGGCATCGTTCA-1","13","Clu",0.605946470589838
"TGTCCAAAGCTGGTGT-1","7","Clu",0
"TGTCCACCATAACTCT-1","8","Clu",0
"TGTCCAGGTTTGATGC-1","4","Clu",0
"TGTCCCATCCATGTCT-1","5","Clu",0
"TGTCCCATCCCTCTAG-1","4","Clu",0
"TGTCCCATCCTGTACT-1","5","Clu",0
"TGTCCCGCATAAGCTA-1","3","Clu",0
"TGTCCCTGTCAATCAC-1","4","Clu",0
"TGTCCGCTCCCTCTAG-1","3","Clu",0
"TGTCCGGAGATTAGAG-1","1","Clu",0
"TGTCCGGAGGGGTCAA-1","4","Clu",0
"TGTCGATGTAAGGGTC-1","7","Clu",0
"TGTCGATGTTATGGCT-1","10","Clu",0
"TGTCGCCTCACGCAAC-1","5","Clu",0
"TGTCGCCTCAGGGCAA-1","13","Clu",0
"TGTCGTCCAAGCCAGC-1","10","Clu",0
"TGTCGTCCAGCTACAG-1","12","Clu",0
"TGTCGTCCAGCTACGA-1","11","Clu",0
"TGTCGTCCAGTAATCA-1","0","Clu",0
"TGTCGTTTCACATGAT-1","1","Clu",0
"TGTCGTTTCCTCACTG-1","6","Clu",0
"TGTCGTTTCGACATGC-1","11","Clu",0
"TGTCGTTTCGTGATGC-1","2","Clu",0
"TGTCTAAGTGAGACTA-1","14","Clu",0
"TGTCTAAGTGAGTGCG-1","1","Clu",0
"TGTCTAAGTTGTAGTC-1","0","Clu",0
"TGTCTCACAATAGGCT-1","7","Clu",0.591436499880774
"TGTCTGTTCTATGACG-1","0","Clu",0
"TGTCTTGCACATAGTA-1","7","Clu",0
"TGTCTTGCATAGACGT-1","0","Clu",0
"TGTCTTGCATCAATCT-1","4","Clu",0
"TGTGAACCACAGCAAT-1","4","Clu",0
"TGTGAACCATCCCAAC-1","1","Clu",0
"TGTGAGGAGCAGGTAG-1","4","Clu",0
"TGTGATTAGCTAGATT-1","10","Clu",0
"TGTGCAATCACTCAGA-1","8","Clu",0
"TGTGCAATCCTGACCC-1","7","Clu",0
"TGTGCATGTGAGGAGA-1","14","Clu",0
"TGTGCCCTCAGCACTA-1","14","Clu",0
"TGTGCCCTCCCTGTAT-1","3","Clu",0
"TGTGCCCTCGCGCACA-1","9","Clu",0
"TGTGCGCGTTCGCGGT-1","2","Clu",0
"TGTGCTGGTATGTCAC-1","6","Clu",0
"TGTGTTAGTTAGAGGC-1","9","Clu",0
"TGTGTTAGTTCGTATA-1","4","Clu",0
"TGTGTTAGTTGAAGTG-1","1","Clu",0
"TGTGTTAGTTGCTCTC-1","11","Clu",0
"TGTGTTAGTTTGACCG-1","5","Clu",0
