"cell","cluster","gene","logexpr"
"AAACCAAAGCTTACTC-1","7","Map2",1.80183004779165
"AAACCAAAGTGGGTCT-1","4","Map2",1.79175946922805
"AAACCGCTCACCTAGA-1","12","Map2",1.41305463151878
"AAACCGCTCATCGAGC-1","0","Map2",2.00388234133703
"AAACCGCTCGATCCGG-1","6","Map2",2.77686716864425
"AAACGAATCGTTCCTG-1","7","Map2",2.38436936776056
"AAACGACAGCATCGGT-1","4","Map2",1.93349924510824
"AAACGACAGGCATCAC-1","12","Map2",2.20508526988912
"AAACGATGTGAGACCG-1","4","Map2",0
"AAACGCCTCATCAAGT-1","7","Map2",1.71469456918689
"AAACGGACAAGTAGCT-1","3","Map2",2.34198798603448
"AAACGGACATCCAGAG-1","4","Map2",1.69786877827459
"AAACGGACATTGCGTC-1","10","Map2",0
"AAACGGGTCCACCGGA-1","0","Map2",2.47326689162143
"AAACGGGTCCCGCTAC-1","3","Map2",1.26686859497232
"AAACGTAAGCATGGCT-1","0","Map2",1.79572880612956
"AAACGTAAGCATGGGA-1","6","Map2",1.54413530010402
"AAACTCCGTGACGATA-1","1","Map2",1.62458432322741
"AAAGCAATCACTAACG-1","3","Map2",1.62612454156424
"AAAGCATGTATGGCTT-1","8","Map2",0
"AAAGCCTCACAGGACC-1","2","Map2",0
"AAAGCTGGTATGGTAG-1","4","Map2",0
"AAAGTCAAGGCACTAC-1","4","Map2",0
"AAAGTGATCACCAGAC-1","4","Map2",0
"AAAGTTGAGGTACGTC-1","4","Map2",0
"AAATGCAAGAAGGAGA-1","12","Map2",0
"AAATGGATCGCATTGA-1","1","Map2",2.08251008527808
"AAATGGATCGTGATAT-1","11","Map2",2.04885864307782
"AAATGGGCAAGTGGAA-1","0","Map2",2.46769691568364
"AAATGGGCATAAGCAC-1","1","Map2",1.58532095637843
"AAATGGGCATGGCTAG-1","4","Map2",1.77528463202455
"AAATGTGAGCTACTCT-1","4","Map2",1.23259922757642
"AAATGTGAGTAATCAC-1","6","Map2",2.16431269400319
"AAATTCGCACTCAAGG-1","1","Map2",1.6448537977959
"AAATTCGCATAACTCT-1","5","Map2",1.96493259656116
"AAATTGCTCAATCTCC-1","8","Map2",1.50466099760988
"AACACACCAACCTGGA-1","7","Map2",2.54044199427556
"AACACACCAATCTCAT-1","7","Map2",2.21580885142494
"AACACATTCCGCAAGT-1","6","Map2",1.00941060844587
"AACACATTCCGGTTGG-1","1","Map2",1.65597526595256
"AACACCATCATCAAGT-1","9","Map2",0.980829253011726
"AACACGAGTCCATAGT-1","4","Map2",0
"AACAGGCGTGAACCTT-1","5","Map2",1.88912244464709
"AACAGTAAGCCTTGGG-1","1","Map2",1.14333348909102
"AACAGTAAGGCAAGGC-1","10","Map2",1.74969568161059
"AACAGTAAGTCATTGG-1","10","Map2",0
"AACATCACATAGGTGT-1","3","Map2",2.00588125433484
"AACATCACATCCCGAT-1","0","Map2",2.68363940639991
"AACATCCGTGGGTAAC-1","2","Map2",1.59150587491898
"AACATCCGTTCGATGT-1","0","Map2",1.96437520235697
"AACATGAAGTAGTCAT-1","7","Map2",2.05677417036385
"AACATGAAGTTACGCA-1","2","Map2",2.28280154108453
"AACATTCAGCATGCGT-1","11","Map2",1.81411231365986
"AACATTGCAACCAGTG-1","9","Map2",1.72829751839267
"AACCAACCAGGACACC-1","6","Map2",1.47942151290056
"AACCAAGGTGGCGCAA-1","0","Map2",2.71837754610788
"AACCAAGGTTCGTCAG-1","9","Map2",1.94779823749812
"AACCAATTCACTTGCT-1","2","Map2",2.26814035825232
"AACCAATTCGTTAGCA-1","13","Map2",0.948866090626715
"AACCACGCAACCAGTG-1","4","Map2",1.20408948363299
"AACCACGCACAGCAAT-1","0","Map2",2.43930905834913
"AACCAGCTCCGCCTAC-1","7","Map2",2.05781014334262
"AACCAGGAGGTATCTG-1","1","Map2",2.01017807081361
"AACCCAGCATAAGGAG-1","7","Map2",1.18752098342039
"AACCCTGGTAGCTCAT-1","9","Map2",1.77691506007952
"AACCCTGGTTGTGCTG-1","5","Map2",1.43532838312142
"AACCGAAGTATGTAGG-1","8","Map2",1.45970574475805
"AACCGAAGTGAGCCGA-1","9","Map2",2.02025167330389
"AACCGATCAGTTGACG-1","11","Map2",1.51440788490678
"AACCGGGGTAAGGGTC-1","1","Map2",1.50119643097027
"AACCTCAAGCCACGCA-1","8","Map2",2.76150244404124
"AACCTCAAGCTAACTG-1","0","Map2",1.36060487500458
"AACCTTAGTCTGTGTG-1","11","Map2",1.9240330447814
"AACCTTAGTGATTCCG-1","6","Map2",2.15181270320897
"AACCTTGAGAAGCCAG-1","8","Map2",0
"AACCTTGAGGCAACGA-1","3","Map2",1.67677851559343
"AACCTTGAGGCGTCCA-1","13","Map2",0.516189228883597
"AACCTTGAGTCATGCA-1","4","Map2",0
"AACGAACAGGTTCGAC-1","16","Map2",1.74033425742062
"AACGAACAGTAGAGAC-1","1","Map2",1.4584385360871
"AACGAATGTCAACTGT-1","8","Map2",1.86817271522586
"AACGAATGTGAGAGGA-1","13","Map2",1.80513371283969
"AACGAATGTGAGCCAG-1","0","Map2",2.65051700542891
"AACGACTCAACGTGAT-1","0","Map2",2.50087797132012
"AACGATCCAAGTAGAG-1","3","Map2",1.93641344196133
"AACGATCCAGGGCCAT-1","3","Map2",2.05239950525228
"AACGATCCATCCGTAC-1","5","Map2",1.92783022562633
"AACGATGGTTAACTGC-1","15","Map2",0
"AACGATTTCATGCCAA-1","0","Map2",2.91260186500608
"AACGATTTCGACTTGA-1","11","Map2",1.93608908082684
"AACGCAAGTAGCTCCA-1","0","Map2",1.64632840845717
"AACGCCACACATTAAG-1","11","Map2",0.973954526380866
"AACGCCCGTAGGTCAA-1","8","Map2",0
"AACGCGCCAAATGCCG-1","10","Map2",0
"AACGCTATCATGAACT-1","8","Map2",1.48666297180747
"AACGCTATCTAGTTCC-1","14","Map2",1.85805510374601
"AACGCTCAGCTACGGT-1","4","Map2",1.46301259764646
"AACGCTCAGGTGCGTT-1","3","Map2",2.32048678456581
"AACGCTTGTAACGCAA-1","3","Map2",1.47174499297448
"AACGCTTGTTATGGAG-1","1","Map2",1.59592276637153
"AACGCTTGTTTCGGCA-1","0","Map2",3.18977186678287
"AACGCTTGTTTGACAC-1","2","Map2",0.763789499168934
"AACGGATAGCATGAGG-1","14","Map2",2.01996808359742
"AACGGCAAGATAGCCC-1","7","Map2",2.22734523203036
"AACGGCAAGGATAGCG-1","13","Map2",1.1145974570043
"AACGGCAAGGGTGAAT-1","1","Map2",1.88071652859684
"AACGGGGCACATTAGA-1","1","Map2",1.65264010464032
"AACGGGGCAGCAGGAG-1","0","Map2",2.18284800836896
"AACGGTAGTAGCCTTG-1","3","Map2",1.38794663336961
"AACGGTGAGGTTGGAG-1","5","Map2",1.79551934331524
"AACGTAAAGCAATCGC-1","6","Map2",2.39042883691758
"AACGTAAAGCGATGCT-1","1","Map2",1.98668001441387
"AACGTAAAGTTAGACT-1","5","Map2",1.71986806399514
"AACGTAGGTGGACCCT-1","8","Map2",0
"AACTAGAAGAAGGACT-1","7","Map2",2.62635216197556
"AACTCAACAATCAGTA-1","0","Map2",1.80239369940315
"AACTGAAAGGATAGGT-1","14","Map2",2.27167755553097
"AACTGACCACTAAGCG-1","5","Map2",1.721098358167
"AACTGAGGTAAGCACA-1","3","Map2",1.04443421276822
"AACTGAGGTAAGGTAT-1","15","Map2",2.50696209981119
"AACTGAGGTTCGTTCC-1","5","Map2",2.31204453124601
"AACTGCATCACCTACT-1","10","Map2",0
"AACTGCATCCCCATCA-1","10","Map2",0
"AACTGCATCGTGAGAG-1","0","Map2",2.42306438663563
"AACTGGTCAGCCTACT-1","3","Map2",1.81258012389964
"AACTTCCTCATGACTG-1","0","Map2",2.30659992467426
"AACTTCCTCCATCGTT-1","11","Map2",2.35454800759153
"AACTTGGTCATGCGCG-1","4","Map2",0
"AACTTTGGTGCATCTG-1","16","Map2",1.09794606612515
"AACTTTGGTTCGGGCT-1","8","Map2",2.69587753473333
"AACTTTGGTTCGGTAT-1","4","Map2",2.4890417349358
"AAGCAAATCACTATGG-1","7","Map2",2.22456558063908
"AAGCAACAGGCACTAC-1","6","Map2",2.3406707544589
"AAGCAATGTGGAAGCT-1","6","Map2",0.908325404139235
"AAGCACCTCACAGGCT-1","9","Map2",2.33363052824106
"AAGCCAAGTAACTCCG-1","1","Map2",1.1334792185889
"AAGCCAAGTTCGGCTA-1","9","Map2",1.97831228314442
"AAGCCATCATTCAACT-1","13","Map2",2.2379857778495
"AAGCCCCGTCTTGAAC-1","10","Map2",1.95948932328818
"AAGCCGCCAAGCCTAG-1","5","Map2",2.10469630733118
"AAGCCGCCATCCTTGA-1","3","Map2",0.926828813208664
"AAGCCGGGTCAATCGT-1","4","Map2",0
"AAGCCTATCATGGCGT-1","8","Map2",1.58647912431144
"AAGCCTATCGCTGACG-1","6","Map2",1.30679878920438
"AAGCGATAGGTATCCA-1","15","Map2",3.4785784754726
"AAGCGGATCGCTCAGG-1","9","Map2",2.75108963058332
"AAGCGGGCAAGCATGT-1","14","Map2",1.91378190340962
"AAGCTAAAGCATTCAG-1","2","Map2",2.44231279693656
"AAGCTAAAGCTTAACG-1","11","Map2",1.72330073091731
"AAGCTAAAGGATGTCC-1","0","Map2",2.51519491261355
"AAGCTAAAGTATGTGT-1","2","Map2",2.71606251808804
"AAGCTAGGTAACTGCT-1","10","Map2",0
"AAGCTAGGTTATCGGT-1","6","Map2",0.966173296993602
"AAGCTCTGTAGCAGCG-1","0","Map2",2.47348003512333
"AAGCTCTGTGATCAAG-1","2","Map2",2.07229945405963
"AAGCTCTGTTTAATCG-1","9","Map2",0
"AAGGACTAGTAATTGC-1","1","Map2",1.90019581837675
"AAGGATGCACTAGGCA-1","2","Map2",2.04959498452822
"AAGGCAACAAATGCGT-1","2","Map2",3.00720467471623
"AAGGCAACACAGGGTC-1","2","Map2",2.27815024234546
"AAGGCTAGTATGGGTA-1","3","Map2",1.61061227934516
"AAGGCTAGTGGCGTCT-1","8","Map2",0
"AAGGCTAGTTTCCGTC-1","10","Map2",0
"AAGGGCATCGTGAATT-1","9","Map2",1.326080270515
"AAGGGGTCAAATCATG-1","1","Map2",0.709593487158001
"AAGGGGTCAATCAGCG-1","1","Map2",2.04612979681598
"AAGGGTTAGTTGCTCT-1","4","Map2",1.89169991741654
"AAGGTAATCAGGCATC-1","12","Map2",0
"AAGGTAATCTCACATC-1","0","Map2",2.58221736879488
"AAGGTATGTAAGCGAC-1","15","Map2",0
"AAGGTATGTGCAGTAA-1","7","Map2",2.05038565985647
"AAGGTTGGTTAACCAC-1","4","Map2",2.22177454674826
"AAGGTTGGTTAGACCT-1","1","Map2",1.55940052556236
"AAGGTTGGTTTAATCG-1","3","Map2",2.42021122978155
"AAGTAACGTATGTGGA-1","6","Map2",0
"AAGTAAGTCTAAGCCA-1","0","Map2",2.41164434364662
"AAGTACCCAAGGGATA-1","9","Map2",2.26224400485716
"AAGTACCCAGCCTACT-1","4","Map2",0
"AAGTACGGTGATTACC-1","2","Map2",2.97903906072465
"AAGTATGAGCGAACTC-1","15","Map2",0
"AAGTCAAAGTCAAGGG-1","11","Map2",2.27113182335731
"AAGTCACCAATCAATG-1","4","Map2",0
"AAGTCAGGTAAGGGTC-1","14","Map2",2.31903926177167
"AAGTCAGGTCATGTGT-1","0","Map2",2.39318136168346
"AAGTCAGGTTGCCCTT-1","1","Map2",2.03421987324655
"AAGTCCATCCGCCTAC-1","10","Map2",0
"AAGTGCCTCCCAGTAA-1","3","Map2",1.06181368476428
"AAGTGGACACCAGCTT-1","7","Map2",1.50378968405155
"AAGTGGGTCATCTGGA-1","0","Map2",2.2760138800173
"AAGTTGAAGATAGGTA-1","6","Map2",0.892460983686833
"AAGTTGAAGGCTTGGT-1","1","Map2",1.18483510914835
"AAGTTGAAGTCGCTAA-1","2","Map2",2.32266286440433
"AAGTTTCAGTGAACGG-1","2","Map2",2.37914697081265
"AAGTTTGCAAACCCAG-1","5","Map2",1.75323859068789
"AAGTTTGCAACATTGA-1","3","Map2",0.707552088169138
"AAGTTTGCAAGTATCA-1","4","Map2",1.89842446852378
"AATACGAAGATTAGGA-1","4","Map2",0
"AATACGCCAGGCAGAG-1","6","Map2",1.68047102309619
"AATATGCTCCCATACT-1","12","Map2",2.68647856817735
"AATATGGAGATAGCAA-1","8","Map2",0
"AATATGGAGCTAATGT-1","9","Map2",1.73281901242165
"AATATGGAGGTTGCGT-1","6","Map2",1.41860679004976
"AATCAGCCACAATGGT-1","8","Map2",2.70256079394211
"AATCATCAGGGTTGGA-1","6","Map2",1.85816929345232
"AATCCATAGGAGGCGT-1","3","Map2",0.827531287038034
"AATCCATAGGAGTAAC-1","5","Map2",1.57595066757176
"AATCGCGCATTGGGCA-1","11","Map2",2.80422872472307
"AATCGTTAGGAGGTCA-1","5","Map2",2.63295955227172
"AATCGTTAGGCTAGAG-1","12","Map2",0
"AATCTAGCAGGTAGCC-1","1","Map2",2.20621454977155
"AATCTAGCATAACGCG-1","10","Map2",0
"AATCTAGCATCACGAG-1","6","Map2",1.75997972320867
"AATCTCCTCACTTGGA-1","4","Map2",0
"AATCTCCTCGTGCGAT-1","1","Map2",1.88402141936145
"AATGACCCAAATCCGG-1","13","Map2",1.51020258627372
"AATGACTTCATATCGG-1","0","Map2",2.34677381447963
"AATGCCTGTGAACGCG-1","2","Map2",1.46335275552806
"AATGCGAGTGGCTACC-1","2","Map2",1.5498830864907
"AATGCGAGTTGGAGCG-1","6","Map2",1.36017402065684
"AATGCGAGTTTAGCGT-1","1","Map2",1.83372686902996
"AATGGATGTTACACTA-1","3","Map2",1.89457437468645
"AATGGATGTTAGCATC-1","13","Map2",1.51379555919979
"AATGGCGAGAATCCAT-1","7","Map2",1.98030905142508
"AATGGCTCATAGGCCA-1","2","Map2",2.04435772652333
"AATGGGGTCAGCCCGA-1","0","Map2",2.58300887593071
"AATGGGGTCGATGCTA-1","10","Map2",0
"AATGGGTAGCTACTCT-1","4","Map2",1.32801366537964
"AATGTCCGTGGCTGAG-1","5","Map2",2.44732873065354
"AATGTCCGTTCGAATC-1","9","Map2",0.896049556929359
"AATGTGAAGCATAGCC-1","2","Map2",2.2327246328285
"AATGTGAAGTAGCCCG-1","2","Map2",1.81742202314284
"AATGTTGCAAGCCATG-1","15","Map2",2.11072965833542
"AATGTTGCATAACGCG-1","9","Map2",2.38885361988142
"AATGTTGCATGGTTCC-1","2","Map2",0
"AATTACGCAACGTTCC-1","6","Map2",2.16100265332075
"AATTACGCAAGTCCAG-1","7","Map2",2.36373076107491
"AATTACGCAGTTGACG-1","3","Map2",1.72318729610658
"AATTCAGCACAGCGAC-1","7","Map2",2.18817378194792
"AATTCAGCACCATGTC-1","13","Map2",1.43850735460176
"AATTCAGCAGGCTTAG-1","2","Map2",2.4375331420576
"AATTCAGCAGGGACAG-1","1","Map2",1.52712153324676
"AATTCAGCAGTTGAGT-1","12","Map2",0
"AATTCCTCAAAGGTCT-1","15","Map2",0
"AATTGGTTCCATGCAA-1","15","Map2",2.2101936809504
"AATTGGTTCCGCAGTG-1","7","Map2",1.66703780894706
"ACAACAGGTTAGCTTA-1","5","Map2",1.75531354456929
"ACAACATTCAGCTATG-1","5","Map2",1.76029854457216
"ACAACATTCCCAGATA-1","14","Map2",2.24911752858732
"ACAACCGCAAATGCGT-1","2","Map2",2.27853028353575
"ACAACCGCAAGCGTTG-1","12","Map2",0
"ACAACCGCATTACCAT-1","14","Map2",0
"ACAACCGCATTCGCGT-1","1","Map2",1.37716921871935
"ACAACCTGTAGCTGGG-1","1","Map2",1.62312383956585
"ACAAGCCTCGAATCCA-1","11","Map2",2.6011252018877
"ACAAGCGAGCAGGGTA-1","5","Map2",1.76257431991475
"ACAAGCGAGTCGCTCC-1","1","Map2",1.24005272818704
"ACAAGCGAGTGAATCT-1","1","Map2",2.18715493279371
"ACAAGCTCAAGCTCTC-1","9","Map2",2.04654899144394
"ACAAGCTCAGGTATGT-1","12","Map2",0
"ACAAGCTCATCCCATA-1","8","Map2",2.65051700542891
"ACAAGGCGTTATCTCT-1","8","Map2",1.87561978493154
"ACAAGGTAGCTAATCG-1","3","Map2",1.06008435187197
"ACAAGTAAGGTAGACG-1","9","Map2",1.9527988100505
"ACAATCACACTCATCA-1","16","Map2",1.36362966762804
"ACAATCCGTGGACCTC-1","0","Map2",2.06604981561681
"ACAATGAAGGTCAATT-1","11","Map2",1.71447050547872
"ACAATGAAGTGATGAA-1","2","Map2",2.49908903701059
"ACAATGGGTAAGCGGT-1","7","Map2",2.86683288608317
"ACAATGGGTTTGACCG-1","1","Map2",1.60283079173994
"ACAATTCAGCAACCGT-1","3","Map2",2.47020357611752
"ACAATTCAGGTTCCTT-1","7","Map2",2.6830634276037
"ACACAAGGTAGGTATG-1","0","Map2",1.62974317859485
"ACACAAGGTAGTGCGG-1","6","Map2",2.21580885142494
"ACACACGCAATCCGCT-1","7","Map2",2.34665985603824
"ACACACGCACTTGGTC-1","1","Map2",2.3801829594102
"ACACACGCATGACGAT-1","4","Map2",0
"ACACAGTCACCAGGGT-1","8","Map2",2.7570698396125
"ACACCAATCAGTTGAT-1","9","Map2",2.52245361574702
"ACACCCAGTTCACTAA-1","5","Map2",1.9543575041945
"ACACCCTCAATCTGCC-1","2","Map2",1.31431476699965
"ACACGAAGTTTCGCTC-1","15","Map2",1.16256447147167
"ACACGATCAAGCCTGA-1","0","Map2",2.48708982057852
"ACACGGGGTCATGTCG-1","3","Map2",1.42062753078112
"ACACGGTTCAGCTCAA-1","6","Map2",2.40075732397928
"ACACGGTTCATGTCGA-1","10","Map2",0
"ACACGTTGTTGACCGC-1","0","Map2",2.33141028333752
"ACACTAGTCAGGAACG-1","4","Map2",0
"ACACTGATCACGCCGA-1","3","Map2",1.07276333681275
"ACAGAACAGGTTCCAA-1","4","Map2",0
"ACAGAACAGTGATCCA-1","6","Map2",1.02176503906601
"ACAGAATGTATTGCAC-1","0","Map2",2.49366008243132
"ACAGAATGTTCGGTTG-1","12","Map2",0
"ACAGACTCATCCGCAT-1","13","Map2",1.67769240405544
"ACAGACTCATCGACTC-1","5","Map2",0.803026123380486
"ACAGATGGTCAACTTA-1","11","Map2",2.18417612241938
"ACAGATGGTGGACTAA-1","0","Map2",1.75706388160259
"ACAGCAAGTTTACTGA-1","9","Map2",1.34549899220371
"ACAGCCACAGTTAGCG-1","1","Map2",2.20956611243471
"ACAGCGAAGGTTAGGG-1","8","Map2",2.13468017380076
"ACAGCTATCAATGTCG-1","6","Map2",1.57105085207692
"ACAGCTCAGTAAGGTA-1","7","Map2",1.50745997729146
"ACAGCTTGTTGGCGTC-1","2","Map2",2.45795570358904
"ACAGGAACATGTCGTC-1","3","Map2",2.00186755821891
"ACAGGATAGATAGACA-1","4","Map2",0
"ACAGGATAGGGCTCAT-1","9","Map2",1.96751780651609
"ACAGGATAGTCAAGCC-1","4","Map2",2.82571565195042
"ACAGGATAGTCTAGCA-1","2","Map2",2.26513994093418
"ACAGGCGGTGCGATCC-1","10","Map2",0
"ACAGGCTTCCTCGTGC-1","7","Map2",2.32276663119657
"ACAGGCTTCGATAGCC-1","3","Map2",1.87281826504998
"ACAGGGATCATGTCCT-1","0","Map2",2.41268471073107
"ACAGGGGCATCACGAG-1","10","Map2",0
"ACAGGTAGTTGTGACT-1","5","Map2",1.7074123012126
"ACAGGTGAGTGGCTTA-1","2","Map2",2.24275866863512
"ACAGGTTCAAATCCTT-1","1","Map2",1.44547251281056
"ACAGGTTCAACATCAA-1","8","Map2",2.0476819563453
"ACAGTTACATCACATT-1","1","Map2",1.87484051168905
"ACAGTTGTCTTGATCC-1","1","Map2",2.09177115363012
"ACAGTTTAGGCTATAT-1","4","Map2",1.99240137735663
"ACATAGAAGCCGCAAT-1","9","Map2",0.979061861947944
"ACATAGAAGCGACTTA-1","6","Map2",2.10881936482397
"ACATAGAAGGTAGATA-1","9","Map2",2.55625515899813
"ACATAGCCACCTCAGT-1","3","Map2",1.66599303102381
"ACATAGCCAGGGATGG-1","4","Map2",2.4572235330968
"ACATATCAGGAATGCG-1","0","Map2",2.51801524200039
"ACATATCAGGCTCCAG-1","0","Map2",2.41739408790497
"ACATATCAGTAAGCAA-1","0","Map2",0.553586726425672
"ACATATCAGTTAGCCA-1","1","Map2",1.96654409648529
"ACATCCCCAACCAGAT-1","0","Map2",1.6323320145901
"ACATCCCCAACGTTAA-1","0","Map2",1.89445438193867
"ACATCCCCAGGCAGTC-1","2","Map2",1.40889430097808
"ACATCCCCAGTTAGGT-1","0","Map2",2.14815894526389
"ACATCCGGTGATGATG-1","4","Map2",0
"ACATCCGGTTGTGCAT-1","2","Map2",1.46565368190153
"ACATCCTTCAAGTCCA-1","9","Map2",2.21012798217213
"ACATGAGGTATGTGAG-1","3","Map2",0.807817857650405
"ACATGAGGTGAGCCGA-1","2","Map2",1.49465865965667
"ACATGCATCGCTCTCA-1","4","Map2",0
"ACATGCATCTTGATCC-1","11","Map2",2.19007442077327
"ACATGCCAGGAATGGT-1","3","Map2",1.88495712533519
"ACATGGCTCATCTGTC-1","3","Map2",2.21188492832652
"ACATGGCTCCATGACA-1","4","Map2",0
"ACATGGCTCCGCATGG-1","13","Map2",1.11943786777462
"ACATGGCTCCTGTACT-1","5","Map2",2.40369461919694
"ACATGGTCAGCTACTC-1","6","Map2",2.15904206495528
"ACATGTTAGGCGTCAT-1","8","Map2",0
"ACATTCAGTTCCTCGT-1","6","Map2",1.95167509360528
"ACATTCCTCCGTATAG-1","10","Map2",1.58185860256351
"ACCAAACCAAGTCGTG-1","16","Map2",0
"ACCAAACCAATTAGTG-1","5","Map2",2.52844697628231
"ACCAAACCACAACGAT-1","1","Map2",2.13158772476143
"ACCAAACCACTTACAT-1","10","Map2",2.70191178897047
"ACCAAAGGTAATTCGC-1","9","Map2",1.9681796845285
"ACCAAATTCAAGTGCC-1","7","Map2",1.61312810153204
"ACCAACATCCGCGTAG-1","4","Map2",0
"ACCAAGCTCTCACCAT-1","11","Map2",1.90354303229421
"ACCAAGTCAAAGGTAG-1","0","Map2",1.80366353809641
"ACCAAGTCAGGCAGTC-1","13","Map2",1.54753416890913
"ACCAATGTCCTGCTGC-1","9","Map2",1.67000672770644
"ACCAATGTCGCTATGA-1","7","Map2",2.19555312225917
"ACCAATGTCGTAATGT-1","14","Map2",2.66856178348447
"ACCAATTAGAAGGAGA-1","6","Map2",1.99822125152917
"ACCACACAGAAGGTTA-1","0","Map2",2.59106577665889
"ACCACACAGCCGATGT-1","10","Map2",0
"ACCACCTCAACTGTGG-1","1","Map2",1.52806290924338
"ACCACCTCAAGCGTGC-1","2","Map2",1.73897941843377
"ACCACGTAGCGGTTAC-1","3","Map2",1.56409268924782
"ACCACTAAGCGAAGTG-1","3","Map2",2.41872120899856
"ACCACTAAGTAGCCAC-1","9","Map2",0.873176799431228
"ACCATAACAACATCGG-1","7","Map2",2.15416170090983
"ACCATAGTCCATCGCC-1","13","Map2",1.78071446269912
"ACCATATAGCATGTGC-1","3","Map2",0
"ACCATCAAGATTACCG-1","1","Map2",1.88874136180562
"ACCATCCCACCACACT-1","3","Map2",1.22660628984664
"ACCATTTCATGGTGTG-1","12","Map2",0
"ACCCAAATCATGGATT-1","10","Map2",0
"ACCCAAATCCTCAGTT-1","7","Map2",2.15793366837836
"ACCCAACAGTGATACT-1","0","Map2",1.48317668338453
"ACCCAATGTAAGGACC-1","2","Map2",2.34688066481044
"ACCCAATGTATGTGAG-1","6","Map2",2.44079629389538
"ACCCAGTAGCTACGCG-1","14","Map2",2.84901404120624
"ACCCATCCACAATCAA-1","6","Map2",2.36761968273523
"ACCCATCCAGCATGAT-1","2","Map2",2.2208951755428
"ACCCATGGTAGCTTAC-1","7","Map2",2.22385466216009
"ACCCATGGTTCGAATC-1","5","Map2",1.5185714016757
"ACCCCAAGTCTGTGGC-1","10","Map2",0
"ACCCCATCATAAGCGT-1","11","Map2",1.57029640406483
"ACCCCGAAGGCGCTCA-1","0","Map2",2.45898181268058
"ACCCCTGCAGCCTAGA-1","1","Map2",0.917251808353706
"ACCCCTGCATCCATCA-1","1","Map2",1.72451726349979
"ACCCCTTGTCTTGGTG-1","0","Map2",2.59290746158095
"ACCCCTTGTTGGCGCT-1","1","Map2",1.93292137698557
"ACCCGAACAAATGCGT-1","5","Map2",2.22239519464422
"ACCCGAACAAGTCGAT-1","4","Map2",2.05387966967983
"ACCCGAACAGGTTGGC-1","8","Map2",1.76317442783216
"ACCCGAACAGTAAGGA-1","14","Map2",2.7545862688315
"ACCCGATAGCGATCCG-1","4","Map2",2.20078805549461
"ACCCGCTTCATCACCT-1","8","Map2",1.74930312325568
"ACCCGCTTCCACCGTC-1","4","Map2",1.40603961858142
"ACCCGTTCACGCCATT-1","4","Map2",1.1945361536712
"ACCCGTTCATTAGCCC-1","2","Map2",1.65223806121193
"ACCCTATTCCTCACCA-1","14","Map2",2.70689984654183
"ACCCTCGCAACCCGAA-1","2","Map2",1.85975347726958
"ACCCTCGCACAGCAAT-1","9","Map2",1.16716740607241
"ACCCTCGCATAGAGAG-1","15","Map2",0
"ACCCTGCTCCCGCTAC-1","13","Map2",1.72534150553081
"ACCCTTTAGCTATGGC-1","14","Map2",1.90358930673441
"ACCCTTTAGGCGAGTA-1","6","Map2",2.27308255114512
"ACCGAAAGTCAAGCAA-1","16","Map2",1.28077497890242
"ACCGAAAGTGAGTAGC-1","9","Map2",1.37389858169033
"ACCGAAAGTGATCCAT-1","6","Map2",1.39589564447799
"ACCGAGGGTGAGTTGA-1","3","Map2",1.59501257439566
"ACCGATGCACCTAACC-1","4","Map2",1.73647021481081
"ACCGATGCACTTACCA-1","4","Map2",1.78429860398032
"ACCGATTGTAACGGGT-1","1","Map2",1.94302590771287
"ACCGGATTCAGGGACA-1","0","Map2",1.90797533429879
"ACCGGCTGTGATGGGT-1","2","Map2",1.93087354777896
"ACCGGCTGTTTGGGTT-1","5","Map2",2.3034855883273
"ACCGGTTAGCAAGCTC-1","3","Map2",1.90813827921168
"ACCGTTGGTGGCGAAT-1","12","Map2",0
"ACCTAACGTCTGGTGC-1","2","Map2",2.29599032567983
"ACCTAACGTTAGACAG-1","3","Map2",1.39772738363091
"ACCTAACGTTTGCGTG-1","5","Map2",2.00670086563
"ACCTAAGTCACACACA-1","4","Map2",2.29863464792114
"ACCTAAGTCGACTGAC-1","14","Map2",3.04479458729851
"ACCTACCCAAATTCAG-1","8","Map2",2.11922289237276
"ACCTACCCAGTTAGCG-1","0","Map2",0.733168421896621
"ACCTACTTCACTCCAT-1","7","Map2",1.99130826597491
"ACCTATGAGCATGTAT-1","4","Map2",0
"ACCTATGAGGGTTAGG-1","1","Map2",2.17314680678122
"ACCTCCATCTATGAGT-1","9","Map2",1.92917609265711
"ACCTCCGCAACTGGTG-1","3","Map2",1.49298453668202
"ACCTCCGCAGCTAGAT-1","2","Map2",2.16201965780798
"ACCTCTTAGCCGACAT-1","1","Map2",1.63122916416941
"ACCTCTTAGCTATCCT-1","1","Map2",1.70367360193393
"ACCTCTTAGGAACCGA-1","1","Map2",1.33193406058507
"ACCTCTTAGGATTGGG-1","4","Map2",0
"ACCTGATGTGAAGCTA-1","3","Map2",1.63976806146651
"ACCTGCCTCAGCCAAC-1","5","Map2",1.58022352388306
"ACCTGCCTCCACCTTG-1","4","Map2",0
"ACCTGGACATGGAACT-1","5","Map2",2.17248585948753
"ACCTGTCCAAATTCGA-1","3","Map2",1.94434443780484
"ACCTGTCCACATGACG-1","13","Map2",0.870936037746849
"ACCTTAAGTGCAAGTA-1","15","Map2",2.63152233499103
"ACGAACCTCTCATCAC-1","2","Map2",2.2067283852174
"ACGAAGGTCACGCGAT-1","3","Map2",1.75942213183722
"ACGAATCCACCTTAAT-1","14","Map2",2.01272501464735
"ACGAATGGTAACGTCT-1","0","Map2",2.01923124151968
"ACGACGAAGATTAGAG-1","1","Map2",2.03270648879659
"ACGAGCAAGTCAGTTG-1","0","Map2",2.64090715933566
"ACGAGCAAGTTGGTAT-1","12","Map2",0
"ACGAGTAGTAAGTTGG-1","1","Map2",1.89505454071788
"ACGAGTAGTCAGGAGT-1","6","Map2",2.19236319290455
"ACGAGTAGTCCATCGA-1","3","Map2",1.81397555270741
"ACGAGTGAGGAGGCTA-1","8","Map2",2.12164341369804
"ACGATATTCACTGGGT-1","0","Map2",2.31814974551472
"ACGATATTCTGGATAT-1","4","Map2",0
"ACGATGGAGCTAGGGA-1","5","Map2",2.22459010627328
"ACGATGGAGCTGGTTA-1","2","Map2",2.01359931779423
"ACGATTGTCAGGAGCA-1","3","Map2",0
"ACGATTGTCCGGTTGG-1","1","Map2",1.58401081863252
"ACGCAATCAAGTCGTG-1","3","Map2",2.27200257011886
"ACGCAATCAATCAGTA-1","5","Map2",2.6157871911337
"ACGCAGCCACTCGGAA-1","4","Map2",0
"ACGCAGCCATAGAGCT-1","2","Map2",2.26477469839257
"ACGCAGCCATAGATTG-1","10","Map2",0
"ACGCATATCGTGAGTC-1","6","Map2",2.53087644874947
"ACGCCAACAGGAATCT-1","1","Map2",2.10514833022628
"ACGCCAACAGGATGCC-1","5","Map2",2.06620033687007
"ACGCCATAGCTAAGGG-1","3","Map2",0.767172744413457
"ACGCCATAGTCAAGCC-1","13","Map2",1.71454518535377
"ACGCGAAAGCCAGCCA-1","15","Map2",0
"ACGCGATTCACAGCAC-1","9","Map2",2.85147000782561
"ACGCGATTCCGCATGG-1","0","Map2",2.38219999872039
"ACGCGCATCGCTTGAA-1","3","Map2",2.20034175213972
"ACGCGCATCGTGCCCT-1","11","Map2",1.53898874482626
"ACGCTAATCGACATAT-1","4","Map2",0
"ACGCTATGTCAGGGCA-1","0","Map2",2.04592028492599
"ACGGACAAGGGTCAAG-1","9","Map2",1.53136860970446
"ACGGACAAGGTCATAT-1","2","Map2",1.6607354699929
"ACGGACAAGTCAGTAT-1","6","Map2",2.31986610512122
"ACGGACCCAAATGGAG-1","1","Map2",1.43046950616801
"ACGGACCCAACGGTCA-1","2","Map2",2.84026871364874
"ACGGACCCAATCCTGC-1","13","Map2",1.04001812440206
"ACGGATTCAATCGGCA-1","5","Map2",2.07971502725518
"ACGGATTCATTAGTAG-1","4","Map2",0
"ACGGCAAAGGGGATCA-1","1","Map2",1.70064482793929
"ACGGCAAAGGTAGTCC-1","13","Map2",0.801363127844875
"ACGGCCATCTATGCCT-1","6","Map2",2.26744259937057
"ACGGCTTAGGTGAGCA-1","11","Map2",2.10850143483545
"ACGGGCTCAAATCGCG-1","5","Map2",0.741816888987552
"ACGGGCTCAGGACATT-1","5","Map2",1.95048406169961
"ACGGGCTCATAGGCGC-1","4","Map2",0
"ACGGGCTCATGCTCCG-1","6","Map2",2.55567664303695
"ACGGGCTCATGGTACG-1","1","Map2",1.87876083365963
"ACGGGGACACATTCGC-1","4","Map2",1.69423300438744
"ACGGGGACACCTATAT-1","5","Map2",2.4029519011103
"ACGGGGACACTATGGG-1","1","Map2",1.13732635392472
"ACGGGGTAGTCATCTC-1","0","Map2",2.37827975452161
"ACGGGTAAGAAGGGCC-1","5","Map2",1.89473439534866
"ACGGGTAAGTAAGGTA-1","15","Map2",1.63967878739685
"ACGGGTAAGTAGGAGT-1","1","Map2",2.06132330234175
"ACGGTCACACCATACC-1","3","Map2",1.50636622876724
"ACGGTCACATGCGTAG-1","0","Map2",1.69714008955371
"ACGGTGAAGTAGCCAC-1","1","Map2",1.23634223828304
"ACGGTGAAGTGATACT-1","15","Map2",0
"ACGGTTATCGATTGCA-1","3","Map2",2.25972117979296
"ACGGTTGCATAATTCC-1","1","Map2",2.03605421542303
"ACGTAAGGTAGGTCGG-1","0","Map2",2.12824345196864
"ACGTATTAGCTAAGGG-1","8","Map2",0
"ACGTATTAGTAAGTGA-1","11","Map2",2.01930678243953
"ACGTCAATCATGCCGG-1","9","Map2",1.45289327865391
"ACGTCAATCCGTAGCG-1","5","Map2",2.25939037406243
"ACGTCACAGCTATGCA-1","10","Map2",0
"ACGTCCTCAAACTGAC-1","1","Map2",1.30366335251413
"ACGTCCTCAGCCAGGT-1","3","Map2",2.05829467308226
"ACGTCTAAGATAGTGA-1","15","Map2",0
"ACGTCTAAGGGCTATC-1","3","Map2",0.876356359752231
"ACGTCTAAGTCAGTTG-1","0","Map2",2.05729484519271
"ACGTGAGAGCTAGGCT-1","3","Map2",1.61296723349549
"ACGTGAGAGTCGACAC-1","6","Map2",2.46450371940145
"ACGTGGTTCCTTAGTC-1","10","Map2",2.52210237515815
"ACGTGTTGTAATGGCA-1","11","Map2",2.60489156882764
"ACGTGTTGTCTGGCAC-1","0","Map2",2.07216941574782
"ACGTTAACAATCTCAT-1","6","Map2",1.85750724162174
"ACGTTAGTCGTAACCA-1","1","Map2",1.17252908669348
"ACGTTCAAGCAACTGC-1","11","Map2",1.70874414253814
"ACGTTTGAGCATGAGG-1","14","Map2",2.76567836099021
"ACGTTTGAGGTTCCAA-1","8","Map2",2.85822031398508
"ACTAACTAGTATGACT-1","7","Map2",1.43113532803224
"ACTAAGCCACCAACTC-1","1","Map2",1.54922570093006
"ACTAAGCCAGGTTCGA-1","7","Map2",1.5115094669724
"ACTAAGGGTTGTCTGG-1","3","Map2",1.46882062720893
"ACTAAGGGTTGTGGAA-1","13","Map2",1.74447949915385
"ACTACAACAACTATCT-1","10","Map2",1.39979475577479
"ACTACCCCAACCCGAA-1","1","Map2",1.72669127255002
"ACTACCCCAGTAATTG-1","2","Map2",1.03968313886439
"ACTACCTTCACAGGAG-1","4","Map2",3.10812041590266
"ACTACTTCATAAGCAC-1","6","Map2",1.49187535963607
"ACTATCAGTAATCGGA-1","2","Map2",2.58252823110103
"ACTATCAGTTCACGCA-1","1","Map2",2.36123307195306
"ACTATCAGTTCGCATG-1","11","Map2",1.28289083926249
"ACTATGGTCCGGACAT-1","4","Map2",1.47981436173691
"ACTATGGTCCGTTACT-1","0","Map2",2.56853839810176
"ACTATTGGTAGCGGAT-1","7","Map2",2.39336217346739
"ACTCACAAGTGTCATG-1","6","Map2",1.27489239912571
"ACTCACCCATAGAGCT-1","5","Map2",2.19261566157738
"ACTCAGGCAATTAGGC-1","3","Map2",1.16311872745487
"ACTCATTCAAGTTAGC-1","9","Map2",2.04051367267281
"ACTCATTCAGCCATAG-1","1","Map2",1.35296807106812
"ACTCCAAAGCAGGCTT-1","11","Map2",2.17894638832927
"ACTCCACCAGGCAGCT-1","1","Map2",2.07326241507006
"ACTCCCATCACTCGTT-1","3","Map2",0.700272561289123
"ACTCCCATCAGGTCCG-1","7","Map2",1.89337532371143
"ACTCCCGCAGGCTATG-1","7","Map2",1.17771256661908
"ACTCCCTGTTGCACGC-1","4","Map2",2.17099356518735
"ACTCCCTGTTTGCCAG-1","3","Map2",0.781347199013306
"ACTCCTTAGCCTAAGC-1","0","Map2",2.52023153567252
"ACTCCTTAGTACGCTA-1","7","Map2",1.70073023424299
"ACTCGAATCCAGCGAT-1","4","Map2",0
"ACTCGATGTGAGGATC-1","4","Map2",0
"ACTCGCCTCCTGCGAG-1","7","Map2",2.05851608632574
"ACTCTCACAAGGGTAA-1","15","Map2",2.52104952205033
"ACTCTCACAGTTAGCG-1","3","Map2",2.11589248344911
"ACTCTGTTCAGCACGT-1","2","Map2",2.14910666300392
"ACTCTGTTCGCTCGCT-1","12","Map2",0
"ACTCTTGCAACATTAG-1","1","Map2",1.92295167949941
"ACTGAGGAGAAGCGCA-1","7","Map2",1.99271398391161
"ACTGATTAGTTAGCTG-1","1","Map2",1.54283277281901
"ACTGCATGTAACCCAT-1","11","Map2",1.21381535711746
"ACTGCATGTTTCGGCA-1","4","Map2",0
"ACTGCCTCAAGCTGAT-1","1","Map2",1.45157726098779
"ACTGCTAAGCAAGGCA-1","7","Map2",1.54370083335211
"ACTGCTAAGCTTCCTG-1","3","Map2",2.68440947210129
"ACTGCTGGTCTAGTGT-1","4","Map2",1.40697028361965
"ACTGGTTGTCAAGGCG-1","3","Map2",1.97858077235324
"ACTGGTTGTGCATCCA-1","5","Map2",2.46098500774967
"ACTGGTTGTTTCCATT-1","5","Map2",2.17790454720469
"ACTGGTTGTTTCCTGC-1","5","Map2",2.21145394827953
"ACTGTCAAGCTTACGA-1","7","Map2",1.82549536591537
"ACTGTGATCCACCGGA-1","4","Map2",3.28220559217342
"ACTGTGATCTGTCTAC-1","3","Map2",1.42725148164535
"ACTGTTAGTTACACTA-1","10","Map2",0
"ACTTAACAGATAGCCC-1","1","Map2",1.81720613488922
"ACTTAACAGGCGTCAT-1","5","Map2",1.62034247744237
"ACTTACTCAACCGTGA-1","4","Map2",0
"ACTTAGGTCCTGTCTG-1","12","Map2",1.9534911639984
"ACTTCTATCCGTAGAC-1","13","Map2",1.70159709494554
"ACTTCTATCGATTGGC-1","3","Map2",0.852049737502745
"ACTTGAGTCGCTATCT-1","7","Map2",1.97016880749659
"ACTTGGATCATCAAGT-1","8","Map2",0
"ACTTGGATCATGCGAC-1","2","Map2",2.70631448802013
"ACTTTAGGTTAGCATC-1","11","Map2",1.62456795691685
"ACTTTAGGTTTCAGCG-1","8","Map2",0
"ACTTTCGCACCTCAGT-1","12","Map2",0
"ACTTTGCTCACGCCAG-1","10","Map2",0
"ACTTTGCTCATGAGTT-1","10","Map2",2.24937039673295
"ACTTTGCTCTATGAAC-1","2","Map2",1.81328346341048
"ACTTTGGAGCGATGTC-1","1","Map2",1.6536645641139
"AGAAGGGGTGCATTAC-1","13","Map2",1.77495899501055
"AGAAGGTTCAATTGCG-1","6","Map2",1.26321765833368
"AGAAGTCAGCCAATCA-1","11","Map2",1.70648891496058
"AGAAGTCAGCCTGGAT-1","11","Map2",2.20836342945177
"AGAAGTTGTGAGACGT-1","0","Map2",1.90253727797734
"AGAATTGAGATAGCTT-1","0","Map2",2.45836274015784
"AGAATTGAGCAAGCGA-1","6","Map2",2.28788100685903
"AGAATTGAGGATTGGG-1","2","Map2",1.68179927289492
"AGAATTGAGGTTAGCC-1","2","Map2",1.54791292242432
"AGACAACAGCCTGTAA-1","5","Map2",1.73485364997514
"AGACAGACATGCTCTA-1","1","Map2",1.94035932353043
"AGACATAAGGTCACAC-1","7","Map2",1.64911755022515
"AGACATGGTAATCACC-1","11","Map2",1.6031137447179
"AGACGAACACTTCGAC-1","9","Map2",1.46544027668659
"AGACGATAGTAGCCCG-1","15","Map2",2.21957791906369
"AGACGCAAGCCATGAC-1","8","Map2",2.42656377952057
"AGACGCGGTTGGGCAG-1","2","Map2",1.2011568516163
"AGACGGATCAAGTCGC-1","7","Map2",2.64644922849109
"AGACTCGCAAAGGGTA-1","1","Map2",1.63354724111964
"AGACTGCTCACCTGGG-1","12","Map2",0
"AGACTGCTCATCAAGT-1","6","Map2",2.04959498452822
"AGACTGCTCCCTCAGC-1","8","Map2",2.64905040833871
"AGACTTACAACGGTGC-1","13","Map2",1.77171081401232
"AGACTTACACCTGCTG-1","0","Map2",2.21052225556135
"AGAGAATCAGGATGAA-1","0","Map2",2.27180754577538
"AGAGAATCATCACTAT-1","3","Map2",1.56389354522129
"AGAGACCGTTACACAC-1","9","Map2",2.05482846519411
"AGAGACCGTTTACACA-1","6","Map2",2.41423610568686
"AGAGAGAAGGTACTAT-1","4","Map2",2.21374942574787
"AGAGAGAAGTCAGTTG-1","6","Map2",1.62432251016154
"AGAGAGGGTCAATGCT-1","8","Map2",3.18531784304645
"AGAGATGCAAACCAGT-1","2","Map2",2.22022814639754
"AGAGATGCAATACTGA-1","6","Map2",2.38553294900246
"AGAGATTGTGGCGACA-1","4","Map2",1.24496095714796
"AGAGGAGGTGAACGCG-1","11","Map2",1.19880603424718
"AGAGGAGGTTCCGGTA-1","15","Map2",0
"AGAGGCGCAGGAGCAG-1","14","Map2",1.66686356814862
"AGAGGCTGTGGCGTGA-1","5","Map2",1.36308839194585
"AGAGGCTGTTATCATG-1","8","Map2",2.8807665738489
"AGAGGGTCATCAAGCG-1","5","Map2",2.16858883633388
"AGAGTAATCACGGATC-1","7","Map2",2.0244230953503
"AGAGTAATCGACTATG-1","5","Map2",1.8177459768582
"AGAGTATGTAACGAAT-1","5","Map2",2.07490480383403
"AGAGTATGTTAAGCAG-1","6","Map2",2.0991801176788
"AGAGTCCTCAGCGAGA-1","7","Map2",1.51307205935115
"AGAGTCCTCCTGCTAT-1","2","Map2",1.73749854503674
"AGAGTTGGTGGCCAAG-1","0","Map2",1.52411835877634
"AGAGTTGGTTTGAGAG-1","0","Map2",1.83845369408867
"AGCAAATGTCTTGATA-1","0","Map2",2.60109971751586
"AGCAAATGTTTCGGGC-1","3","Map2",1.79946754050304
"AGCAAGGTCTGGCACG-1","1","Map2",2.42047063492903
"AGCAATCCAAGTTCGG-1","4","Map2",0
"AGCAATCCAGGGCTAC-1","2","Map2",1.90826051139544
"AGCAATTTCGATCGGT-1","10","Map2",1.34193895034882
"AGCACCACATGGTGCA-1","1","Map2",1.1588510236475
"AGCACGTTCGATCCAA-1","1","Map2",2.30689843945176
"AGCACTATCAATCCAG-1","1","Map2",2.37739232478715
"AGCACTATCTGGCTAA-1","1","Map2",2.29556716659151
"AGCATCATCTCATCAC-1","5","Map2",0
"AGCATCGCAACTAAGC-1","1","Map2",1.81980107206879
"AGCATCTGTTAGTCGT-1","0","Map2",2.69501889021372
"AGCATCTGTTGTAACC-1","14","Map2",2.0483832266224
"AGCATGAGTTTCCAGG-1","12","Map2",0
"AGCATGGAGGTACTTG-1","11","Map2",1.96685650847627
"AGCATTGTCACTCATC-1","11","Map2",2.27631431748508
"AGCATTGTCCGTTAAG-1","15","Map2",2.83237713620985
"AGCATTTAGCTAGTTG-1","0","Map2",1.25562747919083
"AGCCAAAGTCAAGCAA-1","8","Map2",0
"AGCCAAAGTGCGGTAG-1","4","Map2",0
"AGCCAATCAATTCATC-1","2","Map2",2.14784497915543
"AGCCAATCACCTTAGC-1","6","Map2",0.997483398820606
"AGCCAATCAGCCTAGA-1","12","Map2",0
"AGCCAATCATTAATCC-1","6","Map2",1.76237439706831
"AGCCACTAGATAGCGG-1","7","Map2",1.87694645048329
"AGCCAGCCACATGATA-1","0","Map2",2.54912718318616
"AGCCAGCCAGCCTATC-1","1","Map2",2.08728299477946
"AGCCAGCCAGGTAGGG-1","7","Map2",2.18149886086449
"AGCCAGCCAGTTGGTG-1","4","Map2",0
"AGCCAGCCATAACGCG-1","14","Map2",2.77352672062016
"AGCCAGCCATGAAGTC-1","4","Map2",1.97670334482511
"AGCCATCAGATAGTCT-1","11","Map2",0
"AGCCATCAGGTCAACC-1","10","Map2",0
"AGCCATTGTAGCGACG-1","9","Map2",1.9991771782368
"AGCCATTGTAGTTGAG-1","16","Map2",2.41349478164118
"AGCCATTGTGGCCATC-1","9","Map2",2.60616891795693
"AGCCCATAGCCGAGTT-1","1","Map2",1.0748558834618
"AGCCCCAAGAAGCTCC-1","12","Map2",2.08779874888656
"AGCCCCTTCACCCTGC-1","7","Map2",2.27928902420096
"AGCCCGATCCAATGAT-1","2","Map2",1.71716404885605
"AGCCCGATCCGGTACG-1","0","Map2",1.63587332633801
"AGCCCTAGTTCACGCA-1","6","Map2",2.6023590610241
"AGCCCTAGTTGCCTCT-1","2","Map2",1.87843203544026
"AGCCGAAAGATTAACC-1","10","Map2",0
"AGCCGAAAGCCGACTG-1","8","Map2",2.81335849607541
"AGCCGATTCAGTGCCG-1","5","Map2",1.05744053153913
"AGCCGATTCGCTCAGG-1","4","Map2",2.58323515477029
"AGCCGTTAGATTAGCT-1","11","Map2",2.32880763404396
"AGCCGTTAGCGCAATC-1","2","Map2",1.74703059394021
"AGCCTCAGTAAGTCAG-1","0","Map2",0
"AGCCTCAGTCTTGAAC-1","0","Map2",2.45633690626181
"AGCCTCAGTTTGAGCT-1","11","Map2",1.98487269003737
"AGCCTCAGTTTGGCGC-1","0","Map2",2.45485705397208
"AGCCTCCTCGACCGTG-1","14","Map2",2.9497426108434
"AGCCTCCTCTAACCAG-1","2","Map2",1.85550192477636
"AGCCTCTCATAAGGAG-1","5","Map2",1.90725880174282
"AGCCTGACAAGCGGTC-1","5","Map2",2.3539994598456
"AGCCTGACACATTCCA-1","10","Map2",0
"AGCCTGACACTCATAT-1","6","Map2",1.66108087556383
"AGCCTGACATGGTCAG-1","5","Map2",1.92407466711153
"AGCCTTGGTATAGACG-1","7","Map2",1.75422590233351
"AGCGACAAGTGACGAG-1","3","Map2",0.803026123380486
"AGCGACCCACTCAACC-1","9","Map2",0.697373814606992
"AGCGACCCAGGATCAT-1","12","Map2",0
"AGCGAGGCATTCCTCT-1","1","Map2",1.99547047856311
"AGCGATAGTAGTAACG-1","16","Map2",0
"AGCGATAGTGCGGACA-1","3","Map2",2.11250768045932
"AGCGATAGTGGGTTAA-1","6","Map2",1.33798552613093
"AGCGATGAGTGCTTAG-1","2","Map2",1.33767454916725
"AGCGATTCAGGTAGCC-1","5","Map2",1.37104045557731
"AGCGCAGGTAAGTCTC-1","6","Map2",1.49171515742722
"AGCGCAGGTTTGGGCC-1","3","Map2",1.38922651032923
"AGCGCCATCACCTGCC-1","1","Map2",2.2591023628545
"AGCGCCTGTAATGCAG-1","0","Map2",1.35545523471955
"AGCGCCTGTGGCCATC-1","1","Map2",1.59154740632478
"AGCGGATGTTAGAGTG-1","2","Map2",2.24226966268635
"AGCGGGACAAACCATA-1","2","Map2",2.49010900862669
"AGCGGGACAAGTCCTC-1","11","Map2",1.64013085883351
"AGCGTCCGTAACCACT-1","14","Map2",2.59271675960602
"AGCGTTGCACTAGGAT-1","9","Map2",2.76193899432312
"AGCGTTGCACTTAACT-1","2","Map2",2.80550189525412
"AGCTAACCAAATGCAC-1","3","Map2",0
"AGCTAAGGTGCAGGCA-1","1","Map2",1.75858656933048
"AGCTAAGGTTCACTAA-1","7","Map2",2.16434681195223
"AGCTACGCAAGCTAAC-1","5","Map2",3.14708079831415
"AGCTACGCATCCCAAC-1","0","Map2",2.71147913214266
"AGCTGAGAGTTAATGC-1","2","Map2",2.4006270173491
"AGCTGGTTCTCACCTG-1","2","Map2",1.82032118224401
"AGCTGTTGTTGAAGGC-1","15","Map2",2.60268968544438
"AGCTTAGTCCTGCTAT-1","2","Map2",2.3697008181793
"AGCTTTAGTTAAGTGG-1","14","Map2",1.71727650659118
"AGCTTTAGTTTACTCT-1","10","Map2",0
"AGCTTTAGTTTGGGTT-1","2","Map2",2.29041365135059
"AGGAACTAGGCGATGA-1","6","Map2",1.53783997659083
"AGGAATGCATCCTGCG-1","6","Map2",1.96248013438413
"AGGAATGCATGCTGCT-1","3","Map2",1.75561046564543
"AGGACAACAAAGGGAC-1","6","Map2",1.99098063898343
"AGGACAACATTCGGAG-1","4","Map2",0
"AGGACATAGCTATACG-1","13","Map2",1.03157774326696
"AGGACCCCAATATGGC-1","0","Map2",1.80024715024765
"AGGACCCCAGCACTAG-1","5","Map2",2.30933007935709
"AGGACCCCATAGGCCA-1","2","Map2",2.23903143426685
"AGGACTAGTTGACTAC-1","5","Map2",2.59999329004476
"AGGCACGGTGCGTACC-1","0","Map2",1.81101617048365
"AGGCACGGTTGTCCGA-1","0","Map2",2.86817899843973
"AGGCAGGCACAGGATT-1","5","Map2",2.71654216946569
"AGGCATAGTGCGTACC-1","10","Map2",2.69159272906391
"AGGCATAGTTCCTTGC-1","3","Map2",0
"AGGCATTCATTGGCGA-1","0","Map2",2.17352062871184
"AGGCCAAAGAACCTGC-1","13","Map2",1.97712014864612
"AGGCCAAAGATACTAC-1","0","Map2",2.62363037502229
"AGGCCAAAGGCGAGGT-1","8","Map2",2.40428332153369
"AGGCCAAAGTGACCCG-1","0","Map2",2.45249720862762
"AGGCCAGGTAGCGATA-1","7","Map2",1.6539551089885
"AGGCCAGGTAGTGATG-1","6","Map2",1.74570182789339
"AGGCCAGGTCTGGTGC-1","13","Map2",1.15900105687564
"AGGCCATTCAGCTGGT-1","5","Map2",1.59935466072997
"AGGCCATTCAGGTCCG-1","6","Map2",1.92295167949941
"AGGCCCATCCCCAATT-1","5","Map2",3.00228242163522
"AGGCGAATCACGCAAC-1","3","Map2",1.52580591748197
"AGGCGTTTCCAGATGC-1","7","Map2",1.95323145652105
"AGGCGTTTCTTGAGGC-1","3","Map2",2.53667433980616
"AGGCTCACAACTACCC-1","8","Map2",1.54081181153626
"AGGCTCACATCACGGA-1","10","Map2",1.72766303247411
"AGGCTCCGTTGACTGT-1","4","Map2",0
"AGGCTTGCAGGCAGGA-1","8","Map2",1.67316441566266
"AGGGAACCAAGTGTGT-1","4","Map2",0
"AGGGAACCAATGCCCT-1","14","Map2",1.35888333750503
"AGGGAACCAGCACGTA-1","3","Map2",1.42253553027574
"AGGGAACCAGCACTGA-1","6","Map2",1.07474998508072
"AGGGAACCATCGCTCG-1","2","Map2",1.09502519833315
"AGGGAAGGTTAACGCT-1","0","Map2",1.23130949476566
"AGGGATTAGGCACATC-1","1","Map2",1.52430564655175
"AGGGCAATCACTCCAT-1","5","Map2",1.89657712874123
"AGGGCAATCATGCACA-1","7","Map2",2.02790760833267
"AGGGCATGTATGGCTT-1","0","Map2",1.87219715504187
"AGGGCATGTCTCAGGC-1","3","Map2",0.809543830301769
"AGGGCATGTCTCCACT-1","8","Map2",0
"AGGGCATGTGGACCTC-1","8","Map2",3.22087478761121
"AGGGCATGTTAGTGTC-1","0","Map2",2.00815126651574
"AGGGCTAAGTCGAGTC-1","0","Map2",0.938418456169914
"AGGGCTAAGTGATAGA-1","8","Map2",3.0589215345956
"AGGGGTTGTCATTACA-1","8","Map2",2.64458443575225
"AGGGGTTGTGACTCGC-1","6","Map2",2.69818933233666
"AGGGGTTGTTCGTCCT-1","5","Map2",1.77854923749125
"AGGGGTTGTTTGCAGT-1","0","Map2",0
"AGGGTCAAGAACCATT-1","4","Map2",0
"AGGGTCAAGAAGCGAT-1","1","Map2",1.86733963496189
"AGGGTCAAGCCAGAGA-1","5","Map2",2.47639839971165
"AGGGTTGAGGCTAGAG-1","2","Map2",2.15693606890854
"AGGTAAATCACCTGAA-1","7","Map2",2.38050248698829
"AGGTATGGTCTAATTG-1","8","Map2",0
"AGGTATGGTCTAGCCA-1","0","Map2",1.76544610801163
"AGGTATGGTTGCTAAC-1","11","Map2",1.82799284015267
"AGGTGATAGGTAGCGA-1","11","Map2",1.69141034761881
"AGGTGATAGTGAGTGG-1","16","Map2",1.35417481169778
"AGGTGCAAGAAGCCAG-1","5","Map2",0.84676488235993
"AGGTGCAAGCCGATAC-1","4","Map2",0
"AGGTGCAAGTCATGGC-1","15","Map2",1.42733172680785
"AGGTGCTTCCAGGTTA-1","1","Map2",1.72137484561593
"AGGTGTGAGGTCGAAG-1","2","Map2",2.04433821457293
"AGGTTAAAGTTGCGGT-1","4","Map2",0
"AGGTTAGGTAGTCCTG-1","1","Map2",0.896307061210631
"AGGTTAGGTTAACTGC-1","7","Map2",1.81882687553333
"AGGTTAGGTTTGAGGA-1","4","Map2",0
"AGGTTCATCACTGTCT-1","10","Map2",0
"AGGTTCGCACTAACCC-1","0","Map2",2.61566290970532
"AGTAACCCAAGCTCTC-1","5","Map2",1.30676603991156
"AGTAACCCAAGTGATC-1","0","Map2",2.36352456878539
"AGTAATGAGTAGTCCA-1","12","Map2",0
"AGTACAGGTGGGTACG-1","7","Map2",2.44570154931534
"AGTACAGGTTTACGCG-1","5","Map2",2.10606824914556
"AGTACCATCCTGAATG-1","4","Map2",0
"AGTACCATCTAGTAAC-1","5","Map2",2.11804223521594
"AGTACCTGTTAAGCGA-1","3","Map2",1.71503080027119
"AGTACGGAGAATCGGG-1","7","Map2",2.36535830870543
"AGTACGGAGGATCCGT-1","7","Map2",2.09376496768207
"AGTATAGAGTAGCCGT-1","3","Map2",1.48305378290468
"AGTATCACACAACCCT-1","1","Map2",0
"AGTATCACATAGAGTC-1","5","Map2",1.68833550493918
"AGTATCACATCATATC-1","2","Map2",2.25992302786599
"AGTATCCGTGATTGAG-1","5","Map2",1.67704371247923
"AGTATCCGTTTGGTGT-1","6","Map2",2.01122853245675
"AGTATGAAGGAATTGA-1","2","Map2",1.69568501583596
"AGTATGGGTGAAGTAT-1","0","Map2",2.489186500356
"AGTATGGGTTCGCTGA-1","5","Map2",1.70975706684105
"AGTATGGGTTTCGGCA-1","13","Map2",2.52986332691766
"AGTATTCAGCCATGAC-1","1","Map2",1.78843389250168
"AGTATTGCATAGGGCC-1","7","Map2",2.25028137687068
"AGTCAAGGTATAGCAG-1","12","Map2",1.63222164817016
"AGTCAAGGTGAGGCCA-1","5","Map2",2.29272549370214
"AGTCAAGGTGGACCCT-1","3","Map2",0.76909355180038
"AGTCAAGGTTAGGGTA-1","6","Map2",2.46391804804534
"AGTCAGCTCGCTCTCA-1","9","Map2",1.83689930522053
"AGTCAGTCAAGTAGTC-1","0","Map2",1.41556849200351
"AGTCAGTCAGGCAGAG-1","8","Map2",3.05602342705873
"AGTCCAGCATGAAGTC-1","4","Map2",0
"AGTCCCAGTTAGACGA-1","11","Map2",1.65008570434113
"AGTCCCTCATCGAAGT-1","1","Map2",1.96685650847627
"AGTCCTGGTAACCGAA-1","3","Map2",2.12715767699375
"AGTCCTGGTAGGTCGG-1","8","Map2",3.14894543238577
"AGTCGAAGTTGTGAGA-1","3","Map2",1.69242227936242
"AGTCGGGGTCAACCGC-1","14","Map2",2.75265943494018
"AGTCGGTTCCTTCGGC-1","7","Map2",2.06602473158278
"AGTCGTTGTCAGTAGA-1","4","Map2",2.77846763393956
"AGTCTCAAGATTCAGT-1","5","Map2",2.10295845255241
"AGTCTCAAGTAATGTC-1","0","Map2",1.79817708103064
"AGTCTTGAGGCGAAGC-1","12","Map2",0
"AGTGAACAGGCAACTC-1","4","Map2",0
"AGTGAATGTTCGTCAG-1","3","Map2",1.7500884590359
"AGTGACAGTGAGCGAT-1","10","Map2",0
"AGTGAGGTCATGCTTC-1","5","Map2",2.254508046217
"AGTGAGTAGCGAACTC-1","10","Map2",0
"AGTGATGGTAGTCAAG-1","3","Map2",1.61522291972944
"AGTGATGGTTTGCATA-1","1","Map2",1.7115828268278
"AGTGATTTCCGTGTAA-1","0","Map2",1.60283079173994
"AGTGATTTCCTGGTAA-1","2","Map2",2.18897103011473
"AGTGCATCAGTAAGTC-1","5","Map2",2.316093030977
"AGTGCGCCAACTAAGC-1","8","Map2",0
"AGTGCGCCATGGCAAT-1","11","Map2",2.20221790023905
"AGTGCGGGTGATTCCG-1","1","Map2",1.68845535852522
"AGTGCGGGTTGCGGCT-1","6","Map2",2.40359654251733
"AGTGCTTGTAATCACC-1","14","Map2",2.52950901854903
"AGTGCTTGTGAGTCCC-1","13","Map2",2.10138192730624
"AGTGGAACACAATGAC-1","14","Map2",2.97019312519473
"AGTGGCTTCACCTGGG-1","1","Map2",1.60895808516271
"AGTGGCTTCAGGCAGA-1","3","Map2",1.71372414789283
"AGTGGCTTCTGGCCTC-1","3","Map2",1.38449705659214
"AGTGGTTCAACCCGAA-1","5","Map2",1.56160773930319
"AGTGGTTCAATCCCGT-1","4","Map2",0
"AGTGGTTCATGAGTGT-1","9","Map2",2.34200106003223
"AGTGGTTCATTGCCCG-1","8","Map2",2.02025167330389
"AGTGTAAAGCCAATGC-1","6","Map2",1.84123769740827
"AGTGTCATCACGTGCG-1","3","Map2",2.58285805645885
"AGTGTCATCACTTGAG-1","8","Map2",1.24831654053823
"AGTGTCATCAGCACCG-1","2","Map2",2.33083120488182
"AGTGTCATCGCGTGAT-1","1","Map2",1.82775186356788
"AGTGTCGCATGGATCG-1","11","Map2",2.17656703654423
"AGTGTGAGTTTAGCGT-1","5","Map2",1.7840237692532
"AGTGTGGAGATAGGCG-1","5","Map2",2.29407948325888
"AGTTAGAAGCGGTCTG-1","1","Map2",1.11728855307234
"AGTTAGAAGTGCGCCA-1","0","Map2",2.44776282075485
"AGTTAGCCAACCCTTA-1","4","Map2",0
"AGTTAGCCAAGGGTCC-1","8","Map2",2.03949505535399
"AGTTAGCCAATGTCGG-1","15","Map2",2.90260684665506
"AGTTGAAAGCATCTCT-1","5","Map2",1.82775186356788
"AGTTGAGGTATTGCCG-1","2","Map2",2.42198976834352
"AGTTGCATCCTGTACT-1","4","Map2",0
"AGTTGGGAGTAGTCTG-1","8","Map2",0
"AGTTGGTCAAGTTCGG-1","4","Map2",0
"AGTTGGTCATCGCTAC-1","8","Map2",1.40163837655509
"AGTTTGGTCACAGGAG-1","15","Map2",3.06328606825107
"AGTTTGGTCAGCCAAC-1","1","Map2",0.772840054400983
"ATAACCACACAACCGA-1","0","Map2",2.5239773348465
"ATAACGAAGTCATGGC-1","8","Map2",1.71858985852962
"ATAACGGGTCCCGATA-1","3","Map2",2.04426017171057
"ATAACGGGTTCCCGAA-1","1","Map2",2.24235562031399
"ATAACGGGTTTACTGA-1","1","Map2",1.29330230698421
"ATAACGTTCAGCAGTC-1","9","Map2",2.03760690644964
"ATAACGTTCCCATTAC-1","8","Map2",3.47351804324178
"ATAACGTTCGCGCATG-1","4","Map2",0
"ATAACGTTCGTTAAGT-1","8","Map2",2.11906178912578
"ATAAGCAAGCAGTTCA-1","0","Map2",1.06138077407076
"ATAAGCAAGCGGCATT-1","10","Map2",0
"ATAAGCTTCAGGGAAT-1","6","Map2",1.03879754512904
"ATAAGGATCACAGCGT-1","6","Map2",2.36802486165099
"ATAAGGATCCGGACAT-1","8","Map2",2.63252014938154
"ATAAGGATCCTCGACC-1","1","Map2",1.93013463248108
"ATAATCGCAAGCCTGA-1","6","Map2",1.89380675779396
"ATAATGCTCAGCGGAA-1","7","Map2",2.08795354169399
"ATAATGCTCCGGTTGG-1","3","Map2",1.85896912177411
"ATAATGCTCCTTAGAG-1","7","Map2",1.21950047854848
"ATACCAACACATACCC-1","3","Map2",2.18087932854473
"ATACCATAGGTGATGG-1","10","Map2",2.76791363191079
"ATACCCTTCTATGGGC-1","4","Map2",1.57605208029777
"ATACGAAAGTTACGCA-1","14","Map2",0
"ATACGGTCAAGCGTAT-1","12","Map2",0
"ATACGGTCAAGCTGAT-1","13","Map2",1.22757213343405
"ATACGGTCAAGCTTCC-1","4","Map2",0
"ATACGTTAGTAGCGTC-1","8","Map2",1.71223383442917
"ATACTGGTCTAACTCC-1","4","Map2",0
"ATACTTGGTTCCTTGC-1","2","Map2",2.16048375705921
"ATACTTGGTTGCCTAG-1","16","Map2",0
"ATACTTGGTTGGGCAG-1","3","Map2",2.04621361751363
"ATACTTGGTTTACGAC-1","6","Map2",1.88456240551596
"ATAGCAAAGGTAGCGA-1","5","Map2",2.64630720110416
"ATAGCACCAAGTGTAC-1","1","Map2",1.99899325293938
"ATAGCACCAATGGGCC-1","8","Map2",1.69242227936242
"ATAGCAGGTCTAAGTC-1","1","Map2",1.94336447532356
"ATAGCCATCAAGTAAG-1","10","Map2",0
"ATAGCCATCCCGCAGA-1","9","Map2",1.72538364625109
"ATAGCCTGTTGCTCGA-1","5","Map2",2.28638743749943
"ATAGCGAGTGACCGAG-1","8","Map2",0
"ATAGCGAGTTAGTTGC-1","4","Map2",0
"ATAGCGCTCATGTGCA-1","6","Map2",0
"ATAGCGCTCCGTAGTA-1","1","Map2",1.5630975751754
"ATAGCGCTCGCATGAC-1","0","Map2",2.41372637477625
"ATAGGATGTGCGAGTG-1","8","Map2",2.96001502269073
"ATAGGATGTTGGCGAG-1","0","Map2",1.99752344805609
"ATAGGCCTCGACTTAG-1","8","Map2",1.81677455236437
"ATAGGCGAGAATCCGC-1","15","Map2",0
"ATAGGCTCAGCACCTT-1","4","Map2",2.37106003102387
"ATAGGCTCAGGATGGG-1","6","Map2",2.5383217079637
"ATAGGCTCAGTAAGTC-1","9","Map2",1.59082098285834
"ATAGGCTCATCCTTGA-1","5","Map2",2.01600881959468
"ATAGGGCGTAAGTCCT-1","6","Map2",2.15955059828241
"ATAGGGCGTCTGGTGC-1","5","Map2",2.56439569017067
"ATAGGGCGTTGCGGTC-1","3","Map2",1.83060491430582
"ATAGGGGTCCGGGTAT-1","1","Map2",0.870666890902604
"ATAGGGTAGCATGGTC-1","4","Map2",0
"ATAGGGTAGTGAGATA-1","3","Map2",1.83923213921916
"ATAGTCACAAAGGGAC-1","7","Map2",1.94016791409074
"ATAGTGAAGCCAGGTT-1","7","Map2",2.38799761045071
"ATAGTGAAGTAGGGCA-1","7","Map2",2.38315637532809
"ATATCACAGGTTACAT-1","6","Map2",1.6615186410171
"ATATCACAGTGATGAA-1","3","Map2",1.0166715027801
"ATATCAGCAATTCACT-1","14","Map2",2.83192352404911
"ATATCAGCATTCGGTC-1","2","Map2",0.945580490076459
"ATATCCCTCGAGCACT-1","7","Map2",1.46158595637408
"ATATCCTCAACCTACC-1","5","Map2",2.54690089793828
"ATATCCTCATGGTCCT-1","2","Map2",2.30006206471456
"ATATGGGGTAATCCTA-1","9","Map2",2.54259753409866
"ATATGGGGTGGGAATC-1","5","Map2",2.15791315712133
"ATATGGGGTTGAGCCC-1","3","Map2",1.56598758786498
"ATATGGTTCTCACCTG-1","7","Map2",2.12399035816419
"ATATGTCAGCTGGAGA-1","0","Map2",2.51417955978855
"ATATGTCAGCTTCCTG-1","9","Map2",1.75574247070183
"ATATGTCAGGTACCAC-1","16","Map2",2.54199822710014
"ATCAACTAGCGCGATT-1","3","Map2",0.771211878396639
"ATCAACTAGGGTCCAT-1","2","Map2",2.32174337178119
"ATCAAGCCACATATAG-1","5","Map2",1.85988428510494
"ATCAAGGGTGGCGTGA-1","6","Map2",1.25419337926708
"ATCACAACAGTAATGC-1","11","Map2",1.83411608844942
"ATCACATAGCGATGTC-1","5","Map2",2.2907462294299
"ATCACCTTCCCGTACC-1","8","Map2",0
"ATCACCTTCGCTTGGG-1","2","Map2",2.53434575428053
"ATCACCTTCTGGTACA-1","15","Map2",0
"ATCACGATCACGTTAG-1","3","Map2",1.07238383111739
"ATCAGCCAGCTAATCG-1","16","Map2",1.69314599868588
"ATCAGGCTCACCTTAC-1","2","Map2",1.43168062879987
"ATCAGGCTCACTTCGT-1","1","Map2",1.82545566694945
"ATCAGGCTCCCTGGAG-1","0","Map2",2.90783890631085
"ATCAGGCTCGCTCTAT-1","3","Map2",1.07295319989071
"ATCAGGCTCTATGTCC-1","2","Map2",1.62459523432294
"ATCAGGGAGCCGCATG-1","2","Map2",2.5309981043168
"ATCAGGGAGCGGACTT-1","7","Map2",2.15258069929352
"ATCAGGGAGGATGGTG-1","1","Map2",1.76920366368494
"ATCAGGGAGGTTAGCC-1","5","Map2",2.44186021994377
"ATCAGGGAGTCGAAGG-1","3","Map2",1.38772105556125
"ATCAGGTCAAGCGCGT-1","8","Map2",1.91009641529294
"ATCAGGTCAATTACCT-1","11","Map2",1.38862387560562
"ATCAGTTAGCGGACTT-1","0","Map2",2.26352981208458
"ATCATCAGTAACCGAA-1","2","Map2",1.91468558910038
"ATCATCCTCAATCGGC-1","14","Map2",2.4769690140238
"ATCATCCTCCCGTGAG-1","0","Map2",2.33700232904182
"ATCATCCTCCGCACCT-1","6","Map2",1.80805471095785
"ATCATCCTCGCATCAA-1","14","Map2",1.82676688586354
"ATCATGGTCGACCAGT-1","2","Map2",1.7801416300438
"ATCATTCCACCTTGAC-1","10","Map2",1.6398796706598
"ATCCAATAGCCTAAGC-1","1","Map2",1.18051884898673
"ATCCACGGTGGCAGTG-1","5","Map2",2.31537444740979
"ATCCATGAGCGGAGAC-1","5","Map2",1.87937184944883
"ATCCATGAGGTTACAT-1","4","Map2",1.6996938709958
"ATCCCAGGTGCACCAC-1","8","Map2",2.71947374333597
"ATCCCATTCGTGCCAG-1","1","Map2",1.84742532700232
"ATCCCATTCTGTGCCC-1","0","Map2",1.41493905331401
"ATCCCGCTCAATTGCG-1","5","Map2",0.814909029079535
"ATCCCTTAGGTTGCGT-1","9","Map2",1.80140759977689
"ATCCGGGTCACAGGGA-1","2","Map2",0.8403117569208
"ATCCGGGTCCGCCTAC-1","5","Map2",2.35583706503807
"ATCCGGGTCGACTGAC-1","5","Map2",2.34263259412332
"ATCCGTAAGAAGCCAG-1","3","Map2",1.56927174601535
"ATCCGTAAGATAGATG-1","9","Map2",1.38143907613828
"ATCCGTCCAAAGGACA-1","5","Map2",2.68715372403909
"ATCCGTCCACTATGCC-1","11","Map2",1.23848431451151
"ATCCTCCGTGATTCCG-1","13","Map2",0.846080667387933
"ATCCTCCGTTTGACCG-1","9","Map2",2.31327456881637
"ATCCTGAAGGATCAGG-1","4","Map2",0
"ATCCTGTTCCGCGCTT-1","5","Map2",1.64932125722885
"ATCGAACCAAGCGCGT-1","2","Map2",1.39482969335539
"ATCGAACCAAGCTCAG-1","5","Map2",2.61190151449246
"ATCGAACCACAAGGAA-1","8","Map2",2.40734253023846
"ATCGAAGGTCTAGCCA-1","4","Map2",0
"ATCGAAGGTTGAGGAC-1","2","Map2",2.28059740371392
"ATCGAGGAGCTAGCCG-1","0","Map2",2.06522247083326
"ATCGCATGTGCGGCTT-1","1","Map2",1.20507058901348
"ATCGCCCTCGTCTACT-1","11","Map2",1.42932114838666
"ATCGCCTCAACCGTAG-1","0","Map2",2.10053192316134
"ATCGCCTCACCTCAAC-1","4","Map2",1.70852199121254
"ATCGCGCGTCAGGGCA-1","12","Map2",0
"ATCGGGCCATAACCGG-1","3","Map2",2.86109914413309
"ATCGGTCAGAACGACG-1","0","Map2",1.80649347603911
"ATCGGTCAGTAGACCC-1","1","Map2",2.10483690870599
"ATCGTACGTCTGGCTA-1","0","Map2",1.55083381903165
"ATCGTACGTTCCCAGA-1","9","Map2",1.91392970405427
"ATCGTAGTCGAGGTCT-1","7","Map2",2.41002856573503
"ATCGTAGTCGCTATCT-1","4","Map2",0
"ATCGTCAAGAAGGATC-1","3","Map2",1.97841966740148
"ATCGTCAAGCATGGCT-1","4","Map2",0
"ATCGTCAAGGCATGTC-1","2","Map2",2.00874976204516
"ATCTAACAGCGAAGTG-1","7","Map2",2.18531376655004
"ATCTAACAGCGCCTCT-1","6","Map2",2.66064094959914
"ATCTAACAGGCACAGA-1","5","Map2",1.23891953720533
"ATCTAACAGTGTCAAT-1","15","Map2",3.59969814120897
"ATCTACCTCAGCACCG-1","3","Map2",2.60268968544438
"ATCTACTCAAGTAACC-1","3","Map2",1.383078002304
"ATCTACTCAAGTGTAC-1","6","Map2",2.43623671248536
"ATCTACTCATCAAGCG-1","0","Map2",2.6388969548444
"ATCTATGGTGCAATGA-1","3","Map2",0.565638727909619
"ATCTATGGTTATGCGT-1","2","Map2",0.689121630308518
"ATCTATGGTTTACTTC-1","14","Map2",1.24778535742162
"ATCTCATCACCATGTC-1","9","Map2",2.12377965633659
"ATCTCCACAGCAGGGA-1","8","Map2",2.83441886700355
"ATCTCCACATCGCTCG-1","14","Map2",2.45771157603045
"ATCTCGCCAGGAAGGT-1","5","Map2",2.16888290239465
"ATCTCGCCATCCAGAG-1","0","Map2",1.98370023447069
"ATCTGAGTCGTCTACT-1","1","Map2",0.633115964232122
"ATCTGGATCCATAGTG-1","2","Map2",1.77718716220178
"ATCTGTGAGGAGGTGC-1","5","Map2",2.14045228731443
"ATCTTCATCGAACCCG-1","11","Map2",1.69633941938206
"ATCTTGCTCTAAGCAT-1","8","Map2",1.89241748305148
"ATGAAAGTCATATCGG-1","15","Map2",1.40650477256798
"ATGAACCCAGCTCTAC-1","3","Map2",1.54889204539221
"ATGAACCCATGATCCC-1","2","Map2",0.992060171926695
"ATGACAGGTAAGGTCA-1","12","Map2",0
"ATGACAGGTTATCACA-1","13","Map2",1.9520494790527
"ATGACGGAGAATCCGC-1","9","Map2",0
"ATGACGGAGGATCTGC-1","10","Map2",2.29863464792114
"ATGAGGCGTAATGAGT-1","11","Map2",1.97593838442744
"ATGAGGTAGCCTGAGT-1","1","Map2",1.69043596219104
"ATGAGTAAGCGAACTC-1","2","Map2",1.27202018532068
"ATGATGTTCAATCACG-1","2","Map2",2.20662559177708
"ATGATGTTCCGGTTCC-1","13","Map2",1.43856864970366
"ATGATGTTCCGTTAAG-1","3","Map2",2.39291021760945
"ATGATTGCAAGCGTAT-1","6","Map2",1.23640002269911
"ATGATTGCATAGACAC-1","10","Map2",0
"ATGCACGCAAAGGTGA-1","6","Map2",2.52765131222729
"ATGCACGCATTCAGTT-1","4","Map2",0
"ATGCAGGAGCCAATCA-1","2","Map2",1.94227611341855
"ATGCATTAGATTCAAC-1","3","Map2",1.48138821445583
"ATGCATTAGCCTGCTC-1","6","Map2",1.70134058631431
"ATGCCACAGGTAGGCA-1","1","Map2",1.74509689951147
"ATGCCCTCATCCCAAC-1","1","Map2",1.66188750404061
"ATGCCCTCATGGCGTA-1","6","Map2",1.00510774142654
"ATGCCTGGTGGCTGTC-1","4","Map2",0
"ATGCGGTTCACTTGGA-1","8","Map2",0
"ATGCTCAAGCGGATCT-1","13","Map2",1.00852471802139
"ATGCTCAAGTACCAAT-1","4","Map2",1.77650710215293
"ATGCTGATCCGTGCGA-1","4","Map2",2.47572129534643
"ATGCTGATCCTTCACG-1","3","Map2",2.10081965180282
"ATGCTTAGTAATGACG-1","5","Map2",2.9820663291745
"ATGCTTGAGGTGCGTT-1","2","Map2",1.81054550832709
"ATGGAGACAATTGACA-1","3","Map2",2.39191677751022
"ATGGAGTAGAAGCGCA-1","12","Map2",0
"ATGGATGGTTCCATCC-1","6","Map2",2.01450590145547
"ATGGCAAGTTAGCCTG-1","5","Map2",2.44725859571108
"ATGGCGAAGCATATCG-1","11","Map2",1.82632954847501
"ATGGCTATCACGTAAT-1","0","Map2",2.8593297932718
"ATGGCTATCCTTCCAG-1","1","Map2",2.48097413751812
"ATGGCTGCAGCCAGAC-1","1","Map2",1.92745381751208
"ATGGCTGCAGGCATCA-1","12","Map2",0
"ATGGCTGCATGATCGG-1","7","Map2",2.39937385635748
"ATGGGATAGGCTCTGG-1","10","Map2",0
"ATGGGATAGTAGCTGC-1","14","Map2",2.87262351984196
"ATGGGCAAGCGCTCGA-1","11","Map2",2.2129578979192
"ATGGGCTTCCTGTCGC-1","2","Map2",1.17461183510335
"ATGGGGATCCTTAGTC-1","0","Map2",2.0512764742588
"ATGGGGATCTGGGAAG-1","4","Map2",0
"ATGGGTGAGCGAAGTG-1","0","Map2",1.43101421580186
"ATGGGTGAGGTCACAC-1","6","Map2",1.74169171828714
"ATGGTAAAGGATGTAA-1","7","Map2",2.08796761529185
"ATGGTAAAGGCACGAA-1","4","Map2",0
"ATGGTAGGTATGGTTC-1","11","Map2",2.32866826076034
"ATGGTCATCAAGTAGA-1","12","Map2",0
"ATGGTCATCCGGTGAT-1","3","Map2",1.70335857875318
"ATGGTGAGTCAGTCAT-1","4","Map2",0
"ATGGTGAGTTCGATAC-1","2","Map2",1.67263712047957
"ATGGTGAGTTTGGCGC-1","3","Map2",2.40270249619254
"ATGGTGGAGCCACTAA-1","6","Map2",0
"ATGGTTTAGGCTCCGA-1","14","Map2",1.88290688951202
"ATGGTTTAGTATGTAC-1","10","Map2",0
"ATGGTTTAGTTGGCCG-1","6","Map2",2.23284851693176
"ATGTACCGTGCACGCT-1","15","Map2",3.27263308627045
"ATGTAGCCAAGCACGC-1","0","Map2",2.2155662917963
"ATGTAGCCAATCCATT-1","4","Map2",0
"ATGTCAACAAGTCCCT-1","5","Map2",1.67358654468506
"ATGTCCCCACATTGAA-1","0","Map2",2.17604525127458
"ATGTCCCCACTCAGCT-1","11","Map2",1.22852544498413
"ATGTCCCCAGCACTGA-1","9","Map2",1.83670920062061
"ATGTCCCCATTACTGT-1","0","Map2",2.7227326203922
"ATGTCCTTCTATGTGG-1","2","Map2",1.35460131059193
"ATGTGAAAGCGCCATG-1","5","Map2",2.36504616149557
"ATGTGAGGTCTAAGCT-1","7","Map2",2.47622016173594
"ATGTGCATCGTTGCGG-1","6","Map2",2.1620301252009
"ATGTGCATCTGGTGAC-1","4","Map2",1.76477720932112
"ATGTGGGAGATAGGGT-1","5","Map2",2.55814567195098
"ATGTGGGAGTATGTCG-1","7","Map2",2.08948906130794
"ATGTGGGAGTGTCAAT-1","0","Map2",1.7413682750348
"ATGTTAGCACTCATCA-1","16","Map2",1.55923104863668
"ATGTTCCTCTCACCAT-1","3","Map2",2.44088329178126
"ATTAAGCTCCGCCAGA-1","3","Map2",2.51241283794467
"ATTAAGCTCCGCCATC-1","0","Map2",2.13468017380076
"ATTAAGCTCGACATAT-1","2","Map2",2.33426169013098
"ATTACCCTCATGCCTT-1","5","Map2",1.87608774620599
"ATTACCCTCGTACTAG-1","13","Map2",2.2244920082202
"ATTACCTCACTAAGGT-1","3","Map2",2.13230119070232
"ATTACGTAGCAGGCTT-1","7","Map2",2.38683271359889
"ATTACGTAGCCCTGAG-1","4","Map2",2.50851588838906
"ATTCAGGTCGCGTTAA-1","1","Map2",1.17476644025044
"ATTCAGTAGCGCATGT-1","0","Map2",1.69061629995442
"ATTCAGTAGGATCACC-1","2","Map2",1.38155067867889
"ATTCAGTAGGCGAGTA-1","1","Map2",1.71887161389935
"ATTCAGTAGTAGGAAC-1","7","Map2",2.79581076012755
"ATTCATGGTTGCGTCA-1","8","Map2",1.63255280174334
"ATTCCAAGTTGGGACG-1","6","Map2",0.870263501828717
"ATTCCATCAGCCATTC-1","12","Map2",1.85259490584447
"ATTCCATCATAGGTAC-1","5","Map2",1.90667306245649
"ATTCCCACAACATGGT-1","1","Map2",1.35218855367574
"ATTCCCACATGGCTCT-1","3","Map2",2.02898064589069
"ATTCCGGGTTCCTGCT-1","3","Map2",1.29464731017615
"ATTCCTTGTATGGGTA-1","14","Map2",2.30999856153725
"ATTCCTTGTTTCCGAG-1","3","Map2",0.815119581371606
"ATTCGATAGCAAGGAT-1","3","Map2",1.97840176896744
"ATTCGATAGGAGGTAT-1","4","Map2",0
"ATTCGATAGTTGGTCA-1","4","Map2",0
"ATTCGCTTCCCTGGAG-1","13","Map2",1.67123298470286
"ATTCGCTTCCTCATCG-1","10","Map2",0
"ATTCGGGCAACCCTTA-1","9","Map2",0
"ATTCGGGCATTGGCCT-1","6","Map2",1.59628868737126
"ATTCGTTCAGCAGTAT-1","1","Map2",1.6596543329231
"ATTCGTTCATTACAGA-1","5","Map2",1.91905517643688
"ATTCGTTCATTGGCCT-1","8","Map2",0
"ATTCTCATCATACTCC-1","3","Map2",1.43319789734244
"ATTCTCATCCTGTATC-1","3","Map2",2.11661707998785
"ATTGACTAGGTAAGTA-1","4","Map2",0
"ATTGAGAAGCCTAGCG-1","3","Map2",1.81807007627788
"ATTGAGAAGGATGGGC-1","3","Map2",1.86993455757269
"ATTGATGCAAGTGGCC-1","5","Map2",1.90874964167565
"ATTGCCCCAGGCAAGG-1","0","Map2",1.60306846414862
"ATTGCCCCATCCACAC-1","1","Map2",1.81999366173147
"ATTGCCTTCACCTATC-1","1","Map2",1.41437311410321
"ATTGCCTTCACGCACG-1","6","Map2",1.94260316717577
"ATTGGATTCCAGGTCG-1","8","Map2",0
"ATTGGATTCCTGCATT-1","1","Map2",1.47641779932178
"ATTGGATTCTGGCTAA-1","1","Map2",1.96738550053935
"ATTGGCCAGCCACAGT-1","2","Map2",1.64694847884014
"ATTGGCGCAAAGGCAA-1","2","Map2",2.10638519280838
"ATTGGCGCATGCGCTT-1","8","Map2",0
"ATTGGGTCAAACTGCG-1","8","Map2",1.9791180365896
"ATTGGGTCAAGTCCCT-1","7","Map2",2.38057668061526
"ATTGGGTCACCACATC-1","0","Map2",0
"ATTGGTTAGCCACATA-1","3","Map2",1.8228403481643
"ATTGGTTAGCCCTGTC-1","10","Map2",2.48197839000891
"CAAACCGCAGCAGGGA-1","1","Map2",1.42189886841487
"CAAACTTAGTATGATC-1","13","Map2",0.81385798609388
"CAAAGCCTCCCTCAAT-1","5","Map2",1.74963024001065
"CAAAGCTCATGGTAGT-1","15","Map2",3.09746040728121
"CAAAGGCGTAGCTCGC-1","4","Map2",1.9018098250742
"CAAAGGCGTATGGTGA-1","1","Map2",1.7626409734276
"CAAAGGTAGTACCACA-1","0","Map2",2.28534203897595
"CAAAGTAAGCGATTGC-1","2","Map2",1.7272826174809
"CAAAGTAAGTGCGCTG-1","2","Map2",1.15347836875405
"CAAATGAAGGCAATGG-1","6","Map2",0
"CAAATGTTCATGGTGC-1","11","Map2",1.24191738663531
"CAAATGTTCCTTCGTG-1","0","Map2",2.2381437277029
"CAAATGTTCGATGCTA-1","5","Map2",1.18428381466939
"CAAATTCAGATTAAGG-1","12","Map2",0
"CAAATTCAGCGATTGC-1","0","Map2",1.89493446994273
"CAAATTCAGGAGGACC-1","0","Map2",2.24543462690558
"CAAATTCAGGGTACTC-1","10","Map2",0
"CAAATTCAGTCGAGAG-1","7","Map2",2.29101238949794
"CAACAGTCAAGCTGGC-1","1","Map2",1.83016525036543
"CAACAGTCAATTAGCA-1","2","Map2",2.40371096643131
"CAACCAATCTGGCTAA-1","0","Map2",1.29928298413026
"CAACCAGCATGGATCG-1","1","Map2",2.25218255162021
"CAACCCAGTGCGATGG-1","0","Map2",2.09077615390134
"CAACCCTCAATCGCCT-1","8","Map2",1.19373431975077
"CAACCCTCACATGCTC-1","4","Map2",0
"CAACCCTCAGCTAGGC-1","9","Map2",2.26934127872548
"CAACGAAGTAGGCGAT-1","12","Map2",0
"CAACGAAGTTAGTAGG-1","2","Map2",2.06174227081483
"CAACGATCACATATAG-1","11","Map2",1.36994481994059
"CAACGATCAGTTGAGT-1","2","Map2",2.00805820937148
"CAACGGGGTTCAAGGA-1","9","Map2",1.78285690323581
"CAACTAACAAGTGTCG-1","13","Map2",2.01960362251544
"CAACTAACATGGAGCC-1","9","Map2",1.70164596452283
"CAACTAGTCATCACCT-1","6","Map2",1.84123769740827
"CAACTAGTCGAATCCA-1","11","Map2",1.98451174135764
"CAACTGATCACAGGTC-1","0","Map2",1.76297433526868
"CAAGACAGTGACCGAG-1","7","Map2",1.54942041250019
"CAAGATGGTGAAGTTG-1","10","Map2",0
"CAAGCCACAATACCGG-1","2","Map2",1.48491741845386
"CAAGCCCGTGAACTGA-1","0","Map2",0.955511445027436
"CAAGCCCGTGCGGACA-1","4","Map2",0
"CAAGCGAAGCGGAGAC-1","0","Map2",2.35719117725412
"CAAGCGAAGGAACCCT-1","10","Map2",0
"CAAGCGAAGGGGTAAT-1","0","Map2",2.19651378210416
"CAAGCTCAGCTATCTC-1","3","Map2",1.90391330879686
"CAAGGATAGAACGGTG-1","2","Map2",2.00364176621639
"CAAGGATAGTTGGACC-1","4","Map2",1.99240137735663
"CAAGGCGGTGCGGTGA-1","14","Map2",2.17363568618664
"CAAGGGATCACCCTTG-1","1","Map2",1.8712354728624
"CAAGGGATCTAGGCAC-1","10","Map2",2.03053141664232
"CAAGGGGCAATTCATC-1","13","Map2",1.84890218788498
"CAAGGTAGTGGCTCAC-1","10","Map2",0
"CAAGGTTCAGCTCGTT-1","12","Map2",0
"CAAGTAAAGGCGTTAC-1","3","Map2",1.35194074159669
"CAAGTAAAGTGTCCTT-1","8","Map2",1.56909109017273
"CAAGTAGGTTTGGGCC-1","2","Map2",2.31920456383164
"CAAGTCATCCCATACT-1","7","Map2",1.75719615890468
"CAAGTCATCTCACCGC-1","13","Map2",1.73339425326688
"CAAGTCGCAAACCAGT-1","11","Map2",2.68571402262343
"CAAGTCGCAGCAGTAT-1","5","Map2",2.29586279704589
"CAAGTCGCAGGAAGGT-1","3","Map2",2.03839065203673
"CAAGTCTGTGAGGAGA-1","4","Map2",0
"CAAGTCTGTTATCTAG-1","8","Map2",0
"CAAGTTTAGCATCCGG-1","0","Map2",2.08656151198565
"CAAGTTTAGTCAACTG-1","12","Map2",0
"CAATAGCCAGTAAGTC-1","13","Map2",1.71391066213066
"CAATAGCCATCCCAAC-1","5","Map2",2.28010475611574
"CAATATCAGGCTCCGA-1","15","Map2",2.99449811570996
"CAATATCAGGGGTAAT-1","2","Map2",1.88151703250036
"CAATCCTTCAGCAAGG-1","0","Map2",1.50940143973438
"CAATCCTTCGCATGGT-1","9","Map2",1.66004518425543
"CAATCGATCCGCAAGT-1","0","Map2",2.07551397826316
"CAATCTTCAATAGGGA-1","15","Map2",0
"CAATCTTCAATAGTCA-1","3","Map2",1.89939013342042
"CAATGGCTCAGCACCG-1","8","Map2",2.33996401873227
"CAATGGCTCGCGCGTA-1","7","Map2",1.98419195313934
"CAATTGGTCCGCGCTT-1","1","Map2",1.63865298347006
"CAATTGGTCTAGGCGT-1","3","Map2",1.80133721597802
"CACAACATCATGTAAC-1","1","Map2",1.75355437996891
"CACAACATCCGCAAGT-1","11","Map2",1.87499630017409
"CACAAGTCAACCATCC-1","8","Map2",2.01798589135412
"CACAAGTCACATATAG-1","14","Map2",2.16790310503083
"CACAAGTCACCTTCGG-1","12","Map2",1.21598205576
"CACAAGTCACTCAATT-1","6","Map2",1.99349606324269
"CACAAGTCATAAGCTA-1","2","Map2",1.00775094455129
"CACAATTAGTAAGGCG-1","6","Map2",2.40279601429752
"CACACAATCTGGCTCC-1","16","Map2",0
"CACACACAGAAGCCTC-1","5","Map2",2.10487708516663
"CACACACAGCAATCGC-1","6","Map2",2.07300420700077
"CACACCCTCCAGCGTG-1","5","Map2",2.20197941541783
"CACACCTCAAGCCTCT-1","2","Map2",2.449591213111
"CACAGGCCAAGTGAAG-1","14","Map2",0
"CACAGGCCAGCTAGTG-1","8","Map2",1.60338549290705
"CACAGGTTCCTTGGAA-1","5","Map2",2.43214172868933
"CACATAACAAATCCTT-1","0","Map2",1.65127656053365
"CACATAACAATACCAA-1","5","Map2",2.26790690114404
"CACATAGTCCCATTCG-1","0","Map2",1.84160439003233
"CACATTAGTAACGTAG-1","1","Map2",0.633281771131673
"CACATTGAGGAATTGA-1","7","Map2",1.67934639515547
"CACATTGAGGTTGCAC-1","16","Map2",1.64762556764427
"CACATTTCAATCCAGG-1","9","Map2",1.08435168030222
"CACATTTCAATTGCTT-1","3","Map2",1.73901809181445
"CACCAACAGGATCTAT-1","3","Map2",1.61694666318667
"CACCACCTCCTGTACT-1","5","Map2",2.68252150931347
"CACCACCTCTAATGGT-1","1","Map2",1.73591994394481
"CACCAGACAGCACTGA-1","4","Map2",1.73685566178721
"CACCAGTAGGAGCCTT-1","4","Map2",0
"CACCAGTAGTAAGTGA-1","12","Map2",0
"CACCATCCAAACTACA-1","14","Map2",1.9440268018487
"CACCATTTCACATGGC-1","1","Map2",1.66814236829328
"CACCATTTCTGGCTAA-1","16","Map2",0
"CACCCAAGTAATGCTC-1","5","Map2",1.00819294325227
"CACCCATCAAAGGTCT-1","3","Map2",2.71641223794851
"CACCCATCAAGTCGGC-1","0","Map2",2.36205551973333
"CACCCATCAGGAATGA-1","4","Map2",0
"CACCCTTGTGGCTCAC-1","11","Map2",2.00508635684779
"CACCCTTGTTCCTGCT-1","9","Map2",1.25338832027611
"CACCGATAGCCACACG-1","9","Map2",2.01572679738869
"CACCGATAGGTAAGGT-1","15","Map2",0
"CACCGATAGTCGCATA-1","5","Map2",2.57744611080448
"CACCGCAAGATTGCTG-1","11","Map2",2.10245011404779
"CACCGCAAGTGAGCAG-1","7","Map2",1.98936018485242
"CACCGCTTCTCATCCG-1","8","Map2",2.78343635018663
"CACCTAAAGAACGGTG-1","12","Map2",0
"CACCTAAAGGCGTTCG-1","3","Map2",1.1686937470946
"CACCTAAAGTCATAGT-1","0","Map2",1.69677603342272
"CACCTATTCCGTCATT-1","10","Map2",0
"CACCTATTCGACCAGT-1","10","Map2",0
"CACCTATTCGATCAAT-1","6","Map2",1.6221012164265
"CACCTCATCGCGTTAA-1","8","Map2",2.00870984774181
"CACCTCGCAACCCTAC-1","2","Map2",1.5127500365639
"CACCTCTGTGAGGAAG-1","2","Map2",2.11916918761905
"CACCTGCTCCGGTATA-1","4","Map2",1.35831060372315
"CACCTTTAGCAAGTAA-1","8","Map2",0
"CACCTTTAGCATCCGG-1","4","Map2",1.94214817471432
"CACGACCGTAGTCCAT-1","0","Map2",2.17964170677835
"CACGACCGTGGACACG-1","15","Map2",2.04817202441047
"CACGACCGTTCGCAGC-1","1","Map2",2.25972117979296
"CACGACTAGCCCTGGA-1","13","Map2",1.40037028355366
"CACGACTAGGTCATTG-1","9","Map2",2.0750062997417
"CACGAGGGTAGCTCGC-1","2","Map2",1.89854510769826
"CACGAGGGTCTTGATA-1","16","Map2",0
"CACGATTGTTGCGGAG-1","4","Map2",2.40336774176403
"CACGATTGTTGTCTCC-1","13","Map2",1.90569785768983
"CACGCAACAAACTTGA-1","11","Map2",2.03514476014304
"CACGCAACAAGGGCTC-1","3","Map2",2.79273874617722
"CACGCAACACATGACG-1","4","Map2",0
"CACGCCAAGGCAAGCA-1","8","Map2",0
"CACGCCAAGGTCCAGT-1","14","Map2",2.75008544432845
"CACGCCAAGTGTCATG-1","0","Map2",2.22603844293203
"CACGCCAAGTTGCTGA-1","9","Map2",2.29608598521918
"CACGCTAGTTGAAGTG-1","6","Map2",1.3339556883869
"CACGGTTAGGTATGAA-1","13","Map2",1.67281284037323
"CACGGTTAGGTGAGAT-1","0","Map2",1.98207982211017
"CACGGTTAGTAGTAGA-1","3","Map2",2.32937532636161
"CACTAACGTAGCAGGT-1","3","Map2",0.89725259507883
"CACTAACGTTAGGTTC-1","5","Map2",1.79057988832816
"CACTACCCAGGACAGG-1","11","Map2",1.56101275503263
"CACTATGAGATTGGCC-1","6","Map2",1.47942151290056
"CACTATGAGGCACACT-1","0","Map2",2.03162458015844
"CACTATGAGTGATACT-1","9","Map2",1.31441431848941
"CACTCAAAGCGGCATT-1","6","Map2",1.6265074134685
"CACTCACCAAGTGGAA-1","2","Map2",2.10950107808244
"CACTCACCACTTCGTA-1","1","Map2",1.23784660957458
"CACTCACCAGGCATTG-1","13","Map2",1.84179578144619
"CACTCACCATGCTCAC-1","4","Map2",2.25203029323003
"CACTCCATCCGCAGTG-1","14","Map2",1.73550752434181
"CACTCCATCGCATCCC-1","3","Map2",1.26692964602854
"CACTCCGCAAGTGGAA-1","10","Map2",2.97841908235231
"CACTCCGCACATACGG-1","1","Map2",2.06969561739312
"CACTCCGCATTAGGTA-1","2","Map2",2.24496800952272
"CACTCGCTCATGCGTA-1","7","Map2",2.08884717784166
"CACTCGCTCCAGCGTG-1","3","Map2",2.12235484978981
"CACTGCCTCCCATTAC-1","3","Map2",1.99272961761499
"CACTGCCTCCTGTATC-1","9","Map2",0
"CACTGCCTCTCACCAT-1","3","Map2",2.00065018203098
"CAGCAAAGTCTTACGG-1","2","Map2",2.35985343986455
"CAGCAATCAAGTTCCC-1","4","Map2",0
"CAGCAATCAGGCTCAA-1","4","Map2",0
"CAGCACTAGGAATCAA-1","6","Map2",1.99667959371755
"CAGCACTAGTCAGCGT-1","7","Map2",2.50026168277011
"CAGCAGCCAATACTAG-1","0","Map2",2.35915310887066
"CAGCAGCCATTACGCC-1","11","Map2",1.65599975990721
"CAGCATATCCATTGCT-1","1","Map2",1.98980780126555
"CAGCATTGTAATCCTA-1","4","Map2",0
"CAGCATTGTAGTGCTT-1","5","Map2",2.54264549682955
"CAGCATTGTTAGGCCC-1","9","Map2",1.84650068690112
"CAGCATTGTTAGTGCT-1","3","Map2",1.15355261078563
"CAGCCATAGCGCTATA-1","1","Map2",2.17188860574166
"CAGCCATAGGTAGAGT-1","9","Map2",2.03897171939075
"CAGCTAATCACATACG-1","6","Map2",1.79635756285368
"CAGCTATGTGCGTAGG-1","6","Map2",0
"CAGCTCTCAAATGGAG-1","0","Map2",2.18883698316213
"CAGCTCTCATGACCGA-1","0","Map2",2.04416262924416
"CAGGATTCAGGAGCAG-1","4","Map2",1.92544950968523
"CAGGCCATCGCTCGTC-1","7","Map2",2.39783034026325
"CAGGCGAGTAGTAGCA-1","2","Map2",2.17807809279223
"CAGGCGAGTATGTGAG-1","4","Map2",0
"CAGGCTTAGTTGGCCG-1","5","Map2",2.41242672118808
"CAGGGCAGTTGCTATA-1","0","Map2",2.44655756790555
"CAGGGCTCAAGCGCGT-1","10","Map2",0
"CAGGTAAGTAGTCCTG-1","1","Map2",2.18083509465688
"CAGGTAAGTGAAGCTA-1","6","Map2",0.962057788580324
"CAGGTAAGTGATCAAG-1","8","Map2",2.68139421110004
"CAGGTCCGTAACGAGC-1","16","Map2",0
"CAGGTCCGTTTGAGTC-1","4","Map2",0
"CAGGTTATCCTGTGAA-1","6","Map2",0.903843971828615
"CAGTAACCAATTCAGA-1","11","Map2",1.98967154225113
"CAGTAACCAGGAAGCG-1","0","Map2",1.72424673944707
"CAGTACGCATAGGCCA-1","3","Map2",1.4141531685985
"CAGTAGCTCACGCCAG-1","5","Map2",2.25673814178163
"CAGTAGCTCGACCCGA-1","11","Map2",1.0887112176854
"CAGTAGCTCGCTTGAA-1","0","Map2",1.67224191573331
"CAGTAGGAGCTTACTC-1","3","Map2",2.05350936262225
"CAGTCCCTCGCGTCCT-1","11","Map2",1.7615752705669
"CAGTGTTGTCAGTCAT-1","0","Map2",2.03064641324073
"CAGTGTTGTGGACACG-1","1","Map2",2.16927515978799
"CAGTTAGTCACTAGCA-1","2","Map2",1.06510399910669
"CAGTTAGTCATGCCTT-1","4","Map2",0
"CAGTTATAGCAAGGGC-1","4","Map2",0
"CAGTTATAGTCGCGCA-1","6","Map2",2.57329755466575
"CAGTTCAAGGCGAAGC-1","1","Map2",1.58253425646799
"CAGTTCCCAAATCAGC-1","1","Map2",1.17515315127747
"CAGTTTGAGGCGAGGT-1","5","Map2",0
"CAGTTTGAGTGAGATA-1","1","Map2",1.48402007583878
"CATAACTAGCGATGTC-1","10","Map2",0
"CATAACTAGGTACCGT-1","1","Map2",1.48423989462774
"CATAACTAGTAGACCC-1","3","Map2",1.41580469926928
"CATAAGCCATCCTGGT-1","5","Map2",1.67598354048649
"CATAAGCCATCGCTCG-1","0","Map2",1.73176563125711
"CATAAGGGTTTCGGCA-1","3","Map2",1.99867805576254
"CATACCAAGTGGCTCG-1","5","Map2",0.892460983686833
"CATACCTTCACAGGTC-1","0","Map2",2.04344474190781
"CATACCTTCGATGTGC-1","0","Map2",1.84280141455078
"CATACTGAGGCTTACA-1","10","Map2",0
"CATACTGAGTACCATG-1","2","Map2",2.59634734012605
"CATACTTCAAGGTCGC-1","9","Map2",2.38915343139217
"CATACTTCAGTTAGGT-1","0","Map2",1.37422924956805
"CATAGAGGTCAACTAC-1","9","Map2",2.07125975698358
"CATAGAGGTTCGCCAA-1","10","Map2",2.38436936776056
"CATAGATTCACCAATG-1","0","Map2",1.60957506939903
"CATAGCATCCACCTAT-1","11","Map2",1.60611819539148
"CATAGCATCGACCTAA-1","14","Map2",2.51973528436363
"CATAGCCAGCATCGCG-1","4","Map2",0
"CATAGCCAGCCCTGCT-1","4","Map2",0
"CATAGCCAGGATTCAT-1","7","Map2",1.70562819681617
"CATAGCCAGGGTGATG-1","6","Map2",2.54020282537296
"CATAGCGCATGGTGAT-1","15","Map2",0
"CATAGCTGTTGCATAC-1","2","Map2",1.67881431977764
"CATAGGCTCGACATTG-1","10","Map2",0
"CATAGGGAGATTGACT-1","3","Map2",2.6381292553027
"CATAGGGAGTGCCATA-1","3","Map2",1.08183161173779
"CATAGGTCATCCACTA-1","4","Map2",0
"CATAGGTCATTCGGCT-1","9","Map2",1.55913220742135
"CATAGTTAGGCTCCTC-1","0","Map2",1.5152845966404
"CATAGTTAGGTCCCAG-1","9","Map2",1.76467692902759
"CATATAGCATTACCGC-1","6","Map2",2.00762409264966
"CATATCCTCAATGGAA-1","4","Map2",1.80014174798086
"CATATCTCACCTCAGT-1","0","Map2",1.63676157050889
"CATATCTCATTCAGTT-1","13","Map2",1.39319094017895
"CATATTCCACATGAGT-1","2","Map2",0.749502410149984
"CATATTCCATCATAGA-1","6","Map2",2.47559662476141
"CATCAATAGTAATGGA-1","0","Map2",2.52993420626731
"CATCACAAGCCTGCCT-1","0","Map2",2.49454814802599
"CATCACAAGTGATTCG-1","0","Map2",2.5160371243152
"CATCACCCATCCTACA-1","2","Map2",1.70815189712004
"CATCACTTCAGCACTA-1","0","Map2",2.48977898038165
"CATCACTTCAGTTCCT-1","3","Map2",0.961857996810632
"CATCAGGCAGCTAAGT-1","1","Map2",2.4261875337405
"CATCAGGCATCGCTGT-1","8","Map2",2.82347862965621
"CATCATTCATGGATGT-1","2","Map2",1.80072165245205
"CATCCACCAAAGGACA-1","4","Map2",0
"CATCCACCATAATTGG-1","10","Map2",1.83645580532502
"CATCCCGCAGCTCGTT-1","1","Map2",1.49262350669035
"CATCCCTGTTTACTGA-1","7","Map2",2.40693398727125
"CATCCGCTCACGCTAA-1","15","Map2",2.68647856817735
"CATCCGCTCATATCGG-1","1","Map2",1.89589558304423
"CATCCGCTCCGCTGTC-1","1","Map2",2.47161685111515
"CATCCGCTCTAGTGCA-1","6","Map2",2.3954196154851
"CATCCGCTCTGGCTCC-1","13","Map2",1.19853109412821
"CATCCGGAGGAGGTAT-1","1","Map2",1.7575931396333
"CATCCGGAGTGCCCGA-1","9","Map2",1.8996800789243
"CATCGTCCAAGCGCGT-1","2","Map2",1.84336070166268
"CATCGTCCACAGCAAT-1","0","Map2",1.3402710931407
"CATCGTTTCAATCTCC-1","5","Map2",2.78538663059682
"CATCGTTTCCATCCAT-1","0","Map2",1.50384410621182
"CATCTGTTCGTTAGGC-1","4","Map2",1.87608774620599
"CATCTTGCAAGCTAAC-1","13","Map2",1.60608635521308
"CATCTTGCACATTAGA-1","3","Map2",0.734181572593781
"CATCTTGCACTTCGAC-1","1","Map2",1.83209862476573
"CATGAAGGTGCAATTC-1","8","Map2",2.2874265325632
"CATGCAATCCAGATCA-1","1","Map2",2.55490497465551
"CATGCAATCTGGTAGC-1","6","Map2",2.14615575438378
"CATGCCAGTCAACTTA-1","11","Map2",1.77589560412458
"CATGCCAGTCATGCGC-1","9","Map2",1.91435684893623
"CATGCCAGTCTCCAGA-1","4","Map2",2.10343203031649
"CATGCCAGTTTCCAGG-1","1","Map2",1.7122958670052
"CATGCGCGTATAGTGG-1","3","Map2",1.60752067267123
"CATGCGCGTTCAATGC-1","3","Map2",2.87456688724715
"CATGCTGGTAAGCGCG-1","4","Map2",0
"CATGGGTTCCAGCGTG-1","3","Map2",1.16541757987243
"CATGGTCAGCCATCAA-1","9","Map2",0
"CATGGTCAGTGGCTGT-1","13","Map2",2.02749844729373
"CATGGTCAGTGTCCGG-1","2","Map2",2.5698485355414
"CATGTCAAGGTCACTA-1","6","Map2",0.871798496991436
"CATTACTCAGTACCTC-1","10","Map2",0
"CATTACTCATCGCGTT-1","3","Map2",1.86704894114994
"CATTACTCATGCTCCG-1","10","Map2",0
"CATTAGGTCCGCGTGA-1","2","Map2",1.64492126702618
"CATTAGTAGCTACTCT-1","6","Map2",1.94081890591142
"CATTAGTAGGCTACAC-1","15","Map2",0
"CATTCGAAGTGCCATA-1","4","Map2",0
"CATTCGCCAGCACGGT-1","4","Map2",0
"CATTCGTTCACGCTAA-1","0","Map2",1.03316838041573
"CATTCTATCACGCCAG-1","6","Map2",2.02790760833267
"CATTGGATCCGCTGTC-1","2","Map2",1.81204414039956
"CATTGTGAGCGCGATT-1","0","Map2",2.03283462619696
"CATTTAGGTGCGCATC-1","6","Map2",2.39810508941941
"CATTTCATCCTCGTGC-1","11","Map2",1.8935781032051
"CATTTCGCACTAACCC-1","13","Map2",2.36891728573185
"CATTTGAGTAATGGAT-1","6","Map2",2.76198861599756
"CATTTGAGTAGCTTAC-1","6","Map2",1.8506030341925
"CATTTGAGTTAGCGAA-1","8","Map2",2.78807531279701
"CATTTGCTCGCTAATG-1","13","Map2",1.74453146984722
"CCAAAGCTCCATGAAT-1","13","Map2",1.09067573907237
"CCAAAGTCACAGCGAC-1","5","Map2",1.34633979900985
"CCAAAGTCACTAGCAG-1","9","Map2",1.90944312882405
"CCAAAGTCATCCCTAA-1","0","Map2",2.29944114250408
"CCAAATGTCCATGAAT-1","7","Map2",2.16837777906053
"CCAAATTAGGAGGATT-1","0","Map2",2.95815799973579
"CCAACCTCACTTCAAT-1","1","Map2",1.79707681926422
"CCAACTAAGCCATACA-1","1","Map2",1.7102362505433
"CCAACTAAGGGTACGA-1","9","Map2",1.56369446183241
"CCAACTAAGTTGGTCA-1","12","Map2",0
"CCAACTGGTCCATACG-1","1","Map2",1.09981373054271
"CCAAGGGGTGAAGTAT-1","3","Map2",2.77387872722687
"CCAAGTCAGGTAGACG-1","5","Map2",3.0233426837901
"CCAAGTCAGTCATTCC-1","6","Map2",1.66113846020178
"CCAATAGTCAGGAGTG-1","0","Map2",2.02861733798886
"CCAATAGTCCCTCTGA-1","9","Map2",1.56751247279912
"CCAATATAGCGCGATT-1","7","Map2",2.55985360757701
"CCAATATAGTGAAGTA-1","14","Map2",2.73616467188499
"CCAATCCCAATCCGTC-1","12","Map2",0
"CCAATCCCACAACGGC-1","8","Map2",2.68545932293137
"CCAATCCCACTTGATT-1","1","Map2",1.42128273393793
"CCAATTAGTAACCACT-1","1","Map2",1.4223444620945
"CCAATTAGTTTAGGCT-1","3","Map2",0.785090719478063
"CCAATTGAGCTACCGG-1","3","Map2",0.884455812667098
"CCACAACAGAAGCGTG-1","10","Map2",2.62972916222918
"CCACAACAGTAAGGAC-1","14","Map2",2.12304534264078
"CCACAACAGTTAGTAC-1","10","Map2",0
"CCACAGACAACATGAC-1","7","Map2",1.49184865645084
"CCACATGGTTAACCCG-1","8","Map2",1.90594153861222
"CCACCAAGTGAGCAAC-1","12","Map2",0
"CCACCAAGTTACACTA-1","3","Map2",1.66533216507103
"CCACCTATCAGTTGAT-1","9","Map2",1.78850301754238
"CCACCTCAGTAGCGTC-1","8","Map2",1.55538729956269
"CCACCTGCACTAATTC-1","3","Map2",2.20412833931995
"CCACCTTGTCTAGTAC-1","12","Map2",0
"CCACCTTGTGATCCAT-1","0","Map2",2.99439209019503
"CCACCTTGTTACACGT-1","10","Map2",1.5142695665425
"CCACGAACAAAGGTGA-1","11","Map2",1.05074228870601
"CCACGAACAGTTAGAC-1","13","Map2",1.65224780490187
"CCACGATAGGTGAGCA-1","15","Map2",2.47846871234069
"CCACGCAAGCTAACGC-1","5","Map2",2.55294160531067
"CCACGCAAGCTACTGA-1","15","Map2",0
"CCACGTAGTTGGCCGT-1","7","Map2",1.66721209424923
"CCACGTTCATGCTTGC-1","3","Map2",2.12887586541159
"CCACGTTCATTAGCCC-1","6","Map2",2.08163212305965
"CCACTAGGTAATGACG-1","8","Map2",0
"CCACTAGGTAGCCCGT-1","0","Map2",1.55701073605584
"CCACTAGGTGAAGCTA-1","2","Map2",1.84949305574191
"CCACTAGGTTAGTCAC-1","0","Map2",1.95297183875224
"CCACTATTCACTGGTA-1","14","Map2",1.88574720027527
"CCACTTACAAGGTCTG-1","0","Map2",1.81772437541209
"CCAGAATCAAGTCGAT-1","7","Map2",1.52199179636655
"CCAGACCGTTGCACCA-1","7","Map2",1.67304720381817
"CCAGACTAGTAACCAT-1","2","Map2",1.82882592316499
"CCAGACTAGTTAGTCG-1","0","Map2",1.5869429609921
"CCAGAGAAGCGCCACA-1","6","Map2",2.03653417979175
"CCAGAGAAGCGCGATT-1","8","Map2",2.43338632959961
"CCAGAGAAGGATAGGT-1","6","Map2",2.32701152916202
"CCAGAGAAGGGGACGT-1","10","Map2",0
"CCAGAGGGTGGAGAGA-1","1","Map2",1.73198894320784
"CCAGATGCAACCAACG-1","13","Map2",1.63882012775128
"CCAGATTGTTTGCGAT-1","2","Map2",1.69097711722387
"CCAGCAACAAAGGCCC-1","6","Map2",1.10620284032759
"CCAGCAACAAATGGTC-1","4","Map2",0
"CCAGCTAGTAATCCCG-1","12","Map2",0
"CCAGCTAGTCTAACCG-1","9","Map2",1.22185880429845
"CCAGCTAGTTCCGTAG-1","7","Map2",2.18126647981268
"CCAGGTTAGGCGCTCA-1","8","Map2",2.0628206604438
"CCAGGTTAGGTTGACC-1","4","Map2",2.07612363066435
"CCAGTAATCGACCCGA-1","0","Map2",1.71615274672792
"CCAGTATGTAATTCGC-1","1","Map2",2.2293869384294
"CCAGTATGTATGGCAA-1","3","Map2",2.02261901299282
"CCAGTATGTTGTAGTC-1","1","Map2",2.2966218856893
"CCAGTATGTTTGATGC-1","1","Map2",1.93047041241648
"CCAGTCCTCAGCTGCG-1","0","Map2",2.32851497742273
"CCAGTCCTCCAGGTAC-1","5","Map2",1.81605582227999
"CCAGTTAAGTATGAGA-1","1","Map2",1.7510057928367
"CCAGTTAAGTTAGCGC-1","3","Map2",2.41707509462464
"CCAGTTGGTCTAGTGT-1","4","Map2",0
"CCATAACGTAACCGAA-1","6","Map2",1.52157199104772
"CCATAACGTTGAGTAG-1","3","Map2",0
"CCATAACGTTTGCCCT-1","5","Map2",2.05843659735709
"CCATAAGTCCGTTAAG-1","6","Map2",2.28570561442337
"CCATACTTCACATGAT-1","9","Map2",1.99380912040138
"CCATACTTCGTTACTC-1","7","Map2",2.01080817442743
"CCATATAGTGCACCAC-1","9","Map2",1.48481178242682
"CCATCACCAAGGTAAG-1","4","Map2",2.55759638315628
"CCATCACCATCAATCT-1","4","Map2",0
"CCATCAGGTAATGAGT-1","0","Map2",2.27109285650275
"CCATCAGGTGGGTCAG-1","14","Map2",1.90789387526647
"CCATCATTCAATCCTC-1","8","Map2",0
"CCATCCGCATAACGGT-1","7","Map2",2.86786925967924
"CCATCCGCATGGCAAT-1","3","Map2",1.56894058167195
"CCATCCGCATGGCCTT-1","15","Map2",0
"CCATCCTGTTGGATCT-1","6","Map2",2.58022299123058
"CCATCGCTCCTGATTC-1","2","Map2",2.49395342725538
"CCATCTTAGAAGGACT-1","15","Map2",2.68097184976449
"CCATGCCTCGCGTGAT-1","2","Map2",2.08735665304447
"CCATGCCTCTATGCAG-1","10","Map2",0
"CCATGGGTCAGTTGCA-1","4","Map2",0
"CCATGGGTCCCCTGAC-1","6","Map2",1.21866069032998
"CCATGGGTCGAACGAG-1","13","Map2",1.3703390163549
"CCATGTCCATGCTGTC-1","2","Map2",2.1538623503337
"CCATTAAGTCTTACGG-1","4","Map2",3.14404702608989
"CCATTAAGTTCGGGCT-1","0","Map2",2.28441070369569
"CCATTAAGTTGTCAGT-1","11","Map2",1.64762556764427
"CCATTAGAGCATCTAG-1","9","Map2",1.39281714793794
"CCATTAGAGGTGAGGC-1","9","Map2",1.71796414362995
"CCATTAGAGGTGGCTT-1","3","Map2",1.29734687510339
"CCATTTCAGTCAGTCA-1","4","Map2",1.80606827324287
"CCCAAATGTTAGCTGT-1","7","Map2",1.59621025872399
"CCCAAATGTTGCGGTC-1","8","Map2",1.76397536465063
"CCCAAATGTTGGAGAC-1","5","Map2",1.96725321775425
"CCCAACCTCATCTCTA-1","8","Map2",1.04953435337684
"CCCAAGGTCACTCGAA-1","2","Map2",1.54404838344951
"CCCAAGGTCAGGTAGG-1","7","Map2",2.35398508900585
"CCCAAGGTCCCCTTGA-1","3","Map2",1.66686356814862
"CCCAAGGTCGACCAAC-1","4","Map2",0
"CCCAATCCATAATTGG-1","11","Map2",1.88176953855496
"CCCAATTTCTAGCGCG-1","3","Map2",1.44859212368091
"CCCACGTTCACACTTC-1","5","Map2",2.38714675448301
"CCCACGTTCAGGCTCG-1","6","Map2",0
"CCCACGTTCGATCGGT-1","8","Map2",1.90667306245649
"CCCACGTTCTCATTCA-1","0","Map2",2.80809739195241
"CCCACTTGTAACCACT-1","5","Map2",2.28689663240519
"CCCACTTGTAACGAGC-1","13","Map2",2.14287261531165
"CCCACTTGTGCATTCG-1","10","Map2",0
"CCCACTTGTTTCGGGC-1","10","Map2",0
"CCCAGCAAGAACCTCA-1","2","Map2",1.68150426067653
"CCCAGCAAGCGCAATC-1","12","Map2",0
"CCCAGGATCCTGACTT-1","11","Map2",1.8403934143781
"CCCAGGATCCTGCGAG-1","2","Map2",2.45200124114842
"CCCAGTGAGATTGAGA-1","2","Map2",1.26741829402777
"CCCATAGGTCCCGAGT-1","1","Map2",1.91343714955317
"CCCATCATCAGGAAGT-1","9","Map2",1.80324000861853
"CCCATCATCGTAACCA-1","1","Map2",1.6892949186652
"CCCATCTGTCTAACTA-1","5","Map2",1.91723826740387
"CCCATGAGTGAGCAAC-1","5","Map2",2.43444089801135
"CCCATGAGTTGGACCC-1","2","Map2",2.68474193274489
"CCCATGCTCACGCCGA-1","0","Map2",2.122743177394
"CCCATGCTCCTGCGTC-1","1","Map2",1.88141224411849
"CCCATGCTCGACATGC-1","15","Map2",1.83867602177912
"CCCATTGTCAGCATTG-1","2","Map2",2.50403490013822
"CCCGAATAGTTGCACA-1","3","Map2",2.39543138691358
"CCCGATGAGGTGAACG-1","5","Map2",1.73387398216862
"CCCGATTCAACCAGAT-1","4","Map2",0
"CCCGCATTCGAACCGT-1","7","Map2",1.99968320200035
"CCCGCATTCGACATTG-1","0","Map2",0
"CCCGCATTCGTAACTG-1","2","Map2",1.856787529524
"CCCGCTTAGCGCAATC-1","4","Map2",0
"CCCGCTTAGGGTCAAG-1","0","Map2",1.66252195453697
"CCCGGTAAGTGCGCCA-1","2","Map2",1.80331057949674
"CCCGGTTTCAGTACCA-1","1","Map2",1.71902819396286
"CCCGGTTTCCGGTAGT-1","15","Map2",1.72576302731971
"CCCGGTTTCGCTCTAT-1","12","Map2",0
"CCCGTTGCAACTGGAT-1","6","Map2",2.3636117977186
"CCCGTTGCAATACTCT-1","7","Map2",1.76805127301686
"CCCTAACCAACGTTAA-1","2","Map2",1.92673737472689
"CCCTAACCATCCACTA-1","5","Map2",2.03767944195764
"CCCTACGCAATTAGCA-1","7","Map2",0
"CCCTAGCTCCGTGAAC-1","3","Map2",1.78843389250168
"CCCTATGTCACTCCAT-1","9","Map2",1.8706776550219
"CCCTATGTCGCTGATA-1","3","Map2",1.37177200167284
"CCCTCAATCGTTCAAG-1","7","Map2",2.36445548481241
"CCCTCACAGATAGACA-1","0","Map2",1.86666923105822
"CCCTCACAGCGATAGG-1","1","Map2",1.84537770631748
"CCCTCACAGGGTCTGT-1","8","Map2",0
"CCCTCACAGTGGCAGA-1","3","Map2",1.33036273056308
"CCCTCAGCATGAGTGT-1","3","Map2",1.71083956506218
"CCCTGAGAGATTCAGT-1","6","Map2",2.57647257761808
"CCCTGAGAGCCATCCC-1","11","Map2",0
"CCCTGAGAGGTATATC-1","4","Map2",1.47278039005436
"CCCTGGTTCACAGCAC-1","9","Map2",2.22877036101888
"CCCTTAACAACTGTCC-1","6","Map2",1.40441438486919
"CCCTTAACAATATGGC-1","4","Map2",0
"CCCTTAACACTTCGAC-1","8","Map2",3.1992282409771
"CCCTTAACATAGGGTT-1","0","Map2",2.39672726062208
"CCCTTACGTGATAGAT-1","5","Map2",2.23678731656339
"CCCTTACGTTGCGTGC-1","1","Map2",1.89471153313127
"CCCTTACGTTTCGACG-1","6","Map2",2.30992425880115
"CCCTTAGTCACCAGCG-1","0","Map2",2.37114005415379
"CCCTTGATCCGTTGCC-1","1","Map2",2.23089955007019
"CCGAAATCAATGCCAG-1","7","Map2",2.10393749605453
"CCGAAATCACCTATCA-1","12","Map2",0
"CCGAACTAGCAAGCCT-1","0","Map2",2.36842359164067
"CCGAACTAGGTGAGCA-1","3","Map2",2.04048455061052
"CCGAACTAGTAATGTC-1","11","Map2",1.27226668178755
"CCGAATATCTGTCACT-1","13","Map2",2.02010986532309
"CCGAATTGTAACTCTA-1","1","Map2",2.09988002109671
"CCGAATTGTTGCATCG-1","3","Map2",1.6456807599132
"CCGACAACACAATTAG-1","9","Map2",2.27681869070451
"CCGACATAGCTAAGGG-1","8","Map2",0
"CCGACATAGGCTTGGT-1","9","Map2",0
"CCGACATAGTAACGGG-1","1","Map2",1.68644458471414
"CCGACATAGTCATCGA-1","0","Map2",1.17701331454554
"CCGACCAAGGTAGGGC-1","4","Map2",1.29754019086364
"CCGACTAGTCATTAGC-1","8","Map2",0
"CCGACTAGTTTGAGTC-1","4","Map2",0
"CCGACTTCAAATCCAA-1","0","Map2",2.27542961770193
"CCGCAATAGTACCATG-1","8","Map2",2.53733801268595
"CCGCATGAGCCTGAAC-1","4","Map2",0
"CCGCATTCACTTGATT-1","12","Map2",2.62674877270023
"CCGCCAAAGCAACCCG-1","5","Map2",2.65272155719082
"CCGCCAAAGGCTAGAG-1","6","Map2",1.58139832632705
"CCGCCATTCTAGTGTG-1","8","Map2",0
"CCGCCTTAGGCGAATG-1","1","Map2",1.53764871354908
"CCGCGAATCCTCATAC-1","11","Map2",2.37393526573078
"CCGCGATGTAGTCCAT-1","8","Map2",1.7022571258035
"CCGCGATGTGAGACAC-1","7","Map2",2.25078068180518
"CCGCGTTTCAGCCTAA-1","3","Map2",1.9457901586544
"CCGCGTTTCATCTGGA-1","0","Map2",1.30054498238049
"CCGCGTTTCCATGCAA-1","7","Map2",2.46200768532735
"CCGCTAAGTAAGCCAA-1","4","Map2",0
"CCGCTAAGTAGGTACA-1","14","Map2",1.31821006104027
"CCGCTAAGTGCAGGCA-1","0","Map2",1.84882702090996
"CCGCTAAGTTGCATCG-1","1","Map2",1.69215108044677
"CCGCTAAGTTTGGAAG-1","4","Map2",2.06702872660313
"CCGCTAGAGTGCCCAG-1","1","Map2",2.06412071668532
"CCGCTCACAGGCAGAG-1","0","Map2",2.76567836099021
"CCGCTTATCACGCGAT-1","7","Map2",1.23173906870366
"CCGCTTATCATATAGC-1","0","Map2",1.97643552069954
"CCGCTTATCGACCTGG-1","11","Map2",1.99431811336844
"CCGCTTGCAAGTCGAT-1","4","Map2",0
"CCGGATTAGCCATTAG-1","7","Map2",2.4323462429479
"CCGGCAATCATCGTGA-1","0","Map2",2.31209005529738
"CCGGCAATCCGGAACT-1","7","Map2",2.35005686541022
"CCGGCATGTGGAAGTC-1","10","Map2",0
"CCGGCATGTTAGCACT-1","3","Map2",2.56774953011924
"CCGGCATGTTTACCAA-1","0","Map2",2.34518795129966
"CCGGCTAAGTGTCCTT-1","2","Map2",2.54719016818086
"CCGGGTTGTCAGGCAG-1","1","Map2",1.67018177259671
"CCGGTACGTCAAGTGA-1","4","Map2",1.34152154033845
"CCGGTACGTGCAACCC-1","0","Map2",2.34715378962699
"CCGGTCAAGCCAGTCG-1","3","Map2",1.76445636239543
"CCGGTCAAGGTGACTC-1","12","Map2",3.05945923521793
"CCGGTTAGTGACCGAG-1","11","Map2",1.40712553339779
"CCGGTTAGTTGTGGCC-1","1","Map2",0.691600775642493
"CCGTAACAGCTTACGA-1","3","Map2",1.4990321874864
"CCGTAACAGTATGATC-1","2","Map2",2.45420396411751
"CCGTAACAGTCTAGCA-1","5","Map2",1.48918401555394
"CCGTATGGTTCCAGCA-1","1","Map2",1.85903445257147
"CCGTCATCAATAGGTC-1","0","Map2",0
"CCGTCCACAGGGACTC-1","12","Map2",0
"CCGTCGTTCATGAACT-1","3","Map2",1.55105341647244
"CCGTGATAGATAGGTA-1","6","Map2",1.26303573531739
"CCGTGCAAGCAACCCG-1","6","Map2",1.8650919671231
"CCGTGCTTCGCGTGTG-1","2","Map2",2.05506584619065
"CCGTGGATCATGCGTA-1","5","Map2",2.09204085125324
"CCGTGGATCCACCTAT-1","2","Map2",3.01847104718065
"CCGTGGATCGACCTGG-1","0","Map2",2.04656576396962
"CCGTGTGAGGGGTACA-1","1","Map2",1.99921396862833
"CCGTGTGAGGTAGGTG-1","1","Map2",2.68921456985432
"CCGTGTGAGTTAGGAA-1","15","Map2",1.90667306245649
"CCGTTAGGTCTTGGGC-1","12","Map2",2.23856785123679
"CCGTTCATCACGCCGA-1","12","Map2",0
"CCGTTCATCCAGATAT-1","0","Map2",3.22969091676493
"CCGTTCGCACTAATCT-1","2","Map2",2.10406391352001
"CCGTTCGCATGCTCCG-1","6","Map2",2.6788631072448
"CCGTTGAGTTAGGTAG-1","8","Map2",0
"CCGTTGAGTTGGCATT-1","3","Map2",1.84412202356092
"CCGTTGCTCATCACCT-1","1","Map2",1.77932224001946
"CCGTTGCTCTATCACC-1","13","Map2",1.59206676895388
"CCGTTGCTCTATGAAC-1","2","Map2",2.01399933253894
"CCTAACCCATGCTTCA-1","0","Map2",2.30267509794438
"CCTAACTTCCAGAGAG-1","0","Map2",3.30552821060394
"CCTAACTTCTATGGAT-1","5","Map2",2.17368171383533
"CCTAATGAGTGGCCTG-1","0","Map2",1.77244035960556
"CCTACAGGTGATGCAA-1","3","Map2",2.15962327252623
"CCTACCGCAGGATGAA-1","0","Map2",1.30857003077832
"CCTACCTGTGAAGCAC-1","0","Map2",2.40864609687274
"CCTACCTGTTCCGGTA-1","15","Map2",1.7000594688291
"CCTACGGAGATTCGTG-1","1","Map2",1.73897941843377
"CCTAGCCTCCAGGGAA-1","2","Map2",2.68266252412226
"CCTAGCGAGCCATACA-1","5","Map2",2.14413545309453
"CCTAGCGAGCCGACAT-1","4","Map2",0
"CCTAGCGAGTACCACA-1","3","Map2",2.49310454952002
"CCTAGGTAGGTTGGTC-1","0","Map2",2.946318452088
"CCTAGTAAGATACTGT-1","1","Map2",2.11211221584911
"CCTAGTAAGCATCAAT-1","5","Map2",1.38434752411412
"CCTAGTAAGCTAGCGT-1","9","Map2",1.81505080370736
"CCTAGTAAGGGTAGAT-1","11","Map2",2.43188346616909
"CCTAGTAAGTGCGCTG-1","9","Map2",2.2058037184276
"CCTATAGAGCCGAGTT-1","7","Map2",1.22550050858252
"CCTATCACAAACCGTG-1","12","Map2",0
"CCTATGAAGCCCTTCA-1","12","Map2",0
"CCTATGTTCTGTAACG-1","4","Map2",0
"CCTATTCAGGTACTAT-1","9","Map2",1.77082016495501
"CCTATTCAGTTACGTG-1","2","Map2",2.18632776122692
"CCTCAACCAGCCTAGA-1","1","Map2",1.45544971415687
"CCTCAAGGTTCCGTGA-1","2","Map2",1.14522971607237
"CCTCAGCTCACATGCA-1","6","Map2",2.06534275701637
"CCTCATTAGGCTTCCC-1","15","Map2",4.83783322805712
"CCTCCAGCAAGTGTGT-1","14","Map2",2.52394800682924
"CCTCGAAGTAATGACG-1","16","Map2",1.34319296817675
"CCTCGAAGTGCGTGTC-1","5","Map2",3.11431485038588
"CCTCGGTTCCGCGATG-1","2","Map2",1.6003798075144
"CCTCGGTTCCGGAGTT-1","3","Map2",2.44391207924141
"CCTCGTTGTCAACCAT-1","0","Map2",2.18990998934826
"CCTCTAACAACGGCTA-1","6","Map2",1.43059051100002
"CCTCTAACACCTCGAT-1","5","Map2",2.43012557022746
"CCTCTAACAGTAAGCT-1","7","Map2",2.51818470651817
"CCTCTAACATCACTCA-1","6","Map2",2.46246733626996
"CCTCTTAGTGACGACG-1","1","Map2",1.15730319974871
"CCTCTTGAGGTTGCTA-1","4","Map2",0
"CCTGAACAGTGACCCG-1","7","Map2",1.86167980726897
"CCTGAACAGTTAGTGT-1","11","Map2",1.29087653998954
"CCTGAGACAACCCTAC-1","0","Map2",1.42313300341478
"CCTGAGACAAGTGATC-1","14","Map2",1.55509256341837
"CCTGAGACAATCGTAA-1","0","Map2",1.71812051961067
"CCTGAGTAGATTCGGC-1","2","Map2",2.05431438969225
"CCTGAGTAGTTGCCGG-1","0","Map2",2.36492133554336
"CCTGATCCAGCATGTG-1","1","Map2",1.63139447652873
"CCTGATCCATCGACTC-1","1","Map2",0.969411842596071
"CCTGATGGTAGGTATG-1","7","Map2",1.6257731167689
"CCTGATTTCAGGCTAC-1","15","Map2",2.38079930126505
"CCTGATTTCAGGTCCG-1","14","Map2",1.87655600588813
"CCTGCAAGTAATCGTC-1","0","Map2",2.48634398088149
"CCTGCGAAGCGAAGGC-1","3","Map2",1.2849200801299
"CCTGCTCAGTCGAACC-1","5","Map2",1.97563261671343
"CCTGCTCAGTCGATGC-1","9","Map2",3.15652182247786
"CCTGGCTTCGATTGCA-1","15","Map2",0
"CCTGGTAGTGATTCGT-1","3","Map2",1.35888333750503
"CCTGGTAGTTCCCAAG-1","12","Map2",0
"CCTGGTTCATCCAACC-1","7","Map2",2.02651735011104
"CCTGGTTCATTGCCAC-1","9","Map2",0.749443560131816
"CCTGTCATCCTGTGAA-1","5","Map2",2.43471794205734
"CCTGTCGCACAACCTC-1","9","Map2",1.26989862925961
"CCTGTGAGTATTGCAC-1","0","Map2",2.00922889652392
"CCTGTGGAGGGCTCCA-1","7","Map2",2.46160277695764
"CCTGTTGTCAGCGGAA-1","7","Map2",1.72677571973236
"CCTTAATCAATCGACG-1","10","Map2",2.98303482825288
"CCTTAATCAGCACGAC-1","2","Map2",1.49964013594255
"CCTTAATCATAGGTCG-1","0","Map2",2.28570561442337
"CCTTAATCATGCTGTC-1","0","Map2",2.17570957030007
"CCTTAGAAGCCTGGTG-1","8","Map2",1.61943235365141
"CCTTAGAAGTCATCTC-1","1","Map2",1.98776647910726
"CCTTAGCCAATATGTG-1","3","Map2",2.42124933322287
"CCTTCGATCTAGCTCT-1","14","Map2",2.3719407104721
"CCTTGCATCGTAGTTG-1","6","Map2",1.61441644281188
"CCTTGGGAGCGCATTA-1","2","Map2",1.64323655240376
"CCTTGGTCAAATCGGT-1","4","Map2",2.00731416038944
"CCTTTAATCACGCGCA-1","5","Map2",2.03787635852835
"CCTTTAATCCGCTGTC-1","6","Map2",1.10749047450634
"CCTTTAGCAAATCCAA-1","14","Map2",0
"CCTTTCAGTAACGAGC-1","2","Map2",2.17951524010065
"CCTTTCAGTAATGCAG-1","4","Map2",0
"CCTTTCAGTCAAGGTA-1","5","Map2",1.4618235034254
"CCTTTCAGTTGCGGAG-1","7","Map2",1.70394673807061
"CGAAACCTCCCAGGAT-1","6","Map2",2.21012798217213
"CGAACATCATGAGCTG-1","0","Map2",2.66011073881309
"CGAACGAAGATAGGTA-1","0","Map2",2.01387609140292
"CGAACGAAGATTGGTT-1","14","Map2",0
"CGAACGAAGCGAATCC-1","4","Map2",0
"CGAAGCAAGGGGACTA-1","13","Map2",1.84224255763287
"CGAAGCAAGGTCGTTA-1","12","Map2",0
"CGAAGGATCAATGGTT-1","6","Map2",1.91715578599144
"CGAAGTGAGAAGCAAC-1","0","Map2",2.67604859801836
"CGAAGTGAGGTTGGAG-1","3","Map2",2.21714424002505
"CGAATAGGTAAGTTCC-1","8","Map2",1.71934145980446
"CGAATCATCCCGCTTA-1","10","Map2",0
"CGAATCTGTGATAGTG-1","4","Map2",0
"CGAATCTGTTCGAGTT-1","3","Map2",1.56568802821941
"CGAATCTGTTCGTGTG-1","6","Map2",1.81324529854265
"CGAATCTGTTGACCAT-1","8","Map2",1.92494927346326
"CGAATTTAGAACCTTG-1","10","Map2",2.06642617356777
"CGAATTTAGATAGTAG-1","5","Map2",0
"CGACAGCCAAGGGCAG-1","5","Map2",2.0187781524627
"CGACAGCCACTATATC-1","12","Map2",0
"CGACAGCCATCACTGC-1","0","Map2",2.47135746075149
"CGACCAACATCCAAGG-1","8","Map2",0
"CGACCATAGAAGGGCC-1","0","Map2",2.08429833463184
"CGACCCTTCGAGCACT-1","0","Map2",2.5747279741704
"CGACCCTTCTCACTAC-1","1","Map2",1.81023665521611
"CGACCCTTCTGGCCTC-1","8","Map2",1.89297607238221
"CGACCTAGTAAGTAGT-1","14","Map2",2.72558458699241
"CGACCTAGTGAAGCAC-1","6","Map2",2.24796256527245
"CGACTAATCACTGTCT-1","0","Map2",1.69233186786347
"CGACTAATCCGCGATG-1","14","Map2",2.367546638764
"CGACTAGCAACCGCAA-1","3","Map2",1.96694464807132
"CGACTAGCAATTGGTA-1","0","Map2",2.4400789050337
"CGACTATGTGCGGATG-1","7","Map2",1.62622297348574
"CGACTCCTCACTTCAC-1","6","Map2",2.55540274557796
"CGACTCCTCAGCTGCG-1","4","Map2",0
"CGACTGACATCATCTG-1","5","Map2",1.69314599868588
"CGACTGACATGAAGTC-1","7","Map2",2.45315275842981
"CGACTGGTCTCATCGT-1","1","Map2",1.91212116954179
"CGACTTGGTGAGAGTC-1","1","Map2",0
"CGACTTGGTTGAAGCA-1","5","Map2",1.94738588547524
"CGAGCAAAGCATCCTT-1","6","Map2",2.67296661494224
"CGAGCAGGTCCATAGT-1","14","Map2",1.90016357412525
"CGAGCCATCAGGACTC-1","6","Map2",1.50146748052936
"CGAGCCTGTCAGCCGT-1","2","Map2",1.26861116073539
"CGAGCGAGTAATGACG-1","7","Map2",1.75508269234917
"CGAGCGAGTAATGAGT-1","4","Map2",0
"CGAGGGACATAACGAC-1","1","Map2",1.52891132682088
"CGAGGGACATCGTAGG-1","10","Map2",0
"CGAGGGTAGCAAGCTC-1","7","Map2",1.56488987236393
"CGAGTAAGTGCGCCAT-1","9","Map2",0
"CGAGTGAAGGAGCTTC-1","4","Map2",0
"CGAGTGAAGTGAGCGA-1","3","Map2",0.933052609603141
"CGATAACCATCCGGTT-1","7","Map2",2.1530872861102
"CGATAGTCAAAGGGTA-1","8","Map2",0
"CGATAGTCATCCCTGG-1","10","Map2",0
"CGATCAATCCCTCGGT-1","11","Map2",1.64172389091418
"CGATCAATCTAACTCC-1","9","Map2",2.57080314115049
"CGATCCCTCGAACCGT-1","1","Map2",1.48158522303875
"CGATCCCTCTATGGAT-1","9","Map2",2.10469630733118
"CGATCCTCATCCCGTG-1","8","Map2",1.63954489842766
"CGATCTAAGATTCACG-1","4","Map2",0
"CGATCTAAGTAACGAA-1","12","Map2",0
"CGATGGGGTATAGCTC-1","6","Map2",1.42357152161271
"CGATGGGGTGCATCAT-1","4","Map2",1.88978981391945
"CGATGGTTCCGTATAG-1","10","Map2",1.77936773693289
"CGATGTTGTCTAGTAC-1","5","Map2",1.53117925478488
"CGATGTTGTTAGACTC-1","1","Map2",2.11608732499171
"CGATTAACATTGCACC-1","10","Map2",0
"CGATTACGTTCACGGC-1","8","Map2",0
"CGATTACGTTCCGCAA-1","4","Map2",0
"CGATTACGTTGGGACG-1","16","Map2",2.0977679365713
"CGATTAGTCAAGTCGC-1","3","Map2",2.12110487534851
"CGATTATAGCGATAGG-1","4","Map2",0
"CGATTATAGCTACCTT-1","4","Map2",1.91255137370802
"CGATTATAGTTAGCTG-1","14","Map2",1.16884662524313
"CGATTCAAGTCATAGT-1","5","Map2",2.04614027390492
"CGATTCCCAAGCATGT-1","4","Map2",0
"CGATTCCCACAATCAA-1","7","Map2",1.98508332279496
"CGATTCCCAGTACCTC-1","4","Map2",0
"CGATTTAGTTCACCGA-1","4","Map2",1.53193700851449
"CGATTTAGTTGGACCC-1","5","Map2",2.40945225887986
"CGCAAATCAATCAGAC-1","2","Map2",2.16121408291191
"CGCAACTAGTATGGTT-1","13","Map2",2.28603627829816
"CGCAATATCCCGCAAG-1","2","Map2",2.83198211164239
"CGCAATATCCTGACTT-1","11","Map2",1.82210106035291
"CGCACGATCCCGCTGT-1","5","Map2",2.04328530216936
"CGCACTTCACTCATCA-1","10","Map2",0
"CGCACTTCATCACTAT-1","8","Map2",0
"CGCAGATTCCTGACCC-1","8","Map2",2.16961854386198
"CGCAGCTGTCAGTTCG-1","8","Map2",2.72602906103627
"CGCAGCTGTGGAGCTG-1","3","Map2",1.18791711041907
"CGCAGGTCAATCCATT-1","0","Map2",2.30643036247461
"CGCAGGTCACTCATCA-1","12","Map2",2.08532623654161
"CGCAGTTAGCAATGAA-1","15","Map2",2.44687879975277
"CGCATAGCAACATACA-1","11","Map2",1.4239704474607
"CGCATAGCAATGAGCT-1","9","Map2",2.18897103011473
"CGCATCAGTGCAGGTG-1","1","Map2",1.1824764357672
"CGCATCAGTTCACCAG-1","15","Map2",1.77865149841491
"CGCATCCTCCTGTCTG-1","7","Map2",1.98483166448905
"CGCATCCTCGCGTCGA-1","0","Map2",1.86579499598746
"CGCATCTCATCGCTGT-1","6","Map2",2.02914323406081
"CGCATCTCATGATTGA-1","5","Map2",1.80734463789444
"CGCATGGTCAGGCAAG-1","5","Map2",1.92265250180501
"CGCATGGTCCATATCC-1","5","Map2",2.38114191111039
"CGCATTCCACAAGCAT-1","3","Map2",1.99294852323313
"CGCCAATAGCTTACCT-1","1","Map2",1.71648968404706
"CGCCATAGTCTCAGGC-1","7","Map2",1.55834201633772
"CGCCATGAGCAAGCCT-1","9","Map2",2.26481765957576
"CGCCTAAGTGATCAGA-1","0","Map2",2.16941249561867
"CGCCTAGAGTCATGGC-1","5","Map2",1.99596488433083
"CGCCTAGAGTTAGATC-1","7","Map2",1.47498630168669
"CGCCTCACAAGCTAAC-1","4","Map2",0
"CGCCTGTTCATGGTTG-1","6","Map2",2.59295947854363
"CGCCTGTTCGCGTTGG-1","6","Map2",2.8807665738489
"CGCCTTGCAGGAGCAG-1","10","Map2",0
"CGCCTTGCATTAGGGT-1","1","Map2",1.6382074677212
"CGCGAACCACTAGCTC-1","4","Map2",0
"CGCGAAGGTAATGGCA-1","4","Map2",1.58647912431144
"CGCGATTAGGTTCGCG-1","2","Map2",1.26732664007428
"CGCGCAATCCTGCTCA-1","5","Map2",2.50825672616061
"CGCGCATGTCATGAGA-1","3","Map2",1.68836546637839
"CGCGCATGTCTTACCC-1","5","Map2",1.65947048054457
"CGCGTACGTGATGCAA-1","7","Map2",2.5632894274737
"CGCGTACGTTCACCTC-1","7","Map2",2.14208555028914
"CGCGTACGTTGGCGTC-1","4","Map2",0
"CGCGTTAGTCTTGATA-1","1","Map2",1.97311473903337
"CGCGTTAGTTGAAGCA-1","4","Map2",1.63056832072081
"CGCTAAATCACCTGCC-1","11","Map2",1.40958376573806
"CGCTAAATCATAGAGA-1","2","Map2",1.82447381212448
"CGCTAACAGCATTCGA-1","4","Map2",0
"CGCTAACAGTGCCCGA-1","5","Map2",2.24149645529964
"CGCTAATGTGGGTAGT-1","6","Map2",1.41588345537646
"CGCTACTCAAGCGTAT-1","1","Map2",2.14715671553827
"CGCTACTCATCACTTG-1","16","Map2",1.18028442345596
"CGCTATGGTGAAGGCT-1","7","Map2",2.4746804938497
"CGCTATGGTGCAGCGA-1","2","Map2",1.9768564297562
"CGCTATGGTTCCAGTG-1","0","Map2",2.06883920025034
"CGCTATGGTTGCTGGC-1","3","Map2",1.65489025385456
"CGCTCATCAAACCTGG-1","0","Map2",2.59551796444066
"CGCTCCACAAGGTTCG-1","13","Map2",1.68748001460635
"CGCTGCAAGCCTGGTG-1","13","Map2",1.39230559135657
"CGCTGCAAGTGAATGA-1","2","Map2",2.13771672236543
"CGCTGCAAGTGAGGCA-1","9","Map2",0.915631239659239
"CGCTGCTTCATACAGT-1","7","Map2",1.76557996364628
"CGCTGCTTCCGGATGT-1","0","Map2",2.25677460247238
"CGCTGCTTCCGTTACT-1","4","Map2",1.69314599868588
"CGCTGCTTCGCTCTCA-1","10","Map2",0
"CGCTGTGAGTAGAGCG-1","0","Map2",2.09407696173827
"CGCTTAGGTTGCGTGC-1","7","Map2",2.17577549646474
"CGGAAAGTCCCAGGCA-1","14","Map2",2.35622996600174
"CGGAAAGTCGAGTCTA-1","14","Map2",2.244830820355
"CGGACAGGTTGCTGGC-1","0","Map2",2.36952108923487
"CGGACATTCCTGCCAC-1","5","Map2",1.86717004954767
"CGGACTTAGGCGATTC-1","3","Map2",0.745057193003833
"CGGATAAGTGACGATA-1","3","Map2",1.70409385603583
"CGGATCACAAATCCAA-1","6","Map2",0.976268903497313
"CGGATCACAATTGCTT-1","3","Map2",1.73832229715891
"CGGATCACATGGTAAC-1","2","Map2",2.15667321234967
"CGGCAAGGTTTGGTGT-1","1","Map2",1.99393437936761
"CGGCATTAGCTGGTGT-1","5","Map2",2.0010649781345
"CGGCCTAAGCAAGCGA-1","5","Map2",1.4297439776322
"CGGCTAACAAGGTTCG-1","1","Map2",2.295717757419
"CGGCTAGTCGTAGTAT-1","4","Map2",2.39607907179059
"CGGCTCAAGATAGTAG-1","4","Map2",0
"CGGCTGATCGATACAT-1","12","Map2",0
"CGGCTGATCGCATCAA-1","8","Map2",0
"CGGCTGATCTATGGAT-1","0","Map2",1.97643552069954
"CGGCTTGAGGCTACAC-1","14","Map2",2.54804046608555
"CGGCTTGAGGGGTAAT-1","3","Map2",1.65477614282002
"CGGGACTCAGCTCGAA-1","0","Map2",2.14520046296793
"CGGGCTTGTGCGTACC-1","0","Map2",1.96653551556374
"CGGGCTTGTGGAGCCA-1","12","Map2",0
"CGGGCTTGTTAGTGGA-1","5","Map2",2.00397489044703
"CGGGGTAGTTGGAGCG-1","11","Map2",2.04293465083325
"CGGGTAAAGCATCTCT-1","9","Map2",2.27245780891882
"CGGGTAAAGCATGCAC-1","5","Map2",2.25439352138259
"CGGGTAAAGCGAGGTA-1","13","Map2",1.60922461322783
"CGGGTAAAGCGATCAC-1","4","Map2",2.09152228469769
"CGGGTAGGTAATTCGC-1","6","Map2",2.30381000938455
"CGGGTAGGTTCCGTTC-1","1","Map2",2.58125723197506
"CGGGTCATCCGCTGAG-1","0","Map2",1.68427286260578
"CGGGTCATCCGTCCAC-1","12","Map2",0
"CGGGTCATCTGGCATA-1","11","Map2",2.095576271189
"CGGGTGAGTAATGACG-1","2","Map2",2.28812254935695
"CGGTAATCACTATCTG-1","8","Map2",1.9828895952738
"CGGTATTGTTGAGCTT-1","7","Map2",1.62776696049365
"CGGTCAACAACGGGCT-1","2","Map2",2.55633013705174
"CGGTCAACAGGGCTGT-1","2","Map2",2.12494733039135
"CGGTGTTAGTCGCTAA-1","7","Map2",2.11312409016773
"CGGTGTTAGTGCTGCG-1","10","Map2",0
"CGGTTAATCAGTGCCG-1","13","Map2",1.67272497478258
"CGGTTAGCACTTCGTA-1","0","Map2",1.82088505852694
"CGGTTATGTTGGTGAA-1","8","Map2",2.14793611776823
"CGGTTCTCAATGACAC-1","0","Map2",2.96523512872281
"CGGTTCTCATAGGGCC-1","6","Map2",2.03214293796633
"CGTAAAGGTGATCCGC-1","11","Map2",2.6558806570071
"CGTAAATTCCGCTGGA-1","4","Map2",0
"CGTAAATTCCGGATAC-1","9","Map2",0
"CGTAAATTCGCTCCTA-1","15","Map2",2.44848680265199
"CGTAACATCTCACTCG-1","8","Map2",2.40953456408555
"CGTACAGCACCTTGCG-1","5","Map2",1.55730634129712
"CGTACCCTCATGTGCA-1","0","Map2",2.36155812805563
"CGTACCCTCGACTACA-1","0","Map2",2.40947084321727
"CGTACTAAGTCGATTG-1","1","Map2",2.17686406706107
"CGTACTGGTAAGTAAC-1","4","Map2",0
"CGTAGGCCACTACCTA-1","9","Map2",2.27702426573713
"CGTAGGGGTGACCGAG-1","3","Map2",1.80126683909127
"CGTAGGGGTTGTGCGC-1","13","Map2",1.45226625556696
"CGTAGGTTCAGGCAGA-1","1","Map2",0
"CGTAGGTTCGCATCCC-1","2","Map2",2.19243892513185
"CGTAGTCAGCAGGCAA-1","5","Map2",0
"CGTAGTCAGGCAATCC-1","1","Map2",2.25186719100801
"CGTATATAGGATACTT-1","5","Map2",1.85828350101939
"CGTATTAGTATGTGAG-1","12","Map2",0
"CGTATTAGTCAGGGCA-1","13","Map2",1.30932611015244
"CGTATTGAGGTATAGA-1","10","Map2",2.55103226779478
"CGTCAATGTGCGCAAG-1","2","Map2",0.74141392152978
"CGTCAATGTTAGTGTC-1","9","Map2",1.69777765011566
"CGTCACCTCCATTAGG-1","6","Map2",0.738777191288298
"CGTCAGTAGGTGCAAG-1","2","Map2",2.02611709592371
"CGTCCGTTCCATGAAT-1","4","Map2",0
"CGTCCTGCAAGCATCG-1","14","Map2",2.30218918879769
"CGTCCTTGTTGTAACC-1","1","Map2",0.716648443332939
"CGTCGCTTCATGATCG-1","5","Map2",2.27271805985319
"CGTCGTAGTCTTGGGC-1","3","Map2",1.79524015495586
"CGTCGTAGTTTCAGCG-1","14","Map2",0
"CGTCGTTCAAGTTCGG-1","11","Map2",1.9607996208036
"CGTGAAAGTGGCTACC-1","2","Map2",1.43973441589081
"CGTGAAAGTTGTGCAT-1","6","Map2",2.63451923430677
"CGTGAGAAGGTTAGTT-1","1","Map2",1.96193705866573
"CGTGAGAAGGTTGGAG-1","0","Map2",1.7977567814478
"CGTGAGGGTGAGTGAC-1","4","Map2",3.50638546866191
"CGTGATGCACTACCGT-1","3","Map2",0.902273534459768
"CGTGATTGTAATGAAC-1","1","Map2",1.78278832355962
"CGTGATTGTTGACTAC-1","11","Map2",2.81502899233289
"CGTGCCTTCAGGTCGT-1","10","Map2",0
"CGTGCCTTCCAGATGC-1","1","Map2",2.25241099290351
"CGTGCTAGTAAGTGAT-1","7","Map2",1.81737884031671
"CGTGCTGAGTTGGGCT-1","3","Map2",1.28359788827238
"CGTGGATTCCATTGAG-1","11","Map2",2.78538663059682
"CGTGGATTCTGGCCTC-1","10","Map2",0
"CGTGGGTCAATGGAGA-1","8","Map2",2.97004691222587
"CGTGGGTCAATGTCGG-1","9","Map2",1.70593547338393
"CGTGGGTCACAACGGC-1","12","Map2",0
"CGTGGGTCAGCATGGC-1","8","Map2",1.5754438385365
"CGTGTATGTAAGCCAA-1","1","Map2",0
"CGTGTCAGTCTAGCGC-1","4","Map2",0
"CGTGTCAGTGCAGGCA-1","5","Map2",2.19137932655193
"CGTGTTAAGCAATCGC-1","4","Map2",0
"CGTGTTGGTTCCTGTC-1","2","Map2",1.98695148479768
"CGTTAATAGCGATTCA-1","4","Map2",1.82545566694945
"CGTTACAAGGTCCAAC-1","0","Map2",1.36189932329737
"CGTTACCCAAATGCGT-1","7","Map2",2.45381513002962
"CGTTATAGTTCGCAAT-1","6","Map2",0
"CGTTATAGTTTGAGAG-1","4","Map2",0
"CGTTATGAGGATGGGC-1","5","Map2",2.41095148465069
"CGTTATGAGGTAGCTC-1","12","Map2",0
"CGTTATGAGTCGCAGT-1","1","Map2",2.17805329825028
"CGTTCCATCCGTCAGG-1","0","Map2",2.42511103669047
"CGTTCCGCAGGCATTG-1","11","Map2",1.91034154607757
"CGTTCCGCAGTTGCGA-1","2","Map2",2.06172231479323
"CGTTCCTGTAATCACC-1","11","Map2",2.30208615425092
"CGTTCCTGTAGTGCCC-1","0","Map2",3.17354476076835
"CGTTCCTGTTGCTATA-1","0","Map2",2.75767297375847
"CGTTCGCTCAATCACG-1","2","Map2",1.40988784629158
"CGTTCGCTCCGTGTGG-1","8","Map2",2.37990917642859
"CGTTGGACAAATCCAA-1","9","Map2",2.41318609059679
"CGTTGGACAACGTGCA-1","3","Map2",1.34242630501591
"CGTTGTCCAAATCAGC-1","4","Map2",0
"CGTTGTCCAGGCATAT-1","8","Map2",0
"CGTTTAAGTTGACCTG-1","9","Map2",2.25458985958415
"CGTTTCACAAGCCGGT-1","1","Map2",2.25903837425366
"CGTTTCACAATCCTTG-1","1","Map2",1.57647818468581
"CGTTTCCGTAATCCGT-1","13","Map2",1.99318313494643
"CGTTTCCGTGAGATCA-1","2","Map2",1.50949294844143
"CGTTTGAAGGTAGACG-1","8","Map2",2.68139421110004
"CTAAACCGTAAGCTGA-1","15","Map2",3.35159421491937
"CTAAACCGTGACTTCG-1","3","Map2",1.01297110228558
"CTAAAGCCATTCGGTC-1","5","Map2",2.06883920025034
"CTAAAGGGTAGCGAGT-1","7","Map2",2.41553500697242
"CTAAAGGGTTGGTTCG-1","0","Map2",1.98130941321731
"CTAACATAGGTCAAGG-1","3","Map2",1.1851503914433
"CTAACATAGTAGAGCG-1","3","Map2",2.0099681517432
"CTAACCAAGGTACTTG-1","11","Map2",2.10505790476263
"CTAACCTTCGACTTAG-1","2","Map2",2.08052729910223
"CTAACCTTCGTGCAAC-1","11","Map2",2.13707812912815
"CTAACGATCCGTGTCC-1","4","Map2",2.50851588838906
"CTAAGCATCACGTGTA-1","1","Map2",1.59183300532688
"CTAAGCCAGATAGGCG-1","2","Map2",2.03061355531255
"CTAAGCCAGCTATACG-1","15","Map2",0
"CTAAGCCAGGCTCAGT-1","0","Map2",2.72525137921979
"CTAAGCCAGGTAATTC-1","14","Map2",2.82571565195042
"CTAAGGCTCATGATCG-1","3","Map2",1.72216721270861
"CTAATCCTCCAGGGAA-1","3","Map2",1.43907967935124
"CTAATCTCAAGTGGAA-1","4","Map2",1.95975120046718
"CTAATCTCACAACCTC-1","10","Map2",0
"CTAATCTCACCTCGTG-1","4","Map2",1.25616622098751
"CTAATTGGTCTCACGA-1","3","Map2",1.71288545306075
"CTACACAAGGATATAG-1","3","Map2",1.40271642302757
"CTACACCCACCTCAGT-1","4","Map2",1.68094510288776
"CTACACCCATAAGCCG-1","9","Map2",1.27777933687209
"CTACAGGCAACCCTAC-1","0","Map2",1.94902374401219
"CTACAGGCAGGTTGGC-1","5","Map2",2.24181853511694
"CTACAGGCATAATCAG-1","7","Map2",2.04776212800142
"CTACAGGCATTGGCCT-1","2","Map2",1.59613183935357
"CTACATGAGGCAAGTG-1","8","Map2",2.31204453124601
"CTACCAAAGCGCTCCT-1","4","Map2",1.63753974531612
"CTACCAAAGGCTCTCC-1","6","Map2",2.05699727379307
"CTACCCGCAAGTGTGT-1","6","Map2",1.99193270849001
"CTACCCGCAATTACAG-1","6","Map2",1.9787598180736
"CTACCCTGTGAAGTGC-1","0","Map2",1.91860053297912
"CTACCGCTCGTGCGTG-1","3","Map2",1.95765872924939
"CTACGATGTTGAGTAG-1","8","Map2",0
"CTACGGACAGGGCTAC-1","0","Map2",2.47397757925581
"CTACGGGTCGACTATG-1","11","Map2",1.34788441237954
"CTACGGGTCTCACCGC-1","5","Map2",2.97095831777211
"CTACGTCCAAGCTCGA-1","0","Map2",2.42903709434636
"CTACGTCCATGGAACT-1","7","Map2",2.32041779700868
"CTACGTTTCACTCTGT-1","5","Map2",1.84614756327503
"CTACGTTTCAGGAGAT-1","1","Map2",1.42078630339926
"CTACGTTTCTGGTGTA-1","2","Map2",2.18068582340705
"CTACTCACATGGCCTT-1","3","Map2",0
"CTACTCCGTATTGCAC-1","2","Map2",1.45063895424497
"CTACTGTTCACAGCGT-1","1","Map2",1.41706601978664
"CTACTGTTCATAGATC-1","3","Map2",1.91708980744775
"CTACTTATCAGGTCTA-1","2","Map2",2.23487841969662
"CTACTTATCTGGCTCC-1","4","Map2",0
"CTACTTGCACTCGGTT-1","2","Map2",2.19195940886351
"CTACTTGCATAAGTCA-1","2","Map2",1.95774579951372
"CTAGAACCAAACCTGG-1","3","Map2",2.02639026266139
"CTAGAACCAGGATAGA-1","14","Map2",1.69823341121723
"CTAGATTAGTGAGCGA-1","12","Map2",0
"CTAGCGCGTTCTGTCC-1","1","Map2",1.89201874934151
"CTAGCTGGTGAGAGGA-1","12","Map2",0
"CTAGGTCAGCTAGCGT-1","9","Map2",2.854549518702
"CTAGGTCAGTGTCCTT-1","12","Map2",0
"CTAGGTTGTCTAGAGA-1","4","Map2",2.26021657355003
"CTAGGTTGTGCAAGGT-1","3","Map2",2.48298383639514
"CTAGTCAAGGATCCAC-1","2","Map2",1.95839043273408
"CTATAGGTCCAGAGGA-1","6","Map2",1.61286000966741
"CTATCATCAAGCACAT-1","5","Map2",2.49274100494804
"CTATCATCAAGGTATC-1","15","Map2",0
"CTATCATCACAGCAGC-1","5","Map2",1.32842151719124
"CTATCATCATTACTCG-1","4","Map2",0
"CTATCGAAGGGGACTA-1","5","Map2",1.7538308117047
"CTATCTATCTGGAAGG-1","6","Map2",0.880882439811454
"CTATGCTTCCCTTGAT-1","2","Map2",2.30358099293545
"CTATGGATCAGGCAGA-1","10","Map2",1.89074424743067
"CTATGTGAGCCACACG-1","4","Map2",0
"CTATGTGAGGCAAGCA-1","2","Map2",1.63189065747559
"CTATGTGAGTACGGTC-1","7","Map2",1.80197091914771
"CTATGTTCATGCAGTG-1","2","Map2",0.597734746039033
"CTATTCATCTAGCCGG-1","0","Map2",2.34118941267202
"CTATTCGCATCACTCA-1","3","Map2",2.17940986653379
"CTATTGAGTTATGTCA-1","1","Map2",1.94771231213818
"CTCAACTTCACCTCGC-1","3","Map2",1.63921029215975
"CTCACACCAAACTCAA-1","9","Map2",2.53903783544293
"CTCACATTCACTTGAG-1","1","Map2",2.43543990408348
"CTCAGGTAGGTTCCGG-1","1","Map2",2.15065145835752
"CTCAGGTAGTTGCGGT-1","5","Map2",1.7890562590814
"CTCAGTAAGGATAGCG-1","7","Map2",2.29471434248706
"CTCAGTTTCCATCCTG-1","4","Map2",0
"CTCATAAGTTAACGAG-1","4","Map2",1.8409030527332
"CTCATAAGTTAATGCC-1","3","Map2",0.691949336535706
"CTCATAAGTTAGTGTC-1","6","Map2",1.76137563002303
"CTCATAGAGCTATGTG-1","7","Map2",1.36287202003809
"CTCATAGAGTATGTCG-1","2","Map2",1.80119646911547
"CTCATCCGTCTTGCTC-1","10","Map2",0
"CTCATGAAGCGATAGG-1","13","Map2",2.19286821003382
"CTCATTCAGCCAGAGA-1","8","Map2",0
"CTCATTCAGTAATGGA-1","2","Map2",2.59749702656509
"CTCATTCAGTGCCTGG-1","8","Map2",1.62891904800592
"CTCATTGCATAACGGT-1","6","Map2",2.21694986369229
"CTCCAAGGTAGGCGCA-1","5","Map2",2.45208145136457
"CTCCAATTCCATAGAT-1","6","Map2",1.6309647488688
"CTCCAATTCGATGCCG-1","12","Map2",0
"CTCCAATTCGATGCGT-1","6","Map2",1.52304251274123
"CTCCAGCTCATCAAGT-1","0","Map2",1.82889904642651
"CTCCAGCTCCAGATAT-1","1","Map2",2.07143294315159
"CTCCCAATCATATCCC-1","0","Map2",2.24915364777037
"CTCCCACAGCGGTTAC-1","2","Map2",2.2776263385485
"CTCCCACAGGGCAGGT-1","10","Map2",0
"CTCCCTAAGTAAGCGG-1","9","Map2",1.37533280222259
"CTCCCTGGTAACGGCG-1","10","Map2",0
"CTCCCTGGTCAATCAC-1","16","Map2",2.10627953066569
"CTCCCTGGTCATTGCG-1","6","Map2",1.99722982735887
"CTCCCTGGTGAGCCGA-1","10","Map2",0
"CTCCGTTGTTCACGCA-1","6","Map2",1.99864851271644
"CTCCTAGTCTGGCACG-1","15","Map2",2.28583786388265
"CTCCTGATCACCTAAG-1","11","Map2",2.50392747461458
"CTCCTGATCCCGTTCA-1","0","Map2",2.33582999971425
"CTCCTTAGTAATGCTC-1","10","Map2",0
"CTCCTTAGTATGTGTC-1","1","Map2",2.54728661335372
"CTCCTTAGTTGCATGT-1","6","Map2",2.92346442748101
"CTCGAACAGCCTAAGC-1","9","Map2",1.89373483460433
"CTCGAATGTCATGATC-1","0","Map2",1.85078388857223
"CTCGAATGTGAACCTT-1","0","Map2",2.85366857180512
"CTCGAATGTTCAAGGA-1","5","Map2",2.17162457879466
"CTCGACTCAATCCCGT-1","0","Map2",2.26202211708793
"CTCGATCCAAATCCTT-1","5","Map2",2.21057976995464
"CTCGATCCAACTAAGC-1","3","Map2",1.63870869362999
"CTCGATTTCAGCCAGT-1","4","Map2",0
"CTCGATTTCCTCACCA-1","2","Map2",1.67513658311169
"CTCGCGAAGCTACCAA-1","14","Map2",2.57563098694529
"CTCGCTATCGCGCCAA-1","14","Map2",2.93015302191896
"CTCGCTGCATCCCAGT-1","2","Map2",0.836202984031318
"CTCGGATAGCCCTGAG-1","12","Map2",0
"CTCGGATAGGTGCGTT-1","2","Map2",1.7885375825743
"CTCGTAGGTAACCGAA-1","5","Map2",1.01107620681292
"CTCGTTACAAACTAGC-1","0","Map2",2.59551796444066
"CTCGTTACACTCGCTG-1","5","Map2",2.94098771106495
"CTCTAGAAGCAAGGAT-1","10","Map2",0
"CTCTAGAAGCCCTTGC-1","2","Map2",1.9787956322994
"CTCTAGCCAAGCACAT-1","2","Map2",2.15474469001398
"CTCTAGCCAGGCATTG-1","2","Map2",2.22879880805329
"CTCTAGCCATCCTCAA-1","8","Map2",1.4168293233109
"CTCTATATCGCATGGT-1","0","Map2",2.23523078958678
"CTCTATTGTAATCCTA-1","0","Map2",2.52632685429779
"CTCTATTGTTAACGCT-1","1","Map2",1.88503609469662
"CTCTGACCATGATCGG-1","8","Map2",1.93586352124371
"CTCTGATTCATGCAAT-1","8","Map2",0
"CTCTGCATCCAGGCCA-1","2","Map2",2.158251660737
"CTCTGCATCGCGCCTT-1","0","Map2",2.76436992070467
"CTCTGCATCGTTCCAT-1","7","Map2",2.41275411461781
"CTCTGGTCAGGGCAGA-1","8","Map2",2.32623304434667
"CTCTGTTAGTTGCCGG-1","15","Map2",0
"CTCTTAATCATGTCCT-1","2","Map2",1.92569975373079
"CTCTTAATCCATTCCG-1","10","Map2",0
"CTCTTAATCCGTGATA-1","10","Map2",2.02252417882334
"CTCTTGGTCAGGGATG-1","13","Map2",1.35282626389337
"CTGAAAGGTTTACTTC-1","10","Map2",0
"CTGAATGTCCATTGAG-1","2","Map2",1.81513689321054
"CTGAATGTCGTGAACC-1","7","Map2",2.67095574146892
"CTGACAATCACCTGCC-1","5","Map2",2.16820780145318
"CTGACAATCTGTGAAT-1","0","Map2",2.55275957992596
"CTGACACAGCGATGTC-1","1","Map2",1.93535626080875
"CTGACCAGTTAACCCG-1","9","Map2",1.81494320630296
"CTGACCAGTTGAGGTA-1","2","Map2",1.62014734674715
"CTGACCAGTTGCTCGA-1","5","Map2",2.10230994084594
"CTGACCCTCACCTGCC-1","5","Map2",2.24605777505814
"CTGACGTAGGATCTGC-1","8","Map2",2.18733050369102
"CTGACGTAGTACGCTA-1","9","Map2",1.50212299454406
"CTGACGTAGTACGGTC-1","6","Map2",1.71816073625856
"CTGATCAAGGATCAGG-1","8","Map2",2.37458837341891
"CTGATCAAGGCATGTC-1","13","Map2",1.62151445695135
"CTGATTAGTAGTTAGG-1","10","Map2",0
"CTGATTAGTGAGCCGA-1","1","Map2",1.82552845005346
"CTGATTGAGGCTCAGT-1","5","Map2",1.5167638849499
"CTGATTTCAATGAGTC-1","0","Map2",0
"CTGCAACAGCGCTGAT-1","10","Map2",0
"CTGCAATGTGAAGCGT-1","1","Map2",1.62891904800592
"CTGCAATGTTGAGTTC-1","3","Map2",1.22338028068343
"CTGCAATGTTTCGAGT-1","4","Map2",0
"CTGCACCTCCCTGTGC-1","8","Map2",2.8153241126795
"CTGCATCCAACTGTGG-1","5","Map2",1.74025676750372
"CTGCATCCAAGCTCCT-1","2","Map2",1.76107627490505
"CTGCATCCAATCCGCT-1","3","Map2",1.63603978298393
"CTGCATCCATGACACG-1","1","Map2",2.20429571969653
"CTGCATGGTCCATTCC-1","0","Map2",2.20748260675345
"CTGCCATCAAGCTAAC-1","5","Map2",2.2679815458301
"CTGCCTGCAATCTGCC-1","5","Map2",0.81652620172045
"CTGCCTGCACTTCAGC-1","6","Map2",1.67295344880287
"CTGCCTTGTGACCGAG-1","9","Map2",2.20899318134405
"CTGCGCAAGGTATAGA-1","8","Map2",2.78023896846081
"CTGCGGATCCCAATGA-1","0","Map2",2.16762897810418
"CTGCGTAGTTTGAGCT-1","1","Map2",1.62847992455951
"CTGCTAAAGCGCCATG-1","7","Map2",2.72943847608545
"CTGCTGCTCACTCGAA-1","3","Map2",0.625544163362048
"CTGCTGCTCCGTCATT-1","4","Map2",0
"CTGCTGCTCGCATGAC-1","8","Map2",2.95138147019881
"CTGCTGCTCGCGCAAT-1","0","Map2",2.49744274220717
"CTGGAAAGTGAGCCAG-1","10","Map2",0
"CTGGACTAGGCACATC-1","10","Map2",0
"CTGGATGCAACCTGAG-1","2","Map2",2.29010538181762
"CTGGATGCAAGCTGGC-1","11","Map2",2.46901528245137
"CTGGATGCACCATTGC-1","8","Map2",2.4193816733593
"CTGGCAACAATGCCCT-1","2","Map2",1.91251858747505
"CTGGCCAAGCAAGCCT-1","14","Map2",2.39880485990856
"CTGGCCAAGCCTCTGC-1","7","Map2",2.27290400438542
"CTGGCCAAGTCGACCG-1","5","Map2",2.23646723706388
"CTGGCCAAGTCGATGC-1","8","Map2",0.662428367171038
"CTGGCTAGTTCTGTCC-1","1","Map2",1.76693667932462
"CTGGGCATCGTAGTAT-1","2","Map2",0.93314618055636
"CTGGTAATCCAACTAG-1","9","Map2",0.895792210325814
"CTGGTAATCCATCAAG-1","6","Map2",1.68531610320714
"CTGGTCAGTTAATGGG-1","8","Map2",2.77036496457897
"CTGGTCAGTTTAGTGC-1","7","Map2",2.01279991574133
"CTGGTTAAGGAGTCAG-1","2","Map2",1.8293964807525
"CTGTAACGTGAACGAC-1","2","Map2",2.45121280400153
"CTGTAATAGTAATCGT-1","1","Map2",1.91156841590416
"CTGTAATAGTAGTAAG-1","2","Map2",2.35007729787665
"CTGTAATAGTGCAACC-1","6","Map2",2.42362884761329
"CTGTACCCAAACTTAG-1","0","Map2",2.45678995445848
"CTGTACCCACCTGTGT-1","7","Map2",2.53997630608904
"CTGTACGGTTTGCAGT-1","9","Map2",2.28808939223026
"CTGTACTTCAATTCCC-1","2","Map2",2.26035115083706
"CTGTACTTCATGCACA-1","4","Map2",0
"CTGTCCATCCGTCCGT-1","0","Map2",1.47520298556518
"CTGTCCATCGCTCAGG-1","10","Map2",0
"CTGTGATGTGCGGTAG-1","5","Map2",2.52562131773639
"CTGTGCCTCATCTGTC-1","9","Map2",1.78355679342321
"CTGTGGACAATATGGC-1","12","Map2",0
"CTGTTAAGTTTCGAGT-1","6","Map2",2.084246975132
"CTGTTGAAGATAGCTT-1","7","Map2",1.85668621861495
"CTGTTGAAGGTAGGCA-1","3","Map2",1.67114532190592
"CTTAACCTCCGGACAT-1","14","Map2",0.757898264138534
"CTTAATCCATGACCGA-1","14","Map2",1.43289414383495
"CTTAATGGTGCGAGTG-1","3","Map2",0.713553948688294
"CTTAATGGTTTGCCAG-1","10","Map2",0
"CTTACAAGTCTGGTTG-1","1","Map2",2.03818738207101
"CTTACGAAGCAGTTCA-1","0","Map2",2.69848931566964
"CTTACGAAGGTACGGA-1","5","Map2",1.76187483715022
"CTTACGAAGTAAGGAC-1","3","Map2",2.063420415282
"CTTACGAAGTACGCTA-1","6","Map2",2.58436744331864
"CTTACGGGTGATCAAG-1","1","Map2",1.72804365484195
"CTTACGTTCTTGATGG-1","6","Map2",2.21520258963163
"CTTACTATCCATGCTT-1","13","Map2",1.70636588972498
"CTTACTATCCTTGAGA-1","7","Map2",2.26169815315661
"CTTAGCAAGCTAACTG-1","0","Map2",2.23994154404088
"CTTAGGATCCCCTTGA-1","8","Map2",1.50438858395787
"CTTAGTAGTGATAGGC-1","10","Map2",0
"CTTAGTAGTGGGTTGG-1","1","Map2",0
"CTTAGTAGTTTACCGG-1","2","Map2",2.46695623866416
"CTTAGTGAGGCGTAGA-1","14","Map2",3.08599732900605
"CTTATCGCAAGCGTGC-1","1","Map2",0.752754125103682
"CTTATCGCATCCGTAC-1","3","Map2",1.16785371099422
"CTTATCGCATGCTTGC-1","3","Map2",2.06974602432641
"CTTATCTGTGCGTACC-1","5","Map2",1.49474807062621
"CTTATGCTCCTTCACG-1","13","Map2",1.49412245867914
"CTTATGCTCTATCGAG-1","8","Map2",2.43665981624861
"CTTCAATCAGGTTCGA-1","0","Map2",2.25597284595592
"CTTCAATCATTGGAGT-1","13","Map2",2.05336128948042
"CTTCACTAGTAGGTAA-1","11","Map2",1.462587660897
"CTTCAGCCAAACCCGA-1","5","Map2",0.681262740726351
"CTTCATCAGGGCTAGA-1","3","Map2",1.22084684200929
"CTTCATCAGTCGATAT-1","10","Map2",0
"CTTCATCAGTGCGGTT-1","4","Map2",0
"CTTCGAGGTGAGTTGA-1","7","Map2",2.56632188426971
"CTTCGATTCTAATGCG-1","3","Map2",2.01841021496427
"CTTCGCATCGAGGTCT-1","12","Map2",0
"CTTCGCGCAAGGTAAG-1","8","Map2",2.0556596178288
"CTTCGCGCAGGATCTG-1","3","Map2",1.61703296712685
"CTTCGCGCAGTAAGCT-1","3","Map2",2.35421505243164
"CTTCGGTCAAGTGGAA-1","7","Map2",2.14265443439899
"CTTCGTTAGCGACTGT-1","3","Map2",1.93021856330752
"CTTCTATGTGAAGCGT-1","7","Map2",1.75294266669834
"CTTCTATGTTTAGTTG-1","8","Map2",0
"CTTCTGGTCACAGGGA-1","6","Map2",2.1651660828208
"CTTCTGGTCTGGTCAA-1","2","Map2",1.71372414789283
"CTTGAATAGGCGTACT-1","12","Map2",0
"CTTGAATAGTAACCTG-1","1","Map2",2.15523842675828
"CTTGAATAGTATGGAA-1","3","Map2",1.2903353471358
"CTTGACCCATCCGCTG-1","8","Map2",2.42437139140018
"CTTGAGGCAACCTCGT-1","2","Map2",1.61296723349549
"CTTGATAGTAGCCTGC-1","6","Map2",1.00913358660045
"CTTGATGAGGCGCATT-1","4","Map2",0
"CTTGCAAAGATTAAGG-1","0","Map2",1.77759551081673
"CTTGCAAAGGAGCTTC-1","5","Map2",2.51824826441556
"CTTGCAAAGGCAAGGC-1","11","Map2",1.32001678869968
"CTTGCAAAGTGAGCAG-1","2","Map2",1.52521945718347
"CTTGCCATCCAGCTCC-1","11","Map2",2.69519055160796
"CTTGCCTGTTATCTCT-1","11","Map2",2.05368215049642
"CTTGCGGAGTAGCGTC-1","7","Map2",1.52853411425372
"CTTGCTTAGCGCTTCC-1","5","Map2",1.97115204144006
"CTTGCTTAGGGTCACT-1","7","Map2",2.6929318003757
"CTTGCTTAGTCGCGTG-1","11","Map2",2.89834046112782
"CTTGGATGTGGACCCT-1","7","Map2",1.94172187009681
"CTTGGCTCATCAATTC-1","4","Map2",0
"CTTGGCTCATGCGTAG-1","9","Map2",1.73352214881915
"CTTGGGACACTTACGC-1","9","Map2",1.90399433146371
"CTTGGGACATCAATCT-1","3","Map2",1.86555325363576
"CTTGGGACATGACCTC-1","5","Map2",1.8605255822504
"CTTGGGCGTCTCCAGA-1","5","Map2",2.72751226996233
"CTTGGGGTCTTGATGG-1","3","Map2",1.84459265047382
"CTTGGGTAGGTGAGGC-1","0","Map2",2.05542205443746
"CTTGGTAAGGTGACGA-1","1","Map2",1.49761590131156
"CTTGGTAAGTTGCTCT-1","4","Map2",0
"CTTGTGAAGGTACGTC-1","0","Map2",1.02610960789838
"CTTGTGTTCACTGGTA-1","4","Map2",3.04223959230787
"CTTGTGTTCCCTCACA-1","5","Map2",1.0851296773289
"CTTGTGTTCTCATGCT-1","0","Map2",2.47060004607636
"GCAAACCTCTAATGGT-1","5","Map2",2.198518552446
"GCAACATCAATGGGCC-1","11","Map2",2.36143382682417
"GCAACGGGTTCCGCTT-1","5","Map2",2.02356800069124
"GCAACGGGTTTGGTAC-1","11","Map2",2.10803922140965
"GCAACGTTCAATCTCC-1","2","Map2",1.83897256470905
"GCAACGTTCAGCCCGA-1","13","Map2",1.25187082819175
"GCAACGTTCCGCCTTA-1","7","Map2",2.50492515920171
"GCAACTATCATGTGCA-1","5","Map2",2.0397859513725
"GCAACTATCGACCCGA-1","2","Map2",2.41727002050334
"GCAAGCAAGCGCTCAG-1","12","Map2",0
"GCAAGCAAGCTGGATC-1","14","Map2",2.51999796959927
"GCAAGCTTCAAGTAAG-1","11","Map2",1.22465142865453
"GCAATAGGTTCGGTTG-1","2","Map2",1.34145200092438
"GCAATAGGTTGCTATA-1","10","Map2",2.12132024640761
"GCAATATTCAATCTGG-1","11","Map2",2.09764253277719
"GCAATATTCCCAGACG-1","0","Map2",2.0485643031154
"GCAATATTCCGTATAG-1","6","Map2",1.80042285516269
"GCAATCGCAATGTCAA-1","0","Map2",2.77583331601159
"GCAATCTGTTCGAGCC-1","1","Map2",1.76205463805644
"GCAATTTAGTGAACTT-1","2","Map2",1.58360033068867
"GCACAATCAACCTGTC-1","11","Map2",1.49600115062546
"GCACAATCAATACCTT-1","9","Map2",2.23256980446152
"GCACACTAGCGATCAC-1","3","Map2",1.44851736766414
"GCACAGCCAACTGCCT-1","1","Map2",1.34285830087877
"GCACCATAGAATCCAT-1","4","Map2",0
"GCACCATAGGGGTTAG-1","1","Map2",1.62029911015169
"GCACCATAGGTCGATC-1","4","Map2",0
"GCACCATAGTTACAGT-1","3","Map2",1.84582669049833
"GCACCATAGTTGGTAT-1","10","Map2",0
"GCACCGATCCATCTCG-1","7","Map2",2.09532618627215
"GCACCGATCCTCATAC-1","11","Map2",2.67221889247555
"GCACGAGGTAGCTCGC-1","10","Map2",0
"GCACGAGGTCCATACG-1","6","Map2",2.55297194664037
"GCACGATTCCGTCCAC-1","1","Map2",1.99699592944558
"GCACGATTCTATCGCT-1","8","Map2",2.55030602076045
"GCACGGTCAACCTCGT-1","8","Map2",2.12824345196864
"GCACGGTCATAGAGCT-1","0","Map2",2.38097744075038
"GCACTAATCACCTGAA-1","7","Map2",2.00262742740392
"GCACTAGCACAACGTG-1","0","Map2",1.88503609469662
"GCACTATGTTGCTTGG-1","3","Map2",1.68692878729635
"GCACTCCTCTCATTGC-1","7","Map2",1.9129203186025
"GCACTGGTCACCTAGA-1","15","Map2",2.09996576663501
"GCACTGGTCCGGGCTA-1","3","Map2",1.94875635767021
"GCACTGGTCCGTCACC-1","10","Map2",2.08101813831017
"GCACTTGGTAGCGCGA-1","10","Map2",0
"GCACTTGGTTGGTTCG-1","5","Map2",2.16132531199985
"GCAGCCATCCATAGTG-1","0","Map2",1.9855951031528
"GCAGGATGTGCAGGAT-1","4","Map2",0
"GCAGGGTAGAACGGCA-1","2","Map2",1.89842446852378
"GCAGGGTAGCAGGGAC-1","8","Map2",2.13698395419608
"GCAGGGTAGGGTCAAG-1","9","Map2",1.81778198070745
"GCAGTAAGTAGCGAGT-1","3","Map2",2.51093855581789
"GCAGTAAGTCAAGGCG-1","10","Map2",0
"GCAGTAAGTCATTCCC-1","8","Map2",2.03024400046491
"GCAGTAAGTGAGGTGT-1","3","Map2",2.27382505642217
"GCATAACCAATCTACT-1","3","Map2",1.85924355040126
"GCATAACCAGGTTCCT-1","3","Map2",2.12035154112842
"GCATAACCATCCCAAC-1","8","Map2",1.72273374137272
"GCATAAGGTTAAGTGG-1","1","Map2",1.26494888451126
"GCATAGCTCAGCGGTT-1","5","Map2",2.50575555987443
"GCATAGCTCCGGTATA-1","3","Map2",2.3497095908025
"GCATAGTCAAGTGCGC-1","1","Map2",1.75139930204219
"GCATAGTCACAGCGGT-1","1","Map2",1.84481686565919
"GCATCACAGCGAATGG-1","4","Map2",0
"GCATCACAGTAAGCAA-1","10","Map2",0
"GCATCAGCACTTCACA-1","0","Map2",1.84209360170196
"GCATCCCTCACAGAGG-1","11","Map2",1.61619197847266
"GCATCCCTCCGGGTAT-1","4","Map2",1.76077704654095
"GCATCCCTCGATGGCT-1","4","Map2",0
"GCATCCTCATTCATCG-1","11","Map2",1.90216244023828
"GCATCTAAGCCTCTCA-1","1","Map2",2.02863645517082
"GCATGGGGTGCGCAAG-1","4","Map2",0
"GCATGGGGTTGGACCC-1","1","Map2",0.993557244895861
"GCATGGGGTTGTCCGA-1","11","Map2",2.81627337937534
"GCATGGTTCCAGATTG-1","7","Map2",2.10625514911898
"GCATGGTTCCGCTGGA-1","2","Map2",2.43924272529348
"GCATGGTTCGTTAGAT-1","0","Map2",2.64054431873684
"GCATGTCAGGCTTGGT-1","1","Map2",2.04333844508328
"GCATGTTGTTGTAGAG-1","1","Map2",1.8394176064442
"GCATTATAGGATAGTA-1","2","Map2",2.12311730386684
"GCATTCAAGTCGCAGT-1","1","Map2",1.26212700724217
"GCATTTGAGCATTGAT-1","5","Map2",2.36706869170952
"GCATTTGAGTGATGCC-1","4","Map2",0
"GCCAACTAGTGTCAAT-1","14","Map2",0
"GCCAAGCCAGTAATCA-1","6","Map2",0
"GCCAATATCGAATGAA-1","8","Map2",2.60966224193145
"GCCAATGCAAGTCGCA-1","13","Map2",1.07817142807309
"GCCACATAGCCAGTAC-1","0","Map2",2.56741443677062
"GCCACATAGGTGCTCG-1","6","Map2",1.55804594130162
"GCCACCTTCCCAGATA-1","8","Map2",0
"GCCACCTTCTCATCCG-1","1","Map2",1.68773655001134
"GCCACTTCAAACTGAC-1","8","Map2",1.9749196390283
"GCCACTTCAATACATG-1","2","Map2",1.13696670596929
"GCCACTTCATTACTGT-1","3","Map2",1.29503218070507
"GCCATATGTTCGCTGA-1","0","Map2",2.27980931053206
"GCCATCAGTGAACCGG-1","7","Map2",1.90740530890037
"GCCATCCTCGATACAT-1","0","Map2",2.56126498117212
"GCCATGGTCATGTGTG-1","10","Map2",1.63056832072081
"GCCATTCCAGCTCAAG-1","6","Map2",1.82066813086218
"GCCATTCCAGGAGCAG-1","1","Map2",1.09185819068431
"GCCCAAGTCTAACCGA-1","0","Map2",1.64943445425437
"GCCCAATAGCGCTGTG-1","5","Map2",2.20329196155284
"GCCCAATAGGATGAGT-1","10","Map2",0
"GCCCACTTCAGTTGAT-1","2","Map2",1.89776991338626
"GCCCATAGTAGCCAGG-1","10","Map2",1.53736192508292
"GCCCATTCAAGCGGTC-1","8","Map2",1.87819726960542
"GCCCATTCAGGCTCAA-1","1","Map2",2.9099364860742
"GCCCCATTCAGTTGCA-1","6","Map2",2.53912739363407
"GCCCCATTCCTGAATG-1","3","Map2",1.08344556106957
"GCCCCATTCGTGCCGA-1","11","Map2",1.94204583947943
"GCCCCTTAGGAACCCT-1","10","Map2",0
"GCCCGTAAGTGCAACC-1","11","Map2",1.92645099020739
"GCCCTAAGTTGTAACC-1","1","Map2",2.3252609739204
"GCCCTAGAGGTTACTG-1","3","Map2",1.58324136322722
"GCCCTCACATGCAGAT-1","14","Map2",3.22041310418709
"GCCCTGAAGAACGGAT-1","4","Map2",2.00453042114144
"GCCGAACCATTACGAA-1","14","Map2",1.35268449084121
"GCCGAGTCAAGCATGT-1","12","Map2",0
"GCCGATTAGGTTAGTT-1","12","Map2",0
"GCCGATTAGTCTAGGC-1","12","Map2",0
"GCCGCTAAGCCTGCGA-1","4","Map2",0
"GCCGGTTGTAGGTGTA-1","14","Map2",2.50174609949037
"GCCGTACGTGAGGTGT-1","12","Map2",2.31574019311609
"GCCGTACGTTGCTTCC-1","1","Map2",0
"GCCGTAGTCGCGACTG-1","9","Map2",2.57591142552222
"GCCGTCAAGTGCCCGA-1","3","Map2",1.37279767867582
"GCCGTCAAGTTAGCTG-1","14","Map2",2.08779874888656
"GCCGTTAGTGAGCCGA-1","15","Map2",2.57445414424668
"GCCGTTAGTGCGGTAG-1","6","Map2",1.60433748696844
"GCCGTTGAGGCAAGCA-1","4","Map2",0
"GCCTAAATCGTTCGGG-1","5","Map2",2.06813462483546
"GCCTAACAGGTTAGCC-1","13","Map2",1.65299848956286
"GCCTAACAGGTTGCGT-1","1","Map2",2.28495660573875
"GCCTAATGTCTGGGTC-1","2","Map2",1.4132898654619
"GCCTACCTCCCAGACG-1","10","Map2",2.30755012237667
"GCCTACTCAAGTTAGC-1","6","Map2",1.61554578322665
"GCCTACTCAGCATGGC-1","4","Map2",0
"GCCTATGGTCAGTTCG-1","0","Map2",2.03873923980016
"GCCTATGGTTCGCTCT-1","8","Map2",0
"GCCTCATCATAATCGA-1","5","Map2",2.22232464235408
"GCCTGATAGCCAGTAC-1","6","Map2",0
"GCCTGATAGTCATGTG-1","3","Map2",0
"GCCTGATAGTGGCTAC-1","1","Map2",2.41860471057635
"GCCTGCAAGTTACCTC-1","7","Map2",2.10212475048954
"GCCTGCTTCCGCTAGG-1","3","Map2",1.59230061517931
"GCCTGGATCTATCTGC-1","8","Map2",2.80432378343655
"GCCTGGATCTTGACAG-1","11","Map2",2.20765411972772
"GCCTGTGAGAAGCTGG-1","7","Map2",2.20776640263333
"GCCTGTGAGCATCGCG-1","5","Map2",2.54080087328591
"GCCTTCATCGCATGGT-1","0","Map2",1.68594280863856
"GCCTTCATCGCGTTGG-1","3","Map2",2.05177539753563
"GCCTTCATCTCACCTG-1","5","Map2",2.0408858848986
"GCCTTGCTCACGTGTA-1","1","Map2",1.95154554209874
"GCCTTGCTCCCTTGCA-1","1","Map2",1.8540923902149
"GCGAATAGTTAGTGTC-1","11","Map2",2.04289569942267
"GCGAATTCAAAGGAGC-1","5","Map2",1.53212658622815
"GCGAATTCAGGCTATG-1","10","Map2",0
"GCGAGTTTCTCACACT-1","6","Map2",2.66756327108501
"GCGATCCGTAACCCAT-1","4","Map2",0
"GCGATCCGTGCGTGGA-1","1","Map2",1.0668512921214
"GCGATGAAGTAGGCAG-1","2","Map2",1.68112296730575
"GCGATGTTCTCATGTC-1","4","Map2",0
"GCGATTCAGTACGCAC-1","0","Map2",2.16448329841048
"GCGCAAGGTAGTAACG-1","4","Map2",0
"GCGCATTAGCCTGTCC-1","0","Map2",2.08759240628572
"GCGCCAATCAGGTCAC-1","12","Map2",0
"GCGCCTAAGCAATGAA-1","5","Map2",1.22601059102965
"GCGCCTAAGCATGGGA-1","9","Map2",1.94676778204099
"GCGCTAACAACCTGTC-1","7","Map2",2.47213103398565
"GCGCTAACAAGGTAGA-1","15","Map2",3.00173715267589
"GCGCTAACAATCGGTG-1","13","Map2",2.23900468185542
"GCGCTAACACTAGGCA-1","3","Map2",2.08245152364231
"GCGCTAACATCCTGTA-1","3","Map2",1.93407756044398
"GCGCTCAAGCTAACTG-1","10","Map2",0
"GCGCTTGAGGATACCC-1","8","Map2",2.51302063932833
"GCGGAGACAATCGAAC-1","1","Map2",1.36781411949453
"GCGGAGACAATTACAG-1","7","Map2",2.82703066581845
"GCGGAGACACATACCC-1","0","Map2",1.7324357811421
"GCGGAGTAGGATCTAT-1","12","Map2",0
"GCGGCTTGTATGGGTA-1","5","Map2",2.24709742362055
"GCGGCTTGTTCCAGTG-1","4","Map2",2.30510898111946
"GCGGGATAGGATTAGA-1","8","Map2",1.8883604758502
"GCGGGTAGTCAGTTCG-1","8","Map2",2.17594033576506
"GCGGTAAAGGCTACGT-1","5","Map2",1.40860239086312
"GCGGTAGGTTAGGTCT-1","4","Map2",2.91572351951435
"GCGGTGAGTGAGGCCA-1","11","Map2",1.99185462510597
"GCGTAAAGTAAGGTAT-1","13","Map2",2.21048939204463
"GCGTAATCAAGGTGAA-1","14","Map2",2.42781915398203
"GCGTAATCAGGTAGTT-1","13","Map2",1.77675184880197
"GCGTAATCATTACCCA-1","5","Map2",1.46873482290513
"GCGTAGCCAAACCAAC-1","9","Map2",1.27452096617254
"GCGTAGCCAATAGGTC-1","8","Map2",2.91242631997957
"GCGTGAAAGCAATTCG-1","4","Map2",0
"GCGTGAGGTAGCCCTA-1","13","Map2",0.628836244483273
"GCGTGAGGTATAGCCT-1","1","Map2",2.24313502853548
"GCGTGAGGTCTGTGAT-1","0","Map2",2.81050717288257
"GCGTGAGGTGGGTAAC-1","13","Map2",1.59948600138479
"GCGTTAATCGCTCGCT-1","5","Map2",1.39505795284018
"GCGTTCCTCAGGTAGG-1","4","Map2",2.37813178367953
"GCGTTCTCATCCCAAC-1","6","Map2",1.05280275263682
"GCGTTTCCACTTAATC-1","5","Map2",2.84499053241993
"GCGTTTCCAGGATCTG-1","5","Map2",2.26211553612136
"GCGTTTGGTTTCAGCG-1","5","Map2",2.49402137422404
"GCTAAACCAAATCCTT-1","1","Map2",1.59245655857572
"GCTAAACCACTCGCAT-1","3","Map2",1.57688933278892
"GCTAAAGGTGGCTTCA-1","8","Map2",2.30972615110588
"GCTAAATTCCGCCTGT-1","9","Map2",1.29196047333079
"GCTAACATCACTGGGT-1","4","Map2",0
"GCTAACATCTGTCAAG-1","2","Map2",2.38936764863671
"GCTAAGTCACAATGCG-1","7","Map2",2.13982355371967
"GCTACAGCAGGATACT-1","15","Map2",0
"GCTACAGCAGGCTACA-1","2","Map2",1.97471605450887
"GCTAGGCCAAACCCAG-1","3","Map2",1.24083861221424
"GCTAGGCCATTCGGTC-1","3","Map2",1.61935115273067
"GCTAGGTTCAATTGCG-1","16","Map2",1.7675908410758
"GCTAGGTTCACCTGCC-1","7","Map2",2.66199483749186
"GCTAGTCAGCTACCGG-1","11","Map2",1.60776002617664
"GCTAGTCAGGATGGAT-1","0","Map2",1.62486806940045
"GCTAGTTGTAATGCCT-1","2","Map2",2.03908798552483
"GCTAGTTGTGAGTAAT-1","2","Map2",1.53688422699159
"GCTATCCCAGGATCAT-1","0","Map2",1.82687626157357
"GCTATCCCAGTACTCC-1","7","Map2",2.01996808359742
"GCTATCCCATCGCGTT-1","11","Map2",2.00540421643993
"GCTATTGAGGATCATT-1","7","Map2",1.5000457585041
"GCTATTGAGTCATCTC-1","6","Map2",2.3474734496298
"GCTCAAATCTAGTCGA-1","14","Map2",0
"GCTCAATGTAGGCTGG-1","4","Map2",1.12041151701069
"GCTCAATGTCAACGGG-1","5","Map2",2.24398247970781
"GCTCACCTCATACTCC-1","2","Map2",2.16365755469756
"GCTCAGGTCTAACCTC-1","15","Map2",2.81828072874165
"GCTCAGGTCTAGTACG-1","5","Map2",1.84976716634261
"GCTCAGTAGTAACGAA-1","3","Map2",1.9365404041865
"GCTCATCCAGGACTCA-1","6","Map2",2.24061675845217
"GCTCATCCAGGATAGA-1","13","Map2",1.52926988362499
"GCTCCAAGTGAGACCG-1","8","Map2",2.1070194652404
"GCTCCAAGTTGACTAC-1","5","Map2",0.582049283248322
"GCTCCATCACCAATCC-1","0","Map2",1.9618495024524
"GCTCCATCACTAACTT-1","12","Map2",0
"GCTCCCACAAGCTGCA-1","5","Map2",1.69945024652515
"GCTCCGTTCGATCAGC-1","9","Map2",0.940316930375861
"GCTCCGTTCGCTCTGC-1","3","Map2",2.35507798554095
"GCTCCTTGTAACTTCA-1","7","Map2",2.28255686499732
"GCTCCTTGTAATGCAG-1","12","Map2",0
"GCTCCTTGTATAGTGG-1","8","Map2",0
"GCTCCTTGTGATAGCA-1","4","Map2",0
"GCTCGATAGGTACGAG-1","13","Map2",2.18577122601158
"GCTCGTTCACATGCTC-1","10","Map2",0
"GCTCGTTCACTAATCT-1","3","Map2",1.89858532513059
"GCTCGTTCAGGTAATC-1","0","Map2",2.70924101099356
"GCTGAAAGTGGGAACT-1","3","Map2",1.68917491877546
"GCTGAAAGTTAAGGAT-1","5","Map2",1.80161879265821
"GCTGACTAGCGATCAC-1","0","Map2",1.9734956971021
"GCTGACTAGCGGATCT-1","1","Map2",1.58493535160432
"GCTGACTAGCTAGACC-1","2","Map2",1.71320217430725
"GCTGAGAAGCAATCTG-1","2","Map2",2.39095457259555
"GCTGAGAAGCGAGTGA-1","3","Map2",2.25495357454729
"GCTGAGAAGCGATCTA-1","9","Map2",2.36093680849517
"GCTGAGGGTCATCAAC-1","8","Map2",0
"GCTGAGGGTTCCCTTA-1","3","Map2",2.65786494944115
"GCTGAGGGTTTACTAG-1","0","Map2",2.04410410968939
"GCTGATTGTCAACTGT-1","11","Map2",2.11664919784441
"GCTGATTGTCCATCCT-1","9","Map2",1.44541052862473
"GCTGATTGTGATTGAG-1","6","Map2",1.73685566178721
"GCTGCCTTCCATCCAT-1","3","Map2",2.31245433874836
"GCTGCCTTCCGTGCGA-1","4","Map2",0
"GCTGCGATCGAACCTA-1","1","Map2",1.53492935031526
"GCTGCTGAGATAGATG-1","11","Map2",1.85295764999339
"GCTGCTGAGGGTCCTG-1","1","Map2",1.61296723349549
"GCTGGCTGTAATGCTC-1","2","Map2",2.08501772350135
"GCTGGCTGTTAACTGC-1","0","Map2",3.10353660916048
"GCTGTATGTGAGTTAG-1","7","Map2",1.79092662167429
"GCTGTATGTTGGCGAG-1","7","Map2",0.699762196981082
"GCTGTTAAGGGGTAAT-1","1","Map2",2.51772405370323
"GCTGTTAAGTAACGAA-1","11","Map2",2.02233454568703
"GCTTACAAGCCAGACT-1","5","Map2",2.70490120841285
"GCTTACTTCCCAGGCA-1","2","Map2",2.49726001769765
"GCTTATAGTAGCGAGT-1","6","Map2",1.3548146757613
"GCTTATGAGCGGGTAA-1","6","Map2",1.38345111191678
"GCTTATGAGCTTAACG-1","5","Map2",1.17045453392591
"GCTTATGAGGCATGTC-1","8","Map2",0
"GCTTATGAGGTGAGTG-1","1","Map2",1.84313693515726
"GCTTCATTCACTCTAC-1","11","Map2",2.29575122581698
"GCTTCATTCCGCGATG-1","9","Map2",1.87764977418107
"GCTTCCGCACAGCGGT-1","2","Map2",2.34389407291012
"GCTTCCGCATGCTGTC-1","3","Map2",1.57415319129774
"GCTTCCTGTAGTGAGC-1","12","Map2",0
"GCTTCCTGTGACGTGG-1","0","Map2",1.58709764564894
"GCTTCGCTCAAGTCGC-1","3","Map2",2.33187983566041
"GCTTCGCTCACATTGG-1","5","Map2",2.68877623272476
"GCTTGATGTCTCCAAG-1","2","Map2",1.24566570662461
"GCTTGGGTCCATTGCT-1","6","Map2",1.46813452203004
"GCTTGGGTCCCCAGGA-1","11","Map2",2.61635556264062
"GCTTGGGTCCCTCATG-1","3","Map2",1.49153720253719
"GCTTGTAAGGCACACT-1","4","Map2",2.58059893474985
"GCTTGTAAGGGTCTCG-1","0","Map2",1.80798367205103
"GCTTGTAAGGTGAGGC-1","2","Map2",1.96648643456808
"GCTTGTAAGTCATGTG-1","0","Map2",0.768969324372919
"GCTTGTAAGTGCCAGT-1","0","Map2",2.42187281397639
"GCTTGTCCAACTGGTG-1","2","Map2",2.05377192568401
"GCTTGTCCACAACGTG-1","8","Map2",2.22397718951683
"GCTTGTCCACCTTACA-1","1","Map2",1.71130401037303
"GCTTTCACAGGACTGC-1","1","Map2",1.70381803549925
"GGAAACTAGCCATGAC-1","7","Map2",1.52248191662173
"GGAAATGCACCAGGAC-1","15","Map2",2.6548702506148
"GGAAATGCATTAGTGA-1","7","Map2",2.25055149395472
"GGAAATTGTTTAATCG-1","2","Map2",2.6000894447573
"GGAACATAGCATGATT-1","3","Map2",1.78719078578184
"GGAACCTTCAGGTCTA-1","2","Map2",1.0720046190624
"GGAACGATCAGCACCG-1","10","Map2",2.61290945879855
"GGAAGATTCAGTAGGG-1","5","Map2",1.23813638387847
"GGAAGCCAGTAGCACC-1","7","Map2",1.4469827117067
"GGAAGGCTCCCGTGTC-1","8","Map2",1.86263667233504
"GGAAGGTCATTAGTCT-1","10","Map2",0
"GGAAGTTAGATAGCCC-1","5","Map2",2.14602440911382
"GGAATATGTGCGTGGA-1","4","Map2",0
"GGAATGGTCAATGTGT-1","12","Map2",0
"GGAATGGTCGTGAGGA-1","4","Map2",0
"GGAATTAAGTTGCGTA-1","4","Map2",2.75334710580621
"GGAATTGGTTTAGGAG-1","8","Map2",2.79058333601975
"GGACAATAGGGCTAGA-1","0","Map2",2.22360966339969
"GGACACAAGCAGGTGA-1","4","Map2",0
"GGACACCCAATCAAGC-1","0","Map2",2.0188347739319
"GGACACCCAGGTAATC-1","12","Map2",0
"GGACACCCAGGTATCG-1","1","Map2",1.7874668445549
"GGACACCCATCCTATG-1","8","Map2",0
"GGACACCCATGGATTA-1","3","Map2",2.35134509898382
"GGACATAGTAATCCAC-1","12","Map2",1.9269522353107
"GGACATTCAATACAGC-1","2","Map2",2.24058459258116
"GGACATTCACCTCGCA-1","13","Map2",1.58032559746718
"GGACCCTGTTAGCTGT-1","10","Map2",0
"GGACCTTAGCTACCGG-1","3","Map2",1.44170280480118
"GGACCTTAGTTGCGGT-1","16","Map2",1.4619932353074
"GGACGATGTAACCCTG-1","3","Map2",1.62645270411167
"GGACGGACATTCCTCT-1","6","Map2",2.47663610884784
"GGACGTAAGTCAGGAG-1","3","Map2",1.66767707277868
"GGACTCACACCAACCT-1","14","Map2",2.47041830756189
"GGACTCACACCTATCA-1","2","Map2",1.40726140955422
"GGACTTGCAAATCGAC-1","8","Map2",2.57199359828721
"GGAGAAGGTATTGGAG-1","0","Map2",1.73685566178721
"GGAGAAGGTCATTGGT-1","0","Map2",2.51894771481597
"GGAGAGGAGGTGCTTA-1","2","Map2",2.55460645101281
"GGAGAGGAGTCGACGT-1","4","Map2",0
"GGAGAGTCAATTGAGC-1","1","Map2",2.13566668433679
"GGAGAGTCATCGGTCT-1","6","Map2",1.83335888087173
"GGAGATTAGCCTGAAC-1","11","Map2",2.56293515809831
"GGAGATTAGGAATGCG-1","14","Map2",2.89719772296656
"GGAGATTAGGTATCCA-1","7","Map2",2.36006774402319
"GGAGCAATCGCGATGT-1","4","Map2",0
"GGAGCCAGTAATCCTA-1","8","Map2",1.30493505657455
"GGAGCCAGTTTAAGCC-1","7","Map2",2.00739384523528
"GGAGCTAAGGGCAGAC-1","7","Map2",2.06297055561938
"GGAGCTAAGTACGCCG-1","8","Map2",1.47563657784546
"GGAGCTGGTTAAGGGC-1","9","Map2",1.68899495816295
"GGAGCTGGTTCCGGTA-1","0","Map2",2.14927402522698
"GGAGTAGTCAAGTCTG-1","4","Map2",2.29421309683352
"GGAGTAGTCACGCAAC-1","2","Map2",2.09990288565406
"GGAGTCAAGCTAACCA-1","9","Map2",0.923979119172879
"GGATAATGTGAAGCCG-1","2","Map2",2.40370056360874
"GGATAGGTCACCTACT-1","1","Map2",2.28567916710533
"GGATAGTAGTCGATAT-1","5","Map2",1.83435287821515
"GGATATGGTAAGTGCA-1","12","Map2",0
"GGATCGCCAACTCGTC-1","6","Map2",1.23507251547221
"GGATCGCCAAGCACAT-1","1","Map2",1.21339967520218
"GGATCGTTCGTACGGT-1","5","Map2",1.1814575890542
"GGATCGTTCGTAGTCA-1","1","Map2",1.54268820908241
"GGATCTATCAGTAGGG-1","0","Map2",1.52627547128452
"GGATCTATCCATCCTG-1","6","Map2",2.67017543905601
"GGATCTATCGCGCGTA-1","1","Map2",1.48613350607472
"GGATGCTTCACTCCGC-1","12","Map2",0
"GGATGCTTCCGTAAGC-1","15","Map2",0
"GGATGGGCAAGTTCCC-1","10","Map2",0
"GGATGGGCAGGTATCG-1","3","Map2",2.2570891440313
"GGATGGGCATTGGCAG-1","7","Map2",2.34958705815175
"GGATGTGAGCGACTAC-1","9","Map2",2.61375573973199
"GGATGTTCAGGATGGG-1","7","Map2",1.81090204226879
"GGATGTTCATAAGCAC-1","2","Map2",1.95771677497295
"GGATTAAAGGATGAAC-1","7","Map2",1.65416027438421
"GGATTAAAGTCGCTGG-1","6","Map2",1.68415373591483
"GGATTAAAGTTGGGCT-1","10","Map2",0
"GGATTCATCCCCTGGT-1","8","Map2",1.84807577775508
"GGATTCATCTATGGCA-1","2","Map2",1.31854421443816
"GGATTGCTCCCGCATC-1","9","Map2",1.77477588978716
"GGATTGCTCCGCCAGA-1","10","Map2",0
"GGCAAAGTCCTGCCGT-1","1","Map2",1.65621534479341
"GGCAAAGTCGCATTAG-1","9","Map2",2.08726826396184
"GGCAACTTCACAGCTA-1","1","Map2",0.94251038870959
"GGCAAGGCAACCAAGT-1","3","Map2",1.545627114982
"GGCAAGGCACATTCCA-1","11","Map2",2.54475852742873
"GGCAATAGTTGCTGGC-1","2","Map2",1.13324121431038
"GGCAATTCAGCTAACG-1","3","Map2",1.83625878130133
"GGCACACCAATCAATG-1","1","Map2",2.13028877160507
"GGCACCTGTCAATTCA-1","11","Map2",1.95316064278062
"GGCACCTGTTGCAGGG-1","2","Map2",1.85378583626851
"GGCACGAGTTAGCGAA-1","0","Map2",2.55134370540576
"GGCATAGAGAATCACT-1","5","Map2",2.32669633935745
"GGCATAGAGTAGTGAA-1","8","Map2",1.57727025484293
"GGCATCACAATATGGC-1","6","Map2",1.59217069040931
"GGCATCACAGGTTCGA-1","7","Map2",2.04934945930759
"GGCATCCGTGGAAGGA-1","10","Map2",0
"GGCATGTTCGAATGAA-1","5","Map2",1.05298498152993
"GGCATTATCCTGACCC-1","7","Map2",2.19746164949617
"GGCATTATCTAGTTGG-1","5","Map2",1.73288290471868
"GGCCAACCAGCCATCT-1","1","Map2",1.24215091276888
"GGCCAATTCAGCCTAA-1","2","Map2",2.13790002079269
"GGCCCTAAGTTAGGTT-1","5","Map2",2.90753522819025
"GGCCGAAGTCCATCCT-1","9","Map2",1.9578328798529
"GGCCGAAGTTCTGTGG-1","4","Map2",0
"GGCCGATCAAGGGCTC-1","7","Map2",1.8821310929668
"GGCCGTTGTGAAGTGC-1","10","Map2",1.90667306245649
"GGCCGTTGTGAGGCAT-1","8","Map2",2.19686910077171
"GGCCTAACAACTCGGA-1","4","Map2",0
"GGCCTTGAGCATTACG-1","5","Map2",2.20186019963343
"GGCGAACAGGTCGTAC-1","12","Map2",0
"GGCGAATGTGCATTAC-1","3","Map2",2.29541660351543
"GGCGAATGTTAGACGA-1","9","Map2",2.20019303962732
"GGCGACTCACCTATAT-1","1","Map2",1.52881700295203
"GGCGACTCACTAACCC-1","5","Map2",2.08542910138202
"GGCGAGACATCACTCA-1","0","Map2",2.29157160828835
"GGCGATCCACCATACC-1","13","Map2",1.98272757141135
"GGCGATTTCAATCGTG-1","8","Map2",1.91699085060714
"GGCGATTTCACTAGGC-1","6","Map2",1.64762556764427
"GGCGGTAGTGAACGCG-1","12","Map2",0
"GGCGGTTCACAAGCCA-1","5","Map2",2.07619987085557
"GGCGTAAAGTATGTGT-1","5","Map2",2.59830272106372
"GGCGTAAAGTTACCTC-1","7","Map2",2.26091747452706
"GGCGTCTGTGAACGAC-1","6","Map2",1.8964969142605
"GGCGTTACAACATGCG-1","11","Map2",1.81519429193218
"GGCGTTACACTAATTC-1","10","Map2",0
"GGCGTTACATAGAGCT-1","7","Map2",2.33078463007189
"GGCGTTACATCGGTGA-1","1","Map2",1.57271369846091
"GGCTAATCACAAGGCC-1","1","Map2",2.17090755665719
"GGCTAATCACTTAACT-1","4","Map2",3.11016506255815
"GGCTAATCAGTTGCAG-1","8","Map2",1.69604849673951
"GGCTAGAAGAATCCTG-1","7","Map2",1.81143207653348
"GGCTAGAAGGGCAGAC-1","1","Map2",1.93918611525641
"GGCTAGAAGTAGGTCC-1","5","Map2",0
"GGCTATATCCAGCTCC-1","0","Map2",2.51685108634779
"GGCTATTGTAATGTCC-1","9","Map2",1.90200374262776
"GGCTATTGTGATCCCA-1","1","Map2",1.3408959827899
"GGCTCAACAGCCAGGT-1","7","Map2",2.115654154867
"GGCTCAACAGCTCATC-1","9","Map2",1.04652771645537
"GGCTCAACAGGACACC-1","3","Map2",0
"GGCTCGATCGATCGGT-1","15","Map2",1.50031631752831
"GGCTGAAAGTACCAGC-1","15","Map2",0
"GGCTGACCACTTCGCG-1","12","Map2",0
"GGCTGACCATAACGTA-1","8","Map2",2.57244044587545
"GGCTGACCATTACCAT-1","6","Map2",1.66695068298611
"GGCTGCATCAATTGGT-1","10","Map2",0
"GGCTGCATCGTTAGAT-1","1","Map2",1.41501769759115
"GGCTGGTCACCATAGG-1","12","Map2",0
"GGCTGGTCACCTTGAC-1","8","Map2",0
"GGCTGGTCAGCTAAGT-1","2","Map2",2.06665207607749
"GGCTGGTCAGTTGCCT-1","2","Map2",1.37815613472388
"GGCTTAATCTATCGTC-1","2","Map2",1.36928840599816
"GGCTTATGTAGTAAGT-1","1","Map2",1.53750530340622
"GGCTTCCTCAGGAGAT-1","15","Map2",0
"GGCTTCCTCGACTATG-1","10","Map2",0
"GGCTTTGGTAGCGACG-1","3","Map2",2.28822202882376
"GGCTTTGGTAGTGTGA-1","10","Map2",0
"GGCTTTGGTGATGAAT-1","3","Map2",1.9358296931735
"GGCTTTGGTTCTGGCA-1","13","Map2",0.944138711488859
"GGGAATGTCACATGCA-1","13","Map2",0.674200779475228
"GGGAATGTCGATACTG-1","1","Map2",1.98093412272219
"GGGAATGTCGATTCAG-1","4","Map2",0
"GGGAATGTCTATGGAT-1","7","Map2",2.47165821056846
"GGGACAATCATCAGCA-1","12","Map2",0
"GGGACAATCCGCAGAT-1","3","Map2",1.46292758714081
"GGGACCAGTTGGGTCC-1","8","Map2",2.28822202882376
"GGGACCTCAACCTGCT-1","10","Map2",2.61786873595803
"GGGACCTCAACGGTCA-1","4","Map2",0
"GGGACGTAGCAACCGT-1","11","Map2",2.2043674648486
"GGGACGTAGGGTTGCT-1","3","Map2",1.61082602295837
"GGGACTAAGCTATCAG-1","3","Map2",2.35383181559435
"GGGACTAAGTGCAAGG-1","8","Map2",0
"GGGACTGGTTTACTCT-1","4","Map2",2.46654503225588
"GGGATAGTCGATTCCT-1","1","Map2",1.54377322425304
"GGGATAGTCGCGCTGA-1","6","Map2",1.13074881868607
"GGGATAGTCTGGTAGC-1","3","Map2",1.22822646703056
"GGGATATAGCAAGGAT-1","0","Map2",2.43644823769995
"GGGATATAGTTAGGTT-1","4","Map2",0
"GGGATCAAGTGGCCTG-1","4","Map2",0
"GGGATTAGTAATGACG-1","9","Map2",2.00275414596056
"GGGATTAGTTATCTGA-1","7","Map2",1.48362459509225
"GGGATTGAGCTAATGT-1","6","Map2",2.02195542015221
"GGGATTGAGGTGAGAT-1","6","Map2",1.38760829842765
"GGGCAAATCATGACTG-1","3","Map2",1.85979271716097
"GGGCAAATCGAACCCG-1","4","Map2",0
"GGGCAACAGCGAGCTT-1","5","Map2",2.18853545977238
"GGGCAACAGGCTCCTC-1","2","Map2",2.28272624830936
"GGGCAATGTTTGACGT-1","2","Map2",0
"GGGCAGACAGGGACTC-1","5","Map2",1.93870206530032
"GGGCATCCAAGCCTAG-1","3","Map2",1.73080938703052
"GGGCATCCAAGCTGAT-1","5","Map2",1.92954738077389
"GGGCATCCACATACCC-1","5","Map2",1.99216700679395
"GGGCATCCATTGCACC-1","4","Map2",1.66790968088943
"GGGCATTTCATCTCTA-1","8","Map2",1.93704846870536
"GGGCCTATCCTGATAG-1","6","Map2",2.31245433874836
"GGGCCTATCGACATTG-1","14","Map2",2.41720799370422
"GGGCGTAGTGGCCAGA-1","2","Map2",1.86632271113697
"GGGCGTAGTTGCATTA-1","1","Map2",1.48878528643126
"GGGCTAGGTTAGTTCA-1","6","Map2",1.48467976227312
"GGGCTCTGTAATCCCG-1","8","Map2",2.76838002742356
"GGGCTCTGTTCCGCAA-1","4","Map2",0
"GGGCTTACATTGGCGA-1","5","Map2",1.51611627549423
"GGGGACTAGCCATAGC-1","1","Map2",1.33667363697664
"GGGGACTAGGCAACTC-1","6","Map2",0.817090284976043
"GGGGATGCACTTACCA-1","15","Map2",0
"GGGGCAACAAGGTCCA-1","5","Map2",2.0288904857835
"GGGGCAACACTAGCAG-1","2","Map2",1.97092161958462
"GGGGCAACATGACCGA-1","3","Map2",0
"GGGGCAACATTCATCG-1","5","Map2",0.950810278219195
"GGGGCTAGTTGAGCAA-1","0","Map2",2.0989184100704
"GGGGCTAGTTGCTCTC-1","6","Map2",1.65102120092132
"GGGGTCAGTATTGGGA-1","13","Map2",0.703196496212967
"GGGGTCAGTCAGTTAC-1","7","Map2",1.7820343827526
"GGGGTTAAGTAGAGCG-1","2","Map2",0.587822222670162
"GGGGTTGGTAACTTCA-1","4","Map2",0
"GGGTAACGTCAGTGCC-1","11","Map2",2.69910498855209
"GGGTAACGTTAGAGTG-1","5","Map2",2.46555895399748
"GGGTACGGTATTGGGA-1","9","Map2",1.65056746560339
"GGGTACGGTTGTCCAG-1","0","Map2",1.15675507367931
"GGGTACTTCCCTCGAC-1","5","Map2",2.39980655357387
"GGGTATGAGCCATGCG-1","4","Map2",0
"GGGTATGAGCGGTAGA-1","6","Map2",2.15599769552027
"GGGTCAAAGAACCTCA-1","6","Map2",2.16357383156022
"GGGTCAGGTGAGTCGG-1","0","Map2",2.73946905094297
"GGGTCAGGTGCGGATG-1","14","Map2",2.83683482791691
"GGGTCATTCCAACTAG-1","8","Map2",1.35119793049337
"GGGTCATTCCATAGCA-1","7","Map2",1.74169171828714
"GGGTCCATCGTACGGT-1","5","Map2",2.47397757925581
"GGGTGAATCAGGGCTT-1","1","Map2",1.40033189798098
"GGGTGAATCCAGCCCT-1","2","Map2",2.1657924846431
"GGGTGAATCTAGTAAC-1","2","Map2",2.35803315453111
"GGGTGAATCTGGTCAA-1","2","Map2",0.6565217047517
"GGGTTAAGTATGTGGA-1","2","Map2",2.53966494016965
"GGGTTAAGTTTGCGGC-1","9","Map2",2.34891345338384
"GGGTTAGAGGGGATCA-1","7","Map2",2.11264461853244
"GGGTTCCGTCTAATGC-1","5","Map2",2.38128522622754
"GGGTTCCGTTGCCTCT-1","0","Map2",1.72405743503232
"GGGTTGAAGCGAGACA-1","6","Map2",2.28808939223026
"GGGTTGAAGCTAGTGC-1","4","Map2",0
"GGGTTGAAGGAATGCG-1","12","Map2",0
"GGGTTTCAGATAGTCT-1","9","Map2",1.37976753142321
"GGTAAATGTAACCCTG-1","15","Map2",0
"GGTAAATGTTGTCCAG-1","3","Map2",1.82589247559751
"GGTAAGGTCATGCTGA-1","0","Map2",1.40977087421791
"GGTAAGGTCCGCACCT-1","2","Map2",2.14910666300392
"GGTACATCATAAGCTA-1","5","Map2",1.88729028812288
"GGTACGCCACTATATC-1","5","Map2",2.39979827017894
"GGTACTATCATAGATC-1","7","Map2",1.56856446160123
"GGTACTATCGATTCAG-1","9","Map2",1.95245287211938
"GGTACTTGTGATTGAG-1","0","Map2",2.72104167072757
"GGTAGCAAGTTGGACC-1","5","Map2",1.23389199993187
"GGTAGCGGTTCGTAAC-1","7","Map2",1.64301224064429
"GGTAGCTTCGTGCCAG-1","4","Map2",1.95557205996705
"GGTAGGATCTAGCTTC-1","2","Map2",2.02115986668112
"GGTAGTAGTTCCGCAA-1","12","Map2",0
"GGTAGTAGTTGGACCC-1","1","Map2",1.21606556339817
"GGTAGTGAGGCACTTA-1","1","Map2",1.28265535242243
"GGTATAGGTTAGACAG-1","10","Map2",0
"GGTATATTCAGTATGT-1","14","Map2",1.861488584457
"GGTATATTCATAGGTT-1","12","Map2",2.03688192726104
"GGTATATTCCACCTAT-1","2","Map2",1.30239446507895
"GGTATATTCGTACTAG-1","6","Map2",2.49483716305107
"GGTATCTGTGCAGCTC-1","13","Map2",1.42757252534318
"GGTATGAGTAACGGTA-1","3","Map2",2.80286733634645
"GGTATGGAGCTGGTTA-1","14","Map2",2.24407669582386
"GGTATGTCACTTGAGG-1","9","Map2",1.22516071812437
"GGTATTGTCAGCGGAA-1","4","Map2",0
"GGTCAATCATTAGCTT-1","4","Map2",2.18908833966032
"GGTCAGCCATCATCTG-1","3","Map2",1.31700870672937
"GGTCATTGTGCATCCA-1","6","Map2",0
"GGTCATTGTTGCATAC-1","6","Map2",2.04927090773075
"GGTCCTGAGAATCGAA-1","16","Map2",0
"GGTCCTGAGCTAGGGA-1","4","Map2",0
"GGTCGAGGTTTGCGTG-1","11","Map2",1.85112311160459
"GGTCGATTCATGTAAC-1","2","Map2",2.51276799376877
"GGTCGCATCGTAGTAT-1","8","Map2",2.54885537438827
"GGTCGGTCATCGGTTC-1","0","Map2",1.81204414039956
"GGTCTAGCAATGCCGA-1","4","Map2",0
"GGTCTAGCATCCAATT-1","7","Map2",1.79377620183229
"GGTCTCCTCGTGCAAC-1","2","Map2",1.71774527628883
"GGTGAACGTTGGATCT-1","0","Map2",2.4572235330968
"GGTGAATAGTAGTAGA-1","2","Map2",2.51588515178758
"GGTGAGGCAGGCAACC-1","4","Map2",0
"GGTGAGGCAGGTTACG-1","5","Map2",1.21623261722988
"GGTGAGGCATGAGTGT-1","1","Map2",1.77132607833933
"GGTGAGGCATGAGTTA-1","4","Map2",0
"GGTGCAGGTGAGTAAT-1","6","Map2",0.921421269761609
"GGTGCATTCATGAGTT-1","7","Map2",2.08263787141486
"GGTGCATTCGATCAAT-1","2","Map2",1.29248724505966
"GGTGCCTGTTATCTAG-1","5","Map2",1.8534113341685
"GGTGCTTAGCGCTGCA-1","3","Map2",1.99574011460085
"GGTGGATGTTCGTGCA-1","5","Map2",1.01926796343159
"GGTGGCAGTTGAGTTC-1","5","Map2",1.44557583359074
"GGTGGCTCAACATACA-1","8","Map2",2.59290746158095
"GGTGGCTCATCGAAGT-1","8","Map2",1.90132525334375
"GGTGGCTCATCGGGAC-1","1","Map2",1.34277466391253
"GGTGTAAGTGACGAGT-1","3","Map2",2.64856209282777
"GGTGTCCGTAACCCAT-1","4","Map2",0
"GGTGTCCGTTCGATGT-1","0","Map2",2.63517448377762
"GGTGTTGCAATCGCTC-1","4","Map2",0
"GGTGTTGCACTCATGC-1","9","Map2",1.67704371247923
"GGTGTTGCAGGCATTG-1","10","Map2",0
"GGTTAAGGTTGTGGTT-1","14","Map2",2.52950901854903
"GGTTAATTCATCAGGC-1","11","Map2",2.29141179239592
"GGTTAATTCATCGTCT-1","8","Map2",1.86956329118445
"GGTTAATTCCGCTACC-1","3","Map2",2.15311446850948
"GGTTACATCATCTCTA-1","10","Map2",3.03128597709759
"GGTTACATCGTACCGG-1","5","Map2",2.41497808783344
"GGTTATGTCCCAATGA-1","11","Map2",1.71663948638996
"GGTTCAATCAAGTTAC-1","5","Map2",2.23836823593473
"GGTTCAATCCGGATAC-1","4","Map2",0
"GGTTCTAAGAAGGGAA-1","10","Map2",0
"GGTTGGTTCAGTACGC-1","3","Map2",1.61543814472949
"GGTTGGTTCATGCAAT-1","2","Map2",2.17026756317481
"GGTTGTCAGGATAGAC-1","15","Map2",0
"GGTTGTCAGTACGGTC-1","12","Map2",0
"GGTTTAGTCCCCATCA-1","5","Map2",2.32401285607585
"GGTTTCAAGCCAGCCA-1","11","Map2",2.37919776276278
"GTAAACCCAATCTCTG-1","2","Map2",2.09682789836974
"GTAAACGGTTTCACTT-1","12","Map2",0
"GTAAACTTCCTCGTGC-1","6","Map2",2.10850143483545
"GTAAAGGCACTAACGG-1","2","Map2",1.32176195112568
"GTAAATGAGCAGGTAG-1","11","Map2",2.50312681557202
"GTAAATGAGGTTACGC-1","4","Map2",0.922606955897848
"GTAACCATCAGGGATG-1","10","Map2",1.64323655240376
"GTAACCTGTAACTCTA-1","3","Map2",1.42217732640211
"GTAACCTGTCATCGCA-1","8","Map2",0
"GTAAGCCTCAGTTAGT-1","4","Map2",1.44256595252102
"GTAAGCGAGGCTCTGG-1","9","Map2",1.48362459509225
"GTAAGCTCAGGCAACC-1","0","Map2",2.67068743361757
"GTAAGGGTCCATCTCG-1","0","Map2",2.9563788501733
"GTAAGTAAGCCAATCA-1","9","Map2",1.02991522380295
"GTAAGTAAGTTACCCT-1","7","Map2",2.50006918437793
"GTAATCCGTAGCGGAT-1","6","Map2",3.02110396513177
"GTAATGAAGGTTCAAT-1","8","Map2",2.44913086581614
"GTAATGAAGTCATGGC-1","0","Map2",2.53769558889521
"GTAATGGGTAAGGTTG-1","10","Map2",0
"GTAATGTTCGCGCACA-1","9","Map2",1.61468516030483
"GTACAAGGTGGCCTGT-1","2","Map2",0
"GTACAAGGTTTACAGC-1","0","Map2",2.00982823774601
"GTACCAATCCCGTAGG-1","1","Map2",2.1564198260591
"GTACCAATCCGGGTCA-1","0","Map2",1.79267672453114
"GTACCAATCTGGCTAA-1","9","Map2",1.76910275465086
"GTACCAGCAAATGGGA-1","10","Map2",0
"GTACCAGCACTTACTG-1","12","Map2",0
"GTACCCTCAAGCACGC-1","3","Map2",2.02214495947026
"GTACGAAGTGGCTAGG-1","4","Map2",0
"GTACGGGGTCAAGCCC-1","6","Map2",1.35353564126807
"GTACGGTTCGTTACAG-1","10","Map2",0
"GTACGTTGTATTGGAG-1","4","Map2",0
"GTACTAACACTCAATT-1","7","Map2",1.93328249218751
"GTACTAGTCATGTCTC-1","14","Map2",0
"GTACTAGTCCTGTCGC-1","1","Map2",2.05975418706195
"GTACTAGTCGTGCTAA-1","8","Map2",2.0331230134971
"GTACTAGTCTGGATGC-1","2","Map2",2.04709428532807
"GTACTCCCACTCGCTG-1","4","Map2",0
"GTACTCCCATGACGGC-1","3","Map2",2.04944766002309
"GTAGAATGTAGTAGTG-1","8","Map2",2.64296612938031
"GTAGAATGTGAAGGCT-1","5","Map2",2.30418093385163
"GTAGACTCATGAATGC-1","4","Map2",0
"GTAGACTCATTAACTC-1","2","Map2",2.76702392488471
"GTAGATGGTCATCCCT-1","1","Map2",1.86601483106737
"GTAGATGGTGAGTGAC-1","16","Map2",0
"GTAGCATCATTAGCGG-1","10","Map2",0
"GTAGCCACACATGCAG-1","0","Map2",2.52835049257871
"GTAGCCACAGCTCATC-1","10","Map2",0
"GTAGCCCGTAGCTCGC-1","1","Map2",1.78735640822286
"GTAGCCCGTGGGTATA-1","0","Map2",1.65313506695566
"GTAGCGGGTCCATCAG-1","5","Map2",2.10572503822733
"GTAGCGGGTTGCAGGG-1","0","Map2",1.49104808455961
"GTAGCTATCAGTTCCT-1","0","Map2",2.17984048069182
"GTAGCTTGTGCACGAG-1","2","Map2",2.400551014552
"GTAGCTTGTGGAGAGA-1","14","Map2",2.63182155857838
"GTAGGATAGGGTTGGA-1","0","Map2",2.38667253433257
"GTAGGCAAGGCGTTAC-1","2","Map2",1.38884979279988
"GTAGGCAAGTAAGGAC-1","5","Map2",2.48258151440447
"GTAGGGGCACAGGATT-1","2","Map2",1.91708980744775
"GTAGGTAGTAACTCTA-1","5","Map2",1.7091701316297
"GTAGGTAGTAGGCTGG-1","0","Map2",2.67717977909351
"GTAGGTAGTGCGCAGA-1","8","Map2",2.69127221462781
"GTAGGTGAGGATTGAA-1","9","Map2",1.08688465392482
"GTAGGTGAGGTGCTAC-1","10","Map2",2.38705701641509
"GTAGTAAAGATTAGAG-1","3","Map2",1.340687612088
"GTAGTAAAGTGCCGTG-1","2","Map2",2.55330577230357
"GTAGTAGGTATGGCCC-1","3","Map2",2.38723650223465
"GTAGTCGCATCCCAGT-1","4","Map2",2.59807244573354
"GTAGTCTGTCCCGAAC-1","5","Map2",1.06653881606624
"GTAGTGAGTTATCTCT-1","6","Map2",2.27770490262647
"GTAGTTACAGCATGTG-1","3","Map2",1.95578046662555
"GTAGTTACAGTTGCCT-1","13","Map2",1.62177517551087
"GTAGTTACATGCTCGT-1","5","Map2",1.80745110410606
"GTAGTTGTCCGTGGCA-1","4","Map2",0
"GTATAGAAGAATCCTG-1","2","Map2",1.89457437468645
"GTATAGCCAGTAAGGA-1","10","Map2",0
"GTATCCCCACTTACAT-1","6","Map2",2.06450114557173
"GTATCCCCACTTCGAC-1","1","Map2",1.36292610560753
"GTATCCCCACTTCGGT-1","1","Map2",1.59175510246442
"GTATCTTCATCCTATG-1","11","Map2",0
"GTATGAAAGCGATTCA-1","3","Map2",2.39476982916368
"GTATGCATCACCTGCC-1","0","Map2",2.59611758688123
"GTATGCATCCTGACGG-1","0","Map2",2.1167180262479
"GTATGGGAGGTTCGCG-1","1","Map2",2.03062724594511
"GTATGGGAGTAAGTTC-1","2","Map2",2.22610396606273
"GTATGGGAGTGGCAAG-1","4","Map2",0
"GTATGGTCATGGAACT-1","0","Map2",1.96093077601972
"GTATGTTAGCGCCAAT-1","0","Map2",2.42865711651648
"GTATTAGCATAACTGA-1","6","Map2",2.58839397875968
"GTATTCAGTCATCGGC-1","6","Map2",2.55861677154495
"GTATTCCTCACTAGGC-1","9","Map2",1.85796376483738
"GTATTGGTCCTCACCA-1","3","Map2",1.18412640693704
"GTCAAATTCCATGCAA-1","6","Map2",2.65272155719082
"GTCAAATTCGATGCCG-1","2","Map2",2.26374431148828
"GTCAAGCTCCGGTGAT-1","0","Map2",2.72411941885223
"GTCAATGTCCGCGACA-1","8","Map2",2.30240511279138
"GTCAATGTCGATGGGA-1","2","Map2",1.8099041925235
"GTCAATGTCGCGAGTT-1","10","Map2",0
"GTCAATTAGCATCCTT-1","8","Map2",1.83634497272381
"GTCAATTAGTTGCAGC-1","1","Map2",2.53662330941842
"GTCACCTCATCACGAG-1","1","Map2",1.60933125429998
"GTCACGTAGGAATTAG-1","13","Map2",1.79845741791218
"GTCACGTAGTGGCGAA-1","11","Map2",2.37650584267401
"GTCATAGTCGCGCGTA-1","9","Map2",1.46428914671786
"GTCATATAGGTAATTC-1","2","Map2",0.911962689896861
"GTCATCAAGCGAGACA-1","12","Map2",0
"GTCATCAAGTAATGCT-1","6","Map2",2.23309634225345
"GTCATCCCAACTGGCA-1","8","Map2",2.01826874762161
"GTCATCCCACCATACC-1","0","Map2",2.66072934951241
"GTCATTAGTAGTCCAT-1","13","Map2",1.97746907935873
"GTCATTTCAAAGGTGA-1","8","Map2",3.05102180111012
"GTCATTTCAGGTAACT-1","10","Map2",0
"GTCCAACAGGGGATTG-1","10","Map2",0
"GTCCAACAGTGGCCTG-1","6","Map2",1.91513784442023
"GTCCAATGTTTCGCAG-1","4","Map2",1.56668709405614
"GTCCAGGTCACGGACT-1","13","Map2",1.60101145452943
"GTCCAGGTCGAATTAC-1","2","Map2",2.10364260136278
"GTCCAGGTCGACCTGG-1","2","Map2",2.16853166945455
"GTCCAGTAGGCTCCAG-1","2","Map2",2.41442153948435
"GTCCATCCACCTGGAA-1","0","Map2",0
"GTCCATCCATGGCAGC-1","2","Map2",2.49148903974206
"GTCCATGGTGGCGCTT-1","0","Map2",2.22287511437065
"GTCCATTTCTGGATAT-1","1","Map2",2.31315734284139
"GTCCCAAGTAGCCCGT-1","2","Map2",2.20616318433703
"GTCCCAAGTAGTGTGA-1","7","Map2",2.23229118830336
"GTCCCGTTCCCTCGTA-1","4","Map2",0
"GTCCCTCAGGAATTAG-1","0","Map2",1.38065844063126
"GTCCGAACATGATTGA-1","8","Map2",3.08184890761846
"GTCCGATAGCCCGTCT-1","7","Map2",1.58106099467722
"GTCCGATAGGATAGCG-1","7","Map2",1.90423745265475
"GTCCGCAAGGTGATGG-1","5","Map2",2.86169695738467
"GTCCGCTTCCGGGTCA-1","1","Map2",1.73310657372241
"GTCCGCTTCGTTCACT-1","3","Map2",2.20796293555735
"GTCCGTAGTCATGGTT-1","0","Map2",2.22864710214279
"GTCCGTAGTTCGTCAG-1","1","Map2",1.88895569666618
"GTCCGTGAGGAGTAGT-1","3","Map2",1.58339518249613
"GTCCGTGAGGCAATCC-1","10","Map2",0
"GTCCGTTCACTCGGTT-1","7","Map2",2.47957018476806
"GTCCTAAAGGATGAGT-1","1","Map2",2.10596262976118
"GTCCTATTCGCATCCC-1","10","Map2",0
"GTCCTGCTCAGGACTC-1","3","Map2",1.99623969310687
"GTCCTGCTCATCGAAT-1","3","Map2",2.38739358410725
"GTCCTGCTCGAATCAT-1","1","Map2",1.90521073610303
"GTCGAGGGTCAAGGGT-1","6","Map2",1.99039853965025
"GTCGCCAAGATACTAC-1","13","Map2",0
"GTCGCCAAGCCACGCA-1","2","Map2",1.75580848249545
"GTCTAACGTTCGTAGT-1","0","Map2",2.43545453252009
"GTCTACAAGCTTACGA-1","2","Map2",1.88650215413694
"GTCTACCCACTAGGTG-1","1","Map2",1.54737884675845
"GTCTACCCATGACTAA-1","5","Map2",2.14737932352291
"GTCTACCCATGCTCCG-1","4","Map2",0
"GTCTACCCATTACTCG-1","1","Map2",2.20600910777917
"GTCTATGAGCGCATGT-1","6","Map2",0
"GTCTATGAGGATTGCC-1","2","Map2",1.69562445429761
"GTCTATGAGGCAACTC-1","7","Map2",2.26723327660418
"GTCTCACCAAATCGTA-1","9","Map2",1.5144539976781
"GTCTCCATCCATCACT-1","2","Map2",1.95183058490845
"GTCTCCATCCGCCACT-1","10","Map2",0
"GTCTCCGCATTACGGG-1","0","Map2",2.54336526115475
"GTCTCGCTCAGCGGTT-1","4","Map2",0
"GTCTGCCTCGATCAGC-1","7","Map2",1.72719810895791
"GTCTGCCTCTAAGCAT-1","3","Map2",2.28148492095396
"GTCTGGACAAATGCCG-1","9","Map2",2.38829176435003
"GTCTGTCCATTCAGGG-1","6","Map2",2.1516208205362
"GTGAAATGTGCAGTCC-1","4","Map2",0
"GTGAACCTCACAGGAG-1","5","Map2",1.88870054318191
"GTGAAGGTCACAGCCG-1","7","Map2",1.62252530688997
"GTGAAGGTCATATAGC-1","3","Map2",2.19671680201588
"GTGAATCCATGAGTTA-1","0","Map2",2.09388975034141
"GTGAATGGTCAAGGGT-1","1","Map2",0.639268905912811
"GTGAATGGTGGACCTC-1","3","Map2",1.69559417552184
"GTGACGTTCCCAGGAT-1","4","Map2",3.10083108594646
"GTGACGTTCGCTGAAC-1","4","Map2",1.47850581878633
"GTGACTATCCTTCATA-1","7","Map2",1.68859921039269
"GTGAGCGGTAACTTCA-1","11","Map2",2.55063605659873
"GTGAGCGGTAATGCGA-1","3","Map2",1.60138019284092
"GTGAGGATCCATCTCG-1","1","Map2",2.36249789671408
"GTGAGTGAGAATCACT-1","1","Map2",2.09239367347832
"GTGAGTGAGTCGACAC-1","4","Map2",1.68522662049341
"GTGATATTCTCATCGT-1","1","Map2",1.76457666294388
"GTGATGCTCAATTCGG-1","13","Map2",0.97838790895671
"GTGATGGAGCCTGTGG-1","5","Map2",2.49491651775238
"GTGATTGTCACGCGCA-1","10","Map2",2.45819990192619
"GTGATTGTCTGGTACA-1","0","Map2",2.9553740157775
"GTGATTTAGCTAATGT-1","4","Map2",1.39179446916494
"GTGATTTAGTCGACAC-1","1","Map2",1.15750266120444
"GTGCAATCAAGCATAC-1","2","Map2",2.24964634304342
"GTGCACTAGAAGGGTT-1","4","Map2",0
"GTGCACTAGCAAGGTG-1","2","Map2",2.44527386672685
"GTGCACTAGCGAACCT-1","3","Map2",2.39809731749134
"GTGCATATCCGTCCTA-1","3","Map2",1.50241706520247
"GTGCATTGTTGAAGTG-1","11","Map2",1.67372731226455
"GTGCATTGTTGCGTGC-1","0","Map2",2.57543072974429
"GTGCCCAAGAACGAAC-1","0","Map2",2.79762779829738
"GTGCGAGGTTTACACA-1","1","Map2",2.11515939587001
"GTGCGGTCAAGCATCG-1","0","Map2",2.05134397885111
"GTGCGGTCAGGCAATT-1","6","Map2",2.56520202627723
"GTGCTAATCCGCAGAT-1","3","Map2",1.57828712690079
"GTGCTAATCCTTCGGC-1","0","Map2",2.0679334350841
"GTGCTCAGTCTAGTTA-1","16","Map2",1.16185990228335
"GTGCTTGGTCAAGTAG-1","2","Map2",1.73659867357278
"GTGGACAAGCTACTCT-1","3","Map2",1.63954489842766
"GTGGACAAGGTCATGC-1","10","Map2",0
"GTGGACAAGTGATCTG-1","2","Map2",0
"GTGGACCCACTACCAC-1","4","Map2",1.74227429204333
"GTGGATAGTCTTGCTC-1","8","Map2",1.84582669049833
"GTGGATAGTGAGGTCG-1","4","Map2",0
"GTGGCAGGTCCCGAAC-1","10","Map2",0
"GTGGCAGGTTCGTAAC-1","5","Map2",2.02766208552975
"GTGGCCATCACAGGCT-1","1","Map2",1.89980437608306
"GTGGCCATCCATAGGC-1","2","Map2",1.38382445404502
"GTGGCGAGTTGCAGGG-1","9","Map2",2.2874265325632
"GTGGCGAGTTTCGCTC-1","14","Map2",2.55430803147033
"GTGGGTAAGTGCAACC-1","3","Map2",0.761105335702687
"GTGGGTTTCAAGTTCG-1","11","Map2",1.94891616334292
"GTGGGTTTCCAGGTTA-1","11","Map2",1.60116946017492
"GTGGGTTTCCTTCGTG-1","13","Map2",0.87366436562952
"GTGGTAAGTGAAGCCG-1","1","Map2",2.10406391352001
"GTGGTAAGTTCGGTTG-1","3","Map2",0.7705251991316
"GTGGTAAGTTTGCCTC-1","7","Map2",2.47198915915551
"GTGGTCCGTCAGCCTA-1","6","Map2",2.28798329848035
"GTGGTCCGTTAGTCGT-1","16","Map2",0
"GTGGTCCGTTGACGAA-1","0","Map2",1.60219741375254
"GTGGTCCGTTGGGTCC-1","6","Map2",1.46762043652604
"GTGGTTATCTAACCCT-1","8","Map2",2.84763553055944
"GTGTAACCACATATAG-1","7","Map2",2.24236538880488
"GTGTAAGGTCATGCTG-1","4","Map2",0
"GTGTAGTCAAGTGGCC-1","7","Map2",2.01221026825417
"GTGTAGTCAATGTATG-1","15","Map2",2.6044275469224
"GTGTCCTCAATTAGGC-1","3","Map2",2.23235309468502
"GTGTGAGAGCATGTGC-1","2","Map2",1.23199697472826
"GTGTGAGAGCCATCAA-1","3","Map2",1.35748827018023
"GTGTGAGAGCGAGCTT-1","3","Map2",0
"GTGTGAGAGGCACATC-1","4","Map2",0
"GTGTGGCCAATAGCAC-1","0","Map2",2.22520349012658
"GTGTGGCCACCATCTA-1","2","Map2",0
"GTGTGGCCATTCATGT-1","0","Map2",2.64094748433402
"GTGTGTTGTAGCGCCT-1","16","Map2",0
"GTGTGTTGTTAGTCGT-1","11","Map2",0.81907106908126
"GTGTTACGTTGTCATA-1","5","Map2",1.81988773105186
"GTGTTAGTCGACTGGT-1","7","Map2",2.05092217194084
"GTGTTCAAGCGATGAG-1","12","Map2",0
"GTGTTCCCAGTTGGGC-1","9","Map2",2.05764215659959
"GTTAACTAGTCAAGGG-1","11","Map2",2.25866617706716
"GTTAAGCCATGATTAG-1","0","Map2",2.42656377952057
"GTTAAGGGTAAGCTAG-1","2","Map2",2.50344130000482
"GTTAATGCAAATCAGC-1","1","Map2",1.13862317219793
"GTTACCCCAACCAGAT-1","3","Map2",1.23475554264989
"GTTACCCCACAGCGGT-1","1","Map2",1.39962220426334
"GTTACCCCAGCTCAAG-1","0","Map2",2.73361977595171
"GTTACCTTCCCATTCG-1","5","Map2",1.9462530845868
"GTTACTTCAAAGGAGC-1","0","Map2",1.5891635763446
"GTTACTTCAGTAAGGA-1","6","Map2",0.791238546459707
"GTTACTTCATCACGAG-1","0","Map2",2.31222013794785
"GTTACTTCATGCTCCG-1","8","Map2",1.96421709794672
"GTTAGCATCGCTCACC-1","4","Map2",0
"GTTAGCATCGTGATGC-1","1","Map2",1.60709536757327
"GTTAGGCTCGACCTAA-1","7","Map2",2.38990343316358
"GTTAGGCTCGATGATT-1","3","Map2",1.34006294480711
"GTTAGGCTCGTGAGGA-1","2","Map2",2.54135657878653
"GTTAGGGAGCGAGAGC-1","2","Map2",2.07490480383403
"GTTAGGTCACTCGCAT-1","11","Map2",1.82671220421489
"GTTAGTTAGGATTAGA-1","10","Map2",0
"GTTAGTTAGTCATTGG-1","6","Map2",1.78281575463753
"GTTATCAGTTAAGGAT-1","14","Map2",0
"GTTATCCTCTAACCAG-1","12","Map2",0
"GTTATCCTCTGGCACG-1","13","Map2",1.90035706071708
"GTTCAATAGGAACTGG-1","4","Map2",0
"GTTCAATAGGTAAGGT-1","0","Map2",3.21451812826618
"GTTCACAAGCATTCAG-1","11","Map2",2.7225533621703
"GTTCACAAGTAGCTCA-1","8","Map2",2.139294481964
"GTTCACCCACCATACC-1","6","Map2",0.947606940532617
"GTTCACCCATTCAGGG-1","11","Map2",0.850856480873903
"GTTCACTTCGCTAATG-1","0","Map2",2.13604282272404
"GTTCAGGCATGGTCAG-1","1","Map2",1.92924794045962
"GTTCATGAGCGATAGG-1","4","Map2",1.17268308264542
"GTTCATTCAACCTCGT-1","2","Map2",1.14909221502649
"GTTCCAAAGAACCTGC-1","0","Map2",0
"GTTCCAAAGCCAGGTT-1","6","Map2",1.70159709494554
"GTTCCAAAGGTAGGAT-1","15","Map2",0
"GTTCCAAAGGTTGAGG-1","7","Map2",1.47719999373916
"GTTCCCTGTTAATCTG-1","9","Map2",2.28561116365492
"GTTCGAATCATGTCCT-1","9","Map2",1.7534359424061
"GTTCGATGTTCAAGCT-1","0","Map2",2.33536153480269
"GTTCGATGTTTGGGCC-1","0","Map2",2.16502947896511
"GTTCGTCCATAAGCAC-1","7","Map2",1.64835177202218
"GTTCGTCCATAATCGA-1","6","Map2",2.76213749778914
"GTTCGTCCATCCATCA-1","9","Map2",0.769902057382386
"GTTCGTTTCATCGTAG-1","2","Map2",2.34610250039854
"GTTCGTTTCATGCTCT-1","9","Map2",2.67305000580079
"GTTCGTTTCCCATTCG-1","3","Map2",0.971039901817537
"GTTCTAAGTGGCGTAG-1","0","Map2",2.17110825769972
"GTTCTAAGTTATCGCG-1","10","Map2",0
"GTTCTCACATTGGCGA-1","10","Map2",0
"GTTGAAGGTCATCAGT-1","8","Map2",1.9408699880354
"GTTGAAGGTTAGCATC-1","10","Map2",0
"GTTGAGGAGCTTACAG-1","8","Map2",0
"GTTGATTAGGAGTCAG-1","4","Map2",0
"GTTGCAATCTATGAGT-1","4","Map2",0
"GTTGCCCTCAGGTTGC-1","8","Map2",1.64054971358604
"GTTGCCCTCCGCTGAG-1","12","Map2",0
"GTTGCCCTCGTGCTCC-1","9","Map2",2.51088904451572
"GTTGCCTCACTATGCC-1","14","Map2",2.43626315022133
"GTTGCCTCAGGATCTG-1","10","Map2",0
"GTTGCTGGTATGTGTC-1","5","Map2",2.24078565029459
"GTTGCTGGTTATCGCG-1","7","Map2",2.30321533565832
"GTTGGGTTCCTCATGT-1","8","Map2",0
"GTTGTACGTTAATCCA-1","7","Map2",2.28425228445576
"GTTGTACGTTATCCGG-1","2","Map2",2.44667801546377
"GTTGTACGTTCGGTTG-1","12","Map2",0
"GTTGTGATCAGGCAGA-1","8","Map2",1.58124497234481
"TAAACCACAATCGCCT-1","5","Map2",2.21396723276618
"TAAACCACATCCCGTG-1","3","Map2",1.94857200877575
"TAAACCACATGGTAAC-1","15","Map2",0.718637178997817
"TAAACGAAGCCTAGCG-1","6","Map2",2.05863533509489
"TAAACGAAGGTATCGC-1","6","Map2",2.89962778695522
"TAAACGGGTTGGAGCG-1","8","Map2",1.88693390396141
"TAAATCGCAGTAATTG-1","2","Map2",0
"TAAATCGCATGGATCG-1","3","Map2",1.37514873490497
"TAAATCGCATTAGCGG-1","5","Map2",2.11822458449884
"TAACACTAGCCTCTGC-1","2","Map2",2.31750590175625
"TAACACTAGTCGAGTC-1","7","Map2",1.47284515919046
"TAACAGCCAGGTTACG-1","8","Map2",0
"TAACCAACAAAGGATG-1","13","Map2",1.93709929414197
"TAACCAACAATATCAG-1","5","Map2",2.20868396862704
"TAACCAACACATTGAA-1","10","Map2",0
"TAACCAACATGACGAT-1","0","Map2",2.31959039813094
"TAACCAACATTGCCAC-1","7","Map2",1.99494147081376
"TAACCATAGCTTAGTG-1","10","Map2",0
"TAACCCTTCTGGCCGA-1","1","Map2",1.17463759948415
"TAACCGATCACAGCGT-1","2","Map2",2.59151902797498
"TAACCTAGTTGCTCTC-1","4","Map2",0
"TAACGAAAGTCAGTCA-1","4","Map2",2.03514476014304
"TAACGAGGTAACTGCT-1","7","Map2",2.57934017096329
"TAACGAGGTGATGATG-1","12","Map2",0
"TAACGAGGTTAGACGA-1","5","Map2",1.40697028361965
"TAACGAGGTTGCGCGT-1","6","Map2",1.88513086911036
"TAACGATTCCGCTAGG-1","3","Map2",2.33330344951443
"TAACGCGCACCTCAAC-1","2","Map2",1.553503289377
"TAACGGCTCAGGACGA-1","6","Map2",0.882125470980308
"TAACGGCTCCCATAGA-1","6","Map2",1.76537918968609
"TAACGGTCACAGCACA-1","3","Map2",2.08645849752596
"TAACGGTCATCATATC-1","14","Map2",1.27964975003172
"TAACGGTCATCGCTAC-1","8","Map2",1.77426751177022
"TAACTCCTCAGGCTTA-1","3","Map2",1.74041175589874
"TAACTCCTCCATCGAA-1","0","Map2",1.96915829020062
"TAACTCCTCGATGCAC-1","8","Map2",2.61160910579536
"TAACTGACATAATCTC-1","6","Map2",1.75258115051263
"TAACTGACATGGAATC-1","14","Map2",2.93548369543734
"TAACTGGTCAAGTTAC-1","2","Map2",2.23666727187301
"TAACTGGTCCATTGCT-1","2","Map2",1.52430564655175
"TAACTGGTCCTGATGA-1","1","Map2",1.2056437265845
"TAACTTGGTTGCCCAA-1","10","Map2",0
"TAAGCAAAGGATGGCA-1","2","Map2",2.23790265875989
"TAAGCAAAGGCGATAG-1","5","Map2",1.95713651911897
"TAAGCACCAAAGGTCT-1","8","Map2",2.20078805549461
"TAAGCACCAAGTCGGC-1","5","Map2",2.19594560034333
"TAAGCACCAGCATGGC-1","5","Map2",1.62842505430055
"TAAGCAGGTCTGTGTG-1","0","Map2",2.2414427878122
"TAAGCCATCACATAGT-1","5","Map2",2.0159148006387
"TAAGCCTGTATGGTGA-1","1","Map2",1.48984912367515
"TAAGCGAGTCTTGGGC-1","2","Map2",2.35163164615222
"TAAGCGAGTTCGGCGT-1","1","Map2",1.96532452559165
"TAAGCGCTCCCGTGCT-1","4","Map2",0
"TAAGGATGTTATGCTA-1","1","Map2",2.17944298243891
"TAAGGATGTTGCACTG-1","4","Map2",0
"TAAGGCGAGGATTGCC-1","2","Map2",1.68296360405617
"TAAGTCACAACGGCTA-1","1","Map2",1.8341318720264
"TAAGTCCGTCAGTTAC-1","13","Map2",1.25000198739536
"TAAGTGAAGTGAGATA-1","6","Map2",1.09794606612515
"TAATAGCTCGTCTAAG-1","9","Map2",1.64920807911044
"TAATAGCTCGTTAGCA-1","2","Map2",1.47200368193716
"TAATCACAGGGCTAAG-1","2","Map2",2.55056532391062
"TAATCAGCAGGAATGA-1","8","Map2",1.39406945218458
"TAATCAGCATGGATTA-1","4","Map2",1.87608774620599
"TAATCAGCATTCATGT-1","0","Map2",2.41869790801608
"TAATCCCTCCTGAGTA-1","10","Map2",0
"TAATCCTCAATATCCT-1","1","Map2",1.81936793330905
"TAATGGGGTCAGCGGA-1","2","Map2",2.13225204610385
"TAATGGTTCCTGACTT-1","2","Map2",2.69896129274569
"TAATGGTTCGATGGGA-1","2","Map2",2.06462131982743
"TAATGTCAGCTATCTC-1","1","Map2",2.12015794329584
"TAATGTCAGTCGAGAG-1","6","Map2",2.73026283459545
"TAATTCCCATTAGCCC-1","1","Map2",2.00492747671597
"TACAACTAGGCAAGGC-1","4","Map2",1.1563070350148
"TACAACTAGTCGCACG-1","7","Map2",2.71287950069463
"TACAAGGGTGAGGCTG-1","6","Map2",2.05908268175292
"TACAAGGGTGCACGTC-1","7","Map2",1.33639782490717
"TACAAGGGTGGGAACT-1","4","Map2",2.01911794411343
"TACAAGGGTTGTGCCA-1","1","Map2",2.18033763250941
"TACAATGCATTGCGCT-1","3","Map2",1.43838478267938
"TACACAACAGCTCAGA-1","3","Map2",1.50635256878512
"TACACCGGTAGCGGTG-1","0","Map2",1.89421445491588
"TACACCGGTGAGCCCT-1","6","Map2",2.29093253236422
"TACACCTTCTGGGCTG-1","0","Map2",2.42334428736762
"TACAGATTCCTTAGCT-1","4","Map2",0
"TACAGATTCGTTCACT-1","14","Map2",2.67696959153291
"TACAGCCAGATTGCCA-1","5","Map2",2.28447860708162
"TACAGCCAGCAATTAC-1","1","Map2",2.29065119329241
"TACAGCCAGGATCCCG-1","4","Map2",0
"TACAGCGCATGATCGG-1","0","Map2",2.18873646271341
"TACAGGGAGAAGCTCC-1","3","Map2",1.45377217610408
"TACAGTTAGATTGCCA-1","4","Map2",0
"TACAGTTAGCTGGCAT-1","12","Map2",0
"TACAGTTAGGCTCCAG-1","12","Map2",0
"TACATAGCAATGCGTG-1","9","Map2",2.32579646235754
"TACATAGCACTTCAGC-1","9","Map2",1.8813729523237
"TACATGACAGGTTCGA-1","3","Map2",1.62268849008267
"TACCAAGTCACCCTTG-1","3","Map2",2.28338152858136
"TACCAATAGCGCCACA-1","4","Map2",0
"TACCAATAGTGGCGAA-1","1","Map2",2.55130476950219
"TACCACAAGAAGCTAA-1","8","Map2",2.62117328911595
"TACCACAAGCCAGTCG-1","9","Map2",1.97269590679647
"TACCACGGTGCAGTCC-1","2","Map2",1.11638993151452
"TACCACGGTTTGGATC-1","6","Map2",2.61287692609135
"TACCAGGCATTGCCGT-1","16","Map2",1.25419337926708
"TACCATGAGTAGACTT-1","9","Map2",1.79245425144179
"TACCATTCAAAGGTAG-1","15","Map2",0
"TACCCATTCCTGCCAC-1","15","Map2",3.17274086992868
"TACCCCTGTCAACCTG-1","9","Map2",1.73839957358052
"TACCGCCTCCAACTAG-1","7","Map2",1.87214071656782
"TACCGTCCAGTAATCA-1","0","Map2",1.79162059384072
"TACCTAGAGTTAGGAA-1","13","Map2",1.98100146886658
"TACCTCACAATACCGG-1","2","Map2",1.67074611139334
"TACCTCACATCATCGC-1","3","Map2",1.40279349988828
"TACCTGAAGCATGCAC-1","0","Map2",2.1017915182957
"TACCTGAAGCCATGAC-1","1","Map2",1.79551934331524
"TACGAACCAAATGCAC-1","9","Map2",2.26714094547107
"TACGAAGGTTGCTATA-1","0","Map2",2.87851916499384
"TACGAGGAGCGCCAAT-1","16","Map2",0
"TACGAGGAGGTACTTG-1","3","Map2",1.48604530496003
"TACGCAATCCAGAGCT-1","11","Map2",2.08518910454855
"TACGCAATCGATGCGT-1","5","Map2",1.45852293648629
"TACGCAATCTATCCAC-1","13","Map2",1.36427985160532
"TACGCAATCTGGGATC-1","6","Map2",0
"TACGCATGTGCATTAC-1","5","Map2",2.17021982311628
"TACGCATGTTGTAGTC-1","4","Map2",0
"TACGCCCTCATGCCGG-1","7","Map2",2.3730575819864
"TACGCCTCACCTGTGT-1","7","Map2",1.11632087273981
"TACGCTAAGCCGCACA-1","1","Map2",2.19339376658599
"TACGCTAAGGTGCATC-1","0","Map2",2.39413752613176
"TACGCTGGTAGGTCGG-1","7","Map2",2.35969556704636
"TACGCTGGTCAAGCCC-1","13","Map2",2.2029337810686
"TACGCTGGTTCGTCTC-1","1","Map2",1.32026817019945
"TACGGTCAGCCCTTCA-1","4","Map2",2.23956666872002
"TACGGTCAGCCTCTGC-1","1","Map2",1.84612616735194
"TACGGTCAGCTGGATC-1","0","Map2",2.6298377336828
"TACGGTCAGCTTACAG-1","2","Map2",2.4242462852704
"TACGGTCAGTTACGCA-1","5","Map2",1.65648982452361
"TACGGTTGTCTGGTTG-1","1","Map2",2.05210381241253
"TACGTAGTCCCAGGCA-1","0","Map2",2.9121520996402
"TACGTAGTCCTGCCAC-1","2","Map2",2.21767901750104
"TACGTCAAGCAAGGAT-1","15","Map2",0
"TACGTCAAGCCGACAT-1","3","Map2",1.77501325747825
"TACGTCAAGGTTCCTT-1","7","Map2",2.58562729324265
"TACTACCTCACAGAGG-1","6","Map2",1.95646563820185
"TACTATGGTCTGGTTG-1","2","Map2",1.88574720027527
"TACTCATCAAGTTCCC-1","3","Map2",2.09128904215296
"TACTCATCATCGTTCA-1","6","Map2",2.55503768526265
"TACTCCACATGGCCTT-1","1","Map2",1.71170235388964
"TACTCCACATTCATGT-1","5","Map2",2.16542227839986
"TACTGATAGGTAAGGT-1","14","Map2",2.36842359164067
"TACTGATAGGTAGGTG-1","1","Map2",1.16503795368532
"TACTGTGAGAAGCGTG-1","15","Map2",1.67775140648335
"TACTGTGAGCATATAC-1","11","Map2",1.37660441688588
"TACTGTGAGCCTGATA-1","1","Map2",1.8432861051711
"TACTGTGAGGTCATAT-1","5","Map2",2.44279226203308
"TACTGTGAGTAGGTAA-1","6","Map2",1.87095651088925
"TACTGTTCACAAGCGC-1","12","Map2",0
"TACTGTTCATTCGCGT-1","4","Map2",0
"TACTTAGGTCAATTCA-1","1","Map2",1.52543052124684
"TACTTAGGTTGACGTT-1","6","Map2",2.66818720706047
"TACTTCATCATCACGA-1","0","Map2",2.65272155719082
"TACTTCATCCTTCGGC-1","4","Map2",0
"TAGCAAGGTATGGTAG-1","3","Map2",0
"TAGCAAGGTGAGGCTG-1","11","Map2",1.81757626865238
"TAGCACGCAATCGCCT-1","5","Map2",1.71959217402477
"TAGCAGTCATGCAGAT-1","5","Map2",2.43757286028653
"TAGCCAGCAAAGGTGA-1","4","Map2",0
"TAGCCAGCACTTGATT-1","5","Map2",2.77040392960219
"TAGCCCTCACCAATCC-1","10","Map2",0
"TAGCGAAGTTAGGCCC-1","6","Map2",2.225080775957
"TAGCTAGTCTGGCCCT-1","0","Map2",2.20592352248677
"TAGCTCAAGCCCTTCA-1","2","Map2",1.41635620587004
"TAGCTCAAGGGGATCA-1","7","Map2",2.48221031003502
"TAGCTCAAGTGCGGTT-1","14","Map2",2.61786873595803
"TAGGAGTAGTTGGTGC-1","5","Map2",2.73254415731021
"TAGGATGGTCATGAAG-1","11","Map2",2.408350151091
"TAGGCAAGTGATCAAG-1","11","Map2",0.772025065737189
"TAGGCAAGTTGGGCCT-1","5","Map2",2.38590410304728
"TAGGCCACAAGCTCTC-1","3","Map2",2.21171940461553
"TAGGCTTGTTGGAATG-1","11","Map2",1.36471370405063
"TAGGGCTTCCCCAACC-1","0","Map2",2.08040463766988
"TAGGGTGAGGTGCGAA-1","1","Map2",1.87721207140964
"TAGGGTGAGTAACGAA-1","3","Map2",2.0126313986016
"TAGGGTTCACCAATCC-1","4","Map2",1.87421768819367
"TAGGTAGGTAAGGACC-1","5","Map2",2.02152912805229
"TAGGTAGGTCTTGCCT-1","7","Map2",2.31040734706323
"TAGGTGAGTTGGCGCT-1","14","Map2",3.29917194806256
"TAGGTGGAGCAGGGTA-1","3","Map2",1.98261957474169
"TAGGTTACAAGCTATA-1","14","Map2",2.23881743979135
"TAGGTTACAGGCTATG-1","5","Map2",2.33167000257469
"TAGTACCGTTGGGTCC-1","5","Map2",2.49441460294824
"TAGTAGCCAGCTAACG-1","7","Map2",1.94978954893144
"TAGTCCCCAAGGGAAC-1","3","Map2",2.09808153413593
"TAGTGCATCGCTGGCA-1","2","Map2",1.46212056453962
"TAGTGGGAGCTAGCCG-1","6","Map2",1.96756191366328
"TAGTGGGAGGTACGTC-1","3","Map2",1.66686356814862
"TAGTGTTAGCGATGGA-1","4","Map2",0
"TAGTTAGCAAGGTCCA-1","2","Map2",1.63713942896479
"TAGTTAGCATGATATG-1","1","Map2",1.28416416398736
"TAGTTCCTCCAACCTT-1","8","Map2",2.63002776650427
"TAGTTTCCAAATGAGG-1","7","Map2",1.88843981086353
"TAGTTTCCAACTAGAC-1","12","Map2",0
"TAGTTTGGTTCGAGCC-1","4","Map2",0
"TAGTTTGGTTGTCTCC-1","0","Map2",2.40222467845794
"TATACGTAGCATGGCT-1","8","Map2",1.90553544824532
"TATACGTAGGTCCCGA-1","0","Map2",2.5282953639378
"TATACGTAGTCAGGAG-1","13","Map2",1.80748659635128
"TATAGGGGTTAGTGCT-1","3","Map2",1.67246144572645
"TATAGGGGTTGGATAG-1","0","Map2",2.64131416128971
"TATAGGTTCATGCACA-1","7","Map2",1.74366332138576
"TATAGTCAGCGCCTAG-1","1","Map2",1.34249596022511
"TATAGTCAGCTTCCAT-1","5","Map2",2.76987415270396
"TATAGTCAGGGTATCC-1","1","Map2",1.90197141950743
"TATCACCTCCAACCGG-1","2","Map2",2.16776602974673
"TATCACCTCCACCGTC-1","5","Map2",2.24124053470789
"TATCATCCAATCTCCA-1","8","Map2",3.10191233434647
"TATCCAAGTAAGGGCT-1","1","Map2",2.07627611852699
"TATCCAAGTATAGCAG-1","5","Map2",2.15184468817655
"TATCCAAGTCTCCAAG-1","7","Map2",2.88754290169569
"TATCCATCATCGACTC-1","13","Map2",1.92556071889101
"TATCCCACAAGCGGAG-1","4","Map2",0
"TATCCCACATTCGTCA-1","6","Map2",2.17842529744222
"TATCCGCCAATCTCTG-1","6","Map2",1.56566806245144
"TATCCGGGTAACCCAT-1","8","Map2",0
"TATCCGGGTAAGGACC-1","3","Map2",2.7577807197642
"TATCCGTTCACGTTGA-1","1","Map2",0
"TATCCGTTCTAAGCCA-1","6","Map2",2.14860478865585
"TATCCTTGTTGCGGAG-1","13","Map2",0
"TATCGAACATTAGCGG-1","4","Map2",2.05269531133651
"TATCGCTTCCCGCTGT-1","8","Map2",2.67970599216426
"TATCGCTTCCGCGTCT-1","2","Map2",1.69743147275788
"TATCGGGCATGGTATA-1","5","Map2",1.77912208816959
"TATCGTAGTTGACTCG-1","10","Map2",0
"TATCGTTCAAGCTATA-1","2","Map2",2.05376115211072
"TATCTCATCCATCTAC-1","3","Map2",0.921724980932192
"TATCTGCTCCCATGCC-1","9","Map2",1.18357584681356
"TATCTGCTCGTGCGTG-1","4","Map2",1.10021485311365
"TATCTTGTCCGTGCAG-1","12","Map2",0
"TATGACTAGAAGGTGT-1","1","Map2",1.81735005320374
"TATGAGAAGTGGCTCG-1","14","Map2",2.80907384071329
"TATGATGCATCCATAT-1","10","Map2",0
"TATGCAACACCAGGAC-1","3","Map2",1.49687529686304
"TATGCAACATCCTGCG-1","7","Map2",2.073535905461
"TATGCTAGTTCGCAGC-1","0","Map2",3.02125163477959
"TATGGCCAGCCGACCA-1","5","Map2",2.15488916648257
"TATGGCCAGGTTGCTA-1","1","Map2",0.835808012779362
"TATGGTTAGGAACTGG-1","7","Map2",2.66445028507651
"TATGGTTAGGCTACCG-1","14","Map2",2.15701118679634
"TATGGTTAGGGGATTG-1","2","Map2",2.0421170844929
"TCAAAGCCATGGATAC-1","8","Map2",1.81290190580186
"TCAAATGCACCTTCCC-1","0","Map2",1.87215281016093
"TCAAATGCAGGGACGA-1","5","Map2",1.27672218186777
"TCAAATGCATTCCTCT-1","4","Map2",0
"TCAACATAGTGAAGCG-1","6","Map2",2.63868598061435
"TCAACCAAGTATGAGA-1","4","Map2",0
"TCAACCTTCAAGTCCA-1","2","Map2",2.40719831577015
"TCAATCCTCATCATCC-1","5","Map2",1.35013839524114
"TCAATCTCATCCTCGG-1","1","Map2",1.68994027674968
"TCAATTGGTTCGGGCT-1","0","Map2",2.22001676483149
"TCACAATAGGTGGACA-1","7","Map2",1.99936114797307
"TCACACAAGCTTAACG-1","0","Map2",2.33236965435157
"TCACACCCAGTACCAG-1","0","Map2",1.501942095567
"TCACAGGCAATCTATC-1","12","Map2",0
"TCACATAGTGGGTCTC-1","1","Map2",1.0050528343332
"TCACATAGTTACACTA-1","0","Map2",2.03702686845141
"TCACATGAGGCATTCA-1","5","Map2",2.3175530393717
"TCACATGAGGTATAGA-1","6","Map2",1.64492126702618
"TCACATTCAAGCTCAG-1","1","Map2",1.74279254159713
"TCACATTCAGGGCTTA-1","0","Map2",2.60820497092134
"TCACCAAAGTTAGCGC-1","2","Map2",2.03953660519843
"TCACCATTCCGGATAC-1","9","Map2",1.87946589697589
"TCACCCTGTGAAGGAG-1","4","Map2",0
"TCACGAATCCCGCTTA-1","6","Map2",1.8785494464892
"TCACGACAGCTATCCT-1","10","Map2",0
"TCACGATGTCAAGGGT-1","3","Map2",1.63979596203484
"TCACGCCTCATCGTCT-1","4","Map2",0
"TCACGCCTCATGTAAC-1","9","Map2",0
"TCACGGACACAGGGCT-1","0","Map2",2.25745307046608
"TCACGGACAGGTTCCT-1","0","Map2",2.47588755141606
"TCACGGACAGGTTGGC-1","11","Map2",2.2155143242607
"TCACGGACAGTTAGGT-1","6","Map2",2.01178936986899
"TCACGTAAGCCATTGA-1","4","Map2",2.67781064615601
"TCACGTAAGGATTAGA-1","6","Map2",1.07593735315205
"TCACGTAAGGGTAGCA-1","2","Map2",1.58478117277019
"TCACGTAAGTACGGGA-1","7","Map2",1.34893989099436
"TCACGTAAGTGAGCCT-1","7","Map2",2.14893933617676
"TCACGTCCAACCGTAG-1","6","Map2",1.23979101564195
"TCACGTCCAGGCAAGG-1","8","Map2",1.50739156298355
"TCACGTTTCGTGAGAG-1","0","Map2",1.35995871109555
"TCACTCACACCATGCT-1","5","Map2",2.84113223942863
"TCACTCACAGGGACTC-1","5","Map2",2.24899112414213
"TCACTGTTCGAATCCA-1","9","Map2",1.7101898634577
"TCACTGTTCGTGAGTC-1","4","Map2",0
"TCACTTATCGTTCACT-1","14","Map2",1.5994334620047
"TCAGAGGAGCAAGTCC-1","10","Map2",0
"TCAGAGGAGGTTACGC-1","3","Map2",1.27871376872165
"TCAGCATGTAACCACT-1","7","Map2",2.45118499030255
"TCAGCATGTCTTGGTG-1","2","Map2",2.37762465519187
"TCAGCCAGTCTCAGTG-1","8","Map2",0
"TCAGCTAAGTAGTGCC-1","1","Map2",2.10361251631524
"TCAGGTCAGGGTATCC-1","14","Map2",2.45313510232124
"TCAGGTTGTCATCCCT-1","0","Map2",2.20054999607766
"TCAGGTTGTGCGGTCT-1","8","Map2",0
"TCAGTATAGGTAAGCG-1","4","Map2",0
"TCAGTATAGGTAGTAA-1","4","Map2",0
"TCAGTATAGTGACGGA-1","1","Map2",0.636910406466012
"TCAGTCAAGATAGGTA-1","0","Map2",1.19598248910283
"TCAGTCAAGTCAGGTC-1","5","Map2",1.65187277383296
"TCAGTTAGTAAGCCAA-1","0","Map2",2.351154122743
"TCATAGGTCCATGCCC-1","7","Map2",2.00759309375898
"TCATAGGTCCGTAGCG-1","6","Map2",0.741126367719292
"TCATAGGTCCTCTCGA-1","13","Map2",1.72090093430367
"TCATATGGTTGACGCC-1","2","Map2",1.77902658100461
"TCATCATCAACGGCTA-1","1","Map2",1.14644891310446
"TCATCGAAGTACCATG-1","0","Map2",2.26739949909703
"TCATCGCCAAGCTGGC-1","14","Map2",1.94582443966723
"TCATCTATCATACAGT-1","7","Map2",1.81341705639177
"TCATCTATCATGGCTA-1","7","Map2",2.36566096368803
"TCATCTATCGCTCTGC-1","9","Map2",2.54009522121979
"TCATGCTTCACGTACA-1","2","Map2",2.10108949359098
"TCATGCTTCCAGGTTA-1","4","Map2",0
"TCATGCTTCCATAGTG-1","4","Map2",0
"TCATGGATCAGGACTC-1","2","Map2",1.97977094179969
"TCATGGATCCATCAAG-1","10","Map2",0
"TCATGGATCGATAGCC-1","2","Map2",1.02162280394716
"TCATGGATCGTTACCT-1","1","Map2",2.42801904619739
"TCATGGGCATTCCTAG-1","4","Map2",2.20400880331221
"TCATGTGAGCTGGTTA-1","2","Map2",2.40078798732274
"TCATGTTCACTAGCTC-1","5","Map2",2.22287511437065
"TCATTAGGTAAGCGTA-1","0","Map2",2.38705701641509
"TCATTAGGTCTAAGCT-1","0","Map2",2.37051008097297
"TCATTCATCACATGCA-1","4","Map2",1.9189724933235
"TCATTCATCTAGCCAA-1","7","Map2",2.29337169600809
"TCATTCGCAAAGGACA-1","10","Map2",0
"TCATTCGCACCATCTA-1","14","Map2",1.77854923749125
"TCATTCGCAGTTGCCT-1","3","Map2",1.68543116953385
"TCATTGCTCACAGGTC-1","1","Map2",1.95214166409051
"TCATTGCTCACCACTT-1","13","Map2",1.7118617553295
"TCATTGCTCGATGATT-1","14","Map2",0
"TCATTGCTCTAGCTTC-1","7","Map2",1.95089811949327
"TCCAAAGTCGCTCACC-1","10","Map2",0
"TCCAACCCACTTGGTC-1","7","Map2",2.4012787542418
"TCCAACTTCAGTATGT-1","2","Map2",2.20351997800042
"TCCAACTTCTGGGCAT-1","3","Map2",1.65477614282002
"TCCAATAGTGAGCCAG-1","1","Map2",1.86286650640734
"TCCAATGAGCCACATA-1","7","Map2",1.29783028730678
"TCCAATGAGGATCCGT-1","1","Map2",2.16756046114617
"TCCAATGAGTGAGTCC-1","1","Map2",1.15682978423199
"TCCAATGAGTTAGCTG-1","0","Map2",1.9909442447044
"TCCAATGAGTTGCTGA-1","1","Map2",1.96923989795969
"TCCAATTCAGTACTAA-1","3","Map2",1.21905243011448
"TCCAATTCATAGGGTT-1","3","Map2",2.05813858644855
"TCCAATTCATTAGGCG-1","3","Map2",2.24662469040011
"TCCACACCAACTAGCG-1","1","Map2",1.81437474417191
"TCCACATTCTAGCTCT-1","3","Map2",1.07441126367457
"TCCACCGCAACCAAGT-1","2","Map2",1.79099598855214
"TCCACCGCATAGAGCT-1","0","Map2",1.39962220426334
"TCCACTTAGGCGTAGA-1","4","Map2",0
"TCCAGCTCAAATCCAA-1","5","Map2",2.02444686160001
"TCCAGCTCAAGCTCCT-1","5","Map2",2.25728066389183
"TCCAGGTAGGGGATTG-1","10","Map2",0
"TCCAGGTAGGTAATCT-1","15","Map2",0
"TCCAGTAAGCCCTGTC-1","0","Map2",1.15392397991489
"TCCATAGAGGTTAGGG-1","14","Map2",0
"TCCATCCGTAATCGTC-1","6","Map2",1.84555726672679
"TCCATGAAGCGATGTC-1","0","Map2",2.36944787750197
"TCCATGGGTGGAAGTC-1","14","Map2",2.59692199152242
"TCCATTGCAATGTCGG-1","0","Map2",2.10841062138755
"TCCATTGCAGGTAGTT-1","11","Map2",2.32069378202026
"TCCATTGCATAATCAG-1","9","Map2",2.07490480383403
"TCCCAACCAACGTGAT-1","8","Map2",2.07186607770142
"TCCCAACCAAGGTGCC-1","2","Map2",1.75505631404951
"TCCCAACCAATCCTCA-1","0","Map2",2.76045164206524
"TCCCAACCATTCATCG-1","13","Map2",1.8641702655592
"TCCCAAGGTCAACCAT-1","15","Map2",2.62140981280168
"TCCCAAGGTGCGGTCT-1","2","Map2",1.18216273605931
"TCCCAGCTCCCTGGCT-1","5","Map2",2.08031703420027
"TCCCCAATCGACTTGA-1","1","Map2",1.84343530581253
"TCCCCTAAGGATTCAT-1","2","Map2",2.46328597959081
"TCCCCTGGTGAGGTGT-1","7","Map2",1.67669013944327
"TCCCCTGGTGATGACA-1","12","Map2",0
"TCCCCTGGTTGGTCAT-1","10","Map2",0
"TCCCGAAGTTCGTCCT-1","2","Map2",1.79030262283415
"TCCCGATCAGTTAGTA-1","5","Map2",2.5018032443378
"TCCCGTTGTATAGCTC-1","3","Map2",2.04797595982601
"TCCCTCAAGGTAGGCA-1","4","Map2",0
"TCCCTCAAGTGAGGAT-1","5","Map2",1.58216563210548
"TCCCTTAGTTCGGCTA-1","0","Map2",1.73288290471868
"TCCCTTGAGCGGTTAC-1","6","Map2",2.54195329602316
"TCCTAATCAACTTACT-1","1","Map2",0
"TCCTAATCAAGCGTTG-1","1","Map2",1.36247554333533
"TCCTAATCATGAAGTC-1","10","Map2",0
"TCCTAGAAGGAGGCAC-1","6","Map2",1.26931583716566
"TCCTAGAAGGATTACT-1","3","Map2",2.25203029323003
"TCCTAGAAGTAGAGGT-1","3","Map2",1.6733988996255
"TCCTATATCACGGAAG-1","9","Map2",2.54587116762257
"TCCTATTGTAATCGCT-1","1","Map2",1.1679300224606
"TCCTCAACAAATCCAA-1","9","Map2",2.24958720376911
"TCCTCGATCCATCACT-1","14","Map2",2.54041807437039
"TCCTCTTCAACTTCGC-1","12","Map2",0
"TCCTCTTCAATCAGGT-1","5","Map2",1.90486298807263
"TCCTCTTCAGGGCAGA-1","11","Map2",1.42413009065085
"TCCTGACCAGGGACGA-1","6","Map2",2.27063838116533
"TCCTGGTCAATGTATG-1","3","Map2",2.21310441828506
"TCCTGGTCATAGGGCC-1","5","Map2",1.49644928020822
"TCCTGTTAGCATGGTC-1","1","Map2",1.76960744355449
"TCCTGTTAGGGGATTG-1","3","Map2",0.865214600613159
"TCCTTAATCAGCAGAG-1","5","Map2",2.17492546771936
"TCCTTATGTGGACCGA-1","5","Map2",2.47522272335532
"TCCTTCTCAAGCGTAT-1","5","Map2",1.92444937273313
"TCCTTGGTCATCTGTC-1","2","Map2",1.89342324838382
"TCCTTTGGTATGGTCT-1","8","Map2",1.70815189712004
"TCGAATGTCCCGCTGT-1","4","Map2",0
"TCGACACAGGTGCGAA-1","12","Map2",0
"TCGACACAGTTAGGCC-1","0","Map2",2.10931922988218
"TCGACCAGTGGGTACG-1","12","Map2",0
"TCGACCTCAATATCCT-1","4","Map2",1.88078382714939
"TCGACCTCATAAGGTC-1","10","Map2",0
"TCGACCTCATAGGCGC-1","1","Map2",1.34871104306499
"TCGACGTAGCTGGAAG-1","7","Map2",2.41082324046999
"TCGACTAAGGGGATGC-1","2","Map2",1.94119845633888
"TCGAGGTTCTATGTGG-1","13","Map2",0
"TCGATAGTCTAGTGCA-1","11","Map2",1.87459131886614
"TCGATATAGGTAAGTA-1","0","Map2",2.00954848663315
"TCGATATAGTTACCGA-1","5","Map2",2.55903901846597
"TCGATCAAGGTAATCT-1","9","Map2",1.00841410015033
"TCGATCAAGTTGCGAC-1","1","Map2",2.46802631430948
"TCGATTGAGGCGCATT-1","8","Map2",2.15734930541292
"TCGCAAATCCTCAGTT-1","1","Map2",2.08429833463184
"TCGCAAATCGACCTGG-1","0","Map2",2.02432803771813
"TCGCAAATCGAGCACT-1","2","Map2",0
"TCGCAAATCTGGGAAG-1","6","Map2",1.64537123395221
"TCGCAACAGGTGACAG-1","10","Map2",0
"TCGCACCTCGCGCCAA-1","2","Map2",2.17964170677835
"TCGCAGACAAACCATA-1","14","Map2",3.238539682623
"TCGCAGACAATACTTC-1","5","Map2",1.47563657784546
"TCGCATAAGCGCTACG-1","6","Map2",2.70581306370385
"TCGCATAAGCTGGCTG-1","3","Map2",0.753110645327503
"TCGCATGGTAGTCAAG-1","9","Map2",1.48243963987011
"TCGCCATCACATTAAG-1","14","Map2",1.2849200801299
"TCGCCTATCCATTACC-1","2","Map2",2.32960743728382
"TCGCCTGCAATTAACG-1","0","Map2",0.684949198946313
"TCGCCTTGTTTGGTGT-1","15","Map2",0
"TCGCGATAGCCAGTCG-1","9","Map2",0
"TCGCGATAGTGATTCG-1","5","Map2",2.19521229582565
"TCGCGCAAGATAGGGT-1","13","Map2",1.66148407035112
"TCGCGGATCGACATCA-1","5","Map2",0.732550710589395
"TCGCTAAAGAAGCCCT-1","9","Map2",1.45776374451663
"TCGCTAAAGCTACGAC-1","4","Map2",0
"TCGCTAGGTGGAGCAT-1","0","Map2",2.2029337810686
"TCGCTCGCAATTCATC-1","0","Map2",2.02385292627592
"TCGCTCGCAGCCATTC-1","0","Map2",0.890480532311969
"TCGCTCTGTGATCCTG-1","5","Map2",1.45402351826783
"TCGCTCTGTGCGTAGG-1","1","Map2",0
"TCGCTCTGTTCGGCTA-1","1","Map2",1.9179810120487
"TCGCTGCTCATCAGTG-1","10","Map2",0
"TCGCTTACAAGCTTAA-1","7","Map2",2.02398864235826
"TCGCTTGTCCATCACT-1","3","Map2",2.12039764288216
"TCGGCAACATAACCGG-1","6","Map2",2.20988713266972
"TCGGCCAAGTGCCAGT-1","2","Map2",1.95505129584018
"TCGGCTAGTTATGGAG-1","15","Map2",0
"TCGGCTGAGCTTACTC-1","8","Map2",2.9837470406707
"TCGGGCATCCAGCAAC-1","3","Map2",1.50203253862136
"TCGGGGTCAATGGGCC-1","3","Map2",0
"TCGGGTTAGCTAGGGA-1","12","Map2",0
"TCGGTAATCGCGACTG-1","3","Map2",0
"TCGGTCAGTGAGGATC-1","0","Map2",2.03038769510657
"TCGGTCAGTGAGTTGA-1","2","Map2",2.30890946281662
"TCGGTTAAGAACGGAT-1","13","Map2",1.83022019375088
"TCGGTTAAGGTACTAT-1","5","Map2",2.0643209191297
"TCGTAATAGCATGACC-1","5","Map2",2.82020782593946
"TCGTAATAGGATGGTG-1","11","Map2",2.28010475611574
"TCGTACGGTAATCGTC-1","4","Map2",0
"TCGTACTTCGAATGAA-1","15","Map2",2.37282232612858
"TCGTACTTCGATGAGG-1","1","Map2",2.07683549680484
"TCGTCAAAGTGCCCAG-1","0","Map2",2.46887393030477
"TCGTCATTCCATCGTT-1","0","Map2",2.83039429009555
"TCGTCCATCGTTACAG-1","7","Map2",1.69340465415008
"TCGTGCCTCCCAATCT-1","6","Map2",2.46824598485902
"TCGTGCCTCGCGCGTA-1","0","Map2",1.91872449909951
"TCGTGCCTCTCATTGC-1","7","Map2",1.89866576655779
"TCGTGTCCACTCAACC-1","11","Map2",1.63288411833355
"TCGTTGAAGCTGGGTT-1","0","Map2",2.69338978748642
"TCGTTGAAGGGTACTC-1","7","Map2",2.16334662754397
"TCGTTGAAGGTCGAAG-1","6","Map2",1.77623526027124
"TCGTTGGGTAGTCCGC-1","7","Map2",2.28732715005645
"TCGTTTCAGGTCAACC-1","7","Map2",2.51999796959927
"TCGTTTCAGTAACCGC-1","2","Map2",1.48991567299764
"TCGTTTGCAAGCGTGC-1","7","Map2",2.45389612231966
"TCTAACCTCCATGACA-1","2","Map2",2.01366180630235
"TCTAACCTCCGTAGTA-1","2","Map2",1.91296132379586
"TCTAAGGTCCGGTAGT-1","16","Map2",2.24785437195001
"TCTAATCCATAGGTGT-1","0","Map2",1.95178615553787
"TCTAATCCATTCGGGA-1","1","Map2",1.9386383978158
"TCTACAAGTTGACCAT-1","4","Map2",0
"TCTACGAAGTTGGGTC-1","2","Map2",2.00497513728018
"TCTACGCCAGCTCACT-1","2","Map2",1.54870027104015
"TCTACGCCAGGCTAAT-1","7","Map2",2.14657014014285
"TCTACGTTCGCTAGTA-1","10","Map2",0
"TCTACTTGTAGTTGGA-1","7","Map2",1.29259904723004
"TCTACTTGTATGTGTC-1","8","Map2",2.90238985340981
"TCTACTTGTTTCCTAT-1","6","Map2",2.32873794444989
"TCTAGCGGTGCAGGCA-1","1","Map2",1.33104539635681
"TCTAGCTTCCGTAGGT-1","3","Map2",1.01847621421293
"TCTAGCTTCCTGCACC-1","1","Map2",2.0171065620463
"TCTATAGGTTTCCGCT-1","6","Map2",1.64029836955393
"TCTATCTGTAGTGTGA-1","10","Map2",2.17894638832927
"TCTATCTGTCAGGAGT-1","12","Map2",0
"TCTATGCTCATCTGGA-1","11","Map2",1.96493259656116
"TCTATGCTCCAATGTG-1","11","Map2",1.6996207746348
"TCTATGCTCGCGTGAT-1","3","Map2",1.90507161730465
"TCTATGGAGCGGTGAA-1","8","Map2",0
"TCTATTGTCCAGGGAA-1","10","Map2",0
"TCTCAATCAAACTCGG-1","14","Map2",2.93931076279952
"TCTCAATCAACCGGAC-1","7","Map2",1.75363334940268
"TCTCAATCAGGGCCAT-1","6","Map2",2.2559983441763
"TCTCACTAGAACCATT-1","11","Map2",2.89710784711453
"TCTCATTGTCTTGCTC-1","10","Map2",0
"TCTCCAACATCCTGCG-1","6","Map2",2.1654588845158
"TCTCCAACATGGTCGA-1","7","Map2",2.15094959722266
"TCTCGAGGTATAGCGA-1","8","Map2",1.40720317318917
"TCTCGAGGTCTAGGAA-1","1","Map2",2.43738563366142
"TCTCGCATCACACCGG-1","6","Map2",2.51554331285627
"TCTCGCATCCATTCCG-1","0","Map2",2.23448557324333
"TCTCGCATCCGTGCAG-1","4","Map2",0
"TCTCGGCTCGTACTTC-1","6","Map2",1.214897624397
"TCTCGTTAGGTAATTC-1","5","Map2",2.07004853471723
"TCTCTAGCATTCGTAT-1","10","Map2",0
"TCTCTAGCATTCGTGC-1","0","Map2",1.85395612810536
"TCTCTATGTCAGGAAC-1","8","Map2",2.19651378210416
"TCTCTCCTCGCTGACG-1","12","Map2",0
"TCTCTGGTCTATGCTC-1","8","Map2",2.60810790697555
"TCTGACAAGCTAGTGC-1","3","Map2",1.8604339339042
"TCTGAGGCATGATTGA-1","5","Map2",1.84978974475611
"TCTGATAGTAGCCTCA-1","4","Map2",1.86309641273877
"TCTGATGAGCGGCATT-1","2","Map2",1.54384562324167
"TCTGCATTCACTAGCA-1","5","Map2",1.9734956971021
"TCTGCATTCCAATGCA-1","2","Map2",2.55832884655121
"TCTGCGAGTGCGATGG-1","2","Map2",2.1952714083655
"TCTGCGGAGTCGCATA-1","3","Map2",0.865294256100035
"TCTGCGGAGTGATTAC-1","2","Map2",2.13126044841288
"TCTGGATGTGACCGAG-1","7","Map2",1.55816435518731
"TCTGGCCTCCATTAGG-1","7","Map2",1.6715085695694
"TCTGGCCTCCCAATTC-1","4","Map2",0
"TCTGGCTCAATCCTAT-1","5","Map2",1.81178701012422
"TCTGGCTCATAGACCG-1","6","Map2",2.172778385021
"TCTGGGACAATAGTTG-1","5","Map2",2.42656377952057
"TCTGGGCGTGAGGAGA-1","11","Map2",0.701090757456041
"TCTGGGCGTTCCCGAA-1","0","Map2",2.23062151051123
"TCTGGGCGTTCCGGGT-1","4","Map2",1.8964969142605
"TCTGGGCGTTCCTTGC-1","0","Map2",2.14910666300392
"TCTGGGGTCACTTCGT-1","1","Map2",1.02313268707815
"TCTGGGGTCCCTGTAT-1","4","Map2",1.73493054468269
"TCTGGGTAGTAGCAGG-1","3","Map2",2.03955322576419
"TCTGGTAAGCATATCG-1","9","Map2",1.78155501762445
"TCTGGTAAGTGGGTCT-1","12","Map2",0
"TCTGTAAGTGCGCAAG-1","0","Map2",2.48248096380034
"TCTGTCCGTTGTAGAG-1","11","Map2",1.95433583351763
"TCTGTCCGTTTAGTTG-1","11","Map2",2.80574786678288
"TCTGTGAAGATTGAGA-1","13","Map2",1.25706528403743
"TCTGTTGCAAGCCATG-1","8","Map2",2.2058037184276
"TGAAACCCATGACACG-1","3","Map2",1.68744923678657
"TGAAACCCATGGTCGA-1","13","Map2",1.95372733959783
"TGAAACTTCATGGTTG-1","3","Map2",2.04138784707764
"TGAACAGGTTTCCGCT-1","0","Map2",2.14161179298545
"TGAACATTCGTGATAT-1","12","Map2",0
"TGAACCATCGCATGAC-1","13","Map2",1.20687393405714
"TGAACCCAGCCCTTGC-1","2","Map2",1.74825737036444
"TGAACCGCAAAGGAAT-1","1","Map2",2.00592102096232
"TGAACCGCATGGTCAG-1","10","Map2",0
"TGAATAGAGCAAGTGG-1","4","Map2",0
"TGAATAGAGTTACGGC-1","4","Map2",2.81680118902279
"TGAATCCGTAAGTCAG-1","1","Map2",1.86447737042023
"TGAATCCGTCTAGGAA-1","7","Map2",1.05793131466657
"TGAATTGCATTCAGGG-1","5","Map2",1.74564977056878
"TGAATTGCATTCGTAT-1","2","Map2",2.17781778858873
"TGACACGCAAGCGTGC-1","8","Map2",0
"TGACCAATCCACCTTG-1","1","Map2",1.27927517129965
"TGACCAATCGTCTCCA-1","7","Map2",1.62760253772604
"TGACCAGCACTAGCAG-1","16","Map2",0
"TGACCCAGTTAGAGCA-1","9","Map2",1.2516925719897
"TGACCCTCAAATCATG-1","9","Map2",1.30415213556407
"TGACCCTCAAATCGCG-1","2","Map2",1.71135047200445
"TGACCCTCACTTCGCG-1","8","Map2",0
"TGACCTAAGGGTTGGA-1","8","Map2",1.72614261478103
"TGACGAAGTAATGGGC-1","4","Map2",0
"TGACGAAGTGCATTAC-1","2","Map2",1.3851329860713
"TGACGTTGTGCAGGAT-1","8","Map2",1.90716114638537
"TGACTCCCATGGTTAA-1","14","Map2",2.50309002181699
"TGACTGATCTTGATGG-1","8","Map2",1.57422904156658
"TGAGAACAGAAGCATA-1","6","Map2",2.36589270026593
"TGAGAATGTTGGGCAG-1","2","Map2",1.09542249330001
"TGAGATGGTGACGATA-1","2","Map2",1.36579972561463
"TGAGATGGTGCGCAAG-1","6","Map2",0.966879736586956
"TGAGATGGTTGCGGCT-1","12","Map2",0
"TGAGCAAGTCTAAGTC-1","3","Map2",1.74358685332328
"TGAGCAAGTTCCTCGT-1","3","Map2",2.14793611776823
"TGAGCATCAATTACCT-1","5","Map2",2.05354109627374
"TGAGCATCATCGGGAC-1","2","Map2",2.62960974935872
"TGAGCCACATGACCTC-1","13","Map2",1.72994988421238
"TGAGCCACATGATAGC-1","6","Map2",0.958177882841181
"TGAGCCCGTAGCAGTA-1","2","Map2",1.82840926169188
"TGAGCCCGTTTACGGT-1","0","Map2",2.28597013479505
"TGAGCGCCATGACTAA-1","2","Map2",2.36143382682417
"TGAGCGGGTTCAAGTC-1","6","Map2",1.7409803398218
"TGAGCTATCCGCTACC-1","8","Map2",2.00564269809515
"TGAGCTATCCTGTATC-1","4","Map2",1.47278039005436
"TGAGCTGCATGATCCC-1","2","Map2",1.54413530010402
"TGAGCTGCATTAGAGC-1","4","Map2",2.0556596178288
"TGAGCTTGTCTGTCCT-1","2","Map2",1.83945470557749
"TGAGGCAAGCGCCTTC-1","2","Map2",2.08826321955975
"TGAGGCAAGGTGCTGT-1","12","Map2",0
"TGAGGCAAGTGCTGAC-1","0","Map2",2.31081633660997
"TGAGGCTTCAATGTAC-1","2","Map2",2.52168107764449
"TGAGGGATCTCATCGT-1","8","Map2",0
"TGAGGTAGTTCCCATC-1","1","Map2",2.73525493358235
"TGAGGTAGTTTGCGGC-1","3","Map2",2.20066901693794
"TGAGGTGAGCATGATT-1","4","Map2",0
"TGAGGTGAGCGATAGG-1","3","Map2",1.01420131995594
"TGAGGTGAGGTGACAG-1","1","Map2",1.70127952685389
"TGAGGTGAGTAGTTCG-1","4","Map2",0
"TGAGGTTCAAGTGAGA-1","1","Map2",1.46742776335313
"TGAGGTTCAGCCTATC-1","9","Map2",2.17082155742852
"TGAGTAAAGGCTTGGT-1","11","Map2",2.132383105178
"TGAGTAGGTAATGACG-1","2","Map2",2.28251170206001
"TGAGTAGGTAGTCCTG-1","6","Map2",2.40813976455968
"TGAGTAGGTTTCCTTG-1","11","Map2",2.07962451774628
"TGAGTCGCAGGTAATC-1","10","Map2",2.45138897878499
"TGAGTCGCATGCTCCG-1","12","Map2",0
"TGAGTCTGTGGCAGCA-1","13","Map2",1.79141233137613
"TGAGTCTGTTAGCGAA-1","1","Map2",1.36541939187632
"TGAGTTACAAGTATCA-1","1","Map2",2.25916635650532
"TGATAGAAGCAAGCGA-1","8","Map2",1.6236684242468
"TGATAGAAGGAGGTTG-1","13","Map2",1.2229572221854
"TGATCCGGTAATGCGA-1","1","Map2",0.677092965014431
"TGATCCGGTAGTAGCA-1","9","Map2",2.16653341517194
"TGATCCGGTCAGGGCA-1","3","Map2",1.59959109262016
"TGATCCGGTTTGGTCG-1","5","Map2",0
"TGATGAAAGCGAGTAG-1","5","Map2",1.4895829964291
"TGATGCCAGCCAGTCG-1","1","Map2",2.12594957534041
"TGATGTTAGCCCTTCA-1","11","Map2",2.01650803681185
"TGATGTTAGTATGTCG-1","2","Map2",1.31236040793468
"TGATTAGCAACTGCGA-1","6","Map2",1.59822620262721
"TGATTGGTCACTAGCA-1","4","Map2",0
"TGATTGGTCAGGATGG-1","10","Map2",0
"TGATTTCCAATCTGCC-1","11","Map2",2.27417700617226
"TGATTTGGTAACTCCG-1","3","Map2",2.095576271189
"TGATTTGGTCAGGGCA-1","9","Map2",2.72262716994044
"TGATTTGGTCTTGATA-1","2","Map2",2.12350420833362
"TGCAAACCACTTCGAC-1","3","Map2",1.93248826900718
"TGCAAACCAGGCTACA-1","11","Map2",2.33413541903838
"TGCAAAGGTGGGAACT-1","0","Map2",2.32290500731184
"TGCAAAGGTTGTGATC-1","1","Map2",1.79786883720808
"TGCAAAGGTTTGGACT-1","13","Map2",1.24337854847244
"TGCAAATTCACTATGG-1","5","Map2",0
"TGCAAATTCGTGCCCT-1","7","Map2",1.04389735703126
"TGCAATGTCGAACGAG-1","1","Map2",1.58942227239966
"TGCAATTAGCTACGGT-1","9","Map2",2.81639810604528
"TGCAATTAGGTTCAAT-1","13","Map2",1.70398876858406
"TGCACAATCCCCATGC-1","2","Map2",1.60576803715968
"TGCACAATCGAGTCCG-1","5","Map2",2.53419778644389
"TGCACAATCGCGATTA-1","7","Map2",1.79129087297762
"TGCACCCTCCCGCTAC-1","8","Map2",1.88978981391945
"TGCACCCTCGCGTGAT-1","6","Map2",2.51100787648742
"TGCACCTCATGCTTCA-1","5","Map2",2.22782585793363
"TGCACGTAGGTACCAC-1","7","Map2",1.83574676928366
"TGCAGGCCAACTACGG-1","1","Map2",1.44704899658794
"TGCAGGCCACCTTCAA-1","5","Map2",2.57976051722794
"TGCAGGCCATAATCTC-1","16","Map2",1.05426251314501
"TGCAGGTTCCAGCCCT-1","0","Map2",2.36765620713551
"TGCAGGTTCGTAATGT-1","1","Map2",2.16080637628126
"TGCATAGTCATGCTAG-1","6","Map2",1.77895836945314
"TGCATATAGGATCTCA-1","15","Map2",3.57521062999463
"TGCATCAAGCCTGAAC-1","5","Map2",2.03746185594607
"TGCATCCCACAGGCAC-1","15","Map2",3.21122760402994
"TGCATCCCAGGTAATC-1","8","Map2",0
"TGCATTAGTTGGTAGA-1","6","Map2",2.13492668575341
"TGCATTGAGTAACGGG-1","14","Map2",1.90667306245649
"TGCATTTCAAATGCCG-1","3","Map2",2.27740309256004
"TGCATTTCAACGGGTC-1","0","Map2",2.33795314030674
"TGCATTTCAAGCTGGC-1","4","Map2",0
"TGCATTTCATAGGCGC-1","1","Map2",2.15009613543526
"TGCATTTCATAGGTGT-1","1","Map2",1.12229455289731
"TGCATTTCATTACCGC-1","4","Map2",0
"TGCATTTCATTAGACA-1","5","Map2",1.77528463202455
"TGCCAGGTCACCTAAG-1","2","Map2",1.89154055309879
"TGCCAGTAGCCATCAA-1","5","Map2",1.48393216978175
"TGCCAGTAGCCCTGAG-1","14","Map2",1.65192958339588
"TGCCATCCAGGCAGTC-1","0","Map2",2.14371428286693
"TGCCATTTCACGGCTG-1","11","Map2",2.12610048665208
"TGCCATTTCGTGAATT-1","7","Map2",2.51947268018556
"TGCCCGAAGCGGTCTG-1","5","Map2",2.31697579007581
"TGCCCGAAGGTCGATC-1","6","Map2",1.35275537310282
"TGCCCGAAGGTTACTG-1","4","Map2",1.08260564935874
"TGCCCGTTCACGTTGA-1","0","Map2",1.94287954745919
"TGCCCGTTCGTTAGGC-1","7","Map2",1.8428573238936
"TGCCGAACAGCTACTC-1","2","Map2",1.97694149032437
"TGCCGCTTCACTCCAT-1","8","Map2",1.90838276372781
"TGCCGCTTCGAACCCG-1","3","Map2",1.55119985598549
"TGCCGTAGTGCAACGG-1","6","Map2",2.21764775447882
"TGCCGTGAGCGCATGT-1","2","Map2",2.33694199710502
"TGCCGTGAGGAATCAA-1","14","Map2",2.4008550673183
"TGCCGTTCATAATCTC-1","4","Map2",0
"TGCCGTTCATGATCCC-1","0","Map2",1.82545566694945
"TGCCTAAAGCATCTCT-1","8","Map2",3.1341178584707
"TGCCTAAAGCCTGATA-1","1","Map2",2.10532921249577
"TGCCTAAAGTGAACGG-1","5","Map2",1.44268935786803
"TGCCTAGGTTTACGGT-1","1","Map2",1.41735017689334
"TGCCTCGCAAAGGATG-1","0","Map2",1.41012185802737
"TGCCTCTGTCAACTGT-1","4","Map2",0
"TGCCTGCTCCCGCAAG-1","1","Map2",1.21790598844504
"TGCCTGCTCCTCTAGT-1","15","Map2",0
"TGCCTGCTCGTGCCTC-1","9","Map2",1.75656145387185
"TGCCTTTAGTCGATTG-1","9","Map2",2.01044405115923
"TGCGAAAGTTGAGCTT-1","6","Map2",1.75028492996675
"TGCGAAAGTTGCTGTG-1","10","Map2",0
"TGCGACCGTTCGTGAT-1","4","Map2",2.09152228469769
"TGCGACTAGGTTCACA-1","3","Map2",2.21271305927916
"TGCGAGGGTTAAGGGC-1","7","Map2",2.07297889710498
"TGCGATTGTCATCCCT-1","6","Map2",2.14451802583457
"TGCGGCTGTAAGTGTG-1","11","Map2",1.93628650128496
"TGCGGCTGTTGCGACC-1","3","Map2",2.13643482438497
"TGCGGGTCACAGCGAC-1","11","Map2",1.63859727790973
"TGCGGTTAGGTCAAGG-1","3","Map2",2.01925956849118
"TGCGTAATCATGGTGC-1","5","Map2",2.28069596900113
"TGCGTAATCGACATCA-1","0","Map2",2.0499388511056
"TGCGTAATCGATCAAT-1","13","Map2",1.34544648175392
"TGCTAACGTAAGTTGG-1","9","Map2",1.978446515846
"TGCTAACGTCTCCATC-1","8","Map2",2.12369323088977
"TGCTAAGTCATCAGTG-1","10","Map2",0
"TGCTAAGTCGTGATGC-1","4","Map2",1.80734463789444
"TGCTACAAGCGACTAC-1","0","Map2",2.16414212624539
"TGCTACCCAAGCCTGA-1","15","Map2",1.49878467158285
"TGCTACCCATCAATTC-1","6","Map2",1.81691838447964
"TGCTATAGTCAATCCG-1","10","Map2",1.77162979968438
"TGCTATGAGAACCTTG-1","3","Map2",0
"TGCTCAAAGTAGAGGT-1","11","Map2",2.17866843077293
"TGCTCACCAAACTATG-1","1","Map2",2.37018028595242
"TGCTCACCAAAGGTCT-1","1","Map2",1.67358654468506
"TGCTCCATCGCTTGCC-1","8","Map2",2.06402063486034
"TGCTCCGCAAGCCAAT-1","4","Map2",0
"TGCTCCGCATTCGTGC-1","4","Map2",1.81290190580186
"TGCTCGCTCCTTCGGC-1","1","Map2",1.53193700851449
"TGCTGGACAAGGTAAG-1","2","Map2",2.08916198167408
"TGCTGGACAATGTATG-1","7","Map2",1.74279254159713
"TGCTGGACAATTACAG-1","0","Map2",0
"TGCTGGACATCACTTG-1","6","Map2",2.32710690451086
"TGCTGTCCAAGCACAT-1","12","Map2",0
"TGCTTAAGTAAGTACG-1","2","Map2",2.33278973108476
"TGCTTAAGTGACGACG-1","6","Map2",1.29419862283994
"TGCTTAGAGGTAGGCA-1","2","Map2",2.02782575866962
"TGCTTAGAGTGAGCGA-1","3","Map2",1.72842448478161
"TGCTTCACAAGCTGTG-1","4","Map2",0
"TGCTTCACATGACACG-1","1","Map2",1.67639563460684
"TGGAACCTCAGGGACA-1","8","Map2",0
"TGGAACCTCGCTAGAC-1","9","Map2",1.98082189245095
"TGGACAAGTAGCTAAG-1","0","Map2",1.953837580277
"TGGACATCACAGGGTC-1","8","Map2",0
"TGGACGAAGGTCGTAC-1","0","Map2",2.10059485475528
"TGGACGAAGTCATCAG-1","1","Map2",1.92036279038774
"TGGACGTTCCATAGAT-1","8","Map2",1.50438858395787
"TGGACTATCTAAGCGC-1","11","Map2",1.8179465926444
"TGGACTCAGATTGAAG-1","8","Map2",0
"TGGACTCAGCTAAGGG-1","1","Map2",0
"TGGAGCAAGTCAGGGA-1","14","Map2",0
"TGGAGCGGTAGTCATC-1","6","Map2",1.74214478941483
"TGGAGGATCCCGCGTT-1","16","Map2",0
"TGGAGTAGTGCGGAAT-1","2","Map2",1.16762484306341
"TGGAGTAGTGGCCAGA-1","8","Map2",1.68701849187099
"TGGAGTAGTTAGGGAC-1","1","Map2",1.55080454497675
"TGGAGTGAGGAGGCTA-1","10","Map2",0
"TGGAGTGAGGTAACGG-1","3","Map2",1.55538729956269
"TGGATATTCTAGGCGT-1","5","Map2",2.23567825004943
"TGGATGGAGGTCATTG-1","0","Map2",2.95672452094693
"TGGATGGAGTCAGTGC-1","5","Map2",2.58003508114092
"TGGATTGTCGACTTGA-1","6","Map2",2.40474148849362
"TGGCACTAGAACGAGT-1","1","Map2",2.06234119075109
"TGGCACTAGGATCTAT-1","7","Map2",2.31439438830742
"TGGCACTAGGATGCAG-1","3","Map2",1.2028656103665
"TGGCATATCAGCCAAC-1","10","Map2",0
"TGGCATGCAAGTAGTC-1","5","Map2",2.18312742758118
"TGGCATTGTTAATGGG-1","5","Map2",2.14893933617676
"TGGCATTGTTGGGATA-1","2","Map2",1.70293002753342
"TGGCCATAGAAGGTGT-1","3","Map2",2.40774341091735
"TGGCCATAGGTCGAGA-1","2","Map2",1.87347099704365
"TGGCGAAAGGCGATGA-1","9","Map2",2.65940429380136
"TGGCGAGGTTTACGGT-1","6","Map2",1.91814616718838
"TGGCGATTCCGGTATA-1","0","Map2",2.4400789050337
"TGGCGCATCAGTACCA-1","16","Map2",0
"TGGCGCATCCCTCACA-1","10","Map2",0
"TGGCTATGTCTGGTCA-1","7","Map2",2.28901830154527
"TGGCTCTCAATACTGA-1","6","Map2",1.63653939971336
"TGGCTGACACCTACCG-1","5","Map2",2.02320724692987
"TGGCTGACAGCAGTTG-1","4","Map2",1.99240137735663
"TGGCTGACATGATTGA-1","6","Map2",0.737978593856676
"TGGCTTGGTTGAGCTT-1","8","Map2",0
"TGGCTTGGTTTAAGCC-1","6","Map2",2.44105731459533
"TGGGAACGTTAGGCCC-1","8","Map2",2.66445028507651
"TGGGACAAGCAAGCGA-1","5","Map2",1.37898907332026
"TGGGACAAGCTTACGA-1","0","Map2",1.72753620444448
"TGGGATAGTTAGTGCT-1","4","Map2",0
"TGGGATTCACTTCGCG-1","2","Map2",1.85044482343756
"TGGGCAAAGGTTCCAA-1","1","Map2",1.95193426365869
"TGGGCACCAACCGTGA-1","4","Map2",2.12650693025845
"TGGGCACCAATGCGTG-1","9","Map2",2.4252476580558
"TGGGCACCAGTAAGCT-1","4","Map2",0
"TGGGCACCATTAACGA-1","0","Map2",2.94061972702913
"TGGGCAGGTCAAGTTC-1","1","Map2",2.11464435340217
"TGGGCTTAGCTAACCA-1","0","Map2",2.68101407669135
"TGGGGCAGTTATCTCT-1","10","Map2",0
"TGGGGCTCATCCTGCG-1","1","Map2",2.2430722897115
"TGGGGCTCATGATCCC-1","5","Map2",2.49744274220717
"TGGGGTTTCCCAGATA-1","6","Map2",0.96718283704016
"TGGGGTTTCCTGACCC-1","6","Map2",1.79646240939016
"TGGGTCACAAATCGGT-1","5","Map2",2.14793611776823
"TGGGTCACAGGTAACT-1","0","Map2",2.49803991682382
"TGGGTCACATGCTACC-1","0","Map2",2.11004687600432
"TGGGTCCGTGCACGAG-1","5","Map2",2.10469630733118
"TGGGTGAAGCCTGTGG-1","4","Map2",2.91682528434438
"TGGGTTATCCGCGACA-1","0","Map2",1.01096498160935
"TGGGTTGCAAGTCGCA-1","3","Map2",1.62645270411167
"TGGGTTGCATCACACC-1","8","Map2",0
"TGGTACGCACTTCAGC-1","6","Map2",1.67616012188728
"TGGTACGCATCCCAGT-1","8","Map2",2.37429377101013
"TGGTAGCTCTGGATTG-1","3","Map2",2.27898919031119
"TGGTAGGAGGTACGCT-1","11","Map2",1.44607201366634
"TGGTAGTCAAAGGTTC-1","5","Map2",2.5511412580596
"TGGTATTAGGCTCAGT-1","5","Map2",1.21323349168807
"TGGTCACAGAATCGAA-1","16","Map2",1.26631943457898
"TGGTCTAAGGATGATA-1","6","Map2",1.86272859729543
"TGGTGGTTCCCCAGAG-1","9","Map2",0
"TGGTGGTTCTGTAACG-1","9","Map2",2.03618658947271
"TGGTGTTGTATAGCGA-1","5","Map2",2.41638140905133
"TGGTTACGTCTGGCTA-1","10","Map2",1.69025567164657
"TGGTTAGTCACACTAG-1","9","Map2",2.21848185153062
"TGGTTATAGGTGATGG-1","6","Map2",2.35292233971268
"TGGTTCAAGCCCGTTC-1","0","Map2",2.47328109951472
"TGGTTCCCACCTTAAT-1","11","Map2",1.19088951371701
"TGGTTTAGTTTAGGTC-1","7","Map2",1.9069519282095
"TGTAACTAGCGGTCCA-1","10","Map2",0
"TGTAAGCCACCAGGAC-1","2","Map2",1.03355715022176
"TGTAAGCCACTAACTT-1","7","Map2",2.33765956295025
"TGTAATGCACATAGCG-1","7","Map2",1.67492500739441
"TGTAATGCATGCGCTT-1","7","Map2",1.39841572165224
"TGTACCCCACAGGACC-1","4","Map2",0
"TGTACCGGTTTAGTCA-1","16","Map2",0
"TGTACCGGTTTGCACG-1","6","Map2",2.37076667893736
"TGTACTGAGGAGCTGA-1","4","Map2",2.77352672062016
"TGTACTGAGGTCGATC-1","8","Map2",0
"TGTAGAGGTAGCAGTA-1","5","Map2",2.25180195931818
"TGTAGAGGTATAGACG-1","0","Map2",2.94185772224299
"TGTAGAGGTCATGAAG-1","4","Map2",2.32651099002087
"TGTAGAGGTGAACGTA-1","11","Map2",0
"TGTAGCATCAAGTTAC-1","8","Map2",1.59738766355958
"TGTAGCCAGCGCTCTC-1","6","Map2",2.2662366553995
"TGTAGCGCAGGACAGG-1","4","Map2",0
"TGTAGGTCAATTAACG-1","8","Map2",0
"TGTAGTTAGCTTCCTG-1","4","Map2",0
"TGTAGTTAGGATGGGC-1","5","Map2",1.92257772615306
"TGTATCCTCGACTGAC-1","0","Map2",1.56969347007338
"TGTATCTCAAACTATG-1","6","Map2",2.47680254504144
"TGTATCTCAGCCATTC-1","7","Map2",2.07455691850021
"TGTATCTCAGGCAGGA-1","10","Map2",2.16107815742127
"TGTATGACAACGTGAT-1","4","Map2",2.51423754730009
"TGTATGGTCGTCTCAT-1","12","Map2",0
"TGTATTCCAGCTAAGT-1","0","Map2",2.059828834746
"TGTCACCCAAATTCCT-1","2","Map2",1.74734361007703
"TGTCACTTCGTAATCG-1","6","Map2",2.46539471964665
"TGTCAGGCAATCCTAT-1","14","Map2",0
"TGTCAGGCAGCCATTC-1","5","Map2",1.71737023526168
"TGTCAGGCATCGTTCA-1","13","Map2",1.79141233137613
"TGTCCAAAGCTGGTGT-1","7","Map2",1.58442156221571
"TGTCCACCATAACTCT-1","8","Map2",1.48613350607472
"TGTCCAGGTTTGATGC-1","4","Map2",1.71372414789283
"TGTCCCATCCATGTCT-1","5","Map2",2.10406391352001
"TGTCCCATCCCTCTAG-1","4","Map2",0
"TGTCCCATCCTGTACT-1","5","Map2",2.05997815171893
"TGTCCCGCATAAGCTA-1","3","Map2",1.36243951315397
"TGTCCCTGTCAATCAC-1","4","Map2",0
"TGTCCGCTCCCTCTAG-1","3","Map2",0.676236858250952
"TGTCCGGAGATTAGAG-1","1","Map2",1.78912544444255
"TGTCCGGAGGGGTCAA-1","4","Map2",2.21302382877469
"TGTCGATGTAAGGGTC-1","7","Map2",1.93147865920373
"TGTCGATGTTATGGCT-1","10","Map2",0
"TGTCGCCTCACGCAAC-1","5","Map2",2.01629094581711
"TGTCGCCTCAGGGCAA-1","13","Map2",0.568777920410806
"TGTCGTCCAAGCCAGC-1","10","Map2",0
"TGTCGTCCAGCTACAG-1","12","Map2",0
"TGTCGTCCAGCTACGA-1","11","Map2",1.13768625351892
"TGTCGTCCAGTAATCA-1","0","Map2",2.20709855076934
"TGTCGTTTCACATGAT-1","1","Map2",0.667196661387196
"TGTCGTTTCCTCACTG-1","6","Map2",2.16005945788232
"TGTCGTTTCGACATGC-1","11","Map2",1.73385478669676
"TGTCGTTTCGTGATGC-1","2","Map2",2.38731343658782
"TGTCTAAGTGAGACTA-1","14","Map2",0
"TGTCTAAGTGAGTGCG-1","1","Map2",0
"TGTCTAAGTTGTAGTC-1","0","Map2",1.63880155411966
"TGTCTCACAATAGGCT-1","7","Map2",2.4410907846557
"TGTCTGTTCTATGACG-1","0","Map2",1.85372908115982
"TGTCTTGCACATAGTA-1","7","Map2",1.97163083458408
"TGTCTTGCATAGACGT-1","0","Map2",1.93114242565678
"TGTCTTGCATCAATCT-1","4","Map2",0
"TGTGAACCACAGCAAT-1","4","Map2",2.30186540962365
"TGTGAACCATCCCAAC-1","1","Map2",2.1992815400868
"TGTGAGGAGCAGGTAG-1","4","Map2",0
"TGTGATTAGCTAGATT-1","10","Map2",0
"TGTGCAATCACTCAGA-1","8","Map2",1.58771674681495
"TGTGCAATCCTGACCC-1","7","Map2",1.9089209135054
"TGTGCATGTGAGGAGA-1","14","Map2",2.19793600466725
"TGTGCCCTCAGCACTA-1","14","Map2",1.74577992111071
"TGTGCCCTCCCTGTAT-1","3","Map2",1.6547076854022
"TGTGCCCTCGCGCACA-1","9","Map2",1.33447078154433
"TGTGCGCGTTCGCGGT-1","2","Map2",2.00437165678126
"TGTGCTGGTATGTCAC-1","6","Map2",1.98550476387681
"TGTGTTAGTTAGAGGC-1","9","Map2",1.60847860306323
"TGTGTTAGTTCGTATA-1","4","Map2",0
"TGTGTTAGTTGAAGTG-1","1","Map2",2.22280169633671
"TGTGTTAGTTGCTCTC-1","11","Map2",1.8077097306392
"TGTGTTAGTTTGACCG-1","5","Map2",1.77936773693289
