"cell","cluster","gene","logexpr"
"AAACCAAAGCTTACTC-1","7","Rbfox3",1.67480749358229
"AAACCAAAGTGGGTCT-1","4","Rbfox3",0
"AAACCGCTCACCTAGA-1","12","Rbfox3",0
"AAACCGCTCATCGAGC-1","0","Rbfox3",1.84816588600489
"AAACCGCTCGATCCGG-1","6","Rbfox3",1.75067803639854
"AAACGAATCGTTCCTG-1","7","Rbfox3",1.93316210106067
"AAACGACAGCATCGGT-1","4","Rbfox3",0
"AAACGACAGGCATCAC-1","12","Rbfox3",0
"AAACGATGTGAGACCG-1","4","Rbfox3",0
"AAACGCCTCATCAAGT-1","7","Rbfox3",1.71469456918689
"AAACGGACAAGTAGCT-1","3","Rbfox3",1.15362686341201
"AAACGGACATCCAGAG-1","4","Rbfox3",0
"AAACGGACATTGCGTC-1","10","Rbfox3",0
"AAACGGGTCCACCGGA-1","0","Rbfox3",0
"AAACGGGTCCCGCTAC-1","3","Rbfox3",2.05402784220976
"AAACGTAAGCATGGCT-1","0","Rbfox3",1.64606927465424
"AAACGTAAGCATGGGA-1","6","Rbfox3",1.54413530010402
"AAACTCCGTGACGATA-1","1","Rbfox3",1.44951485686102
"AAAGCAATCACTAACG-1","3","Rbfox3",1.11253707767728
"AAAGCATGTATGGCTT-1","8","Rbfox3",0
"AAAGCCTCACAGGACC-1","2","Rbfox3",2.13194632634068
"AAAGCTGGTATGGTAG-1","4","Rbfox3",0
"AAAGTCAAGGCACTAC-1","4","Rbfox3",0
"AAAGTGATCACCAGAC-1","4","Rbfox3",0
"AAAGTTGAGGTACGTC-1","4","Rbfox3",0
"AAATGCAAGAAGGAGA-1","12","Rbfox3",0
"AAATGGATCGCATTGA-1","1","Rbfox3",1.10095108024539
"AAATGGATCGTGATAT-1","11","Rbfox3",0.85518441244464
"AAATGGGCAAGTGGAA-1","0","Rbfox3",1.02933664446427
"AAATGGGCATAAGCAC-1","1","Rbfox3",1.07855543288125
"AAATGGGCATGGCTAG-1","4","Rbfox3",0
"AAATGTGAGCTACTCT-1","4","Rbfox3",0
"AAATGTGAGTAATCAC-1","6","Rbfox3",1.91419253338015
"AAATTCGCACTCAAGG-1","1","Rbfox3",2.14293903016024
"AAATTCGCATAACTCT-1","5","Rbfox3",1.68301116974902
"AAATTGCTCAATCTCC-1","8","Rbfox3",0
"AACACACCAACCTGGA-1","7","Rbfox3",2.01381179956568
"AACACACCAATCTCAT-1","7","Rbfox3",1.3145138871729
"AACACATTCCGCAAGT-1","6","Rbfox3",0
"AACACATTCCGGTTGG-1","1","Rbfox3",2.13023274988216
"AACACCATCATCAAGT-1","9","Rbfox3",0.980829253011726
"AACACGAGTCCATAGT-1","4","Rbfox3",0
"AACAGGCGTGAACCTT-1","5","Rbfox3",1.70308305107047
"AACAGTAAGCCTTGGG-1","1","Rbfox3",1.51776434075761
"AACAGTAAGGCAAGGC-1","10","Rbfox3",0
"AACAGTAAGTCATTGG-1","10","Rbfox3",0
"AACATCACATAGGTGT-1","3","Rbfox3",1.72182751646127
"AACATCACATCCCGAT-1","0","Rbfox3",1.13081986196042
"AACATCCGTGGGTAAC-1","2","Rbfox3",2.34052935883217
"AACATCCGTTCGATGT-1","0","Rbfox3",1.54292916657075
"AACATGAAGTAGTCAT-1","7","Rbfox3",1.66068942915641
"AACATGAAGTTACGCA-1","2","Rbfox3",0.903145280043737
"AACATTCAGCATGCGT-1","11","Rbfox3",1.73496899520389
"AACATTGCAACCAGTG-1","9","Rbfox3",0.933614337144261
"AACCAACCAGGACACC-1","6","Rbfox3",0.991473369145634
"AACCAAGGTGGCGCAA-1","0","Rbfox3",0
"AACCAAGGTTCGTCAG-1","9","Rbfox3",2.14200973002147
"AACCAATTCACTTGCT-1","2","Rbfox3",0.945773084438662
"AACCAATTCGTTAGCA-1","13","Rbfox3",0.582991676340439
"AACCACGCAACCAGTG-1","4","Rbfox3",0
"AACCACGCACAGCAAT-1","0","Rbfox3",0
"AACCAGCTCCGCCTAC-1","7","Rbfox3",2.57121702587951
"AACCAGGAGGTATCTG-1","1","Rbfox3",2.51066627934668
"AACCCAGCATAAGGAG-1","7","Rbfox3",1.98335622105746
"AACCCTGGTAGCTCAT-1","9","Rbfox3",2.12434165337269
"AACCCTGGTTGTGCTG-1","5","Rbfox3",2.00175680724279
"AACCGAAGTATGTAGG-1","8","Rbfox3",0
"AACCGAAGTGAGCCGA-1","9","Rbfox3",0
"AACCGATCAGTTGACG-1","11","Rbfox3",1.51440788490678
"AACCGGGGTAAGGGTC-1","1","Rbfox3",1.82946966171958
"AACCTCAAGCCACGCA-1","8","Rbfox3",0
"AACCTCAAGCTAACTG-1","0","Rbfox3",2.27167755553097
"AACCTTAGTCTGTGTG-1","11","Rbfox3",2.54136940702943
"AACCTTAGTGATTCCG-1","6","Rbfox3",0.73514112651325
"AACCTTGAGAAGCCAG-1","8","Rbfox3",0
"AACCTTGAGGCAACGA-1","3","Rbfox3",2.4740771232647
"AACCTTGAGGCGTCCA-1","13","Rbfox3",1.47662628928287
"AACCTTGAGTCATGCA-1","4","Rbfox3",0
"AACGAACAGGTTCGAC-1","16","Rbfox3",0
"AACGAACAGTAGAGAC-1","1","Rbfox3",2.0279485364382
"AACGAATGTCAACTGT-1","8","Rbfox3",0
"AACGAATGTGAGAGGA-1","13","Rbfox3",1.10932595492154
"AACGAATGTGAGCCAG-1","0","Rbfox3",0
"AACGACTCAACGTGAT-1","0","Rbfox3",0.751095024776772
"AACGATCCAAGTAGAG-1","3","Rbfox3",0.909652518562346
"AACGATCCAGGGCCAT-1","3","Rbfox3",1.89543889840648
"AACGATCCATCCGTAC-1","5","Rbfox3",2.12144949737851
"AACGATGGTTAACTGC-1","15","Rbfox3",2.36667061299137
"AACGATTTCATGCCAA-1","0","Rbfox3",2.07466126774336
"AACGATTTCGACTTGA-1","11","Rbfox3",1.45752774019265
"AACGCAAGTAGCTCCA-1","0","Rbfox3",1.33287547201608
"AACGCCACACATTAAG-1","11","Rbfox3",0.601140694390172
"AACGCCCGTAGGTCAA-1","8","Rbfox3",0
"AACGCGCCAAATGCCG-1","10","Rbfox3",0
"AACGCTATCATGAACT-1","8","Rbfox3",0
"AACGCTATCTAGTTCC-1","14","Rbfox3",0
"AACGCTCAGCTACGGT-1","4","Rbfox3",0
"AACGCTCAGGTGCGTT-1","3","Rbfox3",0.764340979158471
"AACGCTTGTAACGCAA-1","3","Rbfox3",2.40428332153369
"AACGCTTGTTATGGAG-1","1","Rbfox3",1.83159513585076
"AACGCTTGTTTCGGCA-1","0","Rbfox3",1.20245827033806
"AACGCTTGTTTGACAC-1","2","Rbfox3",1.49047052329477
"AACGGATAGCATGAGG-1","14","Rbfox3",0
"AACGGCAAGATAGCCC-1","7","Rbfox3",0.780321093104586
"AACGGCAAGGATAGCG-1","13","Rbfox3",1.48475897104846
"AACGGCAAGGGTGAAT-1","1","Rbfox3",1.99500383466989
"AACGGGGCACATTAGA-1","1","Rbfox3",1.65264010464032
"AACGGGGCAGCAGGAG-1","0","Rbfox3",0.945580490076459
"AACGGTAGTAGCCTTG-1","3","Rbfox3",1.10008110986956
"AACGGTGAGGTTGGAG-1","5","Rbfox3",2.2376201178596
"AACGTAAAGCAATCGC-1","6","Rbfox3",1.24690118287777
"AACGTAAAGCGATGCT-1","1","Rbfox3",2.71835655954245
"AACGTAAAGTTAGACT-1","5","Rbfox3",1.71986806399514
"AACGTAGGTGGACCCT-1","8","Rbfox3",0
"AACTAGAAGAAGGACT-1","7","Rbfox3",0
"AACTCAACAATCAGTA-1","0","Rbfox3",1.80239369940315
"AACTGAAAGGATAGGT-1","14","Rbfox3",0
"AACTGACCACTAAGCG-1","5","Rbfox3",1.40129226920367
"AACTGAGGTAAGCACA-1","3","Rbfox3",2.12431462509272
"AACTGAGGTAAGGTAT-1","15","Rbfox3",1.8921782169751
"AACTGAGGTTCGTTCC-1","5","Rbfox3",2.05684853102173
"AACTGCATCACCTACT-1","10","Rbfox3",0
"AACTGCATCCCCATCA-1","10","Rbfox3",0
"AACTGCATCGTGAGAG-1","0","Rbfox3",1.05401891312529
"AACTGGTCAGCCTACT-1","3","Rbfox3",1.70209991845464
"AACTTCCTCATGACTG-1","0","Rbfox3",0
"AACTTCCTCCATCGTT-1","11","Rbfox3",0.694901786850427
"AACTTGGTCATGCGCG-1","4","Rbfox3",0
"AACTTTGGTGCATCTG-1","16","Rbfox3",0
"AACTTTGGTTCGGGCT-1","8","Rbfox3",0
"AACTTTGGTTCGGTAT-1","4","Rbfox3",0
"AAGCAAATCACTATGG-1","7","Rbfox3",1.2455481859902
"AAGCAACAGGCACTAC-1","6","Rbfox3",2.48097413751812
"AAGCAATGTGGAAGCT-1","6","Rbfox3",1.69387047869308
"AAGCACCTCACAGGCT-1","9","Rbfox3",1.73301070682149
"AAGCCAAGTAACTCCG-1","1","Rbfox3",1.88967059652902
"AAGCCAAGTTCGGCTA-1","9","Rbfox3",1.41470318139231
"AAGCCATCATTCAACT-1","13","Rbfox3",1.73209105242623
"AAGCCCCGTCTTGAAC-1","10","Rbfox3",0
"AAGCCGCCAAGCCTAG-1","5","Rbfox3",1.81582598005142
"AAGCCGCCATCCTTGA-1","3","Rbfox3",2.06295389916717
"AAGCCGGGTCAATCGT-1","4","Rbfox3",0
"AAGCCTATCATGGCGT-1","8","Rbfox3",0
"AAGCCTATCGCTGACG-1","6","Rbfox3",0.853207884305358
"AAGCGATAGGTATCCA-1","15","Rbfox3",0
"AAGCGGATCGCTCAGG-1","9","Rbfox3",0
"AAGCGGGCAAGCATGT-1","14","Rbfox3",0
"AAGCTAAAGCATTCAG-1","2","Rbfox3",0.628591159925484
"AAGCTAAAGCTTAACG-1","11","Rbfox3",0
"AAGCTAAAGGATGTCC-1","0","Rbfox3",1.56646217124308
"AAGCTAAAGTATGTGT-1","2","Rbfox3",1.27183538387176
"AAGCTAGGTAACTGCT-1","10","Rbfox3",2.29381232166487
"AAGCTAGGTTATCGGT-1","6","Rbfox3",0.966173296993602
"AAGCTCTGTAGCAGCG-1","0","Rbfox3",0.857795834066516
"AAGCTCTGTGATCAAG-1","2","Rbfox3",1.3801757000708
"AAGCTCTGTTTAATCG-1","9","Rbfox3",3.04706567408915
"AAGGACTAGTAATTGC-1","1","Rbfox3",2.14977632440735
"AAGGATGCACTAGGCA-1","2","Rbfox3",1.26321765833368
"AAGGCAACAAATGCGT-1","2","Rbfox3",0
"AAGGCAACACAGGGTC-1","2","Rbfox3",2.15069158589472
"AAGGCTAGTATGGGTA-1","3","Rbfox3",1.30035064738396
"AAGGCTAGTGGCGTCT-1","8","Rbfox3",0
"AAGGCTAGTTTCCGTC-1","10","Rbfox3",0
"AAGGGCATCGTGAATT-1","9","Rbfox3",1.87679024773735
"AAGGGGTCAAATCATG-1","1","Rbfox3",1.97394039095399
"AAGGGGTCAATCAGCG-1","1","Rbfox3",1.76005941506136
"AAGGGTTAGTTGCTCT-1","4","Rbfox3",0
"AAGGTAATCAGGCATC-1","12","Rbfox3",0
"AAGGTAATCTCACATC-1","0","Rbfox3",1.23700712592765
"AAGGTATGTAAGCGAC-1","15","Rbfox3",0
"AAGGTATGTGCAGTAA-1","7","Rbfox3",1.66935695339568
"AAGGTTGGTTAACCAC-1","4","Rbfox3",0
"AAGGTTGGTTAGACCT-1","1","Rbfox3",2.20259962372242
"AAGGTTGGTTTAATCG-1","3","Rbfox3",2.42021122978155
"AAGTAACGTATGTGGA-1","6","Rbfox3",1.2277996389431
"AAGTAAGTCTAAGCCA-1","0","Rbfox3",0
"AAGTACCCAAGGGATA-1","9","Rbfox3",0.889578297940521
"AAGTACCCAGCCTACT-1","4","Rbfox3",0
"AAGTACGGTGATTACC-1","2","Rbfox3",1.33508949448692
"AAGTATGAGCGAACTC-1","15","Rbfox3",0
"AAGTCAAAGTCAAGGG-1","11","Rbfox3",1.67619544363223
"AAGTCACCAATCAATG-1","4","Rbfox3",0
"AAGTCAGGTAAGGGTC-1","14","Rbfox3",0
"AAGTCAGGTCATGTGT-1","0","Rbfox3",1.09515759482557
"AAGTCAGGTTGCCCTT-1","1","Rbfox3",2.03421987324655
"AAGTCCATCCGCCTAC-1","10","Rbfox3",0
"AAGTGCCTCCCAGTAA-1","3","Rbfox3",2.34737235456934
"AAGTGGACACCAGCTT-1","7","Rbfox3",2.07911785904346
"AAGTGGGTCATCTGGA-1","0","Rbfox3",0.951151391335601
"AAGTTGAAGATAGGTA-1","6","Rbfox3",0
"AAGTTGAAGGCTTGGT-1","1","Rbfox3",2.19115245241747
"AAGTTGAAGTCGCTAA-1","2","Rbfox3",1.72301717849412
"AAGTTTCAGTGAACGG-1","2","Rbfox3",1.88669641024854
"AAGTTTGCAAACCCAG-1","5","Rbfox3",1.3516930337555
"AAGTTTGCAACATTGA-1","3","Rbfox3",2.32836636631328
"AAGTTTGCAAGTATCA-1","4","Rbfox3",0
"AATACGAAGATTAGGA-1","4","Rbfox3",0
"AATACGCCAGGCAGAG-1","6","Rbfox3",0
"AATATGCTCCCATACT-1","12","Rbfox3",0
"AATATGGAGATAGCAA-1","8","Rbfox3",0
"AATATGGAGCTAATGT-1","9","Rbfox3",2.70603031228618
"AATATGGAGGTTGCGT-1","6","Rbfox3",1.41860679004976
"AATCAGCCACAATGGT-1","8","Rbfox3",0
"AATCATCAGGGTTGGA-1","6","Rbfox3",0
"AATCCATAGGAGGCGT-1","3","Rbfox3",1.81655885802502
"AATCCATAGGAGTAAC-1","5","Rbfox3",2.00042904976388
"AATCGCGCATTGGGCA-1","11","Rbfox3",1.61883710885497
"AATCGTTAGGAGGTCA-1","5","Rbfox3",2.53555237564348
"AATCGTTAGGCTAGAG-1","12","Rbfox3",0
"AATCTAGCAGGTAGCC-1","1","Rbfox3",2.52929650419873
"AATCTAGCATAACGCG-1","10","Rbfox3",0
"AATCTAGCATCACGAG-1","6","Rbfox3",0.957089626993839
"AATCTCCTCACTTGGA-1","4","Rbfox3",0
"AATCTCCTCGTGCGAT-1","1","Rbfox3",2.430335559513
"AATGACCCAAATCCGG-1","13","Rbfox3",1.01661521732444
"AATGACTTCATATCGG-1","0","Rbfox3",1.61954063686939
"AATGCCTGTGAACGCG-1","2","Rbfox3",2.49056300756052
"AATGCGAGTGGCTACC-1","2","Rbfox3",1.5498830864907
"AATGCGAGTTGGAGCG-1","6","Rbfox3",1.36017402065684
"AATGCGAGTTTAGCGT-1","1","Rbfox3",2.27849096070207
"AATGGATGTTACACTA-1","3","Rbfox3",2.34336188875274
"AATGGATGTTAGCATC-1","13","Rbfox3",1.88237018414251
"AATGGCGAGAATCCAT-1","7","Rbfox3",0.637708592854251
"AATGGCTCATAGGCCA-1","2","Rbfox3",1.33546103749103
"AATGGGGTCAGCCCGA-1","0","Rbfox3",0.799168270941781
"AATGGGGTCGATGCTA-1","10","Rbfox3",0
"AATGGGTAGCTACTCT-1","4","Rbfox3",0
"AATGTCCGTGGCTGAG-1","5","Rbfox3",2.12706468022335
"AATGTCCGTTCGAATC-1","9","Rbfox3",2.64256202421598
"AATGTGAAGCATAGCC-1","2","Rbfox3",2.37143735055296
"AATGTGAAGTAGCCCG-1","2","Rbfox3",0
"AATGTTGCAAGCCATG-1","15","Rbfox3",0
"AATGTTGCATAACGCG-1","9","Rbfox3",1.55029733739016
"AATGTTGCATGGTTCC-1","2","Rbfox3",1.21866069032998
"AATTACGCAACGTTCC-1","6","Rbfox3",1.26974520424957
"AATTACGCAAGTCCAG-1","7","Rbfox3",0.628877111099767
"AATTACGCAGTTGACG-1","3","Rbfox3",1.54370083335211
"AATTCAGCACAGCGAC-1","7","Rbfox3",1.29188389259798
"AATTCAGCACCATGTC-1","13","Rbfox3",0.826698662985881
"AATTCAGCAGGCTTAG-1","2","Rbfox3",1.67746824115495
"AATTCAGCAGGGACAG-1","1","Rbfox3",1.85744639342364
"AATTCAGCAGTTGAGT-1","12","Rbfox3",0
"AATTCCTCAAAGGTCT-1","15","Rbfox3",0
"AATTGGTTCCATGCAA-1","15","Rbfox3",1.37417412551514
"AATTGGTTCCGCAGTG-1","7","Rbfox3",0.729534005151447
"ACAACAGGTTAGCTTA-1","5","Rbfox3",0
"ACAACATTCAGCTATG-1","5","Rbfox3",1.76029854457216
"ACAACATTCCCAGATA-1","14","Rbfox3",0
"ACAACCGCAAATGCGT-1","2","Rbfox3",1.16020287636447
"ACAACCGCAAGCGTTG-1","12","Rbfox3",0
"ACAACCGCATTACCAT-1","14","Rbfox3",0
"ACAACCGCATTCGCGT-1","1","Rbfox3",1.8460263280321
"ACAACCTGTAGCTGGG-1","1","Rbfox3",2.05174913037783
"ACAAGCCTCGAATCCA-1","11","Rbfox3",0.903450815815197
"ACAAGCGAGCAGGGTA-1","5","Rbfox3",1.76257431991475
"ACAAGCGAGTCGCTCC-1","1","Rbfox3",1.77691506007952
"ACAAGCGAGTGAATCT-1","1","Rbfox3",1.93620188613572
"ACAAGCTCAAGCTCTC-1","9","Rbfox3",0.674484119428019
"ACAAGCTCAGGTATGT-1","12","Rbfox3",0
"ACAAGCTCATCCCATA-1","8","Rbfox3",0
"ACAAGGCGTTATCTCT-1","8","Rbfox3",0
"ACAAGGTAGCTAATCG-1","3","Rbfox3",1.34284436055527
"ACAAGTAAGGTAGACG-1","9","Rbfox3",1.1039742318095
"ACAATCACACTCATCA-1","16","Rbfox3",0
"ACAATCCGTGGACCTC-1","0","Rbfox3",1.00187929619786
"ACAATGAAGGTCAATT-1","11","Rbfox3",1.186887792441
"ACAATGAAGTGATGAA-1","2","Rbfox3",0.953938847214584
"ACAATGGGTAAGCGGT-1","7","Rbfox3",1.38998065455509
"ACAATGGGTTTGACCG-1","1","Rbfox3",2.18988063015576
"ACAATTCAGCAACCGT-1","3","Rbfox3",1.67334027109869
"ACAATTCAGGTTCCTT-1","7","Rbfox3",1.52318273829932
"ACACAAGGTAGGTATG-1","0","Rbfox3",0
"ACACAAGGTAGTGCGG-1","6","Rbfox3",0
"ACACACGCAATCCGCT-1","7","Rbfox3",1.89767426672719
"ACACACGCACTTGGTC-1","1","Rbfox3",2.05276106140862
"ACACACGCATGACGAT-1","4","Rbfox3",0
"ACACAGTCACCAGGGT-1","8","Rbfox3",0
"ACACCAATCAGTTGAT-1","9","Rbfox3",1.99689963943232
"ACACCCAGTTCACTAA-1","5","Rbfox3",1.39368969101364
"ACACCCTCAATCTGCC-1","2","Rbfox3",1.11240001722411
"ACACGAAGTTTCGCTC-1","15","Rbfox3",0.902360628211021
"ACACGATCAAGCCTGA-1","0","Rbfox3",1.42319278284311
"ACACGGGGTCATGTCG-1","3","Rbfox3",1.42062753078112
"ACACGGTTCAGCTCAA-1","6","Rbfox3",0.889156045551194
"ACACGGTTCATGTCGA-1","10","Rbfox3",0
"ACACGTTGTTGACCGC-1","0","Rbfox3",1.46296158995325
"ACACTAGTCAGGAACG-1","4","Rbfox3",0
"ACACTGATCACGCCGA-1","3","Rbfox3",1.57833801178874
"ACAGAACAGGTTCCAA-1","4","Rbfox3",0
"ACAGAACAGTGATCCA-1","6","Rbfox3",1.51648625779849
"ACAGAATGTATTGCAC-1","0","Rbfox3",0.697931276301766
"ACAGAATGTTCGGTTG-1","12","Rbfox3",0
"ACAGACTCATCCGCAT-1","13","Rbfox3",0.896521768670696
"ACAGACTCATCGACTC-1","5","Rbfox3",1.54689370447368
"ACAGATGGTCAACTTA-1","11","Rbfox3",0.838929137527694
"ACAGATGGTGGACTAA-1","0","Rbfox3",0.954921068153061
"ACAGCAAGTTTACTGA-1","9","Rbfox3",1.66016018326775
"ACAGCCACAGTTAGCG-1","1","Rbfox3",2.6114142216782
"ACAGCGAAGGTTAGGG-1","8","Rbfox3",0
"ACAGCTATCAATGTCG-1","6","Rbfox3",0
"ACAGCTCAGTAAGGTA-1","7","Rbfox3",1.29100395438662
"ACAGCTTGTTGGCGTC-1","2","Rbfox3",2.03804222210607
"ACAGGAACATGTCGTC-1","3","Rbfox3",2.79526004731856
"ACAGGATAGATAGACA-1","4","Rbfox3",0
"ACAGGATAGGGCTCAT-1","9","Rbfox3",1.40522645690692
"ACAGGATAGTCAAGCC-1","4","Rbfox3",1.42901930578623
"ACAGGATAGTCTAGCA-1","2","Rbfox3",1.14997631887001
"ACAGGCGGTGCGATCC-1","10","Rbfox3",0
"ACAGGCTTCCTCGTGC-1","7","Rbfox3",1.72311168315317
"ACAGGCTTCGATAGCC-1","3","Rbfox3",2.02919106066528
"ACAGGGATCATGTCCT-1","0","Rbfox3",1.57100052853098
"ACAGGGGCATCACGAG-1","10","Rbfox3",0
"ACAGGTAGTTGTGACT-1","5","Rbfox3",0
"ACAGGTGAGTGGCTTA-1","2","Rbfox3",0
"ACAGGTTCAAATCCTT-1","1","Rbfox3",1.23340326127279
"ACAGGTTCAACATCAA-1","8","Rbfox3",0
"ACAGTTACATCACATT-1","1","Rbfox3",2.48819776293427
"ACAGTTGTCTTGATCC-1","1","Rbfox3",1.34539397600292
"ACAGTTTAGGCTATAT-1","4","Rbfox3",0
"ACATAGAAGCCGCAAT-1","9","Rbfox3",2.03442209719587
"ACATAGAAGCGACTTA-1","6","Rbfox3",1.03305181148226
"ACATAGAAGGTAGATA-1","9","Rbfox3",2.44812473378364
"ACATAGCCACCTCAGT-1","3","Rbfox3",0
"ACATAGCCAGGGATGG-1","4","Rbfox3",0
"ACATATCAGGAATGCG-1","0","Rbfox3",0
"ACATATCAGGCTCCAG-1","0","Rbfox3",0.703918547785037
"ACATATCAGTAAGCAA-1","0","Rbfox3",1.54701010555154
"ACATATCAGTTAGCCA-1","1","Rbfox3",1.69923714555793
"ACATCCCCAACCAGAT-1","0","Rbfox3",0
"ACATCCCCAACGTTAA-1","0","Rbfox3",0.880551593986287
"ACATCCCCAGGCAGTC-1","2","Rbfox3",0
"ACATCCCCAGTTAGGT-1","0","Rbfox3",2.28549783717323
"ACATCCGGTGATGATG-1","4","Rbfox3",0
"ACATCCGGTTGTGCAT-1","2","Rbfox3",1.16945858261516
"ACATCCTTCAAGTCCA-1","9","Rbfox3",2.07409331360788
"ACATGAGGTATGTGAG-1","3","Rbfox3",1.78708729128488
"ACATGAGGTGAGCCGA-1","2","Rbfox3",0.766678684144063
"ACATGCATCGCTCTCA-1","4","Rbfox3",0
"ACATGCATCTTGATCC-1","11","Rbfox3",0.950566786861268
"ACATGCCAGGAATGGT-1","3","Rbfox3",2.2384846721959
"ACATGGCTCATCTGTC-1","3","Rbfox3",1.91827831770649
"ACATGGCTCCATGACA-1","4","Rbfox3",0
"ACATGGCTCCGCATGG-1","13","Rbfox3",1.40969290534688
"ACATGGCTCCTGTACT-1","5","Rbfox3",1.79707681926422
"ACATGGTCAGCTACTC-1","6","Rbfox3",0.822919921872337
"ACATGTTAGGCGTCAT-1","8","Rbfox3",0
"ACATTCAGTTCCTCGT-1","6","Rbfox3",1.39134050249977
"ACATTCCTCCGTATAG-1","10","Rbfox3",0
"ACCAAACCAAGTCGTG-1","16","Rbfox3",0
"ACCAAACCAATTAGTG-1","5","Rbfox3",2.06944363184013
"ACCAAACCACAACGAT-1","1","Rbfox3",1.65721945010794
"ACCAAACCACTTACAT-1","10","Rbfox3",0
"ACCAAAGGTAATTCGC-1","9","Rbfox3",1.72601606268266
"ACCAAATTCAAGTGCC-1","7","Rbfox3",2.12432199634969
"ACCAACATCCGCGTAG-1","4","Rbfox3",0
"ACCAAGCTCTCACCAT-1","11","Rbfox3",0.967486142188998
"ACCAAGTCAAAGGTAG-1","0","Rbfox3",0
"ACCAAGTCAGGCAGTC-1","13","Rbfox3",1.37621711678214
"ACCAATGTCCTGCTGC-1","9","Rbfox3",2.40349847736718
"ACCAATGTCGCTATGA-1","7","Rbfox3",1.4558037736716
"ACCAATGTCGTAATGT-1","14","Rbfox3",0
"ACCAATTAGAAGGAGA-1","6","Rbfox3",1.57392569303943
"ACCACACAGAAGGTTA-1","0","Rbfox3",1.63211129984785
"ACCACACAGCCGATGT-1","10","Rbfox3",0
"ACCACCTCAACTGTGG-1","1","Rbfox3",1.94810765028299
"ACCACCTCAAGCGTGC-1","2","Rbfox3",1.20769563375821
"ACCACGTAGCGGTTAC-1","3","Rbfox3",0
"ACCACTAAGCGAAGTG-1","3","Rbfox3",1.57625495270188
"ACCACTAAGTAGCCAC-1","9","Rbfox3",1.33210511316048
"ACCATAACAACATCGG-1","7","Rbfox3",2.05077459394634
"ACCATAGTCCATCGCC-1","13","Rbfox3",1.65426288033746
"ACCATATAGCATGTGC-1","3","Rbfox3",1.53108459818759
"ACCATCAAGATTACCG-1","1","Rbfox3",2.18103416648712
"ACCATCCCACCACACT-1","3","Rbfox3",1.89047142609489
"ACCATTTCATGGTGTG-1","12","Rbfox3",0
"ACCCAAATCATGGATT-1","10","Rbfox3",0
"ACCCAAATCCTCAGTT-1","7","Rbfox3",0.528124515666374
"ACCCAACAGTGATACT-1","0","Rbfox3",1.7526187020023
"ACCCAATGTAAGGACC-1","2","Rbfox3",2.09058973266341
"ACCCAATGTATGTGAG-1","6","Rbfox3",1.0667262776852
"ACCCAGTAGCTACGCG-1","14","Rbfox3",0
"ACCCATCCACAATCAA-1","6","Rbfox3",0.960113619384958
"ACCCATCCAGCATGAT-1","2","Rbfox3",1.63076650558593
"ACCCATGGTAGCTTAC-1","7","Rbfox3",0
"ACCCATGGTTCGAATC-1","5","Rbfox3",2.29397260813432
"ACCCCAAGTCTGTGGC-1","10","Rbfox3",0
"ACCCCATCATAAGCGT-1","11","Rbfox3",0
"ACCCCGAAGGCGCTCA-1","0","Rbfox3",1.14377046288321
"ACCCCTGCAGCCTAGA-1","1","Rbfox3",1.94728283286729
"ACCCCTGCATCCATCA-1","1","Rbfox3",2.44553445990093
"ACCCCTTGTCTTGGTG-1","0","Rbfox3",0
"ACCCCTTGTTGGCGCT-1","1","Rbfox3",0.98897454621258
"ACCCGAACAAATGCGT-1","5","Rbfox3",1.56823866544173
"ACCCGAACAAGTCGAT-1","4","Rbfox3",0
"ACCCGAACAGGTTGGC-1","8","Rbfox3",0
"ACCCGAACAGTAAGGA-1","14","Rbfox3",0
"ACCCGATAGCGATCCG-1","4","Rbfox3",0
"ACCCGCTTCATCACCT-1","8","Rbfox3",0
"ACCCGCTTCCACCGTC-1","4","Rbfox3",0
"ACCCGTTCACGCCATT-1","4","Rbfox3",0
"ACCCGTTCATTAGCCC-1","2","Rbfox3",1.03246939557533
"ACCCTATTCCTCACCA-1","14","Rbfox3",0
"ACCCTCGCAACCCGAA-1","2","Rbfox3",2.07585261498945
"ACCCTCGCACAGCAAT-1","9","Rbfox3",2.28762533391102
"ACCCTCGCATAGAGAG-1","15","Rbfox3",0
"ACCCTGCTCCCGCTAC-1","13","Rbfox3",1.62957827162262
"ACCCTTTAGCTATGGC-1","14","Rbfox3",0
"ACCCTTTAGGCGAGTA-1","6","Rbfox3",0
"ACCGAAAGTCAAGCAA-1","16","Rbfox3",0
"ACCGAAAGTGAGTAGC-1","9","Rbfox3",1.37389858169033
"ACCGAAAGTGATCCAT-1","6","Rbfox3",0.923979119172879
"ACCGAGGGTGAGTTGA-1","3","Rbfox3",1.8888842447889
"ACCGATGCACCTAACC-1","4","Rbfox3",0
"ACCGATGCACTTACCA-1","4","Rbfox3",0
"ACCGATTGTAACGGGT-1","1","Rbfox3",1.4854722980702
"ACCGGATTCAGGGACA-1","0","Rbfox3",1.06923266812781
"ACCGGCTGTGATGGGT-1","2","Rbfox3",1.93087354777896
"ACCGGCTGTTTGGGTT-1","5","Rbfox3",1.45301875929985
"ACCGGTTAGCAAGCTC-1","3","Rbfox3",2.06542295817857
"ACCGTTGGTGGCGAAT-1","12","Rbfox3",0
"ACCTAACGTCTGGTGC-1","2","Rbfox3",0.822561943002871
"ACCTAACGTTAGACAG-1","3","Rbfox3",1.95896584202066
"ACCTAACGTTTGCGTG-1","5","Rbfox3",2.2375510957492
"ACCTAAGTCACACACA-1","4","Rbfox3",0
"ACCTAAGTCGACTGAC-1","14","Rbfox3",0
"ACCTACCCAAATTCAG-1","8","Rbfox3",0
"ACCTACCCAGTTAGCG-1","0","Rbfox3",1.1516257540559
"ACCTACTTCACTCCAT-1","7","Rbfox3",0.611583533303309
"ACCTATGAGCATGTAT-1","4","Rbfox3",0
"ACCTATGAGGGTTAGG-1","1","Rbfox3",2.37326348560871
"ACCTCCATCTATGAGT-1","9","Rbfox3",1.64918544575512
"ACCTCCGCAACTGGTG-1","3","Rbfox3",2.17057316744477
"ACCTCCGCAGCTAGAT-1","2","Rbfox3",1.37553165874522
"ACCTCTTAGCCGACAT-1","1","Rbfox3",1.40673748343183
"ACCTCTTAGCTATCCT-1","1","Rbfox3",2.00419705415718
"ACCTCTTAGGAACCGA-1","1","Rbfox3",2.33161405612008
"ACCTCTTAGGATTGGG-1","4","Rbfox3",0
"ACCTGATGTGAAGCTA-1","3","Rbfox3",2.23086865204877
"ACCTGCCTCAGCCAAC-1","5","Rbfox3",2.3023279905373
"ACCTGCCTCCACCTTG-1","4","Rbfox3",0
"ACCTGGACATGGAACT-1","5","Rbfox3",1.27908797507178
"ACCTGTCCAAATTCGA-1","3","Rbfox3",2.25714659523795
"ACCTGTCCACATGACG-1","13","Rbfox3",0.655495896441946
"ACCTTAAGTGCAAGTA-1","15","Rbfox3",0
"ACGAACCTCTCATCAC-1","2","Rbfox3",1.91333867783262
"ACGAAGGTCACGCGAT-1","3","Rbfox3",2.04545955906009
"ACGAATCCACCTTAAT-1","14","Rbfox3",0
"ACGAATGGTAACGTCT-1","0","Rbfox3",0
"ACGACGAAGATTAGAG-1","1","Rbfox3",1.69067642303902
"ACGAGCAAGTCAGTTG-1","0","Rbfox3",1.59082098285834
"ACGAGCAAGTTGGTAT-1","12","Rbfox3",0
"ACGAGTAGTAAGTTGG-1","1","Rbfox3",2.05200527328459
"ACGAGTAGTCAGGAGT-1","6","Rbfox3",1.48384427598239
"ACGAGTAGTCCATCGA-1","3","Rbfox3",2.30117202833603
"ACGAGTGAGGAGGCTA-1","8","Rbfox3",0
"ACGATATTCACTGGGT-1","0","Rbfox3",1.33959488167876
"ACGATATTCTGGATAT-1","4","Rbfox3",0
"ACGATGGAGCTAGGGA-1","5","Rbfox3",1.87177044681883
"ACGATGGAGCTGGTTA-1","2","Rbfox3",0.54298483490968
"ACGATTGTCAGGAGCA-1","3","Rbfox3",1.94841719068713
"ACGATTGTCCGGTTGG-1","1","Rbfox3",1.73154239059767
"ACGCAATCAAGTCGTG-1","3","Rbfox3",1.36087431837662
"ACGCAATCAATCAGTA-1","5","Rbfox3",1.3675415044473
"ACGCAGCCACTCGGAA-1","4","Rbfox3",0
"ACGCAGCCATAGAGCT-1","2","Rbfox3",2.52615041536951
"ACGCAGCCATAGATTG-1","10","Rbfox3",0
"ACGCATATCGTGAGTC-1","6","Rbfox3",2.38990343316358
"ACGCCAACAGGAATCT-1","1","Rbfox3",1.81625699441991
"ACGCCAACAGGATGCC-1","5","Rbfox3",1.6694468852869
"ACGCCATAGCTAAGGG-1","3","Rbfox3",1.61697748474391
"ACGCCATAGTCAAGCC-1","13","Rbfox3",1.31707538311303
"ACGCGAAAGCCAGCCA-1","15","Rbfox3",2.04036807337492
"ACGCGATTCACAGCAC-1","9","Rbfox3",2.21447567900599
"ACGCGATTCCGCATGG-1","0","Rbfox3",1.33715662181017
"ACGCGCATCGCTTGAA-1","3","Rbfox3",2.08251008527808
"ACGCGCATCGTGCCCT-1","11","Rbfox3",1.23544735563538
"ACGCTAATCGACATAT-1","4","Rbfox3",0
"ACGCTATGTCAGGGCA-1","0","Rbfox3",0.987333818633988
"ACGGACAAGGGTCAAG-1","9","Rbfox3",1.86202413443731
"ACGGACAAGGTCATAT-1","2","Rbfox3",0.884205506578993
"ACGGACAAGTCAGTAT-1","6","Rbfox3",0
"ACGGACCCAAATGGAG-1","1","Rbfox3",2.82750933579598
"ACGGACCCAACGGTCA-1","2","Rbfox3",1.02645431013525
"ACGGACCCAATCCTGC-1","13","Rbfox3",1.04001812440206
"ACGGATTCAATCGGCA-1","5","Rbfox3",1.83284401133657
"ACGGATTCATTAGTAG-1","4","Rbfox3",0
"ACGGCAAAGGGGATCA-1","1","Rbfox3",1.70064482793929
"ACGGCAAAGGTAGTCC-1","13","Rbfox3",1.54452173742369
"ACGGCCATCTATGCCT-1","6","Rbfox3",0.673776232362732
"ACGGCTTAGGTGAGCA-1","11","Rbfox3",0.709856092689775
"ACGGGCTCAAATCGCG-1","5","Rbfox3",2.0279485364382
"ACGGGCTCAGGACATT-1","5","Rbfox3",1.76227445684048
"ACGGGCTCATAGGCGC-1","4","Rbfox3",0
"ACGGGCTCATGCTCCG-1","6","Rbfox3",0
"ACGGGCTCATGGTACG-1","1","Rbfox3",1.79023332328205
"ACGGGGACACATTCGC-1","4","Rbfox3",0
"ACGGGGACACCTATAT-1","5","Rbfox3",2.00136139940301
"ACGGGGACACTATGGG-1","1","Rbfox3",2.69257966597899
"ACGGGGTAGTCATCTC-1","0","Rbfox3",1.54113217811628
"ACGGGTAAGAAGGGCC-1","5","Rbfox3",0
"ACGGGTAAGTAAGGTA-1","15","Rbfox3",2.13727697979914
"ACGGGTAAGTAGGAGT-1","1","Rbfox3",1.27288339611673
"ACGGTCACACCATACC-1","3","Rbfox3",2.4450333908785
"ACGGTCACATGCGTAG-1","0","Rbfox3",0.637456310682117
"ACGGTGAAGTAGCCAC-1","1","Rbfox3",2.11974222770399
"ACGGTGAAGTGATACT-1","15","Rbfox3",0
"ACGGTTATCGATTGCA-1","3","Rbfox3",1.75213444134458
"ACGGTTGCATAATTCC-1","1","Rbfox3",2.03605421542303
"ACGTAAGGTAGGTCGG-1","0","Rbfox3",1.78059725485862
"ACGTATTAGCTAAGGG-1","8","Rbfox3",0
"ACGTATTAGTAAGTGA-1","11","Rbfox3",1.67810552777897
"ACGTCAATCATGCCGG-1","9","Rbfox3",2.02167119906472
"ACGTCAATCCGTAGCG-1","5","Rbfox3",2.25939037406243
"ACGTCACAGCTATGCA-1","10","Rbfox3",0
"ACGTCCTCAAACTGAC-1","1","Rbfox3",1.95107071096675
"ACGTCCTCAGCCAGGT-1","3","Rbfox3",1.92519934961275
"ACGTCTAAGATAGTGA-1","15","Rbfox3",0
"ACGTCTAAGGGCTATC-1","3","Rbfox3",2.08077267999949
"ACGTCTAAGTCAGTTG-1","0","Rbfox3",0
"ACGTGAGAGCTAGGCT-1","3","Rbfox3",2.20114527739089
"ACGTGAGAGTCGACAC-1","6","Rbfox3",0.930906012852557
"ACGTGGTTCCTTAGTC-1","10","Rbfox3",0
"ACGTGTTGTAATGGCA-1","11","Rbfox3",0
"ACGTGTTGTCTGGCAC-1","0","Rbfox3",2.70029138128375
"ACGTTAACAATCTCAT-1","6","Rbfox3",1.4456585026411
"ACGTTAGTCGTAACCA-1","1","Rbfox3",2.49739157537518
"ACGTTCAAGCAACTGC-1","11","Rbfox3",1.31189763355217
"ACGTTTGAGCATGAGG-1","14","Rbfox3",0
"ACGTTTGAGGTTCCAA-1","8","Rbfox3",0
"ACTAACTAGTATGACT-1","7","Rbfox3",1.60529084532146
"ACTAAGCCACCAACTC-1","1","Rbfox3",2.26712248050386
"ACTAAGCCAGGTTCGA-1","7","Rbfox3",0.778341045075778
"ACTAAGGGTTGTCTGG-1","3","Rbfox3",1.69723113359429
"ACTAAGGGTTGTGGAA-1","13","Rbfox3",2.18284800836896
"ACTACAACAACTATCT-1","10","Rbfox3",0
"ACTACCCCAACCCGAA-1","1","Rbfox3",1.40642722211982
"ACTACCCCAGTAATTG-1","2","Rbfox3",2.31664611556743
"ACTACCTTCACAGGAG-1","4","Rbfox3",0
"ACTACTTCATAAGCAC-1","6","Rbfox3",0.5241869001854
"ACTATCAGTAATCGGA-1","2","Rbfox3",1.57319822782365
"ACTATCAGTTCACGCA-1","1","Rbfox3",1.16823537917702
"ACTATCAGTTCGCATG-1","11","Rbfox3",2.24843712226738
"ACTATGGTCCGGACAT-1","4","Rbfox3",0
"ACTATGGTCCGTTACT-1","0","Rbfox3",1.03212028863272
"ACTATTGGTAGCGGAT-1","7","Rbfox3",2.39336217346739
"ACTCACAAGTGTCATG-1","6","Rbfox3",1.58257522745977
"ACTCACCCATAGAGCT-1","5","Rbfox3",1.38240699016421
"ACTCAGGCAATTAGGC-1","3","Rbfox3",1.92663891764303
"ACTCATTCAAGTTAGC-1","9","Rbfox3",0
"ACTCATTCAGCCATAG-1","1","Rbfox3",2.04045126960231
"ACTCCAAAGCAGGCTT-1","11","Rbfox3",1.17530791500912
"ACTCCACCAGGCAGCT-1","1","Rbfox3",1.64295617433408
"ACTCCCATCACTCGTT-1","3","Rbfox3",1.8036070530456
"ACTCCCATCAGGTCCG-1","7","Rbfox3",1.56049258813205
"ACTCCCGCAGGCTATG-1","7","Rbfox3",2.04650706172559
"ACTCCCTGTTGCACGC-1","4","Rbfox3",0
"ACTCCCTGTTTGCCAG-1","3","Rbfox3",0
"ACTCCTTAGCCTAAGC-1","0","Rbfox3",1.26421929412496
"ACTCCTTAGTACGCTA-1","7","Rbfox3",1.70073023424299
"ACTCGAATCCAGCGAT-1","4","Rbfox3",0
"ACTCGATGTGAGGATC-1","4","Rbfox3",0
"ACTCGCCTCCTGCGAG-1","7","Rbfox3",1.6293584585701
"ACTCTCACAAGGGTAA-1","15","Rbfox3",0
"ACTCTCACAGTTAGCG-1","3","Rbfox3",2.34005821516041
"ACTCTGTTCAGCACGT-1","2","Rbfox3",0.816631904736509
"ACTCTGTTCGCTCGCT-1","12","Rbfox3",0
"ACTCTTGCAACATTAG-1","1","Rbfox3",2.21676247389256
"ACTGAGGAGAAGCGCA-1","7","Rbfox3",2.39385549616975
"ACTGATTAGTTAGCTG-1","1","Rbfox3",1.96426979573324
"ACTGCATGTAACCCAT-1","11","Rbfox3",1.74617051740075
"ACTGCATGTTTCGGCA-1","4","Rbfox3",0
"ACTGCCTCAAGCTGAT-1","1","Rbfox3",1.77575978712411
"ACTGCTAAGCAAGGCA-1","7","Rbfox3",1.72318729610658
"ACTGCTAAGCTTCCTG-1","3","Rbfox3",2.05729484519271
"ACTGCTGGTCTAGTGT-1","4","Rbfox3",0
"ACTGGTTGTCAAGGCG-1","3","Rbfox3",1.82353684082706
"ACTGGTTGTGCATCCA-1","5","Rbfox3",1.63348089944137
"ACTGGTTGTTTCCATT-1","5","Rbfox3",0
"ACTGGTTGTTTCCTGC-1","5","Rbfox3",0.856468524793428
"ACTGTCAAGCTTACGA-1","7","Rbfox3",1.56571298628611
"ACTGTGATCCACCGGA-1","4","Rbfox3",0
"ACTGTGATCTGTCTAC-1","3","Rbfox3",1.65306677482331
"ACTGTTAGTTACACTA-1","10","Rbfox3",0
"ACTTAACAGATAGCCC-1","1","Rbfox3",0
"ACTTAACAGGCGTCAT-1","5","Rbfox3",2.57752104370615
"ACTTACTCAACCGTGA-1","4","Rbfox3",0
"ACTTAGGTCCTGTCTG-1","12","Rbfox3",0
"ACTTCTATCCGTAGAC-1","13","Rbfox3",1.98455040621407
"ACTTCTATCGATTGGC-1","3","Rbfox3",2.04410410968939
"ACTTGAGTCGCTATCT-1","7","Rbfox3",1.72791675766554
"ACTTGGATCATCAAGT-1","8","Rbfox3",0
"ACTTGGATCATGCGAC-1","2","Rbfox3",2.14293903016024
"ACTTTAGGTTAGCATC-1","11","Rbfox3",2.03128362944661
"ACTTTAGGTTTCAGCG-1","8","Rbfox3",0
"ACTTTCGCACCTCAGT-1","12","Rbfox3",0
"ACTTTGCTCACGCCAG-1","10","Rbfox3",0
"ACTTTGCTCATGAGTT-1","10","Rbfox3",0
"ACTTTGCTCTATGAAC-1","2","Rbfox3",1.48622171951998
"ACTTTGGAGCGATGTC-1","1","Rbfox3",1.99322224393954
"AGAAGGGGTGCATTAC-1","13","Rbfox3",1.37118669288293
"AGAAGGTTCAATTGCG-1","6","Rbfox3",0
"AGAAGTCAGCCAATCA-1","11","Rbfox3",1.70648891496058
"AGAAGTCAGCCTGGAT-1","11","Rbfox3",1.70482991525529
"AGAAGTTGTGAGACGT-1","0","Rbfox3",1.34844709842059
"AGAATTGAGATAGCTT-1","0","Rbfox3",0
"AGAATTGAGCAAGCGA-1","6","Rbfox3",0
"AGAATTGAGGATTGGG-1","2","Rbfox3",1.50411628685348
"AGAATTGAGGTTAGCC-1","2","Rbfox3",1.04760794078039
"AGACAACAGCCTGTAA-1","5","Rbfox3",2.24098377832881
"AGACAGACATGCTCTA-1","1","Rbfox3",1.69945024652515
"AGACATAAGGTCACAC-1","7","Rbfox3",1.92910425177072
"AGACATGGTAATCACC-1","11","Rbfox3",2.0545219559437
"AGACGAACACTTCGAC-1","9","Rbfox3",2.23255122705528
"AGACGATAGTAGCCCG-1","15","Rbfox3",0
"AGACGCAAGCCATGAC-1","8","Rbfox3",0
"AGACGCGGTTGGGCAG-1","2","Rbfox3",1.91837744600365
"AGACGGATCAAGTCGC-1","7","Rbfox3",2.07803188255107
"AGACTCGCAAAGGGTA-1","1","Rbfox3",2.59271675960602
"AGACTGCTCACCTGGG-1","12","Rbfox3",0
"AGACTGCTCATCAAGT-1","6","Rbfox3",0.61280142229226
"AGACTGCTCCCTCAGC-1","8","Rbfox3",0
"AGACTTACAACGGTGC-1","13","Rbfox3",1.08260564935874
"AGACTTACACCTGCTG-1","0","Rbfox3",1.93236199312976
"AGAGAATCAGGATGAA-1","0","Rbfox3",0.895877975016715
"AGAGAATCATCACTAT-1","3","Rbfox3",1.56389354522129
"AGAGACCGTTACACAC-1","9","Rbfox3",2.05482846519411
"AGAGACCGTTTACACA-1","6","Rbfox3",1.11062160855166
"AGAGAGAAGGTACTAT-1","4","Rbfox3",0
"AGAGAGAAGTCAGTTG-1","6","Rbfox3",2.21374942574787
"AGAGAGGGTCAATGCT-1","8","Rbfox3",0
"AGAGATGCAAACCAGT-1","2","Rbfox3",0.648233012289342
"AGAGATGCAATACTGA-1","6","Rbfox3",1.59856716207076
"AGAGATTGTGGCGACA-1","4","Rbfox3",0
"AGAGGAGGTGAACGCG-1","11","Rbfox3",1.19880603424718
"AGAGGAGGTTCCGGTA-1","15","Rbfox3",1.12488637803829
"AGAGGCGCAGGAGCAG-1","14","Rbfox3",0
"AGAGGCTGTGGCGTGA-1","5","Rbfox3",0
"AGAGGCTGTTATCATG-1","8","Rbfox3",0
"AGAGGGTCATCAAGCG-1","5","Rbfox3",2.03331533184056
"AGAGTAATCACGGATC-1","7","Rbfox3",1.68290415157368
"AGAGTAATCGACTATG-1","5","Rbfox3",0.828329369766549
"AGAGTATGTAACGAAT-1","5","Rbfox3",1.82822659114087
"AGAGTATGTTAAGCAG-1","6","Rbfox3",1.52164193952807
"AGAGTCCTCAGCGAGA-1","7","Rbfox3",1.74412230468063
"AGAGTCCTCCTGCTAT-1","2","Rbfox3",1.73749854503674
"AGAGTTGGTGGCCAAG-1","0","Rbfox3",1.22202764762046
"AGAGTTGGTTTGAGAG-1","0","Rbfox3",1.29291860306141
"AGCAAATGTCTTGATA-1","0","Rbfox3",0
"AGCAAATGTTTCGGGC-1","3","Rbfox3",1.61683879892166
"AGCAAGGTCTGGCACG-1","1","Rbfox3",0
"AGCAATCCAAGTTCGG-1","4","Rbfox3",0
"AGCAATCCAGGGCTAC-1","2","Rbfox3",1.90826051139544
"AGCAATTTCGATCGGT-1","10","Rbfox3",0
"AGCACCACATGGTGCA-1","1","Rbfox3",2.02271385890001
"AGCACGTTCGATCCAA-1","1","Rbfox3",2.10834251820917
"AGCACTATCAATCCAG-1","1","Rbfox3",1.67620427435314
"AGCACTATCTGGCTAA-1","1","Rbfox3",2.58617189053416
"AGCATCATCTCATCAC-1","5","Rbfox3",2.65088404219877
"AGCATCGCAACTAAGC-1","1","Rbfox3",1.81980107206879
"AGCATCTGTTAGTCGT-1","0","Rbfox3",0
"AGCATCTGTTGTAACC-1","14","Rbfox3",1.41533237627487
"AGCATGAGTTTCCAGG-1","12","Rbfox3",0
"AGCATGGAGGTACTTG-1","11","Rbfox3",0.570143810389942
"AGCATTGTCACTCATC-1","11","Rbfox3",1.4162616264309
"AGCATTGTCCGTTAAG-1","15","Rbfox3",0
"AGCATTTAGCTAGTTG-1","0","Rbfox3",1.79510060163789
"AGCCAAAGTCAAGCAA-1","8","Rbfox3",0
"AGCCAAAGTGCGGTAG-1","4","Rbfox3",0
"AGCCAATCAATTCATC-1","2","Rbfox3",0.865294256100035
"AGCCAATCACCTTAGC-1","6","Rbfox3",2.16349808966261
"AGCCAATCAGCCTAGA-1","12","Rbfox3",0
"AGCCAATCATTAATCC-1","6","Rbfox3",0
"AGCCACTAGATAGCGG-1","7","Rbfox3",1.72477706535006
"AGCCAGCCACATGATA-1","0","Rbfox3",0.906034839744431
"AGCCAGCCAGCCTATC-1","1","Rbfox3",1.74198294472161
"AGCCAGCCAGGTAGGG-1","7","Rbfox3",1.83093483764799
"AGCCAGCCAGTTGGTG-1","4","Rbfox3",0
"AGCCAGCCATAACGCG-1","14","Rbfox3",0
"AGCCAGCCATGAAGTC-1","4","Rbfox3",0
"AGCCATCAGATAGTCT-1","11","Rbfox3",0
"AGCCATCAGGTCAACC-1","10","Rbfox3",1.70889228297558
"AGCCATTGTAGCGACG-1","9","Rbfox3",1.14028498506868
"AGCCATTGTAGTTGAG-1","16","Rbfox3",0
"AGCCATTGTGGCCATC-1","9","Rbfox3",1.48657469666537
"AGCCCATAGCCGAGTT-1","1","Rbfox3",2.67463092578022
"AGCCCCAAGAAGCTCC-1","12","Rbfox3",0
"AGCCCCTTCACCCTGC-1","7","Rbfox3",0.812182250936039
"AGCCCGATCCAATGAT-1","2","Rbfox3",2.11745257159444
"AGCCCGATCCGGTACG-1","0","Rbfox3",2.59539043904661
"AGCCCTAGTTCACGCA-1","6","Rbfox3",0
"AGCCCTAGTTGCCTCT-1","2","Rbfox3",1.32750425289318
"AGCCGAAAGATTAACC-1","10","Rbfox3",0
"AGCCGAAAGCCGACTG-1","8","Rbfox3",0
"AGCCGATTCAGTGCCG-1","5","Rbfox3",1.74002434910389
"AGCCGATTCGCTCAGG-1","4","Rbfox3",0
"AGCCGTTAGATTAGCT-1","11","Rbfox3",0.933848604260201
"AGCCGTTAGCGCAATC-1","2","Rbfox3",1.5665371369271
"AGCCTCAGTAAGTCAG-1","0","Rbfox3",1.80862327528006
"AGCCTCAGTCTTGAAC-1","0","Rbfox3",1.58454997205472
"AGCCTCAGTTTGAGCT-1","11","Rbfox3",1.12904673214768
"AGCCTCAGTTTGGCGC-1","0","Rbfox3",0.924529208323194
"AGCCTCCTCGACCGTG-1","14","Rbfox3",0
"AGCCTCCTCTAACCAG-1","2","Rbfox3",1.56369446183241
"AGCCTCTCATAAGGAG-1","5","Rbfox3",1.72056454529375
"AGCCTGACAAGCGGTC-1","5","Rbfox3",1.75159613913108
"AGCCTGACACATTCCA-1","10","Rbfox3",0
"AGCCTGACACTCATAT-1","6","Rbfox3",0
"AGCCTGACATGGTCAG-1","5","Rbfox3",2.27964522039818
"AGCCTTGGTATAGACG-1","7","Rbfox3",2.10028024742432
"AGCGACAAGTGACGAG-1","3","Rbfox3",2.38492857854978
"AGCGACCCACTCAACC-1","9","Rbfox3",2.31018021881745
"AGCGACCCAGGATCAT-1","12","Rbfox3",2.09152228469769
"AGCGAGGCATTCCTCT-1","1","Rbfox3",2.29232544775161
"AGCGATAGTAGTAACG-1","16","Rbfox3",0
"AGCGATAGTGCGGACA-1","3","Rbfox3",1.63971226378932
"AGCGATAGTGGGTTAA-1","6","Rbfox3",2.08298459697096
"AGCGATGAGTGCTTAG-1","2","Rbfox3",2.50476575445296
"AGCGATTCAGGTAGCC-1","5","Rbfox3",1.9284579948231
"AGCGCAGGTAAGTCTC-1","6","Rbfox3",0
"AGCGCAGGTTTGGGCC-1","3","Rbfox3",2.08286154764409
"AGCGCCATCACCTGCC-1","1","Rbfox3",2.46113581658714
"AGCGCCTGTAATGCAG-1","0","Rbfox3",1.35545523471955
"AGCGCCTGTGGCCATC-1","1","Rbfox3",1.82698565383757
"AGCGGATGTTAGAGTG-1","2","Rbfox3",0.986911358965316
"AGCGGGACAAACCATA-1","2","Rbfox3",1.6244627544533
"AGCGGGACAAGTCCTC-1","11","Rbfox3",1.12425471928145
"AGCGTCCGTAACCACT-1","14","Rbfox3",0
"AGCGTTGCACTAGGAT-1","9","Rbfox3",1.99550709019469
"AGCGTTGCACTTAACT-1","2","Rbfox3",1.85279640808465
"AGCTAACCAAATGCAC-1","3","Rbfox3",2.39381437477974
"AGCTAAGGTGCAGGCA-1","1","Rbfox3",1.75858656933048
"AGCTAAGGTTCACTAA-1","7","Rbfox3",2.79836751322427
"AGCTACGCAAGCTAAC-1","5","Rbfox3",1.24537195184898
"AGCTACGCATCCCAAC-1","0","Rbfox3",0
"AGCTGAGAGTTAATGC-1","2","Rbfox3",1.8483574030843
"AGCTGGTTCTCACCTG-1","2","Rbfox3",1.82032118224401
"AGCTGTTGTTGAAGGC-1","15","Rbfox3",2.14006616349627
"AGCTTAGTCCTGCTAT-1","2","Rbfox3",1.50965312026898
"AGCTTTAGTTAAGTGG-1","14","Rbfox3",0
"AGCTTTAGTTTACTCT-1","10","Rbfox3",0
"AGCTTTAGTTTGGGTT-1","2","Rbfox3",1.69368928730121
"AGGAACTAGGCGATGA-1","6","Rbfox3",1.53783997659083
"AGGAATGCATCCTGCG-1","6","Rbfox3",0.79903361613107
"AGGAATGCATGCTGCT-1","3","Rbfox3",2.10174949909034
"AGGACAACAAAGGGAC-1","6","Rbfox3",0.817372635070349
"AGGACAACATTCGGAG-1","4","Rbfox3",0
"AGGACATAGCTATACG-1","13","Rbfox3",1.03157774326696
"AGGACCCCAATATGGC-1","0","Rbfox3",1.5661873705028
"AGGACCCCAGCACTAG-1","5","Rbfox3",1.78271975048762
"AGGACCCCATAGGCCA-1","2","Rbfox3",1.38488601569271
"AGGACTAGTTGACTAC-1","5","Rbfox3",1.32699528677234
"AGGCACGGTGCGTACC-1","0","Rbfox3",1.11404720110217
"AGGCACGGTTGTCCGA-1","0","Rbfox3",1.26824385451944
"AGGCAGGCACAGGATT-1","5","Rbfox3",0.826084381789184
"AGGCATAGTGCGTACC-1","10","Rbfox3",0
"AGGCATAGTTCCTTGC-1","3","Rbfox3",0
"AGGCATTCATTGGCGA-1","0","Rbfox3",0
"AGGCCAAAGAACCTGC-1","13","Rbfox3",1.4943905024347
"AGGCCAAAGATACTAC-1","0","Rbfox3",0.95482274823586
"AGGCCAAAGGCGAGGT-1","8","Rbfox3",0
"AGGCCAAAGTGACCCG-1","0","Rbfox3",0
"AGGCCAGGTAGCGATA-1","7","Rbfox3",1.6539551089885
"AGGCCAGGTAGTGATG-1","6","Rbfox3",0.665767914183811
"AGGCCAGGTCTGGTGC-1","13","Rbfox3",0
"AGGCCATTCAGCTGGT-1","5","Rbfox3",1.37684430009461
"AGGCCATTCAGGTCCG-1","6","Rbfox3",0.900275316552179
"AGGCCCATCCCCAATT-1","5","Rbfox3",0.671193782093091
"AGGCGAATCACGCAAC-1","3","Rbfox3",1.52580591748197
"AGGCGTTTCCAGATGC-1","7","Rbfox3",1.95323145652105
"AGGCGTTTCTTGAGGC-1","3","Rbfox3",0.979269433634479
"AGGCTCACAACTACCC-1","8","Rbfox3",0
"AGGCTCACATCACGGA-1","10","Rbfox3",0
"AGGCTCCGTTGACTGT-1","4","Rbfox3",0
"AGGCTTGCAGGCAGGA-1","8","Rbfox3",0
"AGGGAACCAAGTGTGT-1","4","Rbfox3",0
"AGGGAACCAATGCCCT-1","14","Rbfox3",0
"AGGGAACCAGCACGTA-1","3","Rbfox3",1.54163593189669
"AGGGAACCAGCACTGA-1","6","Rbfox3",1.91512413566909
"AGGGAACCATCGCTCG-1","2","Rbfox3",1.60513185737733
"AGGGAAGGTTAACGCT-1","0","Rbfox3",0
"AGGGATTAGGCACATC-1","1","Rbfox3",1.94399260292604
"AGGGCAATCACTCCAT-1","5","Rbfox3",1.06045440519424
"AGGGCAATCATGCACA-1","7","Rbfox3",1.89545491765088
"AGGGCATGTATGGCTT-1","0","Rbfox3",2.12067431022148
"AGGGCATGTCTCAGGC-1","3","Rbfox3",1.78967916891468
"AGGGCATGTCTCCACT-1","8","Rbfox3",1.58740712369503
"AGGGCATGTGGACCTC-1","8","Rbfox3",0
"AGGGCATGTTAGTGTC-1","0","Rbfox3",0
"AGGGCTAAGTCGAGTC-1","0","Rbfox3",0.938418456169914
"AGGGCTAAGTGATAGA-1","8","Rbfox3",0
"AGGGGTTGTCATTACA-1","8","Rbfox3",0
"AGGGGTTGTGACTCGC-1","6","Rbfox3",1.00488815201942
"AGGGGTTGTTCGTCCT-1","5","Rbfox3",2.12607339787494
"AGGGGTTGTTTGCAGT-1","0","Rbfox3",0
"AGGGTCAAGAACCATT-1","4","Rbfox3",0
"AGGGTCAAGAAGCGAT-1","1","Rbfox3",2.38397193550548
"AGGGTCAAGCCAGAGA-1","5","Rbfox3",0.938797493079768
"AGGGTTGAGGCTAGAG-1","2","Rbfox3",1.65765760169806
"AGGTAAATCACCTGAA-1","7","Rbfox3",1.45163986525757
"AGGTATGGTCTAATTG-1","8","Rbfox3",0
"AGGTATGGTCTAGCCA-1","0","Rbfox3",0.96115942813541
"AGGTATGGTTGCTAAC-1","11","Rbfox3",1.64424687740413
"AGGTGATAGGTAGCGA-1","11","Rbfox3",2.19375556823995
"AGGTGATAGTGAGTGG-1","16","Rbfox3",0
"AGGTGCAAGAAGCCAG-1","5","Rbfox3",2.45588287157287
"AGGTGCAAGCCGATAC-1","4","Rbfox3",0
"AGGTGCAAGTCATGGC-1","15","Rbfox3",0
"AGGTGCTTCCAGGTTA-1","1","Rbfox3",1.72137484561593
"AGGTGTGAGGTCGAAG-1","2","Rbfox3",2.04433821457293
"AGGTTAAAGTTGCGGT-1","4","Rbfox3",0
"AGGTTAGGTAGTCCTG-1","1","Rbfox3",2.11053841932291
"AGGTTAGGTTAACTGC-1","7","Rbfox3",1.27600816990903
"AGGTTAGGTTTGAGGA-1","4","Rbfox3",0
"AGGTTCATCACTGTCT-1","10","Rbfox3",1.74072183545655
"AGGTTCGCACTAACCC-1","0","Rbfox3",0
"AGTAACCCAAGCTCTC-1","5","Rbfox3",2.3006523778274
"AGTAACCCAAGTGATC-1","0","Rbfox3",1.07352323059945
"AGTAATGAGTAGTCCA-1","12","Rbfox3",0
"AGTACAGGTGGGTACG-1","7","Rbfox3",1.73762719249798
"AGTACAGGTTTACGCG-1","5","Rbfox3",1.94779823749812
"AGTACCATCCTGAATG-1","4","Rbfox3",0
"AGTACCATCTAGTAAC-1","5","Rbfox3",1.95948932328818
"AGTACCTGTTAAGCGA-1","3","Rbfox3",2.05863533509489
"AGTACGGAGAATCGGG-1","7","Rbfox3",1.76197472089661
"AGTACGGAGGATCCGT-1","7","Rbfox3",1.34707649412735
"AGTATAGAGTAGCCGT-1","3","Rbfox3",0.758682281136619
"AGTATCACACAACCCT-1","1","Rbfox3",2.40672979074678
"AGTATCACATAGAGTC-1","5","Rbfox3",2.28451633362916
"AGTATCACATCATATC-1","2","Rbfox3",1.20616280524019
"AGTATCCGTGATTGAG-1","5","Rbfox3",1.44980609387264
"AGTATCCGTTTGGTGT-1","6","Rbfox3",1.44367748901215
"AGTATGAAGGAATTGA-1","2","Rbfox3",1.97831228314442
"AGTATGGGTGAAGTAT-1","0","Rbfox3",2.18536631238802
"AGTATGGGTTCGCTGA-1","5","Rbfox3",1.39088687813202
"AGTATGGGTTTCGGCA-1","13","Rbfox3",0
"AGTATTCAGCCATGAC-1","1","Rbfox3",0
"AGTATTGCATAGGGCC-1","7","Rbfox3",1.26613650066609
"AGTCAAGGTATAGCAG-1","12","Rbfox3",0
"AGTCAAGGTGAGGCCA-1","5","Rbfox3",1.69578884798528
"AGTCAAGGTGGACCCT-1","3","Rbfox3",2.84545179157124
"AGTCAAGGTTAGGGTA-1","6","Rbfox3",2.46391804804534
"AGTCAGCTCGCTCTCA-1","9","Rbfox3",2.08393888924808
"AGTCAGTCAAGTAGTC-1","0","Rbfox3",1.12467573812694
"AGTCAGTCAGGCAGAG-1","8","Rbfox3",0
"AGTCCAGCATGAAGTC-1","4","Rbfox3",0
"AGTCCCAGTTAGACGA-1","11","Rbfox3",1.1325991539561
"AGTCCCTCATCGAAGT-1","1","Rbfox3",1.62900141560664
"AGTCCTGGTAACCGAA-1","3","Rbfox3",2.28941672951318
"AGTCCTGGTAGGTCGG-1","8","Rbfox3",0
"AGTCGAAGTTGTGAGA-1","3","Rbfox3",1.87805644609862
"AGTCGGGGTCAACCGC-1","14","Rbfox3",0
"AGTCGGTTCCTTCGGC-1","7","Rbfox3",1.72197847212563
"AGTCGTTGTCAGTAGA-1","4","Rbfox3",0
"AGTCTCAAGATTCAGT-1","5","Rbfox3",1.85516824044851
"AGTCTCAAGTAATGTC-1","0","Rbfox3",1.79817708103064
"AGTCTTGAGGCGAAGC-1","12","Rbfox3",0
"AGTGAACAGGCAACTC-1","4","Rbfox3",0
"AGTGAATGTTCGTCAG-1","3","Rbfox3",1.99335914126255
"AGTGACAGTGAGCGAT-1","10","Rbfox3",0
"AGTGAGGTCATGCTTC-1","5","Rbfox3",2.00120329370749
"AGTGAGTAGCGAACTC-1","10","Rbfox3",0
"AGTGATGGTAGTCAAG-1","3","Rbfox3",1.85191524678965
"AGTGATGGTTTGCATA-1","1","Rbfox3",2.05496692858166
"AGTGATTTCCGTGTAA-1","0","Rbfox3",0.689022848643463
"AGTGATTTCCTGGTAA-1","2","Rbfox3",1.01571556843746
"AGTGCATCAGTAAGTC-1","5","Rbfox3",2.01832533142113
"AGTGCGCCAACTAAGC-1","8","Rbfox3",0
"AGTGCGCCATGGCAAT-1","11","Rbfox3",1.10235961639372
"AGTGCGGGTGATTCCG-1","1","Rbfox3",1.92883491002318
"AGTGCGGGTTGCGGCT-1","6","Rbfox3",0
"AGTGCTTGTAATCACC-1","14","Rbfox3",0
"AGTGCTTGTGAGTCCC-1","13","Rbfox3",1.52360359882388
"AGTGGAACACAATGAC-1","14","Rbfox3",0
"AGTGGCTTCACCTGGG-1","1","Rbfox3",1.79125964415642
"AGTGGCTTCAGGCAGA-1","3","Rbfox3",0.922881039592554
"AGTGGCTTCTGGCCTC-1","3","Rbfox3",1.60752067267123
"AGTGGTTCAACCCGAA-1","5","Rbfox3",2.28120306467484
"AGTGGTTCAATCCCGT-1","4","Rbfox3",0
"AGTGGTTCATGAGTGT-1","9","Rbfox3",1.05793131466657
"AGTGGTTCATTGCCCG-1","8","Rbfox3",0
"AGTGTAAAGCCAATGC-1","6","Rbfox3",1.60507886983559
"AGTGTCATCACGTGCG-1","3","Rbfox3",2.32004996123154
"AGTGTCATCACTTGAG-1","8","Rbfox3",0
"AGTGTCATCAGCACCG-1","2","Rbfox3",1.85896912177411
"AGTGTCATCGCGTGAT-1","1","Rbfox3",1.82775186356788
"AGTGTCGCATGGATCG-1","11","Rbfox3",0.749796805368833
"AGTGTGAGTTTAGCGT-1","5","Rbfox3",2.22530167493308
"AGTGTGGAGATAGGCG-1","5","Rbfox3",2.13172802768184
"AGTTAGAAGCGGTCTG-1","1","Rbfox3",1.63180793523553
"AGTTAGAAGTGCGCCA-1","0","Rbfox3",1.83756506403871
"AGTTAGCCAACCCTTA-1","4","Rbfox3",0
"AGTTAGCCAAGGGTCC-1","8","Rbfox3",0
"AGTTAGCCAATGTCGG-1","15","Rbfox3",0
"AGTTGAAAGCATCTCT-1","5","Rbfox3",2.17813594972511
"AGTTGAGGTATTGCCG-1","2","Rbfox3",1.81386811590211
"AGTTGCATCCTGTACT-1","4","Rbfox3",0
"AGTTGGGAGTAGTCTG-1","8","Rbfox3",0
"AGTTGGTCAAGTTCGG-1","4","Rbfox3",0
"AGTTGGTCATCGCTAC-1","8","Rbfox3",0
"AGTTTGGTCACAGGAG-1","15","Rbfox3",0
"AGTTTGGTCAGCCAAC-1","1","Rbfox3",0.772840054400983
"ATAACCACACAACCGA-1","0","Rbfox3",1.57402679364701
"ATAACGAAGTCATGGC-1","8","Rbfox3",0
"ATAACGGGTCCCGATA-1","3","Rbfox3",0
"ATAACGGGTTCCCGAA-1","1","Rbfox3",2.56664950386186
"ATAACGGGTTTACTGA-1","1","Rbfox3",2.65493172003202
"ATAACGTTCAGCAGTC-1","9","Rbfox3",2.77337031829864
"ATAACGTTCCCATTAC-1","8","Rbfox3",0
"ATAACGTTCGCGCATG-1","4","Rbfox3",0
"ATAACGTTCGTTAAGT-1","8","Rbfox3",0
"ATAAGCAAGCAGTTCA-1","0","Rbfox3",0
"ATAAGCAAGCGGCATT-1","10","Rbfox3",0
"ATAAGCTTCAGGGAAT-1","6","Rbfox3",0
"ATAAGGATCACAGCGT-1","6","Rbfox3",0.63109208501286
"ATAAGGATCCGGACAT-1","8","Rbfox3",0
"ATAAGGATCCTCGACC-1","1","Rbfox3",2.69086029746879
"ATAATCGCAAGCCTGA-1","6","Rbfox3",0.755616221542479
"ATAATGCTCAGCGGAA-1","7","Rbfox3",2.08795354169399
"ATAATGCTCCGGTTGG-1","3","Rbfox3",0
"ATAATGCTCCTTAGAG-1","7","Rbfox3",0
"ATACCAACACATACCC-1","3","Rbfox3",2.36080130982804
"ATACCATAGGTGATGG-1","10","Rbfox3",0
"ATACCCTTCTATGGGC-1","4","Rbfox3",1.57605208029777
"ATACGAAAGTTACGCA-1","14","Rbfox3",0
"ATACGGTCAAGCGTAT-1","12","Rbfox3",0
"ATACGGTCAAGCTGAT-1","13","Rbfox3",2.00612982977365
"ATACGGTCAAGCTTCC-1","4","Rbfox3",0
"ATACGTTAGTAGCGTC-1","8","Rbfox3",0
"ATACTGGTCTAACTCC-1","4","Rbfox3",0
"ATACTTGGTTCCTTGC-1","2","Rbfox3",2.26537636193013
"ATACTTGGTTGCCTAG-1","16","Rbfox3",0
"ATACTTGGTTGGGCAG-1","3","Rbfox3",1.88940838609317
"ATACTTGGTTTACGAC-1","6","Rbfox3",0
"ATAGCAAAGGTAGCGA-1","5","Rbfox3",0.969919979060667
"ATAGCACCAAGTGTAC-1","1","Rbfox3",1.34450209646994
"ATAGCACCAATGGGCC-1","8","Rbfox3",0
"ATAGCAGGTCTAAGTC-1","1","Rbfox3",1.70231827164591
"ATAGCCATCAAGTAAG-1","10","Rbfox3",2.26160186449607
"ATAGCCATCCCGCAGA-1","9","Rbfox3",2.69759735976322
"ATAGCCTGTTGCTCGA-1","5","Rbfox3",1.48154581639017
"ATAGCGAGTGACCGAG-1","8","Rbfox3",0
"ATAGCGAGTTAGTTGC-1","4","Rbfox3",0
"ATAGCGCTCATGTGCA-1","6","Rbfox3",0.98228992977332
"ATAGCGCTCCGTAGTA-1","1","Rbfox3",1.06014600784031
"ATAGCGCTCGCATGAC-1","0","Rbfox3",1.80628084315738
"ATAGGATGTGCGAGTG-1","8","Rbfox3",0
"ATAGGATGTTGGCGAG-1","0","Rbfox3",1.13898398007579
"ATAGGCCTCGACTTAG-1","8","Rbfox3",1.81677455236437
"ATAGGCGAGAATCCGC-1","15","Rbfox3",0
"ATAGGCTCAGCACCTT-1","4","Rbfox3",0
"ATAGGCTCAGGATGGG-1","6","Rbfox3",1.36471370405063
"ATAGGCTCAGTAAGTC-1","9","Rbfox3",1.08312234913239
"ATAGGCTCATCCTTGA-1","5","Rbfox3",1.67501315599573
"ATAGGGCGTAAGTCCT-1","6","Rbfox3",0
"ATAGGGCGTCTGGTGC-1","5","Rbfox3",1.9453960395958
"ATAGGGCGTTGCGGTC-1","3","Rbfox3",2.44019842729035
"ATAGGGGTCCGGGTAT-1","1","Rbfox3",2.07223009758277
"ATAGGGTAGCATGGTC-1","4","Rbfox3",0
"ATAGGGTAGTGAGATA-1","3","Rbfox3",2.44957394553934
"ATAGTCACAAAGGGAC-1","7","Rbfox3",2.04185772097069
"ATAGTGAAGCCAGGTT-1","7","Rbfox3",1.82153623319303
"ATAGTGAAGTAGGGCA-1","7","Rbfox3",2.16684450104419
"ATATCACAGGTTACAT-1","6","Rbfox3",0.995812036054296
"ATATCACAGTGATGAA-1","3","Rbfox3",2.44961423709135
"ATATCAGCAATTCACT-1","14","Rbfox3",0
"ATATCAGCATTCGGTC-1","2","Rbfox3",1.28753575702273
"ATATCCCTCGAGCACT-1","7","Rbfox3",1.29479160616881
"ATATCCTCAACCTACC-1","5","Rbfox3",2.08697370606902
"ATATCCTCATGGTCCT-1","2","Rbfox3",2.30006206471456
"ATATGGGGTAATCCTA-1","9","Rbfox3",1.59009535628011
"ATATGGGGTGGGAATC-1","5","Rbfox3",2.15791315712133
"ATATGGGGTTGAGCCC-1","3","Rbfox3",2.28617803244535
"ATATGGTTCTCACCTG-1","7","Rbfox3",1.0441955359795
"ATATGTCAGCTGGAGA-1","0","Rbfox3",1.56558820547125
"ATATGTCAGCTTCCTG-1","9","Rbfox3",1.75574247070183
"ATATGTCAGGTACCAC-1","16","Rbfox3",0
"ATCAACTAGCGCGATT-1","3","Rbfox3",2.07622528591485
"ATCAACTAGGGTCCAT-1","2","Rbfox3",2.19362244491082
"ATCAAGCCACATATAG-1","5","Rbfox3",0
"ATCAAGGGTGGCGTGA-1","6","Rbfox3",0
"ATCACAACAGTAATGC-1","11","Rbfox3",1.3876646743476
"ATCACATAGCGATGTC-1","5","Rbfox3",0.908413749777112
"ATCACCTTCCCGTACC-1","8","Rbfox3",0
"ATCACCTTCGCTTGGG-1","2","Rbfox3",1.51989551200417
"ATCACCTTCTGGTACA-1","15","Rbfox3",1.52458668064213
"ATCACGATCACGTTAG-1","3","Rbfox3",1.75886498032714
"ATCAGCCAGCTAATCG-1","16","Rbfox3",0
"ATCAGGCTCACCTTAC-1","2","Rbfox3",1.43168062879987
"ATCAGGCTCACTTCGT-1","1","Rbfox3",2.07201773190865
"ATCAGGCTCCCTGGAG-1","0","Rbfox3",0.84676488235993
"ATCAGGCTCGCTCTAT-1","3","Rbfox3",2.73631460156675
"ATCAGGCTCTATGTCC-1","2","Rbfox3",1.31307182208306
"ATCAGGGAGCCGCATG-1","2","Rbfox3",0
"ATCAGGGAGCGGACTT-1","7","Rbfox3",1.67651342134528
"ATCAGGGAGGATGGTG-1","1","Rbfox3",2.37326348560871
"ATCAGGGAGGTTAGCC-1","5","Rbfox3",2.07897501496272
"ATCAGGGAGTCGAAGG-1","3","Rbfox3",1.7063043852994
"ATCAGGTCAAGCGCGT-1","8","Rbfox3",0
"ATCAGGTCAATTACCT-1","11","Rbfox3",0.694700793020688
"ATCAGTTAGCGGACTT-1","0","Rbfox3",1.35385513985738
"ATCATCAGTAACCGAA-1","2","Rbfox3",1.70461953274734
"ATCATCCTCAATCGGC-1","14","Rbfox3",0
"ATCATCCTCCCGTGAG-1","0","Rbfox3",0.660115782666327
"ATCATCCTCCGCACCT-1","6","Rbfox3",0.993075510529814
"ATCATCCTCGCATCAA-1","14","Rbfox3",0
"ATCATGGTCGACCAGT-1","2","Rbfox3",0.972128551937293
"ATCATTCCACCTTGAC-1","10","Rbfox3",0
"ATCCAATAGCCTAAGC-1","1","Rbfox3",0.755197413890103
"ATCCACGGTGGCAGTG-1","5","Rbfox3",1.62081427814414
"ATCCATGAGCGGAGAC-1","5","Rbfox3",1.87937184944883
"ATCCATGAGGTTACAT-1","4","Rbfox3",0
"ATCCCAGGTGCACCAC-1","8","Rbfox3",0
"ATCCCATTCGTGCCAG-1","1","Rbfox3",1.64016675048916
"ATCCCATTCTGTGCCC-1","0","Rbfox3",1.73595661522199
"ATCCCGCTCAATTGCG-1","5","Rbfox3",1.25787568335578
"ATCCCTTAGGTTGCGT-1","9","Rbfox3",1.80140759977689
"ATCCGGGTCACAGGGA-1","2","Rbfox3",1.29038307872714
"ATCCGGGTCCGCCTAC-1","5","Rbfox3",2.07232112922937
"ATCCGGGTCGACTGAC-1","5","Rbfox3",1.85259490584447
"ATCCGTAAGAAGCCAG-1","3","Rbfox3",1.39686806345413
"ATCCGTAAGATAGATG-1","9","Rbfox3",2.13435161104235
"ATCCGTCCAAAGGACA-1","5","Rbfox3",1.76330785433297
"ATCCGTCCACTATGCC-1","11","Rbfox3",1.77508109139388
"ATCCTCCGTGATTCCG-1","13","Rbfox3",1.73284639412012
"ATCCTCCGTTTGACCG-1","9","Rbfox3",1.71447050547872
"ATCCTGAAGGATCAGG-1","4","Rbfox3",0
"ATCCTGTTCCGCGCTT-1","5","Rbfox3",1.42373106074152
"ATCGAACCAAGCGCGT-1","2","Rbfox3",1.10620284032759
"ATCGAACCAAGCTCAG-1","5","Rbfox3",1.83424236669401
"ATCGAACCACAAGGAA-1","8","Rbfox3",0
"ATCGAAGGTCTAGCCA-1","4","Rbfox3",0
"ATCGAAGGTTGAGGAC-1","2","Rbfox3",1.1617844689486
"ATCGAGGAGCTAGCCG-1","0","Rbfox3",0
"ATCGCATGTGCGGCTT-1","1","Rbfox3",2.08081358434081
"ATCGCCCTCGTCTACT-1","11","Rbfox3",1.75159613913108
"ATCGCCTCAACCGTAG-1","0","Rbfox3",1.35279081743187
"ATCGCCTCACCTCAAC-1","4","Rbfox3",0
"ATCGCGCGTCAGGGCA-1","12","Rbfox3",0
"ATCGGGCCATAACCGG-1","3","Rbfox3",1.80352233381001
"ATCGGTCAGAACGACG-1","0","Rbfox3",1.47994536588652
"ATCGGTCAGTAGACCC-1","1","Rbfox3",1.22434042998923
"ATCGTACGTCTGGCTA-1","0","Rbfox3",1.55083381903165
"ATCGTACGTTCCCAGA-1","9","Rbfox3",1.91392970405427
"ATCGTAGTCGAGGTCT-1","7","Rbfox3",2.15184468817655
"ATCGTAGTCGCTATCT-1","4","Rbfox3",0
"ATCGTCAAGAAGGATC-1","3","Rbfox3",1.78926383528991
"ATCGTCAAGCATGGCT-1","4","Rbfox3",0
"ATCGTCAAGGCATGTC-1","2","Rbfox3",1.5450051082481
"ATCTAACAGCGAAGTG-1","7","Rbfox3",1.37625399167958
"ATCTAACAGCGCCTCT-1","6","Rbfox3",0
"ATCTAACAGGCACAGA-1","5","Rbfox3",1.23891953720533
"ATCTAACAGTGTCAAT-1","15","Rbfox3",0
"ATCTACCTCAGCACCG-1","3","Rbfox3",2.44463275065006
"ATCTACTCAAGTAACC-1","3","Rbfox3",1.383078002304
"ATCTACTCAAGTGTAC-1","6","Rbfox3",0.769590882781401
"ATCTACTCATCAAGCG-1","0","Rbfox3",1.74509689951147
"ATCTATGGTGCAATGA-1","3","Rbfox3",0.924712727184823
"ATCTATGGTTATGCGT-1","2","Rbfox3",2.07238615836968
"ATCTATGGTTTACTTC-1","14","Rbfox3",0
"ATCTCATCACCATGTC-1","9","Rbfox3",0.905244822445678
"ATCTCCACAGCAGGGA-1","8","Rbfox3",0
"ATCTCCACATCGCTCG-1","14","Rbfox3",0
"ATCTCGCCAGGAAGGT-1","5","Rbfox3",2.16888290239465
"ATCTCGCCATCCAGAG-1","0","Rbfox3",1.41943804993247
"ATCTGAGTCGTCTACT-1","1","Rbfox3",1.68960701632733
"ATCTGGATCCATAGTG-1","2","Rbfox3",1.45289327865391
"ATCTGTGAGGAGGTGC-1","5","Rbfox3",1.55849010427249
"ATCTTCATCGAACCCG-1","11","Rbfox3",1.02301856459932
"ATCTTGCTCTAAGCAT-1","8","Rbfox3",0
"ATGAAAGTCATATCGG-1","15","Rbfox3",0
"ATGAACCCAGCTCTAC-1","3","Rbfox3",1.75183679252545
"ATGAACCCATGATCCC-1","2","Rbfox3",0.992060171926695
"ATGACAGGTAAGGTCA-1","12","Rbfox3",0
"ATGACAGGTTATCACA-1","13","Rbfox3",1.30449453192862
"ATGACGGAGAATCCGC-1","9","Rbfox3",2.62853577431505
"ATGACGGAGGATCTGC-1","10","Rbfox3",0
"ATGAGGCGTAATGAGT-1","11","Rbfox3",1.69343569932893
"ATGAGGTAGCCTGAGT-1","1","Rbfox3",2.28683041908608
"ATGAGTAAGCGAACTC-1","2","Rbfox3",1.81419047444502
"ATGATGTTCAATCACG-1","2","Rbfox3",2.07065390954384
"ATGATGTTCCGGTTCC-1","13","Rbfox3",0.958326487599554
"ATGATGTTCCGTTAAG-1","3","Rbfox3",2.13522808283693
"ATGATTGCAAGCGTAT-1","6","Rbfox3",1.23640002269911
"ATGATTGCATAGACAC-1","10","Rbfox3",0
"ATGCACGCAAAGGTGA-1","6","Rbfox3",1.35609648983678
"ATGCACGCATTCAGTT-1","4","Rbfox3",0
"ATGCAGGAGCCAATCA-1","2","Rbfox3",1.38311530280901
"ATGCATTAGATTCAAC-1","3","Rbfox3",1.93850198572764
"ATGCATTAGCCTGCTC-1","6","Rbfox3",0.913793030105285
"ATGCCACAGGTAGGCA-1","1","Rbfox3",2.86463204826055
"ATGCCCTCATCCCAAC-1","1","Rbfox3",2.17780990191042
"ATGCCCTCATGGCGTA-1","6","Rbfox3",1.00510774142654
"ATGCCTGGTGGCTGTC-1","4","Rbfox3",0
"ATGCGGTTCACTTGGA-1","8","Rbfox3",0
"ATGCTCAAGCGGATCT-1","13","Rbfox3",1.28435304846867
"ATGCTCAAGTACCAAT-1","4","Rbfox3",0
"ATGCTGATCCGTGCGA-1","4","Rbfox3",0
"ATGCTGATCCTTCACG-1","3","Rbfox3",0.705419147592356
"ATGCTTAGTAATGACG-1","5","Rbfox3",0
"ATGCTTGAGGTGCGTT-1","2","Rbfox3",0
"ATGGAGACAATTGACA-1","3","Rbfox3",1.94027424662745
"ATGGAGTAGAAGCGCA-1","12","Rbfox3",0
"ATGGATGGTTCCATCC-1","6","Rbfox3",0.733730922553055
"ATGGCAAGTTAGCCTG-1","5","Rbfox3",1.07137325050593
"ATGGCGAAGCATATCG-1","11","Rbfox3",1.00686820528624
"ATGGCTATCACGTAAT-1","0","Rbfox3",1.3840112123785
"ATGGCTATCCTTCCAG-1","1","Rbfox3",1.53707526384671
"ATGGCTGCAGCCAGAC-1","1","Rbfox3",2.00944678436077
"ATGGCTGCAGGCATCA-1","12","Rbfox3",0
"ATGGCTGCATGATCGG-1","7","Rbfox3",1.55942877599662
"ATGGGATAGGCTCTGG-1","10","Rbfox3",0
"ATGGGATAGTAGCTGC-1","14","Rbfox3",0
"ATGGGCAAGCGCTCGA-1","11","Rbfox3",1.93470155835921
"ATGGGCTTCCTGTCGC-1","2","Rbfox3",1.88588950381895
"ATGGGGATCCTTAGTC-1","0","Rbfox3",2.0512764742588
"ATGGGGATCTGGGAAG-1","4","Rbfox3",0
"ATGGGTGAGCGAAGTG-1","0","Rbfox3",1.88253575432775
"ATGGGTGAGGTCACAC-1","6","Rbfox3",0.777831776439448
"ATGGTAAAGGATGTAA-1","7","Rbfox3",2.08796761529185
"ATGGTAAAGGCACGAA-1","4","Rbfox3",0
"ATGGTAGGTATGGTTC-1","11","Rbfox3",1.19877907310408
"ATGGTCATCAAGTAGA-1","12","Rbfox3",0
"ATGGTCATCCGGTGAT-1","3","Rbfox3",2.38722018374126
"ATGGTGAGTCAGTCAT-1","4","Rbfox3",0
"ATGGTGAGTTCGATAC-1","2","Rbfox3",1.4456585026411
"ATGGTGAGTTTGGCGC-1","3","Rbfox3",2.48214588142604
"ATGGTGGAGCCACTAA-1","6","Rbfox3",0
"ATGGTTTAGGCTCCGA-1","14","Rbfox3",0
"ATGGTTTAGTATGTAC-1","10","Rbfox3",0
"ATGGTTTAGTTGGCCG-1","6","Rbfox3",1.64155602626989
"ATGTACCGTGCACGCT-1","15","Rbfox3",0
"ATGTAGCCAAGCACGC-1","0","Rbfox3",1.8632113930142
"ATGTAGCCAATCCATT-1","4","Rbfox3",0
"ATGTCAACAAGTCCCT-1","5","Rbfox3",2.43317557494036
"ATGTCCCCACATTGAA-1","0","Rbfox3",0.88387199958826
"ATGTCCCCACTCAGCT-1","11","Rbfox3",1.86197311277008
"ATGTCCCCAGCACTGA-1","9","Rbfox3",2.144401571046
"ATGTCCCCATTACTGT-1","0","Rbfox3",1.62203599555181
"ATGTCCTTCTATGTGG-1","2","Rbfox3",1.14943585419561
"ATGTGAAAGCGCCATG-1","5","Rbfox3",1.32324274721444
"ATGTGAGGTCTAAGCT-1","7","Rbfox3",2.05542205443746
"ATGTGCATCGTTGCGG-1","6","Rbfox3",0
"ATGTGCATCTGGTGAC-1","4","Rbfox3",0
"ATGTGGGAGATAGGGT-1","5","Rbfox3",2.13356361866002
"ATGTGGGAGTATGTCG-1","7","Rbfox3",1.07538571817477
"ATGTGGGAGTGTCAAT-1","0","Rbfox3",1.7413682750348
"ATGTTAGCACTCATCA-1","16","Rbfox3",0
"ATGTTCCTCTCACCAT-1","3","Rbfox3",1.57112634463636
"ATTAAGCTCCGCCAGA-1","3","Rbfox3",2.25139619130208
"ATTAAGCTCCGCCATC-1","0","Rbfox3",0.807542421470514
"ATTAAGCTCGACATAT-1","2","Rbfox3",2.33426169013098
"ATTACCCTCATGCCTT-1","5","Rbfox3",1.69052612516902
"ATTACCCTCGTACTAG-1","13","Rbfox3",1.45850183531384
"ATTACCTCACTAAGGT-1","3","Rbfox3",1.88337951425159
"ATTACGTAGCAGGCTT-1","7","Rbfox3",1.97051412224748
"ATTACGTAGCCCTGAG-1","4","Rbfox3",0
"ATTCAGGTCGCGTTAA-1","1","Rbfox3",0.750799561947883
"ATTCAGTAGCGCATGT-1","0","Rbfox3",0.9059469873621
"ATTCAGTAGGATCACC-1","2","Rbfox3",1.38155067867889
"ATTCAGTAGGCGAGTA-1","1","Rbfox3",0.762933297300418
"ATTCAGTAGTAGGAAC-1","7","Rbfox3",1.61865323114892
"ATTCATGGTTGCGTCA-1","8","Rbfox3",0
"ATTCCAAGTTGGGACG-1","6","Rbfox3",0
"ATTCCATCAGCCATTC-1","12","Rbfox3",0
"ATTCCATCATAGGTAC-1","5","Rbfox3",0
"ATTCCCACAACATGGT-1","1","Rbfox3",1.06835396784264
"ATTCCCACATGGCTCT-1","3","Rbfox3",2.26053604615772
"ATTCCGGGTTCCTGCT-1","3","Rbfox3",2.7167970911248
"ATTCCTTGTATGGGTA-1","14","Rbfox3",0
"ATTCCTTGTTTCCGAG-1","3","Rbfox3",1.79803695374719
"ATTCGATAGCAAGGAT-1","3","Rbfox3",1.12397423317967
"ATTCGATAGGAGGTAT-1","4","Rbfox3",0
"ATTCGATAGTTGGTCA-1","4","Rbfox3",0
"ATTCGCTTCCCTGGAG-1","13","Rbfox3",0.891823387222236
"ATTCGCTTCCTCATCG-1","10","Rbfox3",0
"ATTCGGGCAACCCTTA-1","9","Rbfox3",2.38317764064774
"ATTCGGGCATTGGCCT-1","6","Rbfox3",1.59628868737126
"ATTCGTTCAGCAGTAT-1","1","Rbfox3",2.15911738265289
"ATTCGTTCATTACAGA-1","5","Rbfox3",2.5359984347115
"ATTCGTTCATTGGCCT-1","8","Rbfox3",0
"ATTCTCATCATACTCC-1","3","Rbfox3",2.78268738706667
"ATTCTCATCCTGTATC-1","3","Rbfox3",2.3507943259527
"ATTGACTAGGTAAGTA-1","4","Rbfox3",0
"ATTGAGAAGCCTAGCG-1","3","Rbfox3",1.5445120736824
"ATTGAGAAGGATGGGC-1","3","Rbfox3",2.57057335672655
"ATTGATGCAAGTGGCC-1","5","Rbfox3",0.890424085553176
"ATTGCCCCAGGCAAGG-1","0","Rbfox3",0
"ATTGCCCCATCCACAC-1","1","Rbfox3",1.90901880088018
"ATTGCCTTCACCTATC-1","1","Rbfox3",2.33618621134378
"ATTGCCTTCACGCACG-1","6","Rbfox3",1.60635173657356
"ATTGGATTCCAGGTCG-1","8","Rbfox3",0
"ATTGGATTCCTGCATT-1","1","Rbfox3",2.18382640423796
"ATTGGATTCTGGCTAA-1","1","Rbfox3",0.931371763800438
"ATTGGCCAGCCACAGT-1","2","Rbfox3",1.98604696098115
"ATTGGCGCAAAGGCAA-1","2","Rbfox3",2.10638519280838
"ATTGGCGCATGCGCTT-1","8","Rbfox3",0
"ATTGGGTCAAACTGCG-1","8","Rbfox3",0
"ATTGGGTCAAGTCCCT-1","7","Rbfox3",2.02032258714269
"ATTGGGTCACCACATC-1","0","Rbfox3",0
"ATTGGTTAGCCACATA-1","3","Rbfox3",2.33611120661822
"ATTGGTTAGCCCTGTC-1","10","Rbfox3",0
"CAAACCGCAGCAGGGA-1","1","Rbfox3",2.52825401979734
"CAAACTTAGTATGATC-1","13","Rbfox3",1.68604518217733
"CAAAGCCTCCCTCAAT-1","5","Rbfox3",1.99288010845483
"CAAAGCTCATGGTAGT-1","15","Rbfox3",0
"CAAAGGCGTAGCTCGC-1","4","Rbfox3",0
"CAAAGGCGTATGGTGA-1","1","Rbfox3",2.00647797151546
"CAAAGGTAGTACCACA-1","0","Rbfox3",1.68908493258692
"CAAAGTAAGCGATTGC-1","2","Rbfox3",2.07166391816791
"CAAAGTAAGTGCGCTG-1","2","Rbfox3",1.3589907868962
"CAAATGAAGGCAATGG-1","6","Rbfox3",1.74930312325568
"CAAATGTTCATGGTGC-1","11","Rbfox3",2.02366296411885
"CAAATGTTCCTTCGTG-1","0","Rbfox3",0
"CAAATGTTCGATGCTA-1","5","Rbfox3",1.89774925266008
"CAAATTCAGATTAAGG-1","12","Rbfox3",0
"CAAATTCAGCGATTGC-1","0","Rbfox3",1.89493446994273
"CAAATTCAGGAGGACC-1","0","Rbfox3",0
"CAAATTCAGGGTACTC-1","10","Rbfox3",0
"CAAATTCAGTCGAGAG-1","7","Rbfox3",1.69423300438744
"CAACAGTCAAGCTGGC-1","1","Rbfox3",1.59456539718024
"CAACAGTCAATTAGCA-1","2","Rbfox3",2.34517982651772
"CAACCAATCTGGCTAA-1","0","Rbfox3",1.29928298413026
"CAACCAGCATGGATCG-1","1","Rbfox3",1.65903403017321
"CAACCCAGTGCGATGG-1","0","Rbfox3",0.883039402299111
"CAACCCTCAATCGCCT-1","8","Rbfox3",0
"CAACCCTCACATGCTC-1","4","Rbfox3",0
"CAACCCTCAGCTAGGC-1","9","Rbfox3",1.67457252647143
"CAACGAAGTAGGCGAT-1","12","Rbfox3",0
"CAACGAAGTTAGTAGG-1","2","Rbfox3",2.06174227081483
"CAACGATCACATATAG-1","11","Rbfox3",2.28293332018315
"CAACGATCAGTTGAGT-1","2","Rbfox3",0.540309291077688
"CAACGGGGTTCAAGGA-1","9","Rbfox3",0
"CAACTAACAAGTGTCG-1","13","Rbfox3",0.659393709311521
"CAACTAACATGGAGCC-1","9","Rbfox3",1.70164596452283
"CAACTAGTCATCACCT-1","6","Rbfox3",0.844186198641133
"CAACTAGTCGAATCCA-1","11","Rbfox3",1.42015146039036
"CAACTGATCACAGGTC-1","0","Rbfox3",0
"CAAGACAGTGACCGAG-1","7","Rbfox3",2.2673440878198
"CAAGATGGTGAAGTTG-1","10","Rbfox3",0
"CAAGCCACAATACCGG-1","2","Rbfox3",1.48491741845386
"CAAGCCCGTGAACTGA-1","0","Rbfox3",0.955511445027436
"CAAGCCCGTGCGGACA-1","4","Rbfox3",0
"CAAGCGAAGCGGAGAC-1","0","Rbfox3",1.13934504091892
"CAAGCGAAGGAACCCT-1","10","Rbfox3",0
"CAAGCGAAGGGGTAAT-1","0","Rbfox3",1.6087982194649
"CAAGCTCAGCTATCTC-1","3","Rbfox3",2.51964774063351
"CAAGGATAGAACGGTG-1","2","Rbfox3",0.825579226663275
"CAAGGATAGTTGGACC-1","4","Rbfox3",0
"CAAGGCGGTGCGGTGA-1","14","Rbfox3",0
"CAAGGGATCACCCTTG-1","1","Rbfox3",2.16273025853935
"CAAGGGATCTAGGCAC-1","10","Rbfox3",0
"CAAGGGGCAATTCATC-1","13","Rbfox3",0.637708592854251
"CAAGGTAGTGGCTCAC-1","10","Rbfox3",0
"CAAGGTTCAGCTCGTT-1","12","Rbfox3",0
"CAAGTAAAGGCGTTAC-1","3","Rbfox3",2.09952570594505
"CAAGTAAAGTGTCCTT-1","8","Rbfox3",0
"CAAGTAGGTTTGGGCC-1","2","Rbfox3",1.8718867971682
"CAAGTCATCCCATACT-1","7","Rbfox3",2.36012978979773
"CAAGTCATCTCACCGC-1","13","Rbfox3",0.458992624240594
"CAAGTCGCAAACCAGT-1","11","Rbfox3",1.31740888057022
"CAAGTCGCAGCAGTAT-1","5","Rbfox3",1.93950898921811
"CAAGTCGCAGGAAGGT-1","3","Rbfox3",1.84728780612316
"CAAGTCTGTGAGGAGA-1","4","Rbfox3",0
"CAAGTCTGTTATCTAG-1","8","Rbfox3",0
"CAAGTTTAGCATCCGG-1","0","Rbfox3",0.880221012424611
"CAAGTTTAGTCAACTG-1","12","Rbfox3",0
"CAATAGCCAGTAAGTC-1","13","Rbfox3",1.56698711140539
"CAATAGCCATCCCAAC-1","5","Rbfox3",2.02594562233073
"CAATATCAGGCTCCGA-1","15","Rbfox3",0
"CAATATCAGGGGTAAT-1","2","Rbfox3",1.04889135828107
"CAATCCTTCAGCAAGG-1","0","Rbfox3",0.77687878110512
"CAATCCTTCGCATGGT-1","9","Rbfox3",2.62311996348122
"CAATCGATCCGCAAGT-1","0","Rbfox3",1.73090495261772
"CAATCTTCAATAGGGA-1","15","Rbfox3",0
"CAATCTTCAATAGTCA-1","3","Rbfox3",2.03192897013219
"CAATGGCTCAGCACCG-1","8","Rbfox3",0
"CAATGGCTCGCGCGTA-1","7","Rbfox3",1.60783982979275
"CAATTGGTCCGCGCTT-1","1","Rbfox3",1.97717971079446
"CAATTGGTCTAGGCGT-1","3","Rbfox3",1.80133721597802
"CACAACATCATGTAAC-1","1","Rbfox3",1.5727893826013
"CACAACATCCGCAAGT-1","11","Rbfox3",1.63716907387942
"CACAAGTCAACCATCC-1","8","Rbfox3",0
"CACAAGTCACATATAG-1","14","Rbfox3",0
"CACAAGTCACCTTCGG-1","12","Rbfox3",0
"CACAAGTCACTCAATT-1","6","Rbfox3",0
"CACAAGTCATAAGCTA-1","2","Rbfox3",1.49936986476304
"CACAATTAGTAAGGCG-1","6","Rbfox3",1.56240189566477
"CACACAATCTGGCTCC-1","16","Rbfox3",0
"CACACACAGAAGCCTC-1","5","Rbfox3",2.66602933206408
"CACACACAGCAATCGC-1","6","Rbfox3",1.28252979950369
"CACACCCTCCAGCGTG-1","5","Rbfox3",1.52052367814566
"CACACCTCAAGCCTCT-1","2","Rbfox3",2.14706768988693
"CACAGGCCAAGTGAAG-1","14","Rbfox3",0
"CACAGGCCAGCTAGTG-1","8","Rbfox3",0
"CACAGGTTCCTTGGAA-1","5","Rbfox3",1.06051610817874
"CACATAACAAATCCTT-1","0","Rbfox3",1.42556875611307
"CACATAACAATACCAA-1","5","Rbfox3",1.84509723191361
"CACATAGTCCCATTCG-1","0","Rbfox3",1.18609736134554
"CACATTAGTAACGTAG-1","1","Rbfox3",0.633281771131673
"CACATTGAGGAATTGA-1","7","Rbfox3",1.15720349761126
"CACATTGAGGTTGCAC-1","16","Rbfox3",0
"CACATTTCAATCCAGG-1","9","Rbfox3",1.92753744734737
"CACATTTCAATTGCTT-1","3","Rbfox3",2.14086620105794
"CACCAACAGGATCTAT-1","3","Rbfox3",1.85372908115982
"CACCACCTCCTGTACT-1","5","Rbfox3",2.45055876333556
"CACCACCTCTAATGGT-1","1","Rbfox3",1.61071914259015
"CACCAGACAGCACTGA-1","4","Rbfox3",0
"CACCAGTAGGAGCCTT-1","4","Rbfox3",0
"CACCAGTAGTAAGTGA-1","12","Rbfox3",0
"CACCATCCAAACTACA-1","14","Rbfox3",0
"CACCATTTCACATGGC-1","1","Rbfox3",1.79498100618038
"CACCATTTCTGGCTAA-1","16","Rbfox3",0
"CACCCAAGTAATGCTC-1","5","Rbfox3",2.43745371123816
"CACCCATCAAAGGTCT-1","3","Rbfox3",1.21025087816307
"CACCCATCAAGTCGGC-1","0","Rbfox3",1.87072412363436
"CACCCATCAGGAATGA-1","4","Rbfox3",0
"CACCCTTGTGGCTCAC-1","11","Rbfox3",1.36640876707288
"CACCCTTGTTCCTGCT-1","9","Rbfox3",1.55883577358735
"CACCGATAGCCACACG-1","9","Rbfox3",2.3757678301116
"CACCGATAGGTAAGGT-1","15","Rbfox3",2.37018028595242
"CACCGATAGTCGCATA-1","5","Rbfox3",2.01319326695785
"CACCGCAAGATTGCTG-1","11","Rbfox3",1.2224218189622
"CACCGCAAGTGAGCAG-1","7","Rbfox3",1.527403801427
"CACCGCTTCTCATCCG-1","8","Rbfox3",0
"CACCTAAAGAACGGTG-1","12","Rbfox3",0
"CACCTAAAGGCGTTCG-1","3","Rbfox3",2.17045309461596
"CACCTAAAGTCATAGT-1","0","Rbfox3",0
"CACCTATTCCGTCATT-1","10","Rbfox3",0
"CACCTATTCGACCAGT-1","10","Rbfox3",0
"CACCTATTCGATCAAT-1","6","Rbfox3",1.23495723146593
"CACCTCATCGCGTTAA-1","8","Rbfox3",0
"CACCTCGCAACCCTAC-1","2","Rbfox3",2.08919299195838
"CACCTCTGTGAGGAAG-1","2","Rbfox3",1.77203496388028
"CACCTGCTCCGGTATA-1","4","Rbfox3",0.674578621001465
"CACCTTTAGCAAGTAA-1","8","Rbfox3",0
"CACCTTTAGCATCCGG-1","4","Rbfox3",0
"CACGACCGTAGTCCAT-1","0","Rbfox3",1.82917698226177
"CACGACCGTGGACACG-1","15","Rbfox3",0.754063096651859
"CACGACCGTTCGCAGC-1","1","Rbfox3",2.25972117979296
"CACGACTAGCCCTGGA-1","13","Rbfox3",0
"CACGACTAGGTCATTG-1","9","Rbfox3",1.73042725528173
"CACGAGGGTAGCTCGC-1","2","Rbfox3",0.883372240823902
"CACGAGGGTCTTGATA-1","16","Rbfox3",0
"CACGATTGTTGCGGAG-1","4","Rbfox3",0
"CACGATTGTTGTCTCC-1","13","Rbfox3",1.35119793049337
"CACGCAACAAACTTGA-1","11","Rbfox3",0.979580969239599
"CACGCAACAAGGGCTC-1","3","Rbfox3",1.90911670117351
"CACGCAACACATGACG-1","4","Rbfox3",0
"CACGCCAAGGCAAGCA-1","8","Rbfox3",0
"CACGCCAAGGTCCAGT-1","14","Rbfox3",0
"CACGCCAAGTGTCATG-1","0","Rbfox3",0.975547605290896
"CACGCCAAGTTGCTGA-1","9","Rbfox3",2.43575342642197
"CACGCTAGTTGAAGTG-1","6","Rbfox3",0.874641236301441
"CACGGTTAGGTATGAA-1","13","Rbfox3",1.91242843279753
"CACGGTTAGGTGAGAT-1","0","Rbfox3",1.55913220742135
"CACGGTTAGTAGTAGA-1","3","Rbfox3",2.03110657190696
"CACTAACGTAGCAGGT-1","3","Rbfox3",0
"CACTAACGTTAGGTTC-1","5","Rbfox3",2.13881715213443
"CACTACCCAGGACAGG-1","11","Rbfox3",2.55167650270721
"CACTATGAGATTGGCC-1","6","Rbfox3",0.991473369145634
"CACTATGAGGCACACT-1","0","Rbfox3",1.09458413041714
"CACTATGAGTGATACT-1","9","Rbfox3",1.31441431848941
"CACTCAAAGCGGCATT-1","6","Rbfox3",0.859520019880326
"CACTCACCAAGTGGAA-1","2","Rbfox3",1.4121146041789
"CACTCACCACTTCGTA-1","1","Rbfox3",1.62537037600507
"CACTCACCAGGCATTG-1","13","Rbfox3",0.564327578268002
"CACTCACCATGCTCAC-1","4","Rbfox3",0
"CACTCCATCCGCAGTG-1","14","Rbfox3",0
"CACTCCATCGCATCCC-1","3","Rbfox3",1.48158522303875
"CACTCCGCAAGTGGAA-1","10","Rbfox3",0
"CACTCCGCACATACGG-1","1","Rbfox3",2.20564971094469
"CACTCCGCATTAGGTA-1","2","Rbfox3",1.19448266067252
"CACTCGCTCATGCGTA-1","7","Rbfox3",2.08884717784166
"CACTCGCTCCAGCGTG-1","3","Rbfox3",1.68833550493918
"CACTGCCTCCCATTAC-1","3","Rbfox3",0
"CACTGCCTCCTGTATC-1","9","Rbfox3",0
"CACTGCCTCTCACCAT-1","3","Rbfox3",2.40220390998231
"CAGCAAAGTCTTACGG-1","2","Rbfox3",1.50119643097027
"CAGCAATCAAGTTCCC-1","4","Rbfox3",0
"CAGCAATCAGGCTCAA-1","4","Rbfox3",0
"CAGCACTAGGAATCAA-1","6","Rbfox3",1.26577081197367
"CAGCACTAGTCAGCGT-1","7","Rbfox3",2.29742639589713
"CAGCAGCCAATACTAG-1","0","Rbfox3",0.787433305890953
"CAGCAGCCATTACGCC-1","11","Rbfox3",1.86396560058331
"CAGCATATCCATTGCT-1","1","Rbfox3",2.18522619784303
"CAGCATTGTAATCCTA-1","4","Rbfox3",0
"CAGCATTGTAGTGCTT-1","5","Rbfox3",1.86658671143735
"CAGCATTGTTAGGCCC-1","9","Rbfox3",1.84650068690112
"CAGCATTGTTAGTGCT-1","3","Rbfox3",1.67501315599573
"CAGCCATAGCGCTATA-1","1","Rbfox3",2.17188860574166
"CAGCCATAGGTAGAGT-1","9","Rbfox3",1.61136068181353
"CAGCTAATCACATACG-1","6","Rbfox3",0.98427980381762
"CAGCTATGTGCGTAGG-1","6","Rbfox3",2.56448794321872
"CAGCTCTCAAATGGAG-1","0","Rbfox3",0.757115942449615
"CAGCTCTCATGACCGA-1","0","Rbfox3",1.61613810500392
"CAGGATTCAGGAGCAG-1","4","Rbfox3",0
"CAGGCCATCGCTCGTC-1","7","Rbfox3",1.34987380927554
"CAGGCGAGTAGTAGCA-1","2","Rbfox3",1.37016378569527
"CAGGCGAGTATGTGAG-1","4","Rbfox3",0
"CAGGCTTAGTTGGCCG-1","5","Rbfox3",1.86737928396953
"CAGGGCAGTTGCTATA-1","0","Rbfox3",1.99185462510597
"CAGGGCTCAAGCGCGT-1","10","Rbfox3",0
"CAGGTAAGTAGTCCTG-1","1","Rbfox3",1.70253232467151
"CAGGTAAGTGAAGCTA-1","6","Rbfox3",1.76665172089042
"CAGGTAAGTGATCAAG-1","8","Rbfox3",0
"CAGGTCCGTAACGAGC-1","16","Rbfox3",0
"CAGGTCCGTTTGAGTC-1","4","Rbfox3",0
"CAGGTTATCCTGTGAA-1","6","Rbfox3",2.42334428736762
"CAGTAACCAATTCAGA-1","11","Rbfox3",2.34848508174124
"CAGTAACCAGGAAGCG-1","0","Rbfox3",1.72424673944707
"CAGTACGCATAGGCCA-1","3","Rbfox3",1.97768617841252
"CAGTAGCTCACGCCAG-1","5","Rbfox3",2.09513867512969
"CAGTAGCTCGACCCGA-1","11","Rbfox3",1.37514873490497
"CAGTAGCTCGCTTGAA-1","0","Rbfox3",0.963759631610114
"CAGTAGGAGCTTACTC-1","3","Rbfox3",0.992808098433582
"CAGTCCCTCGCGTCCT-1","11","Rbfox3",1.61303157605903
"CAGTGTTGTCAGTCAT-1","0","Rbfox3",1.93976398811874
"CAGTGTTGTGGACACG-1","1","Rbfox3",1.41117602749663
"CAGTTAGTCACTAGCA-1","2","Rbfox3",0
"CAGTTAGTCATGCCTT-1","4","Rbfox3",0
"CAGTTATAGCAAGGGC-1","4","Rbfox3",0
"CAGTTATAGTCGCGCA-1","6","Rbfox3",0
"CAGTTCAAGGCGAAGC-1","1","Rbfox3",2.70284939530196
"CAGTTCCCAAATCAGC-1","1","Rbfox3",2.04328530216936
"CAGTTTGAGGCGAGGT-1","5","Rbfox3",2.367546638764
"CAGTTTGAGTGAGATA-1","1","Rbfox3",1.8651688280196
"CATAACTAGCGATGTC-1","10","Rbfox3",0
"CATAACTAGGTACCGT-1","1","Rbfox3",1.71358429507204
"CATAACTAGTAGACCC-1","3","Rbfox3",1.82449561662633
"CATAAGCCATCCTGGT-1","5","Rbfox3",1.82662107732651
"CATAAGCCATCGCTCG-1","0","Rbfox3",2.07642863631572
"CATAAGGGTTTCGGCA-1","3","Rbfox3",1.71499343322738
"CATACCAAGTGGCTCG-1","5","Rbfox3",0.892460983686833
"CATACCTTCACAGGTC-1","0","Rbfox3",1.87116313919542
"CATACCTTCGATGTGC-1","0","Rbfox3",1.29667078513373
"CATACTGAGGCTTACA-1","10","Rbfox3",0
"CATACTGAGTACCATG-1","2","Rbfox3",1.55273946509042
"CATACTTCAAGGTCGC-1","9","Rbfox3",2.02852175922078
"CATACTTCAGTTAGGT-1","0","Rbfox3",1.37422924956805
"CATAGAGGTCAACTAC-1","9","Rbfox3",1.91383116702402
"CATAGAGGTTCGCCAA-1","10","Rbfox3",0
"CATAGATTCACCAATG-1","0","Rbfox3",0.998637113488832
"CATAGCATCCACCTAT-1","11","Rbfox3",2.1004899715791
"CATAGCATCGACCTAA-1","14","Rbfox3",0
"CATAGCCAGCATCGCG-1","4","Rbfox3",0
"CATAGCCAGCCCTGCT-1","4","Rbfox3",0
"CATAGCCAGGATTCAT-1","7","Rbfox3",1.94683214406038
"CATAGCCAGGGTGATG-1","6","Rbfox3",1.32142593400253
"CATAGCGCATGGTGAT-1","15","Rbfox3",3.55904672250949
"CATAGCTGTTGCATAC-1","2","Rbfox3",2.27402056526025
"CATAGGCTCGACATTG-1","10","Rbfox3",0
"CATAGGGAGATTGACT-1","3","Rbfox3",2.37399927317001
"CATAGGGAGTGCCATA-1","3","Rbfox3",1.58926704261798
"CATAGGTCATCCACTA-1","4","Rbfox3",0
"CATAGGTCATTCGGCT-1","9","Rbfox3",1.79280189609197
"CATAGTTAGGCTCCTC-1","0","Rbfox3",0.78096207730492
"CATAGTTAGGTCCCAG-1","9","Rbfox3",1.5325059089889
"CATATAGCATTACCGC-1","6","Rbfox3",0.540100000130374
"CATATCCTCAATGGAA-1","4","Rbfox3",0
"CATATCTCACCTCAGT-1","0","Rbfox3",1.32415329486945
"CATATCTCATTCAGTT-1","13","Rbfox3",0.831855461364002
"CATATTCCACATGAGT-1","2","Rbfox3",1.69814223493001
"CATATTCCATCATAGA-1","6","Rbfox3",1.8632113930142
"CATCAATAGTAATGGA-1","0","Rbfox3",1.19711012321423
"CATCACAAGCCTGCCT-1","0","Rbfox3",1.32947646091399
"CATCACAAGTGATTCG-1","0","Rbfox3",1.56718719937874
"CATCACCCATCCTACA-1","2","Rbfox3",1.70815189712004
"CATCACTTCAGCACTA-1","0","Rbfox3",1.7961898403497
"CATCACTTCAGTTCCT-1","3","Rbfox3",2.11317738289174
"CATCAGGCAGCTAAGT-1","1","Rbfox3",2.4261875337405
"CATCAGGCATCGCTGT-1","8","Rbfox3",0
"CATCATTCATGGATGT-1","2","Rbfox3",1.42521677001824
"CATCCACCAAAGGACA-1","4","Rbfox3",0
"CATCCACCATAATTGG-1","10","Rbfox3",0
"CATCCCGCAGCTCGTT-1","1","Rbfox3",2.06654664671415
"CATCCCTGTTTACTGA-1","7","Rbfox3",0.752457294714553
"CATCCGCTCACGCTAA-1","15","Rbfox3",0
"CATCCGCTCATATCGG-1","1","Rbfox3",1.89589558304423
"CATCCGCTCCGCTGTC-1","1","Rbfox3",2.05104025464998
"CATCCGCTCTAGTGCA-1","6","Rbfox3",0
"CATCCGCTCTGGCTCC-1","13","Rbfox3",0.870936037746849
"CATCCGGAGGAGGTAT-1","1","Rbfox3",2.65294455075365
"CATCCGGAGTGCCCGA-1","9","Rbfox3",1.71325808128904
"CATCGTCCAAGCGCGT-1","2","Rbfox3",1.84336070166268
"CATCGTCCACAGCAAT-1","0","Rbfox3",0
"CATCGTTTCAATCTCC-1","5","Rbfox3",1.75818902967824
"CATCGTTTCCATCCAT-1","0","Rbfox3",1.68151443140068
"CATCTGTTCGTTAGGC-1","4","Rbfox3",0
"CATCTTGCAAGCTAAC-1","13","Rbfox3",0
"CATCTTGCACATTAGA-1","3","Rbfox3",1.85924355040126
"CATCTTGCACTTCGAC-1","1","Rbfox3",1.94541745378807
"CATGAAGGTGCAATTC-1","8","Rbfox3",0
"CATGCAATCCAGATCA-1","1","Rbfox3",2.37135348692997
"CATGCAATCTGGTAGC-1","6","Rbfox3",0.814768724610891
"CATGCCAGTCAACTTA-1","11","Rbfox3",1.23918083600871
"CATGCCAGTCATGCGC-1","9","Rbfox3",1.35874010202382
"CATGCCAGTCTCCAGA-1","4","Rbfox3",0
"CATGCCAGTTTCCAGG-1","1","Rbfox3",1.84032973473023
"CATGCGCGTATAGTGG-1","3","Rbfox3",2.3332100223141
"CATGCGCGTTCAATGC-1","3","Rbfox3",1.88290688951202
"CATGCTGGTAAGCGCG-1","4","Rbfox3",0
"CATGGGTTCCAGCGTG-1","3","Rbfox3",1.68908493258692
"CATGGTCAGCCATCAA-1","9","Rbfox3",0
"CATGGTCAGTGGCTGT-1","13","Rbfox3",0.663796572208898
"CATGGTCAGTGTCCGG-1","2","Rbfox3",2.33018870524435
"CATGTCAAGGTCACTA-1","6","Rbfox3",1.33036273056308
"CATTACTCAGTACCTC-1","10","Rbfox3",0
"CATTACTCATCGCGTT-1","3","Rbfox3",1.59057210690684
"CATTACTCATGCTCCG-1","10","Rbfox3",0
"CATTAGGTCCGCGTGA-1","2","Rbfox3",0
"CATTAGTAGCTACTCT-1","6","Rbfox3",0.785220478845014
"CATTAGTAGGCTACAC-1","15","Rbfox3",3.11375422929274
"CATTCGAAGTGCCATA-1","4","Rbfox3",0
"CATTCGCCAGCACGGT-1","4","Rbfox3",0
"CATTCGTTCACGCTAA-1","0","Rbfox3",0
"CATTCTATCACGCCAG-1","6","Rbfox3",0
"CATTGGATCCGCTGTC-1","2","Rbfox3",0
"CATTGTGAGCGCGATT-1","0","Rbfox3",2.03283462619696
"CATTTAGGTGCGCATC-1","6","Rbfox3",0.931698086643638
"CATTTCATCCTCGTGC-1","11","Rbfox3",2.17628660942669
"CATTTCGCACTAACCC-1","13","Rbfox3",0
"CATTTGAGTAATGGAT-1","6","Rbfox3",1.54922570093006
"CATTTGAGTAGCTTAC-1","6","Rbfox3",0
"CATTTGAGTTAGCGAA-1","8","Rbfox3",0
"CATTTGCTCGCTAATG-1","13","Rbfox3",0
"CCAAAGCTCCATGAAT-1","13","Rbfox3",0.840498967341928
"CCAAAGTCACAGCGAC-1","5","Rbfox3",2.1496925857308
"CCAAAGTCACTAGCAG-1","9","Rbfox3",1.5754438385365
"CCAAAGTCATCCCTAA-1","0","Rbfox3",1.17623745069865
"CCAAATGTCCATGAAT-1","7","Rbfox3",1.21870264895192
"CCAAATTAGGAGGATT-1","0","Rbfox3",1.28340925549426
"CCAACCTCACTTCAAT-1","1","Rbfox3",2.10273754765636
"CCAACTAAGCCATACA-1","1","Rbfox3",2.46465174286882
"CCAACTAAGGGTACGA-1","9","Rbfox3",1.06063953767434
"CCAACTAAGTTGGTCA-1","12","Rbfox3",0
"CCAACTGGTCCATACG-1","1","Rbfox3",1.61087946956517
"CCAAGGGGTGAAGTAT-1","3","Rbfox3",1.05695024515647
"CCAAGTCAGGTAGACG-1","5","Rbfox3",0.96698074734105
"CCAAGTCAGTCATTCC-1","6","Rbfox3",0.725771881295418
"CCAATAGTCAGGAGTG-1","0","Rbfox3",2.48540179462798
"CCAATAGTCCCTCTGA-1","9","Rbfox3",2.03349395626389
"CCAATATAGCGCGATT-1","7","Rbfox3",1.79588594350551
"CCAATATAGTGAAGTA-1","14","Rbfox3",0
"CCAATCCCAATCCGTC-1","12","Rbfox3",0
"CCAATCCCACAACGGC-1","8","Rbfox3",0
"CCAATCCCACTTGATT-1","1","Rbfox3",0.944378680148567
"CCAATTAGTAACCACT-1","1","Rbfox3",1.79756422658886
"CCAATTAGTTTAGGCT-1","3","Rbfox3",1.94061461225251
"CCAATTGAGCTACCGG-1","3","Rbfox3",1.34633979900985
"CCACAACAGAAGCGTG-1","10","Rbfox3",0
"CCACAACAGTAAGGAC-1","14","Rbfox3",0
"CCACAACAGTTAGTAC-1","10","Rbfox3",0
"CCACAGACAACATGAC-1","7","Rbfox3",0.453758405038047
"CCACATGGTTAACCCG-1","8","Rbfox3",0
"CCACCAAGTGAGCAAC-1","12","Rbfox3",0
"CCACCAAGTTACACTA-1","3","Rbfox3",2.16531789244648
"CCACCTATCAGTTGAT-1","9","Rbfox3",2.39434225353318
"CCACCTCAGTAGCGTC-1","8","Rbfox3",0
"CCACCTGCACTAATTC-1","3","Rbfox3",1.76428708515707
"CCACCTTGTCTAGTAC-1","12","Rbfox3",0
"CCACCTTGTGATCCAT-1","0","Rbfox3",1.17314534053068
"CCACCTTGTTACACGT-1","10","Rbfox3",0
"CCACGAACAAAGGTGA-1","11","Rbfox3",1.73155514528697
"CCACGAACAGTTAGAC-1","13","Rbfox3",0.98860354468388
"CCACGATAGGTGAGCA-1","15","Rbfox3",0
"CCACGCAAGCTAACGC-1","5","Rbfox3",1.37654907291002
"CCACGCAAGCTACTGA-1","15","Rbfox3",0
"CCACGTAGTTGGCCGT-1","7","Rbfox3",1.44055381506014
"CCACGTTCATGCTTGC-1","3","Rbfox3",1.95429971711086
"CCACGTTCATTAGCCC-1","6","Rbfox3",1.41558817244529
"CCACTAGGTAATGACG-1","8","Rbfox3",0
"CCACTAGGTAGCCCGT-1","0","Rbfox3",1.055116081505
"CCACTAGGTGAAGCTA-1","2","Rbfox3",1.40140761631585
"CCACTAGGTTAGTCAC-1","0","Rbfox3",0.792956928974258
"CCACTATTCACTGGTA-1","14","Rbfox3",0
"CCACTTACAAGGTCTG-1","0","Rbfox3",0.708806883402426
"CCAGAATCAAGTCGAT-1","7","Rbfox3",0
"CCAGACCGTTGCACCA-1","7","Rbfox3",1.35727393650681
"CCAGACTAGTAACCAT-1","2","Rbfox3",1.12837455131004
"CCAGACTAGTTAGTCG-1","0","Rbfox3",2.17219866229077
"CCAGAGAAGCGCCACA-1","6","Rbfox3",0.847069354245107
"CCAGAGAAGCGCGATT-1","8","Rbfox3",0
"CCAGAGAAGGATAGGT-1","6","Rbfox3",1.04712754119977
"CCAGAGAAGGGGACGT-1","10","Rbfox3",0
"CCAGAGGGTGGAGAGA-1","1","Rbfox3",1.41129327037799
"CCAGATGCAACCAACG-1","13","Rbfox3",0.868372879198722
"CCAGATTGTTTGCGAT-1","2","Rbfox3",0.906210599086756
"CCAGCAACAAAGGCCC-1","6","Rbfox3",1.39482969335539
"CCAGCAACAAATGGTC-1","4","Rbfox3",0
"CCAGCTAGTAATCCCG-1","12","Rbfox3",0
"CCAGCTAGTCTAACCG-1","9","Rbfox3",1.52393112559712
"CCAGCTAGTTCCGTAG-1","7","Rbfox3",0.627572094203572
"CCAGGTTAGGCGCTCA-1","8","Rbfox3",0
"CCAGGTTAGGTTGACC-1","4","Rbfox3",0
"CCAGTAATCGACCCGA-1","0","Rbfox3",1.18831353218508
"CCAGTATGTAATTCGC-1","1","Rbfox3",1.87632183872505
"CCAGTATGTATGGCAA-1","3","Rbfox3",1.68121191680884
"CCAGTATGTTGTAGTC-1","1","Rbfox3",1.52087292542964
"CCAGTATGTTTGATGC-1","1","Rbfox3",1.47414194870449
"CCAGTCCTCAGCTGCG-1","0","Rbfox3",0.655584965365711
"CCAGTCCTCCAGGTAC-1","5","Rbfox3",1.81605582227999
"CCAGTTAAGTATGAGA-1","1","Rbfox3",2.18986301515829
"CCAGTTAAGTTAGCGC-1","3","Rbfox3",1.92220396045618
"CCAGTTGGTCTAGTGT-1","4","Rbfox3",0
"CCATAACGTAACCGAA-1","6","Rbfox3",1.02593735106647
"CCATAACGTTGAGTAG-1","3","Rbfox3",2.39178140021477
"CCATAACGTTTGCCCT-1","5","Rbfox3",1.56788798915542
"CCATAAGTCCGTTAAG-1","6","Rbfox3",0
"CCATACTTCACATGAT-1","9","Rbfox3",1.53143963214676
"CCATACTTCGTTACTC-1","7","Rbfox3",1.76678580469278
"CCATATAGTGCACCAC-1","9","Rbfox3",2.16122918718173
"CCATCACCAAGGTAAG-1","4","Rbfox3",0
"CCATCACCATCAATCT-1","4","Rbfox3",0
"CCATCAGGTAATGAGT-1","0","Rbfox3",1.67616012188728
"CCATCAGGTGGGTCAG-1","14","Rbfox3",0
"CCATCATTCAATCCTC-1","8","Rbfox3",0
"CCATCCGCATAACGGT-1","7","Rbfox3",1.51667132918587
"CCATCCGCATGGCAAT-1","3","Rbfox3",1.74953863199214
"CCATCCGCATGGCCTT-1","15","Rbfox3",0
"CCATCCTGTTGGATCT-1","6","Rbfox3",1.10966659373897
"CCATCGCTCCTGATTC-1","2","Rbfox3",2.63623641591468
"CCATCTTAGAAGGACT-1","15","Rbfox3",1.71074671329099
"CCATGCCTCGCGTGAT-1","2","Rbfox3",1.61667703513962
"CCATGCCTCTATGCAG-1","10","Rbfox3",0
"CCATGGGTCAGTTGCA-1","4","Rbfox3",0
"CCATGGGTCCCCTGAC-1","6","Rbfox3",1.52038403247398
"CCATGGGTCGAACGAG-1","13","Rbfox3",1.3703390163549
"CCATGTCCATGCTGTC-1","2","Rbfox3",1.93516310922357
"CCATTAAGTCTTACGG-1","4","Rbfox3",0
"CCATTAAGTTCGGGCT-1","0","Rbfox3",1.0166715027801
"CCATTAAGTTGTCAGT-1","11","Rbfox3",1.88598438812413
"CCATTAGAGCATCTAG-1","9","Rbfox3",2.68223954809218
"CCATTAGAGGTGAGGC-1","9","Rbfox3",1.39841572165224
"CCATTAGAGGTGGCTT-1","3","Rbfox3",1.29734687510339
"CCATTTCAGTCAGTCA-1","4","Rbfox3",1.80606827324287
"CCCAAATGTTAGCTGT-1","7","Rbfox3",2.7570698396125
"CCCAAATGTTGCGGTC-1","8","Rbfox3",0
"CCCAAATGTTGGAGAC-1","5","Rbfox3",1.96725321775425
"CCCAACCTCATCTCTA-1","8","Rbfox3",0
"CCCAAGGTCACTCGAA-1","2","Rbfox3",1.69013550417238
"CCCAAGGTCAGGTAGG-1","7","Rbfox3",0
"CCCAAGGTCCCCTTGA-1","3","Rbfox3",2.14208555028914
"CCCAAGGTCGACCAAC-1","4","Rbfox3",0
"CCCAATCCATAATTGG-1","11","Rbfox3",1.71438753725255
"CCCAATTTCTAGCGCG-1","3","Rbfox3",1.28251410734771
"CCCACGTTCACACTTC-1","5","Rbfox3",2.55403457161435
"CCCACGTTCAGGCTCG-1","6","Rbfox3",0
"CCCACGTTCGATCGGT-1","8","Rbfox3",0
"CCCACGTTCTCATTCA-1","0","Rbfox3",2.01369930185922
"CCCACTTGTAACCACT-1","5","Rbfox3",1.77724159513021
"CCCACTTGTAACGAGC-1","13","Rbfox3",1.18085764677099
"CCCACTTGTGCATTCG-1","10","Rbfox3",0
"CCCACTTGTTTCGGGC-1","10","Rbfox3",0
"CCCAGCAAGAACCTCA-1","2","Rbfox3",1.25253979904188
"CCCAGCAAGCGCAATC-1","12","Rbfox3",0
"CCCAGGATCCTGACTT-1","11","Rbfox3",1.39327223007404
"CCCAGGATCCTGCGAG-1","2","Rbfox3",0.750003026057871
"CCCAGTGAGATTGAGA-1","2","Rbfox3",1.80883660297097
"CCCATAGGTCCCGAGT-1","1","Rbfox3",0
"CCCATCATCAGGAAGT-1","9","Rbfox3",1.4769391540352
"CCCATCATCGTAACCA-1","1","Rbfox3",2.6035070662749
"CCCATCTGTCTAACTA-1","5","Rbfox3",1.58270327822558
"CCCATGAGTGAGCAAC-1","5","Rbfox3",1.3286255504864
"CCCATGAGTTGGACCC-1","2","Rbfox3",1.88493080409657
"CCCATGCTCACGCCGA-1","0","Rbfox3",0
"CCCATGCTCCTGCGTC-1","1","Rbfox3",1.54937172913617
"CCCATGCTCGACATGC-1","15","Rbfox3",0
"CCCATTGTCAGCATTG-1","2","Rbfox3",2.5777689452777
"CCCGAATAGTTGCACA-1","3","Rbfox3",1.90193101759176
"CCCGATGAGGTGAACG-1","5","Rbfox3",1.50339073038493
"CCCGATTCAACCAGAT-1","4","Rbfox3",0
"CCCGCATTCGAACCGT-1","7","Rbfox3",1.88530691110276
"CCCGCATTCGACATTG-1","0","Rbfox3",0
"CCCGCATTCGTAACTG-1","2","Rbfox3",0.788773857507524
"CCCGCTTAGCGCAATC-1","4","Rbfox3",0
"CCCGCTTAGGGTCAAG-1","0","Rbfox3",1.14304237843939
"CCCGGTAAGTGCGCCA-1","2","Rbfox3",1.26267206678161
"CCCGGTTTCAGTACCA-1","1","Rbfox3",1.19075138863334
"CCCGGTTTCCGGTAGT-1","15","Rbfox3",1.72576302731971
"CCCGGTTTCGCTCTAT-1","12","Rbfox3",0
"CCCGTTGCAACTGGAT-1","6","Rbfox3",1.43740508387515
"CCCGTTGCAATACTCT-1","7","Rbfox3",1.12577670717398
"CCCTAACCAACGTTAA-1","2","Rbfox3",1.47077585946886
"CCCTAACCATCCACTA-1","5","Rbfox3",0.981402530978636
"CCCTACGCAATTAGCA-1","7","Rbfox3",0
"CCCTAGCTCCGTGAAC-1","3","Rbfox3",2.68752221119257
"CCCTATGTCACTCCAT-1","9","Rbfox3",1.8706776550219
"CCCTATGTCGCTGATA-1","3","Rbfox3",1.7756104184106
"CCCTCAATCGTTCAAG-1","7","Rbfox3",1.43811521021533
"CCCTCACAGATAGACA-1","0","Rbfox3",0
"CCCTCACAGCGATAGG-1","1","Rbfox3",2.19675064367806
"CCCTCACAGGGTCTGT-1","8","Rbfox3",0
"CCCTCACAGTGGCAGA-1","3","Rbfox3",1.88172665405828
"CCCTCAGCATGAGTGT-1","3","Rbfox3",2.05417604315834
"CCCTGAGAGATTCAGT-1","6","Rbfox3",0
"CCCTGAGAGCCATCCC-1","11","Rbfox3",0
"CCCTGAGAGGTATATC-1","4","Rbfox3",1.47278039005436
"CCCTGGTTCACAGCAC-1","9","Rbfox3",1.63787352389092
"CCCTTAACAACTGTCC-1","6","Rbfox3",0.705263604307815
"CCCTTAACAATATGGC-1","4","Rbfox3",0
"CCCTTAACACTTCGAC-1","8","Rbfox3",0
"CCCTTAACATAGGGTT-1","0","Rbfox3",1.90314403522183
"CCCTTACGTGATAGAT-1","5","Rbfox3",1.52262201975748
"CCCTTACGTTGCGTGC-1","1","Rbfox3",1.765312277687
"CCCTTACGTTTCGACG-1","6","Rbfox3",1.63401181597518
"CCCTTAGTCACCAGCG-1","0","Rbfox3",2.08710256144757
"CCCTTGATCCGTTGCC-1","1","Rbfox3",1.63979596203484
"CCGAAATCAATGCCAG-1","7","Rbfox3",0.89186586345439
"CCGAAATCACCTATCA-1","12","Rbfox3",0
"CCGAACTAGCAAGCCT-1","0","Rbfox3",0
"CCGAACTAGGTGAGCA-1","3","Rbfox3",1.84931574503003
"CCGAACTAGTAATGTC-1","11","Rbfox3",1.94507795789705
"CCGAATATCTGTCACT-1","13","Rbfox3",1.15679242761776
"CCGAATTGTAACTCTA-1","1","Rbfox3",2.43554962357565
"CCGAATTGTTGCATCG-1","3","Rbfox3",1.12890514692682
"CCGACAACACAATTAG-1","9","Rbfox3",2.139625110254
"CCGACATAGCTAAGGG-1","8","Rbfox3",0
"CCGACATAGGCTTGGT-1","9","Rbfox3",2.83958231963304
"CCGACATAGTAACGGG-1","1","Rbfox3",2.08447811956055
"CCGACATAGTCATCGA-1","0","Rbfox3",0.752516641187648
"CCGACCAAGGTAGGGC-1","4","Rbfox3",0
"CCGACTAGTCATTAGC-1","8","Rbfox3",0
"CCGACTAGTTTGAGTC-1","4","Rbfox3",0
"CCGACTTCAAATCCAA-1","0","Rbfox3",0
"CCGCAATAGTACCATG-1","8","Rbfox3",0
"CCGCATGAGCCTGAAC-1","4","Rbfox3",0
"CCGCATTCACTTGATT-1","12","Rbfox3",0
"CCGCCAAAGCAACCCG-1","5","Rbfox3",2.28187968364256
"CCGCCAAAGGCTAGAG-1","6","Rbfox3",2.16602038966568
"CCGCCATTCTAGTGTG-1","8","Rbfox3",0
"CCGCCTTAGGCGAATG-1","1","Rbfox3",0
"CCGCGAATCCTCATAC-1","11","Rbfox3",2.29179235787324
"CCGCGATGTAGTCCAT-1","8","Rbfox3",0
"CCGCGATGTGAGACAC-1","7","Rbfox3",1.76718820849755
"CCGCGTTTCAGCCTAA-1","3","Rbfox3",1.75774206499118
"CCGCGTTTCATCTGGA-1","0","Rbfox3",1.61082602295837
"CCGCGTTTCCATGCAA-1","7","Rbfox3",1.0253445025046
"CCGCTAAGTAAGCCAA-1","4","Rbfox3",0
"CCGCTAAGTAGGTACA-1","14","Rbfox3",0
"CCGCTAAGTGCAGGCA-1","0","Rbfox3",1.02393231919862
"CCGCTAAGTTGCATCG-1","1","Rbfox3",1.87777488002899
"CCGCTAAGTTTGGAAG-1","4","Rbfox3",0
"CCGCTAGAGTGCCCAG-1","1","Rbfox3",2.06412071668532
"CCGCTCACAGGCAGAG-1","0","Rbfox3",0
"CCGCTTATCACGCGAT-1","7","Rbfox3",1.61845859216003
"CCGCTTATCATATAGC-1","0","Rbfox3",0
"CCGCTTATCGACCTGG-1","11","Rbfox3",1.42877793858469
"CCGCTTGCAAGTCGAT-1","4","Rbfox3",0
"CCGGATTAGCCATTAG-1","7","Rbfox3",2.09679943001337
"CCGGCAATCATCGTGA-1","0","Rbfox3",1.10566166327834
"CCGGCAATCCGGAACT-1","7","Rbfox3",1.21537005876416
"CCGGCATGTGGAAGTC-1","10","Rbfox3",0
"CCGGCATGTTAGCACT-1","3","Rbfox3",2.13430107507658
"CCGGCATGTTTACCAA-1","0","Rbfox3",0
"CCGGCTAAGTGTCCTT-1","2","Rbfox3",1.42044896089862
"CCGGGTTGTCAGGCAG-1","1","Rbfox3",1.85495597532112
"CCGGTACGTCAAGTGA-1","4","Rbfox3",0.880634280654795
"CCGGTACGTGCAACCC-1","0","Rbfox3",0.718152374020351
"CCGGTCAAGCCAGTCG-1","3","Rbfox3",1.58324136322722
"CCGGTCAAGGTGACTC-1","12","Rbfox3",0
"CCGGTTAGTGACCGAG-1","11","Rbfox3",1.11715019985757
"CCGGTTAGTTGTGGCC-1","1","Rbfox3",2.29979984004667
"CCGTAACAGCTTACGA-1","3","Rbfox3",2.07376388771537
"CCGTAACAGTATGATC-1","2","Rbfox3",1.65915460030756
"CCGTAACAGTCTAGCA-1","5","Rbfox3",1.81648697426247
"CCGTATGGTTCCAGCA-1","1","Rbfox3",1.97289577504998
"CCGTCATCAATAGGTC-1","0","Rbfox3",0.883705346479826
"CCGTCCACAGGGACTC-1","12","Rbfox3",0
"CCGTCGTTCATGAACT-1","3","Rbfox3",1.55105341647244
"CCGTGATAGATAGGTA-1","6","Rbfox3",1.26303573531739
"CCGTGCAAGCAACCCG-1","6","Rbfox3",0
"CCGTGCTTCGCGTGTG-1","2","Rbfox3",1.80919228994413
"CCGTGGATCATGCGTA-1","5","Rbfox3",1.5152845966404
"CCGTGGATCCACCTAT-1","2","Rbfox3",2.66575072438867
"CCGTGGATCGACCTGG-1","0","Rbfox3",1.61835048384612
"CCGTGTGAGGGGTACA-1","1","Rbfox3",2.15870322381245
"CCGTGTGAGGTAGGTG-1","1","Rbfox3",1.92862548918588
"CCGTGTGAGTTAGGAA-1","15","Rbfox3",0
"CCGTTAGGTCTTGGGC-1","12","Rbfox3",0
"CCGTTCATCACGCCGA-1","12","Rbfox3",0
"CCGTTCATCCAGATAT-1","0","Rbfox3",1.34950358875602
"CCGTTCGCACTAATCT-1","2","Rbfox3",1.70468264078702
"CCGTTCGCATGCTCCG-1","6","Rbfox3",1.53002066869809
"CCGTTGAGTTAGGTAG-1","8","Rbfox3",0
"CCGTTGAGTTGGCATT-1","3","Rbfox3",2.45488485627211
"CCGTTGCTCATCACCT-1","1","Rbfox3",1.94883010990704
"CCGTTGCTCTATCACC-1","13","Rbfox3",1.71671439966477
"CCGTTGCTCTATGAAC-1","2","Rbfox3",1.82367476802413
"CCTAACCCATGCTTCA-1","0","Rbfox3",0
"CCTAACTTCCAGAGAG-1","0","Rbfox3",0
"CCTAACTTCTATGGAT-1","5","Rbfox3",0.939271751238409
"CCTAATGAGTGGCCTG-1","0","Rbfox3",2.64099789321991
"CCTACAGGTGATGCAA-1","3","Rbfox3",1.86826533821773
"CCTACCGCAGGATGAA-1","0","Rbfox3",1.30857003077832
"CCTACCTGTGAAGCAC-1","0","Rbfox3",0.81751388733747
"CCTACCTGTTCCGGTA-1","15","Rbfox3",3.32667631438741
"CCTACGGAGATTCGTG-1","1","Rbfox3",1.20769563375821
"CCTAGCCTCCAGGGAA-1","2","Rbfox3",1.92261926725517
"CCTAGCGAGCCATACA-1","5","Rbfox3",0
"CCTAGCGAGCCGACAT-1","4","Rbfox3",0
"CCTAGCGAGTACCACA-1","3","Rbfox3",1.87937184944883
"CCTAGGTAGGTTGGTC-1","0","Rbfox3",0
"CCTAGTAAGATACTGT-1","1","Rbfox3",1.95369899460756
"CCTAGTAAGCATCAAT-1","5","Rbfox3",1.0968819541488
"CCTAGTAAGCTAGCGT-1","9","Rbfox3",1.48785589600063
"CCTAGTAAGGGTAGAT-1","11","Rbfox3",1.34312323005925
"CCTAGTAAGTGCGCTG-1","9","Rbfox3",1.76584775087915
"CCTATAGAGCCGAGTT-1","7","Rbfox3",1.75988012103362
"CCTATCACAAACCGTG-1","12","Rbfox3",1.42468916998253
"CCTATGAAGCCCTTCA-1","12","Rbfox3",0
"CCTATGTTCTGTAACG-1","4","Rbfox3",0
"CCTATTCAGGTACTAT-1","9","Rbfox3",1.92436608853396
"CCTATTCAGTTACGTG-1","2","Rbfox3",2.41236347154399
"CCTCAACCAGCCTAGA-1","1","Rbfox3",1.31873142477692
"CCTCAAGGTTCCGTGA-1","2","Rbfox3",1.350032546574
"CCTCAGCTCACATGCA-1","6","Rbfox3",1.63565144807795
"CCTCATTAGGCTTCCC-1","15","Rbfox3",0
"CCTCCAGCAAGTGTGT-1","14","Rbfox3",0
"CCTCGAAGTAATGACG-1","16","Rbfox3",0
"CCTCGAAGTGCGTGTC-1","5","Rbfox3",1.08389841312397
"CCTCGGTTCCGCGATG-1","2","Rbfox3",1.6003798075144
"CCTCGGTTCCGGAGTT-1","3","Rbfox3",0.839302343532646
"CCTCGTTGTCAACCAT-1","0","Rbfox3",1.29330230698421
"CCTCTAACAACGGCTA-1","6","Rbfox3",0
"CCTCTAACACCTCGAT-1","5","Rbfox3",3.22581382847998
"CCTCTAACAGTAAGCT-1","7","Rbfox3",0.711435987858073
"CCTCTAACATCACTCA-1","6","Rbfox3",0.929558152174126
"CCTCTTAGTGACGACG-1","1","Rbfox3",2.59233548235771
"CCTCTTGAGGTTGCTA-1","4","Rbfox3",0
"CCTGAACAGTGACCCG-1","7","Rbfox3",1.18307297643935
"CCTGAACAGTTAGTGT-1","11","Rbfox3",2.08309228108913
"CCTGAGACAACCCTAC-1","0","Rbfox3",1.74486937309643
"CCTGAGACAAGTGATC-1","14","Rbfox3",0
"CCTGAGACAATCGTAA-1","0","Rbfox3",1.48851960674535
"CCTGAGTAGATTCGGC-1","2","Rbfox3",1.71096957841895
"CCTGAGTAGTTGCCGG-1","0","Rbfox3",0.958276947172708
"CCTGATCCAGCATGTG-1","1","Rbfox3",2.22159126511205
"CCTGATCCATCGACTC-1","1","Rbfox3",1.77650710215293
"CCTGATGGTAGGTATG-1","7","Rbfox3",2.14960885591511
"CCTGATTTCAGGCTAC-1","15","Rbfox3",0
"CCTGATTTCAGGTCCG-1","14","Rbfox3",0
"CCTGCAAGTAATCGTC-1","0","Rbfox3",0
"CCTGCGAAGCGAAGGC-1","3","Rbfox3",0
"CCTGCTCAGTCGAACC-1","5","Rbfox3",1.63720613185559
"CCTGCTCAGTCGATGC-1","9","Rbfox3",0
"CCTGGCTTCGATTGCA-1","15","Rbfox3",2.12326124608028
"CCTGGTAGTGATTCGT-1","3","Rbfox3",1.35888333750503
"CCTGGTAGTTCCCAAG-1","12","Rbfox3",0
"CCTGGTTCATCCAACC-1","7","Rbfox3",1.72478789252758
"CCTGGTTCATTGCCAC-1","9","Rbfox3",2.29521589589999
"CCTGTCATCCTGTGAA-1","5","Rbfox3",2.43471794205734
"CCTGTCGCACAACCTC-1","9","Rbfox3",1.81172274191745
"CCTGTGAGTATTGCAC-1","0","Rbfox3",0
"CCTGTGGAGGGCTCCA-1","7","Rbfox3",1.11270845555006
"CCTGTTGTCAGCGGAA-1","7","Rbfox3",1.19732517993842
"CCTTAATCAATCGACG-1","10","Rbfox3",0
"CCTTAATCAGCACGAC-1","2","Rbfox3",2.07444823627538
"CCTTAATCATAGGTCG-1","0","Rbfox3",0
"CCTTAATCATGCTGTC-1","0","Rbfox3",0.833520031057687
"CCTTAGAAGCCTGGTG-1","8","Rbfox3",0
"CCTTAGAAGTCATCTC-1","1","Rbfox3",1.98776647910726
"CCTTAGCCAATATGTG-1","3","Rbfox3",2.05923185480196
"CCTTCGATCTAGCTCT-1","14","Rbfox3",0
"CCTTGCATCGTAGTTG-1","6","Rbfox3",1.10276278331292
"CCTTGGGAGCGCATTA-1","2","Rbfox3",1.12685655715348
"CCTTGGTCAAATCGGT-1","4","Rbfox3",0
"CCTTTAATCACGCGCA-1","5","Rbfox3",1.57150393782054
"CCTTTAATCCGCTGTC-1","6","Rbfox3",1.62008231581562
"CCTTTAGCAAATCCAA-1","14","Rbfox3",0
"CCTTTCAGTAACGAGC-1","2","Rbfox3",0.538194154272121
"CCTTTCAGTAATGCAG-1","4","Rbfox3",0
"CCTTTCAGTCAAGGTA-1","5","Rbfox3",2.03177813119591
"CCTTTCAGTTGCGGAG-1","7","Rbfox3",0
"CGAAACCTCCCAGGAT-1","6","Rbfox3",1.30985266561995
"CGAACATCATGAGCTG-1","0","Rbfox3",2.03456657545104
"CGAACGAAGATAGGTA-1","0","Rbfox3",1.04905202652829
"CGAACGAAGATTGGTT-1","14","Rbfox3",0
"CGAACGAAGCGAATCC-1","4","Rbfox3",0
"CGAAGCAAGGGGACTA-1","13","Rbfox3",0
"CGAAGCAAGGTCGTTA-1","12","Rbfox3",0
"CGAAGGATCAATGGTT-1","6","Rbfox3",1.07631961735187
"CGAAGTGAGAAGCAAC-1","0","Rbfox3",1.41627738865162
"CGAAGTGAGGTTGGAG-1","3","Rbfox3",1.86470778369187
"CGAATAGGTAAGTTCC-1","8","Rbfox3",0
"CGAATCATCCCGCTTA-1","10","Rbfox3",0
"CGAATCTGTGATAGTG-1","4","Rbfox3",1.68130087784479
"CGAATCTGTTCGAGTT-1","3","Rbfox3",1.79972029394135
"CGAATCTGTTCGTGTG-1","6","Rbfox3",1.40565226268478
"CGAATCTGTTGACCAT-1","8","Rbfox3",0
"CGAATTTAGAACCTTG-1","10","Rbfox3",0
"CGAATTTAGATAGTAG-1","5","Rbfox3",1.15362686341201
"CGACAGCCAAGGGCAG-1","5","Rbfox3",1.28416416398736
"CGACAGCCACTATATC-1","12","Rbfox3",0
"CGACAGCCATCACTGC-1","0","Rbfox3",0.685779480902948
"CGACCAACATCCAAGG-1","8","Rbfox3",0
"CGACCATAGAAGGGCC-1","0","Rbfox3",0
"CGACCCTTCGAGCACT-1","0","Rbfox3",0.853362556070026
"CGACCCTTCTCACTAC-1","1","Rbfox3",1.71269921390063
"CGACCCTTCTGGCCTC-1","8","Rbfox3",0
"CGACCTAGTAAGTAGT-1","14","Rbfox3",0
"CGACCTAGTGAAGCAC-1","6","Rbfox3",0.792890692179947
"CGACTAATCACTGTCT-1","0","Rbfox3",1.46420396218255
"CGACTAATCCGCGATG-1","14","Rbfox3",0
"CGACTAGCAACCGCAA-1","3","Rbfox3",1.11501054201186
"CGACTAGCAATTGGTA-1","0","Rbfox3",1.28605584857797
"CGACTATGTGCGGATG-1","7","Rbfox3",1.45107665411119
"CGACTCCTCACTTCAC-1","6","Rbfox3",1.15036973789741
"CGACTCCTCAGCTGCG-1","4","Rbfox3",0
"CGACTGACATCATCTG-1","5","Rbfox3",2.0353375850368
"CGACTGACATGAAGTC-1","7","Rbfox3",1.58178186752517
"CGACTGGTCTCATCGT-1","1","Rbfox3",1.52706509447266
"CGACTTGGTGAGAGTC-1","1","Rbfox3",2.19876680348901
"CGACTTGGTTGAAGCA-1","5","Rbfox3",2.36241320469917
"CGAGCAAAGCATCCTT-1","6","Rbfox3",1.77543732578712
"CGAGCAGGTCCATAGT-1","14","Rbfox3",0
"CGAGCCATCAGGACTC-1","6","Rbfox3",1.50146748052936
"CGAGCCTGTCAGCCGT-1","2","Rbfox3",1.43386668376264
"CGAGCGAGTAATGACG-1","7","Rbfox3",0.953448550596298
"CGAGCGAGTAATGAGT-1","4","Rbfox3",0
"CGAGGGACATAACGAC-1","1","Rbfox3",2.03131582611214
"CGAGGGACATCGTAGG-1","10","Rbfox3",0
"CGAGGGTAGCAAGCTC-1","7","Rbfox3",1.06162810438859
"CGAGTAAGTGCGCCAT-1","9","Rbfox3",2.10216979275739
"CGAGTGAAGGAGCTTC-1","4","Rbfox3",0
"CGAGTGAAGTGAGCGA-1","3","Rbfox3",0.933052609603141
"CGATAACCATCCGGTT-1","7","Rbfox3",1.87725895566292
"CGATAGTCAAAGGGTA-1","8","Rbfox3",0
"CGATAGTCATCCCTGG-1","10","Rbfox3",0
"CGATCAATCCCTCGGT-1","11","Rbfox3",1.12558914024867
"CGATCAATCTAACTCC-1","9","Rbfox3",1.43991868583953
"CGATCCCTCGAACCGT-1","1","Rbfox3",1.93872025700503
"CGATCCCTCTATGGAT-1","9","Rbfox3",1.52655736826815
"CGATCCTCATCCCGTG-1","8","Rbfox3",0
"CGATCTAAGATTCACG-1","4","Rbfox3",0
"CGATCTAAGTAACGAA-1","12","Rbfox3",0
"CGATGGGGTATAGCTC-1","6","Rbfox3",1.13181550406067
"CGATGGGGTGCATCAT-1","4","Rbfox3",0
"CGATGGTTCCGTATAG-1","10","Rbfox3",0
"CGATGTTGTCTAGTAC-1","5","Rbfox3",1.22839729156757
"CGATGTTGTTAGACTC-1","1","Rbfox3",1.5367171160717
"CGATTAACATTGCACC-1","10","Rbfox3",0
"CGATTACGTTCACGGC-1","8","Rbfox3",0
"CGATTACGTTCCGCAA-1","4","Rbfox3",0
"CGATTACGTTGGGACG-1","16","Rbfox3",0
"CGATTAGTCAAGTCGC-1","3","Rbfox3",1.77386107128852
"CGATTATAGCGATAGG-1","4","Rbfox3",0
"CGATTATAGCTACCTT-1","4","Rbfox3",0
"CGATTATAGTTAGCTG-1","14","Rbfox3",0
"CGATTCAAGTCATAGT-1","5","Rbfox3",1.47453150890711
"CGATTCCCAAGCATGT-1","4","Rbfox3",0
"CGATTCCCACAATCAA-1","7","Rbfox3",1.6460467459687
"CGATTCCCAGTACCTC-1","4","Rbfox3",0
"CGATTTAGTTCACCGA-1","4","Rbfox3",0
"CGATTTAGTTGGACCC-1","5","Rbfox3",1.80235845818994
"CGCAAATCAATCAGAC-1","2","Rbfox3",0.930719852155481
"CGCAACTAGTATGGTT-1","13","Rbfox3",1.16594951843692
"CGCAATATCCCGCAAG-1","2","Rbfox3",1.36233143575843
"CGCAATATCCTGACTT-1","11","Rbfox3",1.12295876385956
"CGCACGATCCCGCTGT-1","5","Rbfox3",2.17874783732209
"CGCACTTCACTCATCA-1","10","Rbfox3",0
"CGCACTTCATCACTAT-1","8","Rbfox3",0
"CGCAGATTCCTGACCC-1","8","Rbfox3",0
"CGCAGCTGTCAGTTCG-1","8","Rbfox3",0
"CGCAGCTGTGGAGCTG-1","3","Rbfox3",1.71568504895095
"CGCAGGTCAATCCATT-1","0","Rbfox3",1.18161420741171
"CGCAGGTCACTCATCA-1","12","Rbfox3",2.08532623654161
"CGCAGTTAGCAATGAA-1","15","Rbfox3",2.08378489200487
"CGCATAGCAACATACA-1","11","Rbfox3",0
"CGCATAGCAATGAGCT-1","9","Rbfox3",2.18897103011473
"CGCATCAGTGCAGGTG-1","1","Rbfox3",2.05249809469379
"CGCATCAGTTCACCAG-1","15","Rbfox3",1.04580891437417
"CGCATCCTCCTGTCTG-1","7","Rbfox3",1.60843295608796
"CGCATCCTCGCGTCGA-1","0","Rbfox3",0.940126712270923
"CGCATCTCATCGCTGT-1","6","Rbfox3",0.438661604286603
"CGCATCTCATGATTGA-1","5","Rbfox3",1.80734463789444
"CGCATGGTCAGGCAAG-1","5","Rbfox3",1.20466157792761
"CGCATGGTCCATATCC-1","5","Rbfox3",1.56357504089199
"CGCATTCCACAAGCAT-1","3","Rbfox3",1.03340160412526
"CGCCAATAGCTTACCT-1","1","Rbfox3",1.53729024784982
"CGCCATAGTCTCAGGC-1","7","Rbfox3",2.02341879621451
"CGCCATGAGCAAGCCT-1","9","Rbfox3",1.90997388025959
"CGCCTAAGTGATCAGA-1","0","Rbfox3",0
"CGCCTAGAGTCATGGC-1","5","Rbfox3",1.75258115051263
"CGCCTAGAGTTAGATC-1","7","Rbfox3",1.47498630168669
"CGCCTCACAAGCTAAC-1","4","Rbfox3",0
"CGCCTGTTCATGGTTG-1","6","Rbfox3",1.17833490082933
"CGCCTGTTCGCGTTGG-1","6","Rbfox3",1.42436963354793
"CGCCTTGCAGGAGCAG-1","10","Rbfox3",0
"CGCCTTGCATTAGGGT-1","1","Rbfox3",1.917556495715
"CGCGAACCACTAGCTC-1","4","Rbfox3",0
"CGCGAAGGTAATGGCA-1","4","Rbfox3",0
"CGCGATTAGGTTCGCG-1","2","Rbfox3",0.822275796562545
"CGCGCAATCCTGCTCA-1","5","Rbfox3",2.16989960483277
"CGCGCATGTCATGAGA-1","3","Rbfox3",2.1654588845158
"CGCGCATGTCTTACCC-1","5","Rbfox3",2.09114913009212
"CGCGTACGTGATGCAA-1","7","Rbfox3",1.0974137267987
"CGCGTACGTTCACCTC-1","7","Rbfox3",1.44022592478974
"CGCGTACGTTGGCGTC-1","4","Rbfox3",0
"CGCGTTAGTCTTGATA-1","1","Rbfox3",1.97311473903337
"CGCGTTAGTTGAAGCA-1","4","Rbfox3",0
"CGCTAAATCACCTGCC-1","11","Rbfox3",1.97248277223389
"CGCTAAATCATAGAGA-1","2","Rbfox3",2.43353125415589
"CGCTAACAGCATTCGA-1","4","Rbfox3",0
"CGCTAACAGTGCCCGA-1","5","Rbfox3",1.52674536827352
"CGCTAATGTGGGTAGT-1","6","Rbfox3",1.41588345537646
"CGCTACTCAAGCGTAT-1","1","Rbfox3",2.40519990717726
"CGCTACTCATCACTTG-1","16","Rbfox3",0
"CGCTATGGTGAAGGCT-1","7","Rbfox3",1.43493825695981
"CGCTATGGTGCAGCGA-1","2","Rbfox3",0.635821491939416
"CGCTATGGTTCCAGTG-1","0","Rbfox3",0.930906012852557
"CGCTATGGTTGCTGGC-1","3","Rbfox3",2.17014952024906
"CGCTCATCAAACCTGG-1","0","Rbfox3",0.86633119627402
"CGCTCCACAAGGTTCG-1","13","Rbfox3",0
"CGCTGCAAGCCTGGTG-1","13","Rbfox3",1.56447123006835
"CGCTGCAAGTGAATGA-1","2","Rbfox3",1.78954069751684
"CGCTGCAAGTGAGGCA-1","9","Rbfox3",2.30159569150119
"CGCTGCTTCATACAGT-1","7","Rbfox3",1.63954489842766
"CGCTGCTTCCGGATGT-1","0","Rbfox3",2.37713366969923
"CGCTGCTTCCGTTACT-1","4","Rbfox3",0
"CGCTGCTTCGCTCTCA-1","10","Rbfox3",0
"CGCTGTGAGTAGAGCG-1","0","Rbfox3",1.66217581736418
"CGCTTAGGTTGCGTGC-1","7","Rbfox3",2.04036807337492
"CGGAAAGTCCCAGGCA-1","14","Rbfox3",1.43119589310499
"CGGAAAGTCGAGTCTA-1","14","Rbfox3",0
"CGGACAGGTTGCTGGC-1","0","Rbfox3",0
"CGGACATTCCTGCCAC-1","5","Rbfox3",1.53614449234634
"CGGACTTAGGCGATTC-1","3","Rbfox3",1.69124785428551
"CGGATAAGTGACGATA-1","3","Rbfox3",1.94522474806892
"CGGATCACAAATCCAA-1","6","Rbfox3",0
"CGGATCACAATTGCTT-1","3","Rbfox3",2.93458072219765
"CGGATCACATGGTAAC-1","2","Rbfox3",2.41500128539147
"CGGCAAGGTTTGGTGT-1","1","Rbfox3",1.99393437936761
"CGGCATTAGCTGGTGT-1","5","Rbfox3",2.0010649781345
"CGGCCTAAGCAAGCGA-1","5","Rbfox3",1.75205563971062
"CGGCTAACAAGGTTCG-1","1","Rbfox3",2.0410477724358
"CGGCTAGTCGTAGTAT-1","4","Rbfox3",0
"CGGCTCAAGATAGTAG-1","4","Rbfox3",0
"CGGCTGATCGATACAT-1","12","Rbfox3",0
"CGGCTGATCGCATCAA-1","8","Rbfox3",0
"CGGCTGATCTATGGAT-1","0","Rbfox3",1.97643552069954
"CGGCTTGAGGCTACAC-1","14","Rbfox3",0
"CGGCTTGAGGGGTAAT-1","3","Rbfox3",1.99440950715723
"CGGGACTCAGCTCGAA-1","0","Rbfox3",0.919784921826075
"CGGGCTTGTGCGTACC-1","0","Rbfox3",1.45685393491727
"CGGGCTTGTGGAGCCA-1","12","Rbfox3",0
"CGGGCTTGTTAGTGGA-1","5","Rbfox3",0
"CGGGGTAGTTGGAGCG-1","11","Rbfox3",1.615007764023
"CGGGTAAAGCATCTCT-1","9","Rbfox3",1.49991052219739
"CGGGTAAAGCATGCAC-1","5","Rbfox3",1.48428386758496
"CGGGTAAAGCGAGGTA-1","13","Rbfox3",1.60922461322783
"CGGGTAAAGCGATCAC-1","4","Rbfox3",0
"CGGGTAGGTAATTCGC-1","6","Rbfox3",1.52712153324676
"CGGGTAGGTTCCGTTC-1","1","Rbfox3",0
"CGGGTCATCCGCTGAG-1","0","Rbfox3",1.3675415044473
"CGGGTCATCCGTCCAC-1","12","Rbfox3",0
"CGGGTCATCTGGCATA-1","11","Rbfox3",1.84807577775508
"CGGGTGAGTAATGACG-1","2","Rbfox3",2.16898094859696
"CGGTAATCACTATCTG-1","8","Rbfox3",0
"CGGTATTGTTGAGCTT-1","7","Rbfox3",0.704642144626978
"CGGTCAACAACGGGCT-1","2","Rbfox3",1.03991957485422
"CGGTCAACAGGGCTGT-1","2","Rbfox3",1.69073655137334
"CGGTGTTAGTCGCTAA-1","7","Rbfox3",1.71312763866494
"CGGTGTTAGTGCTGCG-1","10","Rbfox3",0
"CGGTTAATCAGTGCCG-1","13","Rbfox3",0
"CGGTTAGCACTTCGTA-1","0","Rbfox3",1.49325209911497
"CGGTTATGTTGGTGAA-1","8","Rbfox3",0
"CGGTTCTCAATGACAC-1","0","Rbfox3",1.72273374137272
"CGGTTCTCATAGGGCC-1","6","Rbfox3",0
"CGTAAAGGTGATCCGC-1","11","Rbfox3",1.56488987236393
"CGTAAATTCCGCTGGA-1","4","Rbfox3",0
"CGTAAATTCCGGATAC-1","9","Rbfox3",2.38825432080366
"CGTAAATTCGCTCCTA-1","15","Rbfox3",0
"CGTAACATCTCACTCG-1","8","Rbfox3",0
"CGTACAGCACCTTGCG-1","5","Rbfox3",1.55730634129712
"CGTACCCTCATGTGCA-1","0","Rbfox3",0.863942226744074
"CGTACCCTCGACTACA-1","0","Rbfox3",0
"CGTACTAAGTCGATTG-1","1","Rbfox3",2.17686406706107
"CGTACTGGTAAGTAAC-1","4","Rbfox3",0
"CGTAGGCCACTACCTA-1","9","Rbfox3",2.11501286049509
"CGTAGGGGTGACCGAG-1","3","Rbfox3",2.24377524290292
"CGTAGGGGTTGTGCGC-1","13","Rbfox3",1.23970380573974
"CGTAGGTTCAGGCAGA-1","1","Rbfox3",2.88091931792026
"CGTAGGTTCGCATCCC-1","2","Rbfox3",1.46219697455799
"CGTAGTCAGCAGGCAA-1","5","Rbfox3",1.96672431838522
"CGTAGTCAGGCAATCC-1","1","Rbfox3",0.795282574001593
"CGTATATAGGATACTT-1","5","Rbfox3",0
"CGTATTAGTATGTGAG-1","12","Rbfox3",0
"CGTATTAGTCAGGGCA-1","13","Rbfox3",0
"CGTATTGAGGTATAGA-1","10","Rbfox3",0
"CGTCAATGTGCGCAAG-1","2","Rbfox3",1.68558462127767
"CGTCAATGTTAGTGTC-1","9","Rbfox3",2.4014381452156
"CGTCACCTCCATTAGG-1","6","Rbfox3",0
"CGTCAGTAGGTGCAAG-1","2","Rbfox3",1.72440904128567
"CGTCCGTTCCATGAAT-1","4","Rbfox3",0
"CGTCCTGCAAGCATCG-1","14","Rbfox3",0
"CGTCCTTGTTGTAACC-1","1","Rbfox3",2.4402223337834
"CGTCGCTTCATGATCG-1","5","Rbfox3",2.27271805985319
"CGTCGTAGTCTTGGGC-1","3","Rbfox3",2.77650364306929
"CGTCGTAGTTTCAGCG-1","14","Rbfox3",0
"CGTCGTTCAAGTTCGG-1","11","Rbfox3",1.53965980337245
"CGTGAAAGTGGCTACC-1","2","Rbfox3",0.729089290362499
"CGTGAAAGTTGTGCAT-1","6","Rbfox3",2.26430227536865
"CGTGAGAAGGTTAGTT-1","1","Rbfox3",1.40033189798098
"CGTGAGAAGGTTGGAG-1","0","Rbfox3",0
"CGTGAGGGTGAGTGAC-1","4","Rbfox3",0
"CGTGATGCACTACCGT-1","3","Rbfox3",0
"CGTGATTGTAATGAAC-1","1","Rbfox3",2.38810456347017
"CGTGATTGTTGACTAC-1","11","Rbfox3",0
"CGTGCCTTCAGGTCGT-1","10","Rbfox3",0
"CGTGCCTTCCAGATGC-1","1","Rbfox3",2.05521424634451
"CGTGCTAGTAAGTGAT-1","7","Rbfox3",1.40938112990723
"CGTGCTGAGTTGGGCT-1","3","Rbfox3",0.834994629426125
"CGTGGATTCCATTGAG-1","11","Rbfox3",1.88740912115649
"CGTGGATTCTGGCCTC-1","10","Rbfox3",0
"CGTGGGTCAATGGAGA-1","8","Rbfox3",0
"CGTGGGTCAATGTCGG-1","9","Rbfox3",1.70593547338393
"CGTGGGTCACAACGGC-1","12","Rbfox3",0
"CGTGGGTCAGCATGGC-1","8","Rbfox3",0
"CGTGTATGTAAGCCAA-1","1","Rbfox3",2.66818720706047
"CGTGTCAGTCTAGCGC-1","4","Rbfox3",0
"CGTGTCAGTGCAGGCA-1","5","Rbfox3",1.60417872663988
"CGTGTTAAGCAATCGC-1","4","Rbfox3",0
"CGTGTTGGTTCCTGTC-1","2","Rbfox3",1.4222967043771
"CGTTAATAGCGATTCA-1","4","Rbfox3",0
"CGTTACAAGGTCCAAC-1","0","Rbfox3",1.58339518249613
"CGTTACCCAAATGCGT-1","7","Rbfox3",1.99871744827408
"CGTTATAGTTCGCAAT-1","6","Rbfox3",0
"CGTTATAGTTTGAGAG-1","4","Rbfox3",0
"CGTTATGAGGATGGGC-1","5","Rbfox3",2.15274079228304
"CGTTATGAGGTAGCTC-1","12","Rbfox3",0
"CGTTATGAGTCGCAGT-1","1","Rbfox3",2.17805329825028
"CGTTCCATCCGTCAGG-1","0","Rbfox3",2.02244290173262
"CGTTCCGCAGGCATTG-1","11","Rbfox3",1.07105787118873
"CGTTCCGCAGTTGCGA-1","2","Rbfox3",1.48834254900977
"CGTTCCTGTAATCACC-1","11","Rbfox3",1.7760314470968
"CGTTCCTGTAGTGCCC-1","0","Rbfox3",2.15532275403443
"CGTTCCTGTTGCTATA-1","0","Rbfox3",0.851048702025144
"CGTTCGCTCAATCACG-1","2","Rbfox3",2.33083120488182
"CGTTCGCTCCGTGTGG-1","8","Rbfox3",0
"CGTTGGACAAATCCAA-1","9","Rbfox3",2.05151276615483
"CGTTGGACAACGTGCA-1","3","Rbfox3",2.14501731223415
"CGTTGTCCAAATCAGC-1","4","Rbfox3",0
"CGTTGTCCAGGCATAT-1","8","Rbfox3",0
"CGTTTAAGTTGACCTG-1","9","Rbfox3",1.95922753715815
"CGTTTCACAAGCCGGT-1","1","Rbfox3",2.25903837425366
"CGTTTCACAATCCTTG-1","1","Rbfox3",1.40371918852262
"CGTTTCCGTAATCCGT-1","13","Rbfox3",1.53087167167368
"CGTTTCCGTGAGATCA-1","2","Rbfox3",1.50949294844143
"CGTTTGAAGGTAGACG-1","8","Rbfox3",0
"CTAAACCGTAAGCTGA-1","15","Rbfox3",2.32069378202026
"CTAAACCGTGACTTCG-1","3","Rbfox3",1.83438971913488
"CTAAAGCCATTCGGTC-1","5","Rbfox3",1.72462550250993
"CTAAAGGGTAGCGAGT-1","7","Rbfox3",2.05376115211072
"CTAAAGGGTTGGTTCG-1","0","Rbfox3",1.98130941321731
"CTAACATAGGTCAAGG-1","3","Rbfox3",2.31102090794954
"CTAACATAGTAGAGCG-1","3","Rbfox3",2.0099681517432
"CTAACCAAGGTACTTG-1","11","Rbfox3",0.707865353033967
"CTAACCTTCGACTTAG-1","2","Rbfox3",1.33591546712642
"CTAACCTTCGTGCAAC-1","11","Rbfox3",1.8467254912217
"CTAACGATCCGTGTCC-1","4","Rbfox3",0
"CTAAGCATCACGTGTA-1","1","Rbfox3",2.17764429970308
"CTAAGCCAGATAGGCG-1","2","Rbfox3",0.665538064945878
"CTAAGCCAGCTATACG-1","15","Rbfox3",0
"CTAAGCCAGGCTCAGT-1","0","Rbfox3",0
"CTAAGCCAGGTAATTC-1","14","Rbfox3",0
"CTAAGGCTCATGATCG-1","3","Rbfox3",1.19341392245025
"CTAATCCTCCAGGGAA-1","3","Rbfox3",1.66564512701192
"CTAATCTCAAGTGGAA-1","4","Rbfox3",1.95975120046718
"CTAATCTCACAACCTC-1","10","Rbfox3",0
"CTAATCTCACCTCGTG-1","4","Rbfox3",0
"CTAATTGGTCTCACGA-1","3","Rbfox3",1.48358066810131
"CTACACAAGGATATAG-1","3","Rbfox3",1.80998966824312
"CTACACCCACCTCAGT-1","4","Rbfox3",0
"CTACACCCATAAGCCG-1","9","Rbfox3",1.58575824767944
"CTACAGGCAACCCTAC-1","0","Rbfox3",0
"CTACAGGCAGGTTGGC-1","5","Rbfox3",1.22465142865453
"CTACAGGCATAATCAG-1","7","Rbfox3",1.8753599352635
"CTACAGGCATTGGCCT-1","2","Rbfox3",2.02241039331004
"CTACATGAGGCAAGTG-1","8","Rbfox3",0
"CTACCAAAGCGCTCCT-1","4","Rbfox3",0
"CTACCAAAGGCTCTCC-1","6","Rbfox3",1.81104470536833
"CTACCCGCAAGTGTGT-1","6","Rbfox3",0.644083446104418
"CTACCCGCAATTACAG-1","6","Rbfox3",0.712440383494624
"CTACCCTGTGAAGTGC-1","0","Rbfox3",1.36243951315397
"CTACCGCTCGTGCGTG-1","3","Rbfox3",1.53678872974404
"CTACGATGTTGAGTAG-1","8","Rbfox3",0
"CTACGGACAGGGCTAC-1","0","Rbfox3",0
"CTACGGGTCGACTATG-1","11","Rbfox3",1.34788441237954
"CTACGGGTCTCACCGC-1","5","Rbfox3",2.25584536688784
"CTACGTCCAAGCTCGA-1","0","Rbfox3",1.07849141127901
"CTACGTCCATGGAACT-1","7","Rbfox3",1.04238942957237
"CTACGTTTCACTCTGT-1","5","Rbfox3",1.95975120046718
"CTACGTTTCAGGAGAT-1","1","Rbfox3",1.64618756255949
"CTACGTTTCTGGTGTA-1","2","Rbfox3",3.0882963035371
"CTACTCACATGGCCTT-1","3","Rbfox3",3.52288424244322
"CTACTCCGTATTGCAC-1","2","Rbfox3",2.12203857647403
"CTACTGTTCACAGCGT-1","1","Rbfox3",2.47968470580685
"CTACTGTTCATAGATC-1","3","Rbfox3",2.07460039564807
"CTACTTATCAGGTCTA-1","2","Rbfox3",1.18662418495802
"CTACTTATCTGGCTCC-1","4","Rbfox3",0
"CTACTTGCACTCGGTT-1","2","Rbfox3",1.89919689954267
"CTACTTGCATAAGTCA-1","2","Rbfox3",2.20949590637885
"CTAGAACCAAACCTGG-1","3","Rbfox3",2.28056455126855
"CTAGAACCAGGATAGA-1","14","Rbfox3",0
"CTAGATTAGTGAGCGA-1","12","Rbfox3",0
"CTAGCGCGTTCTGTCC-1","1","Rbfox3",1.89201874934151
"CTAGCTGGTGAGAGGA-1","12","Rbfox3",0
"CTAGGTCAGCTAGCGT-1","9","Rbfox3",1.45239160952753
"CTAGGTCAGTGTCCTT-1","12","Rbfox3",0
"CTAGGTTGTCTAGAGA-1","4","Rbfox3",0
"CTAGGTTGTGCAAGGT-1","3","Rbfox3",1.16170904648566
"CTAGTCAAGGATCCAC-1","2","Rbfox3",0.796417360058351
"CTATAGGTCCAGAGGA-1","6","Rbfox3",0.849743409943838
"CTATCATCAAGCACAT-1","5","Rbfox3",1.7500229809094
"CTATCATCAAGGTATC-1","15","Rbfox3",0
"CTATCATCACAGCAGC-1","5","Rbfox3",2.2327246328285
"CTATCATCATTACTCG-1","4","Rbfox3",0
"CTATCGAAGGGGACTA-1","5","Rbfox3",1.7538308117047
"CTATCTATCTGGAAGG-1","6","Rbfox3",1.89493446994273
"CTATGCTTCCCTTGAT-1","2","Rbfox3",1.29472426349221
"CTATGGATCAGGCAGA-1","10","Rbfox3",0
"CTATGTGAGCCACACG-1","4","Rbfox3",0
"CTATGTGAGGCAAGCA-1","2","Rbfox3",1.31971527505368
"CTATGTGAGTACGGTC-1","7","Rbfox3",1.80197091914771
"CTATGTTCATGCAGTG-1","2","Rbfox3",1.62727381289272
"CTATTCATCTAGCCGG-1","0","Rbfox3",0
"CTATTCGCATCACTCA-1","3","Rbfox3",1.95990088547034
"CTATTGAGTTATGTCA-1","1","Rbfox3",1.38787143135101
"CTCAACTTCACCTCGC-1","3","Rbfox3",2.59922443837022
"CTCACACCAAACTCAA-1","9","Rbfox3",1.92187188167881
"CTCACATTCACTTGAG-1","1","Rbfox3",1.22518902592041
"CTCAGGTAGGTTCCGG-1","1","Rbfox3",1.47557151990887
"CTCAGGTAGTTGCGGT-1","5","Rbfox3",2.68821866733292
"CTCAGTAAGGATAGCG-1","7","Rbfox3",1.17260607904698
"CTCAGTTTCCATCCTG-1","4","Rbfox3",0
"CTCATAAGTTAACGAG-1","4","Rbfox3",0
"CTCATAAGTTAATGCC-1","3","Rbfox3",1.60752067267123
"CTCATAAGTTAGTGTC-1","6","Rbfox3",1.22677660886308
"CTCATAGAGCTATGTG-1","7","Rbfox3",2.53604305344659
"CTCATAGAGTATGTCG-1","2","Rbfox3",2.04672721818397
"CTCATCCGTCTTGCTC-1","10","Rbfox3",0
"CTCATGAAGCGATAGG-1","13","Rbfox3",0.759528509677599
"CTCATTCAGCCAGAGA-1","8","Rbfox3",0
"CTCATTCAGTAATGGA-1","2","Rbfox3",2.59749702656509
"CTCATTCAGTGCCTGG-1","8","Rbfox3",0
"CTCATTGCATAACGGT-1","6","Rbfox3",1.45201562357044
"CTCCAAGGTAGGCGCA-1","5","Rbfox3",0.922698297773269
"CTCCAATTCCATAGAT-1","6","Rbfox3",0.599803182257153
"CTCCAATTCGATGCCG-1","12","Rbfox3",0
"CTCCAATTCGATGCGT-1","6","Rbfox3",1.52304251274123
"CTCCAGCTCATCAAGT-1","0","Rbfox3",1.57549910998561
"CTCCAGCTCCAGATAT-1","1","Rbfox3",1.37943378238381
"CTCCCAATCATATCCC-1","0","Rbfox3",1.76568037198701
"CTCCCACAGCGGTTAC-1","2","Rbfox3",1.83291754172156
"CTCCCACAGGGCAGGT-1","10","Rbfox3",0
"CTCCCTAAGTAAGCGG-1","9","Rbfox3",2.28941672951318
"CTCCCTGGTAACGGCG-1","10","Rbfox3",0
"CTCCCTGGTCAATCAC-1","16","Rbfox3",0
"CTCCCTGGTCATTGCG-1","6","Rbfox3",0
"CTCCCTGGTGAGCCGA-1","10","Rbfox3",0
"CTCCGTTGTTCACGCA-1","6","Rbfox3",1.6068190648265
"CTCCTAGTCTGGCACG-1","15","Rbfox3",0
"CTCCTGATCACCTAAG-1","11","Rbfox3",0.877052611395927
"CTCCTGATCCCGTTCA-1","0","Rbfox3",0.711752846528958
"CTCCTTAGTAATGCTC-1","10","Rbfox3",0
"CTCCTTAGTATGTGTC-1","1","Rbfox3",2.1802216026743
"CTCCTTAGTTGCATGT-1","6","Rbfox3",1.686659743766
"CTCGAACAGCCTAAGC-1","9","Rbfox3",0
"CTCGAATGTCATGATC-1","0","Rbfox3",1.85078388857223
"CTCGAATGTGAACCTT-1","0","Rbfox3",2.25810820145586
"CTCGAATGTTCAAGGA-1","5","Rbfox3",1.92123581098267
"CTCGACTCAATCCCGT-1","0","Rbfox3",1.86784201440472
"CTCGATCCAAATCCTT-1","5","Rbfox3",2.09258942519059
"CTCGATCCAACTAAGC-1","3","Rbfox3",1.97723927763111
"CTCGATTTCAGCCAGT-1","4","Rbfox3",0
"CTCGATTTCCTCACCA-1","2","Rbfox3",1.49775064960821
"CTCGCGAAGCTACCAA-1","14","Rbfox3",0
"CTCGCTATCGCGCCAA-1","14","Rbfox3",0
"CTCGCTGCATCCCAGT-1","2","Rbfox3",2.40015128781375
"CTCGGATAGCCCTGAG-1","12","Rbfox3",0
"CTCGGATAGGTGCGTT-1","2","Rbfox3",1.97766829731368
"CTCGTAGGTAACCGAA-1","5","Rbfox3",1.96290084905076
"CTCGTTACAAACTAGC-1","0","Rbfox3",0.86633119627402
"CTCGTTACACTCGCTG-1","5","Rbfox3",0
"CTCTAGAAGCAAGGAT-1","10","Rbfox3",0
"CTCTAGAAGCCCTTGC-1","2","Rbfox3",2.13780836625646
"CTCTAGCCAAGCACAT-1","2","Rbfox3",1.77532987119864
"CTCTAGCCAGGCATTG-1","2","Rbfox3",2.35744127529193
"CTCTAGCCATCCTCAA-1","8","Rbfox3",0
"CTCTATATCGCATGGT-1","0","Rbfox3",1.79328888292662
"CTCTATTGTAATCCTA-1","0","Rbfox3",2.52632685429779
"CTCTATTGTTAACGCT-1","1","Rbfox3",2.60784912316142
"CTCTGACCATGATCGG-1","8","Rbfox3",0
"CTCTGATTCATGCAAT-1","8","Rbfox3",0
"CTCTGCATCCAGGCCA-1","2","Rbfox3",1.80894329057525
"CTCTGCATCGCGCCTT-1","0","Rbfox3",0.762566969178094
"CTCTGCATCGTTCCAT-1","7","Rbfox3",0.926122300152693
"CTCTGGTCAGGGCAGA-1","8","Rbfox3",1.40603961858142
"CTCTGTTAGTTGCCGG-1","15","Rbfox3",0
"CTCTTAATCATGTCCT-1","2","Rbfox3",1.36863271599538
"CTCTTAATCCATTCCG-1","10","Rbfox3",0
"CTCTTAATCCGTGATA-1","10","Rbfox3",0
"CTCTTGGTCAGGGATG-1","13","Rbfox3",0
"CTGAAAGGTTTACTTC-1","10","Rbfox3",0
"CTGAATGTCCATTGAG-1","2","Rbfox3",0.707239111908003
"CTGAATGTCGTGAACC-1","7","Rbfox3",1.07225739449053
"CTGACAATCACCTGCC-1","5","Rbfox3",2.06462131982743
"CTGACAATCTGTGAAT-1","0","Rbfox3",1.78076135124162
"CTGACACAGCGATGTC-1","1","Rbfox3",2.50098677461119
"CTGACCAGTTAACCCG-1","9","Rbfox3",0.826445606839018
"CTGACCAGTTGAGGTA-1","2","Rbfox3",1.62014734674715
"CTGACCAGTTGCTCGA-1","5","Rbfox3",1.75613863415803
"CTGACCCTCACCTGCC-1","5","Rbfox3",1.99303975251733
"CTGACGTAGGATCTGC-1","8","Rbfox3",0
"CTGACGTAGTACGCTA-1","9","Rbfox3",2.07724257037791
"CTGACGTAGTACGGTC-1","6","Rbfox3",1.08532436785286
"CTGATCAAGGATCAGG-1","8","Rbfox3",0
"CTGATCAAGGCATGTC-1","13","Rbfox3",0
"CTGATTAGTAGTTAGG-1","10","Rbfox3",0
"CTGATTAGTGAGCCGA-1","1","Rbfox3",2.07209357012359
"CTGATTGAGGCTCAGT-1","5","Rbfox3",1.74802881897948
"CTGATTTCAATGAGTC-1","0","Rbfox3",1.11999401022154
"CTGCAACAGCGCTGAT-1","10","Rbfox3",0
"CTGCAATGTGAAGCGT-1","1","Rbfox3",1.96676837917572
"CTGCAATGTTGAGTTC-1","3","Rbfox3",1.94543030259697
"CTGCAATGTTTCGAGT-1","4","Rbfox3",0
"CTGCACCTCCCTGTGC-1","8","Rbfox3",0
"CTGCATCCAACTGTGG-1","5","Rbfox3",2.14219218485596
"CTGCATCCAAGCTCCT-1","2","Rbfox3",1.03212028863272
"CTGCATCCAATCCGCT-1","3","Rbfox3",2.22673899757539
"CTGCATCCATGACACG-1","1","Rbfox3",0.96041217199889
"CTGCATGGTCCATTCC-1","0","Rbfox3",1.30768372708065
"CTGCCATCAAGCTAAC-1","5","Rbfox3",2.01422443284486
"CTGCCTGCAATCTGCC-1","5","Rbfox3",1.25995207206784
"CTGCCTGCACTTCAGC-1","6","Rbfox3",1.49566526119506
"CTGCCTTGTGACCGAG-1","9","Rbfox3",2.32870310186711
"CTGCGCAAGGTATAGA-1","8","Rbfox3",0
"CTGCGGATCCCAATGA-1","0","Rbfox3",0.935115827148146
"CTGCGTAGTTTGAGCT-1","1","Rbfox3",1.86586093957915
"CTGCTAAAGCGCCATG-1","7","Rbfox3",1.32300017593735
"CTGCTGCTCACTCGAA-1","3","Rbfox3",2.27136566371747
"CTGCTGCTCCGTCATT-1","4","Rbfox3",0
"CTGCTGCTCGCATGAC-1","8","Rbfox3",0
"CTGCTGCTCGCGCAAT-1","0","Rbfox3",2.49744274220717
"CTGGAAAGTGAGCCAG-1","10","Rbfox3",0
"CTGGACTAGGCACATC-1","10","Rbfox3",0
"CTGGATGCAACCTGAG-1","2","Rbfox3",1.8943686847678
"CTGGATGCAAGCTGGC-1","11","Rbfox3",1.46473655628787
"CTGGATGCACCATTGC-1","8","Rbfox3",0
"CTGGCAACAATGCCCT-1","2","Rbfox3",1.91251858747505
"CTGGCCAAGCAAGCCT-1","14","Rbfox3",0
"CTGGCCAAGCCTCTGC-1","7","Rbfox3",1.91766260208516
"CTGGCCAAGTCGACCG-1","5","Rbfox3",2.23646723706388
"CTGGCCAAGTCGATGC-1","8","Rbfox3",0
"CTGGCTAGTTCTGTCC-1","1","Rbfox3",2.11376384195307
"CTGGGCATCGTAGTAT-1","2","Rbfox3",0.93314618055636
"CTGGTAATCCAACTAG-1","9","Rbfox3",1.91649626384902
"CTGGTAATCCATCAAG-1","6","Rbfox3",0
"CTGGTCAGTTAATGGG-1","8","Rbfox3",0
"CTGGTCAGTTTAGTGC-1","7","Rbfox3",1.822514098424
"CTGGTTAAGGAGTCAG-1","2","Rbfox3",0
"CTGTAACGTGAACGAC-1","2","Rbfox3",1.35881171542606
"CTGTAATAGTAATCGT-1","1","Rbfox3",2.1615879981224
"CTGTAATAGTAGTAAG-1","2","Rbfox3",1.8595409644798
"CTGTAATAGTGCAACC-1","6","Rbfox3",0.826734827227742
"CTGTACCCAAACTTAG-1","0","Rbfox3",0.781732719904764
"CTGTACCCACCTGTGT-1","7","Rbfox3",1.04525058938818
"CTGTACGGTTTGCAGT-1","9","Rbfox3",2.12585672122586
"CTGTACTTCAATTCCC-1","2","Rbfox3",1.85105525436007
"CTGTACTTCATGCACA-1","4","Rbfox3",0
"CTGTCCATCCGTCCGT-1","0","Rbfox3",1.17802364223914
"CTGTCCATCGCTCAGG-1","10","Rbfox3",0
"CTGTGATGTGCGGTAG-1","5","Rbfox3",2.15938105093959
"CTGTGCCTCATCTGTC-1","9","Rbfox3",1.09205553956717
"CTGTGGACAATATGGC-1","12","Rbfox3",0
"CTGTTAAGTTTCGAGT-1","6","Rbfox3",0
"CTGTTGAAGATAGCTT-1","7","Rbfox3",0
"CTGTTGAAGGTAGGCA-1","3","Rbfox3",2.14674346688765
"CTTAACCTCCGGACAT-1","14","Rbfox3",0
"CTTAATCCATGACCGA-1","14","Rbfox3",0
"CTTAATGGTGCGAGTG-1","3","Rbfox3",2.52200660741431
"CTTAATGGTTTGCCAG-1","10","Rbfox3",0
"CTTACAAGTCTGGTTG-1","1","Rbfox3",2.14139080346154
"CTTACGAAGCAGTTCA-1","0","Rbfox3",1.37861873503616
"CTTACGAAGGTACGGA-1","5","Rbfox3",1.52985532638948
"CTTACGAAGTAAGGAC-1","3","Rbfox3",1.7195294870039
"CTTACGAAGTACGCTA-1","6","Rbfox3",0.928955294715477
"CTTACGGGTGATCAAG-1","1","Rbfox3",2.1651660828208
"CTTACGTTCTTGATGG-1","6","Rbfox3",1.31401621564324
"CTTACTATCCATGCTT-1","13","Rbfox3",0.560463532074788
"CTTACTATCCTTGAGA-1","7","Rbfox3",2.00815126651574
"CTTAGCAAGCTAACTG-1","0","Rbfox3",0
"CTTAGGATCCCCTTGA-1","8","Rbfox3",0
"CTTAGTAGTGATAGGC-1","10","Rbfox3",0
"CTTAGTAGTGGGTTGG-1","1","Rbfox3",2.19127344393829
"CTTAGTAGTTTACCGG-1","2","Rbfox3",0.641262345190934
"CTTAGTGAGGCGTAGA-1","14","Rbfox3",0
"CTTATCGCAAGCGTGC-1","1","Rbfox3",1.47442327347611
"CTTATCGCATCCGTAC-1","3","Rbfox3",1.69197034045369
"CTTATCGCATGCTTGC-1","3","Rbfox3",1.19622392527256
"CTTATCTGTGCGTACC-1","5","Rbfox3",2.52791645104193
"CTTATGCTCCTTCACG-1","13","Rbfox3",1.49412245867914
"CTTATGCTCTATCGAG-1","8","Rbfox3",0
"CTTCAATCAGGTTCGA-1","0","Rbfox3",2.72398634305798
"CTTCAATCATTGGAGT-1","13","Rbfox3",0
"CTTCACTAGTAGGTAA-1","11","Rbfox3",0.744650536916549
"CTTCAGCCAAACCCGA-1","5","Rbfox3",1.77187287043136
"CTTCATCAGGGCTAGA-1","3","Rbfox3",2.35709500583626
"CTTCATCAGTCGATAT-1","10","Rbfox3",0
"CTTCATCAGTGCGGTT-1","4","Rbfox3",0
"CTTCGAGGTGAGTTGA-1","7","Rbfox3",1.90550297062729
"CTTCGATTCTAATGCG-1","3","Rbfox3",1.90368186428975
"CTTCGCATCGAGGTCT-1","12","Rbfox3",0
"CTTCGCGCAAGGTAAG-1","8","Rbfox3",0
"CTTCGCGCAGGATCTG-1","3","Rbfox3",2.44226978139673
"CTTCGCGCAGTAAGCT-1","3","Rbfox3",1.99514105315644
"CTTCGGTCAAGTGGAA-1","7","Rbfox3",1.44071782555534
"CTTCGTTAGCGACTGT-1","3","Rbfox3",2.28610242716694
"CTTCTATGTGAAGCGT-1","7","Rbfox3",2.0989184100704
"CTTCTATGTTTAGTTG-1","8","Rbfox3",0
"CTTCTGGTCACAGGGA-1","6","Rbfox3",1.2731302713198
"CTTCTGGTCTGGTCAA-1","2","Rbfox3",0.759589030255291
"CTTGAATAGGCGTACT-1","12","Rbfox3",0
"CTTGAATAGTAACCTG-1","1","Rbfox3",0
"CTTGAATAGTATGGAA-1","3","Rbfox3",0.840274325425812
"CTTGACCCATCCGCTG-1","8","Rbfox3",0
"CTTGAGGCAACCTCGT-1","2","Rbfox3",1.10155425388178
"CTTGATAGTAGCCTGC-1","6","Rbfox3",0.626799883167989
"CTTGATGAGGCGCATT-1","4","Rbfox3",0
"CTTGCAAAGATTAAGG-1","0","Rbfox3",1.45326979668964
"CTTGCAAAGGAGCTTC-1","5","Rbfox3",0.818645762662845
"CTTGCAAAGGCAAGGC-1","11","Rbfox3",0
"CTTGCAAAGTGAGCAG-1","2","Rbfox3",1.70387319081344
"CTTGCCATCCAGCTCC-1","11","Rbfox3",2.10173333845858
"CTTGCCTGTTATCTCT-1","11","Rbfox3",2.05368215049642
"CTTGCGGAGTAGCGTC-1","7","Rbfox3",1.85896912177411
"CTTGCTTAGCGCTTCC-1","5","Rbfox3",2.12998381264683
"CTTGCTTAGGGTCACT-1","7","Rbfox3",1.94435176945439
"CTTGCTTAGTCGCGTG-1","11","Rbfox3",1.61619197847266
"CTTGGATGTGGACCCT-1","7","Rbfox3",1.38263057734681
"CTTGGCTCATCAATTC-1","4","Rbfox3",0
"CTTGGCTCATGCGTAG-1","9","Rbfox3",1.97603396218937
"CTTGGGACACTTACGC-1","9","Rbfox3",0.887135161662693
"CTTGGGACATCAATCT-1","3","Rbfox3",1.76693667932462
"CTTGGGACATGACCTC-1","5","Rbfox3",0.734971603122769
"CTTGGGCGTCTCCAGA-1","5","Rbfox3",1.42950232524682
"CTTGGGGTCTTGATGG-1","3","Rbfox3",1.60826561059201
"CTTGGGTAGGTGAGGC-1","0","Rbfox3",0.859520019880326
"CTTGGTAAGGTGACGA-1","1","Rbfox3",1.91471847111729
"CTTGGTAAGTTGCTCT-1","4","Rbfox3",0
"CTTGTGAAGGTACGTC-1","0","Rbfox3",1.02610960789838
"CTTGTGTTCACTGGTA-1","4","Rbfox3",0
"CTTGTGTTCCCTCACA-1","5","Rbfox3",2.37946447147854
"CTTGTGTTCTCATGCT-1","0","Rbfox3",1.1524400913823
"GCAAACCTCTAATGGT-1","5","Rbfox3",1.15845114564495
"GCAACATCAATGGGCC-1","11","Rbfox3",2.03475925537191
"GCAACGGGTTCCGCTT-1","5","Rbfox3",1.68210204657555
"GCAACGGGTTTGGTAC-1","11","Rbfox3",1.45565972513391
"GCAACGTTCAATCTCC-1","2","Rbfox3",1.83897256470905
"GCAACGTTCAGCCCGA-1","13","Rbfox3",0.810236398107597
"GCAACGTTCCGCCTTA-1","7","Rbfox3",0.842714736035113
"GCAACTATCATGTGCA-1","5","Rbfox3",2.1569266796731
"GCAACTATCGACCCGA-1","2","Rbfox3",1.31481269643516
"GCAAGCAAGCGCTCAG-1","12","Rbfox3",0
"GCAAGCAAGCTGGATC-1","14","Rbfox3",1.18958406687384
"GCAAGCTTCAAGTAAG-1","11","Rbfox3",1.52702747137456
"GCAATAGGTTCGGTTG-1","2","Rbfox3",2.24852781005642
"GCAATAGGTTGCTATA-1","10","Rbfox3",0
"GCAATATTCAATCTGG-1","11","Rbfox3",2.00582823538942
"GCAATATTCCCAGACG-1","0","Rbfox3",1.47667842258816
"GCAATATTCCGTATAG-1","6","Rbfox3",0.987333818633988
"GCAATCGCAATGTCAA-1","0","Rbfox3",1.31821006104027
"GCAATCTGTTCGAGCC-1","1","Rbfox3",2.16550769529511
"GCAATTTAGTGAACTT-1","2","Rbfox3",1.44150568318224
"GCACAATCAACCTGTC-1","11","Rbfox3",1.97890905519238
"GCACAATCAATACCTT-1","9","Rbfox3",1.82493184495875
"GCACACTAGCGATCAC-1","3","Rbfox3",2.21287878803916
"GCACAGCCAACTGCCT-1","1","Rbfox3",1.18294733321538
"GCACCATAGAATCCAT-1","4","Rbfox3",0
"GCACCATAGGGGTTAG-1","1","Rbfox3",2.46913898500502
"GCACCATAGGTCGATC-1","4","Rbfox3",0
"GCACCATAGTTACAGT-1","3","Rbfox3",1.84582669049833
"GCACCATAGTTGGTAT-1","10","Rbfox3",0
"GCACCGATCCATCTCG-1","7","Rbfox3",1.14372189198569
"GCACCGATCCTCATAC-1","11","Rbfox3",1.17722040398932
"GCACGAGGTAGCTCGC-1","10","Rbfox3",0
"GCACGAGGTCCATACG-1","6","Rbfox3",0
"GCACGATTCCGTCCAC-1","1","Rbfox3",2.19261566157738
"GCACGATTCTATCGCT-1","8","Rbfox3",0
"GCACGGTCAACCTCGT-1","8","Rbfox3",0
"GCACGGTCATAGAGCT-1","0","Rbfox3",1.59456539718024
"GCACTAATCACCTGAA-1","7","Rbfox3",1.32082159431769
"GCACTAGCACAACGTG-1","0","Rbfox3",1.17391667173224
"GCACTATGTTGCTTGG-1","3","Rbfox3",2.2829662682878
"GCACTCCTCTCATTGC-1","7","Rbfox3",1.9129203186025
"GCACTGGTCACCTAGA-1","15","Rbfox3",0
"GCACTGGTCCGGGCTA-1","3","Rbfox3",2.34755122348684
"GCACTGGTCCGTCACC-1","10","Rbfox3",0
"GCACTTGGTAGCGCGA-1","10","Rbfox3",0
"GCACTTGGTTGGTTCG-1","5","Rbfox3",1.77307787837267
"GCAGCCATCCATAGTG-1","0","Rbfox3",1.64652564196957
"GCAGGATGTGCAGGAT-1","4","Rbfox3",0
"GCAGGGTAGAACGGCA-1","2","Rbfox3",0.593750504454299
"GCAGGGTAGCAGGGAC-1","8","Rbfox3",0
"GCAGGGTAGGGTCAAG-1","9","Rbfox3",1.49038171451844
"GCAGTAAGTAGCGAGT-1","3","Rbfox3",1.56279933612564
"GCAGTAAGTCAAGGCG-1","10","Rbfox3",0
"GCAGTAAGTCATTCCC-1","8","Rbfox3",0
"GCAGTAAGTGAGGTGT-1","3","Rbfox3",2.56380885786623
"GCATAACCAATCTACT-1","3","Rbfox3",2.26904971577095
"GCATAACCAGGTTCCT-1","3","Rbfox3",1.1914636469111
"GCATAACCATCCCAAC-1","8","Rbfox3",0
"GCATAAGGTTAAGTGG-1","1","Rbfox3",1.80596201188808
"GCATAGCTCAGCGGTT-1","5","Rbfox3",2.98339086429438
"GCATAGCTCCGGTATA-1","3","Rbfox3",2.05068606068827
"GCATAGTCAAGTGCGC-1","1","Rbfox3",2.19028588235876
"GCATAGTCACAGCGGT-1","1","Rbfox3",1.84481686565919
"GCATCACAGCGAATGG-1","4","Rbfox3",0
"GCATCACAGTAAGCAA-1","10","Rbfox3",0
"GCATCAGCACTTCACA-1","0","Rbfox3",0
"GCATCCCTCACAGAGG-1","11","Rbfox3",1.39262763184912
"GCATCCCTCCGGGTAT-1","4","Rbfox3",0
"GCATCCCTCGATGGCT-1","4","Rbfox3",0
"GCATCCTCATTCATCG-1","11","Rbfox3",1.90216244023828
"GCATCTAAGCCTCTCA-1","1","Rbfox3",1.60185458584676
"GCATGGGGTGCGCAAG-1","4","Rbfox3",0
"GCATGGGGTTGGACCC-1","1","Rbfox3",2.05454666992568
"GCATGGGGTTGTCCGA-1","11","Rbfox3",2.04572479184341
"GCATGGTTCCAGATTG-1","7","Rbfox3",1.87974811177102
"GCATGGTTCCGCTGGA-1","2","Rbfox3",1.28539304040887
"GCATGGTTCGTTAGAT-1","0","Rbfox3",1.67527766992964
"GCATGTCAGGCTTGGT-1","1","Rbfox3",1.77233898895569
"GCATGTTGTTGTAGAG-1","1","Rbfox3",1.01678409397515
"GCATTATAGGATAGTA-1","2","Rbfox3",1.62674818761405
"GCATTCAAGTCGCAGT-1","1","Rbfox3",1.80267569149187
"GCATTTGAGCATTGAT-1","5","Rbfox3",2.28109034946334
"GCATTTGAGTGATGCC-1","4","Rbfox3",0
"GCCAACTAGTGTCAAT-1","14","Rbfox3",0
"GCCAAGCCAGTAATCA-1","6","Rbfox3",1.44549317558611
"GCCAATATCGAATGAA-1","8","Rbfox3",0
"GCCAATGCAAGTCGCA-1","13","Rbfox3",1.07817142807309
"GCCACATAGCCAGTAC-1","0","Rbfox3",0.848824578241004
"GCCACATAGGTGCTCG-1","6","Rbfox3",0
"GCCACCTTCCCAGATA-1","8","Rbfox3",0
"GCCACCTTCTCATCCG-1","1","Rbfox3",1.29317437694232
"GCCACTTCAAACTGAC-1","8","Rbfox3",0
"GCCACTTCAATACATG-1","2","Rbfox3",1.99495810067538
"GCCACTTCATTACTGT-1","3","Rbfox3",2.26344072899396
"GCCATATGTTCGCTGA-1","0","Rbfox3",1.86937772850066
"GCCATCAGTGAACCGG-1","7","Rbfox3",2.26211553612136
"GCCATCCTCGATACAT-1","0","Rbfox3",1.60624557133513
"GCCATGGTCATGTGTG-1","10","Rbfox3",0
"GCCATTCCAGCTCAAG-1","6","Rbfox3",0.710592466494594
"GCCATTCCAGGAGCAG-1","1","Rbfox3",2.38867378482206
"GCCCAAGTCTAACCGA-1","0","Rbfox3",1.33570886433178
"GCCCAATAGCGCTGTG-1","5","Rbfox3",2.20329196155284
"GCCCAATAGGATGAGT-1","10","Rbfox3",0
"GCCCACTTCAGTTGAT-1","2","Rbfox3",2.20843153330827
"GCCCATAGTAGCCAGG-1","10","Rbfox3",0
"GCCCATTCAAGCGGTC-1","8","Rbfox3",0
"GCCCATTCAGGCTCAA-1","1","Rbfox3",2.18480600179186
"GCCCCATTCAGTTGCA-1","6","Rbfox3",1.79189837162157
"GCCCCATTCCTGAATG-1","3","Rbfox3",1.59121003908824
"GCCCCATTCGTGCCGA-1","11","Rbfox3",0
"GCCCCTTAGGAACCCT-1","10","Rbfox3",0
"GCCCGTAAGTGCAACC-1","11","Rbfox3",1.47051767688898
"GCCCTAAGTTGTAACC-1","1","Rbfox3",2.06964521373457
"GCCCTAGAGGTTACTG-1","3","Rbfox3",2.36807269912178
"GCCCTCACATGCAGAT-1","14","Rbfox3",0
"GCCCTGAAGAACGGAT-1","4","Rbfox3",0
"GCCGAACCATTACGAA-1","14","Rbfox3",0
"GCCGAGTCAAGCATGT-1","12","Rbfox3",0
"GCCGATTAGGTTAGTT-1","12","Rbfox3",0
"GCCGATTAGTCTAGGC-1","12","Rbfox3",0
"GCCGCTAAGCCTGCGA-1","4","Rbfox3",0
"GCCGGTTGTAGGTGTA-1","14","Rbfox3",0
"GCCGTACGTGAGGTGT-1","12","Rbfox3",0
"GCCGTACGTTGCTTCC-1","1","Rbfox3",2.55910777604663
"GCCGTAGTCGCGACTG-1","9","Rbfox3",0.923429730068741
"GCCGTCAAGTGCCCGA-1","3","Rbfox3",1.93047041241648
"GCCGTCAAGTTAGCTG-1","14","Rbfox3",0
"GCCGTTAGTGAGCCGA-1","15","Rbfox3",2.11317738289174
"GCCGTTAGTGCGGTAG-1","6","Rbfox3",1.29464731017615
"GCCGTTGAGGCAAGCA-1","4","Rbfox3",0
"GCCTAAATCGTTCGGG-1","5","Rbfox3",2.43054560141766
"GCCTAACAGGTTAGCC-1","13","Rbfox3",0.612220852025454
"GCCTAACAGGTTGCGT-1","1","Rbfox3",2.0623069542727
"GCCTAATGTCTGGGTC-1","2","Rbfox3",0.937945121309537
"GCCTACCTCCCAGACG-1","10","Rbfox3",0
"GCCTACTCAAGTTAGC-1","6","Rbfox3",2.40483315208427
"GCCTACTCAGCATGGC-1","4","Rbfox3",0
"GCCTATGGTCAGTTCG-1","0","Rbfox3",1.30083660875699
"GCCTATGGTTCGCTCT-1","8","Rbfox3",0
"GCCTCATCATAATCGA-1","5","Rbfox3",1.31986601222695
"GCCTGATAGCCAGTAC-1","6","Rbfox3",1.71156423557911
"GCCTGATAGTCATGTG-1","3","Rbfox3",2.07663203993736
"GCCTGATAGTGGCTAC-1","1","Rbfox3",1.81075940747296
"GCCTGCAAGTTACCTC-1","7","Rbfox3",1.63019688144943
"GCCTGCTTCCGCTAGG-1","3","Rbfox3",1.59230061517931
"GCCTGGATCTATCTGC-1","8","Rbfox3",0
"GCCTGGATCTTGACAG-1","11","Rbfox3",2.07166391816791
"GCCTGTGAGAAGCTGG-1","7","Rbfox3",1.3721381121164
"GCCTGTGAGCATCGCG-1","5","Rbfox3",0.832417690512704
"GCCTTCATCGCATGGT-1","0","Rbfox3",0
"GCCTTCATCGCGTTGG-1","3","Rbfox3",1.50772392985899
"GCCTTCATCTCACCTG-1","5","Rbfox3",1.9392116002433
"GCCTTGCTCACGTGTA-1","1","Rbfox3",1.3912270643344
"GCCTTGCTCCCTTGCA-1","1","Rbfox3",2.26357806950817
"GCGAATAGTTAGTGTC-1","11","Rbfox3",0
"GCGAATTCAAAGGAGC-1","5","Rbfox3",1.95255663677808
"GCGAATTCAGGCTATG-1","10","Rbfox3",0
"GCGAGTTTCTCACACT-1","6","Rbfox3",1.63404501216102
"GCGATCCGTAACCCAT-1","4","Rbfox3",0
"GCGATCCGTGCGTGGA-1","1","Rbfox3",1.0668512921214
"GCGATGAAGTAGGCAG-1","2","Rbfox3",2.47896920370852
"GCGATGTTCTCATGTC-1","4","Rbfox3",0
"GCGATTCAGTACGCAC-1","0","Rbfox3",1.27257495441284
"GCGCAAGGTAGTAACG-1","4","Rbfox3",0
"GCGCATTAGCCTGTCC-1","0","Rbfox3",2.08759240628572
"GCGCCAATCAGGTCAC-1","12","Rbfox3",0
"GCGCCTAAGCAATGAA-1","5","Rbfox3",1.22601059102965
"GCGCCTAAGCATGGGA-1","9","Rbfox3",2.1981139603854
"GCGCTAACAACCTGTC-1","7","Rbfox3",1.58394922915061
"GCGCTAACAAGGTAGA-1","15","Rbfox3",0
"GCGCTAACAATCGGTG-1","13","Rbfox3",0.716862888428236
"GCGCTAACACTAGGCA-1","3","Rbfox3",1.50675338335645
"GCGCTAACATCCTGTA-1","3","Rbfox3",1.26303573531739
"GCGCTCAAGCTAACTG-1","10","Rbfox3",0
"GCGCTTGAGGATACCC-1","8","Rbfox3",0
"GCGGAGACAATCGAAC-1","1","Rbfox3",1.81186046653682
"GCGGAGACAATTACAG-1","7","Rbfox3",1.80606827324287
"GCGGAGACACATACCC-1","0","Rbfox3",0
"GCGGAGTAGGATCTAT-1","12","Rbfox3",0
"GCGGCTTGTATGGGTA-1","5","Rbfox3",2.41164434364662
"GCGGCTTGTTCCAGTG-1","4","Rbfox3",0
"GCGGGATAGGATTAGA-1","8","Rbfox3",0
"GCGGGTAGTCAGTTCG-1","8","Rbfox3",0
"GCGGTAAAGGCTACGT-1","5","Rbfox3",1.40860239086312
"GCGGTAGGTTAGGTCT-1","4","Rbfox3",0
"GCGGTGAGTGAGGCCA-1","11","Rbfox3",1.5680883526154
"GCGTAAAGTAAGGTAT-1","13","Rbfox3",1.23432360154957
"GCGTAATCAAGGTGAA-1","14","Rbfox3",0
"GCGTAATCAGGTAGTT-1","13","Rbfox3",0
"GCGTAATCATTACCCA-1","5","Rbfox3",0.748855591357373
"GCGTAGCCAAACCAAC-1","9","Rbfox3",1.8170982150166
"GCGTAGCCAATAGGTC-1","8","Rbfox3",0
"GCGTGAAAGCAATTCG-1","4","Rbfox3",0
"GCGTGAGGTAGCCCTA-1","13","Rbfox3",1.28820741537116
"GCGTGAGGTATAGCCT-1","1","Rbfox3",1.83486144841433
"GCGTGAGGTCTGTGAT-1","0","Rbfox3",1.66004518425543
"GCGTGAGGTGGGTAAC-1","13","Rbfox3",1.29023989597623
"GCGTTAATCGCTCGCT-1","5","Rbfox3",2.20760266198332
"GCGTTCCTCAGGTAGG-1","4","Rbfox3",0
"GCGTTCTCATCCCAAC-1","6","Rbfox3",1.05280275263682
"GCGTTTCCACTTAATC-1","5","Rbfox3",1.55578048865207
"GCGTTTCCAGGATCTG-1","5","Rbfox3",1.90740530890037
"GCGTTTGGTTTCAGCG-1","5","Rbfox3",1.46625160455161
"GCTAAACCAAATCCTT-1","1","Rbfox3",1.59245655857572
"GCTAAACCACTCGCAT-1","3","Rbfox3",1.75783143529052
"GCTAAAGGTGGCTTCA-1","8","Rbfox3",0
"GCTAAATTCCGCCTGT-1","9","Rbfox3",1.83734307652052
"GCTAACATCACTGGGT-1","4","Rbfox3",0
"GCTAACATCTGTCAAG-1","2","Rbfox3",1.34298377871736
"GCTAAGTCACAATGCG-1","7","Rbfox3",1.17846464595215
"GCTACAGCAGGATACT-1","15","Rbfox3",0
"GCTACAGCAGGCTACA-1","2","Rbfox3",1.01983431693427
"GCTAGGCCAAACCCAG-1","3","Rbfox3",1.5449567549452
"GCTAGGCCATTCGGTC-1","3","Rbfox3",0.699354462482472
"GCTAGGTTCAATTGCG-1","16","Rbfox3",0
"GCTAGGTTCACCTGCC-1","7","Rbfox3",1.49873967905813
"GCTAGTCAGCTACCGG-1","11","Rbfox3",0.692098831613371
"GCTAGTCAGGATGGAT-1","0","Rbfox3",0.858343642288617
"GCTAGTTGTAATGCCT-1","2","Rbfox3",2.03908798552483
"GCTAGTTGTGAGTAAT-1","2","Rbfox3",1.23354696276935
"GCTATCCCAGGATCAT-1","0","Rbfox3",0
"GCTATCCCAGTACTCC-1","7","Rbfox3",2.38020577873275
"GCTATCCCATCGCGTT-1","11","Rbfox3",2.00540421643993
"GCTATTGAGGATCATT-1","7","Rbfox3",1.00830350856397
"GCTATTGAGTCATCTC-1","6","Rbfox3",0.620533028500258
"GCTCAAATCTAGTCGA-1","14","Rbfox3",0
"GCTCAATGTAGGCTGG-1","4","Rbfox3",0
"GCTCAATGTCAACGGG-1","5","Rbfox3",1.13388407946068
"GCTCACCTCATACTCC-1","2","Rbfox3",1.34492913007098
"GCTCAGGTCTAACCTC-1","15","Rbfox3",0
"GCTCAGGTCTAGTACG-1","5","Rbfox3",1.61318173282512
"GCTCAGTAGTAACGAA-1","3","Rbfox3",2.155285274137
"GCTCATCCAGGACTCA-1","6","Rbfox3",1.79831723574916
"GCTCATCCAGGATAGA-1","13","Rbfox3",0.544044467029992
"GCTCCAAGTGAGACCG-1","8","Rbfox3",0
"GCTCCAAGTTGACTAC-1","5","Rbfox3",1.99028490042588
"GCTCCATCACCAATCC-1","0","Rbfox3",0.927474899025573
"GCTCCATCACTAACTT-1","12","Rbfox3",0
"GCTCCCACAAGCTGCA-1","5","Rbfox3",1.38143907613828
"GCTCCGTTCGATCAGC-1","9","Rbfox3",2.17520212162087
"GCTCCGTTCGCTCTGC-1","3","Rbfox3",1.99596488433083
"GCTCCTTGTAACTTCA-1","7","Rbfox3",3.16264271559974
"GCTCCTTGTAATGCAG-1","12","Rbfox3",0
"GCTCCTTGTATAGTGG-1","8","Rbfox3",0
"GCTCCTTGTGATAGCA-1","4","Rbfox3",0
"GCTCGATAGGTACGAG-1","13","Rbfox3",0.629941572033342
"GCTCGTTCACATGCTC-1","10","Rbfox3",0
"GCTCGTTCACTAATCT-1","3","Rbfox3",1.0619993360206
"GCTCGTTCAGGTAATC-1","0","Rbfox3",0
"GCTGAAAGTGGGAACT-1","3","Rbfox3",1.92958931200611
"GCTGAAAGTTAAGGAT-1","5","Rbfox3",2.40864609687274
"GCTGACTAGCGATCAC-1","0","Rbfox3",0
"GCTGACTAGCGGATCT-1","1","Rbfox3",1.82001773905625
"GCTGACTAGCTAGACC-1","2","Rbfox3",1.31587638496669
"GCTGAGAAGCAATCTG-1","2","Rbfox3",1.46046730918825
"GCTGAGAAGCGAGTGA-1","3","Rbfox3",1.34676065446578
"GCTGAGAAGCGATCTA-1","9","Rbfox3",1.31991626668374
"GCTGAGGGTCATCAAC-1","8","Rbfox3",0
"GCTGAGGGTTCCCTTA-1","3","Rbfox3",0.791172611222276
"GCTGAGGGTTTACTAG-1","0","Rbfox3",0.852049737502745
"GCTGATTGTCAACTGT-1","11","Rbfox3",2.11664919784441
"GCTGATTGTCCATCCT-1","9","Rbfox3",2.37311640637767
"GCTGATTGTGATTGAG-1","6","Rbfox3",0
"GCTGCCTTCCATCCAT-1","3","Rbfox3",1.86555325363576
"GCTGCCTTCCGTGCGA-1","4","Rbfox3",0
"GCTGCGATCGAACCTA-1","1","Rbfox3",2.21836015845166
"GCTGCTGAGATAGATG-1","11","Rbfox3",1.44153853241512
"GCTGCTGAGGGTCCTG-1","1","Rbfox3",1.84954142070345
"GCTGGCTGTAATGCTC-1","2","Rbfox3",1.73985008583222
"GCTGGCTGTTAACTGC-1","0","Rbfox3",0
"GCTGTATGTGAGTTAG-1","7","Rbfox3",1.79092662167429
"GCTGTATGTTGGCGAG-1","7","Rbfox3",0.699762196981082
"GCTGTTAAGGGGTAAT-1","1","Rbfox3",2.03473172671214
"GCTGTTAAGTAACGAA-1","11","Rbfox3",1.80813590688425
"GCTTACAAGCCAGACT-1","5","Rbfox3",1.3325158444303
"GCTTACTTCCCAGGCA-1","2","Rbfox3",1.60579986211621
"GCTTATAGTAGCGAGT-1","6","Rbfox3",2.40389080715458
"GCTTATGAGCGGGTAA-1","6","Rbfox3",0
"GCTTATGAGCTTAACG-1","5","Rbfox3",1.69504938468529
"GCTTATGAGGCATGTC-1","8","Rbfox3",0
"GCTTATGAGGTGAGTG-1","1","Rbfox3",2.5272231852631
"GCTTCATTCACTCTAC-1","11","Rbfox3",2.21785145965833
"GCTTCATTCCGCGATG-1","9","Rbfox3",1.87764977418107
"GCTTCCGCACAGCGGT-1","2","Rbfox3",1.9298661172312
"GCTTCCGCATGCTGTC-1","3","Rbfox3",1.06929549291983
"GCTTCCTGTAGTGAGC-1","12","Rbfox3",0
"GCTTCCTGTGACGTGG-1","0","Rbfox3",1.82229668049869
"GCTTCGCTCAAGTCGC-1","3","Rbfox3",1.41076585539878
"GCTTCGCTCACATTGG-1","5","Rbfox3",2.00144046455637
"GCTTGATGTCTCCAAG-1","2","Rbfox3",1.78347441769395
"GCTTGGGTCCATTGCT-1","6","Rbfox3",0.98228992977332
"GCTTGGGTCCCCAGGA-1","11","Rbfox3",1.99373084402567
"GCTTGGGTCCCTCATG-1","3","Rbfox3",1.72131828243633
"GCTTGTAAGGCACACT-1","4","Rbfox3",0
"GCTTGTAAGGGTCTCG-1","0","Rbfox3",1.80798367205103
"GCTTGTAAGGTGAGGC-1","2","Rbfox3",0.801600254458969
"GCTTGTAAGTCATGTG-1","0","Rbfox3",1.72813884285929
"GCTTGTAAGTGCCAGT-1","0","Rbfox3",1.68642068230866
"GCTTGTCCAACTGGTG-1","2","Rbfox3",1.54917703215513
"GCTTGTCCACAACGTG-1","8","Rbfox3",0
"GCTTGTCCACCTTACA-1","1","Rbfox3",2.30979424522366
"GCTTTCACAGGACTGC-1","1","Rbfox3",1.88988520171
"GGAAACTAGCCATGAC-1","7","Rbfox3",1.52248191662173
"GGAAATGCACCAGGAC-1","15","Rbfox3",2.02966949065857
"GGAAATGCATTAGTGA-1","7","Rbfox3",2.14585015772522
"GGAAATTGTTTAATCG-1","2","Rbfox3",1.97858077235324
"GGAACATAGCATGATT-1","3","Rbfox3",1.24884823343432
"GGAACCTTCAGGTCTA-1","2","Rbfox3",1.57742268546766
"GGAACGATCAGCACCG-1","10","Rbfox3",0
"GGAAGATTCAGTAGGG-1","5","Rbfox3",2.12196671391844
"GGAAGCCAGTAGCACC-1","7","Rbfox3",1.85896912177411
"GGAAGGCTCCCGTGTC-1","8","Rbfox3",0
"GGAAGGTCATTAGTCT-1","10","Rbfox3",0
"GGAAGTTAGATAGCCC-1","5","Rbfox3",0.864101056204325
"GGAATATGTGCGTGGA-1","4","Rbfox3",0
"GGAATGGTCAATGTGT-1","12","Rbfox3",0
"GGAATGGTCGTGAGGA-1","4","Rbfox3",0
"GGAATTAAGTTGCGTA-1","4","Rbfox3",0
"GGAATTGGTTTAGGAG-1","8","Rbfox3",0
"GGACAATAGGGCTAGA-1","0","Rbfox3",1.32092227378234
"GGACACAAGCAGGTGA-1","4","Rbfox3",0
"GGACACCCAATCAAGC-1","0","Rbfox3",0
"GGACACCCAGGTAATC-1","12","Rbfox3",0
"GGACACCCAGGTATCG-1","1","Rbfox3",2.0324022480863
"GGACACCCATCCTATG-1","8","Rbfox3",0
"GGACACCCATGGATTA-1","3","Rbfox3",1.42709102283036
"GGACATAGTAATCCAC-1","12","Rbfox3",0
"GGACATTCAATACAGC-1","2","Rbfox3",1.75774206499118
"GGACATTCACCTCGCA-1","13","Rbfox3",1.32300017593735
"GGACCCTGTTAGCTGT-1","10","Rbfox3",0
"GGACCTTAGCTACCGG-1","3","Rbfox3",1.85313908978336
"GGACCTTAGTTGCGGT-1","16","Rbfox3",0
"GGACGATGTAACCCTG-1","3","Rbfox3",2.41720799370422
"GGACGGACATTCCTCT-1","6","Rbfox3",1.03562295451737
"GGACGTAAGTCAGGAG-1","3","Rbfox3",2.26173025191648
"GGACTCACACCAACCT-1","14","Rbfox3",0
"GGACTCACACCTATCA-1","2","Rbfox3",1.72759961557955
"GGACTTGCAAATCGAC-1","8","Rbfox3",0
"GGAGAAGGTATTGGAG-1","0","Rbfox3",0
"GGAGAAGGTCATTGGT-1","0","Rbfox3",1.71671439966477
"GGAGAGGAGGTGCTTA-1","2","Rbfox3",0
"GGAGAGGAGTCGACGT-1","4","Rbfox3",0
"GGAGAGTCAATTGAGC-1","1","Rbfox3",1.94163663827793
"GGAGAGTCATCGGTCT-1","6","Rbfox3",1.01218991953568
"GGAGATTAGCCTGAAC-1","11","Rbfox3",1.32526813200521
"GGAGATTAGGAATGCG-1","14","Rbfox3",0
"GGAGATTAGGTATCCA-1","7","Rbfox3",0.862990549870064
"GGAGCAATCGCGATGT-1","4","Rbfox3",0
"GGAGCCAGTAATCCTA-1","8","Rbfox3",1.30493505657455
"GGAGCCAGTTTAAGCC-1","7","Rbfox3",0.652614735696123
"GGAGCTAAGGGCAGAC-1","7","Rbfox3",0.999648984881863
"GGAGCTAAGTACGCCG-1","8","Rbfox3",0
"GGAGCTGGTTAAGGGC-1","9","Rbfox3",1.68899495816295
"GGAGCTGGTTCCGGTA-1","0","Rbfox3",2.65764068936167
"GGAGTAGTCAAGTCTG-1","4","Rbfox3",0
"GGAGTAGTCACGCAAC-1","2","Rbfox3",1.90691706425306
"GGAGTCAAGCTAACCA-1","9","Rbfox3",2.31409562022533
"GGATAATGTGAAGCCG-1","2","Rbfox3",1.04021528450853
"GGATAGGTCACCTACT-1","1","Rbfox3",1.84045709961207
"GGATAGTAGTCGATAT-1","5","Rbfox3",1.59854092820076
"GGATATGGTAAGTGCA-1","12","Rbfox3",0
"GGATCGCCAACTCGTC-1","6","Rbfox3",0.594914509756994
"GGATCGCCAAGCACAT-1","1","Rbfox3",2.09121131013231
"GGATCGTTCGTACGGT-1","5","Rbfox3",2.50924196353542
"GGATCGTTCGTAGTCA-1","1","Rbfox3",1.87421768819367
"GGATCTATCAGTAGGG-1","0","Rbfox3",2.10438004655306
"GGATCTATCCATCCTG-1","6","Rbfox3",1.23666012774018
"GGATCTATCGCGCGTA-1","1","Rbfox3",1.81318805503636
"GGATGCTTCACTCCGC-1","12","Rbfox3",0
"GGATGCTTCCGTAAGC-1","15","Rbfox3",0
"GGATGGGCAAGTTCCC-1","10","Rbfox3",0
"GGATGGGCAGGTATCG-1","3","Rbfox3",2.00369727681424
"GGATGGGCATTGGCAG-1","7","Rbfox3",2.34958705815175
"GGATGTGAGCGACTAC-1","9","Rbfox3",2.44597965974588
"GGATGTTCAGGATGGG-1","7","Rbfox3",0.995220426633144
"GGATGTTCATAAGCAC-1","2","Rbfox3",1.30930966306318
"GGATTAAAGGATGAAC-1","7","Rbfox3",1.47772199822313
"GGATTAAAGTCGCTGG-1","6","Rbfox3",0.901229806744006
"GGATTAAAGTTGGGCT-1","10","Rbfox3",0
"GGATTCATCCCCTGGT-1","8","Rbfox3",0
"GGATTCATCTATGGCA-1","2","Rbfox3",1.31854421443816
"GGATTGCTCCCGCATC-1","9","Rbfox3",1.77477588978716
"GGATTGCTCCGCCAGA-1","10","Rbfox3",0
"GGCAAAGTCCTGCCGT-1","1","Rbfox3",2.15536023570487
"GGCAAAGTCGCATTAG-1","9","Rbfox3",1.61659616792114
"GGCAACTTCACAGCTA-1","1","Rbfox3",1.86909947255371
"GGCAAGGCAACCAAGT-1","3","Rbfox3",1.04572341435019
"GGCAAGGCACATTCCA-1","11","Rbfox3",1.08407103735239
"GGCAATAGTTGCTGGC-1","2","Rbfox3",1.65085101459105
"GGCAATTCAGCTAACG-1","3","Rbfox3",1.36850166474981
"GGCACACCAATCAATG-1","1","Rbfox3",2.2926111748578
"GGCACCTGTCAATTCA-1","11","Rbfox3",2.22476180664092
"GGCACCTGTTGCAGGG-1","2","Rbfox3",0.852705611232944
"GGCACGAGTTAGCGAA-1","0","Rbfox3",0.612259521420845
"GGCATAGAGAATCACT-1","5","Rbfox3",0
"GGCATAGAGTAGTGAA-1","8","Rbfox3",0
"GGCATCACAATATGGC-1","6","Rbfox3",0
"GGCATCACAGGTTCGA-1","7","Rbfox3",1.55964634531481
"GGCATCCGTGGAAGGA-1","10","Rbfox3",0
"GGCATGTTCGAATGAA-1","5","Rbfox3",1.88685473088426
"GGCATTATCCTGACCC-1","7","Rbfox3",2.33561581126098
"GGCATTATCTAGTTGG-1","5","Rbfox3",2.07761590851337
"GGCCAACCAGCCATCT-1","1","Rbfox3",3.03034785596333
"GGCCAATTCAGCCTAA-1","2","Rbfox3",0.979295386770876
"GGCCCTAAGTTAGGTT-1","5","Rbfox3",1.11075818697022
"GGCCGAAGTCCATCCT-1","9","Rbfox3",1.62057020180348
"GGCCGAAGTTCTGTGG-1","4","Rbfox3",0
"GGCCGATCAAGGGCTC-1","7","Rbfox3",1.60478221754998
"GGCCGTTGTGAAGTGC-1","10","Rbfox3",0
"GGCCGTTGTGAGGCAT-1","8","Rbfox3",0
"GGCCTAACAACTCGGA-1","4","Rbfox3",0
"GGCCTTGAGCATTACG-1","5","Rbfox3",1.10209101842728
"GGCGAACAGGTCGTAC-1","12","Rbfox3",0
"GGCGAATGTGCATTAC-1","3","Rbfox3",2.15791315712133
"GGCGAATGTTAGACGA-1","9","Rbfox3",2.0397859513725
"GGCGACTCACCTATAT-1","1","Rbfox3",1.94893337521396
"GGCGACTCACTAACCC-1","5","Rbfox3",2.22166980927097
"GGCGAGACATCACTCA-1","0","Rbfox3",0
"GGCGATCCACCATACC-1","13","Rbfox3",1.25419337926708
"GGCGATTTCAATCGTG-1","8","Rbfox3",0
"GGCGATTTCACTAGGC-1","6","Rbfox3",2.50026168277011
"GGCGGTAGTGAACGCG-1","12","Rbfox3",0
"GGCGGTTCACAAGCCA-1","5","Rbfox3",1.82946966171958
"GGCGTAAAGTATGTGT-1","5","Rbfox3",1.97691767240146
"GGCGTAAAGTTACCTC-1","7","Rbfox3",2.1560821036416
"GGCGTCTGTGAACGAC-1","6","Rbfox3",1.8964969142605
"GGCGTTACAACATGCG-1","11","Rbfox3",1.27288339611673
"GGCGTTACACTAATTC-1","10","Rbfox3",0
"GGCGTTACATAGAGCT-1","7","Rbfox3",1.63454315139715
"GGCGTTACATCGGTGA-1","1","Rbfox3",2.15633538196143
"GGCTAATCACAAGGCC-1","1","Rbfox3",2.45775595759648
"GGCTAATCACTTAACT-1","4","Rbfox3",0
"GGCTAATCAGTTGCAG-1","8","Rbfox3",0
"GGCTAGAAGAATCCTG-1","7","Rbfox3",2.11783848317176
"GGCTAGAAGGGCAGAC-1","1","Rbfox3",1.75136650120863
"GGCTAGAAGTAGGTCC-1","5","Rbfox3",2.38915343139217
"GGCTATATCCAGCTCC-1","0","Rbfox3",1.01241298130632
"GGCTATTGTAATGTCC-1","9","Rbfox3",2.31440372656402
"GGCTATTGTGATCCCA-1","1","Rbfox3",2.05077459394634
"GGCTCAACAGCCAGGT-1","7","Rbfox3",0.547832939913229
"GGCTCAACAGCTCATC-1","9","Rbfox3",1.04652771645537
"GGCTCAACAGGACACC-1","3","Rbfox3",2.60574644441605
"GGCTCGATCGATCGGT-1","15","Rbfox3",1.64475260656762
"GGCTGAAAGTACCAGC-1","15","Rbfox3",0
"GGCTGACCACTTCGCG-1","12","Rbfox3",0
"GGCTGACCATAACGTA-1","8","Rbfox3",0
"GGCTGACCATTACCAT-1","6","Rbfox3",1.14676637528285
"GGCTGCATCAATTGGT-1","10","Rbfox3",0
"GGCTGCATCGTTAGAT-1","1","Rbfox3",1.82362394967542
"GGCTGGTCACCATAGG-1","12","Rbfox3",0
"GGCTGGTCACCTTGAC-1","8","Rbfox3",1.42564878117569
"GGCTGGTCAGCTAAGT-1","2","Rbfox3",1.66986672408026
"GGCTGGTCAGTTGCCT-1","2","Rbfox3",0.909785457840811
"GGCTTAATCTATCGTC-1","2","Rbfox3",0.902709182689431
"GGCTTATGTAGTAAGT-1","1","Rbfox3",2.11697044870162
"GGCTTCCTCAGGAGAT-1","15","Rbfox3",0
"GGCTTCCTCGACTATG-1","10","Rbfox3",0
"GGCTTTGGTAGCGACG-1","3","Rbfox3",2.16907900689481
"GGCTTTGGTAGTGTGA-1","10","Rbfox3",0
"GGCTTTGGTGATGAAT-1","3","Rbfox3",2.3501999032919
"GGCTTTGGTTCTGGCA-1","13","Rbfox3",0.944138711488859
"GGGAATGTCACATGCA-1","13","Rbfox3",0.674200779475228
"GGGAATGTCGATACTG-1","1","Rbfox3",1.98093412272219
"GGGAATGTCGATTCAG-1","4","Rbfox3",0
"GGGAATGTCTATGGAT-1","7","Rbfox3",1.9492432563951
"GGGACAATCATCAGCA-1","12","Rbfox3",0
"GGGACAATCCGCAGAT-1","3","Rbfox3",1.87655600588813
"GGGACCAGTTGGGTCC-1","8","Rbfox3",0
"GGGACCTCAACCTGCT-1","10","Rbfox3",0
"GGGACCTCAACGGTCA-1","4","Rbfox3",0
"GGGACGTAGCAACCGT-1","11","Rbfox3",0
"GGGACGTAGGGTTGCT-1","3","Rbfox3",1.61082602295837
"GGGACTAAGCTATCAG-1","3","Rbfox3",1.42918027002676
"GGGACTAAGTGCAAGG-1","8","Rbfox3",0
"GGGACTGGTTTACTCT-1","4","Rbfox3",0
"GGGATAGTCGATTCCT-1","1","Rbfox3",1.54377322425304
"GGGATAGTCGCGCTGA-1","6","Rbfox3",1.13074881868607
"GGGATAGTCTGGTAGC-1","3","Rbfox3",1.53098995549397
"GGGATATAGCAAGGAT-1","0","Rbfox3",0.769715320956424
"GGGATATAGTTAGGTT-1","4","Rbfox3",0
"GGGATCAAGTGGCCTG-1","4","Rbfox3",0
"GGGATTAGTAATGACG-1","9","Rbfox3",0
"GGGATTAGTTATCTGA-1","7","Rbfox3",2.25363043600546
"GGGATTGAGCTAATGT-1","6","Rbfox3",0
"GGGATTGAGGTGAGAT-1","6","Rbfox3",1.70618139282848
"GGGCAAATCATGACTG-1","3","Rbfox3",1.67483687014385
"GGGCAAATCGAACCCG-1","4","Rbfox3",0
"GGGCAACAGCGAGCTT-1","5","Rbfox3",1.18279032098446
"GGGCAACAGGCTCCTC-1","2","Rbfox3",1.98624586372002
"GGGCAATGTTTGACGT-1","2","Rbfox3",0.65545137137784
"GGGCAGACAGGGACTC-1","5","Rbfox3",1.69786877827459
"GGGCATCCAAGCCTAG-1","3","Rbfox3",1.91788193656358
"GGGCATCCAAGCTGAT-1","5","Rbfox3",1.92954738077389
"GGGCATCCACATACCC-1","5","Rbfox3",1.31196372140791
"GGGCATCCATTGCACC-1","4","Rbfox3",0
"GGGCATTTCATCTCTA-1","8","Rbfox3",0
"GGGCCTATCCTGATAG-1","6","Rbfox3",2.17467195275435
"GGGCCTATCGACATTG-1","14","Rbfox3",0
"GGGCGTAGTGGCCAGA-1","2","Rbfox3",1.71447050547872
"GGGCGTAGTTGCATTA-1","1","Rbfox3",2.3175942870064
"GGGCTAGGTTAGTTCA-1","6","Rbfox3",2.05759253113438
"GGGCTCTGTAATCCCG-1","8","Rbfox3",0
"GGGCTCTGTTCCGCAA-1","4","Rbfox3",0
"GGGCTTACATTGGCGA-1","5","Rbfox3",2.09297514041613
"GGGGACTAGCCATAGC-1","1","Rbfox3",1.05462814359469
"GGGGACTAGGCAACTC-1","6","Rbfox3",0
"GGGGATGCACTTACCA-1","15","Rbfox3",2.76791363191079
"GGGGCAACAAGGTCCA-1","5","Rbfox3",1.34312323005925
"GGGGCAACACTAGCAG-1","2","Rbfox3",0
"GGGGCAACATGACCGA-1","3","Rbfox3",2.06072516900529
"GGGGCAACATTCATCG-1","5","Rbfox3",1.99486664093608
"GGGGCTAGTTGAGCAA-1","0","Rbfox3",0.785220478845014
"GGGGCTAGTTGCTCTC-1","6","Rbfox3",1.13338400362448
"GGGGTCAGTATTGGGA-1","13","Rbfox3",0.703196496212967
"GGGGTCAGTCAGTTAC-1","7","Rbfox3",1.9709393418477
"GGGGTTAAGTAGAGCG-1","2","Rbfox3",2.00154919254105
"GGGGTTGGTAACTTCA-1","4","Rbfox3",0
"GGGTAACGTCAGTGCC-1","11","Rbfox3",0.768038958501979
"GGGTAACGTTAGAGTG-1","5","Rbfox3",1.30630774593166
"GGGTACGGTATTGGGA-1","9","Rbfox3",2.08150928734797
"GGGTACGGTTGTCCAG-1","0","Rbfox3",1.15675507367931
"GGGTACTTCCCTCGAC-1","5","Rbfox3",1.79351161605563
"GGGTATGAGCCATGCG-1","4","Rbfox3",0
"GGGTATGAGCGGTAGA-1","6","Rbfox3",0
"GGGTCAAAGAACCTCA-1","6","Rbfox3",0
"GGGTCAGGTGAGTCGG-1","0","Rbfox3",1.43924329833117
"GGGTCAGGTGCGGATG-1","14","Rbfox3",0
"GGGTCATTCCAACTAG-1","8","Rbfox3",0
"GGGTCATTCCATAGCA-1","7","Rbfox3",1.21000306768098
"GGGTCCATCGTACGGT-1","5","Rbfox3",1.53108459818759
"GGGTGAATCAGGGCTT-1","1","Rbfox3",0.702527398913974
"GGGTGAATCCAGCCCT-1","2","Rbfox3",2.1657924846431
"GGGTGAATCTAGTAAC-1","2","Rbfox3",1.60694657492691
"GGGTGAATCTGGTCAA-1","2","Rbfox3",1.04947403608071
"GGGTTAAGTATGTGGA-1","2","Rbfox3",1.73521897507821
"GGGTTAAGTTTGCGGC-1","9","Rbfox3",0.947413543536709
"GGGTTAGAGGGGATCA-1","7","Rbfox3",1.53364521795897
"GGGTTCCGTCTAATGC-1","5","Rbfox3",0.637961081523827
"GGGTTCCGTTGCCTCT-1","0","Rbfox3",0.569776691276667
"GGGTTGAAGCGAGACA-1","6","Rbfox3",0.906650316091981
"GGGTTGAAGCTAGTGC-1","4","Rbfox3",0
"GGGTTGAAGGAATGCG-1","12","Rbfox3",0
"GGGTTTCAGATAGTCT-1","9","Rbfox3",1.37976753142321
"GGTAAATGTAACCCTG-1","15","Rbfox3",0
"GGTAAATGTTGTCCAG-1","3","Rbfox3",2.31397827682349
"GGTAAGGTCATGCTGA-1","0","Rbfox3",1.78373187348635
"GGTAAGGTCCGCACCT-1","2","Rbfox3",0
"GGTACATCATAAGCTA-1","5","Rbfox3",2.07966907495756
"GGTACGCCACTATATC-1","5","Rbfox3",1.53557237590475
"GGTACTATCATAGATC-1","7","Rbfox3",1.7491461612056
"GGTACTATCGATTCAG-1","9","Rbfox3",1.95245287211938
"GGTACTTGTGATTGAG-1","0","Rbfox3",0.78070555094755
"GGTAGCAAGTTGGACC-1","5","Rbfox3",1.23389199993187
"GGTAGCGGTTCGTAAC-1","7","Rbfox3",1.64301224064429
"GGTAGCTTCGTGCCAG-1","4","Rbfox3",0
"GGTAGGATCTAGCTTC-1","2","Rbfox3",2.02115986668112
"GGTAGTAGTTCCGCAA-1","12","Rbfox3",0
"GGTAGTAGTTGGACCC-1","1","Rbfox3",1.74881273305463
"GGTAGTGAGGCACTTA-1","1","Rbfox3",0
"GGTATAGGTTAGACAG-1","10","Rbfox3",0
"GGTATATTCAGTATGT-1","14","Rbfox3",0
"GGTATATTCATAGGTT-1","12","Rbfox3",0
"GGTATATTCCACCTAT-1","2","Rbfox3",1.61286000966741
"GGTATATTCGTACTAG-1","6","Rbfox3",1.46693564590803
"GGTATCTGTGCAGCTC-1","13","Rbfox3",1.60154882711015
"GGTATGAGTAACGGTA-1","3","Rbfox3",0.935774358096697
"GGTATGGAGCTGGTTA-1","14","Rbfox3",0
"GGTATGTCACTTGAGG-1","9","Rbfox3",1.75948185271987
"GGTATTGTCAGCGGAA-1","4","Rbfox3",0
"GGTCAATCATTAGCTT-1","4","Rbfox3",0
"GGTCAGCCATCATCTG-1","3","Rbfox3",1.99812677452263
"GGTCATTGTGCATCCA-1","6","Rbfox3",1.5015352609846
"GGTCATTGTTGCATAC-1","6","Rbfox3",0
"GGTCCTGAGAATCGAA-1","16","Rbfox3",0
"GGTCCTGAGCTAGGGA-1","4","Rbfox3",0
"GGTCGAGGTTTGCGTG-1","11","Rbfox3",2.34105466488068
"GGTCGATTCATGTAAC-1","2","Rbfox3",1.63379608064536
"GGTCGCATCGTAGTAT-1","8","Rbfox3",0
"GGTCGGTCATCGGTTC-1","0","Rbfox3",0
"GGTCTAGCAATGCCGA-1","4","Rbfox3",0
"GGTCTAGCATCCAATT-1","7","Rbfox3",2.40009514321053
"GGTCTCCTCGTGCAAC-1","2","Rbfox3",1.48816554089062
"GGTGAACGTTGGATCT-1","0","Rbfox3",1.60986471568428
"GGTGAATAGTAGTAGA-1","2","Rbfox3",2.18343800824373
"GGTGAGGCAGGCAACC-1","4","Rbfox3",0
"GGTGAGGCAGGTTACG-1","5","Rbfox3",2.0947429660834
"GGTGAGGCATGAGTGT-1","1","Rbfox3",1.53879714164537
"GGTGAGGCATGAGTTA-1","4","Rbfox3",0
"GGTGCAGGTGAGTAAT-1","6","Rbfox3",1.392703431126
"GGTGCATTCATGAGTT-1","7","Rbfox3",1.35431694372389
"GGTGCATTCGATCAAT-1","2","Rbfox3",1.93789601044786
"GGTGCCTGTTATCTAG-1","5","Rbfox3",2.00926883797296
"GGTGCTTAGCGCTGCA-1","3","Rbfox3",1.4968977267217
"GGTGGATGTTCGTGCA-1","5","Rbfox3",2.59511723392251
"GGTGGCAGTTGAGTTC-1","5","Rbfox3",2.14827038255578
"GGTGGCTCAACATACA-1","8","Rbfox3",0
"GGTGGCTCATCGAAGT-1","8","Rbfox3",1.34739250373263
"GGTGGCTCATCGGGAC-1","1","Rbfox3",2.38911059456106
"GGTGTAAGTGACGAGT-1","3","Rbfox3",1.28833423253366
"GGTGTCCGTAACCCAT-1","4","Rbfox3",0
"GGTGTCCGTTCGATGT-1","0","Rbfox3",2.34325549311283
"GGTGTTGCAATCGCTC-1","4","Rbfox3",0
"GGTGTTGCACTCATGC-1","9","Rbfox3",2.15315718559352
"GGTGTTGCAGGCATTG-1","10","Rbfox3",0
"GGTTAAGGTTGTGGTT-1","14","Rbfox3",1.35759546618832
"GGTTAATTCATCAGGC-1","11","Rbfox3",0.961708211564948
"GGTTAATTCATCGTCT-1","8","Rbfox3",1.86956329118445
"GGTTAATTCCGCTACC-1","3","Rbfox3",2.24679484252893
"GGTTACATCATCTCTA-1","10","Rbfox3",0
"GGTTACATCGTACCGG-1","5","Rbfox3",1.6244861313528
"GGTTATGTCCCAATGA-1","11","Rbfox3",1.03897453249273
"GGTTCAATCAAGTTAC-1","5","Rbfox3",1.64654255037389
"GGTTCAATCCGGATAC-1","4","Rbfox3",0
"GGTTCTAAGAAGGGAA-1","10","Rbfox3",0
"GGTTGGTTCAGTACGC-1","3","Rbfox3",1.85214172938703
"GGTTGGTTCATGCAAT-1","2","Rbfox3",1.66986672408026
"GGTTGTCAGGATAGAC-1","15","Rbfox3",2.99179833952829
"GGTTGTCAGTACGGTC-1","12","Rbfox3",0
"GGTTTAGTCCCCATCA-1","5","Rbfox3",1.96632788701553
"GGTTTCAAGCCAGCCA-1","11","Rbfox3",1.92829053805033
"GTAAACCCAATCTCTG-1","2","Rbfox3",1.519546796596
"GTAAACGGTTTCACTT-1","12","Rbfox3",0
"GTAAACTTCCTCGTGC-1","6","Rbfox3",1.22728788460021
"GTAAAGGCACTAACGG-1","2","Rbfox3",2.00373692971606
"GTAAATGAGCAGGTAG-1","11","Rbfox3",1.8886325171644
"GTAAATGAGGTTACGC-1","4","Rbfox3",0
"GTAACCATCAGGGATG-1","10","Rbfox3",0
"GTAACCTGTAACTCTA-1","3","Rbfox3",1.74383018970019
"GTAACCTGTCATCGCA-1","8","Rbfox3",0
"GTAAGCCTCAGTTAGT-1","4","Rbfox3",0
"GTAAGCGAGGCTCTGG-1","9","Rbfox3",1.81047422275296
"GTAAGCTCAGGCAACC-1","0","Rbfox3",1.30562099059882
"GTAAGGGTCCATCTCG-1","0","Rbfox3",1.03773699744912
"GTAAGTAAGCCAATCA-1","9","Rbfox3",2.30299919776847
"GTAAGTAAGTTACCCT-1","7","Rbfox3",1.50291956203078
"GTAATCCGTAGCGGAT-1","6","Rbfox3",0
"GTAATGAAGGTTCAAT-1","8","Rbfox3",0
"GTAATGAAGTCATGGC-1","0","Rbfox3",0.830514249634382
"GTAATGGGTAAGGTTG-1","10","Rbfox3",0
"GTAATGTTCGCGCACA-1","9","Rbfox3",1.61468516030483
"GTACAAGGTGGCCTGT-1","2","Rbfox3",2.80193231207632
"GTACAAGGTTTACAGC-1","0","Rbfox3",1.44244257182312
"GTACCAATCCCGTAGG-1","1","Rbfox3",1.90659174636857
"GTACCAATCCGGGTCA-1","0","Rbfox3",0.693697634698497
"GTACCAATCTGGCTAA-1","9","Rbfox3",2.57748357643805
"GTACCAGCAAATGGGA-1","10","Rbfox3",0
"GTACCAGCACTTACTG-1","12","Rbfox3",0
"GTACCCTCAAGCACGC-1","3","Rbfox3",2.64681454856907
"GTACGAAGTGGCTAGG-1","4","Rbfox3",0
"GTACGGGGTCAAGCCC-1","6","Rbfox3",1.35353564126807
"GTACGGTTCGTTACAG-1","10","Rbfox3",0
"GTACGTTGTATTGGAG-1","4","Rbfox3",0
"GTACTAACACTCAATT-1","7","Rbfox3",0.612259521420845
"GTACTAGTCATGTCTC-1","14","Rbfox3",0
"GTACTAGTCCTGTCGC-1","1","Rbfox3",1.9442711252528
"GTACTAGTCGTGCTAA-1","8","Rbfox3",0
"GTACTAGTCTGGATGC-1","2","Rbfox3",1.47537638654094
"GTACTCCCACTCGCTG-1","4","Rbfox3",0
"GTACTCCCATGACGGC-1","3","Rbfox3",1.47746094177633
"GTAGAATGTAGTAGTG-1","8","Rbfox3",0
"GTAGAATGTGAAGGCT-1","5","Rbfox3",1.58185860256351
"GTAGACTCATGAATGC-1","4","Rbfox3",0
"GTAGACTCATTAACTC-1","2","Rbfox3",1.62268849008267
"GTAGATGGTCATCCCT-1","1","Rbfox3",1.31674207817123
"GTAGATGGTGAGTGAC-1","16","Rbfox3",0
"GTAGCATCATTAGCGG-1","10","Rbfox3",0
"GTAGCCACACATGCAG-1","0","Rbfox3",0
"GTAGCCACAGCTCATC-1","10","Rbfox3",0
"GTAGCCCGTAGCTCGC-1","1","Rbfox3",2.07481781789435
"GTAGCCCGTGGGTATA-1","0","Rbfox3",1.93335473617539
"GTAGCGGGTCCATCAG-1","5","Rbfox3",1.30965515079819
"GTAGCGGGTTGCAGGG-1","0","Rbfox3",0.620811461217666
"GTAGCTATCAGTTCCT-1","0","Rbfox3",0
"GTAGCTTGTGCACGAG-1","2","Rbfox3",1.46858469368005
"GTAGCTTGTGGAGAGA-1","14","Rbfox3",0
"GTAGGATAGGGTTGGA-1","0","Rbfox3",1.34079178816533
"GTAGGCAAGGCGTTAC-1","2","Rbfox3",1.70753551240191
"GTAGGCAAGTAAGGAC-1","5","Rbfox3",1.36759601744838
"GTAGGGGCACAGGATT-1","2","Rbfox3",2.07460039564807
"GTAGGTAGTAACTCTA-1","5","Rbfox3",0
"GTAGGTAGTAGGCTGG-1","0","Rbfox3",0
"GTAGGTAGTGCGCAGA-1","8","Rbfox3",0
"GTAGGTGAGGATTGAA-1","9","Rbfox3",1.93080634343473
"GTAGGTGAGGTGCTAC-1","10","Rbfox3",0
"GTAGTAAAGATTAGAG-1","3","Rbfox3",2.24760197712563
"GTAGTAAAGTGCCGTG-1","2","Rbfox3",1.93510275958512
"GTAGTAGGTATGGCCC-1","3","Rbfox3",1.93586352124371
"GTAGTCGCATCCCAGT-1","4","Rbfox3",0
"GTAGTCTGTCCCGAAC-1","5","Rbfox3",1.57082442652246
"GTAGTGAGTTATCTCT-1","6","Rbfox3",1.0119112421033
"GTAGTTACAGCATGTG-1","3","Rbfox3",1.95578046662555
"GTAGTTACAGTTGCCT-1","13","Rbfox3",2.29621992739132
"GTAGTTACATGCTCGT-1","5","Rbfox3",2.41500128539147
"GTAGTTGTCCGTGGCA-1","4","Rbfox3",0
"GTATAGAAGAATCCTG-1","2","Rbfox3",1.89457437468645
"GTATAGCCAGTAAGGA-1","10","Rbfox3",0
"GTATCCCCACTTACAT-1","6","Rbfox3",0.865533316014321
"GTATCCCCACTTCGAC-1","1","Rbfox3",1.67922812049114
"GTATCCCCACTTCGGT-1","1","Rbfox3",1.9269522353107
"GTATCTTCATCCTATG-1","11","Rbfox3",2.07682096240511
"GTATGAAAGCGATTCA-1","3","Rbfox3",1.87739962637916
"GTATGCATCACCTGCC-1","0","Rbfox3",0
"GTATGCATCCTGACGG-1","0","Rbfox3",0
"GTATGGGAGGTTCGCG-1","1","Rbfox3",1.1651138569465
"GTATGGGAGTAAGTTC-1","2","Rbfox3",1.72114862045005
"GTATGGGAGTGGCAAG-1","4","Rbfox3",0
"GTATGGTCATGGAACT-1","0","Rbfox3",2.155525176122
"GTATGTTAGCGCCAAT-1","0","Rbfox3",0.765139036782696
"GTATTAGCATAACTGA-1","6","Rbfox3",0.750917717881513
"GTATTCAGTCATCGGC-1","6","Rbfox3",1.2680297035859
"GTATTCCTCACTAGGC-1","9","Rbfox3",2.26769047033298
"GTATTGGTCCTCACCA-1","3","Rbfox3",1.71121109644054
"GTCAAATTCCATGCAA-1","6","Rbfox3",0.974211095169248
"GTCAAATTCGATGCCG-1","2","Rbfox3",1.35403271392518
"GTCAAGCTCCGGTGAT-1","0","Rbfox3",1.3477086834346
"GTCAATGTCCGCGACA-1","8","Rbfox3",0
"GTCAATGTCGATGGGA-1","2","Rbfox3",2.15926803951105
"GTCAATGTCGCGAGTT-1","10","Rbfox3",0
"GTCAATTAGCATCCTT-1","8","Rbfox3",0
"GTCAATTAGTTGCAGC-1","1","Rbfox3",2.30766654891568
"GTCACCTCATCACGAG-1","1","Rbfox3",2.83308786271748
"GTCACGTAGGAATTAG-1","13","Rbfox3",0
"GTCACGTAGTGGCGAA-1","11","Rbfox3",1.44826824607026
"GTCATAGTCGCGCGTA-1","9","Rbfox3",1.78954069751684
"GTCATATAGGTAATTC-1","2","Rbfox3",1.69884156092837
"GTCATCAAGCGAGACA-1","12","Rbfox3",0
"GTCATCAAGTAATGCT-1","6","Rbfox3",0.87050548760778
"GTCATCCCAACTGGCA-1","8","Rbfox3",0
"GTCATCCCACCATACC-1","0","Rbfox3",0
"GTCATTAGTAGTCCAT-1","13","Rbfox3",0.636156132487812
"GTCATTTCAAAGGTGA-1","8","Rbfox3",0
"GTCATTTCAGGTAACT-1","10","Rbfox3",0
"GTCCAACAGGGGATTG-1","10","Rbfox3",0
"GTCCAACAGTGGCCTG-1","6","Rbfox3",1.35942077984583
"GTCCAATGTTTCGCAG-1","4","Rbfox3",0
"GTCCAGGTCACGGACT-1","13","Rbfox3",1.29162550870384
"GTCCAGGTCGAATTAC-1","2","Rbfox3",1.22338028068343
"GTCCAGGTCGACCTGG-1","2","Rbfox3",1.07717015895337
"GTCCAGTAGGCTCCAG-1","2","Rbfox3",1.26577081197367
"GTCCATCCACCTGGAA-1","0","Rbfox3",0
"GTCCATCCATGGCAGC-1","2","Rbfox3",2.01719444952114
"GTCCATGGTGGCGCTT-1","0","Rbfox3",0.863862835252505
"GTCCATTTCTGGATAT-1","1","Rbfox3",2.01550125446956
"GTCCCAAGTAGCCCGT-1","2","Rbfox3",2.20616318433703
"GTCCCAAGTAGTGTGA-1","7","Rbfox3",2.43374473411072
"GTCCCGTTCCCTCGTA-1","4","Rbfox3",0
"GTCCCTCAGGAATTAG-1","0","Rbfox3",0.911784539435766
"GTCCGAACATGATTGA-1","8","Rbfox3",0
"GTCCGATAGCCCGTCT-1","7","Rbfox3",1.72848797663268
"GTCCGATAGGATAGCG-1","7","Rbfox3",0
"GTCCGCAAGGTGATGG-1","5","Rbfox3",1.26330864204287
"GTCCGCTTCCGGGTCA-1","1","Rbfox3",1.50266600049
"GTCCGCTTCGTTCACT-1","3","Rbfox3",1.39536243333386
"GTCCGTAGTCATGGTT-1","0","Rbfox3",0.867611058837922
"GTCCGTAGTTCGTCAG-1","1","Rbfox3",2.71012465800223
"GTCCGTGAGGAGTAGT-1","3","Rbfox3",2.00854223045285
"GTCCGTGAGGCAATCC-1","10","Rbfox3",0
"GTCCGTTCACTCGGTT-1","7","Rbfox3",2.64783013436272
"GTCCTAAAGGATGAGT-1","1","Rbfox3",0
"GTCCTATTCGCATCCC-1","10","Rbfox3",0
"GTCCTGCTCAGGACTC-1","3","Rbfox3",1.99623969310687
"GTCCTGCTCATCGAAT-1","3","Rbfox3",1.97104568415806
"GTCCTGCTCGAATCAT-1","1","Rbfox3",2.09814426875402
"GTCGAGGGTCAAGGGT-1","6","Rbfox3",1.13338400362448
"GTCGCCAAGATACTAC-1","13","Rbfox3",0
"GTCGCCAAGCCACGCA-1","2","Rbfox3",1.22202764762046
"GTCTAACGTTCGTAGT-1","0","Rbfox3",0
"GTCTACAAGCTTACGA-1","2","Rbfox3",1.11021209502262
"GTCTACCCACTAGGTG-1","1","Rbfox3",1.24302751679112
"GTCTACCCATGACTAA-1","5","Rbfox3",1.9881471094847
"GTCTACCCATGCTCCG-1","4","Rbfox3",0
"GTCTACCCATTACTCG-1","1","Rbfox3",2.07004853471723
"GTCTATGAGCGCATGT-1","6","Rbfox3",1.54037956806927
"GTCTATGAGGATTGCC-1","2","Rbfox3",0.90960821468975
"GTCTATGAGGCAACTC-1","7","Rbfox3",1.78244552421917
"GTCTCACCAAATCGTA-1","9","Rbfox3",1.93319580862096
"GTCTCCATCCATCACT-1","2","Rbfox3",1.86212618845549
"GTCTCCATCCGCCACT-1","10","Rbfox3",0
"GTCTCCGCATTACGGG-1","0","Rbfox3",1.41730280817944
"GTCTCGCTCAGCGGTT-1","4","Rbfox3",0
"GTCTGCCTCGATCAGC-1","7","Rbfox3",1.8146205105463
"GTCTGCCTCTAAGCAT-1","3","Rbfox3",1.87095651088925
"GTCTGGACAAATGCCG-1","9","Rbfox3",2.49582395665228
"GTCTGTCCATTCAGGG-1","6","Rbfox3",0.818220922056648
"GTGAAATGTGCAGTCC-1","4","Rbfox3",0
"GTGAACCTCACAGGAG-1","5","Rbfox3",1.43654912347323
"GTGAAGGTCACAGCCG-1","7","Rbfox3",2.0937471432161
"GTGAAGGTCATATAGC-1","3","Rbfox3",1.1891866994279
"GTGAATCCATGAGTTA-1","0","Rbfox3",0
"GTGAATGGTCAAGGGT-1","1","Rbfox3",1.52178185937186
"GTGAATGGTGGACCTC-1","3","Rbfox3",1.88134937825427
"GTGACGTTCCCAGGAT-1","4","Rbfox3",0
"GTGACGTTCGCTGAAC-1","4","Rbfox3",0
"GTGACTATCCTTCATA-1","7","Rbfox3",1.68859921039269
"GTGAGCGGTAACTTCA-1","11","Rbfox3",2.00750010464092
"GTGAGCGGTAATGCGA-1","3","Rbfox3",1.29196047333079
"GTGAGGATCCATCTCG-1","1","Rbfox3",1.66286826769363
"GTGAGTGAGAATCACT-1","1","Rbfox3",2.25393558389386
"GTGAGTGAGTCGACAC-1","4","Rbfox3",0
"GTGATATTCTCATCGT-1","1","Rbfox3",1.53241105737327
"GTGATGCTCAATTCGG-1","13","Rbfox3",0.97838790895671
"GTGATGGAGCCTGTGG-1","5","Rbfox3",1.24452094447272
"GTGATTGTCACGCGCA-1","10","Rbfox3",0
"GTGATTGTCTGGTACA-1","0","Rbfox3",0.9765783834781
"GTGATTTAGCTAATGT-1","4","Rbfox3",0
"GTGATTTAGTCGACAC-1","1","Rbfox3",2.38129422751897
"GTGCAATCAAGCATAC-1","2","Rbfox3",1.40737789905783
"GTGCACTAGAAGGGTT-1","4","Rbfox3",0
"GTGCACTAGCAAGGTG-1","2","Rbfox3",0
"GTGCACTAGCGAACCT-1","3","Rbfox3",1.69477715053211
"GTGCATATCCGTCCTA-1","3","Rbfox3",2.4403976688658
"GTGCATTGTTGAAGTG-1","11","Rbfox3",1.49640445299435
"GTGCATTGTTGCGTGC-1","0","Rbfox3",0
"GTGCCCAAGAACGAAC-1","0","Rbfox3",0
"GTGCGAGGTTTACACA-1","1","Rbfox3",1.82580509273855
"GTGCGGTCAAGCATCG-1","0","Rbfox3",0.677188226887558
"GTGCGGTCAGGCAATT-1","6","Rbfox3",1.69051324402075
"GTGCTAATCCGCAGAT-1","3","Rbfox3",1.27100452847823
"GTGCTAATCCTTCGGC-1","0","Rbfox3",0
"GTGCTCAGTCTAGTTA-1","16","Rbfox3",0
"GTGCTTGGTCAAGTAG-1","2","Rbfox3",0.939746523583073
"GTGGACAAGCTACTCT-1","3","Rbfox3",1.63954489842766
"GTGGACAAGGTCATGC-1","10","Rbfox3",0
"GTGGACAAGTGATCTG-1","2","Rbfox3",0
"GTGGACCCACTACCAC-1","4","Rbfox3",0
"GTGGATAGTCTTGCTC-1","8","Rbfox3",0
"GTGGATAGTGAGGTCG-1","4","Rbfox3",0
"GTGGCAGGTCCCGAAC-1","10","Rbfox3",0
"GTGGCAGGTTCGTAAC-1","5","Rbfox3",2.1628275481466
"GTGGCCATCACAGGCT-1","1","Rbfox3",2.01445898282425
"GTGGCCATCCATAGGC-1","2","Rbfox3",2.07655938967567
"GTGGCGAGTTGCAGGG-1","9","Rbfox3",1.93147865920373
"GTGGCGAGTTTCGCTC-1","14","Rbfox3",0
"GTGGGTAAGTGCAACC-1","3","Rbfox3",1.71605918199815
"GTGGGTTTCAAGTTCG-1","11","Rbfox3",1.79468210501893
"GTGGGTTTCCAGGTTA-1","11","Rbfox3",0.687987415193101
"GTGGGTTTCCTTCGTG-1","13","Rbfox3",1.50167084358283
"GTGGTAAGTGAAGCCG-1","1","Rbfox3",1.75779171376053
"GTGGTAAGTTCGGTTG-1","3","Rbfox3",1.73052276863515
"GTGGTAAGTTTGCCTC-1","7","Rbfox3",1.3589907868962
"GTGGTCCGTCAGCCTA-1","6","Rbfox3",0.634195315462728
"GTGGTCCGTTAGTCGT-1","16","Rbfox3",0
"GTGGTCCGTTGACGAA-1","0","Rbfox3",1.78421614242908
"GTGGTCCGTTGGGTCC-1","6","Rbfox3",0.981872114718505
"GTGGTTATCTAACCCT-1","8","Rbfox3",0
"GTGTAACCACATATAG-1","7","Rbfox3",1.57386504014521
"GTGTAAGGTCATGCTG-1","4","Rbfox3",0
"GTGTAGTCAAGTGGCC-1","7","Rbfox3",2.20825127099957
"GTGTAGTCAATGTATG-1","15","Rbfox3",0
"GTGTCCTCAATTAGGC-1","3","Rbfox3",0.87002165892659
"GTGTGAGAGCATGTGC-1","2","Rbfox3",2.37139017622142
"GTGTGAGAGCCATCAA-1","3","Rbfox3",2.10608937473224
"GTGTGAGAGCGAGCTT-1","3","Rbfox3",1.87410096760643
"GTGTGAGAGGCACATC-1","4","Rbfox3",0
"GTGTGGCCAATAGCAC-1","0","Rbfox3",2.06426085296416
"GTGTGGCCACCATCTA-1","2","Rbfox3",0
"GTGTGGCCATTCATGT-1","0","Rbfox3",1.67563051423948
"GTGTGTTGTAGCGCCT-1","16","Rbfox3",0
"GTGTGTTGTTAGTCGT-1","11","Rbfox3",1.26321765833368
"GTGTTACGTTGTCATA-1","5","Rbfox3",1.12117783815513
"GTGTTAGTCGACTGGT-1","7","Rbfox3",1.65525553806581
"GTGTTCAAGCGATGAG-1","12","Rbfox3",0
"GTGTTCCCAGTTGGGC-1","9","Rbfox3",0
"GTTAACTAGTCAAGGG-1","11","Rbfox3",1.588336428744
"GTTAAGCCATGATTAG-1","0","Rbfox3",0
"GTTAAGGGTAAGCTAG-1","2","Rbfox3",1.40148452661387
"GTTAATGCAAATCAGC-1","1","Rbfox3",1.84152784758652
"GTTACCCCAACCAGAT-1","3","Rbfox3",1.53822267255748
"GTTACCCCACAGCGGT-1","1","Rbfox3",1.71927879535609
"GTTACCCCAGCTCAAG-1","0","Rbfox3",1.26388521619462
"GTTACCTTCCCATTCG-1","5","Rbfox3",1.9462530845868
"GTTACTTCAAAGGAGC-1","0","Rbfox3",0
"GTTACTTCAGTAAGGA-1","6","Rbfox3",0.791238546459707
"GTTACTTCATCACGAG-1","0","Rbfox3",1.28068112419422
"GTTACTTCATGCTCCG-1","8","Rbfox3",0
"GTTAGCATCGCTCACC-1","4","Rbfox3",0
"GTTAGCATCGTGATGC-1","1","Rbfox3",2.19462141065395
"GTTAGGCTCGACCTAA-1","7","Rbfox3",1.78443606111212
"GTTAGGCTCGATGATT-1","3","Rbfox3",1.65420587511566
"GTTAGGCTCGTGAGGA-1","2","Rbfox3",1.64431428611218
"GTTAGGGAGCGAGAGC-1","2","Rbfox3",1.60529084532146
"GTTAGGTCACTCGCAT-1","11","Rbfox3",2.10028024742432
"GTTAGTTAGGATTAGA-1","10","Rbfox3",0
"GTTAGTTAGTCATTGG-1","6","Rbfox3",0
"GTTATCAGTTAAGGAT-1","14","Rbfox3",0
"GTTATCCTCTAACCAG-1","12","Rbfox3",0
"GTTATCCTCTGGCACG-1","13","Rbfox3",0.666827344113981
"GTTCAATAGGAACTGG-1","4","Rbfox3",0
"GTTCAATAGGTAAGGT-1","0","Rbfox3",1.38289153461492
"GTTCACAAGCATTCAG-1","11","Rbfox3",0.947752043925302
"GTTCACAAGTAGCTCA-1","8","Rbfox3",0
"GTTCACCCACCATACC-1","6","Rbfox3",0.947606940532617
"GTTCACCCATTCAGGG-1","11","Rbfox3",1.95124334210685
"GTTCACTTCGCTAATG-1","0","Rbfox3",0
"GTTCAGGCATGGTCAG-1","1","Rbfox3",1.6492533480893
"GTTCATGAGCGATAGG-1","4","Rbfox3",0
"GTTCATTCAACCTCGT-1","2","Rbfox3",1.52436184353468
"GTTCCAAAGAACCTGC-1","0","Rbfox3",1.75660110621455
"GTTCCAAAGCCAGGTT-1","6","Rbfox3",0.640030834938499
"GTTCCAAAGGTAGGAT-1","15","Rbfox3",0
"GTTCCAAAGGTTGAGG-1","7","Rbfox3",1.47719999373916
"GTTCCCTGTTAATCTG-1","9","Rbfox3",2.28561116365492
"GTTCGAATCATGTCCT-1","9","Rbfox3",1.94132988400666
"GTTCGATGTTCAAGCT-1","0","Rbfox3",1.41368212420004
"GTTCGATGTTTGGGCC-1","0","Rbfox3",0
"GTTCGTCCATAAGCAC-1","7","Rbfox3",1.85597743578472
"GTTCGTCCATAATCGA-1","6","Rbfox3",1.9956901747898
"GTTCGTCCATCCATCA-1","9","Rbfox3",2.53334336339265
"GTTCGTTTCATCGTAG-1","2","Rbfox3",1.47548045012242
"GTTCGTTTCATGCTCT-1","9","Rbfox3",2.22978796692231
"GTTCGTTTCCCATTCG-1","3","Rbfox3",1.77868558865789
"GTTCTAAGTGGCGTAG-1","0","Rbfox3",0.830587288770975
"GTTCTAAGTTATCGCG-1","10","Rbfox3",0
"GTTCTCACATTGGCGA-1","10","Rbfox3",0
"GTTGAAGGTCATCAGT-1","8","Rbfox3",0
"GTTGAAGGTTAGCATC-1","10","Rbfox3",0
"GTTGAGGAGCTTACAG-1","8","Rbfox3",0
"GTTGATTAGGAGTCAG-1","4","Rbfox3",0
"GTTGCAATCTATGAGT-1","4","Rbfox3",0
"GTTGCCCTCAGGTTGC-1","8","Rbfox3",0
"GTTGCCCTCCGCTGAG-1","12","Rbfox3",0
"GTTGCCCTCGTGCTCC-1","9","Rbfox3",1.76638362943403
"GTTGCCTCACTATGCC-1","14","Rbfox3",0
"GTTGCCTCAGGATCTG-1","10","Rbfox3",0
"GTTGCTGGTATGTGTC-1","5","Rbfox3",2.5297988962592
"GTTGCTGGTTATCGCG-1","7","Rbfox3",1.25326319360709
"GTTGGGTTCCTCATGT-1","8","Rbfox3",0
"GTTGTACGTTAATCCA-1","7","Rbfox3",1.37104045557731
"GTTGTACGTTATCCGG-1","2","Rbfox3",1.72554621287762
"GTTGTACGTTCGGTTG-1","12","Rbfox3",0
"GTTGTGATCAGGCAGA-1","8","Rbfox3",0
"TAAACCACAATCGCCT-1","5","Rbfox3",1.44945246672827
"TAAACCACATCCCGTG-1","3","Rbfox3",1.70728911192558
"TAAACCACATGGTAAC-1","15","Rbfox3",1.13245658300534
"TAAACGAAGCCTAGCG-1","6","Rbfox3",0.861646143382298
"TAAACGAAGGTATCGC-1","6","Rbfox3",0
"TAAACGGGTTGGAGCG-1","8","Rbfox3",0
"TAAATCGCAGTAATTG-1","2","Rbfox3",1.65843723575079
"TAAATCGCATGGATCG-1","3","Rbfox3",0.685730582904896
"TAAATCGCATTAGCGG-1","5","Rbfox3",1.36775958647518
"TAACACTAGCCTCTGC-1","2","Rbfox3",1.2849200801299
"TAACACTAGTCGAGTC-1","7","Rbfox3",1.25880759732182
"TAACAGCCAGGTTACG-1","8","Rbfox3",0
"TAACCAACAAAGGATG-1","13","Rbfox3",1.02301856459932
"TAACCAACAATATCAG-1","5","Rbfox3",1.39597185600196
"TAACCAACACATTGAA-1","10","Rbfox3",0
"TAACCAACATGACGAT-1","0","Rbfox3",0
"TAACCAACATTGCCAC-1","7","Rbfox3",0.767729360949448
"TAACCATAGCTTAGTG-1","10","Rbfox3",0
"TAACCCTTCTGGCCGA-1","1","Rbfox3",2.2973593231238
"TAACCGATCACAGCGT-1","2","Rbfox3",1.01678409397515
"TAACCTAGTTGCTCTC-1","4","Rbfox3",0
"TAACGAAAGTCAGTCA-1","4","Rbfox3",0
"TAACGAGGTAACTGCT-1","7","Rbfox3",2.1178277608443
"TAACGAGGTGATGATG-1","12","Rbfox3",0
"TAACGAGGTTAGACGA-1","5","Rbfox3",1.96950518410711
"TAACGAGGTTGCGCGT-1","6","Rbfox3",1.17399386690735
"TAACGATTCCGCTAGG-1","3","Rbfox3",2.10931922988218
"TAACGCGCACCTCAAC-1","2","Rbfox3",0.912765288289678
"TAACGGCTCAGGACGA-1","6","Rbfox3",0
"TAACGGCTCCCATAGA-1","6","Rbfox3",0
"TAACGGTCACAGCACA-1","3","Rbfox3",2.22271779821498
"TAACGGTCATCATATC-1","14","Rbfox3",0
"TAACGGTCATCGCTAC-1","8","Rbfox3",0
"TAACTCCTCAGGCTTA-1","3","Rbfox3",2.65035975144956
"TAACTCCTCCATCGAA-1","0","Rbfox3",1.74781339566926
"TAACTCCTCGATGCAC-1","8","Rbfox3",0
"TAACTGACATAATCTC-1","6","Rbfox3",0
"TAACTGACATGGAATC-1","14","Rbfox3",0
"TAACTGGTCAAGTTAC-1","2","Rbfox3",2.34251110769296
"TAACTGGTCCATTGCT-1","2","Rbfox3",1.85441043418972
"TAACTGGTCCTGATGA-1","1","Rbfox3",1.73656655667374
"TAACTTGGTTGCCCAA-1","10","Rbfox3",0
"TAAGCAAAGGATGGCA-1","2","Rbfox3",1.73201446911478
"TAAGCAAAGGCGATAG-1","5","Rbfox3",0
"TAAGCACCAAAGGTCT-1","8","Rbfox3",0
"TAAGCACCAAGTCGGC-1","5","Rbfox3",2.10287078441446
"TAAGCACCAGCATGGC-1","5","Rbfox3",2.10019038286184
"TAAGCAGGTCTGTGTG-1","0","Rbfox3",1.88776573527331
"TAAGCCATCACATAGT-1","5","Rbfox3",1.85988428510494
"TAAGCCTGTATGGTGA-1","1","Rbfox3",2.61008663782619
"TAAGCGAGTCTTGGGC-1","2","Rbfox3",0
"TAAGCGAGTTCGGCGT-1","1","Rbfox3",1.54379735635054
"TAAGCGCTCCCGTGCT-1","4","Rbfox3",0
"TAAGGATGTTATGCTA-1","1","Rbfox3",2.29873541624747
"TAAGGATGTTGCACTG-1","4","Rbfox3",0
"TAAGGCGAGGATTGCC-1","2","Rbfox3",1.3663434827299
"TAAGTCACAACGGCTA-1","1","Rbfox3",1.28919099002475
"TAAGTCCGTCAGTTAC-1","13","Rbfox3",0.484022080956444
"TAAGTGAAGTGAGATA-1","6","Rbfox3",2.19633618194186
"TAATAGCTCGTCTAAG-1","9","Rbfox3",2.080036769372
"TAATAGCTCGTTAGCA-1","2","Rbfox3",1.17515315127747
"TAATCACAGGGCTAAG-1","2","Rbfox3",0
"TAATCAGCAGGAATGA-1","8","Rbfox3",0
"TAATCAGCATGGATTA-1","4","Rbfox3",0
"TAATCAGCATTCATGT-1","0","Rbfox3",0
"TAATCCCTCCTGAGTA-1","10","Rbfox3",0
"TAATCCTCAATATCCT-1","1","Rbfox3",1.49184865645084
"TAATGGGGTCAGCGGA-1","2","Rbfox3",1.37965626104079
"TAATGGTTCCTGACTT-1","2","Rbfox3",1.96877587136704
"TAATGGTTCGATGGGA-1","2","Rbfox3",0.86561303381971
"TAATGTCAGCTATCTC-1","1","Rbfox3",2.42173917185114
"TAATGTCAGTCGAGAG-1","6","Rbfox3",0.78606501472565
"TAATTCCCATTAGCCC-1","1","Rbfox3",2.6283654245904
"TACAACTAGGCAAGGC-1","4","Rbfox3",0
"TACAACTAGTCGCACG-1","7","Rbfox3",1.33881560799499
"TACAAGGGTGAGGCTG-1","6","Rbfox3",1.81304496619291
"TACAAGGGTGCACGTC-1","7","Rbfox3",1.33639782490717
"TACAAGGGTGGGAACT-1","4","Rbfox3",0
"TACAAGGGTTGTGCCA-1","1","Rbfox3",1.92963124559405
"TACAATGCATTGCGCT-1","3","Rbfox3",2.36477572903952
"TACACAACAGCTCAGA-1","3","Rbfox3",2.31517054465353
"TACACCGGTAGCGGTG-1","0","Rbfox3",0.880386270193435
"TACACCGGTGAGCCCT-1","6","Rbfox3",0
"TACACCTTCTGGGCTG-1","0","Rbfox3",0
"TACAGATTCCTTAGCT-1","4","Rbfox3",0
"TACAGATTCGTTCACT-1","14","Rbfox3",0
"TACAGCCAGATTGCCA-1","5","Rbfox3",2.14715671553827
"TACAGCCAGCAATTAC-1","1","Rbfox3",1.37635936108598
"TACAGCCAGGATCCCG-1","4","Rbfox3",0
"TACAGCGCATGATCGG-1","0","Rbfox3",2.38921340666127
"TACAGGGAGAAGCTCC-1","3","Rbfox3",2.21899316374352
"TACAGTTAGATTGCCA-1","4","Rbfox3",0
"TACAGTTAGCTGGCAT-1","12","Rbfox3",0
"TACAGTTAGGCTCCAG-1","12","Rbfox3",0
"TACATAGCAATGCGTG-1","9","Rbfox3",2.44703946171897
"TACATAGCACTTCAGC-1","9","Rbfox3",1.64323655240376
"TACATGACAGGTTCGA-1","3","Rbfox3",1.44770808853808
"TACCAAGTCACCCTTG-1","3","Rbfox3",2.59029579687455
"TACCAATAGCGCCACA-1","4","Rbfox3",0
"TACCAATAGTGGCGAA-1","1","Rbfox3",2.42885176343751
"TACCACAAGAAGCTAA-1","8","Rbfox3",0
"TACCACAAGCCAGTCG-1","9","Rbfox3",2.59376614365384
"TACCACGGTGCAGTCC-1","2","Rbfox3",1.63073347071909
"TACCACGGTTTGGATC-1","6","Rbfox3",1.42540873735213
"TACCAGGCATTGCCGT-1","16","Rbfox3",1.25419337926708
"TACCATGAGTAGACTT-1","9","Rbfox3",2.03760690644964
"TACCATTCAAAGGTAG-1","15","Rbfox3",0
"TACCCATTCCTGCCAC-1","15","Rbfox3",0
"TACCCCTGTCAACCTG-1","9","Rbfox3",1.8909830488968
"TACCGCCTCCAACTAG-1","7","Rbfox3",1.09887902646644
"TACCGTCCAGTAATCA-1","0","Rbfox3",1.25264393362992
"TACCTAGAGTTAGGAA-1","13","Rbfox3",0
"TACCTCACAATACCGG-1","2","Rbfox3",1.75711678954815
"TACCTCACATCATCGC-1","3","Rbfox3",2.21674946233471
"TACCTGAAGCATGCAC-1","0","Rbfox3",1.66930699635023
"TACCTGAAGCCATGAC-1","1","Rbfox3",1.9080771706737
"TACGAACCAAATGCAC-1","9","Rbfox3",0.89280143250294
"TACGAAGGTTGCTATA-1","0","Rbfox3",1.55406203612285
"TACGAGGAGCGCCAAT-1","16","Rbfox3",0
"TACGAGGAGGTACTTG-1","3","Rbfox3",1.7154980579092
"TACGCAATCCAGAGCT-1","11","Rbfox3",2.26300355377067
"TACGCAATCGATGCGT-1","5","Rbfox3",1.45852293648629
"TACGCAATCTATCCAC-1","13","Rbfox3",1.36427985160532
"TACGCAATCTGGGATC-1","6","Rbfox3",1.49278393904348
"TACGCATGTGCATTAC-1","5","Rbfox3",1.36355746896709
"TACGCATGTTGTAGTC-1","4","Rbfox3",0
"TACGCCCTCATGCCGG-1","7","Rbfox3",1.71212750576394
"TACGCCTCACCTGTGT-1","7","Rbfox3",0.706457931181788
"TACGCTAAGCCGCACA-1","1","Rbfox3",1.75429177230509
"TACGCTAAGGTGCATC-1","0","Rbfox3",1.66165694123613
"TACGCTGGTAGGTCGG-1","7","Rbfox3",0.787759827857132
"TACGCTGGTCAAGCCC-1","13","Rbfox3",0.69636261741392
"TACGCTGGTTCGTCTC-1","1","Rbfox3",1.97059678509171
"TACGGTCAGCCCTTCA-1","4","Rbfox3",0
"TACGGTCAGCCTCTGC-1","1","Rbfox3",2.09354664601534
"TACGGTCAGCTGGATC-1","0","Rbfox3",1.50638899605503
"TACGGTCAGCTTACAG-1","2","Rbfox3",2.06210156718362
"TACGGTCAGTTACGCA-1","5","Rbfox3",2.08792258067312
"TACGGTTGTCTGGTTG-1","1","Rbfox3",2.16944683328396
"TACGTAGTCCCAGGCA-1","0","Rbfox3",1.91674351610507
"TACGTAGTCCTGCCAC-1","2","Rbfox3",1.77691506007952
"TACGTCAAGCAAGGAT-1","15","Rbfox3",3.04343465343254
"TACGTCAAGCCGACAT-1","3","Rbfox3",2.21563905199477
"TACGTCAAGGTTCCTT-1","7","Rbfox3",0.860148821063019
"TACTACCTCACAGAGG-1","6","Rbfox3",1.00631734326912
"TACTATGGTCTGGTTG-1","2","Rbfox3",2.3339670877005
"TACTCATCAAGTTCCC-1","3","Rbfox3",1.29766910441745
"TACTCATCATCGTTCA-1","6","Rbfox3",2.1876817613798
"TACTCCACATGGCCTT-1","1","Rbfox3",1.4449644257541
"TACTCCACATTCATGT-1","5","Rbfox3",1.5808617435069
"TACTGATAGGTAAGGT-1","14","Rbfox3",0
"TACTGATAGGTAGGTG-1","1","Rbfox3",0
"TACTGTGAGAAGCGTG-1","15","Rbfox3",0
"TACTGTGAGCATATAC-1","11","Rbfox3",0.908546302648172
"TACTGTGAGCCTGATA-1","1","Rbfox3",2.09058973266341
"TACTGTGAGGTCATAT-1","5","Rbfox3",0
"TACTGTGAGTAGGTAA-1","6","Rbfox3",1.45784805346852
"TACTGTTCACAAGCGC-1","12","Rbfox3",0
"TACTGTTCATTCGCGT-1","4","Rbfox3",0
"TACTTAGGTCAATTCA-1","1","Rbfox3",0
"TACTTAGGTTGACGTT-1","6","Rbfox3",0
"TACTTCATCATCACGA-1","0","Rbfox3",0
"TACTTCATCCTTCGGC-1","4","Rbfox3",0
"TAGCAAGGTATGGTAG-1","3","Rbfox3",1.73814201863294
"TAGCAAGGTGAGGCTG-1","11","Rbfox3",1.54404838344951
"TAGCACGCAATCGCCT-1","5","Rbfox3",2.15606522129808
"TAGCAGTCATGCAGAT-1","5","Rbfox3",2.31644602065139
"TAGCCAGCAAAGGTGA-1","4","Rbfox3",0
"TAGCCAGCACTTGATT-1","5","Rbfox3",0.979373255084105
"TAGCCCTCACCAATCC-1","10","Rbfox3",0
"TAGCGAAGTTAGGCCC-1","6","Rbfox3",0.708911658941675
"TAGCTAGTCTGGCCCT-1","0","Rbfox3",1.854069678095
"TAGCTCAAGCCCTTCA-1","2","Rbfox3",1.41635620587004
"TAGCTCAAGGGGATCA-1","7","Rbfox3",1.47583179211365
"TAGCTCAAGTGCGGTT-1","14","Rbfox3",0
"TAGGAGTAGTTGGTGC-1","5","Rbfox3",1.90936150844532
"TAGGATGGTCATGAAG-1","11","Rbfox3",2.408350151091
"TAGGCAAGTGATCAAG-1","11","Rbfox3",1.50239443955336
"TAGGCAAGTTGGGCCT-1","5","Rbfox3",2.08557313498305
"TAGGCCACAAGCTCTC-1","3","Rbfox3",2.29702404179837
"TAGGCTTGTTGGAATG-1","11","Rbfox3",0.678811946450409
"TAGGGCTTCCCCAACC-1","0","Rbfox3",1.73550752434181
"TAGGGTGAGGTGCGAA-1","1","Rbfox3",1.46352290402174
"TAGGGTGAGTAACGAA-1","3","Rbfox3",1.44491487862476
"TAGGGTTCACCAATCC-1","4","Rbfox3",0
"TAGGTAGGTAAGGACC-1","5","Rbfox3",2.21782492768723
"TAGGTAGGTCTTGCCT-1","7","Rbfox3",1.18467753808702
"TAGGTGAGTTGGCGCT-1","14","Rbfox3",0
"TAGGTGGAGCAGGGTA-1","3","Rbfox3",0
"TAGGTTACAAGCTATA-1","14","Rbfox3",0
"TAGGTTACAGGCTATG-1","5","Rbfox3",1.97362907779467
"TAGTACCGTTGGGTCC-1","5","Rbfox3",1.42926076798589
"TAGTAGCCAGCTAACG-1","7","Rbfox3",2.06537283147957
"TAGTCCCCAAGGGAAC-1","3","Rbfox3",2.46178963357261
"TAGTGCATCGCTGGCA-1","2","Rbfox3",0.603646382319544
"TAGTGGGAGCTAGCCG-1","6","Rbfox3",0
"TAGTGGGAGGTACGTC-1","3","Rbfox3",1.35162227922205
"TAGTGTTAGCGATGGA-1","4","Rbfox3",0
"TAGTTAGCAAGGTCCA-1","2","Rbfox3",2.13449762203116
"TAGTTAGCATGATATG-1","1","Rbfox3",2.95914793585463
"TAGTTCCTCCAACCTT-1","8","Rbfox3",0
"TAGTTTCCAAATGAGG-1","7","Rbfox3",0.660025433908088
"TAGTTTCCAACTAGAC-1","12","Rbfox3",0
"TAGTTTGGTTCGAGCC-1","4","Rbfox3",0
"TAGTTTGGTTGTCTCC-1","0","Rbfox3",1.25616622098751
"TATACGTAGCATGGCT-1","8","Rbfox3",0
"TATACGTAGGTCCCGA-1","0","Rbfox3",1.78210288984404
"TATACGTAGTCAGGAG-1","13","Rbfox3",1.80748659635128
"TATAGGGGTTAGTGCT-1","3","Rbfox3",2.14817486391586
"TATAGGGGTTGGATAG-1","0","Rbfox3",1.51602381333029
"TATAGGTTCATGCACA-1","7","Rbfox3",1.1059547285315
"TATAGTCAGCGCCTAG-1","1","Rbfox3",1.05977618945391
"TATAGTCAGCTTCCAT-1","5","Rbfox3",1.09668268530141
"TATAGTCAGGGTATCC-1","1","Rbfox3",2.1516208205362
"TATCACCTCCAACCGG-1","2","Rbfox3",0.93520984216892
"TATCACCTCCACCGTC-1","5","Rbfox3",1.58498675255629
"TATCATCCAATCTCCA-1","8","Rbfox3",0
"TATCCAAGTAAGGGCT-1","1","Rbfox3",2.07627611852699
"TATCCAAGTATAGCAG-1","5","Rbfox3",2.41002856573503
"TATCCAAGTCTCCAAG-1","7","Rbfox3",2.19456234614654
"TATCCATCATCGACTC-1","13","Rbfox3",1.4480939205453
"TATCCCACAAGCGGAG-1","4","Rbfox3",0
"TATCCCACATTCGTCA-1","6","Rbfox3",1.08454606489608
"TATCCGCCAATCTCTG-1","6","Rbfox3",1.18525552709885
"TATCCGGGTAACCCAT-1","8","Rbfox3",0
"TATCCGGGTAAGGACC-1","3","Rbfox3",1.99167246174064
"TATCCGTTCACGTTGA-1","1","Rbfox3",0
"TATCCGTTCTAAGCCA-1","6","Rbfox3",1.25968079999548
"TATCCTTGTTGCGGAG-1","13","Rbfox3",0.527184217242477
"TATCGAACATTAGCGG-1","4","Rbfox3",0
"TATCGCTTCCCGCTGT-1","8","Rbfox3",0
"TATCGCTTCCGCGTCT-1","2","Rbfox3",2.20031200742714
"TATCGGGCATGGTATA-1","5","Rbfox3",2.18373899864676
"TATCGTAGTTGACTCG-1","10","Rbfox3",0
"TATCGTTCAAGCTATA-1","2","Rbfox3",1.86217722080732
"TATCTCATCCATCTAC-1","3","Rbfox3",1.79929908775394
"TATCTGCTCCCATGCC-1","9","Rbfox3",1.48138821445583
"TATCTGCTCGTGCGTG-1","4","Rbfox3",0
"TATCTTGTCCGTGCAG-1","12","Rbfox3",0
"TATGACTAGAAGGTGT-1","1","Rbfox3",1.00008332354191
"TATGAGAAGTGGCTCG-1","14","Rbfox3",0
"TATGATGCATCCATAT-1","10","Rbfox3",0
"TATGCAACACCAGGAC-1","3","Rbfox3",2.07133552117726
"TATGCAACATCCTGCG-1","7","Rbfox3",1.28296935665837
"TATGCTAGTTCGCAGC-1","0","Rbfox3",1.23536083136102
"TATGGCCAGCCGACCA-1","5","Rbfox3",2.47617026183986
"TATGGCCAGGTTGCTA-1","1","Rbfox3",1.59331490451863
"TATGGTTAGGAACTGG-1","7","Rbfox3",2.44210220939153
"TATGGTTAGGCTACCG-1","14","Rbfox3",0
"TATGGTTAGGGGATTG-1","2","Rbfox3",1.85089694536575
"TCAAAGCCATGGATAC-1","8","Rbfox3",0
"TCAAATGCACCTTCCC-1","0","Rbfox3",1.42170004748515
"TCAAATGCAGGGACGA-1","5","Rbfox3",1.66923706262514
"TCAAATGCATTCCTCT-1","4","Rbfox3",0
"TCAACATAGTGAAGCG-1","6","Rbfox3",0
"TCAACCAAGTATGAGA-1","4","Rbfox3",0
"TCAACCTTCAAGTCCA-1","2","Rbfox3",1.64093289401073
"TCAATCCTCATCATCC-1","5","Rbfox3",1.90448065366766
"TCAATCTCATCCTCGG-1","1","Rbfox3",1.78700680594768
"TCAATTGGTTCGGGCT-1","0","Rbfox3",0
"TCACAATAGGTGGACA-1","7","Rbfox3",2.51365060636073
"TCACACAAGCTTAACG-1","0","Rbfox3",2.80359526053181
"TCACACCCAGTACCAG-1","0","Rbfox3",1.501942095567
"TCACAGGCAATCTATC-1","12","Rbfox3",0
"TCACATAGTGGGTCTC-1","1","Rbfox3",2.17409608252281
"TCACATAGTTACACTA-1","0","Rbfox3",0
"TCACATGAGGCATTCA-1","5","Rbfox3",1.320486122568
"TCACATGAGGTATAGA-1","6","Rbfox3",1.64492126702618
"TCACATTCAAGCTCAG-1","1","Rbfox3",0.944330675943774
"TCACATTCAGGGCTTA-1","0","Rbfox3",0.716809264612823
"TCACCAAAGTTAGCGC-1","2","Rbfox3",1.35218855367574
"TCACCATTCCGGATAC-1","9","Rbfox3",2.2905134105457
"TCACCCTGTGAAGGAG-1","4","Rbfox3",0
"TCACGAATCCCGCTTA-1","6","Rbfox3",0.869618904564653
"TCACGACAGCTATCCT-1","10","Rbfox3",0
"TCACGATGTCAAGGGT-1","3","Rbfox3",2.23089955007019
"TCACGCCTCATCGTCT-1","4","Rbfox3",0
"TCACGCCTCATGTAAC-1","9","Rbfox3",2.25684023584947
"TCACGGACACAGGGCT-1","0","Rbfox3",0.618354276872597
"TCACGGACAGGTTCCT-1","0","Rbfox3",1.53271937615652
"TCACGGACAGGTTGGC-1","11","Rbfox3",1.50402554703681
"TCACGGACAGTTAGGT-1","6","Rbfox3",0
"TCACGTAAGCCATTGA-1","4","Rbfox3",0
"TCACGTAAGGATTAGA-1","6","Rbfox3",1.58216563210548
"TCACGTAAGGGTAGCA-1","2","Rbfox3",1.0781074563807
"TCACGTAAGTACGGGA-1","7","Rbfox3",1.06547789229375
"TCACGTAAGTGAGCCT-1","7","Rbfox3",1.25995207206784
"TCACGTCCAACCGTAG-1","6","Rbfox3",1.23979101564195
"TCACGTCCAGGCAAGG-1","8","Rbfox3",0
"TCACGTTTCGTGAGAG-1","0","Rbfox3",0
"TCACTCACACCATGCT-1","5","Rbfox3",2.25571790787186
"TCACTCACAGGGACTC-1","5","Rbfox3",1.65614674218206
"TCACTGTTCGAATCCA-1","9","Rbfox3",1.7101898634577
"TCACTGTTCGTGAGTC-1","4","Rbfox3",0
"TCACTTATCGTTCACT-1","14","Rbfox3",0
"TCAGAGGAGCAAGTCC-1","10","Rbfox3",0
"TCAGAGGAGGTTACGC-1","3","Rbfox3",1.82197067637622
"TCAGCATGTAACCACT-1","7","Rbfox3",1.59046547444577
"TCAGCATGTCTTGGTG-1","2","Rbfox3",0
"TCAGCCAGTCTCAGTG-1","8","Rbfox3",0
"TCAGCTAAGTAGTGCC-1","1","Rbfox3",1.9695936335384
"TCAGGTCAGGGTATCC-1","14","Rbfox3",0
"TCAGGTTGTCATCCCT-1","0","Rbfox3",2.20054999607766
"TCAGGTTGTGCGGTCT-1","8","Rbfox3",0
"TCAGTATAGGTAAGCG-1","4","Rbfox3",0
"TCAGTATAGGTAGTAA-1","4","Rbfox3",0
"TCAGTATAGTGACGGA-1","1","Rbfox3",1.84747534103943
"TCAGTCAAGATAGGTA-1","0","Rbfox3",1.19598248910283
"TCAGTCAAGTCAGGTC-1","5","Rbfox3",1.42612915124665
"TCAGTTAGTAAGCCAA-1","0","Rbfox3",2.53435322808453
"TCATAGGTCCATGCCC-1","7","Rbfox3",2.05456618152238
"TCATAGGTCCGTAGCG-1","6","Rbfox3",2.16195237072146
"TCATAGGTCCTCTCGA-1","13","Rbfox3",1.45354605507874
"TCATATGGTTGACGCC-1","2","Rbfox3",0.599210697753703
"TCATCATCAACGGCTA-1","1","Rbfox3",1.90588061086954
"TCATCGAAGTACCATG-1","0","Rbfox3",0.733224631425073
"TCATCGCCAAGCTGGC-1","14","Rbfox3",1.60935791723377
"TCATCTATCATACAGT-1","7","Rbfox3",1.40580717534347
"TCATCTATCATGGCTA-1","7","Rbfox3",1.37865575853837
"TCATCTATCGCTCTGC-1","9","Rbfox3",1.92285194024964
"TCATGCTTCACGTACA-1","2","Rbfox3",1.8123871238264
"TCATGCTTCCAGGTTA-1","4","Rbfox3",0
"TCATGCTTCCATAGTG-1","4","Rbfox3",0
"TCATGGATCAGGACTC-1","2","Rbfox3",1.51871065293527
"TCATGGATCCATCAAG-1","10","Rbfox3",0
"TCATGGATCGATAGCC-1","2","Rbfox3",0.847272464368028
"TCATGGATCGTTACCT-1","1","Rbfox3",2.50765232161763
"TCATGGGCATTCCTAG-1","4","Rbfox3",0
"TCATGTGAGCTGGTTA-1","2","Rbfox3",1.21207163260014
"TCATGTTCACTAGCTC-1","5","Rbfox3",2.32855213439643
"TCATTAGGTAAGCGTA-1","0","Rbfox3",1.09067573907237
"TCATTAGGTCTAAGCT-1","0","Rbfox3",0
"TCATTCATCACATGCA-1","4","Rbfox3",0
"TCATTCATCTAGCCAA-1","7","Rbfox3",1.61118241458097
"TCATTCGCAAAGGACA-1","10","Rbfox3",0
"TCATTCGCACCATCTA-1","14","Rbfox3",0
"TCATTCGCAGTTGCCT-1","3","Rbfox3",2.34347539256468
"TCATTGCTCACAGGTC-1","1","Rbfox3",2.77940245582281
"TCATTGCTCACCACTT-1","13","Rbfox3",0
"TCATTGCTCGATGATT-1","14","Rbfox3",0
"TCATTGCTCTAGCTTC-1","7","Rbfox3",0.850625936906179
"TCCAAAGTCGCTCACC-1","10","Rbfox3",0
"TCCAACCCACTTGGTC-1","7","Rbfox3",2.00855464528629
"TCCAACTTCAGTATGT-1","2","Rbfox3",1.16231273074364
"TCCAACTTCTGGGCAT-1","3","Rbfox3",1.93509069024199
"TCCAATAGTGAGCCAG-1","1","Rbfox3",1.532150287363
"TCCAATGAGCCACATA-1","7","Rbfox3",1.29783028730678
"TCCAATGAGGATCCGT-1","1","Rbfox3",1.27507820751362
"TCCAATGAGTGAGTCC-1","1","Rbfox3",1.67890297033449
"TCCAATGAGTTAGCTG-1","0","Rbfox3",1.42580886267672
"TCCAATGAGTTGCTGA-1","1","Rbfox3",0.986348686297004
"TCCAATTCAGTACTAA-1","3","Rbfox3",1.4299857252053
"TCCAATTCATAGGGTT-1","3","Rbfox3",2.42010749023667
"TCCAATTCATTAGGCG-1","3","Rbfox3",1.42813475666966
"TCCACACCAACTAGCG-1","1","Rbfox3",1.54104245948804
"TCCACATTCTAGCTCT-1","3","Rbfox3",1.91468558910038
"TCCACCGCAACCAAGT-1","2","Rbfox3",2.03608523854673
"TCCACCGCATAGAGCT-1","0","Rbfox3",0
"TCCACTTAGGCGTAGA-1","4","Rbfox3",0
"TCCAGCTCAAATCCAA-1","5","Rbfox3",2.38489128612506
"TCCAGCTCAAGCTCCT-1","5","Rbfox3",2.45927521642437
"TCCAGGTAGGGGATTG-1","10","Rbfox3",0
"TCCAGGTAGGTAATCT-1","15","Rbfox3",2.8695856463988
"TCCAGTAAGCCCTGTC-1","0","Rbfox3",0.734915113473821
"TCCATAGAGGTTAGGG-1","14","Rbfox3",0
"TCCATCCGTAATCGTC-1","6","Rbfox3",1.14187957424183
"TCCATGAAGCGATGTC-1","0","Rbfox3",1.76571384459933
"TCCATGGGTGGAAGTC-1","14","Rbfox3",0
"TCCATTGCAATGTCGG-1","0","Rbfox3",0
"TCCATTGCAGGTAGTT-1","11","Rbfox3",1.40140761631585
"TCCATTGCATAATCAG-1","9","Rbfox3",2.23607620112401
"TCCCAACCAACGTGAT-1","8","Rbfox3",0
"TCCCAACCAAGGTGCC-1","2","Rbfox3",2.26288665380755
"TCCCAACCAATCCTCA-1","0","Rbfox3",1.13631997286323
"TCCCAACCATTCATCG-1","13","Rbfox3",1.31514488843073
"TCCCAAGGTCAACCAT-1","15","Rbfox3",0
"TCCCAAGGTGCGGTCT-1","2","Rbfox3",1.89515061139277
"TCCCAGCTCCCTGGCT-1","5","Rbfox3",1.79259328900454
"TCCCCAATCGACTTGA-1","1","Rbfox3",1.84343530581253
"TCCCCTAAGGATTCAT-1","2","Rbfox3",1.8108877775157
"TCCCCTGGTGAGGTGT-1","7","Rbfox3",1.95825598487761
"TCCCCTGGTGATGACA-1","12","Rbfox3",0
"TCCCCTGGTTGGTCAT-1","10","Rbfox3",0
"TCCCGAAGTTCGTCCT-1","2","Rbfox3",2.39630588051973
"TCCCGATCAGTTAGTA-1","5","Rbfox3",1.33529587805523
"TCCCGTTGTATAGCTC-1","3","Rbfox3",1.80239369940315
"TCCCTCAAGGTAGGCA-1","4","Rbfox3",0
"TCCCTCAAGTGAGGAT-1","5","Rbfox3",0
"TCCCTTAGTTCGGCTA-1","0","Rbfox3",1.4121146041789
"TCCCTTGAGCGGTTAC-1","6","Rbfox3",1.36765053545288
"TCCTAATCAACTTACT-1","1","Rbfox3",1.43801721308982
"TCCTAATCAAGCGTTG-1","1","Rbfox3",1.76525875264207
"TCCTAATCATGAAGTC-1","10","Rbfox3",0
"TCCTAGAAGGAGGCAC-1","6","Rbfox3",0.99532793544424
"TCCTAGAAGGATTACT-1","3","Rbfox3",1.65889626189794
"TCCTAGAAGTAGAGGT-1","3","Rbfox3",2.40729874821255
"TCCTATATCACGGAAG-1","9","Rbfox3",1.37082116697759
"TCCTATTGTAATCGCT-1","1","Rbfox3",1.69206070452363
"TCCTCAACAAATCCAA-1","9","Rbfox3",2.11285768085018
"TCCTCGATCCATCACT-1","14","Rbfox3",0
"TCCTCTTCAACTTCGC-1","12","Rbfox3",0
"TCCTCTTCAATCAGGT-1","5","Rbfox3",2.01961374409227
"TCCTCTTCAGGGCAGA-1","11","Rbfox3",1.64974584360892
"TCCTGACCAGGGACGA-1","6","Rbfox3",0
"TCCTGGTCAATGTATG-1","3","Rbfox3",1.86087700743277
"TCCTGGTCATAGGGCC-1","5","Rbfox3",1.91343714955317
"TCCTGTTAGCATGGTC-1","1","Rbfox3",1.44590657609156
"TCCTGTTAGGGGATTG-1","3","Rbfox3",2.06402063486034
"TCCTTAATCAGCAGAG-1","5","Rbfox3",1.97979015341848
"TCCTTATGTGGACCGA-1","5","Rbfox3",1.532150287363
"TCCTTCTCAAGCGTAT-1","5","Rbfox3",2.33816458079321
"TCCTTGGTCATCTGTC-1","2","Rbfox3",0.990514762676311
"TCCTTTGGTATGGTCT-1","8","Rbfox3",1.70815189712004
"TCGAATGTCCCGCTGT-1","4","Rbfox3",0
"TCGACACAGGTGCGAA-1","12","Rbfox3",0
"TCGACACAGTTAGGCC-1","0","Rbfox3",0.41695258976912
"TCGACCAGTGGGTACG-1","12","Rbfox3",0
"TCGACCTCAATATCCT-1","4","Rbfox3",0
"TCGACCTCATAAGGTC-1","10","Rbfox3",0
"TCGACCTCATAGGCGC-1","1","Rbfox3",1.51854355505543
"TCGACGTAGCTGGAAG-1","7","Rbfox3",1.47728696437742
"TCGACTAAGGGGATGC-1","2","Rbfox3",1.94119845633888
"TCGAGGTTCTATGTGG-1","13","Rbfox3",0
"TCGATAGTCTAGTGCA-1","11","Rbfox3",1.68908493258692
"TCGATATAGGTAAGTA-1","0","Rbfox3",1.66895739931668
"TCGATATAGTTACCGA-1","5","Rbfox3",2.36909880278306
"TCGATCAAGGTAATCT-1","9","Rbfox3",2.07505705266836
"TCGATCAAGTTGCGAC-1","1","Rbfox3",1.97003603615846
"TCGATTGAGGCGCATT-1","8","Rbfox3",0
"TCGCAAATCCTCAGTT-1","1","Rbfox3",2.08429833463184
"TCGCAAATCGACCTGG-1","0","Rbfox3",1.1601276816185
"TCGCAAATCGAGCACT-1","2","Rbfox3",0.942319217427033
"TCGCAAATCTGGGAAG-1","6","Rbfox3",0.873095594619428
"TCGCAACAGGTGACAG-1","10","Rbfox3",0
"TCGCACCTCGCGCCAA-1","2","Rbfox3",1.34860545098419
"TCGCAGACAAACCATA-1","14","Rbfox3",0
"TCGCAGACAATACTTC-1","5","Rbfox3",1.65197503447219
"TCGCATAAGCGCTACG-1","6","Rbfox3",0
"TCGCATAAGCTGGCTG-1","3","Rbfox3",1.47494297388631
"TCGCATGGTAGTCAAG-1","9","Rbfox3",1.48243963987011
"TCGCCATCACATTAAG-1","14","Rbfox3",0
"TCGCCTATCCATTACC-1","2","Rbfox3",1.67974572283939
"TCGCCTGCAATTAACG-1","0","Rbfox3",1.37397204758978
"TCGCCTTGTTTGGTGT-1","15","Rbfox3",0
"TCGCGATAGCCAGTCG-1","9","Rbfox3",1.52332299449151
"TCGCGATAGTGATTCG-1","5","Rbfox3",1.2976368732997
"TCGCGCAAGATAGGGT-1","13","Rbfox3",1.43516580049738
"TCGCGGATCGACATCA-1","5","Rbfox3",2.14741112977935
"TCGCTAAAGAAGCCCT-1","9","Rbfox3",2.65221074616076
"TCGCTAAAGCTACGAC-1","4","Rbfox3",0
"TCGCTAGGTGGAGCAT-1","0","Rbfox3",0.959467439802197
"TCGCTCGCAATTCATC-1","0","Rbfox3",0
"TCGCTCGCAGCCATTC-1","0","Rbfox3",1.57487412274967
"TCGCTCTGTGATCCTG-1","5","Rbfox3",1.77841291246688
"TCGCTCTGTGCGTAGG-1","1","Rbfox3",2.00898929169822
"TCGCTCTGTTCGGCTA-1","1","Rbfox3",1.07695738560509
"TCGCTGCTCATCAGTG-1","10","Rbfox3",0
"TCGCTTACAAGCTTAA-1","7","Rbfox3",1.55886047126304
"TCGCTTGTCCATCACT-1","3","Rbfox3",1.83080285026199
"TCGGCAACATAACCGG-1","6","Rbfox3",0
"TCGGCCAAGTGCCAGT-1","2","Rbfox3",2.40758775202725
"TCGGCTAGTTATGGAG-1","15","Rbfox3",0
"TCGGCTGAGCTTACTC-1","8","Rbfox3",0
"TCGGGCATCCAGCAAC-1","3","Rbfox3",2.07714078199702
"TCGGGGTCAATGGGCC-1","3","Rbfox3",2.74271724729346
"TCGGGTTAGCTAGGGA-1","12","Rbfox3",0
"TCGGTAATCGCGACTG-1","3","Rbfox3",1.7131027952284
"TCGGTCAGTGAGGATC-1","0","Rbfox3",0
"TCGGTCAGTGAGTTGA-1","2","Rbfox3",1.39156744301805
"TCGGTTAAGAACGGAT-1","13","Rbfox3",0.83673434878497
"TCGGTTAAGGTACTAT-1","5","Rbfox3",2.26175593183878
"TCGTAATAGCATGACC-1","5","Rbfox3",2.1849460425528
"TCGTAATAGGATGGTG-1","11","Rbfox3",1.45666876632877
"TCGTACGGTAATCGTC-1","4","Rbfox3",0
"TCGTACTTCGAATGAA-1","15","Rbfox3",0
"TCGTACTTCGATGAGG-1","1","Rbfox3",2.43962752998991
"TCGTCAAAGTGCCCAG-1","0","Rbfox3",1.72855147425603
"TCGTCATTCCATCGTT-1","0","Rbfox3",0
"TCGTCCATCGTTACAG-1","7","Rbfox3",2.29010020181187
"TCGTGCCTCCCAATCT-1","6","Rbfox3",1.52618153308279
"TCGTGCCTCGCGCGTA-1","0","Rbfox3",0
"TCGTGCCTCTCATTGC-1","7","Rbfox3",1.34507904013212
"TCGTGTCCACTCAACC-1","11","Rbfox3",2.59195437392821
"TCGTTGAAGCTGGGTT-1","0","Rbfox3",0
"TCGTTGAAGGGTACTC-1","7","Rbfox3",2.34289771756104
"TCGTTGAAGGTCGAAG-1","6","Rbfox3",0
"TCGTTGGGTAGTCCGC-1","7","Rbfox3",1.87646233006292
"TCGTTTCAGGTCAACC-1","7","Rbfox3",1.90423745265475
"TCGTTTCAGTAACCGC-1","2","Rbfox3",1.00002900887757
"TCGTTTGCAAGCGTGC-1","7","Rbfox3",2.09051207029597
"TCTAACCTCCATGACA-1","2","Rbfox3",0.89297176072285
"TCTAACCTCCGTAGTA-1","2","Rbfox3",1.91296132379586
"TCTAAGGTCCGGTAGT-1","16","Rbfox3",0
"TCTAATCCATAGGTGT-1","0","Rbfox3",1.67056702929165
"TCTAATCCATTCGGGA-1","1","Rbfox3",1.82545566694945
"TCTACAAGTTGACCAT-1","4","Rbfox3",0
"TCTACGAAGTTGGGTC-1","2","Rbfox3",2.30221232078568
"TCTACGCCAGCTCACT-1","2","Rbfox3",2.21394742968665
"TCTACGCCAGGCTAAT-1","7","Rbfox3",1.48937017528338
"TCTACGTTCGCTAGTA-1","10","Rbfox3",0
"TCTACTTGTAGTTGGA-1","7","Rbfox3",1.0157717458978
"TCTACTTGTATGTGTC-1","8","Rbfox3",0
"TCTACTTGTTTCCTAT-1","6","Rbfox3",1.63271843965266
"TCTAGCGGTGCAGGCA-1","1","Rbfox3",1.73017898163217
"TCTAGCTTCCGTAGGT-1","3","Rbfox3",2.45219691888896
"TCTAGCTTCCTGCACC-1","1","Rbfox3",2.47324794813553
"TCTATAGGTTTCCGCT-1","6","Rbfox3",0.712546281272922
"TCTATCTGTAGTGTGA-1","10","Rbfox3",0
"TCTATCTGTCAGGAGT-1","12","Rbfox3",0
"TCTATGCTCATCTGGA-1","11","Rbfox3",1.68301116974902
"TCTATGCTCCAATGTG-1","11","Rbfox3",0.63888864424663
"TCTATGCTCGCGTGAT-1","3","Rbfox3",1.6264198806374
"TCTATGGAGCGGTGAA-1","8","Rbfox3",0
"TCTATTGTCCAGGGAA-1","10","Rbfox3",0
"TCTCAATCAAACTCGG-1","14","Rbfox3",0
"TCTCAATCAACCGGAC-1","7","Rbfox3",1.75363334940268
"TCTCAATCAGGGCCAT-1","6","Rbfox3",1.81268736854182
"TCTCACTAGAACCATT-1","11","Rbfox3",1.06554023571787
"TCTCATTGTCTTGCTC-1","10","Rbfox3",0
"TCTCCAACATCCTGCG-1","6","Rbfox3",1.16481030978887
"TCTCCAACATGGTCGA-1","7","Rbfox3",1.67501315599573
"TCTCGAGGTATAGCGA-1","8","Rbfox3",0
"TCTCGAGGTCTAGGAA-1","1","Rbfox3",2.13527193201111
"TCTCGCATCACACCGG-1","6","Rbfox3",1.06317677614615
"TCTCGCATCCATTCCG-1","0","Rbfox3",0.981454683015227
"TCTCGCATCCGTGCAG-1","4","Rbfox3",0
"TCTCGGCTCGTACTTC-1","6","Rbfox3",1.214897624397
"TCTCGTTAGGTAATTC-1","5","Rbfox3",1.32709704431859
"TCTCTAGCATTCGTAT-1","10","Rbfox3",0
"TCTCTAGCATTCGTGC-1","0","Rbfox3",1.44244257182312
"TCTCTATGTCAGGAAC-1","8","Rbfox3",0
"TCTCTCCTCGCTGACG-1","12","Rbfox3",0
"TCTCTGGTCTATGCTC-1","8","Rbfox3",0
"TCTGACAAGCTAGTGC-1","3","Rbfox3",1.15392397991489
"TCTGAGGCATGATTGA-1","5","Rbfox3",1.66521049642827
"TCTGATAGTAGCCTCA-1","4","Rbfox3",0
"TCTGATGAGCGGCATT-1","2","Rbfox3",1.04425519403636
"TCTGCATTCACTAGCA-1","5","Rbfox3",1.41047304471184
"TCTGCATTCCAATGCA-1","2","Rbfox3",2.19085005375878
"TCTGCGAGTGCGATGG-1","2","Rbfox3",1.9440268018487
"TCTGCGGAGTCGCATA-1","3","Rbfox3",1.87223595901224
"TCTGCGGAGTGATTAC-1","2","Rbfox3",1.13833470783628
"TCTGGATGTGACCGAG-1","7","Rbfox3",2.77261216005107
"TCTGGCCTCCATTAGG-1","7","Rbfox3",1.40752936885785
"TCTGGCCTCCCAATTC-1","4","Rbfox3",0
"TCTGGCTCAATCCTAT-1","5","Rbfox3",1.96650405301967
"TCTGGCTCATAGACCG-1","6","Rbfox3",1.34287921198591
"TCTGGGACAATAGTTG-1","5","Rbfox3",1.00062682151205
"TCTGGGCGTGAGGAGA-1","11","Rbfox3",1.62211752263699
"TCTGGGCGTTCCCGAA-1","0","Rbfox3",0
"TCTGGGCGTTCCGGGT-1","4","Rbfox3",0
"TCTGGGCGTTCCTTGC-1","0","Rbfox3",0
"TCTGGGGTCACTTCGT-1","1","Rbfox3",2.0952636775549
"TCTGGGGTCCCTGTAT-1","4","Rbfox3",0
"TCTGGGTAGTAGCAGG-1","3","Rbfox3",2.3381494761018
"TCTGGTAAGCATATCG-1","9","Rbfox3",2.52768918415031
"TCTGGTAAGTGGGTCT-1","12","Rbfox3",0
"TCTGTAAGTGCGCAAG-1","0","Rbfox3",1.03974223688989
"TCTGTCCGTTGTAGAG-1","11","Rbfox3",1.18546586078629
"TCTGTCCGTTTAGTTG-1","11","Rbfox3",1.693749679141
"TCTGTGAAGATTGAGA-1","13","Rbfox3",0
"TCTGTTGCAAGCCATG-1","8","Rbfox3",0
"TGAAACCCATGACACG-1","3","Rbfox3",1.83845369408867
"TGAAACCCATGGTCGA-1","13","Rbfox3",1.32235381532173
"TGAAACTTCATGGTTG-1","3","Rbfox3",0
"TGAACAGGTTTCCGCT-1","0","Rbfox3",1.17986792281952
"TGAACATTCGTGATAT-1","12","Rbfox3",0
"TGAACCATCGCATGAC-1","13","Rbfox3",1.86671874729549
"TGAACCCAGCCCTTGC-1","2","Rbfox3",1.42624930264813
"TGAACCGCAAAGGAAT-1","1","Rbfox3",1.43899788613906
"TGAACCGCATGGTCAG-1","10","Rbfox3",0
"TGAATAGAGCAAGTGG-1","4","Rbfox3",0
"TGAATAGAGTTACGGC-1","4","Rbfox3",0
"TGAATCCGTAAGTCAG-1","1","Rbfox3",0.51972808186681
"TGAATCCGTCTAGGAA-1","7","Rbfox3",1.8932954561701
"TGAATTGCATTCAGGG-1","5","Rbfox3",1.74564977056878
"TGAATTGCATTCGTAT-1","2","Rbfox3",1.59198883856975
"TGACACGCAAGCGTGC-1","8","Rbfox3",0
"TGACCAATCCACCTTG-1","1","Rbfox3",1.49485985208463
"TGACCAATCGTCTCCA-1","7","Rbfox3",0.969513424005379
"TGACCAGCACTAGCAG-1","16","Rbfox3",0
"TGACCCAGTTAGAGCA-1","9","Rbfox3",2.13874374239167
"TGACCCTCAAATCATG-1","9","Rbfox3",1.30415213556407
"TGACCCTCAAATCGCG-1","2","Rbfox3",1.89770104654437
"TGACCCTCACTTCGCG-1","8","Rbfox3",0
"TGACCTAAGGGTTGGA-1","8","Rbfox3",0
"TGACGAAGTAATGGGC-1","4","Rbfox3",0
"TGACGAAGTGCATTAC-1","2","Rbfox3",0.91536173976371
"TGACGTTGTGCAGGAT-1","8","Rbfox3",0
"TGACTCCCATGGTTAA-1","14","Rbfox3",0
"TGACTGATCTTGATGG-1","8","Rbfox3",0
"TGAGAACAGAAGCATA-1","6","Rbfox3",1.14588772570565
"TGAGAATGTTGGGCAG-1","2","Rbfox3",0
"TGAGATGGTGACGATA-1","2","Rbfox3",1.68236931078481
"TGAGATGGTGCGCAAG-1","6","Rbfox3",1.77311653428735
"TGAGATGGTTGCGGCT-1","12","Rbfox3",0
"TGAGCAAGTCTAAGTC-1","3","Rbfox3",1.51256609638369
"TGAGCAAGTTCCTCGT-1","3","Rbfox3",2.28527123145413
"TGAGCATCAATTACCT-1","5","Rbfox3",2.17090755665719
"TGAGCATCATCGGGAC-1","2","Rbfox3",2.00608806343876
"TGAGCCACATGACCTC-1","13","Rbfox3",1.2000206894527
"TGAGCCACATGATAGC-1","6","Rbfox3",1.43838478267938
"TGAGCCCGTAGCAGTA-1","2","Rbfox3",1.28425859835358
"TGAGCCCGTTTACGGT-1","0","Rbfox3",0.905244822445678
"TGAGCGCCATGACTAA-1","2","Rbfox3",1.43557233761321
"TGAGCGGGTTCAAGTC-1","6","Rbfox3",1.41955689380516
"TGAGCTATCCGCTACC-1","8","Rbfox3",0
"TGAGCTATCCTGTATC-1","4","Rbfox3",0
"TGAGCTGCATGATCCC-1","2","Rbfox3",1.04449390053757
"TGAGCTGCATTAGAGC-1","4","Rbfox3",0
"TGAGCTTGTCTGTCCT-1","2","Rbfox3",1.83945470557749
"TGAGGCAAGCGCCTTC-1","2","Rbfox3",1.84105176466066
"TGAGGCAAGGTGCTGT-1","12","Rbfox3",0
"TGAGGCAAGTGCTGAC-1","0","Rbfox3",0
"TGAGGCTTCAATGTAC-1","2","Rbfox3",1.71915348338119
"TGAGGGATCTCATCGT-1","8","Rbfox3",0
"TGAGGTAGTTCCCATC-1","1","Rbfox3",2.10496748974347
"TGAGGTAGTTTGCGGC-1","3","Rbfox3",1.84909013928406
"TGAGGTGAGCATGATT-1","4","Rbfox3",0
"TGAGGTGAGCGATAGG-1","3","Rbfox3",2.08301536234196
"TGAGGTGAGGTGACAG-1","1","Rbfox3",1.38311530280901
"TGAGGTGAGTAGTTCG-1","4","Rbfox3",0
"TGAGGTTCAAGTGAGA-1","1","Rbfox3",2.39918414771333
"TGAGGTTCAGCCTATC-1","9","Rbfox3",0
"TGAGTAAAGGCTTGGT-1","11","Rbfox3",1.84224255763287
"TGAGTAGGTAATGACG-1","2","Rbfox3",1.8374910606499
"TGAGTAGGTAGTCCTG-1","6","Rbfox3",0
"TGAGTAGGTTTCCTTG-1","11","Rbfox3",1.8069721304168
"TGAGTCGCAGGTAATC-1","10","Rbfox3",0
"TGAGTCGCATGCTCCG-1","12","Rbfox3",0
"TGAGTCTGTGGCAGCA-1","13","Rbfox3",1.64189179728152
"TGAGTCTGTTAGCGAA-1","1","Rbfox3",2.41687578559876
"TGAGTTACAAGTATCA-1","1","Rbfox3",2.39828497429196
"TGATAGAAGCAAGCGA-1","8","Rbfox3",0
"TGATAGAAGGAGGTTG-1","13","Rbfox3",0
"TGATCCGGTAATGCGA-1","1","Rbfox3",1.5836259787009
"TGATCCGGTAGTAGCA-1","9","Rbfox3",1.81677455236437
"TGATCCGGTCAGGGCA-1","3","Rbfox3",0.840274325425812
"TGATCCGGTTTGGTCG-1","5","Rbfox3",1.50031631752831
"TGATGAAAGCGAGTAG-1","5","Rbfox3",1.4895829964291
"TGATGCCAGCCAGTCG-1","1","Rbfox3",1.42628935835248
"TGATGTTAGCCCTTCA-1","11","Rbfox3",1.7933028017137
"TGATGTTAGTATGTCG-1","2","Rbfox3",0.644470132164629
"TGATTAGCAACTGCGA-1","6","Rbfox3",0
"TGATTGGTCACTAGCA-1","4","Rbfox3",0
"TGATTGGTCAGGATGG-1","10","Rbfox3",0
"TGATTTCCAATCTGCC-1","11","Rbfox3",1.20156320668017
"TGATTTGGTAACTCCG-1","3","Rbfox3",1.84807577775508
"TGATTTGGTCAGGGCA-1","9","Rbfox3",1.99062586911581
"TGATTTGGTCTTGATA-1","2","Rbfox3",1.54333900010876
"TGCAAACCACTTCGAC-1","3","Rbfox3",1.5138087213258
"TGCAAACCAGGCTACA-1","11","Rbfox3",1.55354738352785
"TGCAAAGGTGGGAACT-1","0","Rbfox3",1.40325616727716
"TGCAAAGGTTGTGATC-1","1","Rbfox3",2.40455819151711
"TGCAAAGGTTTGGACT-1","13","Rbfox3",0.600174098192787
"TGCAAATTCACTATGG-1","5","Rbfox3",1.00697845608354
"TGCAAATTCGTGCCCT-1","7","Rbfox3",1.5434113505944
"TGCAATGTCGAACGAG-1","1","Rbfox3",1.92444937273313
"TGCAATTAGCTACGGT-1","9","Rbfox3",1.66512360354456
"TGCAATTAGGTTCAAT-1","13","Rbfox3",1.81451297743218
"TGCACAATCCCCATGC-1","2","Rbfox3",1.09555499531238
"TGCACAATCGAGTCCG-1","5","Rbfox3",2.33069148836054
"TGCACAATCGCGATTA-1","7","Rbfox3",1.05568596542966
"TGCACCCTCCCGCTAC-1","8","Rbfox3",0
"TGCACCCTCGCGTGAT-1","6","Rbfox3",0
"TGCACCTCATGCTTCA-1","5","Rbfox3",2.32235164265114
"TGCACGTAGGTACCAC-1","7","Rbfox3",1.65170237368734
"TGCAGGCCAACTACGG-1","1","Rbfox3",2.24616676637749
"TGCAGGCCACCTTCAA-1","5","Rbfox3",1.3386771791252
"TGCAGGCCATAATCTC-1","16","Rbfox3",0
"TGCAGGTTCCAGCCCT-1","0","Rbfox3",1.22908112355724
"TGCAGGTTCGTAATGT-1","1","Rbfox3",0.930440760598913
"TGCATAGTCATGCTAG-1","6","Rbfox3",1.96775601574031
"TGCATATAGGATCTCA-1","15","Rbfox3",0
"TGCATCAAGCCTGAAC-1","5","Rbfox3",1.60997145919879
"TGCATCCCACAGGCAC-1","15","Rbfox3",0
"TGCATCCCAGGTAATC-1","8","Rbfox3",0
"TGCATTAGTTGGTAGA-1","6","Rbfox3",1.33399001377698
"TGCATTGAGTAACGGG-1","14","Rbfox3",0
"TGCATTTCAAATGCCG-1","3","Rbfox3",0.652945838435288
"TGCATTTCAACGGGTC-1","0","Rbfox3",1.20597150758787
"TGCATTTCAAGCTGGC-1","4","Rbfox3",0
"TGCATTTCATAGGCGC-1","1","Rbfox3",2.15009613543526
"TGCATTTCATAGGTGT-1","1","Rbfox3",0
"TGCATTTCATTACCGC-1","4","Rbfox3",0
"TGCATTTCATTAGACA-1","5","Rbfox3",2.17964170677835
"TGCCAGGTCACCTAAG-1","2","Rbfox3",0.661791869709851
"TGCCAGTAGCCATCAA-1","5","Rbfox3",2.89321590267639
"TGCCAGTAGCCCTGAG-1","14","Rbfox3",0.8778321684696
"TGCCATCCAGGCAGTC-1","0","Rbfox3",1.56140935097951
"TGCCATTTCACGGCTG-1","11","Rbfox3",0.653764047647205
"TGCCATTTCGTGAATT-1","7","Rbfox3",0
"TGCCCGAAGCGGTCTG-1","5","Rbfox3",1.18974309679167
"TGCCCGAAGGTCGATC-1","6","Rbfox3",0
"TGCCCGAAGGTTACTG-1","4","Rbfox3",0
"TGCCCGTTCACGTTGA-1","0","Rbfox3",1.81232994856295
"TGCCCGTTCGTTAGGC-1","7","Rbfox3",1.73169728471002
"TGCCGAACAGCTACTC-1","2","Rbfox3",1.49422966257062
"TGCCGCTTCACTCCAT-1","8","Rbfox3",0
"TGCCGCTTCGAACCCG-1","3","Rbfox3",1.33179725469204
"TGCCGTAGTGCAACGG-1","6","Rbfox3",1.20560276796882
"TGCCGTGAGCGCATGT-1","2","Rbfox3",0
"TGCCGTGAGGAATCAA-1","14","Rbfox3",0
"TGCCGTTCATAATCTC-1","4","Rbfox3",0
"TGCCGTTCATGATCCC-1","0","Rbfox3",1.12565946976322
"TGCCTAAAGCATCTCT-1","8","Rbfox3",0
"TGCCTAAAGCCTGATA-1","1","Rbfox3",1.11839673981927
"TGCCTAAAGTGAACGG-1","5","Rbfox3",0.9616582943028
"TGCCTAGGTTTACGGT-1","1","Rbfox3",2.14039711520608
"TGCCTCGCAAAGGATG-1","0","Rbfox3",0.935397933011595
"TGCCTCTGTCAACTGT-1","4","Rbfox3",0
"TGCCTGCTCCCGCAAG-1","1","Rbfox3",1.75097301032668
"TGCCTGCTCCTCTAGT-1","15","Rbfox3",0
"TGCCTGCTCGTGCCTC-1","9","Rbfox3",2.04245068024964
"TGCCTTTAGTCGATTG-1","9","Rbfox3",2.17019118045701
"TGCGAAAGTTGAGCTT-1","6","Rbfox3",2.35256361143286
"TGCGAAAGTTGCTGTG-1","10","Rbfox3",0
"TGCGACCGTTCGTGAT-1","4","Rbfox3",0
"TGCGACTAGGTTCACA-1","3","Rbfox3",2.21271305927916
"TGCGAGGGTTAAGGGC-1","7","Rbfox3",0.76921782133258
"TGCGATTGTCATCCCT-1","6","Rbfox3",1.56212879551226
"TGCGGCTGTAAGTGTG-1","11","Rbfox3",0
"TGCGGCTGTTGCGACC-1","3","Rbfox3",2.59887867881551
"TGCGGGTCACAGCGAC-1","11","Rbfox3",1.1229704244235
"TGCGGTTAGGTCAAGG-1","3","Rbfox3",2.01925956849118
"TGCGTAATCATGGTGC-1","5","Rbfox3",2.28069596900113
"TGCGTAATCGACATCA-1","0","Rbfox3",0
"TGCGTAATCGATCAAT-1","13","Rbfox3",1.89908822766827
"TGCTAACGTAAGTTGG-1","9","Rbfox3",2.17354363887586
"TGCTAACGTCTCCATC-1","8","Rbfox3",0
"TGCTAAGTCATCAGTG-1","10","Rbfox3",0
"TGCTAAGTCGTGATGC-1","4","Rbfox3",0
"TGCTACAAGCGACTAC-1","0","Rbfox3",1.57971339318672
"TGCTACCCAAGCCTGA-1","15","Rbfox3",1.99784055214936
"TGCTACCCATCAATTC-1","6","Rbfox3",1.27436627472913
"TGCTATAGTCAATCCG-1","10","Rbfox3",0
"TGCTATGAGAACCTTG-1","3","Rbfox3",1.80947696635039
"TGCTCAAAGTAGAGGT-1","11","Rbfox3",1.41920043157068
"TGCTCACCAAACTATG-1","1","Rbfox3",1.76638362943403
"TGCTCACCAAAGGTCT-1","1","Rbfox3",2.17432638061431
"TGCTCCATCGCTTGCC-1","8","Rbfox3",0
"TGCTCCGCAAGCCAAT-1","4","Rbfox3",0
"TGCTCCGCATTCGTGC-1","4","Rbfox3",0
"TGCTCGCTCCTTCGGC-1","1","Rbfox3",2.30934492859279
"TGCTGGACAAGGTAAG-1","2","Rbfox3",1.65763468481269
"TGCTGGACAATGTATG-1","7","Rbfox3",1.87162088063278
"TGCTGGACAATTACAG-1","0","Rbfox3",0
"TGCTGGACATCACTTG-1","6","Rbfox3",0
"TGCTGTCCAAGCACAT-1","12","Rbfox3",0
"TGCTTAAGTAAGTACG-1","2","Rbfox3",1.73224424421223
"TGCTTAAGTGACGACG-1","6","Rbfox3",1.01717837627417
"TGCTTAGAGGTAGGCA-1","2","Rbfox3",1.34221738907231
"TGCTTAGAGTGAGCGA-1","3","Rbfox3",1.97070012636998
"TGCTTCACAAGCTGTG-1","4","Rbfox3",0
"TGCTTCACATGACACG-1","1","Rbfox3",2.78574429162237
"TGGAACCTCAGGGACA-1","8","Rbfox3",0
"TGGAACCTCGCTAGAC-1","9","Rbfox3",1.12587051650625
"TGGACAAGTAGCTAAG-1","0","Rbfox3",1.10478349151056
"TGGACATCACAGGGTC-1","8","Rbfox3",0
"TGGACGAAGGTCGTAC-1","0","Rbfox3",1.02702937329246
"TGGACGAAGTCATCAG-1","1","Rbfox3",2.33384086177919
"TGGACGTTCCATAGAT-1","8","Rbfox3",0
"TGGACTATCTAAGCGC-1","11","Rbfox3",0.905859153164339
"TGGACTCAGATTGAAG-1","8","Rbfox3",0
"TGGACTCAGCTAAGGG-1","1","Rbfox3",1.96606371511628
"TGGAGCAAGTCAGGGA-1","14","Rbfox3",0
"TGGAGCGGTAGTCATC-1","6","Rbfox3",0.943850921798972
"TGGAGGATCCCGCGTT-1","16","Rbfox3",0
"TGGAGTAGTGCGGAAT-1","2","Rbfox3",2.28822202882376
"TGGAGTAGTGGCCAGA-1","8","Rbfox3",0
"TGGAGTAGTTAGGGAC-1","1","Rbfox3",0.910717196142963
"TGGAGTGAGGAGGCTA-1","10","Rbfox3",0
"TGGAGTGAGGTAACGG-1","3","Rbfox3",1.05377543587947
"TGGATATTCTAGGCGT-1","5","Rbfox3",0
"TGGATGGAGGTCATTG-1","0","Rbfox3",0
"TGGATGGAGTCAGTGC-1","5","Rbfox3",1.10953031058751
"TGGATTGTCGACTTGA-1","6","Rbfox3",0
"TGGCACTAGAACGAGT-1","1","Rbfox3",2.06234119075109
"TGGCACTAGGATCTAT-1","7","Rbfox3",0.977559800768058
"TGGCACTAGGATGCAG-1","3","Rbfox3",1.73329834694196
"TGGCATATCAGCCAAC-1","10","Rbfox3",0
"TGGCATGCAAGTAGTC-1","5","Rbfox3",2.07933217436962
"TGGCATTGTTAATGGG-1","5","Rbfox3",2.14893933617676
"TGGCATTGTTGGGATA-1","2","Rbfox3",2.04575737058196
"TGGCCATAGAAGGTGT-1","3","Rbfox3",1.73441807277094
"TGGCCATAGGTCGAGA-1","2","Rbfox3",0
"TGGCGAAAGGCGATGA-1","9","Rbfox3",2.35054329531339
"TGGCGAGGTTTACGGT-1","6","Rbfox3",2.1684173480302
"TGGCGATTCCGGTATA-1","0","Rbfox3",1.8304949732744
"TGGCGCATCAGTACCA-1","16","Rbfox3",0
"TGGCGCATCCCTCACA-1","10","Rbfox3",0
"TGGCTATGTCTGGTCA-1","7","Rbfox3",1.16823537917702
"TGGCTCTCAATACTGA-1","6","Rbfox3",1.12124756103307
"TGGCTGACACCTACCG-1","5","Rbfox3",1.59686411442319
"TGGCTGACAGCAGTTG-1","4","Rbfox3",0
"TGGCTGACATGATTGA-1","6","Rbfox3",0
"TGGCTTGGTTGAGCTT-1","8","Rbfox3",0
"TGGCTTGGTTTAAGCC-1","6","Rbfox3",1.06691381135155
"TGGGAACGTTAGGCCC-1","8","Rbfox3",0
"TGGGACAAGCAAGCGA-1","5","Rbfox3",1.93755687852634
"TGGGACAAGCTTACGA-1","0","Rbfox3",0.933052609603141
"TGGGATAGTTAGTGCT-1","4","Rbfox3",0
"TGGGATTCACTTCGCG-1","2","Rbfox3",1.30327262609773
"TGGGCAAAGGTTCCAA-1","1","Rbfox3",2.68069038917734
"TGGGCACCAACCGTGA-1","4","Rbfox3",0
"TGGGCACCAATGCGTG-1","9","Rbfox3",2.4252476580558
"TGGGCACCAGTAAGCT-1","4","Rbfox3",0
"TGGGCACCATTAACGA-1","0","Rbfox3",1.02702937329246
"TGGGCAGGTCAAGTTC-1","1","Rbfox3",1.71454518535377
"TGGGCTTAGCTAACCA-1","0","Rbfox3",1.31371781885238
"TGGGGCAGTTATCTCT-1","10","Rbfox3",0
"TGGGGCTCATCCTGCG-1","1","Rbfox3",2.02163060465836
"TGGGGCTCATGATCCC-1","5","Rbfox3",2.01556568851723
"TGGGGTTTCCCAGATA-1","6","Rbfox3",1.44951485686102
"TGGGGTTTCCTGACCC-1","6","Rbfox3",0.814067965888296
"TGGGTCACAAATCGGT-1","5","Rbfox3",1.0618755606386
"TGGGTCACAGGTAACT-1","0","Rbfox3",0
"TGGGTCACATGCTACC-1","0","Rbfox3",1.63745632647704
"TGGGTCCGTGCACGAG-1","5","Rbfox3",1.52655736826815
"TGGGTGAAGCCTGTGG-1","4","Rbfox3",0
"TGGGTTATCCGCGACA-1","0","Rbfox3",0
"TGGGTTGCAAGTCGCA-1","3","Rbfox3",1.72214623900791
"TGGGTTGCATCACACC-1","8","Rbfox3",0
"TGGTACGCACTTCAGC-1","6","Rbfox3",0.735367284820731
"TGGTACGCATCCCAGT-1","8","Rbfox3",0
"TGGTAGCTCTGGATTG-1","3","Rbfox3",1.68332042709604
"TGGTAGGAGGTACGCT-1","11","Rbfox3",1.67307650489625
"TGGTAGTCAAAGGTTC-1","5","Rbfox3",1.74548711627785
"TGGTATTAGGCTCAGT-1","5","Rbfox3",1.51436177546068
"TGGTCACAGAATCGAA-1","16","Rbfox3",0
"TGGTCTAAGGATGATA-1","6","Rbfox3",0
"TGGTGGTTCCCCAGAG-1","9","Rbfox3",2.76512042763226
"TGGTGGTTCTGTAACG-1","9","Rbfox3",1.29870146197969
"TGGTGTTGTATAGCGA-1","5","Rbfox3",2.30969210616902
"TGGTTACGTCTGGCTA-1","10","Rbfox3",0
"TGGTTAGTCACACTAG-1","9","Rbfox3",2.21848185153062
"TGGTTATAGGTGATGG-1","6","Rbfox3",0
"TGGTTCAAGCCCGTTC-1","0","Rbfox3",1.67607182549499
"TGGTTCCCACCTTAAT-1","11","Rbfox3",2.27233456122661
"TGGTTTAGTTTAGGTC-1","7","Rbfox3",1.24034366573136
"TGTAACTAGCGGTCCA-1","10","Rbfox3",0
"TGTAAGCCACCAGGAC-1","2","Rbfox3",1.53084801751531
"TGTAAGCCACTAACTT-1","7","Rbfox3",1.12471083873476
"TGTAATGCACATAGCG-1","7","Rbfox3",1.15347836875405
"TGTAATGCATGCGCTT-1","7","Rbfox3",1.39841572165224
"TGTACCCCACAGGACC-1","4","Rbfox3",0
"TGTACCGGTTTAGTCA-1","16","Rbfox3",0
"TGTACCGGTTTGCACG-1","6","Rbfox3",1.67026931186322
"TGTACTGAGGAGCTGA-1","4","Rbfox3",0
"TGTACTGAGGTCGATC-1","8","Rbfox3",0
"TGTAGAGGTAGCAGTA-1","5","Rbfox3",2.41643304666058
"TGTAGAGGTATAGACG-1","0","Rbfox3",1.27100452847823
"TGTAGAGGTCATGAAG-1","4","Rbfox3",0
"TGTAGAGGTGAACGTA-1","11","Rbfox3",1.46736355215188
"TGTAGCATCAAGTTAC-1","8","Rbfox3",0
"TGTAGCCAGCGCTCTC-1","6","Rbfox3",1.00379176136432
"TGTAGCGCAGGACAGG-1","4","Rbfox3",0
"TGTAGGTCAATTAACG-1","8","Rbfox3",0
"TGTAGTTAGCTTCCTG-1","4","Rbfox3",0
"TGTAGTTAGGATGGGC-1","5","Rbfox3",1.68248812828844
"TGTATCCTCGACTGAC-1","0","Rbfox3",1.26321765833368
"TGTATCTCAAACTATG-1","6","Rbfox3",1.86432380187548
"TGTATCTCAGCCATTC-1","7","Rbfox3",1.78710798898276
"TGTATCTCAGGCAGGA-1","10","Rbfox3",0
"TGTATGACAACGTGAT-1","4","Rbfox3",0
"TGTATGGTCGTCTCAT-1","12","Rbfox3",0
"TGTATTCCAGCTAAGT-1","0","Rbfox3",1.71615274672792
"TGTCACCCAAATTCCT-1","2","Rbfox3",0.947703670826289
"TGTCACTTCGTAATCG-1","6","Rbfox3",1.85380475561983
"TGTCAGGCAATCCTAT-1","14","Rbfox3",0
"TGTCAGGCAGCCATTC-1","5","Rbfox3",1.71737023526168
"TGTCAGGCATCGTTCA-1","13","Rbfox3",0
"TGTCCAAAGCTGGTGT-1","7","Rbfox3",1.58442156221571
"TGTCCACCATAACTCT-1","8","Rbfox3",0
"TGTCCAGGTTTGATGC-1","4","Rbfox3",0
"TGTCCCATCCATGTCT-1","5","Rbfox3",0.788413726539322
"TGTCCCATCCCTCTAG-1","4","Rbfox3",0
"TGTCCCATCCTGTACT-1","5","Rbfox3",0.997483398820606
"TGTCCCGCATAAGCTA-1","3","Rbfox3",1.80582541325839
"TGTCCCTGTCAATCAC-1","4","Rbfox3",0
"TGTCCGCTCCCTCTAG-1","3","Rbfox3",2.04965813221153
"TGTCCGGAGATTAGAG-1","1","Rbfox3",2.03413322212275
"TGTCCGGAGGGGTCAA-1","4","Rbfox3",0
"TGTCGATGTAAGGGTC-1","7","Rbfox3",1.69097711722387
"TGTCGATGTTATGGCT-1","10","Rbfox3",0
"TGTCGCCTCACGCAAC-1","5","Rbfox3",0.734802161384092
"TGTCGCCTCAGGGCAA-1","13","Rbfox3",1.40227342147855
"TGTCGTCCAAGCCAGC-1","10","Rbfox3",0
"TGTCGTCCAGCTACAG-1","12","Rbfox3",0
"TGTCGTCCAGCTACGA-1","11","Rbfox3",1.43014694316737
"TGTCGTCCAGTAATCA-1","0","Rbfox3",1.44355388617215
"TGTCGTTTCACATGAT-1","1","Rbfox3",2.51650215009386
"TGTCGTTTCCTCACTG-1","6","Rbfox3",0.823565113571488
"TGTCGTTTCGACATGC-1","11","Rbfox3",1.05255988776272
"TGTCGTTTCGTGATGC-1","2","Rbfox3",2.08693247684749
"TGTCTAAGTGAGACTA-1","14","Rbfox3",0
"TGTCTAAGTGAGTGCG-1","1","Rbfox3",1.50698123129096
"TGTCTAAGTTGTAGTC-1","0","Rbfox3",0.653365734898262
"TGTCTCACAATAGGCT-1","7","Rbfox3",2.6322705879545
"TGTCTGTTCTATGACG-1","0","Rbfox3",1.02766275186828
"TGTCTTGCACATAGTA-1","7","Rbfox3",0.708231194025994
"TGTCTTGCATAGACGT-1","0","Rbfox3",2.06436382638493
"TGTCTTGCATCAATCT-1","4","Rbfox3",0
"TGTGAACCACAGCAAT-1","4","Rbfox3",0
"TGTGAACCATCCCAAC-1","1","Rbfox3",0.637078274035279
"TGTGAGGAGCAGGTAG-1","4","Rbfox3",0
"TGTGATTAGCTAGATT-1","10","Rbfox3",0
"TGTGCAATCACTCAGA-1","8","Rbfox3",0
"TGTGCAATCCTGACCC-1","7","Rbfox3",1.9089209135054
"TGTGCATGTGAGGAGA-1","14","Rbfox3",0
"TGTGCCCTCAGCACTA-1","14","Rbfox3",0
"TGTGCCCTCCCTGTAT-1","3","Rbfox3",1.47824443665154
"TGTGCCCTCGCGCACA-1","9","Rbfox3",1.88645899306714
"TGTGCGCGTTCGCGGT-1","2","Rbfox3",1.04193401769337
"TGTGCTGGTATGTCAC-1","6","Rbfox3",2.43983991154884
"TGTGTTAGTTAGAGGC-1","9","Rbfox3",2.33429175753136
"TGTGTTAGTTCGTATA-1","4","Rbfox3",0
"TGTGTTAGTTGAAGTG-1","1","Rbfox3",0
"TGTGTTAGTTGCTCTC-1","11","Rbfox3",2.19819486243357
"TGTGTTAGTTTGACCG-1","5","Rbfox3",1.45490401742683
