"cell","cluster","gene","logexpr"
"AAACCAAAGCTTACTC-1","7","Stat3",0
"AAACCAAAGTGGGTCT-1","4","Stat3",0
"AAACCGCTCACCTAGA-1","12","Stat3",0
"AAACCGCTCATCGAGC-1","0","Stat3",0
"AAACCGCTCGATCCGG-1","6","Stat3",0
"AAACGAATCGTTCCTG-1","7","Stat3",0.504896752643712
"AAACGACAGCATCGGT-1","4","Stat3",0
"AAACGACAGGCATCAC-1","12","Stat3",2.20508526988912
"AAACGATGTGAGACCG-1","4","Stat3",2.5116320170921
"AAACGCCTCATCAAGT-1","7","Stat3",0
"AAACGGACAAGTAGCT-1","3","Stat3",0.894636097766393
"AAACGGACATCCAGAG-1","4","Stat3",0
"AAACGGACATTGCGTC-1","10","Stat3",0
"AAACGGGTCCACCGGA-1","0","Stat3",1.41176246812679
"AAACGGGTCCCGCTAC-1","3","Stat3",0
"AAACGTAAGCATGGCT-1","0","Stat3",0
"AAACGTAAGCATGGGA-1","6","Stat3",0
"AAACTCCGTGACGATA-1","1","Stat3",0
"AAAGCAATCACTAACG-1","3","Stat3",0
"AAAGCATGTATGGCTT-1","8","Stat3",1.48296601152254
"AAAGCCTCACAGGACC-1","2","Stat3",0
"AAAGCTGGTATGGTAG-1","4","Stat3",0
"AAAGTCAAGGCACTAC-1","4","Stat3",0
"AAAGTGATCACCAGAC-1","4","Stat3",2.66011073881309
"AAAGTTGAGGTACGTC-1","4","Stat3",0
"AAATGCAAGAAGGAGA-1","12","Stat3",1.37301769660289
"AAATGGATCGCATTGA-1","1","Stat3",1.10095108024539
"AAATGGATCGTGATAT-1","11","Stat3",0.516352734088924
"AAATGGGCAAGTGGAA-1","0","Stat3",0
"AAATGGGCATAAGCAC-1","1","Stat3",0.678142378139925
"AAATGGGCATGGCTAG-1","4","Stat3",0
"AAATGTGAGCTACTCT-1","4","Stat3",0
"AAATGTGAGTAATCAC-1","6","Stat3",0
"AAATTCGCACTCAAGG-1","1","Stat3",0
"AAATTCGCATAACTCT-1","5","Stat3",0
"AAATTGCTCAATCTCC-1","8","Stat3",0
"AACACACCAACCTGGA-1","7","Stat3",0
"AACACACCAATCTCAT-1","7","Stat3",0.859284470795872
"AACACATTCCGCAAGT-1","6","Stat3",1.00941060844587
"AACACATTCCGGTTGG-1","1","Stat3",0
"AACACCATCATCAAGT-1","9","Stat3",0
"AACACGAGTCCATAGT-1","4","Stat3",0
"AACAGGCGTGAACCTT-1","5","Stat3",0
"AACAGTAAGCCTTGGG-1","1","Stat3",0
"AACAGTAAGGCAAGGC-1","10","Stat3",2.35191829274565
"AACAGTAAGTCATTGG-1","10","Stat3",1.50793908316206
"AACATCACATAGGTGT-1","3","Stat3",1.04306344183494
"AACATCACATCCCGAT-1","0","Stat3",0.717399586962918
"AACATCCGTGGGTAAC-1","2","Stat3",0
"AACATCCGTTCGATGT-1","0","Stat3",0
"AACATGAAGTAGTCAT-1","7","Stat3",0
"AACATGAAGTTACGCA-1","2","Stat3",0
"AACATTCAGCATGCGT-1","11","Stat3",0
"AACATTGCAACCAGTG-1","9","Stat3",0
"AACCAACCAGGACACC-1","6","Stat3",0
"AACCAAGGTGGCGCAA-1","0","Stat3",0
"AACCAAGGTTCGTCAG-1","9","Stat3",0
"AACCAATTCACTTGCT-1","2","Stat3",0
"AACCAATTCGTTAGCA-1","13","Stat3",0.582991676340439
"AACCACGCAACCAGTG-1","4","Stat3",0
"AACCACGCACAGCAAT-1","0","Stat3",0
"AACCAGCTCCGCCTAC-1","7","Stat3",0
"AACCAGGAGGTATCTG-1","1","Stat3",0
"AACCCAGCATAAGGAG-1","7","Stat3",0
"AACCCTGGTAGCTCAT-1","9","Stat3",0
"AACCCTGGTTGTGCTG-1","5","Stat3",0
"AACCGAAGTATGTAGG-1","8","Stat3",1.45970574475805
"AACCGAAGTGAGCCGA-1","9","Stat3",0
"AACCGATCAGTTGACG-1","11","Stat3",0
"AACCGGGGTAAGGGTC-1","1","Stat3",0.62688107612544
"AACCTCAAGCCACGCA-1","8","Stat3",1.37743519281115
"AACCTCAAGCTAACTG-1","0","Stat3",0
"AACCTTAGTCTGTGTG-1","11","Stat3",0
"AACCTTAGTGATTCCG-1","6","Stat3",0
"AACCTTGAGAAGCCAG-1","8","Stat3",1.7022571258035
"AACCTTGAGGCAACGA-1","3","Stat3",0
"AACCTTGAGGCGTCCA-1","13","Stat3",0
"AACCTTGAGTCATGCA-1","4","Stat3",0
"AACGAACAGGTTCGAC-1","16","Stat3",0
"AACGAACAGTAGAGAC-1","1","Stat3",0
"AACGAATGTCAACTGT-1","8","Stat3",0
"AACGAATGTGAGAGGA-1","13","Stat3",0
"AACGAATGTGAGCCAG-1","0","Stat3",0
"AACGACTCAACGTGAT-1","0","Stat3",0
"AACGATCCAAGTAGAG-1","3","Stat3",0.909652518562346
"AACGATCCAGGGCCAT-1","3","Stat3",0
"AACGATCCATCCGTAC-1","5","Stat3",0
"AACGATGGTTAACTGC-1","15","Stat3",0
"AACGATTTCATGCCAA-1","0","Stat3",0.528381556610402
"AACGATTTCGACTTGA-1","11","Stat3",0
"AACGCAAGTAGCTCCA-1","0","Stat3",0
"AACGCCACACATTAAG-1","11","Stat3",0
"AACGCCCGTAGGTCAA-1","8","Stat3",0
"AACGCGCCAAATGCCG-1","10","Stat3",2.10469630733118
"AACGCTATCATGAACT-1","8","Stat3",0
"AACGCTATCTAGTTCC-1","14","Stat3",0
"AACGCTCAGCTACGGT-1","4","Stat3",0
"AACGCTCAGGTGCGTT-1","3","Stat3",0
"AACGCTTGTAACGCAA-1","3","Stat3",0
"AACGCTTGTTATGGAG-1","1","Stat3",0.837662859241568
"AACGCTTGTTTCGGCA-1","0","Stat3",0
"AACGCTTGTTTGACAC-1","2","Stat3",0
"AACGGATAGCATGAGG-1","14","Stat3",0
"AACGGCAAGATAGCCC-1","7","Stat3",0
"AACGGCAAGGATAGCG-1","13","Stat3",1.1145974570043
"AACGGCAAGGGTGAAT-1","1","Stat3",0.584463874238186
"AACGGGGCACATTAGA-1","1","Stat3",0.720366471759705
"AACGGGGCAGCAGGAG-1","0","Stat3",0
"AACGGTAGTAGCCTTG-1","3","Stat3",0
"AACGGTGAGGTTGGAG-1","5","Stat3",0
"AACGTAAAGCAATCGC-1","6","Stat3",0.806374022276475
"AACGTAAAGCGATGCT-1","1","Stat3",0.945003211824171
"AACGTAAAGTTAGACT-1","5","Stat3",0
"AACGTAGGTGGACCCT-1","8","Stat3",0
"AACTAGAAGAAGGACT-1","7","Stat3",0
"AACTCAACAATCAGTA-1","0","Stat3",0
"AACTGAAAGGATAGGT-1","14","Stat3",1.36060487500458
"AACTGACCACTAAGCG-1","5","Stat3",0
"AACTGAGGTAAGCACA-1","3","Stat3",1.04443421276822
"AACTGAGGTAAGGTAT-1","15","Stat3",0
"AACTGAGGTTCGTTCC-1","5","Stat3",0
"AACTGCATCACCTACT-1","10","Stat3",0
"AACTGCATCCCCATCA-1","10","Stat3",0
"AACTGCATCGTGAGAG-1","0","Stat3",0.659889958803463
"AACTGGTCAGCCTACT-1","3","Stat3",0
"AACTTCCTCATGACTG-1","0","Stat3",0.918969076513818
"AACTTCCTCCATCGTT-1","11","Stat3",0
"AACTTGGTCATGCGCG-1","4","Stat3",0
"AACTTTGGTGCATCTG-1","16","Stat3",0
"AACTTTGGTTCGGGCT-1","8","Stat3",0
"AACTTTGGTTCGGTAT-1","4","Stat3",0
"AAGCAAATCACTATGG-1","7","Stat3",0
"AAGCAACAGGCACTAC-1","6","Stat3",0.941841653039078
"AAGCAATGTGGAAGCT-1","6","Stat3",0
"AAGCACCTCACAGGCT-1","9","Stat3",0
"AAGCCAAGTAACTCCG-1","1","Stat3",0.531891320488387
"AAGCCAAGTTCGGCTA-1","9","Stat3",0
"AAGCCATCATTCAACT-1","13","Stat3",0.657775012051986
"AAGCCCCGTCTTGAAC-1","10","Stat3",0
"AAGCCGCCAAGCCTAG-1","5","Stat3",0
"AAGCCGCCATCCTTGA-1","3","Stat3",0.926828813208664
"AAGCCGGGTCAATCGT-1","4","Stat3",2.18662845170472
"AAGCCTATCATGGCGT-1","8","Stat3",0
"AAGCCTATCGCTGACG-1","6","Stat3",0.853207884305358
"AAGCGATAGGTATCCA-1","15","Stat3",0
"AAGCGGATCGCTCAGG-1","9","Stat3",0
"AAGCGGGCAAGCATGT-1","14","Stat3",0
"AAGCTAAAGCATTCAG-1","2","Stat3",0
"AAGCTAAAGCTTAACG-1","11","Stat3",0
"AAGCTAAAGGATGTCC-1","0","Stat3",0
"AAGCTAAAGTATGTGT-1","2","Stat3",0
"AAGCTAGGTAACTGCT-1","10","Stat3",0
"AAGCTAGGTTATCGGT-1","6","Stat3",0
"AAGCTCTGTAGCAGCG-1","0","Stat3",0
"AAGCTCTGTGATCAAG-1","2","Stat3",0
"AAGCTCTGTTTAATCG-1","9","Stat3",0
"AAGGACTAGTAATTGC-1","1","Stat3",0
"AAGGATGCACTAGGCA-1","2","Stat3",0
"AAGGCAACAAATGCGT-1","2","Stat3",0
"AAGGCAACACAGGGTC-1","2","Stat3",0
"AAGGCTAGTATGGGTA-1","3","Stat3",0
"AAGGCTAGTGGCGTCT-1","8","Stat3",1.90035706071708
"AAGGCTAGTTTCCGTC-1","10","Stat3",0
"AAGGGCATCGTGAATT-1","9","Stat3",0
"AAGGGGTCAAATCATG-1","1","Stat3",0.709593487158001
"AAGGGGTCAATCAGCG-1","1","Stat3",0
"AAGGGTTAGTTGCTCT-1","4","Stat3",0
"AAGGTAATCAGGCATC-1","12","Stat3",0
"AAGGTAATCTCACATC-1","0","Stat3",0.798697187983088
"AAGGTATGTAAGCGAC-1","15","Stat3",0
"AAGGTATGTGCAGTAA-1","7","Stat3",0
"AAGGTTGGTTAACCAC-1","4","Stat3",0
"AAGGTTGGTTAGACCT-1","1","Stat3",0
"AAGGTTGGTTTAATCG-1","3","Stat3",0
"AAGTAACGTATGTGGA-1","6","Stat3",0
"AAGTAAGTCTAAGCCA-1","0","Stat3",0
"AAGTACCCAAGGGATA-1","9","Stat3",0
"AAGTACCCAGCCTACT-1","4","Stat3",1.7011574241077
"AAGTACGGTGATTACC-1","2","Stat3",0.659303565192965
"AAGTATGAGCGAACTC-1","15","Stat3",0
"AAGTCAAAGTCAAGGG-1","11","Stat3",0
"AAGTCACCAATCAATG-1","4","Stat3",0
"AAGTCAGGTAAGGGTC-1","14","Stat3",0
"AAGTCAGGTCATGTGT-1","0","Stat3",0
"AAGTCAGGTTGCCCTT-1","1","Stat3",0
"AAGTCCATCCGCCTAC-1","10","Stat3",1.34424003685314
"AAGTGCCTCCCAGTAA-1","3","Stat3",1.06181368476428
"AAGTGGACACCAGCTT-1","7","Stat3",0.530475942872429
"AAGTGGGTCATCTGGA-1","0","Stat3",0
"AAGTTGAAGATAGGTA-1","6","Stat3",0
"AAGTTGAAGGCTTGGT-1","1","Stat3",0
"AAGTTGAAGTCGCTAA-1","2","Stat3",0
"AAGTTTCAGTGAACGG-1","2","Stat3",0
"AAGTTTGCAAACCCAG-1","5","Stat3",0
"AAGTTTGCAACATTGA-1","3","Stat3",0
"AAGTTTGCAAGTATCA-1","4","Stat3",2.51371580201483
"AATACGAAGATTAGGA-1","4","Stat3",2.25929435895987
"AATACGCCAGGCAGAG-1","6","Stat3",0
"AATATGCTCCCATACT-1","12","Stat3",0
"AATATGGAGATAGCAA-1","8","Stat3",0
"AATATGGAGCTAATGT-1","9","Stat3",0
"AATATGGAGGTTGCGT-1","6","Stat3",0
"AATCAGCCACAATGGT-1","8","Stat3",0
"AATCATCAGGGTTGGA-1","6","Stat3",0.855689787222956
"AATCCATAGGAGGCGT-1","3","Stat3",0.827531287038034
"AATCCATAGGAGTAAC-1","5","Stat3",0
"AATCGCGCATTGGGCA-1","11","Stat3",0
"AATCGTTAGGAGGTCA-1","5","Stat3",0
"AATCGTTAGGCTAGAG-1","12","Stat3",0
"AATCTAGCAGGTAGCC-1","1","Stat3",0
"AATCTAGCATAACGCG-1","10","Stat3",0
"AATCTAGCATCACGAG-1","6","Stat3",0
"AATCTCCTCACTTGGA-1","4","Stat3",0
"AATCTCCTCGTGCGAT-1","1","Stat3",0
"AATGACCCAAATCCGG-1","13","Stat3",0
"AATGACTTCATATCGG-1","0","Stat3",0
"AATGCCTGTGAACGCG-1","2","Stat3",0
"AATGCGAGTGGCTACC-1","2","Stat3",0
"AATGCGAGTTGGAGCG-1","6","Stat3",0
"AATGCGAGTTTAGCGT-1","1","Stat3",1.01246876340197
"AATGGATGTTACACTA-1","3","Stat3",0
"AATGGATGTTAGCATC-1","13","Stat3",0
"AATGGCGAGAATCCAT-1","7","Stat3",0
"AATGGCTCATAGGCCA-1","2","Stat3",0
"AATGGGGTCAGCCCGA-1","0","Stat3",0
"AATGGGGTCGATGCTA-1","10","Stat3",0
"AATGGGTAGCTACTCT-1","4","Stat3",0
"AATGTCCGTGGCTGAG-1","5","Stat3",0
"AATGTCCGTTCGAATC-1","9","Stat3",0
"AATGTGAAGCATAGCC-1","2","Stat3",0
"AATGTGAAGTAGCCCG-1","2","Stat3",0
"AATGTTGCAAGCCATG-1","15","Stat3",0
"AATGTTGCATAACGCG-1","9","Stat3",0
"AATGTTGCATGGTTCC-1","2","Stat3",0
"AATTACGCAACGTTCC-1","6","Stat3",0.616975997213719
"AATTACGCAAGTCCAG-1","7","Stat3",0
"AATTACGCAGTTGACG-1","3","Stat3",0
"AATTCAGCACAGCGAC-1","7","Stat3",0
"AATTCAGCACCATGTC-1","13","Stat3",0
"AATTCAGCAGGCTTAG-1","2","Stat3",0
"AATTCAGCAGGGACAG-1","1","Stat3",0
"AATTCAGCAGTTGAGT-1","12","Stat3",0
"AATTCCTCAAAGGTCT-1","15","Stat3",0
"AATTGGTTCCATGCAA-1","15","Stat3",0
"AATTGGTTCCGCAGTG-1","7","Stat3",0
"ACAACAGGTTAGCTTA-1","5","Stat3",0
"ACAACATTCAGCTATG-1","5","Stat3",0
"ACAACATTCCCAGATA-1","14","Stat3",0
"ACAACCGCAAATGCGT-1","2","Stat3",0
"ACAACCGCAAGCGTTG-1","12","Stat3",0
"ACAACCGCATTACCAT-1","14","Stat3",0
"ACAACCGCATTCGCGT-1","1","Stat3",0
"ACAACCTGTAGCTGGG-1","1","Stat3",0.857092597904249
"ACAAGCCTCGAATCCA-1","11","Stat3",0
"ACAAGCGAGCAGGGTA-1","5","Stat3",1.2277996389431
"ACAAGCGAGTCGCTCC-1","1","Stat3",0.801058467737175
"ACAAGCGAGTGAATCT-1","1","Stat3",0
"ACAAGCTCAAGCTCTC-1","9","Stat3",0
"ACAAGCTCAGGTATGT-1","12","Stat3",0
"ACAAGCTCATCCCATA-1","8","Stat3",0
"ACAAGGCGTTATCTCT-1","8","Stat3",0
"ACAAGGTAGCTAATCG-1","3","Stat3",0
"ACAAGTAAGGTAGACG-1","9","Stat3",0
"ACAATCACACTCATCA-1","16","Stat3",0
"ACAATCCGTGGACCTC-1","0","Stat3",0
"ACAATGAAGGTCAATT-1","11","Stat3",0
"ACAATGAAGTGATGAA-1","2","Stat3",0
"ACAATGGGTAAGCGGT-1","7","Stat3",0.561723904963709
"ACAATGGGTTTGACCG-1","1","Stat3",0
"ACAATTCAGCAACCGT-1","3","Stat3",0
"ACAATTCAGGTTCCTT-1","7","Stat3",0
"ACACAAGGTAGGTATG-1","0","Stat3",0
"ACACAAGGTAGTGCGG-1","6","Stat3",0.859284470795872
"ACACACGCAATCCGCT-1","7","Stat3",0
"ACACACGCACTTGGTC-1","1","Stat3",0
"ACACACGCATGACGAT-1","4","Stat3",0
"ACACAGTCACCAGGGT-1","8","Stat3",1.37389858169033
"ACACCAATCAGTTGAT-1","9","Stat3",0
"ACACCCAGTTCACTAA-1","5","Stat3",0
"ACACCCTCAATCTGCC-1","2","Stat3",0
"ACACGAAGTTTCGCTC-1","15","Stat3",0
"ACACGATCAAGCCTGA-1","0","Stat3",0.580867012075678
"ACACGGGGTCATGTCG-1","3","Stat3",0
"ACACGGTTCAGCTCAA-1","6","Stat3",0
"ACACGGTTCATGTCGA-1","10","Stat3",0
"ACACGTTGTTGACCGC-1","0","Stat3",0
"ACACTAGTCAGGAACG-1","4","Stat3",0
"ACACTGATCACGCCGA-1","3","Stat3",0.673823376866802
"ACAGAACAGGTTCCAA-1","4","Stat3",0
"ACAGAACAGTGATCCA-1","6","Stat3",0
"ACAGAATGTATTGCAC-1","0","Stat3",0
"ACAGAATGTTCGGTTG-1","12","Stat3",2.17617116813839
"ACAGACTCATCCGCAT-1","13","Stat3",0
"ACAGACTCATCGACTC-1","5","Stat3",0.480042412352282
"ACAGATGGTCAACTTA-1","11","Stat3",0
"ACAGATGGTGGACTAA-1","0","Stat3",0
"ACAGCAAGTTTACTGA-1","9","Stat3",0.883788664672903
"ACAGCCACAGTTAGCG-1","1","Stat3",0
"ACAGCGAAGGTTAGGG-1","8","Stat3",0
"ACAGCTATCAATGTCG-1","6","Stat3",0
"ACAGCTCAGTAAGGTA-1","7","Stat3",0
"ACAGCTTGTTGGCGTC-1","2","Stat3",0
"ACAGGAACATGTCGTC-1","3","Stat3",0.824427032813331
"ACAGGATAGATAGACA-1","4","Stat3",0
"ACAGGATAGGGCTCAT-1","9","Stat3",0
"ACAGGATAGTCAAGCC-1","4","Stat3",0
"ACAGGATAGTCTAGCA-1","2","Stat3",0
"ACAGGCGGTGCGATCC-1","10","Stat3",0
"ACAGGCTTCCTCGTGC-1","7","Stat3",0
"ACAGGCTTCGATAGCC-1","3","Stat3",0
"ACAGGGATCATGTCCT-1","0","Stat3",0
"ACAGGGGCATCACGAG-1","10","Stat3",0
"ACAGGTAGTTGTGACT-1","5","Stat3",0
"ACAGGTGAGTGGCTTA-1","2","Stat3",1.13295575489313
"ACAGGTTCAAATCCTT-1","1","Stat3",0
"ACAGGTTCAACATCAA-1","8","Stat3",2.0476819563453
"ACAGTTACATCACATT-1","1","Stat3",0
"ACAGTTGTCTTGATCC-1","1","Stat3",0
"ACAGTTTAGGCTATAT-1","4","Stat3",0
"ACATAGAAGCCGCAAT-1","9","Stat3",0
"ACATAGAAGCGACTTA-1","6","Stat3",0
"ACATAGAAGGTAGATA-1","9","Stat3",0
"ACATAGCCACCTCAGT-1","3","Stat3",1.14596088956552
"ACATAGCCAGGGATGG-1","4","Stat3",0
"ACATATCAGGAATGCG-1","0","Stat3",0
"ACATATCAGGCTCCAG-1","0","Stat3",0
"ACATATCAGTAAGCAA-1","0","Stat3",0.553586726425672
"ACATATCAGTTAGCCA-1","1","Stat3",0
"ACATCCCCAACCAGAT-1","0","Stat3",0
"ACATCCCCAACGTTAA-1","0","Stat3",0.880551593986287
"ACATCCCCAGGCAGTC-1","2","Stat3",0
"ACATCCCCAGTTAGGT-1","0","Stat3",0
"ACATCCGGTGATGATG-1","4","Stat3",0
"ACATCCGGTTGTGCAT-1","2","Stat3",0.7467468717829
"ACATCCTTCAAGTCCA-1","9","Stat3",0
"ACATGAGGTATGTGAG-1","3","Stat3",0
"ACATGAGGTGAGCCGA-1","2","Stat3",0.766678684144063
"ACATGCATCGCTCTCA-1","4","Stat3",0
"ACATGCATCTTGATCC-1","11","Stat3",0
"ACATGCCAGGAATGGT-1","3","Stat3",0
"ACATGGCTCATCTGTC-1","3","Stat3",0
"ACATGGCTCCATGACA-1","4","Stat3",0
"ACATGGCTCCGCATGG-1","13","Stat3",0
"ACATGGCTCCTGTACT-1","5","Stat3",0
"ACATGGTCAGCTACTC-1","6","Stat3",0.822919921872337
"ACATGTTAGGCGTCAT-1","8","Stat3",0
"ACATTCAGTTCCTCGT-1","6","Stat3",0
"ACATTCCTCCGTATAG-1","10","Stat3",0
"ACCAAACCAAGTCGTG-1","16","Stat3",0
"ACCAAACCAATTAGTG-1","5","Stat3",1.19598248910283
"ACCAAACCACAACGAT-1","1","Stat3",0
"ACCAAACCACTTACAT-1","10","Stat3",0
"ACCAAAGGTAATTCGC-1","9","Stat3",0.931931324415227
"ACCAAATTCAAGTGCC-1","7","Stat3",0
"ACCAACATCCGCGTAG-1","4","Stat3",0
"ACCAAGCTCTCACCAT-1","11","Stat3",0
"ACCAAGTCAAAGGTAG-1","0","Stat3",0
"ACCAAGTCAGGCAGTC-1","13","Stat3",0
"ACCAATGTCCTGCTGC-1","9","Stat3",0
"ACCAATGTCGCTATGA-1","7","Stat3",0
"ACCAATGTCGTAATGT-1","14","Stat3",1.85123622105951
"ACCAATTAGAAGGAGA-1","6","Stat3",0
"ACCACACAGAAGGTTA-1","0","Stat3",0.863545424098359
"ACCACACAGCCGATGT-1","10","Stat3",0
"ACCACCTCAACTGTGG-1","1","Stat3",0
"ACCACCTCAAGCGTGC-1","2","Stat3",0
"ACCACGTAGCGGTTAC-1","3","Stat3",0
"ACCACTAAGCGAAGTG-1","3","Stat3",0
"ACCACTAAGTAGCCAC-1","9","Stat3",1.33210511316048
"ACCATAACAACATCGG-1","7","Stat3",0.353027317211253
"ACCATAGTCCATCGCC-1","13","Stat3",0
"ACCATATAGCATGTGC-1","3","Stat3",0
"ACCATCAAGATTACCG-1","1","Stat3",0
"ACCATCCCACCACACT-1","3","Stat3",0.589569991277547
"ACCATTTCATGGTGTG-1","12","Stat3",0
"ACCCAAATCATGGATT-1","10","Stat3",0
"ACCCAAATCCTCAGTT-1","7","Stat3",0
"ACCCAACAGTGATACT-1","0","Stat3",0
"ACCCAATGTAAGGACC-1","2","Stat3",0
"ACCCAATGTATGTGAG-1","6","Stat3",0
"ACCCAGTAGCTACGCG-1","14","Stat3",0
"ACCCATCCACAATCAA-1","6","Stat3",1.22905261349023
"ACCCATCCAGCATGAT-1","2","Stat3",0
"ACCCATGGTAGCTTAC-1","7","Stat3",0
"ACCCATGGTTCGAATC-1","5","Stat3",0
"ACCCCAAGTCTGTGGC-1","10","Stat3",2.53698058623264
"ACCCCATCATAAGCGT-1","11","Stat3",0
"ACCCCGAAGGCGCTCA-1","0","Stat3",0
"ACCCCTGCAGCCTAGA-1","1","Stat3",0
"ACCCCTGCATCCATCA-1","1","Stat3",0.8403117569208
"ACCCCTTGTCTTGGTG-1","0","Stat3",0
"ACCCCTTGTTGGCGCT-1","1","Stat3",0
"ACCCGAACAAATGCGT-1","5","Stat3",0.490438157509909
"ACCCGAACAAGTCGAT-1","4","Stat3",0
"ACCCGAACAGGTTGGC-1","8","Stat3",1.76317442783216
"ACCCGAACAGTAAGGA-1","14","Stat3",0
"ACCCGATAGCGATCCG-1","4","Stat3",0
"ACCCGCTTCATCACCT-1","8","Stat3",0
"ACCCGCTTCCACCGTC-1","4","Stat3",0
"ACCCGTTCACGCCATT-1","4","Stat3",0
"ACCCGTTCATTAGCCC-1","2","Stat3",0
"ACCCTATTCCTCACCA-1","14","Stat3",0
"ACCCTCGCAACCCGAA-1","2","Stat3",0
"ACCCTCGCACAGCAAT-1","9","Stat3",0
"ACCCTCGCATAGAGAG-1","15","Stat3",0
"ACCCTGCTCCCGCTAC-1","13","Stat3",0
"ACCCTTTAGCTATGGC-1","14","Stat3",0
"ACCCTTTAGGCGAGTA-1","6","Stat3",0
"ACCGAAAGTCAAGCAA-1","16","Stat3",1.28077497890242
"ACCGAAAGTGAGTAGC-1","9","Stat3",0.906386431239243
"ACCGAAAGTGATCCAT-1","6","Stat3",0
"ACCGAGGGTGAGTTGA-1","3","Stat3",0.445453936740921
"ACCGATGCACCTAACC-1","4","Stat3",0
"ACCGATGCACTTACCA-1","4","Stat3",0
"ACCGATTGTAACGGGT-1","1","Stat3",0
"ACCGGATTCAGGGACA-1","0","Stat3",0
"ACCGGCTGTGATGGGT-1","2","Stat3",0
"ACCGGCTGTTTGGGTT-1","5","Stat3",0
"ACCGGTTAGCAAGCTC-1","3","Stat3",0
"ACCGTTGGTGGCGAAT-1","12","Stat3",0
"ACCTAACGTCTGGTGC-1","2","Stat3",0
"ACCTAACGTTAGACAG-1","3","Stat3",0
"ACCTAACGTTTGCGTG-1","5","Stat3",0
"ACCTAAGTCACACACA-1","4","Stat3",0
"ACCTAAGTCGACTGAC-1","14","Stat3",0
"ACCTACCCAAATTCAG-1","8","Stat3",0
"ACCTACCCAGTTAGCG-1","0","Stat3",0.733168421896621
"ACCTACTTCACTCCAT-1","7","Stat3",0
"ACCTATGAGCATGTAT-1","4","Stat3",1.6094379124341
"ACCTATGAGGGTTAGG-1","1","Stat3",0
"ACCTCCATCTATGAGT-1","9","Stat3",0
"ACCTCCGCAACTGGTG-1","3","Stat3",0
"ACCTCCGCAGCTAGAT-1","2","Stat3",0.464636757458816
"ACCTCTTAGCCGACAT-1","1","Stat3",0
"ACCTCTTAGCTATCCT-1","1","Stat3",0
"ACCTCTTAGGAACCGA-1","1","Stat3",0.657237273968885
"ACCTCTTAGGATTGGG-1","4","Stat3",0
"ACCTGATGTGAAGCTA-1","3","Stat3",0
"ACCTGCCTCAGCCAAC-1","5","Stat3",0
"ACCTGCCTCCACCTTG-1","4","Stat3",0
"ACCTGGACATGGAACT-1","5","Stat3",0.622968069313488
"ACCTGTCCAAATTCGA-1","3","Stat3",0
"ACCTGTCCACATGACG-1","13","Stat3",0.380522417946132
"ACCTTAAGTGCAAGTA-1","15","Stat3",0
"ACGAACCTCTCATCAC-1","2","Stat3",0.767853168556225
"ACGAAGGTCACGCGAT-1","3","Stat3",0
"ACGAATCCACCTTAAT-1","14","Stat3",0
"ACGAATGGTAACGTCT-1","0","Stat3",0
"ACGACGAAGATTAGAG-1","1","Stat3",0
"ACGAGCAAGTCAGTTG-1","0","Stat3",0
"ACGAGCAAGTTGGTAT-1","12","Stat3",1.33036273056308
"ACGAGTAGTAAGTTGG-1","1","Stat3",0.75639529910735
"ACGAGTAGTCAGGAGT-1","6","Stat3",1.18578151735955
"ACGAGTAGTCCATCGA-1","3","Stat3",0
"ACGAGTGAGGAGGCTA-1","8","Stat3",0
"ACGATATTCACTGGGT-1","0","Stat3",0.533197983854519
"ACGATATTCTGGATAT-1","4","Stat3",0
"ACGATGGAGCTAGGGA-1","5","Stat3",0
"ACGATGGAGCTGGTTA-1","2","Stat3",0
"ACGATTGTCAGGAGCA-1","3","Stat3",0
"ACGATTGTCCGGTTGG-1","1","Stat3",0.573740394168128
"ACGCAATCAAGTCGTG-1","3","Stat3",0.896006654883068
"ACGCAATCAATCAGTA-1","5","Stat3",0.680684431548584
"ACGCAGCCACTCGGAA-1","4","Stat3",0
"ACGCAGCCATAGAGCT-1","2","Stat3",0
"ACGCAGCCATAGATTG-1","10","Stat3",2.78700261985844
"ACGCATATCGTGAGTC-1","6","Stat3",0.975341731087727
"ACGCCAACAGGAATCT-1","1","Stat3",0.415336249655858
"ACGCCAACAGGATGCC-1","5","Stat3",0
"ACGCCATAGCTAAGGG-1","3","Stat3",0.455419250578933
"ACGCCATAGTCAAGCC-1","13","Stat3",0
"ACGCGAAAGCCAGCCA-1","15","Stat3",0
"ACGCGATTCACAGCAC-1","9","Stat3",0
"ACGCGATTCCGCATGG-1","0","Stat3",0.877175601464708
"ACGCGCATCGCTTGAA-1","3","Stat3",0
"ACGCGCATCGTGCCCT-1","11","Stat3",0
"ACGCTAATCGACATAT-1","4","Stat3",0
"ACGCTATGTCAGGGCA-1","0","Stat3",0
"ACGGACAAGGGTCAAG-1","9","Stat3",0
"ACGGACAAGGTCATAT-1","2","Stat3",0
"ACGGACAAGTCAGTAT-1","6","Stat3",0
"ACGGACCCAAATGGAG-1","1","Stat3",0
"ACGGACCCAACGGTCA-1","2","Stat3",0
"ACGGACCCAATCCTGC-1","13","Stat3",0
"ACGGATTCAATCGGCA-1","5","Stat3",0.628754527703575
"ACGGATTCATTAGTAG-1","4","Stat3",0
"ACGGCAAAGGGGATCA-1","1","Stat3",0
"ACGGCAAAGGTAGTCC-1","13","Stat3",0
"ACGGCCATCTATGCCT-1","6","Stat3",0
"ACGGCTTAGGTGAGCA-1","11","Stat3",0
"ACGGGCTCAAATCGCG-1","5","Stat3",0
"ACGGGCTCAGGACATT-1","5","Stat3",0
"ACGGGCTCATAGGCGC-1","4","Stat3",0
"ACGGGCTCATGCTCCG-1","6","Stat3",0
"ACGGGCTCATGGTACG-1","1","Stat3",0
"ACGGGGACACATTCGC-1","4","Stat3",0
"ACGGGGACACCTATAT-1","5","Stat3",0
"ACGGGGACACTATGGG-1","1","Stat3",0
"ACGGGGTAGTCATCTC-1","0","Stat3",0.596376139730538
"ACGGGTAAGAAGGGCC-1","5","Stat3",1.56175657009989
"ACGGGTAAGTAAGGTA-1","15","Stat3",0
"ACGGGTAAGTAGGAGT-1","1","Stat3",0
"ACGGTCACACCATACC-1","3","Stat3",0
"ACGGTCACATGCGTAG-1","0","Stat3",0
"ACGGTGAAGTAGCCAC-1","1","Stat3",0
"ACGGTGAAGTGATACT-1","15","Stat3",2.97665005709066
"ACGGTTATCGATTGCA-1","3","Stat3",0.669561067785595
"ACGGTTGCATAATTCC-1","1","Stat3",0
"ACGTAAGGTAGGTCGG-1","0","Stat3",0
"ACGTATTAGCTAAGGG-1","8","Stat3",2.10028024742432
"ACGTATTAGTAAGTGA-1","11","Stat3",0
"ACGTCAATCATGCCGG-1","9","Stat3",0.969919979060667
"ACGTCAATCCGTAGCG-1","5","Stat3",0.728589662258604
"ACGTCACAGCTATGCA-1","10","Stat3",0
"ACGTCCTCAAACTGAC-1","1","Stat3",0
"ACGTCCTCAGCCAGGT-1","3","Stat3",1.08254109986801
"ACGTCTAAGATAGTGA-1","15","Stat3",0
"ACGTCTAAGGGCTATC-1","3","Stat3",0
"ACGTCTAAGTCAGTTG-1","0","Stat3",1.48441580486201
"ACGTGAGAGCTAGGCT-1","3","Stat3",0
"ACGTGAGAGTCGACAC-1","6","Stat3",0
"ACGTGGTTCCTTAGTC-1","10","Stat3",0
"ACGTGTTGTAATGGCA-1","11","Stat3",0.812251927955629
"ACGTGTTGTCTGGCAC-1","0","Stat3",0
"ACGTTAACAATCTCAT-1","6","Stat3",0
"ACGTTAGTCGTAACCA-1","1","Stat3",0.749090662993246
"ACGTTCAAGCAACTGC-1","11","Stat3",1.03276051424494
"ACGTTTGAGCATGAGG-1","14","Stat3",0
"ACGTTTGAGGTTCCAA-1","8","Stat3",1.11638993151452
"ACTAACTAGTATGACT-1","7","Stat3",0.585484862283409
"ACTAAGCCACCAACTC-1","1","Stat3",0
"ACTAAGCCAGGTTCGA-1","7","Stat3",0
"ACTAAGGGTTGTCTGG-1","3","Stat3",1.17229817707574
"ACTAAGGGTTGTGGAA-1","13","Stat3",0
"ACTACAACAACTATCT-1","10","Stat3",1.96132437873694
"ACTACCCCAACCCGAA-1","1","Stat3",0.70661402354183
"ACTACCCCAGTAATTG-1","2","Stat3",0
"ACTACCTTCACAGGAG-1","4","Stat3",0
"ACTACTTCATAAGCAC-1","6","Stat3",0.5241869001854
"ACTATCAGTAATCGGA-1","2","Stat3",0
"ACTATCAGTTCACGCA-1","1","Stat3",0
"ACTATCAGTTCGCATG-1","11","Stat3",0.501843213819789
"ACTATGGTCCGGACAT-1","4","Stat3",0
"ACTATGGTCCGTTACT-1","0","Stat3",0.471463230898261
"ACTATTGGTAGCGGAT-1","7","Stat3",0
"ACTCACAAGTGTCATG-1","6","Stat3",0
"ACTCACCCATAGAGCT-1","5","Stat3",0.690557279719911
"ACTCAGGCAATTAGGC-1","3","Stat3",0
"ACTCATTCAAGTTAGC-1","9","Stat3",0
"ACTCATTCAGCCATAG-1","1","Stat3",0
"ACTCCAAAGCAGGCTT-1","11","Stat3",0.75121327806609
"ACTCCACCAGGCAGCT-1","1","Stat3",0
"ACTCCCATCACTCGTT-1","3","Stat3",0
"ACTCCCATCAGGTCCG-1","7","Stat3",0
"ACTCCCGCAGGCTATG-1","7","Stat3",0
"ACTCCCTGTTGCACGC-1","4","Stat3",1.5858611818701
"ACTCCCTGTTTGCCAG-1","3","Stat3",0
"ACTCCTTAGCCTAAGC-1","0","Stat3",0
"ACTCCTTAGTACGCTA-1","7","Stat3",0
"ACTCGAATCCAGCGAT-1","4","Stat3",0
"ACTCGATGTGAGGATC-1","4","Stat3",0
"ACTCGCCTCCTGCGAG-1","7","Stat3",1.31740888057022
"ACTCTCACAAGGGTAA-1","15","Stat3",0
"ACTCTCACAGTTAGCG-1","3","Stat3",0
"ACTCTGTTCAGCACGT-1","2","Stat3",0
"ACTCTGTTCGCTCGCT-1","12","Stat3",1.89457437468645
"ACTCTTGCAACATTAG-1","1","Stat3",0.773908537204404
"ACTGAGGAGAAGCGCA-1","7","Stat3",0
"ACTGATTAGTTAGCTG-1","1","Stat3",0
"ACTGCATGTAACCCAT-1","11","Stat3",0
"ACTGCATGTTTCGGCA-1","4","Stat3",0
"ACTGCCTCAAGCTGAT-1","1","Stat3",0.597440453572552
"ACTGCTAAGCAAGGCA-1","7","Stat3",0
"ACTGCTAAGCTTCCTG-1","3","Stat3",0
"ACTGCTGGTCTAGTGT-1","4","Stat3",0
"ACTGGTTGTCAAGGCG-1","3","Stat3",0
"ACTGGTTGTGCATCCA-1","5","Stat3",0
"ACTGGTTGTTTCCATT-1","5","Stat3",0
"ACTGGTTGTTTCCTGC-1","5","Stat3",0.856468524793428
"ACTGTCAAGCTTACGA-1","7","Stat3",0
"ACTGTGATCCACCGGA-1","4","Stat3",0
"ACTGTGATCTGTCTAC-1","3","Stat3",0
"ACTGTTAGTTACACTA-1","10","Stat3",0
"ACTTAACAGATAGCCC-1","1","Stat3",0
"ACTTAACAGGCGTCAT-1","5","Stat3",0
"ACTTACTCAACCGTGA-1","4","Stat3",0
"ACTTAGGTCCTGTCTG-1","12","Stat3",1.9534911639984
"ACTTCTATCCGTAGAC-1","13","Stat3",0
"ACTTCTATCGATTGGC-1","3","Stat3",0
"ACTTGAGTCGCTATCT-1","7","Stat3",0
"ACTTGGATCATCAAGT-1","8","Stat3",0
"ACTTGGATCATGCGAC-1","2","Stat3",0
"ACTTTAGGTTAGCATC-1","11","Stat3",0.411797136375559
"ACTTTAGGTTTCAGCG-1","8","Stat3",0
"ACTTTCGCACCTCAGT-1","12","Stat3",0
"ACTTTGCTCACGCCAG-1","10","Stat3",0
"ACTTTGCTCATGAGTT-1","10","Stat3",0
"ACTTTGCTCTATGAAC-1","2","Stat3",0
"ACTTTGGAGCGATGTC-1","1","Stat3",0
"AGAAGGGGTGCATTAC-1","13","Stat3",0
"AGAAGGTTCAATTGCG-1","6","Stat3",1.26321765833368
"AGAAGTCAGCCAATCA-1","11","Stat3",0
"AGAAGTCAGCCTGGAT-1","11","Stat3",0
"AGAAGTTGTGAGACGT-1","0","Stat3",0
"AGAATTGAGATAGCTT-1","0","Stat3",0
"AGAATTGAGCAAGCGA-1","6","Stat3",0
"AGAATTGAGGATTGGG-1","2","Stat3",0.628631993650187
"AGAATTGAGGTTAGCC-1","2","Stat3",0
"AGACAACAGCCTGTAA-1","5","Stat3",0.659393709311521
"AGACAGACATGCTCTA-1","1","Stat3",0
"AGACATAAGGTCACAC-1","7","Stat3",0
"AGACATGGTAATCACC-1","11","Stat3",0
"AGACGAACACTTCGAC-1","9","Stat3",0
"AGACGATAGTAGCCCG-1","15","Stat3",0
"AGACGCAAGCCATGAC-1","8","Stat3",1.00062682151205
"AGACGCGGTTGGGCAG-1","2","Stat3",0
"AGACGGATCAAGTCGC-1","7","Stat3",0
"AGACTCGCAAAGGGTA-1","1","Stat3",0
"AGACTGCTCACCTGGG-1","12","Stat3",0
"AGACTGCTCATCAAGT-1","6","Stat3",0
"AGACTGCTCCCTCAGC-1","8","Stat3",1.45515581792763
"AGACTTACAACGGTGC-1","13","Stat3",0.681166285014553
"AGACTTACACCTGCTG-1","0","Stat3",0.552864653863293
"AGAGAATCAGGATGAA-1","0","Stat3",0
"AGAGAATCATCACTAT-1","3","Stat3",0
"AGAGACCGTTACACAC-1","9","Stat3",0
"AGAGACCGTTTACACA-1","6","Stat3",0
"AGAGAGAAGGTACTAT-1","4","Stat3",0
"AGAGAGAAGTCAGTTG-1","6","Stat3",0.857952275012787
"AGAGAGGGTCAATGCT-1","8","Stat3",0
"AGAGATGCAAACCAGT-1","2","Stat3",0
"AGAGATGCAATACTGA-1","6","Stat3",0
"AGAGATTGTGGCGACA-1","4","Stat3",1.78265118401869
"AGAGGAGGTGAACGCG-1","11","Stat3",0.76921782133258
"AGAGGAGGTTCCGGTA-1","15","Stat3",0
"AGAGGCGCAGGAGCAG-1","14","Stat3",2.26083196636483
"AGAGGCTGTGGCGTGA-1","5","Stat3",0
"AGAGGCTGTTATCATG-1","8","Stat3",0
"AGAGGGTCATCAAGCG-1","5","Stat3",0
"AGAGTAATCACGGATC-1","7","Stat3",0
"AGAGTAATCGACTATG-1","5","Stat3",0
"AGAGTATGTAACGAAT-1","5","Stat3",0
"AGAGTATGTTAAGCAG-1","6","Stat3",0
"AGAGTCCTCAGCGAGA-1","7","Stat3",0
"AGAGTCCTCCTGCTAT-1","2","Stat3",0
"AGAGTTGGTGGCCAAG-1","0","Stat3",0
"AGAGTTGGTTTGAGAG-1","0","Stat3",1.29291860306141
"AGCAAATGTCTTGATA-1","0","Stat3",1.41576532503237
"AGCAAATGTTTCGGGC-1","3","Stat3",0
"AGCAAGGTCTGGCACG-1","1","Stat3",0
"AGCAATCCAAGTTCGG-1","4","Stat3",0
"AGCAATCCAGGGCTAC-1","2","Stat3",0
"AGCAATTTCGATCGGT-1","10","Stat3",0
"AGCACCACATGGTGCA-1","1","Stat3",0
"AGCACGTTCGATCCAA-1","1","Stat3",0
"AGCACTATCAATCCAG-1","1","Stat3",0.73539556483059
"AGCACTATCTGGCTAA-1","1","Stat3",0.749649577515338
"AGCATCATCTCATCAC-1","5","Stat3",1.45666876632877
"AGCATCGCAACTAAGC-1","1","Stat3",0
"AGCATCTGTTAGTCGT-1","0","Stat3",0
"AGCATCTGTTGTAACC-1","14","Stat3",0.939588208948161
"AGCATGAGTTTCCAGG-1","12","Stat3",2.76581789952033
"AGCATGGAGGTACTTG-1","11","Stat3",1.19560713791717
"AGCATTGTCACTCATC-1","11","Stat3",0
"AGCATTGTCCGTTAAG-1","15","Stat3",0
"AGCATTTAGCTAGTTG-1","0","Stat3",0
"AGCCAAAGTCAAGCAA-1","8","Stat3",0
"AGCCAAAGTGCGGTAG-1","4","Stat3",0
"AGCCAATCAATTCATC-1","2","Stat3",0
"AGCCAATCACCTTAGC-1","6","Stat3",0
"AGCCAATCAGCCTAGA-1","12","Stat3",0
"AGCCAATCATTAATCC-1","6","Stat3",0
"AGCCACTAGATAGCGG-1","7","Stat3",0
"AGCCAGCCACATGATA-1","0","Stat3",0
"AGCCAGCCAGCCTATC-1","1","Stat3",0
"AGCCAGCCAGGTAGGG-1","7","Stat3",0.503779638153471
"AGCCAGCCAGTTGGTG-1","4","Stat3",0
"AGCCAGCCATAACGCG-1","14","Stat3",0
"AGCCAGCCATGAAGTC-1","4","Stat3",0
"AGCCATCAGATAGTCT-1","11","Stat3",0
"AGCCATCAGGTCAACC-1","10","Stat3",0
"AGCCATTGTAGCGACG-1","9","Stat3",0
"AGCCATTGTAGTTGAG-1","16","Stat3",0
"AGCCATTGTGGCCATC-1","9","Stat3",0.761105335702687
"AGCCCATAGCCGAGTT-1","1","Stat3",0
"AGCCCCAAGAAGCTCC-1","12","Stat3",0
"AGCCCCTTCACCCTGC-1","7","Stat3",0
"AGCCCGATCCAATGAT-1","2","Stat3",0
"AGCCCGATCCGGTACG-1","0","Stat3",0
"AGCCCTAGTTCACGCA-1","6","Stat3",1.0242754343282
"AGCCCTAGTTGCCTCT-1","2","Stat3",0
"AGCCGAAAGATTAACC-1","10","Stat3",0
"AGCCGAAAGCCGACTG-1","8","Stat3",0
"AGCCGATTCAGTGCCG-1","5","Stat3",0.662428367171038
"AGCCGATTCGCTCAGG-1","4","Stat3",0
"AGCCGTTAGATTAGCT-1","11","Stat3",0
"AGCCGTTAGCGCAATC-1","2","Stat3",0
"AGCCTCAGTAAGTCAG-1","0","Stat3",0
"AGCCTCAGTCTTGAAC-1","0","Stat3",0
"AGCCTCAGTTTGAGCT-1","11","Stat3",0.716059408326469
"AGCCTCAGTTTGGCGC-1","0","Stat3",0
"AGCCTCCTCGACCGTG-1","14","Stat3",0
"AGCCTCCTCTAACCAG-1","2","Stat3",0
"AGCCTCTCATAAGGAG-1","5","Stat3",0
"AGCCTGACAAGCGGTC-1","5","Stat3",0.58442873305867
"AGCCTGACACATTCCA-1","10","Stat3",0
"AGCCTGACACTCATAT-1","6","Stat3",0
"AGCCTGACATGGTCAG-1","5","Stat3",0.901056102512213
"AGCCTTGGTATAGACG-1","7","Stat3",0
"AGCGACAAGTGACGAG-1","3","Stat3",0
"AGCGACCCACTCAACC-1","9","Stat3",0
"AGCGACCCAGGATCAT-1","12","Stat3",0
"AGCGAGGCATTCCTCT-1","1","Stat3",0
"AGCGATAGTAGTAACG-1","16","Stat3",0
"AGCGATAGTGCGGACA-1","3","Stat3",0
"AGCGATAGTGGGTTAA-1","6","Stat3",1.33798552613093
"AGCGATGAGTGCTTAG-1","2","Stat3",0
"AGCGATTCAGGTAGCC-1","5","Stat3",0.90410627877352
"AGCGCAGGTAAGTCTC-1","6","Stat3",1.49171515742722
"AGCGCAGGTTTGGGCC-1","3","Stat3",0
"AGCGCCATCACCTGCC-1","1","Stat3",0
"AGCGCCTGTAATGCAG-1","0","Stat3",0
"AGCGCCTGTGGCCATC-1","1","Stat3",0.501920378953883
"AGCGGATGTTAGAGTG-1","2","Stat3",0
"AGCGGGACAAACCATA-1","2","Stat3",0
"AGCGGGACAAGTCCTC-1","11","Stat3",0
"AGCGTCCGTAACCACT-1","14","Stat3",0
"AGCGTTGCACTAGGAT-1","9","Stat3",0
"AGCGTTGCACTTAACT-1","2","Stat3",0
"AGCTAACCAAATGCAC-1","3","Stat3",0
"AGCTAAGGTGCAGGCA-1","1","Stat3",0.788937667770238
"AGCTAAGGTTCACTAA-1","7","Stat3",0.571482894556979
"AGCTACGCAAGCTAAC-1","5","Stat3",0
"AGCTACGCATCCCAAC-1","0","Stat3",0.661020681795067
"AGCTGAGAGTTAATGC-1","2","Stat3",0
"AGCTGGTTCTCACCTG-1","2","Stat3",0
"AGCTGTTGTTGAAGGC-1","15","Stat3",0
"AGCTTAGTCCTGCTAT-1","2","Stat3",1.2930464756383
"AGCTTTAGTTAAGTGG-1","14","Stat3",0
"AGCTTTAGTTTACTCT-1","10","Stat3",0
"AGCTTTAGTTTGGGTT-1","2","Stat3",0
"AGGAACTAGGCGATGA-1","6","Stat3",0
"AGGAATGCATCCTGCG-1","6","Stat3",0
"AGGAATGCATGCTGCT-1","3","Stat3",0
"AGGACAACAAAGGGAC-1","6","Stat3",0.817372635070349
"AGGACAACATTCGGAG-1","4","Stat3",0
"AGGACATAGCTATACG-1","13","Stat3",0
"AGGACCCCAATATGGC-1","0","Stat3",0
"AGGACCCCAGCACTAG-1","5","Stat3",0
"AGGACCCCATAGGCCA-1","2","Stat3",0
"AGGACTAGTTGACTAC-1","5","Stat3",0
"AGGCACGGTGCGTACC-1","0","Stat3",0.704745642049219
"AGGCACGGTTGTCCGA-1","0","Stat3",0
"AGGCAGGCACAGGATT-1","5","Stat3",0
"AGGCATAGTGCGTACC-1","10","Stat3",0
"AGGCATAGTTCCTTGC-1","3","Stat3",0
"AGGCATTCATTGGCGA-1","0","Stat3",0
"AGGCCAAAGAACCTGC-1","13","Stat3",0.868212377909517
"AGGCCAAAGATACTAC-1","0","Stat3",0.58728932035644
"AGGCCAAAGGCGAGGT-1","8","Stat3",1.79761673641301
"AGGCCAAAGTGACCCG-1","0","Stat3",0
"AGGCCAGGTAGCGATA-1","7","Stat3",0
"AGGCCAGGTAGTGATG-1","6","Stat3",0
"AGGCCAGGTCTGGTGC-1","13","Stat3",0
"AGGCCATTCAGCTGGT-1","5","Stat3",0
"AGGCCATTCAGGTCCG-1","6","Stat3",0
"AGGCCCATCCCCAATT-1","5","Stat3",0
"AGGCGAATCACGCAAC-1","3","Stat3",0
"AGGCGTTTCCAGATGC-1","7","Stat3",0
"AGGCGTTTCTTGAGGC-1","3","Stat3",0.979269433634479
"AGGCTCACAACTACCC-1","8","Stat3",0
"AGGCTCACATCACGGA-1","10","Stat3",2.32776290968996
"AGGCTCCGTTGACTGT-1","4","Stat3",1.89939013342042
"AGGCTTGCAGGCAGGA-1","8","Stat3",0
"AGGGAACCAAGTGTGT-1","4","Stat3",0
"AGGGAACCAATGCCCT-1","14","Stat3",2.26960053364799
"AGGGAACCAGCACGTA-1","3","Stat3",0
"AGGGAACCAGCACTGA-1","6","Stat3",0.826879517624007
"AGGGAACCATCGCTCG-1","2","Stat3",0
"AGGGAAGGTTAACGCT-1","0","Stat3",0
"AGGGATTAGGCACATC-1","1","Stat3",0
"AGGGCAATCACTCCAT-1","5","Stat3",0.664666136167782
"AGGGCAATCATGCACA-1","7","Stat3",0.664025176112237
"AGGGCATGTATGGCTT-1","0","Stat3",0
"AGGGCATGTCTCAGGC-1","3","Stat3",0
"AGGGCATGTCTCCACT-1","8","Stat3",0
"AGGGCATGTGGACCTC-1","8","Stat3",0
"AGGGCATGTTAGTGTC-1","0","Stat3",0
"AGGGCTAAGTCGAGTC-1","0","Stat3",0
"AGGGCTAAGTGATAGA-1","8","Stat3",1.80436997681998
"AGGGGTTGTCATTACA-1","8","Stat3",1.67881431977764
"AGGGGTTGTGACTCGC-1","6","Stat3",0
"AGGGGTTGTTCGTCCT-1","5","Stat3",0
"AGGGGTTGTTTGCAGT-1","0","Stat3",0
"AGGGTCAAGAACCATT-1","4","Stat3",0
"AGGGTCAAGAAGCGAT-1","1","Stat3",0
"AGGGTCAAGCCAGAGA-1","5","Stat3",0
"AGGGTTGAGGCTAGAG-1","2","Stat3",0.614861895974122
"AGGTAAATCACCTGAA-1","7","Stat3",0.503210040740903
"AGGTATGGTCTAATTG-1","8","Stat3",0
"AGGTATGGTCTAGCCA-1","0","Stat3",0
"AGGTATGGTTGCTAAC-1","11","Stat3",0
"AGGTGATAGGTAGCGA-1","11","Stat3",0
"AGGTGATAGTGAGTGG-1","16","Stat3",1.35417481169778
"AGGTGCAAGAAGCCAG-1","5","Stat3",1.29860459914501
"AGGTGCAAGCCGATAC-1","4","Stat3",0
"AGGTGCAAGTCATGGC-1","15","Stat3",0
"AGGTGCTTCCAGGTTA-1","1","Stat3",0.651513566047663
"AGGTGTGAGGTCGAAG-1","2","Stat3",0
"AGGTTAAAGTTGCGGT-1","4","Stat3",0
"AGGTTAGGTAGTCCTG-1","1","Stat3",0
"AGGTTAGGTTAACTGC-1","7","Stat3",0.829056312229628
"AGGTTAGGTTTGAGGA-1","4","Stat3",0
"AGGTTCATCACTGTCT-1","10","Stat3",0
"AGGTTCGCACTAACCC-1","0","Stat3",0
"AGTAACCCAAGCTCTC-1","5","Stat3",0.640837133309422
"AGTAACCCAAGTGATC-1","0","Stat3",0
"AGTAATGAGTAGTCCA-1","12","Stat3",1.63687268336829
"AGTACAGGTGGGTACG-1","7","Stat3",0
"AGTACAGGTTTACGCG-1","5","Stat3",0
"AGTACCATCCTGAATG-1","4","Stat3",0
"AGTACCATCTAGTAAC-1","5","Stat3",0.475967219745832
"AGTACCTGTTAAGCGA-1","3","Stat3",1.18736261507518
"AGTACGGAGAATCGGG-1","7","Stat3",0
"AGTACGGAGGATCCGT-1","7","Stat3",0
"AGTATAGAGTAGCCGT-1","3","Stat3",0
"AGTATCACACAACCCT-1","1","Stat3",0
"AGTATCACATAGAGTC-1","5","Stat3",0.904281240357652
"AGTATCACATCATATC-1","2","Stat3",0.576733457415746
"AGTATCCGTGATTGAG-1","5","Stat3",0
"AGTATCCGTTTGGTGT-1","6","Stat3",1.44367748901215
"AGTATGAAGGAATTGA-1","2","Stat3",0
"AGTATGGGTGAAGTAT-1","0","Stat3",0
"AGTATGGGTTCGCTGA-1","5","Stat3",0
"AGTATGGGTTTCGGCA-1","13","Stat3",0.674295198677293
"AGTATTCAGCCATGAC-1","1","Stat3",0.808714394348047
"AGTATTGCATAGGGCC-1","7","Stat3",0
"AGTCAAGGTATAGCAG-1","12","Stat3",2.22250809117966
"AGTCAAGGTGAGGCCA-1","5","Stat3",0.82052772494538
"AGTCAAGGTGGACCCT-1","3","Stat3",0
"AGTCAAGGTTAGGGTA-1","6","Stat3",1.02668425142892
"AGTCAGCTCGCTCTCA-1","9","Stat3",0
"AGTCAGTCAAGTAGTC-1","0","Stat3",0
"AGTCAGTCAGGCAGAG-1","8","Stat3",1.61910760905206
"AGTCCAGCATGAAGTC-1","4","Stat3",0
"AGTCCCAGTTAGACGA-1","11","Stat3",0
"AGTCCCTCATCGAAGT-1","1","Stat3",0.705419147592356
"AGTCCTGGTAACCGAA-1","3","Stat3",0
"AGTCCTGGTAGGTCGG-1","8","Stat3",1.69786877827459
"AGTCGAAGTTGTGAGA-1","3","Stat3",0
"AGTCGGGGTCAACCGC-1","14","Stat3",0
"AGTCGGTTCCTTCGGC-1","7","Stat3",0
"AGTCGTTGTCAGTAGA-1","4","Stat3",2.14560021193091
"AGTCTCAAGATTCAGT-1","5","Stat3",0
"AGTCTCAAGTAATGTC-1","0","Stat3",0
"AGTCTTGAGGCGAAGC-1","12","Stat3",0
"AGTGAACAGGCAACTC-1","4","Stat3",0
"AGTGAATGTTCGTCAG-1","3","Stat3",0
"AGTGACAGTGAGCGAT-1","10","Stat3",0
"AGTGAGGTCATGCTTC-1","5","Stat3",1.14187957424183
"AGTGAGTAGCGAACTC-1","10","Stat3",0
"AGTGATGGTAGTCAAG-1","3","Stat3",1.30454346239692
"AGTGATGGTTTGCATA-1","1","Stat3",0
"AGTGATTTCCGTGTAA-1","0","Stat3",0
"AGTGATTTCCTGGTAA-1","2","Stat3",0
"AGTGCATCAGTAAGTC-1","5","Stat3",0
"AGTGCGCCAACTAAGC-1","8","Stat3",0
"AGTGCGCCATGGCAAT-1","11","Stat3",0
"AGTGCGGGTGATTCCG-1","1","Stat3",0
"AGTGCGGGTTGCGGCT-1","6","Stat3",0
"AGTGCTTGTAATCACC-1","14","Stat3",1.35759546618832
"AGTGCTTGTGAGTCCC-1","13","Stat3",0
"AGTGGAACACAATGAC-1","14","Stat3",1.40673748343183
"AGTGGCTTCACCTGGG-1","1","Stat3",0
"AGTGGCTTCAGGCAGA-1","3","Stat3",0
"AGTGGCTTCTGGCCTC-1","3","Stat3",0
"AGTGGTTCAACCCGAA-1","5","Stat3",0.81336847720347
"AGTGGTTCAATCCCGT-1","4","Stat3",0
"AGTGGTTCATGAGTGT-1","9","Stat3",0
"AGTGGTTCATTGCCCG-1","8","Stat3",0
"AGTGTAAAGCCAATGC-1","6","Stat3",0
"AGTGTCATCACGTGCG-1","3","Stat3",0
"AGTGTCATCACTTGAG-1","8","Stat3",1.24831654053823
"AGTGTCATCAGCACCG-1","2","Stat3",0
"AGTGTCATCGCGTGAT-1","1","Stat3",0.835068504185039
"AGTGTCGCATGGATCG-1","11","Stat3",0
"AGTGTGAGTTTAGCGT-1","5","Stat3",0
"AGTGTGGAGATAGGCG-1","5","Stat3",0.910628371342096
"AGTTAGAAGCGGTCTG-1","1","Stat3",0
"AGTTAGAAGTGCGCCA-1","0","Stat3",1.29215197026983
"AGTTAGCCAACCCTTA-1","4","Stat3",0
"AGTTAGCCAAGGGTCC-1","8","Stat3",0
"AGTTAGCCAATGTCGG-1","15","Stat3",1.35332273838156
"AGTTGAAAGCATCTCT-1","5","Stat3",0
"AGTTGAGGTATTGCCG-1","2","Stat3",0
"AGTTGCATCCTGTACT-1","4","Stat3",0
"AGTTGGGAGTAGTCTG-1","8","Stat3",0
"AGTTGGTCAAGTTCGG-1","4","Stat3",0
"AGTTGGTCATCGCTAC-1","8","Stat3",0
"AGTTTGGTCACAGGAG-1","15","Stat3",0
"AGTTTGGTCAGCCAAC-1","1","Stat3",0.772840054400983
"ATAACCACACAACCGA-1","0","Stat3",0
"ATAACGAAGTCATGGC-1","8","Stat3",0
"ATAACGGGTCCCGATA-1","3","Stat3",0
"ATAACGGGTTCCCGAA-1","1","Stat3",0
"ATAACGGGTTTACTGA-1","1","Stat3",0
"ATAACGTTCAGCAGTC-1","9","Stat3",0
"ATAACGTTCCCATTAC-1","8","Stat3",0
"ATAACGTTCGCGCATG-1","4","Stat3",0
"ATAACGTTCGTTAAGT-1","8","Stat3",0
"ATAAGCAAGCAGTTCA-1","0","Stat3",1.89778139181697
"ATAAGCAAGCGGCATT-1","10","Stat3",0
"ATAAGCTTCAGGGAAT-1","6","Stat3",0
"ATAAGGATCACAGCGT-1","6","Stat3",0
"ATAAGGATCCGGACAT-1","8","Stat3",0
"ATAAGGATCCTCGACC-1","1","Stat3",0
"ATAATCGCAAGCCTGA-1","6","Stat3",0
"ATAATGCTCAGCGGAA-1","7","Stat3",0
"ATAATGCTCCGGTTGG-1","3","Stat3",0
"ATAATGCTCCTTAGAG-1","7","Stat3",0
"ATACCAACACATACCC-1","3","Stat3",0
"ATACCATAGGTGATGG-1","10","Stat3",2.76791363191079
"ATACCCTTCTATGGGC-1","4","Stat3",0
"ATACGAAAGTTACGCA-1","14","Stat3",1.07175197397756
"ATACGGTCAAGCGTAT-1","12","Stat3",0
"ATACGGTCAAGCTGAT-1","13","Stat3",0
"ATACGGTCAAGCTTCC-1","4","Stat3",0
"ATACGTTAGTAGCGTC-1","8","Stat3",0
"ATACTGGTCTAACTCC-1","4","Stat3",0
"ATACTTGGTTCCTTGC-1","2","Stat3",0
"ATACTTGGTTGCCTAG-1","16","Stat3",0
"ATACTTGGTTGGGCAG-1","3","Stat3",0
"ATACTTGGTTTACGAC-1","6","Stat3",0
"ATAGCAAAGGTAGCGA-1","5","Stat3",0.969919979060667
"ATAGCACCAAGTGTAC-1","1","Stat3",0.882997816249249
"ATAGCACCAATGGGCC-1","8","Stat3",0
"ATAGCAGGTCTAAGTC-1","1","Stat3",0.558343761126171
"ATAGCCATCAAGTAAG-1","10","Stat3",2.26160186449607
"ATAGCCATCCCGCAGA-1","9","Stat3",0
"ATAGCCTGTTGCTCGA-1","5","Stat3",0.518763033375048
"ATAGCGAGTGACCGAG-1","8","Stat3",0
"ATAGCGAGTTAGTTGC-1","4","Stat3",0
"ATAGCGCTCATGTGCA-1","6","Stat3",0
"ATAGCGCTCCGTAGTA-1","1","Stat3",0
"ATAGCGCTCGCATGAC-1","0","Stat3",0
"ATAGGATGTGCGAGTG-1","8","Stat3",0
"ATAGGATGTTGGCGAG-1","0","Stat3",0
"ATAGGCCTCGACTTAG-1","8","Stat3",0
"ATAGGCGAGAATCCGC-1","15","Stat3",0
"ATAGGCTCAGCACCTT-1","4","Stat3",1.76718820849755
"ATAGGCTCAGGATGGG-1","6","Stat3",0
"ATAGGCTCAGTAAGTC-1","9","Stat3",0.681552278132147
"ATAGGCTCATCCTTGA-1","5","Stat3",0
"ATAGGGCGTAAGTCCT-1","6","Stat3",0
"ATAGGGCGTCTGGTGC-1","5","Stat3",1.09821244859881
"ATAGGGCGTTGCGGTC-1","3","Stat3",0
"ATAGGGGTCCGGGTAT-1","1","Stat3",0
"ATAGGGTAGCATGGTC-1","4","Stat3",0
"ATAGGGTAGTGAGATA-1","3","Stat3",0
"ATAGTCACAAAGGGAC-1","7","Stat3",0
"ATAGTGAAGCCAGGTT-1","7","Stat3",0
"ATAGTGAAGTAGGGCA-1","7","Stat3",0
"ATATCACAGGTTACAT-1","6","Stat3",0
"ATATCACAGTGATGAA-1","3","Stat3",0
"ATATCAGCAATTCACT-1","14","Stat3",2.06022707737823
"ATATCAGCATTCGGTC-1","2","Stat3",0
"ATATCCCTCGAGCACT-1","7","Stat3",0
"ATATCCTCAACCTACC-1","5","Stat3",0
"ATATCCTCATGGTCCT-1","2","Stat3",0
"ATATGGGGTAATCCTA-1","9","Stat3",0
"ATATGGGGTGGGAATC-1","5","Stat3",1.2672350011039
"ATATGGGGTTGAGCCC-1","3","Stat3",0
"ATATGGTTCTCACCTG-1","7","Stat3",0.652614735696123
"ATATGTCAGCTGGAGA-1","0","Stat3",0
"ATATGTCAGCTTCCTG-1","9","Stat3",0
"ATATGTCAGGTACCAC-1","16","Stat3",0
"ATCAACTAGCGCGATT-1","3","Stat3",0
"ATCAACTAGGGTCCAT-1","2","Stat3",0
"ATCAAGCCACATATAG-1","5","Stat3",0
"ATCAAGGGTGGCGTGA-1","6","Stat3",0
"ATCACAACAGTAATGC-1","11","Stat3",0
"ATCACATAGCGATGTC-1","5","Stat3",0
"ATCACCTTCCCGTACC-1","8","Stat3",0
"ATCACCTTCGCTTGGG-1","2","Stat3",0
"ATCACCTTCTGGTACA-1","15","Stat3",0
"ATCACGATCACGTTAG-1","3","Stat3",0.673540612474275
"ATCAGCCAGCTAATCG-1","16","Stat3",0
"ATCAGGCTCACCTTAC-1","2","Stat3",0
"ATCAGGCTCACTTCGT-1","1","Stat3",0
"ATCAGGCTCCCTGGAG-1","0","Stat3",0.84676488235993
"ATCAGGCTCGCTCTAT-1","3","Stat3",0
"ATCAGGCTCTATGTCC-1","2","Stat3",0.518433002486359
"ATCAGGGAGCCGCATG-1","2","Stat3",0
"ATCAGGGAGCGGACTT-1","7","Stat3",0
"ATCAGGGAGGATGGTG-1","1","Stat3",0.963960274561089
"ATCAGGGAGGTTAGCC-1","5","Stat3",0.77290282062709
"ATCAGGGAGTCGAAGG-1","3","Stat3",0
"ATCAGGTCAAGCGCGT-1","8","Stat3",0
"ATCAGGTCAATTACCT-1","11","Stat3",0
"ATCAGTTAGCGGACTT-1","0","Stat3",0
"ATCATCAGTAACCGAA-1","2","Stat3",0
"ATCATCCTCAATCGGC-1","14","Stat3",1.31541077985883
"ATCATCCTCCCGTGAG-1","0","Stat3",1.05432343234509
"ATCATCCTCCGCACCT-1","6","Stat3",0
"ATCATCCTCGCATCAA-1","14","Stat3",0
"ATCATGGTCGACCAGT-1","2","Stat3",0
"ATCATTCCACCTTGAC-1","10","Stat3",0
"ATCCAATAGCCTAAGC-1","1","Stat3",0.755197413890103
"ATCCACGGTGGCAGTG-1","5","Stat3",0
"ATCCATGAGCGGAGAC-1","5","Stat3",0.870182871659392
"ATCCATGAGGTTACAT-1","4","Stat3",0
"ATCCCAGGTGCACCAC-1","8","Stat3",1.34403047345173
"ATCCCATTCGTGCCAG-1","1","Stat3",0
"ATCCCATTCTGTGCCC-1","0","Stat3",0
"ATCCCGCTCAATTGCG-1","5","Stat3",0
"ATCCCTTAGGTTGCGT-1","9","Stat3",0.817372635070349
"ATCCGGGTCACAGGGA-1","2","Stat3",0
"ATCCGGGTCCGCCTAC-1","5","Stat3",0
"ATCCGGGTCGACTGAC-1","5","Stat3",0
"ATCCGTAAGAAGCCAG-1","3","Stat3",0.565671586787485
"ATCCGTAAGATAGATG-1","9","Stat3",0
"ATCCGTCCAAAGGACA-1","5","Stat3",0
"ATCCGTCCACTATGCC-1","11","Stat3",0.597073007279815
"ATCCTCCGTGATTCCG-1","13","Stat3",0.846080667387933
"ATCCTCCGTTTGACCG-1","9","Stat3",0
"ATCCTGAAGGATCAGG-1","4","Stat3",0
"ATCCTGTTCCGCGCTT-1","5","Stat3",0
"ATCGAACCAAGCGCGT-1","2","Stat3",0
"ATCGAACCAAGCTCAG-1","5","Stat3",0
"ATCGAACCACAAGGAA-1","8","Stat3",0
"ATCGAAGGTCTAGCCA-1","4","Stat3",0
"ATCGAAGGTTGAGGAC-1","2","Stat3",0
"ATCGAGGAGCTAGCCG-1","0","Stat3",0
"ATCGCATGTGCGGCTT-1","1","Stat3",0
"ATCGCCCTCGTCTACT-1","11","Stat3",0
"ATCGCCTCAACCGTAG-1","0","Stat3",0
"ATCGCCTCACCTCAAC-1","4","Stat3",0
"ATCGCGCGTCAGGGCA-1","12","Stat3",0
"ATCGGGCCATAACCGG-1","3","Stat3",0
"ATCGGTCAGAACGACG-1","0","Stat3",0
"ATCGGTCAGTAGACCC-1","1","Stat3",0
"ATCGTACGTCTGGCTA-1","0","Stat3",0
"ATCGTACGTTCCCAGA-1","9","Stat3",0
"ATCGTAGTCGAGGTCT-1","7","Stat3",0
"ATCGTAGTCGCTATCT-1","4","Stat3",0
"ATCGTCAAGAAGGATC-1","3","Stat3",0
"ATCGTCAAGCATGGCT-1","4","Stat3",1.9891267505551
"ATCGTCAAGGCATGTC-1","2","Stat3",0
"ATCTAACAGCGAAGTG-1","7","Stat3",0
"ATCTAACAGCGCCTCT-1","6","Stat3",0
"ATCTAACAGGCACAGA-1","5","Stat3",1.23891953720533
"ATCTAACAGTGTCAAT-1","15","Stat3",0
"ATCTACCTCAGCACCG-1","3","Stat3",0
"ATCTACTCAAGTAACC-1","3","Stat3",0
"ATCTACTCAAGTGTAC-1","6","Stat3",0
"ATCTACTCATCAAGCG-1","0","Stat3",0
"ATCTATGGTGCAATGA-1","3","Stat3",0
"ATCTATGGTTATGCGT-1","2","Stat3",0.689121630308518
"ATCTATGGTTTACTTC-1","14","Stat3",0
"ATCTCATCACCATGTC-1","9","Stat3",0
"ATCTCCACAGCAGGGA-1","8","Stat3",0
"ATCTCCACATCGCTCG-1","14","Stat3",1.30005926867752
"ATCTCGCCAGGAAGGT-1","5","Stat3",0
"ATCTCGCCATCCAGAG-1","0","Stat3",0
"ATCTGAGTCGTCTACT-1","1","Stat3",0
"ATCTGGATCCATAGTG-1","2","Stat3",0
"ATCTGTGAGGAGGTGC-1","5","Stat3",1.05633808448769
"ATCTTCATCGAACCCG-1","11","Stat3",0
"ATCTTGCTCTAAGCAT-1","8","Stat3",1.89241748305148
"ATGAAAGTCATATCGG-1","15","Stat3",1.40650477256798
"ATGAACCCAGCTCTAC-1","3","Stat3",0.72218614982533
"ATGAACCCATGATCCC-1","2","Stat3",0
"ATGACAGGTAAGGTCA-1","12","Stat3",0
"ATGACAGGTTATCACA-1","13","Stat3",0
"ATGACGGAGAATCCGC-1","9","Stat3",0
"ATGACGGAGGATCTGC-1","10","Stat3",1.7011574241077
"ATGAGGCGTAATGAGT-1","11","Stat3",0
"ATGAGGTAGCCTGAGT-1","1","Stat3",1.16655810912996
"ATGAGTAAGCGAACTC-1","2","Stat3",0
"ATGATGTTCAATCACG-1","2","Stat3",0
"ATGATGTTCCGGTTCC-1","13","Stat3",0
"ATGATGTTCCGTTAAG-1","3","Stat3",0
"ATGATTGCAAGCGTAT-1","6","Stat3",1.23640002269911
"ATGATTGCATAGACAC-1","10","Stat3",2.41442153948435
"ATGCACGCAAAGGTGA-1","6","Stat3",0
"ATGCACGCATTCAGTT-1","4","Stat3",1.79593833030302
"ATGCAGGAGCCAATCA-1","2","Stat3",0
"ATGCATTAGATTCAAC-1","3","Stat3",0
"ATGCATTAGCCTGCTC-1","6","Stat3",1.70134058631431
"ATGCCACAGGTAGGCA-1","1","Stat3",0
"ATGCCCTCATCCCAAC-1","1","Stat3",0.885040447228446
"ATGCCCTCATGGCGTA-1","6","Stat3",0
"ATGCCTGGTGGCTGTC-1","4","Stat3",0
"ATGCGGTTCACTTGGA-1","8","Stat3",0
"ATGCTCAAGCGGATCT-1","13","Stat3",0
"ATGCTCAAGTACCAAT-1","4","Stat3",0
"ATGCTGATCCGTGCGA-1","4","Stat3",0
"ATGCTGATCCTTCACG-1","3","Stat3",0
"ATGCTTAGTAATGACG-1","5","Stat3",1.41619858162396
"ATGCTTGAGGTGCGTT-1","2","Stat3",0
"ATGGAGACAATTGACA-1","3","Stat3",0
"ATGGAGTAGAAGCGCA-1","12","Stat3",2.47896920370852
"ATGGATGGTTCCATCC-1","6","Stat3",0
"ATGGCAAGTTAGCCTG-1","5","Stat3",0
"ATGGCGAAGCATATCG-1","11","Stat3",0
"ATGGCTATCACGTAAT-1","0","Stat3",0
"ATGGCTATCCTTCCAG-1","1","Stat3",0
"ATGGCTGCAGCCAGAC-1","1","Stat3",0.461970865613759
"ATGGCTGCAGGCATCA-1","12","Stat3",0
"ATGGCTGCATGATCGG-1","7","Stat3",0
"ATGGGATAGGCTCTGG-1","10","Stat3",0
"ATGGGATAGTAGCTGC-1","14","Stat3",0
"ATGGGCAAGCGCTCGA-1","11","Stat3",0
"ATGGGCTTCCTGTCGC-1","2","Stat3",0.750681444921423
"ATGGGGATCCTTAGTC-1","0","Stat3",0.856780440837952
"ATGGGGATCTGGGAAG-1","4","Stat3",0
"ATGGGTGAGCGAAGTG-1","0","Stat3",0.952225175109773
"ATGGGTGAGGTCACAC-1","6","Stat3",0
"ATGGTAAAGGATGTAA-1","7","Stat3",0.496274828514784
"ATGGTAAAGGCACGAA-1","4","Stat3",2.48466224064588
"ATGGTAGGTATGGTTC-1","11","Stat3",0
"ATGGTCATCAAGTAGA-1","12","Stat3",0
"ATGGTCATCCGGTGAT-1","3","Stat3",0
"ATGGTGAGTCAGTCAT-1","4","Stat3",0
"ATGGTGAGTTCGATAC-1","2","Stat3",0
"ATGGTGAGTTTGGCGC-1","3","Stat3",0
"ATGGTGGAGCCACTAA-1","6","Stat3",0
"ATGGTTTAGGCTCCGA-1","14","Stat3",0
"ATGGTTTAGTATGTAC-1","10","Stat3",0
"ATGGTTTAGTTGGCCG-1","6","Stat3",0
"ATGTACCGTGCACGCT-1","15","Stat3",0
"ATGTAGCCAAGCACGC-1","0","Stat3",0
"ATGTAGCCAATCCATT-1","4","Stat3",0
"ATGTCAACAAGTCCCT-1","5","Stat3",0
"ATGTCCCCACATTGAA-1","0","Stat3",0
"ATGTCCCCACTCAGCT-1","11","Stat3",0
"ATGTCCCCAGCACTGA-1","9","Stat3",0
"ATGTCCCCATTACTGT-1","0","Stat3",0
"ATGTCCTTCTATGTGG-1","2","Stat3",0.541628647929655
"ATGTGAAAGCGCCATG-1","5","Stat3",0
"ATGTGAGGTCTAAGCT-1","7","Stat3",0
"ATGTGCATCGTTGCGG-1","6","Stat3",0
"ATGTGCATCTGGTGAC-1","4","Stat3",0
"ATGTGGGAGATAGGGT-1","5","Stat3",0
"ATGTGGGAGTATGTCG-1","7","Stat3",0
"ATGTGGGAGTGTCAAT-1","0","Stat3",0
"ATGTTAGCACTCATCA-1","16","Stat3",0
"ATGTTCCTCTCACCAT-1","3","Stat3",0
"ATTAAGCTCCGCCAGA-1","3","Stat3",0
"ATTAAGCTCCGCCATC-1","0","Stat3",0
"ATTAAGCTCGACATAT-1","2","Stat3",0
"ATTACCCTCATGCCTT-1","5","Stat3",0
"ATTACCCTCGTACTAG-1","13","Stat3",0
"ATTACCTCACTAAGGT-1","3","Stat3",0.657147739476157
"ATTACGTAGCAGGCTT-1","7","Stat3",0
"ATTACGTAGCCCTGAG-1","4","Stat3",0
"ATTCAGGTCGCGTTAA-1","1","Stat3",0
"ATTCAGTAGCGCATGT-1","0","Stat3",0.9059469873621
"ATTCAGTAGGATCACC-1","2","Stat3",0
"ATTCAGTAGGCGAGTA-1","1","Stat3",0
"ATTCAGTAGTAGGAAC-1","7","Stat3",0
"ATTCATGGTTGCGTCA-1","8","Stat3",0
"ATTCCAAGTTGGGACG-1","6","Stat3",0
"ATTCCATCAGCCATTC-1","12","Stat3",2.46408199502328
"ATTCCATCATAGGTAC-1","5","Stat3",0
"ATTCCCACAACATGGT-1","1","Stat3",0
"ATTCCCACATGGCTCT-1","3","Stat3",0.507198786518831
"ATTCCGGGTTCCTGCT-1","3","Stat3",0
"ATTCCTTGTATGGGTA-1","14","Stat3",0
"ATTCCTTGTTTCCGAG-1","3","Stat3",0.815119581371606
"ATTCGATAGCAAGGAT-1","3","Stat3",0.712228686297565
"ATTCGATAGGAGGTAT-1","4","Stat3",1.94934657855389
"ATTCGATAGTTGGTCA-1","4","Stat3",0
"ATTCGCTTCCCTGGAG-1","13","Stat3",0.542200412841669
"ATTCGCTTCCTCATCG-1","10","Stat3",0
"ATTCGGGCAACCCTTA-1","9","Stat3",0
"ATTCGGGCATTGGCCT-1","6","Stat3",0
"ATTCGTTCAGCAGTAT-1","1","Stat3",0.615995385536628
"ATTCGTTCATTACAGA-1","5","Stat3",0
"ATTCGTTCATTGGCCT-1","8","Stat3",0
"ATTCTCATCATACTCC-1","3","Stat3",0
"ATTCTCATCCTGTATC-1","3","Stat3",0
"ATTGACTAGGTAAGTA-1","4","Stat3",0
"ATTGAGAAGCCTAGCG-1","3","Stat3",0.552238332767261
"ATTGAGAAGGATGGGC-1","3","Stat3",0.740781610775123
"ATTGATGCAAGTGGCC-1","5","Stat3",0
"ATTGCCCCAGGCAAGG-1","0","Stat3",1.09330723643842
"ATTGCCCCATCCACAC-1","1","Stat3",0.454030861287084
"ATTGCCTTCACCTATC-1","1","Stat3",0.484141554546201
"ATTGCCTTCACGCACG-1","6","Stat3",0
"ATTGGATTCCAGGTCG-1","8","Stat3",0
"ATTGGATTCCTGCATT-1","1","Stat3",0
"ATTGGATTCTGGCTAA-1","1","Stat3",0
"ATTGGCCAGCCACAGT-1","2","Stat3",0
"ATTGGCGCAAAGGCAA-1","2","Stat3",0
"ATTGGCGCATGCGCTT-1","8","Stat3",0
"ATTGGGTCAAACTGCG-1","8","Stat3",0
"ATTGGGTCAAGTCCCT-1","7","Stat3",0
"ATTGGGTCACCACATC-1","0","Stat3",1.1039742318095
"ATTGGTTAGCCACATA-1","3","Stat3",0
"ATTGGTTAGCCCTGTC-1","10","Stat3",0
"CAAACCGCAGCAGGGA-1","1","Stat3",0.717023810069303
"CAAACTTAGTATGATC-1","13","Stat3",0
"CAAAGCCTCCCTCAAT-1","5","Stat3",0
"CAAAGCTCATGGTAGT-1","15","Stat3",0
"CAAAGGCGTAGCTCGC-1","4","Stat3",0
"CAAAGGCGTATGGTGA-1","1","Stat3",0
"CAAAGGTAGTACCACA-1","0","Stat3",0.743664873507012
"CAAAGTAAGCGATTGC-1","2","Stat3",0
"CAAAGTAAGTGCGCTG-1","2","Stat3",0.89450783711595
"CAAATGAAGGCAATGG-1","6","Stat3",1.21648329441472
"CAAATGTTCATGGTGC-1","11","Stat3",0
"CAAATGTTCCTTCGTG-1","0","Stat3",0.984017481229668
"CAAATGTTCGATGCTA-1","5","Stat3",0
"CAAATTCAGATTAAGG-1","12","Stat3",2.14760199418497
"CAAATTCAGCGATTGC-1","0","Stat3",0
"CAAATTCAGGAGGACC-1","0","Stat3",0
"CAAATTCAGGGTACTC-1","10","Stat3",1.94831399636671
"CAAATTCAGTCGAGAG-1","7","Stat3",0
"CAACAGTCAAGCTGGC-1","1","Stat3",0.836697253648839
"CAACAGTCAATTAGCA-1","2","Stat3",0
"CAACCAATCTGGCTAA-1","0","Stat3",0
"CAACCAGCATGGATCG-1","1","Stat3",0
"CAACCCAGTGCGATGG-1","0","Stat3",0
"CAACCCTCAATCGCCT-1","8","Stat3",1.19373431975077
"CAACCCTCACATGCTC-1","4","Stat3",0
"CAACCCTCAGCTAGGC-1","9","Stat3",0
"CAACGAAGTAGGCGAT-1","12","Stat3",0
"CAACGAAGTTAGTAGG-1","2","Stat3",0
"CAACGATCACATATAG-1","11","Stat3",0
"CAACGATCAGTTGAGT-1","2","Stat3",0
"CAACGGGGTTCAAGGA-1","9","Stat3",0
"CAACTAACAAGTGTCG-1","13","Stat3",0.659393709311521
"CAACTAACATGGAGCC-1","9","Stat3",0
"CAACTAGTCATCACCT-1","6","Stat3",0.844186198641133
"CAACTAGTCGAATCCA-1","11","Stat3",0
"CAACTGATCACAGGTC-1","0","Stat3",0
"CAAGACAGTGACCGAG-1","7","Stat3",0
"CAAGATGGTGAAGTTG-1","10","Stat3",0
"CAAGCCACAATACCGG-1","2","Stat3",0
"CAAGCCCGTGAACTGA-1","0","Stat3",0
"CAAGCCCGTGCGGACA-1","4","Stat3",0
"CAAGCGAAGCGGAGAC-1","0","Stat3",0
"CAAGCGAAGGAACCCT-1","10","Stat3",0
"CAAGCGAAGGGGTAAT-1","0","Stat3",0
"CAAGCTCAGCTATCTC-1","3","Stat3",0
"CAAGGATAGAACGGTG-1","2","Stat3",0
"CAAGGATAGTTGGACC-1","4","Stat3",0
"CAAGGCGGTGCGGTGA-1","14","Stat3",0
"CAAGGGATCACCCTTG-1","1","Stat3",0
"CAAGGGATCTAGGCAC-1","10","Stat3",2.03053141664232
"CAAGGGGCAATTCATC-1","13","Stat3",0
"CAAGGTAGTGGCTCAC-1","10","Stat3",0
"CAAGGTTCAGCTCGTT-1","12","Stat3",0
"CAAGTAAAGGCGTTAC-1","3","Stat3",0.8889028989759
"CAAGTAAAGTGTCCTT-1","8","Stat3",0
"CAAGTAGGTTTGGGCC-1","2","Stat3",0
"CAAGTCATCCCATACT-1","7","Stat3",0
"CAAGTCATCTCACCGC-1","13","Stat3",0.458992624240594
"CAAGTCGCAAACCAGT-1","11","Stat3",0
"CAAGTCGCAGCAGTAT-1","5","Stat3",0
"CAAGTCGCAGGAAGGT-1","3","Stat3",0
"CAAGTCTGTGAGGAGA-1","4","Stat3",0
"CAAGTCTGTTATCTAG-1","8","Stat3",0
"CAAGTTTAGCATCCGG-1","0","Stat3",0
"CAAGTTTAGTCAACTG-1","12","Stat3",0
"CAATAGCCAGTAAGTC-1","13","Stat3",0
"CAATAGCCATCCCAAC-1","5","Stat3",0
"CAATATCAGGCTCCGA-1","15","Stat3",0
"CAATATCAGGGGTAAT-1","2","Stat3",0
"CAATCCTTCAGCAAGG-1","0","Stat3",0
"CAATCCTTCGCATGGT-1","9","Stat3",0
"CAATCGATCCGCAAGT-1","0","Stat3",0
"CAATCTTCAATAGGGA-1","15","Stat3",0
"CAATCTTCAATAGTCA-1","3","Stat3",0
"CAATGGCTCAGCACCG-1","8","Stat3",0
"CAATGGCTCGCGCGTA-1","7","Stat3",0.451259039122303
"CAATTGGTCCGCGCTT-1","1","Stat3",0
"CAATTGGTCTAGGCGT-1","3","Stat3",0.611371397615784
"CACAACATCATGTAAC-1","1","Stat3",0
"CACAACATCCGCAAGT-1","11","Stat3",0.378481811087982
"CACAAGTCAACCATCC-1","8","Stat3",0
"CACAAGTCACATATAG-1","14","Stat3",0
"CACAAGTCACCTTCGG-1","12","Stat3",0
"CACAAGTCACTCAATT-1","6","Stat3",0
"CACAAGTCATAAGCTA-1","2","Stat3",0
"CACAATTAGTAAGGCG-1","6","Stat3",0
"CACACAATCTGGCTCC-1","16","Stat3",0
"CACACACAGAAGCCTC-1","5","Stat3",0
"CACACACAGCAATCGC-1","6","Stat3",0
"CACACCCTCCAGCGTG-1","5","Stat3",0
"CACACCTCAAGCCTCT-1","2","Stat3",0
"CACAGGCCAAGTGAAG-1","14","Stat3",1.08701489985328
"CACAGGCCAGCTAGTG-1","8","Stat3",1.60338549290705
"CACAGGTTCCTTGGAA-1","5","Stat3",0
"CACATAACAAATCCTT-1","0","Stat3",0
"CACATAACAATACCAA-1","5","Stat3",0
"CACATAGTCCCATTCG-1","0","Stat3",0
"CACATTAGTAACGTAG-1","1","Stat3",0
"CACATTGAGGAATTGA-1","7","Stat3",0
"CACATTGAGGTTGCAC-1","16","Stat3",0
"CACATTTCAATCCAGG-1","9","Stat3",0
"CACATTTCAATTGCTT-1","3","Stat3",0
"CACCAACAGGATCTAT-1","3","Stat3",0
"CACCACCTCCTGTACT-1","5","Stat3",0
"CACCACCTCTAATGGT-1","1","Stat3",0
"CACCAGACAGCACTGA-1","4","Stat3",0
"CACCAGTAGGAGCCTT-1","4","Stat3",0
"CACCAGTAGTAAGTGA-1","12","Stat3",2.31656371763325
"CACCATCCAAACTACA-1","14","Stat3",1.9440268018487
"CACCATTTCACATGGC-1","1","Stat3",0.540608566495833
"CACCATTTCTGGCTAA-1","16","Stat3",0.968904279262285
"CACCCAAGTAATGCTC-1","5","Stat3",0
"CACCCATCAAAGGTCT-1","3","Stat3",0
"CACCCATCAAGTCGGC-1","0","Stat3",0
"CACCCATCAGGAATGA-1","4","Stat3",0
"CACCCTTGTGGCTCAC-1","11","Stat3",0.460110261014149
"CACCCTTGTTCCTGCT-1","9","Stat3",0
"CACCGATAGCCACACG-1","9","Stat3",0
"CACCGATAGGTAAGGT-1","15","Stat3",0
"CACCGATAGTCGCATA-1","5","Stat3",0
"CACCGCAAGATTGCTG-1","11","Stat3",0
"CACCGCAAGTGAGCAG-1","7","Stat3",0.642669693914692
"CACCGCTTCTCATCCG-1","8","Stat3",0
"CACCTAAAGAACGGTG-1","12","Stat3",2.2291402508381
"CACCTAAAGGCGTTCG-1","3","Stat3",0
"CACCTAAAGTCATAGT-1","0","Stat3",0
"CACCTATTCCGTCATT-1","10","Stat3",2.91187796311713
"CACCTATTCGACCAGT-1","10","Stat3",0
"CACCTATTCGATCAAT-1","6","Stat3",0
"CACCTCATCGCGTTAA-1","8","Stat3",0
"CACCTCGCAACCCTAC-1","2","Stat3",0.633821263813322
"CACCTCTGTGAGGAAG-1","2","Stat3",0
"CACCTGCTCCGGTATA-1","4","Stat3",0
"CACCTTTAGCAAGTAA-1","8","Stat3",2.13303872768881
"CACCTTTAGCATCCGG-1","4","Stat3",0
"CACGACCGTAGTCCAT-1","0","Stat3",0
"CACGACCGTGGACACG-1","15","Stat3",0
"CACGACCGTTCGCAGC-1","1","Stat3",0
"CACGACTAGCCCTGGA-1","13","Stat3",0.927567275737277
"CACGACTAGGTCATTG-1","9","Stat3",0
"CACGAGGGTAGCTCGC-1","2","Stat3",0
"CACGAGGGTCTTGATA-1","16","Stat3",0
"CACGATTGTTGCGGAG-1","4","Stat3",0
"CACGATTGTTGTCTCC-1","13","Stat3",0
"CACGCAACAAACTTGA-1","11","Stat3",0
"CACGCAACAAGGGCTC-1","3","Stat3",0
"CACGCAACACATGACG-1","4","Stat3",0
"CACGCCAAGGCAAGCA-1","8","Stat3",0
"CACGCCAAGGTCCAGT-1","14","Stat3",1.53922832866721
"CACGCCAAGTGTCATG-1","0","Stat3",0
"CACGCCAAGTTGCTGA-1","9","Stat3",0
"CACGCTAGTTGAAGTG-1","6","Stat3",0
"CACGGTTAGGTATGAA-1","13","Stat3",0
"CACGGTTAGGTGAGAT-1","0","Stat3",0
"CACGGTTAGTAGTAGA-1","3","Stat3",0
"CACTAACGTAGCAGGT-1","3","Stat3",0
"CACTAACGTTAGGTTC-1","5","Stat3",0
"CACTACCCAGGACAGG-1","11","Stat3",0.430263936346561
"CACTATGAGATTGGCC-1","6","Stat3",0
"CACTATGAGGCACACT-1","0","Stat3",0
"CACTATGAGTGATACT-1","9","Stat3",0.645805735072203
"CACTCAAAGCGGCATT-1","6","Stat3",0.859520019880326
"CACTCACCAAGTGGAA-1","2","Stat3",0
"CACTCACCACTTCGTA-1","1","Stat3",0
"CACTCACCAGGCATTG-1","13","Stat3",0
"CACTCACCATGCTCAC-1","4","Stat3",0
"CACTCCATCCGCAGTG-1","14","Stat3",1.20474335530799
"CACTCCATCGCATCCC-1","3","Stat3",0
"CACTCCGCAAGTGGAA-1","10","Stat3",0
"CACTCCGCACATACGG-1","1","Stat3",0
"CACTCCGCATTAGGTA-1","2","Stat3",0
"CACTCGCTCATGCGTA-1","7","Stat3",0.434555793098316
"CACTCGCTCCAGCGTG-1","3","Stat3",0
"CACTGCCTCCCATTAC-1","3","Stat3",0.818504097410233
"CACTGCCTCCTGTATC-1","9","Stat3",0
"CACTGCCTCTCACCAT-1","3","Stat3",0
"CAGCAAAGTCTTACGG-1","2","Stat3",0
"CAGCAATCAAGTTCCC-1","4","Stat3",0
"CAGCAATCAGGCTCAA-1","4","Stat3",0
"CAGCACTAGGAATCAA-1","6","Stat3",0
"CAGCACTAGTCAGCGT-1","7","Stat3",0
"CAGCAGCCAATACTAG-1","0","Stat3",0
"CAGCAGCCATTACGCC-1","11","Stat3",0
"CAGCATATCCATTGCT-1","1","Stat3",0
"CAGCATTGTAATCCTA-1","4","Stat3",0
"CAGCATTGTAGTGCTT-1","5","Stat3",0
"CAGCATTGTTAGGCCC-1","9","Stat3",0.847755264626168
"CAGCATTGTTAGTGCT-1","3","Stat3",0
"CAGCCATAGCGCTATA-1","1","Stat3",0.575198915890915
"CAGCCATAGGTAGAGT-1","9","Stat3",0
"CAGCTAATCACATACG-1","6","Stat3",0
"CAGCTATGTGCGTAGG-1","6","Stat3",0.91599083683517
"CAGCTCTCAAATGGAG-1","0","Stat3",0
"CAGCTCTCATGACCGA-1","0","Stat3",0.514181331612963
"CAGGATTCAGGAGCAG-1","4","Stat3",0
"CAGGCCATCGCTCGTC-1","7","Stat3",0
"CAGGCGAGTAGTAGCA-1","2","Stat3",0
"CAGGCGAGTATGTGAG-1","4","Stat3",0
"CAGGCTTAGTTGGCCG-1","5","Stat3",0
"CAGGGCAGTTGCTATA-1","0","Stat3",1.13452775105421
"CAGGGCTCAAGCGCGT-1","10","Stat3",0
"CAGGTAAGTAGTCCTG-1","1","Stat3",0
"CAGGTAAGTGAAGCTA-1","6","Stat3",0
"CAGGTAAGTGATCAAG-1","8","Stat3",1.71111819494611
"CAGGTCCGTAACGAGC-1","16","Stat3",0
"CAGGTCCGTTTGAGTC-1","4","Stat3",0
"CAGGTTATCCTGTGAA-1","6","Stat3",0
"CAGTAACCAATTCAGA-1","11","Stat3",0
"CAGTAACCAGGAAGCG-1","0","Stat3",0
"CAGTACGCATAGGCCA-1","3","Stat3",0
"CAGTAGCTCACGCCAG-1","5","Stat3",0
"CAGTAGCTCGACCCGA-1","11","Stat3",0
"CAGTAGCTCGCTTGAA-1","0","Stat3",0
"CAGTAGGAGCTTACTC-1","3","Stat3",0
"CAGTCCCTCGCGTCCT-1","11","Stat3",0
"CAGTGTTGTCAGTCAT-1","0","Stat3",0
"CAGTGTTGTGGACACG-1","1","Stat3",0.9362453464037
"CAGTTAGTCACTAGCA-1","2","Stat3",0
"CAGTTAGTCATGCCTT-1","4","Stat3",0
"CAGTTATAGCAAGGGC-1","4","Stat3",0
"CAGTTATAGTCGCGCA-1","6","Stat3",0
"CAGTTCAAGGCGAAGC-1","1","Stat3",0
"CAGTTCCCAAATCAGC-1","1","Stat3",0
"CAGTTTGAGGCGAGGT-1","5","Stat3",0
"CAGTTTGAGTGAGATA-1","1","Stat3",0.520059801277693
"CATAACTAGCGATGTC-1","10","Stat3",2.50851588838906
"CATAACTAGGTACCGT-1","1","Stat3",0.450184654513953
"CATAACTAGTAGACCC-1","3","Stat3",0
"CATAAGCCATCCTGGT-1","5","Stat3",0
"CATAAGCCATCGCTCG-1","0","Stat3",0
"CATAAGGGTTTCGGCA-1","3","Stat3",0.647798186189296
"CATACCAAGTGGCTCG-1","5","Stat3",0.892460983686833
"CATACCTTCACAGGTC-1","0","Stat3",1.23622668766573
"CATACCTTCGATGTGC-1","0","Stat3",0
"CATACTGAGGCTTACA-1","10","Stat3",0
"CATACTGAGTACCATG-1","2","Stat3",0
"CATACTTCAAGGTCGC-1","9","Stat3",0
"CATACTTCAGTTAGGT-1","0","Stat3",0
"CATAGAGGTCAACTAC-1","9","Stat3",0
"CATAGAGGTTCGCCAA-1","10","Stat3",0
"CATAGATTCACCAATG-1","0","Stat3",0
"CATAGCATCCACCTAT-1","11","Stat3",0
"CATAGCATCGACCTAA-1","14","Stat3",0
"CATAGCCAGCATCGCG-1","4","Stat3",0
"CATAGCCAGCCCTGCT-1","4","Stat3",0
"CATAGCCAGGATTCAT-1","7","Stat3",0
"CATAGCCAGGGTGATG-1","6","Stat3",0
"CATAGCGCATGGTGAT-1","15","Stat3",0
"CATAGCTGTTGCATAC-1","2","Stat3",0.62692168074941
"CATAGGCTCGACATTG-1","10","Stat3",2.24332327423726
"CATAGGGAGATTGACT-1","3","Stat3",0
"CATAGGGAGTGCCATA-1","3","Stat3",0
"CATAGGTCATCCACTA-1","4","Stat3",0
"CATAGGTCATTCGGCT-1","9","Stat3",0
"CATAGTTAGGCTCCTC-1","0","Stat3",0.78096207730492
"CATAGTTAGGTCCCAG-1","9","Stat3",0
"CATATAGCATTACCGC-1","6","Stat3",0.540100000130374
"CATATCCTCAATGGAA-1","4","Stat3",0
"CATATCTCACCTCAGT-1","0","Stat3",0.866890642463751
"CATATCTCATTCAGTT-1","13","Stat3",0.623288882796565
"CATATTCCACATGAGT-1","2","Stat3",0
"CATATTCCATCATAGA-1","6","Stat3",0.859127514141131
"CATCAATAGTAATGGA-1","0","Stat3",0
"CATCACAAGCCTGCCT-1","0","Stat3",0
"CATCACAAGTGATTCG-1","0","Stat3",1.56718719937874
"CATCACCCATCCTACA-1","2","Stat3",0
"CATCACTTCAGCACTA-1","0","Stat3",0.695807757918151
"CATCACTTCAGTTCCT-1","3","Stat3",0.592374322136518
"CATCAGGCAGCTAAGT-1","1","Stat3",0
"CATCAGGCATCGCTGT-1","8","Stat3",1.60116946017492
"CATCATTCATGGATGT-1","2","Stat3",1.06307337781067
"CATCCACCAAAGGACA-1","4","Stat3",0
"CATCCACCATAATTGG-1","10","Stat3",0
"CATCCCGCAGCTCGTT-1","1","Stat3",0.866890642463751
"CATCCCTGTTTACTGA-1","7","Stat3",0
"CATCCGCTCACGCTAA-1","15","Stat3",0
"CATCCGCTCATATCGG-1","1","Stat3",0
"CATCCGCTCCGCTGTC-1","1","Stat3",0
"CATCCGCTCTAGTGCA-1","6","Stat3",0
"CATCCGCTCTGGCTCC-1","13","Stat3",0.655495896441946
"CATCCGGAGGAGGTAT-1","1","Stat3",0
"CATCCGGAGTGCCCGA-1","9","Stat3",0
"CATCGTCCAAGCGCGT-1","2","Stat3",0
"CATCGTCCACAGCAAT-1","0","Stat3",0
"CATCGTTTCAATCTCC-1","5","Stat3",0.58796449800622
"CATCGTTTCCATCCAT-1","0","Stat3",0.628468691614741
"CATCTGTTCGTTAGGC-1","4","Stat3",0
"CATCTTGCAAGCTAAC-1","13","Stat3",0
"CATCTTGCACATTAGA-1","3","Stat3",0.734181572593781
"CATCTTGCACTTCGAC-1","1","Stat3",0
"CATGAAGGTGCAATTC-1","8","Stat3",0
"CATGCAATCCAGATCA-1","1","Stat3",0
"CATGCAATCTGGTAGC-1","6","Stat3",0
"CATGCCAGTCAACTTA-1","11","Stat3",0
"CATGCCAGTCATGCGC-1","9","Stat3",0
"CATGCCAGTCTCCAGA-1","4","Stat3",0
"CATGCCAGTTTCCAGG-1","1","Stat3",0
"CATGCGCGTATAGTGG-1","3","Stat3",0
"CATGCGCGTTCAATGC-1","3","Stat3",0
"CATGCTGGTAAGCGCG-1","4","Stat3",0
"CATGGGTTCCAGCGTG-1","3","Stat3",1.16541757987243
"CATGGTCAGCCATCAA-1","9","Stat3",2.25622786427144
"CATGGTCAGTGGCTGT-1","13","Stat3",0.663796572208898
"CATGGTCAGTGTCCGG-1","2","Stat3",0.656477035252384
"CATGTCAAGGTCACTA-1","6","Stat3",0
"CATTACTCAGTACCTC-1","10","Stat3",0
"CATTACTCATCGCGTT-1","3","Stat3",0.577349632475755
"CATTACTCATGCTCCG-1","10","Stat3",0
"CATTAGGTCCGCGTGA-1","2","Stat3",0
"CATTAGTAGCTACTCT-1","6","Stat3",0
"CATTAGTAGGCTACAC-1","15","Stat3",0
"CATTCGAAGTGCCATA-1","4","Stat3",0
"CATTCGCCAGCACGGT-1","4","Stat3",0
"CATTCGTTCACGCTAA-1","0","Stat3",0
"CATTCTATCACGCCAG-1","6","Stat3",0.664025176112237
"CATTGGATCCGCTGTC-1","2","Stat3",0
"CATTGTGAGCGCGATT-1","0","Stat3",0
"CATTTAGGTGCGCATC-1","6","Stat3",0
"CATTTCATCCTCGTGC-1","11","Stat3",0.624958591805443
"CATTTCGCACTAACCC-1","13","Stat3",0.473350223643068
"CATTTGAGTAATGGAT-1","6","Stat3",0
"CATTTGAGTAGCTTAC-1","6","Stat3",0
"CATTTGAGTTAGCGAA-1","8","Stat3",0
"CATTTGCTCGCTAATG-1","13","Stat3",0
"CCAAAGCTCCATGAAT-1","13","Stat3",0
"CCAAAGTCACAGCGAC-1","5","Stat3",0
"CCAAAGTCACTAGCAG-1","9","Stat3",0
"CCAAAGTCATCCCTAA-1","0","Stat3",0.55811990134384
"CCAAATGTCCATGAAT-1","7","Stat3",0
"CCAAATTAGGAGGATT-1","0","Stat3",0
"CCAACCTCACTTCAAT-1","1","Stat3",0
"CCAACTAAGCCATACA-1","1","Stat3",0
"CCAACTAAGGGTACGA-1","9","Stat3",0
"CCAACTAAGTTGGTCA-1","12","Stat3",0
"CCAACTGGTCCATACG-1","1","Stat3",0
"CCAAGGGGTGAAGTAT-1","3","Stat3",0
"CCAAGTCAGGTAGACG-1","5","Stat3",0
"CCAAGTCAGTCATTCC-1","6","Stat3",0
"CCAATAGTCAGGAGTG-1","0","Stat3",0
"CCAATAGTCCCTCTGA-1","9","Stat3",0
"CCAATATAGCGCGATT-1","7","Stat3",0.487414458472921
"CCAATATAGTGAAGTA-1","14","Stat3",0
"CCAATCCCAATCCGTC-1","12","Stat3",0
"CCAATCCCACAACGGC-1","8","Stat3",1.31720875898368
"CCAATCCCACTTGATT-1","1","Stat3",0
"CCAATTAGTAACCACT-1","1","Stat3",0.814803795950647
"CCAATTAGTTTAGGCT-1","3","Stat3",0
"CCAATTGAGCTACCGG-1","3","Stat3",0
"CCACAACAGAAGCGTG-1","10","Stat3",0
"CCACAACAGTAAGGAC-1","14","Stat3",0
"CCACAACAGTTAGTAC-1","10","Stat3",0
"CCACAGACAACATGAC-1","7","Stat3",0
"CCACATGGTTAACCCG-1","8","Stat3",0
"CCACCAAGTGAGCAAC-1","12","Stat3",0
"CCACCAAGTTACACTA-1","3","Stat3",0
"CCACCTATCAGTTGAT-1","9","Stat3",0
"CCACCTCAGTAGCGTC-1","8","Stat3",0
"CCACCTGCACTAATTC-1","3","Stat3",1.66769160846345
"CCACCTTGTCTAGTAC-1","12","Stat3",1.63854157694835
"CCACCTTGTGATCCAT-1","0","Stat3",0
"CCACCTTGTTACACGT-1","10","Stat3",1.5142695665425
"CCACGAACAAAGGTGA-1","11","Stat3",0
"CCACGAACAGTTAGAC-1","13","Stat3",0.611795820822152
"CCACGATAGGTGAGCA-1","15","Stat3",0
"CCACGCAAGCTAACGC-1","5","Stat3",0
"CCACGCAAGCTACTGA-1","15","Stat3",0
"CCACGTAGTTGGCCGT-1","7","Stat3",0
"CCACGTTCATGCTTGC-1","3","Stat3",0
"CCACGTTCATTAGCCC-1","6","Stat3",0.576460035424199
"CCACTAGGTAATGACG-1","8","Stat3",0
"CCACTAGGTAGCCCGT-1","0","Stat3",0
"CCACTAGGTGAAGCTA-1","2","Stat3",0.928399553651605
"CCACTAGGTTAGTCAC-1","0","Stat3",0
"CCACTATTCACTGGTA-1","14","Stat3",0
"CCACTTACAAGGTCTG-1","0","Stat3",0
"CCAGAATCAAGTCGAT-1","7","Stat3",0
"CCAGACCGTTGCACCA-1","7","Stat3",0
"CCAGACTAGTAACCAT-1","2","Stat3",0
"CCAGACTAGTTAGTCG-1","0","Stat3",0
"CCAGAGAAGCGCCACA-1","6","Stat3",0
"CCAGAGAAGCGCGATT-1","8","Stat3",0
"CCAGAGAAGGATAGGT-1","6","Stat3",0
"CCAGAGAAGGGGACGT-1","10","Stat3",0
"CCAGAGGGTGGAGAGA-1","1","Stat3",1.41129327037799
"CCAGATGCAACCAACG-1","13","Stat3",0
"CCAGATTGTTTGCGAT-1","2","Stat3",0
"CCAGCAACAAAGGCCC-1","6","Stat3",0
"CCAGCAACAAATGGTC-1","4","Stat3",0
"CCAGCTAGTAATCCCG-1","12","Stat3",0
"CCAGCTAGTCTAACCG-1","9","Stat3",0
"CCAGCTAGTTCCGTAG-1","7","Stat3",0
"CCAGGTTAGGCGCTCA-1","8","Stat3",0
"CCAGGTTAGGTTGACC-1","4","Stat3",0
"CCAGTAATCGACCCGA-1","0","Stat3",0
"CCAGTATGTAATTCGC-1","1","Stat3",0
"CCAGTATGTATGGCAA-1","3","Stat3",0
"CCAGTATGTTGTAGTC-1","1","Stat3",0
"CCAGTATGTTTGATGC-1","1","Stat3",0
"CCAGTCCTCAGCTGCG-1","0","Stat3",1.04820911626004
"CCAGTCCTCCAGGTAC-1","5","Stat3",0
"CCAGTTAAGTATGAGA-1","1","Stat3",0
"CCAGTTAAGTTAGCGC-1","3","Stat3",0
"CCAGTTGGTCTAGTGT-1","4","Stat3",0
"CCATAACGTAACCGAA-1","6","Stat3",0
"CCATAACGTTGAGTAG-1","3","Stat3",0
"CCATAACGTTTGCCCT-1","5","Stat3",0.564916822689095
"CCATAAGTCCGTTAAG-1","6","Stat3",0
"CCATACTTCACATGAT-1","9","Stat3",0
"CCATACTTCGTTACTC-1","7","Stat3",0
"CCATATAGTGCACCAC-1","9","Stat3",0
"CCATCACCAAGGTAAG-1","4","Stat3",0
"CCATCACCATCAATCT-1","4","Stat3",0
"CCATCAGGTAATGAGT-1","0","Stat3",0
"CCATCAGGTGGGTCAG-1","14","Stat3",0
"CCATCATTCAATCCTC-1","8","Stat3",0
"CCATCCGCATAACGGT-1","7","Stat3",0
"CCATCCGCATGGCAAT-1","3","Stat3",0
"CCATCCGCATGGCCTT-1","15","Stat3",0
"CCATCCTGTTGGATCT-1","6","Stat3",0
"CCATCGCTCCTGATTC-1","2","Stat3",0
"CCATCTTAGAAGGACT-1","15","Stat3",1.71074671329099
"CCATGCCTCGCGTGAT-1","2","Stat3",0
"CCATGCCTCTATGCAG-1","10","Stat3",0
"CCATGGGTCAGTTGCA-1","4","Stat3",0
"CCATGGGTCCCCTGAC-1","6","Stat3",0
"CCATGGGTCGAACGAG-1","13","Stat3",0.462057778154029
"CCATGTCCATGCTGTC-1","2","Stat3",0.613266696621508
"CCATTAAGTCTTACGG-1","4","Stat3",0
"CCATTAAGTTCGGGCT-1","0","Stat3",0
"CCATTAAGTTGTCAGT-1","11","Stat3",0.874722747017178
"CCATTAGAGCATCTAG-1","9","Stat3",0
"CCATTAGAGGTGAGGC-1","9","Stat3",0
"CCATTAGAGGTGGCTT-1","3","Stat3",0
"CCATTTCAGTCAGTCA-1","4","Stat3",0
"CCCAAATGTTAGCTGT-1","7","Stat3",0
"CCCAAATGTTGCGGTC-1","8","Stat3",1.76397536465063
"CCCAAATGTTGGAGAC-1","5","Stat3",0
"CCCAACCTCATCTCTA-1","8","Stat3",0
"CCCAAGGTCACTCGAA-1","2","Stat3",0
"CCCAAGGTCAGGTAGG-1","7","Stat3",0
"CCCAAGGTCCCCTTGA-1","3","Stat3",0
"CCCAAGGTCGACCAAC-1","4","Stat3",0
"CCCAATCCATAATTGG-1","11","Stat3",0
"CCCAATTTCTAGCGCG-1","3","Stat3",0.834146061994544
"CCCACGTTCACACTTC-1","5","Stat3",0
"CCCACGTTCAGGCTCG-1","6","Stat3",0
"CCCACGTTCGATCGGT-1","8","Stat3",0
"CCCACGTTCTCATTCA-1","0","Stat3",0
"CCCACTTGTAACCACT-1","5","Stat3",0
"CCCACTTGTAACGAGC-1","13","Stat3",0.918199975747341
"CCCACTTGTGCATTCG-1","10","Stat3",0
"CCCACTTGTTTCGGGC-1","10","Stat3",2.78201386269936
"CCCAGCAAGAACCTCA-1","2","Stat3",0
"CCCAGCAAGCGCAATC-1","12","Stat3",2.06883920025034
"CCCAGGATCCTGACTT-1","11","Stat3",0
"CCCAGGATCCTGCGAG-1","2","Stat3",0
"CCCAGTGAGATTGAGA-1","2","Stat3",0.993664365593564
"CCCATAGGTCCCGAGT-1","1","Stat3",1.19711012321423
"CCCATCATCAGGAAGT-1","9","Stat3",0
"CCCATCATCGTAACCA-1","1","Stat3",0.55155105783992
"CCCATCTGTCTAACTA-1","5","Stat3",0
"CCCATGAGTGAGCAAC-1","5","Stat3",0.870424809797958
"CCCATGAGTTGGACCC-1","2","Stat3",0
"CCCATGCTCACGCCGA-1","0","Stat3",0
"CCCATGCTCCTGCGTC-1","1","Stat3",0
"CCCATGCTCGACATGC-1","15","Stat3",0
"CCCATTGTCAGCATTG-1","2","Stat3",0
"CCCGAATAGTTGCACA-1","3","Stat3",0.885709609264255
"CCCGATGAGGTGAACG-1","5","Stat3",1.2033548257956
"CCCGATTCAACCAGAT-1","4","Stat3",0
"CCCGCATTCGAACCGT-1","7","Stat3",0.586863713522284
"CCCGCATTCGACATTG-1","0","Stat3",0
"CCCGCATTCGTAACTG-1","2","Stat3",0
"CCCGCTTAGCGCAATC-1","4","Stat3",0
"CCCGCTTAGGGTCAAG-1","0","Stat3",0
"CCCGGTAAGTGCGCCA-1","2","Stat3",0
"CCCGGTTTCAGTACCA-1","1","Stat3",0.567121267602774
"CCCGGTTTCCGGTAGT-1","15","Stat3",0
"CCCGGTTTCGCTCTAT-1","12","Stat3",0
"CCCGTTGCAACTGGAT-1","6","Stat3",0
"CCCGTTGCAATACTCT-1","7","Stat3",0
"CCCTAACCAACGTTAA-1","2","Stat3",0
"CCCTAACCATCCACTA-1","5","Stat3",0
"CCCTACGCAATTAGCA-1","7","Stat3",0
"CCCTAGCTCCGTGAAC-1","3","Stat3",0
"CCCTATGTCACTCCAT-1","9","Stat3",0
"CCCTATGTCGCTGATA-1","3","Stat3",0
"CCCTCAATCGTTCAAG-1","7","Stat3",0.496249691291056
"CCCTCACAGATAGACA-1","0","Stat3",0
"CCCTCACAGCGATAGG-1","1","Stat3",0
"CCCTCACAGGGTCTGT-1","8","Stat3",0
"CCCTCACAGTGGCAGA-1","3","Stat3",0
"CCCTCAGCATGAGTGT-1","3","Stat3",0
"CCCTGAGAGATTCAGT-1","6","Stat3",0
"CCCTGAGAGCCATCCC-1","11","Stat3",0
"CCCTGAGAGGTATATC-1","4","Stat3",0
"CCCTGGTTCACAGCAC-1","9","Stat3",1.12236442903169
"CCCTTAACAACTGTCC-1","6","Stat3",0
"CCCTTAACAATATGGC-1","4","Stat3",0
"CCCTTAACACTTCGAC-1","8","Stat3",0
"CCCTTAACATAGGGTT-1","0","Stat3",0
"CCCTTACGTGATAGAT-1","5","Stat3",0
"CCCTTACGTTGCGTGC-1","1","Stat3",0
"CCCTTACGTTTCGACG-1","6","Stat3",0
"CCCTTAGTCACCAGCG-1","0","Stat3",0
"CCCTTGATCCGTTGCC-1","1","Stat3",0
"CCGAAATCAATGCCAG-1","7","Stat3",0
"CCGAAATCACCTATCA-1","12","Stat3",0
"CCGAACTAGCAAGCCT-1","0","Stat3",0
"CCGAACTAGGTGAGCA-1","3","Stat3",0
"CCGAACTAGTAATGTC-1","11","Stat3",0
"CCGAATATCTGTCACT-1","13","Stat3",0
"CCGAATTGTAACTCTA-1","1","Stat3",0.501611863683221
"CCGAATTGTTGCATCG-1","3","Stat3",0
"CCGACAACACAATTAG-1","9","Stat3",0
"CCGACATAGCTAAGGG-1","8","Stat3",1.42468916998253
"CCGACATAGGCTTGGT-1","9","Stat3",0
"CCGACATAGTAACGGG-1","1","Stat3",1.0152663912362
"CCGACATAGTCATCGA-1","0","Stat3",0
"CCGACCAAGGTAGGGC-1","4","Stat3",1.29754019086364
"CCGACTAGTCATTAGC-1","8","Stat3",1.27946242960824
"CCGACTAGTTTGAGTC-1","4","Stat3",0
"CCGACTTCAAATCCAA-1","0","Stat3",0
"CCGCAATAGTACCATG-1","8","Stat3",0
"CCGCATGAGCCTGAAC-1","4","Stat3",0
"CCGCATTCACTTGATT-1","12","Stat3",0
"CCGCCAAAGCAACCCG-1","5","Stat3",0
"CCGCCAAAGGCTAGAG-1","6","Stat3",0
"CCGCCATTCTAGTGTG-1","8","Stat3",0
"CCGCCTTAGGCGAATG-1","1","Stat3",0
"CCGCGAATCCTCATAC-1","11","Stat3",0
"CCGCGATGTAGTCCAT-1","8","Stat3",0
"CCGCGATGTGAGACAC-1","7","Stat3",0.474242206587482
"CCGCGTTTCAGCCTAA-1","3","Stat3",0.469951135216919
"CCGCGTTTCATCTGGA-1","0","Stat3",0
"CCGCGTTTCCATGCAA-1","7","Stat3",0
"CCGCTAAGTAAGCCAA-1","4","Stat3",0
"CCGCTAAGTAGGTACA-1","14","Stat3",0
"CCGCTAAGTGCAGGCA-1","0","Stat3",1.02393231919862
"CCGCTAAGTTGCATCG-1","1","Stat3",0
"CCGCTAAGTTTGGAAG-1","4","Stat3",0
"CCGCTAGAGTGCCCAG-1","1","Stat3",0
"CCGCTCACAGGCAGAG-1","0","Stat3",0
"CCGCTTATCACGCGAT-1","7","Stat3",0
"CCGCTTATCATATAGC-1","0","Stat3",0
"CCGCTTATCGACCTGG-1","11","Stat3",0
"CCGCTTGCAAGTCGAT-1","4","Stat3",0
"CCGGATTAGCCATTAG-1","7","Stat3",0
"CCGGCAATCATCGTGA-1","0","Stat3",0.698438864824363
"CCGGCAATCCGGAACT-1","7","Stat3",0
"CCGGCATGTGGAAGTC-1","10","Stat3",0
"CCGGCATGTTAGCACT-1","3","Stat3",0
"CCGGCATGTTTACCAA-1","0","Stat3",0
"CCGGCTAAGTGTCCTT-1","2","Stat3",0
"CCGGGTTGTCAGGCAG-1","1","Stat3",0
"CCGGTACGTCAAGTGA-1","4","Stat3",0
"CCGGTACGTGCAACCC-1","0","Stat3",0
"CCGGTCAAGCCAGTCG-1","3","Stat3",0.676854931987976
"CCGGTCAAGGTGACTC-1","12","Stat3",0
"CCGGTTAGTGACCGAG-1","11","Stat3",0
"CCGGTTAGTTGTGGCC-1","1","Stat3",0.691600775642493
"CCGTAACAGCTTACGA-1","3","Stat3",0
"CCGTAACAGTATGATC-1","2","Stat3",0
"CCGTAACAGTCTAGCA-1","5","Stat3",0.999431968578476
"CCGTATGGTTCCAGCA-1","1","Stat3",0.573199626172146
"CCGTCATCAATAGGTC-1","0","Stat3",0
"CCGTCCACAGGGACTC-1","12","Stat3",0
"CCGTCGTTCATGAACT-1","3","Stat3",0.657058230245675
"CCGTGATAGATAGGTA-1","6","Stat3",0
"CCGTGCAAGCAACCCG-1","6","Stat3",0
"CCGTGCTTCGCGTGTG-1","2","Stat3",0
"CCGTGGATCATGCGTA-1","5","Stat3",0
"CCGTGGATCCACCTAT-1","2","Stat3",0
"CCGTGGATCGACCTGG-1","0","Stat3",0
"CCGTGTGAGGGGTACA-1","1","Stat3",0
"CCGTGTGAGGTAGGTG-1","1","Stat3",1.08519456566161
"CCGTGTGAGTTAGGAA-1","15","Stat3",0
"CCGTTAGGTCTTGGGC-1","12","Stat3",1.33323532171794
"CCGTTCATCACGCCGA-1","12","Stat3",1.25940965975176
"CCGTTCATCCAGATAT-1","0","Stat3",0
"CCGTTCGCACTAATCT-1","2","Stat3",0
"CCGTTCGCATGCTCCG-1","6","Stat3",0
"CCGTTGAGTTAGGTAG-1","8","Stat3",0
"CCGTTGAGTTGGCATT-1","3","Stat3",0.724892552277551
"CCGTTGCTCATCACCT-1","1","Stat3",0
"CCGTTGCTCTATCACC-1","13","Stat3",0.834920768487331
"CCGTTGCTCTATGAAC-1","2","Stat3",0.359687586772971
"CCTAACCCATGCTTCA-1","0","Stat3",0
"CCTAACTTCCAGAGAG-1","0","Stat3",1.40848566610552
"CCTAACTTCTATGGAT-1","5","Stat3",1.41493905331401
"CCTAATGAGTGGCCTG-1","0","Stat3",0
"CCTACAGGTGATGCAA-1","3","Stat3",0
"CCTACCGCAGGATGAA-1","0","Stat3",0.85460207354364
"CCTACCTGTGAAGCAC-1","0","Stat3",1.26121975459552
"CCTACCTGTTCCGGTA-1","15","Stat3",0
"CCTACGGAGATTCGTG-1","1","Stat3",1.20769563375821
"CCTAGCCTCCAGGGAA-1","2","Stat3",0
"CCTAGCGAGCCATACA-1","5","Stat3",0.919059649552467
"CCTAGCGAGCCGACAT-1","4","Stat3",1.55834201633772
"CCTAGCGAGTACCACA-1","3","Stat3",0
"CCTAGGTAGGTTGGTC-1","0","Stat3",0
"CCTAGTAAGATACTGT-1","1","Stat3",0
"CCTAGTAAGCATCAAT-1","5","Stat3",0
"CCTAGTAAGCTAGCGT-1","9","Stat3",0
"CCTAGTAAGGGTAGAT-1","11","Stat3",0
"CCTAGTAAGTGCGCTG-1","9","Stat3",0
"CCTATAGAGCCGAGTT-1","7","Stat3",0
"CCTATCACAAACCGTG-1","12","Stat3",1.42468916998253
"CCTATGAAGCCCTTCA-1","12","Stat3",0
"CCTATGTTCTGTAACG-1","4","Stat3",0
"CCTATTCAGGTACTAT-1","9","Stat3",0
"CCTATTCAGTTACGTG-1","2","Stat3",0
"CCTCAACCAGCCTAGA-1","1","Stat3",0.436792646377416
"CCTCAAGGTTCCGTGA-1","2","Stat3",0
"CCTCAGCTCACATGCA-1","6","Stat3",1.32314166350705
"CCTCATTAGGCTTCCC-1","15","Stat3",0
"CCTCCAGCAAGTGTGT-1","14","Stat3",2.52394800682924
"CCTCGAAGTAATGACG-1","16","Stat3",1.34319296817675
"CCTCGAAGTGCGTGTC-1","5","Stat3",0
"CCTCGGTTCCGCGATG-1","2","Stat3",0
"CCTCGGTTCCGGAGTT-1","3","Stat3",0
"CCTCGTTGTCAACCAT-1","0","Stat3",0.632123003484526
"CCTCTAACAACGGCTA-1","6","Stat3",0
"CCTCTAACACCTCGAT-1","5","Stat3",0
"CCTCTAACAGTAAGCT-1","7","Stat3",0
"CCTCTAACATCACTCA-1","6","Stat3",0
"CCTCTTAGTGACGACG-1","1","Stat3",0.897812320124474
"CCTCTTGAGGTTGCTA-1","4","Stat3",0
"CCTGAACAGTGACCCG-1","7","Stat3",0.373546444343888
"CCTGAACAGTTAGTGT-1","11","Stat3",0.630557378888091
"CCTGAGACAACCCTAC-1","0","Stat3",1.42313300341478
"CCTGAGACAAGTGATC-1","14","Stat3",0
"CCTGAGACAATCGTAA-1","0","Stat3",0.452193013146644
"CCTGAGTAGATTCGGC-1","2","Stat3",0
"CCTGAGTAGTTGCCGG-1","0","Stat3",0
"CCTGATCCAGCATGTG-1","1","Stat3",0
"CCTGATCCATCGACTC-1","1","Stat3",0
"CCTGATGGTAGGTATG-1","7","Stat3",0
"CCTGATTTCAGGCTAC-1","15","Stat3",0
"CCTGATTTCAGGTCCG-1","14","Stat3",0
"CCTGCAAGTAATCGTC-1","0","Stat3",1.0424686758955
"CCTGCGAAGCGAAGGC-1","3","Stat3",0
"CCTGCTCAGTCGAACC-1","5","Stat3",0.710592466494594
"CCTGCTCAGTCGATGC-1","9","Stat3",0
"CCTGGCTTCGATTGCA-1","15","Stat3",0
"CCTGGTAGTGATTCGT-1","3","Stat3",0
"CCTGGTAGTTCCCAAG-1","12","Stat3",0
"CCTGGTTCATCCAACC-1","7","Stat3",0
"CCTGGTTCATTGCCAC-1","9","Stat3",0.749443560131816
"CCTGTCATCCTGTGAA-1","5","Stat3",0
"CCTGTCGCACAACCTC-1","9","Stat3",0.824283247328488
"CCTGTGAGTATTGCAC-1","0","Stat3",0.653631220873666
"CCTGTGGAGGGCTCCA-1","7","Stat3",0
"CCTGTTGTCAGCGGAA-1","7","Stat3",0
"CCTTAATCAATCGACG-1","10","Stat3",1.55804594130162
"CCTTAATCAGCACGAC-1","2","Stat3",0
"CCTTAATCATAGGTCG-1","0","Stat3",0.905069462703706
"CCTTAATCATGCTGTC-1","0","Stat3",1.28171438407331
"CCTTAGAAGCCTGGTG-1","8","Stat3",0
"CCTTAGAAGTCATCTC-1","1","Stat3",1.42301346208277
"CCTTAGCCAATATGTG-1","3","Stat3",0
"CCTTCGATCTAGCTCT-1","14","Stat3",0
"CCTTGCATCGTAGTTG-1","6","Stat3",0
"CCTTGGGAGCGCATTA-1","2","Stat3",0
"CCTTGGTCAAATCGGT-1","4","Stat3",2.00731416038944
"CCTTTAATCACGCGCA-1","5","Stat3",0
"CCTTTAATCCGCTGTC-1","6","Stat3",0
"CCTTTAGCAAATCCAA-1","14","Stat3",0.910184524800963
"CCTTTCAGTAACGAGC-1","2","Stat3",0.538194154272121
"CCTTTCAGTAATGCAG-1","4","Stat3",1.4619932353074
"CCTTTCAGTCAAGGTA-1","5","Stat3",0.744128374995644
"CCTTTCAGTTGCGGAG-1","7","Stat3",0.64139002255891
"CGAAACCTCCCAGGAT-1","6","Stat3",0
"CGAACATCATGAGCTG-1","0","Stat3",0
"CGAACGAAGATAGGTA-1","0","Stat3",0
"CGAACGAAGATTGGTT-1","14","Stat3",0
"CGAACGAAGCGAATCC-1","4","Stat3",0
"CGAAGCAAGGGGACTA-1","13","Stat3",0.844867171761657
"CGAAGCAAGGTCGTTA-1","12","Stat3",0
"CGAAGGATCAATGGTT-1","6","Stat3",1.07631961735187
"CGAAGTGAGAAGCAAC-1","0","Stat3",0
"CGAAGTGAGGTTGGAG-1","3","Stat3",0
"CGAATAGGTAAGTTCC-1","8","Stat3",0
"CGAATCATCCCGCTTA-1","10","Stat3",0
"CGAATCTGTGATAGTG-1","4","Stat3",1.68130087784479
"CGAATCTGTTCGAGTT-1","3","Stat3",0.816244468087592
"CGAATCTGTTCGTGTG-1","6","Stat3",0.706093994767943
"CGAATCTGTTGACCAT-1","8","Stat3",1.92494927346326
"CGAATTTAGAACCTTG-1","10","Stat3",0
"CGAATTTAGATAGTAG-1","5","Stat3",0
"CGACAGCCAAGGGCAG-1","5","Stat3",0
"CGACAGCCACTATATC-1","12","Stat3",0
"CGACAGCCATCACTGC-1","0","Stat3",0
"CGACCAACATCCAAGG-1","8","Stat3",2.14227513280625
"CGACCATAGAAGGGCC-1","0","Stat3",0
"CGACCCTTCGAGCACT-1","0","Stat3",0
"CGACCCTTCTCACTAC-1","1","Stat3",0
"CGACCCTTCTGGCCTC-1","8","Stat3",0
"CGACCTAGTAAGTAGT-1","14","Stat3",0
"CGACCTAGTGAAGCAC-1","6","Stat3",0
"CGACTAATCACTGTCT-1","0","Stat3",0
"CGACTAATCCGCGATG-1","14","Stat3",1.22899559781127
"CGACTAGCAACCGCAA-1","3","Stat3",0
"CGACTAGCAATTGGTA-1","0","Stat3",0
"CGACTATGTGCGGATG-1","7","Stat3",0.597146459306932
"CGACTCCTCACTTCAC-1","6","Stat3",0
"CGACTCCTCAGCTGCG-1","4","Stat3",0
"CGACTGACATCATCTG-1","5","Stat3",0
"CGACTGACATGAAGTC-1","7","Stat3",0.675951988386766
"CGACTGGTCTCATCGT-1","1","Stat3",0
"CGACTTGGTGAGAGTC-1","1","Stat3",0
"CGACTTGGTTGAAGCA-1","5","Stat3",0
"CGAGCAAAGCATCCTT-1","6","Stat3",0.800078442093721
"CGAGCAGGTCCATAGT-1","14","Stat3",0
"CGAGCCATCAGGACTC-1","6","Stat3",0.627043527215784
"CGAGCCTGTCAGCCGT-1","2","Stat3",0
"CGAGCGAGTAATGACG-1","7","Stat3",0
"CGAGCGAGTAATGAGT-1","4","Stat3",0
"CGAGGGACATAACGAC-1","1","Stat3",0.790448085557932
"CGAGGGACATCGTAGG-1","10","Stat3",0
"CGAGGGTAGCAAGCTC-1","7","Stat3",0
"CGAGTAAGTGCGCCAT-1","9","Stat3",0
"CGAGTGAAGGAGCTTC-1","4","Stat3",0
"CGAGTGAAGTGAGCGA-1","3","Stat3",0
"CGATAACCATCCGGTT-1","7","Stat3",0
"CGATAGTCAAAGGGTA-1","8","Stat3",0
"CGATAGTCATCCCTGG-1","10","Stat3",0
"CGATCAATCCCTCGGT-1","11","Stat3",0
"CGATCAATCTAACTCC-1","9","Stat3",0
"CGATCCCTCGAACCGT-1","1","Stat3",0
"CGATCCCTCTATGGAT-1","9","Stat3",0
"CGATCCTCATCCCGTG-1","8","Stat3",1.63954489842766
"CGATCTAAGATTCACG-1","4","Stat3",0
"CGATCTAAGTAACGAA-1","12","Stat3",0
"CGATGGGGTATAGCTC-1","6","Stat3",0
"CGATGGGGTGCATCAT-1","4","Stat3",0
"CGATGGTTCCGTATAG-1","10","Stat3",1.77936773693289
"CGATGTTGTCTAGTAC-1","5","Stat3",0
"CGATGTTGTTAGACTC-1","1","Stat3",0
"CGATTAACATTGCACC-1","10","Stat3",0
"CGATTACGTTCACGGC-1","8","Stat3",0
"CGATTACGTTCCGCAA-1","4","Stat3",1.85033183679195
"CGATTACGTTGGGACG-1","16","Stat3",2.0977679365713
"CGATTAGTCAAGTCGC-1","3","Stat3",0
"CGATTATAGCGATAGG-1","4","Stat3",0
"CGATTATAGCTACCTT-1","4","Stat3",3.39624186502781
"CGATTATAGTTAGCTG-1","14","Stat3",0
"CGATTCAAGTCATAGT-1","5","Stat3",0
"CGATTCCCAAGCATGT-1","4","Stat3",0
"CGATTCCCACAATCAA-1","7","Stat3",0
"CGATTCCCAGTACCTC-1","4","Stat3",0
"CGATTTAGTTCACCGA-1","4","Stat3",0
"CGATTTAGTTGGACCC-1","5","Stat3",0.818008676182081
"CGCAAATCAATCAGAC-1","2","Stat3",0
"CGCAACTAGTATGGTT-1","13","Stat3",0
"CGCAATATCCCGCAAG-1","2","Stat3",0
"CGCAATATCCTGACTT-1","11","Stat3",0
"CGCACGATCCCGCTGT-1","5","Stat3",0
"CGCACTTCACTCATCA-1","10","Stat3",0
"CGCACTTCATCACTAT-1","8","Stat3",0
"CGCAGATTCCTGACCC-1","8","Stat3",0
"CGCAGCTGTCAGTTCG-1","8","Stat3",0
"CGCAGCTGTGGAGCTG-1","3","Stat3",0
"CGCAGGTCAATCCATT-1","0","Stat3",0
"CGCAGGTCACTCATCA-1","12","Stat3",0
"CGCAGTTAGCAATGAA-1","15","Stat3",0
"CGCATAGCAACATACA-1","11","Stat3",0
"CGCATAGCAATGAGCT-1","9","Stat3",0
"CGCATCAGTGCAGGTG-1","1","Stat3",1.1824764357672
"CGCATCAGTTCACCAG-1","15","Stat3",0
"CGCATCCTCCTGTCTG-1","7","Stat3",0.451528450598918
"CGCATCCTCGCGTCGA-1","0","Stat3",0
"CGCATCTCATCGCTGT-1","6","Stat3",0.742537613951101
"CGCATCTCATGATTGA-1","5","Stat3",0
"CGCATGGTCAGGCAAG-1","5","Stat3",0
"CGCATGGTCCATATCC-1","5","Stat3",0
"CGCATTCCACAAGCAT-1","3","Stat3",0
"CGCCAATAGCTTACCT-1","1","Stat3",0
"CGCCATAGTCTCAGGC-1","7","Stat3",0
"CGCCATGAGCAAGCCT-1","9","Stat3",0
"CGCCTAAGTGATCAGA-1","0","Stat3",0
"CGCCTAGAGTCATGGC-1","5","Stat3",0
"CGCCTAGAGTTAGATC-1","7","Stat3",0
"CGCCTCACAAGCTAAC-1","4","Stat3",0
"CGCCTGTTCATGGTTG-1","6","Stat3",0.753527032673678
"CGCCTGTTCGCGTTGG-1","6","Stat3",0
"CGCCTTGCAGGAGCAG-1","10","Stat3",0
"CGCCTTGCATTAGGGT-1","1","Stat3",0.603871822526317
"CGCGAACCACTAGCTC-1","4","Stat3",0
"CGCGAAGGTAATGGCA-1","4","Stat3",1.58647912431144
"CGCGATTAGGTTCGCG-1","2","Stat3",0
"CGCGCAATCCTGCTCA-1","5","Stat3",0
"CGCGCATGTCATGAGA-1","3","Stat3",0
"CGCGCATGTCTTACCC-1","5","Stat3",0
"CGCGTACGTGATGCAA-1","7","Stat3",0
"CGCGTACGTTCACCTC-1","7","Stat3",0
"CGCGTACGTTGGCGTC-1","4","Stat3",0
"CGCGTTAGTCTTGATA-1","1","Stat3",0.633779730659472
"CGCGTTAGTTGAAGCA-1","4","Stat3",0
"CGCTAAATCACCTGCC-1","11","Stat3",0
"CGCTAAATCATAGAGA-1","2","Stat3",0
"CGCTAACAGCATTCGA-1","4","Stat3",0
"CGCTAACAGTGCCCGA-1","5","Stat3",0.788937667770238
"CGCTAATGTGGGTAGT-1","6","Stat3",0.712970200620773
"CGCTACTCAAGCGTAT-1","1","Stat3",0.609794790455357
"CGCTACTCATCACTTG-1","16","Stat3",0
"CGCTATGGTGAAGGCT-1","7","Stat3",0
"CGCTATGGTGCAGCGA-1","2","Stat3",0.635821491939416
"CGCTATGGTTCCAGTG-1","0","Stat3",0.570077025328474
"CGCTATGGTTGCTGGC-1","3","Stat3",1.13663126132507
"CGCTCATCAAACCTGG-1","0","Stat3",0.86633119627402
"CGCTCCACAAGGTTCG-1","13","Stat3",0
"CGCTGCAAGCCTGGTG-1","13","Stat3",0.56305520004957
"CGCTGCAAGTGAATGA-1","2","Stat3",0
"CGCTGCAAGTGAGGCA-1","9","Stat3",0
"CGCTGCTTCATACAGT-1","7","Stat3",0
"CGCTGCTTCCGGATGT-1","0","Stat3",0
"CGCTGCTTCCGTTACT-1","4","Stat3",0
"CGCTGCTTCGCTCTCA-1","10","Stat3",0
"CGCTGTGAGTAGAGCG-1","0","Stat3",0
"CGCTTAGGTTGCGTGC-1","7","Stat3",0
"CGGAAAGTCCCAGGCA-1","14","Stat3",0
"CGGAAAGTCGAGTCTA-1","14","Stat3",1.65238423125736
"CGGACAGGTTGCTGGC-1","0","Stat3",1.76578079457287
"CGGACATTCCTGCCAC-1","5","Stat3",1.31774257072821
"CGGACTTAGGCGATTC-1","3","Stat3",0.745057193003833
"CGGATAAGTGACGATA-1","3","Stat3",0
"CGGATCACAAATCCAA-1","6","Stat3",0
"CGGATCACAATTGCTT-1","3","Stat3",0
"CGGATCACATGGTAAC-1","2","Stat3",0
"CGGCAAGGTTTGGTGT-1","1","Stat3",0
"CGGCATTAGCTGGTGT-1","5","Stat3",0
"CGGCCTAAGCAAGCGA-1","5","Stat3",0
"CGGCTAACAAGGTTCG-1","1","Stat3",0
"CGGCTAGTCGTAGTAT-1","4","Stat3",0
"CGGCTCAAGATAGTAG-1","4","Stat3",0
"CGGCTGATCGATACAT-1","12","Stat3",2.32069378202026
"CGGCTGATCGCATCAA-1","8","Stat3",0
"CGGCTGATCTATGGAT-1","0","Stat3",0
"CGGCTTGAGGCTACAC-1","14","Stat3",0
"CGGCTTGAGGGGTAAT-1","3","Stat3",1.13653546018181
"CGGGACTCAGCTCGAA-1","0","Stat3",0.919784921826075
"CGGGCTTGTGCGTACC-1","0","Stat3",0.198437329904094
"CGGGCTTGTGGAGCCA-1","12","Stat3",0
"CGGGCTTGTTAGTGGA-1","5","Stat3",0
"CGGGGTAGTTGGAGCG-1","11","Stat3",0
"CGGGTAAAGCATCTCT-1","9","Stat3",0
"CGGGTAAAGCATGCAC-1","5","Stat3",0
"CGGGTAAAGCGAGGTA-1","13","Stat3",0
"CGGGTAAAGCGATCAC-1","4","Stat3",0
"CGGGTAGGTAATTCGC-1","6","Stat3",0
"CGGGTAGGTTCCGTTC-1","1","Stat3",0
"CGGGTCATCCGCTGAG-1","0","Stat3",0.90131668565498
"CGGGTCATCCGTCCAC-1","12","Stat3",2.94197918606241
"CGGGTCATCTGGCATA-1","11","Stat3",0
"CGGGTGAGTAATGACG-1","2","Stat3",0
"CGGTAATCACTATCTG-1","8","Stat3",1.41872547216899
"CGGTATTGTTGAGCTT-1","7","Stat3",0
"CGGTCAACAACGGGCT-1","2","Stat3",0.649453745342375
"CGGTCAACAGGGCTGT-1","2","Stat3",0
"CGGTGTTAGTCGCTAA-1","7","Stat3",1.03620924818924
"CGGTGTTAGTGCTGCG-1","10","Stat3",0
"CGGTTAATCAGTGCCG-1","13","Stat3",0.733168421896621
"CGGTTAGCACTTCGTA-1","0","Stat3",0.622127553362068
"CGGTTATGTTGGTGAA-1","8","Stat3",0
"CGGTTCTCAATGACAC-1","0","Stat3",0
"CGGTTCTCATAGGGCC-1","6","Stat3",0
"CGTAAAGGTGATCCGC-1","11","Stat3",0
"CGTAAATTCCGCTGGA-1","4","Stat3",0
"CGTAAATTCCGGATAC-1","9","Stat3",0
"CGTAAATTCGCTCCTA-1","15","Stat3",0
"CGTAACATCTCACTCG-1","8","Stat3",0
"CGTACAGCACCTTGCG-1","5","Stat3",1.05536023524792
"CGTACCCTCATGTGCA-1","0","Stat3",0
"CGTACCCTCGACTACA-1","0","Stat3",0
"CGTACTAAGTCGATTG-1","1","Stat3",0.681745445091122
"CGTACTGGTAAGTAAC-1","4","Stat3",2.49616449684084
"CGTAGGCCACTACCTA-1","9","Stat3",0
"CGTAGGGGTGACCGAG-1","3","Stat3",0
"CGTAGGGGTTGTGCGC-1","13","Stat3",1.23970380573974
"CGTAGGTTCAGGCAGA-1","1","Stat3",0
"CGTAGGTTCGCATCCC-1","2","Stat3",0
"CGTAGTCAGCAGGCAA-1","5","Stat3",0
"CGTAGTCAGGCAATCC-1","1","Stat3",0
"CGTATATAGGATACTT-1","5","Stat3",0
"CGTATTAGTATGTGAG-1","12","Stat3",0
"CGTATTAGTCAGGGCA-1","13","Stat3",0
"CGTATTGAGGTATAGA-1","10","Stat3",2.55103226779478
"CGTCAATGTGCGCAAG-1","2","Stat3",0
"CGTCAATGTTAGTGTC-1","9","Stat3",0.749267068083766
"CGTCACCTCCATTAGG-1","6","Stat3",0
"CGTCAGTAGGTGCAAG-1","2","Stat3",0
"CGTCCGTTCCATGAAT-1","4","Stat3",0
"CGTCCTGCAAGCATCG-1","14","Stat3",0
"CGTCCTTGTTGTAACC-1","1","Stat3",0.716648443332939
"CGTCGCTTCATGATCG-1","5","Stat3",0
"CGTCGTAGTCTTGGGC-1","3","Stat3",0
"CGTCGTAGTTTCAGCG-1","14","Stat3",0
"CGTCGTTCAAGTTCGG-1","11","Stat3",0
"CGTGAAAGTGGCTACC-1","2","Stat3",0
"CGTGAAAGTTGTGCAT-1","6","Stat3",0
"CGTGAGAAGGTTAGTT-1","1","Stat3",1.40033189798098
"CGTGAGAAGGTTGGAG-1","0","Stat3",0
"CGTGAGGGTGAGTGAC-1","4","Stat3",0
"CGTGATGCACTACCGT-1","3","Stat3",1.36874194744574
"CGTGATTGTAATGAAC-1","1","Stat3",0
"CGTGATTGTTGACTAC-1","11","Stat3",0
"CGTGCCTTCAGGTCGT-1","10","Stat3",0
"CGTGCCTTCCAGATGC-1","1","Stat3",0
"CGTGCTAGTAAGTGAT-1","7","Stat3",0.70859742906435
"CGTGCTGAGTTGGGCT-1","3","Stat3",0
"CGTGGATTCCATTGAG-1","11","Stat3",0
"CGTGGATTCTGGCCTC-1","10","Stat3",0
"CGTGGGTCAATGGAGA-1","8","Stat3",0
"CGTGGGTCAATGTCGG-1","9","Stat3",0
"CGTGGGTCACAACGGC-1","12","Stat3",0
"CGTGGGTCAGCATGGC-1","8","Stat3",0
"CGTGTATGTAAGCCAA-1","1","Stat3",0
"CGTGTCAGTCTAGCGC-1","4","Stat3",0
"CGTGTCAGTGCAGGCA-1","5","Stat3",0
"CGTGTTAAGCAATCGC-1","4","Stat3",0
"CGTGTTGGTTCCTGTC-1","2","Stat3",1.4222967043771
"CGTTAATAGCGATTCA-1","4","Stat3",0
"CGTTACAAGGTCCAAC-1","0","Stat3",0
"CGTTACCCAAATGCGT-1","7","Stat3",0
"CGTTATAGTTCGCAAT-1","6","Stat3",0
"CGTTATAGTTTGAGAG-1","4","Stat3",0
"CGTTATGAGGATGGGC-1","5","Stat3",0
"CGTTATGAGGTAGCTC-1","12","Stat3",2.16380110062117
"CGTTATGAGTCGCAGT-1","1","Stat3",0
"CGTTCCATCCGTCAGG-1","0","Stat3",1.05548235836034
"CGTTCCGCAGGCATTG-1","11","Stat3",0
"CGTTCCGCAGTTGCGA-1","2","Stat3",0
"CGTTCCTGTAATCACC-1","11","Stat3",0
"CGTTCCTGTAGTGCCC-1","0","Stat3",0
"CGTTCCTGTTGCTATA-1","0","Stat3",0
"CGTTCGCTCAATCACG-1","2","Stat3",0
"CGTTCGCTCCGTGTGG-1","8","Stat3",0
"CGTTGGACAAATCCAA-1","9","Stat3",0
"CGTTGGACAACGTGCA-1","3","Stat3",0
"CGTTGTCCAAATCAGC-1","4","Stat3",0
"CGTTGTCCAGGCATAT-1","8","Stat3",0
"CGTTTAAGTTGACCTG-1","9","Stat3",0
"CGTTTCACAAGCCGGT-1","1","Stat3",1.35013839524114
"CGTTTCACAATCCTTG-1","1","Stat3",0
"CGTTTCCGTAATCCGT-1","13","Stat3",0
"CGTTTCCGTGAGATCA-1","2","Stat3",0.776942237852032
"CGTTTGAAGGTAGACG-1","8","Stat3",0
"CTAAACCGTAAGCTGA-1","15","Stat3",0
"CTAAACCGTGACTTCG-1","3","Stat3",0
"CTAAAGCCATTCGGTC-1","5","Stat3",0
"CTAAAGGGTAGCGAGT-1","7","Stat3",0
"CTAAAGGGTTGGTTCG-1","0","Stat3",0.638255912977309
"CTAACATAGGTCAAGG-1","3","Stat3",0
"CTAACATAGTAGAGCG-1","3","Stat3",0
"CTAACCAAGGTACTTG-1","11","Stat3",0
"CTAACCTTCGACTTAG-1","2","Stat3",0
"CTAACCTTCGTGCAAC-1","11","Stat3",0
"CTAACGATCCGTGTCC-1","4","Stat3",0
"CTAAGCATCACGTGTA-1","1","Stat3",0.682180486764534
"CTAAGCCAGATAGGCG-1","2","Stat3",0
"CTAAGCCAGCTATACG-1","15","Stat3",0
"CTAAGCCAGGCTCAGT-1","0","Stat3",0
"CTAAGCCAGGTAATTC-1","14","Stat3",0
"CTAAGGCTCATGATCG-1","3","Stat3",0.765077585714767
"CTAATCCTCCAGGGAA-1","3","Stat3",0.728645141190988
"CTAATCTCAAGTGGAA-1","4","Stat3",1.95975120046718
"CTAATCTCACAACCTC-1","10","Stat3",0
"CTAATCTCACCTCGTG-1","4","Stat3",0
"CTAATTGGTCTCACGA-1","3","Stat3",0
"CTACACAAGGATATAG-1","3","Stat3",0
"CTACACCCACCTCAGT-1","4","Stat3",0
"CTACACCCATAAGCCG-1","9","Stat3",1.27777933687209
"CTACAGGCAACCCTAC-1","0","Stat3",0.561173797222564
"CTACAGGCAGGTTGGC-1","5","Stat3",0
"CTACAGGCATAATCAG-1","7","Stat3",0.478520494751783
"CTACAGGCATTGGCCT-1","2","Stat3",0
"CTACATGAGGCAAGTG-1","8","Stat3",0
"CTACCAAAGCGCTCCT-1","4","Stat3",0
"CTACCAAAGGCTCTCC-1","6","Stat3",0
"CTACCCGCAAGTGTGT-1","6","Stat3",0.644083446104418
"CTACCCGCAATTACAG-1","6","Stat3",0.712440383494624
"CTACCCTGTGAAGTGC-1","0","Stat3",0
"CTACCGCTCGTGCGTG-1","3","Stat3",0
"CTACGATGTTGAGTAG-1","8","Stat3",0
"CTACGGACAGGGCTAC-1","0","Stat3",0
"CTACGGGTCGACTATG-1","11","Stat3",0
"CTACGGGTCTCACCGC-1","5","Stat3",0
"CTACGTCCAAGCTCGA-1","0","Stat3",0
"CTACGTCCATGGAACT-1","7","Stat3",0
"CTACGTTTCACTCTGT-1","5","Stat3",0
"CTACGTTTCAGGAGAT-1","1","Stat3",0
"CTACGTTTCTGGTGTA-1","2","Stat3",0
"CTACTCACATGGCCTT-1","3","Stat3",0
"CTACTCCGTATTGCAC-1","2","Stat3",0
"CTACTGTTCACAGCGT-1","1","Stat3",0.577315365034824
"CTACTGTTCATAGATC-1","3","Stat3",0
"CTACTTATCAGGTCTA-1","2","Stat3",0.923201024215544
"CTACTTATCTGGCTCC-1","4","Stat3",0
"CTACTTGCACTCGGTT-1","2","Stat3",0
"CTACTTGCATAAGTCA-1","2","Stat3",0
"CTAGAACCAAACCTGG-1","3","Stat3",0
"CTAGAACCAGGATAGA-1","14","Stat3",0
"CTAGATTAGTGAGCGA-1","12","Stat3",0
"CTAGCGCGTTCTGTCC-1","1","Stat3",0
"CTAGCTGGTGAGAGGA-1","12","Stat3",2.3719407104721
"CTAGGTCAGCTAGCGT-1","9","Stat3",0
"CTAGGTCAGTGTCCTT-1","12","Stat3",0
"CTAGGTTGTCTAGAGA-1","4","Stat3",0
"CTAGGTTGTGCAAGGT-1","3","Stat3",0
"CTAGTCAAGGATCCAC-1","2","Stat3",0
"CTATAGGTCCAGAGGA-1","6","Stat3",0.849743409943838
"CTATCATCAAGCACAT-1","5","Stat3",0
"CTATCATCAAGGTATC-1","15","Stat3",0
"CTATCATCACAGCAGC-1","5","Stat3",0.870263501828717
"CTATCATCATTACTCG-1","4","Stat3",0
"CTATCGAAGGGGACTA-1","5","Stat3",0
"CTATCTATCTGGAAGG-1","6","Stat3",0
"CTATGCTTCCCTTGAT-1","2","Stat3",0
"CTATGGATCAGGCAGA-1","10","Stat3",0
"CTATGTGAGCCACACG-1","4","Stat3",0
"CTATGTGAGGCAAGCA-1","2","Stat3",0
"CTATGTGAGTACGGTC-1","7","Stat3",0
"CTATGTTCATGCAGTG-1","2","Stat3",0.969259513464315
"CTATTCATCTAGCCGG-1","0","Stat3",0
"CTATTCGCATCACTCA-1","3","Stat3",0.626596995749854
"CTATTGAGTTATGTCA-1","1","Stat3",0
"CTCAACTTCACCTCGC-1","3","Stat3",0
"CTCACACCAAACTCAA-1","9","Stat3",0
"CTCACATTCACTTGAG-1","1","Stat3",0
"CTCAGGTAGGTTCCGG-1","1","Stat3",0.988338727613885
"CTCAGGTAGTTGCGGT-1","5","Stat3",1.2504463789033
"CTCAGTAAGGATAGCG-1","7","Stat3",0
"CTCAGTTTCCATCCTG-1","4","Stat3",0
"CTCATAAGTTAACGAG-1","4","Stat3",0
"CTCATAAGTTAATGCC-1","3","Stat3",0
"CTCATAAGTTAGTGTC-1","6","Stat3",1.76137563002303
"CTCATAGAGCTATGTG-1","7","Stat3",0
"CTCATAGAGTATGTCG-1","2","Stat3",0.98791533887853
"CTCATCCGTCTTGCTC-1","10","Stat3",0
"CTCATGAAGCGATAGG-1","13","Stat3",0
"CTCATTCAGCCAGAGA-1","8","Stat3",0
"CTCATTCAGTAATGGA-1","2","Stat3",1.41281948847807
"CTCATTCAGTGCCTGG-1","8","Stat3",0
"CTCATTGCATAACGGT-1","6","Stat3",0
"CTCCAAGGTAGGCGCA-1","5","Stat3",1.95505129584018
"CTCCAATTCCATAGAT-1","6","Stat3",0
"CTCCAATTCGATGCCG-1","12","Stat3",1.93047041241648
"CTCCAATTCGATGCGT-1","6","Stat3",0
"CTCCAGCTCATCAAGT-1","0","Stat3",0.528824838863125
"CTCCAGCTCCAGATAT-1","1","Stat3",0
"CTCCCAATCATATCCC-1","0","Stat3",0
"CTCCCACAGCGGTTAC-1","2","Stat3",0
"CTCCCACAGGGCAGGT-1","10","Stat3",1.71708908713297
"CTCCCTAAGTAAGCGG-1","9","Stat3",0.90753111829544
"CTCCCTGGTAACGGCG-1","10","Stat3",0
"CTCCCTGGTCAATCAC-1","16","Stat3",0
"CTCCCTGGTCATTGCG-1","6","Stat3",0
"CTCCCTGGTGAGCCGA-1","10","Stat3",0
"CTCCGTTGTTCACGCA-1","6","Stat3",0
"CTCCTAGTCTGGCACG-1","15","Stat3",0
"CTCCTGATCACCTAAG-1","11","Stat3",0
"CTCCTGATCCCGTTCA-1","0","Stat3",0.711752846528958
"CTCCTTAGTAATGCTC-1","10","Stat3",0
"CTCCTTAGTATGTGTC-1","1","Stat3",0
"CTCCTTAGTTGCATGT-1","6","Stat3",1.16337085601627
"CTCGAACAGCCTAAGC-1","9","Stat3",0
"CTCGAATGTCATGATC-1","0","Stat3",0
"CTCGAATGTGAACCTT-1","0","Stat3",0
"CTCGAATGTTCAAGGA-1","5","Stat3",0
"CTCGACTCAATCCCGT-1","0","Stat3",0
"CTCGATCCAAATCCTT-1","5","Stat3",0
"CTCGATCCAACTAAGC-1","3","Stat3",0
"CTCGATTTCAGCCAGT-1","4","Stat3",0
"CTCGATTTCCTCACCA-1","2","Stat3",0
"CTCGCGAAGCTACCAA-1","14","Stat3",0
"CTCGCTATCGCGCCAA-1","14","Stat3",0
"CTCGCTGCATCCCAGT-1","2","Stat3",0.361765916195661
"CTCGGATAGCCCTGAG-1","12","Stat3",0
"CTCGGATAGGTGCGTT-1","2","Stat3",1.25000198739536
"CTCGTAGGTAACCGAA-1","5","Stat3",0
"CTCGTTACAAACTAGC-1","0","Stat3",0.86633119627402
"CTCGTTACACTCGCTG-1","5","Stat3",0
"CTCTAGAAGCAAGGAT-1","10","Stat3",0
"CTCTAGAAGCCCTTGC-1","2","Stat3",0
"CTCTAGCCAAGCACAT-1","2","Stat3",0
"CTCTAGCCAGGCATTG-1","2","Stat3",0
"CTCTAGCCATCCTCAA-1","8","Stat3",1.4168293233109
"CTCTATATCGCATGGT-1","0","Stat3",0
"CTCTATTGTAATCCTA-1","0","Stat3",0.765815682190171
"CTCTATTGTTAACGCT-1","1","Stat3",0
"CTCTGACCATGATCGG-1","8","Stat3",0
"CTCTGATTCATGCAAT-1","8","Stat3",0
"CTCTGCATCCAGGCCA-1","2","Stat3",0.822418843505439
"CTCTGCATCGCGCCTT-1","0","Stat3",0
"CTCTGCATCGTTCCAT-1","7","Stat3",0.701346851950654
"CTCTGGTCAGGGCAGA-1","8","Stat3",0
"CTCTGTTAGTTGCCGG-1","15","Stat3",0
"CTCTTAATCATGTCCT-1","2","Stat3",0
"CTCTTAATCCATTCCG-1","10","Stat3",0
"CTCTTAATCCGTGATA-1","10","Stat3",0
"CTCTTGGTCAGGGATG-1","13","Stat3",0
"CTGAAAGGTTTACTTC-1","10","Stat3",0
"CTGAATGTCCATTGAG-1","2","Stat3",1.11735774384135
"CTGAATGTCGTGAACC-1","7","Stat3",0
"CTGACAATCACCTGCC-1","5","Stat3",0
"CTGACAATCTGTGAAT-1","0","Stat3",0
"CTGACACAGCGATGTC-1","1","Stat3",0
"CTGACCAGTTAACCCG-1","9","Stat3",0
"CTGACCAGTTGAGGTA-1","2","Stat3",0
"CTGACCAGTTGCTCGA-1","5","Stat3",0
"CTGACCCTCACCTGCC-1","5","Stat3",0
"CTGACGTAGGATCTGC-1","8","Stat3",0
"CTGACGTAGTACGCTA-1","9","Stat3",0
"CTGACGTAGTACGGTC-1","6","Stat3",0.502874078169968
"CTGATCAAGGATCAGG-1","8","Stat3",0
"CTGATCAAGGCATGTC-1","13","Stat3",0
"CTGATTAGTAGTTAGG-1","10","Stat3",0
"CTGATTAGTGAGCCGA-1","1","Stat3",0
"CTGATTGAGGCTCAGT-1","5","Stat3",0
"CTGATTTCAATGAGTC-1","0","Stat3",1.11999401022154
"CTGCAACAGCGCTGAT-1","10","Stat3",0
"CTGCAATGTGAAGCGT-1","1","Stat3",0
"CTGCAATGTTGAGTTC-1","3","Stat3",0.788152030169104
"CTGCAATGTTTCGAGT-1","4","Stat3",0
"CTGCACCTCCCTGTGC-1","8","Stat3",0
"CTGCATCCAACTGTGG-1","5","Stat3",0
"CTGCATCCAAGCTCCT-1","2","Stat3",0
"CTGCATCCAATCCGCT-1","3","Stat3",0
"CTGCATCCATGACACG-1","1","Stat3",0
"CTGCATGGTCCATTCC-1","0","Stat3",1.30768372708065
"CTGCCATCAAGCTAAC-1","5","Stat3",0.543287155202983
"CTGCCTGCAATCTGCC-1","5","Stat3",0
"CTGCCTGCACTTCAGC-1","6","Stat3",0.623569874496795
"CTGCCTTGTGACCGAG-1","9","Stat3",0
"CTGCGCAAGGTATAGA-1","8","Stat3",0
"CTGCGGATCCCAATGA-1","0","Stat3",0
"CTGCGTAGTTTGAGCT-1","1","Stat3",0.860936196540116
"CTGCTAAAGCGCCATG-1","7","Stat3",0
"CTGCTGCTCACTCGAA-1","3","Stat3",0
"CTGCTGCTCCGTCATT-1","4","Stat3",0
"CTGCTGCTCGCATGAC-1","8","Stat3",0
"CTGCTGCTCGCGCAAT-1","0","Stat3",0
"CTGGAAAGTGAGCCAG-1","10","Stat3",0
"CTGGACTAGGCACATC-1","10","Stat3",0
"CTGGATGCAACCTGAG-1","2","Stat3",0
"CTGGATGCAAGCTGGC-1","11","Stat3",0
"CTGGATGCACCATTGC-1","8","Stat3",0
"CTGGCAACAATGCCCT-1","2","Stat3",0.570611756154316
"CTGGCCAAGCAAGCCT-1","14","Stat3",0
"CTGGCCAAGCCTCTGC-1","7","Stat3",0
"CTGGCCAAGTCGACCG-1","5","Stat3",0
"CTGGCCAAGTCGATGC-1","8","Stat3",0
"CTGGCTAGTTCTGTCC-1","1","Stat3",0
"CTGGGCATCGTAGTAT-1","2","Stat3",0
"CTGGTAATCCAACTAG-1","9","Stat3",0
"CTGGTAATCCATCAAG-1","6","Stat3",0.741241361258363
"CTGGTCAGTTAATGGG-1","8","Stat3",0
"CTGGTCAGTTTAGTGC-1","7","Stat3",0
"CTGGTTAAGGAGTCAG-1","2","Stat3",0.626840476932007
"CTGTAACGTGAACGAC-1","2","Stat3",0
"CTGTAATAGTAATCGT-1","1","Stat3",0
"CTGTAATAGTAGTAAG-1","2","Stat3",0
"CTGTAATAGTGCAACC-1","6","Stat3",0.826734827227742
"CTGTACCCAAACTTAG-1","0","Stat3",0
"CTGTACCCACCTGTGT-1","7","Stat3",0.479151480283748
"CTGTACGGTTTGCAGT-1","9","Stat3",1.37422924956805
"CTGTACTTCAATTCCC-1","2","Stat3",0.729144848755868
"CTGTACTTCATGCACA-1","4","Stat3",0
"CTGTCCATCCGTCCGT-1","0","Stat3",0
"CTGTCCATCGCTCAGG-1","10","Stat3",0
"CTGTGATGTGCGGTAG-1","5","Stat3",0
"CTGTGCCTCATCTGTC-1","9","Stat3",0
"CTGTGGACAATATGGC-1","12","Stat3",0
"CTGTTAAGTTTCGAGT-1","6","Stat3",0
"CTGTTGAAGATAGCTT-1","7","Stat3",0
"CTGTTGAAGGTAGGCA-1","3","Stat3",0
"CTTAACCTCCGGACAT-1","14","Stat3",0
"CTTAATCCATGACCGA-1","14","Stat3",0
"CTTAATGGTGCGAGTG-1","3","Stat3",0
"CTTAATGGTTTGCCAG-1","10","Stat3",0
"CTTACAAGTCTGGTTG-1","1","Stat3",0
"CTTACGAAGCAGTTCA-1","0","Stat3",0
"CTTACGAAGGTACGGA-1","5","Stat3",0
"CTTACGAAGTAAGGAC-1","3","Stat3",0
"CTTACGAAGTACGCTA-1","6","Stat3",0
"CTTACGGGTGATCAAG-1","1","Stat3",0
"CTTACGTTCTTGATGG-1","6","Stat3",0.858892193168123
"CTTACTATCCATGCTT-1","13","Stat3",0
"CTTACTATCCTTGAGA-1","7","Stat3",0
"CTTAGCAAGCTAACTG-1","0","Stat3",0
"CTTAGGATCCCCTTGA-1","8","Stat3",2.07979162045113
"CTTAGTAGTGATAGGC-1","10","Stat3",0
"CTTAGTAGTGGGTTGG-1","1","Stat3",0
"CTTAGTAGTTTACCGG-1","2","Stat3",0
"CTTAGTGAGGCGTAGA-1","14","Stat3",0
"CTTATCGCAAGCGTGC-1","1","Stat3",0
"CTTATCGCATCCGTAC-1","3","Stat3",0.745522511994528
"CTTATCGCATGCTTGC-1","3","Stat3",0.767234548898252
"CTTATCTGTGCGTACC-1","5","Stat3",0.766740405185958
"CTTATGCTCCTTCACG-1","13","Stat3",0
"CTTATGCTCTATCGAG-1","8","Stat3",0
"CTTCAATCAGGTTCGA-1","0","Stat3",0
"CTTCAATCATTGGAGT-1","13","Stat3",0
"CTTCACTAGTAGGTAA-1","11","Stat3",0
"CTTCAGCCAAACCCGA-1","5","Stat3",0
"CTTCATCAGGGCTAGA-1","3","Stat3",0
"CTTCATCAGTCGATAT-1","10","Stat3",0
"CTTCATCAGTGCGGTT-1","4","Stat3",0
"CTTCGAGGTGAGTTGA-1","7","Stat3",0.45252604102711
"CTTCGATTCTAATGCG-1","3","Stat3",0
"CTTCGCATCGAGGTCT-1","12","Stat3",0
"CTTCGCGCAAGGTAAG-1","8","Stat3",1.48296601152254
"CTTCGCGCAGGATCTG-1","3","Stat3",0.96135890776752
"CTTCGCGCAGTAAGCT-1","3","Stat3",0.951005167809403
"CTTCGGTCAAGTGGAA-1","7","Stat3",0
"CTTCGTTAGCGACTGT-1","3","Stat3",0
"CTTCTATGTGAAGCGT-1","7","Stat3",0
"CTTCTATGTTTAGTTG-1","8","Stat3",2.66465747126812
"CTTCTGGTCACAGGGA-1","6","Stat3",0
"CTTCTGGTCTGGTCAA-1","2","Stat3",0
"CTTGAATAGGCGTACT-1","12","Stat3",0
"CTTGAATAGTAACCTG-1","1","Stat3",0
"CTTGAATAGTATGGAA-1","3","Stat3",0.840274325425812
"CTTGACCCATCCGCTG-1","8","Stat3",0
"CTTGAGGCAACCTCGT-1","2","Stat3",0
"CTTGATAGTAGCCTGC-1","6","Stat3",0
"CTTGATGAGGCGCATT-1","4","Stat3",0
"CTTGCAAAGATTAAGG-1","0","Stat3",0
"CTTGCAAAGGAGCTTC-1","5","Stat3",0
"CTTGCAAAGGCAAGGC-1","11","Stat3",0
"CTTGCAAAGTGAGCAG-1","2","Stat3",0.641347457595214
"CTTGCCATCCAGCTCC-1","11","Stat3",0.439759353236434
"CTTGCCTGTTATCTCT-1","11","Stat3",0
"CTTGCGGAGTAGCGTC-1","7","Stat3",0
"CTTGCTTAGCGCTTCC-1","5","Stat3",0
"CTTGCTTAGGGTCACT-1","7","Stat3",0
"CTTGCTTAGTCGCGTG-1","11","Stat3",0
"CTTGGATGTGGACCCT-1","7","Stat3",0
"CTTGGCTCATCAATTC-1","4","Stat3",0
"CTTGGCTCATGCGTAG-1","9","Stat3",0
"CTTGGGACACTTACGC-1","9","Stat3",0
"CTTGGGACATCAATCT-1","3","Stat3",0.474127658472796
"CTTGGGACATGACCTC-1","5","Stat3",0
"CTTGGGCGTCTCCAGA-1","5","Stat3",0
"CTTGGGGTCTTGATGG-1","3","Stat3",0
"CTTGGGTAGGTGAGGC-1","0","Stat3",0
"CTTGGTAAGGTGACGA-1","1","Stat3",0
"CTTGGTAAGTTGCTCT-1","4","Stat3",0
"CTTGTGAAGGTACGTC-1","0","Stat3",0
"CTTGTGTTCACTGGTA-1","4","Stat3",0
"CTTGTGTTCCCTCACA-1","5","Stat3",0.683052302268629
"CTTGTGTTCTCATGCT-1","0","Stat3",0
"GCAAACCTCTAATGGT-1","5","Stat3",0
"GCAACATCAATGGGCC-1","11","Stat3",0
"GCAACGGGTTCCGCTT-1","5","Stat3",0
"GCAACGGGTTTGGTAC-1","11","Stat3",0
"GCAACGTTCAATCTCC-1","2","Stat3",0
"GCAACGTTCAGCCCGA-1","13","Stat3",0
"GCAACGTTCCGCCTTA-1","7","Stat3",0
"GCAACTATCATGTGCA-1","5","Stat3",0
"GCAACTATCGACCCGA-1","2","Stat3",0
"GCAAGCAAGCGCTCAG-1","12","Stat3",0
"GCAAGCAAGCTGGATC-1","14","Stat3",0
"GCAAGCTTCAAGTAAG-1","11","Stat3",0
"GCAATAGGTTCGGTTG-1","2","Stat3",0.663476800678727
"GCAATAGGTTGCTATA-1","10","Stat3",0
"GCAATATTCAATCTGG-1","11","Stat3",0
"GCAATATTCCCAGACG-1","0","Stat3",0.989239731520323
"GCAATATTCCGTATAG-1","6","Stat3",1.2601933135556
"GCAATCGCAATGTCAA-1","0","Stat3",0
"GCAATCTGTTCGAGCC-1","1","Stat3",0
"GCAATTTAGTGAACTT-1","2","Stat3",0
"GCACAATCAACCTGTC-1","11","Stat3",0
"GCACAATCAATACCTT-1","9","Stat3",0
"GCACACTAGCGATCAC-1","3","Stat3",0
"GCACAGCCAACTGCCT-1","1","Stat3",0.757055833913537
"GCACCATAGAATCCAT-1","4","Stat3",0
"GCACCATAGGGGTTAG-1","1","Stat3",0
"GCACCATAGGTCGATC-1","4","Stat3",0
"GCACCATAGTTACAGT-1","3","Stat3",0
"GCACCATAGTTGGTAT-1","10","Stat3",0
"GCACCGATCCATCTCG-1","7","Stat3",0
"GCACCGATCCTCATAC-1","11","Stat3",0
"GCACGAGGTAGCTCGC-1","10","Stat3",0
"GCACGAGGTCCATACG-1","6","Stat3",0
"GCACGATTCCGTCCAC-1","1","Stat3",0.585484862283409
"GCACGATTCTATCGCT-1","8","Stat3",0
"GCACGGTCAACCTCGT-1","8","Stat3",0
"GCACGGTCATAGAGCT-1","0","Stat3",1.59456539718024
"GCACTAATCACCTGAA-1","7","Stat3",0.376893947012883
"GCACTAGCACAACGTG-1","0","Stat3",0.750150399241671
"GCACTATGTTGCTTGG-1","3","Stat3",1.16359787551459
"GCACTCCTCTCATTGC-1","7","Stat3",0.543256907654564
"GCACTGGTCACCTAGA-1","15","Stat3",0
"GCACTGGTCCGGGCTA-1","3","Stat3",0
"GCACTGGTCCGTCACC-1","10","Stat3",0
"GCACTTGGTAGCGCGA-1","10","Stat3",0
"GCACTTGGTTGGTTCG-1","5","Stat3",0
"GCAGCCATCCATAGTG-1","0","Stat3",0
"GCAGGATGTGCAGGAT-1","4","Stat3",0
"GCAGGGTAGAACGGCA-1","2","Stat3",0
"GCAGGGTAGCAGGGAC-1","8","Stat3",0
"GCAGGGTAGGGTCAAG-1","9","Stat3",0
"GCAGTAAGTAGCGAGT-1","3","Stat3",0.814208015913694
"GCAGTAAGTCAAGGCG-1","10","Stat3",0
"GCAGTAAGTCATTCCC-1","8","Stat3",0
"GCAGTAAGTGAGGTGT-1","3","Stat3",0.736954472758848
"GCATAACCAATCTACT-1","3","Stat3",0
"GCATAACCAGGTTCCT-1","3","Stat3",0.377325662362102
"GCATAACCATCCCAAC-1","8","Stat3",0
"GCATAAGGTTAAGTGG-1","1","Stat3",0
"GCATAGCTCAGCGGTT-1","5","Stat3",0
"GCATAGCTCCGGTATA-1","3","Stat3",0
"GCATAGTCAAGTGCGC-1","1","Stat3",0
"GCATAGTCACAGCGGT-1","1","Stat3",0
"GCATCACAGCGAATGG-1","4","Stat3",0
"GCATCACAGTAAGCAA-1","10","Stat3",2.22988054031027
"GCATCAGCACTTCACA-1","0","Stat3",1.01881537182781
"GCATCCCTCACAGAGG-1","11","Stat3",0
"GCATCCCTCCGGGTAT-1","4","Stat3",0
"GCATCCCTCGATGGCT-1","4","Stat3",1.63887585171395
"GCATCCTCATTCATCG-1","11","Stat3",0.417535478288185
"GCATCTAAGCCTCTCA-1","1","Stat3",0
"GCATGGGGTGCGCAAG-1","4","Stat3",0
"GCATGGGGTTGGACCC-1","1","Stat3",0.615408560208106
"GCATGGGGTTGTCCGA-1","11","Stat3",0
"GCATGGTTCCAGATTG-1","7","Stat3",0
"GCATGGTTCCGCTGGA-1","2","Stat3",0
"GCATGGTTCGTTAGAT-1","0","Stat3",0
"GCATGTCAGGCTTGGT-1","1","Stat3",0.476591358555697
"GCATGTTGTTGTAGAG-1","1","Stat3",0
"GCATTATAGGATAGTA-1","2","Stat3",0.597440453572552
"GCATTCAAGTCGCAGT-1","1","Stat3",0.612104874050562
"GCATTTGAGCATTGAT-1","5","Stat3",0
"GCATTTGAGTGATGCC-1","4","Stat3",0
"GCCAACTAGTGTCAAT-1","14","Stat3",0
"GCCAAGCCAGTAATCA-1","6","Stat3",0.732999847302301
"GCCAATATCGAATGAA-1","8","Stat3",0
"GCCAATGCAAGTCGCA-1","13","Stat3",0
"GCCACATAGCCAGTAC-1","0","Stat3",0.848824578241004
"GCCACATAGGTGCTCG-1","6","Stat3",0
"GCCACCTTCCCAGATA-1","8","Stat3",0
"GCCACCTTCTCATCCG-1","1","Stat3",0
"GCCACTTCAAACTGAC-1","8","Stat3",1.12124756103307
"GCCACTTCAATACATG-1","2","Stat3",0
"GCCACTTCATTACTGT-1","3","Stat3",0
"GCCATATGTTCGCTGA-1","0","Stat3",0.740437188944116
"GCCATCAGTGAACCGG-1","7","Stat3",0.670866578822798
"GCCATCCTCGATACAT-1","0","Stat3",0
"GCCATGGTCATGTGTG-1","10","Stat3",0
"GCCATTCCAGCTCAAG-1","6","Stat3",0
"GCCATTCCAGGAGCAG-1","1","Stat3",0
"GCCCAAGTCTAACCGA-1","0","Stat3",0
"GCCCAATAGCGCTGTG-1","5","Stat3",0
"GCCCAATAGGATGAGT-1","10","Stat3",1.83645580532502
"GCCCACTTCAGTTGAT-1","2","Stat3",0
"GCCCATAGTAGCCAGG-1","10","Stat3",0
"GCCCATTCAAGCGGTC-1","8","Stat3",0
"GCCCATTCAGGCTCAA-1","1","Stat3",0
"GCCCCATTCAGTTGCA-1","6","Stat3",0
"GCCCCATTCCTGAATG-1","3","Stat3",0
"GCCCCATTCGTGCCGA-1","11","Stat3",0
"GCCCCTTAGGAACCCT-1","10","Stat3",0
"GCCCGTAAGTGCAACC-1","11","Stat3",0
"GCCCTAAGTTGTAACC-1","1","Stat3",0
"GCCCTAGAGGTTACTG-1","3","Stat3",0
"GCCCTCACATGCAGAT-1","14","Stat3",0
"GCCCTGAAGAACGGAT-1","4","Stat3",0
"GCCGAACCATTACGAA-1","14","Stat3",1.35268449084121
"GCCGAGTCAAGCATGT-1","12","Stat3",0
"GCCGATTAGGTTAGTT-1","12","Stat3",0
"GCCGATTAGTCTAGGC-1","12","Stat3",0
"GCCGCTAAGCCTGCGA-1","4","Stat3",0
"GCCGGTTGTAGGTGTA-1","14","Stat3",0.808645355533459
"GCCGTACGTGAGGTGT-1","12","Stat3",0
"GCCGTACGTTGCTTCC-1","1","Stat3",0
"GCCGTAGTCGCGACTG-1","9","Stat3",0.923429730068741
"GCCGTCAAGTGCCCGA-1","3","Stat3",0
"GCCGTCAAGTTAGCTG-1","14","Stat3",2.08779874888656
"GCCGTTAGTGAGCCGA-1","15","Stat3",0
"GCCGTTAGTGCGGTAG-1","6","Stat3",0.843657355797664
"GCCGTTGAGGCAAGCA-1","4","Stat3",0
"GCCTAAATCGTTCGGG-1","5","Stat3",0
"GCCTAACAGGTTAGCC-1","13","Stat3",0
"GCCTAACAGGTTGCGT-1","1","Stat3",0
"GCCTAATGTCTGGGTC-1","2","Stat3",0
"GCCTACCTCCCAGACG-1","10","Stat3",2.30755012237667
"GCCTACTCAAGTTAGC-1","6","Stat3",0.696968969381482
"GCCTACTCAGCATGGC-1","4","Stat3",0
"GCCTATGGTCAGTTCG-1","0","Stat3",0
"GCCTATGGTTCGCTCT-1","8","Stat3",1.41943804993247
"GCCTCATCATAATCGA-1","5","Stat3",0
"GCCTGATAGCCAGTAC-1","6","Stat3",0
"GCCTGATAGTCATGTG-1","3","Stat3",0
"GCCTGATAGTGGCTAC-1","1","Stat3",0.823636867485443
"GCCTGCAAGTTACCTC-1","7","Stat3",0
"GCCTGCTTCCGCTAGG-1","3","Stat3",0
"GCCTGGATCTATCTGC-1","8","Stat3",0
"GCCTGGATCTTGACAG-1","11","Stat3",0
"GCCTGTGAGAAGCTGG-1","7","Stat3",0
"GCCTGTGAGCATCGCG-1","5","Stat3",0.832417690512704
"GCCTTCATCGCATGGT-1","0","Stat3",0
"GCCTTCATCGCGTTGG-1","3","Stat3",0.224082502017989
"GCCTTCATCTCACCTG-1","5","Stat3",0
"GCCTTGCTCACGTGTA-1","1","Stat3",0.92023883905048
"GCCTTGCTCCCTTGCA-1","1","Stat3",0
"GCGAATAGTTAGTGTC-1","11","Stat3",0
"GCGAATTCAAAGGAGC-1","5","Stat3",0
"GCGAATTCAGGCTATG-1","10","Stat3",1.38032419413339
"GCGAGTTTCTCACACT-1","6","Stat3",0
"GCGATCCGTAACCCAT-1","4","Stat3",0
"GCGATCCGTGCGTGGA-1","1","Stat3",0
"GCGATGAAGTAGGCAG-1","2","Stat3",0
"GCGATGTTCTCATGTC-1","4","Stat3",0
"GCGATTCAGTACGCAC-1","0","Stat3",0
"GCGCAAGGTAGTAACG-1","4","Stat3",0
"GCGCATTAGCCTGTCC-1","0","Stat3",0
"GCGCCAATCAGGTCAC-1","12","Stat3",0
"GCGCCTAAGCAATGAA-1","5","Stat3",0
"GCGCCTAAGCATGGGA-1","9","Stat3",0
"GCGCTAACAACCTGTC-1","7","Stat3",0.93596269245081
"GCGCTAACAAGGTAGA-1","15","Stat3",2.15734930541292
"GCGCTAACAATCGGTG-1","13","Stat3",0
"GCGCTAACACTAGGCA-1","3","Stat3",0
"GCGCTAACATCCTGTA-1","3","Stat3",0
"GCGCTCAAGCTAACTG-1","10","Stat3",2.21957791906369
"GCGCTTGAGGATACCC-1","8","Stat3",0
"GCGGAGACAATCGAAC-1","1","Stat3",0.549097504798399
"GCGGAGACAATTACAG-1","7","Stat3",0
"GCGGAGACACATACCC-1","0","Stat3",0
"GCGGAGTAGGATCTAT-1","12","Stat3",0
"GCGGCTTGTATGGGTA-1","5","Stat3",0.990302010931689
"GCGGCTTGTTCCAGTG-1","4","Stat3",0
"GCGGGATAGGATTAGA-1","8","Stat3",0
"GCGGGTAGTCAGTTCG-1","8","Stat3",0
"GCGGTAAAGGCTACGT-1","5","Stat3",0
"GCGGTAGGTTAGGTCT-1","4","Stat3",0
"GCGGTGAGTGAGGCCA-1","11","Stat3",0
"GCGTAAAGTAAGGTAT-1","13","Stat3",0.594441066508732
"GCGTAATCAAGGTGAA-1","14","Stat3",0
"GCGTAATCAGGTAGTT-1","13","Stat3",0.684169662562193
"GCGTAATCATTACCCA-1","5","Stat3",0
"GCGTAGCCAAACCAAC-1","9","Stat3",0
"GCGTAGCCAATAGGTC-1","8","Stat3",0
"GCGTGAAAGCAATTCG-1","4","Stat3",0
"GCGTGAGGTAGCCCTA-1","13","Stat3",0
"GCGTGAGGTATAGCCT-1","1","Stat3",0
"GCGTGAGGTCTGTGAT-1","0","Stat3",0.883705346479826
"GCGTGAGGTGGGTAAC-1","13","Stat3",0
"GCGTTAATCGCTCGCT-1","5","Stat3",0
"GCGTTCCTCAGGTAGG-1","4","Stat3",0
"GCGTTCTCATCCCAAC-1","6","Stat3",0
"GCGTTTCCACTTAATC-1","5","Stat3",0
"GCGTTTCCAGGATCTG-1","5","Stat3",0
"GCGTTTGGTTTCAGCG-1","5","Stat3",1.16999462987563
"GCTAAACCAAATCCTT-1","1","Stat3",0
"GCTAAACCACTCGCAT-1","3","Stat3",0
"GCTAAAGGTGGCTTCA-1","8","Stat3",1.39224877856195
"GCTAAATTCCGCCTGT-1","9","Stat3",0
"GCTAACATCACTGGGT-1","4","Stat3",0
"GCTAACATCTGTCAAG-1","2","Stat3",1.34298377871736
"GCTAAGTCACAATGCG-1","7","Stat3",0
"GCTACAGCAGGATACT-1","15","Stat3",0
"GCTACAGCAGGCTACA-1","2","Stat3",0.634653109701755
"GCTAGGCCAAACCCAG-1","3","Stat3",0
"GCTAGGCCATTCGGTC-1","3","Stat3",0
"GCTAGGTTCAATTGCG-1","16","Stat3",0
"GCTAGGTTCACCTGCC-1","7","Stat3",0
"GCTAGTCAGCTACCGG-1","11","Stat3",0
"GCTAGTCAGGATGGAT-1","0","Stat3",0
"GCTAGTTGTAATGCCT-1","2","Stat3",0
"GCTAGTTGTGAGTAAT-1","2","Stat3",0.796016458417185
"GCTATCCCAGGATCAT-1","0","Stat3",0
"GCTATCCCAGTACTCC-1","7","Stat3",0
"GCTATCCCATCGCGTT-1","11","Stat3",0
"GCTATTGAGGATCATT-1","7","Stat3",0
"GCTATTGAGTCATCTC-1","6","Stat3",0
"GCTCAAATCTAGTCGA-1","14","Stat3",0
"GCTCAATGTAGGCTGG-1","4","Stat3",1.12041151701069
"GCTCAATGTCAACGGG-1","5","Stat3",0
"GCTCACCTCATACTCC-1","2","Stat3",0
"GCTCAGGTCTAACCTC-1","15","Stat3",0
"GCTCAGGTCTAGTACG-1","5","Stat3",0
"GCTCAGTAGTAACGAA-1","3","Stat3",0.614004872830718
"GCTCATCCAGGACTCA-1","6","Stat3",0
"GCTCATCCAGGATAGA-1","13","Stat3",0.894422351789198
"GCTCCAAGTGAGACCG-1","8","Stat3",0
"GCTCCAAGTTGACTAC-1","5","Stat3",0.947558583336102
"GCTCCATCACCAATCC-1","0","Stat3",0
"GCTCCATCACTAACTT-1","12","Stat3",0
"GCTCCCACAAGCTGCA-1","5","Stat3",0.912408391623712
"GCTCCGTTCGATCAGC-1","9","Stat3",0.940316930375861
"GCTCCGTTCGCTCTGC-1","3","Stat3",0
"GCTCCTTGTAACTTCA-1","7","Stat3",1.25697531239211
"GCTCCTTGTAATGCAG-1","12","Stat3",0
"GCTCCTTGTATAGTGG-1","8","Stat3",0
"GCTCCTTGTGATAGCA-1","4","Stat3",0
"GCTCGATAGGTACGAG-1","13","Stat3",0
"GCTCGTTCACATGCTC-1","10","Stat3",2.39517245390798
"GCTCGTTCACTAATCT-1","3","Stat3",0.66581390378272
"GCTCGTTCAGGTAATC-1","0","Stat3",0
"GCTGAAAGTGGGAACT-1","3","Stat3",0
"GCTGAAAGTTAAGGAT-1","5","Stat3",0
"GCTGACTAGCGATCAC-1","0","Stat3",0
"GCTGACTAGCGGATCT-1","1","Stat3",0.82985750777271
"GCTGACTAGCTAGACC-1","2","Stat3",0.646757062046715
"GCTGAGAAGCAATCTG-1","2","Stat3",0
"GCTGAGAAGCGAGTGA-1","3","Stat3",0.884789788852023
"GCTGAGAAGCGATCTA-1","9","Stat3",0
"GCTGAGGGTCATCAAC-1","8","Stat3",0
"GCTGAGGGTTCCCTTA-1","3","Stat3",0
"GCTGAGGGTTTACTAG-1","0","Stat3",0
"GCTGATTGTCAACTGT-1","11","Stat3",0
"GCTGATTGTCCATCCT-1","9","Stat3",0
"GCTGATTGTGATTGAG-1","6","Stat3",0
"GCTGCCTTCCATCCAT-1","3","Stat3",0
"GCTGCCTTCCGTGCGA-1","4","Stat3",1.58462702995753
"GCTGCGATCGAACCTA-1","1","Stat3",0
"GCTGCTGAGATAGATG-1","11","Stat3",0
"GCTGCTGAGGGTCCTG-1","1","Stat3",0
"GCTGGCTGTAATGCTC-1","2","Stat3",0
"GCTGGCTGTTAACTGC-1","0","Stat3",0
"GCTGTATGTGAGTTAG-1","7","Stat3",0
"GCTGTATGTTGGCGAG-1","7","Stat3",0
"GCTGTTAAGGGGTAAT-1","1","Stat3",0
"GCTGTTAAGTAACGAA-1","11","Stat3",0
"GCTTACAAGCCAGACT-1","5","Stat3",0
"GCTTACTTCCCAGGCA-1","2","Stat3",0.585767160057173
"GCTTATAGTAGCGAGT-1","6","Stat3",0
"GCTTATGAGCGGGTAA-1","6","Stat3",0
"GCTTATGAGCTTAACG-1","5","Stat3",1.17045453392591
"GCTTATGAGGCATGTC-1","8","Stat3",2.22434488355541
"GCTTATGAGGTGAGTG-1","1","Stat3",0.634486560071904
"GCTTCATTCACTCTAC-1","11","Stat3",0
"GCTTCATTCCGCGATG-1","9","Stat3",0
"GCTTCCGCACAGCGGT-1","2","Stat3",0
"GCTTCCGCATGCTGTC-1","3","Stat3",0.671240552445459
"GCTTCCTGTAGTGAGC-1","12","Stat3",0
"GCTTCCTGTGACGTGG-1","0","Stat3",0
"GCTTCGCTCAAGTCGC-1","3","Stat3",0.573672740853387
"GCTTCGCTCACATTGG-1","5","Stat3",0
"GCTTGATGTCTCCAAG-1","2","Stat3",0
"GCTTGGGTCCATTGCT-1","6","Stat3",0
"GCTTGGGTCCCCAGGA-1","11","Stat3",0
"GCTTGGGTCCCTCATG-1","3","Stat3",0
"GCTTGTAAGGCACACT-1","4","Stat3",1.10993927061279
"GCTTGTAAGGGTCTCG-1","0","Stat3",0
"GCTTGTAAGGTGAGGC-1","2","Stat3",1.54486005915627
"GCTTGTAAGTCATGTG-1","0","Stat3",1.198482589905
"GCTTGTAAGTGCCAGT-1","0","Stat3",0
"GCTTGTCCAACTGGTG-1","2","Stat3",0
"GCTTGTCCACAACGTG-1","8","Stat3",0
"GCTTGTCCACCTTACA-1","1","Stat3",0
"GCTTTCACAGGACTGC-1","1","Stat3",0
"GGAAACTAGCCATGAC-1","7","Stat3",0
"GGAAATGCACCAGGAC-1","15","Stat3",1.45995949615663
"GGAAATGCATTAGTGA-1","7","Stat3",0
"GGAAATTGTTTAATCG-1","2","Stat3",0
"GGAACATAGCATGATT-1","3","Stat3",0
"GGAACCTTCAGGTCTA-1","2","Stat3",1.0720046190624
"GGAACGATCAGCACCG-1","10","Stat3",0.877257615222693
"GGAAGATTCAGTAGGG-1","5","Stat3",0
"GGAAGCCAGTAGCACC-1","7","Stat3",0
"GGAAGGCTCCCGTGTC-1","8","Stat3",0
"GGAAGGTCATTAGTCT-1","10","Stat3",0
"GGAAGTTAGATAGCCC-1","5","Stat3",0
"GGAATATGTGCGTGGA-1","4","Stat3",0
"GGAATGGTCAATGTGT-1","12","Stat3",3.05345505629687
"GGAATGGTCGTGAGGA-1","4","Stat3",0
"GGAATTAAGTTGCGTA-1","4","Stat3",2.12196671391844
"GGAATTGGTTTAGGAG-1","8","Stat3",0
"GGACAATAGGGCTAGA-1","0","Stat3",0
"GGACACAAGCAGGTGA-1","4","Stat3",1.91550807631439
"GGACACCCAATCAAGC-1","0","Stat3",0
"GGACACCCAGGTAATC-1","12","Stat3",1.69278404402543
"GGACACCCAGGTATCG-1","1","Stat3",0
"GGACACCCATCCTATG-1","8","Stat3",0
"GGACACCCATGGATTA-1","3","Stat3",0
"GGACATAGTAATCCAC-1","12","Stat3",1.9269522353107
"GGACATTCAATACAGC-1","2","Stat3",0
"GGACATTCACCTCGCA-1","13","Stat3",0
"GGACCCTGTTAGCTGT-1","10","Stat3",0
"GGACCTTAGCTACCGG-1","3","Stat3",0
"GGACCTTAGTTGCGGT-1","16","Stat3",0
"GGACGATGTAACCCTG-1","3","Stat3",0
"GGACGGACATTCCTCT-1","6","Stat3",0
"GGACGTAAGTCAGGAG-1","3","Stat3",0
"GGACTCACACCAACCT-1","14","Stat3",1.31018200783799
"GGACTCACACCTATCA-1","2","Stat3",0
"GGACTTGCAAATCGAC-1","8","Stat3",0
"GGAGAAGGTATTGGAG-1","0","Stat3",0.660567911142264
"GGAGAAGGTCATTGGT-1","0","Stat3",1.18878962790455
"GGAGAGGAGGTGCTTA-1","2","Stat3",0
"GGAGAGGAGTCGACGT-1","4","Stat3",0
"GGAGAGTCAATTGAGC-1","1","Stat3",0
"GGAGAGTCATCGGTCT-1","6","Stat3",1.01218991953568
"GGAGATTAGCCTGAAC-1","11","Stat3",0
"GGAGATTAGGAATGCG-1","14","Stat3",2.06042627556635
"GGAGATTAGGTATCCA-1","7","Stat3",0
"GGAGCAATCGCGATGT-1","4","Stat3",0
"GGAGCCAGTAATCCTA-1","8","Stat3",0
"GGAGCCAGTTTAAGCC-1","7","Stat3",0
"GGAGCTAAGGGCAGAC-1","7","Stat3",0
"GGAGCTAAGTACGCCG-1","8","Stat3",0
"GGAGCTGGTTAAGGGC-1","9","Stat3",0
"GGAGCTGGTTCCGGTA-1","0","Stat3",0
"GGAGTAGTCAAGTCTG-1","4","Stat3",0
"GGAGTAGTCACGCAAC-1","2","Stat3",0
"GGAGTCAAGCTAACCA-1","9","Stat3",0
"GGATAATGTGAAGCCG-1","2","Stat3",0
"GGATAGGTCACCTACT-1","1","Stat3",0
"GGATAGTAGTCGATAT-1","5","Stat3",0
"GGATATGGTAAGTGCA-1","12","Stat3",0
"GGATCGCCAACTCGTC-1","6","Stat3",0.965367297030145
"GGATCGCCAAGCACAT-1","1","Stat3",0
"GGATCGTTCGTACGGT-1","5","Stat3",0
"GGATCGTTCGTAGTCA-1","1","Stat3",0.651953571985338
"GGATCTATCAGTAGGG-1","0","Stat3",0
"GGATCTATCCATCCTG-1","6","Stat3",0
"GGATCTATCGCGCGTA-1","1","Stat3",0.617881008750562
"GGATGCTTCACTCCGC-1","12","Stat3",0
"GGATGCTTCCGTAAGC-1","15","Stat3",0
"GGATGGGCAAGTTCCC-1","10","Stat3",0
"GGATGGGCAGGTATCG-1","3","Stat3",0
"GGATGGGCATTGGCAG-1","7","Stat3",0
"GGATGTGAGCGACTAC-1","9","Stat3",0
"GGATGTTCAGGATGGG-1","7","Stat3",0
"GGATGTTCATAAGCAC-1","2","Stat3",0
"GGATTAAAGGATGAAC-1","7","Stat3",0
"GGATTAAAGTCGCTGG-1","6","Stat3",0.901229806744006
"GGATTAAAGTTGGGCT-1","10","Stat3",0
"GGATTCATCCCCTGGT-1","8","Stat3",1.30122567536776
"GGATTCATCTATGGCA-1","2","Stat3",0
"GGATTGCTCCCGCATC-1","9","Stat3",0.799639939250737
"GGATTGCTCCGCCAGA-1","10","Stat3",0
"GGCAAAGTCCTGCCGT-1","1","Stat3",0.614043774976382
"GGCAAAGTCGCATTAG-1","9","Stat3",0
"GGCAACTTCACAGCTA-1","1","Stat3",0
"GGCAAGGCAACCAAGT-1","3","Stat3",0.423483927463893
"GGCAAGGCACATTCCA-1","11","Stat3",0
"GGCAATAGTTGCTGGC-1","2","Stat3",1.13324121431038
"GGCAATTCAGCTAACG-1","3","Stat3",0
"GGCACACCAATCAATG-1","1","Stat3",0
"GGCACCTGTCAATTCA-1","11","Stat3",0
"GGCACCTGTTGCAGGG-1","2","Stat3",0
"GGCACGAGTTAGCGAA-1","0","Stat3",0
"GGCATAGAGAATCACT-1","5","Stat3",0
"GGCATAGAGTAGTGAA-1","8","Stat3",0
"GGCATCACAATATGGC-1","6","Stat3",0
"GGCATCACAGGTTCGA-1","7","Stat3",0
"GGCATCCGTGGAAGGA-1","10","Stat3",2.0847093326147
"GGCATGTTCGAATGAA-1","5","Stat3",0.659123353532892
"GGCATTATCCTGACCC-1","7","Stat3",0.847450270370352
"GGCATTATCTAGTTGG-1","5","Stat3",0
"GGCCAACCAGCCATCT-1","1","Stat3",0
"GGCCAATTCAGCCTAA-1","2","Stat3",0.347585167927496
"GGCCCTAAGTTAGGTT-1","5","Stat3",0
"GGCCGAAGTCCATCCT-1","9","Stat3",0
"GGCCGAAGTTCTGTGG-1","4","Stat3",0
"GGCCGATCAAGGGCTC-1","7","Stat3",0.585202844190397
"GGCCGTTGTGAAGTGC-1","10","Stat3",0
"GGCCGTTGTGAGGCAT-1","8","Stat3",0
"GGCCTAACAACTCGGA-1","4","Stat3",2.27558632983163
"GGCCTTGAGCATTACG-1","5","Stat3",0
"GGCGAACAGGTCGTAC-1","12","Stat3",2.28425228445576
"GGCGAATGTGCATTAC-1","3","Stat3",0
"GGCGAATGTTAGACGA-1","9","Stat3",0
"GGCGACTCACCTATAT-1","1","Stat3",0
"GGCGACTCACTAACCC-1","5","Stat3",0
"GGCGAGACATCACTCA-1","0","Stat3",1.84597641351104
"GGCGATCCACCATACC-1","13","Stat3",0.486278291203127
"GGCGATTTCAATCGTG-1","8","Stat3",0
"GGCGATTTCACTAGGC-1","6","Stat3",0
"GGCGGTAGTGAACGCG-1","12","Stat3",0
"GGCGGTTCACAAGCCA-1","5","Stat3",0
"GGCGTAAAGTATGTGT-1","5","Stat3",0
"GGCGTAAAGTTACCTC-1","7","Stat3",0
"GGCGTCTGTGAACGAC-1","6","Stat3",0
"GGCGTTACAACATGCG-1","11","Stat3",0
"GGCGTTACACTAATTC-1","10","Stat3",0
"GGCGTTACATAGAGCT-1","7","Stat3",0
"GGCGTTACATCGGTGA-1","1","Stat3",0
"GGCTAATCACAAGGCC-1","1","Stat3",0
"GGCTAATCACTTAACT-1","4","Stat3",1.84942857412342
"GGCTAATCAGTTGCAG-1","8","Stat3",0
"GGCTAGAAGAATCCTG-1","7","Stat3",0
"GGCTAGAAGGGCAGAC-1","1","Stat3",0
"GGCTAGAAGTAGGTCC-1","5","Stat3",0
"GGCTATATCCAGCTCC-1","0","Stat3",0
"GGCTATTGTAATGTCC-1","9","Stat3",0
"GGCTATTGTGATCCCA-1","1","Stat3",0.447562044554333
"GGCTCAACAGCCAGGT-1","7","Stat3",0
"GGCTCAACAGCTCATC-1","9","Stat3",0
"GGCTCAACAGGACACC-1","3","Stat3",0
"GGCTCGATCGATCGGT-1","15","Stat3",0.528638853685479
"GGCTGAAAGTACCAGC-1","15","Stat3",0
"GGCTGACCACTTCGCG-1","12","Stat3",0
"GGCTGACCATAACGTA-1","8","Stat3",1.22950895285642
"GGCTGACCATTACCAT-1","6","Stat3",0
"GGCTGCATCAATTGGT-1","10","Stat3",0
"GGCTGCATCGTTAGAT-1","1","Stat3",0
"GGCTGGTCACCATAGG-1","12","Stat3",1.52290231780583
"GGCTGGTCACCTTGAC-1","8","Stat3",0
"GGCTGGTCAGCTAAGT-1","2","Stat3",0
"GGCTGGTCAGTTGCCT-1","2","Stat3",0
"GGCTTAATCTATCGTC-1","2","Stat3",0
"GGCTTATGTAGTAAGT-1","1","Stat3",0
"GGCTTCCTCAGGAGAT-1","15","Stat3",0
"GGCTTCCTCGACTATG-1","10","Stat3",0
"GGCTTTGGTAGCGACG-1","3","Stat3",0
"GGCTTTGGTAGTGTGA-1","10","Stat3",0
"GGCTTTGGTGATGAAT-1","3","Stat3",0
"GGCTTTGGTTCTGGCA-1","13","Stat3",0.944138711488859
"GGGAATGTCACATGCA-1","13","Stat3",0
"GGGAATGTCGATACTG-1","1","Stat3",0
"GGGAATGTCGATTCAG-1","4","Stat3",0
"GGGAATGTCTATGGAT-1","7","Stat3",0.790579713690247
"GGGACAATCATCAGCA-1","12","Stat3",0
"GGGACAATCCGCAGAT-1","3","Stat3",0.744882854959134
"GGGACCAGTTGGGTCC-1","8","Stat3",0
"GGGACCTCAACCTGCT-1","10","Stat3",0
"GGGACCTCAACGGTCA-1","4","Stat3",0
"GGGACGTAGCAACCGT-1","11","Stat3",0
"GGGACGTAGGGTTGCT-1","3","Stat3",0
"GGGACTAAGCTATCAG-1","3","Stat3",0
"GGGACTAAGTGCAAGG-1","8","Stat3",0
"GGGACTGGTTTACTCT-1","4","Stat3",0
"GGGATAGTCGATTCCT-1","1","Stat3",0
"GGGATAGTCGCGCTGA-1","6","Stat3",1.13074881868607
"GGGATAGTCTGGTAGC-1","3","Stat3",0.791898535073385
"GGGATATAGCAAGGAT-1","0","Stat3",0
"GGGATATAGTTAGGTT-1","4","Stat3",0
"GGGATCAAGTGGCCTG-1","4","Stat3",0
"GGGATTAGTAATGACG-1","9","Stat3",0
"GGGATTAGTTATCTGA-1","7","Stat3",0
"GGGATTGAGCTAATGT-1","6","Stat3",0
"GGGATTGAGGTGAGAT-1","6","Stat3",0
"GGGCAAATCATGACTG-1","3","Stat3",0.73451993976799
"GGGCAAATCGAACCCG-1","4","Stat3",0
"GGGCAACAGCGAGCTT-1","5","Stat3",0.756935646823437
"GGGCAACAGGCTCCTC-1","2","Stat3",0
"GGGCAATGTTTGACGT-1","2","Stat3",0
"GGGCAGACAGGGACTC-1","5","Stat3",0
"GGGCATCCAAGCCTAG-1","3","Stat3",0.770712348047798
"GGGCATCCAAGCTGAT-1","5","Stat3",0
"GGGCATCCACATACCC-1","5","Stat3",0
"GGGCATCCATTGCACC-1","4","Stat3",0
"GGGCATTTCATCTCTA-1","8","Stat3",1.93704846870536
"GGGCCTATCCTGATAG-1","6","Stat3",0
"GGGCCTATCGACATTG-1","14","Stat3",0
"GGGCGTAGTGGCCAGA-1","2","Stat3",0
"GGGCGTAGTTGCATTA-1","1","Stat3",0
"GGGCTAGGTTAGTTCA-1","6","Stat3",0.995758221953812
"GGGCTCTGTAATCCCG-1","8","Stat3",0
"GGGCTCTGTTCCGCAA-1","4","Stat3",0
"GGGCTTACATTGGCGA-1","5","Stat3",0
"GGGGACTAGCCATAGC-1","1","Stat3",0
"GGGGACTAGGCAACTC-1","6","Stat3",0
"GGGGATGCACTTACCA-1","15","Stat3",0
"GGGGCAACAAGGTCCA-1","5","Stat3",1.34312323005925
"GGGGCAACACTAGCAG-1","2","Stat3",0
"GGGGCAACATGACCGA-1","3","Stat3",0
"GGGGCAACATTCATCG-1","5","Stat3",0
"GGGGCTAGTTGAGCAA-1","0","Stat3",1.2195845287347
"GGGGCTAGTTGCTCTC-1","6","Stat3",0
"GGGGTCAGTATTGGGA-1","13","Stat3",0
"GGGGTCAGTCAGTTAC-1","7","Stat3",0
"GGGGTTAAGTAGAGCG-1","2","Stat3",0
"GGGGTTGGTAACTTCA-1","4","Stat3",0
"GGGTAACGTCAGTGCC-1","11","Stat3",0
"GGGTAACGTTAGAGTG-1","5","Stat3",0
"GGGTACGGTATTGGGA-1","9","Stat3",0
"GGGTACGGTTGTCCAG-1","0","Stat3",0
"GGGTACTTCCCTCGAC-1","5","Stat3",0
"GGGTATGAGCCATGCG-1","4","Stat3",0
"GGGTATGAGCGGTAGA-1","6","Stat3",0
"GGGTCAAAGAACCTCA-1","6","Stat3",0
"GGGTCAGGTGAGTCGG-1","0","Stat3",0
"GGGTCAGGTGCGGATG-1","14","Stat3",0
"GGGTCATTCCAACTAG-1","8","Stat3",0
"GGGTCATTCCATAGCA-1","7","Stat3",0
"GGGTCCATCGTACGGT-1","5","Stat3",0
"GGGTGAATCAGGGCTT-1","1","Stat3",0
"GGGTGAATCCAGCCCT-1","2","Stat3",0.496803311172225
"GGGTGAATCTAGTAAC-1","2","Stat3",0
"GGGTGAATCTGGTCAA-1","2","Stat3",0
"GGGTTAAGTATGTGGA-1","2","Stat3",0
"GGGTTAAGTTTGCGGC-1","9","Stat3",0
"GGGTTAGAGGGGATCA-1","7","Stat3",0.646454052713285
"GGGTTCCGTCTAATGC-1","5","Stat3",0
"GGGTTCCGTTGCCTCT-1","0","Stat3",0
"GGGTTGAAGCGAGACA-1","6","Stat3",0
"GGGTTGAAGCTAGTGC-1","4","Stat3",0
"GGGTTGAAGGAATGCG-1","12","Stat3",0
"GGGTTTCAGATAGTCT-1","9","Stat3",0
"GGTAAATGTAACCCTG-1","15","Stat3",0
"GGTAAATGTTGTCCAG-1","3","Stat3",0
"GGTAAGGTCATGCTGA-1","0","Stat3",1.04977569816565
"GGTAAGGTCCGCACCT-1","2","Stat3",0
"GGTACATCATAAGCTA-1","5","Stat3",0
"GGTACGCCACTATATC-1","5","Stat3",0
"GGTACTATCATAGATC-1","7","Stat3",0
"GGTACTATCGATTCAG-1","9","Stat3",0
"GGTACTTGTGATTGAG-1","0","Stat3",0
"GGTAGCAAGTTGGACC-1","5","Stat3",0.796283678971296
"GGTAGCGGTTCGTAAC-1","7","Stat3",0
"GGTAGCTTCGTGCCAG-1","4","Stat3",0
"GGTAGGATCTAGCTTC-1","2","Stat3",0
"GGTAGTAGTTCCGCAA-1","12","Stat3",0
"GGTAGTAGTTGGACCC-1","1","Stat3",0
"GGTAGTGAGGCACTTA-1","1","Stat3",0
"GGTATAGGTTAGACAG-1","10","Stat3",0
"GGTATATTCAGTATGT-1","14","Stat3",0
"GGTATATTCATAGGTT-1","12","Stat3",0
"GGTATATTCCACCTAT-1","2","Stat3",0
"GGTATATTCGTACTAG-1","6","Stat3",1.88097229586678
"GGTATCTGTGCAGCTC-1","13","Stat3",0.583411525610644
"GGTATGAGTAACGGTA-1","3","Stat3",0
"GGTATGGAGCTGGTTA-1","14","Stat3",0
"GGTATGTCACTTGAGG-1","9","Stat3",0
"GGTATTGTCAGCGGAA-1","4","Stat3",0
"GGTCAATCATTAGCTT-1","4","Stat3",0
"GGTCAGCCATCATCTG-1","3","Stat3",0.647494166886767
"GGTCATTGTGCATCCA-1","6","Stat3",0
"GGTCATTGTTGCATAC-1","6","Stat3",0
"GGTCCTGAGAATCGAA-1","16","Stat3",0
"GGTCCTGAGCTAGGGA-1","4","Stat3",0
"GGTCGAGGTTTGCGTG-1","11","Stat3",0
"GGTCGATTCATGTAAC-1","2","Stat3",0
"GGTCGCATCGTAGTAT-1","8","Stat3",1.59550481813018
"GGTCGGTCATCGGTTC-1","0","Stat3",0
"GGTCTAGCAATGCCGA-1","4","Stat3",0
"GGTCTAGCATCCAATT-1","7","Stat3",0
"GGTCTCCTCGTGCAAC-1","2","Stat3",0.452026686070969
"GGTGAACGTTGGATCT-1","0","Stat3",0
"GGTGAATAGTAGTAGA-1","2","Stat3",0
"GGTGAGGCAGGCAACC-1","4","Stat3",0
"GGTGAGGCAGGTTACG-1","5","Stat3",0
"GGTGAGGCATGAGTGT-1","1","Stat3",0
"GGTGAGGCATGAGTTA-1","4","Stat3",0
"GGTGCAGGTGAGTAAT-1","6","Stat3",0.921421269761609
"GGTGCATTCATGAGTT-1","7","Stat3",0
"GGTGCATTCGATCAAT-1","2","Stat3",0
"GGTGCCTGTTATCTAG-1","5","Stat3",0
"GGTGCTTAGCGCTGCA-1","3","Stat3",0
"GGTGGATGTTCGTGCA-1","5","Stat3",1.51344028420563
"GGTGGCAGTTGAGTTC-1","5","Stat3",0.733056029837485
"GGTGGCTCAACATACA-1","8","Stat3",0
"GGTGGCTCATCGAAGT-1","8","Stat3",1.34739250373263
"GGTGGCTCATCGGGAC-1","1","Stat3",0
"GGTGTAAGTGACGAGT-1","3","Stat3",0
"GGTGTCCGTAACCCAT-1","4","Stat3",1.5754438385365
"GGTGTCCGTTCGATGT-1","0","Stat3",0
"GGTGTTGCAATCGCTC-1","4","Stat3",0
"GGTGTTGCACTCATGC-1","9","Stat3",0
"GGTGTTGCAGGCATTG-1","10","Stat3",0
"GGTTAAGGTTGTGGTT-1","14","Stat3",0
"GGTTAATTCATCAGGC-1","11","Stat3",0
"GGTTAATTCATCGTCT-1","8","Stat3",0
"GGTTAATTCCGCTACC-1","3","Stat3",0
"GGTTACATCATCTCTA-1","10","Stat3",0
"GGTTACATCGTACCGG-1","5","Stat3",0
"GGTTATGTCCCAATGA-1","11","Stat3",0
"GGTTCAATCAAGTTAC-1","5","Stat3",0
"GGTTCAATCCGGATAC-1","4","Stat3",0
"GGTTCTAAGAAGGGAA-1","10","Stat3",1.83424236669401
"GGTTGGTTCAGTACGC-1","3","Stat3",0
"GGTTGGTTCATGCAAT-1","2","Stat3",0
"GGTTGTCAGGATAGAC-1","15","Stat3",0
"GGTTGTCAGTACGGTC-1","12","Stat3",0
"GGTTTAGTCCCCATCA-1","5","Stat3",0
"GGTTTCAAGCCAGCCA-1","11","Stat3",0
"GTAAACCCAATCTCTG-1","2","Stat3",0
"GTAAACGGTTTCACTT-1","12","Stat3",0
"GTAAACTTCCTCGTGC-1","6","Stat3",0
"GTAAAGGCACTAACGG-1","2","Stat3",0
"GTAAATGAGCAGGTAG-1","11","Stat3",0
"GTAAATGAGGTTACGC-1","4","Stat3",0.922606955897848
"GTAACCATCAGGGATG-1","10","Stat3",0
"GTAACCTGTAACTCTA-1","3","Stat3",0.945099372322117
"GTAACCTGTCATCGCA-1","8","Stat3",1.66686356814862
"GTAAGCCTCAGTTAGT-1","4","Stat3",0.961558476502144
"GTAAGCGAGGCTCTGG-1","9","Stat3",0
"GTAAGCTCAGGCAACC-1","0","Stat3",0
"GTAAGGGTCCATCTCG-1","0","Stat3",0
"GTAAGTAAGCCAATCA-1","9","Stat3",0
"GTAAGTAAGTTACCCT-1","7","Stat3",0
"GTAATCCGTAGCGGAT-1","6","Stat3",0
"GTAATGAAGGTTCAAT-1","8","Stat3",0
"GTAATGAAGTCATGGC-1","0","Stat3",0
"GTAATGGGTAAGGTTG-1","10","Stat3",2.3719407104721
"GTAATGTTCGCGCACA-1","9","Stat3",0
"GTACAAGGTGGCCTGT-1","2","Stat3",1.16655810912996
"GTACAAGGTTTACAGC-1","0","Stat3",0.730927396855522
"GTACCAATCCCGTAGG-1","1","Stat3",0
"GTACCAATCCGGGTCA-1","0","Stat3",0
"GTACCAATCTGGCTAA-1","9","Stat3",0
"GTACCAGCAAATGGGA-1","10","Stat3",0
"GTACCAGCACTTACTG-1","12","Stat3",0
"GTACCCTCAAGCACGC-1","3","Stat3",0
"GTACGAAGTGGCTAGG-1","4","Stat3",0
"GTACGGGGTCAAGCCC-1","6","Stat3",0
"GTACGGTTCGTTACAG-1","10","Stat3",0
"GTACGTTGTATTGGAG-1","4","Stat3",0
"GTACTAACACTCAATT-1","7","Stat3",0
"GTACTAGTCATGTCTC-1","14","Stat3",0
"GTACTAGTCCTGTCGC-1","1","Stat3",0
"GTACTAGTCGTGCTAA-1","8","Stat3",0
"GTACTAGTCTGGATGC-1","2","Stat3",0
"GTACTCCCACTCGCTG-1","4","Stat3",0
"GTACTCCCATGACGGC-1","3","Stat3",0
"GTAGAATGTAGTAGTG-1","8","Stat3",0
"GTAGAATGTGAAGGCT-1","5","Stat3",0
"GTAGACTCATGAATGC-1","4","Stat3",0
"GTAGACTCATTAACTC-1","2","Stat3",0
"GTAGATGGTCATCCCT-1","1","Stat3",0.647320574098903
"GTAGATGGTGAGTGAC-1","16","Stat3",0
"GTAGCATCATTAGCGG-1","10","Stat3",0
"GTAGCCACACATGCAG-1","0","Stat3",0
"GTAGCCACAGCTCATC-1","10","Stat3",0
"GTAGCCCGTAGCTCGC-1","1","Stat3",0
"GTAGCCCGTGGGTATA-1","0","Stat3",0.612298195853136
"GTAGCGGGTCCATCAG-1","5","Stat3",0
"GTAGCGGGTTGCAGGG-1","0","Stat3",0
"GTAGCTATCAGTTCCT-1","0","Stat3",0
"GTAGCTTGTGCACGAG-1","2","Stat3",0
"GTAGCTTGTGGAGAGA-1","14","Stat3",0
"GTAGGATAGGGTTGGA-1","0","Stat3",0
"GTAGGCAAGGCGTTAC-1","2","Stat3",0.561076834132328
"GTAGGCAAGTAAGGAC-1","5","Stat3",0.548973869254399
"GTAGGGGCACAGGATT-1","2","Stat3",0.770213496048653
"GTAGGTAGTAACTCTA-1","5","Stat3",0
"GTAGGTAGTAGGCTGG-1","0","Stat3",0
"GTAGGTAGTGCGCAGA-1","8","Stat3",0
"GTAGGTGAGGATTGAA-1","9","Stat3",0
"GTAGGTGAGGTGCTAC-1","10","Stat3",0
"GTAGTAAAGATTAGAG-1","3","Stat3",0
"GTAGTAAAGTGCCGTG-1","2","Stat3",0
"GTAGTAGGTATGGCCC-1","3","Stat3",0
"GTAGTCGCATCCCAGT-1","4","Stat3",0
"GTAGTCTGTCCCGAAC-1","5","Stat3",0
"GTAGTGAGTTATCTCT-1","6","Stat3",0.628836244483273
"GTAGTTACAGCATGTG-1","3","Stat3",0
"GTAGTTACAGTTGCCT-1","13","Stat3",0
"GTAGTTACATGCTCGT-1","5","Stat3",0
"GTAGTTGTCCGTGGCA-1","4","Stat3",0
"GTATAGAAGAATCCTG-1","2","Stat3",0
"GTATAGCCAGTAAGGA-1","10","Stat3",0
"GTATCCCCACTTACAT-1","6","Stat3",0
"GTATCCCCACTTCGAC-1","1","Stat3",0
"GTATCCCCACTTCGGT-1","1","Stat3",0
"GTATCTTCATCCTATG-1","11","Stat3",0
"GTATGAAAGCGATTCA-1","3","Stat3",0
"GTATGCATCACCTGCC-1","0","Stat3",0
"GTATGCATCCTGACGG-1","0","Stat3",0.714617864956822
"GTATGGGAGGTTCGCG-1","1","Stat3",0
"GTATGGGAGTAAGTTC-1","2","Stat3",0
"GTATGGGAGTGGCAAG-1","4","Stat3",0
"GTATGGTCATGGAACT-1","0","Stat3",0
"GTATGTTAGCGCCAAT-1","0","Stat3",0
"GTATTAGCATAACTGA-1","6","Stat3",1.17492109068021
"GTATTCAGTCATCGGC-1","6","Stat3",0
"GTATTCCTCACTAGGC-1","9","Stat3",0
"GTATTGGTCCTCACCA-1","3","Stat3",0
"GTCAAATTCCATGCAA-1","6","Stat3",0
"GTCAAATTCGATGCCG-1","2","Stat3",1.06998709886911
"GTCAAGCTCCGGTGAT-1","0","Stat3",0
"GTCAATGTCCGCGACA-1","8","Stat3",0
"GTCAATGTCGATGGGA-1","2","Stat3",0
"GTCAATGTCGCGAGTT-1","10","Stat3",0
"GTCAATTAGCATCCTT-1","8","Stat3",1.60043242182894
"GTCAATTAGTTGCAGC-1","1","Stat3",0
"GTCACCTCATCACGAG-1","1","Stat3",0
"GTCACGTAGGAATTAG-1","13","Stat3",0
"GTCACGTAGTGGCGAA-1","11","Stat3",0
"GTCATAGTCGCGCGTA-1","9","Stat3",0
"GTCATATAGGTAATTC-1","2","Stat3",0
"GTCATCAAGCGAGACA-1","12","Stat3",1.84134927991218
"GTCATCAAGTAATGCT-1","6","Stat3",0
"GTCATCCCAACTGGCA-1","8","Stat3",0
"GTCATCCCACCATACC-1","0","Stat3",0.5100269016788
"GTCATTAGTAGTCCAT-1","13","Stat3",0.636156132487812
"GTCATTTCAAAGGTGA-1","8","Stat3",0
"GTCATTTCAGGTAACT-1","10","Stat3",0
"GTCCAACAGGGGATTG-1","10","Stat3",2.18662845170472
"GTCCAACAGTGGCCTG-1","6","Stat3",0
"GTCCAATGTTTCGCAG-1","4","Stat3",0
"GTCCAGGTCACGGACT-1","13","Stat3",0.506621270436499
"GTCCAGGTCGAATTAC-1","2","Stat3",0.89166767791034
"GTCCAGGTCGACCTGG-1","2","Stat3",0
"GTCCAGTAGGCTCCAG-1","2","Stat3",0
"GTCCATCCACCTGGAA-1","0","Stat3",0
"GTCCATCCATGGCAGC-1","2","Stat3",0.501817497490933
"GTCCATGGTGGCGCTT-1","0","Stat3",0
"GTCCATTTCTGGATAT-1","1","Stat3",0
"GTCCCAAGTAGCCCGT-1","2","Stat3",0.853053271957824
"GTCCCAAGTAGTGTGA-1","7","Stat3",0
"GTCCCGTTCCCTCGTA-1","4","Stat3",1.80183004779165
"GTCCCTCAGGAATTAG-1","0","Stat3",0
"GTCCGAACATGATTGA-1","8","Stat3",0
"GTCCGATAGCCCGTCT-1","7","Stat3",0
"GTCCGATAGGATAGCG-1","7","Stat3",0
"GTCCGCAAGGTGATGG-1","5","Stat3",0
"GTCCGCTTCCGGGTCA-1","1","Stat3",0.772212979935868
"GTCCGCTTCGTTCACT-1","3","Stat3",0
"GTCCGTAGTCATGGTT-1","0","Stat3",0
"GTCCGTAGTTCGTCAG-1","1","Stat3",0
"GTCCGTGAGGAGTAGT-1","3","Stat3",0
"GTCCGTGAGGCAATCC-1","10","Stat3",0
"GTCCGTTCACTCGGTT-1","7","Stat3",0
"GTCCTAAAGGATGAGT-1","1","Stat3",0
"GTCCTATTCGCATCCC-1","10","Stat3",1.30415213556407
"GTCCTGCTCAGGACTC-1","3","Stat3",0
"GTCCTGCTCATCGAAT-1","3","Stat3",0
"GTCCTGCTCGAATCAT-1","1","Stat3",0.887976006706294
"GTCGAGGGTCAAGGGT-1","6","Stat3",0
"GTCGCCAAGATACTAC-1","13","Stat3",0.926967179030767
"GTCGCCAAGCCACGCA-1","2","Stat3",0
"GTCTAACGTTCGTAGT-1","0","Stat3",0
"GTCTACAAGCTTACGA-1","2","Stat3",0
"GTCTACCCACTAGGTG-1","1","Stat3",0
"GTCTACCCATGACTAA-1","5","Stat3",1.25868726279144
"GTCTACCCATGCTCCG-1","4","Stat3",0
"GTCTACCCATTACTCG-1","1","Stat3",0.767420025020439
"GTCTATGAGCGCATGT-1","6","Stat3",0
"GTCTATGAGGATTGCC-1","2","Stat3",0
"GTCTATGAGGCAACTC-1","7","Stat3",0.804730568336803
"GTCTCACCAAATCGTA-1","9","Stat3",0
"GTCTCCATCCATCACT-1","2","Stat3",0
"GTCTCCATCCGCCACT-1","10","Stat3",0
"GTCTCCGCATTACGGG-1","0","Stat3",0
"GTCTCGCTCAGCGGTT-1","4","Stat3",0
"GTCTGCCTCGATCAGC-1","7","Stat3",0
"GTCTGCCTCTAAGCAT-1","3","Stat3",0
"GTCTGGACAAATGCCG-1","9","Stat3",0
"GTCTGTCCATTCAGGG-1","6","Stat3",0
"GTGAAATGTGCAGTCC-1","4","Stat3",0
"GTGAACCTCACAGGAG-1","5","Stat3",0.588641274504395
"GTGAAGGTCACAGCCG-1","7","Stat3",0
"GTGAAGGTCATATAGC-1","3","Stat3",0
"GTGAATCCATGAGTTA-1","0","Stat3",0.88512403361823
"GTGAATGGTCAAGGGT-1","1","Stat3",0
"GTGAATGGTGGACCTC-1","3","Stat3",0
"GTGACGTTCCCAGGAT-1","4","Stat3",0
"GTGACGTTCGCTGAAC-1","4","Stat3",1.47850581878633
"GTGACTATCCTTCATA-1","7","Stat3",0.632536345818679
"GTGAGCGGTAACTTCA-1","11","Stat3",0.729534005151447
"GTGAGCGGTAATGCGA-1","3","Stat3",0.841548979198532
"GTGAGGATCCATCTCG-1","1","Stat3",0
"GTGAGTGAGAATCACT-1","1","Stat3",0
"GTGAGTGAGTCGACAC-1","4","Stat3",0
"GTGATATTCTCATCGT-1","1","Stat3",0
"GTGATGCTCAATTCGG-1","13","Stat3",0.604360871930128
"GTGATGGAGCCTGTGG-1","5","Stat3",0
"GTGATTGTCACGCGCA-1","10","Stat3",0
"GTGATTGTCTGGTACA-1","0","Stat3",0
"GTGATTTAGCTAATGT-1","4","Stat3",0
"GTGATTTAGTCGACAC-1","1","Stat3",0
"GTGCAATCAAGCATAC-1","2","Stat3",0
"GTGCACTAGAAGGGTT-1","4","Stat3",0
"GTGCACTAGCAAGGTG-1","2","Stat3",1.50657116365468
"GTGCACTAGCGAACCT-1","3","Stat3",0
"GTGCATATCCGTCCTA-1","3","Stat3",0
"GTGCATTGTTGAAGTG-1","11","Stat3",0
"GTGCATTGTTGCGTGC-1","0","Stat3",1.0057121484899
"GTGCCCAAGAACGAAC-1","0","Stat3",0
"GTGCGAGGTTTACACA-1","1","Stat3",0
"GTGCGGTCAAGCATCG-1","0","Stat3",0.677188226887558
"GTGCGGTCAGGCAATT-1","6","Stat3",0.489654190981855
"GTGCTAATCCGCAGAT-1","3","Stat3",0
"GTGCTAATCCTTCGGC-1","0","Stat3",0.766123663244379
"GTGCTCAGTCTAGTTA-1","16","Stat3",0
"GTGCTTGGTCAAGTAG-1","2","Stat3",0
"GTGGACAAGCTACTCT-1","3","Stat3",0
"GTGGACAAGGTCATGC-1","10","Stat3",0
"GTGGACAAGTGATCTG-1","2","Stat3",0
"GTGGACCCACTACCAC-1","4","Stat3",0
"GTGGATAGTCTTGCTC-1","8","Stat3",0
"GTGGATAGTGAGGTCG-1","4","Stat3",0
"GTGGCAGGTCCCGAAC-1","10","Stat3",0
"GTGGCAGGTTCGTAAC-1","5","Stat3",0
"GTGGCCATCACAGGCT-1","1","Stat3",0
"GTGGCCATCCATAGGC-1","2","Stat3",0.69150125385604
"GTGGCGAGTTGCAGGG-1","9","Stat3",0
"GTGGCGAGTTTCGCTC-1","14","Stat3",0
"GTGGGTAAGTGCAACC-1","3","Stat3",0
"GTGGGTTTCAAGTTCG-1","11","Stat3",0
"GTGGGTTTCCAGGTTA-1","11","Stat3",0
"GTGGGTTTCCTTCGTG-1","13","Stat3",0.529354914955351
"GTGGTAAGTGAAGCCG-1","1","Stat3",0
"GTGGTAAGTTCGGTTG-1","3","Stat3",0
"GTGGTAAGTTTGCCTC-1","7","Stat3",0
"GTGGTCCGTCAGCCTA-1","6","Stat3",0
"GTGGTCCGTTAGTCGT-1","16","Stat3",0
"GTGGTCCGTTGACGAA-1","0","Stat3",0
"GTGGTCCGTTGGGTCC-1","6","Stat3",0.981872114718505
"GTGGTTATCTAACCCT-1","8","Stat3",0
"GTGTAACCACATATAG-1","7","Stat3",0
"GTGTAAGGTCATGCTG-1","4","Stat3",0
"GTGTAGTCAAGTGGCC-1","7","Stat3",0
"GTGTAGTCAATGTATG-1","15","Stat3",0
"GTGTCCTCAATTAGGC-1","3","Stat3",0
"GTGTGAGAGCATGTGC-1","2","Stat3",0.794816297475583
"GTGTGAGAGCCATCAA-1","3","Stat3",0.893312625009868
"GTGTGAGAGCGAGCTT-1","3","Stat3",0
"GTGTGAGAGGCACATC-1","4","Stat3",0
"GTGTGGCCAATAGCAC-1","0","Stat3",0
"GTGTGGCCACCATCTA-1","2","Stat3",0
"GTGTGGCCATTCATGT-1","0","Stat3",0.625099833017914
"GTGTGTTGTAGCGCCT-1","16","Stat3",0
"GTGTGTTGTTAGTCGT-1","11","Stat3",0
"GTGTTACGTTGTCATA-1","5","Stat3",0
"GTGTTAGTCGACTGGT-1","7","Stat3",0
"GTGTTCAAGCGATGAG-1","12","Stat3",0
"GTGTTCCCAGTTGGGC-1","9","Stat3",0
"GTTAACTAGTCAAGGG-1","11","Stat3",0
"GTTAAGCCATGATTAG-1","0","Stat3",0
"GTTAAGGGTAAGCTAG-1","2","Stat3",0
"GTTAATGCAAATCAGC-1","1","Stat3",0.723304421625377
"GTTACCCCAACCAGAT-1","3","Stat3",0
"GTTACCCCACAGCGGT-1","1","Stat3",0.926967179030767
"GTTACCCCAGCTCAAG-1","0","Stat3",0
"GTTACCTTCCCATTCG-1","5","Stat3",0
"GTTACTTCAAAGGAGC-1","0","Stat3",0
"GTTACTTCAGTAAGGA-1","6","Stat3",0
"GTTACTTCATCACGAG-1","0","Stat3",0
"GTTACTTCATGCTCCG-1","8","Stat3",0
"GTTAGCATCGCTCACC-1","4","Stat3",0
"GTTAGCATCGTGATGC-1","1","Stat3",1.29715362479495
"GTTAGGCTCGACCTAA-1","7","Stat3",0
"GTTAGGCTCGATGATT-1","3","Stat3",0
"GTTAGGCTCGTGAGGA-1","2","Stat3",0
"GTTAGGGAGCGAGAGC-1","2","Stat3",0
"GTTAGGTCACTCGCAT-1","11","Stat3",0
"GTTAGTTAGGATTAGA-1","10","Stat3",0
"GTTAGTTAGTCATTGG-1","6","Stat3",0
"GTTATCAGTTAAGGAT-1","14","Stat3",0
"GTTATCCTCTAACCAG-1","12","Stat3",0
"GTTATCCTCTGGCACG-1","13","Stat3",0.666827344113981
"GTTCAATAGGAACTGG-1","4","Stat3",0
"GTTCAATAGGTAAGGT-1","0","Stat3",0
"GTTCACAAGCATTCAG-1","11","Stat3",0.582188699344729
"GTTCACAAGTAGCTCA-1","8","Stat3",0
"GTTCACCCACCATACC-1","6","Stat3",0
"GTTCACCCATTCAGGG-1","11","Stat3",0
"GTTCACTTCGCTAATG-1","0","Stat3",0
"GTTCAGGCATGGTCAG-1","1","Stat3",0.610101762580524
"GTTCATGAGCGATAGG-1","4","Stat3",1.69768653398191
"GTTCATTCAACCTCGT-1","2","Stat3",0
"GTTCCAAAGAACCTGC-1","0","Stat3",0
"GTTCCAAAGCCAGGTT-1","6","Stat3",0
"GTTCCAAAGGTAGGAT-1","15","Stat3",0
"GTTCCAAAGGTTGAGG-1","7","Stat3",0
"GTTCCCTGTTAATCTG-1","9","Stat3",0
"GTTCGAATCATGTCCT-1","9","Stat3",0.78554507455385
"GTTCGATGTTCAAGCT-1","0","Stat3",0.711488777223892
"GTTCGATGTTTGGGCC-1","0","Stat3",0
"GTTCGTCCATAAGCAC-1","7","Stat3",1.02937519444024
"GTTCGTCCATAATCGA-1","6","Stat3",0
"GTTCGTCCATCCATCA-1","9","Stat3",0
"GTTCGTTTCATCGTAG-1","2","Stat3",0
"GTTCGTTTCATGCTCT-1","9","Stat3",0
"GTTCGTTTCCCATTCG-1","3","Stat3",0
"GTTCTAAGTGGCGTAG-1","0","Stat3",0
"GTTCTAAGTTATCGCG-1","10","Stat3",2.21374942574787
"GTTCTCACATTGGCGA-1","10","Stat3",0
"GTTGAAGGTCATCAGT-1","8","Stat3",0.912765288289678
"GTTGAAGGTTAGCATC-1","10","Stat3",0
"GTTGAGGAGCTTACAG-1","8","Stat3",0
"GTTGATTAGGAGTCAG-1","4","Stat3",0
"GTTGCAATCTATGAGT-1","4","Stat3",1.95870423781931
"GTTGCCCTCAGGTTGC-1","8","Stat3",1.64054971358604
"GTTGCCCTCCGCTGAG-1","12","Stat3",0
"GTTGCCCTCGTGCTCC-1","9","Stat3",0
"GTTGCCTCACTATGCC-1","14","Stat3",0
"GTTGCCTCAGGATCTG-1","10","Stat3",2.09651480349671
"GTTGCTGGTATGTGTC-1","5","Stat3",0
"GTTGCTGGTTATCGCG-1","7","Stat3",0
"GTTGGGTTCCTCATGT-1","8","Stat3",0
"GTTGTACGTTAATCCA-1","7","Stat3",0
"GTTGTACGTTATCCGG-1","2","Stat3",0.506437796891032
"GTTGTACGTTCGGTTG-1","12","Stat3",0
"GTTGTGATCAGGCAGA-1","8","Stat3",0
"TAAACCACAATCGCCT-1","5","Stat3",0.967132306088959
"TAAACCACATCCCGTG-1","3","Stat3",0
"TAAACCACATGGTAAC-1","15","Stat3",0
"TAAACGAAGCCTAGCG-1","6","Stat3",0
"TAAACGAAGGTATCGC-1","6","Stat3",1.14610724832095
"TAAACGGGTTGGAGCG-1","8","Stat3",0
"TAAATCGCAGTAATTG-1","2","Stat3",0
"TAAATCGCATGGATCG-1","3","Stat3",0.685730582904896
"TAAATCGCATTAGCGG-1","5","Stat3",0
"TAACACTAGCCTCTGC-1","2","Stat3",0
"TAACACTAGTCGAGTC-1","7","Stat3",0.609986610706437
"TAACAGCCAGGTTACG-1","8","Stat3",2.28109034946334
"TAACCAACAAAGGATG-1","13","Stat3",0.466158428957076
"TAACCAACAATATCAG-1","5","Stat3",0.699609238588036
"TAACCAACACATTGAA-1","10","Stat3",2.88275428559877
"TAACCAACATGACGAT-1","0","Stat3",0
"TAACCAACATTGCCAC-1","7","Stat3",0.767729360949448
"TAACCATAGCTTAGTG-1","10","Stat3",0
"TAACCCTTCTGGCCGA-1","1","Stat3",0
"TAACCGATCACAGCGT-1","2","Stat3",0
"TAACCTAGTTGCTCTC-1","4","Stat3",0
"TAACGAAAGTCAGTCA-1","4","Stat3",0
"TAACGAGGTAACTGCT-1","7","Stat3",0
"TAACGAGGTGATGATG-1","12","Stat3",2.29461406874668
"TAACGAGGTTAGACGA-1","5","Stat3",0
"TAACGAGGTTGCGCGT-1","6","Stat3",0
"TAACGATTCCGCTAGG-1","3","Stat3",0
"TAACGCGCACCTCAAC-1","2","Stat3",0
"TAACGGCTCAGGACGA-1","6","Stat3",0
"TAACGGCTCCCATAGA-1","6","Stat3",0
"TAACGGTCACAGCACA-1","3","Stat3",0
"TAACGGTCATCATATC-1","14","Stat3",1.27964975003172
"TAACGGTCATCGCTAC-1","8","Stat3",0
"TAACTCCTCAGGCTTA-1","3","Stat3",0.66265599529301
"TAACTCCTCCATCGAA-1","0","Stat3",0.388117734314988
"TAACTCCTCGATGCAC-1","8","Stat3",0
"TAACTGACATAATCTC-1","6","Stat3",0
"TAACTGACATGGAATC-1","14","Stat3",0
"TAACTGGTCAAGTTAC-1","2","Stat3",0
"TAACTGGTCCATTGCT-1","2","Stat3",0
"TAACTGGTCCTGATGA-1","1","Stat3",0
"TAACTTGGTTGCCCAA-1","10","Stat3",1.99240137735663
"TAAGCAAAGGATGGCA-1","2","Stat3",0.657730165735909
"TAAGCAAAGGCGATAG-1","5","Stat3",0
"TAAGCACCAAAGGTCT-1","8","Stat3",0
"TAAGCACCAAGTCGGC-1","5","Stat3",0
"TAAGCACCAGCATGGC-1","5","Stat3",0.705056324314524
"TAAGCAGGTCTGTGTG-1","0","Stat3",0
"TAAGCCATCACATAGT-1","5","Stat3",0
"TAAGCCTGTATGGTGA-1","1","Stat3",0
"TAAGCGAGTCTTGGGC-1","2","Stat3",0
"TAAGCGAGTTCGGCGT-1","1","Stat3",0
"TAAGCGCTCCCGTGCT-1","4","Stat3",0
"TAAGGATGTTATGCTA-1","1","Stat3",0
"TAAGGATGTTGCACTG-1","4","Stat3",0
"TAAGGCGAGGATTGCC-1","2","Stat3",0
"TAAGTCACAACGGCTA-1","1","Stat3",0.83937702689576
"TAAGTCCGTCAGTTAC-1","13","Stat3",0.808783445587906
"TAAGTGAAGTGAGATA-1","6","Stat3",0
"TAATAGCTCGTCTAAG-1","9","Stat3",0.383208739684762
"TAATAGCTCGTTAGCA-1","2","Stat3",0
"TAATCACAGGGCTAAG-1","2","Stat3",0
"TAATCAGCAGGAATGA-1","8","Stat3",0
"TAATCAGCATGGATTA-1","4","Stat3",0
"TAATCAGCATTCATGT-1","0","Stat3",0
"TAATCCCTCCTGAGTA-1","10","Stat3",0
"TAATCCTCAATATCCT-1","1","Stat3",0
"TAATGGGGTCAGCGGA-1","2","Stat3",0.910983781641256
"TAATGGTTCCTGACTT-1","2","Stat3",0
"TAATGGTTCGATGGGA-1","2","Stat3",0
"TAATGTCAGCTATCTC-1","1","Stat3",0.90279636620678
"TAATGTCAGTCGAGAG-1","6","Stat3",0
"TAATTCCCATTAGCCC-1","1","Stat3",0.651249857453833
"TACAACTAGGCAAGGC-1","4","Stat3",0
"TACAACTAGTCGCACG-1","7","Stat3",0
"TACAAGGGTGAGGCTG-1","6","Stat3",0
"TACAAGGGTGCACGTC-1","7","Stat3",0.660160966656219
"TACAAGGGTGGGAACT-1","4","Stat3",0
"TACAAGGGTTGTGCCA-1","1","Stat3",0
"TACAATGCATTGCGCT-1","3","Stat3",0
"TACACAACAGCTCAGA-1","3","Stat3",0
"TACACCGGTAGCGGTG-1","0","Stat3",0.880386270193435
"TACACCGGTGAGCCCT-1","6","Stat3",0
"TACACCTTCTGGGCTG-1","0","Stat3",0
"TACAGATTCCTTAGCT-1","4","Stat3",0
"TACAGATTCGTTCACT-1","14","Stat3",0
"TACAGCCAGATTGCCA-1","5","Stat3",0
"TACAGCCAGCAATTAC-1","1","Stat3",0.352712780544442
"TACAGCCAGGATCCCG-1","4","Stat3",0
"TACAGCGCATGATCGG-1","0","Stat3",0
"TACAGGGAGAAGCTCC-1","3","Stat3",0
"TACAGTTAGATTGCCA-1","4","Stat3",0
"TACAGTTAGCTGGCAT-1","12","Stat3",0
"TACAGTTAGGCTCCAG-1","12","Stat3",0
"TACATAGCAATGCGTG-1","9","Stat3",0
"TACATAGCACTTCAGC-1","9","Stat3",0
"TACATGACAGGTTCGA-1","3","Stat3",0.595169762411284
"TACCAAGTCACCCTTG-1","3","Stat3",0
"TACCAATAGCGCCACA-1","4","Stat3",0
"TACCAATAGTGGCGAA-1","1","Stat3",0
"TACCACAAGAAGCTAA-1","8","Stat3",0
"TACCACAAGCCAGTCG-1","9","Stat3",0
"TACCACGGTGCAGTCC-1","2","Stat3",0
"TACCACGGTTTGGATC-1","6","Stat3",0
"TACCAGGCATTGCCGT-1","16","Stat3",0
"TACCATGAGTAGACTT-1","9","Stat3",0
"TACCATTCAAAGGTAG-1","15","Stat3",0
"TACCCATTCCTGCCAC-1","15","Stat3",1.19006129893698
"TACCCCTGTCAACCTG-1","9","Stat3",0
"TACCGCCTCCAACTAG-1","7","Stat3",0
"TACCGTCCAGTAATCA-1","0","Stat3",0.980725098279362
"TACCTAGAGTTAGGAA-1","13","Stat3",0.577315365034824
"TACCTCACAATACCGG-1","2","Stat3",0.672505912809993
"TACCTCACATCATCGC-1","3","Stat3",0
"TACCTGAAGCATGCAC-1","0","Stat3",0.890424085553176
"TACCTGAAGCCATGAC-1","1","Stat3",0.540878204856881
"TACGAACCAAATGCAC-1","9","Stat3",0
"TACGAAGGTTGCTATA-1","0","Stat3",1.05268130492161
"TACGAGGAGCGCCAAT-1","16","Stat3",2.15633538196143
"TACGAGGAGGTACTTG-1","3","Stat3",0
"TACGCAATCCAGAGCT-1","11","Stat3",0
"TACGCAATCGATGCGT-1","5","Stat3",0
"TACGCAATCTATCCAC-1","13","Stat3",0
"TACGCAATCTGGGATC-1","6","Stat3",1.49278393904348
"TACGCATGTGCATTAC-1","5","Stat3",0
"TACGCATGTTGTAGTC-1","4","Stat3",0
"TACGCCCTCATGCCGG-1","7","Stat3",0
"TACGCCTCACCTGTGT-1","7","Stat3",0
"TACGCTAAGCCGCACA-1","1","Stat3",0
"TACGCTAAGGTGCATC-1","0","Stat3",0
"TACGCTGGTAGGTCGG-1","7","Stat3",1.2228726498647
"TACGCTGGTCAAGCCC-1","13","Stat3",0.69636261741392
"TACGCTGGTTCGTCTC-1","1","Stat3",0.863823145314266
"TACGGTCAGCCCTTCA-1","4","Stat3",0
"TACGGTCAGCCTCTGC-1","1","Stat3",0.636156132487812
"TACGGTCAGCTGGATC-1","0","Stat3",0
"TACGGTCAGCTTACAG-1","2","Stat3",0.863942226744074
"TACGGTCAGTTACGCA-1","5","Stat3",0
"TACGGTTGTCTGGTTG-1","1","Stat3",0
"TACGTAGTCCCAGGCA-1","0","Stat3",0
"TACGTAGTCCTGCCAC-1","2","Stat3",0.969716655632822
"TACGTCAAGCAAGGAT-1","15","Stat3",0
"TACGTCAAGCCGACAT-1","3","Stat3",0
"TACGTCAAGGTTCCTT-1","7","Stat3",0
"TACTACCTCACAGAGG-1","6","Stat3",0
"TACTATGGTCTGGTTG-1","2","Stat3",0
"TACTCATCAAGTTCCC-1","3","Stat3",0.634944789070696
"TACTCATCATCGTTCA-1","6","Stat3",0
"TACTCCACATGGCCTT-1","1","Stat3",0.49976887192617
"TACTCCACATTCATGT-1","5","Stat3",0.675382995212633
"TACTGATAGGTAAGGT-1","14","Stat3",0
"TACTGATAGGTAGGTG-1","1","Stat3",0
"TACTGTGAGAAGCGTG-1","15","Stat3",0
"TACTGTGAGCATATAC-1","11","Stat3",0.554090179556754
"TACTGTGAGCCTGATA-1","1","Stat3",0
"TACTGTGAGGTCATAT-1","5","Stat3",0
"TACTGTGAGTAGGTAA-1","6","Stat3",0
"TACTGTTCACAAGCGC-1","12","Stat3",0
"TACTGTTCATTCGCGT-1","4","Stat3",0
"TACTTAGGTCAATTCA-1","1","Stat3",0
"TACTTAGGTTGACGTT-1","6","Stat3",0
"TACTTCATCATCACGA-1","0","Stat3",0
"TACTTCATCCTTCGGC-1","4","Stat3",0
"TAGCAAGGTATGGTAG-1","3","Stat3",0.940888080421105
"TAGCAAGGTGAGGCTG-1","11","Stat3",0
"TAGCACGCAATCGCCT-1","5","Stat3",0
"TAGCAGTCATGCAGAT-1","5","Stat3",0
"TAGCCAGCAAAGGTGA-1","4","Stat3",0
"TAGCCAGCACTTGATT-1","5","Stat3",0
"TAGCCCTCACCAATCC-1","10","Stat3",0
"TAGCGAAGTTAGGCCC-1","6","Stat3",0.708911658941675
"TAGCTAGTCTGGCCCT-1","0","Stat3",0
"TAGCTCAAGCCCTTCA-1","2","Stat3",0
"TAGCTCAAGGGGATCA-1","7","Stat3",0.611757211790652
"TAGCTCAAGTGCGGTT-1","14","Stat3",0
"TAGGAGTAGTTGGTGC-1","5","Stat3",0
"TAGGATGGTCATGAAG-1","11","Stat3",0
"TAGGCAAGTGATCAAG-1","11","Stat3",0
"TAGGCAAGTTGGGCCT-1","5","Stat3",0
"TAGGCCACAAGCTCTC-1","3","Stat3",0
"TAGGCTTGTTGGAATG-1","11","Stat3",0
"TAGGGCTTCCCCAACC-1","0","Stat3",0
"TAGGGTGAGGTGCGAA-1","1","Stat3",0
"TAGGGTGAGTAACGAA-1","3","Stat3",0
"TAGGGTTCACCAATCC-1","4","Stat3",0
"TAGGTAGGTAAGGACC-1","5","Stat3",0
"TAGGTAGGTCTTGCCT-1","7","Stat3",0
"TAGGTGAGTTGGCGCT-1","14","Stat3",0
"TAGGTGGAGCAGGGTA-1","3","Stat3",0
"TAGGTTACAAGCTATA-1","14","Stat3",0
"TAGGTTACAGGCTATG-1","5","Stat3",0
"TAGTACCGTTGGGTCC-1","5","Stat3",0
"TAGTAGCCAGCTAACG-1","7","Stat3",0.621129985931116
"TAGTCCCCAAGGGAAC-1","3","Stat3",0.784701711628912
"TAGTGCATCGCTGGCA-1","2","Stat3",0
"TAGTGGGAGCTAGCCG-1","6","Stat3",1.11549290101912
"TAGTGGGAGGTACGTC-1","3","Stat3",0
"TAGTGTTAGCGATGGA-1","4","Stat3",1.90326544635738
"TAGTTAGCAAGGTCCA-1","2","Stat3",0.603271033732662
"TAGTTAGCATGATATG-1","1","Stat3",0
"TAGTTCCTCCAACCTT-1","8","Stat3",1.4394888082265
"TAGTTTCCAAATGAGG-1","7","Stat3",0.660025433908088
"TAGTTTCCAACTAGAC-1","12","Stat3",0
"TAGTTTGGTTCGAGCC-1","4","Stat3",0
"TAGTTTGGTTGTCTCC-1","0","Stat3",0
"TATACGTAGCATGGCT-1","8","Stat3",1.06735167034271
"TATACGTAGGTCCCGA-1","0","Stat3",0
"TATACGTAGTCAGGAG-1","13","Stat3",0
"TATAGGGGTTAGTGCT-1","3","Stat3",0
"TATAGGGGTTGGATAG-1","0","Stat3",0.781475661591399
"TATAGGTTCATGCACA-1","7","Stat3",0
"TATAGTCAGCGCCTAG-1","1","Stat3",0.664162416807938
"TATAGTCAGCTTCCAT-1","5","Stat3",0
"TATAGTCAGGGTATCC-1","1","Stat3",0
"TATCACCTCCAACCGG-1","2","Stat3",0
"TATCACCTCCACCGTC-1","5","Stat3",0.498674774367938
"TATCATCCAATCTCCA-1","8","Stat3",0
"TATCCAAGTAAGGGCT-1","1","Stat3",0
"TATCCAAGTATAGCAG-1","5","Stat3",0
"TATCCAAGTCTCCAAG-1","7","Stat3",0
"TATCCATCATCGACTC-1","13","Stat3",0
"TATCCCACAAGCGGAG-1","4","Stat3",0
"TATCCCACATTCGTCA-1","6","Stat3",0
"TATCCGCCAATCTCTG-1","6","Stat3",0
"TATCCGGGTAACCCAT-1","8","Stat3",0
"TATCCGGGTAAGGACC-1","3","Stat3",0
"TATCCGTTCACGTTGA-1","1","Stat3",0
"TATCCGTTCTAAGCCA-1","6","Stat3",0
"TATCCTTGTTGCGGAG-1","13","Stat3",0.527184217242477
"TATCGAACATTAGCGG-1","4","Stat3",0
"TATCGCTTCCCGCTGT-1","8","Stat3",0
"TATCGCTTCCGCGTCT-1","2","Stat3",0
"TATCGGGCATGGTATA-1","5","Stat3",0.685583932366266
"TATCGTAGTTGACTCG-1","10","Stat3",0
"TATCGTTCAAGCTATA-1","2","Stat3",0
"TATCTCATCCATCTAC-1","3","Stat3",0
"TATCTGCTCCCATGCC-1","9","Stat3",0
"TATCTGCTCGTGCGTG-1","4","Stat3",0
"TATCTTGTCCGTGCAG-1","12","Stat3",0
"TATGACTAGAAGGTGT-1","1","Stat3",0
"TATGAGAAGTGGCTCG-1","14","Stat3",0
"TATGATGCATCCATAT-1","10","Stat3",2.34677381447963
"TATGCAACACCAGGAC-1","3","Stat3",0.624293626880357
"TATGCAACATCCTGCG-1","7","Stat3",0
"TATGCTAGTTCGCAGC-1","0","Stat3",0
"TATGGCCAGCCGACCA-1","5","Stat3",0
"TATGGCCAGGTTGCTA-1","1","Stat3",0
"TATGGTTAGGAACTGG-1","7","Stat3",0
"TATGGTTAGGCTACCG-1","14","Stat3",0
"TATGGTTAGGGGATTG-1","2","Stat3",0
"TCAAAGCCATGGATAC-1","8","Stat3",0
"TCAAATGCACCTTCCC-1","0","Stat3",0
"TCAAATGCAGGGACGA-1","5","Stat3",0
"TCAAATGCATTCCTCT-1","4","Stat3",0
"TCAACATAGTGAAGCG-1","6","Stat3",0
"TCAACCAAGTATGAGA-1","4","Stat3",0
"TCAACCTTCAAGTCCA-1","2","Stat3",0
"TCAATCCTCATCATCC-1","5","Stat3",0.66918903191833
"TCAATCTCATCCTCGG-1","1","Stat3",0
"TCAATTGGTTCGGGCT-1","0","Stat3",0
"TCACAATAGGTGGACA-1","7","Stat3",0.536125342631577
"TCACACAAGCTTAACG-1","0","Stat3",0
"TCACACCCAGTACCAG-1","0","Stat3",0
"TCACAGGCAATCTATC-1","12","Stat3",1.94831399636671
"TCACATAGTGGGTCTC-1","1","Stat3",0
"TCACATAGTTACACTA-1","0","Stat3",0
"TCACATGAGGCATTCA-1","5","Stat3",0
"TCACATGAGGTATAGA-1","6","Stat3",0
"TCACATTCAAGCTCAG-1","1","Stat3",0
"TCACATTCAGGGCTTA-1","0","Stat3",0
"TCACCAAAGTTAGCGC-1","2","Stat3",0
"TCACCATTCCGGATAC-1","9","Stat3",0
"TCACCCTGTGAAGGAG-1","4","Stat3",0
"TCACGAATCCCGCTTA-1","6","Stat3",0
"TCACGACAGCTATCCT-1","10","Stat3",0
"TCACGATGTCAAGGGT-1","3","Stat3",0
"TCACGCCTCATCGTCT-1","4","Stat3",0
"TCACGCCTCATGTAAC-1","9","Stat3",1.48639818341395
"TCACGGACACAGGGCT-1","0","Stat3",0.618354276872597
"TCACGGACAGGTTCCT-1","0","Stat3",0
"TCACGGACAGGTTGGC-1","11","Stat3",0
"TCACGGACAGTTAGGT-1","6","Stat3",0
"TCACGTAAGCCATTGA-1","4","Stat3",0
"TCACGTAAGGATTAGA-1","6","Stat3",1.07593735315205
"TCACGTAAGGGTAGCA-1","2","Stat3",0
"TCACGTAAGTACGGGA-1","7","Stat3",0.668399877487963
"TCACGTAAGTGAGCCT-1","7","Stat3",0
"TCACGTCCAACCGTAG-1","6","Stat3",0
"TCACGTCCAGGCAAGG-1","8","Stat3",0
"TCACGTTTCGTGAGAG-1","0","Stat3",1.35995871109555
"TCACTCACACCATGCT-1","5","Stat3",0
"TCACTCACAGGGACTC-1","5","Stat3",0
"TCACTGTTCGAATCCA-1","9","Stat3",0
"TCACTGTTCGTGAGTC-1","4","Stat3",0
"TCACTTATCGTTCACT-1","14","Stat3",0
"TCAGAGGAGCAAGTCC-1","10","Stat3",0
"TCAGAGGAGGTTACGC-1","3","Stat3",0
"TCAGCATGTAACCACT-1","7","Stat3",0
"TCAGCATGTCTTGGTG-1","2","Stat3",0
"TCAGCCAGTCTCAGTG-1","8","Stat3",0
"TCAGCTAAGTAGTGCC-1","1","Stat3",0.707030621198177
"TCAGGTCAGGGTATCC-1","14","Stat3",1.13941728346886
"TCAGGTTGTCATCCCT-1","0","Stat3",0
"TCAGGTTGTGCGGTCT-1","8","Stat3",2.09401455295064
"TCAGTATAGGTAAGCG-1","4","Stat3",0
"TCAGTATAGGTAGTAA-1","4","Stat3",0
"TCAGTATAGTGACGGA-1","1","Stat3",0.636910406466012
"TCAGTCAAGATAGGTA-1","0","Stat3",0
"TCAGTCAAGTCAGGTC-1","5","Stat3",0
"TCAGTTAGTAAGCCAA-1","0","Stat3",0
"TCATAGGTCCATGCCC-1","7","Stat3",0
"TCATAGGTCCGTAGCG-1","6","Stat3",0
"TCATAGGTCCTCTCGA-1","13","Stat3",0.837811623242097
"TCATATGGTTGACGCC-1","2","Stat3",0
"TCATCATCAACGGCTA-1","1","Stat3",0
"TCATCGAAGTACCATG-1","0","Stat3",0
"TCATCGCCAAGCTGGC-1","14","Stat3",0.693097184309654
"TCATCTATCATACAGT-1","7","Stat3",0
"TCATCTATCATGGCTA-1","7","Stat3",0.55525801944066
"TCATCTATCGCTCTGC-1","9","Stat3",0
"TCATGCTTCACGTACA-1","2","Stat3",0.705574762324705
"TCATGCTTCCAGGTTA-1","4","Stat3",1.86080059627647
"TCATGCTTCCATAGTG-1","4","Stat3",0
"TCATGGATCAGGACTC-1","2","Stat3",0
"TCATGGATCCATCAAG-1","10","Stat3",0
"TCATGGATCGATAGCC-1","2","Stat3",0
"TCATGGATCGTTACCT-1","1","Stat3",0.662519398969564
"TCATGGGCATTCCTAG-1","4","Stat3",0
"TCATGTGAGCTGGTTA-1","2","Stat3",0
"TCATGTTCACTAGCTC-1","5","Stat3",0
"TCATTAGGTAAGCGTA-1","0","Stat3",0.687200681372219
"TCATTAGGTCTAAGCT-1","0","Stat3",0
"TCATTCATCACATGCA-1","4","Stat3",0
"TCATTCATCTAGCCAA-1","7","Stat3",0
"TCATTCGCAAAGGACA-1","10","Stat3",0
"TCATTCGCACCATCTA-1","14","Stat3",0
"TCATTCGCAGTTGCCT-1","3","Stat3",0
"TCATTGCTCACAGGTC-1","1","Stat3",0
"TCATTGCTCACCACTT-1","13","Stat3",0
"TCATTGCTCGATGATT-1","14","Stat3",0
"TCATTGCTCTAGCTTC-1","7","Stat3",0
"TCCAAAGTCGCTCACC-1","10","Stat3",2.30186540962365
"TCCAACCCACTTGGTC-1","7","Stat3",0
"TCCAACTTCAGTATGT-1","2","Stat3",0
"TCCAACTTCTGGGCAT-1","3","Stat3",0.613227895936702
"TCCAATAGTGAGCCAG-1","1","Stat3",0
"TCCAATGAGCCACATA-1","7","Stat3",0.846156633444512
"TCCAATGAGGATCCGT-1","1","Stat3",0
"TCCAATGAGTGAGTCC-1","1","Stat3",0
"TCCAATGAGTTAGCTG-1","0","Stat3",0
"TCCAATGAGTTGCTGA-1","1","Stat3",0
"TCCAATTCAGTACTAA-1","3","Stat3",0.584815525195212
"TCCAATTCATAGGGTT-1","3","Stat3",0.450617913777321
"TCCAATTCATTAGGCG-1","3","Stat3",0
"TCCACACCAACTAGCG-1","1","Stat3",0
"TCCACATTCTAGCTCT-1","3","Stat3",0
"TCCACCGCAACCAAGT-1","2","Stat3",0.605719431827614
"TCCACCGCATAGAGCT-1","0","Stat3",0.926967179030767
"TCCACTTAGGCGTAGA-1","4","Stat3",1.75838777152377
"TCCAGCTCAAATCCAA-1","5","Stat3",0
"TCCAGCTCAAGCTCCT-1","5","Stat3",0
"TCCAGGTAGGGGATTG-1","10","Stat3",3.01823971592423
"TCCAGGTAGGTAATCT-1","15","Stat3",0
"TCCAGTAAGCCCTGTC-1","0","Stat3",0.734915113473821
"TCCATAGAGGTTAGGG-1","14","Stat3",0
"TCCATCCGTAATCGTC-1","6","Stat3",1.14187957424183
"TCCATGAAGCGATGTC-1","0","Stat3",0.96135890776752
"TCCATGGGTGGAAGTC-1","14","Stat3",0
"TCCATTGCAATGTCGG-1","0","Stat3",0.709803555387621
"TCCATTGCAGGTAGTT-1","11","Stat3",0
"TCCATTGCATAATCAG-1","9","Stat3",0.872446533495977
"TCCCAACCAACGTGAT-1","8","Stat3",0
"TCCCAACCAAGGTGCC-1","2","Stat3",0
"TCCCAACCAATCCTCA-1","0","Stat3",0
"TCCCAACCATTCATCG-1","13","Stat3",0
"TCCCAAGGTCAACCAT-1","15","Stat3",0
"TCCCAAGGTGCGGTCT-1","2","Stat3",0
"TCCCAGCTCCCTGGCT-1","5","Stat3",0
"TCCCCAATCGACTTGA-1","1","Stat3",0
"TCCCCTAAGGATTCAT-1","2","Stat3",0
"TCCCCTGGTGAGGTGT-1","7","Stat3",0
"TCCCCTGGTGATGACA-1","12","Stat3",0
"TCCCCTGGTTGGTCAT-1","10","Stat3",0
"TCCCGAAGTTCGTCCT-1","2","Stat3",0
"TCCCGATCAGTTAGTA-1","5","Stat3",0
"TCCCGTTGTATAGCTC-1","3","Stat3",0
"TCCCTCAAGGTAGGCA-1","4","Stat3",0
"TCCCTCAAGTGAGGAT-1","5","Stat3",0
"TCCCTTAGTTCGGCTA-1","0","Stat3",0
"TCCCTTGAGCGGTTAC-1","6","Stat3",0
"TCCTAATCAACTTACT-1","1","Stat3",0.727924602252581
"TCCTAATCAAGCGTTG-1","1","Stat3",0
"TCCTAATCATGAAGTC-1","10","Stat3",0
"TCCTAGAAGGAGGCAC-1","6","Stat3",0
"TCCTAGAAGGATTACT-1","3","Stat3",1.13999558883402
"TCCTAGAAGTAGAGGT-1","3","Stat3",0
"TCCTATATCACGGAAG-1","9","Stat3",0
"TCCTATTGTAATCGCT-1","1","Stat3",0
"TCCTCAACAAATCCAA-1","9","Stat3",0
"TCCTCGATCCATCACT-1","14","Stat3",0
"TCCTCTTCAACTTCGC-1","12","Stat3",0
"TCCTCTTCAATCAGGT-1","5","Stat3",0
"TCCTCTTCAGGGCAGA-1","11","Stat3",0
"TCCTGACCAGGGACGA-1","6","Stat3",1.07504655811793
"TCCTGGTCAATGTATG-1","3","Stat3",0.644427143331616
"TCCTGGTCATAGGGCC-1","5","Stat3",0.767915088063956
"TCCTGTTAGCATGGTC-1","1","Stat3",0
"TCCTGTTAGGGGATTG-1","3","Stat3",0
"TCCTTAATCAGCAGAG-1","5","Stat3",0
"TCCTTATGTGGACCGA-1","5","Stat3",0.645546784526102
"TCCTTCTCAAGCGTAT-1","5","Stat3",0
"TCCTTGGTCATCTGTC-1","2","Stat3",0
"TCCTTTGGTATGGTCT-1","8","Stat3",1.70815189712004
"TCGAATGTCCCGCTGT-1","4","Stat3",0
"TCGACACAGGTGCGAA-1","12","Stat3",0
"TCGACACAGTTAGGCC-1","0","Stat3",0.710329293223479
"TCGACCAGTGGGTACG-1","12","Stat3",0
"TCGACCTCAATATCCT-1","4","Stat3",0
"TCGACCTCATAAGGTC-1","10","Stat3",0
"TCGACCTCATAGGCGC-1","1","Stat3",1.14401338587217
"TCGACGTAGCTGGAAG-1","7","Stat3",0
"TCGACTAAGGGGATGC-1","2","Stat3",0
"TCGAGGTTCTATGTGG-1","13","Stat3",0.57292963465644
"TCGATAGTCTAGTGCA-1","11","Stat3",0
"TCGATATAGGTAAGTA-1","0","Stat3",0
"TCGATATAGTTACCGA-1","5","Stat3",0
"TCGATCAAGGTAATCT-1","9","Stat3",0
"TCGATCAAGTTGCGAC-1","1","Stat3",0
"TCGATTGAGGCGCATT-1","8","Stat3",0
"TCGCAAATCCTCAGTT-1","1","Stat3",0
"TCGCAAATCGACCTGG-1","0","Stat3",0
"TCGCAAATCGAGCACT-1","2","Stat3",0
"TCGCAAATCTGGGAAG-1","6","Stat3",1.64537123395221
"TCGCAACAGGTGACAG-1","10","Stat3",2.09401455295064
"TCGCACCTCGCGCCAA-1","2","Stat3",0
"TCGCAGACAAACCATA-1","14","Stat3",0
"TCGCAGACAATACTTC-1","5","Stat3",0
"TCGCATAAGCGCTACG-1","6","Stat3",0
"TCGCATAAGCTGGCTG-1","3","Stat3",0
"TCGCATGGTAGTCAAG-1","9","Stat3",1.18452001371949
"TCGCCATCACATTAAG-1","14","Stat3",1.2849200801299
"TCGCCTATCCATTACC-1","2","Stat3",0.435362995752613
"TCGCCTGCAATTAACG-1","0","Stat3",0
"TCGCCTTGTTTGGTGT-1","15","Stat3",0
"TCGCGATAGCCAGTCG-1","9","Stat3",1.02737474732733
"TCGCGATAGTGATTCG-1","5","Stat3",0
"TCGCGCAAGATAGGGT-1","13","Stat3",0
"TCGCGGATCGACATCA-1","5","Stat3",0
"TCGCTAAAGAAGCCCT-1","9","Stat3",0
"TCGCTAAAGCTACGAC-1","4","Stat3",0
"TCGCTAGGTGGAGCAT-1","0","Stat3",0
"TCGCTCGCAATTCATC-1","0","Stat3",0
"TCGCTCGCAGCCATTC-1","0","Stat3",0.671685208240306
"TCGCTCTGTGATCCTG-1","5","Stat3",0
"TCGCTCTGTGCGTAGG-1","1","Stat3",0
"TCGCTCTGTTCGGCTA-1","1","Stat3",0.497889034374172
"TCGCTGCTCATCAGTG-1","10","Stat3",0
"TCGCTTACAAGCTTAA-1","7","Stat3",0
"TCGCTTGTCCATCACT-1","3","Stat3",1.42150129120904
"TCGGCAACATAACCGG-1","6","Stat3",0
"TCGGCCAAGTGCCAGT-1","2","Stat3",1.10572927855811
"TCGGCTAGTTATGGAG-1","15","Stat3",0
"TCGGCTGAGCTTACTC-1","8","Stat3",0
"TCGGGCATCCAGCAAC-1","3","Stat3",0
"TCGGGGTCAATGGGCC-1","3","Stat3",0.841924656654585
"TCGGGTTAGCTAGGGA-1","12","Stat3",0
"TCGGTAATCGCGACTG-1","3","Stat3",0
"TCGGTCAGTGAGGATC-1","0","Stat3",0.976165790495064
"TCGGTCAGTGAGTTGA-1","2","Stat3",0
"TCGGTTAAGAACGGAT-1","13","Stat3",0
"TCGGTTAAGGTACTAT-1","5","Stat3",0
"TCGTAATAGCATGACC-1","5","Stat3",0
"TCGTAATAGGATGGTG-1","11","Stat3",0
"TCGTACGGTAATCGTC-1","4","Stat3",0
"TCGTACTTCGAATGAA-1","15","Stat3",0
"TCGTACTTCGATGAGG-1","1","Stat3",0.771586972195585
"TCGTCAAAGTGCCCAG-1","0","Stat3",0
"TCGTCATTCCATCGTT-1","0","Stat3",0
"TCGTCCATCGTTACAG-1","7","Stat3",0
"TCGTGCCTCCCAATCT-1","6","Stat3",0
"TCGTGCCTCGCGCGTA-1","0","Stat3",0.89733865818624
"TCGTGCCTCTCATTGC-1","7","Stat3",0
"TCGTGTCCACTCAACC-1","11","Stat3",0
"TCGTTGAAGCTGGGTT-1","0","Stat3",0
"TCGTTGAAGGGTACTC-1","7","Stat3",0
"TCGTTGAAGGTCGAAG-1","6","Stat3",0.969208748544844
"TCGTTGGGTAGTCCGC-1","7","Stat3",0
"TCGTTTCAGGTCAACC-1","7","Stat3",0.538996500732687
"TCGTTTCAGTAACCGC-1","2","Stat3",0
"TCGTTTGCAAGCGTGC-1","7","Stat3",0.634528189010617
"TCTAACCTCCATGACA-1","2","Stat3",0.543015051427165
"TCTAACCTCCGTAGTA-1","2","Stat3",0
"TCTAAGGTCCGGTAGT-1","16","Stat3",0
"TCTAATCCATAGGTGT-1","0","Stat3",0
"TCTAATCCATTCGGGA-1","1","Stat3",0
"TCTACAAGTTGACCAT-1","4","Stat3",0
"TCTACGAAGTTGGGTC-1","2","Stat3",0
"TCTACGCCAGCTCACT-1","2","Stat3",0
"TCTACGCCAGGCTAAT-1","7","Stat3",0
"TCTACGTTCGCTAGTA-1","10","Stat3",0
"TCTACTTGTAGTTGGA-1","7","Stat3",0.631668971007576
"TCTACTTGTATGTGTC-1","8","Stat3",0
"TCTACTTGTTTCCTAT-1","6","Stat3",0.707760899319694
"TCTAGCGGTGCAGGCA-1","1","Stat3",0
"TCTAGCTTCCGTAGGT-1","3","Stat3",0.633655164935907
"TCTAGCTTCCTGCACC-1","1","Stat3",0
"TCTATAGGTTTCCGCT-1","6","Stat3",0
"TCTATCTGTAGTGTGA-1","10","Stat3",0
"TCTATCTGTCAGGAGT-1","12","Stat3",0
"TCTATGCTCATCTGGA-1","11","Stat3",0
"TCTATGCTCCAATGTG-1","11","Stat3",0.63888864424663
"TCTATGCTCGCGTGAT-1","3","Stat3",0
"TCTATGGAGCGGTGAA-1","8","Stat3",0
"TCTATTGTCCAGGGAA-1","10","Stat3",2.84916734086597
"TCTCAATCAAACTCGG-1","14","Stat3",0
"TCTCAATCAACCGGAC-1","7","Stat3",0.520115129942703
"TCTCAATCAGGGCCAT-1","6","Stat3",0
"TCTCACTAGAACCATT-1","11","Stat3",0
"TCTCATTGTCTTGCTC-1","10","Stat3",0
"TCTCCAACATCCTGCG-1","6","Stat3",0
"TCTCCAACATGGTCGA-1","7","Stat3",0
"TCTCGAGGTATAGCGA-1","8","Stat3",1.40720317318917
"TCTCGAGGTCTAGGAA-1","1","Stat3",0
"TCTCGCATCACACCGG-1","6","Stat3",0
"TCTCGCATCCATTCCG-1","0","Stat3",0
"TCTCGCATCCGTGCAG-1","4","Stat3",0
"TCTCGGCTCGTACTTC-1","6","Stat3",0.781604168547198
"TCTCGTTAGGTAATTC-1","5","Stat3",0
"TCTCTAGCATTCGTAT-1","10","Stat3",2.52950901854903
"TCTCTAGCATTCGTGC-1","0","Stat3",0
"TCTCTATGTCAGGAAC-1","8","Stat3",0
"TCTCTCCTCGCTGACG-1","12","Stat3",0
"TCTCTGGTCTATGCTC-1","8","Stat3",0
"TCTGACAAGCTAGTGC-1","3","Stat3",0.734915113473821
"TCTGAGGCATGATTGA-1","5","Stat3",0
"TCTGATAGTAGCCTCA-1","4","Stat3",0
"TCTGATGAGCGGCATT-1","2","Stat3",0
"TCTGCATTCACTAGCA-1","5","Stat3",0.482166045354273
"TCTGCATTCCAATGCA-1","2","Stat3",0
"TCTGCGAGTGCGATGG-1","2","Stat3",0.846042689775974
"TCTGCGGAGTCGCATA-1","3","Stat3",0
"TCTGCGGAGTGATTAC-1","2","Stat3",0
"TCTGGATGTGACCGAG-1","7","Stat3",0
"TCTGGCCTCCATTAGG-1","7","Stat3",0.48067749774992
"TCTGGCCTCCCAATTC-1","4","Stat3",0
"TCTGGCTCAATCCTAT-1","5","Stat3",0
"TCTGGCTCATAGACCG-1","6","Stat3",0.535038392382747
"TCTGGGACAATAGTTG-1","5","Stat3",0
"TCTGGGCGTGAGGAGA-1","11","Stat3",0.701090757456041
"TCTGGGCGTTCCCGAA-1","0","Stat3",0.978750682319483
"TCTGGGCGTTCCGGGT-1","4","Stat3",0
"TCTGGGCGTTCCTTGC-1","0","Stat3",1.0627426507291
"TCTGGGGTCACTTCGT-1","1","Stat3",0
"TCTGGGGTCCCTGTAT-1","4","Stat3",0
"TCTGGGTAGTAGCAGG-1","3","Stat3",0
"TCTGGTAAGCATATCG-1","9","Stat3",0
"TCTGGTAAGTGGGTCT-1","12","Stat3",0
"TCTGTAAGTGCGCAAG-1","0","Stat3",0
"TCTGTCCGTTGTAGAG-1","11","Stat3",0
"TCTGTCCGTTTAGTTG-1","11","Stat3",0
"TCTGTGAAGATTGAGA-1","13","Stat3",0.814278059986013
"TCTGTTGCAAGCCATG-1","8","Stat3",0
"TGAAACCCATGACACG-1","3","Stat3",0.631875265851185
"TGAAACCCATGGTCGA-1","13","Stat3",0
"TGAAACTTCATGGTTG-1","3","Stat3",0.984069933672217
"TGAACAGGTTTCCGCT-1","0","Stat3",0.917342019798568
"TGAACATTCGTGATAT-1","12","Stat3",0
"TGAACCATCGCATGAC-1","13","Stat3",0
"TGAACCCAGCCCTTGC-1","2","Stat3",0
"TGAACCGCAAAGGAAT-1","1","Stat3",0
"TGAACCGCATGGTCAG-1","10","Stat3",0
"TGAATAGAGCAAGTGG-1","4","Stat3",0
"TGAATAGAGTTACGGC-1","4","Stat3",0
"TGAATCCGTAAGTCAG-1","1","Stat3",0
"TGAATCCGTCTAGGAA-1","7","Stat3",0
"TGAATTGCATTCAGGG-1","5","Stat3",0
"TGAATTGCATTCGTAT-1","2","Stat3",0
"TGACACGCAAGCGTGC-1","8","Stat3",0
"TGACCAATCCACCTTG-1","1","Stat3",0.623088334416404
"TGACCAATCGTCTCCA-1","7","Stat3",0
"TGACCAGCACTAGCAG-1","16","Stat3",0
"TGACCCAGTTAGAGCA-1","9","Stat3",0
"TGACCCTCAAATCATG-1","9","Stat3",1.30415213556407
"TGACCCTCAAATCGCG-1","2","Stat3",0
"TGACCCTCACTTCGCG-1","8","Stat3",0
"TGACCTAAGGGTTGGA-1","8","Stat3",2.32609410674256
"TGACGAAGTAATGGGC-1","4","Stat3",0
"TGACGAAGTGCATTAC-1","2","Stat3",0
"TGACGTTGTGCAGGAT-1","8","Stat3",0
"TGACTCCCATGGTTAA-1","14","Stat3",0
"TGACTGATCTTGATGG-1","8","Stat3",0
"TGAGAACAGAAGCATA-1","6","Stat3",0
"TGAGAATGTTGGGCAG-1","2","Stat3",0
"TGAGATGGTGACGATA-1","2","Stat3",0.899928763654897
"TGAGATGGTGCGCAAG-1","6","Stat3",0
"TGAGATGGTTGCGGCT-1","12","Stat3",0
"TGAGCAAGTCTAAGTC-1","3","Stat3",0.463562275963095
"TGAGCAAGTTCCTCGT-1","3","Stat3",0.815892589323028
"TGAGCATCAATTACCT-1","5","Stat3",0
"TGAGCATCATCGGGAC-1","2","Stat3",0
"TGAGCCACATGACCTC-1","13","Stat3",0
"TGAGCCACATGATAGC-1","6","Stat3",0
"TGAGCCCGTAGCAGTA-1","2","Stat3",0
"TGAGCCCGTTTACGGT-1","0","Stat3",0.905244822445678
"TGAGCGCCATGACTAA-1","2","Stat3",0
"TGAGCGGGTTCAAGTC-1","6","Stat3",0
"TGAGCTATCCGCTACC-1","8","Stat3",1.43875257158447
"TGAGCTATCCTGTATC-1","4","Stat3",1.47278039005436
"TGAGCTGCATGATCCC-1","2","Stat3",1.04449390053757
"TGAGCTGCATTAGAGC-1","4","Stat3",0
"TGAGCTTGTCTGTCCT-1","2","Stat3",0
"TGAGGCAAGCGCCTTC-1","2","Stat3",0
"TGAGGCAAGGTGCTGT-1","12","Stat3",0
"TGAGGCAAGTGCTGAC-1","0","Stat3",0
"TGAGGCTTCAATGTAC-1","2","Stat3",0
"TGAGGGATCTCATCGT-1","8","Stat3",0
"TGAGGTAGTTCCCATC-1","1","Stat3",0
"TGAGGTAGTTTGCGGC-1","3","Stat3",0
"TGAGGTGAGCATGATT-1","4","Stat3",0
"TGAGGTGAGCGATAGG-1","3","Stat3",0
"TGAGGTGAGGTGACAG-1","1","Stat3",0.913748294252482
"TGAGGTGAGTAGTTCG-1","4","Stat3",0
"TGAGGTTCAAGTGAGA-1","1","Stat3",0.6067804486776
"TGAGGTTCAGCCTATC-1","9","Stat3",0
"TGAGTAAAGGCTTGGT-1","11","Stat3",0
"TGAGTAGGTAATGACG-1","2","Stat3",0
"TGAGTAGGTAGTCCTG-1","6","Stat3",0
"TGAGTAGGTTTCCTTG-1","11","Stat3",0
"TGAGTCGCAGGTAATC-1","10","Stat3",0
"TGAGTCGCATGCTCCG-1","12","Stat3",0
"TGAGTCTGTGGCAGCA-1","13","Stat3",0
"TGAGTCTGTTAGCGAA-1","1","Stat3",0
"TGAGTTACAAGTATCA-1","1","Stat3",0
"TGATAGAAGCAAGCGA-1","8","Stat3",1.6236684242468
"TGATAGAAGGAGGTTG-1","13","Stat3",0
"TGATCCGGTAATGCGA-1","1","Stat3",0
"TGATCCGGTAGTAGCA-1","9","Stat3",1.27424255217057
"TGATCCGGTCAGGGCA-1","3","Stat3",1.2903353471358
"TGATCCGGTTTGGTCG-1","5","Stat3",0
"TGATGAAAGCGAGTAG-1","5","Stat3",0
"TGATGCCAGCCAGTCG-1","1","Stat3",0
"TGATGTTAGCCCTTCA-1","11","Stat3",0
"TGATGTTAGTATGTCG-1","2","Stat3",0
"TGATTAGCAACTGCGA-1","6","Stat3",0
"TGATTGGTCACTAGCA-1","4","Stat3",0
"TGATTGGTCAGGATGG-1","10","Stat3",0
"TGATTTCCAATCTGCC-1","11","Stat3",0
"TGATTTGGTAACTCCG-1","3","Stat3",1.02336101499274
"TGATTTGGTCAGGGCA-1","9","Stat3",0
"TGATTTGGTCTTGATA-1","2","Stat3",0
"TGCAAACCACTTCGAC-1","3","Stat3",0
"TGCAAACCAGGCTACA-1","11","Stat3",0
"TGCAAAGGTGGGAACT-1","0","Stat3",0
"TGCAAAGGTTGTGATC-1","1","Stat3",0
"TGCAAAGGTTTGGACT-1","13","Stat3",0
"TGCAAATTCACTATGG-1","5","Stat3",0
"TGCAAATTCGTGCCCT-1","7","Stat3",0
"TGCAATGTCGAACGAG-1","1","Stat3",1.0819605337785
"TGCAATTAGCTACGGT-1","9","Stat3",0.88738723708923
"TGCAATTAGGTTCAAT-1","13","Stat3",1.07390361942988
"TGCACAATCCCCATGC-1","2","Stat3",0
"TGCACAATCGAGTCCG-1","5","Stat3",0
"TGCACAATCGCGATTA-1","7","Stat3",0
"TGCACCCTCCCGCTAC-1","8","Stat3",0
"TGCACCCTCGCGTGAT-1","6","Stat3",0
"TGCACCTCATGCTTCA-1","5","Stat3",0
"TGCACGTAGGTACCAC-1","7","Stat3",0
"TGCAGGCCAACTACGG-1","1","Stat3",0
"TGCAGGCCACCTTCAA-1","5","Stat3",0
"TGCAGGCCATAATCTC-1","16","Stat3",1.55597717222157
"TGCAGGTTCCAGCCCT-1","0","Stat3",0
"TGCAGGTTCGTAATGT-1","1","Stat3",0.930440760598913
"TGCATAGTCATGCTAG-1","6","Stat3",0
"TGCATATAGGATCTCA-1","15","Stat3",0
"TGCATCAAGCCTGAAC-1","5","Stat3",1.29976803840522
"TGCATCCCACAGGCAC-1","15","Stat3",0
"TGCATCCCAGGTAATC-1","8","Stat3",0
"TGCATTAGTTGGTAGA-1","6","Stat3",0.658583330362765
"TGCATTGAGTAACGGG-1","14","Stat3",0
"TGCATTTCAAATGCCG-1","3","Stat3",0
"TGCATTTCAACGGGTC-1","0","Stat3",0
"TGCATTTCAAGCTGGC-1","4","Stat3",0
"TGCATTTCATAGGCGC-1","1","Stat3",0
"TGCATTTCATAGGTGT-1","1","Stat3",0
"TGCATTTCATTACCGC-1","4","Stat3",0
"TGCATTTCATTAGACA-1","5","Stat3",0
"TGCCAGGTCACCTAAG-1","2","Stat3",0
"TGCCAGTAGCCATCAA-1","5","Stat3",0
"TGCCAGTAGCCCTGAG-1","14","Stat3",0
"TGCCATCCAGGCAGTC-1","0","Stat3",1.25571723328692
"TGCCATTTCACGGCTG-1","11","Stat3",0
"TGCCATTTCGTGAATT-1","7","Stat3",0
"TGCCCGAAGCGGTCTG-1","5","Stat3",0
"TGCCCGAAGGTCGATC-1","6","Stat3",0.670913301886704
"TGCCCGAAGGTTACTG-1","4","Stat3",1.08260564935874
"TGCCCGTTCACGTTGA-1","0","Stat3",0
"TGCCCGTTCGTTAGGC-1","7","Stat3",0.845283894950857
"TGCCGAACAGCTACTC-1","2","Stat3",0.525426827290467
"TGCCGCTTCACTCCAT-1","8","Stat3",0
"TGCCGCTTCGAACCCG-1","3","Stat3",0
"TGCCGTAGTGCAACGG-1","6","Stat3",0
"TGCCGTGAGCGCATGT-1","2","Stat3",0
"TGCCGTGAGGAATCAA-1","14","Stat3",1.25508925839795
"TGCCGTTCATAATCTC-1","4","Stat3",0
"TGCCGTTCATGATCCC-1","0","Stat3",0
"TGCCTAAAGCATCTCT-1","8","Stat3",0
"TGCCTAAAGCCTGATA-1","1","Stat3",0
"TGCCTAAAGTGAACGG-1","5","Stat3",0
"TGCCTAGGTTTACGGT-1","1","Stat3",0
"TGCCTCGCAAAGGATG-1","0","Stat3",0
"TGCCTCTGTCAACTGT-1","4","Stat3",0
"TGCCTGCTCCCGCAAG-1","1","Stat3",0
"TGCCTGCTCCTCTAGT-1","15","Stat3",0
"TGCCTGCTCGTGCCTC-1","9","Stat3",0
"TGCCTTTAGTCGATTG-1","9","Stat3",0
"TGCGAAAGTTGAGCTT-1","6","Stat3",0
"TGCGAAAGTTGCTGTG-1","10","Stat3",0
"TGCGACCGTTCGTGAT-1","4","Stat3",0
"TGCGACTAGGTTCACA-1","3","Stat3",0
"TGCGAGGGTTAAGGGC-1","7","Stat3",0
"TGCGATTGTCATCCCT-1","6","Stat3",0
"TGCGGCTGTAAGTGTG-1","11","Stat3",0
"TGCGGCTGTTGCGACC-1","3","Stat3",0
"TGCGGGTCACAGCGAC-1","11","Stat3",0
"TGCGGTTAGGTCAAGG-1","3","Stat3",0
"TGCGTAATCATGGTGC-1","5","Stat3",0
"TGCGTAATCGACATCA-1","0","Stat3",0
"TGCGTAATCGATCAAT-1","13","Stat3",0.536478838753848
"TGCTAACGTAAGTTGG-1","9","Stat3",0
"TGCTAACGTCTCCATC-1","8","Stat3",0
"TGCTAAGTCATCAGTG-1","10","Stat3",0
"TGCTAAGTCGTGATGC-1","4","Stat3",0
"TGCTACAAGCGACTAC-1","0","Stat3",1.07390361942988
"TGCTACCCAAGCCTGA-1","15","Stat3",0.457028740613105
"TGCTACCCATCAATTC-1","6","Stat3",0
"TGCTATAGTCAATCCG-1","10","Stat3",1.77162979968438
"TGCTATGAGAACCTTG-1","3","Stat3",0.703815303072055
"TGCTCAAAGTAGAGGT-1","11","Stat3",0.57855163232488
"TGCTCACCAAACTATG-1","1","Stat3",0
"TGCTCACCAAAGGTCT-1","1","Stat3",0
"TGCTCCATCGCTTGCC-1","8","Stat3",0
"TGCTCCGCAAGCCAAT-1","4","Stat3",0
"TGCTCCGCATTCGTGC-1","4","Stat3",0
"TGCTCGCTCCTTCGGC-1","1","Stat3",0
"TGCTGGACAAGGTAAG-1","2","Stat3",1.34319296817675
"TGCTGGACAATGTATG-1","7","Stat3",0
"TGCTGGACAATTACAG-1","0","Stat3",0
"TGCTGGACATCACTTG-1","6","Stat3",0
"TGCTGTCCAAGCACAT-1","12","Stat3",0
"TGCTTAAGTAAGTACG-1","2","Stat3",0
"TGCTTAAGTGACGACG-1","6","Stat3",0
"TGCTTAGAGGTAGGCA-1","2","Stat3",0
"TGCTTAGAGTGAGCGA-1","3","Stat3",0
"TGCTTCACAAGCTGTG-1","4","Stat3",0
"TGCTTCACATGACACG-1","1","Stat3",1.15471712073621
"TGGAACCTCAGGGACA-1","8","Stat3",0
"TGGAACCTCGCTAGAC-1","9","Stat3",0
"TGGACAAGTAGCTAAG-1","0","Stat3",1.61683879892166
"TGGACATCACAGGGTC-1","8","Stat3",0
"TGGACGAAGGTCGTAC-1","0","Stat3",0
"TGGACGAAGTCATCAG-1","1","Stat3",0
"TGGACGTTCCATAGAT-1","8","Stat3",0
"TGGACTATCTAAGCGC-1","11","Stat3",0
"TGGACTCAGATTGAAG-1","8","Stat3",0
"TGGACTCAGCTAAGGG-1","1","Stat3",0
"TGGAGCAAGTCAGGGA-1","14","Stat3",0
"TGGAGCGGTAGTCATC-1","6","Stat3",0
"TGGAGGATCCCGCGTT-1","16","Stat3",0
"TGGAGTAGTGCGGAAT-1","2","Stat3",0
"TGGAGTAGTGGCCAGA-1","8","Stat3",1.68701849187099
"TGGAGTAGTTAGGGAC-1","1","Stat3",0.910717196142963
"TGGAGTGAGGAGGCTA-1","10","Stat3",0
"TGGAGTGAGGTAACGG-1","3","Stat3",0
"TGGATATTCTAGGCGT-1","5","Stat3",0
"TGGATGGAGGTCATTG-1","0","Stat3",0
"TGGATGGAGTCAGTGC-1","5","Stat3",0
"TGGATTGTCGACTTGA-1","6","Stat3",0
"TGGCACTAGAACGAGT-1","1","Stat3",0
"TGGCACTAGGATCTAT-1","7","Stat3",0.603759080742988
"TGGCACTAGGATGCAG-1","3","Stat3",0
"TGGCATATCAGCCAAC-1","10","Stat3",0
"TGGCATGCAAGTAGTC-1","5","Stat3",0.628550331678766
"TGGCATTGTTAATGGG-1","5","Stat3",0
"TGGCATTGTTGGGATA-1","2","Stat3",0
"TGGCCATAGAAGGTGT-1","3","Stat3",0
"TGGCCATAGGTCGAGA-1","2","Stat3",0
"TGGCGAAAGGCGATGA-1","9","Stat3",1.06410835100195
"TGGCGAGGTTTACGGT-1","6","Stat3",0
"TGGCGATTCCGGTATA-1","0","Stat3",0
"TGGCGCATCAGTACCA-1","16","Stat3",0
"TGGCGCATCCCTCACA-1","10","Stat3",0
"TGGCTATGTCTGGTCA-1","7","Stat3",0
"TGGCTCTCAATACTGA-1","6","Stat3",0
"TGGCTGACACCTACCG-1","5","Stat3",0
"TGGCTGACAGCAGTTG-1","4","Stat3",0
"TGGCTGACATGATTGA-1","6","Stat3",0
"TGGCTTGGTTGAGCTT-1","8","Stat3",0
"TGGCTTGGTTTAAGCC-1","6","Stat3",0
"TGGGAACGTTAGGCCC-1","8","Stat3",2.03862302633411
"TGGGACAAGCAAGCGA-1","5","Stat3",0.910450777251392
"TGGGACAAGCTTACGA-1","0","Stat3",1.40720317318917
"TGGGATAGTTAGTGCT-1","4","Stat3",0
"TGGGATTCACTTCGCG-1","2","Stat3",0
"TGGGCAAAGGTTCCAA-1","1","Stat3",0
"TGGGCACCAACCGTGA-1","4","Stat3",0
"TGGGCACCAATGCGTG-1","9","Stat3",0
"TGGGCACCAGTAAGCT-1","4","Stat3",0
"TGGGCACCATTAACGA-1","0","Stat3",0
"TGGGCAGGTCAAGTTC-1","1","Stat3",0.647537580137244
"TGGGCTTAGCTAACCA-1","0","Stat3",0
"TGGGGCAGTTATCTCT-1","10","Stat3",2.06102417790366
"TGGGGCTCATCCTGCG-1","1","Stat3",0
"TGGGGCTCATGATCCC-1","5","Stat3",0
"TGGGGTTTCCCAGATA-1","6","Stat3",0
"TGGGGTTTCCTGACCC-1","6","Stat3",0
"TGGGTCACAAATCGGT-1","5","Stat3",0
"TGGGTCACAGGTAACT-1","0","Stat3",0
"TGGGTCACATGCTACC-1","0","Stat3",0
"TGGGTCCGTGCACGAG-1","5","Stat3",0
"TGGGTGAAGCCTGTGG-1","4","Stat3",0
"TGGGTTATCCGCGACA-1","0","Stat3",1.01096498160935
"TGGGTTGCAAGTCGCA-1","3","Stat3",0
"TGGGTTGCATCACACC-1","8","Stat3",0
"TGGTACGCACTTCAGC-1","6","Stat3",0
"TGGTACGCATCCCAGT-1","8","Stat3",0
"TGGTAGCTCTGGATTG-1","3","Stat3",0.900622154269734
"TGGTAGGAGGTACGCT-1","11","Stat3",0.733393314032976
"TGGTAGTCAAAGGTTC-1","5","Stat3",0
"TGGTATTAGGCTCAGT-1","5","Stat3",0.780321093104586
"TGGTCACAGAATCGAA-1","16","Stat3",0
"TGGTCTAAGGATGATA-1","6","Stat3",0
"TGGTGGTTCCCCAGAG-1","9","Stat3",0
"TGGTGGTTCTGTAACG-1","9","Stat3",0
"TGGTGTTGTATAGCGA-1","5","Stat3",0
"TGGTTACGTCTGGCTA-1","10","Stat3",0
"TGGTTAGTCACACTAG-1","9","Stat3",0
"TGGTTATAGGTGATGG-1","6","Stat3",0
"TGGTTCAAGCCCGTTC-1","0","Stat3",0
"TGGTTCCCACCTTAAT-1","11","Stat3",0
"TGGTTTAGTTTAGGTC-1","7","Stat3",0
"TGTAACTAGCGGTCCA-1","10","Stat3",0
"TGTAAGCCACCAGGAC-1","2","Stat3",0
"TGTAAGCCACTAACTT-1","7","Stat3",0
"TGTAATGCACATAGCG-1","7","Stat3",0.734576365973644
"TGTAATGCATGCGCTT-1","7","Stat3",0
"TGTACCCCACAGGACC-1","4","Stat3",0
"TGTACCGGTTTAGTCA-1","16","Stat3",0
"TGTACCGGTTTGCACG-1","6","Stat3",0
"TGTACTGAGGAGCTGA-1","4","Stat3",0
"TGTACTGAGGTCGATC-1","8","Stat3",0
"TGTAGAGGTAGCAGTA-1","5","Stat3",0
"TGTAGAGGTATAGACG-1","0","Stat3",0
"TGTAGAGGTCATGAAG-1","4","Stat3",0
"TGTAGAGGTGAACGTA-1","11","Stat3",0
"TGTAGCATCAAGTTAC-1","8","Stat3",0
"TGTAGCCAGCGCTCTC-1","6","Stat3",0
"TGTAGCGCAGGACAGG-1","4","Stat3",1.73685566178721
"TGTAGGTCAATTAACG-1","8","Stat3",0
"TGTAGTTAGCTTCCTG-1","4","Stat3",1.8313749695164
"TGTAGTTAGGATGGGC-1","5","Stat3",0
"TGTATCCTCGACTGAC-1","0","Stat3",0
"TGTATCTCAAACTATG-1","6","Stat3",0
"TGTATCTCAGCCATTC-1","7","Stat3",0
"TGTATCTCAGGCAGGA-1","10","Stat3",0
"TGTATGACAACGTGAT-1","4","Stat3",0
"TGTATGGTCGTCTCAT-1","12","Stat3",0
"TGTATTCCAGCTAAGT-1","0","Stat3",0
"TGTCACCCAAATTCCT-1","2","Stat3",0.947703670826289
"TGTCACTTCGTAATCG-1","6","Stat3",0
"TGTCAGGCAATCCTAT-1","14","Stat3",0
"TGTCAGGCAGCCATTC-1","5","Stat3",0
"TGTCAGGCATCGTTCA-1","13","Stat3",0
"TGTCCAAAGCTGGTGT-1","7","Stat3",0
"TGTCCACCATAACTCT-1","8","Stat3",0
"TGTCCAGGTTTGATGC-1","4","Stat3",0
"TGTCCCATCCATGTCT-1","5","Stat3",0
"TGTCCCATCCCTCTAG-1","4","Stat3",0
"TGTCCCATCCTGTACT-1","5","Stat3",0.997483398820606
"TGTCCCGCATAAGCTA-1","3","Stat3",0
"TGTCCCTGTCAATCAC-1","4","Stat3",0
"TGTCCGCTCCCTCTAG-1","3","Stat3",0
"TGTCCGGAGATTAGAG-1","1","Stat3",0
"TGTCCGGAGGGGTCAA-1","4","Stat3",0
"TGTCGATGTAAGGGTC-1","7","Stat3",0
"TGTCGATGTTATGGCT-1","10","Stat3",0
"TGTCGCCTCACGCAAC-1","5","Stat3",0
"TGTCGCCTCAGGGCAA-1","13","Stat3",0
"TGTCGTCCAAGCCAGC-1","10","Stat3",0
"TGTCGTCCAGCTACAG-1","12","Stat3",2.08841810464014
"TGTCGTCCAGCTACGA-1","11","Stat3",0.425192925235114
"TGTCGTCCAGTAATCA-1","0","Stat3",0
"TGTCGTTTCACATGAT-1","1","Stat3",0
"TGTCGTTTCCTCACTG-1","6","Stat3",0
"TGTCGTTTCGACATGC-1","11","Stat3",0
"TGTCGTTTCGTGATGC-1","2","Stat3",0
"TGTCTAAGTGAGACTA-1","14","Stat3",0
"TGTCTAAGTGAGTGCG-1","1","Stat3",0
"TGTCTAAGTTGTAGTC-1","0","Stat3",0
"TGTCTCACAATAGGCT-1","7","Stat3",0.591436499880774
"TGTCTGTTCTATGACG-1","0","Stat3",0
"TGTCTTGCACATAGTA-1","7","Stat3",0
"TGTCTTGCATAGACGT-1","0","Stat3",0
"TGTCTTGCATCAATCT-1","4","Stat3",0
"TGTGAACCACAGCAAT-1","4","Stat3",0
"TGTGAACCATCCCAAC-1","1","Stat3",0
"TGTGAGGAGCAGGTAG-1","4","Stat3",0
"TGTGATTAGCTAGATT-1","10","Stat3",1.68165683736912
"TGTGCAATCACTCAGA-1","8","Stat3",0
"TGTGCAATCCTGACCC-1","7","Stat3",0
"TGTGCATGTGAGGAGA-1","14","Stat3",0
"TGTGCCCTCAGCACTA-1","14","Stat3",1.21348278607822
"TGTGCCCTCCCTGTAT-1","3","Stat3",0
"TGTGCCCTCGCGCACA-1","9","Stat3",0
"TGTGCGCGTTCGCGGT-1","2","Stat3",1.04193401769337
"TGTGCTGGTATGTCAC-1","6","Stat3",0
"TGTGTTAGTTAGAGGC-1","9","Stat3",0
"TGTGTTAGTTCGTATA-1","4","Stat3",0
"TGTGTTAGTTGAAGTG-1","1","Stat3",0
"TGTGTTAGTTGCTCTC-1","11","Stat3",0
"TGTGTTAGTTTGACCG-1","5","Stat3",0
