"cell","cluster","gene","logexpr"
"AAACCAAAGCTTACTC-1","7","Syn1",1.15337939585513
"AAACCAAAGTGGGTCT-1","4","Syn1",1.79175946922805
"AAACCGCTCACCTAGA-1","12","Syn1",0
"AAACCGCTCATCGAGC-1","0","Syn1",0
"AAACCGCTCGATCCGG-1","6","Syn1",0.58393721240309
"AAACGAATCGTTCCTG-1","7","Syn1",1.0887112176854
"AAACGACAGCATCGGT-1","4","Syn1",0
"AAACGACAGGCATCAC-1","12","Syn1",0
"AAACGATGTGAGACCG-1","4","Syn1",0
"AAACGCCTCATCAAGT-1","7","Syn1",1.31720875898368
"AAACGGACAAGTAGCT-1","3","Syn1",0.544196189046031
"AAACGGACATCCAGAG-1","4","Syn1",0
"AAACGGACATTGCGTC-1","10","Syn1",0
"AAACGGGTCCACCGGA-1","0","Syn1",0.93671684324987
"AAACGGGTCCCGCTAC-1","3","Syn1",0
"AAACGTAAGCATGGCT-1","0","Syn1",1.47000163083297
"AAACGTAAGCATGGGA-1","6","Syn1",0
"AAACTCCGTGACGATA-1","1","Syn1",0.596229644102723
"AAAGCAATCACTAACG-1","3","Syn1",0
"AAAGCATGTATGGCTT-1","8","Syn1",0
"AAAGCCTCACAGGACC-1","2","Syn1",0
"AAAGCTGGTATGGTAG-1","4","Syn1",0
"AAAGTCAAGGCACTAC-1","4","Syn1",0
"AAAGTGATCACCAGAC-1","4","Syn1",0
"AAAGTTGAGGTACGTC-1","4","Syn1",2.06042627556635
"AAATGCAAGAAGGAGA-1","12","Syn1",0
"AAATGGATCGCATTGA-1","1","Syn1",1.38892511741322
"AAATGGATCGTGATAT-1","11","Syn1",0.516352734088924
"AAATGGGCAAGTGGAA-1","0","Syn1",1.85592683477407
"AAATGGGCATAAGCAC-1","1","Syn1",0.678142378139925
"AAATGGGCATGGCTAG-1","4","Syn1",0
"AAATGTGAGCTACTCT-1","4","Syn1",0
"AAATGTGAGTAATCAC-1","6","Syn1",1.35859690124248
"AAATTCGCACTCAAGG-1","1","Syn1",1.25508925839795
"AAATTCGCATAACTCT-1","5","Syn1",0.629327006204497
"AAATTGCTCAATCTCC-1","8","Syn1",0
"AACACACCAACCTGGA-1","7","Syn1",0.832197592153968
"AACACACCAATCTCAT-1","7","Syn1",0.859284470795872
"AACACATTCCGCAAGT-1","6","Syn1",0
"AACACATTCCGGTTGG-1","1","Syn1",1.1375422634662
"AACACCATCATCAAGT-1","9","Syn1",0.980829253011726
"AACACGAGTCCATAGT-1","4","Syn1",0
"AACAGGCGTGAACCTT-1","5","Syn1",1.17724629587232
"AACAGTAAGCCTTGGG-1","1","Syn1",0
"AACAGTAAGGCAAGGC-1","10","Syn1",0
"AACAGTAAGTCATTGG-1","10","Syn1",0
"AACATCACATAGGTGT-1","3","Syn1",0
"AACATCACATCCCGAT-1","0","Syn1",1.13081986196042
"AACATCCGTGGGTAAC-1","2","Syn1",1.20796981189561
"AACATCCGTTCGATGT-1","0","Syn1",1.77569188836057
"AACATGAAGTAGTCAT-1","7","Syn1",0.616583366341931
"AACATGAAGTTACGCA-1","2","Syn1",1.36983536728639
"AACATTCAGCATGCGT-1","11","Syn1",0.659461334160865
"AACATTGCAACCAGTG-1","9","Syn1",0.933614337144261
"AACCAACCAGGACACC-1","6","Syn1",0
"AACCAAGGTGGCGCAA-1","0","Syn1",1.61829643623833
"AACCAAGGTTCGTCAG-1","9","Syn1",0
"AACCAATTCACTTGCT-1","2","Syn1",0.580762931022811
"AACCAATTCGTTAGCA-1","13","Syn1",0
"AACCACGCAACCAGTG-1","4","Syn1",0
"AACCACGCACAGCAAT-1","0","Syn1",0.771399377459694
"AACCAGCTCCGCCTAC-1","7","Syn1",0.946190661281679
"AACCAGGAGGTATCTG-1","1","Syn1",0
"AACCCAGCATAAGGAG-1","7","Syn1",0
"AACCCTGGTAGCTCAT-1","9","Syn1",0.801058467737175
"AACCCTGGTTGTGCTG-1","5","Syn1",0.955708411740699
"AACCGAAGTATGTAGG-1","8","Syn1",0
"AACCGAAGTGAGCCGA-1","9","Syn1",0
"AACCGATCAGTTGACG-1","11","Syn1",0
"AACCGGGGTAAGGGTC-1","1","Syn1",1.96042501740494
"AACCTCAAGCCACGCA-1","8","Syn1",0
"AACCTCAAGCTAACTG-1","0","Syn1",0
"AACCTTAGTCTGTGTG-1","11","Syn1",1.08163829178194
"AACCTTAGTGATTCCG-1","6","Syn1",0
"AACCTTGAGAAGCCAG-1","8","Syn1",0
"AACCTTGAGGCAACGA-1","3","Syn1",0.735763411848999
"AACCTTGAGGCGTCCA-1","13","Syn1",1.3090136959076
"AACCTTGAGTCATGCA-1","4","Syn1",0
"AACGAACAGGTTCGAC-1","16","Syn1",0
"AACGAACAGTAGAGAC-1","1","Syn1",0.974416455130659
"AACGAATGTCAACTGT-1","8","Syn1",0
"AACGAATGTGAGAGGA-1","13","Syn1",1.39833920088615
"AACGAATGTGAGCCAG-1","0","Syn1",0.839900204457935
"AACGACTCAACGTGAT-1","0","Syn1",0.751095024776772
"AACGATCCAAGTAGAG-1","3","Syn1",0
"AACGATCCAGGGCCAT-1","3","Syn1",0.756635353872196
"AACGATCCATCCGTAC-1","5","Syn1",0.903669190750428
"AACGATGGTTAACTGC-1","15","Syn1",0
"AACGATTTCATGCCAA-1","0","Syn1",0.872284428411974
"AACGATTTCGACTTGA-1","11","Syn1",0.840761210276518
"AACGCAAGTAGCTCCA-1","0","Syn1",1.33287547201608
"AACGCCACACATTAAG-1","11","Syn1",0
"AACGCCCGTAGGTCAA-1","8","Syn1",0
"AACGCGCCAAATGCCG-1","10","Syn1",0
"AACGCTATCATGAACT-1","8","Syn1",1.48666297180747
"AACGCTATCTAGTTCC-1","14","Syn1",0
"AACGCTCAGCTACGGT-1","4","Syn1",0
"AACGCTCAGGTGCGTT-1","3","Syn1",1.19245388101025
"AACGCTTGTAACGCAA-1","3","Syn1",0
"AACGCTTGTTATGGAG-1","1","Syn1",0.837662859241568
"AACGCTTGTTTCGGCA-1","0","Syn1",0.772025065737189
"AACGCTTGTTTGACAC-1","2","Syn1",0
"AACGGATAGCATGAGG-1","14","Syn1",1.4513894860695
"AACGGCAAGATAGCCC-1","7","Syn1",0.780321093104586
"AACGGCAAGGATAGCG-1","13","Syn1",0.861015018217871
"AACGGCAAGGGTGAAT-1","1","Syn1",0.950907712287246
"AACGGGGCACATTAGA-1","1","Syn1",0.720366471759705
"AACGGGGCAGCAGGAG-1","0","Syn1",0
"AACGGTAGTAGCCTTG-1","3","Syn1",0
"AACGGTGAGGTTGGAG-1","5","Syn1",0
"AACGTAAAGCAATCGC-1","6","Syn1",1.24690118287777
"AACGTAAAGCGATGCT-1","1","Syn1",0.945003211824171
"AACGTAAAGTTAGACT-1","5","Syn1",1.8718867971682
"AACGTAGGTGGACCCT-1","8","Syn1",0
"AACTAGAAGAAGGACT-1","7","Syn1",1.14333348909102
"AACTCAACAATCAGTA-1","0","Syn1",0
"AACTGAAAGGATAGGT-1","14","Syn1",1.36060487500458
"AACTGACCACTAAGCG-1","5","Syn1",0
"AACTGAGGTAAGCACA-1","3","Syn1",0.652791280550227
"AACTGAGGTAAGGTAT-1","15","Syn1",2.50696209981119
"AACTGAGGTTCGTTCC-1","5","Syn1",0
"AACTGCATCACCTACT-1","10","Syn1",0
"AACTGCATCCCCATCA-1","10","Syn1",0
"AACTGCATCGTGAGAG-1","0","Syn1",0
"AACTGGTCAGCCTACT-1","3","Syn1",1.70209991845464
"AACTTCCTCATGACTG-1","0","Syn1",0.918969076513818
"AACTTCCTCCATCGTT-1","11","Syn1",0.406635187639904
"AACTTGGTCATGCGCG-1","4","Syn1",0
"AACTTTGGTGCATCTG-1","16","Syn1",0
"AACTTTGGTTCGGGCT-1","8","Syn1",0
"AACTTTGGTTCGGTAT-1","4","Syn1",0
"AAGCAAATCACTATGG-1","7","Syn1",0
"AAGCAACAGGCACTAC-1","6","Syn1",0
"AAGCAATGTGGAAGCT-1","6","Syn1",0.908325404139235
"AAGCACCTCACAGGCT-1","9","Syn1",0
"AAGCCAAGTAACTCCG-1","1","Syn1",1.88967059652902
"AAGCCAAGTTCGGCTA-1","9","Syn1",1.41470318139231
"AAGCCATCATTCAACT-1","13","Syn1",1.3327555714859
"AAGCCCCGTCTTGAAC-1","10","Syn1",0
"AAGCCGCCAAGCCTAG-1","5","Syn1",0
"AAGCCGCCATCCTTGA-1","3","Syn1",0.926828813208664
"AAGCCGGGTCAATCGT-1","4","Syn1",0
"AAGCCTATCATGGCGT-1","8","Syn1",0
"AAGCCTATCGCTGACG-1","6","Syn1",0
"AAGCGATAGGTATCCA-1","15","Syn1",0
"AAGCGGATCGCTCAGG-1","9","Syn1",0
"AAGCGGGCAAGCATGT-1","14","Syn1",0
"AAGCTAAAGCATTCAG-1","2","Syn1",0
"AAGCTAAAGCTTAACG-1","11","Syn1",0
"AAGCTAAAGGATGTCC-1","0","Syn1",1.56646217124308
"AAGCTAAAGTATGTGT-1","2","Syn1",1.57920365747874
"AAGCTAGGTAACTGCT-1","10","Syn1",2.29381232166487
"AAGCTAGGTTATCGGT-1","6","Syn1",0.966173296993602
"AAGCTCTGTAGCAGCG-1","0","Syn1",0
"AAGCTCTGTGATCAAG-1","2","Syn1",1.09317533057258
"AAGCTCTGTTTAATCG-1","9","Syn1",0
"AAGGACTAGTAATTGC-1","1","Syn1",0.666735081020168
"AAGGATGCACTAGGCA-1","2","Syn1",1.26321765833368
"AAGGCAACAAATGCGT-1","2","Syn1",1.07263680226485
"AAGGCAACACAGGGTC-1","2","Syn1",0.773719756183031
"AAGGCTAGTATGGGTA-1","3","Syn1",0.848136834599824
"AAGGCTAGTGGCGTCT-1","8","Syn1",0
"AAGGCTAGTTTCCGTC-1","10","Syn1",0
"AAGGGCATCGTGAATT-1","9","Syn1",1.326080270515
"AAGGGGTCAAATCATG-1","1","Syn1",1.63562371843121
"AAGGGGTCAATCAGCG-1","1","Syn1",1.76005941506136
"AAGGGTTAGTTGCTCT-1","4","Syn1",0
"AAGGTAATCAGGCATC-1","12","Syn1",2.11809586296276
"AAGGTAATCTCACATC-1","0","Syn1",0
"AAGGTATGTAAGCGAC-1","15","Syn1",0
"AAGGTATGTGCAGTAA-1","7","Syn1",1.54611823046634
"AAGGTTGGTTAACCAC-1","4","Syn1",0
"AAGGTTGGTTAGACCT-1","1","Syn1",0.429550735904047
"AAGGTTGGTTTAATCG-1","3","Syn1",1.18704601960846
"AAGTAACGTATGTGGA-1","6","Syn1",0
"AAGTAAGTCTAAGCCA-1","0","Syn1",1.10871338465461
"AAGTACCCAAGGGATA-1","9","Syn1",1.66814236829328
"AAGTACCCAGCCTACT-1","4","Syn1",0
"AAGTACGGTGATTACC-1","2","Syn1",1.55472433070564
"AAGTATGAGCGAACTC-1","15","Syn1",2.53483916585231
"AAGTCAAAGTCAAGGG-1","11","Syn1",1.49876217492186
"AAGTCACCAATCAATG-1","4","Syn1",0
"AAGTCAGGTAAGGGTC-1","14","Syn1",0
"AAGTCAGGTCATGTGT-1","0","Syn1",1.60529084532146
"AAGTCAGGTTGCCCTT-1","1","Syn1",0.845549309148197
"AAGTCCATCCGCCTAC-1","10","Syn1",0
"AAGTGCCTCCCAGTAA-1","3","Syn1",1.34479923899979
"AAGTGGACACCAGCTT-1","7","Syn1",1.13115152764071
"AAGTGGGTCATCTGGA-1","0","Syn1",0.584639645341016
"AAGTTGAAGATAGGTA-1","6","Syn1",0
"AAGTTGAAGGCTTGGT-1","1","Syn1",0
"AAGTTGAAGTCGCTAA-1","2","Syn1",0.765631018133267
"AAGTTTCAGTGAACGG-1","2","Syn1",0
"AAGTTTGCAAACCCAG-1","5","Syn1",0.670213163930932
"AAGTTTGCAACATTGA-1","3","Syn1",0
"AAGTTTGCAAGTATCA-1","4","Syn1",0
"AATACGAAGATTAGGA-1","4","Syn1",0
"AATACGCCAGGCAGAG-1","6","Syn1",0
"AATATGCTCCCATACT-1","12","Syn1",0
"AATATGGAGATAGCAA-1","8","Syn1",0
"AATATGGAGCTAATGT-1","9","Syn1",1.20245827033806
"AATATGGAGGTTGCGT-1","6","Syn1",1.98275457298334
"AATCAGCCACAATGGT-1","8","Syn1",0
"AATCATCAGGGTTGGA-1","6","Syn1",0.855689787222956
"AATCCATAGGAGGCGT-1","3","Syn1",0.827531287038034
"AATCCATAGGAGTAAC-1","5","Syn1",0
"AATCGCGCATTGGGCA-1","11","Syn1",0
"AATCGTTAGGAGGTCA-1","5","Syn1",1.58401081863252
"AATCGTTAGGCTAGAG-1","12","Syn1",0
"AATCTAGCAGGTAGCC-1","1","Syn1",0.767543728019395
"AATCTAGCATAACGCG-1","10","Syn1",0
"AATCTAGCATCACGAG-1","6","Syn1",0.957089626993839
"AATCTCCTCACTTGGA-1","4","Syn1",1.89505454071788
"AATCTCCTCGTGCGAT-1","1","Syn1",0.953301567205965
"AATGACCCAAATCCGG-1","13","Syn1",0.632288273429785
"AATGACTTCATATCGG-1","0","Syn1",0.854524491875901
"AATGCCTGTGAACGCG-1","2","Syn1",0.745173465790269
"AATGCGAGTGGCTACC-1","2","Syn1",0
"AATGCGAGTTGGAGCG-1","6","Syn1",1.67621899247439
"AATGCGAGTTTAGCGT-1","1","Syn1",1.28884178463093
"AATGGATGTTACACTA-1","3","Syn1",1.74188585581586
"AATGGATGTTAGCATC-1","13","Syn1",0.92379591175871
"AATGGCGAGAATCCAT-1","7","Syn1",0.637708592854251
"AATGGCTCATAGGCCA-1","2","Syn1",0.98620812636043
"AATGGGGTCAGCCCGA-1","0","Syn1",1.54138858559963
"AATGGGGTCGATGCTA-1","10","Syn1",0
"AATGGGTAGCTACTCT-1","4","Syn1",0.869941076353221
"AATGTCCGTGGCTGAG-1","5","Syn1",1.65306677482331
"AATGTCCGTTCGAATC-1","9","Syn1",0.896049556929359
"AATGTGAAGCATAGCC-1","2","Syn1",0
"AATGTGAAGTAGCCCG-1","2","Syn1",1.58247280475508
"AATGTTGCAAGCCATG-1","15","Syn1",0
"AATGTTGCATAACGCG-1","9","Syn1",0
"AATGTTGCATGGTTCC-1","2","Syn1",0
"AATTACGCAACGTTCC-1","6","Syn1",0.616975997213719
"AATTACGCAAGTCCAG-1","7","Syn1",1.50452477621012
"AATTACGCAGTTGACG-1","3","Syn1",0.652570614927902
"AATTCAGCACAGCGAC-1","7","Syn1",0
"AATTCAGCACCATGTC-1","13","Syn1",1.27299139068637
"AATTCAGCAGGCTTAG-1","2","Syn1",1.28403827598979
"AATTCAGCAGGGACAG-1","1","Syn1",0.642498766038455
"AATTCAGCAGTTGAGT-1","12","Syn1",0
"AATTCCTCAAAGGTCT-1","15","Syn1",2.43096584318199
"AATTGGTTCCATGCAA-1","15","Syn1",1.16747231980682
"AATTGGTTCCGCAGTG-1","7","Syn1",0
"ACAACAGGTTAGCTTA-1","5","Syn1",0
"ACAACATTCAGCTATG-1","5","Syn1",1.3580244448345
"ACAACATTCCCAGATA-1","14","Syn1",0
"ACAACCGCAAATGCGT-1","2","Syn1",0.739692088845284
"ACAACCGCAAGCGTTG-1","12","Syn1",0
"ACAACCGCATTACCAT-1","14","Syn1",1.05916045109349
"ACAACCGCATTCGCGT-1","1","Syn1",1.37716921871935
"ACAACCTGTAGCTGGG-1","1","Syn1",0
"ACAAGCCTCGAATCCA-1","11","Syn1",0.550461272927698
"ACAAGCGAGCAGGGTA-1","5","Syn1",0.791568396087025
"ACAAGCGAGTCGCTCC-1","1","Syn1",0.801058467737175
"ACAAGCGAGTGAATCT-1","1","Syn1",0
"ACAAGCTCAAGCTCTC-1","9","Syn1",0.674484119428019
"ACAAGCTCAGGTATGT-1","12","Syn1",0
"ACAAGCTCATCCCATA-1","8","Syn1",0
"ACAAGGCGTTATCTCT-1","8","Syn1",0
"ACAAGGTAGCTAATCG-1","3","Syn1",1.06008435187197
"ACAAGTAAGGTAGACG-1","9","Syn1",0
"ACAATCACACTCATCA-1","16","Syn1",0
"ACAATCCGTGGACCTC-1","0","Syn1",0.621488729657496
"ACAATGAAGGTCAATT-1","11","Syn1",0.760073558878511
"ACAATGAAGTGATGAA-1","2","Syn1",0.724618217710805
"ACAATGGGTAAGCGGT-1","7","Syn1",1.18205821068324
"ACAATGGGTTTGACCG-1","1","Syn1",0.689022848643463
"ACAATTCAGCAACCGT-1","3","Syn1",1.15214382108101
"ACAATTCAGGTTCCTT-1","7","Syn1",1.52318273829932
"ACACAAGGTAGGTATG-1","0","Syn1",1.11556184698188
"ACACAAGGTAGTGCGG-1","6","Syn1",0
"ACACACGCAATCCGCT-1","7","Syn1",1.42315691448503
"ACACACGCACTTGGTC-1","1","Syn1",0.562112883132313
"ACACACGCATGACGAT-1","4","Syn1",0
"ACACAGTCACCAGGGT-1","8","Syn1",0
"ACACCAATCAGTTGAT-1","9","Syn1",1.26595362647508
"ACACCCAGTTCACTAA-1","5","Syn1",1.79997313660641
"ACACCCTCAATCTGCC-1","2","Syn1",0.519121051947466
"ACACGAAGTTTCGCTC-1","15","Syn1",0
"ACACGATCAAGCCTGA-1","0","Syn1",0.94591758548763
"ACACGGGGTCATGTCG-1","3","Syn1",0
"ACACGGTTCAGCTCAA-1","6","Syn1",0
"ACACGGTTCATGTCGA-1","10","Syn1",0
"ACACGTTGTTGACCGC-1","0","Syn1",0.509071796785828
"ACACTAGTCAGGAACG-1","4","Syn1",0
"ACACTGATCACGCCGA-1","3","Syn1",0.673823376866802
"ACAGAACAGGTTCCAA-1","4","Syn1",0
"ACAGAACAGTGATCCA-1","6","Syn1",1.51648625779849
"ACAGAATGTATTGCAC-1","0","Syn1",0
"ACAGAATGTTCGGTTG-1","12","Syn1",0
"ACAGACTCATCCGCAT-1","13","Syn1",0.896521768670696
"ACAGACTCATCGACTC-1","5","Syn1",0.803026123380486
"ACAGATGGTCAACTTA-1","11","Syn1",0.504974879688483
"ACAGATGGTGGACTAA-1","0","Syn1",0
"ACAGCAAGTTTACTGA-1","9","Syn1",0
"ACAGCCACAGTTAGCG-1","1","Syn1",1.52719208867962
"ACAGCGAAGGTTAGGG-1","8","Syn1",0
"ACAGCTATCAATGTCG-1","6","Syn1",1.0667262776852
"ACAGCTCAGTAAGGTA-1","7","Syn1",1.01436932799075
"ACAGCTTGTTGGCGTC-1","2","Syn1",1.30025350464803
"ACAGGAACATGTCGTC-1","3","Syn1",0.824427032813331
"ACAGGATAGATAGACA-1","4","Syn1",2.15701118679634
"ACAGGATAGGGCTCAT-1","9","Syn1",0.931464973908336
"ACAGGATAGTCAAGCC-1","4","Syn1",0
"ACAGGATAGTCTAGCA-1","2","Syn1",1.14997631887001
"ACAGGCGGTGCGATCC-1","10","Syn1",0
"ACAGGCTTCCTCGTGC-1","7","Syn1",1.19421527587
"ACAGGCTTCGATAGCC-1","3","Syn1",0
"ACAGGGATCATGTCCT-1","0","Syn1",0.819994168154347
"ACAGGGGCATCACGAG-1","10","Syn1",0
"ACAGGTAGTTGTGACT-1","5","Syn1",0
"ACAGGTGAGTGGCTTA-1","2","Syn1",0
"ACAGGTTCAAATCCTT-1","1","Syn1",0
"ACAGGTTCAACATCAA-1","8","Syn1",0
"ACAGTTACATCACATT-1","1","Syn1",0.652306019955991
"ACAGTTGTCTTGATCC-1","1","Syn1",1.66004518425543
"ACAGTTTAGGCTATAT-1","4","Syn1",0
"ACATAGAAGCCGCAAT-1","9","Syn1",1.46416137427285
"ACATAGAAGCGACTTA-1","6","Syn1",1.53023331405927
"ACATAGAAGGTAGATA-1","9","Syn1",0
"ACATAGCCACCTCAGT-1","3","Syn1",0
"ACATAGCCAGGGATGG-1","4","Syn1",0
"ACATATCAGGAATGCG-1","0","Syn1",0.818504097410233
"ACATATCAGGCTCCAG-1","0","Syn1",0
"ACATATCAGTAAGCAA-1","0","Syn1",0.553586726425672
"ACATATCAGTTAGCCA-1","1","Syn1",0.98438477513105
"ACATCCCCAACCAGAT-1","0","Syn1",1.32011732818964
"ACATCCCCAACGTTAA-1","0","Syn1",0
"ACATCCCCAGGCAGTC-1","2","Syn1",0.572592512438175
"ACATCCCCAGTTAGGT-1","0","Syn1",1.25931930894744
"ACATCCGGTGATGATG-1","4","Syn1",0
"ACATCCGGTTGTGCAT-1","2","Syn1",0.7467468717829
"ACATCCTTCAAGTCCA-1","9","Syn1",0
"ACATGAGGTATGTGAG-1","3","Syn1",0
"ACATGAGGTGAGCCGA-1","2","Syn1",1.195499943026
"ACATGCATCGCTCTCA-1","4","Syn1",1.78677689788359
"ACATGCATCTTGATCC-1","11","Syn1",0.950566786861268
"ACATGCCAGGAATGGT-1","3","Syn1",0
"ACATGGCTCATCTGTC-1","3","Syn1",1.20107561745555
"ACATGGCTCCATGACA-1","4","Syn1",0
"ACATGGCTCCGCATGG-1","13","Syn1",0
"ACATGGCTCCTGTACT-1","5","Syn1",1.35465464464835
"ACATGGTCAGCTACTC-1","6","Syn1",0.822919921872337
"ACATGTTAGGCGTCAT-1","8","Syn1",0
"ACATTCAGTTCCTCGT-1","6","Syn1",0
"ACATTCCTCCGTATAG-1","10","Syn1",0
"ACCAAACCAAGTCGTG-1","16","Syn1",0
"ACCAAACCAATTAGTG-1","5","Syn1",0
"ACCAAACCACAACGAT-1","1","Syn1",0.723277103720322
"ACCAAACCACTTACAT-1","10","Syn1",0
"ACCAAAGGTAATTCGC-1","9","Syn1",0.931931324415227
"ACCAAATTCAAGTGCC-1","7","Syn1",1.30263826363246
"ACCAACATCCGCGTAG-1","4","Syn1",0
"ACCAAGCTCTCACCAT-1","11","Syn1",0.596449415339333
"ACCAAGTCAAAGGTAG-1","0","Syn1",0
"ACCAAGTCAGGCAGTC-1","13","Syn1",0.90823707684855
"ACCAATGTCCTGCTGC-1","9","Syn1",0
"ACCAATGTCGCTATGA-1","7","Syn1",0.662382860992611
"ACCAATGTCGTAATGT-1","14","Syn1",1.30395657230705
"ACCAATTAGAAGGAGA-1","6","Syn1",0.822061324621452
"ACCACACAGAAGGTTA-1","0","Syn1",0
"ACCACACAGCCGATGT-1","10","Syn1",0
"ACCACCTCAACTGTGG-1","1","Syn1",0
"ACCACCTCAAGCGTGC-1","2","Syn1",0
"ACCACGTAGCGGTTAC-1","3","Syn1",1.25814607856977
"ACCACTAAGCGAAGTG-1","3","Syn1",0.823708634602901
"ACCACTAAGTAGCCAC-1","9","Syn1",1.33210511316048
"ACCATAACAACATCGG-1","7","Syn1",1.37715022510271
"ACCATAGTCCATCGCC-1","13","Syn1",0.533489246411862
"ACCATATAGCATGTGC-1","3","Syn1",1.53108459818759
"ACCATCAAGATTACCG-1","1","Syn1",1.17693567690668
"ACCATCCCACCACACT-1","3","Syn1",1.22660628984664
"ACCATTTCATGGTGTG-1","12","Syn1",0
"ACCCAAATCATGGATT-1","10","Syn1",0
"ACCCAAATCCTCAGTT-1","7","Syn1",0.528124515666374
"ACCCAACAGTGATACT-1","0","Syn1",1.62694524888205
"ACCCAATGTAAGGACC-1","2","Syn1",0.780065008725637
"ACCCAATGTATGTGAG-1","6","Syn1",0.669328495113006
"ACCCAGTAGCTACGCG-1","14","Syn1",0.965870877264531
"ACCCATCCACAATCAA-1","6","Syn1",0
"ACCCATCCAGCATGAT-1","2","Syn1",0
"ACCCATGGTAGCTTAC-1","7","Syn1",1.87107273214583
"ACCCATGGTTCGAATC-1","5","Syn1",0.637330246950935
"ACCCCAAGTCTGTGGC-1","10","Syn1",0
"ACCCCATCATAAGCGT-1","11","Syn1",1.34964459766711
"ACCCCGAAGGCGCTCA-1","0","Syn1",1.14377046288321
"ACCCCTGCAGCCTAGA-1","1","Syn1",0.917251808353706
"ACCCCTGCATCCATCA-1","1","Syn1",1.09045707485621
"ACCCCTTGTCTTGGTG-1","0","Syn1",0
"ACCCCTTGTTGGCGCT-1","1","Syn1",0.98897454621258
"ACCCGAACAAATGCGT-1","5","Syn1",0.490438157509909
"ACCCGAACAAGTCGAT-1","4","Syn1",0
"ACCCGAACAGGTTGGC-1","8","Syn1",0
"ACCCGAACAGTAAGGA-1","14","Syn1",0
"ACCCGATAGCGATCCG-1","4","Syn1",0
"ACCCGCTTCATCACCT-1","8","Syn1",0
"ACCCGCTTCCACCGTC-1","4","Syn1",0
"ACCCGTTCACGCCATT-1","4","Syn1",0
"ACCCGTTCATTAGCCC-1","2","Syn1",1.22690438296845
"ACCCTATTCCTCACCA-1","14","Syn1",0
"ACCCTCGCAACCCGAA-1","2","Syn1",1.41059015205749
"ACCCTCGCACAGCAAT-1","9","Syn1",0
"ACCCTCGCATAGAGAG-1","15","Syn1",0
"ACCCTGCTCCCGCTAC-1","13","Syn1",0.413906274635268
"ACCCTTTAGCTATGGC-1","14","Syn1",0
"ACCCTTTAGGCGAGTA-1","6","Syn1",0.62643478343041
"ACCGAAAGTCAAGCAA-1","16","Syn1",0
"ACCGAAAGTGAGTAGC-1","9","Syn1",1.37389858169033
"ACCGAAAGTGATCCAT-1","6","Syn1",0
"ACCGAGGGTGAGTTGA-1","3","Syn1",1.17705213763975
"ACCGATGCACCTAACC-1","4","Syn1",0
"ACCGATGCACTTACCA-1","4","Syn1",0
"ACCGATTGTAACGGGT-1","1","Syn1",0.617487189154794
"ACCGGATTCAGGGACA-1","0","Syn1",1.06923266812781
"ACCGGCTGTGATGGGT-1","2","Syn1",0.778914809924056
"ACCGGCTGTTTGGGTT-1","5","Syn1",0.598287349783723
"ACCGGTTAGCAAGCTC-1","3","Syn1",0
"ACCGTTGGTGGCGAAT-1","12","Syn1",0
"ACCTAACGTCTGGTGC-1","2","Syn1",1.99899325293938
"ACCTAACGTTAGACAG-1","3","Syn1",1.10878141125236
"ACCTAACGTTTGCGTG-1","5","Syn1",0.497055373502797
"ACCTAAGTCACACACA-1","4","Syn1",0
"ACCTAAGTCGACTGAC-1","14","Syn1",0
"ACCTACCCAAATTCAG-1","8","Syn1",0
"ACCTACCCAGTTAGCG-1","0","Syn1",0
"ACCTACTTCACTCCAT-1","7","Syn1",0.611583533303309
"ACCTATGAGCATGTAT-1","4","Syn1",0
"ACCTATGAGGGTTAGG-1","1","Syn1",1.08060852905686
"ACCTCCATCTATGAGT-1","9","Syn1",0
"ACCTCCGCAACTGGTG-1","3","Syn1",0.62196772040443
"ACCTCCGCAGCTAGAT-1","2","Syn1",1.21364904608438
"ACCTCTTAGCCGACAT-1","1","Syn1",1.40673748343183
"ACCTCTTAGCTATCCT-1","1","Syn1",1.0736499941082
"ACCTCTTAGGAACCGA-1","1","Syn1",0
"ACCTCTTAGGATTGGG-1","4","Syn1",0
"ACCTGATGTGAAGCTA-1","3","Syn1",1.32689354705462
"ACCTGCCTCAGCCAAC-1","5","Syn1",0
"ACCTGCCTCCACCTTG-1","4","Syn1",1.90618529968292
"ACCTGGACATGGAACT-1","5","Syn1",0
"ACCTGTCCAAATTCGA-1","3","Syn1",0
"ACCTGTCCACATGACG-1","13","Syn1",0.655495896441946
"ACCTTAAGTGCAAGTA-1","15","Syn1",0
"ACGAACCTCTCATCAC-1","2","Syn1",1.19702949918159
"ACGAAGGTCACGCGAT-1","3","Syn1",1.07282661633621
"ACGAATCCACCTTAAT-1","14","Syn1",1.15096042598009
"ACGAATGGTAACGTCT-1","0","Syn1",1.28454199596292
"ACGACGAAGATTAGAG-1","1","Syn1",1.37340292360363
"ACGAGCAAGTCAGTTG-1","0","Syn1",1.82622025546873
"ACGAGCAAGTTGGTAT-1","12","Syn1",1.33036273056308
"ACGAGTAGTAAGTTGG-1","1","Syn1",0
"ACGAGTAGTCAGGAGT-1","6","Syn1",0.759226058271582
"ACGAGTAGTCCATCGA-1","3","Syn1",0
"ACGAGTGAGGAGGCTA-1","8","Syn1",0
"ACGATATTCACTGGGT-1","0","Syn1",1.33959488167876
"ACGATATTCTGGATAT-1","4","Syn1",0
"ACGATGGAGCTAGGGA-1","5","Syn1",0.864975727538744
"ACGATGGAGCTGGTTA-1","2","Syn1",0.892929172175792
"ACGATTGTCAGGAGCA-1","3","Syn1",0.790053477547623
"ACGATTGTCCGGTTGG-1","1","Syn1",0.573740394168128
"ACGCAATCAAGTCGTG-1","3","Syn1",0.896006654883068
"ACGCAATCAATCAGTA-1","5","Syn1",0
"ACGCAGCCACTCGGAA-1","4","Syn1",0
"ACGCAGCCATAGAGCT-1","2","Syn1",0.67231813981685
"ACGCAGCCATAGATTG-1","10","Syn1",0
"ACGCATATCGTGAGTC-1","6","Syn1",0
"ACGCCAACAGGAATCT-1","1","Syn1",0.933989225015004
"ACGCCAACAGGATGCC-1","5","Syn1",0.621568508569431
"ACGCCATAGCTAAGGG-1","3","Syn1",0
"ACGCCATAGTCAAGCC-1","13","Syn1",1.71454518535377
"ACGCGAAAGCCAGCCA-1","15","Syn1",2.04036807337492
"ACGCGATTCACAGCAC-1","9","Syn1",0
"ACGCGATTCCGCATGG-1","0","Syn1",0.877175601464708
"ACGCGCATCGCTTGAA-1","3","Syn1",0
"ACGCGCATCGTGCCCT-1","11","Syn1",0
"ACGCTAATCGACATAT-1","4","Syn1",0
"ACGCTATGTCAGGGCA-1","0","Syn1",1.47433669857198
"ACGGACAAGGGTCAAG-1","9","Syn1",0
"ACGGACAAGGTCATAT-1","2","Syn1",0.884205506578993
"ACGGACAAGTCAGTAT-1","6","Syn1",0
"ACGGACCCAAATGGAG-1","1","Syn1",0
"ACGGACCCAACGGTCA-1","2","Syn1",0
"ACGGACCCAATCCTGC-1","13","Syn1",0.476082675322118
"ACGGATTCAATCGGCA-1","5","Syn1",0.628754527703575
"ACGGATTCATTAGTAG-1","4","Syn1",0
"ACGGCAAAGGGGATCA-1","1","Syn1",1.02639684229285
"ACGGCAAAGGTAGTCC-1","13","Syn1",1.40399717131063
"ACGGCCATCTATGCCT-1","6","Syn1",1.35709538450741
"ACGGCTTAGGTGAGCA-1","11","Syn1",0
"ACGGGCTCAAATCGCG-1","5","Syn1",0
"ACGGGCTCAGGACATT-1","5","Syn1",1.53023331405927
"ACGGGCTCATAGGCGC-1","4","Syn1",0
"ACGGGCTCATGCTCCG-1","6","Syn1",0
"ACGGGCTCATGGTACG-1","1","Syn1",1.46492840141573
"ACGGGGACACATTCGC-1","4","Syn1",0
"ACGGGGACACCTATAT-1","5","Syn1",1.31974876880792
"ACGGGGACACTATGGG-1","1","Syn1",1.13732635392472
"ACGGGGTAGTCATCTC-1","0","Syn1",0.798988741808155
"ACGGGTAAGAAGGGCC-1","5","Syn1",0
"ACGGGTAAGTAAGGTA-1","15","Syn1",1.25050565801221
"ACGGGTAAGTAGGAGT-1","1","Syn1",1.66491510579262
"ACGGTCACACCATACC-1","3","Syn1",0.629982587171133
"ACGGTCACATGCGTAG-1","0","Syn1",1.02364658054154
"ACGGTGAAGTAGCCAC-1","1","Syn1",0
"ACGGTGAAGTGATACT-1","15","Syn1",0
"ACGGTTATCGATTGCA-1","3","Syn1",1.06703887384427
"ACGGTTGCATAATTCC-1","1","Syn1",1.34922167232574
"ACGTAAGGTAGGTCGG-1","0","Syn1",0
"ACGTATTAGCTAAGGG-1","8","Syn1",0
"ACGTATTAGTAAGTGA-1","11","Syn1",1.15615777431471
"ACGTCAATCATGCCGG-1","9","Syn1",0.969919979060667
"ACGTCAATCCGTAGCG-1","5","Syn1",0
"ACGTCACAGCTATGCA-1","10","Syn1",0
"ACGTCCTCAAACTGAC-1","1","Syn1",0
"ACGTCCTCAGCCAGGT-1","3","Syn1",0.681118067793261
"ACGTCTAAGATAGTGA-1","15","Syn1",0
"ACGTCTAAGGGCTATC-1","3","Syn1",0
"ACGTCTAAGTCAGTTG-1","0","Syn1",0.995543028427131
"ACGTGAGAGCTAGGCT-1","3","Syn1",0.849820074392691
"ACGTGAGAGTCGACAC-1","6","Syn1",1.40453032854101
"ACGTGGTTCCTTAGTC-1","10","Syn1",0
"ACGTGTTGTAATGGCA-1","11","Syn1",0.812251927955629
"ACGTGTTGTCTGGCAC-1","0","Syn1",0
"ACGTTAACAATCTCAT-1","6","Syn1",0.733112221368175
"ACGTTAGTCGTAACCA-1","1","Syn1",1.17252908669348
"ACGTTCAAGCAACTGC-1","11","Syn1",1.03276051424494
"ACGTTTGAGCATGAGG-1","14","Syn1",0
"ACGTTTGAGGTTCCAA-1","8","Syn1",0
"ACTAACTAGTATGACT-1","7","Syn1",1.75356754092677
"ACTAAGCCACCAACTC-1","1","Syn1",1.24469690751439
"ACTAAGCCAGGTTCGA-1","7","Syn1",1.21066414818656
"ACTAAGGGTTGTCTGG-1","3","Syn1",0
"ACTAAGGGTTGTGGAA-1","13","Syn1",0
"ACTACAACAACTATCT-1","10","Syn1",0
"ACTACCCCAACCCGAA-1","1","Syn1",0
"ACTACCCCAGTAATTG-1","2","Syn1",0.649279063672526
"ACTACCTTCACAGGAG-1","4","Syn1",0
"ACTACTTCATAAGCAC-1","6","Syn1",0
"ACTATCAGTAATCGGA-1","2","Syn1",0.927752088281008
"ACTATCAGTTCACGCA-1","1","Syn1",1.16823537917702
"ACTATCAGTTCGCATG-1","11","Syn1",1.08359646566758
"ACTATGGTCCGGACAT-1","4","Syn1",0
"ACTATGGTCCGTTACT-1","0","Syn1",0.790579713690247
"ACTATTGGTAGCGGAT-1","7","Syn1",0.690656519247493
"ACTCACAAGTGTCATG-1","6","Syn1",0
"ACTCACCCATAGAGCT-1","5","Syn1",1.38240699016421
"ACTCAGGCAATTAGGC-1","3","Syn1",0.902839964704161
"ACTCATTCAAGTTAGC-1","9","Syn1",0
"ACTCATTCAGCCATAG-1","1","Syn1",0
"ACTCCAAAGCAGGCTT-1","11","Syn1",0
"ACTCCACCAGGCAGCT-1","1","Syn1",1.64295617433408
"ACTCCCATCACTCGTT-1","3","Syn1",0
"ACTCCCATCAGGTCCG-1","7","Syn1",1.05799269752542
"ACTCCCGCAGGCTATG-1","7","Syn1",0.753051200742025
"ACTCCCTGTTGCACGC-1","4","Syn1",0
"ACTCCCTGTTTGCCAG-1","3","Syn1",0.781347199013306
"ACTCCTTAGCCTAAGC-1","0","Syn1",0
"ACTCCTTAGTACGCTA-1","7","Syn1",0.913345882108209
"ACTCGAATCCAGCGAT-1","4","Syn1",0
"ACTCGATGTGAGGATC-1","4","Syn1",0
"ACTCGCCTCCTGCGAG-1","7","Syn1",0.861567199051115
"ACTCTCACAAGGGTAA-1","15","Syn1",0
"ACTCTCACAGTTAGCG-1","3","Syn1",1.12650418104038
"ACTCTGTTCAGCACGT-1","2","Syn1",0.816631904736509
"ACTCTGTTCGCTCGCT-1","12","Syn1",0
"ACTCTTGCAACATTAG-1","1","Syn1",1.20490694731773
"ACTGAGGAGAAGCGCA-1","7","Syn1",0.644513126930667
"ACTGATTAGTTAGCTG-1","1","Syn1",1.54283277281901
"ACTGCATGTAACCCAT-1","11","Syn1",1.21381535711746
"ACTGCATGTTTCGGCA-1","4","Syn1",0
"ACTGCCTCAAGCTGAT-1","1","Syn1",1.62674818761405
"ACTGCTAAGCAAGGCA-1","7","Syn1",1.32479490903379
"ACTGCTAAGCTTCCTG-1","3","Syn1",0
"ACTGCTGGTCTAGTGT-1","4","Syn1",0
"ACTGGTTGTCAAGGCG-1","3","Syn1",0
"ACTGGTTGTGCATCCA-1","5","Syn1",0.974057136415192
"ACTGGTTGTTTCCATT-1","5","Syn1",0
"ACTGGTTGTTTCCTGC-1","5","Syn1",1.31094021141493
"ACTGTCAAGCTTACGA-1","7","Syn1",0.666043950614367
"ACTGTGATCCACCGGA-1","4","Syn1",0
"ACTGTGATCTGTCTAC-1","3","Syn1",1.13510058193125
"ACTGTTAGTTACACTA-1","10","Syn1",0
"ACTTAACAGATAGCCC-1","1","Syn1",1.40922530218381
"ACTTAACAGGCGTCAT-1","5","Syn1",1.23340326127279
"ACTTACTCAACCGTGA-1","4","Syn1",0
"ACTTAGGTCCTGTCTG-1","12","Syn1",0
"ACTTCTATCCGTAGAC-1","13","Syn1",0.640030834938499
"ACTTCTATCGATTGGC-1","3","Syn1",0.852049737502745
"ACTTGAGTCGCTATCT-1","7","Syn1",0
"ACTTGGATCATCAAGT-1","8","Syn1",0
"ACTTGGATCATGCGAC-1","2","Syn1",1.44096392305322
"ACTTTAGGTTAGCATC-1","11","Syn1",1.11123650277203
"ACTTTAGGTTTCAGCG-1","8","Syn1",0
"ACTTTCGCACCTCAGT-1","12","Syn1",0
"ACTTTGCTCACGCCAG-1","10","Syn1",0
"ACTTTGCTCATGAGTT-1","10","Syn1",0
"ACTTTGCTCTATGAAC-1","2","Syn1",0.997015525353875
"ACTTTGGAGCGATGTC-1","1","Syn1",1.13560233362859
"AGAAGGGGTGCATTAC-1","13","Syn1",0
"AGAAGGTTCAATTGCG-1","6","Syn1",0
"AGAAGTCAGCCAATCA-1","11","Syn1",0.754898563058971
"AGAAGTCAGCCTGGAT-1","11","Syn1",0
"AGAAGTTGTGAGACGT-1","0","Syn1",0
"AGAATTGAGATAGCTT-1","0","Syn1",0
"AGAATTGAGCAAGCGA-1","6","Syn1",0.81751388733747
"AGAATTGAGGATTGGG-1","2","Syn1",1.50411628685348
"AGAATTGAGGTTAGCC-1","2","Syn1",1.04760794078039
"AGACAACAGCCTGTAA-1","5","Syn1",1.3352270754199
"AGACAGACATGCTCTA-1","1","Syn1",0.912408391623712
"AGACATAAGGTCACAC-1","7","Syn1",0.610024989685519
"AGACATGGTAATCACC-1","11","Syn1",0.993539393873386
"AGACGAACACTTCGAC-1","9","Syn1",0.980100670696536
"AGACGATAGTAGCCCG-1","15","Syn1",0
"AGACGCAAGCCATGAC-1","8","Syn1",0
"AGACGCGGTTGGGCAG-1","2","Syn1",1.2011568516163
"AGACGGATCAAGTCGC-1","7","Syn1",1.50282446460578
"AGACTCGCAAAGGGTA-1","1","Syn1",1.24507835303497
"AGACTGCTCACCTGGG-1","12","Syn1",0
"AGACTGCTCATCAAGT-1","6","Syn1",0
"AGACTGCTCCCTCAGC-1","8","Syn1",0
"AGACTTACAACGGTGC-1","13","Syn1",1.59019896848773
"AGACTTACACCTGCTG-1","0","Syn1",0.552864653863293
"AGAGAATCAGGATGAA-1","0","Syn1",0
"AGAGAATCATCACTAT-1","3","Syn1",0.814979200428032
"AGAGACCGTTACACAC-1","9","Syn1",0.859127514141131
"AGAGACCGTTTACACA-1","6","Syn1",1.11062160855166
"AGAGAGAAGGTACTAT-1","4","Syn1",0
"AGAGAGAAGTCAGTTG-1","6","Syn1",0.857952275012787
"AGAGAGGGTCAATGCT-1","8","Syn1",0
"AGAGATGCAAACCAGT-1","2","Syn1",1.31814325354427
"AGAGATGCAATACTGA-1","6","Syn1",0
"AGAGATTGTGGCGACA-1","4","Syn1",1.78265118401869
"AGAGGAGGTGAACGCG-1","11","Syn1",0
"AGAGGAGGTTCCGGTA-1","15","Syn1",1.64088498456524
"AGAGGCGCAGGAGCAG-1","14","Syn1",0
"AGAGGCTGTGGCGTGA-1","5","Syn1",0.897769237916648
"AGAGGCTGTTATCATG-1","8","Syn1",0
"AGAGGGTCATCAAGCG-1","5","Syn1",0.745057193003833
"AGAGTAATCACGGATC-1","7","Syn1",0
"AGAGTAATCGACTATG-1","5","Syn1",1.27507820751362
"AGAGTATGTAACGAAT-1","5","Syn1",1.00830350856397
"AGAGTATGTTAAGCAG-1","6","Syn1",1.52164193952807
"AGAGTCCTCAGCGAGA-1","7","Syn1",0
"AGAGTCCTCCTGCTAT-1","2","Syn1",0.940412070393592
"AGAGTTGGTGGCCAAG-1","0","Syn1",0.787107068321838
"AGAGTTGGTTTGAGAG-1","0","Syn1",0.842300689284088
"AGCAAATGTCTTGATA-1","0","Syn1",0
"AGCAAATGTTTCGGGC-1","3","Syn1",0
"AGCAAGGTCTGGCACG-1","1","Syn1",1.27054347247737
"AGCAATCCAAGTTCGG-1","4","Syn1",0
"AGCAATCCAGGGCTAC-1","2","Syn1",0.890085565012821
"AGCAATTTCGATCGGT-1","10","Syn1",0
"AGCACCACATGGTGCA-1","1","Syn1",0.738662995369728
"AGCACGTTCGATCCAA-1","1","Syn1",0
"AGCACTATCAATCCAG-1","1","Syn1",0.433828082045197
"AGCACTATCTGGCTAA-1","1","Syn1",0.443485839446528
"AGCATCATCTCATCAC-1","5","Syn1",1.45666876632877
"AGCATCGCAACTAAGC-1","1","Syn1",0
"AGCATCTGTTAGTCGT-1","0","Syn1",0
"AGCATCTGTTGTAACC-1","14","Syn1",0.418475100593862
"AGCATGAGTTTCCAGG-1","12","Syn1",0
"AGCATGGAGGTACTTG-1","11","Syn1",0.570143810389942
"AGCATTGTCACTCATC-1","11","Syn1",0.485099512324904
"AGCATTGTCCGTTAAG-1","15","Syn1",2.09245595278771
"AGCATTTAGCTAGTTG-1","0","Syn1",0
"AGCCAAAGTCAAGCAA-1","8","Syn1",0
"AGCCAAAGTGCGGTAG-1","4","Syn1",0
"AGCCAATCAATTCATC-1","2","Syn1",0.865294256100035
"AGCCAATCACCTTAGC-1","6","Syn1",0.618275346917745
"AGCCAATCAGCCTAGA-1","12","Syn1",0
"AGCCAATCATTAATCC-1","6","Syn1",0.958871796084353
"AGCCACTAGATAGCGG-1","7","Syn1",0.653498449969489
"AGCCAGCCACATGATA-1","0","Syn1",1.37345797636993
"AGCCAGCCAGCCTATC-1","1","Syn1",0
"AGCCAGCCAGGTAGGG-1","7","Syn1",1.93075034443469
"AGCCAGCCAGTTGGTG-1","4","Syn1",0
"AGCCAGCCATAACGCG-1","14","Syn1",0
"AGCCAGCCATGAAGTC-1","4","Syn1",0
"AGCCATCAGATAGTCT-1","11","Syn1",0.871798496991436
"AGCCATCAGGTCAACC-1","10","Syn1",0
"AGCCATTGTAGCGACG-1","9","Syn1",1.9991771782368
"AGCCATTGTAGTTGAG-1","16","Syn1",0
"AGCCATTGTGGCCATC-1","9","Syn1",1.18823422423321
"AGCCCATAGCCGAGTT-1","1","Syn1",1.35952832695924
"AGCCCCAAGAAGCTCC-1","12","Syn1",0
"AGCCCCTTCACCCTGC-1","7","Syn1",1.25437243968455
"AGCCCGATCCAATGAT-1","2","Syn1",0.64906084828735
"AGCCCGATCCGGTACG-1","0","Syn1",0
"AGCCCTAGTTCACGCA-1","6","Syn1",0
"AGCCCTAGTTGCCTCT-1","2","Syn1",2.01050806025694
"AGCCGAAAGATTAACC-1","10","Syn1",0
"AGCCGAAAGCCGACTG-1","8","Syn1",0
"AGCCGATTCAGTGCCG-1","5","Syn1",0
"AGCCGATTCGCTCAGG-1","4","Syn1",0
"AGCCGTTAGATTAGCT-1","11","Syn1",0
"AGCCGTTAGCGCAATC-1","2","Syn1",1.3461294843628
"AGCCTCAGTAAGTCAG-1","0","Syn1",1.80862327528006
"AGCCTCAGTCTTGAAC-1","0","Syn1",0
"AGCCTCAGTTTGAGCT-1","11","Syn1",1.12904673214768
"AGCCTCAGTTTGGCGC-1","0","Syn1",1.95765872924939
"AGCCTCCTCGACCGTG-1","14","Syn1",0
"AGCCTCCTCTAACCAG-1","2","Syn1",1.44384233126015
"AGCCTCTCATAAGGAG-1","5","Syn1",1.19205437218665
"AGCCTGACAAGCGGTC-1","5","Syn1",0
"AGCCTGACACATTCCA-1","10","Syn1",0
"AGCCTGACACTCATAT-1","6","Syn1",0.884455812667098
"AGCCTGACATGGTCAG-1","5","Syn1",0
"AGCCTTGGTATAGACG-1","7","Syn1",0
"AGCGACAAGTGACGAG-1","3","Syn1",0
"AGCGACCCACTCAACC-1","9","Syn1",0
"AGCGACCCAGGATCAT-1","12","Syn1",0
"AGCGAGGCATTCCTCT-1","1","Syn1",1.26476639772639
"AGCGATAGTAGTAACG-1","16","Syn1",0
"AGCGATAGTGCGGACA-1","3","Syn1",0
"AGCGATAGTGGGTTAA-1","6","Syn1",0
"AGCGATGAGTGCTTAG-1","2","Syn1",0.877585833396393
"AGCGATTCAGGTAGCC-1","5","Syn1",0.90410627877352
"AGCGCAGGTAAGTCTC-1","6","Syn1",0
"AGCGCAGGTTTGGGCC-1","3","Syn1",0
"AGCGCCATCACCTGCC-1","1","Syn1",0.728423278360987
"AGCGCCTGTAATGCAG-1","0","Syn1",0.672693794646323
"AGCGCCTGTGGCCATC-1","1","Syn1",0.501920378953883
"AGCGGATGTTAGAGTG-1","2","Syn1",0
"AGCGGGACAAACCATA-1","2","Syn1",1.0104092531462
"AGCGGGACAAGTCCTC-1","11","Syn1",0
"AGCGTCCGTAACCACT-1","14","Syn1",0
"AGCGTTGCACTAGGAT-1","9","Syn1",0
"AGCGTTGCACTTAACT-1","2","Syn1",1.52280887152254
"AGCTAACCAAATGCAC-1","3","Syn1",0
"AGCTAAGGTGCAGGCA-1","1","Syn1",1.22439696201942
"AGCTAAGGTTCACTAA-1","7","Syn1",1.40697028361965
"AGCTACGCAAGCTAAC-1","5","Syn1",1.24537195184898
"AGCTACGCATCCCAAC-1","0","Syn1",0
"AGCTGAGAGTTAATGC-1","2","Syn1",0.512028510839661
"AGCTGGTTCTCACCTG-1","2","Syn1",0.71038191163122
"AGCTGTTGTTGAAGGC-1","15","Syn1",2.39789527279837
"AGCTTAGTCCTGCTAT-1","2","Syn1",0.63195782277011
"AGCTTTAGTTAAGTGG-1","14","Syn1",0
"AGCTTTAGTTTACTCT-1","10","Syn1",0
"AGCTTTAGTTTGGGTT-1","2","Syn1",0
"AGGAACTAGGCGATGA-1","6","Syn1",0.796684863983577
"AGGAATGCATCCTGCG-1","6","Syn1",0.79903361613107
"AGGAATGCATGCTGCT-1","3","Syn1",0
"AGGACAACAAAGGGAC-1","6","Syn1",0
"AGGACAACATTCGGAG-1","4","Syn1",0
"AGGACATAGCTATACG-1","13","Syn1",0.79011921677753
"AGGACCCCAATATGGC-1","0","Syn1",0
"AGGACCCCAGCACTAG-1","5","Syn1",0
"AGGACCCCATAGGCCA-1","2","Syn1",0.787433305890953
"AGGACTAGTTGACTAC-1","5","Syn1",0
"AGGCACGGTGCGTACC-1","0","Syn1",0.704745642049219
"AGGCACGGTTGTCCGA-1","0","Syn1",0.822991557126856
"AGGCAGGCACAGGATT-1","5","Syn1",0.826084381789184
"AGGCATAGTGCGTACC-1","10","Syn1",0
"AGGCATAGTTCCTTGC-1","3","Syn1",1.28171438407331
"AGGCATTCATTGGCGA-1","0","Syn1",1.82338442562754
"AGGCCAAAGAACCTGC-1","13","Syn1",0.868212377909517
"AGGCCAAAGATACTAC-1","0","Syn1",0.95482274823586
"AGGCCAAAGGCGAGGT-1","8","Syn1",0
"AGGCCAAAGTGACCCG-1","0","Syn1",0
"AGGCCAGGTAGCGATA-1","7","Syn1",0.989929932876264
"AGGCCAGGTAGTGATG-1","6","Syn1",1.06193744439016
"AGGCCAGGTCTGGTGC-1","13","Syn1",0.738777191288298
"AGGCCATTCAGCTGGT-1","5","Syn1",1.59935466072997
"AGGCCATTCAGGTCCG-1","6","Syn1",1.53701794685858
"AGGCCCATCCCCAATT-1","5","Syn1",1.35318084584017
"AGGCGAATCACGCAAC-1","3","Syn1",1.7575931396333
"AGGCGTTTCCAGATGC-1","7","Syn1",0
"AGGCGTTTCTTGAGGC-1","3","Syn1",1.46441694531562
"AGGCTCACAACTACCC-1","8","Syn1",0
"AGGCTCACATCACGGA-1","10","Syn1",0
"AGGCTCCGTTGACTGT-1","4","Syn1",0
"AGGCTTGCAGGCAGGA-1","8","Syn1",0
"AGGGAACCAAGTGTGT-1","4","Syn1",0
"AGGGAACCAATGCCCT-1","14","Syn1",0
"AGGGAACCAGCACGTA-1","3","Syn1",0.717453302899265
"AGGGAACCAGCACTGA-1","6","Syn1",1.2732228774604
"AGGGAACCATCGCTCG-1","2","Syn1",1.09502519833315
"AGGGAAGGTTAACGCT-1","0","Syn1",0
"AGGGATTAGGCACATC-1","1","Syn1",2.10216979275739
"AGGGCAATCACTCCAT-1","5","Syn1",0.664666136167782
"AGGGCAATCATGCACA-1","7","Syn1",1.05959138588414
"AGGGCATGTATGGCTT-1","0","Syn1",0
"AGGGCATGTCTCAGGC-1","3","Syn1",0
"AGGGCATGTCTCCACT-1","8","Syn1",0
"AGGGCATGTGGACCTC-1","8","Syn1",0
"AGGGCATGTTAGTGTC-1","0","Syn1",1.44096392305322
"AGGGCTAAGTCGAGTC-1","0","Syn1",1.73480239152862
"AGGGCTAAGTGATAGA-1","8","Syn1",0
"AGGGGTTGTCATTACA-1","8","Syn1",1.67881431977764
"AGGGGTTGTGACTCGC-1","6","Syn1",0.623690379581954
"AGGGGTTGTTCGTCCT-1","5","Syn1",0.970937975532984
"AGGGGTTGTTTGCAGT-1","0","Syn1",0
"AGGGTCAAGAACCATT-1","4","Syn1",0
"AGGGTCAAGAAGCGAT-1","1","Syn1",0.739177167765872
"AGGGTCAAGCCAGAGA-1","5","Syn1",0.938797493079768
"AGGGTTGAGGCTAGAG-1","2","Syn1",1.26644142371569
"AGGTAAATCACCTGAA-1","7","Syn1",1.28539304040887
"AGGTATGGTCTAATTG-1","8","Syn1",0
"AGGTATGGTCTAGCCA-1","0","Syn1",0
"AGGTATGGTTGCTAAC-1","11","Syn1",0.715044357884699
"AGGTGATAGGTAGCGA-1","11","Syn1",0
"AGGTGATAGTGAGTGG-1","16","Syn1",0
"AGGTGCAAGAAGCCAG-1","5","Syn1",0
"AGGTGCAAGCCGATAC-1","4","Syn1",0
"AGGTGCAAGTCATGGC-1","15","Syn1",2.99600148026678
"AGGTGCTTCCAGGTTA-1","1","Syn1",1.04270649361277
"AGGTGTGAGGTCGAAG-1","2","Syn1",0
"AGGTTAAAGTTGCGGT-1","4","Syn1",0
"AGGTTAGGTAGTCCTG-1","1","Syn1",0.896307061210631
"AGGTTAGGTTAACTGC-1","7","Syn1",0
"AGGTTAGGTTTGAGGA-1","4","Syn1",0
"AGGTTCATCACTGTCT-1","10","Syn1",0
"AGGTTCGCACTAACCC-1","0","Syn1",0.949545584229791
"AGTAACCCAAGCTCTC-1","5","Syn1",0.640837133309422
"AGTAACCCAAGTGATC-1","0","Syn1",1.07352323059945
"AGTAATGAGTAGTCCA-1","12","Syn1",0
"AGTACAGGTGGGTACG-1","7","Syn1",0
"AGTACAGGTTTACGCG-1","5","Syn1",1.52778035177748
"AGTACCATCCTGAATG-1","4","Syn1",0
"AGTACCATCTAGTAAC-1","5","Syn1",0.475967219745832
"AGTACCTGTTAAGCGA-1","3","Syn1",0
"AGTACGGAGAATCGGG-1","7","Syn1",1.0748558834618
"AGTACGGAGGATCCGT-1","7","Syn1",0
"AGTATAGAGTAGCCGT-1","3","Syn1",0
"AGTATCACACAACCCT-1","1","Syn1",0.986911358965316
"AGTATCACATAGAGTC-1","5","Syn1",1.92870925046822
"AGTATCACATCATATC-1","2","Syn1",1.20616280524019
"AGTATCCGTGATTGAG-1","5","Syn1",0
"AGTATCCGTTTGGTGT-1","6","Syn1",0
"AGTATGAAGGAATTGA-1","2","Syn1",0
"AGTATGGGTGAAGTAT-1","0","Syn1",1.4249289318177
"AGTATGGGTTCGCTGA-1","5","Syn1",0
"AGTATGGGTTTCGGCA-1","13","Syn1",0
"AGTATTCAGCCATGAC-1","1","Syn1",1.78843389250168
"AGTATTGCATAGGGCC-1","7","Syn1",1.48073196410333
"AGTCAAGGTATAGCAG-1","12","Syn1",0
"AGTCAAGGTGAGGCCA-1","5","Syn1",0.82052772494538
"AGTCAAGGTGGACCCT-1","3","Syn1",0
"AGTCAAGGTTAGGGTA-1","6","Syn1",0
"AGTCAGCTCGCTCTCA-1","9","Syn1",0
"AGTCAGTCAAGTAGTC-1","0","Syn1",1.41556849200351
"AGTCAGTCAGGCAGAG-1","8","Syn1",0
"AGTCCAGCATGAAGTC-1","4","Syn1",0
"AGTCCCAGTTAGACGA-1","11","Syn1",1.1325991539561
"AGTCCCTCATCGAAGT-1","1","Syn1",1.81212987092416
"AGTCCTGGTAACCGAA-1","3","Syn1",0
"AGTCCTGGTAGGTCGG-1","8","Syn1",0
"AGTCGAAGTTGTGAGA-1","3","Syn1",0
"AGTCGGGGTCAACCGC-1","14","Syn1",0
"AGTCGGTTCCTTCGGC-1","7","Syn1",0
"AGTCGTTGTCAGTAGA-1","4","Syn1",0
"AGTCTCAAGATTCAGT-1","5","Syn1",0
"AGTCTCAAGTAATGTC-1","0","Syn1",0.985646318895353
"AGTCTTGAGGCGAAGC-1","12","Syn1",0
"AGTGAACAGGCAACTC-1","4","Syn1",0
"AGTGAATGTTCGTCAG-1","3","Syn1",0
"AGTGACAGTGAGCGAT-1","10","Syn1",0
"AGTGAGGTCATGCTTC-1","5","Syn1",1.14187957424183
"AGTGAGTAGCGAACTC-1","10","Syn1",0
"AGTGATGGTAGTCAAG-1","3","Syn1",0.851433420560502
"AGTGATGGTTTGCATA-1","1","Syn1",1.1844412690388
"AGTGATTTCCGTGTAA-1","0","Syn1",0.689022848643463
"AGTGATTTCCTGGTAA-1","2","Syn1",0
"AGTGCATCAGTAAGTC-1","5","Syn1",0.835142392768153
"AGTGCGCCAACTAAGC-1","8","Syn1",0
"AGTGCGCCATGGCAAT-1","11","Syn1",0
"AGTGCGGGTGATTCCG-1","1","Syn1",1.68845535852522
"AGTGCGGGTTGCGGCT-1","6","Syn1",1.25724527093487
"AGTGCTTGTAATCACC-1","14","Syn1",0
"AGTGCTTGTGAGTCCC-1","13","Syn1",0
"AGTGGAACACAATGAC-1","14","Syn1",0
"AGTGGCTTCACCTGGG-1","1","Syn1",0.692847315496976
"AGTGGCTTCAGGCAGA-1","3","Syn1",0
"AGTGGCTTCTGGCCTC-1","3","Syn1",0
"AGTGGTTCAACCCGAA-1","5","Syn1",0
"AGTGGTTCAATCCCGT-1","4","Syn1",0
"AGTGGTTCATGAGTGT-1","9","Syn1",0
"AGTGGTTCATTGCCCG-1","8","Syn1",0
"AGTGTAAAGCCAATGC-1","6","Syn1",0.844186198641133
"AGTGTCATCACGTGCG-1","3","Syn1",1.11157843466538
"AGTGTCATCACTTGAG-1","8","Syn1",0
"AGTGTCATCAGCACCG-1","2","Syn1",1.20045322986332
"AGTGTCATCGCGTGAT-1","1","Syn1",0.835068504185039
"AGTGTCGCATGGATCG-1","11","Syn1",0.749796805368833
"AGTGTGAGTTTAGCGT-1","5","Syn1",0
"AGTGTGGAGATAGGCG-1","5","Syn1",0
"AGTTAGAAGCGGTCTG-1","1","Syn1",1.11728855307234
"AGTTAGAAGTGCGCCA-1","0","Syn1",0
"AGTTAGCCAACCCTTA-1","4","Syn1",1.23674685676571
"AGTTAGCCAAGGGTCC-1","8","Syn1",0
"AGTTAGCCAATGTCGG-1","15","Syn1",0
"AGTTGAAAGCATCTCT-1","5","Syn1",0.835068504185039
"AGTTGAGGTATTGCCG-1","2","Syn1",0
"AGTTGCATCCTGTACT-1","4","Syn1",0
"AGTTGGGAGTAGTCTG-1","8","Syn1",0
"AGTTGGTCAAGTTCGG-1","4","Syn1",0
"AGTTGGTCATCGCTAC-1","8","Syn1",0
"AGTTTGGTCACAGGAG-1","15","Syn1",0
"AGTTTGGTCAGCCAAC-1","1","Syn1",1.73406596585075
"ATAACCACACAACCGA-1","0","Syn1",0
"ATAACGAAGTCATGGC-1","8","Syn1",0
"ATAACGGGTCCCGATA-1","3","Syn1",0
"ATAACGGGTTCCCGAA-1","1","Syn1",1.22507580354206
"ATAACGGGTTTACTGA-1","1","Syn1",0
"ATAACGTTCAGCAGTC-1","9","Syn1",0
"ATAACGTTCCCATTAC-1","8","Syn1",0
"ATAACGTTCGCGCATG-1","4","Syn1",0
"ATAACGTTCGTTAAGT-1","8","Syn1",0
"ATAAGCAAGCAGTTCA-1","0","Syn1",1.06138077407076
"ATAAGCAAGCGGCATT-1","10","Syn1",0
"ATAAGCTTCAGGGAAT-1","6","Syn1",1.03879754512904
"ATAAGGATCACAGCGT-1","6","Syn1",0.63109208501286
"ATAAGGATCCGGACAT-1","8","Syn1",0
"ATAAGGATCCTCGACC-1","1","Syn1",1.08636401227482
"ATAATCGCAAGCCTGA-1","6","Syn1",1.18106624537406
"ATAATGCTCAGCGGAA-1","7","Syn1",1.01779863340292
"ATAATGCTCCGGTTGG-1","3","Syn1",0
"ATAATGCTCCTTAGAG-1","7","Syn1",0
"ATACCAACACATACCC-1","3","Syn1",0.627368690350045
"ATACCATAGGTGATGG-1","10","Syn1",0
"ATACCCTTCTATGGGC-1","4","Syn1",0
"ATACGAAAGTTACGCA-1","14","Syn1",0
"ATACGGTCAAGCGTAT-1","12","Syn1",0
"ATACGGTCAAGCTGAT-1","13","Syn1",0.590178861060368
"ATACGGTCAAGCTTCC-1","4","Syn1",0
"ATACGTTAGTAGCGTC-1","8","Syn1",0
"ATACTGGTCTAACTCC-1","4","Syn1",0
"ATACTTGGTTCCTTGC-1","2","Syn1",1.57643251743086
"ATACTTGGTTGCCTAG-1","16","Syn1",0
"ATACTTGGTTGGGCAG-1","3","Syn1",1.1774793798721
"ATACTTGGTTTACGAC-1","6","Syn1",1.17353086516508
"ATAGCAAAGGTAGCGA-1","5","Syn1",2.02167119906472
"ATAGCACCAAGTGTAC-1","1","Syn1",0.535948773367149
"ATAGCACCAATGGGCC-1","8","Syn1",0
"ATAGCAGGTCTAAGTC-1","1","Syn1",1.70231827164591
"ATAGCCATCAAGTAAG-1","10","Syn1",0
"ATAGCCATCCCGCAGA-1","9","Syn1",0
"ATAGCCTGTTGCTCGA-1","5","Syn1",0
"ATAGCGAGTGACCGAG-1","8","Syn1",0
"ATAGCGAGTTAGTTGC-1","4","Syn1",0
"ATAGCGCTCATGTGCA-1","6","Syn1",0
"ATAGCGCTCCGTAGTA-1","1","Syn1",0.664437074677514
"ATAGCGCTCGCATGAC-1","0","Syn1",0
"ATAGGATGTGCGAGTG-1","8","Syn1",0
"ATAGGATGTTGGCGAG-1","0","Syn1",0
"ATAGGCCTCGACTTAG-1","8","Syn1",0
"ATAGGCGAGAATCCGC-1","15","Syn1",0
"ATAGGCTCAGCACCTT-1","4","Syn1",0
"ATAGGCTCAGGATGGG-1","6","Syn1",0
"ATAGGCTCAGTAAGTC-1","9","Syn1",1.08312234913239
"ATAGGCTCATCCTTGA-1","5","Syn1",1.15355261078563
"ATAGGGCGTAAGTCCT-1","6","Syn1",0
"ATAGGGCGTCTGGTGC-1","5","Syn1",1.09821244859881
"ATAGGGCGTTGCGGTC-1","3","Syn1",0
"ATAGGGGTCCGGGTAT-1","1","Syn1",0.870666890902604
"ATAGGGTAGCATGGTC-1","4","Syn1",0
"ATAGGGTAGTGAGATA-1","3","Syn1",1.29359025470687
"ATAGTCACAAAGGGAC-1","7","Syn1",1.38127171134152
"ATAGTGAAGCCAGGTT-1","7","Syn1",0.663750871003644
"ATAGTGAAGTAGGGCA-1","7","Syn1",0
"ATATCACAGGTTACAT-1","6","Syn1",0.995812036054296
"ATATCACAGTGATGAA-1","3","Syn1",0
"ATATCAGCAATTCACT-1","14","Syn1",0
"ATATCAGCATTCGGTC-1","2","Syn1",1.1311041336747
"ATATCCCTCGAGCACT-1","7","Syn1",0.508357862602792
"ATATCCTCAACCTACC-1","5","Syn1",1.21000306768098
"ATATCCTCATGGTCCT-1","2","Syn1",1.12203842247542
"ATATGGGGTAATCCTA-1","9","Syn1",0
"ATATGGGGTGGGAATC-1","5","Syn1",1.2672350011039
"ATATGGGGTTGAGCCC-1","3","Syn1",1.25986163338954
"ATATGGTTCTCACCTG-1","7","Syn1",1.0441955359795
"ATATGTCAGCTGGAGA-1","0","Syn1",0
"ATATGTCAGCTTCCTG-1","9","Syn1",1.43313713463297
"ATATGTCAGGTACCAC-1","16","Syn1",0
"ATCAACTAGCGCGATT-1","3","Syn1",1.20140062779038
"ATCAACTAGGGTCCAT-1","2","Syn1",1.23883246514497
"ATCAAGCCACATATAG-1","5","Syn1",0
"ATCAAGGGTGGCGTGA-1","6","Syn1",1.79342808299749
"ATCACAACAGTAATGC-1","11","Syn1",0.917387132635819
"ATCACATAGCGATGTC-1","5","Syn1",1.37643840035111
"ATCACCTTCCCGTACC-1","8","Syn1",0
"ATCACCTTCGCTTGGG-1","2","Syn1",0
"ATCACCTTCTGGTACA-1","15","Syn1",0
"ATCACGATCACGTTAG-1","3","Syn1",1.35673844238053
"ATCAGCCAGCTAATCG-1","16","Syn1",0
"ATCAGGCTCACCTTAC-1","2","Syn1",0.723632404484391
"ATCAGGCTCACTTCGT-1","1","Syn1",1.00620724918988
"ATCAGGCTCCCTGGAG-1","0","Syn1",0.84676488235993
"ATCAGGCTCGCTCTAT-1","3","Syn1",0.673964851459546
"ATCAGGCTCTATGTCC-1","2","Syn1",0
"ATCAGGGAGCCGCATG-1","2","Syn1",1.19791703111223
"ATCAGGGAGCGGACTT-1","7","Syn1",1.44930691416981
"ATCAGGGAGGATGGTG-1","1","Syn1",0
"ATCAGGGAGGTTAGCC-1","5","Syn1",0.77290282062709
"ATCAGGGAGTCGAAGG-1","3","Syn1",0
"ATCAGGTCAAGCGCGT-1","8","Syn1",0
"ATCAGGTCAATTACCT-1","11","Syn1",0.694700793020688
"ATCAGTTAGCGGACTT-1","0","Syn1",1.66930699635023
"ATCATCAGTAACCGAA-1","2","Syn1",0.826590190309798
"ATCATCCTCAATCGGC-1","14","Syn1",0
"ATCATCCTCCCGTGAG-1","0","Syn1",0.660115782666327
"ATCATCCTCCGCACCT-1","6","Syn1",0
"ATCATCCTCGCATCAA-1","14","Syn1",0
"ATCATGGTCGACCAGT-1","2","Syn1",0.972128551937293
"ATCATTCCACCTTGAC-1","10","Syn1",0
"ATCCAATAGCCTAAGC-1","1","Syn1",0.755197413890103
"ATCCACGGTGGCAGTG-1","5","Syn1",0
"ATCCATGAGCGGAGAC-1","5","Syn1",0.870182871659392
"ATCCATGAGGTTACAT-1","4","Syn1",0
"ATCCCAGGTGCACCAC-1","8","Syn1",0
"ATCCCATTCGTGCCAG-1","1","Syn1",1.37841144580713
"ATCCCATTCTGTGCCC-1","0","Syn1",0
"ATCCCGCTCAATTGCG-1","5","Syn1",0
"ATCCCTTAGGTTGCGT-1","9","Syn1",0
"ATCCGGGTCACAGGGA-1","2","Syn1",1.29038307872714
"ATCCGGGTCCGCCTAC-1","5","Syn1",0
"ATCCGGGTCGACTGAC-1","5","Syn1",0
"ATCCGTAAGAAGCCAG-1","3","Syn1",0
"ATCCGTAAGATAGATG-1","9","Syn1",0
"ATCCGTCCAAAGGACA-1","5","Syn1",1.44010301084813
"ATCCGTCCACTATGCC-1","11","Syn1",0
"ATCCTCCGTGATTCCG-1","13","Syn1",1.09719208605056
"ATCCTCCGTTTGACCG-1","9","Syn1",1.186887792441
"ATCCTGAAGGATCAGG-1","4","Syn1",0
"ATCCTGTTCCGCGCTT-1","5","Syn1",0.71826004951288
"ATCGAACCAAGCGCGT-1","2","Syn1",0.698845489012368
"ATCGAACCAAGCTCAG-1","5","Syn1",0.718852867018227
"ATCGAACCACAAGGAA-1","8","Syn1",0
"ATCGAAGGTCTAGCCA-1","4","Syn1",0
"ATCGAAGGTTGAGGAC-1","2","Syn1",0
"ATCGAGGAGCTAGCCG-1","0","Syn1",1.19261376821465
"ATCGCATGTGCGGCTT-1","1","Syn1",0
"ATCGCCCTCGTCTACT-1","11","Syn1",1.60338549290705
"ATCGCCTCAACCGTAG-1","0","Syn1",0
"ATCGCCTCACCTCAAC-1","4","Syn1",0
"ATCGCGCGTCAGGGCA-1","12","Syn1",0
"ATCGGGCCATAACCGG-1","3","Syn1",0.818787479672354
"ATCGGTCAGAACGACG-1","0","Syn1",1.47994536588652
"ATCGGTCAGTAGACCC-1","1","Syn1",0
"ATCGTACGTCTGGCTA-1","0","Syn1",0
"ATCGTACGTTCCCAGA-1","9","Syn1",0.768224842757073
"ATCGTAGTCGAGGTCT-1","7","Syn1",1.26230863469585
"ATCGTAGTCGCTATCT-1","4","Syn1",0
"ATCGTCAAGAAGGATC-1","3","Syn1",0
"ATCGTCAAGCATGGCT-1","4","Syn1",0
"ATCGTCAAGGCATGTC-1","2","Syn1",1.5450051082481
"ATCTAACAGCGAAGTG-1","7","Syn1",1.08969250703104
"ATCTAACAGCGCCTCT-1","6","Syn1",1.06497943176007
"ATCTAACAGGCACAGA-1","5","Syn1",0
"ATCTAACAGTGTCAAT-1","15","Syn1",0
"ATCTACCTCAGCACCG-1","3","Syn1",0
"ATCTACTCAAGTAACC-1","3","Syn1",1.09575381434258
"ATCTACTCAAGTGTAC-1","6","Syn1",1.19929156657706
"ATCTACTCATCAAGCG-1","0","Syn1",1.5139930195507
"ATCTATGGTGCAATGA-1","3","Syn1",0
"ATCTATGGTTATGCGT-1","2","Syn1",0.689121630308518
"ATCTATGGTTTACTTC-1","14","Syn1",0
"ATCTCATCACCATGTC-1","9","Syn1",1.37246780408917
"ATCTCCACAGCAGGGA-1","8","Syn1",0
"ATCTCCACATCGCTCG-1","14","Syn1",1.30005926867752
"ATCTCGCCAGGAAGGT-1","5","Syn1",0.745231616417739
"ATCTCGCCATCCAGAG-1","0","Syn1",0
"ATCTGAGTCGTCTACT-1","1","Syn1",0
"ATCTGGATCCATAGTG-1","2","Syn1",0
"ATCTGTGAGGAGGTGC-1","5","Syn1",1.05633808448769
"ATCTTCATCGAACCCG-1","11","Syn1",1.02301856459932
"ATCTTGCTCTAAGCAT-1","8","Syn1",0
"ATGAAAGTCATATCGG-1","15","Syn1",0
"ATGAACCCAGCTCTAC-1","3","Syn1",0
"ATGAACCCATGATCCC-1","2","Syn1",1.26558805712957
"ATGACAGGTAAGGTCA-1","12","Syn1",0
"ATGACAGGTTATCACA-1","13","Syn1",1.61516912430805
"ATGACGGAGAATCCGC-1","9","Syn1",0
"ATGACGGAGGATCTGC-1","10","Syn1",0
"ATGAGGCGTAATGAGT-1","11","Syn1",0.635320212756372
"ATGAGGTAGCCTGAGT-1","1","Syn1",1.16655810912996
"ATGAGTAAGCGAACTC-1","2","Syn1",0
"ATGATGTTCAATCACG-1","2","Syn1",0
"ATGATGTTCCGGTTCC-1","13","Syn1",0.589820545764883
"ATGATGTTCCGTTAAG-1","3","Syn1",0
"ATGATTGCAAGCGTAT-1","6","Syn1",1.23640002269911
"ATGATTGCATAGACAC-1","10","Syn1",0
"ATGCACGCAAAGGTGA-1","6","Syn1",0.673116927243688
"ATGCACGCATTCAGTT-1","4","Syn1",0
"ATGCAGGAGCCAATCA-1","2","Syn1",0.913748294252482
"ATGCATTAGATTCAAC-1","3","Syn1",0.615057018181809
"ATGCATTAGCCTGCTC-1","6","Syn1",1.17577247844446
"ATGCCACAGGTAGGCA-1","1","Syn1",0
"ATGCCCTCATCCCAAC-1","1","Syn1",1.66188750404061
"ATGCCCTCATGGCGTA-1","6","Syn1",0
"ATGCCTGGTGGCTGTC-1","4","Syn1",0
"ATGCGGTTCACTTGGA-1","8","Syn1",0
"ATGCTCAAGCGGATCT-1","13","Syn1",1.00852471802139
"ATGCTCAAGTACCAAT-1","4","Syn1",0
"ATGCTGATCCGTGCGA-1","4","Syn1",0
"ATGCTGATCCTTCACG-1","3","Syn1",0
"ATGCTTAGTAATGACG-1","5","Syn1",0.713182357457555
"ATGCTTGAGGTGCGTT-1","2","Syn1",0.616426458282078
"ATGGAGACAATTGACA-1","3","Syn1",0
"ATGGAGTAGAAGCGCA-1","12","Syn1",0
"ATGGATGGTTCCATCC-1","6","Syn1",1.15236600797643
"ATGGCAAGTTAGCCTG-1","5","Syn1",0.672787776411299
"ATGGCGAAGCATATCG-1","11","Syn1",1.00686820528624
"ATGGCTATCACGTAAT-1","0","Syn1",0
"ATGGCTATCCTTCCAG-1","1","Syn1",1.53707526384671
"ATGGCTGCAGCCAGAC-1","1","Syn1",1.20860095049385
"ATGGCTGCAGGCATCA-1","12","Syn1",0
"ATGGCTGCATGATCGG-1","7","Syn1",0
"ATGGGATAGGCTCTGG-1","10","Syn1",0
"ATGGGATAGTAGCTGC-1","14","Syn1",0
"ATGGGCAAGCGCTCGA-1","11","Syn1",0.554027196568341
"ATGGGCTTCCTGTCGC-1","2","Syn1",1.17461183510335
"ATGGGGATCCTTAGTC-1","0","Syn1",1.31133619292653
"ATGGGGATCTGGGAAG-1","4","Syn1",0
"ATGGGTGAGCGAAGTG-1","0","Syn1",0
"ATGGGTGAGGTCACAC-1","6","Syn1",0
"ATGGTAAAGGATGTAA-1","7","Syn1",0.496274828514784
"ATGGTAAAGGCACGAA-1","4","Syn1",0
"ATGGTAGGTATGGTTC-1","11","Syn1",0.933754882296838
"ATGGTCATCAAGTAGA-1","12","Syn1",0
"ATGGTCATCCGGTGAT-1","3","Syn1",0.641049666340512
"ATGGTGAGTCAGTCAT-1","4","Syn1",0
"ATGGTGAGTTCGATAC-1","2","Syn1",0.733112221368175
"ATGGTGAGTTTGGCGC-1","3","Syn1",0
"ATGGTGGAGCCACTAA-1","6","Syn1",0
"ATGGTTTAGGCTCCGA-1","14","Syn1",0
"ATGGTTTAGTATGTAC-1","10","Syn1",0
"ATGGTTTAGTTGGCCG-1","6","Syn1",1.12544851030617
"ATGTACCGTGCACGCT-1","15","Syn1",0
"ATGTAGCCAAGCACGC-1","0","Syn1",1.8632113930142
"ATGTAGCCAATCCATT-1","4","Syn1",0
"ATGTCAACAAGTCCCT-1","5","Syn1",1.28058728507045
"ATGTCCCCACATTGAA-1","0","Syn1",0.88387199958826
"ATGTCCCCACTCAGCT-1","11","Syn1",0.472529882875153
"ATGTCCCCAGCACTGA-1","9","Syn1",1.18205821068324
"ATGTCCCCATTACTGT-1","0","Syn1",0
"ATGTCCTTCTATGTGG-1","2","Syn1",0
"ATGTGAAAGCGCCATG-1","5","Syn1",1.32324274721444
"ATGTGAGGTCTAAGCT-1","7","Syn1",1.6265074134685
"ATGTGCATCGTTGCGG-1","6","Syn1",0.931278573674416
"ATGTGCATCTGGTGAC-1","4","Syn1",0
"ATGTGGGAGATAGGGT-1","5","Syn1",1.3807698976481
"ATGTGGGAGTATGTCG-1","7","Syn1",0.496954517254597
"ATGTGGGAGTGTCAAT-1","0","Syn1",0.943275906871074
"ATGTTAGCACTCATCA-1","16","Syn1",0
"ATGTTCCTCTCACCAT-1","3","Syn1",0.669374996242048
"ATTAAGCTCCGCCAGA-1","3","Syn1",0
"ATTAAGCTCCGCCATC-1","0","Syn1",0
"ATTAAGCTCGACATAT-1","2","Syn1",1.20311016249027
"ATTACCCTCATGCCTT-1","5","Syn1",0
"ATTACCCTCGTACTAG-1","13","Syn1",0
"ATTACCTCACTAAGGT-1","3","Syn1",0
"ATTACGTAGCAGGCTT-1","7","Syn1",1.54854466970654
"ATTACGTAGCCCTGAG-1","4","Syn1",0
"ATTCAGGTCGCGTTAA-1","1","Syn1",1.17476644025044
"ATTCAGTAGCGCATGT-1","0","Syn1",1.37334787592331
"ATTCAGTAGGATCACC-1","2","Syn1",0.912497587831255
"ATTCAGTAGGCGAGTA-1","1","Syn1",1.48922833432513
"ATTCAGTAGTAGGAAC-1","7","Syn1",0
"ATTCATGGTTGCGTCA-1","8","Syn1",0
"ATTCCAAGTTGGGACG-1","6","Syn1",0.870263501828717
"ATTCCATCAGCCATTC-1","12","Syn1",0
"ATTCCATCATAGGTAC-1","5","Syn1",0.88898726410892
"ATTCCCACAACATGGT-1","1","Syn1",1.06835396784264
"ATTCCCACATGGCTCT-1","3","Syn1",0.507198786518831
"ATTCCGGGTTCCTGCT-1","3","Syn1",0.632991667913815
"ATTCCTTGTATGGGTA-1","14","Syn1",1.18436253602304
"ATTCCTTGTTTCCGAG-1","3","Syn1",1.56409268924782
"ATTCGATAGCAAGGAT-1","3","Syn1",1.4147817952168
"ATTCGATAGGAGGTAT-1","4","Syn1",0
"ATTCGATAGTTGGTCA-1","4","Syn1",0
"ATTCGCTTCCCTGGAG-1","13","Syn1",1.3556154831845
"ATTCGCTTCCTCATCG-1","10","Syn1",0
"ATTCGGGCAACCCTTA-1","9","Syn1",0
"ATTCGGGCATTGGCCT-1","6","Syn1",0
"ATTCGTTCAGCAGTAT-1","1","Syn1",0.994361259230302
"ATTCGTTCATTACAGA-1","5","Syn1",0
"ATTCGTTCATTGGCCT-1","8","Syn1",0
"ATTCTCATCATACTCC-1","3","Syn1",0
"ATTCTCATCCTGTATC-1","3","Syn1",1.16030315285441
"ATTGACTAGGTAAGTA-1","4","Syn1",0
"ATTGAGAAGCCTAGCG-1","3","Syn1",0
"ATTGAGAAGGATGGGC-1","3","Syn1",0
"ATTGATGCAAGTGGCC-1","5","Syn1",0
"ATTGCCCCAGGCAAGG-1","0","Syn1",0
"ATTGCCCCATCCACAC-1","1","Syn1",0.765139036782696
"ATTGCCTTCACCTATC-1","1","Syn1",1.05373486826783
"ATTGCCTTCACGCACG-1","6","Syn1",0.845094421372425
"ATTGGATTCCAGGTCG-1","8","Syn1",0
"ATTGGATTCCTGCATT-1","1","Syn1",1.89141308642205
"ATTGGATTCTGGCTAA-1","1","Syn1",1.40511037996073
"ATTGGCCAGCCACAGT-1","2","Syn1",0
"ATTGGCGCAAAGGCAA-1","2","Syn1",0
"ATTGGCGCATGCGCTT-1","8","Syn1",0
"ATTGGGTCAAACTGCG-1","8","Syn1",0
"ATTGGGTCAAGTCCCT-1","7","Syn1",1.45170247584432
"ATTGGGTCACCACATC-1","0","Syn1",1.39232453014648
"ATTGGTTAGCCACATA-1","3","Syn1",0
"ATTGGTTAGCCCTGTC-1","10","Syn1",0
"CAAACCGCAGCAGGGA-1","1","Syn1",0
"CAAACTTAGTATGATC-1","13","Syn1",0.487535646023029
"CAAAGCCTCCCTCAAT-1","5","Syn1",1.42751231684112
"CAAAGCTCATGGTAGT-1","15","Syn1",2.08532623654161
"CAAAGGCGTAGCTCGC-1","4","Syn1",0
"CAAAGGCGTATGGTGA-1","1","Syn1",1.4394888082265
"CAAAGGTAGTACCACA-1","0","Syn1",0.743664873507012
"CAAAGTAAGCGATTGC-1","2","Syn1",0
"CAAAGTAAGTGCGCTG-1","2","Syn1",0.89450783711595
"CAAATGAAGGCAATGG-1","6","Syn1",0
"CAAATGTTCATGGTGC-1","11","Syn1",1.45465231890093
"CAAATGTTCCTTCGTG-1","0","Syn1",1.64633967739536
"CAAATGTTCGATGCTA-1","5","Syn1",0
"CAAATTCAGATTAAGG-1","12","Syn1",0
"CAAATTCAGCGATTGC-1","0","Syn1",0.880882439811454
"CAAATTCAGGAGGACC-1","0","Syn1",0
"CAAATTCAGGGTACTC-1","10","Syn1",0
"CAAATTCAGTCGAGAG-1","7","Syn1",1.16976482846486
"CAACAGTCAAGCTGGC-1","1","Syn1",1.28577169302965
"CAACAGTCAATTAGCA-1","2","Syn1",0.814488268485029
"CAACCAATCTGGCTAA-1","0","Syn1",1.02165124753198
"CAACCAGCATGGATCG-1","1","Syn1",0.615643151906848
"CAACCCAGTGCGATGG-1","0","Syn1",0.883039402299111
"CAACCCTCAATCGCCT-1","8","Syn1",0
"CAACCCTCACATGCTC-1","4","Syn1",0
"CAACCCTCAGCTAGGC-1","9","Syn1",1.35866849729655
"CAACGAAGTAGGCGAT-1","12","Syn1",0
"CAACGAAGTTAGTAGG-1","2","Syn1",1.32011732818964
"CAACGATCACATATAG-1","11","Syn1",0
"CAACGATCAGTTGAGT-1","2","Syn1",0.540309291077688
"CAACGGGGTTCAAGGA-1","9","Syn1",0
"CAACTAACAAGTGTCG-1","13","Syn1",1.05334964582325
"CAACTAACATGGAGCC-1","9","Syn1",1.38345111191678
"CAACTAGTCATCACCT-1","6","Syn1",0
"CAACTAGTCGAATCCA-1","11","Syn1",0
"CAACTGATCACAGGTC-1","0","Syn1",0
"CAAGACAGTGACCGAG-1","7","Syn1",1.24487292658905
"CAAGATGGTGAAGTTG-1","10","Syn1",0
"CAAGCCACAATACCGG-1","2","Syn1",1.6287543430843
"CAAGCCCGTGAACTGA-1","0","Syn1",0
"CAAGCCCGTGCGGACA-1","4","Syn1",0
"CAAGCGAAGCGGAGAC-1","0","Syn1",0.723851232178156
"CAAGCGAAGGAACCCT-1","10","Syn1",0
"CAAGCGAAGGGGTAAT-1","0","Syn1",0
"CAAGCTCAGCTATCTC-1","3","Syn1",1.57029640406483
"CAAGGATAGAACGGTG-1","2","Syn1",1.57889800543004
"CAAGGATAGTTGGACC-1","4","Syn1",0
"CAAGGCGGTGCGGTGA-1","14","Syn1",0
"CAAGGGATCACCCTTG-1","1","Syn1",1.16269038723959
"CAAGGGATCTAGGCAC-1","10","Syn1",0
"CAAGGGGCAATTCATC-1","13","Syn1",1.02398948771791
"CAAGGTAGTGGCTCAC-1","10","Syn1",0
"CAAGGTTCAGCTCGTT-1","12","Syn1",0
"CAAGTAAAGGCGTTAC-1","3","Syn1",0.8889028989759
"CAAGTAAAGTGTCCTT-1","8","Syn1",0
"CAAGTAGGTTTGGGCC-1","2","Syn1",1.041518585088
"CAAGTCATCCCATACT-1","7","Syn1",1.35524163777831
"CAAGTCATCTCACCGC-1","13","Syn1",1.36414975774988
"CAAGTCGCAAACCAGT-1","11","Syn1",2.11504491277025
"CAAGTCGCAGCAGTAT-1","5","Syn1",0.689418152000079
"CAAGTCGCAGGAAGGT-1","3","Syn1",0.848289564482974
"CAAGTCTGTGAGGAGA-1","4","Syn1",0
"CAAGTCTGTTATCTAG-1","8","Syn1",0
"CAAGTTTAGCATCCGG-1","0","Syn1",0.880221012424611
"CAAGTTTAGTCAACTG-1","12","Syn1",0
"CAATAGCCAGTAAGTC-1","13","Syn1",1.84198722330646
"CAATAGCCATCCCAAC-1","5","Syn1",0.740609358002297
"CAATATCAGGCTCCGA-1","15","Syn1",0
"CAATATCAGGGGTAAT-1","2","Syn1",0.804833077442008
"CAATCCTTCAGCAAGG-1","0","Syn1",0.77687878110512
"CAATCCTTCGCATGGT-1","9","Syn1",1.66004518425543
"CAATCGATCCGCAAGT-1","0","Syn1",1.20083198862238
"CAATCTTCAATAGGGA-1","15","Syn1",0
"CAATCTTCAATAGTCA-1","3","Syn1",1.34570908100481
"CAATGGCTCAGCACCG-1","8","Syn1",0
"CAATGGCTCGCGCGTA-1","7","Syn1",1.18819457468328
"CAATTGGTCCGCGCTT-1","1","Syn1",1.32587712930109
"CAATTGGTCTAGGCGT-1","3","Syn1",0
"CACAACATCATGTAAC-1","1","Syn1",1.35197613693865
"CACAACATCCGCAAGT-1","11","Syn1",1.04389735703126
"CACAAGTCAACCATCC-1","8","Syn1",0
"CACAAGTCACATATAG-1","14","Syn1",0
"CACAAGTCACCTTCGG-1","12","Syn1",0
"CACAAGTCACTCAATT-1","6","Syn1",1.99349606324269
"CACAAGTCATAAGCTA-1","2","Syn1",0
"CACAATTAGTAAGGCG-1","6","Syn1",1.56240189566477
"CACACAATCTGGCTCC-1","16","Syn1",0
"CACACACAGAAGCCTC-1","5","Syn1",0
"CACACACAGCAATCGC-1","6","Syn1",1.00692332741619
"CACACCCTCCAGCGTG-1","5","Syn1",1.02507700829588
"CACACCTCAAGCCTCT-1","2","Syn1",1.39224877856195
"CACAGGCCAAGTGAAG-1","14","Syn1",1.08701489985328
"CACAGGCCAGCTAGTG-1","8","Syn1",0
"CACAGGTTCCTTGGAA-1","5","Syn1",1.06051610817874
"CACATAACAAATCCTT-1","0","Syn1",0.719500741864347
"CACATAACAATACCAA-1","5","Syn1",1.29865302850918
"CACATAGTCCCATTCG-1","0","Syn1",1.56662710708217
"CACATTAGTAACGTAG-1","1","Syn1",1.01796793689188
"CACATTGAGGAATTGA-1","7","Syn1",1.15720349761126
"CACATTGAGGTTGCAC-1","16","Syn1",0
"CACATTTCAATCCAGG-1","9","Syn1",0.682470835022903
"CACATTTCAATTGCTT-1","3","Syn1",1.338954069652
"CACCAACAGGATCTAT-1","3","Syn1",0.852667000802262
"CACCACCTCCTGTACT-1","5","Syn1",0
"CACCACCTCTAATGGT-1","1","Syn1",1.30044780662655
"CACCAGACAGCACTGA-1","4","Syn1",0
"CACCAGTAGGAGCCTT-1","4","Syn1",0
"CACCAGTAGTAAGTGA-1","12","Syn1",0
"CACCATCCAAACTACA-1","14","Syn1",1.09714776970045
"CACCATTTCACATGGC-1","1","Syn1",1.66814236829328
"CACCATTTCTGGCTAA-1","16","Syn1",0
"CACCCAAGTAATGCTC-1","5","Syn1",0.626110618793755
"CACCCATCAAAGGTCT-1","3","Syn1",0.778022670160522
"CACCCATCAAGTCGGC-1","0","Syn1",0
"CACCCATCAGGAATGA-1","4","Syn1",0
"CACCCTTGTGGCTCAC-1","11","Syn1",0.774034444936363
"CACCCTTGTTCCTGCT-1","9","Syn1",0.8114166347265
"CACCGATAGCCACACG-1","9","Syn1",1.15332991646538
"CACCGATAGGTAAGGT-1","15","Syn1",0
"CACCGATAGTCGCATA-1","5","Syn1",0.963859941847694
"CACCGCAAGATTGCTG-1","11","Syn1",0.586934603928213
"CACCGCAAGTGAGCAG-1","7","Syn1",1.30958932760049
"CACCGCTTCTCATCCG-1","8","Syn1",0
"CACCTAAAGAACGGTG-1","12","Syn1",0
"CACCTAAAGGCGTTCG-1","3","Syn1",0.74616331911836
"CACCTAAAGTCATAGT-1","0","Syn1",0
"CACCTATTCCGTCATT-1","10","Syn1",0
"CACCTATTCGACCAGT-1","10","Syn1",0
"CACCTATTCGATCAAT-1","6","Syn1",0
"CACCTCATCGCGTTAA-1","8","Syn1",0
"CACCTCGCAACCCTAC-1","2","Syn1",0
"CACCTCTGTGAGGAAG-1","2","Syn1",0
"CACCTGCTCCGGTATA-1","4","Syn1",0
"CACCTTTAGCAAGTAA-1","8","Syn1",0
"CACCTTTAGCATCCGG-1","4","Syn1",0
"CACGACCGTAGTCCAT-1","0","Syn1",0
"CACGACCGTGGACACG-1","15","Syn1",0.754063096651859
"CACGACCGTTCGCAGC-1","1","Syn1",0.669561067785595
"CACGACTAGCCCTGGA-1","13","Syn1",0
"CACGACTAGGTCATTG-1","9","Syn1",0.770462837344787
"CACGAGGGTAGCTCGC-1","2","Syn1",0
"CACGAGGGTCTTGATA-1","16","Syn1",0
"CACGATTGTTGCGGAG-1","4","Syn1",0
"CACGATTGTTGTCTCC-1","13","Syn1",0.669886951273271
"CACGCAACAAACTTGA-1","11","Syn1",1.46480049811618
"CACGCAACAAGGGCTC-1","3","Syn1",1.07011295053899
"CACGCAACACATGACG-1","4","Syn1",0
"CACGCCAAGGCAAGCA-1","8","Syn1",0
"CACGCCAAGGTCCAGT-1","14","Syn1",0
"CACGCCAAGTGTCATG-1","0","Syn1",0.975547605290896
"CACGCCAAGTTGCTGA-1","9","Syn1",0
"CACGCTAGTTGAAGTG-1","6","Syn1",0
"CACGGTTAGGTATGAA-1","13","Syn1",2.10558251790793
"CACGGTTAGGTGAGAT-1","0","Syn1",1.25365654374918
"CACGGTTAGTAGTAGA-1","3","Syn1",0
"CACTAACGTAGCAGGT-1","3","Syn1",0.89725259507883
"CACTAACGTTAGGTTC-1","5","Syn1",0.605492568301873
"CACTACCCAGGACAGG-1","11","Syn1",0
"CACTATGAGATTGGCC-1","6","Syn1",0.991473369145634
"CACTATGAGGCACACT-1","0","Syn1",0.843846147700266
"CACTATGAGTGATACT-1","9","Syn1",0.645805735072203
"CACTCAAAGCGGCATT-1","6","Syn1",0
"CACTCACCAAGTGGAA-1","2","Syn1",2.333490335731
"CACTCACCACTTCGTA-1","1","Syn1",0.967789652254861
"CACTCACCAGGCATTG-1","13","Syn1",0.922881039592554
"CACTCACCATGCTCAC-1","4","Syn1",0
"CACTCCATCCGCAGTG-1","14","Syn1",0
"CACTCCATCGCATCCC-1","3","Syn1",0.615174152824935
"CACTCCGCAAGTGGAA-1","10","Syn1",0
"CACTCCGCACATACGG-1","1","Syn1",1.49541905535312
"CACTCCGCATTAGGTA-1","2","Syn1",1.19448266067252
"CACTCGCTCATGCGTA-1","7","Syn1",0.968059611188424
"CACTCGCTCCAGCGTG-1","3","Syn1",0
"CACTGCCTCCCATTAC-1","3","Syn1",0.818504097410233
"CACTGCCTCCTGTATC-1","9","Syn1",0
"CACTGCCTCTCACCAT-1","3","Syn1",0.648886385238809
"CAGCAAAGTCTTACGG-1","2","Syn1",0.62688107612544
"CAGCAATCAAGTTCCC-1","4","Syn1",0
"CAGCAATCAGGCTCAA-1","4","Syn1",1.77203496388028
"CAGCACTAGGAATCAA-1","6","Syn1",0.821062015146736
"CAGCACTAGTCAGCGT-1","7","Syn1",1.17468913201792
"CAGCAGCCAATACTAG-1","0","Syn1",0
"CAGCAGCCATTACGCC-1","11","Syn1",0.79342091267899
"CAGCATATCCATTGCT-1","1","Syn1",0.58180547018639
"CAGCATTGTAATCCTA-1","4","Syn1",0
"CAGCATTGTAGTGCTT-1","5","Syn1",0.577109848138556
"CAGCATTGTTAGGCCC-1","9","Syn1",1.29986509867773
"CAGCATTGTTAGTGCT-1","3","Syn1",0.73463280123581
"CAGCCATAGCGCTATA-1","1","Syn1",0
"CAGCCATAGGTAGAGT-1","9","Syn1",0.848671644232342
"CAGCTAATCACATACG-1","6","Syn1",0
"CAGCTATGTGCGTAGG-1","6","Syn1",1.38591947826639
"CAGCTCTCAAATGGAG-1","0","Syn1",0
"CAGCTCTCATGACCGA-1","0","Syn1",0.514181331612963
"CAGGATTCAGGAGCAG-1","4","Syn1",0
"CAGGCCATCGCTCGTC-1","7","Syn1",1.14508360529694
"CAGGCGAGTAGTAGCA-1","2","Syn1",0.68242242582326
"CAGGCGAGTATGTGAG-1","4","Syn1",0
"CAGGCTTAGTTGGCCG-1","5","Syn1",0.941269260799731
"CAGGGCAGTTGCTATA-1","0","Syn1",1.13452775105421
"CAGGGCTCAAGCGCGT-1","10","Syn1",0
"CAGGTAAGTAGTCCTG-1","1","Syn1",0
"CAGGTAAGTGAAGCTA-1","6","Syn1",0
"CAGGTAAGTGATCAAG-1","8","Syn1",0
"CAGGTCCGTAACGAGC-1","16","Syn1",0
"CAGGTCCGTTTGAGTC-1","4","Syn1",0
"CAGGTTATCCTGTGAA-1","6","Syn1",0.903843971828615
"CAGTAACCAATTCAGA-1","11","Syn1",1.13281308475389
"CAGTAACCAGGAAGCG-1","0","Syn1",1.72424673944707
"CAGTACGCATAGGCCA-1","3","Syn1",0
"CAGTAGCTCACGCCAG-1","5","Syn1",0
"CAGTAGCTCGACCCGA-1","11","Syn1",0
"CAGTAGCTCGCTTGAA-1","0","Syn1",0.732859430304928
"CAGTAGGAGCTTACTC-1","3","Syn1",1.26644142371569
"CAGTCCCTCGCGTCCT-1","11","Syn1",0.589784738853335
"CAGTGTTGTCAGTCAT-1","0","Syn1",1.09383520951983
"CAGTGTTGTGGACACG-1","1","Syn1",1.73186132764699
"CAGTTAGTCACTAGCA-1","2","Syn1",0
"CAGTTAGTCATGCCTT-1","4","Syn1",1.78347441769395
"CAGTTATAGCAAGGGC-1","4","Syn1",0
"CAGTTATAGTCGCGCA-1","6","Syn1",1.10464852429996
"CAGTTCAAGGCGAAGC-1","1","Syn1",0.934880878208659
"CAGTTCCCAAATCAGC-1","1","Syn1",1.17515315127747
"CAGTTTGAGGCGAGGT-1","5","Syn1",0
"CAGTTTGAGTGAGATA-1","1","Syn1",1.11395554995351
"CATAACTAGCGATGTC-1","10","Syn1",0
"CATAACTAGGTACCGT-1","1","Syn1",0.995399621938329
"CATAACTAGTAGACCC-1","3","Syn1",0.712917181960949
"CATAAGCCATCCTGGT-1","5","Syn1",1.00708873303539
"CATAAGCCATCGCTCG-1","0","Syn1",0.771336867145471
"CATAAGGGTTTCGGCA-1","3","Syn1",0
"CATACCAAGTGGCTCG-1","5","Syn1",1.35641737885099
"CATACCTTCACAGGTC-1","0","Syn1",0
"CATACCTTCGATGTGC-1","0","Syn1",0
"CATACTGAGGCTTACA-1","10","Syn1",0
"CATACTGAGTACCATG-1","2","Syn1",1.05158964902973
"CATACTTCAAGGTCGC-1","9","Syn1",1.16344651825306
"CATACTTCAGTTAGGT-1","0","Syn1",0.906650316091981
"CATAGAGGTCAACTAC-1","9","Syn1",0
"CATAGAGGTTCGCCAA-1","10","Syn1",0
"CATAGATTCACCAATG-1","0","Syn1",0.998637113488832
"CATAGCATCCACCTAT-1","11","Syn1",0.58594373838108
"CATAGCATCGACCTAA-1","14","Syn1",0
"CATAGCCAGCATCGCG-1","4","Syn1",0
"CATAGCCAGCCCTGCT-1","4","Syn1",0
"CATAGCCAGGATTCAT-1","7","Syn1",0.560076891697299
"CATAGCCAGGGTGATG-1","6","Syn1",0
"CATAGCGCATGGTGAT-1","15","Syn1",0
"CATAGCTGTTGCATAC-1","2","Syn1",1.00929977993504
"CATAGGCTCGACATTG-1","10","Syn1",0
"CATAGGGAGATTGACT-1","3","Syn1",0
"CATAGGGAGTGCCATA-1","3","Syn1",1.08183161173779
"CATAGGTCATCCACTA-1","4","Syn1",0
"CATAGGTCATTCGGCT-1","9","Syn1",1.25365654374918
"CATAGTTAGGCTCCTC-1","0","Syn1",1.5152845966404
"CATAGTTAGGTCCCAG-1","9","Syn1",0
"CATATAGCATTACCGC-1","6","Syn1",1.35188765257238
"CATATCCTCAATGGAA-1","4","Syn1",0
"CATATCTCACCTCAGT-1","0","Syn1",0.866890642463751
"CATATCTCATTCAGTT-1","13","Syn1",0.623288882796565
"CATATTCCACATGAGT-1","2","Syn1",0
"CATATTCCATCATAGA-1","6","Syn1",1.31431476699965
"CATCAATAGTAATGGA-1","0","Syn1",1.72652240883088
"CATCACAAGCCTGCCT-1","0","Syn1",1.54871486057674
"CATCACAAGTGATTCG-1","0","Syn1",1.99087146137657
"CATCACCCATCCTACA-1","2","Syn1",0
"CATCACTTCAGCACTA-1","0","Syn1",0.695807757918151
"CATCACTTCAGTTCCT-1","3","Syn1",0.592374322136518
"CATCAGGCAGCTAAGT-1","1","Syn1",1.63437706404555
"CATCAGGCATCGCTGT-1","8","Syn1",0
"CATCATTCATGGATGT-1","2","Syn1",0.489654190981855
"CATCCACCAAAGGACA-1","4","Syn1",0
"CATCCACCATAATTGG-1","10","Syn1",0
"CATCCCGCAGCTCGTT-1","1","Syn1",0.866890642463751
"CATCCCTGTTTACTGA-1","7","Syn1",0
"CATCCGCTCACGCTAA-1","15","Syn1",0
"CATCCGCTCATATCGG-1","1","Syn1",0.881544925593379
"CATCCGCTCCGCTGTC-1","1","Syn1",0.856624452706367
"CATCCGCTCTAGTGCA-1","6","Syn1",0.645331156449197
"CATCCGCTCTGGCTCC-1","13","Syn1",1.64237709465491
"CATCCGGAGGAGGTAT-1","1","Syn1",0.788282855521318
"CATCCGGAGTGCCCGA-1","9","Syn1",0.759286528363921
"CATCGTCCAAGCGCGT-1","2","Syn1",0
"CATCGTCCACAGCAAT-1","0","Syn1",1.3402710931407
"CATCGTTTCAATCTCC-1","5","Syn1",0.58796449800622
"CATCGTTTCCATCCAT-1","0","Syn1",0
"CATCTGTTCGTTAGGC-1","4","Syn1",0
"CATCTTGCAAGCTAAC-1","13","Syn1",0.844905037710115
"CATCTTGCACATTAGA-1","3","Syn1",0.734181572593781
"CATCTTGCACTTCGAC-1","1","Syn1",1.17825706901868
"CATGAAGGTGCAATTC-1","8","Syn1",0
"CATGCAATCCAGATCA-1","1","Syn1",0
"CATGCAATCTGGTAGC-1","6","Syn1",0.814768724610891
"CATGCCAGTCAACTTA-1","11","Syn1",0.968955009834278
"CATGCCAGTCATGCGC-1","9","Syn1",0
"CATGCCAGTCTCCAGA-1","4","Syn1",0
"CATGCCAGTTTCCAGG-1","1","Syn1",1.39321532599534
"CATGCGCGTATAGTGG-1","3","Syn1",0.845928778598911
"CATGCGCGTTCAATGC-1","3","Syn1",0
"CATGCTGGTAAGCGCG-1","4","Syn1",0
"CATGGGTTCCAGCGTG-1","3","Syn1",0.743664873507012
"CATGGTCAGCCATCAA-1","9","Syn1",2.25622786427144
"CATGGTCAGTGGCTGT-1","13","Syn1",1.05928353626381
"CATGGTCAGTGTCCGG-1","2","Syn1",1.04941372634193
"CATGTCAAGGTCACTA-1","6","Syn1",0
"CATTACTCAGTACCTC-1","10","Syn1",0
"CATTACTCATCGCGTT-1","3","Syn1",1.20714769495516
"CATTACTCATGCTCCG-1","10","Syn1",0
"CATTAGGTCCGCGTGA-1","2","Syn1",0
"CATTAGTAGCTACTCT-1","6","Syn1",1.2195845287347
"CATTAGTAGGCTACAC-1","15","Syn1",0
"CATTCGAAGTGCCATA-1","4","Syn1",0
"CATTCGCCAGCACGGT-1","4","Syn1",0
"CATTCGTTCACGCTAA-1","0","Syn1",1.86095342657935
"CATTCTATCACGCCAG-1","6","Syn1",0.664025176112237
"CATTGGATCCGCTGTC-1","2","Syn1",0
"CATTGTGAGCGCGATT-1","0","Syn1",0
"CATTTAGGTGCGCATC-1","6","Syn1",1.19641178421839
"CATTTCATCCTCGTGC-1","11","Syn1",0.83388816417548
"CATTTCGCACTAACCC-1","13","Syn1",1.03534959771572
"CATTTGAGTAATGGAT-1","6","Syn1",0
"CATTTGAGTAGCTTAC-1","6","Syn1",1.43940696073475
"CATTTGAGTTAGCGAA-1","8","Syn1",0
"CATTTGCTCGCTAATG-1","13","Syn1",1.34389080611898
"CCAAAGCTCCATGAAT-1","13","Syn1",0.506071256648717
"CCAAAGTCACAGCGAC-1","5","Syn1",1.06317677614615
"CCAAAGTCACTAGCAG-1","9","Syn1",1.5754438385365
"CCAAAGTCATCCCTAA-1","0","Syn1",1.17623745069865
"CCAAATGTCCATGAAT-1","7","Syn1",0.467311917862912
"CCAAATTAGGAGGATT-1","0","Syn1",0
"CCAACCTCACTTCAAT-1","1","Syn1",1.52481159646594
"CCAACTAAGCCATACA-1","1","Syn1",0.992825921063966
"CCAACTAAGGGTACGA-1","9","Syn1",2.14626690973484
"CCAACTAAGTTGGTCA-1","12","Syn1",0
"CCAACTGGTCCATACG-1","1","Syn1",0
"CCAAGGGGTGAAGTAT-1","3","Syn1",0
"CCAAGTCAGGTAGACG-1","5","Syn1",0.96698074734105
"CCAAGTCAGTCATTCC-1","6","Syn1",0.725771881295418
"CCAATAGTCAGGAGTG-1","0","Syn1",0
"CCAATAGTCCCTCTGA-1","9","Syn1",1.06379762792373
"CCAATATAGCGCGATT-1","7","Syn1",1.25630098794135
"CCAATATAGTGAAGTA-1","14","Syn1",0.956694556254643
"CCAATCCCAATCCGTC-1","12","Syn1",0
"CCAATCCCACAACGGC-1","8","Syn1",0
"CCAATCCCACTTGATT-1","1","Syn1",1.21099499173226
"CCAATTAGTAACCACT-1","1","Syn1",0.488191122159535
"CCAATTAGTTTAGGCT-1","3","Syn1",1.21941644134752
"CCAATTGAGCTACCGG-1","3","Syn1",0
"CCACAACAGAAGCGTG-1","10","Syn1",0
"CCACAACAGTAAGGAC-1","14","Syn1",0
"CCACAACAGTTAGTAC-1","10","Syn1",0
"CCACAGACAACATGAC-1","7","Syn1",0.453758405038047
"CCACATGGTTAACCCG-1","8","Syn1",0
"CCACCAAGTGAGCAAC-1","12","Syn1",0
"CCACCAAGTTACACTA-1","3","Syn1",0
"CCACCTATCAGTTGAT-1","9","Syn1",0
"CCACCTCAGTAGCGTC-1","8","Syn1",0
"CCACCTGCACTAATTC-1","3","Syn1",0
"CCACCTTGTCTAGTAC-1","12","Syn1",0
"CCACCTTGTGATCCAT-1","0","Syn1",0.749561269840037
"CCACCTTGTTACACGT-1","10","Syn1",0
"CCACGAACAAAGGTGA-1","11","Syn1",0.6574612207956
"CCACGAACAGTTAGAC-1","13","Syn1",0.611795820822152
"CCACGATAGGTGAGCA-1","15","Syn1",0
"CCACGCAAGCTAACGC-1","5","Syn1",1.08995451203202
"CCACGCAAGCTACTGA-1","15","Syn1",0
"CCACGTAGTTGGCCGT-1","7","Syn1",1.14698627085767
"CCACGTTCATGCTTGC-1","3","Syn1",0.852898718991346
"CCACGTTCATTAGCCC-1","6","Syn1",1.20572565315335
"CCACTAGGTAATGACG-1","8","Syn1",0
"CCACTAGGTAGCCCGT-1","0","Syn1",0
"CCACTAGGTGAAGCTA-1","2","Syn1",0.928399553651605
"CCACTAGGTTAGTCAC-1","0","Syn1",0.792956928974258
"CCACTATTCACTGGTA-1","14","Syn1",0
"CCACTTACAAGGTCTG-1","0","Syn1",0
"CCAGAATCAAGTCGAT-1","7","Syn1",1.85191524678965
"CCAGACCGTTGCACCA-1","7","Syn1",1.67304720381817
"CCAGACTAGTAACCAT-1","2","Syn1",1.28461759261206
"CCAGACTAGTTAGTCG-1","0","Syn1",1.5869429609921
"CCAGAGAAGCGCCACA-1","6","Syn1",0.847069354245107
"CCAGAGAAGCGCGATT-1","8","Syn1",0.767915088063956
"CCAGAGAAGGATAGGT-1","6","Syn1",0
"CCAGAGAAGGGGACGT-1","10","Syn1",0
"CCAGAGGGTGGAGAGA-1","1","Syn1",1.41129327037799
"CCAGATGCAACCAACG-1","13","Syn1",0.525624641865088
"CCAGATTGTTTGCGAT-1","2","Syn1",0.906210599086756
"CCAGCAACAAAGGCCC-1","6","Syn1",0.698845489012368
"CCAGCAACAAATGGTC-1","4","Syn1",0
"CCAGCTAGTAATCCCG-1","12","Syn1",0
"CCAGCTAGTCTAACCG-1","9","Syn1",0
"CCAGCTAGTTCCGTAG-1","7","Syn1",0
"CCAGGTTAGGCGCTCA-1","8","Syn1",0
"CCAGGTTAGGTTGACC-1","4","Syn1",0
"CCAGTAATCGACCCGA-1","0","Syn1",1.90268285437526
"CCAGTATGTAATTCGC-1","1","Syn1",1.04491192309883
"CCAGTATGTATGGCAA-1","3","Syn1",0
"CCAGTATGTTGTAGTC-1","1","Syn1",0
"CCAGTATGTTTGATGC-1","1","Syn1",0.610755137362803
"CCAGTCCTCAGCTGCG-1","0","Syn1",1.04820911626004
"CCAGTCCTCCAGGTAC-1","5","Syn1",1.48878528643126
"CCAGTTAAGTATGAGA-1","1","Syn1",0.950420756337183
"CCAGTTAAGTTAGCGC-1","3","Syn1",0
"CCAGTTGGTCTAGTGT-1","4","Syn1",1.98967154225113
"CCATAACGTAACCGAA-1","6","Syn1",0.639142100038486
"CCATAACGTTGAGTAG-1","3","Syn1",1.55283734118895
"CCATAACGTTTGCCCT-1","5","Syn1",1.1872042938122
"CCATAAGTCCGTTAAG-1","6","Syn1",0
"CCATACTTCACATGAT-1","9","Syn1",0.645115677333784
"CCATACTTCGTTACTC-1","7","Syn1",0
"CCATATAGTGCACCAC-1","9","Syn1",0.617093887077718
"CCATCACCAAGGTAAG-1","4","Syn1",0
"CCATCACCATCAATCT-1","4","Syn1",0
"CCATCAGGTAATGAGT-1","0","Syn1",0
"CCATCAGGTGGGTCAG-1","14","Syn1",0
"CCATCATTCAATCCTC-1","8","Syn1",0
"CCATCCGCATAACGGT-1","7","Syn1",1.51667132918587
"CCATCCGCATGGCAAT-1","3","Syn1",0.668029178131402
"CCATCCGCATGGCCTT-1","15","Syn1",0
"CCATCCTGTTGGATCT-1","6","Syn1",1.39872190171545
"CCATCGCTCCTGATTC-1","2","Syn1",1.04784832076557
"CCATCTTAGAAGGACT-1","15","Syn1",0
"CCATGCCTCGCGTGAT-1","2","Syn1",1.61667703513962
"CCATGCCTCTATGCAG-1","10","Syn1",0
"CCATGGGTCAGTTGCA-1","4","Syn1",0
"CCATGGGTCCCCTGAC-1","6","Syn1",1.21866069032998
"CCATGGGTCGAACGAG-1","13","Syn1",1.01595905278355
"CCATGTCCATGCTGTC-1","2","Syn1",1.26394594279939
"CCATTAAGTCTTACGG-1","4","Syn1",0
"CCATTAAGTTCGGGCT-1","0","Syn1",0
"CCATTAAGTTGTCAGT-1","11","Syn1",0
"CCATTAGAGCATCTAG-1","9","Syn1",0
"CCATTAGAGGTGAGGC-1","9","Syn1",0
"CCATTAGAGGTGGCTT-1","3","Syn1",0
"CCATTTCAGTCAGTCA-1","4","Syn1",0
"CCCAAATGTTAGCTGT-1","7","Syn1",0.684900423864681
"CCCAAATGTTGCGGTC-1","8","Syn1",0
"CCCAAATGTTGGAGAC-1","5","Syn1",0.931278573674416
"CCCAACCTCATCTCTA-1","8","Syn1",0
"CCCAAGGTCACTCGAA-1","2","Syn1",0.551988211522811
"CCCAAGGTCAGGTAGG-1","7","Syn1",0.669235512952645
"CCCAAGGTCCCCTTGA-1","3","Syn1",0.729422773366094
"CCCAAGGTCGACCAAC-1","4","Syn1",0
"CCCAATCCATAATTGG-1","11","Syn1",1.51324299450616
"CCCAATTTCTAGCGCG-1","3","Syn1",0.834146061994544
"CCCACGTTCACACTTC-1","5","Syn1",0.687249797459476
"CCCACGTTCAGGCTCG-1","6","Syn1",0.862041095426431
"CCCACGTTCGATCGGT-1","8","Syn1",0
"CCCACGTTCTCATTCA-1","0","Syn1",0.832124253372313
"CCCACTTGTAACCACT-1","5","Syn1",1.08701489985328
"CCCACTTGTAACGAGC-1","13","Syn1",0.560979905418075
"CCCACTTGTGCATTCG-1","10","Syn1",0
"CCCACTTGTTTCGGGC-1","10","Syn1",0
"CCCAGCAAGAACCTCA-1","2","Syn1",0.810756644279004
"CCCAGCAAGCGCAATC-1","12","Syn1",0
"CCCAGGATCCTGACTT-1","11","Syn1",0.563609101752112
"CCCAGGATCCTGCGAG-1","2","Syn1",1.17372373318594
"CCCAGTGAGATTGAGA-1","2","Syn1",1.65875852152157
"CCCATAGGTCCCGAGT-1","1","Syn1",0
"CCCATCATCAGGAAGT-1","9","Syn1",0.98945199040564
"CCCATCATCGTAACCA-1","1","Syn1",0
"CCCATCTGTCTAACTA-1","5","Syn1",1.07638335696344
"CCCATGAGTGAGCAAC-1","5","Syn1",0.527070474393438
"CCCATGAGTTGGACCC-1","2","Syn1",1.24778535742162
"CCCATGCTCACGCCGA-1","0","Syn1",0
"CCCATGCTCCTGCGTC-1","1","Syn1",1.04881104427285
"CCCATGCTCGACATGC-1","15","Syn1",0
"CCCATTGTCAGCATTG-1","2","Syn1",0
"CCCGAATAGTTGCACA-1","3","Syn1",0
"CCCGATGAGGTGAACG-1","5","Syn1",0
"CCCGATTCAACCAGAT-1","4","Syn1",0
"CCCGCATTCGAACCGT-1","7","Syn1",0.586863713522284
"CCCGCATTCGACATTG-1","0","Syn1",2.51580470673591
"CCCGCATTCGTAACTG-1","2","Syn1",0.788773857507524
"CCCGCTTAGCGCAATC-1","4","Syn1",0
"CCCGCTTAGGGTCAAG-1","0","Syn1",1.66252195453697
"CCCGGTAAGTGCGCCA-1","2","Syn1",0
"CCCGGTTTCAGTACCA-1","1","Syn1",0.926782701094604
"CCCGGTTTCCGGTAGT-1","15","Syn1",0
"CCCGGTTTCGCTCTAT-1","12","Syn1",0
"CCCGTTGCAACTGGAT-1","6","Syn1",0
"CCCGTTGCAATACTCT-1","7","Syn1",1.12577670717398
"CCCTAACCAACGTTAA-1","2","Syn1",0.984437269851852
"CCCTAACCATCCACTA-1","5","Syn1",1.64296738722406
"CCCTACGCAATTAGCA-1","7","Syn1",0
"CCCTAGCTCCGTGAAC-1","3","Syn1",1.24991315180461
"CCCTATGTCACTCCAT-1","9","Syn1",0
"CCCTATGTCGCTGATA-1","3","Syn1",0
"CCCTCAATCGTTCAAG-1","7","Syn1",0.826409469318794
"CCCTCACAGATAGACA-1","0","Syn1",0
"CCCTCACAGCGATAGG-1","1","Syn1",0.635737888645424
"CCCTCACAGGGTCTGT-1","8","Syn1",0
"CCCTCACAGTGGCAGA-1","3","Syn1",1.33036273056308
"CCCTCAGCATGAGTGT-1","3","Syn1",0
"CCCTGAGAGATTCAGT-1","6","Syn1",1.10694791101189
"CCCTGAGAGCCATCCC-1","11","Syn1",0
"CCCTGAGAGGTATATC-1","4","Syn1",0
"CCCTGGTTCACAGCAC-1","9","Syn1",0.711013966543616
"CCCTTAACAACTGTCC-1","6","Syn1",1.6287543430843
"CCCTTAACAATATGGC-1","4","Syn1",0
"CCCTTAACACTTCGAC-1","8","Syn1",1.47226247772145
"CCCTTAACATAGGGTT-1","0","Syn1",0
"CCCTTACGTGATAGAT-1","5","Syn1",1.75422590233351
"CCCTTACGTTGCGTGC-1","1","Syn1",1.4419492953562
"CCCTTACGTTTCGACG-1","6","Syn1",0.974467809703563
"CCCTTAGTCACCAGCG-1","0","Syn1",1.51089008470656
"CCCTTGATCCGTTGCC-1","1","Syn1",0.712228686297565
"CCGAAATCAATGCCAG-1","7","Syn1",0.89186586345439
"CCGAAATCACCTATCA-1","12","Syn1",0
"CCGAACTAGCAAGCCT-1","0","Syn1",0
"CCGAACTAGGTGAGCA-1","3","Syn1",0.849666760148163
"CCGAACTAGTAATGTC-1","11","Syn1",1.81447713663035
"CCGAATATCTGTCACT-1","13","Syn1",0.43497823399174
"CCGAATTGTAACTCTA-1","1","Syn1",1.28246703349111
"CCGAATTGTTGCATCG-1","3","Syn1",0.715952419473755
"CCGACAACACAATTAG-1","9","Syn1",0
"CCGACATAGCTAAGGG-1","8","Syn1",0
"CCGACATAGGCTTGGT-1","9","Syn1",1.19429547728081
"CCGACATAGTAACGGG-1","1","Syn1",0.631297990732225
"CCGACATAGTCATCGA-1","0","Syn1",0.752516641187648
"CCGACCAAGGTAGGGC-1","4","Syn1",0
"CCGACTAGTCATTAGC-1","8","Syn1",0
"CCGACTAGTTTGAGTC-1","4","Syn1",0
"CCGACTTCAAATCCAA-1","0","Syn1",1.5024849469806
"CCGCAATAGTACCATG-1","8","Syn1",0
"CCGCATGAGCCTGAAC-1","4","Syn1",0
"CCGCATTCACTTGATT-1","12","Syn1",0
"CCGCCAAAGCAACCCG-1","5","Syn1",0
"CCGCCAAAGGCTAGAG-1","6","Syn1",0
"CCGCCATTCTAGTGTG-1","8","Syn1",0
"CCGCCTTAGGCGAATG-1","1","Syn1",0
"CCGCGAATCCTCATAC-1","11","Syn1",0.35309029257292
"CCGCGATGTAGTCCAT-1","8","Syn1",0
"CCGCGATGTGAGACAC-1","7","Syn1",0.474242206587482
"CCGCGTTTCAGCCTAA-1","3","Syn1",0.469951135216919
"CCGCGTTTCATCTGGA-1","0","Syn1",0.848289564482974
"CCGCGTTTCCATGCAA-1","7","Syn1",0.784831335894559
"CCGCTAAGTAAGCCAA-1","4","Syn1",0
"CCGCTAAGTAGGTACA-1","14","Syn1",0
"CCGCTAAGTGCAGGCA-1","0","Syn1",1.51912858839039
"CCGCTAAGTTGCATCG-1","1","Syn1",1.16800634500944
"CCGCTAAGTTTGGAAG-1","4","Syn1",0
"CCGCTAGAGTGCCCAG-1","1","Syn1",0.763789499168934
"CCGCTCACAGGCAGAG-1","0","Syn1",1.3807698976481
"CCGCTTATCACGCGAT-1","7","Syn1",0.962457640160746
"CCGCTTATCATATAGC-1","0","Syn1",0.711066690680631
"CCGCTTATCGACCTGG-1","11","Syn1",1.13646362103836
"CCGCTTGCAAGTCGAT-1","4","Syn1",0
"CCGGATTAGCCATTAG-1","7","Syn1",0.832124253372313
"CCGGCAATCATCGTGA-1","0","Syn1",0.698438864824363
"CCGGCAATCCGGAACT-1","7","Syn1",0.948187640548911
"CCGGCATGTGGAAGTC-1","10","Syn1",0
"CCGGCATGTTAGCACT-1","3","Syn1",1.00044558451264
"CCGGCATGTTTACCAA-1","0","Syn1",0.853517287287936
"CCGGCTAAGTGTCCTT-1","2","Syn1",0.579275304512134
"CCGGGTTGTCAGGCAG-1","1","Syn1",1.67018177259671
"CCGGTACGTCAAGTGA-1","4","Syn1",0.880634280654795
"CCGGTACGTGCAACCC-1","0","Syn1",0
"CCGGTCAAGCCAGTCG-1","3","Syn1",0
"CCGGTCAAGGTGACTC-1","12","Syn1",0
"CCGGTTAGTGACCGAG-1","11","Syn1",1.40712553339779
"CCGGTTAGTTGTGGCC-1","1","Syn1",0.691600775642493
"CCGTAACAGCTTACGA-1","3","Syn1",0.625584589369378
"CCGTAACAGTATGATC-1","2","Syn1",1.65915460030756
"CCGTAACAGTCTAGCA-1","5","Syn1",1.48918401555394
"CCGTATGGTTCCAGCA-1","1","Syn1",0
"CCGTCATCAATAGGTC-1","0","Syn1",0.883705346479826
"CCGTCCACAGGGACTC-1","12","Syn1",0
"CCGTCGTTCATGAACT-1","3","Syn1",1.55105341647244
"CCGTGATAGATAGGTA-1","6","Syn1",0
"CCGTGCAAGCAACCCG-1","6","Syn1",1.0363265935987
"CCGTGCTTCGCGTGTG-1","2","Syn1",0.993932276609188
"CCGTGGATCATGCGTA-1","5","Syn1",0
"CCGTGGATCCACCTAT-1","2","Syn1",0
"CCGTGGATCGACCTGG-1","0","Syn1",1.30738859620375
"CCGTGTGAGGGGTACA-1","1","Syn1",0
"CCGTGTGAGGTAGGTG-1","1","Syn1",0
"CCGTGTGAGTTAGGAA-1","15","Syn1",0
"CCGTTAGGTCTTGGGC-1","12","Syn1",0
"CCGTTCATCACGCCGA-1","12","Syn1",0
"CCGTTCATCCAGATAT-1","0","Syn1",0.886967196072938
"CCGTTCGCACTAATCT-1","2","Syn1",0
"CCGTTCGCATGCTCCG-1","6","Syn1",1.03287701170186
"CCGTTGAGTTAGGTAG-1","8","Syn1",0
"CCGTTGAGTTGGCATT-1","3","Syn1",0
"CCGTTGCTCATCACCT-1","1","Syn1",1.31816997561566
"CCGTTGCTCTATCACC-1","13","Syn1",1.2835035640263
"CCGTTGCTCTATGAAC-1","2","Syn1",0.623670292062641
"CCTAACCCATGCTTCA-1","0","Syn1",0
"CCTAACTTCCAGAGAG-1","0","Syn1",0
"CCTAACTTCTATGGAT-1","5","Syn1",0.939271751238409
"CCTAATGAGTGGCCTG-1","0","Syn1",0.96637502344388
"CCTACAGGTGATGCAA-1","3","Syn1",0
"CCTACCGCAGGATGAA-1","0","Syn1",0.85460207354364
"CCTACCTGTGAAGCAC-1","0","Syn1",1.26121975459552
"CCTACCTGTTCCGGTA-1","15","Syn1",1.7000594688291
"CCTACGGAGATTCGTG-1","1","Syn1",0
"CCTAGCCTCCAGGGAA-1","2","Syn1",0.831831034828224
"CCTAGCGAGCCATACA-1","5","Syn1",0
"CCTAGCGAGCCGACAT-1","4","Syn1",0
"CCTAGCGAGTACCACA-1","3","Syn1",1.64133227161576
"CCTAGGTAGGTTGGTC-1","0","Syn1",0
"CCTAGTAAGATACTGT-1","1","Syn1",0.79342091267899
"CCTAGTAAGCATCAAT-1","5","Syn1",0
"CCTAGTAAGCTAGCGT-1","9","Syn1",1.48785589600063
"CCTAGTAAGGGTAGAT-1","11","Syn1",0.664574491929642
"CCTAGTAAGTGCGCTG-1","9","Syn1",0.961458680993039
"CCTATAGAGCCGAGTT-1","7","Syn1",0
"CCTATCACAAACCGTG-1","12","Syn1",1.42468916998253
"CCTATGAAGCCCTTCA-1","12","Syn1",2.22766170952208
"CCTATGTTCTGTAACG-1","4","Syn1",0
"CCTATTCAGGTACTAT-1","9","Syn1",0
"CCTATTCAGTTACGTG-1","2","Syn1",0.755616221542479
"CCTCAACCAGCCTAGA-1","1","Syn1",0.436792646377416
"CCTCAAGGTTCCGTGA-1","2","Syn1",0.539056031274849
"CCTCAGCTCACATGCA-1","6","Syn1",1.87340103368924
"CCTCATTAGGCTTCCC-1","15","Syn1",0
"CCTCCAGCAAGTGTGT-1","14","Syn1",0
"CCTCGAAGTAATGACG-1","16","Syn1",0
"CCTCGAAGTGCGTGTC-1","5","Syn1",2.37777676121566
"CCTCGGTTCCGCGATG-1","2","Syn1",0
"CCTCGGTTCCGGAGTT-1","3","Syn1",0
"CCTCGTTGTCAACCAT-1","0","Syn1",0
"CCTCTAACAACGGCTA-1","6","Syn1",0
"CCTCTAACACCTCGAT-1","5","Syn1",0.766000439662335
"CCTCTAACAGTAAGCT-1","7","Syn1",1.63854157694835
"CCTCTAACATCACTCA-1","6","Syn1",0.569110444296509
"CCTCTTAGTGACGACG-1","1","Syn1",1.15730319974871
"CCTCTTGAGGTTGCTA-1","4","Syn1",0
"CCTGAACAGTGACCCG-1","7","Syn1",1.3129890543457
"CCTGAACAGTTAGTGT-1","11","Syn1",0.630557378888091
"CCTGAGACAACCCTAC-1","0","Syn1",0
"CCTGAGACAAGTGATC-1","14","Syn1",0
"CCTGAGACAATCGTAA-1","0","Syn1",0.452193013146644
"CCTGAGTAGATTCGGC-1","2","Syn1",1.03451098237823
"CCTGAGTAGTTGCCGG-1","0","Syn1",0
"CCTGATCCAGCATGTG-1","1","Syn1",1.11694274081209
"CCTGATCCATCGACTC-1","1","Syn1",1.45226625556696
"CCTGATGGTAGGTATG-1","7","Syn1",0.459443311840392
"CCTGATTTCAGGCTAC-1","15","Syn1",0
"CCTGATTTCAGGTCCG-1","14","Syn1",1.32587712930109
"CCTGCAAGTAATCGTC-1","0","Syn1",0
"CCTGCGAAGCGAAGGC-1","3","Syn1",0.836030135540861
"CCTGCTCAGTCGAACC-1","5","Syn1",0
"CCTGCTCAGTCGATGC-1","9","Syn1",0
"CCTGGCTTCGATTGCA-1","15","Syn1",0
"CCTGGTAGTGATTCGT-1","3","Syn1",0
"CCTGGTAGTTCCCAAG-1","12","Syn1",0
"CCTGGTTCATCCAACC-1","7","Syn1",0.506071256648717
"CCTGGTTCATTGCCAC-1","9","Syn1",0.749443560131816
"CCTGTCATCCTGTGAA-1","5","Syn1",0.833593630187342
"CCTGTCGCACAACCTC-1","9","Syn1",0.824283247328488
"CCTGTGAGTATTGCAC-1","0","Syn1",0
"CCTGTGGAGGGCTCCA-1","7","Syn1",1.11270845555006
"CCTGTTGTCAGCGGAA-1","7","Syn1",1.19732517993842
"CCTTAATCAATCGACG-1","10","Syn1",0
"CCTTAATCAGCACGAC-1","2","Syn1",1.00797189141267
"CCTTAATCATAGGTCG-1","0","Syn1",0.905069462703706
"CCTTAATCATGCTGTC-1","0","Syn1",1.28171438407331
"CCTTAGAAGCCTGGTG-1","8","Syn1",0
"CCTTAGAAGTCATCTC-1","1","Syn1",0
"CCTTAGCCAATATGTG-1","3","Syn1",0.996943586948772
"CCTTCGATCTAGCTCT-1","14","Syn1",0
"CCTTGCATCGTAGTTG-1","6","Syn1",0.696261665420383
"CCTTGGGAGCGCATTA-1","2","Syn1",1.64323655240376
"CCTTGGTCAAATCGGT-1","4","Syn1",0
"CCTTTAATCACGCGCA-1","5","Syn1",0.669607602435825
"CCTTTAATCCGCTGTC-1","6","Syn1",0
"CCTTTAGCAAATCCAA-1","14","Syn1",0
"CCTTTCAGTAACGAGC-1","2","Syn1",1.14381903834656
"CCTTTCAGTAATGCAG-1","4","Syn1",0
"CCTTTCAGTCAAGGTA-1","5","Syn1",0.744128374995644
"CCTTTCAGTTGCGGAG-1","7","Syn1",1.30761812933104
"CGAAACCTCCCAGGAT-1","6","Syn1",0
"CGAACATCATGAGCTG-1","0","Syn1",0.845776947546497
"CGAACGAAGATAGGTA-1","0","Syn1",0
"CGAACGAAGATTGGTT-1","14","Syn1",0
"CGAACGAAGCGAATCC-1","4","Syn1",0
"CGAAGCAAGGGGACTA-1","13","Syn1",0
"CGAAGCAAGGTCGTTA-1","12","Syn1",0
"CGAAGGATCAATGGTT-1","6","Syn1",0
"CGAAGTGAGAAGCAAC-1","0","Syn1",1.1253079191313
"CGAAGTGAGGTTGGAG-1","3","Syn1",0
"CGAATAGGTAAGTTCC-1","8","Syn1",0
"CGAATCATCCCGCTTA-1","10","Syn1",0
"CGAATCTGTGATAGTG-1","4","Syn1",0
"CGAATCTGTTCGAGTT-1","3","Syn1",0.816244468087592
"CGAATCTGTTCGTGTG-1","6","Syn1",1.11583772474909
"CGAATCTGTTGACCAT-1","8","Syn1",0
"CGAATTTAGAACCTTG-1","10","Syn1",0
"CGAATTTAGATAGTAG-1","5","Syn1",0
"CGACAGCCAAGGGCAG-1","5","Syn1",0.835438085424288
"CGACAGCCACTATATC-1","12","Syn1",0
"CGACAGCCATCACTGC-1","0","Syn1",0
"CGACCAACATCCAAGG-1","8","Syn1",0
"CGACCATAGAAGGGCC-1","0","Syn1",0
"CGACCCTTCGAGCACT-1","0","Syn1",0
"CGACCCTTCTCACTAC-1","1","Syn1",0.449793387362672
"CGACCCTTCTGGCCTC-1","8","Syn1",0
"CGACCTAGTAAGTAGT-1","14","Syn1",1.34886946675803
"CGACCTAGTGAAGCAC-1","6","Syn1",0
"CGACTAATCACTGTCT-1","0","Syn1",1.16815902336501
"CGACTAATCCGCGATG-1","14","Syn1",0
"CGACTAGCAACCGCAA-1","3","Syn1",0
"CGACTAGCAATTGGTA-1","0","Syn1",1.28605584857797
"CGACTATGTGCGGATG-1","7","Syn1",0.96844796143375
"CGACTCCTCACTTCAC-1","6","Syn1",1.15036973789741
"CGACTCCTCAGCTGCG-1","4","Syn1",0
"CGACTGACATCATCTG-1","5","Syn1",2.0353375850368
"CGACTGACATGAAGTC-1","7","Syn1",0
"CGACTGGTCTCATCGT-1","1","Syn1",1.35679196994672
"CGACTTGGTGAGAGTC-1","1","Syn1",0.848289564482974
"CGACTTGGTTGAAGCA-1","5","Syn1",0
"CGAGCAAAGCATCCTT-1","6","Syn1",0
"CGAGCAGGTCCATAGT-1","14","Syn1",0
"CGAGCCATCAGGACTC-1","6","Syn1",1.00946603259141
"CGAGCCTGTCAGCCGT-1","2","Syn1",0.494072654630616
"CGAGCGAGTAATGACG-1","7","Syn1",0.953448550596298
"CGAGCGAGTAATGAGT-1","4","Syn1",0
"CGAGGGACATAACGAC-1","1","Syn1",1.38903058773873
"CGAGGGACATCGTAGG-1","10","Syn1",0
"CGAGGGTAGCAAGCTC-1","7","Syn1",1.06162810438859
"CGAGTAAGTGCGCCAT-1","9","Syn1",0
"CGAGTGAAGGAGCTTC-1","4","Syn1",0
"CGAGTGAAGTGAGCGA-1","3","Syn1",0.933052609603141
"CGATAACCATCCGGTT-1","7","Syn1",0
"CGATAGTCAAAGGGTA-1","8","Syn1",0
"CGATAGTCATCCCTGG-1","10","Syn1",0
"CGATCAATCCCTCGGT-1","11","Syn1",1.82536833690261
"CGATCAATCTAACTCC-1","9","Syn1",0
"CGATCCCTCGAACCGT-1","1","Syn1",0.993236032539171
"CGATCCCTCTATGGAT-1","9","Syn1",1.52655736826815
"CGATCCTCATCCCGTG-1","8","Syn1",0
"CGATCTAAGATTCACG-1","4","Syn1",0
"CGATCTAAGTAACGAA-1","12","Syn1",0
"CGATGGGGTATAGCTC-1","6","Syn1",0
"CGATGGGGTGCATCAT-1","4","Syn1",0
"CGATGGTTCCGTATAG-1","10","Syn1",0
"CGATGTTGTCTAGTAC-1","5","Syn1",0
"CGATGTTGTTAGACTC-1","1","Syn1",0.648320050004837
"CGATTAACATTGCACC-1","10","Syn1",0
"CGATTACGTTCACGGC-1","8","Syn1",0
"CGATTACGTTCCGCAA-1","4","Syn1",0
"CGATTACGTTGGGACG-1","16","Syn1",0
"CGATTAGTCAAGTCGC-1","3","Syn1",0
"CGATTATAGCGATAGG-1","4","Syn1",0
"CGATTATAGCTACCTT-1","4","Syn1",0
"CGATTATAGTTAGCTG-1","14","Syn1",0
"CGATTCAAGTCATAGT-1","5","Syn1",1.65081698245047
"CGATTCCCAAGCATGT-1","4","Syn1",0
"CGATTCCCACAATCAA-1","7","Syn1",1.6460467459687
"CGATTCCCAGTACCTC-1","4","Syn1",0
"CGATTTAGTTCACCGA-1","4","Syn1",0
"CGATTTAGTTGGACCC-1","5","Syn1",0.818008676182081
"CGCAAATCAATCAGAC-1","2","Syn1",1.72437297094596
"CGCAACTAGTATGGTT-1","13","Syn1",0.744070404270821
"CGCAATATCCCGCAAG-1","2","Syn1",1.6785779743276
"CGCAATATCCTGACTT-1","11","Syn1",0.417712437730776
"CGCACGATCCCGCTGT-1","5","Syn1",0.751095024776772
"CGCACTTCACTCATCA-1","10","Syn1",0
"CGCACTTCATCACTAT-1","8","Syn1",0
"CGCAGATTCCTGACCC-1","8","Syn1",0
"CGCAGCTGTCAGTTCG-1","8","Syn1",0
"CGCAGCTGTGGAGCTG-1","3","Syn1",0
"CGCAGGTCAATCCATT-1","0","Syn1",0.756035515898035
"CGCAGGTCACTCATCA-1","12","Syn1",0
"CGCAGTTAGCAATGAA-1","15","Syn1",0
"CGCATAGCAACATACA-1","11","Syn1",0
"CGCATAGCAATGAGCT-1","9","Syn1",1.29253515758635
"CGCATCAGTGCAGGTG-1","1","Syn1",1.48016376677357
"CGCATCAGTTCACCAG-1","15","Syn1",0
"CGCATCCTCCTGTCTG-1","7","Syn1",0.997735527466649
"CGCATCCTCGCGTCGA-1","0","Syn1",0.576699265092142
"CGCATCTCATCGCTGT-1","6","Syn1",0.742537613951101
"CGCATCTCATGATTGA-1","5","Syn1",1.48073196410333
"CGCATGGTCAGGCAAG-1","5","Syn1",0
"CGCATGGTCCATATCC-1","5","Syn1",0.920420540146264
"CGCATTCCACAAGCAT-1","3","Syn1",1.03340160412526
"CGCCAATAGCTTACCT-1","1","Syn1",1.03885653362465
"CGCCATAGTCTCAGGC-1","7","Syn1",1.73847685852223
"CGCCATGAGCAAGCCT-1","9","Syn1",0
"CGCCTAAGTGATCAGA-1","0","Syn1",0
"CGCCTAGAGTCATGGC-1","5","Syn1",0
"CGCCTAGAGTTAGATC-1","7","Syn1",1.65129358792741
"CGCCTCACAAGCTAAC-1","4","Syn1",0
"CGCCTGTTCATGGTTG-1","6","Syn1",0.753527032673678
"CGCCTGTTCGCGTTGG-1","6","Syn1",0
"CGCCTTGCAGGAGCAG-1","10","Syn1",3.02132899514314
"CGCCTTGCATTAGGGT-1","1","Syn1",0.977714955882368
"CGCGAACCACTAGCTC-1","4","Syn1",0
"CGCGAAGGTAATGGCA-1","4","Syn1",0
"CGCGATTAGGTTCGCG-1","2","Syn1",1.26732664007428
"CGCGCAATCCTGCTCA-1","5","Syn1",0.533693324082665
"CGCGCATGTCATGAGA-1","3","Syn1",1.16481030978887
"CGCGCATGTCTTACCC-1","5","Syn1",0.883289006162438
"CGCGTACGTGATGCAA-1","7","Syn1",0
"CGCGTACGTTCACCTC-1","7","Syn1",0.729422773366094
"CGCGTACGTTGGCGTC-1","4","Syn1",0
"CGCGTTAGTCTTGATA-1","1","Syn1",1.97311473903337
"CGCGTTAGTTGAAGCA-1","4","Syn1",0
"CGCTAAATCACCTGCC-1","11","Syn1",1.2457097833011
"CGCTAAATCATAGAGA-1","2","Syn1",1.28086884919933
"CGCTAACAGCATTCGA-1","4","Syn1",0
"CGCTAACAGTGCCCGA-1","5","Syn1",0.788937667770238
"CGCTAATGTGGGTAGT-1","6","Syn1",1.12495661068819
"CGCTACTCAAGCGTAT-1","1","Syn1",1.25850680967462
"CGCTACTCATCACTTG-1","16","Syn1",0
"CGCTATGGTGAAGGCT-1","7","Syn1",0.824067668376799
"CGCTATGGTGCAGCGA-1","2","Syn1",1.29902445676532
"CGCTATGGTTCCAGTG-1","0","Syn1",0.930906012852557
"CGCTATGGTTGCTGGC-1","3","Syn1",0
"CGCTCATCAAACCTGG-1","0","Syn1",0
"CGCTCCACAAGGTTCG-1","13","Syn1",0.488215433573264
"CGCTGCAAGCCTGGTG-1","13","Syn1",0.92110260337953
"CGCTGCAAGTGAATGA-1","2","Syn1",0.979165635925326
"CGCTGCAAGTGAGGCA-1","9","Syn1",0.915631239659239
"CGCTGCTTCATACAGT-1","7","Syn1",0
"CGCTGCTTCCGGATGT-1","0","Syn1",0
"CGCTGCTTCCGTTACT-1","4","Syn1",0
"CGCTGCTTCGCTCTCA-1","10","Syn1",0
"CGCTGTGAGTAGAGCG-1","0","Syn1",0.537542196776202
"CGCTTAGGTTGCGTGC-1","7","Syn1",0.749325889101191
"CGGAAAGTCCCAGGCA-1","14","Syn1",0
"CGGAAAGTCGAGTCTA-1","14","Syn1",0
"CGGACAGGTTGCTGGC-1","0","Syn1",0
"CGGACATTCCTGCCAC-1","5","Syn1",1.03791359172237
"CGGACTTAGGCGATTC-1","3","Syn1",0
"CGGATAAGTGACGATA-1","3","Syn1",0
"CGGATCACAAATCCAA-1","6","Syn1",0.976268903497313
"CGGATCACAATTGCTT-1","3","Syn1",0
"CGGATCACATGGTAAC-1","2","Syn1",0
"CGGCAAGGTTTGGTGT-1","1","Syn1",1.56999486775314
"CGGCATTAGCTGGTGT-1","5","Syn1",0
"CGGCCTAAGCAAGCGA-1","5","Syn1",0.951200143246235
"CGGCTAACAAGGTTCG-1","1","Syn1",0.74973790696637
"CGGCTAGTCGTAGTAT-1","4","Syn1",0
"CGGCTCAAGATAGTAG-1","4","Syn1",2.2966218856893
"CGGCTGATCGATACAT-1","12","Syn1",0
"CGGCTGATCGCATCAA-1","8","Syn1",0
"CGGCTGATCTATGGAT-1","0","Syn1",1.41305463151878
"CGGCTTGAGGCTACAC-1","14","Syn1",1.37257774198591
"CGGCTTGAGGGGTAAT-1","3","Syn1",0.721723533216878
"CGGGACTCAGCTCGAA-1","0","Syn1",0.919784921826075
"CGGGCTTGTGCGTACC-1","0","Syn1",0.198437329904094
"CGGGCTTGTGGAGCCA-1","12","Syn1",0
"CGGGCTTGTTAGTGGA-1","5","Syn1",0
"CGGGGTAGTTGGAGCG-1","11","Syn1",1.615007764023
"CGGGTAAAGCATCTCT-1","9","Syn1",1.00819294325227
"CGGGTAAAGCATGCAC-1","5","Syn1",0
"CGGGTAAAGCGAGGTA-1","13","Syn1",1.29908907764106
"CGGGTAAAGCGATCAC-1","4","Syn1",0
"CGGGTAGGTAATTCGC-1","6","Syn1",0
"CGGGTAGGTTCCGTTC-1","1","Syn1",1.39956469804079
"CGGGTCATCCGCTGAG-1","0","Syn1",0
"CGGGTCATCCGTCCAC-1","12","Syn1",0
"CGGGTCATCTGGCATA-1","11","Syn1",0.637246233091287
"CGGGTGAGTAATGACG-1","2","Syn1",0.745289776537941
"CGGTAATCACTATCTG-1","8","Syn1",0
"CGGTATTGTTGAGCTT-1","7","Syn1",0.704642144626978
"CGGTCAACAACGGGCT-1","2","Syn1",1.03991957485422
"CGGTCAACAGGGCTGT-1","2","Syn1",1.37345797636993
"CGGTGTTAGTCGCTAA-1","7","Syn1",0.646713757007127
"CGGTGTTAGTGCTGCG-1","10","Syn1",0
"CGGTTAATCAGTGCCG-1","13","Syn1",0
"CGGTTAGCACTTCGTA-1","0","Syn1",1.00275258637348
"CGGTTATGTTGGTGAA-1","8","Syn1",0
"CGGTTCTCAATGACAC-1","0","Syn1",0
"CGGTTCTCATAGGGCC-1","6","Syn1",0
"CGTAAAGGTGATCCGC-1","11","Syn1",1.06162810438859
"CGTAAATTCCGCTGGA-1","4","Syn1",0
"CGTAAATTCCGGATAC-1","9","Syn1",0
"CGTAAATTCGCTCCTA-1","15","Syn1",1.50930994415174
"CGTAACATCTCACTCG-1","8","Syn1",0.89484995265829
"CGTACAGCACCTTGCG-1","5","Syn1",1.88994880042533
"CGTACCCTCATGTGCA-1","0","Syn1",0
"CGTACCCTCGACTACA-1","0","Syn1",1.18997036466879
"CGTACTAAGTCGATTG-1","1","Syn1",1.59113220953527
"CGTACTGGTAAGTAAC-1","4","Syn1",0
"CGTAGGCCACTACCTA-1","9","Syn1",0
"CGTAGGGGTGACCGAG-1","3","Syn1",1.47511630303706
"CGTAGGGGTTGTGCGC-1","13","Syn1",0.597845182689093
"CGTAGGTTCAGGCAGA-1","1","Syn1",1.58596413211537
"CGTAGGTTCGCATCCC-1","2","Syn1",1.46219697455799
"CGTAGTCAGCAGGCAA-1","5","Syn1",0
"CGTAGTCAGGCAATCC-1","1","Syn1",1.53583453301934
"CGTATATAGGATACTT-1","5","Syn1",0
"CGTATTAGTATGTGAG-1","12","Syn1",0
"CGTATTAGTCAGGGCA-1","13","Syn1",1.03049451053739
"CGTATTGAGGTATAGA-1","10","Syn1",0
"CGTCAATGTGCGCAAG-1","2","Syn1",1.16246376065464
"CGTCAATGTTAGTGTC-1","9","Syn1",0
"CGTCACCTCCATTAGG-1","6","Syn1",0
"CGTCAGTAGGTGCAAG-1","2","Syn1",0.840236897459345
"CGTCCGTTCCATGAAT-1","4","Syn1",0
"CGTCCTGCAAGCATCG-1","14","Syn1",0
"CGTCCTTGTTGTAACC-1","1","Syn1",1.12982615231571
"CGTCGCTTCATGATCG-1","5","Syn1",0.896478818406014
"CGTCGTAGTCTTGGGC-1","3","Syn1",0
"CGTCGTAGTTTCAGCG-1","14","Syn1",0
"CGTCGTTCAAGTTCGG-1","11","Syn1",0
"CGTGAAAGTGGCTACC-1","2","Syn1",0.729089290362499
"CGTGAAAGTTGTGCAT-1","6","Syn1",0
"CGTGAGAAGGTTAGTT-1","1","Syn1",1.11109979484665
"CGTGAGAAGGTTGGAG-1","0","Syn1",1.47187432410779
"CGTGAGGGTGAGTGAC-1","4","Syn1",0
"CGTGATGCACTACCGT-1","3","Syn1",0
"CGTGATTGTAATGAAC-1","1","Syn1",0
"CGTGATTGTTGACTAC-1","11","Syn1",0
"CGTGCCTTCAGGTCGT-1","10","Syn1",2.57311115383595
"CGTGCCTTCCAGATGC-1","1","Syn1",0.994039484748533
"CGTGCTAGTAAGTGAT-1","7","Syn1",0
"CGTGCTGAGTTGGGCT-1","3","Syn1",0
"CGTGGATTCCATTGAG-1","11","Syn1",1.22405785766367
"CGTGGATTCTGGCCTC-1","10","Syn1",0
"CGTGGGTCAATGGAGA-1","8","Syn1",0
"CGTGGGTCAATGTCGG-1","9","Syn1",0.754540268793794
"CGTGGGTCACAACGGC-1","12","Syn1",0
"CGTGGGTCAGCATGGC-1","8","Syn1",0
"CGTGTATGTAAGCCAA-1","1","Syn1",0
"CGTGTCAGTCTAGCGC-1","4","Syn1",0
"CGTGTCAGTGCAGGCA-1","5","Syn1",1.09423155685147
"CGTGTTAAGCAATCGC-1","4","Syn1",0
"CGTGTTGGTTCCTGTC-1","2","Syn1",1.4222967043771
"CGTTAATAGCGATTCA-1","4","Syn1",0
"CGTTACAAGGTCCAAC-1","0","Syn1",1.07695738560509
"CGTTACCCAAATGCGT-1","7","Syn1",0.724289302067876
"CGTTATAGTTCGCAAT-1","6","Syn1",0
"CGTTATAGTTTGAGAG-1","4","Syn1",0
"CGTTATGAGGATGGGC-1","5","Syn1",0
"CGTTATGAGGTAGCTC-1","12","Syn1",0
"CGTTATGAGTCGCAGT-1","1","Syn1",0.750681444921423
"CGTTCCATCCGTCAGG-1","0","Syn1",1.05548235836034
"CGTTCCGCAGGCATTG-1","11","Syn1",1.07105787118873
"CGTTCCGCAGTTGCGA-1","2","Syn1",1.18982262953494
"CGTTCCTGTAATCACC-1","11","Syn1",0.969056488145282
"CGTTCCTGTAGTGCCC-1","0","Syn1",1.57180616893522
"CGTTCCTGTTGCTATA-1","0","Syn1",0
"CGTTCGCTCAATCACG-1","2","Syn1",0.93520984216892
"CGTTCGCTCCGTGTGG-1","8","Syn1",0
"CGTTGGACAAATCCAA-1","9","Syn1",0.991366758314512
"CGTTGGACAACGTGCA-1","3","Syn1",0.664116663376521
"CGTTGTCCAAATCAGC-1","4","Syn1",0
"CGTTGTCCAGGCATAT-1","8","Syn1",0
"CGTTTAAGTTGACCTG-1","9","Syn1",1.23475554264989
"CGTTTCACAAGCCGGT-1","1","Syn1",1.6652394631837
"CGTTTCACAATCCTTG-1","1","Syn1",0.930254799141195
"CGTTTCCGTAATCCGT-1","13","Syn1",1.0335765970643
"CGTTTCCGTGAGATCA-1","2","Syn1",1.50949294844143
"CGTTTGAAGGTAGACG-1","8","Syn1",0
"CTAAACCGTAAGCTGA-1","15","Syn1",0
"CTAAACCGTGACTTCG-1","3","Syn1",1.01297110228558
"CTAAAGCCATTCGGTC-1","5","Syn1",1.195499943026
"CTAAAGGGTAGCGAGT-1","7","Syn1",0
"CTAAAGGGTTGGTTCG-1","0","Syn1",1.02473330981504
"CTAACATAGGTCAAGG-1","3","Syn1",0.758742660521323
"CTAACATAGTAGAGCG-1","3","Syn1",0.961558476502144
"CTAACCAAGGTACTTG-1","11","Syn1",0.707865353033967
"CTAACCTTCGACTTAG-1","2","Syn1",0
"CTAACCTTCGTGCAAC-1","11","Syn1",0
"CTAACGATCCGTGTCC-1","4","Syn1",0
"CTAAGCATCACGTGTA-1","1","Syn1",0.682180486764534
"CTAAGCCAGATAGGCG-1","2","Syn1",1.56488987236393
"CTAAGCCAGCTATACG-1","15","Syn1",0
"CTAAGCCAGGCTCAGT-1","0","Syn1",1.51843218067683
"CTAAGCCAGGTAATTC-1","14","Syn1",0
"CTAAGGCTCATGATCG-1","3","Syn1",0.765077585714767
"CTAATCCTCCAGGGAA-1","3","Syn1",0
"CTAATCTCAAGTGGAA-1","4","Syn1",0
"CTAATCTCACAACCTC-1","10","Syn1",0
"CTAATCTCACCTCGTG-1","4","Syn1",0
"CTAATTGGTCTCACGA-1","3","Syn1",0
"CTACACAAGGATATAG-1","3","Syn1",1.11322293818554
"CTACACCCACCTCAGT-1","4","Syn1",0
"CTACACCCATAAGCCG-1","9","Syn1",0.830441224072117
"CTACAGGCAACCCTAC-1","0","Syn1",1.83563288171729
"CTACAGGCAGGTTGGC-1","5","Syn1",0
"CTACAGGCATAATCAG-1","7","Syn1",0
"CTACAGGCATTGGCCT-1","2","Syn1",0
"CTACATGAGGCAAGTG-1","8","Syn1",0
"CTACCAAAGCGCTCCT-1","4","Syn1",0
"CTACCAAAGGCTCTCC-1","6","Syn1",0.99532793544424
"CTACCCGCAAGTGTGT-1","6","Syn1",0
"CTACCCGCAATTACAG-1","6","Syn1",1.4150963520236
"CTACCCTGTGAAGTGC-1","0","Syn1",1.36243951315397
"CTACCGCTCGTGCGTG-1","3","Syn1",0
"CTACGATGTTGAGTAG-1","8","Syn1",0
"CTACGGACAGGGCTAC-1","0","Syn1",0
"CTACGGGTCGACTATG-1","11","Syn1",0.667705165763848
"CTACGGGTCTCACCGC-1","5","Syn1",1.34749787805943
"CTACGTCCAAGCTCGA-1","0","Syn1",1.27731270066582
"CTACGTCCATGGAACT-1","7","Syn1",1.23778867301637
"CTACGTTTCACTCTGT-1","5","Syn1",0.925999546001116
"CTACGTTTCAGGAGAT-1","1","Syn1",0.716273486056267
"CTACGTTTCTGGTGTA-1","2","Syn1",0
"CTACTCACATGGCCTT-1","3","Syn1",0
"CTACTCCGTATTGCAC-1","2","Syn1",0.968093367459482
"CTACTGTTCACAGCGT-1","1","Syn1",0.940983344464527
"CTACTGTTCATAGATC-1","3","Syn1",0
"CTACTTATCAGGTCTA-1","2","Syn1",0.564556578889228
"CTACTTATCTGGCTCC-1","4","Syn1",2.4572235330968
"CTACTTGCACTCGGTT-1","2","Syn1",0.75898427876746
"CTACTTGCATAAGTCA-1","2","Syn1",1.39665819340262
"CTAGAACCAAACCTGG-1","3","Syn1",0.54919026892223
"CTAGAACCAGGATAGA-1","14","Syn1",0
"CTAGATTAGTGAGCGA-1","12","Syn1",0
"CTAGCGCGTTCTGTCC-1","1","Syn1",1.55923104863668
"CTAGCTGGTGAGAGGA-1","12","Syn1",0
"CTAGGTCAGCTAGCGT-1","9","Syn1",0
"CTAGGTCAGTGTCCTT-1","12","Syn1",0
"CTAGGTTGTCTAGAGA-1","4","Syn1",0
"CTAGGTTGTGCAAGGT-1","3","Syn1",0
"CTAGTCAAGGATCCAC-1","2","Syn1",0
"CTATAGGTCCAGAGGA-1","6","Syn1",0.849743409943838
"CTATCATCAAGCACAT-1","5","Syn1",0.949691326012949
"CTATCATCAAGGTATC-1","15","Syn1",0
"CTATCATCACAGCAGC-1","5","Syn1",1.64144413967767
"CTATCATCATTACTCG-1","4","Syn1",0
"CTATCGAAGGGGACTA-1","5","Syn1",1.22034156529284
"CTATCTATCTGGAAGG-1","6","Syn1",0
"CTATGCTTCCCTTGAT-1","2","Syn1",1.43030820348201
"CTATGGATCAGGCAGA-1","10","Syn1",0
"CTATGTGAGCCACACG-1","4","Syn1",0
"CTATGTGAGGCAAGCA-1","2","Syn1",1.86944730900062
"CTATGTGAGTACGGTC-1","7","Syn1",0
"CTATGTTCATGCAGTG-1","2","Syn1",0.597734746039033
"CTATTCATCTAGCCGG-1","0","Syn1",0
"CTATTCGCATCACTCA-1","3","Syn1",0.626596995749854
"CTATTGAGTTATGTCA-1","1","Syn1",1.38787143135101
"CTCAACTTCACCTCGC-1","3","Syn1",1.4634590929006
"CTCACACCAAACTCAA-1","9","Syn1",1.36529266812424
"CTCACATTCACTTGAG-1","1","Syn1",0.588676938720102
"CTCAGGTAGGTTCCGG-1","1","Syn1",0
"CTCAGGTAGTTGCGGT-1","5","Syn1",1.2504463789033
"CTCAGTAAGGATAGCG-1","7","Syn1",1.17260607904698
"CTCAGTTTCCATCCTG-1","4","Syn1",0
"CTCATAAGTTAACGAG-1","4","Syn1",1.8409030527332
"CTCATAAGTTAATGCC-1","3","Syn1",1.09701484423895
"CTCATAAGTTAGTGTC-1","6","Syn1",0
"CTCATAGAGCTATGTG-1","7","Syn1",0
"CTCATAGAGTATGTCG-1","2","Syn1",0.98791533887853
"CTCATCCGTCTTGCTC-1","10","Syn1",0
"CTCATGAAGCGATAGG-1","13","Syn1",0
"CTCATTCAGCCAGAGA-1","8","Syn1",0
"CTCATTCAGTAATGGA-1","2","Syn1",0
"CTCATTCAGTGCCTGG-1","8","Syn1",0
"CTCATTGCATAACGGT-1","6","Syn1",0.969208748544844
"CTCCAAGGTAGGCGCA-1","5","Syn1",1.39429742384286
"CTCCAATTCCATAGAT-1","6","Syn1",0
"CTCCAATTCGATGCCG-1","12","Syn1",0
"CTCCAATTCGATGCGT-1","6","Syn1",0.640030834938499
"CTCCAGCTCATCAAGT-1","0","Syn1",0.715596030517394
"CTCCAGCTCCAGATAT-1","1","Syn1",1.09251632491916
"CTCCCAATCATATCCC-1","0","Syn1",0
"CTCCCACAGCGGTTAC-1","2","Syn1",1.01185552657483
"CTCCCACAGGGCAGGT-1","10","Syn1",0
"CTCCCTAAGTAAGCGG-1","9","Syn1",1.37533280222259
"CTCCCTGGTAACGGCG-1","10","Syn1",0
"CTCCCTGGTCAATCAC-1","16","Syn1",0
"CTCCCTGGTCATTGCG-1","6","Syn1",0
"CTCCCTGGTGAGCCGA-1","10","Syn1",0
"CTCCGTTGTTCACGCA-1","6","Syn1",1.88429186274715
"CTCCTAGTCTGGCACG-1","15","Syn1",0
"CTCCTGATCACCTAAG-1","11","Syn1",1.13324121431038
"CTCCTGATCCCGTTCA-1","0","Syn1",0.711752846528958
"CTCCTTAGTAATGCTC-1","10","Syn1",0
"CTCCTTAGTATGTGTC-1","1","Syn1",0
"CTCCTTAGTTGCATGT-1","6","Syn1",1.686659743766
"CTCGAACAGCCTAAGC-1","9","Syn1",1.34079178816533
"CTCGAATGTCATGATC-1","0","Syn1",0
"CTCGAATGTGAACCTT-1","0","Syn1",0.575845808842814
"CTCGAATGTTCAAGGA-1","5","Syn1",0
"CTCGACTCAATCCCGT-1","0","Syn1",0.941603065533615
"CTCGATCCAAATCCTT-1","5","Syn1",1.39757452615072
"CTCGATCCAACTAAGC-1","3","Syn1",1.12306371855129
"CTCGATTTCAGCCAGT-1","4","Syn1",0
"CTCGATTTCCTCACCA-1","2","Syn1",1.28196515594417
"CTCGCGAAGCTACCAA-1","14","Syn1",0
"CTCGCTATCGCGCCAA-1","14","Syn1",0
"CTCGCTGCATCCCAGT-1","2","Syn1",1.28514074580189
"CTCGGATAGCCCTGAG-1","12","Syn1",0
"CTCGGATAGGTGCGTT-1","2","Syn1",1.05353208130755
"CTCGTAGGTAACCGAA-1","5","Syn1",1.50343605343155
"CTCGTTACAAACTAGC-1","0","Syn1",0.86633119627402
"CTCGTTACACTCGCTG-1","5","Syn1",0
"CTCTAGAAGCAAGGAT-1","10","Syn1",0
"CTCTAGAAGCCCTTGC-1","2","Syn1",0.484524274426066
"CTCTAGCCAAGCACAT-1","2","Syn1",1.15649367100572
"CTCTAGCCAGGCATTG-1","2","Syn1",1.06910704275828
"CTCTAGCCATCCTCAA-1","8","Syn1",0
"CTCTATATCGCATGGT-1","0","Syn1",0
"CTCTATTGTAATCCTA-1","0","Syn1",0.765815682190171
"CTCTATTGTTAACGCT-1","1","Syn1",1.88503609469662
"CTCTGACCATGATCGG-1","8","Syn1",0
"CTCTGATTCATGCAAT-1","8","Syn1",0
"CTCTGCATCCAGGCCA-1","2","Syn1",0.493475518032062
"CTCTGCATCGCGCCTT-1","0","Syn1",0
"CTCTGCATCGTTCCAT-1","7","Syn1",0.701346851950654
"CTCTGGTCAGGGCAGA-1","8","Syn1",0
"CTCTGTTAGTTGCCGG-1","15","Syn1",0
"CTCTTAATCATGTCCT-1","2","Syn1",1.36863271599538
"CTCTTAATCCATTCCG-1","10","Syn1",0
"CTCTTAATCCGTGATA-1","10","Syn1",0
"CTCTTGGTCAGGGATG-1","13","Syn1",0
"CTGAAAGGTTTACTTC-1","10","Syn1",0
"CTGAATGTCCATTGAG-1","2","Syn1",0.707239111908003
"CTGAATGTCGTGAACC-1","7","Syn1",1.07225739449053
"CTGACAATCACCTGCC-1","5","Syn1",0
"CTGACAATCTGTGAAT-1","0","Syn1",0.686562835378031
"CTGACACAGCGATGTC-1","1","Syn1",1.2903353471358
"CTGACCAGTTAACCCG-1","9","Syn1",0.826445606839018
"CTGACCAGTTGAGGTA-1","2","Syn1",0.963759631610114
"CTGACCAGTTGCTCGA-1","5","Syn1",0.586863713522284
"CTGACCCTCACCTGCC-1","5","Syn1",0.720908657160387
"CTGACGTAGGATCTGC-1","8","Syn1",0
"CTGACGTAGTACGCTA-1","9","Syn1",0
"CTGACGTAGTACGGTC-1","6","Syn1",1.28477826899586
"CTGATCAAGGATCAGG-1","8","Syn1",0
"CTGATCAAGGCATGTC-1","13","Syn1",0.594513853441632
"CTGATTAGTAGTTAGG-1","10","Syn1",0
"CTGATTAGTGAGCCGA-1","1","Syn1",1.28177706661665
"CTGATTGAGGCTCAGT-1","5","Syn1",0.781989955921532
"CTGATTTCAATGAGTC-1","0","Syn1",1.11999401022154
"CTGCAACAGCGCTGAT-1","10","Syn1",0
"CTGCAATGTGAAGCGT-1","1","Syn1",0
"CTGCAATGTTGAGTTC-1","3","Syn1",0
"CTGCAATGTTTCGAGT-1","4","Syn1",0
"CTGCACCTCCCTGTGC-1","8","Syn1",0
"CTGCATCCAACTGTGG-1","5","Syn1",1.05762451695594
"CTGCATCCAAGCTCCT-1","2","Syn1",0.471463230898261
"CTGCATCCAATCCGCT-1","3","Syn1",0
"CTGCATCCATGACACG-1","1","Syn1",0
"CTGCATGGTCCATTCC-1","0","Syn1",1.30768372708065
"CTGCCATCAAGCTAAC-1","5","Syn1",0
"CTGCCTGCAATCTGCC-1","5","Syn1",0.81652620172045
"CTGCCTGCACTTCAGC-1","6","Syn1",1.28002457736019
"CTGCCTTGTGACCGAG-1","9","Syn1",1.49833488978691
"CTGCGCAAGGTATAGA-1","8","Syn1",0
"CTGCGGATCCCAATGA-1","0","Syn1",0.935115827148146
"CTGCGTAGTTTGAGCT-1","1","Syn1",1.31660881005734
"CTGCTAAAGCGCCATG-1","7","Syn1",0.742826314094879
"CTGCTGCTCACTCGAA-1","3","Syn1",1.28309500715534
"CTGCTGCTCCGTCATT-1","4","Syn1",0
"CTGCTGCTCGCATGAC-1","8","Syn1",0
"CTGCTGCTCGCGCAAT-1","0","Syn1",0
"CTGGAAAGTGAGCCAG-1","10","Syn1",0
"CTGGACTAGGCACATC-1","10","Syn1",0
"CTGGATGCAACCTGAG-1","2","Syn1",0
"CTGGATGCAAGCTGGC-1","11","Syn1",1.46473655628787
"CTGGATGCACCATTGC-1","8","Syn1",0
"CTGGCAACAATGCCCT-1","2","Syn1",0.767337579580476
"CTGGCCAAGCAAGCCT-1","14","Syn1",1.46710677326493
"CTGGCCAAGCCTCTGC-1","7","Syn1",0.977792553358999
"CTGGCCAAGTCGACCG-1","5","Syn1",1.22042574551362
"CTGGCCAAGTCGATGC-1","8","Syn1",0
"CTGGCTAGTTCTGTCC-1","1","Syn1",1.39452548178497
"CTGGGCATCGTAGTAT-1","2","Syn1",0.93314618055636
"CTGGTAATCCAACTAG-1","9","Syn1",1.36060487500458
"CTGGTAATCCATCAAG-1","6","Syn1",0.741241361258363
"CTGGTCAGTTAATGGG-1","8","Syn1",0
"CTGGTCAGTTTAGTGC-1","7","Syn1",0.831538034623672
"CTGGTTAAGGAGTCAG-1","2","Syn1",0.626840476932007
"CTGTAACGTGAACGAC-1","2","Syn1",0
"CTGTAATAGTAATCGT-1","1","Syn1",2.1615879981224
"CTGTAATAGTAGTAAG-1","2","Syn1",1.6224709213194
"CTGTAATAGTGCAACC-1","6","Syn1",0
"CTGTACCCAAACTTAG-1","0","Syn1",0.781732719904764
"CTGTACCCACCTGTGT-1","7","Syn1",0.479151480283748
"CTGTACGGTTTGCAGT-1","9","Syn1",0.906650316091981
"CTGTACTTCAATTCCC-1","2","Syn1",0.729144848755868
"CTGTACTTCATGCACA-1","4","Syn1",0
"CTGTCCATCCGTCCGT-1","0","Syn1",1.70400190364298
"CTGTCCATCGCTCAGG-1","10","Syn1",0
"CTGTGATGTGCGGTAG-1","5","Syn1",0
"CTGTGCCTCATCTGTC-1","9","Syn1",0
"CTGTGGACAATATGGC-1","12","Syn1",0
"CTGTTAAGTTTCGAGT-1","6","Syn1",0
"CTGTTGAAGATAGCTT-1","7","Syn1",1.3086685934294
"CTGTTGAAGGTAGGCA-1","3","Syn1",0
"CTTAACCTCCGGACAT-1","14","Syn1",0
"CTTAATCCATGACCGA-1","14","Syn1",0
"CTTAATGGTGCGAGTG-1","3","Syn1",0
"CTTAATGGTTTGCCAG-1","10","Syn1",0
"CTTACAAGTCTGGTTG-1","1","Syn1",0.981767720875517
"CTTACGAAGCAGTTCA-1","0","Syn1",0.688036648213548
"CTTACGAAGGTACGGA-1","5","Syn1",0
"CTTACGAAGTAAGGAC-1","3","Syn1",0
"CTTACGAAGTACGCTA-1","6","Syn1",0.928955294715477
"CTTACGGGTGATCAAG-1","1","Syn1",0.933427014117142
"CTTACGTTCTTGATGG-1","6","Syn1",0.858892193168123
"CTTACTATCCATGCTT-1","13","Syn1",0.560463532074788
"CTTACTATCCTTGAGA-1","7","Syn1",0
"CTTAGCAAGCTAACTG-1","0","Syn1",0
"CTTAGGATCCCCTTGA-1","8","Syn1",0
"CTTAGTAGTGATAGGC-1","10","Syn1",0
"CTTAGTAGTGGGTTGG-1","1","Syn1",0.951395204590135
"CTTAGTAGTTTACCGG-1","2","Syn1",0
"CTTAGTGAGGCGTAGA-1","14","Syn1",0
"CTTATCGCAAGCGTGC-1","1","Syn1",1.17732397912714
"CTTATCGCATCCGTAC-1","3","Syn1",0
"CTTATCGCATGCTTGC-1","3","Syn1",1.19622392527256
"CTTATCTGTGCGTACC-1","5","Syn1",1.19558033718251
"CTTATGCTCCTTCACG-1","13","Syn1",1.32557255075219
"CTTATGCTCTATCGAG-1","8","Syn1",0
"CTTCAATCAGGTTCGA-1","0","Syn1",0
"CTTCAATCATTGGAGT-1","13","Syn1",1.26631943457898
"CTTCACTAGTAGGTAA-1","11","Syn1",1.462587660897
"CTTCAGCCAAACCCGA-1","5","Syn1",0
"CTTCATCAGGGCTAGA-1","3","Syn1",1.52280887152254
"CTTCATCAGTCGATAT-1","10","Syn1",0
"CTTCATCAGTGCGGTT-1","4","Syn1",0
"CTTCGAGGTGAGTTGA-1","7","Syn1",0.762933297300418
"CTTCGATTCTAATGCG-1","3","Syn1",0.596522709487693
"CTTCGCATCGAGGTCT-1","12","Syn1",0
"CTTCGCGCAAGGTAAG-1","8","Syn1",0
"CTTCGCGCAGGATCTG-1","3","Syn1",0.96135890776752
"CTTCGCGCAGTAAGCT-1","3","Syn1",0.951005167809403
"CTTCGGTCAAGTGGAA-1","7","Syn1",1.14713291979338
"CTTCGTTAGCGACTGT-1","3","Syn1",0.905332529518845
"CTTCTATGTGAAGCGT-1","7","Syn1",0.785220478845014
"CTTCTATGTTTAGTTG-1","8","Syn1",0
"CTTCTGGTCACAGGGA-1","6","Syn1",1.2731302713198
"CTTCTGGTCTGGTCAA-1","2","Syn1",0.995507172616479
"CTTGAATAGGCGTACT-1","12","Syn1",0
"CTTGAATAGTAACCTG-1","1","Syn1",1.0672890950059
"CTTGAATAGTATGGAA-1","3","Syn1",0
"CTTGACCCATCCGCTG-1","8","Syn1",0
"CTTGAGGCAACCTCGT-1","2","Syn1",1.38960346416456
"CTTGATAGTAGCCTGC-1","6","Syn1",0.626799883167989
"CTTGATGAGGCGCATT-1","4","Syn1",0
"CTTGCAAAGATTAAGG-1","0","Syn1",0
"CTTGCAAAGGAGCTTC-1","5","Syn1",0
"CTTGCAAAGGCAAGGC-1","11","Syn1",0
"CTTGCAAAGTGAGCAG-1","2","Syn1",0
"CTTGCCATCCAGCTCC-1","11","Syn1",0.744157363900476
"CTTGCCTGTTATCTCT-1","11","Syn1",1.1834186486677
"CTTGCGGAGTAGCGTC-1","7","Syn1",1.85896912177411
"CTTGCTTAGCGCTTCC-1","5","Syn1",0.804593932310098
"CTTGCTTAGGGTCACT-1","7","Syn1",1.22249223671419
"CTTGCTTAGTCGCGTG-1","11","Syn1",1.39262763184912
"CTTGGATGTGGACCCT-1","7","Syn1",0
"CTTGGCTCATCAATTC-1","4","Syn1",0
"CTTGGCTCATGCGTAG-1","9","Syn1",0
"CTTGGGACACTTACGC-1","9","Syn1",0
"CTTGGGACATCAATCT-1","3","Syn1",0.474127658472796
"CTTGGGACATGACCTC-1","5","Syn1",0.734971603122769
"CTTGGGCGTCTCCAGA-1","5","Syn1",0
"CTTGGGGTCTTGATGG-1","3","Syn1",0
"CTTGGGTAGGTGAGGC-1","0","Syn1",0.859520019880326
"CTTGGTAAGGTGACGA-1","1","Syn1",0
"CTTGGTAAGTTGCTCT-1","4","Syn1",0
"CTTGTGAAGGTACGTC-1","0","Syn1",0
"CTTGTGTTCACTGGTA-1","4","Syn1",1.60752067267123
"CTTGTGTTCCCTCACA-1","5","Syn1",0.683052302268629
"CTTGTGTTCTCATGCT-1","0","Syn1",0.733787222205493
"GCAAACCTCTAATGGT-1","5","Syn1",1.53507218954632
"GCAACATCAATGGGCC-1","11","Syn1",0.553272544330454
"GCAACGGGTTCCGCTT-1","5","Syn1",1.15952651279824
"GCAACGGGTTTGGTAC-1","11","Syn1",1.08936519503531
"GCAACGTTCAATCTCC-1","2","Syn1",1.01644640150919
"GCAACGTTCAGCCCGA-1","13","Syn1",1.68074188571538
"GCAACGTTCCGCCTTA-1","7","Syn1",1.29344626264543
"GCAACTATCATGTGCA-1","5","Syn1",0
"GCAACTATCGACCCGA-1","2","Syn1",1.6265074134685
"GCAAGCAAGCGCTCAG-1","12","Syn1",0
"GCAAGCAAGCTGGATC-1","14","Syn1",1.18958406687384
"GCAAGCTTCAAGTAAG-1","11","Syn1",0.78913433453408
"GCAATAGGTTCGGTTG-1","2","Syn1",1.05885287475007
"GCAATAGGTTGCTATA-1","10","Syn1",0
"GCAATATTCAATCTGG-1","11","Syn1",0.539234703730407
"GCAATATTCCCAGACG-1","0","Syn1",1.26236919030081
"GCAATATTCCGTATAG-1","6","Syn1",1.47433669857198
"GCAATCGCAATGTCAA-1","0","Syn1",0.862199183846878
"GCAATCTGTTCGAGCC-1","1","Syn1",1.07491943345466
"GCAATTTAGTGAACTT-1","2","Syn1",0.828910815902662
"GCACAATCAACCTGTC-1","11","Syn1",0.869417675881763
"GCACAATCAATACCTT-1","9","Syn1",0
"GCACACTAGCGATCAC-1","3","Syn1",1.44851736766414
"GCACAGCCAACTGCCT-1","1","Syn1",0.99250521949428
"GCACCATAGAATCCAT-1","4","Syn1",0
"GCACCATAGGGGTTAG-1","1","Syn1",0.855067877361165
"GCACCATAGGTCGATC-1","4","Syn1",0
"GCACCATAGTTACAGT-1","3","Syn1",1.02165124753198
"GCACCATAGTTGGTAT-1","10","Syn1",0
"GCACCGATCCATCTCG-1","7","Syn1",0.88608648650838
"GCACCGATCCTCATAC-1","11","Syn1",1.17722040398932
"GCACGAGGTAGCTCGC-1","10","Syn1",0
"GCACGAGGTCCATACG-1","6","Syn1",0
"GCACGATTCCGTCCAC-1","1","Syn1",0
"GCACGATTCTATCGCT-1","8","Syn1",0
"GCACGGTCAACCTCGT-1","8","Syn1",0
"GCACGGTCATAGAGCT-1","0","Syn1",1.08623393730541
"GCACTAATCACCTGAA-1","7","Syn1",0.376893947012883
"GCACTAGCACAACGTG-1","0","Syn1",0.750150399241671
"GCACTATGTTGCTTGG-1","3","Syn1",1.16359787551459
"GCACTCCTCTCATTGC-1","7","Syn1",0.543256907654564
"GCACTGGTCACCTAGA-1","15","Syn1",0
"GCACTGGTCCGGGCTA-1","3","Syn1",1.81807007627788
"GCACTGGTCCGTCACC-1","10","Syn1",0
"GCACTTGGTAGCGCGA-1","10","Syn1",0
"GCACTTGGTTGGTTCG-1","5","Syn1",1.33333817674737
"GCAGCCATCCATAGTG-1","0","Syn1",1.12961346536388
"GCAGGATGTGCAGGAT-1","4","Syn1",0
"GCAGGGTAGAACGGCA-1","2","Syn1",1.44528657888326
"GCAGGGTAGCAGGGAC-1","8","Syn1",0
"GCAGGGTAGGGTCAAG-1","9","Syn1",0
"GCAGTAAGTAGCGAGT-1","3","Syn1",0
"GCAGTAAGTCAAGGCG-1","10","Syn1",0
"GCAGTAAGTCATTCCC-1","8","Syn1",0
"GCAGTAAGTGAGGTGT-1","3","Syn1",0
"GCATAACCAATCTACT-1","3","Syn1",0.734181572593781
"GCATAACCAGGTTCCT-1","3","Syn1",0.650635395867333
"GCATAACCATCCCAAC-1","8","Syn1",0
"GCATAAGGTTAAGTGG-1","1","Syn1",0
"GCATAGCTCAGCGGTT-1","5","Syn1",0
"GCATAGCTCCGGTATA-1","3","Syn1",0.856390583407462
"GCATAGTCAAGTGCGC-1","1","Syn1",1.75139930204219
"GCATAGTCACAGCGGT-1","1","Syn1",0.846612733326433
"GCATCACAGCGAATGG-1","4","Syn1",0
"GCATCACAGTAAGCAA-1","10","Syn1",0
"GCATCAGCACTTCACA-1","0","Syn1",0.633904346997085
"GCATCCCTCACAGAGG-1","11","Syn1",0
"GCATCCCTCCGGGTAT-1","4","Syn1",0
"GCATCCCTCGATGGCT-1","4","Syn1",0
"GCATCCTCATTCATCG-1","11","Syn1",1.12260907109051
"GCATCTAAGCCTCTCA-1","1","Syn1",0.841887072934919
"GCATGGGGTGCGCAAG-1","4","Syn1",0
"GCATGGGGTTGGACCC-1","1","Syn1",1.26729609208623
"GCATGGGGTTGTCCGA-1","11","Syn1",0
"GCATGGTTCCAGATTG-1","7","Syn1",1.46582445857101
"GCATGGTTCCGCTGGA-1","2","Syn1",0
"GCATGGTTCGTTAGAT-1","0","Syn1",0
"GCATGTCAGGCTTGGT-1","1","Syn1",0.476591358555697
"GCATGTTGTTGTAGAG-1","1","Syn1",0.632412284491334
"GCATTATAGGATAGTA-1","2","Syn1",1.23906468790323
"GCATTCAAGTCGCAGT-1","1","Syn1",1.26212700724217
"GCATTTGAGCATTGAT-1","5","Syn1",0
"GCATTTGAGTGATGCC-1","4","Syn1",0
"GCCAACTAGTGTCAAT-1","14","Syn1",0
"GCCAAGCCAGTAATCA-1","6","Syn1",0
"GCCAATATCGAATGAA-1","8","Syn1",0
"GCCAATGCAAGTCGCA-1","13","Syn1",0
"GCCACATAGCCAGTAC-1","0","Syn1",0
"GCCACATAGGTGCTCG-1","6","Syn1",0
"GCCACCTTCCCAGATA-1","8","Syn1",0
"GCCACCTTCTCATCCG-1","1","Syn1",0
"GCCACTTCAAACTGAC-1","8","Syn1",0
"GCCACTTCAATACATG-1","2","Syn1",0
"GCCACTTCATTACTGT-1","3","Syn1",0
"GCCATATGTTCGCTGA-1","0","Syn1",0.740437188944116
"GCCATCAGTGAACCGG-1","7","Syn1",0.670866578822798
"GCCATCCTCGATACAT-1","0","Syn1",0.845018657121341
"GCCATGGTCATGTGTG-1","10","Syn1",0
"GCCATTCCAGCTCAAG-1","6","Syn1",0.710592466494594
"GCCATTCCAGGAGCAG-1","1","Syn1",1.60132750340785
"GCCCAAGTCTAACCGA-1","0","Syn1",0.876029118427685
"GCCCAATAGCGCTGTG-1","5","Syn1",1.30424994222532
"GCCCAATAGGATGAGT-1","10","Syn1",0
"GCCCACTTCAGTTGAT-1","2","Syn1",0.795349231927209
"GCCCATAGTAGCCAGG-1","10","Syn1",0
"GCCCATTCAAGCGGTC-1","8","Syn1",0
"GCCCATTCAGGCTCAA-1","1","Syn1",1.74630076441152
"GCCCCATTCAGTTGCA-1","6","Syn1",0
"GCCCCATTCCTGAATG-1","3","Syn1",0
"GCCCCATTCGTGCCGA-1","11","Syn1",0.785999982648881
"GCCCCTTAGGAACCCT-1","10","Syn1",0
"GCCCGTAAGTGCAACC-1","11","Syn1",1.25664554064558
"GCCCTAAGTTGTAACC-1","1","Syn1",1.19614343445756
"GCCCTAGAGGTTACTG-1","3","Syn1",1.36175535585266
"GCCCTCACATGCAGAT-1","14","Syn1",0
"GCCCTGAAGAACGGAT-1","4","Syn1",0
"GCCGAACCATTACGAA-1","14","Syn1",0
"GCCGAGTCAAGCATGT-1","12","Syn1",0
"GCCGATTAGGTTAGTT-1","12","Syn1",2.341661203443
"GCCGATTAGTCTAGGC-1","12","Syn1",2.00843050603665
"GCCGCTAAGCCTGCGA-1","4","Syn1",0
"GCCGGTTGTAGGTGTA-1","14","Syn1",0
"GCCGTACGTGAGGTGT-1","12","Syn1",0
"GCCGTACGTTGCTTCC-1","1","Syn1",0
"GCCGTAGTCGCGACTG-1","9","Syn1",0.923429730068741
"GCCGTCAAGTGCCCGA-1","3","Syn1",0.684169662562193
"GCCGTCAAGTTAGCTG-1","14","Syn1",0
"GCCGTTAGTGAGCCGA-1","15","Syn1",1.23105191191143
"GCCGTTAGTGCGGTAG-1","6","Syn1",0.843657355797664
"GCCGTTGAGGCAAGCA-1","4","Syn1",0
"GCCTAAATCGTTCGGG-1","5","Syn1",0.766246928399192
"GCCTAACAGGTTAGCC-1","13","Syn1",1.26230863469585
"GCCTAACAGGTTGCGT-1","1","Syn1",1.59378356263361
"GCCTAATGTCTGGGTC-1","2","Syn1",0.937945121309537
"GCCTACCTCCCAGACG-1","10","Syn1",0
"GCCTACTCAAGTTAGC-1","6","Syn1",1.1037047681806
"GCCTACTCAGCATGGC-1","4","Syn1",0
"GCCTATGGTCAGTTCG-1","0","Syn1",1.61114676684973
"GCCTATGGTTCGCTCT-1","8","Syn1",0
"GCCTCATCATAATCGA-1","5","Syn1",0.522198680406429
"GCCTGATAGCCAGTAC-1","6","Syn1",1.03497886445684
"GCCTGATAGTCATGTG-1","3","Syn1",1.20172583475079
"GCCTGATAGTGGCTAC-1","1","Syn1",1.57615350867309
"GCCTGCAAGTTACCTC-1","7","Syn1",0.706171948271493
"GCCTGCTTCCGCTAGG-1","3","Syn1",0
"GCCTGGATCTATCTGC-1","8","Syn1",0
"GCCTGGATCTTGACAG-1","11","Syn1",1.19775555235922
"GCCTGTGAGAAGCTGG-1","7","Syn1",0.904981810022979
"GCCTGTGAGCATCGCG-1","5","Syn1",0
"GCCTTCATCGCATGGT-1","0","Syn1",1.16276595123645
"GCCTTCATCGCGTTGG-1","3","Syn1",0.695492906332764
"GCCTTCATCTCACCTG-1","5","Syn1",1.82601732658802
"GCCTTGCTCACGTGTA-1","1","Syn1",0.562437454158728
"GCCTTGCTCCCTTGCA-1","1","Syn1",1.14878558660305
"GCGAATAGTTAGTGTC-1","11","Syn1",1.17484375980363
"GCGAATTCAAAGGAGC-1","5","Syn1",0
"GCGAATTCAGGCTATG-1","10","Syn1",0
"GCGAGTTTCTCACACT-1","6","Syn1",0.70859742906435
"GCGATCCGTAACCCAT-1","4","Syn1",0
"GCGATCCGTGCGTGGA-1","1","Syn1",1.0668512921214
"GCGATGAAGTAGGCAG-1","2","Syn1",1.15870103350907
"GCGATGTTCTCATGTC-1","4","Syn1",1.90084099868064
"GCGATTCAGTACGCAC-1","0","Syn1",0
"GCGCAAGGTAGTAACG-1","4","Syn1",0
"GCGCATTAGCCTGTCC-1","0","Syn1",0.778213662284969
"GCGCCAATCAGGTCAC-1","12","Syn1",0
"GCGCCTAAGCAATGAA-1","5","Syn1",0.790184967511943
"GCGCCTAAGCATGGGA-1","9","Syn1",0
"GCGCTAACAACCTGTC-1","7","Syn1",0.93596269245081
"GCGCTAACAAGGTAGA-1","15","Syn1",0
"GCGCTAACAATCGGTG-1","13","Syn1",0
"GCGCTAACACTAGGCA-1","3","Syn1",1.20638151425892
"GCGCTAACATCCTGTA-1","3","Syn1",0.989823680334587
"GCGCTCAAGCTAACTG-1","10","Syn1",0
"GCGCTTGAGGATACCC-1","8","Syn1",0
"GCGGAGACAATCGAAC-1","1","Syn1",0
"GCGGAGACAATTACAG-1","7","Syn1",0.492137329591745
"GCGGAGACACATACCC-1","0","Syn1",1.20213262025417
"GCGGAGTAGGATCTAT-1","12","Syn1",0
"GCGGCTTGTATGGGTA-1","5","Syn1",0.990302010931689
"GCGGCTTGTTCCAGTG-1","4","Syn1",0
"GCGGGATAGGATTAGA-1","8","Syn1",0
"GCGGGTAGTCAGTTCG-1","8","Syn1",0
"GCGGTAAAGGCTACGT-1","5","Syn1",1.97136480093404
"GCGGTAGGTTAGGTCT-1","4","Syn1",0
"GCGGTGAGTGAGGCCA-1","11","Syn1",0
"GCGTAAAGTAAGGTAT-1","13","Syn1",1.23432360154957
"GCGTAATCAAGGTGAA-1","14","Syn1",0
"GCGTAATCAGGTAGTT-1","13","Syn1",0.684169662562193
"GCGTAATCATTACCCA-1","5","Syn1",1.17222122967512
"GCGTAGCCAAACCAAC-1","9","Syn1",0.827893850413188
"GCGTAGCCAATAGGTC-1","8","Syn1",0
"GCGTGAAAGCAATTCG-1","4","Syn1",0
"GCGTGAGGTAGCCCTA-1","13","Syn1",1.0119112421033
"GCGTGAGGTATAGCCT-1","1","Syn1",0.71923064608015
"GCGTGAGGTCTGTGAT-1","0","Syn1",1.34539397600292
"GCGTGAGGTGGGTAAC-1","13","Syn1",0
"GCGTTAATCGCTCGCT-1","5","Syn1",1.39505795284018
"GCGTTCCTCAGGTAGG-1","4","Syn1",0
"GCGTTCTCATCCCAAC-1","6","Syn1",0
"GCGTTTCCACTTAATC-1","5","Syn1",1.78926383528991
"GCGTTTCCAGGATCTG-1","5","Syn1",0
"GCGTTTGGTTTCAGCG-1","5","Syn1",0.747155927085447
"GCTAAACCAAATCCTT-1","1","Syn1",1.77406426244286
"GCTAAACCACTCGCAT-1","3","Syn1",1.57688933278892
"GCTAAAGGTGGCTTCA-1","8","Syn1",0
"GCTAAATTCCGCCTGT-1","9","Syn1",0
"GCTAACATCACTGGGT-1","4","Syn1",0
"GCTAACATCTGTCAAG-1","2","Syn1",0
"GCTAAGTCACAATGCG-1","7","Syn1",1.38608814656229
"GCTACAGCAGGATACT-1","15","Syn1",0
"GCTACAGCAGGCTACA-1","2","Syn1",1.69227762665769
"GCTAGGCCAAACCCAG-1","3","Syn1",0
"GCTAGGCCATTCGGTC-1","3","Syn1",0
"GCTAGGTTCAATTGCG-1","16","Syn1",0
"GCTAGGTTCACCTGCC-1","7","Syn1",0.457007487976767
"GCTAGTCAGCTACCGG-1","11","Syn1",1.09721424570024
"GCTAGTCAGGATGGAT-1","0","Syn1",0.858343642288617
"GCTAGTTGTAATGCCT-1","2","Syn1",0.511841015046049
"GCTAGTTGTGAGTAAT-1","2","Syn1",0
"GCTATCCCAGGATCAT-1","0","Syn1",1.59144358269778
"GCTATCCCAGTACTCC-1","7","Syn1",0.737011290454502
"GCTATCCCATCGCGTT-1","11","Syn1",0
"GCTATTGAGGATCATT-1","7","Syn1",1.00830350856397
"GCTATTGAGTCATCTC-1","6","Syn1",1.00057244295202
"GCTCAAATCTAGTCGA-1","14","Syn1",0
"GCTCAATGTAGGCTGG-1","4","Syn1",0
"GCTCAATGTCAACGGG-1","5","Syn1",0
"GCTCACCTCATACTCC-1","2","Syn1",0.963809783919931
"GCTCAGGTCTAACCTC-1","15","Syn1",0
"GCTCAGGTCTAGTACG-1","5","Syn1",0.849973447267642
"GCTCAGTAGTAACGAA-1","3","Syn1",0
"GCTCATCCAGGACTCA-1","6","Syn1",0.609718097170357
"GCTCATCCAGGATAGA-1","13","Syn1",0.544044467029992
"GCTCCAAGTGAGACCG-1","8","Syn1",0
"GCTCCAAGTTGACTAC-1","5","Syn1",0.582049283248322
"GCTCCATCACCAATCC-1","0","Syn1",0
"GCTCCATCACTAACTT-1","12","Syn1",0
"GCTCCCACAAGCTGCA-1","5","Syn1",1.38143907613828
"GCTCCGTTCGATCAGC-1","9","Syn1",0
"GCTCCGTTCGCTCTGC-1","3","Syn1",1.13775826365971
"GCTCCTTGTAACTTCA-1","7","Syn1",0
"GCTCCTTGTAATGCAG-1","12","Syn1",0
"GCTCCTTGTATAGTGG-1","8","Syn1",0
"GCTCCTTGTGATAGCA-1","4","Syn1",0
"GCTCGATAGGTACGAG-1","13","Syn1",0.629941572033342
"GCTCGTTCACATGCTC-1","10","Syn1",0
"GCTCGTTCACTAATCT-1","3","Syn1",1.56533871520975
"GCTCGTTCAGGTAATC-1","0","Syn1",0
"GCTGAAAGTGGGAACT-1","3","Syn1",0
"GCTGAAAGTTAAGGAT-1","5","Syn1",0.81751388733747
"GCTGACTAGCGATCAC-1","0","Syn1",0
"GCTGACTAGCGGATCT-1","1","Syn1",0
"GCTGACTAGCTAGACC-1","2","Syn1",0.646757062046715
"GCTGAGAAGCAATCTG-1","2","Syn1",0.976062700974198
"GCTGAGAAGCGAGTGA-1","3","Syn1",1.34676065446578
"GCTGAGAAGCGATCTA-1","9","Syn1",0.863545424098359
"GCTGAGGGTCATCAAC-1","8","Syn1",0
"GCTGAGGGTTCCCTTA-1","3","Syn1",0
"GCTGAGGGTTTACTAG-1","0","Syn1",0
"GCTGATTGTCAACTGT-1","11","Syn1",0
"GCTGATTGTCCATCCT-1","9","Syn1",0
"GCTGATTGTGATTGAG-1","6","Syn1",0
"GCTGCCTTCCATCCAT-1","3","Syn1",0.647060365417012
"GCTGCCTTCCGTGCGA-1","4","Syn1",0
"GCTGCGATCGAACCTA-1","1","Syn1",1.03691375465367
"GCTGCTGAGATAGATG-1","11","Syn1",0.73031362043522
"GCTGCTGAGGGTCCTG-1","1","Syn1",0.849820074392691
"GCTGGCTGTAATGCTC-1","2","Syn1",1.20843623451355
"GCTGGCTGTTAACTGC-1","0","Syn1",2.25241099290351
"GCTGTATGTGAGTTAG-1","7","Syn1",0
"GCTGTATGTTGGCGAG-1","7","Syn1",1.10742262207131
"GCTGTTAAGGGGTAAT-1","1","Syn1",0.667843988291935
"GCTGTTAAGTAACGAA-1","11","Syn1",0.54721824264997
"GCTTACAAGCCAGACT-1","5","Syn1",0.87350177927701
"GCTTACTTCCCAGGCA-1","2","Syn1",0.585767160057173
"GCTTATAGTAGCGAGT-1","6","Syn1",0
"GCTTATGAGCGGGTAA-1","6","Syn1",0
"GCTTATGAGCTTAACG-1","5","Syn1",1.69504938468529
"GCTTATGAGGCATGTC-1","8","Syn1",0
"GCTTATGAGGTGAGTG-1","1","Syn1",0
"GCTTCATTCACTCTAC-1","11","Syn1",1.17340232564443
"GCTTCATTCCGCGATG-1","9","Syn1",1.54587608481175
"GCTTCCGCACAGCGGT-1","2","Syn1",0.778277348207623
"GCTTCCGCATGCTGTC-1","3","Syn1",0
"GCTTCCTGTAGTGAGC-1","12","Syn1",0
"GCTTCCTGTGACGTGG-1","0","Syn1",1.08003023083742
"GCTTCGCTCAAGTCGC-1","3","Syn1",1.20126518293329
"GCTTCGCTCACATTGG-1","5","Syn1",0
"GCTTGATGTCTCCAAG-1","2","Syn1",0
"GCTTGGGTCCATTGCT-1","6","Syn1",0.98228992977332
"GCTTGGGTCCCCAGGA-1","11","Syn1",1.03398516467666
"GCTTGGGTCCCTCATG-1","3","Syn1",0.76452499137534
"GCTTGTAAGGCACACT-1","4","Syn1",0
"GCTTGTAAGGGTCTCG-1","0","Syn1",1.26668548169973
"GCTTGTAAGGTGAGGC-1","2","Syn1",0
"GCTTGTAAGTCATGTG-1","0","Syn1",0
"GCTTGTAAGTGCCAGT-1","0","Syn1",0.902883567694995
"GCTTGTCCAACTGGTG-1","2","Syn1",0.804628086734467
"GCTTGTCCACAACGTG-1","8","Syn1",0
"GCTTGTCCACCTTACA-1","1","Syn1",0.758018771648828
"GCTTTCACAGGACTGC-1","1","Syn1",1.47502963247837
"GGAAACTAGCCATGAC-1","7","Syn1",0
"GGAAATGCACCAGGAC-1","15","Syn1",0
"GGAAATGCATTAGTGA-1","7","Syn1",0.664574491929642
"GGAAATTGTTTAATCG-1","2","Syn1",1.20512514729102
"GGAACATAGCATGATT-1","3","Syn1",0
"GGAACCTTCAGGTCTA-1","2","Syn1",1.0720046190624
"GGAACGATCAGCACCG-1","10","Syn1",0
"GGAAGATTCAGTAGGG-1","5","Syn1",1.23813638387847
"GGAAGCCAGTAGCACC-1","7","Syn1",0.734012511085928
"GGAAGGCTCCCGTGTC-1","8","Syn1",0
"GGAAGGTCATTAGTCT-1","10","Syn1",0
"GGAAGTTAGATAGCCC-1","5","Syn1",0.522617440713214
"GGAATATGTGCGTGGA-1","4","Syn1",0
"GGAATGGTCAATGTGT-1","12","Syn1",0
"GGAATGGTCGTGAGGA-1","4","Syn1",0
"GGAATTAAGTTGCGTA-1","4","Syn1",0
"GGAATTGGTTTAGGAG-1","8","Syn1",0
"GGACAATAGGGCTAGA-1","0","Syn1",0.864339416659281
"GGACACAAGCAGGTGA-1","4","Syn1",0
"GGACACCCAATCAAGC-1","0","Syn1",1.15578480945281
"GGACACCCAGGTAATC-1","12","Syn1",0
"GGACACCCAGGTATCG-1","1","Syn1",0.977611513238687
"GGACACCCATCCTATG-1","8","Syn1",0
"GGACACCCATGGATTA-1","3","Syn1",0.949060125061916
"GGACATAGTAATCCAC-1","12","Syn1",0
"GGACATTCAATACAGC-1","2","Syn1",0.788381004502285
"GGACATTCACCTCGCA-1","13","Syn1",0.438857222321583
"GGACCCTGTTAGCTGT-1","10","Syn1",0
"GGACCTTAGCTACCGG-1","3","Syn1",0
"GGACCTTAGTTGCGGT-1","16","Syn1",0
"GGACGATGTAACCCTG-1","3","Syn1",0
"GGACGGACATTCCTCT-1","6","Syn1",1.03562295451737
"GGACGTAAGTCAGGAG-1","3","Syn1",0
"GGACTCACACCAACCT-1","14","Syn1",0
"GGACTCACACCTATCA-1","2","Syn1",1.72759961557955
"GGACTTGCAAATCGAC-1","8","Syn1",0
"GGAGAAGGTATTGGAG-1","0","Syn1",0
"GGAGAAGGTCATTGGT-1","0","Syn1",0
"GGAGAGGAGGTGCTTA-1","2","Syn1",0.731766102848511
"GGAGAGGAGTCGACGT-1","4","Syn1",0
"GGAGAGTCAATTGAGC-1","1","Syn1",0.913301193025789
"GGAGAGTCATCGGTCT-1","6","Syn1",0
"GGAGATTAGCCTGAAC-1","11","Syn1",1.32526813200521
"GGAGATTAGGAATGCG-1","14","Syn1",0
"GGAGATTAGGTATCCA-1","7","Syn1",0.521836309517022
"GGAGCAATCGCGATGT-1","4","Syn1",0
"GGAGCCAGTAATCCTA-1","8","Syn1",0
"GGAGCCAGTTTAAGCC-1","7","Syn1",1.3248624886817
"GGAGCTAAGGGCAGAC-1","7","Syn1",1.81677455236437
"GGAGCTAAGTACGCCG-1","8","Syn1",0
"GGAGCTGGTTAAGGGC-1","9","Syn1",0
"GGAGCTGGTTCCGGTA-1","0","Syn1",0
"GGAGTAGTCAAGTCTG-1","4","Syn1",1.17222122967512
"GGAGTAGTCACGCAAC-1","2","Syn1",1.35225937628291
"GGAGTCAAGCTAACCA-1","9","Syn1",0
"GGATAATGTGAAGCCG-1","2","Syn1",1.71821436207196
"GGATAGGTCACCTACT-1","1","Syn1",1.29464731017615
"GGATAGTAGTCGATAT-1","5","Syn1",0.839526435817536
"GGATATGGTAAGTGCA-1","12","Syn1",0
"GGATCGCCAACTCGTC-1","6","Syn1",0
"GGATCGCCAAGCACAT-1","1","Syn1",0.780449201525069
"GGATCGTTCGTACGGT-1","5","Syn1",0.755915667795534
"GGATCGTTCGTAGTCA-1","1","Syn1",1.32384962001882
"GGATCTATCAGTAGGG-1","0","Syn1",0
"GGATCTATCCATCCTG-1","6","Syn1",1.54033155883574
"GGATCTATCGCGCGTA-1","1","Syn1",0.996943586948772
"GGATGCTTCACTCCGC-1","12","Syn1",0
"GGATGCTTCCGTAAGC-1","15","Syn1",0
"GGATGGGCAAGTTCCC-1","10","Syn1",0
"GGATGGGCAGGTATCG-1","3","Syn1",0.7272608082737
"GGATGGGCATTGGCAG-1","7","Syn1",1.31074232280951
"GGATGTGAGCGACTAC-1","9","Syn1",0
"GGATGTTCAGGATGGG-1","7","Syn1",1.48402007583878
"GGATGTTCATAAGCAC-1","2","Syn1",1.10780724019737
"GGATTAAAGGATGAAC-1","7","Syn1",0.99008935790577
"GGATTAAAGTCGCTGG-1","6","Syn1",0
"GGATTAAAGTTGGGCT-1","10","Syn1",0
"GGATTCATCCCCTGGT-1","8","Syn1",0
"GGATTCATCTATGGCA-1","2","Syn1",0.64849419801455
"GGATTGCTCCCGCATC-1","9","Syn1",0
"GGATTGCTCCGCCAGA-1","10","Syn1",0
"GGCAAAGTCCTGCCGT-1","1","Syn1",0
"GGCAAAGTCGCATTAG-1","9","Syn1",0.697627091407326
"GGCAACTTCACAGCTA-1","1","Syn1",1.41896290566974
"GGCAAGGCAACCAAGT-1","3","Syn1",0.840783696300393
"GGCAAGGCACATTCCA-1","11","Syn1",0.834846921364577
"GGCAATAGTTGCTGGC-1","2","Syn1",0
"GGCAATTCAGCTAACG-1","3","Syn1",0.461146853044226
"GGCACACCAATCAATG-1","1","Syn1",0
"GGCACCTGTCAATTCA-1","11","Syn1",0.742018544495252
"GGCACCTGTTGCAGGG-1","2","Syn1",1.10491849499561
"GGCACGAGTTAGCGAA-1","0","Syn1",0.989239731520323
"GGCATAGAGAATCACT-1","5","Syn1",0.70661402354183
"GGCATAGAGTAGTGAA-1","8","Syn1",0
"GGCATCACAATATGGC-1","6","Syn1",2.01809902131731
"GGCATCACAGGTTCGA-1","7","Syn1",0.560431291124597
"GGCATCCGTGGAAGGA-1","10","Syn1",0
"GGCATGTTCGAATGAA-1","5","Syn1",1.05298498152993
"GGCATTATCCTGACCC-1","7","Syn1",1.09879009805691
"GGCATTATCTAGTTGG-1","5","Syn1",1.20251256452504
"GGCCAACCAGCCATCT-1","1","Syn1",1.45490401742683
"GGCCAATTCAGCCTAA-1","2","Syn1",0.809566895788978
"GGCCCTAAGTTAGGTT-1","5","Syn1",0
"GGCCGAAGTCCATCCT-1","9","Syn1",1.62057020180348
"GGCCGAAGTTCTGTGG-1","4","Syn1",0
"GGCCGATCAAGGGCTC-1","7","Syn1",0.585202844190397
"GGCCGTTGTGAAGTGC-1","10","Syn1",0
"GGCCGTTGTGAGGCAT-1","8","Syn1",0
"GGCCTAACAACTCGGA-1","4","Syn1",2.91599883391825
"GGCCTTGAGCATTACG-1","5","Syn1",0
"GGCGAACAGGTCGTAC-1","12","Syn1",0
"GGCGAATGTGCATTAC-1","3","Syn1",0
"GGCGAATGTTAGACGA-1","9","Syn1",0.849207168843124
"GGCGACTCACCTATAT-1","1","Syn1",0.790382288773855
"GGCGACTCACTAACCC-1","5","Syn1",1.20876571672318
"GGCGAGACATCACTCA-1","0","Syn1",0
"GGCGATCCACCATACC-1","13","Syn1",0.486278291203127
"GGCGATTTCAATCGTG-1","8","Syn1",0
"GGCGATTTCACTAGGC-1","6","Syn1",1.33405867062066
"GGCGGTAGTGAACGCG-1","12","Syn1",0
"GGCGGTTCACAAGCCA-1","5","Syn1",1.28517227648564
"GGCGTAAAGTATGTGT-1","5","Syn1",0
"GGCGTAAAGTTACCTC-1","7","Syn1",0.670213163930932
"GGCGTCTGTGAACGAC-1","6","Syn1",0
"GGCGTTACAACATGCG-1","11","Syn1",0
"GGCGTTACACTAATTC-1","10","Syn1",0
"GGCGTTACATAGAGCT-1","7","Syn1",1.11957684630102
"GGCGTTACATCGGTGA-1","1","Syn1",1.0681032005687
"GGCTAATCACAAGGCC-1","1","Syn1",1.767107709442
"GGCTAATCACTTAACT-1","4","Syn1",0
"GGCTAATCAGTTGCAG-1","8","Syn1",0
"GGCTAGAAGAATCCTG-1","7","Syn1",1.16125673987257
"GGCTAGAAGGGCAGAC-1","1","Syn1",0.784183664168466
"GGCTAGAAGTAGGTCC-1","5","Syn1",0
"GGCTATATCCAGCTCC-1","0","Syn1",0
"GGCTATTGTAATGTCC-1","9","Syn1",0
"GGCTATTGTGATCCCA-1","1","Syn1",0.755646154988159
"GGCTCAACAGCCAGGT-1","7","Syn1",0
"GGCTCAACAGCTCATC-1","9","Syn1",1.04652771645537
"GGCTCAACAGGACACC-1","3","Syn1",0.760862300715092
"GGCTCGATCGATCGGT-1","15","Syn1",0.528638853685479
"GGCTGAAAGTACCAGC-1","15","Syn1",0
"GGCTGACCACTTCGCG-1","12","Syn1",0
"GGCTGACCATAACGTA-1","8","Syn1",0
"GGCTGACCATTACCAT-1","6","Syn1",0
"GGCTGCATCAATTGGT-1","10","Syn1",0
"GGCTGCATCGTTAGAT-1","1","Syn1",0.712387446903384
"GGCTGGTCACCATAGG-1","12","Syn1",0
"GGCTGGTCACCTTGAC-1","8","Syn1",0
"GGCTGGTCAGCTAAGT-1","2","Syn1",1.00231573540266
"GGCTGGTCAGTTGCCT-1","2","Syn1",0.554973485858988
"GGCTTAATCTATCGTC-1","2","Syn1",1.36928840599816
"GGCTTATGTAGTAAGT-1","1","Syn1",1.0390335428681
"GGCTTCCTCAGGAGAT-1","15","Syn1",0
"GGCTTCCTCGACTATG-1","10","Syn1",0
"GGCTTTGGTAGCGACG-1","3","Syn1",0
"GGCTTTGGTAGTGTGA-1","10","Syn1",0
"GGCTTTGGTGATGAAT-1","3","Syn1",0
"GGCTTTGGTTCTGGCA-1","13","Syn1",1.42098482721573
"GGGAATGTCACATGCA-1","13","Syn1",0
"GGGAATGTCGATACTG-1","1","Syn1",0.94093570985626
"GGGAATGTCGATTCAG-1","4","Syn1",0
"GGGAATGTCTATGGAT-1","7","Syn1",1.9492432563951
"GGGACAATCATCAGCA-1","12","Syn1",0
"GGGACAATCCGCAGAT-1","3","Syn1",1.16701501555251
"GGGACCAGTTGGGTCC-1","8","Syn1",0
"GGGACCTCAACCTGCT-1","10","Syn1",0
"GGGACCTCAACGGTCA-1","4","Syn1",0
"GGGACGTAGCAACCGT-1","11","Syn1",1.19517848705916
"GGGACGTAGGGTTGCT-1","3","Syn1",0.848289564482974
"GGGACTAAGCTATCAG-1","3","Syn1",0
"GGGACTAAGTGCAAGG-1","8","Syn1",0
"GGGACTGGTTTACTCT-1","4","Syn1",0
"GGGATAGTCGATTCCT-1","1","Syn1",1.0441955359795
"GGGATAGTCGCGCTGA-1","6","Syn1",0
"GGGATAGTCTGGTAGC-1","3","Syn1",0
"GGGATATAGCAAGGAT-1","0","Syn1",0
"GGGATATAGTTAGGTT-1","4","Syn1",0
"GGGATCAAGTGGCCTG-1","4","Syn1",0
"GGGATTAGTAATGACG-1","9","Syn1",0.82500270488912
"GGGATTAGTTATCTGA-1","7","Syn1",0.99489805080823
"GGGATTGAGCTAATGT-1","6","Syn1",1.28681429363896
"GGGATTGAGGTGAGAT-1","6","Syn1",0.917342019798568
"GGGCAAATCATGACTG-1","3","Syn1",0
"GGGCAAATCGAACCCG-1","4","Syn1",0
"GGGCAACAGCGAGCTT-1","5","Syn1",0
"GGGCAACAGGCTCCTC-1","2","Syn1",0.487851021439754
"GGGCAATGTTTGACGT-1","2","Syn1",1.3292040340552
"GGGCAGACAGGGACTC-1","5","Syn1",0
"GGGCATCCAAGCCTAG-1","3","Syn1",0.770712348047798
"GGGCATCCAAGCTGAT-1","5","Syn1",1.08590889924807
"GGGCATCCACATACCC-1","5","Syn1",0
"GGGCATCCATTGCACC-1","4","Syn1",0
"GGGCATTTCATCTCTA-1","8","Syn1",0
"GGGCCTATCCTGATAG-1","6","Syn1",0
"GGGCCTATCGACATTG-1","14","Syn1",0
"GGGCGTAGTGGCCAGA-1","2","Syn1",0.647494166886767
"GGGCGTAGTTGCATTA-1","1","Syn1",1.19022047121093
"GGGCTAGGTTAGTTCA-1","6","Syn1",0.995758221953812
"GGGCTCTGTAATCCCG-1","8","Syn1",0
"GGGCTCTGTTCCGCAA-1","4","Syn1",0
"GGGCTTACATTGGCGA-1","5","Syn1",1.21481429632717
"GGGGACTAGCCATAGC-1","1","Syn1",1.73647021481081
"GGGGACTAGGCAACTC-1","6","Syn1",0.817090284976043
"GGGGATGCACTTACCA-1","15","Syn1",0
"GGGGCAACAAGGTCCA-1","5","Syn1",0.664574491929642
"GGGGCAACACTAGCAG-1","2","Syn1",0
"GGGGCAACATGACCGA-1","3","Syn1",0.761713635538117
"GGGGCAACATTCATCG-1","5","Syn1",0
"GGGGCTAGTTGAGCAA-1","0","Syn1",1.2195845287347
"GGGGCTAGTTGCTCTC-1","6","Syn1",0.719338659015538
"GGGGTCAGTATTGGGA-1","13","Syn1",1.40133071579677
"GGGGTCAGTCAGTTAC-1","7","Syn1",0
"GGGGTTAAGTAGAGCG-1","2","Syn1",0.587822222670162
"GGGGTTGGTAACTTCA-1","4","Syn1",0
"GGGTAACGTCAGTGCC-1","11","Syn1",0
"GGGTAACGTTAGAGTG-1","5","Syn1",0.852821464764736
"GGGTACGGTATTGGGA-1","9","Syn1",0.876847709420356
"GGGTACGGTTGTCCAG-1","0","Syn1",0.737068117305014
"GGGTACTTCCCTCGAC-1","5","Syn1",0
"GGGTATGAGCCATGCG-1","4","Syn1",0
"GGGTATGAGCGGTAGA-1","6","Syn1",0
"GGGTCAAAGAACCTCA-1","6","Syn1",1.27183538387176
"GGGTCAGGTGAGTCGG-1","0","Syn1",0
"GGGTCAGGTGCGGATG-1","14","Syn1",0
"GGGTCATTCCAACTAG-1","8","Syn1",0
"GGGTCATTCCATAGCA-1","7","Syn1",0
"GGGTCCATCGTACGGT-1","5","Syn1",0
"GGGTGAATCAGGGCTT-1","1","Syn1",0
"GGGTGAATCCAGCCCT-1","2","Syn1",0.827205266707257
"GGGTGAATCTAGTAAC-1","2","Syn1",0.953595582702773
"GGGTGAATCTGGTCAA-1","2","Syn1",0.6565217047517
"GGGTTAAGTATGTGGA-1","2","Syn1",1.20449806040034
"GGGTTAAGTTTGCGGC-1","9","Syn1",0.947413543536709
"GGGTTAGAGGGGATCA-1","7","Syn1",1.03585738535694
"GGGTTCCGTCTAATGC-1","5","Syn1",1.30232946966195
"GGGTTCCGTTGCCTCT-1","0","Syn1",0.9304872634073
"GGGTTGAAGCGAGACA-1","6","Syn1",0
"GGGTTGAAGCTAGTGC-1","4","Syn1",0
"GGGTTGAAGGAATGCG-1","12","Syn1",0
"GGGTTTCAGATAGTCT-1","9","Syn1",0
"GGTAAATGTAACCCTG-1","15","Syn1",0
"GGTAAATGTTGTCCAG-1","3","Syn1",0
"GGTAAGGTCATGCTGA-1","0","Syn1",0.805585652350454
"GGTAAGGTCCGCACCT-1","2","Syn1",1.34584918200105
"GGTACATCATAAGCTA-1","5","Syn1",0.875620431957947
"GGTACGCCACTATATC-1","5","Syn1",0.647624424711473
"GGTACTATCATAGATC-1","7","Syn1",1.06466815264675
"GGTACTATCGATTCAG-1","9","Syn1",0
"GGTACTTGTGATTGAG-1","0","Syn1",1.21373219522094
"GGTAGCAAGTTGGACC-1","5","Syn1",0
"GGTAGCGGTTCGTAAC-1","7","Syn1",0.380771723161655
"GGTAGCTTCGTGCCAG-1","4","Syn1",0
"GGTAGGATCTAGCTTC-1","2","Syn1",0.83699411218198
"GGTAGTAGTTCCGCAA-1","12","Syn1",0
"GGTAGTAGTTGGACCC-1","1","Syn1",1.21606556339817
"GGTAGTGAGGCACTTA-1","1","Syn1",0
"GGTATAGGTTAGACAG-1","10","Syn1",0
"GGTATATTCAGTATGT-1","14","Syn1",0
"GGTATATTCATAGGTT-1","12","Syn1",0
"GGTATATTCCACCTAT-1","2","Syn1",0
"GGTATATTCGTACTAG-1","6","Syn1",0
"GGTATCTGTGCAGCTC-1","13","Syn1",0
"GGTATGAGTAACGGTA-1","3","Syn1",1.41059015205749
"GGTATGGAGCTGGTTA-1","14","Syn1",0
"GGTATGTCACTTGAGG-1","9","Syn1",0.78952797749153
"GGTATTGTCAGCGGAA-1","4","Syn1",0
"GGTCAATCATTAGCTT-1","4","Syn1",0
"GGTCAGCCATCATCTG-1","3","Syn1",1.03726639890734
"GGTCATTGTGCATCCA-1","6","Syn1",0
"GGTCATTGTTGCATAC-1","6","Syn1",1.30965515079819
"GGTCCTGAGAATCGAA-1","16","Syn1",0
"GGTCCTGAGCTAGGGA-1","4","Syn1",0
"GGTCGAGGTTTGCGTG-1","11","Syn1",1.30385881570179
"GGTCGATTCATGTAAC-1","2","Syn1",1.81711979769788
"GGTCGCATCGTAGTAT-1","8","Syn1",0
"GGTCGGTCATCGGTTC-1","0","Syn1",0
"GGTCTAGCAATGCCGA-1","4","Syn1",0
"GGTCTAGCATCCAATT-1","7","Syn1",0.982342183637696
"GGTCTCCTCGTGCAAC-1","2","Syn1",0.452026686070969
"GGTGAACGTTGGATCT-1","0","Syn1",0
"GGTGAATAGTAGTAGA-1","2","Syn1",1.28801724273106
"GGTGAGGCAGGCAACC-1","4","Syn1",0
"GGTGAGGCAGGTTACG-1","5","Syn1",1.51769017928984
"GGTGAGGCATGAGTGT-1","1","Syn1",0
"GGTGAGGCATGAGTTA-1","4","Syn1",0
"GGTGCAGGTGAGTAAT-1","6","Syn1",1.392703431126
"GGTGCATTCATGAGTT-1","7","Syn1",1.07023883459139
"GGTGCATTCGATCAAT-1","2","Syn1",1.29248724505966
"GGTGCCTGTTATCTAG-1","5","Syn1",0
"GGTGCTTAGCGCTGCA-1","3","Syn1",0
"GGTGGATGTTCGTGCA-1","5","Syn1",1.01926796343159
"GGTGGCAGTTGAGTTC-1","5","Syn1",0.733056029837485
"GGTGGCTCAACATACA-1","8","Syn1",0
"GGTGGCTCATCGAAGT-1","8","Syn1",1.34739250373263
"GGTGGCTCATCGGGAC-1","1","Syn1",1.89601581014423
"GGTGTAAGTGACGAGT-1","3","Syn1",0
"GGTGTCCGTAACCCAT-1","4","Syn1",0
"GGTGTCCGTTCGATGT-1","0","Syn1",0
"GGTGTTGCAATCGCTC-1","4","Syn1",0
"GGTGTTGCACTCATGC-1","9","Syn1",1.67704371247923
"GGTGTTGCAGGCATTG-1","10","Syn1",0
"GGTTAAGGTTGTGGTT-1","14","Syn1",0
"GGTTAATTCATCAGGC-1","11","Syn1",0.592265955706165
"GGTTAATTCATCGTCT-1","8","Syn1",0
"GGTTAATTCCGCTACC-1","3","Syn1",0.99008935790577
"GGTTACATCATCTCTA-1","10","Syn1",2.3852642856713
"GGTTACATCGTACCGG-1","5","Syn1",1.40040867156403
"GGTTATGTCCCAATGA-1","11","Syn1",1.03897453249273
"GGTTCAATCAAGTTAC-1","5","Syn1",0.984174856667648
"GGTTCAATCCGGATAC-1","4","Syn1",0
"GGTTCTAAGAAGGGAA-1","10","Syn1",0
"GGTTGGTTCAGTACGC-1","3","Syn1",0
"GGTTGGTTCATGCAAT-1","2","Syn1",0.621807972180709
"GGTTGTCAGGATAGAC-1","15","Syn1",0
"GGTTGTCAGTACGGTC-1","12","Syn1",0
"GGTTTAGTCCCCATCA-1","5","Syn1",0.705108132420007
"GGTTTCAAGCCAGCCA-1","11","Syn1",1.28435304846867
"GTAAACCCAATCTCTG-1","2","Syn1",1.0242754343282
"GTAAACGGTTTCACTT-1","12","Syn1",0
"GTAAACTTCCTCGTGC-1","6","Syn1",0
"GTAAAGGCACTAACGG-1","2","Syn1",1.87180922821754
"GTAAATGAGCAGGTAG-1","11","Syn1",0
"GTAAATGAGGTTACGC-1","4","Syn1",0.922606955897848
"GTAACCATCAGGGATG-1","10","Syn1",0
"GTAACCTGTAACTCTA-1","3","Syn1",0.945099372322117
"GTAACCTGTCATCGCA-1","8","Syn1",0
"GTAAGCCTCAGTTAGT-1","4","Syn1",0
"GTAAGCGAGGCTCTGG-1","9","Syn1",0
"GTAAGCTCAGGCAACC-1","0","Syn1",0
"GTAAGGGTCCATCTCG-1","0","Syn1",1.03773699744912
"GTAAGTAAGCCAATCA-1","9","Syn1",1.02991522380295
"GTAAGTAAGTTACCCT-1","7","Syn1",0
"GTAATCCGTAGCGGAT-1","6","Syn1",1.02028789176194
"GTAATGAAGGTTCAAT-1","8","Syn1",0
"GTAATGAAGTCATGGC-1","0","Syn1",0
"GTAATGGGTAAGGTTG-1","10","Syn1",0
"GTAATGTTCGCGCACA-1","9","Syn1",0.851048702025144
"GTACAAGGTGGCCTGT-1","2","Syn1",0
"GTACAAGGTTTACAGC-1","0","Syn1",1.14867524473708
"GTACCAATCCCGTAGG-1","1","Syn1",0
"GTACCAATCCGGGTCA-1","0","Syn1",0.693697634698497
"GTACCAATCTGGCTAA-1","9","Syn1",0.795882918897745
"GTACCAGCAAATGGGA-1","10","Syn1",0
"GTACCAGCACTTACTG-1","12","Syn1",0
"GTACCCTCAAGCACGC-1","3","Syn1",0
"GTACGAAGTGGCTAGG-1","4","Syn1",0
"GTACGGGGTCAAGCCC-1","6","Syn1",0
"GTACGGTTCGTTACAG-1","10","Syn1",0
"GTACGTTGTATTGGAG-1","4","Syn1",0
"GTACTAACACTCAATT-1","7","Syn1",0
"GTACTAGTCATGTCTC-1","14","Syn1",0
"GTACTAGTCCTGTCGC-1","1","Syn1",0.618156990954837
"GTACTAGTCGTGCTAA-1","8","Syn1",0
"GTACTAGTCTGGATGC-1","2","Syn1",0
"GTACTCCCACTCGCTG-1","4","Syn1",0
"GTACTCCCATGACGGC-1","3","Syn1",0
"GTAGAATGTAGTAGTG-1","8","Syn1",0
"GTAGAATGTGAAGGCT-1","5","Syn1",0.827676272123092
"GTAGACTCATGAATGC-1","4","Syn1",0
"GTAGACTCATTAACTC-1","2","Syn1",1.85976982696818
"GTAGATGGTCATCCCT-1","1","Syn1",0.647320574098903
"GTAGATGGTGAGTGAC-1","16","Syn1",0
"GTAGCATCATTAGCGG-1","10","Syn1",0
"GTAGCCACACATGCAG-1","0","Syn1",0
"GTAGCCACAGCTCATC-1","10","Syn1",0
"GTAGCCCGTAGCTCGC-1","1","Syn1",0
"GTAGCCCGTGGGTATA-1","0","Syn1",0
"GTAGCGGGTCCATCAG-1","5","Syn1",0.642712440580873
"GTAGCGGGTTGCAGGG-1","0","Syn1",0.620811461217666
"GTAGCTATCAGTTCCT-1","0","Syn1",1.17600491343234
"GTAGCTTGTGCACGAG-1","2","Syn1",0.982655832858354
"GTAGCTTGTGGAGAGA-1","14","Syn1",1.44096392305322
"GTAGGATAGGGTTGGA-1","0","Syn1",1.34079178816533
"GTAGGCAAGGCGTTAC-1","2","Syn1",0.561076834132328
"GTAGGCAAGTAAGGAC-1","5","Syn1",0
"GTAGGGGCACAGGATT-1","2","Syn1",0.770213496048653
"GTAGGTAGTAACTCTA-1","5","Syn1",0
"GTAGGTAGTAGGCTGG-1","0","Syn1",0
"GTAGGTAGTGCGCAGA-1","8","Syn1",0
"GTAGGTGAGGATTGAA-1","9","Syn1",0
"GTAGGTGAGGTGCTAC-1","10","Syn1",0
"GTAGTAAAGATTAGAG-1","3","Syn1",0
"GTAGTAAAGTGCCGTG-1","2","Syn1",1.37684430009461
"GTAGTAGGTATGGCCC-1","3","Syn1",0.687298920842402
"GTAGTCGCATCCCAGT-1","4","Syn1",1.97670334482511
"GTAGTCTGTCCCGAAC-1","5","Syn1",1.06653881606624
"GTAGTGAGTTATCTCT-1","6","Syn1",0
"GTAGTTACAGCATGTG-1","3","Syn1",0
"GTAGTTACAGTTGCCT-1","13","Syn1",1.23466912725005
"GTAGTTACATGCTCGT-1","5","Syn1",0
"GTAGTTGTCCGTGGCA-1","4","Syn1",0
"GTATAGAAGAATCCTG-1","2","Syn1",0.591724734969612
"GTATAGCCAGTAAGGA-1","10","Syn1",0
"GTATCCCCACTTACAT-1","6","Syn1",0
"GTATCCCCACTTCGAC-1","1","Syn1",0.546329438417527
"GTATCCCCACTTCGGT-1","1","Syn1",1.9269522353107
"GTATCTTCATCCTATG-1","11","Syn1",0.691650547703883
"GTATGAAAGCGATTCA-1","3","Syn1",0
"GTATGCATCACCTGCC-1","0","Syn1",1.55254375705506
"GTATGCATCCTGACGG-1","0","Syn1",0.714617864956822
"GTATGGGAGGTTCGCG-1","1","Syn1",2.16584945476847
"GTATGGGAGTAAGTTC-1","2","Syn1",0.651381684123363
"GTATGGGAGTGGCAAG-1","4","Syn1",0
"GTATGGTCATGGAACT-1","0","Syn1",0
"GTATGTTAGCGCCAAT-1","0","Syn1",0
"GTATTAGCATAACTGA-1","6","Syn1",1.17492109068021
"GTATTCAGTCATCGGC-1","6","Syn1",0
"GTATTCCTCACTAGGC-1","9","Syn1",0
"GTATTGGTCCTCACCA-1","3","Syn1",0.757958512876672
"GTCAAATTCCATGCAA-1","6","Syn1",0
"GTCAAATTCGATGCCG-1","2","Syn1",1.57498802639285
"GTCAAGCTCCGGTGAT-1","0","Syn1",1.3477086834346
"GTCAATGTCCGCGACA-1","8","Syn1",0
"GTCAATGTCGATGGGA-1","2","Syn1",1.26833565852757
"GTCAATGTCGCGAGTT-1","10","Syn1",0
"GTCAATTAGCATCCTT-1","8","Syn1",0
"GTCAATTAGTTGCAGC-1","1","Syn1",1.82001773905625
"GTCACCTCATCACGAG-1","1","Syn1",0.847221677166521
"GTCACGTAGGAATTAG-1","13","Syn1",1.25850680967462
"GTCACGTAGTGGCGAA-1","11","Syn1",0.966173296993602
"GTCATAGTCGCGCGTA-1","9","Syn1",0
"GTCATATAGGTAATTC-1","2","Syn1",1.38088137543453
"GTCATCAAGCGAGACA-1","12","Syn1",0
"GTCATCAAGTAATGCT-1","6","Syn1",0
"GTCATCCCAACTGGCA-1","8","Syn1",0
"GTCATCCCACCATACC-1","0","Syn1",0.5100269016788
"GTCATTAGTAGTCCAT-1","13","Syn1",1.29954162851185
"GTCATTTCAAAGGTGA-1","8","Syn1",0
"GTCATTTCAGGTAACT-1","10","Syn1",0
"GTCCAACAGGGGATTG-1","10","Syn1",0
"GTCCAACAGTGGCCTG-1","6","Syn1",0
"GTCCAATGTTTCGCAG-1","4","Syn1",0
"GTCCAGGTCACGGACT-1","13","Syn1",0.841286216023936
"GTCCAGGTCGAATTAC-1","2","Syn1",1.071215535456
"GTCCAGGTCGACCTGG-1","2","Syn1",0.828947184925481
"GTCCAGTAGGCTCCAG-1","2","Syn1",1.80691893083543
"GTCCATCCACCTGGAA-1","0","Syn1",0
"GTCCATCCATGGCAGC-1","2","Syn1",0.501817497490933
"GTCCATGGTGGCGCTT-1","0","Syn1",0.863862835252505
"GTCCATTTCTGGATAT-1","1","Syn1",0.833299316085662
"GTCCCAAGTAGCCCGT-1","2","Syn1",0.853053271957824
"GTCCCAAGTAGTGTGA-1","7","Syn1",1.4159622216633
"GTCCCGTTCCCTCGTA-1","4","Syn1",0
"GTCCCTCAGGAATTAG-1","0","Syn1",0
"GTCCGAACATGATTGA-1","8","Syn1",0
"GTCCGATAGCCCGTCT-1","7","Syn1",0
"GTCCGATAGGATAGCG-1","7","Syn1",0
"GTCCGCAAGGTGATGG-1","5","Syn1",1.26330864204287
"GTCCGCTTCCGGGTCA-1","1","Syn1",0.772212979935868
"GTCCGCTTCGTTCACT-1","3","Syn1",1.10667684850484
"GTCCGTAGTCATGGTT-1","0","Syn1",0
"GTCCGTAGTTCGTCAG-1","1","Syn1",1.65045407920596
"GTCCGTGAGGAGTAGT-1","3","Syn1",0.828765373524396
"GTCCGTGAGGCAATCC-1","10","Syn1",0
"GTCCGTTCACTCGGTT-1","7","Syn1",0
"GTCCTAAAGGATGAGT-1","1","Syn1",0
"GTCCTATTCGCATCCC-1","10","Syn1",0
"GTCCTGCTCAGGACTC-1","3","Syn1",0
"GTCCTGCTCATCGAAT-1","3","Syn1",0.804525632623394
"GTCCTGCTCGAATCAT-1","1","Syn1",2.25980657092355
"GTCGAGGGTCAAGGGT-1","6","Syn1",0
"GTCGCCAAGATACTAC-1","13","Syn1",0
"GTCGCCAAGCCACGCA-1","2","Syn1",0.787107068321838
"GTCTAACGTTCGTAGT-1","0","Syn1",0
"GTCTACAAGCTTACGA-1","2","Syn1",1.26518620630744
"GTCTACCCACTAGGTG-1","1","Syn1",1.24302751679112
"GTCTACCCATGACTAA-1","5","Syn1",1.25868726279144
"GTCTACCCATGCTCCG-1","4","Syn1",0
"GTCTACCCATTACTCG-1","1","Syn1",0.767420025020439
"GTCTATGAGCGCATGT-1","6","Syn1",1.54037956806927
"GTCTATGAGGATTGCC-1","2","Syn1",0.90960821468975
"GTCTATGAGGCAACTC-1","7","Syn1",1.24478491004575
"GTCTCACCAAATCGTA-1","9","Syn1",0
"GTCTCCATCCATCACT-1","2","Syn1",0
"GTCTCCATCCGCCACT-1","10","Syn1",0
"GTCTCCGCATTACGGG-1","0","Syn1",0.577452459885482
"GTCTCGCTCAGCGGTT-1","4","Syn1",0
"GTCTGCCTCGATCAGC-1","7","Syn1",1.27238997055807
"GTCTGCCTCTAAGCAT-1","3","Syn1",0
"GTCTGGACAAATGCCG-1","9","Syn1",1.24522513295533
"GTCTGTCCATTCAGGG-1","6","Syn1",0
"GTGAAATGTGCAGTCC-1","4","Syn1",0
"GTGAACCTCACAGGAG-1","5","Syn1",1.43654912347323
"GTGAAGGTCACAGCCG-1","7","Syn1",0
"GTGAAGGTCATATAGC-1","3","Syn1",0.761835417796035
"GTGAATCCATGAGTTA-1","0","Syn1",1.34718181177226
"GTGAATGGTCAAGGGT-1","1","Syn1",1.70027892040295
"GTGAATGGTGGACCTC-1","3","Syn1",0.747858256552018
"GTGACGTTCCCAGGAT-1","4","Syn1",0
"GTGACGTTCGCTGAAC-1","4","Syn1",0
"GTGACTATCCTTCATA-1","7","Syn1",1.01695303149662
"GTGAGCGGTAACTTCA-1","11","Syn1",0.729534005151447
"GTGAGCGGTAATGCGA-1","3","Syn1",0
"GTGAGGATCCATCTCG-1","1","Syn1",0.726874178282872
"GTGAGTGAGAATCACT-1","1","Syn1",0
"GTGAGTGAGTCGACAC-1","4","Syn1",0
"GTGATATTCTCATCGT-1","1","Syn1",0.792890692179947
"GTGATGCTCAATTCGG-1","13","Syn1",0.604360871930128
"GTGATGGAGCCTGTGG-1","5","Syn1",0
"GTGATTGTCACGCGCA-1","10","Syn1",0
"GTGATTGTCTGGTACA-1","0","Syn1",0
"GTGATTTAGCTAATGT-1","4","Syn1",0
"GTGATTTAGTCGACAC-1","1","Syn1",0.737636889834638
"GTGCAATCAAGCATAC-1","2","Syn1",1.19813241177456
"GTGCACTAGAAGGGTT-1","4","Syn1",0
"GTGCACTAGCAAGGTG-1","2","Syn1",1.50657116365468
"GTGCACTAGCGAACCT-1","3","Syn1",1.17022453167202
"GTGCATATCCGTCCTA-1","3","Syn1",0
"GTGCATTGTTGAAGTG-1","11","Syn1",0
"GTGCATTGTTGCGTGC-1","0","Syn1",0
"GTGCCCAAGAACGAAC-1","0","Syn1",0
"GTGCGAGGTTTACACA-1","1","Syn1",1.41698711075136
"GTGCGGTCAAGCATCG-1","0","Syn1",1.07727658015076
"GTGCGGTCAGGCAATT-1","6","Syn1",0.816913920650798
"GTGCTAATCCGCAGAT-1","3","Syn1",0.825146755596255
"GTGCTAATCCTTCGGC-1","0","Syn1",0
"GTGCTCAGTCTAGTTA-1","16","Syn1",0
"GTGCTTGGTCAAGTAG-1","2","Syn1",0.939746523583073
"GTGGACAAGCTACTCT-1","3","Syn1",0.71206999940209
"GTGGACAAGGTCATGC-1","10","Syn1",0
"GTGGACAAGTGATCTG-1","2","Syn1",0
"GTGGACCCACTACCAC-1","4","Syn1",0
"GTGGATAGTCTTGCTC-1","8","Syn1",0
"GTGGATAGTGAGGTCG-1","4","Syn1",0
"GTGGCAGGTCCCGAAC-1","10","Syn1",0
"GTGGCAGGTTCGTAAC-1","5","Syn1",0
"GTGGCCATCACAGGCT-1","1","Syn1",1.23438117407211
"GTGGCCATCCATAGGC-1","2","Syn1",0
"GTGGCGAGTTGCAGGG-1","9","Syn1",0
"GTGGCGAGTTTCGCTC-1","14","Syn1",0
"GTGGGTAAGTGCAACC-1","3","Syn1",0
"GTGGGTTTCAAGTTCG-1","11","Syn1",0.694901786850427
"GTGGGTTTCCAGGTTA-1","11","Syn1",0.687987415193101
"GTGGGTTTCCTTCGTG-1","13","Syn1",0.87366436562952
"GTGGTAAGTGAAGCCG-1","1","Syn1",0.788413726539322
"GTGGTAAGTTCGGTTG-1","3","Syn1",0.7705251991316
"GTGGTAAGTTTGCCTC-1","7","Syn1",1.67492500739441
"GTGGTCCGTCAGCCTA-1","6","Syn1",0.634195315462728
"GTGGTCCGTTAGTCGT-1","16","Syn1",0
"GTGGTCCGTTGACGAA-1","0","Syn1",0.688628016113631
"GTGGTCCGTTGGGTCC-1","6","Syn1",0
"GTGGTTATCTAACCCT-1","8","Syn1",0
"GTGTAACCACATATAG-1","7","Syn1",1.19245388101025
"GTGTAAGGTCATGCTG-1","4","Syn1",0
"GTGTAGTCAAGTGGCC-1","7","Syn1",0
"GTGTAGTCAATGTATG-1","15","Syn1",0
"GTGTCCTCAATTAGGC-1","3","Syn1",0
"GTGTGAGAGCATGTGC-1","2","Syn1",1.53516743326373
"GTGTGAGAGCCATCAA-1","3","Syn1",0
"GTGTGAGAGCGAGCTT-1","3","Syn1",0
"GTGTGAGAGGCACATC-1","4","Syn1",0
"GTGTGGCCAATAGCAC-1","0","Syn1",0.865373927159306
"GTGTGGCCACCATCTA-1","2","Syn1",1.51013387714339
"GTGTGGCCATTCATGT-1","0","Syn1",0.625099833017914
"GTGTGTTGTAGCGCCT-1","16","Syn1",0
"GTGTGTTGTTAGTCGT-1","11","Syn1",0
"GTGTTACGTTGTCATA-1","5","Syn1",0.710118900766345
"GTGTTAGTCGACTGGT-1","7","Syn1",0.61349960709606
"GTGTTCAAGCGATGAG-1","12","Syn1",0
"GTGTTCCCAGTTGGGC-1","9","Syn1",0
"GTTAACTAGTCAAGGG-1","11","Syn1",1.2051797110929
"GTTAAGCCATGATTAG-1","0","Syn1",1.69061629995442
"GTTAAGGGTAAGCTAG-1","2","Syn1",0
"GTTAATGCAAATCAGC-1","1","Syn1",0
"GTTACCCCAACCAGAT-1","3","Syn1",0
"GTTACCCCACAGCGGT-1","1","Syn1",0
"GTTACCCCAGCTCAAG-1","0","Syn1",0.613227895936702
"GTTACCTTCCCATTCG-1","5","Syn1",0.788675605672862
"GTTACTTCAAAGGAGC-1","0","Syn1",0
"GTTACTTCAGTAAGGA-1","6","Syn1",1.76207461875812
"GTTACTTCATCACGAG-1","0","Syn1",0
"GTTACTTCATGCTCCG-1","8","Syn1",0
"GTTAGCATCGCTCACC-1","4","Syn1",0
"GTTAGCATCGTGATGC-1","1","Syn1",0.845625174196027
"GTTAGGCTCGACCTAA-1","7","Syn1",0
"GTTAGGCTCGATGATT-1","3","Syn1",1.34006294480711
"GTTAGGCTCGTGAGGA-1","2","Syn1",0
"GTTAGGGAGCGAGAGC-1","2","Syn1",0
"GTTAGGTCACTCGCAT-1","11","Syn1",1.08351022882783
"GTTAGTTAGGATTAGA-1","10","Syn1",0
"GTTAGTTAGTCATTGG-1","6","Syn1",1.37824862613573
"GTTATCAGTTAAGGAT-1","14","Syn1",0
"GTTATCCTCTAACCAG-1","12","Syn1",0
"GTTATCCTCTGGCACG-1","13","Syn1",0.666827344113981
"GTTCAATAGGAACTGG-1","4","Syn1",0
"GTTCAATAGGTAAGGT-1","0","Syn1",0.913569397638907
"GTTCACAAGCATTCAG-1","11","Syn1",1.21486984695108
"GTTCACAAGTAGCTCA-1","8","Syn1",0
"GTTCACCCACCATACC-1","6","Syn1",0
"GTTCACCCATTCAGGG-1","11","Syn1",1.10276278331292
"GTTCACTTCGCTAATG-1","0","Syn1",1.14202478160342
"GTTCAGGCATGGTCAG-1","1","Syn1",0.9862784009212
"GTTCATGAGCGATAGG-1","4","Syn1",0
"GTTCATTCAACCTCGT-1","2","Syn1",0.890720516111786
"GTTCCAAAGAACCTGC-1","0","Syn1",0.787629184918103
"GTTCCAAAGCCAGGTT-1","6","Syn1",0
"GTTCCAAAGGTAGGAT-1","15","Syn1",0
"GTTCCAAAGGTTGAGG-1","7","Syn1",0.754659660642424
"GTTCCCTGTTAATCTG-1","9","Syn1",0
"GTTCGAATCATGTCCT-1","9","Syn1",0.78554507455385
"GTTCGATGTTCAAGCT-1","0","Syn1",0.711488777223892
"GTTCGATGTTTGGGCC-1","0","Syn1",0
"GTTCGTCCATAAGCAC-1","7","Syn1",1.38600942878939
"GTTCGTCCATAATCGA-1","6","Syn1",0
"GTTCGTCCATCCATCA-1","9","Syn1",0
"GTTCGTTTCATCGTAG-1","2","Syn1",1.10654137200533
"GTTCGTTTCATGCTCT-1","9","Syn1",1.12313370036816
"GTTCGTTTCCCATTCG-1","3","Syn1",0.971039901817537
"GTTCTAAGTGGCGTAG-1","0","Syn1",0.830587288770975
"GTTCTAAGTTATCGCG-1","10","Syn1",0
"GTTCTCACATTGGCGA-1","10","Syn1",0
"GTTGAAGGTCATCAGT-1","8","Syn1",0
"GTTGAAGGTTAGCATC-1","10","Syn1",0
"GTTGAGGAGCTTACAG-1","8","Syn1",0
"GTTGATTAGGAGTCAG-1","4","Syn1",0
"GTTGCAATCTATGAGT-1","4","Syn1",1.95870423781931
"GTTGCCCTCAGGTTGC-1","8","Syn1",0
"GTTGCCCTCCGCTGAG-1","12","Syn1",0
"GTTGCCCTCGTGCTCC-1","9","Syn1",0
"GTTGCCTCACTATGCC-1","14","Syn1",1.82698565383757
"GTTGCCTCAGGATCTG-1","10","Syn1",0
"GTTGCTGGTATGTGTC-1","5","Syn1",1.13145969537305
"GTTGCTGGTTATCGCG-1","7","Syn1",0.693497364410043
"GTTGGGTTCCTCATGT-1","8","Syn1",0
"GTTGTACGTTAATCCA-1","7","Syn1",1.37104045557731
"GTTGTACGTTATCCGG-1","2","Syn1",1.60064292077695
"GTTGTACGTTCGGTTG-1","12","Syn1",0
"GTTGTGATCAGGCAGA-1","8","Syn1",0
"TAAACCACAATCGCCT-1","5","Syn1",1.90305732516816
"TAAACCACATCCCGTG-1","3","Syn1",0.560947603482526
"TAAACCACATGGTAAC-1","15","Syn1",0
"TAAACGAAGCCTAGCG-1","6","Syn1",0
"TAAACGAAGGTATCGC-1","6","Syn1",1.14610724832095
"TAAACGGGTTGGAGCG-1","8","Syn1",0
"TAAATCGCAGTAATTG-1","2","Syn1",0
"TAAATCGCATGGATCG-1","3","Syn1",0
"TAAATCGCATTAGCGG-1","5","Syn1",0.901490497096284
"TAACACTAGCCTCTGC-1","2","Syn1",1.2849200801299
"TAACACTAGTCGAGTC-1","7","Syn1",0.986120298364042
"TAACAGCCAGGTTACG-1","8","Syn1",0
"TAACCAACAAAGGATG-1","13","Syn1",0.466158428957076
"TAACCAACAATATCAG-1","5","Syn1",0
"TAACCAACACATTGAA-1","10","Syn1",0
"TAACCAACATGACGAT-1","0","Syn1",1.40048545489887
"TAACCAACATTGCCAC-1","7","Syn1",0.455799402555091
"TAACCATAGCTTAGTG-1","10","Syn1",0
"TAACCCTTCTGGCCGA-1","1","Syn1",1.38194145153317
"TAACCGATCACAGCGT-1","2","Syn1",0
"TAACCTAGTTGCTCTC-1","4","Syn1",0
"TAACGAAAGTCAGTCA-1","4","Syn1",0
"TAACGAGGTAACTGCT-1","7","Syn1",1.23479875544843
"TAACGAGGTGATGATG-1","12","Syn1",0
"TAACGAGGTTAGACGA-1","5","Syn1",1.96950518410711
"TAACGAGGTTGCGCGT-1","6","Syn1",0.750209365486756
"TAACGATTCCGCTAGG-1","3","Syn1",1.12145678705031
"TAACGCGCACCTCAAC-1","2","Syn1",0.557098882824992
"TAACGGCTCAGGACGA-1","6","Syn1",0
"TAACGGCTCCCATAGA-1","6","Syn1",0
"TAACGGTCACAGCACA-1","3","Syn1",0
"TAACGGTCATCATATC-1","14","Syn1",0
"TAACGGTCATCGCTAC-1","8","Syn1",0
"TAACTCCTCAGGCTTA-1","3","Syn1",0
"TAACTCCTCCATCGAA-1","0","Syn1",1.34683082637858
"TAACTCCTCGATGCAC-1","8","Syn1",0
"TAACTGACATAATCTC-1","6","Syn1",0
"TAACTGACATGGAATC-1","14","Syn1",0
"TAACTGGTCAAGTTAC-1","2","Syn1",0
"TAACTGGTCCATTGCT-1","2","Syn1",1.02818160241153
"TAACTGGTCCTGATGA-1","1","Syn1",0.774475460782418
"TAACTTGGTTGCCCAA-1","10","Syn1",0
"TAAGCAAAGGATGGCA-1","2","Syn1",1.33268706797458
"TAAGCAAAGGCGATAG-1","5","Syn1",2.20886432822489
"TAAGCACCAAAGGTCT-1","8","Syn1",0
"TAAGCACCAAGTCGGC-1","5","Syn1",1.22275990717636
"TAAGCACCAGCATGGC-1","5","Syn1",0
"TAAGCAGGTCTGTGTG-1","0","Syn1",0
"TAAGCCATCACATAGT-1","5","Syn1",1.15347836875405
"TAAGCCTGTATGGTGA-1","1","Syn1",1.48984912367515
"TAAGCGAGTCTTGGGC-1","2","Syn1",0
"TAAGCGAGTTCGGCGT-1","1","Syn1",0.800855496464382
"TAAGCGCTCCCGTGCT-1","4","Syn1",0
"TAAGGATGTTATGCTA-1","1","Syn1",0
"TAAGGATGTTGCACTG-1","4","Syn1",0
"TAAGGCGAGGATTGCC-1","2","Syn1",1.16025301220503
"TAAGTCACAACGGCTA-1","1","Syn1",0.83937702689576
"TAAGTCCGTCAGTTAC-1","13","Syn1",0.808783445587906
"TAAGTGAAGTGAGATA-1","6","Syn1",0
"TAATAGCTCGTCTAAG-1","9","Syn1",1.05359290845531
"TAATAGCTCGTTAGCA-1","2","Syn1",0
"TAATCACAGGGCTAAG-1","2","Syn1",1.80225274494389
"TAATCAGCAGGAATGA-1","8","Syn1",0
"TAATCAGCATGGATTA-1","4","Syn1",0
"TAATCAGCATTCATGT-1","0","Syn1",0.704642144626978
"TAATCCCTCCTGAGTA-1","10","Syn1",0
"TAATCCTCAATATCCT-1","1","Syn1",1.27647372728505
"TAATGGGGTCAGCGGA-1","2","Syn1",1.55115592066819
"TAATGGTTCCTGACTT-1","2","Syn1",0.571114002824677
"TAATGGTTCGATGGGA-1","2","Syn1",0.86561303381971
"TAATGTCAGCTATCTC-1","1","Syn1",1.36939775801214
"TAATGTCAGTCGAGAG-1","6","Syn1",0.78606501472565
"TAATTCCCATTAGCCC-1","1","Syn1",2.12148181344276
"TACAACTAGGCAAGGC-1","4","Syn1",0
"TACAACTAGTCGCACG-1","7","Syn1",1.13490956728993
"TACAAGGGTGAGGCTG-1","6","Syn1",0
"TACAAGGGTGCACGTC-1","7","Syn1",0
"TACAAGGGTGGGAACT-1","4","Syn1",0
"TACAAGGGTTGTGCCA-1","1","Syn1",1.08597388979639
"TACAATGCATTGCGCT-1","3","Syn1",1.43838478267938
"TACACAACAGCTCAGA-1","3","Syn1",0
"TACACCGGTAGCGGTG-1","0","Syn1",0
"TACACCGGTGAGCCCT-1","6","Syn1",1.51593136452463
"TACACCTTCTGGGCTG-1","0","Syn1",0
"TACAGATTCCTTAGCT-1","4","Syn1",0
"TACAGATTCGTTCACT-1","14","Syn1",0
"TACAGCCAGATTGCCA-1","5","Syn1",0
"TACAGCCAGCAATTAC-1","1","Syn1",1.37635936108598
"TACAGCCAGGATCCCG-1","4","Syn1",0
"TACAGCGCATGATCGG-1","0","Syn1",1.60180185878519
"TACAGGGAGAAGCTCC-1","3","Syn1",0
"TACAGTTAGATTGCCA-1","4","Syn1",0
"TACAGTTAGCTGGCAT-1","12","Syn1",0
"TACAGTTAGGCTCCAG-1","12","Syn1",0
"TACATAGCAATGCGTG-1","9","Syn1",0.841248692602751
"TACATAGCACTTCAGC-1","9","Syn1",0.871555746938999
"TACATGACAGGTTCGA-1","3","Syn1",0.96571974381628
"TACCAAGTCACCCTTG-1","3","Syn1",0.631792731212041
"TACCAATAGCGCCACA-1","4","Syn1",0
"TACCAATAGTGGCGAA-1","1","Syn1",0
"TACCACAAGAAGCTAA-1","8","Syn1",0
"TACCACAAGCCAGTCG-1","9","Syn1",1.73033175497897
"TACCACGGTGCAGTCC-1","2","Syn1",1.11638993151452
"TACCACGGTTTGGATC-1","6","Syn1",0
"TACCAGGCATTGCCGT-1","16","Syn1",0
"TACCATGAGTAGACTT-1","9","Syn1",0
"TACCATTCAAAGGTAG-1","15","Syn1",2.35105865117698
"TACCCATTCCTGCCAC-1","15","Syn1",0
"TACCCCTGTCAACCTG-1","9","Syn1",1.55826798497697
"TACCGCCTCCAACTAG-1","7","Syn1",0.40559848590096
"TACCGTCCAGTAATCA-1","0","Syn1",0.606060055749923
"TACCTAGAGTTAGGAA-1","13","Syn1",1.41706601978664
"TACCTCACAATACCGG-1","2","Syn1",1.07099481969502
"TACCTCACATCATCGC-1","3","Syn1",1.1132915754576
"TACCTGAAGCATGCAC-1","0","Syn1",0
"TACCTGAAGCCATGAC-1","1","Syn1",1.3532695246749
"TACGAACCAAATGCAC-1","9","Syn1",0
"TACGAAGGTTGCTATA-1","0","Syn1",0
"TACGAGGAGCGCCAAT-1","16","Syn1",0
"TACGAGGAGGTACTTG-1","3","Syn1",0.760740844195978
"TACGCAATCCAGAGCT-1","11","Syn1",1.20857349434163
"TACGCAATCGATGCGT-1","5","Syn1",0
"TACGCAATCTATCCAC-1","13","Syn1",0.459056953093831
"TACGCAATCTGGGATC-1","6","Syn1",1.49278393904348
"TACGCATGTGCATTAC-1","5","Syn1",0
"TACGCATGTTGTAGTC-1","4","Syn1",0
"TACGCCCTCATGCCGG-1","7","Syn1",1.27946242960824
"TACGCCTCACCTGTGT-1","7","Syn1",1.63065089065047
"TACGCTAAGCCGCACA-1","1","Syn1",0.585873093914756
"TACGCTAAGGTGCATC-1","0","Syn1",0
"TACGCTGGTAGGTCGG-1","7","Syn1",0.787759827857132
"TACGCTGGTCAAGCCC-1","13","Syn1",1.10289724434061
"TACGCTGGTTCGTCTC-1","1","Syn1",0.863823145314266
"TACGGTCAGCCCTTCA-1","4","Syn1",0
"TACGGTCAGCCTCTGC-1","1","Syn1",1.51662505632206
"TACGGTCAGCTGGATC-1","0","Syn1",0
"TACGGTCAGCTTACAG-1","2","Syn1",0.522505704155364
"TACGGTCAGTTACGCA-1","5","Syn1",0.881130747804826
"TACGGTTGTCTGGTTG-1","1","Syn1",0.677617249846895
"TACGTAGTCCCAGGCA-1","0","Syn1",0
"TACGTAGTCCTGCCAC-1","2","Syn1",0
"TACGTCAAGCAAGGAT-1","15","Syn1",0
"TACGTCAAGCCGACAT-1","3","Syn1",1.45088903063211
"TACGTCAAGGTTCCTT-1","7","Syn1",1.48359823853028
"TACTACCTCACAGAGG-1","6","Syn1",1.28183975610872
"TACTATGGTCTGGTTG-1","2","Syn1",1.55340041464118
"TACTCATCAAGTTCCC-1","3","Syn1",1.02023117096423
"TACTCATCATCGTTCA-1","6","Syn1",0
"TACTCCACATGGCCTT-1","1","Syn1",0.49976887192617
"TACTCCACATTCATGT-1","5","Syn1",0
"TACTGATAGGTAAGGT-1","14","Syn1",0
"TACTGATAGGTAGGTG-1","1","Syn1",1.16503795368532
"TACTGTGAGAAGCGTG-1","15","Syn1",1.67775140648335
"TACTGTGAGCATATAC-1","11","Syn1",0.554090179556754
"TACTGTGAGCCTGATA-1","1","Syn1",0
"TACTGTGAGGTCATAT-1","5","Syn1",1.0119112421033
"TACTGTGAGTAGGTAA-1","6","Syn1",0
"TACTGTTCACAAGCGC-1","12","Syn1",0
"TACTGTTCATTCGCGT-1","4","Syn1",0
"TACTTAGGTCAATTCA-1","1","Syn1",0
"TACTTAGGTTGACGTT-1","6","Syn1",0
"TACTTCATCATCACGA-1","0","Syn1",0
"TACTTCATCCTTCGGC-1","4","Syn1",0
"TAGCAAGGTATGGTAG-1","3","Syn1",0
"TAGCAAGGTGAGGCTG-1","11","Syn1",0.905595759618656
"TAGCACGCAATCGCCT-1","5","Syn1",0
"TAGCAGTCATGCAGAT-1","5","Syn1",0.835364141503531
"TAGCCAGCAAAGGTGA-1","4","Syn1",0
"TAGCCAGCACTTGATT-1","5","Syn1",0.979373255084105
"TAGCCCTCACCAATCC-1","10","Syn1",0
"TAGCGAAGTTAGGCCC-1","6","Syn1",1.11957684630102
"TAGCTAGTCTGGCCCT-1","0","Syn1",0.852898718991346
"TAGCTCAAGCCCTTCA-1","2","Syn1",0.576904481547381
"TAGCTCAAGGGGATCA-1","7","Syn1",0
"TAGCTCAAGTGCGGTT-1","14","Syn1",0
"TAGGAGTAGTTGGTGC-1","5","Syn1",0.890847622152061
"TAGGATGGTCATGAAG-1","11","Syn1",0.894080584548499
"TAGGCAAGTGATCAAG-1","11","Syn1",1.20245827033806
"TAGGCAAGTTGGGCCT-1","5","Syn1",0.879560640754181
"TAGGCCACAAGCTCTC-1","3","Syn1",1.44752148189061
"TAGGCTTGTTGGAATG-1","11","Syn1",0.678811946450409
"TAGGGCTTCCCCAACC-1","0","Syn1",1.50493352789445
"TAGGGTGAGGTGCGAA-1","1","Syn1",0.745289776537941
"TAGGGTGAGTAACGAA-1","3","Syn1",0
"TAGGGTTCACCAATCC-1","4","Syn1",0
"TAGGTAGGTAAGGACC-1","5","Syn1",0.969818305867544
"TAGGTAGGTCTTGCCT-1","7","Syn1",0
"TAGGTGAGTTGGCGCT-1","14","Syn1",0
"TAGGTGGAGCAGGGTA-1","3","Syn1",0
"TAGGTTACAAGCTATA-1","14","Syn1",1.33344104993277
"TAGGTTACAGGCTATG-1","5","Syn1",1.20110269414488
"TAGTACCGTTGGGTCC-1","5","Syn1",0
"TAGTAGCCAGCTAACG-1","7","Syn1",1.00138879350535
"TAGTCCCCAAGGGAAC-1","3","Syn1",0
"TAGTGCATCGCTGGCA-1","2","Syn1",0.977404698748076
"TAGTGGGAGCTAGCCG-1","6","Syn1",0
"TAGTGGGAGGTACGTC-1","3","Syn1",0.888649905863654
"TAGTGTTAGCGATGGA-1","4","Syn1",0
"TAGTTAGCAAGGTCCA-1","2","Syn1",0
"TAGTTAGCATGATATG-1","1","Syn1",0
"TAGTTCCTCCAACCTT-1","8","Syn1",0
"TAGTTTCCAAATGAGG-1","7","Syn1",0.660025433908088
"TAGTTTCCAACTAGAC-1","12","Syn1",0
"TAGTTTGGTTCGAGCC-1","4","Syn1",2.51842307311847
"TAGTTTGGTTGTCTCC-1","0","Syn1",0
"TATACGTAGCATGGCT-1","8","Syn1",0
"TATACGTAGGTCCCGA-1","0","Syn1",0
"TATACGTAGTCAGGAG-1","13","Syn1",0.992647725876242
"TATAGGGGTTAGTGCT-1","3","Syn1",0
"TATAGGGGTTGGATAG-1","0","Syn1",0.781475661591399
"TATAGGTTCATGCACA-1","7","Syn1",1.30729025294631
"TATAGTCAGCGCCTAG-1","1","Syn1",1.89569524800886
"TATAGTCAGCTTCCAT-1","5","Syn1",0
"TATAGTCAGGGTATCC-1","1","Syn1",0
"TATCACCTCCAACCGG-1","2","Syn1",1.40988784629158
"TATCACCTCCACCGTC-1","5","Syn1",0.829893964635507
"TATCATCCAATCTCCA-1","8","Syn1",0
"TATCCAAGTAAGGGCT-1","1","Syn1",0
"TATCCAAGTATAGCAG-1","5","Syn1",0.989186682169348
"TATCCAAGTCTCCAAG-1","7","Syn1",1.38404857103064
"TATCCATCATCGACTC-1","13","Syn1",1.08282087526486
"TATCCCACAAGCGGAG-1","4","Syn1",0
"TATCCCACATTCGTCA-1","6","Syn1",0
"TATCCGCCAATCTCTG-1","6","Syn1",0.563706965238954
"TATCCGGGTAACCCAT-1","8","Syn1",0
"TATCCGGGTAAGGACC-1","3","Syn1",0
"TATCCGTTCACGTTGA-1","1","Syn1",0.783407939094769
"TATCCGTTCTAAGCCA-1","6","Syn1",0
"TATCCTTGTTGCGGAG-1","13","Syn1",1.32882965543042
"TATCGAACATTAGCGG-1","4","Syn1",0
"TATCGCTTCCCGCTGT-1","8","Syn1",0
"TATCGCTTCCGCGTCT-1","2","Syn1",1.02387515761043
"TATCGGGCATGGTATA-1","5","Syn1",1.08851519239163
"TATCGTAGTTGACTCG-1","10","Syn1",0
"TATCGTTCAAGCTATA-1","2","Syn1",0.85842196119403
"TATCTCATCCATCTAC-1","3","Syn1",0
"TATCTGCTCCCATGCC-1","9","Syn1",0
"TATCTGCTCGTGCGTG-1","4","Syn1",0.694349344599737
"TATCTTGTCCGTGCAG-1","12","Syn1",0
"TATGACTAGAAGGTGT-1","1","Syn1",1.48998222932703
"TATGAGAAGTGGCTCG-1","14","Syn1",0
"TATGATGCATCCATAT-1","10","Syn1",0
"TATGCAACACCAGGAC-1","3","Syn1",1.0057121484899
"TATGCAACATCCTGCG-1","7","Syn1",1.00730936544268
"TATGCTAGTTCGCAGC-1","0","Syn1",0
"TATGGCCAGCCGACCA-1","5","Syn1",0
"TATGGCCAGGTTGCTA-1","1","Syn1",0
"TATGGTTAGGAACTGG-1","7","Syn1",1.35141006662396
"TATGGTTAGGCTACCG-1","14","Syn1",0
"TATGGTTAGGGGATTG-1","2","Syn1",0
"TCAAAGCCATGGATAC-1","8","Syn1",0
"TCAAATGCACCTTCCC-1","0","Syn1",0.944714856304272
"TCAAATGCAGGGACGA-1","5","Syn1",1.0018247702185
"TCAAATGCATTCCTCT-1","4","Syn1",0
"TCAACATAGTGAAGCG-1","6","Syn1",0.692947240541285
"TCAACCAAGTATGAGA-1","4","Syn1",0
"TCAACCTTCAAGTCCA-1","2","Syn1",0.466424103859131
"TCAATCCTCATCATCC-1","5","Syn1",0
"TCAATCTCATCCTCGG-1","1","Syn1",1.16613962724289
"TCAATTGGTTCGGGCT-1","0","Syn1",0
"TCACAATAGGTGGACA-1","7","Syn1",1.14042974413917
"TCACACAAGCTTAACG-1","0","Syn1",1.41117602749663
"TCACACCCAGTACCAG-1","0","Syn1",0
"TCACAGGCAATCTATC-1","12","Syn1",0
"TCACATAGTGGGTCTC-1","1","Syn1",0.623810932752377
"TCACATAGTTACACTA-1","0","Syn1",0.980933431615619
"TCACATGAGGCATTCA-1","5","Syn1",0
"TCACATGAGGTATAGA-1","6","Syn1",0
"TCACATTCAAGCTCAG-1","1","Syn1",0.944330675943774
"TCACATTCAGGGCTTA-1","0","Syn1",1.13003892772209
"TCACCAAAGTTAGCGC-1","2","Syn1",1.35218855367574
"TCACCATTCCGGATAC-1","9","Syn1",0
"TCACCCTGTGAAGGAG-1","4","Syn1",0
"TCACGAATCCCGCTTA-1","6","Syn1",0
"TCACGACAGCTATCCT-1","10","Syn1",0
"TCACGATGTCAAGGGT-1","3","Syn1",0
"TCACGCCTCATCGTCT-1","4","Syn1",0
"TCACGCCTCATGTAAC-1","9","Syn1",0
"TCACGGACACAGGGCT-1","0","Syn1",1.48692787133448
"TCACGGACAGGTTCCT-1","0","Syn1",0
"TCACGGACAGGTTGGC-1","11","Syn1",1.73454615558024
"TCACGGACAGTTAGGT-1","6","Syn1",0.962857849555641
"TCACGTAAGCCATTGA-1","4","Syn1",0
"TCACGTAAGGATTAGA-1","6","Syn1",1.58216563210548
"TCACGTAAGGGTAGCA-1","2","Syn1",0
"TCACGTAAGTACGGGA-1","7","Syn1",0.668399877487963
"TCACGTAAGTGAGCCT-1","7","Syn1",0.610716663619282
"TCACGTCCAACCGTAG-1","6","Syn1",1.54379735635054
"TCACGTCCAGGCAAGG-1","8","Syn1",0
"TCACGTTTCGTGAGAG-1","0","Syn1",0
"TCACTCACACCATGCT-1","5","Syn1",0.667381479127859
"TCACTCACAGGGACTC-1","5","Syn1",0.880882439811454
"TCACTGTTCGAATCCA-1","9","Syn1",1.7101898634577
"TCACTGTTCGTGAGTC-1","4","Syn1",0
"TCACTTATCGTTCACT-1","14","Syn1",1.09028221273291
"TCAGAGGAGCAAGTCC-1","10","Syn1",0
"TCAGAGGAGGTTACGC-1","3","Syn1",0.831172091017469
"TCAGCATGTAACCACT-1","7","Syn1",0
"TCAGCATGTCTTGGTG-1","2","Syn1",0.874233924806939
"TCAGCCAGTCTCAGTG-1","8","Syn1",0
"TCAGCTAAGTAGTGCC-1","1","Syn1",0.707030621198177
"TCAGGTCAGGGTATCC-1","14","Syn1",0
"TCAGGTTGTCATCCCT-1","0","Syn1",0.849436898635953
"TCAGGTTGTGCGGTCT-1","8","Syn1",0
"TCAGTATAGGTAAGCG-1","4","Syn1",0
"TCAGTATAGGTAGTAA-1","4","Syn1",0
"TCAGTATAGTGACGGA-1","1","Syn1",0
"TCAGTCAAGATAGGTA-1","0","Syn1",0
"TCAGTCAAGTCAGGTC-1","5","Syn1",1.13409854697224
"TCAGTTAGTAAGCCAA-1","0","Syn1",0
"TCATAGGTCCATGCCC-1","7","Syn1",1.02617852822578
"TCATAGGTCCGTAGCG-1","6","Syn1",0.741126367719292
"TCATAGGTCCTCTCGA-1","13","Syn1",1.0875362260689
"TCATATGGTTGACGCC-1","2","Syn1",0.97129481842741
"TCATCATCAACGGCTA-1","1","Syn1",1.52133422324707
"TCATCGAAGTACCATG-1","0","Syn1",1.15169973201894
"TCATCGCCAAGCTGGC-1","14","Syn1",1.09854562644557
"TCATCTATCATACAGT-1","7","Syn1",0.706197936755436
"TCATCTATCATGGCTA-1","7","Syn1",1.17160605457843
"TCATCTATCGCTCTGC-1","9","Syn1",0
"TCATGCTTCACGTACA-1","2","Syn1",0.705574762324705
"TCATGCTTCCAGGTTA-1","4","Syn1",0
"TCATGCTTCCATAGTG-1","4","Syn1",0
"TCATGGATCAGGACTC-1","2","Syn1",1.02358945358852
"TCATGGATCCATCAAG-1","10","Syn1",0
"TCATGGATCGATAGCC-1","2","Syn1",1.2992506618121
"TCATGGATCGTTACCT-1","1","Syn1",1.55997283535263
"TCATGGGCATTCCTAG-1","4","Syn1",0
"TCATGTGAGCTGGTTA-1","2","Syn1",0.463803045557384
"TCATGTTCACTAGCTC-1","5","Syn1",0
"TCATTAGGTAAGCGTA-1","0","Syn1",1.59990646616855
"TCATTAGGTCTAAGCT-1","0","Syn1",0.794284113876849
"TCATTCATCACATGCA-1","4","Syn1",0
"TCATTCATCTAGCCAA-1","7","Syn1",0.637015312979844
"TCATTCGCAAAGGACA-1","10","Syn1",0
"TCATTCGCACCATCTA-1","14","Syn1",0
"TCATTCGCAGTTGCCT-1","3","Syn1",1.05899638610344
"TCATTGCTCACAGGTC-1","1","Syn1",1.03429669015448
"TCATTGCTCACCACTT-1","13","Syn1",1.18467753808702
"TCATTGCTCGATGATT-1","14","Syn1",0
"TCATTGCTCTAGCTTC-1","7","Syn1",1.10249396935516
"TCCAAAGTCGCTCACC-1","10","Syn1",0
"TCCAACCCACTTGGTC-1","7","Syn1",1.35268449084121
"TCCAACTTCAGTATGT-1","2","Syn1",1.16231273074364
"TCCAACTTCTGGGCAT-1","3","Syn1",0.990567966045884
"TCCAATAGTGAGCCAG-1","1","Syn1",0.645546784526102
"TCCAATGAGCCACATA-1","7","Syn1",1.60783982979275
"TCCAATGAGGATCCGT-1","1","Syn1",1.58278012062689
"TCCAATGAGTGAGTCC-1","1","Syn1",0.737124953312686
"TCCAATGAGTTAGCTG-1","0","Syn1",1.83556961857798
"TCCAATGAGTTGCTGA-1","1","Syn1",1.17615992690772
"TCCAATTCAGTACTAA-1","3","Syn1",1.4299857252053
"TCCAATTCATAGGGTT-1","3","Syn1",0.450617913777321
"TCCAATTCATTAGGCG-1","3","Syn1",0
"TCCACACCAACTAGCG-1","1","Syn1",0
"TCCACATTCTAGCTCT-1","3","Syn1",0.67505154134594
"TCCACCGCAACCAAGT-1","2","Syn1",0
"TCCACCGCATAGAGCT-1","0","Syn1",0.926967179030767
"TCCACTTAGGCGTAGA-1","4","Syn1",0
"TCCAGCTCAAATCCAA-1","5","Syn1",1.77984563031155
"TCCAGCTCAAGCTCCT-1","5","Syn1",1.14398908843422
"TCCAGGTAGGGGATTG-1","10","Syn1",0
"TCCAGGTAGGTAATCT-1","15","Syn1",0
"TCCAGTAAGCCCTGTC-1","0","Syn1",0
"TCCATAGAGGTTAGGG-1","14","Syn1",0
"TCCATCCGTAATCGTC-1","6","Syn1",0.725771881295418
"TCCATGAAGCGATGTC-1","0","Syn1",0
"TCCATGGGTGGAAGTC-1","14","Syn1",1.41234947486722
"TCCATTGCAATGTCGG-1","0","Syn1",1.81936793330905
"TCCATTGCAGGTAGTT-1","11","Syn1",0
"TCCATTGCATAATCAG-1","9","Syn1",0.872446533495977
"TCCCAACCAACGTGAT-1","8","Syn1",0
"TCCCAACCAAGGTGCC-1","2","Syn1",1.0693583257856
"TCCCAACCAATCCTCA-1","0","Syn1",1.42861707986258
"TCCCAACCATTCATCG-1","13","Syn1",0
"TCCCAAGGTCAACCAT-1","15","Syn1",0
"TCCCAAGGTGCGGTCT-1","2","Syn1",0.756455297842595
"TCCCAGCTCCCTGGCT-1","5","Syn1",0.693647555851847
"TCCCCAATCGACTTGA-1","1","Syn1",1.84343530581253
"TCCCCTAAGGATTCAT-1","2","Syn1",0.41316039388479
"TCCCCTGGTGAGGTGT-1","7","Syn1",1.82735041433076
"TCCCCTGGTGATGACA-1","12","Syn1",0
"TCCCCTGGTTGGTCAT-1","10","Syn1",0
"TCCCGAAGTTCGTCCT-1","2","Syn1",1.2515143730029
"TCCCGATCAGTTAGTA-1","5","Syn1",1.05341044999307
"TCCCGTTGTATAGCTC-1","3","Syn1",0.988815508732518
"TCCCTCAAGGTAGGCA-1","4","Syn1",1.63687268336829
"TCCCTCAAGTGAGGAT-1","5","Syn1",0
"TCCCTTAGTTCGGCTA-1","0","Syn1",1.4121146041789
"TCCCTTGAGCGGTTAC-1","6","Syn1",1.68439200995886
"TCCTAATCAACTTACT-1","1","Syn1",0.727924602252581
"TCCTAATCAAGCGTTG-1","1","Syn1",1.36247554333533
"TCCTAATCATGAAGTC-1","10","Syn1",0
"TCCTAGAAGGAGGCAC-1","6","Syn1",1.66089663744904
"TCCTAGAAGGATTACT-1","3","Syn1",1.13999558883402
"TCCTAGAAGTAGAGGT-1","3","Syn1",0.893397884415755
"TCCTATATCACGGAAG-1","9","Syn1",0
"TCCTATTGTAATCGCT-1","1","Syn1",0.907002417845982
"TCCTCAACAAATCCAA-1","9","Syn1",0.793885467925677
"TCCTCGATCCATCACT-1","14","Syn1",1.20507058901348
"TCCTCTTCAACTTCGC-1","12","Syn1",0
"TCCTCTTCAATCAGGT-1","5","Syn1",0.597146459306932
"TCCTCTTCAGGGCAGA-1","11","Syn1",0.718529385587513
"TCCTGACCAGGGACGA-1","6","Syn1",1.35974347987893
"TCCTGGTCAATGTATG-1","3","Syn1",0.644427143331616
"TCCTGGTCATAGGGCC-1","5","Syn1",1.19711012321423
"TCCTGTTAGCATGGTC-1","1","Syn1",0.96426140763678
"TCCTGTTAGGGGATTG-1","3","Syn1",0
"TCCTTAATCAGCAGAG-1","5","Syn1",0
"TCCTTATGTGGACCGA-1","5","Syn1",1.532150287363
"TCCTTCTCAAGCGTAT-1","5","Syn1",1.20613547284867
"TCCTTGGTCATCTGTC-1","2","Syn1",0.755376843344395
"TCCTTTGGTATGGTCT-1","8","Syn1",0
"TCGAATGTCCCGCTGT-1","4","Syn1",0
"TCGACACAGGTGCGAA-1","12","Syn1",0
"TCGACACAGTTAGGCC-1","0","Syn1",1.27721941973416
"TCGACCAGTGGGTACG-1","12","Syn1",0
"TCGACCTCAATATCCT-1","4","Syn1",0
"TCGACCTCATAAGGTC-1","10","Syn1",0
"TCGACCTCATAGGCGC-1","1","Syn1",0.538312866028544
"TCGACGTAGCTGGAAG-1","7","Syn1",0.754719371402802
"TCGACTAAGGGGATGC-1","2","Syn1",0
"TCGAGGTTCTATGTGG-1","13","Syn1",1.40947854254162
"TCGATAGTCTAGTGCA-1","11","Syn1",0
"TCGATATAGGTAAGTA-1","0","Syn1",1.14845463142234
"TCGATATAGTTACCGA-1","5","Syn1",1.17422552020476
"TCGATCAAGGTAATCT-1","9","Syn1",0
"TCGATCAAGTTGCGAC-1","1","Syn1",0
"TCGATTGAGGCGCATT-1","8","Syn1",0
"TCGCAAATCCTCAGTT-1","1","Syn1",1.20786012392969
"TCGCAAATCGACCTGG-1","0","Syn1",1.45523977410108
"TCGCAAATCGAGCACT-1","2","Syn1",0
"TCGCAAATCTGGGAAG-1","6","Syn1",1.64537123395221
"TCGCAACAGGTGACAG-1","10","Syn1",0
"TCGCACCTCGCGCCAA-1","2","Syn1",0.88625409712877
"TCGCAGACAAACCATA-1","14","Syn1",0
"TCGCAGACAATACTTC-1","5","Syn1",0.988391678768109
"TCGCATAAGCGCTACG-1","6","Syn1",0
"TCGCATAAGCTGGCTG-1","3","Syn1",0
"TCGCATGGTAGTCAAG-1","9","Syn1",0
"TCGCCATCACATTAAG-1","14","Syn1",0
"TCGCCTATCCATTACC-1","2","Syn1",0.435362995752613
"TCGCCTGCAATTAACG-1","0","Syn1",0.684949198946313
"TCGCCTTGTTTGGTGT-1","15","Syn1",0
"TCGCGATAGCCAGTCG-1","9","Syn1",1.02737474732733
"TCGCGATAGTGATTCG-1","5","Syn1",0
"TCGCGCAAGATAGGGT-1","13","Syn1",1.14217002983116
"TCGCGGATCGACATCA-1","5","Syn1",0
"TCGCTAAAGAAGCCCT-1","9","Syn1",0
"TCGCTAAAGCTACGAC-1","4","Syn1",0
"TCGCTAGGTGGAGCAT-1","0","Syn1",1.43998012138993
"TCGCTCGCAATTCATC-1","0","Syn1",0
"TCGCTCGCAGCCATTC-1","0","Syn1",0.391208427532297
"TCGCTCTGTGATCCTG-1","5","Syn1",0.970836072298413
"TCGCTCTGTGCGTAGG-1","1","Syn1",2.36871611560207
"TCGCTCTGTTCGGCTA-1","1","Syn1",0.497889034374172
"TCGCTGCTCATCAGTG-1","10","Syn1",0
"TCGCTTACAAGCTTAA-1","7","Syn1",0.661837291777297
"TCGCTTGTCCATCACT-1","3","Syn1",0.716755649159824
"TCGGCAACATAACCGG-1","6","Syn1",0
"TCGGCCAAGTGCCAGT-1","2","Syn1",0
"TCGGCTAGTTATGGAG-1","15","Syn1",0
"TCGGCTGAGCTTACTC-1","8","Syn1",0
"TCGGGCATCCAGCAAC-1","3","Syn1",0.771774662680863
"TCGGGGTCAATGGGCC-1","3","Syn1",0.841924656654585
"TCGGGTTAGCTAGGGA-1","12","Syn1",2.40519990717726
"TCGGTAATCGCGACTG-1","3","Syn1",0
"TCGGTCAGTGAGGATC-1","0","Syn1",1.78553667378979
"TCGGTCAGTGAGTTGA-1","2","Syn1",0
"TCGGTTAAGAACGGAT-1","13","Syn1",0.503442898835206
"TCGGTTAAGGTACTAT-1","5","Syn1",1.00062682151205
"TCGTAATAGCATGACC-1","5","Syn1",0.947027003702992
"TCGTAATAGGATGGTG-1","11","Syn1",1.45666876632877
"TCGTACGGTAATCGTC-1","4","Syn1",0
"TCGTACTTCGAATGAA-1","15","Syn1",0
"TCGTACTTCGATGAGG-1","1","Syn1",1.7321484954138
"TCGTCAAAGTGCCCAG-1","0","Syn1",0.933801740758446
"TCGTCATTCCATCGTT-1","0","Syn1",1.09661628002139
"TCGTCCATCGTTACAG-1","7","Syn1",1.06539478012912
"TCGTGCCTCCCAATCT-1","6","Syn1",0.788544643248152
"TCGTGCCTCGCGCGTA-1","0","Syn1",0
"TCGTGCCTCTCATTGC-1","7","Syn1",0.88345549218106
"TCGTGTCCACTCAACC-1","11","Syn1",1.63288411833355
"TCGTTGAAGCTGGGTT-1","0","Syn1",1.32344496754583
"TCGTTGAAGGGTACTC-1","7","Syn1",0.997375385871217
"TCGTTGAAGGTCGAAG-1","6","Syn1",0
"TCGTTGGGTAGTCCGC-1","7","Syn1",1.46284258821571
"TCGTTTCAGGTCAACC-1","7","Syn1",0.538996500732687
"TCGTTTCAGTAACCGC-1","2","Syn1",1.48991567299764
"TCGTTTGCAAGCGTGC-1","7","Syn1",0
"TCTAACCTCCATGACA-1","2","Syn1",1.52734733788051
"TCTAACCTCCGTAGTA-1","2","Syn1",1.35752400002157
"TCTAAGGTCCGGTAGT-1","16","Syn1",0
"TCTAATCCATAGGTGT-1","0","Syn1",0.622207501637815
"TCTAATCCATTCGGGA-1","1","Syn1",1.82545566694945
"TCTACAAGTTGACCAT-1","4","Syn1",0
"TCTACGAAGTTGGGTC-1","2","Syn1",0.826445606839018
"TCTACGCCAGCTCACT-1","2","Syn1",1.17037785534156
"TCTACGCCAGGCTAAT-1","7","Syn1",0.86445864924085
"TCTACGTTCGCTAGTA-1","10","Syn1",0
"TCTACTTGTAGTTGGA-1","7","Syn1",1.0157717458978
"TCTACTTGTATGTGTC-1","8","Syn1",0
"TCTACTTGTTTCCTAT-1","6","Syn1",0
"TCTAGCGGTGCAGGCA-1","1","Syn1",1.73017898163217
"TCTAGCTTCCGTAGGT-1","3","Syn1",0.633655164935907
"TCTAGCTTCCTGCACC-1","1","Syn1",0
"TCTATAGGTTTCCGCT-1","6","Syn1",0.712546281272922
"TCTATCTGTAGTGTGA-1","10","Syn1",0
"TCTATCTGTCAGGAGT-1","12","Syn1",0
"TCTATGCTCATCTGGA-1","11","Syn1",1.68301116974902
"TCTATGCTCCAATGTG-1","11","Syn1",1.52115246025791
"TCTATGCTCGCGTGAT-1","3","Syn1",0.597256672240709
"TCTATGGAGCGGTGAA-1","8","Syn1",0
"TCTATTGTCCAGGGAA-1","10","Syn1",0
"TCTCAATCAAACTCGG-1","14","Syn1",0
"TCTCAATCAACCGGAC-1","7","Syn1",0.860542317714395
"TCTCAATCAGGGCCAT-1","6","Syn1",0.61760528064622
"TCTCACTAGAACCATT-1","11","Syn1",0.668446244906306
"TCTCATTGTCTTGCTC-1","10","Syn1",0
"TCTCCAACATCCTGCG-1","6","Syn1",1.16481030978887
"TCTCCAACATGGTCGA-1","7","Syn1",0
"TCTCGAGGTATAGCGA-1","8","Syn1",0
"TCTCGAGGTCTAGGAA-1","1","Syn1",1.38222073126908
"TCTCGCATCACACCGG-1","6","Syn1",0.666688959398828
"TCTCGCATCCATTCCG-1","0","Syn1",0.981454683015227
"TCTCGCATCCGTGCAG-1","4","Syn1",0
"TCTCGGCTCGTACTTC-1","6","Syn1",1.74744145620018
"TCTCGTTAGGTAATTC-1","5","Syn1",0.86921654609485
"TCTCTAGCATTCGTAT-1","10","Syn1",0
"TCTCTAGCATTCGTGC-1","0","Syn1",0.730927396855522
"TCTCTATGTCAGGAAC-1","8","Syn1",0
"TCTCTCCTCGCTGACG-1","12","Syn1",0
"TCTCTGGTCTATGCTC-1","8","Syn1",0
"TCTGACAAGCTAGTGC-1","3","Syn1",0
"TCTGAGGCATGATTGA-1","5","Syn1",1.66521049642827
"TCTGATAGTAGCCTCA-1","4","Syn1",0
"TCTGATGAGCGGCATT-1","2","Syn1",1.04425519403636
"TCTGCATTCACTAGCA-1","5","Syn1",0.80609962232228
"TCTGCATTCCAATGCA-1","2","Syn1",2.19085005375878
"TCTGCGAGTGCGATGG-1","2","Syn1",1.29768522065874
"TCTGCGGAGTCGCATA-1","3","Syn1",0
"TCTGCGGAGTGATTAC-1","2","Syn1",0
"TCTGGATGTGACCGAG-1","7","Syn1",1.83260246405282
"TCTGGCCTCCATTAGG-1","7","Syn1",1.40752936885785
"TCTGGCCTCCCAATTC-1","4","Syn1",0
"TCTGGCTCAATCCTAT-1","5","Syn1",1.62867200575912
"TCTGGCTCATAGACCG-1","6","Syn1",1.13864721819223
"TCTGGGACAATAGTTG-1","5","Syn1",1.27535703507898
"TCTGGGCGTGAGGAGA-1","11","Syn1",0
"TCTGGGCGTTCCCGAA-1","0","Syn1",1.46377821376363
"TCTGGGCGTTCCGGGT-1","4","Syn1",0
"TCTGGGCGTTCCTTGC-1","0","Syn1",0
"TCTGGGGTCACTTCGT-1","1","Syn1",0
"TCTGGGGTCCCTGTAT-1","4","Syn1",0
"TCTGGGTAGTAGCAGG-1","3","Syn1",1.30151764907118
"TCTGGTAAGCATATCG-1","9","Syn1",1.45692128261703
"TCTGGTAAGTGGGTCT-1","12","Syn1",0
"TCTGTAAGTGCGCAAG-1","0","Syn1",1.03974223688989
"TCTGTCCGTTGTAGAG-1","11","Syn1",1.18546586078629
"TCTGTCCGTTTAGTTG-1","11","Syn1",0
"TCTGTGAAGATTGAGA-1","13","Syn1",1.56289873402099
"TCTGTTGCAAGCCATG-1","8","Syn1",0
"TGAAACCCATGACACG-1","3","Syn1",1.01605273432454
"TGAAACCCATGGTCGA-1","13","Syn1",0.975067377819048
"TGAAACTTCATGGTTG-1","3","Syn1",0.984069933672217
"TGAACAGGTTTCCGCT-1","0","Syn1",0.917342019798568
"TGAACATTCGTGATAT-1","12","Syn1",0
"TGAACCATCGCATGAC-1","13","Syn1",0.940792837066548
"TGAACCCAGCCCTTGC-1","2","Syn1",0.948381377095422
"TGAACCGCAAAGGAAT-1","1","Syn1",0.958673424885804
"TGAACCGCATGGTCAG-1","10","Syn1",0
"TGAATAGAGCAAGTGG-1","4","Syn1",0
"TGAATAGAGTTACGGC-1","4","Syn1",0
"TGAATCCGTAAGTCAG-1","1","Syn1",1.62716427369335
"TGAATCCGTCTAGGAA-1","7","Syn1",1.34040989984853
"TGAATTGCATTCAGGG-1","5","Syn1",0.946447828459161
"TGAATTGCATTCGTAT-1","2","Syn1",0
"TGACACGCAAGCGTGC-1","8","Syn1",0
"TGACCAATCCACCTTG-1","1","Syn1",1.27927517129965
"TGACCAATCGTCTCCA-1","7","Syn1",0
"TGACCAGCACTAGCAG-1","16","Syn1",0
"TGACCCAGTTAGAGCA-1","9","Syn1",0
"TGACCCTCAAATCATG-1","9","Syn1",0
"TGACCCTCAAATCGCG-1","2","Syn1",0.993682221470727
"TGACCCTCACTTCGCG-1","8","Syn1",0
"TGACCTAAGGGTTGGA-1","8","Syn1",0
"TGACGAAGTAATGGGC-1","4","Syn1",2.72292246317371
"TGACGAAGTGCATTAC-1","2","Syn1",0.91536173976371
"TGACGTTGTGCAGGAT-1","8","Syn1",0
"TGACTCCCATGGTTAA-1","14","Syn1",0
"TGACTGATCTTGATGG-1","8","Syn1",1.57422904156658
"TGAGAACAGAAGCATA-1","6","Syn1",0.728811630918307
"TGAGAATGTTGGGCAG-1","2","Syn1",0
"TGAGATGGTGACGATA-1","2","Syn1",1.36579972561463
"TGAGATGGTGCGCAAG-1","6","Syn1",0
"TGAGATGGTTGCGGCT-1","12","Syn1",0
"TGAGCAAGTCTAAGTC-1","3","Syn1",0
"TGAGCAAGTTCCTCGT-1","3","Syn1",0
"TGAGCATCAATTACCT-1","5","Syn1",0
"TGAGCATCATCGGGAC-1","2","Syn1",1.27359345452608
"TGAGCCACATGACCTC-1","13","Syn1",0.572895904086047
"TGAGCCACATGATAGC-1","6","Syn1",0
"TGAGCCCGTAGCAGTA-1","2","Syn1",0
"TGAGCCCGTTTACGGT-1","0","Syn1",0
"TGAGCGCCATGACTAA-1","2","Syn1",0.955905465767875
"TGAGCGGGTTCAAGTC-1","6","Syn1",0.942988681240424
"TGAGCTATCCGCTACC-1","8","Syn1",0
"TGAGCTATCCTGTATC-1","4","Syn1",0
"TGAGCTGCATGATCCC-1","2","Syn1",1.04449390053757
"TGAGCTGCATTAGAGC-1","4","Syn1",0
"TGAGCTTGTCTGTCCT-1","2","Syn1",1.29378230077117
"TGAGGCAAGCGCCTTC-1","2","Syn1",1.01802438496837
"TGAGGCAAGGTGCTGT-1","12","Syn1",0
"TGAGGCAAGTGCTGAC-1","0","Syn1",1.03550578237777
"TGAGGCTTCAATGTAC-1","2","Syn1",1.19085763552516
"TGAGGGATCTCATCGT-1","8","Syn1",0
"TGAGGTAGTTCCCATC-1","1","Syn1",0.707813122163647
"TGAGGTAGTTTGCGGC-1","3","Syn1",1.61253844147289
"TGAGGTGAGCATGATT-1","4","Syn1",0
"TGAGGTGAGCGATAGG-1","3","Syn1",1.83601257654151
"TGAGGTGAGGTGACAG-1","1","Syn1",0
"TGAGGTGAGTAGTTCG-1","4","Syn1",1.31005024831488
"TGAGGTTCAAGTGAGA-1","1","Syn1",0.981715532936068
"TGAGGTTCAGCCTATC-1","9","Syn1",0
"TGAGTAAAGGCTTGGT-1","11","Syn1",1.1392005862073
"TGAGTAGGTAATGACG-1","2","Syn1",0.631339188532569
"TGAGTAGGTAGTCCTG-1","6","Syn1",1.1061351613311
"TGAGTAGGTTTCCTTG-1","11","Syn1",1.06797786518987
"TGAGTCGCAGGTAATC-1","10","Syn1",0
"TGAGTCGCATGCTCCG-1","12","Syn1",0
"TGAGTCTGTGGCAGCA-1","13","Syn1",0.605946470589838
"TGAGTCTGTTAGCGAA-1","1","Syn1",0.547740645110322
"TGAGTTACAAGTATCA-1","1","Syn1",0.887555372131455
"TGATAGAAGCAAGCGA-1","8","Syn1",1.6236684242468
"TGATAGAAGGAGGTTG-1","13","Syn1",1.2229572221854
"TGATCCGGTAATGCGA-1","1","Syn1",1.5836259787009
"TGATCCGGTAGTAGCA-1","9","Syn1",1.27424255217057
"TGATCCGGTCAGGGCA-1","3","Syn1",0
"TGATCCGGTTTGGTCG-1","5","Syn1",1.82851888617573
"TGATGAAAGCGAGTAG-1","5","Syn1",0
"TGATGCCAGCCAGTCG-1","1","Syn1",0.719987447741137
"TGATGTTAGCCCTTCA-1","11","Syn1",1.09984714514782
"TGATGTTAGTATGTCG-1","2","Syn1",0.644470132164629
"TGATTAGCAACTGCGA-1","6","Syn1",0.839302343532646
"TGATTGGTCACTAGCA-1","4","Syn1",0
"TGATTGGTCAGGATGG-1","10","Syn1",0
"TGATTTCCAATCTGCC-1","11","Syn1",0.771336867145471
"TGATTTGGTAACTCCG-1","3","Syn1",0.637246233091287
"TGATTTGGTCAGGGCA-1","9","Syn1",0
"TGATTTGGTCTTGATA-1","2","Syn1",0.652350103691644
"TGCAAACCACTTCGAC-1","3","Syn1",0.779937032719428
"TGCAAACCAGGCTACA-1","11","Syn1",1.33399001377698
"TGCAAAGGTGGGAACT-1","0","Syn1",0
"TGCAAAGGTTGTGATC-1","1","Syn1",1.61530362098205
"TGCAAAGGTTTGGACT-1","13","Syn1",1.45622710934119
"TGCAAATTCACTATGG-1","5","Syn1",1.00697845608354
"TGCAAATTCGTGCCCT-1","7","Syn1",0.652394193596045
"TGCAATGTCGAACGAG-1","1","Syn1",0.680684431548584
"TGCAATTAGCTACGGT-1","9","Syn1",1.350032546574
"TGCAATTAGGTTCAAT-1","13","Syn1",0.496073803457188
"TGCACAATCCCCATGC-1","2","Syn1",0
"TGCACAATCGAGTCCG-1","5","Syn1",0
"TGCACAATCGCGATTA-1","7","Syn1",0
"TGCACCCTCCCGCTAC-1","8","Syn1",0
"TGCACCCTCGCGTGAT-1","6","Syn1",0.756935646823437
"TGCACCTCATGCTTCA-1","5","Syn1",0.652306019955991
"TGCACGTAGGTACCAC-1","7","Syn1",1.1339555586721
"TGCAGGCCAACTACGG-1","1","Syn1",0.83300522161156
"TGCAGGCCACCTTCAA-1","5","Syn1",1.05639926572949
"TGCAGGCCATAATCTC-1","16","Syn1",0
"TGCAGGTTCCAGCCCT-1","0","Syn1",0
"TGCAGGTTCGTAATGT-1","1","Syn1",1.72399434497943
"TGCATAGTCATGCTAG-1","6","Syn1",1.24180066061878
"TGCATATAGGATCTCA-1","15","Syn1",0
"TGCATCAAGCCTGAAC-1","5","Syn1",0.84767899426509
"TGCATCCCACAGGCAC-1","15","Syn1",0
"TGCATCCCAGGTAATC-1","8","Syn1",0
"TGCATTAGTTGGTAGA-1","6","Syn1",0
"TGCATTGAGTAACGGG-1","14","Syn1",0
"TGCATTTCAAATGCCG-1","3","Syn1",1.44082328389563
"TGCATTTCAACGGGTC-1","0","Syn1",0.774727706723269
"TGCATTTCAAGCTGGC-1","4","Syn1",0
"TGCATTTCATAGGCGC-1","1","Syn1",1.49246311499175
"TGCATTTCATAGGTGT-1","1","Syn1",1.12229455289731
"TGCATTTCATTACCGC-1","4","Syn1",0
"TGCATTTCATTAGACA-1","5","Syn1",0.683294884116934
"TGCCAGGTCACCTAAG-1","2","Syn1",0.661791869709851
"TGCCAGTAGCCATCAA-1","5","Syn1",0
"TGCCAGTAGCCCTGAG-1","14","Syn1",0
"TGCCATCCAGGCAGTC-1","0","Syn1",0
"TGCCATTTCACGGCTG-1","11","Syn1",1.04574906275804
"TGCCATTTCGTGAATT-1","7","Syn1",0
"TGCCCGAAGCGGTCTG-1","5","Syn1",1.71783906814673
"TGCCCGAAGGTCGATC-1","6","Syn1",0
"TGCCCGAAGGTTACTG-1","4","Syn1",1.08260564935874
"TGCCCGTTCACGTTGA-1","0","Syn1",0
"TGCCCGTTCGTTAGGC-1","7","Syn1",1.73169728471002
"TGCCGAACAGCTACTC-1","2","Syn1",0
"TGCCGCTTCACTCCAT-1","8","Syn1",0
"TGCCGCTTCGAACCCG-1","3","Syn1",0
"TGCCGTAGTGCAACGG-1","6","Syn1",1.20560276796882
"TGCCGTGAGCGCATGT-1","2","Syn1",0
"TGCCGTGAGGAATCAA-1","14","Syn1",0
"TGCCGTTCATAATCTC-1","4","Syn1",0
"TGCCGTTCATGATCCC-1","0","Syn1",0
"TGCCTAAAGCATCTCT-1","8","Syn1",0
"TGCCTAAAGCCTGATA-1","1","Syn1",0.70802209382235
"TGCCTAAAGTGAACGG-1","5","Syn1",0.9616582943028
"TGCCTAGGTTTACGGT-1","1","Syn1",1.5584407378917
"TGCCTCGCAAAGGATG-1","0","Syn1",0.935397933011595
"TGCCTCTGTCAACTGT-1","4","Syn1",0
"TGCCTGCTCCCGCAAG-1","1","Syn1",1.21790598844504
"TGCCTGCTCCTCTAGT-1","15","Syn1",0
"TGCCTGCTCGTGCCTC-1","9","Syn1",1.07055368648448
"TGCCTTTAGTCGATTG-1","9","Syn1",0.830003355536723
"TGCGAAAGTTGAGCTT-1","6","Syn1",1.51889636837296
"TGCGAAAGTTGCTGTG-1","10","Syn1",0
"TGCGACCGTTCGTGAT-1","4","Syn1",0
"TGCGACTAGGTTCACA-1","3","Syn1",0
"TGCGAGGGTTAAGGGC-1","7","Syn1",1.19880603424718
"TGCGATTGTCATCCCT-1","6","Syn1",0.663842279937363
"TGCGGCTGTAAGTGTG-1","11","Syn1",0.687544647251051
"TGCGGCTGTTGCGACC-1","3","Syn1",0
"TGCGGGTCACAGCGAC-1","11","Syn1",1.4943905024347
"TGCGGTTAGGTCAAGG-1","3","Syn1",0
"TGCGTAATCATGGTGC-1","5","Syn1",1.16185990228335
"TGCGTAATCGACATCA-1","0","Syn1",1.18044069562251
"TGCGTAATCGATCAAT-1","13","Syn1",1.78671779064638
"TGCTAACGTAAGTTGG-1","9","Syn1",1.41482110593465
"TGCTAACGTCTCCATC-1","8","Syn1",0
"TGCTAAGTCATCAGTG-1","10","Syn1",0
"TGCTAAGTCGTGATGC-1","4","Syn1",0
"TGCTACAAGCGACTAC-1","0","Syn1",0
"TGCTACCCAAGCCTGA-1","15","Syn1",0
"TGCTACCCATCAATTC-1","6","Syn1",1.27436627472913
"TGCTATAGTCAATCCG-1","10","Syn1",0
"TGCTATGAGAACCTTG-1","3","Syn1",0.703815303072055
"TGCTCAAAGTAGAGGT-1","11","Syn1",1.41920043157068
"TGCTCACCAAACTATG-1","1","Syn1",0
"TGCTCACCAAAGGTCT-1","1","Syn1",1.28058728507045
"TGCTCCATCGCTTGCC-1","8","Syn1",0
"TGCTCCGCAAGCCAAT-1","4","Syn1",0
"TGCTCCGCATTCGTGC-1","4","Syn1",0
"TGCTCGCTCCTTCGGC-1","1","Syn1",0.645417389795651
"TGCTGGACAAGGTAAG-1","2","Syn1",1.34319296817675
"TGCTGGACAATGTATG-1","7","Syn1",1.21093983708662
"TGCTGGACAATTACAG-1","0","Syn1",0
"TGCTGGACATCACTTG-1","6","Syn1",0.842075027055887
"TGCTGTCCAAGCACAT-1","12","Syn1",0
"TGCTTAAGTAAGTACG-1","2","Syn1",1.20196986912434
"TGCTTAAGTGACGACG-1","6","Syn1",0.632701839167534
"TGCTTAGAGGTAGGCA-1","2","Syn1",1.05952980033143
"TGCTTAGAGTGAGCGA-1","3","Syn1",0
"TGCTTCACAAGCTGTG-1","4","Syn1",0
"TGCTTCACATGACACG-1","1","Syn1",0.895577875160523
"TGGAACCTCAGGGACA-1","8","Syn1",0
"TGGAACCTCGCTAGAC-1","9","Syn1",0
"TGGACAAGTAGCTAAG-1","0","Syn1",0
"TGGACATCACAGGGTC-1","8","Syn1",0
"TGGACGAAGGTCGTAC-1","0","Syn1",1.02702937329246
"TGGACGAAGTCATCAG-1","1","Syn1",1.20278411768455
"TGGACGTTCCATAGAT-1","8","Syn1",0
"TGGACTATCTAAGCGC-1","11","Syn1",1.16660885688186
"TGGACTCAGATTGAAG-1","8","Syn1",0
"TGGACTCAGCTAAGGG-1","1","Syn1",0.930440760598913
"TGGAGCAAGTCAGGGA-1","14","Syn1",1.57696549954871
"TGGAGCGGTAGTCATC-1","6","Syn1",0.943850921798972
"TGGAGGATCCCGCGTT-1","16","Syn1",0
"TGGAGTAGTGCGGAAT-1","2","Syn1",1.16762484306341
"TGGAGTAGTGGCCAGA-1","8","Syn1",0
"TGGAGTAGTTAGGGAC-1","1","Syn1",0.910717196142963
"TGGAGTGAGGAGGCTA-1","10","Syn1",0
"TGGAGTGAGGTAACGG-1","3","Syn1",1.05377543587947
"TGGATATTCTAGGCGT-1","5","Syn1",1.46813452203004
"TGGATGGAGGTCATTG-1","0","Syn1",1.03797247101533
"TGGATGGAGTCAGTGC-1","5","Syn1",0
"TGGATTGTCGACTTGA-1","6","Syn1",0
"TGGCACTAGAACGAGT-1","1","Syn1",1.32062028792711
"TGGCACTAGGATCTAT-1","7","Syn1",0.977559800768058
"TGGCACTAGGATGCAG-1","3","Syn1",0
"TGGCATATCAGCCAAC-1","10","Syn1",0
"TGGCATGCAAGTAGTC-1","5","Syn1",1.01152137300276
"TGGCATTGTTAATGGG-1","5","Syn1",0
"TGGCATTGTTGGGATA-1","2","Syn1",1.55639040107119
"TGGCCATAGAAGGTGT-1","3","Syn1",0.575266939557191
"TGGCCATAGGTCGAGA-1","2","Syn1",0
"TGGCGAAAGGCGATGA-1","9","Syn1",1.90132525334375
"TGGCGAGGTTTACGGT-1","6","Syn1",0
"TGGCGATTCCGGTATA-1","0","Syn1",0.836919876662665
"TGGCGCATCAGTACCA-1","16","Syn1",0
"TGGCGCATCCCTCACA-1","10","Syn1",0
"TGGCTATGTCTGGTCA-1","7","Syn1",1.69242227936242
"TGGCTCTCAATACTGA-1","6","Syn1",1.63653939971336
"TGGCTGACACCTACCG-1","5","Syn1",0.83833273771762
"TGGCTGACAGCAGTTG-1","4","Syn1",0
"TGGCTGACATGATTGA-1","6","Syn1",0
"TGGCTTGGTTGAGCTT-1","8","Syn1",0
"TGGCTTGGTTTAAGCC-1","6","Syn1",0.669468018605347
"TGGGAACGTTAGGCCC-1","8","Syn1",0
"TGGGACAAGCAAGCGA-1","5","Syn1",0
"TGGGACAAGCTTACGA-1","0","Syn1",0.933052609603141
"TGGGATAGTTAGTGCT-1","4","Syn1",0
"TGGGATTCACTTCGCG-1","2","Syn1",0.850433918029611
"TGGGCAAAGGTTCCAA-1","1","Syn1",2.14626690973484
"TGGGCACCAACCGTGA-1","4","Syn1",0
"TGGGCACCAATGCGTG-1","9","Syn1",0
"TGGGCACCAGTAAGCT-1","4","Syn1",0
"TGGGCACCATTAACGA-1","0","Syn1",0
"TGGGCAGGTCAAGTTC-1","1","Syn1",1.53542942596748
"TGGGCTTAGCTAACCA-1","0","Syn1",0.858657008894282
"TGGGGCAGTTATCTCT-1","10","Syn1",0
"TGGGGCTCATCCTGCG-1","1","Syn1",2.02163060465836
"TGGGGCTCATGATCCC-1","5","Syn1",1.33179725469204
"TGGGGTTTCCCAGATA-1","6","Syn1",0.96718283704016
"TGGGGTTTCCTGACCC-1","6","Syn1",1.25679541268886
"TGGGTCACAAATCGGT-1","5","Syn1",1.0618755606386
"TGGGTCACAGGTAACT-1","0","Syn1",1.55171265416245
"TGGGTCACATGCTACC-1","0","Syn1",1.63745632647704
"TGGGTCCGTGCACGAG-1","5","Syn1",0.788806613838527
"TGGGTGAAGCCTGTGG-1","4","Syn1",0
"TGGGTTATCCGCGACA-1","0","Syn1",1.01096498160935
"TGGGTTGCAAGTCGCA-1","3","Syn1",1.11281131018277
"TGGGTTGCATCACACC-1","8","Syn1",0
"TGGTACGCACTTCAGC-1","6","Syn1",0.735367284820731
"TGGTACGCATCCCAGT-1","8","Syn1",0
"TGGTAGCTCTGGATTG-1","3","Syn1",0
"TGGTAGGAGGTACGCT-1","11","Syn1",0
"TGGTAGTCAAAGGTTC-1","5","Syn1",0.780321093104586
"TGGTATTAGGCTCAGT-1","5","Syn1",1.51436177546068
"TGGTCACAGAATCGAA-1","16","Syn1",0
"TGGTCTAAGGATGATA-1","6","Syn1",0
"TGGTGGTTCCCCAGAG-1","9","Syn1",0
"TGGTGGTTCTGTAACG-1","9","Syn1",0.846840978597417
"TGGTGTTGTATAGCGA-1","5","Syn1",1.18412640693704
"TGGTTACGTCTGGCTA-1","10","Syn1",0
"TGGTTAGTCACACTAG-1","9","Syn1",0
"TGGTTATAGGTGATGG-1","6","Syn1",1.75061250341533
"TGGTTCAAGCCCGTTC-1","0","Syn1",1.15444434226623
"TGGTTCCCACCTTAAT-1","11","Syn1",0.864577916746724
"TGGTTTAGTTTAGGTC-1","7","Syn1",1.24034366573136
"TGTAACTAGCGGTCCA-1","10","Syn1",0
"TGTAAGCCACCAGGAC-1","2","Syn1",0.472302524151047
"TGTAAGCCACTAACTT-1","7","Syn1",1.28069989388897
"TGTAATGCACATAGCG-1","7","Syn1",1.4478117831997
"TGTAATGCATGCGCTT-1","7","Syn1",1.80521862260206
"TGTACCCCACAGGACC-1","4","Syn1",0
"TGTACCGGTTTAGTCA-1","16","Syn1",0
"TGTACCGGTTTGCACG-1","6","Syn1",1.14955863765473
"TGTACTGAGGAGCTGA-1","4","Syn1",0
"TGTACTGAGGTCGATC-1","8","Syn1",0
"TGTAGAGGTAGCAGTA-1","5","Syn1",1.48204514958969
"TGTAGAGGTATAGACG-1","0","Syn1",0.825146755596255
"TGTAGAGGTCATGAAG-1","4","Syn1",0
"TGTAGAGGTGAACGTA-1","11","Syn1",1.17099159692395
"TGTAGCATCAAGTTAC-1","8","Syn1",0
"TGTAGCCAGCGCTCTC-1","6","Syn1",0
"TGTAGCGCAGGACAGG-1","4","Syn1",0
"TGTAGGTCAATTAACG-1","8","Syn1",0
"TGTAGTTAGCTTCCTG-1","4","Syn1",0
"TGTAGTTAGGATGGGC-1","5","Syn1",0
"TGTATCCTCGACTGAC-1","0","Syn1",0
"TGTATCTCAAACTATG-1","6","Syn1",1.53350269422571
"TGTATCTCAGCCATTC-1","7","Syn1",0.690358889568046
"TGTATCTCAGGCAGGA-1","10","Syn1",0
"TGTATGACAACGTGAT-1","4","Syn1",0
"TGTATGGTCGTCTCAT-1","12","Syn1",0
"TGTATTCCAGCTAAGT-1","0","Syn1",1.18831353218508
"TGTCACCCAAATTCCT-1","2","Syn1",0.947703670826289
"TGTCACTTCGTAATCG-1","6","Syn1",0
"TGTCAGGCAATCCTAT-1","14","Syn1",0
"TGTCAGGCAGCCATTC-1","5","Syn1",1.18934561087529
"TGTCAGGCATCGTTCA-1","13","Syn1",0
"TGTCCAAAGCTGGTGT-1","7","Syn1",1.27656688492191
"TGTCCACCATAACTCT-1","8","Syn1",0
"TGTCCAGGTTTGATGC-1","4","Syn1",0
"TGTCCCATCCATGTCT-1","5","Syn1",0.788413726539322
"TGTCCCATCCCTCTAG-1","4","Syn1",0
"TGTCCCATCCTGTACT-1","5","Syn1",0
"TGTCCCGCATAAGCTA-1","3","Syn1",1.53301834896421
"TGTCCCTGTCAATCAC-1","4","Syn1",0
"TGTCCGCTCCCTCTAG-1","3","Syn1",0.676236858250952
"TGTCCGGAGATTAGAG-1","1","Syn1",1.46390590780479
"TGTCCGGAGGGGTCAA-1","4","Syn1",0
"TGTCGATGTAAGGGTC-1","7","Syn1",0
"TGTCGATGTTATGGCT-1","10","Syn1",0
"TGTCGCCTCACGCAAC-1","5","Syn1",0.734802161384092
"TGTCGCCTCAGGGCAA-1","13","Syn1",0.929094341329799
"TGTCGTCCAAGCCAGC-1","10","Syn1",0
"TGTCGTCCAGCTACAG-1","12","Syn1",0
"TGTCGTCCAGCTACGA-1","11","Syn1",0.951525293242092
"TGTCGTCCAGTAATCA-1","0","Syn1",1.44355388617215
"TGTCGTTTCACATGAT-1","1","Syn1",1.06385975667727
"TGTCGTTTCCTCACTG-1","6","Syn1",0
"TGTCGTTTCGACATGC-1","11","Syn1",1.33433337887124
"TGTCGTTTCGTGATGC-1","2","Syn1",0
"TGTCTAAGTGAGACTA-1","14","Syn1",0
"TGTCTAAGTGAGTGCG-1","1","Syn1",1.50698123129096
"TGTCTAAGTTGTAGTC-1","0","Syn1",0.379120754124181
"TGTCTCACAATAGGCT-1","7","Syn1",0
"TGTCTGTTCTATGACG-1","0","Syn1",1.02766275186828
"TGTCTTGCACATAGTA-1","7","Syn1",1.11867416518673
"TGTCTTGCATAGACGT-1","0","Syn1",0.68455920023207
"TGTCTTGCATCAATCT-1","4","Syn1",0
"TGTGAACCACAGCAAT-1","4","Syn1",0
"TGTGAACCATCCCAAC-1","1","Syn1",0.637078274035279
"TGTGAGGAGCAGGTAG-1","4","Syn1",0
"TGTGATTAGCTAGATT-1","10","Syn1",0
"TGTGCAATCACTCAGA-1","8","Syn1",0
"TGTGCAATCCTGACCC-1","7","Syn1",0
"TGTGCATGTGAGGAGA-1","14","Syn1",0
"TGTGCCCTCAGCACTA-1","14","Syn1",0
"TGTGCCCTCCCTGTAT-1","3","Syn1",0
"TGTGCCCTCGCGCACA-1","9","Syn1",0
"TGTGCGCGTTCGCGGT-1","2","Syn1",1.04193401769337
"TGTGCTGGTATGTCAC-1","6","Syn1",1.12954258935947
"TGTGTTAGTTAGAGGC-1","9","Syn1",0
"TGTGTTAGTTCGTATA-1","4","Syn1",0
"TGTGTTAGTTGAAGTG-1","1","Syn1",1.45704757920799
"TGTGTTAGTTGCTCTC-1","11","Syn1",0.898588554532152
"TGTGTTAGTTTGACCG-1","5","Syn1",0
