"cell","cluster","gene","logexpr"
"AAACCAAAGCTTACTC-1","7","Syp",0
"AAACCAAAGTGGGTCT-1","4","Syp",0
"AAACCGCTCACCTAGA-1","12","Syp",0
"AAACCGCTCATCGAGC-1","0","Syp",0
"AAACCGCTCGATCCGG-1","6","Syp",0
"AAACGAATCGTTCCTG-1","7","Syp",1.0887112176854
"AAACGACAGCATCGGT-1","4","Syp",0
"AAACGACAGGCATCAC-1","12","Syp",0
"AAACGATGTGAGACCG-1","4","Syp",0
"AAACGCCTCATCAAGT-1","7","Syp",0.647624424711473
"AAACGGACAAGTAGCT-1","3","Syp",0.544196189046031
"AAACGGACATCCAGAG-1","4","Syp",0
"AAACGGACATTGCGTC-1","10","Syp",0
"AAACGGGTCCACCGGA-1","0","Syp",0
"AAACGGGTCCCGCTAC-1","3","Syp",0
"AAACGTAAGCATGGCT-1","0","Syp",1.25616622098751
"AAACGTAAGCATGGGA-1","6","Syp",0
"AAACTCCGTGACGATA-1","1","Syp",0.96718283704016
"AAAGCAATCACTAACG-1","3","Syp",1.11253707767728
"AAAGCATGTATGGCTT-1","8","Syp",0
"AAAGCCTCACAGGACC-1","2","Syp",0
"AAAGCTGGTATGGTAG-1","4","Syp",0
"AAAGTCAAGGCACTAC-1","4","Syp",0
"AAAGTGATCACCAGAC-1","4","Syp",0
"AAAGTTGAGGTACGTC-1","4","Syp",0
"AAATGCAAGAAGGAGA-1","12","Syp",1.37301769660289
"AAATGGATCGCATTGA-1","1","Syp",0.694901786850427
"AAATGGATCGTGATAT-1","11","Syp",0.516352734088924
"AAATGGGCAAGTGGAA-1","0","Syp",0
"AAATGGGCATAAGCAC-1","1","Syp",0
"AAATGGGCATGGCTAG-1","4","Syp",0
"AAATGTGAGCTACTCT-1","4","Syp",0
"AAATGTGAGTAATCAC-1","6","Syp",0.674767706606546
"AAATTCGCACTCAAGG-1","1","Syp",0.607616795877828
"AAATTCGCATAACTCT-1","5","Syp",0
"AAATTGCTCAATCTCC-1","8","Syp",1.50466099760988
"AACACACCAACCTGGA-1","7","Syp",0.500279425988066
"AACACACCAATCTCAT-1","7","Syp",0
"AACACATTCCGCAAGT-1","6","Syp",0
"AACACATTCCGGTTGG-1","1","Syp",0.722485819777083
"AACACCATCATCAAGT-1","9","Syp",0
"AACACGAGTCCATAGT-1","4","Syp",0
"AACAGGCGTGAACCTT-1","5","Syp",0.752694739416059
"AACAGTAAGCCTTGGG-1","1","Syp",0
"AACAGTAAGGCAAGGC-1","10","Syp",0
"AACAGTAAGTCATTGG-1","10","Syp",0
"AACATCACATAGGTGT-1","3","Syp",0
"AACATCACATCCCGAT-1","0","Syp",0.717399586962918
"AACATCCGTGGGTAAC-1","2","Syp",0
"AACATCCGTTCGATGT-1","0","Syp",1.23900662303368
"AACATGAAGTAGTCAT-1","7","Syp",0
"AACATGAAGTTACGCA-1","2","Syp",0
"AACATTCAGCATGCGT-1","11","Syp",0.383134426870113
"AACATTGCAACCAGTG-1","9","Syp",0
"AACCAACCAGGACACC-1","6","Syp",0.991473369145634
"AACCAAGGTGGCGCAA-1","0","Syp",1.10599983066123
"AACCAAGGTTCGTCAG-1","9","Syp",0
"AACCAATTCACTTGCT-1","2","Syp",0
"AACCAATTCGTTAGCA-1","13","Syp",0.948866090626715
"AACCACGCAACCAGTG-1","4","Syp",0
"AACCACGCACAGCAAT-1","0","Syp",0
"AACCAGCTCCGCCTAC-1","7","Syp",0.42218642491141
"AACCAGGAGGTATCTG-1","1","Syp",0
"AACCCAGCATAAGGAG-1","7","Syp",0
"AACCCTGGTAGCTCAT-1","9","Syp",0
"AACCCTGGTTGTGCTG-1","5","Syp",0
"AACCGAAGTATGTAGG-1","8","Syp",0
"AACCGAAGTGAGCCGA-1","9","Syp",0
"AACCGATCAGTTGACG-1","11","Syp",0.634819749709184
"AACCGGGGTAAGGGTC-1","1","Syp",0
"AACCTCAAGCCACGCA-1","8","Syp",0
"AACCTCAAGCTAACTG-1","0","Syp",0.895792210325814
"AACCTTAGTCTGTGTG-1","11","Syp",0.680443770155239
"AACCTTAGTGATTCCG-1","6","Syp",0
"AACCTTGAGAAGCCAG-1","8","Syp",0
"AACCTTGAGGCAACGA-1","3","Syp",0
"AACCTTGAGGCGTCCA-1","13","Syp",0.8549513759447
"AACCTTGAGTCATGCA-1","4","Syp",0
"AACGAACAGGTTCGAC-1","16","Syp",0
"AACGAACAGTAGAGAC-1","1","Syp",0
"AACGAATGTCAACTGT-1","8","Syp",0
"AACGAATGTGAGAGGA-1","13","Syp",0
"AACGAATGTGAGCCAG-1","0","Syp",0.839900204457935
"AACGACTCAACGTGAT-1","0","Syp",0
"AACGATCCAAGTAGAG-1","3","Syp",1.37798968626106
"AACGATCCAGGGCCAT-1","3","Syp",0.756635353872196
"AACGATCCATCCGTAC-1","5","Syp",0
"AACGATGGTTAACTGC-1","15","Syp",0
"AACGATTTCATGCCAA-1","0","Syp",1.12770325337866
"AACGATTTCGACTTGA-1","11","Syp",0.506254459012938
"AACGCAAGTAGCTCCA-1","0","Syp",1.1294481032945
"AACGCCACACATTAAG-1","11","Syp",0
"AACGCCCGTAGGTCAA-1","8","Syp",0
"AACGCGCCAAATGCCG-1","10","Syp",0
"AACGCTATCATGAACT-1","8","Syp",0
"AACGCTATCTAGTTCC-1","14","Syp",0
"AACGCTCAGCTACGGT-1","4","Syp",0
"AACGCTCAGGTGCGTT-1","3","Syp",0.764340979158471
"AACGCTTGTAACGCAA-1","3","Syp",0
"AACGCTTGTTATGGAG-1","1","Syp",0
"AACGCTTGTTTCGGCA-1","0","Syp",0
"AACGCTTGTTTGACAC-1","2","Syp",0
"AACGGATAGCATGAGG-1","14","Syp",0
"AACGGCAAGATAGCCC-1","7","Syp",0.780321093104586
"AACGGCAAGGATAGCG-1","13","Syp",0.520447354877053
"AACGGCAAGGGTGAAT-1","1","Syp",0.584463874238186
"AACGGGGCACATTAGA-1","1","Syp",0
"AACGGGGCAGCAGGAG-1","0","Syp",1.74447949915385
"AACGGTAGTAGCCTTG-1","3","Syp",0
"AACGGTGAGGTTGGAG-1","5","Syp",0.983650483057651
"AACGTAAAGCAATCGC-1","6","Syp",0
"AACGTAAAGCGATGCT-1","1","Syp",0.945003211824171
"AACGTAAAGTTAGACT-1","5","Syp",1.041518585088
"AACGTAGGTGGACCCT-1","8","Syp",1.65924073491792
"AACTAGAAGAAGGACT-1","7","Syp",1.14333348909102
"AACTCAACAATCAGTA-1","0","Syp",0.988815508732518
"AACTGAAAGGATAGGT-1","14","Syp",0
"AACTGACCACTAAGCG-1","5","Syp",0.568213544549532
"AACTGAGGTAAGCACA-1","3","Syp",0
"AACTGAGGTAAGGTAT-1","15","Syp",1.8921782169751
"AACTGAGGTTCGTTCC-1","5","Syp",0
"AACTGCATCACCTACT-1","10","Syp",0
"AACTGCATCCCCATCA-1","10","Syp",0
"AACTGCATCGTGAGAG-1","0","Syp",0
"AACTGGTCAGCCTACT-1","3","Syp",0.495171243329418
"AACTTCCTCATGACTG-1","0","Syp",1.70839860456072
"AACTTCCTCCATCGTT-1","11","Syp",0.918395890287815
"AACTTGGTCATGCGCG-1","4","Syp",0
"AACTTTGGTGCATCTG-1","16","Syp",0
"AACTTTGGTTCGGGCT-1","8","Syp",0
"AACTTTGGTTCGGTAT-1","4","Syp",0
"AAGCAAATCACTATGG-1","7","Syp",0
"AAGCAACAGGCACTAC-1","6","Syp",0
"AAGCAATGTGGAAGCT-1","6","Syp",0
"AAGCACCTCACAGGCT-1","9","Syp",0
"AAGCCAAGTAACTCCG-1","1","Syp",1.1334792185889
"AAGCCAAGTTCGGCTA-1","9","Syp",0
"AAGCCATCATTCAACT-1","13","Syp",0
"AAGCCCCGTCTTGAAC-1","10","Syp",0
"AAGCCGCCAAGCCTAG-1","5","Syp",0
"AAGCCGCCATCCTTGA-1","3","Syp",0
"AAGCCGGGTCAATCGT-1","4","Syp",0
"AAGCCTATCATGGCGT-1","8","Syp",0
"AAGCCTATCGCTGACG-1","6","Syp",1.30679878920438
"AAGCGATAGGTATCCA-1","15","Syp",0
"AAGCGGATCGCTCAGG-1","9","Syp",0
"AAGCGGGCAAGCATGT-1","14","Syp",0
"AAGCTAAAGCATTCAG-1","2","Syp",0.628591159925484
"AAGCTAAAGCTTAACG-1","11","Syp",0
"AAGCTAAAGGATGTCC-1","0","Syp",0
"AAGCTAAAGTATGTGT-1","2","Syp",1.27183538387176
"AAGCTAGGTAACTGCT-1","10","Syp",0
"AAGCTAGGTTATCGGT-1","6","Syp",0.966173296993602
"AAGCTCTGTAGCAGCG-1","0","Syp",0
"AAGCTCTGTGATCAAG-1","2","Syp",0
"AAGCTCTGTTTAATCG-1","9","Syp",1.17191355236072
"AAGGACTAGTAATTGC-1","1","Syp",0.666735081020168
"AAGGATGCACTAGGCA-1","2","Syp",0
"AAGGCAACAAATGCGT-1","2","Syp",0
"AAGGCAACACAGGGTC-1","2","Syp",0.459894900936523
"AAGGCTAGTATGGGTA-1","3","Syp",0
"AAGGCTAGTGGCGTCT-1","8","Syp",0
"AAGGCTAGTTTCCGTC-1","10","Syp",0
"AAGGGCATCGTGAATT-1","9","Syp",0
"AAGGGGTCAAATCATG-1","1","Syp",0
"AAGGGGTCAATCAGCG-1","1","Syp",1.35780991657681
"AAGGGTTAGTTGCTCT-1","4","Syp",0
"AAGGTAATCAGGCATC-1","12","Syp",0
"AAGGTAATCTCACATC-1","0","Syp",0
"AAGGTATGTAAGCGAC-1","15","Syp",0
"AAGGTATGTGCAGTAA-1","7","Syp",0.802482305755897
"AAGGTTGGTTAACCAC-1","4","Syp",0
"AAGGTTGGTTAGACCT-1","1","Syp",0.429550735904047
"AAGGTTGGTTTAATCG-1","3","Syp",0.760194792242896
"AAGTAACGTATGTGGA-1","6","Syp",0
"AAGTAAGTCTAAGCCA-1","0","Syp",0
"AAGTACCCAAGGGATA-1","9","Syp",0
"AAGTACCCAGCCTACT-1","4","Syp",0
"AAGTACGGTGATTACC-1","2","Syp",1.05322806045064
"AAGTATGAGCGAACTC-1","15","Syp",0
"AAGTCAAAGTCAAGGG-1","11","Syp",0
"AAGTCACCAATCAATG-1","4","Syp",0
"AAGTCAGGTAAGGGTC-1","14","Syp",0
"AAGTCAGGTCATGTGT-1","0","Syp",1.09515759482557
"AAGTCAGGTTGCCCTT-1","1","Syp",0
"AAGTCCATCCGCCTAC-1","10","Syp",0
"AAGTGCCTCCCAGTAA-1","3","Syp",0.665675954741704
"AAGTGGACACCAGCTT-1","7","Syp",0.530475942872429
"AAGTGGGTCATCTGGA-1","0","Syp",0.584639645341016
"AAGTTGAAGATAGGTA-1","6","Syp",0
"AAGTTGAAGGCTTGGT-1","1","Syp",0.758501203364851
"AAGTTGAAGTCGCTAA-1","2","Syp",0
"AAGTTTCAGTGAACGG-1","2","Syp",0.875212150655346
"AAGTTTGCAAACCCAG-1","5","Syp",1.3516930337555
"AAGTTTGCAACATTGA-1","3","Syp",1.40782464945826
"AAGTTTGCAAGTATCA-1","4","Syp",0
"AATACGAAGATTAGGA-1","4","Syp",0
"AATACGCCAGGCAGAG-1","6","Syp",0.898545392849084
"AATATGCTCCCATACT-1","12","Syp",0
"AATATGGAGATAGCAA-1","8","Syp",0
"AATATGGAGCTAATGT-1","9","Syp",0
"AATATGGAGGTTGCGT-1","6","Syp",0
"AATCAGCCACAATGGT-1","8","Syp",0
"AATCATCAGGGTTGGA-1","6","Syp",0.855689787222956
"AATCCATAGGAGGCGT-1","3","Syp",0
"AATCCATAGGAGTAAC-1","5","Syp",0.823493372857206
"AATCGCGCATTGGGCA-1","11","Syp",0.515536265047447
"AATCGTTAGGAGGTCA-1","5","Syp",0
"AATCGTTAGGCTAGAG-1","12","Syp",0
"AATCTAGCAGGTAGCC-1","1","Syp",0
"AATCTAGCATAACGCG-1","10","Syp",0
"AATCTAGCATCACGAG-1","6","Syp",0
"AATCTCCTCACTTGGA-1","4","Syp",0
"AATCTCCTCGTGCGAT-1","1","Syp",1.43234776549917
"AATGACCCAAATCCGG-1","13","Syp",1.01661521732444
"AATGACTTCATATCGG-1","0","Syp",0.854524491875901
"AATGCCTGTGAACGCG-1","2","Syp",1.69142840480009
"AATGCGAGTGGCTACC-1","2","Syp",1.5498830864907
"AATGCGAGTTGGAGCG-1","6","Syp",0
"AATGCGAGTTTAGCGT-1","1","Syp",0
"AATGGATGTTACACTA-1","3","Syp",0
"AATGGATGTTAGCATC-1","13","Syp",0
"AATGGCGAGAATCCAT-1","7","Syp",0
"AATGGCTCATAGGCCA-1","2","Syp",0.444909936009134
"AATGGGGTCAGCCCGA-1","0","Syp",0
"AATGGGGTCGATGCTA-1","10","Syp",0
"AATGGGTAGCTACTCT-1","4","Syp",0
"AATGTCCGTGGCTGAG-1","5","Syp",1.13510058193125
"AATGTCCGTTCGAATC-1","9","Syp",0
"AATGTGAAGCATAGCC-1","2","Syp",0
"AATGTGAAGTAGCCCG-1","2","Syp",0
"AATGTTGCAAGCCATG-1","15","Syp",0
"AATGTTGCATAACGCG-1","9","Syp",0
"AATGTTGCATGGTTCC-1","2","Syp",0
"AATTACGCAACGTTCC-1","6","Syp",0
"AATTACGCAAGTCCAG-1","7","Syp",0
"AATTACGCAGTTGACG-1","3","Syp",0.652570614927902
"AATTCAGCACAGCGAC-1","7","Syp",0
"AATTCAGCACCATGTC-1","13","Syp",0.826698662985881
"AATTCAGCAGGCTTAG-1","2","Syp",0
"AATTCAGCAGGGACAG-1","1","Syp",0.642498766038455
"AATTCAGCAGTTGAGT-1","12","Syp",0
"AATTCCTCAAAGGTCT-1","15","Syp",0
"AATTGGTTCCATGCAA-1","15","Syp",0
"AATTGGTTCCGCAGTG-1","7","Syp",0.729534005151447
"ACAACAGGTTAGCTTA-1","5","Syp",1.22160563739434
"ACAACATTCAGCTATG-1","5","Syp",0
"ACAACATTCCCAGATA-1","14","Syp",1.34193895034882
"ACAACCGCAAATGCGT-1","2","Syp",1.16020287636447
"ACAACCGCAAGCGTTG-1","12","Syp",0
"ACAACCGCATTACCAT-1","14","Syp",0
"ACAACCGCATTCGCGT-1","1","Syp",0
"ACAACCTGTAGCTGGG-1","1","Syp",0.857092597904249
"ACAAGCCTCGAATCCA-1","11","Syp",0.550461272927698
"ACAAGCGAGCAGGGTA-1","5","Syp",1.53051695045905
"ACAAGCGAGTCGCTCC-1","1","Syp",1.24005272818704
"ACAAGCGAGTGAATCT-1","1","Syp",0
"ACAAGCTCAAGCTCTC-1","9","Syp",0
"ACAAGCTCAGGTATGT-1","12","Syp",0
"ACAAGCTCATCCCATA-1","8","Syp",0
"ACAAGGCGTTATCTCT-1","8","Syp",0
"ACAAGGTAGCTAATCG-1","3","Syp",0.664391282015688
"ACAAGTAAGGTAGACG-1","9","Syp",0
"ACAATCACACTCATCA-1","16","Syp",0
"ACAATCCGTGGACCTC-1","0","Syp",0.621488729657496
"ACAATGAAGGTCAATT-1","11","Syp",0
"ACAATGAAGTGATGAA-1","2","Syp",0.426555459087969
"ACAATGGGTAAGCGGT-1","7","Syp",0.561723904963709
"ACAATGGGTTTGACCG-1","1","Syp",0
"ACAATTCAGCAACCGT-1","3","Syp",0
"ACAATTCAGGTTCCTT-1","7","Syp",0.540788294797449
"ACACAAGGTAGGTATG-1","0","Syp",0
"ACACAAGGTAGTGCGG-1","6","Syp",1.3145138871729
"ACACACGCAATCCGCT-1","7","Syp",0.488604752292234
"ACACACGCACTTGGTC-1","1","Syp",0
"ACACACGCATGACGAT-1","4","Syp",1.83601257654151
"ACACAGTCACCAGGGT-1","8","Syp",1.37389858169033
"ACACCAATCAGTTGAT-1","9","Syp",0.821204616601352
"ACACCCAGTTCACTAA-1","5","Syp",0
"ACACCCTCAATCTGCC-1","2","Syp",0.859127514141131
"ACACGAAGTTTCGCTC-1","15","Syp",0
"ACACGATCAAGCCTGA-1","0","Syp",0
"ACACGGGGTCATGTCG-1","3","Syp",0
"ACACGGTTCAGCTCAA-1","6","Syp",0.889156045551194
"ACACGGTTCATGTCGA-1","10","Syp",0
"ACACGTTGTTGACCGC-1","0","Syp",0.844791450644434
"ACACTAGTCAGGAACG-1","4","Syp",0
"ACACTGATCACGCCGA-1","3","Syp",0
"ACAGAACAGGTTCCAA-1","4","Syp",0
"ACAGAACAGTGATCCA-1","6","Syp",0
"ACAGAATGTATTGCAC-1","0","Syp",0
"ACAGAATGTTCGGTTG-1","12","Syp",0
"ACAGACTCATCCGCAT-1","13","Syp",0.545535091027258
"ACAGACTCATCGACTC-1","5","Syp",0
"ACAGATGGTCAACTTA-1","11","Syp",0.504974879688483
"ACAGATGGTGGACTAA-1","0","Syp",1.43435353110473
"ACAGCAAGTTTACTGA-1","9","Syp",0.883788664672903
"ACAGCCACAGTTAGCG-1","1","Syp",1.0305524781713
"ACAGCGAAGGTTAGGG-1","8","Syp",0
"ACAGCTATCAATGTCG-1","6","Syp",1.57105085207692
"ACAGCTCAGTAAGGTA-1","7","Syp",0
"ACAGCTTGTTGGCGTC-1","2","Syp",0.848060491501383
"ACAGGAACATGTCGTC-1","3","Syp",0.824427032813331
"ACAGGATAGATAGACA-1","4","Syp",0
"ACAGGATAGGGCTCAT-1","9","Syp",0.931464973908336
"ACAGGATAGTCAAGCC-1","4","Syp",0
"ACAGGATAGTCTAGCA-1","2","Syp",0
"ACAGGCGGTGCGATCC-1","10","Syp",0
"ACAGGCTTCCTCGTGC-1","7","Syp",0.765692562443997
"ACAGGCTTCGATAGCC-1","3","Syp",0
"ACAGGGATCATGTCCT-1","0","Syp",1.57100052853098
"ACAGGGGCATCACGAG-1","10","Syp",0
"ACAGGTAGTTGTGACT-1","5","Syp",0
"ACAGGTGAGTGGCTTA-1","2","Syp",1.13295575489313
"ACAGGTTCAAATCCTT-1","1","Syp",0.593859430764357
"ACAGGTTCAACATCAA-1","8","Syp",0
"ACAGTTACATCACATT-1","1","Syp",1.32438959644307
"ACAGTTGTCTTGATCC-1","1","Syp",0
"ACAGTTTAGGCTATAT-1","4","Syp",0
"ACATAGAAGCCGCAAT-1","9","Syp",0
"ACATAGAAGCGACTTA-1","6","Syp",0
"ACATAGAAGGTAGATA-1","9","Syp",0
"ACATAGCCACCTCAGT-1","3","Syp",0.728867145144769
"ACATAGCCAGGGATGG-1","4","Syp",0
"ACATATCAGGAATGCG-1","0","Syp",0
"ACATATCAGGCTCCAG-1","0","Syp",0.703918547785037
"ACATATCAGTAAGCAA-1","0","Syp",0
"ACATATCAGTTAGCCA-1","1","Syp",0.750209365486756
"ACATCCCCAACCAGAT-1","0","Syp",0.863704098722563
"ACATCCCCAACGTTAA-1","0","Syp",1.65568956838066
"ACATCCCCAGGCAGTC-1","2","Syp",0.572592512438175
"ACATCCCCAGTTAGGT-1","0","Syp",0
"ACATCCGGTGATGATG-1","4","Syp",0
"ACATCCGGTTGTGCAT-1","2","Syp",0
"ACATCCTTCAAGTCCA-1","9","Syp",0
"ACATGAGGTATGTGAG-1","3","Syp",0
"ACATGAGGTGAGCCGA-1","2","Syp",0
"ACATGCATCGCTCTCA-1","4","Syp",1.78677689788359
"ACATGCATCTTGATCC-1","11","Syp",0.58421797719939
"ACATGCCAGGAATGGT-1","3","Syp",0
"ACATGGCTCATCTGTC-1","3","Syp",0.770962028338167
"ACATGGCTCCATGACA-1","4","Syp",0
"ACATGGCTCCGCATGG-1","13","Syp",0
"ACATGGCTCCTGTACT-1","5","Syp",0.541658710023031
"ACATGGTCAGCTACTC-1","6","Syp",1.26815206553509
"ACATGTTAGGCGTCAT-1","8","Syp",0
"ACATTCAGTTCCTCGT-1","6","Syp",0.92032968000578
"ACATTCCTCCGTATAG-1","10","Syp",0
"ACCAAACCAAGTCGTG-1","16","Syp",0
"ACCAAACCAATTAGTG-1","5","Syp",0
"ACCAAACCACAACGAT-1","1","Syp",0
"ACCAAACCACTTACAT-1","10","Syp",0
"ACCAAAGGTAATTCGC-1","9","Syp",0.931931324415227
"ACCAAATTCAAGTGCC-1","7","Syp",1.10168839113384
"ACCAACATCCGCGTAG-1","4","Syp",0
"ACCAAGCTCTCACCAT-1","11","Syp",0.596449415339333
"ACCAAGTCAAAGGTAG-1","0","Syp",0
"ACCAAGTCAGGCAGTC-1","13","Syp",0
"ACCAATGTCCTGCTGC-1","9","Syp",0.890932380983486
"ACCAATGTCGCTATGA-1","7","Syp",0.662382860992611
"ACCAATGTCGTAATGT-1","14","Syp",0
"ACCAATTAGAAGGAGA-1","6","Syp",1.57392569303943
"ACCACACAGAAGGTTA-1","0","Syp",1.31991626668374
"ACCACACAGCCGATGT-1","10","Syp",0
"ACCACCTCAACTGTGG-1","1","Syp",0.789856328853339
"ACCACCTCAAGCGTGC-1","2","Syp",0
"ACCACGTAGCGGTTAC-1","3","Syp",0
"ACCACTAAGCGAAGTG-1","3","Syp",0.823708634602901
"ACCACTAAGTAGCCAC-1","9","Syp",0
"ACCATAACAACATCGG-1","7","Syp",0.819828322038597
"ACCATAGTCCATCGCC-1","13","Syp",0
"ACCATATAGCATGTGC-1","3","Syp",0
"ACCATCAAGATTACCG-1","1","Syp",0
"ACCATCCCACCACACT-1","3","Syp",0.589569991277547
"ACCATTTCATGGTGTG-1","12","Syp",0
"ACCCAAATCATGGATT-1","10","Syp",0
"ACCCAAATCCTCAGTT-1","7","Syp",0.871919925906831
"ACCCAACAGTGATACT-1","0","Syp",0
"ACCCAATGTAAGGACC-1","2","Syp",0.780065008725637
"ACCCAATGTATGTGAG-1","6","Syp",0
"ACCCAGTAGCTACGCG-1","14","Syp",0
"ACCCATCCACAATCAA-1","6","Syp",0.591112580582305
"ACCCATCCAGCATGAT-1","2","Syp",0
"ACCCATGGTAGCTTAC-1","7","Syp",0.864498401194864
"ACCCATGGTTCGAATC-1","5","Syp",0
"ACCCCAAGTCTGTGGC-1","10","Syp",0
"ACCCCATCATAAGCGT-1","11","Syp",0
"ACCCCGAAGGCGCTCA-1","0","Syp",0.727205549137959
"ACCCCTGCAGCCTAGA-1","1","Syp",0
"ACCCCTGCATCCATCA-1","1","Syp",0
"ACCCCTTGTCTTGGTG-1","0","Syp",0
"ACCCCTTGTTGGCGCT-1","1","Syp",0.61206622479265
"ACCCGAACAAATGCGT-1","5","Syp",0.490438157509909
"ACCCGAACAAGTCGAT-1","4","Syp",0
"ACCCGAACAGGTTGGC-1","8","Syp",0
"ACCCGAACAGTAAGGA-1","14","Syp",0
"ACCCGATAGCGATCCG-1","4","Syp",0
"ACCCGCTTCATCACCT-1","8","Syp",0
"ACCCGCTTCCACCGTC-1","4","Syp",0
"ACCCGTTCACGCCATT-1","4","Syp",0
"ACCCGTTCATTAGCCC-1","2","Syp",0.790876045604149
"ACCCTATTCCTCACCA-1","14","Syp",0
"ACCCTCGCAACCCGAA-1","2","Syp",1.58370292872339
"ACCCTCGCACAGCAAT-1","9","Syp",1.16716740607241
"ACCCTCGCATAGAGAG-1","15","Syp",0
"ACCCTGCTCCCGCTAC-1","13","Syp",0.413906274635268
"ACCCTTTAGCTATGGC-1","14","Syp",0
"ACCCTTTAGGCGAGTA-1","6","Syp",0.62643478343041
"ACCGAAAGTCAAGCAA-1","16","Syp",0
"ACCGAAAGTGAGTAGC-1","9","Syp",1.6912177671338
"ACCGAAAGTGATCCAT-1","6","Syp",0
"ACCGAGGGTGAGTTGA-1","3","Syp",0.445453936740921
"ACCGATGCACCTAACC-1","4","Syp",0
"ACCGATGCACTTACCA-1","4","Syp",0
"ACCGATTGTAACGGGT-1","1","Syp",0.617487189154794
"ACCGGATTCAGGGACA-1","0","Syp",0
"ACCGGCTGTGATGGGT-1","2","Syp",1.21140883090734
"ACCGGCTGTTTGGGTT-1","5","Syp",0.970021675220494
"ACCGGTTAGCAAGCTC-1","3","Syp",0
"ACCGTTGGTGGCGAAT-1","12","Syp",0
"ACCTAACGTCTGGTGC-1","2","Syp",0.822561943002871
"ACCTAACGTTAGACAG-1","3","Syp",0
"ACCTAACGTTTGCGTG-1","5","Syp",0
"ACCTAAGTCACACACA-1","4","Syp",0
"ACCTAAGTCGACTGAC-1","14","Syp",1.35013839524114
"ACCTACCCAAATTCAG-1","8","Syp",0
"ACCTACCCAGTTAGCG-1","0","Syp",1.44574118273969
"ACCTACTTCACTCCAT-1","7","Syp",0.351835082857
"ACCTATGAGCATGTAT-1","4","Syp",0
"ACCTATGAGGGTTAGG-1","1","Syp",0
"ACCTCCATCTATGAGT-1","9","Syp",0
"ACCTCCGCAACTGGTG-1","3","Syp",0
"ACCTCCGCAGCTAGAT-1","2","Syp",0.464636757458816
"ACCTCTTAGCCGACAT-1","1","Syp",0.706822258450216
"ACCTCTTAGCTATCCT-1","1","Syp",1.27202018532068
"ACCTCTTAGGAACCGA-1","1","Syp",0.657237273968885
"ACCTCTTAGGATTGGG-1","4","Syp",0
"ACCTGATGTGAAGCTA-1","3","Syp",0
"ACCTGCCTCAGCCAAC-1","5","Syp",0
"ACCTGCCTCCACCTTG-1","4","Syp",0
"ACCTGGACATGGAACT-1","5","Syp",0
"ACCTGTCCAAATTCGA-1","3","Syp",0
"ACCTGTCCACATGACG-1","13","Syp",0.655495896441946
"ACCTTAAGTGCAAGTA-1","15","Syp",0
"ACGAACCTCTCATCAC-1","2","Syp",0
"ACGAAGGTCACGCGAT-1","3","Syp",0.673870528216599
"ACGAATCCACCTTAAT-1","14","Syp",0
"ACGAATGGTAACGTCT-1","0","Syp",0
"ACGACGAAGATTAGAG-1","1","Syp",0
"ACGAGCAAGTCAGTTG-1","0","Syp",0.834035513707985
"ACGAGCAAGTTGGTAT-1","12","Syp",0
"ACGAGTAGTAAGTTGG-1","1","Syp",0
"ACGAGTAGTCAGGAGT-1","6","Syp",0
"ACGAGTAGTCCATCGA-1","3","Syp",0
"ACGAGTGAGGAGGCTA-1","8","Syp",0
"ACGATATTCACTGGGT-1","0","Syp",0
"ACGATATTCTGGATAT-1","4","Syp",1.60116946017492
"ACGATGGAGCTAGGGA-1","5","Syp",1.32172834063543
"ACGATGGAGCTGGTTA-1","2","Syp",0.54298483490968
"ACGATTGTCAGGAGCA-1","3","Syp",0
"ACGATTGTCCGGTTGG-1","1","Syp",0.573740394168128
"ACGCAATCAAGTCGTG-1","3","Syp",0.545169266903824
"ACGCAATCAATCAGTA-1","5","Syp",1.0819605337785
"ACGCAGCCACTCGGAA-1","4","Syp",0
"ACGCAGCCATAGAGCT-1","2","Syp",1.0707426948962
"ACGCAGCCATAGATTG-1","10","Syp",0
"ACGCATATCGTGAGTC-1","6","Syp",0.975341731087727
"ACGCCAACAGGAATCT-1","1","Syp",0.707917591932575
"ACGCCAACAGGATGCC-1","5","Syp",0
"ACGCCATAGCTAAGGG-1","3","Syp",0
"ACGCCATAGTCAAGCC-1","13","Syp",1.03732519832555
"ACGCGAAAGCCAGCCA-1","15","Syp",0
"ACGCGATTCACAGCAC-1","9","Syp",0
"ACGCGATTCCGCATGG-1","0","Syp",0
"ACGCGCATCGCTTGAA-1","3","Syp",0.694901786850427
"ACGCGCATCGTGCCCT-1","11","Syp",1.23544735563538
"ACGCTAATCGACATAT-1","4","Syp",0
"ACGCTATGTCAGGGCA-1","0","Syp",0
"ACGGACAAGGGTCAAG-1","9","Syp",0
"ACGGACAAGGTCATAT-1","2","Syp",0.536803296413186
"ACGGACAAGTCAGTAT-1","6","Syp",0
"ACGGACCCAAATGGAG-1","1","Syp",0.951785585241207
"ACGGACCCAACGGTCA-1","2","Syp",1.02645431013525
"ACGGACCCAATCCTGC-1","13","Syp",0.797287439812542
"ACGGATTCAATCGGCA-1","5","Syp",0.628754527703575
"ACGGATTCATTAGTAG-1","4","Syp",0
"ACGGCAAAGGGGATCA-1","1","Syp",0.639480364674378
"ACGGCAAAGGTAGTCC-1","13","Syp",1.04481236085978
"ACGGCCATCTATGCCT-1","6","Syp",1.07270006545619
"ACGGCTTAGGTGAGCA-1","11","Syp",1.41125418690513
"ACGGGCTCAAATCGCG-1","5","Syp",1.16299270866874
"ACGGGCTCAGGACATT-1","5","Syp",0
"ACGGGCTCATAGGCGC-1","4","Syp",0
"ACGGGCTCATGCTCCG-1","6","Syp",0.910273257134524
"ACGGGCTCATGGTACG-1","1","Syp",0
"ACGGGGACACATTCGC-1","4","Syp",0
"ACGGGGACACCTATAT-1","5","Syp",0.649279063672526
"ACGGGGACACTATGGG-1","1","Syp",0
"ACGGGGTAGTCATCTC-1","0","Syp",0.596376139730538
"ACGGGTAAGAAGGGCC-1","5","Syp",0
"ACGGGTAAGTAAGGTA-1","15","Syp",0
"ACGGGTAAGTAGGAGT-1","1","Syp",0.618986465790177
"ACGGTCACACCATACC-1","3","Syp",0
"ACGGTCACATGCGTAG-1","0","Syp",0.637456310682117
"ACGGTGAAGTAGCCAC-1","1","Syp",0
"ACGGTGAAGTGATACT-1","15","Syp",0
"ACGGTTATCGATTGCA-1","3","Syp",0.669561067785595
"ACGGTTGCATAATTCC-1","1","Syp",0.66858538719543
"ACGTAAGGTAGGTCGG-1","0","Syp",0
"ACGTATTAGCTAAGGG-1","8","Syp",0
"ACGTATTAGTAAGTGA-1","11","Syp",0.736613758707948
"ACGTCAATCATGCCGG-1","9","Syp",0
"ACGTCAATCCGTAGCG-1","5","Syp",0
"ACGTCACAGCTATGCA-1","10","Syp",0
"ACGTCCTCAAACTGAC-1","1","Syp",0.850741192340298
"ACGTCCTCAGCCAGGT-1","3","Syp",0.681118067793261
"ACGTCTAAGATAGTGA-1","15","Syp",0
"ACGTCTAAGGGCTATC-1","3","Syp",0
"ACGTCTAAGTCAGTTG-1","0","Syp",0
"ACGTGAGAGCTAGGCT-1","3","Syp",0
"ACGTGAGAGTCGACAC-1","6","Syp",0.930906012852557
"ACGTGGTTCCTTAGTC-1","10","Syp",0
"ACGTGTTGTAATGGCA-1","11","Syp",1.25446199151896
"ACGTGTTGTCTGGCAC-1","0","Syp",0
"ACGTTAACAATCTCAT-1","6","Syp",0
"ACGTTAGTCGTAACCA-1","1","Syp",0
"ACGTTCAAGCAACTGC-1","11","Syp",0.644169334856129
"ACGTTTGAGCATGAGG-1","14","Syp",0
"ACGTTTGAGGTTCCAA-1","8","Syp",0
"ACTAACTAGTATGACT-1","7","Syp",0
"ACTAAGCCACCAACTC-1","1","Syp",0.804662244213421
"ACTAAGCCAGGTTCGA-1","7","Syp",0.463059669896409
"ACTAAGGGTTGTCTGG-1","3","Syp",0
"ACTAAGGGTTGTGGAA-1","13","Syp",0.945580490076459
"ACTACAACAACTATCT-1","10","Syp",0
"ACTACCCCAACCCGAA-1","1","Syp",0.414463123827725
"ACTACCCCAGTAATTG-1","2","Syp",1.03968313886439
"ACTACCTTCACAGGAG-1","4","Syp",0
"ACTACTTCATAAGCAC-1","6","Syp",0.86633119627402
"ACTATCAGTAATCGGA-1","2","Syp",0.927752088281008
"ACTATCAGTTCACGCA-1","1","Syp",0.553178360995214
"ACTATCAGTTCGCATG-1","11","Syp",0
"ACTATGGTCCGGACAT-1","4","Syp",0
"ACTATGGTCCGTTACT-1","0","Syp",0.790579713690247
"ACTATTGGTAGCGGAT-1","7","Syp",0.690656519247493
"ACTCACAAGTGTCATG-1","6","Syp",0
"ACTCACCCATAGAGCT-1","5","Syp",0.690557279719911
"ACTCAGGCAATTAGGC-1","3","Syp",0.550026594055964
"ACTCATTCAAGTTAGC-1","9","Syp",0
"ACTCATTCAGCCATAG-1","1","Syp",0
"ACTCCAAAGCAGGCTT-1","11","Syp",0.75121327806609
"ACTCCACCAGGCAGCT-1","1","Syp",0.527725182377649
"ACTCCCATCACTCGTT-1","3","Syp",0
"ACTCCCATCAGGTCCG-1","7","Syp",0
"ACTCCCGCAGGCTATG-1","7","Syp",0
"ACTCCCTGTTGCACGC-1","4","Syp",0
"ACTCCCTGTTTGCCAG-1","3","Syp",0.781347199013306
"ACTCCTTAGCCTAAGC-1","0","Syp",0.819852010005911
"ACTCCTTAGTACGCTA-1","7","Syp",0.913345882108209
"ACTCGAATCCAGCGAT-1","4","Syp",0
"ACTCGATGTGAGGATC-1","4","Syp",0
"ACTCGCCTCCTGCGAG-1","7","Syp",0.861567199051115
"ACTCTCACAAGGGTAA-1","15","Syp",0
"ACTCTCACAGTTAGCG-1","3","Syp",1.12650418104038
"ACTCTGTTCAGCACGT-1","2","Syp",0
"ACTCTGTTCGCTCGCT-1","12","Syp",0
"ACTCTTGCAACATTAG-1","1","Syp",0.773908537204404
"ACTGAGGAGAAGCGCA-1","7","Syp",0
"ACTGATTAGTTAGCTG-1","1","Syp",0.800179706970087
"ACTGCATGTAACCCAT-1","11","Syp",0.780769665941764
"ACTGCATGTTTCGGCA-1","4","Syp",1.97242949798354
"ACTGCCTCAAGCTGAT-1","1","Syp",0.597440453572552
"ACTGCTAAGCAAGGCA-1","7","Syp",1.04413588534703
"ACTGCTAAGCTTCCTG-1","3","Syp",0
"ACTGCTGGTCTAGTGT-1","4","Syp",0
"ACTGGTTGTCAAGGCG-1","3","Syp",0
"ACTGGTTGTGCATCCA-1","5","Syp",0
"ACTGGTTGTTTCCATT-1","5","Syp",1.2835035640263
"ACTGGTTGTTTCCTGC-1","5","Syp",0
"ACTGTCAAGCTTACGA-1","7","Syp",0.666043950614367
"ACTGTGATCCACCGGA-1","4","Syp",1.27072784947044
"ACTGTGATCTGTCTAC-1","3","Syp",0
"ACTGTTAGTTACACTA-1","10","Syp",0
"ACTTAACAGATAGCCC-1","1","Syp",1.11902116029932
"ACTTAACAGGCGTCAT-1","5","Syp",0.593859430764357
"ACTTACTCAACCGTGA-1","4","Syp",0
"ACTTAGGTCCTGTCTG-1","12","Syp",0
"ACTTCTATCCGTAGAC-1","13","Syp",0
"ACTTCTATCGATTGGC-1","3","Syp",0
"ACTTGAGTCGCTATCT-1","7","Syp",0
"ACTTGGATCATCAAGT-1","8","Syp",0
"ACTTGGATCATGCGAC-1","2","Syp",0
"ACTTTAGGTTAGCATC-1","11","Syp",0.411797136375559
"ACTTTAGGTTTCAGCG-1","8","Syp",0
"ACTTTCGCACCTCAGT-1","12","Syp",0
"ACTTTGCTCACGCCAG-1","10","Syp",0
"ACTTTGCTCATGAGTT-1","10","Syp",0
"ACTTTGCTCTATGAAC-1","2","Syp",0.997015525353875
"ACTTTGGAGCGATGTC-1","1","Syp",1.13560233362859
"AGAAGGGGTGCATTAC-1","13","Syp",0
"AGAAGGTTCAATTGCG-1","6","Syp",1.26321765833368
"AGAAGTCAGCCAATCA-1","11","Syp",0
"AGAAGTCAGCCTGGAT-1","11","Syp",0
"AGAAGTTGTGAGACGT-1","0","Syp",1.66338806773757
"AGAATTGAGATAGCTT-1","0","Syp",1.02279040254464
"AGAATTGAGCAAGCGA-1","6","Syp",0
"AGAATTGAGGATTGGG-1","2","Syp",1.01163273094505
"AGAATTGAGGTTAGCC-1","2","Syp",1.04760794078039
"AGACAACAGCCTGTAA-1","5","Syp",0
"AGACAGACATGCTCTA-1","1","Syp",0.556844226626036
"AGACATAAGGTCACAC-1","7","Syp",0.610024989685519
"AGACATGGTAATCACC-1","11","Syp",0.449115459165565
"AGACGAACACTTCGAC-1","9","Syp",0
"AGACGATAGTAGCCCG-1","15","Syp",0
"AGACGCAAGCCATGAC-1","8","Syp",0
"AGACGCGGTTGGGCAG-1","2","Syp",0.771024474929959
"AGACGGATCAAGTCGC-1","7","Syp",0
"AGACTCGCAAAGGGTA-1","1","Syp",0
"AGACTGCTCACCTGGG-1","12","Syp",0
"AGACTGCTCATCAAGT-1","6","Syp",0
"AGACTGCTCCCTCAGC-1","8","Syp",0
"AGACTTACAACGGTGC-1","13","Syp",0.681166285014553
"AGACTTACACCTGCTG-1","0","Syp",1.16772654983742
"AGAGAATCAGGATGAA-1","0","Syp",0
"AGAGAATCATCACTAT-1","3","Syp",0
"AGAGACCGTTACACAC-1","9","Syp",0
"AGAGACCGTTTACACA-1","6","Syp",0
"AGAGAGAAGGTACTAT-1","4","Syp",0
"AGAGAGAAGTCAGTTG-1","6","Syp",0.857952275012787
"AGAGAGGGTCAATGCT-1","8","Syp",0
"AGAGATGCAAACCAGT-1","2","Syp",1.31814325354427
"AGAGATGCAATACTGA-1","6","Syp",0
"AGAGATTGTGGCGACA-1","4","Syp",0
"AGAGGAGGTGAACGCG-1","11","Syp",0.76921782133258
"AGAGGAGGTTCCGGTA-1","15","Syp",0
"AGAGGCGCAGGAGCAG-1","14","Syp",1.66686356814862
"AGAGGCTGTGGCGTGA-1","5","Syp",0
"AGAGGCTGTTATCATG-1","8","Syp",0
"AGAGGGTCATCAAGCG-1","5","Syp",1.16724361791524
"AGAGTAATCACGGATC-1","7","Syp",0
"AGAGTAATCGACTATG-1","5","Syp",0
"AGAGTATGTAACGAAT-1","5","Syp",1.00830350856397
"AGAGTATGTTAAGCAG-1","6","Syp",0
"AGAGTCCTCAGCGAGA-1","7","Syp",0
"AGAGTCCTCCTGCTAT-1","2","Syp",0.940412070393592
"AGAGTTGGTGGCCAAG-1","0","Syp",0
"AGAGTTGGTTTGAGAG-1","0","Syp",1.29291860306141
"AGCAAATGTCTTGATA-1","0","Syp",0
"AGCAAATGTTTCGGGC-1","3","Syp",0
"AGCAAGGTCTGGCACG-1","1","Syp",1.27054347247737
"AGCAATCCAAGTTCGG-1","4","Syp",0
"AGCAATCCAGGGCTAC-1","2","Syp",0
"AGCAATTTCGATCGGT-1","10","Syp",0
"AGCACCACATGGTGCA-1","1","Syp",0.738662995369728
"AGCACGTTCGATCCAA-1","1","Syp",0
"AGCACTATCAATCCAG-1","1","Syp",0.433828082045197
"AGCACTATCTGGCTAA-1","1","Syp",1.17326096833815
"AGCATCATCTCATCAC-1","5","Syp",2.02594562233073
"AGCATCGCAACTAAGC-1","1","Syp",0
"AGCATCTGTTAGTCGT-1","0","Syp",0.765692562443997
"AGCATCTGTTGTAACC-1","14","Syp",0.418475100593862
"AGCATGAGTTTCCAGG-1","12","Syp",0
"AGCATGGAGGTACTTG-1","11","Syp",0
"AGCATTGTCACTCATC-1","11","Syp",0.485099512324904
"AGCATTGTCCGTTAAG-1","15","Syp",0
"AGCATTTAGCTAGTTG-1","0","Syp",0
"AGCCAAAGTCAAGCAA-1","8","Syp",0
"AGCCAAAGTGCGGTAG-1","4","Syp",0
"AGCCAATCAATTCATC-1","2","Syp",0.523457025306547
"AGCCAATCACCTTAGC-1","6","Syp",0
"AGCCAATCAGCCTAGA-1","12","Syp",0
"AGCCAATCATTAATCC-1","6","Syp",0
"AGCCACTAGATAGCGG-1","7","Syp",1.04539010973865
"AGCCAGCCACATGATA-1","0","Syp",1.37345797636993
"AGCCAGCCAGCCTATC-1","1","Syp",1.51105060760612
"AGCCAGCCAGGTAGGG-1","7","Syp",0
"AGCCAGCCAGTTGGTG-1","4","Syp",0
"AGCCAGCCATAACGCG-1","14","Syp",0
"AGCCAGCCATGAAGTC-1","4","Syp",0
"AGCCATCAGATAGTCT-1","11","Syp",0.871798496991436
"AGCCATCAGGTCAACC-1","10","Syp",0
"AGCCATTGTAGCGACG-1","9","Syp",0
"AGCCATTGTAGTTGAG-1","16","Syp",0
"AGCCATTGTGGCCATC-1","9","Syp",1.18823422423321
"AGCCCATAGCCGAGTT-1","1","Syp",0.675382995212633
"AGCCCCAAGAAGCTCC-1","12","Syp",0
"AGCCCCTTCACCCTGC-1","7","Syp",0.812182250936039
"AGCCCGATCCAATGAT-1","2","Syp",0.64906084828735
"AGCCCGATCCGGTACG-1","0","Syp",0
"AGCCCTAGTTCACGCA-1","6","Syp",1.0242754343282
"AGCCCTAGTTGCCTCT-1","2","Syp",0.654340276823777
"AGCCGAAAGATTAACC-1","10","Syp",0
"AGCCGAAAGCCGACTG-1","8","Syp",0
"AGCCGATTCAGTGCCG-1","5","Syp",1.05744053153913
"AGCCGATTCGCTCAGG-1","4","Syp",0
"AGCCGTTAGATTAGCT-1","11","Syp",0.572188503300578
"AGCCGTTAGCGCAATC-1","2","Syp",1.74703059394021
"AGCCTCAGTAAGTCAG-1","0","Syp",1.2672350011039
"AGCCTCAGTCTTGAAC-1","0","Syp",0.677664953897235
"AGCCTCAGTTTGAGCT-1","11","Syp",0
"AGCCTCAGTTTGGCGC-1","0","Syp",0
"AGCCTCCTCGACCGTG-1","14","Syp",0.972878526027605
"AGCCTCCTCTAACCAG-1","2","Syp",0.431451660926515
"AGCCTCTCATAAGGAG-1","5","Syp",0.764034498373514
"AGCCTGACAAGCGGTC-1","5","Syp",0.58442873305867
"AGCCTGACACATTCCA-1","10","Syp",0
"AGCCTGACACTCATAT-1","6","Syp",0.884455812667098
"AGCCTGACATGGTCAG-1","5","Syp",0
"AGCCTTGGTATAGACG-1","7","Syp",1.22067836431938
"AGCGACAAGTGACGAG-1","3","Syp",0
"AGCGACCCACTCAACC-1","9","Syp",1.39262763184912
"AGCGACCCAGGATCAT-1","12","Syp",0
"AGCGAGGCATTCCTCT-1","1","Syp",1.57140322504999
"AGCGATAGTAGTAACG-1","16","Syp",0
"AGCGATAGTGCGGACA-1","3","Syp",0
"AGCGATAGTGGGTTAA-1","6","Syp",0
"AGCGATGAGTGCTTAG-1","2","Syp",0
"AGCGATTCAGGTAGCC-1","5","Syp",0.90410627877352
"AGCGCAGGTAAGTCTC-1","6","Syp",1.49171515742722
"AGCGCAGGTTTGGGCC-1","3","Syp",0.695102901665717
"AGCGCCATCACCTGCC-1","1","Syp",0.728423278360987
"AGCGCCTGTAATGCAG-1","0","Syp",0
"AGCGCCTGTGGCCATC-1","1","Syp",0.501920378953883
"AGCGGATGTTAGAGTG-1","2","Syp",0
"AGCGGGACAAACCATA-1","2","Syp",0.45884259489886
"AGCGGGACAAGTCCTC-1","11","Syp",0.712440383494624
"AGCGTCCGTAACCACT-1","14","Syp",1.63354724111964
"AGCGTTGCACTAGGAT-1","9","Syp",1.13739831370327
"AGCGTTGCACTTAACT-1","2","Syp",1.02695265776287
"AGCTAACCAAATGCAC-1","3","Syp",0
"AGCTAAGGTGCAGGCA-1","1","Syp",0
"AGCTAAGGTTCACTAA-1","7","Syp",0.571482894556979
"AGCTACGCAAGCTAAC-1","5","Syp",0
"AGCTACGCATCCCAAC-1","0","Syp",0
"AGCTGAGAGTTAATGC-1","2","Syp",0
"AGCTGGTTCTCACCTG-1","2","Syp",1.12152654819099
"AGCTGTTGTTGAAGGC-1","15","Syp",0
"AGCTTAGTCCTGCTAT-1","2","Syp",0.63195782277011
"AGCTTTAGTTAAGTGG-1","14","Syp",0
"AGCTTTAGTTTACTCT-1","10","Syp",0
"AGCTTTAGTTTGGGTT-1","2","Syp",0
"AGGAACTAGGCGATGA-1","6","Syp",0.796684863983577
"AGGAATGCATCCTGCG-1","6","Syp",0.79903361613107
"AGGAATGCATGCTGCT-1","3","Syp",0
"AGGACAACAAAGGGAC-1","6","Syp",0
"AGGACAACATTCGGAG-1","4","Syp",0
"AGGACATAGCTATACG-1","13","Syp",0.471146452142364
"AGGACCCCAATATGGC-1","0","Syp",1.26004252540555
"AGGACCCCAGCACTAG-1","5","Syp",0
"AGGACCCCATAGGCCA-1","2","Syp",1.0284123854335
"AGGACTAGTTGACTAC-1","5","Syp",0
"AGGCACGGTGCGTACC-1","0","Syp",0
"AGGCACGGTTGTCCGA-1","0","Syp",0.822991557126856
"AGGCAGGCACAGGATT-1","5","Syp",0
"AGGCATAGTGCGTACC-1","10","Syp",0
"AGGCATAGTTCCTTGC-1","3","Syp",0
"AGGCATTCATTGGCGA-1","0","Syp",0.832124253372313
"AGGCCAAAGAACCTGC-1","13","Syp",0.868212377909517
"AGGCCAAAGATACTAC-1","0","Syp",0
"AGGCCAAAGGCGAGGT-1","8","Syp",0
"AGGCCAAAGTGACCCG-1","0","Syp",0
"AGGCCAGGTAGCGATA-1","7","Syp",0.989929932876264
"AGGCCAGGTAGTGATG-1","6","Syp",0
"AGGCCAGGTCTGGTGC-1","13","Syp",0
"AGGCCATTCAGCTGGT-1","5","Syp",1.09021665529844
"AGGCCATTCAGGTCCG-1","6","Syp",0
"AGGCCCATCCCCAATT-1","5","Syp",0.671193782093091
"AGGCGAATCACGCAAC-1","3","Syp",0.788282855521318
"AGGCGTTTCCAGATGC-1","7","Syp",0.697424454661848
"AGGCGTTTCTTGAGGC-1","3","Syp",0
"AGGCTCACAACTACCC-1","8","Syp",0
"AGGCTCACATCACGGA-1","10","Syp",0
"AGGCTCCGTTGACTGT-1","4","Syp",0
"AGGCTTGCAGGCAGGA-1","8","Syp",0
"AGGGAACCAAGTGTGT-1","4","Syp",0
"AGGGAACCAATGCCCT-1","14","Syp",0
"AGGGAACCAGCACGTA-1","3","Syp",0
"AGGGAACCAGCACTGA-1","6","Syp",0.49657667802447
"AGGGAACCATCGCTCG-1","2","Syp",0
"AGGGAAGGTTAACGCT-1","0","Syp",0
"AGGGATTAGGCACATC-1","1","Syp",0.787237529246732
"AGGGCAATCACTCCAT-1","5","Syp",0
"AGGGCAATCATGCACA-1","7","Syp",0.664025176112237
"AGGGCATGTATGGCTT-1","0","Syp",0
"AGGGCATGTCTCAGGC-1","3","Syp",0
"AGGGCATGTCTCCACT-1","8","Syp",0
"AGGGCATGTGGACCTC-1","8","Syp",0
"AGGGCATGTTAGTGTC-1","0","Syp",0
"AGGGCTAAGTCGAGTC-1","0","Syp",0
"AGGGCTAAGTGATAGA-1","8","Syp",0
"AGGGGTTGTCATTACA-1","8","Syp",0
"AGGGGTTGTGACTCGC-1","6","Syp",0.623690379581954
"AGGGGTTGTTCGTCCT-1","5","Syp",0.598951864628185
"AGGGGTTGTTTGCAGT-1","0","Syp",0
"AGGGTCAAGAACCATT-1","4","Syp",0
"AGGGTCAAGAAGCGAT-1","1","Syp",0
"AGGGTCAAGCCAGAGA-1","5","Syp",0
"AGGGTTGAGGCTAGAG-1","2","Syp",0.614861895974122
"AGGTAAATCACCTGAA-1","7","Syp",0.836400617746208
"AGGTATGGTCTAATTG-1","8","Syp",0
"AGGTATGGTCTAGCCA-1","0","Syp",0
"AGGTATGGTTGCTAAC-1","11","Syp",1.12770325337866
"AGGTGATAGGTAGCGA-1","11","Syp",0
"AGGTGATAGTGAGTGG-1","16","Syp",0
"AGGTGCAAGAAGCCAG-1","5","Syp",1.60869166363211
"AGGTGCAAGCCGATAC-1","4","Syp",2.07247287236374
"AGGTGCAAGTCATGGC-1","15","Syp",0
"AGGTGCTTCCAGGTTA-1","1","Syp",0
"AGGTGTGAGGTCGAAG-1","2","Syp",0
"AGGTTAAAGTTGCGGT-1","4","Syp",0
"AGGTTAGGTAGTCCTG-1","1","Syp",0
"AGGTTAGGTTAACTGC-1","7","Syp",0.829056312229628
"AGGTTAGGTTTGAGGA-1","4","Syp",0
"AGGTTCATCACTGTCT-1","10","Syp",0
"AGGTTCGCACTAACCC-1","0","Syp",0
"AGTAACCCAAGCTCTC-1","5","Syp",0.640837133309422
"AGTAACCCAAGTGATC-1","0","Syp",0
"AGTAATGAGTAGTCCA-1","12","Syp",0
"AGTACAGGTGGGTACG-1","7","Syp",0.775169552337231
"AGTACAGGTTTACGCG-1","5","Syp",0.789659283585887
"AGTACCATCCTGAATG-1","4","Syp",0
"AGTACCATCTAGTAAC-1","5","Syp",0.475967219745832
"AGTACCTGTTAAGCGA-1","3","Syp",1.18736261507518
"AGTACGGAGAATCGGG-1","7","Syp",0.675382995212633
"AGTACGGAGGATCCGT-1","7","Syp",0
"AGTATAGAGTAGCCGT-1","3","Syp",0
"AGTATCACACAACCCT-1","1","Syp",0.986911358965316
"AGTATCACATAGAGTC-1","5","Syp",0.904281240357652
"AGTATCACATCATATC-1","2","Syp",0.576733457415746
"AGTATCCGTGATTGAG-1","5","Syp",0.735933317095064
"AGTATCCGTTTGGTGT-1","6","Syp",0
"AGTATGAAGGAATTGA-1","2","Syp",0.636616858127942
"AGTATGGGTGAAGTAT-1","0","Syp",0.947316876819636
"AGTATGGGTTCGCTGA-1","5","Syp",0
"AGTATGGGTTTCGGCA-1","13","Syp",0
"AGTATTCAGCCATGAC-1","1","Syp",0.808714394348047
"AGTATTGCATAGGGCC-1","7","Syp",0.61466690140149
"AGTCAAGGTATAGCAG-1","12","Syp",0
"AGTCAAGGTGAGGCCA-1","5","Syp",0.492162043573377
"AGTCAAGGTGGACCCT-1","3","Syp",0
"AGTCAAGGTTAGGGTA-1","6","Syp",0
"AGTCAGCTCGCTCTCA-1","9","Syp",1.01487371444014
"AGTCAGTCAAGTAGTC-1","0","Syp",0
"AGTCAGTCAGGCAGAG-1","8","Syp",0
"AGTCCAGCATGAAGTC-1","4","Syp",0
"AGTCCCAGTTAGACGA-1","11","Syp",0
"AGTCCCTCATCGAAGT-1","1","Syp",0.705419147592356
"AGTCCTGGTAACCGAA-1","3","Syp",0.90753111829544
"AGTCCTGGTAGGTCGG-1","8","Syp",0
"AGTCGAAGTTGTGAGA-1","3","Syp",0
"AGTCGGGGTCAACCGC-1","14","Syp",1.37038283208645
"AGTCGGTTCCTTCGGC-1","7","Syp",0.764954714616126
"AGTCGTTGTCAGTAGA-1","4","Syp",0
"AGTCTCAAGATTCAGT-1","5","Syp",1.02875877112972
"AGTCTCAAGTAATGTC-1","0","Syp",0
"AGTCTTGAGGCGAAGC-1","12","Syp",0
"AGTGAACAGGCAACTC-1","4","Syp",0
"AGTGAATGTTCGTCAG-1","3","Syp",0.949739917286108
"AGTGACAGTGAGCGAT-1","10","Syp",2.54451814694951
"AGTGAGGTCATGCTTC-1","5","Syp",0
"AGTGAGTAGCGAACTC-1","10","Syp",0
"AGTGATGGTAGTCAAG-1","3","Syp",0
"AGTGATGGTTTGCATA-1","1","Syp",0.758199608195567
"AGTGATTTCCGTGTAA-1","0","Syp",0
"AGTGATTTCCTGGTAA-1","2","Syp",0.631627728735908
"AGTGCATCAGTAAGTC-1","5","Syp",0.835142392768153
"AGTGCGCCAACTAAGC-1","8","Syp",0
"AGTGCGCCATGGCAAT-1","11","Syp",1.10235961639372
"AGTGCGGGTGATTCCG-1","1","Syp",1.37136954006002
"AGTGCGGGTTGCGGCT-1","6","Syp",0
"AGTGCTTGTAATCACC-1","14","Syp",0
"AGTGCTTGTGAGTCCC-1","13","Syp",1.0276051369258
"AGTGGAACACAATGAC-1","14","Syp",0
"AGTGGCTTCACCTGGG-1","1","Syp",0
"AGTGGCTTCAGGCAGA-1","3","Syp",0
"AGTGGCTTCTGGCCTC-1","3","Syp",0.691949336535706
"AGTGGTTCAACCCGAA-1","5","Syp",0
"AGTGGTTCAATCCCGT-1","4","Syp",0
"AGTGGTTCATGAGTGT-1","9","Syp",0
"AGTGGTTCATTGCCCG-1","8","Syp",0
"AGTGTAAAGCCAATGC-1","6","Syp",0
"AGTGTCATCACGTGCG-1","3","Syp",0
"AGTGTCATCACTTGAG-1","8","Syp",1.24831654053823
"AGTGTCATCAGCACCG-1","2","Syp",0.93520984216892
"AGTGTCATCGCGTGAT-1","1","Syp",0
"AGTGTCGCATGGATCG-1","11","Syp",0
"AGTGTGAGTTTAGCGT-1","5","Syp",0
"AGTGTGGAGATAGGCG-1","5","Syp",0.910628371342096
"AGTTAGAAGCGGTCTG-1","1","Syp",0
"AGTTAGAAGTGCGCCA-1","0","Syp",0
"AGTTAGCCAACCCTTA-1","4","Syp",0
"AGTTAGCCAAGGGTCC-1","8","Syp",0
"AGTTAGCCAATGTCGG-1","15","Syp",0
"AGTTGAAAGCATCTCT-1","5","Syp",0
"AGTTGAGGTATTGCCG-1","2","Syp",0
"AGTTGCATCCTGTACT-1","4","Syp",1.99185462510597
"AGTTGGGAGTAGTCTG-1","8","Syp",0
"AGTTGGTCAAGTTCGG-1","4","Syp",0
"AGTTGGTCATCGCTAC-1","8","Syp",0
"AGTTTGGTCACAGGAG-1","15","Syp",0
"AGTTTGGTCAGCCAAC-1","1","Syp",0
"ATAACCACACAACCGA-1","0","Syp",0
"ATAACGAAGTCATGGC-1","8","Syp",0
"ATAACGGGTCCCGATA-1","3","Syp",0.751686681198616
"ATAACGGGTTCCCGAA-1","1","Syp",0.470694662367711
"ATAACGGGTTTACTGA-1","1","Syp",1.29330230698421
"ATAACGTTCAGCAGTC-1","9","Syp",0
"ATAACGTTCCCATTAC-1","8","Syp",0
"ATAACGTTCGCGCATG-1","4","Syp",0
"ATAACGTTCGTTAAGT-1","8","Syp",0
"ATAAGCAAGCAGTTCA-1","0","Syp",1.06138077407076
"ATAAGCAAGCGGCATT-1","10","Syp",0
"ATAAGCTTCAGGGAAT-1","6","Syp",1.03879754512904
"ATAAGGATCACAGCGT-1","6","Syp",0
"ATAAGGATCCGGACAT-1","8","Syp",0
"ATAAGGATCCTCGACC-1","1","Syp",1.37250444779995
"ATAATCGCAAGCCTGA-1","6","Syp",1.70759712621204
"ATAATGCTCAGCGGAA-1","7","Syp",0.633157407546613
"ATAATGCTCCGGTTGG-1","3","Syp",0
"ATAATGCTCCTTAGAG-1","7","Syp",1.21950047854848
"ATACCAACACATACCC-1","3","Syp",0
"ATACCATAGGTGATGG-1","10","Syp",0
"ATACCCTTCTATGGGC-1","4","Syp",0
"ATACGAAAGTTACGCA-1","14","Syp",0
"ATACGGTCAAGCGTAT-1","12","Syp",0
"ATACGGTCAAGCTGAT-1","13","Syp",0
"ATACGGTCAAGCTTCC-1","4","Syp",0
"ATACGTTAGTAGCGTC-1","8","Syp",0
"ATACTGGTCTAACTCC-1","4","Syp",0
"ATACTTGGTTCCTTGC-1","2","Syp",0
"ATACTTGGTTGCCTAG-1","16","Syp",0
"ATACTTGGTTGGGCAG-1","3","Syp",0
"ATACTTGGTTTACGAC-1","6","Syp",0
"ATAGCAAAGGTAGCGA-1","5","Syp",0.969919979060667
"ATAGCACCAAGTGTAC-1","1","Syp",0.535948773367149
"ATAGCACCAATGGGCC-1","8","Syp",0
"ATAGCAGGTCTAAGTC-1","1","Syp",0.914509440940541
"ATAGCCATCAAGTAAG-1","10","Syp",0
"ATAGCCATCCCGCAGA-1","9","Syp",0
"ATAGCCTGTTGCTCGA-1","5","Syp",0.518763033375048
"ATAGCGAGTGACCGAG-1","8","Syp",0
"ATAGCGAGTTAGTTGC-1","4","Syp",0
"ATAGCGCTCATGTGCA-1","6","Syp",0
"ATAGCGCTCCGTAGTA-1","1","Syp",0.664437074677514
"ATAGCGCTCGCATGAC-1","0","Syp",0
"ATAGGATGTGCGAGTG-1","8","Syp",0
"ATAGGATGTTGGCGAG-1","0","Syp",1.65769197847462
"ATAGGCCTCGACTTAG-1","8","Syp",0
"ATAGGCGAGAATCCGC-1","15","Syp",0
"ATAGGCTCAGCACCTT-1","4","Syp",0
"ATAGGCTCAGGATGGG-1","6","Syp",0
"ATAGGCTCAGTAAGTC-1","9","Syp",0.681552278132147
"ATAGGCTCATCCTTGA-1","5","Syp",0
"ATAGGGCGTAAGTCCT-1","6","Syp",1.07049069989772
"ATAGGGCGTCTGGTGC-1","5","Syp",0
"ATAGGGCGTTGCGGTC-1","3","Syp",0
"ATAGGGGTCCGGGTAT-1","1","Syp",0
"ATAGGGTAGCATGGTC-1","4","Syp",0
"ATAGGGTAGTGAGATA-1","3","Syp",0.842827732667154
"ATAGTCACAAAGGGAC-1","7","Syp",0.91227463223979
"ATAGTGAAGCCAGGTT-1","7","Syp",0
"ATAGTGAAGTAGGGCA-1","7","Syp",0.877791102412155
"ATATCACAGGTTACAT-1","6","Syp",0.617054585293096
"ATATCACAGTGATGAA-1","3","Syp",1.0166715027801
"ATATCAGCAATTCACT-1","14","Syp",0
"ATATCAGCATTCGGTC-1","2","Syp",0.421842989805939
"ATATCCCTCGAGCACT-1","7","Syp",0
"ATATCCTCAACCTACC-1","5","Syp",0
"ATATCCTCATGGTCCT-1","2","Syp",0.867410815661941
"ATATGGGGTAATCCTA-1","9","Syp",1.28171438407331
"ATATGGGGTGGGAATC-1","5","Syp",0
"ATATGGGGTTGAGCCC-1","3","Syp",0
"ATATGGTTCTCACCTG-1","7","Syp",1.3248624886817
"ATATGTCAGCTGGAGA-1","0","Syp",0
"ATATGTCAGCTTCCTG-1","9","Syp",0
"ATATGTCAGGTACCAC-1","16","Syp",0
"ATCAACTAGCGCGATT-1","3","Syp",0
"ATCAACTAGGGTCCAT-1","2","Syp",0
"ATCAAGCCACATATAG-1","5","Syp",0
"ATCAAGGGTGGCGTGA-1","6","Syp",0
"ATCACAACAGTAATGC-1","11","Syp",0.560399053980113
"ATCACATAGCGATGTC-1","5","Syp",0
"ATCACCTTCCCGTACC-1","8","Syp",0
"ATCACCTTCGCTTGGG-1","2","Syp",0.638129522153559
"ATCACCTTCTGGTACA-1","15","Syp",0
"ATCACGATCACGTTAG-1","3","Syp",0
"ATCAGCCAGCTAATCG-1","16","Syp",0
"ATCAGGCTCACCTTAC-1","2","Syp",0
"ATCAGGCTCACTTCGT-1","1","Syp",0.624656153827632
"ATCAGGCTCCCTGGAG-1","0","Syp",0.84676488235993
"ATCAGGCTCGCTCTAT-1","3","Syp",0
"ATCAGGCTCTATGTCC-1","2","Syp",0.858147911323601
"ATCAGGGAGCCGCATG-1","2","Syp",0
"ATCAGGGAGCGGACTT-1","7","Syp",0.735593588542155
"ATCAGGGAGGATGGTG-1","1","Syp",0
"ATCAGGGAGGTTAGCC-1","5","Syp",0.77290282062709
"ATCAGGGAGTCGAAGG-1","3","Syp",0
"ATCAGGTCAAGCGCGT-1","8","Syp",0
"ATCAGGTCAATTACCT-1","11","Syp",0
"ATCAGTTAGCGGACTT-1","0","Syp",0
"ATCATCAGTAACCGAA-1","2","Syp",0
"ATCATCCTCAATCGGC-1","14","Syp",0
"ATCATCCTCCCGTGAG-1","0","Syp",0.660115782666327
"ATCATCCTCCGCACCT-1","6","Syp",0
"ATCATCCTCGCATCAA-1","14","Syp",0
"ATCATGGTCGACCAGT-1","2","Syp",0.972128551937293
"ATCATTCCACCTTGAC-1","10","Syp",0
"ATCCAATAGCCTAAGC-1","1","Syp",1.18051884898673
"ATCCACGGTGGCAGTG-1","5","Syp",0.700272561289123
"ATCCATGAGCGGAGAC-1","5","Syp",0
"ATCCATGAGGTTACAT-1","4","Syp",0
"ATCCCAGGTGCACCAC-1","8","Syp",0
"ATCCCATTCGTGCCAG-1","1","Syp",1.02286644428467
"ATCCCATTCTGTGCCC-1","0","Syp",0
"ATCCCGCTCAATTGCG-1","5","Syp",0.814909029079535
"ATCCCTTAGGTTGCGT-1","9","Syp",0
"ATCCGGGTCACAGGGA-1","2","Syp",0
"ATCCGGGTCCGCCTAC-1","5","Syp",1.00642746344316
"ATCCGGGTCGACTGAC-1","5","Syp",0
"ATCCGTAAGAAGCCAG-1","3","Syp",0
"ATCCGTAAGATAGATG-1","9","Syp",0.912408391623712
"ATCCGTCCAAAGGACA-1","5","Syp",0.959566791147283
"ATCCGTCCACTATGCC-1","11","Syp",0.597073007279815
"ATCCTCCGTGATTCCG-1","13","Syp",0.509973744255417
"ATCCTCCGTTTGACCG-1","9","Syp",1.186887792441
"ATCCTGAAGGATCAGG-1","4","Syp",0
"ATCCTGTTCCGCGCTT-1","5","Syp",0
"ATCGAACCAAGCGCGT-1","2","Syp",0
"ATCGAACCAAGCTCAG-1","5","Syp",0
"ATCGAACCACAAGGAA-1","8","Syp",0
"ATCGAAGGTCTAGCCA-1","4","Syp",0
"ATCGAAGGTTGAGGAC-1","2","Syp",0
"ATCGAGGAGCTAGCCG-1","0","Syp",1.72122402067561
"ATCGCATGTGCGGCTT-1","1","Syp",0.774034444936363
"ATCGCCCTCGTCTACT-1","11","Syp",0.950858992571929
"ATCGCCTCAACCGTAG-1","0","Syp",0
"ATCGCCTCACCTCAAC-1","4","Syp",0
"ATCGCGCGTCAGGGCA-1","12","Syp",0
"ATCGGGCCATAACCGG-1","3","Syp",0
"ATCGGTCAGAACGACG-1","0","Syp",0
"ATCGGTCAGTAGACCC-1","1","Syp",0.588142441833738
"ATCGTACGTCTGGCTA-1","0","Syp",0
"ATCGTACGTTCCCAGA-1","9","Syp",1.19751342536734
"ATCGTAGTCGAGGTCT-1","7","Syp",0
"ATCGTAGTCGCTATCT-1","4","Syp",0
"ATCGTCAAGAAGGATC-1","3","Syp",0
"ATCGTCAAGCATGGCT-1","4","Syp",0
"ATCGTCAAGGCATGTC-1","2","Syp",0.653365734898262
"ATCTAACAGCGAAGTG-1","7","Syp",0.686464814399454
"ATCTAACAGCGCCTCT-1","6","Syp",1.06497943176007
"ATCTAACAGGCACAGA-1","5","Syp",1.23891953720533
"ATCTAACAGTGTCAAT-1","15","Syp",0
"ATCTACCTCAGCACCG-1","3","Syp",0.505548566665147
"ATCTACTCAAGTAACC-1","3","Syp",1.09575381434258
"ATCTACTCAAGTGTAC-1","6","Syp",0.769590882781401
"ATCTACTCATCAAGCG-1","0","Syp",0.780065008725637
"ATCTATGGTGCAATGA-1","3","Syp",0
"ATCTATGGTTATGCGT-1","2","Syp",0.689121630308518
"ATCTATGGTTTACTTC-1","14","Syp",0
"ATCTCATCACCATGTC-1","9","Syp",1.37246780408917
"ATCTCCACAGCAGGGA-1","8","Syp",0
"ATCTCCACATCGCTCG-1","14","Syp",0
"ATCTCGCCAGGAAGGT-1","5","Syp",1.16747231980682
"ATCTCGCCATCCAGAG-1","0","Syp",0.942892981068225
"ATCTGAGTCGTCTACT-1","1","Syp",0
"ATCTGGATCCATAGTG-1","2","Syp",0
"ATCTGTGAGGAGGTGC-1","5","Syp",0
"ATCTTCATCGAACCCG-1","11","Syp",0
"ATCTTGCTCTAAGCAT-1","8","Syp",1.33964687019993
"ATGAAAGTCATATCGG-1","15","Syp",0
"ATGAACCCAGCTCTAC-1","3","Syp",0.72218614982533
"ATGAACCCATGATCCC-1","2","Syp",0.992060171926695
"ATGACAGGTAAGGTCA-1","12","Syp",0
"ATGACAGGTTATCACA-1","13","Syp",1.10339057668604
"ATGACGGAGAATCCGC-1","9","Syp",2.62853577431505
"ATGACGGAGGATCTGC-1","10","Syp",0
"ATGAGGCGTAATGAGT-1","11","Syp",0.635320212756372
"ATGAGGTAGCCTGAGT-1","1","Syp",0
"ATGAGTAAGCGAACTC-1","2","Syp",0
"ATGATGTTCAATCACG-1","2","Syp",0
"ATGATGTTCCGGTTCC-1","13","Syp",0.589820545764883
"ATGATGTTCCGTTAAG-1","3","Syp",0.807886747635744
"ATGATTGCAAGCGTAT-1","6","Syp",0
"ATGATTGCATAGACAC-1","10","Syp",0
"ATGCACGCAAAGGTGA-1","6","Syp",0.673116927243688
"ATGCACGCATTCAGTT-1","4","Syp",0
"ATGCAGGAGCCAATCA-1","2","Syp",0.557800420893007
"ATGCATTAGATTCAAC-1","3","Syp",0
"ATGCATTAGCCTGCTC-1","6","Syp",0.557832352053514
"ATGCCACAGGTAGGCA-1","1","Syp",0.780065008725637
"ATGCCCTCATCCCAAC-1","1","Syp",0.537394250118419
"ATGCCCTCATGGCGTA-1","6","Syp",0
"ATGCCTGGTGGCTGTC-1","4","Syp",0
"ATGCGGTTCACTTGGA-1","8","Syp",0
"ATGCTCAAGCGGATCT-1","13","Syp",0
"ATGCTCAAGTACCAAT-1","4","Syp",0
"ATGCTGATCCGTGCGA-1","4","Syp",0
"ATGCTGATCCTTCACG-1","3","Syp",1.40464629440733
"ATGCTTAGTAATGACG-1","5","Syp",1.12523763807628
"ATGCTTGAGGTGCGTT-1","2","Syp",0.616426458282078
"ATGGAGACAATTGACA-1","3","Syp",1.09423155685147
"ATGGAGTAGAAGCGCA-1","12","Syp",0
"ATGGATGGTTCCATCC-1","6","Syp",1.15236600797643
"ATGGCAAGTTAGCCTG-1","5","Syp",0.672787776411299
"ATGGCGAAGCATATCG-1","11","Syp",0
"ATGGCTATCACGTAAT-1","0","Syp",0.914464630092924
"ATGGCTATCCTTCCAG-1","1","Syp",1.23371945424129
"ATGGCTGCAGCCAGAC-1","1","Syp",0.461970865613759
"ATGGCTGCAGGCATCA-1","12","Syp",0
"ATGGCTGCATGATCGG-1","7","Syp",0
"ATGGGATAGGCTCTGG-1","10","Syp",0
"ATGGGATAGTAGCTGC-1","14","Syp",0
"ATGGGCAAGCGCTCGA-1","11","Syp",0
"ATGGGCTTCCTGTCGC-1","2","Syp",1.17461183510335
"ATGGGGATCCTTAGTC-1","0","Syp",0
"ATGGGGATCTGGGAAG-1","4","Syp",0
"ATGGGTGAGCGAAGTG-1","0","Syp",0.585414331556766
"ATGGGTGAGGTCACAC-1","6","Syp",1.21000306768098
"ATGGTAAAGGATGTAA-1","7","Syp",0.496274828514784
"ATGGTAAAGGCACGAA-1","4","Syp",0
"ATGGTAGGTATGGTTC-1","11","Syp",0.572121225369706
"ATGGTCATCAAGTAGA-1","12","Syp",0
"ATGGTCATCCGGTGAT-1","3","Syp",0
"ATGGTGAGTCAGTCAT-1","4","Syp",0
"ATGGTGAGTTCGATAC-1","2","Syp",0
"ATGGTGAGTTTGGCGC-1","3","Syp",0.649148116223636
"ATGGTGGAGCCACTAA-1","6","Syp",2.17755756942965
"ATGGTTTAGGCTCCGA-1","14","Syp",0
"ATGGTTTAGTATGTAC-1","10","Syp",0
"ATGGTTTAGTTGGCCG-1","6","Syp",0.713341561448129
"ATGTACCGTGCACGCT-1","15","Syp",0
"ATGTAGCCAAGCACGC-1","0","Syp",0.859127514141131
"ATGTAGCCAATCCATT-1","4","Syp",0
"ATGTCAACAAGTCCCT-1","5","Syp",0
"ATGTCCCCACATTGAA-1","0","Syp",0.88387199958826
"ATGTCCCCACTCAGCT-1","11","Syp",0.472529882875153
"ATGTCCCCAGCACTGA-1","9","Syp",0
"ATGTCCCCATTACTGT-1","0","Syp",1.62203599555181
"ATGTCCTTCTATGTGG-1","2","Syp",0.541628647929655
"ATGTGAAAGCGCCATG-1","5","Syp",1.32324274721444
"ATGTGAGGTCTAAGCT-1","7","Syp",0
"ATGTGCATCGTTGCGG-1","6","Syp",0
"ATGTGCATCTGGTGAC-1","4","Syp",0
"ATGTGGGAGATAGGGT-1","5","Syp",0
"ATGTGGGAGTATGTCG-1","7","Syp",1.07538571817477
"ATGTGGGAGTGTCAAT-1","0","Syp",0
"ATGTTAGCACTCATCA-1","16","Syp",0
"ATGTTCCTCTCACCAT-1","3","Syp",0
"ATTAAGCTCCGCCAGA-1","3","Syp",0
"ATTAAGCTCCGCCATC-1","0","Syp",0
"ATTAAGCTCGACATAT-1","2","Syp",0
"ATTACCCTCATGCCTT-1","5","Syp",0.744592481083309
"ATTACCCTCGTACTAG-1","13","Syp",0
"ATTACCTCACTAAGGT-1","3","Syp",0.657147739476157
"ATTACGTAGCAGGCTT-1","7","Syp",0
"ATTACGTAGCCCTGAG-1","4","Syp",0
"ATTCAGGTCGCGTTAA-1","1","Syp",0
"ATTCAGTAGCGCATGT-1","0","Syp",0
"ATTCAGTAGGATCACC-1","2","Syp",1.38155067867889
"ATTCAGTAGGCGAGTA-1","1","Syp",0
"ATTCAGTAGTAGGAAC-1","7","Syp",0.592916767006069
"ATTCATGGTTGCGTCA-1","8","Syp",0
"ATTCCAAGTTGGGACG-1","6","Syp",0.870263501828717
"ATTCCATCAGCCATTC-1","12","Syp",0
"ATTCCATCATAGGTAC-1","5","Syp",0
"ATTCCCACAACATGGT-1","1","Syp",0
"ATTCCCACATGGCTCT-1","3","Syp",0.507198786518831
"ATTCCGGGTTCCTGCT-1","3","Syp",0
"ATTCCTTGTATGGGTA-1","14","Syp",1.18436253602304
"ATTCCTTGTTTCCGAG-1","3","Syp",0
"ATTCGATAGCAAGGAT-1","3","Syp",0
"ATTCGATAGGAGGTAT-1","4","Syp",0
"ATTCGATAGTTGGTCA-1","4","Syp",0
"ATTCGCTTCCCTGGAG-1","13","Syp",1.15036973789741
"ATTCGCTTCCTCATCG-1","10","Syp",0
"ATTCGGGCAACCCTTA-1","9","Syp",0
"ATTCGGGCATTGGCCT-1","6","Syp",0
"ATTCGTTCAGCAGTAT-1","1","Syp",0.615995385536628
"ATTCGTTCATTACAGA-1","5","Syp",0
"ATTCGTTCATTGGCCT-1","8","Syp",0
"ATTCTCATCATACTCC-1","3","Syp",0
"ATTCTCATCCTGTATC-1","3","Syp",0
"ATTGACTAGGTAAGTA-1","4","Syp",0
"ATTGAGAAGCCTAGCG-1","3","Syp",0
"ATTGAGAAGGATGGGC-1","3","Syp",0
"ATTGATGCAAGTGGCC-1","5","Syp",0.890424085553176
"ATTGCCCCAGGCAAGG-1","0","Syp",0
"ATTGCCCCATCCACAC-1","1","Syp",0
"ATTGCCTTCACCTATC-1","1","Syp",0.484141554546201
"ATTGCCTTCACGCACG-1","6","Syp",0
"ATTGGATTCCAGGTCG-1","8","Syp",0
"ATTGGATTCCTGCATT-1","1","Syp",1.47641779932178
"ATTGGATTCTGGCTAA-1","1","Syp",0.931371763800438
"ATTGGCCAGCCACAGT-1","2","Syp",1.12996799275465
"ATTGGCGCAAAGGCAA-1","2","Syp",0
"ATTGGCGCATGCGCTT-1","8","Syp",0
"ATTGGGTCAAACTGCG-1","8","Syp",0
"ATTGGGTCAAGTCCCT-1","7","Syp",0.597513998714629
"ATTGGGTCACCACATC-1","0","Syp",1.1039742318095
"ATTGGTTAGCCACATA-1","3","Syp",0
"ATTGGTTAGCCCTGTC-1","10","Syp",0
"CAAACCGCAGCAGGGA-1","1","Syp",0.717023810069303
"CAAACTTAGTATGATC-1","13","Syp",1.2565256720442
"CAAAGCCTCCCTCAAT-1","5","Syp",0.583376514424566
"CAAAGCTCATGGTAGT-1","15","Syp",0
"CAAAGGCGTAGCTCGC-1","4","Syp",0
"CAAAGGCGTATGGTGA-1","1","Syp",0
"CAAAGGTAGTACCACA-1","0","Syp",0.743664873507012
"CAAAGTAAGCGATTGC-1","2","Syp",0
"CAAAGTAAGTGCGCTG-1","2","Syp",0.544105145433984
"CAAATGAAGGCAATGG-1","6","Syp",0
"CAAATGTTCATGGTGC-1","11","Syp",0.599247692720616
"CAAATGTTCCTTCGTG-1","0","Syp",0.608455522593673
"CAAATGTTCGATGCTA-1","5","Syp",0.758079040457617
"CAAATTCAGATTAAGG-1","12","Syp",0
"CAAATTCAGCGATTGC-1","0","Syp",0
"CAAATTCAGGAGGACC-1","0","Syp",0
"CAAATTCAGGGTACTC-1","10","Syp",0
"CAAATTCAGTCGAGAG-1","7","Syp",0
"CAACAGTCAAGCTGGC-1","1","Syp",0
"CAACAGTCAATTAGCA-1","2","Syp",0
"CAACCAATCTGGCTAA-1","0","Syp",0.635988766719997
"CAACCAGCATGGATCG-1","1","Syp",0.615643151906848
"CAACCCAGTGCGATGG-1","0","Syp",0.883039402299111
"CAACCCTCAATCGCCT-1","8","Syp",0
"CAACCCTCACATGCTC-1","4","Syp",0
"CAACCCTCAGCTAGGC-1","9","Syp",0
"CAACGAAGTAGGCGAT-1","12","Syp",0
"CAACGAAGTTAGTAGG-1","2","Syp",0.863704098722563
"CAACGATCACATATAG-1","11","Syp",1.92720298424894
"CAACGATCAGTTGAGT-1","2","Syp",0
"CAACGGGGTTCAAGGA-1","9","Syp",0
"CAACTAACAAGTGTCG-1","13","Syp",0
"CAACTAACATGGAGCC-1","9","Syp",0.914016779604729
"CAACTAGTCATCACCT-1","6","Syp",0
"CAACTAGTCGAATCCA-1","11","Syp",0
"CAACTGATCACAGGTC-1","0","Syp",1.22814107476221
"CAAGACAGTGACCGAG-1","7","Syp",0
"CAAGATGGTGAAGTTG-1","10","Syp",0
"CAAGCCACAATACCGG-1","2","Syp",0.520530478927627
"CAAGCCCGTGAACTGA-1","0","Syp",0.955511445027436
"CAAGCCCGTGCGGACA-1","4","Syp",0
"CAAGCGAAGCGGAGAC-1","0","Syp",0.723851232178156
"CAAGCGAAGGAACCCT-1","10","Syp",0
"CAAGCGAAGGGGTAAT-1","0","Syp",0
"CAAGCTCAGCTATCTC-1","3","Syp",0
"CAAGGATAGAACGGTG-1","2","Syp",1.27155829556744
"CAAGGATAGTTGGACC-1","4","Syp",0
"CAAGGCGGTGCGGTGA-1","14","Syp",0
"CAAGGGATCACCCTTG-1","1","Syp",0.741586565813352
"CAAGGGATCTAGGCAC-1","10","Syp",0
"CAAGGGGCAATTCATC-1","13","Syp",1.02398948771791
"CAAGGTAGTGGCTCAC-1","10","Syp",0
"CAAGGTTCAGCTCGTT-1","12","Syp",0
"CAAGTAAAGGCGTTAC-1","3","Syp",0
"CAAGTAAAGTGTCCTT-1","8","Syp",0
"CAAGTAGGTTTGGGCC-1","2","Syp",0
"CAAGTCATCCCATACT-1","7","Syp",0.672552873061201
"CAAGTCATCTCACCGC-1","13","Syp",0.772400990139711
"CAAGTCGCAAACCAGT-1","11","Syp",0
"CAAGTCGCAGCAGTAT-1","5","Syp",0
"CAAGTCGCAGGAAGGT-1","3","Syp",0
"CAAGTCTGTGAGGAGA-1","4","Syp",0
"CAAGTCTGTTATCTAG-1","8","Syp",0
"CAAGTTTAGCATCCGG-1","0","Syp",0.880221012424611
"CAAGTTTAGTCAACTG-1","12","Syp",0
"CAATAGCCAGTAAGTC-1","13","Syp",0.923018146792638
"CAATAGCCATCCCAAC-1","5","Syp",0
"CAATATCAGGCTCCGA-1","15","Syp",0
"CAATATCAGGGGTAAT-1","2","Syp",0.804833077442008
"CAATCCTTCAGCAAGG-1","0","Syp",0.77687878110512
"CAATCCTTCGCATGGT-1","9","Syp",0
"CAATCGATCCGCAAGT-1","0","Syp",1.20083198862238
"CAATCTTCAATAGGGA-1","15","Syp",0
"CAATCTTCAATAGTCA-1","3","Syp",0.666274162308849
"CAATGGCTCAGCACCG-1","8","Syp",0
"CAATGGCTCGCGCGTA-1","7","Syp",0.761074947432824
"CAATTGGTCCGCGCTT-1","1","Syp",0.525539845536886
"CAATTGGTCTAGGCGT-1","3","Syp",0
"CACAACATCATGTAAC-1","1","Syp",0.670399719153159
"CACAACATCCGCAAGT-1","11","Syp",0.378481811087982
"CACAAGTCAACCATCC-1","8","Syp",0
"CACAAGTCACATATAG-1","14","Syp",1.07670217903237
"CACAAGTCACCTTCGG-1","12","Syp",0
"CACAAGTCACTCAATT-1","6","Syp",0
"CACAAGTCATAAGCTA-1","2","Syp",0
"CACAATTAGTAAGGCG-1","6","Syp",0
"CACACAATCTGGCTCC-1","16","Syp",0
"CACACACAGAAGCCTC-1","5","Syp",0
"CACACACAGCAATCGC-1","6","Syp",0.62518057187702
"CACACCCTCCAGCGTG-1","5","Syp",0
"CACACCTCAAGCCTCT-1","2","Syp",0
"CACAGGCCAAGTGAAG-1","14","Syp",0
"CACAGGCCAGCTAGTG-1","8","Syp",0
"CACAGGTTCCTTGGAA-1","5","Syp",0.664711968112224
"CACATAACAAATCCTT-1","0","Syp",0
"CACATAACAATACCAA-1","5","Syp",0.510479197284884
"CACATAGTCCCATTCG-1","0","Syp",0
"CACATTAGTAACGTAG-1","1","Syp",0
"CACATTGAGGAATTGA-1","7","Syp",0
"CACATTGAGGTTGCAC-1","16","Syp",0
"CACATTTCAATCCAGG-1","9","Syp",0
"CACATTTCAATTGCTT-1","3","Syp",0
"CACCAACAGGATCTAT-1","3","Syp",0
"CACCACCTCCTGTACT-1","5","Syp",0
"CACCACCTCTAATGGT-1","1","Syp",0.848213192258892
"CACCAGACAGCACTGA-1","4","Syp",0
"CACCAGTAGGAGCCTT-1","4","Syp",0
"CACCAGTAGTAAGTGA-1","12","Syp",0
"CACCATCCAAACTACA-1","14","Syp",0
"CACCATTTCACATGGC-1","1","Syp",0.889578297940521
"CACCATTTCTGGCTAA-1","16","Syp",0
"CACCCAAGTAATGCTC-1","5","Syp",1.28397534248411
"CACCCATCAAAGGTCT-1","3","Syp",0
"CACCCATCAAGTCGGC-1","0","Syp",0.864259947665966
"CACCCATCAGGAATGA-1","4","Syp",0
"CACCCTTGTGGCTCAC-1","11","Syp",0
"CACCCTTGTTCCTGCT-1","9","Syp",0
"CACCGATAGCCACACG-1","9","Syp",0
"CACCGATAGGTAAGGT-1","15","Syp",2.37018028595242
"CACCGATAGTCGCATA-1","5","Syp",0.59382311742421
"CACCGCAAGATTGCTG-1","11","Syp",0.586934603928213
"CACCGCAAGTGAGCAG-1","7","Syp",0
"CACCGCTTCTCATCCG-1","8","Syp",0
"CACCTAAAGAACGGTG-1","12","Syp",0
"CACCTAAAGGCGTTCG-1","3","Syp",1.1686937470946
"CACCTAAAGTCATAGT-1","0","Syp",1.17191355236072
"CACCTATTCCGTCATT-1","10","Syp",0
"CACCTATTCGACCAGT-1","10","Syp",0
"CACCTATTCGATCAAT-1","6","Syp",1.44714843721857
"CACCTCATCGCGTTAA-1","8","Syp",0
"CACCTCGCAACCCTAC-1","2","Syp",0.633821263813322
"CACCTCTGTGAGGAAG-1","2","Syp",0.797823868711028
"CACCTGCTCCGGTATA-1","4","Syp",1.07377679038043
"CACCTTTAGCAAGTAA-1","8","Syp",0
"CACCTTTAGCATCCGG-1","4","Syp",0
"CACGACCGTAGTCCAT-1","0","Syp",1.2849200801299
"CACGACCGTGGACACG-1","15","Syp",0
"CACGACCGTTCGCAGC-1","1","Syp",0
"CACGACTAGCCCTGGA-1","13","Syp",1.40037028355366
"CACGACTAGGTCATTG-1","9","Syp",0.770462837344787
"CACGAGGGTAGCTCGC-1","2","Syp",1.34497409906698
"CACGAGGGTCTTGATA-1","16","Syp",0
"CACGATTGTTGCGGAG-1","4","Syp",0
"CACGATTGTTGTCTCC-1","13","Syp",1.06747684508368
"CACGCAACAAACTTGA-1","11","Syp",0
"CACGCAACAAGGGCTC-1","3","Syp",0
"CACGCAACACATGACG-1","4","Syp",0
"CACGCCAAGGCAAGCA-1","8","Syp",0
"CACGCCAAGGTCCAGT-1","14","Syp",0
"CACGCCAAGTGTCATG-1","0","Syp",0
"CACGCCAAGTTGCTGA-1","9","Syp",0
"CACGCTAGTTGAAGTG-1","6","Syp",1.3339556883869
"CACGGTTAGGTATGAA-1","13","Syp",0.89297176072285
"CACGGTTAGGTGAGAT-1","0","Syp",0
"CACGGTTAGTAGTAGA-1","3","Syp",0
"CACTAACGTAGCAGGT-1","3","Syp",0
"CACTAACGTTAGGTTC-1","5","Syp",0.97994469780724
"CACTACCCAGGACAGG-1","11","Syp",0
"CACTATGAGATTGGCC-1","6","Syp",0.991473369145634
"CACTATGAGGCACACT-1","0","Syp",0.508410676464208
"CACTATGAGTGATACT-1","9","Syp",0
"CACTCAAAGCGGCATT-1","6","Syp",0
"CACTCACCAAGTGGAA-1","2","Syp",1.4121146041789
"CACTCACCACTTCGTA-1","1","Syp",0
"CACTCACCAGGCATTG-1","13","Syp",1.18625535367541
"CACTCACCATGCTCAC-1","4","Syp",0
"CACTCCATCCGCAGTG-1","14","Syp",0
"CACTCCATCGCATCCC-1","3","Syp",0
"CACTCCGCAAGTGGAA-1","10","Syp",0
"CACTCCGCACATACGG-1","1","Syp",0.455440353209976
"CACTCCGCATTAGGTA-1","2","Syp",0.930022459250981
"CACTCGCTCATGCGTA-1","7","Syp",0.434555793098316
"CACTCGCTCCAGCGTG-1","3","Syp",0.904281240357652
"CACTGCCTCCCATTAC-1","3","Syp",1.2624903211984
"CACTGCCTCCTGTATC-1","9","Syp",0
"CACTGCCTCTCACCAT-1","3","Syp",0.648886385238809
"CAGCAAAGTCTTACGG-1","2","Syp",0.62688107612544
"CAGCAATCAAGTTCCC-1","4","Syp",0
"CAGCAATCAGGCTCAA-1","4","Syp",0
"CAGCACTAGGAATCAA-1","6","Syp",0
"CAGCACTAGTCAGCGT-1","7","Syp",0
"CAGCAGCCAATACTAG-1","0","Syp",0
"CAGCAGCCATTACGCC-1","11","Syp",0
"CAGCATATCCATTGCT-1","1","Syp",0
"CAGCATTGTAATCCTA-1","4","Syp",0
"CAGCATTGTAGTGCTT-1","5","Syp",0
"CAGCATTGTTAGGCCC-1","9","Syp",0.847755264626168
"CAGCATTGTTAGTGCT-1","3","Syp",0
"CAGCCATAGCGCTATA-1","1","Syp",0.938039747316968
"CAGCCATAGGTAGAGT-1","9","Syp",0.848671644232342
"CAGCTAATCACATACG-1","6","Syp",0
"CAGCTATGTGCGTAGG-1","6","Syp",0
"CAGCTCTCAAATGGAG-1","0","Syp",1.18302585674626
"CAGCTCTCATGACCGA-1","0","Syp",0.514181331612963
"CAGGATTCAGGAGCAG-1","4","Syp",0
"CAGGCCATCGCTCGTC-1","7","Syp",0
"CAGGCGAGTAGTAGCA-1","2","Syp",0
"CAGGCGAGTATGTGAG-1","4","Syp",1.89457437468645
"CAGGCTTAGTTGGCCG-1","5","Syp",0
"CAGGGCAGTTGCTATA-1","0","Syp",0
"CAGGGCTCAAGCGCGT-1","10","Syp",0
"CAGGTAAGTAGTCCTG-1","1","Syp",0.752338631157737
"CAGGTAAGTGAAGCTA-1","6","Syp",0
"CAGGTAAGTGATCAAG-1","8","Syp",0
"CAGGTCCGTAACGAGC-1","16","Syp",0
"CAGGTCCGTTTGAGTC-1","4","Syp",0
"CAGGTTATCCTGTGAA-1","6","Syp",0.903843971828615
"CAGTAACCAATTCAGA-1","11","Syp",0
"CAGTAACCAGGAAGCG-1","0","Syp",0
"CAGTACGCATAGGCCA-1","3","Syp",0
"CAGTAGCTCACGCCAG-1","5","Syp",0
"CAGTAGCTCGACCCGA-1","11","Syp",0.685730582904896
"CAGTAGCTCGCTTGAA-1","0","Syp",0.432114389700878
"CAGTAGGAGCTTACTC-1","3","Syp",0
"CAGTCCCTCGCGTCCT-1","11","Syp",0
"CAGTGTTGTCAGTCAT-1","0","Syp",0
"CAGTGTTGTGGACACG-1","1","Syp",0.9362453464037
"CAGTTAGTCACTAGCA-1","2","Syp",0
"CAGTTAGTCATGCCTT-1","4","Syp",0
"CAGTTATAGCAAGGGC-1","4","Syp",0
"CAGTTATAGTCGCGCA-1","6","Syp",1.10464852429996
"CAGTTCAAGGCGAAGC-1","1","Syp",0.57292963465644
"CAGTTCCCAAATCAGC-1","1","Syp",0
"CAGTTTGAGGCGAGGT-1","5","Syp",0
"CAGTTTGAGTGAGATA-1","1","Syp",0
"CATAACTAGCGATGTC-1","10","Syp",0
"CATAACTAGGTACCGT-1","1","Syp",0.759498253177298
"CATAACTAGTAGACCC-1","3","Syp",0
"CATAAGCCATCCTGGT-1","5","Syp",0
"CATAAGCCATCGCTCG-1","0","Syp",0
"CATAAGGGTTTCGGCA-1","3","Syp",0.647798186189296
"CATACCAAGTGGCTCG-1","5","Syp",1.35641737885099
"CATACCTTCACAGGTC-1","0","Syp",0.476637657410442
"CATACCTTCGATGTGC-1","0","Syp",0
"CATACTGAGGCTTACA-1","10","Syp",0
"CATACTGAGTACCATG-1","2","Syp",1.05158964902973
"CATACTTCAAGGTCGC-1","9","Syp",0
"CATACTTCAGTTAGGT-1","0","Syp",0
"CATAGAGGTCAACTAC-1","9","Syp",0
"CATAGAGGTTCGCCAA-1","10","Syp",0
"CATAGATTCACCAATG-1","0","Syp",0.452047470150106
"CATAGCATCCACCTAT-1","11","Syp",0
"CATAGCATCGACCTAA-1","14","Syp",0
"CATAGCCAGCATCGCG-1","4","Syp",0
"CATAGCCAGCCCTGCT-1","4","Syp",0
"CATAGCCAGGATTCAT-1","7","Syp",0
"CATAGCCAGGGTGATG-1","6","Syp",0.523064876101614
"CATAGCGCATGGTGAT-1","15","Syp",0
"CATAGCTGTTGCATAC-1","2","Syp",0
"CATAGGCTCGACATTG-1","10","Syp",0
"CATAGGGAGATTGACT-1","3","Syp",0.964462275547521
"CATAGGGAGTGCCATA-1","3","Syp",0
"CATAGGTCATCCACTA-1","4","Syp",0
"CATAGGTCATTCGGCT-1","9","Syp",0.811625288184258
"CATAGTTAGGCTCCTC-1","0","Syp",0
"CATAGTTAGGTCCCAG-1","9","Syp",0
"CATATAGCATTACCGC-1","6","Syp",0.888860722804024
"CATATCCTCAATGGAA-1","4","Syp",0
"CATATCTCACCTCAGT-1","0","Syp",0
"CATATCTCATTCAGTT-1","13","Syp",0
"CATATTCCACATGAGT-1","2","Syp",0.749502410149984
"CATATTCCATCATAGA-1","6","Syp",0.859127514141131
"CATCAATAGTAATGGA-1","0","Syp",0
"CATCACAAGCCTGCCT-1","0","Syp",0
"CATCACAAGTGATTCG-1","0","Syp",0
"CATCACCCATCCTACA-1","2","Syp",0
"CATCACTTCAGCACTA-1","0","Syp",1.10215815442923
"CATCACTTCAGTTCCT-1","3","Syp",0
"CATCAGGCAGCTAAGT-1","1","Syp",0
"CATCAGGCATCGCTGT-1","8","Syp",0
"CATCATTCATGGATGT-1","2","Syp",0.489654190981855
"CATCCACCAAAGGACA-1","4","Syp",0
"CATCCACCATAATTGG-1","10","Syp",0
"CATCCCGCAGCTCGTT-1","1","Syp",0
"CATCCCTGTTTACTGA-1","7","Syp",0.987052135469882
"CATCCGCTCACGCTAA-1","15","Syp",0
"CATCCGCTCATATCGG-1","1","Syp",0.881544925593379
"CATCCGCTCCGCTGTC-1","1","Syp",0
"CATCCGCTCTAGTGCA-1","6","Syp",0.645331156449197
"CATCCGCTCTGGCTCC-1","13","Syp",1.19853109412821
"CATCCGGAGGAGGTAT-1","1","Syp",0
"CATCCGGAGTGCCCGA-1","9","Syp",0
"CATCGTCCAAGCGCGT-1","2","Syp",0
"CATCGTCCACAGCAAT-1","0","Syp",0
"CATCGTTTCAATCTCC-1","5","Syp",0
"CATCGTTTCCATCCAT-1","0","Syp",1.01141004162859
"CATCTGTTCGTTAGGC-1","4","Syp",0
"CATCTTGCAAGCTAAC-1","13","Syp",0.509151249271797
"CATCTTGCACATTAGA-1","3","Syp",0
"CATCTTGCACTTCGAC-1","1","Syp",0.559369470645381
"CATGAAGGTGCAATTC-1","8","Syp",0
"CATGCAATCCAGATCA-1","1","Syp",0.731934085294069
"CATGCAATCTGGTAGC-1","6","Syp",0
"CATGCCAGTCAACTTA-1","11","Syp",0.968955009834278
"CATGCCAGTCATGCGC-1","9","Syp",0
"CATGCCAGTCTCCAGA-1","4","Syp",0
"CATGCCAGTTTCCAGG-1","1","Syp",0
"CATGCGCGTATAGTGG-1","3","Syp",0
"CATGCGCGTTCAATGC-1","3","Syp",0.872608702618617
"CATGCTGGTAAGCGCG-1","4","Syp",0
"CATGGGTTCCAGCGTG-1","3","Syp",0
"CATGGTCAGCCATCAA-1","9","Syp",0
"CATGGTCAGTGGCTGT-1","13","Syp",0
"CATGGTCAGTGTCCGG-1","2","Syp",0
"CATGTCAAGGTCACTA-1","6","Syp",0.871798496991436
"CATTACTCAGTACCTC-1","10","Syp",0
"CATTACTCATCGCGTT-1","3","Syp",0
"CATTACTCATGCTCCG-1","10","Syp",0
"CATTAGGTCCGCGTGA-1","2","Syp",0
"CATTAGTAGCTACTCT-1","6","Syp",0
"CATTAGTAGGCTACAC-1","15","Syp",0
"CATTCGAAGTGCCATA-1","4","Syp",0
"CATTCGCCAGCACGGT-1","4","Syp",0
"CATTCGTTCACGCTAA-1","0","Syp",0
"CATTCTATCACGCCAG-1","6","Syp",1.05959138588414
"CATTGGATCCGCTGTC-1","2","Syp",0.824498945422398
"CATTGTGAGCGCGATT-1","0","Syp",0
"CATTTAGGTGCGCATC-1","6","Syp",0.570645211039734
"CATTTCATCCTCGTGC-1","11","Syp",0.360526526482302
"CATTTCGCACTAACCC-1","13","Syp",1.03534959771572
"CATTTGAGTAATGGAT-1","6","Syp",0
"CATTTGAGTAGCTTAC-1","6","Syp",0
"CATTTGAGTTAGCGAA-1","8","Syp",0
"CATTTGCTCGCTAATG-1","13","Syp",1.34389080611898
"CCAAAGCTCCATGAAT-1","13","Syp",0
"CCAAAGTCACAGCGAC-1","5","Syp",0
"CCAAAGTCACTAGCAG-1","9","Syp",0
"CCAAAGTCATCCCTAA-1","0","Syp",0.914195863533607
"CCAAATGTCCATGAAT-1","7","Syp",0.784539744553723
"CCAAATTAGGAGGATT-1","0","Syp",0
"CCAACCTCACTTCAAT-1","1","Syp",0.891059551451307
"CCAACTAAGCCATACA-1","1","Syp",0.44870560386213
"CCAACTAAGGGTACGA-1","9","Syp",0
"CCAACTAAGTTGGTCA-1","12","Syp",0
"CCAACTGGTCCATACG-1","1","Syp",0
"CCAAGGGGTGAAGTAT-1","3","Syp",0
"CCAAGTCAGGTAGACG-1","5","Syp",0
"CCAAGTCAGTCATTCC-1","6","Syp",0
"CCAATAGTCAGGAGTG-1","0","Syp",0
"CCAATAGTCCCTCTGA-1","9","Syp",0
"CCAATATAGCGCGATT-1","7","Syp",0.487414458472921
"CCAATATAGTGAAGTA-1","14","Syp",0
"CCAATCCCAATCCGTC-1","12","Syp",0
"CCAATCCCACAACGGC-1","8","Syp",0
"CCAATCCCACTTGATT-1","1","Syp",0.579758787287725
"CCAATTAGTAACCACT-1","1","Syp",0.488191122159535
"CCAATTAGTTTAGGCT-1","3","Syp",0
"CCAATTGAGCTACCGG-1","3","Syp",0
"CCACAACAGAAGCGTG-1","10","Syp",0
"CCACAACAGTAAGGAC-1","14","Syp",0
"CCACAACAGTTAGTAC-1","10","Syp",0
"CCACAGACAACATGAC-1","7","Syp",1.00160673051773
"CCACATGGTTAACCCG-1","8","Syp",1.35141006662396
"CCACCAAGTGAGCAAC-1","12","Syp",0
"CCACCAAGTTACACTA-1","3","Syp",0
"CCACCTATCAGTTGAT-1","9","Syp",0
"CCACCTCAGTAGCGTC-1","8","Syp",0
"CCACCTGCACTAATTC-1","3","Syp",0.430151165921906
"CCACCTTGTCTAGTAC-1","12","Syp",0
"CCACCTTGTGATCCAT-1","0","Syp",1.17314534053068
"CCACCTTGTTACACGT-1","10","Syp",0
"CCACGAACAAAGGTGA-1","11","Syp",1.05074228870601
"CCACGAACAGTTAGAC-1","13","Syp",0.98860354468388
"CCACGATAGGTGAGCA-1","15","Syp",0
"CCACGCAAGCTAACGC-1","5","Syp",0
"CCACGCAAGCTACTGA-1","15","Syp",0
"CCACGTAGTTGGCCGT-1","7","Syp",0
"CCACGTTCATGCTTGC-1","3","Syp",0.514749516136698
"CCACGTTCATTAGCCC-1","6","Syp",0.576460035424199
"CCACTAGGTAATGACG-1","8","Syp",0
"CCACTAGGTAGCCCGT-1","0","Syp",1.055116081505
"CCACTAGGTGAAGCTA-1","2","Syp",0.568279882014342
"CCACTAGGTTAGTCAC-1","0","Syp",0.792956928974258
"CCACTATTCACTGGTA-1","14","Syp",0
"CCACTTACAAGGTCTG-1","0","Syp",0
"CCAGAATCAAGTCGAT-1","7","Syp",1.30454346239692
"CCAGACCGTTGCACCA-1","7","Syp",0.893142158210247
"CCAGACTAGTAACCAT-1","2","Syp",0.943116313900732
"CCAGACTAGTTAGTCG-1","0","Syp",1.07990181218174
"CCAGAGAAGCGCCACA-1","6","Syp",0.847069354245107
"CCAGAGAAGCGCGATT-1","8","Syp",0
"CCAGAGAAGGATAGGT-1","6","Syp",0
"CCAGAGAAGGGGACGT-1","10","Syp",2.59347982111894
"CCAGAGGGTGGAGAGA-1","1","Syp",0.936339605061781
"CCAGATGCAACCAACG-1","13","Syp",0
"CCAGATTGTTTGCGAT-1","2","Syp",0.906210599086756
"CCAGCAACAAAGGCCC-1","6","Syp",0.698845489012368
"CCAGCAACAAATGGTC-1","4","Syp",0
"CCAGCTAGTAATCCCG-1","12","Syp",0
"CCAGCTAGTCTAACCG-1","9","Syp",0.786976652838268
"CCAGCTAGTTCCGTAG-1","7","Syp",0
"CCAGGTTAGGCGCTCA-1","8","Syp",0
"CCAGGTTAGGTTGACC-1","4","Syp",0
"CCAGTAATCGACCCGA-1","0","Syp",0.76116611987124
"CCAGTATGTAATTCGC-1","1","Syp",1.04491192309883
"CCAGTATGTATGGCAA-1","3","Syp",0.738605911244632
"CCAGTATGTTGTAGTC-1","1","Syp",0.63871978913643
"CCAGTATGTTTGATGC-1","1","Syp",0
"CCAGTCCTCAGCTGCG-1","0","Syp",1.04820911626004
"CCAGTCCTCCAGGTAC-1","5","Syp",1.48878528643126
"CCAGTTAAGTATGAGA-1","1","Syp",0
"CCAGTTAAGTTAGCGC-1","3","Syp",0
"CCAGTTGGTCTAGTGT-1","4","Syp",0
"CCATAACGTAACCGAA-1","6","Syp",0.639142100038486
"CCATAACGTTGAGTAG-1","3","Syp",0.807198404446701
"CCATAACGTTTGCCCT-1","5","Syp",0.923704337203771
"CCATAAGTCCGTTAAG-1","6","Syp",0.905069462703706
"CCATACTTCACATGAT-1","9","Syp",0
"CCATACTTCGTTACTC-1","7","Syp",0.431206029974341
"CCATATAGTGCACCAC-1","9","Syp",0.617093887077718
"CCATCACCAAGGTAAG-1","4","Syp",1.93908418398491
"CCATCACCATCAATCT-1","4","Syp",0
"CCATCAGGTAATGAGT-1","0","Syp",1.15451872222323
"CCATCAGGTGGGTCAG-1","14","Syp",0
"CCATCATTCAATCCTC-1","8","Syp",0
"CCATCCGCATAACGGT-1","7","Syp",0.781925630247104
"CCATCCGCATGGCAAT-1","3","Syp",0
"CCATCCGCATGGCCTT-1","15","Syp",0
"CCATCCTGTTGGATCT-1","6","Syp",1.10966659373897
"CCATCGCTCCTGATTC-1","2","Syp",1.04784832076557
"CCATCTTAGAAGGACT-1","15","Syp",0
"CCATGCCTCGCGTGAT-1","2","Syp",0
"CCATGCCTCTATGCAG-1","10","Syp",0
"CCATGGGTCAGTTGCA-1","4","Syp",0
"CCATGGGTCCCCTGAC-1","6","Syp",1.21866069032998
"CCATGGGTCGAACGAG-1","13","Syp",1.01595905278355
"CCATGTCCATGCTGTC-1","2","Syp",0.613266696621508
"CCATTAAGTCTTACGG-1","4","Syp",0
"CCATTAAGTTCGGGCT-1","0","Syp",0
"CCATTAAGTTGTCAGT-1","11","Syp",0
"CCATTAGAGCATCTAG-1","9","Syp",0
"CCATTAGAGGTGAGGC-1","9","Syp",0
"CCATTAGAGGTGGCTT-1","3","Syp",0
"CCATTTCAGTCAGTCA-1","4","Syp",0
"CCCAAATGTTAGCTGT-1","7","Syp",0
"CCCAAATGTTGCGGTC-1","8","Syp",0
"CCCAAATGTTGGAGAC-1","5","Syp",0
"CCCAACCTCATCTCTA-1","8","Syp",0
"CCCAAGGTCACTCGAA-1","2","Syp",0
"CCCAAGGTCAGGTAGG-1","7","Syp",0
"CCCAAGGTCCCCTTGA-1","3","Syp",0.729422773366094
"CCCAAGGTCGACCAAC-1","4","Syp",0
"CCCAATCCATAATTGG-1","11","Syp",0.409403512592975
"CCCAATTTCTAGCGCG-1","3","Syp",0
"CCCACGTTCACACTTC-1","5","Syp",0.687249797459476
"CCCACGTTCAGGCTCG-1","6","Syp",0
"CCCACGTTCGATCGGT-1","8","Syp",0
"CCCACGTTCTCATTCA-1","0","Syp",0
"CCCACTTGTAACCACT-1","5","Syp",0
"CCCACTTGTAACGAGC-1","13","Syp",1.38868034694019
"CCCACTTGTGCATTCG-1","10","Syp",0
"CCCACTTGTTTCGGGC-1","10","Syp",0
"CCCAGCAAGAACCTCA-1","2","Syp",0.810756644279004
"CCCAGCAAGCGCAATC-1","12","Syp",0
"CCCAGGATCCTGACTT-1","11","Syp",1.18509783140961
"CCCAGGATCCTGCGAG-1","2","Syp",0.750003026057871
"CCCAGTGAGATTGAGA-1","2","Syp",0.615486736950461
"CCCATAGGTCCCGAGT-1","1","Syp",0
"CCCATCATCAGGAAGT-1","9","Syp",0
"CCCATCATCGTAACCA-1","1","Syp",0
"CCCATCTGTCTAACTA-1","5","Syp",0
"CCCATGAGTGAGCAAC-1","5","Syp",0.527070474393438
"CCCATGAGTTGGACCC-1","2","Syp",0
"CCCATGCTCACGCCGA-1","0","Syp",0
"CCCATGCTCCTGCGTC-1","1","Syp",0
"CCCATGCTCGACATGC-1","15","Syp",1.83867602177912
"CCCATTGTCAGCATTG-1","2","Syp",0
"CCCGAATAGTTGCACA-1","3","Syp",0
"CCCGATGAGGTGAACG-1","5","Syp",0.772714554033205
"CCCGATTCAACCAGAT-1","4","Syp",0
"CCCGCATTCGAACCGT-1","7","Syp",0.954233285403035
"CCCGCATTCGACATTG-1","0","Syp",2.51580470673591
"CCCGCATTCGTAACTG-1","2","Syp",0
"CCCGCTTAGCGCAATC-1","4","Syp",0
"CCCGCTTAGGGTCAAG-1","0","Syp",0
"CCCGGTAAGTGCGCCA-1","2","Syp",1.26267206678161
"CCCGGTTTCAGTACCA-1","1","Syp",0.926782701094604
"CCCGGTTTCCGGTAGT-1","15","Syp",0
"CCCGGTTTCGCTCTAT-1","12","Syp",0
"CCCGTTGCAACTGGAT-1","6","Syp",1.43740508387515
"CCCGTTGCAATACTCT-1","7","Syp",0.870626534117951
"CCCTAACCAACGTTAA-1","2","Syp",0.608761106131705
"CCCTAACCATCCACTA-1","5","Syp",0.981402530978636
"CCCTACGCAATTAGCA-1","7","Syp",0
"CCCTAGCTCCGTGAAC-1","3","Syp",0
"CCCTATGTCACTCCAT-1","9","Syp",0.741241361258363
"CCCTATGTCGCTGATA-1","3","Syp",0
"CCCTCAATCGTTCAAG-1","7","Syp",0.826409469318794
"CCCTCACAGATAGACA-1","0","Syp",0
"CCCTCACAGCGATAGG-1","1","Syp",1.29889523693657
"CCCTCACAGGGTCTGT-1","8","Syp",0
"CCCTCACAGTGGCAGA-1","3","Syp",1.33036273056308
"CCCTCAGCATGAGTGT-1","3","Syp",0
"CCCTGAGAGATTCAGT-1","6","Syp",0
"CCCTGAGAGCCATCCC-1","11","Syp",0
"CCCTGAGAGGTATATC-1","4","Syp",0
"CCCTGGTTCACAGCAC-1","9","Syp",0.711013966543616
"CCCTTAACAACTGTCC-1","6","Syp",0
"CCCTTAACAATATGGC-1","4","Syp",0
"CCCTTAACACTTCGAC-1","8","Syp",0
"CCCTTAACATAGGGTT-1","0","Syp",1.14425642309435
"CCCTTACGTGATAGAT-1","5","Syp",0
"CCCTTACGTTGCGTGC-1","1","Syp",0
"CCCTTACGTTTCGACG-1","6","Syp",0.601513316563403
"CCCTTAGTCACCAGCG-1","0","Syp",0.632701839167534
"CCCTTGATCCGTTGCC-1","1","Syp",0
"CCGAAATCAATGCCAG-1","7","Syp",0
"CCGAAATCACCTATCA-1","12","Syp",0
"CCGAACTAGCAAGCCT-1","0","Syp",0.868332747968148
"CCGAACTAGGTGAGCA-1","3","Syp",0.849666760148163
"CCGAACTAGTAATGTC-1","11","Syp",0
"CCGAATATCTGTCACT-1","13","Syp",0
"CCGAATTGTAACTCTA-1","1","Syp",0
"CCGAATTGTTGCATCG-1","3","Syp",1.12890514692682
"CCGACAACACAATTAG-1","9","Syp",0
"CCGACATAGCTAAGGG-1","8","Syp",0
"CCGACATAGGCTTGGT-1","9","Syp",0
"CCGACATAGTAACGGG-1","1","Syp",0
"CCGACATAGTCATCGA-1","0","Syp",0
"CCGACCAAGGTAGGGC-1","4","Syp",1.29754019086364
"CCGACTAGTCATTAGC-1","8","Syp",0
"CCGACTAGTTTGAGTC-1","4","Syp",0
"CCGACTTCAAATCCAA-1","0","Syp",1.0102981868934
"CCGCAATAGTACCATG-1","8","Syp",0
"CCGCATGAGCCTGAAC-1","4","Syp",0
"CCGCATTCACTTGATT-1","12","Syp",0
"CCGCCAAAGCAACCCG-1","5","Syp",0
"CCGCCAAAGGCTAGAG-1","6","Syp",0
"CCGCCATTCTAGTGTG-1","8","Syp",0
"CCGCCTTAGGCGAATG-1","1","Syp",0
"CCGCGAATCCTCATAC-1","11","Syp",0.35309029257292
"CCGCGATGTAGTCCAT-1","8","Syp",0
"CCGCGATGTGAGACAC-1","7","Syp",1.03687458806233
"CCGCGTTTCAGCCTAA-1","3","Syp",0
"CCGCGTTTCATCTGGA-1","0","Syp",0.848289564482974
"CCGCGTTTCCATGCAA-1","7","Syp",1.38130518055637
"CCGCTAAGTAAGCCAA-1","4","Syp",0
"CCGCTAAGTAGGTACA-1","14","Syp",0
"CCGCTAAGTGCAGGCA-1","0","Syp",0
"CCGCTAAGTTGCATCG-1","1","Syp",0.745638936742246
"CCGCTAAGTTTGGAAG-1","4","Syp",0
"CCGCTAGAGTGCCCAG-1","1","Syp",1.19173498009822
"CCGCTCACAGGCAGAG-1","0","Syp",0.68946759806815
"CCGCTTATCACGCGAT-1","7","Syp",0
"CCGCTTATCATATAGC-1","0","Syp",1.63795699435026
"CCGCTTATCGACCTGG-1","11","Syp",0
"CCGCTTGCAAGTCGAT-1","4","Syp",0
"CCGGATTAGCCATTAG-1","7","Syp",0
"CCGGCAATCATCGTGA-1","0","Syp",0
"CCGGCAATCCGGAACT-1","7","Syp",0
"CCGGCATGTGGAAGTC-1","10","Syp",0
"CCGGCATGTTAGCACT-1","3","Syp",1.19169506951237
"CCGGCATGTTTACCAA-1","0","Syp",0.853517287287936
"CCGGCTAAGTGTCCTT-1","2","Syp",0
"CCGGGTTGTCAGGCAG-1","1","Syp",0.731542251459827
"CCGGTACGTCAAGTGA-1","4","Syp",0
"CCGGTACGTGCAACCC-1","0","Syp",0
"CCGGTCAAGCCAGTCG-1","3","Syp",0
"CCGGTCAAGGTGACTC-1","12","Syp",0
"CCGGTTAGTGACCGAG-1","11","Syp",0
"CCGGTTAGTTGTGGCC-1","1","Syp",0
"CCGTAACAGCTTACGA-1","3","Syp",0.625584589369378
"CCGTAACAGTATGATC-1","2","Syp",0.724508544536152
"CCGTAACAGTCTAGCA-1","5","Syp",0
"CCGTATGGTTCCAGCA-1","1","Syp",0.573199626172146
"CCGTCATCAATAGGTC-1","0","Syp",0
"CCGTCCACAGGGACTC-1","12","Syp",0
"CCGTCGTTCATGAACT-1","3","Syp",0
"CCGTGATAGATAGGTA-1","6","Syp",1.26303573531739
"CCGTGCAAGCAACCCG-1","6","Syp",1.0363265935987
"CCGTGCTTCGCGTGTG-1","2","Syp",0.993932276609188
"CCGTGGATCATGCGTA-1","5","Syp",0
"CCGTGGATCCACCTAT-1","2","Syp",0
"CCGTGGATCGACCTGG-1","0","Syp",1.30738859620375
"CCGTGTGAGGGGTACA-1","1","Syp",0
"CCGTGTGAGGTAGGTG-1","1","Syp",0
"CCGTGTGAGTTAGGAA-1","15","Syp",0
"CCGTTAGGTCTTGGGC-1","12","Syp",0
"CCGTTCATCACGCCGA-1","12","Syp",0
"CCGTTCATCCAGATAT-1","0","Syp",0
"CCGTTCGCACTAATCT-1","2","Syp",0
"CCGTTCGCATGCTCCG-1","6","Syp",0
"CCGTTGAGTTAGGTAG-1","8","Syp",0
"CCGTTGAGTTGGCATT-1","3","Syp",0
"CCGTTGCTCATCACCT-1","1","Syp",0.436521440837478
"CCGTTGCTCTATCACC-1","13","Syp",0.502177771129861
"CCGTTGCTCTATGAAC-1","2","Syp",0.359687586772971
"CCTAACCCATGCTTCA-1","0","Syp",0.916350736074467
"CCTAACTTCCAGAGAG-1","0","Syp",0.934082997401472
"CCTAACTTCTATGGAT-1","5","Syp",0.939271751238409
"CCTAATGAGTGGCCTG-1","0","Syp",0
"CCTACAGGTGATGCAA-1","3","Syp",1.16027808192857
"CCTACCGCAGGATGAA-1","0","Syp",0.85460207354364
"CCTACCTGTGAAGCAC-1","0","Syp",0
"CCTACCTGTTCCGGTA-1","15","Syp",0
"CCTACGGAGATTCGTG-1","1","Syp",0
"CCTAGCCTCCAGGGAA-1","2","Syp",0.831831034828224
"CCTAGCGAGCCATACA-1","5","Syp",0
"CCTAGCGAGCCGACAT-1","4","Syp",0
"CCTAGCGAGTACCACA-1","3","Syp",0
"CCTAGGTAGGTTGGTC-1","0","Syp",0
"CCTAGTAAGATACTGT-1","1","Syp",1.23019417587972
"CCTAGTAAGCATCAAT-1","5","Syp",0
"CCTAGTAAGCTAGCGT-1","9","Syp",0
"CCTAGTAAGGGTAGAT-1","11","Syp",0
"CCTAGTAAGTGCGCTG-1","9","Syp",0.961458680993039
"CCTATAGAGCCGAGTT-1","7","Syp",0
"CCTATCACAAACCGTG-1","12","Syp",0
"CCTATGAAGCCCTTCA-1","12","Syp",0
"CCTATGTTCTGTAACG-1","4","Syp",0
"CCTATTCAGGTACTAT-1","9","Syp",0.68063628513031
"CCTATTCAGTTACGTG-1","2","Syp",0
"CCTCAACCAGCCTAGA-1","1","Syp",0.971992326851074
"CCTCAAGGTTCCGTGA-1","2","Syp",0.88738723708923
"CCTCAGCTCACATGCA-1","6","Syp",0.866091668246562
"CCTCATTAGGCTTCCC-1","15","Syp",0
"CCTCCAGCAAGTGTGT-1","14","Syp",0
"CCTCGAAGTAATGACG-1","16","Syp",0
"CCTCGAAGTGCGTGTC-1","5","Syp",1.08389841312397
"CCTCGGTTCCGCGATG-1","2","Syp",0
"CCTCGGTTCCGGAGTT-1","3","Syp",0
"CCTCGTTGTCAACCAT-1","0","Syp",0
"CCTCTAACAACGGCTA-1","6","Syp",0
"CCTCTAACACCTCGAT-1","5","Syp",0.766000439662335
"CCTCTAACAGTAAGCT-1","7","Syp",0.711435987858073
"CCTCTAACATCACTCA-1","6","Syp",0
"CCTCTTAGTGACGACG-1","1","Syp",0.546451856160386
"CCTCTTGAGGTTGCTA-1","4","Syp",0
"CCTGAACAGTGACCCG-1","7","Syp",0.644878822167232
"CCTGAACAGTTAGTGT-1","11","Syp",0.630557378888091
"CCTGAGACAACCCTAC-1","0","Syp",0
"CCTGAGACAAGTGATC-1","14","Syp",0
"CCTGAGACAATCGTAA-1","0","Syp",0.99888987353052
"CCTGAGTAGATTCGGC-1","2","Syp",0
"CCTGAGTAGTTGCCGG-1","0","Syp",0.958276947172708
"CCTGATCCAGCATGTG-1","1","Syp",0
"CCTGATCCATCGACTC-1","1","Syp",0
"CCTGATGGTAGGTATG-1","7","Syp",0
"CCTGATTTCAGGCTAC-1","15","Syp",0
"CCTGATTTCAGGTCCG-1","14","Syp",0
"CCTGCAAGTAATCGTC-1","0","Syp",0
"CCTGCGAAGCGAAGGC-1","3","Syp",0.836030135540861
"CCTGCTCAGTCGAACC-1","5","Syp",0
"CCTGCTCAGTCGATGC-1","9","Syp",0
"CCTGGCTTCGATTGCA-1","15","Syp",0
"CCTGGTAGTGATTCGT-1","3","Syp",0.894422351789198
"CCTGGTAGTTCCCAAG-1","12","Syp",0
"CCTGGTTCATCCAACC-1","7","Syp",0.506071256648717
"CCTGGTTCATTGCCAC-1","9","Syp",1.46959339579506
"CCTGTCATCCTGTGAA-1","5","Syp",0
"CCTGTCGCACAACCTC-1","9","Syp",0
"CCTGTGAGTATTGCAC-1","0","Syp",1.04556955268363
"CCTGTGGAGGGCTCCA-1","7","Syp",0.412538029083602
"CCTGTTGTCAGCGGAA-1","7","Syp",0
"CCTTAATCAATCGACG-1","10","Syp",0
"CCTTAATCAGCACGAC-1","2","Syp",0
"CCTTAATCATAGGTCG-1","0","Syp",0
"CCTTAATCATGCTGTC-1","0","Syp",0
"CCTTAGAAGCCTGGTG-1","8","Syp",0
"CCTTAGAAGTCATCTC-1","1","Syp",0.945773084438662
"CCTTAGCCAATATGTG-1","3","Syp",0
"CCTTCGATCTAGCTCT-1","14","Syp",0
"CCTTGCATCGTAGTTG-1","6","Syp",0
"CCTTGGGAGCGCATTA-1","2","Syp",1.12685655715348
"CCTTGGTCAAATCGGT-1","4","Syp",0
"CCTTTAATCACGCGCA-1","5","Syp",0
"CCTTTAATCCGCTGTC-1","6","Syp",1.10749047450634
"CCTTTAGCAAATCCAA-1","14","Syp",0
"CCTTTCAGTAACGAGC-1","2","Syp",0.538194154272121
"CCTTTCAGTAATGCAG-1","4","Syp",0
"CCTTTCAGTCAAGGTA-1","5","Syp",0
"CCTTTCAGTTGCGGAG-1","7","Syp",0.64139002255891
"CGAAACCTCCCAGGAT-1","6","Syp",0.855611996039471
"CGAACATCATGAGCTG-1","0","Syp",0.845776947546497
"CGAACGAAGATAGGTA-1","0","Syp",0.656209150400978
"CGAACGAAGATTGGTT-1","14","Syp",0
"CGAACGAAGCGAATCC-1","4","Syp",0
"CGAAGCAAGGGGACTA-1","13","Syp",0.844867171761657
"CGAAGCAAGGTCGTTA-1","12","Syp",0
"CGAAGGATCAATGGTT-1","6","Syp",0
"CGAAGTGAGAAGCAAC-1","0","Syp",0.713235417226054
"CGAAGTGAGGTTGGAG-1","3","Syp",1.31561027889347
"CGAATAGGTAAGTTCC-1","8","Syp",0
"CGAATCATCCCGCTTA-1","10","Syp",0
"CGAATCTGTGATAGTG-1","4","Syp",0
"CGAATCTGTTCGAGTT-1","3","Syp",0
"CGAATCTGTTCGTGTG-1","6","Syp",0.706093994767943
"CGAATCTGTTGACCAT-1","8","Syp",0
"CGAATTTAGAACCTTG-1","10","Syp",0
"CGAATTTAGATAGTAG-1","5","Syp",1.15362686341201
"CGACAGCCAAGGGCAG-1","5","Syp",0
"CGACAGCCACTATATC-1","12","Syp",0
"CGACAGCCATCACTGC-1","0","Syp",1.59762339556299
"CGACCAACATCCAAGG-1","8","Syp",0
"CGACCATAGAAGGGCC-1","0","Syp",0
"CGACCCTTCGAGCACT-1","0","Syp",0.853362556070026
"CGACCCTTCTCACTAC-1","1","Syp",0.758923859094568
"CGACCCTTCTGGCCTC-1","8","Syp",0
"CGACCTAGTAAGTAGT-1","14","Syp",0
"CGACCTAGTGAAGCAC-1","6","Syp",0.792890692179947
"CGACTAATCACTGTCT-1","0","Syp",0
"CGACTAATCCGCGATG-1","14","Syp",0
"CGACTAGCAACCGCAA-1","3","Syp",0
"CGACTAGCAATTGGTA-1","0","Syp",0
"CGACTATGTGCGGATG-1","7","Syp",0.597146459306932
"CGACTCCTCACTTCAC-1","6","Syp",0
"CGACTCCTCAGCTGCG-1","4","Syp",0
"CGACTGACATCATCTG-1","5","Syp",0
"CGACTGACATGAAGTC-1","7","Syp",0.675951988386766
"CGACTGGTCTCATCGT-1","1","Syp",1.15145317975765
"CGACTTGGTGAGAGTC-1","1","Syp",1.30054498238049
"CGACTTGGTTGAAGCA-1","5","Syp",0
"CGAGCAAAGCATCCTT-1","6","Syp",0.47800760908885
"CGAGCAGGTCCATAGT-1","14","Syp",0
"CGAGCCATCAGGACTC-1","6","Syp",1.00946603259141
"CGAGCCTGTCAGCCGT-1","2","Syp",1.07053269005482
"CGAGCGAGTAATGACG-1","7","Syp",0.953448550596298
"CGAGCGAGTAATGAGT-1","4","Syp",0
"CGAGGGACATAACGAC-1","1","Syp",0
"CGAGGGACATCGTAGG-1","10","Syp",0
"CGAGGGTAGCAAGCTC-1","7","Syp",0
"CGAGTAAGTGCGCCAT-1","9","Syp",1.22219654328239
"CGAGTGAAGGAGCTTC-1","4","Syp",0
"CGAGTGAAGTGAGCGA-1","3","Syp",0
"CGATAACCATCCGGTT-1","7","Syp",0.868734237641533
"CGATAGTCAAAGGGTA-1","8","Syp",0
"CGATAGTCATCCCTGG-1","10","Syp",0
"CGATCAATCCCTCGGT-1","11","Syp",0
"CGATCAATCTAACTCC-1","9","Syp",0.959417772427082
"CGATCCCTCGAACCGT-1","1","Syp",0.615174152824935
"CGATCCCTCTATGGAT-1","9","Syp",0
"CGATCCTCATCCCGTG-1","8","Syp",0
"CGATCTAAGATTCACG-1","4","Syp",0
"CGATCTAAGTAACGAA-1","12","Syp",1.61878302193214
"CGATGGGGTATAGCTC-1","6","Syp",0.718152374020351
"CGATGGGGTGCATCAT-1","4","Syp",0
"CGATGGTTCCGTATAG-1","10","Syp",0
"CGATGTTGTCTAGTAC-1","5","Syp",0.792030671777798
"CGATGTTGTTAGACTC-1","1","Syp",0
"CGATTAACATTGCACC-1","10","Syp",0
"CGATTACGTTCACGGC-1","8","Syp",1.47719999373916
"CGATTACGTTCCGCAA-1","4","Syp",0
"CGATTACGTTGGGACG-1","16","Syp",0
"CGATTAGTCAAGTCGC-1","3","Syp",0
"CGATTATAGCGATAGG-1","4","Syp",0
"CGATTATAGCTACCTT-1","4","Syp",0
"CGATTATAGTTAGCTG-1","14","Syp",1.16884662524313
"CGATTCAAGTCATAGT-1","5","Syp",0.98749234172834
"CGATTCCCAAGCATGT-1","4","Syp",0
"CGATTCCCACAATCAA-1","7","Syp",0.873583064413266
"CGATTCCCAGTACCTC-1","4","Syp",0
"CGATTTAGTTCACCGA-1","4","Syp",0
"CGATTTAGTTGGACCC-1","5","Syp",0
"CGCAAATCAATCAGAC-1","2","Syp",0
"CGCAACTAGTATGGTT-1","13","Syp",1.16594951843692
"CGCAATATCCCGCAAG-1","2","Syp",0
"CGCAATATCCTGACTT-1","11","Syp",0.417712437730776
"CGCACGATCCCGCTGT-1","5","Syp",0
"CGCACTTCACTCATCA-1","10","Syp",0
"CGCACTTCATCACTAT-1","8","Syp",0
"CGCAGATTCCTGACCC-1","8","Syp",0
"CGCAGCTGTCAGTTCG-1","8","Syp",0
"CGCAGCTGTGGAGCTG-1","3","Syp",0
"CGCAGGTCAATCCATT-1","0","Syp",0.756035515898035
"CGCAGGTCACTCATCA-1","12","Syp",0
"CGCAGTTAGCAATGAA-1","15","Syp",0
"CGCATAGCAACATACA-1","11","Syp",0.718421625888542
"CGCATAGCAATGAGCT-1","9","Syp",0
"CGCATCAGTGCAGGTG-1","1","Syp",0
"CGCATCAGTTCACCAG-1","15","Syp",0
"CGCATCCTCCTGTCTG-1","7","Syp",0.451528450598918
"CGCATCCTCGCGTCGA-1","0","Syp",0
"CGCATCTCATCGCTGT-1","6","Syp",0
"CGCATCTCATGATTGA-1","5","Syp",0.992540841943796
"CGCATGGTCAGGCAAG-1","5","Syp",1.20466157792761
"CGCATGGTCCATATCC-1","5","Syp",0
"CGCATTCCACAAGCAT-1","3","Syp",0.644642146839625
"CGCCAATAGCTTACCT-1","1","Syp",1.03885653362465
"CGCCATAGTCTCAGGC-1","7","Syp",0
"CGCCATGAGCAAGCCT-1","9","Syp",0
"CGCCTAAGTGATCAGA-1","0","Syp",0
"CGCCTAGAGTCATGGC-1","5","Syp",1.43022756802944
"CGCCTAGAGTTAGATC-1","7","Syp",0.611255751175842
"CGCCTCACAAGCTAAC-1","4","Syp",0
"CGCCTGTTCATGGTTG-1","6","Syp",0
"CGCCTGTTCGCGTTGG-1","6","Syp",0.718691088349859
"CGCCTTGCAGGAGCAG-1","10","Syp",0
"CGCCTTGCATTAGGGT-1","1","Syp",0
"CGCGAACCACTAGCTC-1","4","Syp",0
"CGCGAAGGTAATGGCA-1","4","Syp",0
"CGCGATTAGGTTCGCG-1","2","Syp",0
"CGCGCAATCCTGCTCA-1","5","Syp",0.533693324082665
"CGCGCATGTCATGAGA-1","3","Syp",0.743201975387059
"CGCGCATGTCTTACCC-1","5","Syp",0
"CGCGTACGTGATGCAA-1","7","Syp",0
"CGCGTACGTTCACCTC-1","7","Syp",0
"CGCGTACGTTGGCGTC-1","4","Syp",0
"CGCGTTAGTCTTGATA-1","1","Syp",0
"CGCGTTAGTTGAAGCA-1","4","Syp",0
"CGCTAAATCACCTGCC-1","11","Syp",0
"CGCTAAATCATAGAGA-1","2","Syp",0
"CGCTAACAGCATTCGA-1","4","Syp",0
"CGCTAACAGTGCCCGA-1","5","Syp",0
"CGCTAATGTGGGTAGT-1","6","Syp",0
"CGCTACTCAAGCGTAT-1","1","Syp",0.609794790455357
"CGCTACTCATCACTTG-1","16","Syp",0
"CGCTATGGTGAAGGCT-1","7","Syp",0.494621326583951
"CGCTATGGTGCAGCGA-1","2","Syp",0
"CGCTATGGTTCCAGTG-1","0","Syp",0
"CGCTATGGTTGCTGGC-1","3","Syp",0.533810011667659
"CGCTCATCAAACCTGG-1","0","Syp",0.86633119627402
"CGCTCCACAAGGTTCG-1","13","Syp",0.488215433573264
"CGCTGCAAGCCTGGTG-1","13","Syp",0
"CGCTGCAAGTGAATGA-1","2","Syp",0.604926174778815
"CGCTGCAAGTGAGGCA-1","9","Syp",0.915631239659239
"CGCTGCTTCATACAGT-1","7","Syp",0
"CGCTGCTTCCGGATGT-1","0","Syp",1.23648671071044
"CGCTGCTTCCGTTACT-1","4","Syp",0
"CGCTGCTTCGCTCTCA-1","10","Syp",0
"CGCTGTGAGTAGAGCG-1","0","Syp",0
"CGCTTAGGTTGCGTGC-1","7","Syp",0
"CGGAAAGTCCCAGGCA-1","14","Syp",0
"CGGAAAGTCGAGTCTA-1","14","Syp",0
"CGGACAGGTTGCTGGC-1","0","Syp",0
"CGGACATTCCTGCCAC-1","5","Syp",1.03791359172237
"CGGACTTAGGCGATTC-1","3","Syp",0
"CGGATAAGTGACGATA-1","3","Syp",0
"CGGATCACAAATCCAA-1","6","Syp",0
"CGGATCACAATTGCTT-1","3","Syp",0
"CGGATCACATGGTAAC-1","2","Syp",0.821418616849297
"CGGCAAGGTTTGGTGT-1","1","Syp",0.819283897221553
"CGGCATTAGCTGGTGT-1","5","Syp",0.955216158535878
"CGGCCTAAGCAAGCGA-1","5","Syp",0
"CGGCTAACAAGGTTCG-1","1","Syp",0.74973790696637
"CGGCTAGTCGTAGTAT-1","4","Syp",0
"CGGCTCAAGATAGTAG-1","4","Syp",0
"CGGCTGATCGATACAT-1","12","Syp",0
"CGGCTGATCGCATCAA-1","8","Syp",0
"CGGCTGATCTATGGAT-1","0","Syp",1.41305463151878
"CGGCTTGAGGCTACAC-1","14","Syp",0
"CGGCTTGAGGGGTAAT-1","3","Syp",0
"CGGGACTCAGCTCGAA-1","0","Syp",0.919784921826075
"CGGGCTTGTGCGTACC-1","0","Syp",0.198437329904094
"CGGGCTTGTGGAGCCA-1","12","Syp",0
"CGGGCTTGTTAGTGGA-1","5","Syp",0
"CGGGGTAGTTGGAGCG-1","11","Syp",0.851279488924562
"CGGGTAAAGCATCTCT-1","9","Syp",1.00819294325227
"CGGGTAAAGCATGCAC-1","5","Syp",0.995435469372427
"CGGGTAAAGCGAGGTA-1","13","Syp",0.847145508453944
"CGGGTAAAGCGATCAC-1","4","Syp",0
"CGGGTAGGTAATTCGC-1","6","Syp",0
"CGGGTAGGTTCCGTTC-1","1","Syp",0
"CGGGTCATCCGCTGAG-1","0","Syp",0
"CGGGTCATCCGTCCAC-1","12","Syp",0
"CGGGTCATCTGGCATA-1","11","Syp",1.30122567536776
"CGGGTGAGTAATGACG-1","2","Syp",0
"CGGTAATCACTATCTG-1","8","Syp",0
"CGGTATTGTTGAGCTT-1","7","Syp",0.704642144626978
"CGGTCAACAACGGGCT-1","2","Syp",0.649453745342375
"CGGTCAACAGGGCTGT-1","2","Syp",0
"CGGTGTTAGTCGCTAA-1","7","Syp",0
"CGGTGTTAGTGCTGCG-1","10","Syp",0
"CGGTTAATCAGTGCCG-1","13","Syp",0.733168421896621
"CGGTTAGCACTTCGTA-1","0","Syp",0
"CGGTTATGTTGGTGAA-1","8","Syp",0
"CGGTTCTCAATGACAC-1","0","Syp",1.40279349988828
"CGGTTCTCATAGGGCC-1","6","Syp",0.844186198641133
"CGTAAAGGTGATCCGC-1","11","Syp",0
"CGTAAATTCCGCTGGA-1","4","Syp",0
"CGTAAATTCCGGATAC-1","9","Syp",0
"CGTAAATTCGCTCCTA-1","15","Syp",1.50930994415174
"CGTAACATCTCACTCG-1","8","Syp",0
"CGTACAGCACCTTGCG-1","5","Syp",0
"CGTACCCTCATGTGCA-1","0","Syp",0
"CGTACCCTCGACTACA-1","0","Syp",0.502848253865396
"CGTACTAAGTCGATTG-1","1","Syp",0.681745445091122
"CGTACTGGTAAGTAAC-1","4","Syp",0
"CGTAGGCCACTACCTA-1","9","Syp",0.89932298031648
"CGTAGGGGTGACCGAG-1","3","Syp",0
"CGTAGGGGTTGTGCGC-1","13","Syp",0
"CGTAGGTTCAGGCAGA-1","1","Syp",0
"CGTAGGTTCGCATCCC-1","2","Syp",0.508674913999582
"CGTAGTCAGCAGGCAA-1","5","Syp",1.40453032854101
"CGTAGTCAGGCAATCC-1","1","Syp",0.795282574001593
"CGTATATAGGATACTT-1","5","Syp",0.855767593406081
"CGTATTAGTATGTGAG-1","12","Syp",0
"CGTATTAGTCAGGGCA-1","13","Syp",0
"CGTATTGAGGTATAGA-1","10","Syp",0
"CGTCAATGTGCGCAAG-1","2","Syp",0.74141392152978
"CGTCAATGTTAGTGTC-1","9","Syp",1.69777765011566
"CGTCACCTCCATTAGG-1","6","Syp",0.738777191288298
"CGTCAGTAGGTGCAAG-1","2","Syp",0.505888189645107
"CGTCCGTTCCATGAAT-1","4","Syp",2.60966224193145
"CGTCCTGCAAGCATCG-1","14","Syp",0
"CGTCCTTGTTGTAACC-1","1","Syp",0.716648443332939
"CGTCGCTTCATGATCG-1","5","Syp",0.896478818406014
"CGTCGTAGTCTTGGGC-1","3","Syp",0.983440902446024
"CGTCGTAGTTTCAGCG-1","14","Syp",0
"CGTCGTTCAAGTTCGG-1","11","Syp",0
"CGTGAAAGTGGCTACC-1","2","Syp",0.729089290362499
"CGTGAAAGTTGTGCAT-1","6","Syp",0
"CGTGAGAAGGTTAGTT-1","1","Syp",0.702527398913974
"CGTGAGAAGGTTGGAG-1","0","Syp",0.98533060578174
"CGTGAGGGTGAGTGAC-1","4","Syp",0
"CGTGATGCACTACCGT-1","3","Syp",0
"CGTGATTGTAATGAAC-1","1","Syp",0
"CGTGATTGTTGACTAC-1","11","Syp",0.943659166582354
"CGTGCCTTCAGGTCGT-1","10","Syp",0
"CGTGCCTTCCAGATGC-1","1","Syp",0.994039484748533
"CGTGCTAGTAAGTGAT-1","7","Syp",0.70859742906435
"CGTGCTGAGTTGGGCT-1","3","Syp",0
"CGTGGATTCCATTGAG-1","11","Syp",0.955757667059396
"CGTGGATTCTGGCCTC-1","10","Syp",0
"CGTGGGTCAATGGAGA-1","8","Syp",0
"CGTGGGTCAATGTCGG-1","9","Syp",0.754540268793794
"CGTGGGTCACAACGGC-1","12","Syp",0
"CGTGGGTCAGCATGGC-1","8","Syp",0
"CGTGTATGTAAGCCAA-1","1","Syp",2.0421170844929
"CGTGTCAGTCTAGCGC-1","4","Syp",0
"CGTGTCAGTGCAGGCA-1","5","Syp",1.09423155685147
"CGTGTTAAGCAATCGC-1","4","Syp",0
"CGTGTTGGTTCCTGTC-1","2","Syp",0
"CGTTAATAGCGATTCA-1","4","Syp",0
"CGTTACAAGGTCCAAC-1","0","Syp",0
"CGTTACCCAAATGCGT-1","7","Syp",0
"CGTTATAGTTCGCAAT-1","6","Syp",0
"CGTTATAGTTTGAGAG-1","4","Syp",0
"CGTTATGAGGATGGGC-1","5","Syp",0
"CGTTATGAGGTAGCTC-1","12","Syp",0
"CGTTATGAGTCGCAGT-1","1","Syp",0
"CGTTCCATCCGTCAGG-1","0","Syp",0.660975375791515
"CGTTCCGCAGGCATTG-1","11","Syp",0.672552873061201
"CGTTCCGCAGTTGCGA-1","2","Syp",0
"CGTTCCTGTAATCACC-1","11","Syp",0.969056488145282
"CGTTCCTGTAGTGCCC-1","0","Syp",0
"CGTTCCTGTTGCTATA-1","0","Syp",1.61468516030483
"CGTTCGCTCAATCACG-1","2","Syp",0.93520984216892
"CGTTCGCTCCGTGTGG-1","8","Syp",0
"CGTTGGACAAATCCAA-1","9","Syp",0
"CGTTGGACAACGTGCA-1","3","Syp",0.664116663376521
"CGTTGTCCAAATCAGC-1","4","Syp",0
"CGTTGTCCAGGCATAT-1","8","Syp",0
"CGTTTAAGTTGACCTG-1","9","Syp",1.77071902557429
"CGTTTCACAAGCCGGT-1","1","Syp",0
"CGTTTCACAATCCTTG-1","1","Syp",0
"CGTTTCCGTAATCCGT-1","13","Syp",0.644771220191493
"CGTTTCCGTGAGATCA-1","2","Syp",0.776942237852032
"CGTTTGAAGGTAGACG-1","8","Syp",0
"CTAAACCGTAAGCTGA-1","15","Syp",0
"CTAAACCGTGACTTCG-1","3","Syp",0
"CTAAAGCCATTCGGTC-1","5","Syp",0
"CTAAAGGGTAGCGAGT-1","7","Syp",0.518625468314261
"CTAAAGGGTTGGTTCG-1","0","Syp",0.638255912977309
"CTAACATAGGTCAAGG-1","3","Syp",0
"CTAACATAGTAGAGCG-1","3","Syp",0
"CTAACCAAGGTACTTG-1","11","Syp",0.707865353033967
"CTAACCTTCGACTTAG-1","2","Syp",0.876192706605152
"CTAACCTTCGTGCAAC-1","11","Syp",1.14282415307843
"CTAACGATCCGTGTCC-1","4","Syp",1.89361497818834
"CTAAGCATCACGTGTA-1","1","Syp",1.08396314014787
"CTAAGCCAGATAGGCG-1","2","Syp",0.665538064945878
"CTAAGCCAGCTATACG-1","15","Syp",1.83645580532502
"CTAAGCCAGGCTCAGT-1","0","Syp",0
"CTAAGCCAGGTAATTC-1","14","Syp",1.29349425595402
"CTAAGGCTCATGATCG-1","3","Syp",0
"CTAATCCTCCAGGGAA-1","3","Syp",0
"CTAATCTCAAGTGGAA-1","4","Syp",0
"CTAATCTCACAACCTC-1","10","Syp",0
"CTAATCTCACCTCGTG-1","4","Syp",0
"CTAATTGGTCTCACGA-1","3","Syp",0
"CTACACAAGGATATAG-1","3","Syp",0
"CTACACCCACCTCAGT-1","4","Syp",0
"CTACACCCATAAGCCG-1","9","Syp",0
"CTACAGGCAACCCTAC-1","0","Syp",0.561173797222564
"CTACAGGCAGGTTGGC-1","5","Syp",0
"CTACAGGCATAATCAG-1","7","Syp",0.800821678447279
"CTACAGGCATTGGCCT-1","2","Syp",0
"CTACATGAGGCAAGTG-1","8","Syp",0
"CTACCAAAGCGCTCCT-1","4","Syp",0
"CTACCAAAGGCTCTCC-1","6","Syp",1.26931583716566
"CTACCCGCAAGTGTGT-1","6","Syp",1.03264404535886
"CTACCCGCAATTACAG-1","6","Syp",0
"CTACCCTGTGAAGTGC-1","0","Syp",0.89725259507883
"CTACCGCTCGTGCGTG-1","3","Syp",0
"CTACGATGTTGAGTAG-1","8","Syp",0
"CTACGGACAGGGCTAC-1","0","Syp",1.53108459818759
"CTACGGGTCGACTATG-1","11","Syp",0
"CTACGGGTCTCACCGC-1","5","Syp",0
"CTACGTCCAAGCTCGA-1","0","Syp",0.830076299736514
"CTACGTCCATGGAACT-1","7","Syp",0
"CTACGTTTCACTCTGT-1","5","Syp",1.1898491430848
"CTACGTTTCAGGAGAT-1","1","Syp",0
"CTACGTTTCTGGTGTA-1","2","Syp",0.836697253648839
"CTACTCACATGGCCTT-1","3","Syp",0
"CTACTCCGTATTGCAC-1","2","Syp",0.596889458576281
"CTACTGTTCACAGCGT-1","1","Syp",0.940983344464527
"CTACTGTTCATAGATC-1","3","Syp",0.770213496048653
"CTACTTATCAGGTCTA-1","2","Syp",0.923201024215544
"CTACTTATCTGGCTCC-1","4","Syp",0
"CTACTTGCACTCGGTT-1","2","Syp",0.75898427876746
"CTACTTGCATAAGTCA-1","2","Syp",0.700068322638962
"CTAGAACCAAACCTGG-1","3","Syp",0
"CTAGAACCAGGATAGA-1","14","Syp",0
"CTAGATTAGTGAGCGA-1","12","Syp",0
"CTAGCGCGTTCTGTCC-1","1","Syp",1.05695024515647
"CTAGCTGGTGAGAGGA-1","12","Syp",0
"CTAGGTCAGCTAGCGT-1","9","Syp",0.969513424005379
"CTAGGTCAGTGTCCTT-1","12","Syp",0
"CTAGGTTGTCTAGAGA-1","4","Syp",0
"CTAGGTTGTGCAAGGT-1","3","Syp",0
"CTAGTCAAGGATCCAC-1","2","Syp",0
"CTATAGGTCCAGAGGA-1","6","Syp",0
"CTATCATCAAGCACAT-1","5","Syp",0.949691326012949
"CTATCATCAAGGTATC-1","15","Syp",0
"CTATCATCACAGCAGC-1","5","Syp",0.870263501828717
"CTATCATCATTACTCG-1","4","Syp",0
"CTATCGAAGGGGACTA-1","5","Syp",0
"CTATCTATCTGGAAGG-1","6","Syp",0
"CTATGCTTCCCTTGAT-1","2","Syp",0.722703924555177
"CTATGGATCAGGCAGA-1","10","Syp",1.89074424743067
"CTATGTGAGCCACACG-1","4","Syp",0
"CTATGTGAGGCAAGCA-1","2","Syp",0
"CTATGTGAGTACGGTC-1","7","Syp",0.988497599463943
"CTATGTTCATGCAGTG-1","2","Syp",0.597734746039033
"CTATTCATCTAGCCGG-1","0","Syp",1.12735029266858
"CTATTCGCATCACTCA-1","3","Syp",0.626596995749854
"CTATTGAGTTATGTCA-1","1","Syp",0
"CTCAACTTCACCTCGC-1","3","Syp",0.978491528889356
"CTCACACCAAACTCAA-1","9","Syp",0.67919517355349
"CTCACATTCACTTGAG-1","1","Syp",0.588676938720102
"CTCAGGTAGGTTCCGG-1","1","Syp",0
"CTCAGGTAGTTGCGGT-1","5","Syp",0
"CTCAGTAAGGATAGCG-1","7","Syp",0
"CTCAGTTTCCATCCTG-1","4","Syp",0
"CTCATAAGTTAACGAG-1","4","Syp",0
"CTCATAAGTTAATGCC-1","3","Syp",0.691949336535706
"CTCATAAGTTAGTGTC-1","6","Syp",0
"CTCATAGAGCTATGTG-1","7","Syp",0
"CTCATAGAGTATGTCG-1","2","Syp",0.611294294977157
"CTCATCCGTCTTGCTC-1","10","Syp",0
"CTCATGAAGCGATAGG-1","13","Syp",0
"CTCATTCAGCCAGAGA-1","8","Syp",0
"CTCATTCAGTAATGGA-1","2","Syp",0
"CTCATTCAGTGCCTGG-1","8","Syp",0
"CTCATTGCATAACGGT-1","6","Syp",0
"CTCCAAGGTAGGCGCA-1","5","Syp",1.39429742384286
"CTCCAATTCCATAGAT-1","6","Syp",0
"CTCCAATTCGATGCCG-1","12","Syp",0
"CTCCAATTCGATGCGT-1","6","Syp",0.640030834938499
"CTCCAGCTCATCAAGT-1","0","Syp",1.00881244757063
"CTCCAGCTCCAGATAT-1","1","Syp",1.09251632491916
"CTCCCAATCATATCCC-1","0","Syp",0
"CTCCCACAGCGGTTAC-1","2","Syp",1.01185552657483
"CTCCCACAGGGCAGGT-1","10","Syp",0
"CTCCCTAAGTAAGCGG-1","9","Syp",0.90753111829544
"CTCCCTGGTAACGGCG-1","10","Syp",0
"CTCCCTGGTCAATCAC-1","16","Syp",0
"CTCCCTGGTCATTGCG-1","6","Syp",0
"CTCCCTGGTGAGCCGA-1","10","Syp",0
"CTCCGTTGTTCACGCA-1","6","Syp",0
"CTCCTAGTCTGGCACG-1","15","Syp",0
"CTCCTGATCACCTAAG-1","11","Syp",0.531746540155312
"CTCCTGATCCCGTTCA-1","0","Syp",0.711752846528958
"CTCCTTAGTAATGCTC-1","10","Syp",0
"CTCCTTAGTATGTGTC-1","1","Syp",0
"CTCCTTAGTTGCATGT-1","6","Syp",0.742105003376765
"CTCGAACAGCCTAAGC-1","9","Syp",0
"CTCGAATGTCATGATC-1","0","Syp",1.30356564592226
"CTCGAATGTGAACCTT-1","0","Syp",0.575845808842814
"CTCGAATGTTCAAGGA-1","5","Syp",1.44422163534435
"CTCGACTCAATCCCGT-1","0","Syp",0.577761168080938
"CTCGATCCAAATCCTT-1","5","Syp",1.10864536724145
"CTCGATCCAACTAAGC-1","3","Syp",0
"CTCGATTTCAGCCAGT-1","4","Syp",0
"CTCGATTTCCTCACCA-1","2","Syp",0.624817416468009
"CTCGCGAAGCTACCAA-1","14","Syp",0
"CTCGCTATCGCGCCAA-1","14","Syp",0
"CTCGCTGCATCCCAGT-1","2","Syp",0.836202984031318
"CTCGGATAGCCCTGAG-1","12","Syp",0
"CTCGGATAGGTGCGTT-1","2","Syp",0
"CTCGTAGGTAACCGAA-1","5","Syp",0
"CTCGTTACAAACTAGC-1","0","Syp",0.86633119627402
"CTCGTTACACTCGCTG-1","5","Syp",0.9141063121956
"CTCTAGAAGCAAGGAT-1","10","Syp",0
"CTCTAGAAGCCCTTGC-1","2","Syp",0
"CTCTAGCCAAGCACAT-1","2","Syp",0.968532429808241
"CTCTAGCCAGGCATTG-1","2","Syp",0
"CTCTAGCCATCCTCAA-1","8","Syp",0
"CTCTATATCGCATGGT-1","0","Syp",0.981976532520958
"CTCTATTGTAATCCTA-1","0","Syp",0
"CTCTATTGTTAACGCT-1","1","Syp",0.529641895565467
"CTCTGACCATGATCGG-1","8","Syp",0
"CTCTGATTCATGCAAT-1","8","Syp",0
"CTCTGCATCCAGGCCA-1","2","Syp",1.06952591957873
"CTCTGCATCGCGCCTT-1","0","Syp",1.48869671412101
"CTCTGCATCGTTCCAT-1","7","Syp",0
"CTCTGGTCAGGGCAGA-1","8","Syp",0
"CTCTGTTAGTTGCCGG-1","15","Syp",0
"CTCTTAATCATGTCCT-1","2","Syp",0
"CTCTTAATCCATTCCG-1","10","Syp",0
"CTCTTAATCCGTGATA-1","10","Syp",0
"CTCTTGGTCAGGGATG-1","13","Syp",0
"CTGAAAGGTTTACTTC-1","10","Syp",0
"CTGAATGTCCATTGAG-1","2","Syp",0.707239111908003
"CTGAATGTCGTGAACC-1","7","Syp",0
"CTGACAATCACCTGCC-1","5","Syp",0.620731882706165
"CTGACAATCTGTGAAT-1","0","Syp",1.08982349225575
"CTGACACAGCGATGTC-1","1","Syp",0.505914333792613
"CTGACCAGTTAACCCG-1","9","Syp",0
"CTGACCAGTTGAGGTA-1","2","Syp",0.593750504454299
"CTGACCAGTTGCTCGA-1","5","Syp",0
"CTGACCCTCACCTGCC-1","5","Syp",0
"CTGACGTAGGATCTGC-1","8","Syp",0
"CTGACGTAGTACGCTA-1","9","Syp",1.50212299454406
"CTGACGTAGTACGGTC-1","6","Syp",0.835919058554954
"CTGATCAAGGATCAGG-1","8","Syp",0
"CTGATCAAGGCATGTC-1","13","Syp",1.44658929133832
"CTGATTAGTAGTTAGG-1","10","Syp",0
"CTGATTAGTGAGCCGA-1","1","Syp",1.00626229296827
"CTGATTGAGGCTCAGT-1","5","Syp",0
"CTGATTTCAATGAGTC-1","0","Syp",0
"CTGCAACAGCGCTGAT-1","10","Syp",0
"CTGCAATGTGAAGCGT-1","1","Syp",0
"CTGCAATGTTGAGTTC-1","3","Syp",0
"CTGCAATGTTTCGAGT-1","4","Syp",0
"CTGCACCTCCCTGTGC-1","8","Syp",0
"CTGCATCCAACTGTGG-1","5","Syp",0
"CTGCATCCAAGCTCCT-1","2","Syp",0
"CTGCATCCAATCCGCT-1","3","Syp",0
"CTGCATCCATGACACG-1","1","Syp",0.96041217199889
"CTGCATGGTCCATTCC-1","0","Syp",0
"CTGCCATCAAGCTAAC-1","5","Syp",0.543287155202983
"CTGCCTGCAATCTGCC-1","5","Syp",1.56608747156049
"CTGCCTGCACTTCAGC-1","6","Syp",0
"CTGCCTTGTGACCGAG-1","9","Syp",0.76921782133258
"CTGCGCAAGGTATAGA-1","8","Syp",0
"CTGCGGATCCCAATGA-1","0","Syp",0
"CTGCGTAGTTTGAGCT-1","1","Syp",0
"CTGCTAAAGCGCCATG-1","7","Syp",1.58032559746718
"CTGCTGCTCACTCGAA-1","3","Syp",0
"CTGCTGCTCCGTCATT-1","4","Syp",0
"CTGCTGCTCGCATGAC-1","8","Syp",0
"CTGCTGCTCGCGCAAT-1","0","Syp",0
"CTGGAAAGTGAGCCAG-1","10","Syp",0
"CTGGACTAGGCACATC-1","10","Syp",0
"CTGGATGCAACCTGAG-1","2","Syp",0.591616612939957
"CTGGATGCAAGCTGGC-1","11","Syp",0
"CTGGATGCACCATTGC-1","8","Syp",0
"CTGGCAACAATGCCCT-1","2","Syp",0.570611756154316
"CTGGCCAAGCAAGCCT-1","14","Syp",0
"CTGGCCAAGCCTCTGC-1","7","Syp",0.603928209685983
"CTGGCCAAGTCGACCG-1","5","Syp",0.785869952415303
"CTGGCCAAGTCGATGC-1","8","Syp",0
"CTGGCTAGTTCTGTCC-1","1","Syp",1.03667880338413
"CTGGGCATCGTAGTAT-1","2","Syp",0.93314618055636
"CTGGTAATCCAACTAG-1","9","Syp",0
"CTGGTAATCCATCAAG-1","6","Syp",0
"CTGGTCAGTTAATGGG-1","8","Syp",0
"CTGGTCAGTTTAGTGC-1","7","Syp",1.27918156542776
"CTGGTTAAGGAGTCAG-1","2","Syp",0
"CTGTAACGTGAACGAC-1","2","Syp",0.674909593010164
"CTGTAATAGTAATCGT-1","1","Syp",0
"CTGTAATAGTAGTAAG-1","2","Syp",0.856624452706367
"CTGTAATAGTGCAACC-1","6","Syp",0
"CTGTACCCAAACTTAG-1","0","Syp",1.51639374216856
"CTGTACCCACCTGTGT-1","7","Syp",0.801735821738832
"CTGTACGGTTTGCAGT-1","9","Syp",0
"CTGTACTTCAATTCCC-1","2","Syp",0
"CTGTACTTCATGCACA-1","4","Syp",0
"CTGTCCATCCGTCCGT-1","0","Syp",0
"CTGTCCATCGCTCAGG-1","10","Syp",0
"CTGTGATGTGCGGTAG-1","5","Syp",0.823134867147023
"CTGTGCCTCATCTGTC-1","9","Syp",0
"CTGTGGACAATATGGC-1","12","Syp",0
"CTGTTAAGTTTCGAGT-1","6","Syp",1.50835003211347
"CTGTTGAAGATAGCTT-1","7","Syp",1.61975725586195
"CTGTTGAAGGTAGGCA-1","3","Syp",0
"CTTAACCTCCGGACAT-1","14","Syp",0
"CTTAATCCATGACCGA-1","14","Syp",0
"CTTAATGGTGCGAGTG-1","3","Syp",0
"CTTAATGGTTTGCCAG-1","10","Syp",0
"CTTACAAGTCTGGTTG-1","1","Syp",0.606818412984976
"CTTACGAAGCAGTTCA-1","0","Syp",0
"CTTACGAAGGTACGGA-1","5","Syp",0
"CTTACGAAGTAAGGAC-1","3","Syp",0
"CTTACGAAGTACGCTA-1","6","Syp",1.40210016129108
"CTTACGGGTGATCAAG-1","1","Syp",1.40766922070462
"CTTACGTTCTTGATGG-1","6","Syp",1.31401621564324
"CTTACTATCCATGCTT-1","13","Syp",0.560463532074788
"CTTACTATCCTTGAGA-1","7","Syp",0
"CTTAGCAAGCTAACTG-1","0","Syp",0
"CTTAGGATCCCCTTGA-1","8","Syp",0
"CTTAGTAGTGATAGGC-1","10","Syp",0
"CTTAGTAGTGGGTTGG-1","1","Syp",0
"CTTAGTAGTTTACCGG-1","2","Syp",0.641262345190934
"CTTAGTGAGGCGTAGA-1","14","Syp",1.38233247965278
"CTTATCGCAAGCGTGC-1","1","Syp",0.752754125103682
"CTTATCGCATCCGTAC-1","3","Syp",0
"CTTATCGCATGCTTGC-1","3","Syp",0
"CTTATCTGTGCGTACC-1","5","Syp",0.766740405185958
"CTTATGCTCCTTCACG-1","13","Syp",0.525370336811188
"CTTATGCTCTATCGAG-1","8","Syp",0
"CTTCAATCAGGTTCGA-1","0","Syp",1.34760327129153
"CTTCAATCATTGGAGT-1","13","Syp",0.614783882836085
"CTTCACTAGTAGGTAA-1","11","Syp",1.16671036710228
"CTTCAGCCAAACCCGA-1","5","Syp",1.08273477365012
"CTTCATCAGGGCTAGA-1","3","Syp",0
"CTTCATCAGTCGATAT-1","10","Syp",2.33153014356912
"CTTCATCAGTGCGGTT-1","4","Syp",0
"CTTCGAGGTGAGTTGA-1","7","Syp",1.19061860975291
"CTTCGATTCTAATGCG-1","3","Syp",0.596522709487693
"CTTCGCATCGAGGTCT-1","12","Syp",0
"CTTCGCGCAAGGTAAG-1","8","Syp",0
"CTTCGCGCAGGATCTG-1","3","Syp",0
"CTTCGCGCAGTAAGCT-1","3","Syp",0.951005167809403
"CTTCGGTCAAGTGGAA-1","7","Syp",1.44071782555534
"CTTCGTTAGCGACTGT-1","3","Syp",0.905332529518845
"CTTCTATGTGAAGCGT-1","7","Syp",0
"CTTCTATGTTTAGTTG-1","8","Syp",0
"CTTCTGGTCACAGGGA-1","6","Syp",0.826807165739136
"CTTCTGGTCTGGTCAA-1","2","Syp",0
"CTTGAATAGGCGTACT-1","12","Syp",0
"CTTGAATAGTAACCTG-1","1","Syp",0.669747246644951
"CTTGAATAGTATGGAA-1","3","Syp",0
"CTTGACCCATCCGCTG-1","8","Syp",0
"CTTGAGGCAACCTCGT-1","2","Syp",0.695354465493445
"CTTGATAGTAGCCTGC-1","6","Syp",0
"CTTGATGAGGCGCATT-1","4","Syp",0
"CTTGCAAAGATTAAGG-1","0","Syp",1.45326979668964
"CTTGCAAAGGAGCTTC-1","5","Syp",0
"CTTGCAAAGGCAAGGC-1","11","Syp",0
"CTTGCAAAGTGAGCAG-1","2","Syp",0
"CTTGCCATCCAGCTCC-1","11","Syp",0.439759353236434
"CTTGCCTGTTATCTCT-1","11","Syp",0.757416635144406
"CTTGCGGAGTAGCGTC-1","7","Syp",1.03165521177946
"CTTGCTTAGCGCTTCC-1","5","Syp",0.804593932310098
"CTTGCTTAGGGTCACT-1","7","Syp",1.02845086021587
"CTTGCTTAGTCGCGTG-1","11","Syp",0
"CTTGGATGTGGACCCT-1","7","Syp",0.690706150130221
"CTTGGCTCATCAATTC-1","4","Syp",0
"CTTGGCTCATGCGTAG-1","9","Syp",0
"CTTGGGACACTTACGC-1","9","Syp",0
"CTTGGGACATCAATCT-1","3","Syp",0
"CTTGGGACATGACCTC-1","5","Syp",0.734971603122769
"CTTGGGCGTCTCCAGA-1","5","Syp",0
"CTTGGGGTCTTGATGG-1","3","Syp",0
"CTTGGGTAGGTGAGGC-1","0","Syp",0
"CTTGGTAAGGTGACGA-1","1","Syp",0
"CTTGGTAAGTTGCTCT-1","4","Syp",0
"CTTGTGAAGGTACGTC-1","0","Syp",0
"CTTGTGTTCACTGGTA-1","4","Syp",0
"CTTGTGTTCCCTCACA-1","5","Syp",1.0851296773289
"CTTGTGTTCTCATGCT-1","0","Syp",0.733787222205493
"GCAAACCTCTAATGGT-1","5","Syp",0.547156850667793
"GCAACATCAATGGGCC-1","11","Syp",0.553272544330454
"GCAACGGGTTCCGCTT-1","5","Syp",0
"GCAACGGGTTTGGTAC-1","11","Syp",0
"GCAACGTTCAATCTCC-1","2","Syp",0
"GCAACGTTCAGCCCGA-1","13","Syp",0
"GCAACGTTCCGCCTTA-1","7","Syp",0
"GCAACTATCATGTGCA-1","5","Syp",0.670679754046403
"GCAACTATCGACCCGA-1","2","Syp",0.519396794824233
"GCAAGCAAGCGCTCAG-1","12","Syp",0
"GCAAGCAAGCTGGATC-1","14","Syp",0
"GCAAGCTTCAAGTAAG-1","11","Syp",0.78913433453408
"GCAATAGGTTCGGTTG-1","2","Syp",0
"GCAATAGGTTGCTATA-1","10","Syp",0
"GCAATATTCAATCTGG-1","11","Syp",0
"GCAATATTCCCAGACG-1","0","Syp",1.47667842258816
"GCAATATTCCGTATAG-1","6","Syp",0.987333818633988
"GCAATCGCAATGTCAA-1","0","Syp",0
"GCAATCTGTTCGAGCC-1","1","Syp",1.35960003590242
"GCAATTTAGTGAACTT-1","2","Syp",0.497990278151019
"GCACAATCAACCTGTC-1","11","Syp",0
"GCACAATCAATACCTT-1","9","Syp",0.713182357457555
"GCACACTAGCGATCAC-1","3","Syp",0.96637502344388
"GCACAGCCAACTGCCT-1","1","Syp",0
"GCACCATAGAATCCAT-1","4","Syp",0
"GCACCATAGGGGTTAG-1","1","Syp",0
"GCACCATAGGTCGATC-1","4","Syp",0
"GCACCATAGTTACAGT-1","3","Syp",0
"GCACCATAGTTGGTAT-1","10","Syp",0
"GCACCGATCCATCTCG-1","7","Syp",0
"GCACCGATCCTCATAC-1","11","Syp",0.558727949656202
"GCACGAGGTAGCTCGC-1","10","Syp",0
"GCACGAGGTCCATACG-1","6","Syp",0.839900204457935
"GCACGATTCCGTCCAC-1","1","Syp",0
"GCACGATTCTATCGCT-1","8","Syp",0
"GCACGGTCAACCTCGT-1","8","Syp",0
"GCACGGTCATAGAGCT-1","0","Syp",0
"GCACTAATCACCTGAA-1","7","Syp",0.376893947012883
"GCACTAGCACAACGTG-1","0","Syp",1.17391667173224
"GCACTATGTTGCTTGG-1","3","Syp",0
"GCACTCCTCTCATTGC-1","7","Syp",0.543256907654564
"GCACTGGTCACCTAGA-1","15","Syp",0
"GCACTGGTCCGGGCTA-1","3","Syp",0
"GCACTGGTCCGTCACC-1","10","Syp",0
"GCACTTGGTAGCGCGA-1","10","Syp",0
"GCACTTGGTTGGTTCG-1","5","Syp",0
"GCAGCCATCCATAGTG-1","0","Syp",0
"GCAGGATGTGCAGGAT-1","4","Syp",0
"GCAGGGTAGAACGGCA-1","2","Syp",0.593750504454299
"GCAGGGTAGCAGGGAC-1","8","Syp",0
"GCAGGGTAGGGTCAAG-1","9","Syp",1.0004093456371
"GCAGTAAGTAGCGAGT-1","3","Syp",0
"GCAGTAAGTCAAGGCG-1","10","Syp",0
"GCAGTAAGTCATTCCC-1","8","Syp",0
"GCAGTAAGTGAGGTGT-1","3","Syp",0
"GCATAACCAATCTACT-1","3","Syp",0
"GCATAACCAGGTTCCT-1","3","Syp",0
"GCATAACCATCCCAAC-1","8","Syp",0
"GCATAAGGTTAAGTGG-1","1","Syp",0
"GCATAGCTCAGCGGTT-1","5","Syp",0
"GCATAGCTCCGGTATA-1","3","Syp",0
"GCATAGTCAAGTGCGC-1","1","Syp",0
"GCATAGTCACAGCGGT-1","1","Syp",0
"GCATCACAGCGAATGG-1","4","Syp",0
"GCATCACAGTAAGCAA-1","10","Syp",0
"GCATCAGCACTTCACA-1","0","Syp",0
"GCATCCCTCACAGAGG-1","11","Syp",1.10424384015648
"GCATCCCTCCGGGTAT-1","4","Syp",0
"GCATCCCTCGATGGCT-1","4","Syp",0
"GCATCCTCATTCATCG-1","11","Syp",0
"GCATCTAAGCCTCTCA-1","1","Syp",1.29239143210522
"GCATGGGGTGCGCAAG-1","4","Syp",0
"GCATGGGGTTGGACCC-1","1","Syp",0.615408560208106
"GCATGGGGTTGTCCGA-1","11","Syp",0
"GCATGGTTCCAGATTG-1","7","Syp",1.16961168325868
"GCATGGTTCCGCTGGA-1","2","Syp",0.836400617746208
"GCATGGTTCGTTAGAT-1","0","Syp",0
"GCATGTCAGGCTTGGT-1","1","Syp",0.798025225469652
"GCATGTTGTTGTAGAG-1","1","Syp",0
"GCATTATAGGATAGTA-1","2","Syp",0.968853554411255
"GCATTCAAGTCGCAGT-1","1","Syp",0.989027570986987
"GCATTTGAGCATTGAT-1","5","Syp",0.630598476898714
"GCATTTGAGTGATGCC-1","4","Syp",0
"GCCAACTAGTGTCAAT-1","14","Syp",0
"GCCAAGCCAGTAATCA-1","6","Syp",0.732999847302301
"GCCAATATCGAATGAA-1","8","Syp",0
"GCCAATGCAAGTCGCA-1","13","Syp",0
"GCCACATAGCCAGTAC-1","0","Syp",0
"GCCACATAGGTGCTCG-1","6","Syp",0
"GCCACCTTCCCAGATA-1","8","Syp",0
"GCCACCTTCTCATCCG-1","1","Syp",1.29317437694232
"GCCACTTCAAACTGAC-1","8","Syp",0
"GCCACTTCAATACATG-1","2","Syp",0
"GCCACTTCATTACTGT-1","3","Syp",0.843959465784431
"GCCATATGTTCGCTGA-1","0","Syp",0
"GCCATCAGTGAACCGG-1","7","Syp",0.670866578822798
"GCCATCCTCGATACAT-1","0","Syp",0
"GCCATGGTCATGTGTG-1","10","Syp",0
"GCCATTCCAGCTCAAG-1","6","Syp",0
"GCCATTCCAGGAGCAG-1","1","Syp",1.09185819068431
"GCCCAAGTCTAACCGA-1","0","Syp",0
"GCCCAATAGCGCTGTG-1","5","Syp",0.851202545221954
"GCCCAATAGGATGAGT-1","10","Syp",0
"GCCCACTTCAGTTGAT-1","2","Syp",0
"GCCCATAGTAGCCAGG-1","10","Syp",0
"GCCCATTCAAGCGGTC-1","8","Syp",1.32730061291753
"GCCCATTCAGGCTCAA-1","1","Syp",0.946930421650949
"GCCCCATTCAGTTGCA-1","6","Syp",0.980933431615619
"GCCCCATTCCTGAATG-1","3","Syp",0.681793754598474
"GCCCCATTCGTGCCGA-1","11","Syp",0
"GCCCCTTAGGAACCCT-1","10","Syp",0
"GCCCGTAAGTGCAACC-1","11","Syp",0.608608274827384
"GCCCTAAGTTGTAACC-1","1","Syp",0
"GCCCTAGAGGTTACTG-1","3","Syp",0.676854931987976
"GCCCTCACATGCAGAT-1","14","Syp",0
"GCCCTGAAGAACGGAT-1","4","Syp",0
"GCCGAACCATTACGAA-1","14","Syp",0
"GCCGAGTCAAGCATGT-1","12","Syp",0
"GCCGATTAGGTTAGTT-1","12","Syp",0
"GCCGATTAGTCTAGGC-1","12","Syp",0
"GCCGCTAAGCCTGCGA-1","4","Syp",0
"GCCGGTTGTAGGTGTA-1","14","Syp",0
"GCCGTACGTGAGGTGT-1","12","Syp",0
"GCCGTACGTTGCTTCC-1","1","Syp",0
"GCCGTAGTCGCGACTG-1","9","Syp",1.39521017386394
"GCCGTCAAGTGCCCGA-1","3","Syp",0
"GCCGTCAAGTTAGCTG-1","14","Syp",0
"GCCGTTAGTGAGCCGA-1","15","Syp",1.76638362943403
"GCCGTTAGTGCGGTAG-1","6","Syp",0
"GCCGTTGAGGCAAGCA-1","4","Syp",0
"GCCTAAATCGTTCGGG-1","5","Syp",0
"GCCTAACAGGTTAGCC-1","13","Syp",1.26230863469585
"GCCTAACAGGTTGCGT-1","1","Syp",1.3716256205106
"GCCTAATGTCTGGGTC-1","2","Syp",0.575130908750901
"GCCTACCTCCCAGACG-1","10","Syp",0
"GCCTACTCAAGTTAGC-1","6","Syp",0.696968969381482
"GCCTACTCAGCATGGC-1","4","Syp",0
"GCCTATGGTCAGTTCG-1","0","Syp",0
"GCCTATGGTTCGCTCT-1","8","Syp",0
"GCCTCATCATAATCGA-1","5","Syp",0.522198680406429
"GCCTGATAGCCAGTAC-1","6","Syp",0
"GCCTGATAGTCATGTG-1","3","Syp",0
"GCCTGATAGTGGCTAC-1","1","Syp",0
"GCCTGCAAGTTACCTC-1","7","Syp",0.931900218817519
"GCCTGCTTCCGCTAGG-1","3","Syp",0
"GCCTGGATCTATCTGC-1","8","Syp",0
"GCCTGGATCTTGACAG-1","11","Syp",0
"GCCTGTGAGAAGCTGG-1","7","Syp",0.55155105783992
"GCCTGTGAGCATCGCG-1","5","Syp",0
"GCCTTCATCGCATGGT-1","0","Syp",0
"GCCTTCATCGCGTTGG-1","3","Syp",0
"GCCTTCATCTCACCTG-1","5","Syp",0
"GCCTTGCTCACGTGTA-1","1","Syp",0
"GCCTTGCTCCCTTGCA-1","1","Syp",0
"GCGAATAGTTAGTGTC-1","11","Syp",0
"GCGAATTCAAAGGAGC-1","5","Syp",0
"GCGAATTCAGGCTATG-1","10","Syp",0
"GCGAGTTTCTCACACT-1","6","Syp",0
"GCGATCCGTAACCCAT-1","4","Syp",0
"GCGATCCGTGCGTGGA-1","1","Syp",0
"GCGATGAAGTAGGCAG-1","2","Syp",0
"GCGATGTTCTCATGTC-1","4","Syp",0
"GCGATTCAGTACGCAC-1","0","Syp",1.27257495441284
"GCGCAAGGTAGTAACG-1","4","Syp",1.97509782045003
"GCGCATTAGCCTGTCC-1","0","Syp",0.778213662284969
"GCGCCAATCAGGTCAC-1","12","Syp",0
"GCGCCTAAGCAATGAA-1","5","Syp",0
"GCGCCTAAGCATGGGA-1","9","Syp",0
"GCGCTAACAACCTGTC-1","7","Syp",1.20131935678067
"GCGCTAACAAGGTAGA-1","15","Syp",0
"GCGCTAACAATCGGTG-1","13","Syp",0
"GCGCTAACACTAGGCA-1","3","Syp",0
"GCGCTAACATCCTGTA-1","3","Syp",0
"GCGCTCAAGCTAACTG-1","10","Syp",0
"GCGCTTGAGGATACCC-1","8","Syp",0
"GCGGAGACAATCGAAC-1","1","Syp",0.549097504798399
"GCGGAGACAATTACAG-1","7","Syp",0
"GCGGAGACACATACCC-1","0","Syp",0.771774662680863
"GCGGAGTAGGATCTAT-1","12","Syp",0
"GCGGCTTGTATGGGTA-1","5","Syp",1.47798316315601
"GCGGCTTGTTCCAGTG-1","4","Syp",0
"GCGGGATAGGATTAGA-1","8","Syp",0
"GCGGGTAGTCAGTTCG-1","8","Syp",0
"GCGGTAAAGGCTACGT-1","5","Syp",1.40860239086312
"GCGGTAGGTTAGGTCT-1","4","Syp",0
"GCGGTGAGTGAGGCCA-1","11","Syp",0.817937953373734
"GCGTAAAGTAAGGTAT-1","13","Syp",0
"GCGTAATCAAGGTGAA-1","14","Syp",0
"GCGTAATCAGGTAGTT-1","13","Syp",0
"GCGTAATCATTACCCA-1","5","Syp",0
"GCGTAGCCAAACCAAC-1","9","Syp",0
"GCGTAGCCAATAGGTC-1","8","Syp",0
"GCGTGAAAGCAATTCG-1","4","Syp",0
"GCGTGAGGTAGCCCTA-1","13","Syp",0
"GCGTGAGGTATAGCCT-1","1","Syp",0
"GCGTGAGGTCTGTGAT-1","0","Syp",0.883705346479826
"GCGTGAGGTGGGTAAC-1","13","Syp",0.840199473020872
"GCGTTAATCGCTCGCT-1","5","Syp",0
"GCGTTCCTCAGGTAGG-1","4","Syp",0
"GCGTTCTCATCCCAAC-1","6","Syp",1.55420915448631
"GCGTTTCCACTTAATC-1","5","Syp",0
"GCGTTTCCAGGATCTG-1","5","Syp",1.06879312050741
"GCGTTTGGTTTCAGCG-1","5","Syp",0
"GCTAAACCAAATCCTT-1","1","Syp",0.682567674823149
"GCTAAACCACTCGCAT-1","3","Syp",0
"GCTAAAGGTGGCTTCA-1","8","Syp",0
"GCTAAATTCCGCCTGT-1","9","Syp",0.841548979198532
"GCTAACATCACTGGGT-1","4","Syp",0
"GCTAACATCTGTCAAG-1","2","Syp",0
"GCTAAGTCACAATGCG-1","7","Syp",0
"GCTACAGCAGGATACT-1","15","Syp",0
"GCTACAGCAGGCTACA-1","2","Syp",0.634653109701755
"GCTAGGCCAAACCCAG-1","3","Syp",0
"GCTAGGCCATTCGGTC-1","3","Syp",0
"GCTAGGTTCAATTGCG-1","16","Syp",0
"GCTAGGTTCACCTGCC-1","7","Syp",0.457007487976767
"GCTAGTCAGCTACCGG-1","11","Syp",0
"GCTAGTCAGGATGGAT-1","0","Syp",0
"GCTAGTTGTAATGCCT-1","2","Syp",0.511841015046049
"GCTAGTTGTGAGTAAT-1","2","Syp",0
"GCTATCCCAGGATCAT-1","0","Syp",0
"GCTATCCCAGTACTCC-1","7","Syp",0.737011290454502
"GCTATCCCATCGCGTT-1","11","Syp",0.651513566047663
"GCTATTGAGGATCATT-1","7","Syp",0
"GCTATTGAGTCATCTC-1","6","Syp",0
"GCTCAAATCTAGTCGA-1","14","Syp",0
"GCTCAATGTAGGCTGG-1","4","Syp",0
"GCTCAATGTCAACGGG-1","5","Syp",0
"GCTCACCTCATACTCC-1","2","Syp",0.593786808654487
"GCTCAGGTCTAACCTC-1","15","Syp",0
"GCTCAGGTCTAGTACG-1","5","Syp",0
"GCTCAGTAGTAACGAA-1","3","Syp",0
"GCTCATCCAGGACTCA-1","6","Syp",0.609718097170357
"GCTCATCCAGGATAGA-1","13","Syp",0.544044467029992
"GCTCCAAGTGAGACCG-1","8","Syp",0
"GCTCCAAGTTGACTAC-1","5","Syp",0
"GCTCCATCACCAATCC-1","0","Syp",0
"GCTCCATCACTAACTT-1","12","Syp",0
"GCTCCCACAAGCTGCA-1","5","Syp",1.69945024652515
"GCTCCGTTCGATCAGC-1","9","Syp",0
"GCTCCGTTCGCTCTGC-1","3","Syp",0.722649385483673
"GCTCCTTGTAACTTCA-1","7","Syp",0
"GCTCCTTGTAATGCAG-1","12","Syp",0
"GCTCCTTGTATAGTGG-1","8","Syp",0
"GCTCCTTGTGATAGCA-1","4","Syp",0
"GCTCGATAGGTACGAG-1","13","Syp",0.629941572033342
"GCTCGTTCACATGCTC-1","10","Syp",0
"GCTCGTTCACTAATCT-1","3","Syp",0
"GCTCGTTCAGGTAATC-1","0","Syp",1.01241298130632
"GCTGAAAGTGGGAACT-1","3","Syp",0.904894175461149
"GCTGAAAGTTAAGGAT-1","5","Syp",0
"GCTGACTAGCGATCAC-1","0","Syp",0
"GCTGACTAGCGGATCT-1","1","Syp",0
"GCTGACTAGCTAGACC-1","2","Syp",0
"GCTGAGAAGCAATCTG-1","2","Syp",0
"GCTGAGAAGCGAGTGA-1","3","Syp",0
"GCTGAGAAGCGATCTA-1","9","Syp",1.31991626668374
"GCTGAGGGTCATCAAC-1","8","Syp",0
"GCTGAGGGTTCCCTTA-1","3","Syp",0
"GCTGAGGGTTTACTAG-1","0","Syp",0
"GCTGATTGTCAACTGT-1","11","Syp",0
"GCTGATTGTCCATCCT-1","9","Syp",1.44541052862473
"GCTGATTGTGATTGAG-1","6","Syp",0
"GCTGCCTTCCATCCAT-1","3","Syp",0
"GCTGCCTTCCGTGCGA-1","4","Syp",1.58462702995753
"GCTGCGATCGAACCTA-1","1","Syp",0
"GCTGCTGAGATAGATG-1","11","Syp",0
"GCTGCTGAGGGTCCTG-1","1","Syp",0.849820074392691
"GCTGGCTGTAATGCTC-1","2","Syp",1.20843623451355
"GCTGGCTGTTAACTGC-1","0","Syp",1.65924073491792
"GCTGTATGTGAGTTAG-1","7","Syp",0
"GCTGTATGTTGGCGAG-1","7","Syp",0
"GCTGTTAAGGGGTAAT-1","1","Syp",0
"GCTGTTAAGTAACGAA-1","11","Syp",0
"GCTTACAAGCCAGACT-1","5","Syp",1.3325158444303
"GCTTACTTCCCAGGCA-1","2","Syp",0.585767160057173
"GCTTATAGTAGCGAGT-1","6","Syp",0
"GCTTATGAGCGGGTAA-1","6","Syp",0
"GCTTATGAGCTTAACG-1","5","Syp",0
"GCTTATGAGGCATGTC-1","8","Syp",0
"GCTTATGAGGTGAGTG-1","1","Syp",1.69198841231955
"GCTTCATTCACTCTAC-1","11","Syp",0
"GCTTCATTCCGCGATG-1","9","Syp",0
"GCTTCCGCACAGCGGT-1","2","Syp",0
"GCTTCCGCATGCTGTC-1","3","Syp",0.671240552445459
"GCTTCCTGTAGTGAGC-1","12","Syp",2.80359526053181
"GCTTCCTGTGACGTGG-1","0","Syp",0.499717875016123
"GCTTCGCTCAAGTCGC-1","3","Syp",0.573672740853387
"GCTTCGCTCACATTGG-1","5","Syp",0
"GCTTGATGTCTCCAAG-1","2","Syp",0
"GCTTGGGTCCATTGCT-1","6","Syp",0.98228992977332
"GCTTGGGTCCCCAGGA-1","11","Syp",1.31328707387043
"GCTTGGGTCCCTCATG-1","3","Syp",0
"GCTTGTAAGGCACACT-1","4","Syp",0
"GCTTGTAAGGGTCTCG-1","0","Syp",0
"GCTTGTAAGGTGAGGC-1","2","Syp",0.801600254458969
"GCTTGTAAGTCATGTG-1","0","Syp",0.768969324372919
"GCTTGTAAGTGCCAGT-1","0","Syp",0.902883567694995
"GCTTGTCCAACTGGTG-1","2","Syp",0
"GCTTGTCCACAACGTG-1","8","Syp",0
"GCTTGTCCACCTTACA-1","1","Syp",1.71130401037303
"GCTTTCACAGGACTGC-1","1","Syp",1.17786808156887
"GGAAACTAGCCATGAC-1","7","Syp",1.02668425142892
"GGAAATGCACCAGGAC-1","15","Syp",1.45995949615663
"GGAAATGCATTAGTGA-1","7","Syp",0
"GGAAATTGTTTAATCG-1","2","Syp",0.939271751238409
"GGAACATAGCATGATT-1","3","Syp",0
"GGAACCTTCAGGTCTA-1","2","Syp",0
"GGAACGATCAGCACCG-1","10","Syp",0
"GGAAGATTCAGTAGGG-1","5","Syp",0
"GGAAGCCAGTAGCACC-1","7","Syp",0
"GGAAGGCTCCCGTGTC-1","8","Syp",0
"GGAAGGTCATTAGTCT-1","10","Syp",0
"GGAAGTTAGATAGCCC-1","5","Syp",0.522617440713214
"GGAATATGTGCGTGGA-1","4","Syp",0
"GGAATGGTCAATGTGT-1","12","Syp",0
"GGAATGGTCGTGAGGA-1","4","Syp",0
"GGAATTAAGTTGCGTA-1","4","Syp",0
"GGAATTGGTTTAGGAG-1","8","Syp",0
"GGACAATAGGGCTAGA-1","0","Syp",0
"GGACACAAGCAGGTGA-1","4","Syp",0
"GGACACCCAATCAAGC-1","0","Syp",0.736330081668857
"GGACACCCAGGTAATC-1","12","Syp",0
"GGACACCCAGGTATCG-1","1","Syp",0
"GGACACCCATCCTATG-1","8","Syp",0
"GGACACCCATGGATTA-1","3","Syp",1.74917231911612
"GGACATAGTAATCCAC-1","12","Syp",0
"GGACATTCAATACAGC-1","2","Syp",0.469951135216919
"GGACATTCACCTCGCA-1","13","Syp",0.742826314094879
"GGACCCTGTTAGCTGT-1","10","Syp",0
"GGACCTTAGCTACCGG-1","3","Syp",0.730425136085575
"GGACCTTAGTTGCGGT-1","16","Syp",0
"GGACGATGTAACCCTG-1","3","Syp",0
"GGACGGACATTCCTCT-1","6","Syp",1.53336020197676
"GGACGTAAGTCAGGAG-1","3","Syp",0
"GGACTCACACCAACCT-1","14","Syp",0.64305462574434
"GGACTCACACCTATCA-1","2","Syp",0.571650734467531
"GGACTTGCAAATCGAC-1","8","Syp",0
"GGAGAAGGTATTGGAG-1","0","Syp",0.660567911142264
"GGAGAAGGTCATTGGT-1","0","Syp",0
"GGAGAGGAGGTGCTTA-1","2","Syp",1.14977972112603
"GGAGAGGAGTCGACGT-1","4","Syp",0
"GGAGAGTCAATTGAGC-1","1","Syp",0.913301193025789
"GGAGAGTCATCGGTCT-1","6","Syp",1.01218991953568
"GGAGATTAGCCTGAAC-1","11","Syp",0.652879590064783
"GGAGATTAGGAATGCG-1","14","Syp",0
"GGAGATTAGGTATCCA-1","7","Syp",0.862990549870064
"GGAGCAATCGCGATGT-1","4","Syp",0
"GGAGCCAGTAATCCTA-1","8","Syp",0
"GGAGCCAGTTTAAGCC-1","7","Syp",0.652614735696123
"GGAGCTAAGGGCAGAC-1","7","Syp",1.48944997481487
"GGAGCTAAGTACGCCG-1","8","Syp",0
"GGAGCTGGTTAAGGGC-1","9","Syp",1.68899495816295
"GGAGCTGGTTCCGGTA-1","0","Syp",1.06286664703804
"GGAGTAGTCAAGTCTG-1","4","Syp",0
"GGAGTAGTCACGCAAC-1","2","Syp",0
"GGAGTCAAGCTAACCA-1","9","Syp",0
"GGATAATGTGAAGCCG-1","2","Syp",0.649672234269461
"GGATAGGTCACCTACT-1","1","Syp",0.632991667913815
"GGATAGTAGTCGATAT-1","5","Syp",0
"GGATATGGTAAGTGCA-1","12","Syp",0
"GGATCGCCAACTCGTC-1","6","Syp",0.594914509756994
"GGATCGCCAAGCACAT-1","1","Syp",1.21339967520218
"GGATCGTTCGTACGGT-1","5","Syp",0.755915667795534
"GGATCGTTCGTAGTCA-1","1","Syp",1.04330155521897
"GGATCTATCAGTAGGG-1","0","Syp",0
"GGATCTATCCATCCTG-1","6","Syp",0
"GGATCTATCGCGCGTA-1","1","Syp",0
"GGATGCTTCACTCCGC-1","12","Syp",0
"GGATGCTTCCGTAAGC-1","15","Syp",2.06522247083326
"GGATGGGCAAGTTCCC-1","10","Syp",0
"GGATGGGCAGGTATCG-1","3","Syp",1.14384332779063
"GGATGGGCATTGGCAG-1","7","Syp",0
"GGATGTGAGCGACTAC-1","9","Syp",0
"GGATGTTCAGGATGGG-1","7","Syp",0
"GGATGTTCATAAGCAC-1","2","Syp",0
"GGATTAAAGGATGAAC-1","7","Syp",0.99008935790577
"GGATTAAAGTCGCTGG-1","6","Syp",0
"GGATTAAAGTTGGGCT-1","10","Syp",0
"GGATTCATCCCCTGGT-1","8","Syp",0
"GGATTCATCTATGGCA-1","2","Syp",0
"GGATTGCTCCCGCATC-1","9","Syp",0
"GGATTGCTCCGCCAGA-1","10","Syp",0
"GGCAAAGTCCTGCCGT-1","1","Syp",0
"GGCAAAGTCGCATTAG-1","9","Syp",0
"GGCAACTTCACAGCTA-1","1","Syp",0.578414000640044
"GGCAAGGCAACCAAGT-1","3","Syp",0
"GGCAAGGCACATTCCA-1","11","Syp",0.502126271135875
"GGCAATAGTTGCTGGC-1","2","Syp",0
"GGCAATTCAGCTAACG-1","3","Syp",0.461146853044226
"GGCACACCAATCAATG-1","1","Syp",1.37798968626106
"GGCACCTGTCAATTCA-1","11","Syp",0
"GGCACCTGTTGCAGGG-1","2","Syp",0.514614117737833
"GGCACGAGTTAGCGAA-1","0","Syp",0
"GGCATAGAGAATCACT-1","5","Syp",0.70661402354183
"GGCATAGAGTAGTGAA-1","8","Syp",0
"GGCATCACAATATGGC-1","6","Syp",0
"GGCATCACAGGTTCGA-1","7","Syp",1.38772105556125
"GGCATCCGTGGAAGGA-1","10","Syp",0
"GGCATGTTCGAATGAA-1","5","Syp",0
"GGCATTATCCTGACCC-1","7","Syp",0
"GGCATTATCTAGTTGG-1","5","Syp",0.57445174493733
"GGCCAACCAGCCATCT-1","1","Syp",0
"GGCCAATTCAGCCTAA-1","2","Syp",0.605020497870426
"GGCCCTAAGTTAGGTT-1","5","Syp",0.702270406535467
"GGCCGAAGTCCATCCT-1","9","Syp",0
"GGCCGAAGTTCTGTGG-1","4","Syp",0
"GGCCGATCAAGGGCTC-1","7","Syp",0.585202844190397
"GGCCGTTGTGAAGTGC-1","10","Syp",0
"GGCCGTTGTGAGGCAT-1","8","Syp",0
"GGCCTAACAACTCGGA-1","4","Syp",0
"GGCCTTGAGCATTACG-1","5","Syp",0.695757361742718
"GGCGAACAGGTCGTAC-1","12","Syp",0
"GGCGAATGTGCATTAC-1","3","Syp",1.57412790982136
"GGCGAATGTTAGACGA-1","9","Syp",0
"GGCGACTCACCTATAT-1","1","Syp",0
"GGCGACTCACTAACCC-1","5","Syp",1.20876571672318
"GGCGAGACATCACTCA-1","0","Syp",0
"GGCGATCCACCATACC-1","13","Syp",1.05735878266783
"GGCGATTTCAATCGTG-1","8","Syp",0
"GGCGATTTCACTAGGC-1","6","Syp",0.874722747017178
"GGCGGTAGTGAACGCG-1","12","Syp",0
"GGCGGTTCACAAGCCA-1","5","Syp",0.62688107612544
"GGCGTAAAGTATGTGT-1","5","Syp",1.55440536403246
"GGCGTAAAGTTACCTC-1","7","Syp",0
"GGCGTCTGTGAACGAC-1","6","Syp",0
"GGCGTTACAACATGCG-1","11","Syp",0
"GGCGTTACACTAATTC-1","10","Syp",0
"GGCGTTACATAGAGCT-1","7","Syp",0.708911658941675
"GGCGTTACATCGGTGA-1","1","Syp",1.0681032005687
"GGCTAATCACAAGGCC-1","1","Syp",0
"GGCTAATCACTTAACT-1","4","Syp",0
"GGCTAATCAGTTGCAG-1","8","Syp",0
"GGCTAGAAGAATCCTG-1","7","Syp",0
"GGCTAGAAGGGCAGAC-1","1","Syp",1.21824128213613
"GGCTAGAAGTAGGTCC-1","5","Syp",0
"GGCTATATCCAGCTCC-1","0","Syp",0
"GGCTATTGTAATGTCC-1","9","Syp",0
"GGCTATTGTGATCCCA-1","1","Syp",0
"GGCTCAACAGCCAGGT-1","7","Syp",1.3655823621981
"GGCTCAACAGCTCATC-1","9","Syp",0
"GGCTCAACAGGACACC-1","3","Syp",0
"GGCTCGATCGATCGGT-1","15","Syp",0
"GGCTGAAAGTACCAGC-1","15","Syp",0
"GGCTGACCACTTCGCG-1","12","Syp",0
"GGCTGACCATAACGTA-1","8","Syp",0
"GGCTGACCATTACCAT-1","6","Syp",0
"GGCTGCATCAATTGGT-1","10","Syp",0
"GGCTGCATCGTTAGAT-1","1","Syp",0.712387446903384
"GGCTGGTCACCATAGG-1","12","Syp",0
"GGCTGGTCACCTTGAC-1","8","Syp",0
"GGCTGGTCAGCTAAGT-1","2","Syp",0
"GGCTGGTCAGTTGCCT-1","2","Syp",1.17114514415236
"GGCTTAATCTATCGTC-1","2","Syp",0
"GGCTTATGTAGTAAGT-1","1","Syp",1.0390335428681
"GGCTTCCTCAGGAGAT-1","15","Syp",0
"GGCTTCCTCGACTATG-1","10","Syp",0
"GGCTTTGGTAGCGACG-1","3","Syp",0
"GGCTTTGGTAGTGTGA-1","10","Syp",0
"GGCTTTGGTGATGAAT-1","3","Syp",0
"GGCTTTGGTTCTGGCA-1","13","Syp",0
"GGGAATGTCACATGCA-1","13","Syp",0
"GGGAATGTCGATACTG-1","1","Syp",0.94093570985626
"GGGAATGTCGATTCAG-1","4","Syp",0
"GGGAATGTCTATGGAT-1","7","Syp",0
"GGGACAATCATCAGCA-1","12","Syp",2.07734437208911
"GGGACAATCCGCAGAT-1","3","Syp",0
"GGGACCAGTTGGGTCC-1","8","Syp",0
"GGGACCTCAACCTGCT-1","10","Syp",0
"GGGACCTCAACGGTCA-1","4","Syp",0
"GGGACGTAGCAACCGT-1","11","Syp",0
"GGGACGTAGGGTTGCT-1","3","Syp",0
"GGGACTAAGCTATCAG-1","3","Syp",0.721941158118761
"GGGACTAAGTGCAAGG-1","8","Syp",0
"GGGACTGGTTTACTCT-1","4","Syp",0
"GGGATAGTCGATTCCT-1","1","Syp",0.652614735696123
"GGGATAGTCGCGCTGA-1","6","Syp",0
"GGGATAGTCTGGTAGC-1","3","Syp",0
"GGGATATAGCAAGGAT-1","0","Syp",0.769715320956424
"GGGATATAGTTAGGTT-1","4","Syp",0
"GGGATCAAGTGGCCTG-1","4","Syp",0
"GGGATTAGTAATGACG-1","9","Syp",0.82500270488912
"GGGATTAGTTATCTGA-1","7","Syp",0.616387244136992
"GGGATTGAGCTAATGT-1","6","Syp",0
"GGGATTGAGGTGAGAT-1","6","Syp",0.917342019798568
"GGGCAAATCATGACTG-1","3","Syp",0
"GGGCAAATCGAACCCG-1","4","Syp",0
"GGGCAACAGCGAGCTT-1","5","Syp",0
"GGGCAACAGGCTCCTC-1","2","Syp",0.814313086788666
"GGGCAATGTTTGACGT-1","2","Syp",1.04802868466936
"GGGCAGACAGGGACTC-1","5","Syp",0
"GGGCATCCAAGCCTAG-1","3","Syp",0.770712348047798
"GGGCATCCAAGCTGAT-1","5","Syp",1.08590889924807
"GGGCATCCACATACCC-1","5","Syp",1.03281875940134
"GGGCATCCATTGCACC-1","4","Syp",0
"GGGCATTTCATCTCTA-1","8","Syp",0
"GGGCCTATCCTGATAG-1","6","Syp",1.28086884919933
"GGGCCTATCGACATTG-1","14","Syp",0
"GGGCGTAGTGGCCAGA-1","2","Syp",0
"GGGCGTAGTTGCATTA-1","1","Syp",0
"GGGCTAGGTTAGTTCA-1","6","Syp",0
"GGGCTCTGTAATCCCG-1","8","Syp",0
"GGGCTCTGTTCCGCAA-1","4","Syp",1.76077704654095
"GGGCTTACATTGGCGA-1","5","Syp",0
"GGGGACTAGCCATAGC-1","1","Syp",0
"GGGGACTAGGCAACTC-1","6","Syp",0.817090284976043
"GGGGATGCACTTACCA-1","15","Syp",0
"GGGGCAACAAGGTCCA-1","5","Syp",0
"GGGGCAACACTAGCAG-1","2","Syp",0.707813122163647
"GGGGCAACATGACCGA-1","3","Syp",0
"GGGGCAACATTCATCG-1","5","Syp",0
"GGGGCTAGTTGAGCAA-1","0","Syp",0.785220478845014
"GGGGCTAGTTGCTCTC-1","6","Syp",0.719338659015538
"GGGGTCAGTATTGGGA-1","13","Syp",0
"GGGGTCAGTCAGTTAC-1","7","Syp",1.24443298395504
"GGGGTTAAGTAGAGCG-1","2","Syp",0
"GGGGTTGGTAACTTCA-1","4","Syp",0
"GGGTAACGTCAGTGCC-1","11","Syp",0.768038958501979
"GGGTAACGTTAGAGTG-1","5","Syp",0
"GGGTACGGTATTGGGA-1","9","Syp",0
"GGGTACGGTTGTCCAG-1","0","Syp",0
"GGGTACTTCCCTCGAC-1","5","Syp",0
"GGGTATGAGCCATGCG-1","4","Syp",0
"GGGTATGAGCGGTAGA-1","6","Syp",0
"GGGTCAAAGAACCTCA-1","6","Syp",0
"GGGTCAGGTGAGTCGG-1","0","Syp",0
"GGGTCAGGTGCGGATG-1","14","Syp",0
"GGGTCATTCCAACTAG-1","8","Syp",0
"GGGTCATTCCATAGCA-1","7","Syp",0
"GGGTCCATCGTACGGT-1","5","Syp",1.2283118726312
"GGGTGAATCAGGGCTT-1","1","Syp",0
"GGGTGAATCCAGCCCT-1","2","Syp",0.496803311172225
"GGGTGAATCTAGTAAC-1","2","Syp",0.953595582702773
"GGGTGAATCTGGTCAA-1","2","Syp",0
"GGGTTAAGTATGTGGA-1","2","Syp",0
"GGGTTAAGTTTGCGGC-1","9","Syp",0
"GGGTTAGAGGGGATCA-1","7","Syp",0
"GGGTTCCGTCTAATGC-1","5","Syp",0.637961081523827
"GGGTTCCGTTGCCTCT-1","0","Syp",0.569776691276667
"GGGTTGAAGCGAGACA-1","6","Syp",0
"GGGTTGAAGCTAGTGC-1","4","Syp",0
"GGGTTGAAGGAATGCG-1","12","Syp",2.14493407592794
"GGGTTTCAGATAGTCT-1","9","Syp",1.37976753142321
"GGTAAATGTAACCCTG-1","15","Syp",0
"GGTAAATGTTGTCCAG-1","3","Syp",0
"GGTAAGGTCATGCTGA-1","0","Syp",0
"GGTAAGGTCCGCACCT-1","2","Syp",1.56623732569275
"GGTACATCATAAGCTA-1","5","Syp",0.875620431957947
"GGTACGCCACTATATC-1","5","Syp",1.03744281892575
"GGTACTATCATAGATC-1","7","Syp",1.34802503338647
"GGTACTATCGATTCAG-1","9","Syp",0
"GGTACTTGTGATTGAG-1","0","Syp",0
"GGTAGCAAGTTGGACC-1","5","Syp",0
"GGTAGCGGTTCGTAAC-1","7","Syp",0
"GGTAGCTTCGTGCCAG-1","4","Syp",0
"GGTAGGATCTAGCTTC-1","2","Syp",0
"GGTAGTAGTTCCGCAA-1","12","Syp",0
"GGTAGTAGTTGGACCC-1","1","Syp",0
"GGTAGTGAGGCACTTA-1","1","Syp",0.834256641271052
"GGTATAGGTTAGACAG-1","10","Syp",0
"GGTATATTCAGTATGT-1","14","Syp",0
"GGTATATTCATAGGTT-1","12","Syp",0
"GGTATATTCCACCTAT-1","2","Syp",0.849743409943838
"GGTATATTCGTACTAG-1","6","Syp",0.747623993297721
"GGTATCTGTGCAGCTC-1","13","Syp",0.949448449728581
"GGTATGAGTAACGGTA-1","3","Syp",0
"GGTATGGAGCTGGTTA-1","14","Syp",0
"GGTATGTCACTTGAGG-1","9","Syp",0
"GGTATTGTCAGCGGAA-1","4","Syp",0
"GGTCAATCATTAGCTT-1","4","Syp",0
"GGTCAGCCATCATCTG-1","3","Syp",0
"GGTCATTGTGCATCCA-1","6","Syp",0
"GGTCATTGTTGCATAC-1","6","Syp",1.30965515079819
"GGTCCTGAGAATCGAA-1","16","Syp",0
"GGTCCTGAGCTAGGGA-1","4","Syp",0
"GGTCGAGGTTTGCGTG-1","11","Syp",0.850894917743143
"GGTCGATTCATGTAAC-1","2","Syp",0.708440422897799
"GGTCGCATCGTAGTAT-1","8","Syp",0
"GGTCGGTCATCGGTTC-1","0","Syp",0
"GGTCTAGCAATGCCGA-1","4","Syp",0
"GGTCTAGCATCCAATT-1","7","Syp",0.607236343705
"GGTCTCCTCGTGCAAC-1","2","Syp",0.452026686070969
"GGTGAACGTTGGATCT-1","0","Syp",0.847602738438346
"GGTGAATAGTAGTAGA-1","2","Syp",0
"GGTGAGGCAGGCAACC-1","4","Syp",0
"GGTGAGGCAGGTTACG-1","5","Syp",0.782633824682145
"GGTGAGGCATGAGTGT-1","1","Syp",0.797354451904229
"GGTGAGGCATGAGTTA-1","4","Syp",0
"GGTGCAGGTGAGTAAT-1","6","Syp",0
"GGTGCATTCATGAGTT-1","7","Syp",0.493898337539169
"GGTGCATTCGATCAAT-1","2","Syp",0.841962243925985
"GGTGCCTGTTATCTAG-1","5","Syp",0.730592476246577
"GGTGCTTAGCGCTGCA-1","3","Syp",0.456137857822603
"GGTGGATGTTCGTGCA-1","5","Syp",0
"GGTGGCAGTTGAGTTC-1","5","Syp",0
"GGTGGCTCAACATACA-1","8","Syp",0
"GGTGGCTCATCGAAGT-1","8","Syp",0
"GGTGGCTCATCGGGAC-1","1","Syp",0.881627810868304
"GGTGTAAGTGACGAGT-1","3","Syp",0
"GGTGTCCGTAACCCAT-1","4","Syp",0
"GGTGTCCGTTCGATGT-1","0","Syp",0
"GGTGTTGCAATCGCTC-1","4","Syp",0
"GGTGTTGCACTCATGC-1","9","Syp",0
"GGTGTTGCAGGCATTG-1","10","Syp",0
"GGTTAAGGTTGTGGTT-1","14","Syp",0
"GGTTAATTCATCAGGC-1","11","Syp",0.592265955706165
"GGTTAATTCATCGTCT-1","8","Syp",0
"GGTTAATTCCGCTACC-1","3","Syp",0
"GGTTACATCATCTCTA-1","10","Syp",0
"GGTTACATCGTACCGG-1","5","Syp",0
"GGTTATGTCCCAATGA-1","11","Syp",0.648755601632253
"GGTTCAATCAAGTTAC-1","5","Syp",0.984174856667648
"GGTTCAATCCGGATAC-1","4","Syp",0
"GGTTCTAAGAAGGGAA-1","10","Syp",0
"GGTTGGTTCAGTACGC-1","3","Syp",0.851587411200516
"GGTTGGTTCATGCAAT-1","2","Syp",0.621807972180709
"GGTTGTCAGGATAGAC-1","15","Syp",0
"GGTTGTCAGTACGGTC-1","12","Syp",0
"GGTTTAGTCCCCATCA-1","5","Syp",0.705108132420007
"GGTTTCAAGCCAGCCA-1","11","Syp",0.502641756874645
"GTAAACCCAATCTCTG-1","2","Syp",0
"GTAAACGGTTTCACTT-1","12","Syp",0
"GTAAACTTCCTCGTGC-1","6","Syp",0.589999647441075
"GTAAAGGCACTAACGG-1","2","Syp",0
"GTAAATGAGCAGGTAG-1","11","Syp",0
"GTAAATGAGGTTACGC-1","4","Syp",0
"GTAACCATCAGGGATG-1","10","Syp",0
"GTAACCTGTAACTCTA-1","3","Syp",0
"GTAACCTGTCATCGCA-1","8","Syp",0
"GTAAGCCTCAGTTAGT-1","4","Syp",0
"GTAAGCGAGGCTCTGG-1","9","Syp",0
"GTAAGCTCAGGCAACC-1","0","Syp",0
"GTAAGGGTCCATCTCG-1","0","Syp",0
"GTAAGTAAGCCAATCA-1","9","Syp",0
"GTAAGTAAGTTACCCT-1","7","Syp",0
"GTAATCCGTAGCGGAT-1","6","Syp",1.51468461142726
"GTAATGAAGGTTCAAT-1","8","Syp",0
"GTAATGAAGTCATGGC-1","0","Syp",0.830514249634382
"GTAATGGGTAAGGTTG-1","10","Syp",0
"GTAATGTTCGCGCACA-1","9","Syp",0.851048702025144
"GTACAAGGTGGCCTGT-1","2","Syp",0
"GTACAAGGTTTACAGC-1","0","Syp",0
"GTACCAATCCCGTAGG-1","1","Syp",0
"GTACCAATCCGGGTCA-1","0","Syp",0
"GTACCAATCTGGCTAA-1","9","Syp",0
"GTACCAGCAAATGGGA-1","10","Syp",0
"GTACCAGCACTTACTG-1","12","Syp",0
"GTACCCTCAAGCACGC-1","3","Syp",0
"GTACGAAGTGGCTAGG-1","4","Syp",0
"GTACGGGGTCAAGCCC-1","6","Syp",0
"GTACGGTTCGTTACAG-1","10","Syp",0
"GTACGTTGTATTGGAG-1","4","Syp",0
"GTACTAACACTCAATT-1","7","Syp",0
"GTACTAGTCATGTCTC-1","14","Syp",1.14771993103919
"GTACTAGTCCTGTCGC-1","1","Syp",1.27158907641187
"GTACTAGTCGTGCTAA-1","8","Syp",0
"GTACTAGTCTGGATGC-1","2","Syp",0
"GTACTCCCACTCGCTG-1","4","Syp",0
"GTACTCCCATGACGGC-1","3","Syp",0.989876803525058
"GTAGAATGTAGTAGTG-1","8","Syp",0
"GTAGAATGTGAAGGCT-1","5","Syp",0
"GTAGACTCATGAATGC-1","4","Syp",0
"GTAGACTCATTAACTC-1","2","Syp",0
"GTAGATGGTCATCCCT-1","1","Syp",0.647320574098903
"GTAGATGGTGAGTGAC-1","16","Syp",0
"GTAGCATCATTAGCGG-1","10","Syp",0
"GTAGCCACACATGCAG-1","0","Syp",1.13039375012809
"GTAGCCACAGCTCATC-1","10","Syp",0
"GTAGCCCGTAGCTCGC-1","1","Syp",0
"GTAGCCCGTGGGTATA-1","0","Syp",0.612298195853136
"GTAGCGGGTCCATCAG-1","5","Syp",0.642712440580873
"GTAGCGGGTTGCAGGG-1","0","Syp",0.620811461217666
"GTAGCTATCAGTTCCT-1","0","Syp",0.751745900503899
"GTAGCTTGTGCACGAG-1","2","Syp",0
"GTAGCTTGTGGAGAGA-1","14","Syp",0
"GTAGGATAGGGTTGGA-1","0","Syp",1.89373483460433
"GTAGGCAAGGCGTTAC-1","2","Syp",0.561076834132328
"GTAGGCAAGTAAGGAC-1","5","Syp",0.901360131811791
"GTAGGGGCACAGGATT-1","2","Syp",1.20010176425163
"GTAGGTAGTAACTCTA-1","5","Syp",0.756635353872196
"GTAGGTAGTAGGCTGG-1","0","Syp",0.91824517886178
"GTAGGTAGTGCGCAGA-1","8","Syp",0
"GTAGGTGAGGATTGAA-1","9","Syp",1.93080634343473
"GTAGGTGAGGTGCTAC-1","10","Syp",0
"GTAGTAAAGATTAGAG-1","3","Syp",0
"GTAGTAAAGTGCCGTG-1","2","Syp",0.686857072898713
"GTAGTAGGTATGGCCC-1","3","Syp",0
"GTAGTCGCATCCCAGT-1","4","Syp",0
"GTAGTCTGTCCCGAAC-1","5","Syp",1.06653881606624
"GTAGTGAGTTATCTCT-1","6","Syp",0
"GTAGTTACAGCATGTG-1","3","Syp",0
"GTAGTTACAGTTGCCT-1","13","Syp",0.965015127059056
"GTAGTTACATGCTCGT-1","5","Syp",0.821418616849297
"GTAGTTGTCCGTGGCA-1","4","Syp",0
"GTATAGAAGAATCCTG-1","2","Syp",0
"GTATAGCCAGTAAGGA-1","10","Syp",0
"GTATCCCCACTTACAT-1","6","Syp",0
"GTATCCCCACTTCGAC-1","1","Syp",0
"GTATCCCCACTTCGGT-1","1","Syp",0.682132120329268
"GTATCTTCATCCTATG-1","11","Syp",0
"GTATGAAAGCGATTCA-1","3","Syp",0
"GTATGCATCACCTGCC-1","0","Syp",0
"GTATGCATCCTGACGG-1","0","Syp",0
"GTATGGGAGGTTCGCG-1","1","Syp",1.46080608124189
"GTATGGGAGTAAGTTC-1","2","Syp",0
"GTATGGGAGTGGCAAG-1","4","Syp",0
"GTATGGTCATGGAACT-1","0","Syp",0.926828813208664
"GTATGTTAGCGCCAAT-1","0","Syp",0
"GTATTAGCATAACTGA-1","6","Syp",0
"GTATTCAGTCATCGGC-1","6","Syp",0.615877928145101
"GTATTCCTCACTAGGC-1","9","Syp",1.44607201366634
"GTATTGGTCCTCACCA-1","3","Syp",0
"GTCAAATTCCATGCAA-1","6","Syp",0
"GTCAAATTCGATGCCG-1","2","Syp",1.35403271392518
"GTCAAGCTCCGGTGAT-1","0","Syp",0
"GTCAATGTCCGCGACA-1","8","Syp",0
"GTCAATGTCGATGGGA-1","2","Syp",0.82306320555048
"GTCAATGTCGCGAGTT-1","10","Syp",0
"GTCAATTAGCATCCTT-1","8","Syp",0.84087365312545
"GTCAATTAGTTGCAGC-1","1","Syp",0.82985750777271
"GTCACCTCATCACGAG-1","1","Syp",0
"GTCACGTAGGAATTAG-1","13","Syp",1.25850680967462
"GTCACGTAGTGGCGAA-1","11","Syp",0.966173296993602
"GTCATAGTCGCGCGTA-1","9","Syp",0.979165635925326
"GTCATATAGGTAATTC-1","2","Syp",0
"GTCATCAAGCGAGACA-1","12","Syp",0
"GTCATCAAGTAATGCT-1","6","Syp",0
"GTCATCCCAACTGGCA-1","8","Syp",0
"GTCATCCCACCATACC-1","0","Syp",1.0972807305486
"GTCATTAGTAGTCCAT-1","13","Syp",0
"GTCATTTCAAAGGTGA-1","8","Syp",0
"GTCATTTCAGGTAACT-1","10","Syp",0
"GTCCAACAGGGGATTG-1","10","Syp",0
"GTCCAACAGTGGCCTG-1","6","Syp",1.35942077984583
"GTCCAATGTTTCGCAG-1","4","Syp",0
"GTCCAGGTCACGGACT-1","13","Syp",0.506621270436499
"GTCCAGGTCGAATTAC-1","2","Syp",0.89166767791034
"GTCCAGGTCGACCTGG-1","2","Syp",0
"GTCCAGTAGGCTCCAG-1","2","Syp",1.26577081197367
"GTCCATCCACCTGGAA-1","0","Syp",0
"GTCCATCCATGGCAGC-1","2","Syp",0.834404128536679
"GTCCATGGTGGCGCTT-1","0","Syp",0
"GTCCATTTCTGGATAT-1","1","Syp",1.28143239858455
"GTCCCAAGTAGCCCGT-1","2","Syp",0.853053271957824
"GTCCCAAGTAGTGTGA-1","7","Syp",1.12502685301476
"GTCCCGTTCCCTCGTA-1","4","Syp",0
"GTCCCTCAGGAATTAG-1","0","Syp",1.38065844063126
"GTCCGAACATGATTGA-1","8","Syp",0
"GTCCGATAGCCCGTCT-1","7","Syp",0
"GTCCGATAGGATAGCG-1","7","Syp",0
"GTCCGCAAGGTGATGG-1","5","Syp",0.819141998828128
"GTCCGCTTCCGGGTCA-1","1","Syp",0
"GTCCGCTTCGTTCACT-1","3","Syp",0.699201689468652
"GTCCGTAGTCATGGTT-1","0","Syp",0
"GTCCGTAGTTCGTCAG-1","1","Syp",0
"GTCCGTGAGGAGTAGT-1","3","Syp",1.27563600072528
"GTCCGTGAGGCAATCC-1","10","Syp",0
"GTCCGTTCACTCGGTT-1","7","Syp",0
"GTCCTAAAGGATGAGT-1","1","Syp",0
"GTCCTATTCGCATCCC-1","10","Syp",0
"GTCCTGCTCAGGACTC-1","3","Syp",0
"GTCCTGCTCATCGAAT-1","3","Syp",0
"GTCCTGCTCGAATCAT-1","1","Syp",0.887976006706294
"GTCGAGGGTCAAGGGT-1","6","Syp",0
"GTCGCCAAGATACTAC-1","13","Syp",0.567253435131905
"GTCGCCAAGCCACGCA-1","2","Syp",0.787107068321838
"GTCTAACGTTCGTAGT-1","0","Syp",0
"GTCTACAAGCTTACGA-1","2","Syp",0.411281830629553
"GTCTACCCACTAGGTG-1","1","Syp",0
"GTCTACCCATGACTAA-1","5","Syp",0
"GTCTACCCATGCTCCG-1","4","Syp",0
"GTCTACCCATTACTCG-1","1","Syp",0.767420025020439
"GTCTATGAGCGCATGT-1","6","Syp",0
"GTCTATGAGGATTGCC-1","2","Syp",1.17094042446098
"GTCTATGAGGCAACTC-1","7","Syp",0
"GTCTCACCAAATCGTA-1","9","Syp",0
"GTCTCCATCCATCACT-1","2","Syp",0.472598133974432
"GTCTCCATCCGCCACT-1","10","Syp",0
"GTCTCCGCATTACGGG-1","0","Syp",0
"GTCTCGCTCAGCGGTT-1","4","Syp",0
"GTCTGCCTCGATCAGC-1","7","Syp",0
"GTCTGCCTCTAAGCAT-1","3","Syp",0
"GTCTGGACAAATGCCG-1","9","Syp",0
"GTCTGTCCATTCAGGG-1","6","Syp",0
"GTGAAATGTGCAGTCC-1","4","Syp",0
"GTGAACCTCACAGGAG-1","5","Syp",0
"GTGAAGGTCACAGCCG-1","7","Syp",0
"GTGAAGGTCATATAGC-1","3","Syp",0
"GTGAATCCATGAGTTA-1","0","Syp",0
"GTGAATGGTCAAGGGT-1","1","Syp",0.639268905912811
"GTGAATGGTGGACCTC-1","3","Syp",0
"GTGACGTTCCCAGGAT-1","4","Syp",0
"GTGACGTTCGCTGAAC-1","4","Syp",0
"GTGACTATCCTTCATA-1","7","Syp",0
"GTGAGCGGTAACTTCA-1","11","Syp",0
"GTGAGCGGTAATGCGA-1","3","Syp",0
"GTGAGGATCCATCTCG-1","1","Syp",0.726874178282872
"GTGAGTGAGAATCACT-1","1","Syp",0
"GTGAGTGAGTCGACAC-1","4","Syp",0
"GTGATATTCTCATCGT-1","1","Syp",0
"GTGATGCTCAATTCGG-1","13","Syp",0.97838790895671
"GTGATGGAGCCTGTGG-1","5","Syp",0.804525632623394
"GTGATTGTCACGCGCA-1","10","Syp",0
"GTGATTGTCTGGTACA-1","0","Syp",0
"GTGATTTAGCTAATGT-1","4","Syp",0
"GTGATTTAGTCGACAC-1","1","Syp",1.45230803740771
"GTGCAATCAAGCATAC-1","2","Syp",0
"GTGCACTAGAAGGGTT-1","4","Syp",0
"GTGCACTAGCAAGGTG-1","2","Syp",0
"GTGCACTAGCGAACCT-1","3","Syp",0.74733138004901
"GTGCATATCCGTCCTA-1","3","Syp",0
"GTGCATTGTTGAAGTG-1","11","Syp",0.624011961639804
"GTGCATTGTTGCGTGC-1","0","Syp",1.49687529686304
"GTGCCCAAGAACGAAC-1","0","Syp",0
"GTGCGAGGTTTACACA-1","1","Syp",1.12594088482765
"GTGCGGTCAAGCATCG-1","0","Syp",1.36225939511629
"GTGCGGTCAGGCAATT-1","6","Syp",0
"GTGCTAATCCGCAGAT-1","3","Syp",0
"GTGCTAATCCTTCGGC-1","0","Syp",1.72377357473765
"GTGCTCAGTCTAGTTA-1","16","Syp",0
"GTGCTTGGTCAAGTAG-1","2","Syp",0
"GTGGACAAGCTACTCT-1","3","Syp",0
"GTGGACAAGGTCATGC-1","10","Syp",0
"GTGGACAAGTGATCTG-1","2","Syp",0.933520665560773
"GTGGACCCACTACCAC-1","4","Syp",0
"GTGGATAGTCTTGCTC-1","8","Syp",0
"GTGGATAGTGAGGTCG-1","4","Syp",0
"GTGGCAGGTCCCGAAC-1","10","Syp",0
"GTGGCAGGTTCGTAAC-1","5","Syp",0
"GTGGCCATCACAGGCT-1","1","Syp",0
"GTGGCCATCCATAGGC-1","2","Syp",0.69150125385604
"GTGGCGAGTTGCAGGG-1","9","Syp",0
"GTGGCGAGTTTCGCTC-1","14","Syp",1.21564815364914
"GTGGGTAAGTGCAACC-1","3","Syp",0
"GTGGGTTTCAAGTTCG-1","11","Syp",1.10095108024539
"GTGGGTTTCCAGGTTA-1","11","Syp",1.09172666824295
"GTGGGTTTCCTTCGTG-1","13","Syp",0.529354914955351
"GTGGTAAGTGAAGCCG-1","1","Syp",0
"GTGGTAAGTTCGGTTG-1","3","Syp",0.7705251991316
"GTGGTAAGTTTGCCTC-1","7","Syp",0
"GTGGTCCGTCAGCCTA-1","6","Syp",0.634195315462728
"GTGGTCCGTTAGTCGT-1","16","Syp",0
"GTGGTCCGTTGACGAA-1","0","Syp",1.09258218623977
"GTGGTCCGTTGGGTCC-1","6","Syp",0.981872114718505
"GTGGTTATCTAACCCT-1","8","Syp",0
"GTGTAACCACATATAG-1","7","Syp",0.568180381780057
"GTGTAAGGTCATGCTG-1","4","Syp",2.04738806487155
"GTGTAGTCAAGTGGCC-1","7","Syp",0.963158241725882
"GTGTAGTCAATGTATG-1","15","Syp",0
"GTGTCCTCAATTAGGC-1","3","Syp",0.87002165892659
"GTGTGAGAGCATGTGC-1","2","Syp",1.23199697472826
"GTGTGAGAGCCATCAA-1","3","Syp",0.893312625009868
"GTGTGAGAGCGAGCTT-1","3","Syp",0.866570865018451
"GTGTGAGAGGCACATC-1","4","Syp",0
"GTGTGGCCAATAGCAC-1","0","Syp",0
"GTGTGGCCACCATCTA-1","2","Syp",0
"GTGTGGCCATTCATGT-1","0","Syp",0
"GTGTGTTGTAGCGCCT-1","16","Syp",0
"GTGTGTTGTTAGTCGT-1","11","Syp",0
"GTGTTACGTTGTCATA-1","5","Syp",0.710118900766345
"GTGTTAGTCGACTGGT-1","7","Syp",0.61349960709606
"GTGTTCAAGCGATGAG-1","12","Syp",2.21520258963163
"GTGTTCCCAGTTGGGC-1","9","Syp",0
"GTTAACTAGTCAAGGG-1","11","Syp",0
"GTTAAGCCATGATTAG-1","0","Syp",0.9059469873621
"GTTAAGGGTAAGCTAG-1","2","Syp",0.703299552023963
"GTTAATGCAAATCAGC-1","1","Syp",0.723304421625377
"GTTACCCCAACCAGAT-1","3","Syp",0
"GTTACCCCACAGCGGT-1","1","Syp",0.567253435131905
"GTTACCCCAGCTCAAG-1","0","Syp",1.26388521619462
"GTTACCTTCCCATTCG-1","5","Syp",0.788675605672862
"GTTACTTCAAAGGAGC-1","0","Syp",0
"GTTACTTCAGTAAGGA-1","6","Syp",0.791238546459707
"GTTACTTCATCACGAG-1","0","Syp",0
"GTTACTTCATGCTCCG-1","8","Syp",0
"GTTAGCATCGCTCACC-1","4","Syp",0
"GTTAGCATCGTGATGC-1","1","Syp",0.845625174196027
"GTTAGGCTCGACCTAA-1","7","Syp",1.45957890780685
"GTTAGGCTCGATGATT-1","3","Syp",0
"GTTAGGCTCGTGAGGA-1","2","Syp",0.607312394855809
"GTTAGGGAGCGAGAGC-1","2","Syp",0
"GTTAGGTCACTCGCAT-1","11","Syp",1.08351022882783
"GTTAGTTAGGATTAGA-1","10","Syp",0
"GTTAGTTAGTCATTGG-1","6","Syp",0
"GTTATCAGTTAAGGAT-1","14","Syp",0
"GTTATCCTCTAACCAG-1","12","Syp",0
"GTTATCCTCTGGCACG-1","13","Syp",1.0633629485351
"GTTCAATAGGAACTGG-1","4","Syp",0
"GTTCAATAGGTAAGGT-1","0","Syp",0
"GTTCACAAGCATTCAG-1","11","Syp",0
"GTTCACAAGTAGCTCA-1","8","Syp",0
"GTTCACCCACCATACC-1","6","Syp",0.947606940532617
"GTTCACCCATTCAGGG-1","11","Syp",0
"GTTCACTTCGCTAATG-1","0","Syp",0
"GTTCAGGCATGGTCAG-1","1","Syp",0.9862784009212
"GTTCATGAGCGATAGG-1","4","Syp",0
"GTTCATTCAACCTCGT-1","2","Syp",0.890720516111786
"GTTCCAAAGAACCTGC-1","0","Syp",0.787629184918103
"GTTCCAAAGCCAGGTT-1","6","Syp",0
"GTTCCAAAGGTAGGAT-1","15","Syp",0
"GTTCCAAAGGTTGAGG-1","7","Syp",0
"GTTCCCTGTTAATCTG-1","9","Syp",0.816103678166927
"GTTCGAATCATGTCCT-1","9","Syp",1.22000497456028
"GTTCGATGTTCAAGCT-1","0","Syp",0
"GTTCGATGTTTGGGCC-1","0","Syp",0
"GTTCGTCCATAAGCAC-1","7","Syp",0.46986117322879
"GTTCGTCCATAATCGA-1","6","Syp",1.1375422634662
"GTTCGTCCATCCATCA-1","9","Syp",1.19969651259972
"GTTCGTTTCATCGTAG-1","2","Syp",0.854098059477802
"GTTCGTTTCATGCTCT-1","9","Syp",0
"GTTCGTTTCCCATTCG-1","3","Syp",0
"GTTCTAAGTGGCGTAG-1","0","Syp",0
"GTTCTAAGTTATCGCG-1","10","Syp",0
"GTTCTCACATTGGCGA-1","10","Syp",0
"GTTGAAGGTCATCAGT-1","8","Syp",0
"GTTGAAGGTTAGCATC-1","10","Syp",0
"GTTGAGGAGCTTACAG-1","8","Syp",0
"GTTGATTAGGAGTCAG-1","4","Syp",1.02324683720569
"GTTGCAATCTATGAGT-1","4","Syp",0
"GTTGCCCTCAGGTTGC-1","8","Syp",0
"GTTGCCCTCCGCTGAG-1","12","Syp",0
"GTTGCCCTCGTGCTCC-1","9","Syp",0
"GTTGCCTCACTATGCC-1","14","Syp",0
"GTTGCCTCAGGATCTG-1","10","Syp",0
"GTTGCTGGTATGTGTC-1","5","Syp",0.717883332488756
"GTTGCTGGTTATCGCG-1","7","Syp",0
"GTTGGGTTCCTCATGT-1","8","Syp",0
"GTTGTACGTTAATCCA-1","7","Syp",0.683003807363761
"GTTGTACGTTATCCGG-1","2","Syp",0.506437796891032
"GTTGTACGTTCGGTTG-1","12","Syp",0
"GTTGTGATCAGGCAGA-1","8","Syp",0
"TAAACCACAATCGCCT-1","5","Syp",0
"TAAACCACATCCCGTG-1","3","Syp",0
"TAAACCACATGGTAAC-1","15","Syp",0
"TAAACGAAGCCTAGCG-1","6","Syp",0.861646143382298
"TAAACGAAGGTATCGC-1","6","Syp",0
"TAAACGGGTTGGAGCG-1","8","Syp",0
"TAAATCGCAGTAATTG-1","2","Syp",0
"TAAATCGCATGGATCG-1","3","Syp",0.685730582904896
"TAAATCGCATTAGCGG-1","5","Syp",0.901490497096284
"TAACACTAGCCTCTGC-1","2","Syp",0
"TAACACTAGTCGAGTC-1","7","Syp",0
"TAACAGCCAGGTTACG-1","8","Syp",0
"TAACCAACAAAGGATG-1","13","Syp",0.782859441982266
"TAACCAACAATATCAG-1","5","Syp",1.39597185600196
"TAACCAACACATTGAA-1","10","Syp",0
"TAACCAACATGACGAT-1","0","Syp",0
"TAACCAACATTGCCAC-1","7","Syp",0
"TAACCATAGCTTAGTG-1","10","Syp",0
"TAACCCTTCTGGCCGA-1","1","Syp",1.17463759948415
"TAACCGATCACAGCGT-1","2","Syp",0.632412284491334
"TAACCTAGTTGCTCTC-1","4","Syp",0
"TAACGAAAGTCAGTCA-1","4","Syp",0
"TAACGAGGTAACTGCT-1","7","Syp",0.796986032035012
"TAACGAGGTGATGATG-1","12","Syp",0
"TAACGAGGTTAGACGA-1","5","Syp",0.93286552800591
"TAACGAGGTTGCGCGT-1","6","Syp",0.750209365486756
"TAACGATTCCGCTAGG-1","3","Syp",0.710329293223479
"TAACGCGCACCTCAAC-1","2","Syp",1.17458607197979
"TAACGGCTCAGGACGA-1","6","Syp",0
"TAACGGCTCCCATAGA-1","6","Syp",0
"TAACGGTCACAGCACA-1","3","Syp",0
"TAACGGTCATCATATC-1","14","Syp",1.82305792994344
"TAACGGTCATCGCTAC-1","8","Syp",0
"TAACTCCTCAGGCTTA-1","3","Syp",0
"TAACTCCTCCATCGAA-1","0","Syp",0.667011949747399
"TAACTCCTCGATGCAC-1","8","Syp",0
"TAACTGACATAATCTC-1","6","Syp",0
"TAACTGACATGGAATC-1","14","Syp",0
"TAACTGGTCAAGTTAC-1","2","Syp",0
"TAACTGGTCCATTGCT-1","2","Syp",1.30670054693147
"TAACTGGTCCTGATGA-1","1","Syp",0
"TAACTTGGTTGCCCAA-1","10","Syp",0
"TAAGCAAAGGATGGCA-1","2","Syp",0.657730165735909
"TAAGCAAAGGCGATAG-1","5","Syp",0
"TAAGCACCAAAGGTCT-1","8","Syp",0
"TAAGCACCAAGTCGGC-1","5","Syp",0.587147380878429
"TAAGCACCAGCATGGC-1","5","Syp",1.1144598369075
"TAAGCAGGTCTGTGTG-1","0","Syp",0.875947348689782
"TAAGCCATCACATAGT-1","5","Syp",0
"TAAGCCTGTATGGTGA-1","1","Syp",0
"TAAGCGAGTCTTGGGC-1","2","Syp",0
"TAAGCGAGTTCGGCGT-1","1","Syp",0
"TAAGCGCTCCCGTGCT-1","4","Syp",0
"TAAGGATGTTATGCTA-1","1","Syp",0
"TAAGGATGTTGCACTG-1","4","Syp",0
"TAAGGCGAGGATTGCC-1","2","Syp",0
"TAAGTCACAACGGCTA-1","1","Syp",0
"TAAGTCCGTCAGTTAC-1","13","Syp",0
"TAAGTGAAGTGAGATA-1","6","Syp",0
"TAATAGCTCGTCTAAG-1","9","Syp",0.659574074181755
"TAATAGCTCGTTAGCA-1","2","Syp",0.751095024776772
"TAATCACAGGGCTAAG-1","2","Syp",0
"TAATCAGCAGGAATGA-1","8","Syp",0
"TAATCAGCATGGATTA-1","4","Syp",0
"TAATCAGCATTCATGT-1","0","Syp",0.704642144626978
"TAATCCCTCCTGAGTA-1","10","Syp",0
"TAATCCTCAATATCCT-1","1","Syp",1.49184865645084
"TAATGGGGTCAGCGGA-1","2","Syp",0.910983781641256
"TAATGGTTCCTGACTT-1","2","Syp",0.571114002824677
"TAATGGTTCGATGGGA-1","2","Syp",0
"TAATGTCAGCTATCTC-1","1","Syp",0
"TAATGTCAGTCGAGAG-1","6","Syp",0
"TAATTCCCATTAGCCC-1","1","Syp",0.651249857453833
"TACAACTAGGCAAGGC-1","4","Syp",0
"TACAACTAGTCGCACG-1","7","Syp",0.878489781559755
"TACAAGGGTGAGGCTG-1","6","Syp",0
"TACAAGGGTGCACGTC-1","7","Syp",0
"TACAAGGGTGGGAACT-1","4","Syp",0
"TACAAGGGTTGTGCCA-1","1","Syp",0
"TACAATGCATTGCGCT-1","3","Syp",0
"TACACAACAGCTCAGA-1","3","Syp",0.531833398673507
"TACACCGGTAGCGGTG-1","0","Syp",0.880386270193435
"TACACCGGTGAGCCCT-1","6","Syp",0
"TACACCTTCTGGGCTG-1","0","Syp",0
"TACAGATTCCTTAGCT-1","4","Syp",0
"TACAGATTCGTTCACT-1","14","Syp",1.18075337823659
"TACAGCCAGATTGCCA-1","5","Syp",0.815400496347232
"TACAGCCAGCAATTAC-1","1","Syp",0.612937052091474
"TACAGCCAGGATCCCG-1","4","Syp",0
"TACAGCGCATGATCGG-1","0","Syp",0
"TACAGGGAGAAGCTCC-1","3","Syp",0
"TACAGTTAGATTGCCA-1","4","Syp",0
"TACAGTTAGCTGGCAT-1","12","Syp",0
"TACAGTTAGGCTCCAG-1","12","Syp",0
"TACATAGCAATGCGTG-1","9","Syp",0.841248692602751
"TACATAGCACTTCAGC-1","9","Syp",0
"TACATGACAGGTTCGA-1","3","Syp",0.96571974381628
"TACCAAGTCACCCTTG-1","3","Syp",0
"TACCAATAGCGCCACA-1","4","Syp",0
"TACCAATAGTGGCGAA-1","1","Syp",0
"TACCACAAGAAGCTAA-1","8","Syp",0
"TACCACAAGCCAGTCG-1","9","Syp",0.935115827148146
"TACCACGGTGCAGTCC-1","2","Syp",0
"TACCACGGTTTGGATC-1","6","Syp",1.42540873735213
"TACCAGGCATTGCCGT-1","16","Syp",0
"TACCATGAGTAGACTT-1","9","Syp",0
"TACCATTCAAAGGTAG-1","15","Syp",0
"TACCCATTCCTGCCAC-1","15","Syp",1.19006129893698
"TACCCCTGTCAACCTG-1","9","Syp",1.8909830488968
"TACCGCCTCCAACTAG-1","7","Syp",0
"TACCGTCCAGTAATCA-1","0","Syp",0
"TACCTAGAGTTAGGAA-1","13","Syp",0
"TACCTCACAATACCGG-1","2","Syp",0.391751711165893
"TACCTCACATCATCGC-1","3","Syp",0
"TACCTGAAGCATGCAC-1","0","Syp",0.890424085553176
"TACCTGAAGCCATGAC-1","1","Syp",0.540878204856881
"TACGAACCAAATGCAC-1","9","Syp",0
"TACGAAGGTTGCTATA-1","0","Syp",0
"TACGAGGAGCGCCAAT-1","16","Syp",0
"TACGAGGAGGTACTTG-1","3","Syp",0.760740844195978
"TACGCAATCCAGAGCT-1","11","Syp",0.578242055642101
"TACGCAATCGATGCGT-1","5","Syp",0
"TACGCAATCTATCCAC-1","13","Syp",1.01077966519216
"TACGCAATCTGGGATC-1","6","Syp",0
"TACGCATGTGCATTAC-1","5","Syp",0.678046837436725
"TACGCATGTTGTAGTC-1","4","Syp",0
"TACGCCCTCATGCCGG-1","7","Syp",0.831757764317775
"TACGCCTCACCTGTGT-1","7","Syp",0
"TACGCTAAGCCGCACA-1","1","Syp",0
"TACGCTAAGGTGCATC-1","0","Syp",1.66165694123613
"TACGCTGGTAGGTCGG-1","7","Syp",0.787759827857132
"TACGCTGGTCAAGCCC-1","13","Syp",0.69636261741392
"TACGCTGGTTCGTCTC-1","1","Syp",0.522421933796674
"TACGGTCAGCCCTTCA-1","4","Syp",0
"TACGGTCAGCCTCTGC-1","1","Syp",0
"TACGGTCAGCTGGATC-1","0","Syp",0
"TACGGTCAGCTTACAG-1","2","Syp",0.863942226744074
"TACGGTCAGTTACGCA-1","5","Syp",0.881130747804826
"TACGGTTGTCTGGTTG-1","1","Syp",0
"TACGTAGTCCCAGGCA-1","0","Syp",0
"TACGTAGTCCTGCCAC-1","2","Syp",0
"TACGTCAAGCAAGGAT-1","15","Syp",0
"TACGTCAAGCCGACAT-1","3","Syp",0
"TACGTCAAGGTTCCTT-1","7","Syp",0
"TACTACCTCACAGAGG-1","6","Syp",0.624736774404891
"TACTATGGTCTGGTTG-1","2","Syp",0
"TACTCATCAAGTTCCC-1","3","Syp",0
"TACTCATCATCGTTCA-1","6","Syp",0
"TACTCCACATGGCCTT-1","1","Syp",0.49976887192617
"TACTCCACATTCATGT-1","5","Syp",0.675382995212633
"TACTGATAGGTAAGGT-1","14","Syp",0
"TACTGATAGGTAGGTG-1","1","Syp",1.68863517805918
"TACTGTGAGAAGCGTG-1","15","Syp",0
"TACTGTGAGCATATAC-1","11","Syp",0
"TACTGTGAGCCTGATA-1","1","Syp",0
"TACTGTGAGGTCATAT-1","5","Syp",0.628836244483273
"TACTGTGAGTAGGTAA-1","6","Syp",0
"TACTGTTCACAAGCGC-1","12","Syp",0
"TACTGTTCATTCGCGT-1","4","Syp",0
"TACTTAGGTCAATTCA-1","1","Syp",0
"TACTTAGGTTGACGTT-1","6","Syp",1.47096956626873
"TACTTCATCATCACGA-1","0","Syp",0
"TACTTCATCCTTCGGC-1","4","Syp",0
"TAGCAAGGTATGGTAG-1","3","Syp",0
"TAGCAAGGTGAGGCTG-1","11","Syp",0
"TAGCACGCAATCGCCT-1","5","Syp",0
"TAGCAGTCATGCAGAT-1","5","Syp",1.28406974536566
"TAGCCAGCAAAGGTGA-1","4","Syp",0
"TAGCCAGCACTTGATT-1","5","Syp",0.605077106273952
"TAGCCCTCACCAATCC-1","10","Syp",0
"TAGCGAAGTTAGGCCC-1","6","Syp",1.11957684630102
"TAGCTAGTCTGGCCCT-1","0","Syp",0
"TAGCTCAAGCCCTTCA-1","2","Syp",0.576904481547381
"TAGCTCAAGGGGATCA-1","7","Syp",0
"TAGCTCAAGTGCGGTT-1","14","Syp",0
"TAGGAGTAGTTGGTGC-1","5","Syp",0
"TAGGATGGTCATGAAG-1","11","Syp",0
"TAGGCAAGTGATCAAG-1","11","Syp",0
"TAGGCAAGTTGGGCCT-1","5","Syp",0.879560640754181
"TAGGCCACAAGCTCTC-1","3","Syp",0
"TAGGCTTGTTGGAATG-1","11","Syp",0.678811946450409
"TAGGGCTTCCCCAACC-1","0","Syp",0
"TAGGGTGAGGTGCGAA-1","1","Syp",0.745289776537941
"TAGGGTGAGTAACGAA-1","3","Syp",0
"TAGGGTTCACCAATCC-1","4","Syp",0
"TAGGTAGGTAAGGACC-1","5","Syp",0
"TAGGTAGGTCTTGCCT-1","7","Syp",0
"TAGGTGAGTTGGCGCT-1","14","Syp",0
"TAGGTGGAGCAGGGTA-1","3","Syp",1.12727972978825
"TAGGTTACAAGCTATA-1","14","Syp",0
"TAGGTTACAGGCTATG-1","5","Syp",0
"TAGTACCGTTGGGTCC-1","5","Syp",0
"TAGTAGCCAGCTAACG-1","7","Syp",1.49158168656709
"TAGTCCCCAAGGGAAC-1","3","Syp",0.784701711628912
"TAGTGCATCGCTGGCA-1","2","Syp",0.603646382319544
"TAGTGGGAGCTAGCCG-1","6","Syp",0
"TAGTGGGAGGTACGTC-1","3","Syp",0
"TAGTGTTAGCGATGGA-1","4","Syp",0
"TAGTTAGCAAGGTCCA-1","2","Syp",0.97688807510019
"TAGTTAGCATGATATG-1","1","Syp",0
"TAGTTCCTCCAACCTT-1","8","Syp",0
"TAGTTTCCAAATGAGG-1","7","Syp",0.660025433908088
"TAGTTTCCAACTAGAC-1","12","Syp",0
"TAGTTTGGTTCGAGCC-1","4","Syp",0
"TAGTTTGGTTGTCTCC-1","0","Syp",1.56190543481468
"TATACGTAGCATGGCT-1","8","Syp",0
"TATACGTAGGTCCCGA-1","0","Syp",1.457426622874
"TATACGTAGTCAGGAG-1","13","Syp",0.992647725876242
"TATAGGGGTTAGTGCT-1","3","Syp",1.15140388334172
"TATAGGGGTTGGATAG-1","0","Syp",1.21473098105932
"TATAGGTTCATGCACA-1","7","Syp",0.515237553875302
"TATAGTCAGCGCCTAG-1","1","Syp",0.664162416807938
"TATAGTCAGCTTCCAT-1","5","Syp",0
"TATAGTCAGGGTATCC-1","1","Syp",0
"TATCACCTCCAACCGG-1","2","Syp",0.93520984216892
"TATCACCTCCACCGTC-1","5","Syp",0.498674774367938
"TATCATCCAATCTCCA-1","8","Syp",0
"TATCCAAGTAAGGGCT-1","1","Syp",1.00929977993504
"TATCCAAGTATAGCAG-1","5","Syp",0
"TATCCAAGTCTCCAAG-1","7","Syp",0
"TATCCATCATCGACTC-1","13","Syp",0.501380731201245
"TATCCCACAAGCGGAG-1","4","Syp",0
"TATCCCACATTCGTCA-1","6","Syp",0.682616105427019
"TATCCGCCAATCTCTG-1","6","Syp",0
"TATCCGGGTAACCCAT-1","8","Syp",0
"TATCCGGGTAAGGACC-1","3","Syp",1.13438464314516
"TATCCGTTCACGTTGA-1","1","Syp",1.21723602113997
"TATCCGTTCTAAGCCA-1","6","Syp",1.25968079999548
"TATCCTTGTTGCGGAG-1","13","Syp",0.870586181307676
"TATCGAACATTAGCGG-1","4","Syp",0
"TATCGCTTCCCGCTGT-1","8","Syp",0
"TATCGCTTCCGCGTCT-1","2","Syp",0
"TATCGGGCATGGTATA-1","5","Syp",0
"TATCGTAGTTGACTCG-1","10","Syp",0
"TATCGTTCAAGCTATA-1","2","Syp",1.11157843466538
"TATCTCATCCATCTAC-1","3","Syp",0.40848778043475
"TATCTGCTCCCATGCC-1","9","Syp",1.18357584681356
"TATCTGCTCGTGCGTG-1","4","Syp",0
"TATCTTGTCCGTGCAG-1","12","Syp",0
"TATGACTAGAAGGTGT-1","1","Syp",0.620175422030903
"TATGAGAAGTGGCTCG-1","14","Syp",0
"TATGATGCATCCATAT-1","10","Syp",0
"TATGCAACACCAGGAC-1","3","Syp",0.624293626880357
"TATGCAACATCCTGCG-1","7","Syp",1.28296935665837
"TATGCTAGTTCGCAGC-1","0","Syp",1.23536083136102
"TATGGCCAGCCGACCA-1","5","Syp",0.736954472758848
"TATGGCCAGGTTGCTA-1","1","Syp",0
"TATGGTTAGGAACTGG-1","7","Syp",0.670026716361371
"TATGGTTAGGCTACCG-1","14","Syp",0
"TATGGTTAGGGGATTG-1","2","Syp",0.850741192340298
"TCAAAGCCATGGATAC-1","8","Syp",0
"TCAAATGCACCTTCCC-1","0","Syp",0
"TCAAATGCAGGGACGA-1","5","Syp",1.0018247702185
"TCAAATGCATTCCTCT-1","4","Syp",0
"TCAACATAGTGAAGCG-1","6","Syp",0.692947240541285
"TCAACCAAGTATGAGA-1","4","Syp",0
"TCAACCTTCAAGTCCA-1","2","Syp",0.466424103859131
"TCAATCCTCATCATCC-1","5","Syp",0.66918903191833
"TCAATCTCATCCTCGG-1","1","Syp",0.439798661813119
"TCAATTGGTTCGGGCT-1","0","Syp",0.971345819054626
"TCACAATAGGTGGACA-1","7","Syp",0.88324739509093
"TCACACAAGCTTAACG-1","0","Syp",0
"TCACACCCAGTACCAG-1","0","Syp",0
"TCACAGGCAATCTATC-1","12","Syp",0
"TCACATAGTGGGTCTC-1","1","Syp",0.623810932752377
"TCACATAGTTACACTA-1","0","Syp",0.980933431615619
"TCACATGAGGCATTCA-1","5","Syp",0
"TCACATGAGGTATAGA-1","6","Syp",0
"TCACATTCAAGCTCAG-1","1","Syp",1.42122314097306
"TCACATTCAGGGCTTA-1","0","Syp",0.716809264612823
"TCACCAAAGTTAGCGC-1","2","Syp",0
"TCACCATTCCGGATAC-1","9","Syp",0
"TCACCCTGTGAAGGAG-1","4","Syp",0
"TCACGAATCCCGCTTA-1","6","Syp",0
"TCACGACAGCTATCCT-1","10","Syp",0
"TCACGATGTCAAGGGT-1","3","Syp",0
"TCACGCCTCATCGTCT-1","4","Syp",0
"TCACGCCTCATGTAAC-1","9","Syp",0
"TCACGGACACAGGGCT-1","0","Syp",0
"TCACGGACAGGTTCCT-1","0","Syp",0
"TCACGGACAGGTTGGC-1","11","Syp",0.773153992546345
"TCACGGACAGTTAGGT-1","6","Syp",0
"TCACGTAAGCCATTGA-1","4","Syp",1.18137929721363
"TCACGTAAGGATTAGA-1","6","Syp",0
"TCACGTAAGGGTAGCA-1","2","Syp",1.0781074563807
"TCACGTAAGTACGGGA-1","7","Syp",1.06547789229375
"TCACGTAAGTGAGCCT-1","7","Syp",0
"TCACGTCCAACCGTAG-1","6","Syp",0
"TCACGTCCAGGCAAGG-1","8","Syp",1.50739156298355
"TCACGTTTCGTGAGAG-1","0","Syp",0
"TCACTCACACCATGCT-1","5","Syp",0
"TCACTCACAGGGACTC-1","5","Syp",0
"TCACTGTTCGAATCCA-1","9","Syp",1.48103812912771
"TCACTGTTCGTGAGTC-1","4","Syp",0
"TCACTTATCGTTCACT-1","14","Syp",0
"TCAGAGGAGCAAGTCC-1","10","Syp",0
"TCAGAGGAGGTTACGC-1","3","Syp",0
"TCAGCATGTAACCACT-1","7","Syp",0
"TCAGCATGTCTTGGTG-1","2","Syp",0
"TCAGCCAGTCTCAGTG-1","8","Syp",0
"TCAGCTAAGTAGTGCC-1","1","Syp",0.707030621198177
"TCAGGTCAGGGTATCC-1","14","Syp",0
"TCAGGTTGTCATCCCT-1","0","Syp",0.849436898635953
"TCAGGTTGTGCGGTCT-1","8","Syp",0
"TCAGTATAGGTAAGCG-1","4","Syp",0
"TCAGTATAGGTAGTAA-1","4","Syp",0
"TCAGTATAGTGACGGA-1","1","Syp",1.02290446975841
"TCAGTCAAGATAGGTA-1","0","Syp",1.19598248910283
"TCAGTCAAGTCAGGTC-1","5","Syp",0
"TCAGTTAGTAAGCCAA-1","0","Syp",0
"TCATAGGTCCATGCCC-1","7","Syp",0.540085057131213
"TCATAGGTCCGTAGCG-1","6","Syp",0
"TCATAGGTCCTCTCGA-1","13","Syp",0.837811623242097
"TCATATGGTTGACGCC-1","2","Syp",1.24185902054042
"TCATCATCAACGGCTA-1","1","Syp",0.888439195392344
"TCATCGAAGTACCATG-1","0","Syp",1.15169973201894
"TCATCGCCAAGCTGGC-1","14","Syp",0.693097184309654
"TCATCTATCATACAGT-1","7","Syp",0
"TCATCTATCATGGCTA-1","7","Syp",0
"TCATCTATCGCTCTGC-1","9","Syp",0.773845599456613
"TCATGCTTCACGTACA-1","2","Syp",0
"TCATGCTTCCAGGTTA-1","4","Syp",0
"TCATGCTTCCATAGTG-1","4","Syp",0
"TCATGGATCAGGACTC-1","2","Syp",0.637414283711218
"TCATGGATCCATCAAG-1","10","Syp",0
"TCATGGATCGATAGCC-1","2","Syp",1.02162280394716
"TCATGGATCGTTACCT-1","1","Syp",0.662519398969564
"TCATGGGCATTCCTAG-1","4","Syp",0
"TCATGTGAGCTGGTTA-1","2","Syp",0.779425569360173
"TCATGTTCACTAGCTC-1","5","Syp",0
"TCATTAGGTAAGCGTA-1","0","Syp",1.09067573907237
"TCATTAGGTCTAAGCT-1","0","Syp",0
"TCATTCATCACATGCA-1","4","Syp",0
"TCATTCATCTAGCCAA-1","7","Syp",0.368396102690184
"TCATTCGCAAAGGACA-1","10","Syp",0
"TCATTCGCACCATCTA-1","14","Syp",0
"TCATTCGCAGTTGCCT-1","3","Syp",0
"TCATTGCTCACAGGTC-1","1","Syp",0
"TCATTGCTCACCACTT-1","13","Syp",0
"TCATTGCTCGATGATT-1","14","Syp",1.451139207884
"TCATTGCTCTAGCTTC-1","7","Syp",0.850625936906179
"TCCAAAGTCGCTCACC-1","10","Syp",0
"TCCAACCCACTTGGTC-1","7","Syp",0.540548684249701
"TCCAACTTCAGTATGT-1","2","Syp",0.902142927460288
"TCCAACTTCTGGGCAT-1","3","Syp",0.990567966045884
"TCCAATAGTGAGCCAG-1","1","Syp",1.31401621564324
"TCCAATGAGCCACATA-1","7","Syp",0
"TCCAATGAGGATCCGT-1","1","Syp",0.828329369766549
"TCCAATGAGTGAGTCC-1","1","Syp",1.15682978423199
"TCCAATGAGTTAGCTG-1","0","Syp",0.719662900897633
"TCCAATGAGTTGCTGA-1","1","Syp",0
"TCCAATTCAGTACTAA-1","3","Syp",0
"TCCAATTCATAGGGTT-1","3","Syp",0.450617913777321
"TCCAATTCATTAGGCG-1","3","Syp",0
"TCCACACCAACTAGCG-1","1","Syp",0.550368068174852
"TCCACATTCTAGCTCT-1","3","Syp",0.67505154134594
"TCCACCGCAACCAAGT-1","2","Syp",0
"TCCACCGCATAGAGCT-1","0","Syp",0
"TCCACTTAGGCGTAGA-1","4","Syp",0
"TCCAGCTCAAATCCAA-1","5","Syp",0.5996549480434
"TCCAGCTCAAGCTCCT-1","5","Syp",0.727371352844613
"TCCAGGTAGGGGATTG-1","10","Syp",0
"TCCAGGTAGGTAATCT-1","15","Syp",0
"TCCAGTAAGCCCTGTC-1","0","Syp",1.15392397991489
"TCCATAGAGGTTAGGG-1","14","Syp",0
"TCCATCCGTAATCGTC-1","6","Syp",0.725771881295418
"TCCATGAAGCGATGTC-1","0","Syp",0
"TCCATGGGTGGAAGTC-1","14","Syp",0
"TCCATTGCAATGTCGG-1","0","Syp",0
"TCCATTGCAGGTAGTT-1","11","Syp",0.477588807882319
"TCCATTGCATAATCAG-1","9","Syp",0
"TCCCAACCAACGTGAT-1","8","Syp",0
"TCCCAACCAAGGTGCC-1","2","Syp",0.671287329559387
"TCCCAACCAATCCTCA-1","0","Syp",0
"TCCCAACCATTCATCG-1","13","Syp",0.646281036369452
"TCCCAAGGTCAACCAT-1","15","Syp",0
"TCCCAAGGTGCGGTCT-1","2","Syp",0
"TCCCAGCTCCCTGGCT-1","5","Syp",0
"TCCCCAATCGACTTGA-1","1","Syp",1.01983431693427
"TCCCCTAAGGATTCAT-1","2","Syp",0.41316039388479
"TCCCCTGGTGAGGTGT-1","7","Syp",0.625705899764413
"TCCCCTGGTGATGACA-1","12","Syp",0
"TCCCCTGGTTGGTCAT-1","10","Syp",1.45515581792763
"TCCCGAAGTTCGTCCT-1","2","Syp",0
"TCCCGATCAGTTAGTA-1","5","Syp",0
"TCCCGTTGTATAGCTC-1","3","Syp",0
"TCCCTCAAGGTAGGCA-1","4","Syp",0
"TCCCTCAAGTGAGGAT-1","5","Syp",0
"TCCCTTAGTTCGGCTA-1","0","Syp",0
"TCCCTTGAGCGGTTAC-1","6","Syp",0.901403582437125
"TCCTAATCAACTTACT-1","1","Syp",0
"TCCTAATCAAGCGTTG-1","1","Syp",0
"TCCTAATCATGAAGTC-1","10","Syp",0
"TCCTAGAAGGAGGCAC-1","6","Syp",0.616701101469536
"TCCTAGAAGGATTACT-1","3","Syp",0
"TCCTAGAAGTAGAGGT-1","3","Syp",0
"TCCTATATCACGGAAG-1","9","Syp",1.68785629928429
"TCCTATTGTAATCGCT-1","1","Syp",0
"TCCTCAACAAATCCAA-1","9","Syp",0
"TCCTCGATCCATCACT-1","14","Syp",0
"TCCTCTTCAACTTCGC-1","12","Syp",0
"TCCTCTTCAATCAGGT-1","5","Syp",0.597146459306932
"TCCTCTTCAGGGCAGA-1","11","Syp",0
"TCCTGACCAGGGACGA-1","6","Syp",0
"TCCTGGTCAATGTATG-1","3","Syp",0
"TCCTGGTCATAGGGCC-1","5","Syp",0
"TCCTGTTAGCATGGTC-1","1","Syp",0.594113752191766
"TCCTGTTAGGGGATTG-1","3","Syp",0
"TCCTTAATCAGCAGAG-1","5","Syp",0
"TCCTTATGTGGACCGA-1","5","Syp",0
"TCCTTCTCAAGCGTAT-1","5","Syp",1.20613547284867
"TCCTTGGTCATCTGTC-1","2","Syp",0
"TCCTTTGGTATGGTCT-1","8","Syp",0
"TCGAATGTCCCGCTGT-1","4","Syp",0
"TCGACACAGGTGCGAA-1","12","Syp",0
"TCGACACAGTTAGGCC-1","0","Syp",0.936874122025407
"TCGACCAGTGGGTACG-1","12","Syp",0
"TCGACCTCAATATCCT-1","4","Syp",0
"TCGACCTCATAAGGTC-1","10","Syp",0
"TCGACCTCATAGGCGC-1","1","Syp",0.538312866028544
"TCGACGTAGCTGGAAG-1","7","Syp",0
"TCGACTAAGGGGATGC-1","2","Syp",0
"TCGAGGTTCTATGTGG-1","13","Syp",0
"TCGATAGTCTAGTGCA-1","11","Syp",1.16541757987243
"TCGATATAGGTAAGTA-1","0","Syp",0
"TCGATATAGTTACCGA-1","5","Syp",0.556876045590892
"TCGATCAAGGTAATCT-1","9","Syp",0
"TCGATCAAGTTGCGAC-1","1","Syp",0
"TCGATTGAGGCGCATT-1","8","Syp",0
"TCGCAAATCCTCAGTT-1","1","Syp",1.20786012392969
"TCGCAAATCGACCTGG-1","0","Syp",0
"TCGCAAATCGAGCACT-1","2","Syp",0.942319217427033
"TCGCAAATCTGGGAAG-1","6","Syp",0
"TCGCAACAGGTGACAG-1","10","Syp",0
"TCGCACCTCGCGCCAA-1","2","Syp",0
"TCGCAGACAAACCATA-1","14","Syp",0
"TCGCAGACAATACTTC-1","5","Syp",0
"TCGCATAAGCGCTACG-1","6","Syp",0
"TCGCATAAGCTGGCTG-1","3","Syp",0
"TCGCATGGTAGTCAAG-1","9","Syp",0.758259907129964
"TCGCCATCACATTAAG-1","14","Syp",0
"TCGCCTATCCATTACC-1","2","Syp",0.737665352540068
"TCGCCTGCAATTAACG-1","0","Syp",1.08766664332135
"TCGCCTTGTTTGGTGT-1","15","Syp",3.04072087450608
"TCGCGATAGCCAGTCG-1","9","Syp",1.02737474732733
"TCGCGATAGTGATTCG-1","5","Syp",0
"TCGCGCAAGATAGGGT-1","13","Syp",0.725992061503679
"TCGCGGATCGACATCA-1","5","Syp",0
"TCGCTAAAGAAGCCCT-1","9","Syp",1.16238824025296
"TCGCTAAAGCTACGAC-1","4","Syp",1.41896290566974
"TCGCTAGGTGGAGCAT-1","0","Syp",0.959467439802197
"TCGCTCGCAATTCATC-1","0","Syp",1.68236931078481
"TCGCTCGCAGCCATTC-1","0","Syp",0
"TCGCTCTGTGATCCTG-1","5","Syp",0.970836072298413
"TCGCTCTGTGCGTAGG-1","1","Syp",0
"TCGCTCTGTTCGGCTA-1","1","Syp",0.497889034374172
"TCGCTGCTCATCAGTG-1","10","Syp",1.98967154225113
"TCGCTTACAAGCTTAA-1","7","Syp",1.05664406805936
"TCGCTTGTCCATCACT-1","3","Syp",0
"TCGGCAACATAACCGG-1","6","Syp",1.30965515079819
"TCGGCCAAGTGCCAGT-1","2","Syp",1.10572927855811
"TCGGCTAGTTATGGAG-1","15","Syp",0
"TCGGCTGAGCTTACTC-1","8","Syp",0
"TCGGGCATCCAGCAAC-1","3","Syp",0.771774662680863
"TCGGGGTCAATGGGCC-1","3","Syp",0.841924656654585
"TCGGGTTAGCTAGGGA-1","12","Syp",0
"TCGGTAATCGCGACTG-1","3","Syp",0
"TCGGTCAGTGAGGATC-1","0","Syp",0
"TCGGTCAGTGAGTTGA-1","2","Syp",0.696665656167622
"TCGGTTAAGAACGGAT-1","13","Syp",0.503442898835206
"TCGGTTAAGGTACTAT-1","5","Syp",1.81807007627788
"TCGTAATAGCATGACC-1","5","Syp",0
"TCGTAATAGGATGGTG-1","11","Syp",0
"TCGTACGGTAATCGTC-1","4","Syp",0
"TCGTACTTCGAATGAA-1","15","Syp",0
"TCGTACTTCGATGAGG-1","1","Syp",1.20188851202673
"TCGTCAAAGTGCCCAG-1","0","Syp",0.933801740758446
"TCGTCATTCCATCGTT-1","0","Syp",0
"TCGTCCATCGTTACAG-1","7","Syp",0
"TCGTGCCTCCCAATCT-1","6","Syp",0.788544643248152
"TCGTGCCTCGCGCGTA-1","0","Syp",0
"TCGTGCCTCTCATTGC-1","7","Syp",0.88345549218106
"TCGTGTCCACTCAACC-1","11","Syp",1.63288411833355
"TCGTTGAAGCTGGGTT-1","0","Syp",1.32344496754583
"TCGTTGAAGGGTACTC-1","7","Syp",0.618196437747966
"TCGTTGAAGGTCGAAG-1","6","Syp",0.969208748544844
"TCGTTGGGTAGTCCGC-1","7","Syp",0
"TCGTTTCAGGTCAACC-1","7","Syp",1.145132304303
"TCGTTTCAGTAACCGC-1","2","Syp",0
"TCGTTTGCAAGCGTGC-1","7","Syp",0
"TCTAACCTCCATGACA-1","2","Syp",0.89297176072285
"TCTAACCTCCGTAGTA-1","2","Syp",0.674059202103925
"TCTAAGGTCCGGTAGT-1","16","Syp",0
"TCTAATCCATAGGTGT-1","0","Syp",0
"TCTAATCCATTCGGGA-1","1","Syp",0
"TCTACAAGTTGACCAT-1","4","Syp",0
"TCTACGAAGTTGGGTC-1","2","Syp",1.27266746916375
"TCTACGCCAGCTCACT-1","2","Syp",0.554499927196461
"TCTACGCCAGGCTAAT-1","7","Syp",0
"TCTACGTTCGCTAGTA-1","10","Syp",0
"TCTACTTGTAGTTGGA-1","7","Syp",1.50917272537899
"TCTACTTGTATGTGTC-1","8","Syp",0
"TCTACTTGTTTCCTAT-1","6","Syp",0
"TCTAGCGGTGCAGGCA-1","1","Syp",0
"TCTAGCTTCCGTAGGT-1","3","Syp",0.633655164935907
"TCTAGCTTCCTGCACC-1","1","Syp",0
"TCTATAGGTTTCCGCT-1","6","Syp",0
"TCTATCTGTAGTGTGA-1","10","Syp",0
"TCTATCTGTCAGGAGT-1","12","Syp",0
"TCTATGCTCATCTGGA-1","11","Syp",0.629327006204497
"TCTATGCTCCAATGTG-1","11","Syp",0
"TCTATGCTCGCGTGAT-1","3","Syp",0
"TCTATGGAGCGGTGAA-1","8","Syp",0
"TCTATTGTCCAGGGAA-1","10","Syp",0
"TCTCAATCAAACTCGG-1","14","Syp",0
"TCTCAATCAACCGGAC-1","7","Syp",0
"TCTCAATCAGGGCCAT-1","6","Syp",0
"TCTCACTAGAACCATT-1","11","Syp",0.668446244906306
"TCTCATTGTCTTGCTC-1","10","Syp",0
"TCTCCAACATCCTGCG-1","6","Syp",0.743201975387059
"TCTCCAACATGGTCGA-1","7","Syp",1.15355261078563
"TCTCGAGGTATAGCGA-1","8","Syp",0
"TCTCGAGGTCTAGGAA-1","1","Syp",1.70030330821307
"TCTCGCATCACACCGG-1","6","Syp",0.666688959398828
"TCTCGCATCCATTCCG-1","0","Syp",0
"TCTCGCATCCGTGCAG-1","4","Syp",0
"TCTCGGCTCGTACTTC-1","6","Syp",0
"TCTCGTTAGGTAATTC-1","5","Syp",0
"TCTCTAGCATTCGTAT-1","10","Syp",0
"TCTCTAGCATTCGTGC-1","0","Syp",1.85395612810536
"TCTCTATGTCAGGAAC-1","8","Syp",0
"TCTCTCCTCGCTGACG-1","12","Syp",0
"TCTCTGGTCTATGCTC-1","8","Syp",0
"TCTGACAAGCTAGTGC-1","3","Syp",0
"TCTGAGGCATGATTGA-1","5","Syp",0
"TCTGATAGTAGCCTCA-1","4","Syp",0
"TCTGATGAGCGGCATT-1","2","Syp",0
"TCTGCATTCACTAGCA-1","5","Syp",0.80609962232228
"TCTGCATTCCAATGCA-1","2","Syp",0
"TCTGCGAGTGCGATGG-1","2","Syp",1.29768522065874
"TCTGCGGAGTCGCATA-1","3","Syp",0
"TCTGCGGAGTGATTAC-1","2","Syp",0.72308593864263
"TCTGGATGTGACCGAG-1","7","Syp",0.91630573213666
"TCTGGCCTCCATTAGG-1","7","Syp",0.48067749774992
"TCTGGCCTCCCAATTC-1","4","Syp",0
"TCTGGCTCAATCCTAT-1","5","Syp",0.705211772414763
"TCTGGCTCATAGACCG-1","6","Syp",0.535038392382747
"TCTGGGACAATAGTTG-1","5","Syp",0.620572788823129
"TCTGGGCGTGAGGAGA-1","11","Syp",0.701090757456041
"TCTGGGCGTTCCCGAA-1","0","Syp",0
"TCTGGGCGTTCCGGGT-1","4","Syp",0
"TCTGGGCGTTCCTTGC-1","0","Syp",0
"TCTGGGGTCACTTCGT-1","1","Syp",0
"TCTGGGGTCCCTGTAT-1","4","Syp",0
"TCTGGGTAGTAGCAGG-1","3","Syp",0.849054088766446
"TCTGGTAAGCATATCG-1","9","Syp",0
"TCTGGTAAGTGGGTCT-1","12","Syp",0
"TCTGTAAGTGCGCAAG-1","0","Syp",1.86956329118445
"TCTGTCCGTTGTAGAG-1","11","Syp",0.563837504160166
"TCTGTCCGTTTAGTTG-1","11","Syp",0
"TCTGTGAAGATTGAGA-1","13","Syp",0
"TCTGTTGCAAGCCATG-1","8","Syp",0
"TGAAACCCATGACACG-1","3","Syp",0
"TGAAACCCATGGTCGA-1","13","Syp",0.742364506455893
"TGAAACTTCATGGTTG-1","3","Syp",0
"TGAACAGGTTTCCGCT-1","0","Syp",0.560366820640646
"TGAACATTCGTGATAT-1","12","Syp",0
"TGAACCATCGCATGAC-1","13","Syp",0
"TGAACCCAGCCCTTGC-1","2","Syp",0
"TGAACCGCAAAGGAAT-1","1","Syp",0
"TGAACCGCATGGTCAG-1","10","Syp",0
"TGAATAGAGCAAGTGG-1","4","Syp",0
"TGAATAGAGTTACGGC-1","4","Syp",0
"TGAATCCGTAAGTCAG-1","1","Syp",0.859991529279894
"TGAATCCGTCTAGGAA-1","7","Syp",0.66279265000163
"TGAATTGCATTCAGGG-1","5","Syp",0
"TGAATTGCATTCGTAT-1","2","Syp",0
"TGACACGCAAGCGTGC-1","8","Syp",0
"TGACCAATCCACCTTG-1","1","Syp",0.623088334416404
"TGACCAATCGTCTCCA-1","7","Syp",1.23982008867673
"TGACCAGCACTAGCAG-1","16","Syp",0
"TGACCCAGTTAGAGCA-1","9","Syp",0
"TGACCCTCAAATCATG-1","9","Syp",0
"TGACCCTCAAATCGCG-1","2","Syp",0.75804890479848
"TGACCCTCACTTCGCG-1","8","Syp",0
"TGACCTAAGGGTTGGA-1","8","Syp",0
"TGACGAAGTAATGGGC-1","4","Syp",0
"TGACGAAGTGCATTAC-1","2","Syp",0
"TGACGTTGTGCAGGAT-1","8","Syp",0
"TGACTCCCATGGTTAA-1","14","Syp",0
"TGACTGATCTTGATGG-1","8","Syp",0
"TGAGAACAGAAGCATA-1","6","Syp",0
"TGAGAATGTTGGGCAG-1","2","Syp",0
"TGAGATGGTGACGATA-1","2","Syp",0
"TGAGATGGTGCGCAAG-1","6","Syp",0.966879736586956
"TGAGATGGTTGCGGCT-1","12","Syp",0
"TGAGCAAGTCTAAGTC-1","3","Syp",0
"TGAGCAAGTTCCTCGT-1","3","Syp",0
"TGAGCATCAATTACCT-1","5","Syp",0.678429168016642
"TGAGCATCATCGGGAC-1","2","Syp",0.827169058976244
"TGAGCCACATGACCTC-1","13","Syp",0.572895904086047
"TGAGCCACATGATAGC-1","6","Syp",0
"TGAGCCCGTAGCAGTA-1","2","Syp",0
"TGAGCCCGTTTACGGT-1","0","Syp",0
"TGAGCGCCATGACTAA-1","2","Syp",0.955905465767875
"TGAGCGGGTTCAAGTC-1","6","Syp",0.942988681240424
"TGAGCTATCCGCTACC-1","8","Syp",0
"TGAGCTATCCTGTATC-1","4","Syp",1.47278039005436
"TGAGCTGCATGATCCC-1","2","Syp",0
"TGAGCTGCATTAGAGC-1","4","Syp",0
"TGAGCTTGTCTGTCCT-1","2","Syp",1.29378230077117
"TGAGGCAAGCGCCTTC-1","2","Syp",1.51192272250754
"TGAGGCAAGGTGCTGT-1","12","Syp",0
"TGAGGCAAGTGCTGAC-1","0","Syp",0
"TGAGGCTTCAATGTAC-1","2","Syp",0
"TGAGGGATCTCATCGT-1","8","Syp",0
"TGAGGTAGTTCCCATC-1","1","Syp",1.40821339559036
"TGAGGTAGTTTGCGGC-1","3","Syp",0
"TGAGGTGAGCATGATT-1","4","Syp",0
"TGAGGTGAGCGATAGG-1","3","Syp",0
"TGAGGTGAGGTGACAG-1","1","Syp",1.38311530280901
"TGAGGTGAGTAGTTCG-1","4","Syp",0
"TGAGGTTCAAGTGAGA-1","1","Syp",0
"TGAGGTTCAGCCTATC-1","9","Syp",0
"TGAGTAAAGGCTTGGT-1","11","Syp",1.1392005862073
"TGAGTAGGTAATGACG-1","2","Syp",0.631339188532569
"TGAGTAGGTAGTCCTG-1","6","Syp",0
"TGAGTAGGTTTCCTTG-1","11","Syp",0.821097660609213
"TGAGTCGCAGGTAATC-1","10","Syp",0
"TGAGTCGCATGCTCCG-1","12","Syp",0
"TGAGTCTGTGGCAGCA-1","13","Syp",0.98056891092075
"TGAGTCTGTTAGCGAA-1","1","Syp",1.36541939187632
"TGAGTTACAAGTATCA-1","1","Syp",0
"TGATAGAAGCAAGCGA-1","8","Syp",0
"TGATAGAAGGAGGTTG-1","13","Syp",0.787825166412276
"TGATCCGGTAATGCGA-1","1","Syp",1.5836259787009
"TGATCCGGTAGTAGCA-1","9","Syp",1.27424255217057
"TGATCCGGTCAGGGCA-1","3","Syp",0.840274325425812
"TGATCCGGTTTGGTCG-1","5","Syp",0
"TGATGAAAGCGAGTAG-1","5","Syp",0
"TGATGCCAGCCAGTCG-1","1","Syp",0.719987447741137
"TGATGTTAGCCCTTCA-1","11","Syp",0.91740217130248
"TGATGTTAGTATGTCG-1","2","Syp",1.03316838041573
"TGATTAGCAACTGCGA-1","6","Syp",0
"TGATTGGTCACTAGCA-1","4","Syp",0
"TGATTGGTCAGGATGG-1","10","Syp",2.07917908596773
"TGATTTCCAATCTGCC-1","11","Syp",0.771336867145471
"TGATTTGGTAACTCCG-1","3","Syp",0
"TGATTTGGTCAGGGCA-1","9","Syp",0.947800422327004
"TGATTTGGTCTTGATA-1","2","Syp",0
"TGCAAACCACTTCGAC-1","3","Syp",0
"TGCAAACCAGGCTACA-1","11","Syp",0
"TGCAAAGGTGGGAACT-1","0","Syp",0
"TGCAAAGGTTGTGATC-1","1","Syp",0.696817278442862
"TGCAAAGGTTTGGACT-1","13","Syp",0.600174098192787
"TGCAAATTCACTATGG-1","5","Syp",1.00697845608354
"TGCAAATTCGTGCCCT-1","7","Syp",1.04389735703126
"TGCAATGTCGAACGAG-1","1","Syp",1.3675415044473
"TGCAATTAGCTACGGT-1","9","Syp",0
"TGCAATTAGGTTCAAT-1","13","Syp",0.496073803457188
"TGCACAATCCCCATGC-1","2","Syp",1.09555499531238
"TGCACAATCGAGTCCG-1","5","Syp",1.20034506210263
"TGCACAATCGCGATTA-1","7","Syp",0.81061784311536
"TGCACCCTCCCGCTAC-1","8","Syp",0
"TGCACCCTCGCGTGAT-1","6","Syp",0
"TGCACCTCATGCTTCA-1","5","Syp",0
"TGCACGTAGGTACCAC-1","7","Syp",0
"TGCAGGCCAACTACGG-1","1","Syp",0.500842266753111
"TGCAGGCCACCTTCAA-1","5","Syp",0.661655642262333
"TGCAGGCCATAATCTC-1","16","Syp",0
"TGCAGGTTCCAGCCCT-1","0","Syp",0.792559682719759
"TGCAGGTTCGTAATGT-1","1","Syp",0.930440760598913
"TGCATAGTCATGCTAG-1","6","Syp",0.802414383086754
"TGCATATAGGATCTCA-1","15","Syp",0
"TGCATCAAGCCTGAAC-1","5","Syp",0
"TGCATCCCACAGGCAC-1","15","Syp",0
"TGCATCCCAGGTAATC-1","8","Syp",0
"TGCATTAGTTGGTAGA-1","6","Syp",0
"TGCATTGAGTAACGGG-1","14","Syp",0
"TGCATTTCAAATGCCG-1","3","Syp",0.378844579294038
"TGCATTTCAACGGGTC-1","0","Syp",0.774727706723269
"TGCATTTCAAGCTGGC-1","4","Syp",0
"TGCATTTCATAGGCGC-1","1","Syp",0
"TGCATTTCATAGGTGT-1","1","Syp",0
"TGCATTTCATTACCGC-1","4","Syp",0
"TGCATTTCATTAGACA-1","5","Syp",0.683294884116934
"TGCCAGGTCACCTAAG-1","2","Syp",0
"TGCCAGTAGCCATCAA-1","5","Syp",0.759286528363921
"TGCCAGTAGCCCTGAG-1","14","Syp",1.13414621859395
"TGCCATCCAGGCAGTC-1","0","Syp",0
"TGCCATTTCACGGCTG-1","11","Syp",0.653764047647205
"TGCCATTTCGTGAATT-1","7","Syp",0
"TGCCCGAAGCGGTCTG-1","5","Syp",0
"TGCCCGAAGGTCGATC-1","6","Syp",0.670913301886704
"TGCCCGAAGGTTACTG-1","4","Syp",0
"TGCCCGTTCACGTTGA-1","0","Syp",0.617408487371519
"TGCCCGTTCGTTAGGC-1","7","Syp",0
"TGCCGAACAGCTACTC-1","2","Syp",1.12283051528152
"TGCCGCTTCACTCCAT-1","8","Syp",0
"TGCCGCTTCGAACCCG-1","3","Syp",0
"TGCCGTAGTGCAACGG-1","6","Syp",0
"TGCCGTGAGCGCATGT-1","2","Syp",0.848289564482974
"TGCCGTGAGGAATCAA-1","14","Syp",0
"TGCCGTTCATAATCTC-1","4","Syp",0
"TGCCGTTCATGATCCC-1","0","Syp",0
"TGCCTAAAGCATCTCT-1","8","Syp",0
"TGCCTAAAGCCTGATA-1","1","Syp",0
"TGCCTAAAGTGAACGG-1","5","Syp",0
"TGCCTAGGTTTACGGT-1","1","Syp",0.485652090249698
"TGCCTCGCAAAGGATG-1","0","Syp",0.935397933011595
"TGCCTCTGTCAACTGT-1","4","Syp",0
"TGCCTGCTCCCGCAAG-1","1","Syp",0.783924909856976
"TGCCTGCTCCTCTAGT-1","15","Syp",0
"TGCCTGCTCGTGCCTC-1","9","Syp",0.672177381441459
"TGCCTTTAGTCGATTG-1","9","Syp",0.830003355536723
"TGCGAAAGTTGAGCTT-1","6","Syp",1.21731972188124
"TGCGAAAGTTGCTGTG-1","10","Syp",0
"TGCGACCGTTCGTGAT-1","4","Syp",0
"TGCGACTAGGTTCACA-1","3","Syp",0.77146189840423
"TGCGAGGGTTAAGGGC-1","7","Syp",0
"TGCGATTGTCATCCCT-1","6","Syp",0.663842279937363
"TGCGGCTGTAAGTGTG-1","11","Syp",0.687544647251051
"TGCGGCTGTTGCGACC-1","3","Syp",0
"TGCGGGTCACAGCGAC-1","11","Syp",0
"TGCGGTTAGGTCAAGG-1","3","Syp",0
"TGCGTAATCATGGTGC-1","5","Syp",0
"TGCGTAATCGACATCA-1","0","Syp",1.18044069562251
"TGCGTAATCGATCAAT-1","13","Syp",0
"TGCTAACGTAAGTTGG-1","9","Syp",0.93917685850025
"TGCTAACGTCTCCATC-1","8","Syp",0
"TGCTAAGTCATCAGTG-1","10","Syp",0
"TGCTAAGTCGTGATGC-1","4","Syp",1.80734463789444
"TGCTACAAGCGACTAC-1","0","Syp",1.07390361942988
"TGCTACCCAAGCCTGA-1","15","Syp",0.457028740613105
"TGCTACCCATCAATTC-1","6","Syp",0.619937253897112
"TGCTATAGTCAATCCG-1","10","Syp",0
"TGCTATGAGAACCTTG-1","3","Syp",0
"TGCTCAAAGTAGAGGT-1","11","Syp",0.942701643237358
"TGCTCACCAAACTATG-1","1","Syp",0
"TGCTCACCAAAGGTCT-1","1","Syp",0
"TGCTCCATCGCTTGCC-1","8","Syp",0
"TGCTCCGCAAGCCAAT-1","4","Syp",0
"TGCTCCGCATTCGTGC-1","4","Syp",0
"TGCTCGCTCCTTCGGC-1","1","Syp",0
"TGCTGGACAAGGTAAG-1","2","Syp",0
"TGCTGGACAATGTATG-1","7","Syp",0
"TGCTGGACAATTACAG-1","0","Syp",1.519267960805
"TGCTGGACATCACTTG-1","6","Syp",0
"TGCTGTCCAAGCACAT-1","12","Syp",0
"TGCTTAAGTAAGTACG-1","2","Syp",0.771649525048074
"TGCTTAAGTGACGACG-1","6","Syp",1.01717837627417
"TGCTTAGAGGTAGGCA-1","2","Syp",0.663979442276476
"TGCTTAGAGTGAGCGA-1","3","Syp",0
"TGCTTCACAAGCTGTG-1","4","Syp",0
"TGCTTCACATGACACG-1","1","Syp",0.544864797264364
"TGGAACCTCAGGGACA-1","8","Syp",0
"TGGAACCTCGCTAGAC-1","9","Syp",1.12587051650625
"TGGACAAGTAGCTAAG-1","0","Syp",0
"TGGACATCACAGGGTC-1","8","Syp",0
"TGGACGAAGGTCGTAC-1","0","Syp",0
"TGGACGAAGTCATCAG-1","1","Syp",0
"TGGACGTTCCATAGAT-1","8","Syp",0
"TGGACTATCTAAGCGC-1","11","Syp",0
"TGGACTCAGATTGAAG-1","8","Syp",0
"TGGACTCAGCTAAGGG-1","1","Syp",0
"TGGAGCAAGTCAGGGA-1","14","Syp",0
"TGGAGCGGTAGTCATC-1","6","Syp",0
"TGGAGGATCCCGCGTT-1","16","Syp",0
"TGGAGTAGTGCGGAAT-1","2","Syp",0
"TGGAGTAGTGGCCAGA-1","8","Syp",0
"TGGAGTAGTTAGGGAC-1","1","Syp",0
"TGGAGTGAGGAGGCTA-1","10","Syp",0
"TGGAGTGAGGTAACGG-1","3","Syp",0
"TGGATATTCTAGGCGT-1","5","Syp",0
"TGGATGGAGGTCATTG-1","0","Syp",1.03797247101533
"TGGATGGAGTCAGTGC-1","5","Syp",0
"TGGATTGTCGACTTGA-1","6","Syp",0
"TGGCACTAGAACGAGT-1","1","Syp",0.864101056204325
"TGGCACTAGGATCTAT-1","7","Syp",0.977559800768058
"TGGCACTAGGATGCAG-1","3","Syp",0
"TGGCATATCAGCCAAC-1","10","Syp",0
"TGGCATGCAAGTAGTC-1","5","Syp",0
"TGGCATTGTTAATGGG-1","5","Syp",1.0626186860202
"TGGCATTGTTGGGATA-1","2","Syp",0.558663880572896
"TGGCCATAGAAGGTGT-1","3","Syp",0
"TGGCCATAGGTCGAGA-1","2","Syp",0.742970752206798
"TGGCGAAAGGCGATGA-1","9","Syp",0
"TGGCGAGGTTTACGGT-1","6","Syp",0
"TGGCGATTCCGGTATA-1","0","Syp",0.836919876662665
"TGGCGCATCAGTACCA-1","16","Syp",0
"TGGCGCATCCCTCACA-1","10","Syp",0
"TGGCTATGTCTGGTCA-1","7","Syp",0.745813645192723
"TGGCTCTCAATACTGA-1","6","Syp",0
"TGGCTGACACCTACCG-1","5","Syp",0
"TGGCTGACAGCAGTTG-1","4","Syp",0
"TGGCTGACATGATTGA-1","6","Syp",0.737978593856676
"TGGCTTGGTTGAGCTT-1","8","Syp",0
"TGGCTTGGTTTAAGCC-1","6","Syp",0
"TGGGAACGTTAGGCCC-1","8","Syp",0
"TGGGACAAGCAAGCGA-1","5","Syp",0
"TGGGACAAGCTTACGA-1","0","Syp",0
"TGGGATAGTTAGTGCT-1","4","Syp",0
"TGGGATTCACTTCGCG-1","2","Syp",0.850433918029611
"TGGGCAAAGGTTCCAA-1","1","Syp",0
"TGGGCACCAACCGTGA-1","4","Syp",0
"TGGGCACCAATGCGTG-1","9","Syp",0
"TGGGCACCAGTAAGCT-1","4","Syp",0
"TGGGCACCATTAACGA-1","0","Syp",1.02702937329246
"TGGGCAGGTCAAGTTC-1","1","Syp",1.03732519832555
"TGGGCTTAGCTAACCA-1","0","Syp",1.31371781885238
"TGGGGCAGTTATCTCT-1","10","Syp",0
"TGGGGCTCATCCTGCG-1","1","Syp",1.05487205098743
"TGGGGCTCATGATCCC-1","5","Syp",0
"TGGGGTTTCCCAGATA-1","6","Syp",0
"TGGGGTTTCCTGACCC-1","6","Syp",0
"TGGGTCACAAATCGGT-1","5","Syp",1.0618755606386
"TGGGTCACAGGTAACT-1","0","Syp",1.05074228870601
"TGGGTCACATGCTACC-1","0","Syp",0.710750467990881
"TGGGTCCGTGCACGAG-1","5","Syp",0
"TGGGTGAAGCCTGTGG-1","4","Syp",0
"TGGGTTATCCGCGACA-1","0","Syp",0
"TGGGTTGCAAGTCGCA-1","3","Syp",0
"TGGGTTGCATCACACC-1","8","Syp",0
"TGGTACGCACTTCAGC-1","6","Syp",0
"TGGTACGCATCCCAGT-1","8","Syp",0
"TGGTAGCTCTGGATTG-1","3","Syp",0
"TGGTAGGAGGTACGCT-1","11","Syp",0.733393314032976
"TGGTAGTCAAAGGTTC-1","5","Syp",0
"TGGTATTAGGCTCAGT-1","5","Syp",0
"TGGTCACAGAATCGAA-1","16","Syp",0
"TGGTCTAAGGATGATA-1","6","Syp",0
"TGGTGGTTCCCCAGAG-1","9","Syp",0
"TGGTGGTTCTGTAACG-1","9","Syp",0.846840978597417
"TGGTGTTGTATAGCGA-1","5","Syp",0
"TGGTTACGTCTGGCTA-1","10","Syp",0
"TGGTTAGTCACACTAG-1","9","Syp",0.861015018217871
"TGGTTATAGGTGATGG-1","6","Syp",0.9501288398244
"TGGTTCAAGCCCGTTC-1","0","Syp",0.735310731617006
"TGGTTCCCACCTTAAT-1","11","Syp",0
"TGGTTTAGTTTAGGTC-1","7","Syp",0.969970824269223
"TGTAACTAGCGGTCCA-1","10","Syp",0
"TGTAAGCCACCAGGAC-1","2","Syp",0.472302524151047
"TGTAAGCCACTAACTT-1","7","Syp",0.418599522514671
"TGTAATGCACATAGCG-1","7","Syp",0
"TGTAATGCATGCGCTT-1","7","Syp",1.1093940642714
"TGTACCCCACAGGACC-1","4","Syp",0
"TGTACCGGTTTAGTCA-1","16","Syp",0
"TGTACCGGTTTGCACG-1","6","Syp",1.14955863765473
"TGTACTGAGGAGCTGA-1","4","Syp",0
"TGTACTGAGGTCGATC-1","8","Syp",0
"TGTAGAGGTAGCAGTA-1","5","Syp",0
"TGTAGAGGTATAGACG-1","0","Syp",0
"TGTAGAGGTCATGAAG-1","4","Syp",0
"TGTAGAGGTGAACGTA-1","11","Syp",0
"TGTAGCATCAAGTTAC-1","8","Syp",0
"TGTAGCCAGCGCTCTC-1","6","Syp",0
"TGTAGCGCAGGACAGG-1","4","Syp",0
"TGTAGGTCAATTAACG-1","8","Syp",1.80521862260206
"TGTAGTTAGCTTCCTG-1","4","Syp",0
"TGTAGTTAGGATGGGC-1","5","Syp",0
"TGTATCCTCGACTGAC-1","0","Syp",0
"TGTATCTCAAACTATG-1","6","Syp",1.0357401555066
"TGTATCTCAGCCATTC-1","7","Syp",0
"TGTATCTCAGGCAGGA-1","10","Syp",1.57696549954871
"TGTATGACAACGTGAT-1","4","Syp",0
"TGTATGGTCGTCTCAT-1","12","Syp",0
"TGTATTCCAGCTAAGT-1","0","Syp",0
"TGTCACCCAAATTCCT-1","2","Syp",1.42540873735213
"TGTCACTTCGTAATCG-1","6","Syp",0
"TGTCAGGCAATCCTAT-1","14","Syp",0
"TGTCAGGCAGCCATTC-1","5","Syp",1.18934561087529
"TGTCAGGCATCGTTCA-1","13","Syp",1.46601663813188
"TGTCCAAAGCTGGTGT-1","7","Syp",0.82949312521848
"TGTCCACCATAACTCT-1","8","Syp",0
"TGTCCAGGTTTGATGC-1","4","Syp",0
"TGTCCCATCCATGTCT-1","5","Syp",0
"TGTCCCATCCCTCTAG-1","4","Syp",0
"TGTCCCATCCTGTACT-1","5","Syp",0
"TGTCCCGCATAAGCTA-1","3","Syp",0
"TGTCCCTGTCAATCAC-1","4","Syp",0
"TGTCCGCTCCCTCTAG-1","3","Syp",0
"TGTCCGGAGATTAGAG-1","1","Syp",0
"TGTCCGGAGGGGTCAA-1","4","Syp",0
"TGTCGATGTAAGGGTC-1","7","Syp",0
"TGTCGATGTTATGGCT-1","10","Syp",0
"TGTCGCCTCACGCAAC-1","5","Syp",1.44814372283222
"TGTCGCCTCAGGGCAA-1","13","Syp",1.57495765015702
"TGTCGTCCAAGCCAGC-1","10","Syp",0
"TGTCGTCCAGCTACAG-1","12","Syp",0
"TGTCGTCCAGCTACGA-1","11","Syp",0.722594854998228
"TGTCGTCCAGTAATCA-1","0","Syp",0
"TGTCGTTTCACATGAT-1","1","Syp",1.06385975667727
"TGTCGTTTCCTCACTG-1","6","Syp",0.823565113571488
"TGTCGTTTCGACATGC-1","11","Syp",0.658808228578829
"TGTCGTTTCGTGATGC-1","2","Syp",0.534160388026838
"TGTCTAAGTGAGACTA-1","14","Syp",0
"TGTCTAAGTGAGTGCG-1","1","Syp",0
"TGTCTAAGTTGTAGTC-1","0","Syp",0.379120754124181
"TGTCTCACAATAGGCT-1","7","Syp",0.591436499880774
"TGTCTGTTCTATGACG-1","0","Syp",0
"TGTCTTGCACATAGTA-1","7","Syp",0
"TGTCTTGCATAGACGT-1","0","Syp",1.77740491893355
"TGTCTTGCATCAATCT-1","4","Syp",0
"TGTGAACCACAGCAAT-1","4","Syp",0
"TGTGAACCATCCCAAC-1","1","Syp",0.637078274035279
"TGTGAGGAGCAGGTAG-1","4","Syp",0
"TGTGATTAGCTAGATT-1","10","Syp",0
"TGTGCAATCACTCAGA-1","8","Syp",0
"TGTGCAATCCTGACCC-1","7","Syp",0
"TGTGCATGTGAGGAGA-1","14","Syp",0
"TGTGCCCTCAGCACTA-1","14","Syp",0
"TGTGCCCTCCCTGTAT-1","3","Syp",0.613189100314209
"TGTGCCCTCGCGCACA-1","9","Syp",0
"TGTGCGCGTTCGCGGT-1","2","Syp",0
"TGTGCTGGTATGTCAC-1","6","Syp",0
"TGTGTTAGTTAGAGGC-1","9","Syp",0
"TGTGTTAGTTCGTATA-1","4","Syp",0
"TGTGTTAGTTGAAGTG-1","1","Syp",0
"TGTGTTAGTTGCTCTC-1","11","Syp",0
"TGTGTTAGTTTGACCG-1","5","Syp",0
