"cell","cluster","gene","logexpr"
"AAACCAAAGTCAGCTA-1","11","Dlg4",0
"AAACCAAAGTCTCTGT-1","8","Dlg4",0
"AAACCATTCAGTTACG-1","9","Dlg4",0
"AAACCATTCGAACCCG-1","1","Dlg4",0.700017282343822
"AAACCCGCAACCTTCA-1","4","Dlg4",0.75567609091734
"AAACCCGCAATCGAAC-1","7","Dlg4",0
"AAACCCGCAGCCTACT-1","14","Dlg4",0
"AAACCCGCATGACAGT-1","1","Dlg4",0.604097436275634
"AAACCCTGTAGGTGCG-1","7","Dlg4",0.815681615635644
"AAACGAATCACTGGCG-1","0","Dlg4",0.781026236562798
"AAACGATGTGCGGAAT-1","5","Dlg4",1.03926965734575
"AAACGCCTCCGGTAAC-1","6","Dlg4",0
"AAACGCCTCGCGACAT-1","3","Dlg4",0
"AAACGCCTCGTTAGAT-1","9","Dlg4",0
"AAACGGGTCCGCGATG-1","5","Dlg4",0
"AAACGTAAGCCACACG-1","0","Dlg4",1.23709390968863
"AAACGTCCACAGCGAC-1","2","Dlg4",1.15429561422332
"AAACGTCCACATACGG-1","1","Dlg4",0.534803969096886
"AAACTTGCAACGGGCT-1","13","Dlg4",0
"AAAGCAATCCGTATAG-1","8","Dlg4",1.63343667528716
"AAAGCATGTAAGCAAT-1","8","Dlg4",1.12862209406096
"AAAGCATGTCATCCCT-1","7","Dlg4",1.07994461468342
"AAAGCCAGTTAGTCGT-1","3","Dlg4",0
"AAAGCCAGTTCACCTC-1","1","Dlg4",0
"AAAGCTGGTTCGGGTC-1","0","Dlg4",1.64054971358604
"AAAGCTGGTTTCGCCT-1","0","Dlg4",0
"AAAGGTCAGGATGAGT-1","1","Dlg4",0.77529589111787
"AAAGGTTGTTCCATCC-1","6","Dlg4",1.24372980340365
"AAAGTAGTCAATCTCC-1","1","Dlg4",1.22118395387536
"AAAGTAGTCCAACTGA-1","6","Dlg4",0
"AAAGTCAAGGAGGACC-1","2","Dlg4",0
"AAAGTGATCACGCCTC-1","0","Dlg4",0
"AAAGTGATCCTCTATA-1","0","Dlg4",0.979996682819599
"AAAGTTGAGCATCAAT-1","0","Dlg4",0
"AAAGTTGAGCCGCATG-1","0","Dlg4",0.824427032813331
"AAAGTTGAGCGCCTCT-1","8","Dlg4",0
"AAATGCAAGTAATCCG-1","0","Dlg4",0
"AAATGCAAGTAGTGCC-1","2","Dlg4",0
"AAATGCAAGTTGGCTA-1","6","Dlg4",0
"AAATGGATCAGCTGGT-1","1","Dlg4",0.998059895515903
"AAATTCGCAAATGCGT-1","8","Dlg4",0
"AAATTCGCATTAGTGA-1","3","Dlg4",0
"AAATTGCTCCCATAGA-1","1","Dlg4",0.789560799710597
"AACACACCATGAGTTA-1","6","Dlg4",0
"AACACATTCAATGTCG-1","3","Dlg4",0
"AACACCATCGCGCGTA-1","3","Dlg4",0
"AACACCGCATAACGAC-1","6","Dlg4",0
"AACACCTGTCATGTGT-1","2","Dlg4",0
"AACACCTGTTGCAGCC-1","6","Dlg4",0
"AACACGAGTTTAGGAG-1","1","Dlg4",0.76080156737653
"AACACTTAGGAGTCGA-1","9","Dlg4",0
"AACACTTAGGCGTACT-1","9","Dlg4",0
"AACAGCTCACTATCTG-1","4","Dlg4",0.441258115918865
"AACAGGCGTTGTGACT-1","0","Dlg4",1.02748992809504
"AACAGTAAGTGTCCTT-1","10","Dlg4",0
"AACAGTAAGTTACAGT-1","1","Dlg4",0
"AACATAGAGTAGGCTC-1","0","Dlg4",0
"AACATAGAGTTAACGT-1","0","Dlg4",0
"AACATCACAACCAGAT-1","1","Dlg4",0
"AACATCACATAGGGCC-1","2","Dlg4",1.11319548588619
"AACATCCGTAGGTAGC-1","6","Dlg4",0
"AACATTCAGAACCTTG-1","1","Dlg4",0.835253251572131
"AACATTCAGGTAGGCA-1","13","Dlg4",0
"AACATTGCAACGTTAA-1","5","Dlg4",0.924896324040134
"AACATTGCATGATTGA-1","8","Dlg4",0
"AACCAACCAATAGACC-1","5","Dlg4",0
"AACCAACCAATCGTCC-1","4","Dlg4",0
"AACCAACCACCTGCAT-1","1","Dlg4",0.57282845518295
"AACCAAGGTAAGGTCA-1","0","Dlg4",0
"AACCAAGGTGGCTTCA-1","0","Dlg4",1.1061351613311
"AACCAAGGTTGTCTGG-1","0","Dlg4",0
"AACCACGCAACTAGCG-1","1","Dlg4",0.609028751368045
"AACCAGGAGCGGTCTG-1","5","Dlg4",1.10128608705251
"AACCATTAGCTTAGTG-1","0","Dlg4",0
"AACCATTAGGATTGAA-1","0","Dlg4",0.882873083104735
"AACCATTAGGTGAACG-1","1","Dlg4",0
"AACCCAATCACGGATC-1","6","Dlg4",1.43998012138993
"AACCCAATCACGTAAT-1","5","Dlg4",0
"AACCCACAGATTCCAG-1","8","Dlg4",0.786650812772129
"AACCCACAGCTGGTAC-1","0","Dlg4",0
"AACCCACAGGATCATT-1","5","Dlg4",1.22516071812437
"AACCCAGCAAATGACC-1","7","Dlg4",1.66390826461815
"AACCCAGCAACCGTAG-1","8","Dlg4",1.14304237843939
"AACCCAGCACTTGGCT-1","1","Dlg4",0.479245103873246
"AACCCTAAGCGGTTAC-1","4","Dlg4",0.805962496114394
"AACCGATCATAACGCG-1","0","Dlg4",0.784896164904308
"AACCGGGGTTAACCAC-1","4","Dlg4",0.617526547808683
"AACCTAACACAGGGCT-1","16","Dlg4",0
"AACCTAGTCACCATCT-1","3","Dlg4",0
"AACCTAGTCCATGCAA-1","3","Dlg4",0
"AACCTAGTCCTCAACT-1","1","Dlg4",0.924712727184823
"AACCTAGTCGCTAGGT-1","0","Dlg4",0.871798496991436
"AACCTAGTCTCACTAC-1","0","Dlg4",0.83900375063452
"AACCTCAAGCCAGACT-1","7","Dlg4",0
"AACCTTAGTAGCTGCC-1","10","Dlg4",0
"AACGAACAGTAGACCC-1","3","Dlg4",0
"AACGAATGTCAGTGCC-1","14","Dlg4",0
"AACGAATGTTACACAC-1","4","Dlg4",0.797052990813503
"AACGACTCACCTATCA-1","1","Dlg4",0.874437530138451
"AACGATCCACTAGCCT-1","4","Dlg4",0.317522394991855
"AACGATCCAGTTGCCT-1","1","Dlg4",0
"AACGATGGTGCACCGT-1","0","Dlg4",0.973356431920299
"AACGCCACAGGATAGA-1","8","Dlg4",0
"AACGCCACATTAGCGG-1","0","Dlg4",0.534511235547053
"AACGCGAAGCTATGTG-1","0","Dlg4",0.895577875160523
"AACGCTTGTTTGACGT-1","0","Dlg4",0
"AACGGATAGGAGTAAC-1","7","Dlg4",1.02582254807437
"AACGGGGCAATCCTGC-1","5","Dlg4",0
"AACGGGGCATGGTGTG-1","5","Dlg4",0
"AACGGTGAGGATATAG-1","2","Dlg4",1.56140935097951
"AACTCAACACATATAG-1","1","Dlg4",0
"AACTCGATCCGCCTGT-1","8","Dlg4",0.678620501200876
"AACTCTTCACTTCGGT-1","4","Dlg4",0.852589791057396
"AACTGAAAGGGGCATA-1","5","Dlg4",0.831318427601355
"AACTGAGGTTGCACTG-1","9","Dlg4",0
"AACTGCATCATGCGCG-1","0","Dlg4",0
"AACTGGTCACTCAAGG-1","5","Dlg4",0.881130747804826
"AACTTCCTCGACTGAC-1","3","Dlg4",0
"AACTTCCTCTGTCAAG-1","0","Dlg4",0
"AACTTCTCAACCTGGA-1","2","Dlg4",0.750091442695871
"AACTTTGGTTGGAATG-1","13","Dlg4",0.709383548401456
"AAGCAAATCCATTCCG-1","0","Dlg4",0
"AAGCAAATCGTAGTCA-1","5","Dlg4",0.78573996738777
"AAGCAACAGCGGTCAT-1","14","Dlg4",0
"AAGCAACAGGGTTAGG-1","5","Dlg4",0
"AAGCAATGTAACTTCA-1","2","Dlg4",0.683246353431943
"AAGCACCTCATGCACA-1","3","Dlg4",0
"AAGCACCTCCAGGGTT-1","6","Dlg4",1.65102120092132
"AAGCATTTCAATTGGT-1","2","Dlg4",0
"AAGCATTTCATGGCGT-1","0","Dlg4",0
"AAGCATTTCCCGTTCA-1","2","Dlg4",0
"AAGCATTTCGATATAC-1","7","Dlg4",0.582397952282272
"AAGCCAAGTAAGTTGG-1","4","Dlg4",1.48428386758496
"AAGCCATCAGGACTGC-1","8","Dlg4",0.681310979220097
"AAGCCGCCATTCATCG-1","4","Dlg4",0
"AAGCCGGGTTTACTGA-1","8","Dlg4",0.678285741610034
"AAGCCTATCCGCGTAG-1","4","Dlg4",0.481361536959658
"AAGCCTATCGATGGGA-1","3","Dlg4",0
"AAGCGGATCCGCACAG-1","6","Dlg4",0
"AAGCGGATCTATGTCC-1","0","Dlg4",0
"AAGCTAAAGTGATCTG-1","1","Dlg4",0
"AAGCTAGGTTAGCGTT-1","2","Dlg4",0
"AAGCTAGGTTGCCTGA-1","4","Dlg4",0.591832897673682
"AAGCTCGCAAATTACG-1","0","Dlg4",0
"AAGCTCGCATAGGGTT-1","4","Dlg4",0.491791599506928
"AAGCTCGCATGAAGCT-1","1","Dlg4",1.64256384034015
"AAGCTCGCATGAATTG-1","8","Dlg4",1.19469666475939
"AAGCTCTGTGAGCGAT-1","0","Dlg4",0.842150233577543
"AAGCTCTGTTCGCCAA-1","11","Dlg4",0
"AAGGAAAGTAGGTGTA-1","2","Dlg4",0
"AAGGACTAGATACTCG-1","6","Dlg4",0
"AAGGCCAAGGAGTATA-1","5","Dlg4",0
"AAGGCCAAGTAAGGTA-1","3","Dlg4",0
"AAGGCCAAGTAATTGC-1","2","Dlg4",0.810999666930657
"AAGGCCAAGTATCTCC-1","2","Dlg4",0.777577404412528
"AAGGCTAGTGAGAGGA-1","0","Dlg4",0
"AAGGGCATCCGCACGA-1","6","Dlg4",0
"AAGGGCCAGGTAGCTC-1","2","Dlg4",0
"AAGGGGTCAAAGGGTA-1","0","Dlg4",0.82985750777271
"AAGGGGTCACAACGTG-1","8","Dlg4",0.919784921826075
"AAGGTATGTCAGGAGT-1","4","Dlg4",1.00313516924085
"AAGGTCAGTGCATCAT-1","0","Dlg4",0.943084402260131
"AAGGTTAAGCGGAGTA-1","2","Dlg4",1.52206179063153
"AAGTAACGTGGAAGCT-1","0","Dlg4",0
"AAGTAACGTTGCCTTC-1","1","Dlg4",0.954577043621781
"AAGTAAGTCAGCCCGA-1","10","Dlg4",0
"AAGTACCCAAACCAAC-1","1","Dlg4",0.630434118049067
"AAGTACGGTCTAAGTC-1","5","Dlg4",0
"AAGTACGGTGCGAGTG-1","8","Dlg4",0.788806613838527
"AAGTACGGTTCGTGTG-1","1","Dlg4",0
"AAGTATGAGCCCGTAG-1","4","Dlg4",0
"AAGTCAAAGGAGGCTA-1","12","Dlg4",0
"AAGTCAAAGTTACCTC-1","0","Dlg4",0.549716539741545
"AAGTCACCATGGTGCA-1","2","Dlg4",1.10871338465461
"AAGTCAGGTGAGACTA-1","2","Dlg4",0
"AAGTCGCTCACAGCCG-1","5","Dlg4",0
"AAGTCGCTCGAAGGGC-1","16","Dlg4",1.10545887199763
"AAGTCGCTCTGGTCGG-1","9","Dlg4",2.12976605709338
"AAGTGCCTCCGGTAGT-1","5","Dlg4",0.797689690275191
"AAGTGGACATGGTCGA-1","8","Dlg4",0.754122708611877
"AAGTGGGTCCCCAATT-1","1","Dlg4",0.673069885240599
"AAGTGGGTCGTGAACC-1","4","Dlg4",1.74773507627559
"AAGTGTCCAAATCGCG-1","0","Dlg4",0
"AAGTGTCCAAGGTCCA-1","0","Dlg4",0.501380731201245
"AAGTTCCGTTAGTAGG-1","2","Dlg4",1.36377409133926
"AAGTTGAAGCGGGATA-1","1","Dlg4",0.471056023539663
"AAGTTGAAGGGGCTAA-1","2","Dlg4",0.874641236301441
"AAGTTTCAGGCTCCAG-1","0","Dlg4",0.806442653022431
"AATACGAAGGAATGAC-1","3","Dlg4",0
"AATACGCCATCCCATA-1","5","Dlg4",0
"AATACGCCATGGTCTC-1","3","Dlg4",0
"AATACGGGTGCGTGGA-1","10","Dlg4",0
"AATACGGGTTGAGCAA-1","0","Dlg4",0
"AATACGGGTTGTGAGA-1","5","Dlg4",1.53032784564889
"AATACGTTCCGTGAGT-1","0","Dlg4",0
"AATACGTTCGTGATTG-1","7","Dlg4",1.06299067496005
"AATATGCTCTCATCTA-1","2","Dlg4",0.613460776015945
"AATATGGAGCCCTGCT-1","2","Dlg4",1.25532840337116
"AATATGGAGCCGCGTA-1","6","Dlg4",0
"AATATGGAGGATCCAC-1","6","Dlg4",0
"AATATGGAGGCAATCC-1","9","Dlg4",0
"AATCAGCCAACTTAGA-1","11","Dlg4",1.13224280090589
"AATCATCAGTAATGGA-1","2","Dlg4",1.31368467318868
"AATCCCAAGGTATGGG-1","6","Dlg4",0
"AATCGAGGTAACGTGA-1","0","Dlg4",1.19165516190869
"AATCGCATCCTCACAT-1","5","Dlg4",0
"AATCGCGCAACCAGGC-1","6","Dlg4",0
"AATCGGTCATGGTGTG-1","3","Dlg4",0
"AATCGTTAGTAGGATA-1","0","Dlg4",0
"AATCTGGTCCACCTCA-1","0","Dlg4",0
"AATCTGGTCCAGGTAC-1","0","Dlg4",0.458542835394734
"AATCTGGTCTATGAAC-1","0","Dlg4",0.638003183063265
"AATGACAAGCCAGATC-1","1","Dlg4",0
"AATGACCCAGGTTCCT-1","1","Dlg4",0.951980904669564
"AATGAGGCAAATCGTA-1","0","Dlg4",1.07339649984047
"AATGAGGCAATCAGAC-1","3","Dlg4",0
"AATGAGGCACTTCACA-1","1","Dlg4",0.957732365771288
"AATGATGAGCTACCAA-1","1","Dlg4",0.756455297842595
"AATGATGAGGGCTTCG-1","8","Dlg4",0
"AATGCACCAATTCGCC-1","1","Dlg4",0
"AATGCACCATCAATTC-1","0","Dlg4",1.26449277906455
"AATGCAGGTTGCCTTC-1","16","Dlg4",0
"AATGCCTGTCATTACA-1","1","Dlg4",0
"AATGCCTGTGATTCCG-1","1","Dlg4",0.559980317107153
"AATGCCTGTTAGCCTG-1","0","Dlg4",0
"AATGCGAGTTAGCCTG-1","12","Dlg4",0
"AATGCGAGTTGAGGAC-1","0","Dlg4",0.841248692602751
"AATGCGGAGGTTCAGC-1","7","Dlg4",1.0295101440722
"AATGGATGTGGAAGGA-1","0","Dlg4",0.910273257134524
"AATGGCAGTCAATTCA-1","3","Dlg4",0
"AATGGCAGTCTGGTCA-1","0","Dlg4",0
"AATGGCCTCATCGACA-1","1","Dlg4",0
"AATGGCCTCTAGTCGA-1","4","Dlg4",0
"AATGGCGAGGTGAGTG-1","1","Dlg4",0
"AATGGCTCAATTCGCC-1","5","Dlg4",0
"AATGGCTCACCTATAT-1","0","Dlg4",1.15051734693389
"AATGGGCGTCAACCCA-1","1","Dlg4",0
"AATGGGCGTGACTCGC-1","0","Dlg4",0
"AATGGGGTCACGTGCG-1","0","Dlg4",0.775422273130623
"AATGGGGTCCTGTAAG-1","5","Dlg4",0.755317023607327
"AATGGGGTCTAGCTGA-1","2","Dlg4",0.288383791692645
"AATGGGTAGGTGCTCG-1","3","Dlg4",0
"AATGGTAAGCGATGTC-1","0","Dlg4",0
"AATGTGAAGCGATACC-1","0","Dlg4",1.15214382108101
"AATGTGAAGGGTTGAG-1","0","Dlg4",0
"AATGTGTTCTCATGCT-1","0","Dlg4",1.39406945218458
"AATGTTGCATCCTTGA-1","5","Dlg4",0.675572549120116
"AATTCAGCAAGTTAGC-1","0","Dlg4",0
"AATTCAGCAATCGAAC-1","0","Dlg4",0.883289006162438
"AATTCAGCATCCATAT-1","7","Dlg4",0.612995198100752
"AATTCCTCAATTCGTT-1","11","Dlg4",0
"AATTGGGGTAGCGATA-1","2","Dlg4",0
"AATTGGTTCACAGCGT-1","3","Dlg4",0
"ACAACATTCCAACTCT-1","7","Dlg4",0.435902825260153
"ACAACCGCAGCAGTCA-1","5","Dlg4",0
"ACAACCGCATCGGTAG-1","1","Dlg4",0.95526535932685
"ACAACCGCATGGATAC-1","16","Dlg4",1.74188585581586
"ACAACCTGTTACTGCG-1","6","Dlg4",1.77244035960556
"ACAACCTGTTATCCTT-1","6","Dlg4",0
"ACAACCTGTTCCCGAA-1","0","Dlg4",0
"ACAACCTGTTCCGGTA-1","0","Dlg4",0.8778321684696
"ACAACCTGTTTACCGG-1","0","Dlg4",0
"ACAAGCGAGGAGTAGT-1","5","Dlg4",0.558375756134338
"ACAAGCGAGGCTCCAG-1","6","Dlg4",0
"ACAATCACAGCCTATC-1","1","Dlg4",0.417305658282378
"ACAATCACAGGGCTGT-1","1","Dlg4",0
"ACAATCACATCGAACG-1","8","Dlg4",0.704228471200484
"ACAATCCGTGCGCAGA-1","3","Dlg4",0
"ACAATTCAGGTCCAAC-1","9","Dlg4",0
"ACAATTCAGTTACGCA-1","12","Dlg4",0
"ACACAACCAGGGCATC-1","0","Dlg4",1.40240821370974
"ACACAACCATCCCAGT-1","0","Dlg4",0
"ACACACGCAACCTGCT-1","3","Dlg4",0
"ACACAGTCAAGGTCCA-1","0","Dlg4",1.66505409720952
"ACACAGTCATAGACCG-1","0","Dlg4",0.776498269019165
"ACACAGTCATGGCAAT-1","0","Dlg4",0
"ACACCAATCGCATCGG-1","2","Dlg4",1.09568753252843
"ACACCAATCGTTAGGC-1","12","Dlg4",0
"ACACCAGCATTACGTT-1","3","Dlg4",0
"ACACCCTCACATGATA-1","3","Dlg4",0
"ACACCCTCACTTGCCG-1","0","Dlg4",0
"ACACGAAGTGGAAGTC-1","4","Dlg4",0.954167837813969
"ACACGAAGTTAAGTGG-1","0","Dlg4",0.737124953312686
"ACACGATCAACTTCGC-1","2","Dlg4",0.654517789768487
"ACACGGGGTAGCGGCA-1","3","Dlg4",0
"ACACGGGGTTGCTATA-1","2","Dlg4",1.13517223074296
"ACACGGTTCTTGATGG-1","1","Dlg4",0.611024593556569
"ACACGTTGTGAGCAAC-1","0","Dlg4",0
"ACACTAGTCCGTGTCC-1","5","Dlg4",0
"ACACTCCCAATGTCGG-1","3","Dlg4",0
"ACACTCCCATGGCTGA-1","3","Dlg4",0
"ACACTCCCATTGCCCG-1","6","Dlg4",0
"ACACTGATCCGCGGTA-1","0","Dlg4",0
"ACACTGATCGATCACA-1","7","Dlg4",0
"ACAGAATGTAGGCGTG-1","6","Dlg4",0
"ACAGAATGTGGGTCTC-1","16","Dlg4",0
"ACAGACAGTAAGGTTG-1","3","Dlg4",0
"ACAGACAGTGCAGCGA-1","2","Dlg4",1.12362384257851
"ACAGACAGTGGACACG-1","0","Dlg4",0
"ACAGACTCAACCCTAC-1","0","Dlg4",1.10188966435267
"ACAGACTCAACTAGGT-1","1","Dlg4",0.852049737502745
"ACAGACTCACCTGTCG-1","1","Dlg4",1.17076135998933
"ACAGCAAGTCTTGGTG-1","7","Dlg4",0
"ACAGCAAGTGATTCCG-1","2","Dlg4",0.826373335136586
"ACAGCCACACCATCCG-1","3","Dlg4",0
"ACAGCCCGTTATCGAC-1","7","Dlg4",0.908325404139235
"ACAGCCCGTTTCGATA-1","3","Dlg4",0
"ACAGCGAAGTAGGTAA-1","0","Dlg4",0
"ACAGCGGGTCTCCAGA-1","3","Dlg4",0
"ACAGCGGGTTGGACCC-1","10","Dlg4",0
"ACAGCTATCACCCTAT-1","6","Dlg4",0
"ACAGCTATCCCAGAGT-1","5","Dlg4",1.41896290566974
"ACAGCTTGTGGACACG-1","1","Dlg4",0.867611058837922
"ACAGCTTGTTGACGGG-1","1","Dlg4",0
"ACAGGAACATTGGCAG-1","1","Dlg4",0.649279063672526
"ACAGGATAGCGGTCAT-1","14","Dlg4",1.31103918124792
"ACAGGATAGGTTCCGG-1","0","Dlg4",0
"ACAGGATAGTCATCCT-1","2","Dlg4",0
"ACAGGATAGTTAATGC-1","6","Dlg4",1.53307531188429
"ACAGGCAAGCCACGCA-1","2","Dlg4",0
"ACAGGCAAGTTAGCCA-1","1","Dlg4",0.363989190268833
"ACAGGCTTCGCTTCGC-1","0","Dlg4",0.998564921747797
"ACAGGGATCCTCACTG-1","9","Dlg4",1.72842448478161
"ACAGGGATCTCACTCG-1","5","Dlg4",0.679578850143391
"ACAGGTAGTGGACAGT-1","1","Dlg4",0
"ACAGTCGCATGGAGCC-1","4","Dlg4",0
"ACAGTCGCATTACGCC-1","0","Dlg4",0
"ACAGTGAGTAGCTGAA-1","1","Dlg4",0
"ACAGTGAGTTTGGGCC-1","10","Dlg4",0
"ACATAGCCAACATCGG-1","6","Dlg4",1.21033350690396
"ACATATCAGCGCATAC-1","0","Dlg4",0
"ACATATCAGCTTAGTG-1","0","Dlg4",0
"ACATATCAGTAAGCAA-1","3","Dlg4",0
"ACATCATAGATAGATG-1","1","Dlg4",0.913301193025789
"ACATCATAGCGCTTAA-1","13","Dlg4",0
"ACATCATAGCTATCCT-1","0","Dlg4",0
"ACATCATAGGTCCACG-1","0","Dlg4",0
"ACATCCCCAATTGCCC-1","2","Dlg4",0.881627810868304
"ACATCCCCAGGATTAC-1","5","Dlg4",0.698083472253739
"ACATCCGGTTAGCGAA-1","0","Dlg4",0
"ACATCTTCAACGTTCC-1","0","Dlg4",0
"ACATGAAAGAATCCGC-1","0","Dlg4",0
"ACATGAAAGTTGGGCT-1","5","Dlg4",0
"ACATGAGGTGCAATTC-1","2","Dlg4",1.20621747417976
"ACATGGTCAACCCGAA-1","0","Dlg4",0.766062046258134
"ACATGTTAGTATCTGG-1","15","Dlg4",0.851279488924562
"ACATTAGCAACATGAC-1","0","Dlg4",1.19912967365931
"ACATTAGCAACTAATG-1","6","Dlg4",1.58308757983562
"ACATTAGCAATACCTT-1","2","Dlg4",1.24643019992513
"ACATTCCTCACTGTCT-1","0","Dlg4",0.56970999450194
"ACATTGGTCACTTGAG-1","0","Dlg4",0
"ACATTTGGTCATGAGA-1","0","Dlg4",0
"ACCAAACCATTCATCG-1","2","Dlg4",0
"ACCAAAGGTCTCACAG-1","1","Dlg4",1.5754438385365
"ACCAAATTCACCTTAC-1","1","Dlg4",1.22434042998923
"ACCAAATTCGCGAGTT-1","0","Dlg4",0
"ACCAAATTCGCTCCGT-1","4","Dlg4",0.665997928064875
"ACCAAATTCTGTAACG-1","2","Dlg4",0
"ACCAACATCCAGCACG-1","0","Dlg4",0
"ACCAAGTCAAGTATGC-1","6","Dlg4",0
"ACCAAGTCATTCCTCT-1","8","Dlg4",0
"ACCAATTAGCGGGATA-1","6","Dlg4",0
"ACCAATTAGGATTGCC-1","0","Dlg4",0
"ACCACACAGTAGGCAG-1","6","Dlg4",0
"ACCACACAGTCAAGGG-1","1","Dlg4",0
"ACCACAGCAATCATCT-1","9","Dlg4",0
"ACCACAGCACTTCACA-1","2","Dlg4",1.64377520451223
"ACCACCTCAACATAGC-1","5","Dlg4",0
"ACCACCTCATGCGGAC-1","4","Dlg4",0
"ACCACTAAGTCGAGCT-1","5","Dlg4",0
"ACCAGGCCATGGCAAT-1","0","Dlg4",0.325454454901581
"ACCATAACAGTACCAG-1","16","Dlg4",0
"ACCATAACATTAACGA-1","0","Dlg4",0
"ACCATAGTCGACATAT-1","0","Dlg4",0.974930263568738
"ACCATCAAGCCAGCCA-1","6","Dlg4",1.63172522316457
"ACCATTAGTCAGTCCA-1","4","Dlg4",0
"ACCATTAGTGATTGCT-1","1","Dlg4",0.556589809109747
"ACCATTTCAAGGGTCC-1","0","Dlg4",0
"ACCATTTCATGGTACG-1","8","Dlg4",0.666136015498356
"ACCCAAATCAGGAGAT-1","0","Dlg4",0
"ACCCAATGTTGGATTC-1","2","Dlg4",0.740265103537015
"ACCCAGACAAGCATTA-1","2","Dlg4",0
"ACCCAGTAGGATACTT-1","6","Dlg4",1.38839804333823
"ACCCATTTCCATGTGA-1","3","Dlg4",0
"ACCCATTTCGAATTAC-1","7","Dlg4",0.536037043112487
"ACCCCATCAAGTCGTG-1","3","Dlg4",0
"ACCCCATCAATTCACT-1","0","Dlg4",1.25249517590805
"ACCCCGAAGCCAACTA-1","0","Dlg4",0.522980922293621
"ACCCCGAAGCCGATGT-1","3","Dlg4",0
"ACCCCGTTCATGCGCG-1","1","Dlg4",0.39028062587579
"ACCCCGTTCCACGGCA-1","7","Dlg4",0.581387993115299
"ACCCCGTTCCTGCATT-1","5","Dlg4",1.28510921687254
"ACCCCTGCACAGGCTA-1","4","Dlg4",0.986489289504398
"ACCCCTTGTCTCAGTG-1","5","Dlg4",0
"ACCCGAACATGGTGCA-1","0","Dlg4",0.914733565601552
"ACCCGATAGTACCAAT-1","6","Dlg4",0
"ACCCGCAAGCGCCTAG-1","0","Dlg4",0
"ACCCGCAAGTCAACTG-1","0","Dlg4",0.979580969239599
"ACCCGCAAGTCAAGTT-1","1","Dlg4",0.687102471077973
"ACCCGTGAGGTGAGTG-1","0","Dlg4",0
"ACCCGTTCATAACTCT-1","6","Dlg4",1.22000497456028
"ACCCTAGGTTAGGCAA-1","2","Dlg4",0.803434496296785
"ACCCTAGGTTTCCATT-1","1","Dlg4",0.936481031204653
"ACCCTATTCAATCAAC-1","3","Dlg4",0
"ACCCTATTCGAGTGGA-1","2","Dlg4",0.861725103066393
"ACCCTCATCATGTCTC-1","2","Dlg4",0.624213124317303
"ACCCTCATCTTGATCC-1","5","Dlg4",1.48792223569775
"ACCCTCGCACATTCAT-1","0","Dlg4",0.516025829481558
"ACCCTCGCATCCAAGG-1","7","Dlg4",1.53841410553969
"ACCCTCTGTCAACCAT-1","0","Dlg4",0.439896964500518
"ACCCTCTGTTTGATGC-1","3","Dlg4",0
"ACCGAAAGTTCCTTGC-1","1","Dlg4",0
"ACCGAAAGTTTCGAGT-1","0","Dlg4",0
"ACCGACCGTCAATGCT-1","8","Dlg4",0
"ACCGACTAGAAGGGCC-1","6","Dlg4",0
"ACCGAGGGTTGGAGTA-1","0","Dlg4",1.12124756103307
"ACCGAGGGTTGTGGAA-1","3","Dlg4",0
"ACCGATTGTTGGAGCG-1","2","Dlg4",0
"ACCGCAACAATCCCGT-1","0","Dlg4",0
"ACCGCAACAATCCTCA-1","1","Dlg4",0.667936569901672
"ACCGCTAGTAAGTCTC-1","1","Dlg4",0
"ACCGGATTCAATCAAC-1","9","Dlg4",0
"ACCGGCTGTTGAGTCT-1","2","Dlg4",0.841398807546044
"ACCGGTTAGCCACGAT-1","14","Dlg4",1.18609736134554
"ACCGGTTAGGCAATGG-1","4","Dlg4",0
"ACCTAACGTAGGTGTA-1","6","Dlg4",0
"ACCTAAGTCCACCGTC-1","0","Dlg4",0
"ACCTAAGTCCTTCGCA-1","0","Dlg4",0.814698591483459
"ACCTACCCAAGGGCAG-1","0","Dlg4",0.830806487666529
"ACCTACTTCATCACCT-1","6","Dlg4",0
"ACCTACTTCCAGATGC-1","3","Dlg4",0
"ACCTCCGCAAAGGTCT-1","0","Dlg4",0.552050720053683
"ACCTCGCTCACCTAGA-1","0","Dlg4",0.549778521935537
"ACCTCGCTCAGTAATC-1","8","Dlg4",0
"ACCTCGCTCGCTCTCA-1","3","Dlg4",0
"ACCTCGCTCTAAGCAT-1","8","Dlg4",0
"ACCTCTTAGCGAAGTG-1","4","Dlg4",0.83396183206015
"ACCTCTTAGTTAGCAT-1","0","Dlg4",1.09179242511682
"ACCTGAATCAGCTGGT-1","3","Dlg4",0
"ACCTGATGTTCTGTGG-1","6","Dlg4",0
"ACCTGCCTCATGGATT-1","0","Dlg4",0.781475661591399
"ACCTGCCTCGATGGGA-1","4","Dlg4",0.67321103171929
"ACCTGCCTCGCGTTAA-1","1","Dlg4",0
"ACCTGGACACAACCAG-1","2","Dlg4",0.774790795156201
"ACCTGGACACCATTGC-1","15","Dlg4",0
"ACCTGGACATAATCCT-1","0","Dlg4",0
"ACCTGGGTCGACTAGC-1","2","Dlg4",0
"ACCTGTCCATCACTTG-1","2","Dlg4",0
"ACCTGTCCATGGTAGT-1","0","Dlg4",1.22253449173306
"ACCTTAAGTAAGTTCC-1","2","Dlg4",0
"ACCTTAAGTCAATCTA-1","1","Dlg4",1.26564896878434
"ACCTTCACAATGTCGG-1","14","Dlg4",0
"ACCTTCACATGCGGAC-1","0","Dlg4",0
"ACCTTCACATTGGCAG-1","0","Dlg4",0.64641078964292
"ACGAAATGTGAGGTGT-1","3","Dlg4",0
"ACGAAATGTTCGATTA-1","1","Dlg4",0
"ACGAAATGTTTGCGTG-1","2","Dlg4",0.706301910611345
"ACGAAGGTCCCGCAGA-1","6","Dlg4",0
"ACGAATCCACTTGAGG-1","0","Dlg4",0.779521415075023
"ACGAATCCAGCAGGCT-1","7","Dlg4",0.537601398797561
"ACGAATGGTGAGTGTA-1","1","Dlg4",0.876847709420356
"ACGAATGGTGGACAGT-1","2","Dlg4",0.525766031298606
"ACGACAAGTAACCGGG-1","6","Dlg4",0
"ACGACATCAGTTAGCG-1","4","Dlg4",0.833593630187342
"ACGACATCATGCGGAC-1","4","Dlg4",1.22346493178546
"ACGAGCAAGCCACATA-1","3","Dlg4",0
"ACGAGTAGTAGTTACC-1","5","Dlg4",0
"ACGAGTAGTCAGCGGA-1","8","Dlg4",0.880965192598177
"ACGAGTGAGCCCTGCT-1","11","Dlg4",0
"ACGAGTGAGGTATATC-1","0","Dlg4",0
"ACGAGTGAGTGTCAAT-1","3","Dlg4",0
"ACGATGGAGATTCCTC-1","2","Dlg4",0
"ACGATGGAGGAACCAG-1","4","Dlg4",0
"ACGATGGAGTGATGCC-1","0","Dlg4",0
"ACGCAATCACTATCTG-1","0","Dlg4",0.621050323135403
"ACGCACTAGTTGCACA-1","4","Dlg4",0.654695402469541
"ACGCAGCCACTTAGGG-1","0","Dlg4",0
"ACGCAGCCAGGGCAAG-1","8","Dlg4",0
"ACGCCATAGTTACGGC-1","2","Dlg4",0
"ACGCCCAAGATTGCAT-1","3","Dlg4",0
"ACGCCCAAGTCGAACC-1","1","Dlg4",1.17443151963502
"ACGCGAGGTTGCAGCC-1","3","Dlg4",0
"ACGCGGTCAACCCGTT-1","0","Dlg4",0.627368690350045
"ACGCGGTCATCATACT-1","1","Dlg4",0
"ACGCTAATCTATGCCT-1","0","Dlg4",0
"ACGCTCAGTTTACCGG-1","0","Dlg4",0
"ACGCTGACACTTCGAC-1","2","Dlg4",0
"ACGCTGACATCCCGAT-1","13","Dlg4",0
"ACGCTGACATTACGTT-1","0","Dlg4",0
"ACGGACAAGTAGTCAT-1","0","Dlg4",1.63222164817016
"ACGGACCCAACTGTGG-1","3","Dlg4",0
"ACGGACCCATGCGGAC-1","5","Dlg4",0.900361999265141
"ACGGATAGTGGCGCTT-1","3","Dlg4",0
"ACGGATTCATGAGCTG-1","16","Dlg4",0
"ACGGCACCATCCCATA-1","2","Dlg4",0
"ACGGCAGGTCATGATC-1","0","Dlg4",0
"ACGGCAGGTCTAACCG-1","3","Dlg4",0
"ACGGCCATCACTTCCG-1","16","Dlg4",1.41470318139231
"ACGGCCATCCGCGCTT-1","2","Dlg4",0
"ACGGGATGTCATCCAG-1","4","Dlg4",0
"ACGGGCAGTCAATCAC-1","0","Dlg4",0
"ACGGGCAGTCTCCAAG-1","1","Dlg4",0.586403354846732
"ACGGGGACATGACACG-1","0","Dlg4",0
"ACGGGGTAGGGGTTGA-1","3","Dlg4",0
"ACGGGTAAGAACCTTG-1","2","Dlg4",1.15007464567578
"ACGGGTTTCATGATCG-1","2","Dlg4",0
"ACGGTCACAATACTGA-1","5","Dlg4",0.613849315065496
"ACGGTCACACCTCGAT-1","0","Dlg4",0
"ACGGTTATCAGTTCGA-1","1","Dlg4",0.530072963995345
"ACGTAAGGTTGCTCAG-1","7","Dlg4",0.473898731264181
"ACGTCCCTCCATCCCA-1","2","Dlg4",0.843883916815366
"ACGTCCCTCGCGATTA-1","4","Dlg4",0.642926262157145
"ACGTCCTCAAGCGTGC-1","2","Dlg4",2.08303733835137
"ACGTCTAAGAATCGTT-1","8","Dlg4",1.14464552047408
"ACGTCTAAGGAGCTAG-1","2","Dlg4",0
"ACGTGTTGTATGTCCG-1","8","Dlg4",0.940697614393684
"ACGTGTTGTGAGCACG-1","4","Dlg4",0.928723649373909
"ACGTGTTGTTTACGCG-1","3","Dlg4",0
"ACGTGTTGTTTCGGGC-1","0","Dlg4",0
"ACGTTCAAGCATAGCC-1","0","Dlg4",0
"ACGTTCCCAAGCACTG-1","8","Dlg4",0.761287718732992
"ACGTTTGAGCGATACC-1","5","Dlg4",0.935350902698608
"ACGTTTGAGCGCCAAT-1","4","Dlg4",0
"ACGTTTGAGGGGATGC-1","3","Dlg4",0
"ACGTTTGAGTGCTGTA-1","0","Dlg4",0.93436443567674
"ACTAAGCCAAACCCAG-1","0","Dlg4",1.43858908275873
"ACTAATGCAACATTGA-1","0","Dlg4",0.918969076513818
"ACTAATGCAGGCATAT-1","11","Dlg4",0.357620326674263
"ACTACAACAATTCGGG-1","4","Dlg4",0.597808365804206
"ACTACATAGAAGGTCG-1","2","Dlg4",0
"ACTACCCCAATATGTG-1","10","Dlg4",0
"ACTACTTCAACGTTAA-1","4","Dlg4",0.590071319449583
"ACTACTTCACCTTAAT-1","3","Dlg4",0
"ACTATCCTCCATCCTG-1","1","Dlg4",0.530188036872348
"ACTATCCTCCCTTGAT-1","0","Dlg4",0
"ACTATCCTCCGGTGAT-1","2","Dlg4",0.725496851936225
"ACTATGGTCATGGTCA-1","1","Dlg4",0
"ACTATGGTCCTCTACG-1","7","Dlg4",0
"ACTATTGGTAAGGTAT-1","0","Dlg4",0
"ACTCAATAGGATTACT-1","2","Dlg4",1.00753010258798
"ACTCACTTCAGCGAAG-1","2","Dlg4",1.22533058692088
"ACTCACTTCTAGTGTG-1","0","Dlg4",0
"ACTCAGGCAGTTAATG-1","14","Dlg4",1.08610389648411
"ACTCCAAAGCATCGAC-1","1","Dlg4",0.617487189154794
"ACTCCACCAATCTAAG-1","0","Dlg4",0
"ACTCCCATCCCATGAA-1","0","Dlg4",0
"ACTCCCATCGATCATG-1","3","Dlg4",0
"ACTCCCGCAGGATGCC-1","6","Dlg4",0
"ACTCCCTGTGACTTCG-1","0","Dlg4",0
"ACTCCGCTCGTCTATC-1","7","Dlg4",0.405215264259269
"ACTCCTTAGCGAAGCA-1","2","Dlg4",1.62913871737804
"ACTCGAATCAGCGATC-1","6","Dlg4",0
"ACTCGATGTCTAGCCA-1","0","Dlg4",0
"ACTCGATGTGCAACGG-1","0","Dlg4",1.75613863415803
"ACTCGCCTCAATTCGG-1","4","Dlg4",0
"ACTCGTCCATGACGGC-1","5","Dlg4",0.576494198603947
"ACTCGTCCATTCGCAC-1","0","Dlg4",0
"ACTCTAAGTTAGCACT-1","6","Dlg4",0
"ACTCTGTTCAGCAATT-1","3","Dlg4",0
"ACTCTGTTCAGCGATC-1","0","Dlg4",0
"ACTCTGTTCCCTGTCA-1","1","Dlg4",0.528925040201336
"ACTCTGTTCCGCATCC-1","2","Dlg4",0
"ACTGAGGAGGTTGGGA-1","0","Dlg4",0
"ACTGATTAGCGAAGTG-1","4","Dlg4",0.949205706827386
"ACTGCAATCGATCAGC-1","1","Dlg4",1.15466751402072
"ACTGCCCTCGTGAACC-1","0","Dlg4",0
"ACTGCTAAGATAGGGT-1","2","Dlg4",0.719554786407743
"ACTGCTGGTGAGGTTA-1","0","Dlg4",0
"ACTGCTGGTTGCGGCT-1","2","Dlg4",0.872933233140202
"ACTGGTCAGGCGATAG-1","6","Dlg4",0
"ACTGGTCAGTAGGAAC-1","9","Dlg4",0
"ACTGGTTGTCTCACTC-1","2","Dlg4",0.833520031057687
"ACTGGTTGTGAGTGTA-1","4","Dlg4",1.04068880095044
"ACTGGTTGTTAGCAAG-1","0","Dlg4",0
"ACTGGTTGTTGTGGTT-1","5","Dlg4",0.619857906458026
"ACTGTCAAGGATAGGT-1","1","Dlg4",1.63960068227055
"ACTGTTAGTTAGCGTT-1","4","Dlg4",0.596339508876217
"ACTGTTGAGCAGGTTC-1","0","Dlg4",0
"ACTGTTGAGTAACCCA-1","0","Dlg4",1.0304365499914
"ACTTAACAGGTACACC-1","0","Dlg4",0
"ACTTACCTCCGTTACT-1","0","Dlg4",0.978284312690721
"ACTTAGGTCCAGCGTG-1","0","Dlg4",0
"ACTTCGCCAAATGGTC-1","0","Dlg4",0
"ACTTCGCCAACCAGAT-1","1","Dlg4",0
"ACTTGAGTCCCAGAGT-1","9","Dlg4",0
"ACTTGCTTCTGGCCCT-1","2","Dlg4",0
"ACTTGGATCATGGTGC-1","0","Dlg4",0
"ACTTGGGCAATACTCT-1","0","Dlg4",1.186887792441
"ACTTGGGCAGGTTCAG-1","8","Dlg4",1.28278093320783
"ACTTTAGGTAACTCTA-1","0","Dlg4",1.17958176842639
"ACTTTAGGTGATGGTA-1","1","Dlg4",1.30263826363246
"ACTTTCATCACACTGA-1","5","Dlg4",0.56669215947313
"ACTTTCATCGCTCCGT-1","0","Dlg4",0
"ACTTTCGCAACTTAGA-1","0","Dlg4",0.669607602435825
"ACTTTGCTCACACTGA-1","2","Dlg4",0.725716858017311
"ACTTTGGAGCTTCCAT-1","7","Dlg4",0
"AGAAGGGGTGAGGATC-1","0","Dlg4",1.07740431598302
"AGAAGGGGTGATGCGG-1","0","Dlg4",0
"AGAAGGGGTTCCTCTA-1","0","Dlg4",0
"AGAAGGGGTTGAAGTG-1","1","Dlg4",0.92997600618871
"AGAAGGTTCTAGTCTC-1","13","Dlg4",0
"AGAAGTCAGAACGAGT-1","6","Dlg4",0
"AGAAGTCAGGCGTCCA-1","0","Dlg4",0
"AGAAGTCAGGGCTACT-1","0","Dlg4",0
"AGAAGTTGTCTCACGA-1","0","Dlg4",0
"AGAAGTTGTGAAGCAC-1","11","Dlg4",0
"AGAATAGTCCCAATGA-1","2","Dlg4",0
"AGACAACAGCGCGATT-1","8","Dlg4",1.06973549262296
"AGACAACAGTAGCTCA-1","2","Dlg4",0
"AGACACAGTAATCCGT-1","8","Dlg4",0.77058757150916
"AGACACAGTTCCAGAT-1","6","Dlg4",0
"AGACACAGTTGAAGGC-1","0","Dlg4",0.725276985002216
"AGACAGACATCACACC-1","0","Dlg4",0
"AGACATAAGGTTGGAG-1","0","Dlg4",0
"AGACATAAGTATCTGG-1","0","Dlg4",0.62688107612544
"AGACATCCAAGTGCGC-1","5","Dlg4",0
"AGACATCCAATCGAGT-1","13","Dlg4",0
"AGACATCCATGATCCC-1","0","Dlg4",0
"AGACATGGTTTGGAGA-1","4","Dlg4",1.58725236654505
"AGACGAACAGCCAATG-1","5","Dlg4",0.967992106251045
"AGACGAACAGGTTAGT-1","14","Dlg4",1.17329951657412
"AGACGATAGCAAGCTC-1","0","Dlg4",0.65491755876064
"AGACGCAAGTCGAAGG-1","6","Dlg4",0
"AGACGCAAGTGCTTAG-1","0","Dlg4",0
"AGACGCGGTTGGGATA-1","8","Dlg4",1.47746094177633
"AGACGCGGTTTCGCAG-1","16","Dlg4",0.708039513927919
"AGACGGATCACGCGCA-1","0","Dlg4",0
"AGACGGATCACTTGCT-1","0","Dlg4",0.584077560106685
"AGACGGATCTATCGTC-1","2","Dlg4",0.8336672430599
"AGACGGGCAATACGGT-1","0","Dlg4",0.99624277539328
"AGACGTAGTTCAAGTC-1","4","Dlg4",0
"AGACTCGCATAGATGC-1","0","Dlg4",0
"AGACTCGCATGGTACG-1","2","Dlg4",0
"AGACTTACATTACAGA-1","7","Dlg4",0
"AGAGAATCAGCTATGG-1","0","Dlg4",0.872122387326556
"AGAGACTAGAATCATC-1","0","Dlg4",0
"AGAGACTAGTCAGGTC-1","1","Dlg4",0.973629748268168
"AGAGAGAAGGAGTAGT-1","1","Dlg4",0
"AGAGATGCAAACCAGT-1","0","Dlg4",0.723413714776784
"AGAGATGCATTCCTCT-1","0","Dlg4",0.678572657402677
"AGAGATTGTTTCCGCT-1","3","Dlg4",0
"AGAGGCATCTAGTTCC-1","2","Dlg4",1.20368121662887
"AGAGGGTCAAATGGCT-1","0","Dlg4",1.71633991396968
"AGAGTATGTGAGCGTG-1","0","Dlg4",0
"AGAGTATGTTAGCGAA-1","3","Dlg4",0
"AGAGTCAGTTGGACGG-1","9","Dlg4",0
"AGAGTTGGTGGCTTGC-1","3","Dlg4",0
"AGAGTTGGTTCACGAT-1","5","Dlg4",0
"AGAGTTGGTTGCGAGG-1","1","Dlg4",0
"AGCAAATGTTAGCAAG-1","0","Dlg4",0
"AGCAAATGTTTCGTCC-1","11","Dlg4",0
"AGCAATCCACCATGAG-1","12","Dlg4",0
"AGCAATTTCAATCCAG-1","5","Dlg4",0
"AGCAATTTCGAGTGGA-1","3","Dlg4",0
"AGCAATTTCGCGTTCC-1","11","Dlg4",0
"AGCAATTTCGCTAGTA-1","9","Dlg4",0
"AGCACCACAGGTTCCT-1","13","Dlg4",0
"AGCACGCCAACCGTCT-1","2","Dlg4",0
"AGCACGCCACCTGTGT-1","4","Dlg4",0.586155776947788
"AGCACGTTCCAATTCC-1","0","Dlg4",0
"AGCACTATCAATTCGG-1","6","Dlg4",0
"AGCACTATCACCAAGC-1","2","Dlg4",1.11818877029321
"AGCACTATCCTCTCCT-1","2","Dlg4",0.68514437146021
"AGCACTATCTGGCTAA-1","2","Dlg4",0
"AGCACTTGTGAGATTG-1","8","Dlg4",0
"AGCACTTGTTGACGTT-1","4","Dlg4",0
"AGCAGCAAGGAGTATA-1","1","Dlg4",0.965669377314345
"AGCAGCAAGGTTGGAG-1","12","Dlg4",0
"AGCAGGATCACACCGG-1","1","Dlg4",1.11964634983025
"AGCAGGATCATCTACC-1","15","Dlg4",0
"AGCAGGATCGATTCCT-1","0","Dlg4",0
"AGCAGGATCTGGGACT-1","8","Dlg4",0
"AGCATCATCGTGAACC-1","3","Dlg4",0
"AGCATCTGTGCAGGTG-1","1","Dlg4",0.914285433624995
"AGCATTGTCAGCCCAG-1","0","Dlg4",0.82163273486717
"AGCATTTAGAACGATA-1","0","Dlg4",0
"AGCATTTAGCTACTGA-1","7","Dlg4",1.37747214302872
"AGCATTTAGGGCTCAT-1","4","Dlg4",0.690441537730528
"AGCCAAAGTGATCCAT-1","7","Dlg4",0.616269632572741
"AGCCAATCATTACGGG-1","0","Dlg4",0.805140769890984
"AGCCAGCCAAGCCTAG-1","2","Dlg4",0.770151187173319
"AGCCAGCCAAGGTGCC-1","10","Dlg4",0
"AGCCAGCCAAGTAACC-1","1","Dlg4",0.830696872936436
"AGCCAGCCATCATACT-1","6","Dlg4",0
"AGCCATTGTCAGCGAG-1","6","Dlg4",0
"AGCCCCAAGGGTACTC-1","5","Dlg4",0
"AGCCCCAAGTGAGACG-1","0","Dlg4",0.916620858976086
"AGCCCGATCACCTGGG-1","4","Dlg4",0.483711730763153
"AGCCCGATCTGGGACT-1","3","Dlg4",0
"AGCCCTAGTCATGCTG-1","9","Dlg4",1.53080071180382
"AGCCGAAAGAATCCGC-1","0","Dlg4",0
"AGCCGAAAGGATATAG-1","2","Dlg4",0
"AGCCGATTCCCTGGCT-1","2","Dlg4",0
"AGCCGATTCGCGCTAG-1","0","Dlg4",0.626637562383626
"AGCCGTTAGCATGGGA-1","14","Dlg4",0
"AGCCGTTAGGAACCAG-1","9","Dlg4",0
"AGCCGTTAGGCAAGGC-1","2","Dlg4",1.68284470423889
"AGCCTGGTCGATGATT-1","14","Dlg4",0
"AGCCTTGGTGGACTGG-1","4","Dlg4",0
"AGCGAACGTGAGTCCC-1","0","Dlg4",1.39979475577479
"AGCGAACGTTCGATTA-1","0","Dlg4",0.5742144267489
"AGCGAATAGAAGCATA-1","4","Dlg4",1.52500846242077
"AGCGAATAGCATTCAG-1","5","Dlg4",0
"AGCGACCCATTCGGGA-1","0","Dlg4",0
"AGCGATGAGCCTGCTC-1","0","Dlg4",1.17577247844446
"AGCGATGAGGTAACGG-1","2","Dlg4",0.811277595245076
"AGCGATTCAAACCTAA-1","0","Dlg4",0
"AGCGATTCAATACGGT-1","0","Dlg4",0
"AGCGATTCATTACGGG-1","0","Dlg4",0
"AGCGCACCACTTGGGA-1","5","Dlg4",0
"AGCGCACCATCACGAG-1","8","Dlg4",0.68455920023207
"AGCGCAGGTAGTTAGG-1","2","Dlg4",1.81785399380303
"AGCGCAGGTGGCCTAC-1","2","Dlg4",1.50493352789445
"AGCGCATTCATCTGTC-1","2","Dlg4",1.38449705659214
"AGCGCATTCGAGTCCG-1","0","Dlg4",0
"AGCGCCATCCCGTTCA-1","2","Dlg4",0.697171330859671
"AGCGGGACAATTAGTG-1","0","Dlg4",0
"AGCGGGACACCAGGGT-1","1","Dlg4",1.18441502340425
"AGCGGTAAGGATAGTA-1","2","Dlg4",1.62084140322864
"AGCGGTTTCTTGAGCA-1","0","Dlg4",0.935868515116969
"AGCGTAAGTCTTGACG-1","13","Dlg4",0
"AGCGTCCGTCATGTGT-1","0","Dlg4",0
"AGCTAAGGTTGTCCTC-1","8","Dlg4",0
"AGCTAATTCCATGCAA-1","7","Dlg4",0.947349096705253
"AGCTAATTCTAACCTC-1","12","Dlg4",0
"AGCTACGCATGCTTCA-1","8","Dlg4",0.83699411218198
"AGCTATGTCAGGTCCG-1","2","Dlg4",0
"AGCTGAGAGCCTCTGC-1","3","Dlg4",0
"AGCTTACGTCTGGGTC-1","4","Dlg4",1.23025131651851
"AGCTTAGTCCGCGGTA-1","0","Dlg4",0
"AGCTTATAGTAGACTT-1","1","Dlg4",0
"AGCTTTAGTTAGGCAA-1","2","Dlg4",0
"AGGAACTAGCGATCCG-1","3","Dlg4",0
"AGGAATATCCTCAGTT-1","0","Dlg4",0.978128962647769
"AGGAATATCGAATGGG-1","0","Dlg4",0
"AGGAATATCGATCGTA-1","5","Dlg4",1.20441632024726
"AGGAATGCAACTACTT-1","4","Dlg4",0
"AGGAATGCAATAGGAG-1","5","Dlg4",1.47446656540814
"AGGACATAGCCACTAA-1","12","Dlg4",0
"AGGACCAAGCGGTCAT-1","0","Dlg4",0
"AGGACCAAGTGATCCA-1","3","Dlg4",0
"AGGACCCCATAAGGCT-1","15","Dlg4",0.98791533887853
"AGGACTAGTCAGTCGC-1","2","Dlg4",0
"AGGACTGAGGTTCCTT-1","6","Dlg4",0
"AGGACTGAGTAAGTCT-1","1","Dlg4",0
"AGGAGCCAGCAACCCG-1","3","Dlg4",0
"AGGAGCCAGGGGACAC-1","3","Dlg4",0
"AGGATCAGTGATCAAG-1","0","Dlg4",0.843808382164073
"AGGCAAGTCCCAGTAA-1","5","Dlg4",0
"AGGCAATAGCAAGCTC-1","8","Dlg4",0
"AGGCACGGTCATCCTC-1","4","Dlg4",1.02676092339899
"AGGCACGGTGAAGTCA-1","5","Dlg4",1.33777818976513
"AGGCACGGTGATGGCG-1","14","Dlg4",1.61490021214288
"AGGCATAGTTTACCAA-1","1","Dlg4",0.841323742987862
"AGGCATTCAATATCTC-1","0","Dlg4",0
"AGGCATTCACTTGGTC-1","2","Dlg4",0.80024723188201
"AGGCCAAAGCATGTCA-1","6","Dlg4",0
"AGGCCAAAGGTACCGT-1","2","Dlg4",1.09701484423895
"AGGCCAGGTATTGGAG-1","0","Dlg4",0
"AGGCCAGGTGGAGACT-1","10","Dlg4",0
"AGGCCCATCGACCATA-1","7","Dlg4",0
"AGGCGCAGTAGTGCCC-1","13","Dlg4",0
"AGGCGGACAGTTAGCG-1","0","Dlg4",0
"AGGCTCCGTTCCCATC-1","1","Dlg4",0
"AGGCTTATCCGGTGTG-1","2","Dlg4",0
"AGGGAACCAAGCCATG-1","0","Dlg4",0
"AGGGAACCAGGTTCCT-1","0","Dlg4",1.1067446004401
"AGGGAACCAGGTTGCA-1","0","Dlg4",0
"AGGGAACCATGCGTCT-1","1","Dlg4",1.04318248372878
"AGGGAAGGTAGGTTAG-1","2","Dlg4",1.75838777152377
"AGGGAAGGTTCCCAGA-1","0","Dlg4",0
"AGGGATTAGATACTCG-1","0","Dlg4",0
"AGGGCATGTTGGCATT-1","15","Dlg4",0.836178286762046
"AGGGCTGGTAACCACT-1","3","Dlg4",0
"AGGGCTGGTTGCACGC-1","6","Dlg4",0
"AGGGCTGGTTTCACGG-1","10","Dlg4",0
"AGGGGTTGTAAGTTCC-1","8","Dlg4",0
"AGGGGTTGTTGCTCGA-1","4","Dlg4",0
"AGGGTACGTCTGTGAT-1","0","Dlg4",0
"AGGGTACGTGGAAGCT-1","9","Dlg4",0
"AGGGTATAGAAGGGCC-1","1","Dlg4",0.823493372857206
"AGGGTCAAGGTACGAG-1","3","Dlg4",0
"AGGGTCAAGTACGGCT-1","6","Dlg4",0
"AGGGTTAGTGAGTCCC-1","6","Dlg4",0
"AGGGTTGAGTCAGCCG-1","9","Dlg4",0
"AGGTAAATCCCTGTAT-1","6","Dlg4",1.29311042269875
"AGGTAACAGGGCTTCG-1","1","Dlg4",0.8976830867257
"AGGTAACAGTCATGTG-1","0","Dlg4",0
"AGGTAATGTAATGGTG-1","6","Dlg4",0
"AGGTAATGTAGCAGTA-1","0","Dlg4",0.690358889568046
"AGGTAATGTCTCCACT-1","0","Dlg4",0.717345879411394
"AGGTAGTAGGTATCTG-1","1","Dlg4",0.744824761237213
"AGGTAGTAGTGAATGA-1","14","Dlg4",0.599321696768257
"AGGTATGGTTTAGCCG-1","2","Dlg4",0
"AGGTGATAGTGCGCTG-1","10","Dlg4",0
"AGGTGCAAGTGCTCGG-1","13","Dlg4",0
"AGGTGCTTCACTGGGT-1","2","Dlg4",0
"AGGTGCTTCAGCATCA-1","3","Dlg4",0
"AGGTGCTTCCCGTTCA-1","1","Dlg4",0.702784587133188
"AGGTGCTTCTGGATCA-1","1","Dlg4",0
"AGGTGCTTCTGGCCGA-1","0","Dlg4",1.21966859190947
"AGGTTAAAGATTAAGG-1","2","Dlg4",0.82385220846364
"AGGTTAAAGGTAATCT-1","3","Dlg4",0
"AGGTTAAAGTAGCGGA-1","0","Dlg4",0.873014405857428
"AGGTTAGGTGCACGCT-1","1","Dlg4",0.64215719221051
"AGGTTAGGTTAGTCAC-1","1","Dlg4",0
"AGGTTCATCGTAACCA-1","1","Dlg4",0
"AGGTTCATCTATCACC-1","0","Dlg4",0.689072235796805
"AGGTTGGAGATTCACG-1","0","Dlg4",0
"AGTAACGGTAGGTGCG-1","11","Dlg4",0
"AGTAACGGTCAGTCAT-1","4","Dlg4",0.43809531259599
"AGTAACGGTTCTGTCC-1","0","Dlg4",1.1435519297901
"AGTAATGAGCCATTGA-1","0","Dlg4",0.576118632313859
"AGTACACCAGGATCTG-1","0","Dlg4",1.04306344183494
"AGTACCATCCGTGCGA-1","1","Dlg4",0.827096653558469
"AGTACCATCCTTGATC-1","1","Dlg4",0
"AGTACTTAGCTAACTG-1","3","Dlg4",0
"AGTATCACACCTTCAA-1","2","Dlg4",0.629982587171133
"AGTATCCGTATGTCAC-1","3","Dlg4",0
"AGTATGAAGATTAGAG-1","0","Dlg4",0
"AGTATGGGTGAGTCCC-1","5","Dlg4",0
"AGTATGGGTTATCCGG-1","7","Dlg4",0
"AGTATGGGTTGAGCAA-1","6","Dlg4",0
"AGTATGGGTTGCTCGA-1","4","Dlg4",1.38032419413339
"AGTATGGGTTTAGTGC-1","1","Dlg4",0
"AGTATGTTCCCGCAGA-1","11","Dlg4",0
"AGTATGTTCGTAATCG-1","8","Dlg4",1.7189655577102
"AGTATTCAGATTAGAG-1","0","Dlg4",0.767420025020439
"AGTATTCAGCTAACTG-1","3","Dlg4",0
"AGTATTCAGGCTTGGT-1","0","Dlg4",0
"AGTATTCAGGTGCTTA-1","2","Dlg4",0.918426038921485
"AGTCAAGGTGATAGGC-1","2","Dlg4",0
"AGTCACGCAATAGTTG-1","9","Dlg4",0
"AGTCACGCAGGTTACG-1","0","Dlg4",0.516543624025476
"AGTCACGCAGTAATTG-1","4","Dlg4",0.389541587017726
"AGTCAGCTCTGTGCCC-1","5","Dlg4",1.25733528619477
"AGTCAGGAGGTTAGCC-1","9","Dlg4",1.85988428510494
"AGTCAGGAGTCGCACG-1","0","Dlg4",0
"AGTCAGTCATGGCTTC-1","8","Dlg4",0
"AGTCCAGCAGCACTGA-1","8","Dlg4",1.00237031924276
"AGTCCCAGTGAGACGT-1","2","Dlg4",0
"AGTCCCAGTGGCTCAC-1","5","Dlg4",0
"AGTCCTAAGTGACCCG-1","8","Dlg4",0
"AGTCGATCAATATGCA-1","7","Dlg4",0.804320806828655
"AGTCGGGGTTATGGGA-1","12","Dlg4",0
"AGTCGGTTCCATCGGG-1","9","Dlg4",0
"AGTCGGTTCCATGAAT-1","0","Dlg4",1.2028656103665
"AGTCGTTGTGAACCGG-1","6","Dlg4",0
"AGTCGTTGTGACTTCG-1","7","Dlg4",0
"AGTCTCAAGATTAAGG-1","3","Dlg4",0
"AGTCTCAAGCCAGACT-1","8","Dlg4",0.899928763654897
"AGTCTCAAGCGCATTA-1","3","Dlg4",0
"AGTCTTGAGCTTCCCA-1","1","Dlg4",0.652791280550227
"AGTCTTGAGGGCTACT-1","3","Dlg4",0
"AGTGAATGTAAGCTAG-1","13","Dlg4",0
"AGTGAATGTCAATCAC-1","4","Dlg4",0
"AGTGAATGTTCGCGGT-1","4","Dlg4",0.703763692536909
"AGTGACAGTAGTAGAT-1","4","Dlg4",0
"AGTGAGGTCAGCGAGA-1","0","Dlg4",0.530159263860216
"AGTGAGTAGCCAGTCG-1","1","Dlg4",0.878572056880504
"AGTGAGTAGCGCATTA-1","3","Dlg4",0
"AGTGATCCATCACAGG-1","0","Dlg4",0.906210599086756
"AGTGATGGTGAGACTA-1","6","Dlg4",0
"AGTGATGGTTGGCGTC-1","0","Dlg4",0
"AGTGCAAGTAGGTATG-1","2","Dlg4",0
"AGTGCCCGTAGCAGGT-1","4","Dlg4",0.578414000640044
"AGTGCCCGTAGCGCCT-1","0","Dlg4",0.758561552561009
"AGTGCGCCAATTGGAC-1","0","Dlg4",0
"AGTGCGCCATAAGCAC-1","0","Dlg4",1.58447292315187
"AGTGCGCCATTGACGG-1","8","Dlg4",0.947848806032324
"AGTGCTCAGGGTCTCG-1","2","Dlg4",1.46518428661842
"AGTGCTTGTAATCCGT-1","2","Dlg4",0.642969044130248
"AGTGCTTGTTAAGGAT-1","1","Dlg4",0
"AGTGCTTGTTGCGAGG-1","9","Dlg4",0
"AGTGGAACAAGGTAAG-1","12","Dlg4",0
"AGTGGATAGCTAGTGC-1","2","Dlg4",0
"AGTGGATAGTACCATG-1","1","Dlg4",0
"AGTGGATAGTTACGGC-1","0","Dlg4",1.19125624981008
"AGTGGCGGTTGGCATT-1","0","Dlg4",0
"AGTGGCTTCCGCGTCT-1","1","Dlg4",1.00697845608354
"AGTGGTGAGTTACGAT-1","4","Dlg4",1.09045707485621
"AGTGGTTCAATGCCCT-1","3","Dlg4",0
"AGTGTAAAGGTACACC-1","3","Dlg4",0
"AGTGTAAAGTATGTCG-1","1","Dlg4",0.586332596357911
"AGTGTAAAGTGACCCG-1","0","Dlg4",0
"AGTGTCATCCGTAGGT-1","7","Dlg4",0
"AGTGTGAGTAGCTGCC-1","2","Dlg4",0
"AGTGTTGTCGAATCAT-1","0","Dlg4",0
"AGTGTTGTCGACCAAC-1","3","Dlg4",0
"AGTTAGAAGTCAACTG-1","1","Dlg4",0
"AGTTAGCCACTAGCCT-1","0","Dlg4",1.08312234913239
"AGTTAGCCACTCAATT-1","8","Dlg4",1.02656926679454
"AGTTAGCCATTAGCAA-1","11","Dlg4",1.43386668376264
"AGTTATCAGGCAACGA-1","2","Dlg4",0.735480418495574
"AGTTATCAGGGTAGAT-1","12","Dlg4",0
"AGTTGAAAGGAACCTC-1","1","Dlg4",1.58903426627393
"AGTTGAAAGTTAGCCA-1","0","Dlg4",0
"AGTTGCATCACGTTGA-1","16","Dlg4",0
"AGTTGCATCGCTCACC-1","8","Dlg4",1.16663423259724
"AGTTGGGAGATTCGTG-1","1","Dlg4",0
"AGTTGGGAGCATGCCG-1","8","Dlg4",0.85818704994195
"AGTTTCAGTTTCGTAA-1","0","Dlg4",0
"ATAACCACAGGATTCG-1","3","Dlg4",0
"ATAACCACATCGGTAG-1","1","Dlg4",0
"ATAACGAAGAATCCGC-1","0","Dlg4",1.58462702995753
"ATAACGAAGGATGGGC-1","0","Dlg4",0
"ATAACGAAGTCAGCGT-1","5","Dlg4",1.40930321104762
"ATAACGGGTGAGTCCC-1","8","Dlg4",0.846688800604386
"ATAACGTTCACATGGC-1","5","Dlg4",0
"ATAACGTTCCATAGTG-1","5","Dlg4",0
"ATAACGTTCGCGCCTT-1","2","Dlg4",0.680347555063942
"ATAAGCAAGATAGTTC-1","0","Dlg4",0.794749733497585
"ATAAGCAAGCAAGTCC-1","0","Dlg4",1.24005272818704
"ATAAGCTTCGCTGATA-1","2","Dlg4",0
"ATAAGGATCGTTAGCA-1","0","Dlg4",0
"ATAATCGCAATTCATC-1","6","Dlg4",1.10640593198719
"ATAATGCTCATATAGC-1","0","Dlg4",0
"ATAATGCTCCGTAAGC-1","2","Dlg4",1.59009535628011
"ATACCAACAGCCAATG-1","1","Dlg4",0.552175780670727
"ATACCCTTCCGCACCT-1","0","Dlg4",0
"ATACCTAGTGGCCATC-1","2","Dlg4",0.81030572359627
"ATACGAAAGGAGGCTA-1","1","Dlg4",1.45767944698385
"ATACGTTAGCCAGGTT-1","6","Dlg4",0
"ATACGTTAGCCGACCA-1","1","Dlg4",0
"ATACGTTAGTCAAGTT-1","0","Dlg4",0.62688107612544
"ATACTCCTCCGCCATC-1","11","Dlg4",0
"ATACTGACAATCAAGC-1","9","Dlg4",0
"ATACTGGTCACCAATG-1","14","Dlg4",0
"ATACTGGTCTATCCAC-1","0","Dlg4",0
"ATAGCAAAGCGGTACT-1","0","Dlg4",0.751568271878963
"ATAGCAGGTTTGACTA-1","5","Dlg4",0
"ATAGCCATCTGGTCAA-1","0","Dlg4",0.520613630132154
"ATAGGCCTCCGCTACC-1","3","Dlg4",0
"ATAGGCTCAAACTGTA-1","10","Dlg4",0
"ATAGGCTCACAAGGCC-1","2","Dlg4",0
"ATAGGGTAGATTACGT-1","2","Dlg4",1.1213172934735
"ATAGGGTAGCCTGGAT-1","4","Dlg4",0.901142945698363
"ATAGGGTAGCTAGGCT-1","1","Dlg4",0
"ATAGGGTAGGATGCTC-1","3","Dlg4",0
"ATAGGGTAGTTACGTG-1","5","Dlg4",0
"ATAGTCACACAGGATT-1","3","Dlg4",0
"ATAGTCACATCCCTGG-1","0","Dlg4",0
"ATAGTCACATGAGCCA-1","11","Dlg4",0
"ATAGTCCGTTTCCGCT-1","8","Dlg4",0
"ATAGTGAAGTCGAACC-1","1","Dlg4",0
"ATAGTGAAGTTAACGT-1","2","Dlg4",1.5202444172093
"ATATCACAGCGGGAAC-1","0","Dlg4",0.815260013334938
"ATATCACAGGAATGGT-1","2","Dlg4",0.819780950437654
"ATATCACAGGAGCCAA-1","5","Dlg4",0.905859153164339
"ATATCACAGGAGTACG-1","1","Dlg4",0
"ATATCAGCAATAGGCT-1","0","Dlg4",0.852203964516949
"ATATCCCTCCACCTAT-1","0","Dlg4",0
"ATATCCTCAAGTGGCC-1","1","Dlg4",0
"ATATGGCCAGCCTACT-1","4","Dlg4",0.719419690920372
"ATATGGGGTTAGTACC-1","0","Dlg4",0.851895569635833
"ATATGGTTCCCGCTAC-1","1","Dlg4",1.01459343261493
"ATATGGTTCGATGGGA-1","0","Dlg4",0.8361042042107
"ATATGTCAGGTACGTC-1","7","Dlg4",0.577178337061719
"ATATTCCCACTAGCTC-1","0","Dlg4",1.40731965151014
"ATATTCCCATGAGTGT-1","11","Dlg4",0
"ATCAAGGGTTCCTGCT-1","5","Dlg4",0.572087592497751
"ATCACAACATCCTATG-1","9","Dlg4",0
"ATCACCTTCCTGCCTA-1","2","Dlg4",0.615369479517261
"ATCACGATCCGCACCT-1","0","Dlg4",0
"ATCACGATCCGTAGTA-1","0","Dlg4",0
"ATCACTTCAAGGTCGC-1","1","Dlg4",0.579655114015029
"ATCAGGCTCCTCACGC-1","0","Dlg4",0.740179092182775
"ATCAGGTCAACCTGTC-1","11","Dlg4",0
"ATCAGGTCAAGCTCCT-1","4","Dlg4",0.334857241843061
"ATCAGTTAGCCTGAGT-1","9","Dlg4",0
"ATCATCAGTGCGATGG-1","2","Dlg4",0
"ATCATCTCAAGTTCAA-1","13","Dlg4",0.625422917697523
"ATCATCTCACCATGTC-1","0","Dlg4",0
"ATCATGGTCCGTCCTA-1","13","Dlg4",0
"ATCCAAGTCGATCCAA-1","0","Dlg4",1.19229404163186
"ATCCAATAGGTACTAT-1","8","Dlg4",0
"ATCCACAAGGATTAGA-1","0","Dlg4",0.743086344989574
"ATCCATAGTTTGGCAT-1","0","Dlg4",0
"ATCCATGAGCCCTGCT-1","3","Dlg4",0
"ATCCCAAAGAATCAGA-1","2","Dlg4",0
"ATCCCAGGTCTAGTAC-1","3","Dlg4",0
"ATCCCAGGTTAGTGAG-1","2","Dlg4",1.44417214769786
"ATCCCAGGTTGGGTAA-1","5","Dlg4",0.715524797099931
"ATCCCATTCGTTAGAT-1","1","Dlg4",0
"ATCCCGCTCAATCCTC-1","1","Dlg4",0
"ATCCCTTAGCTATCTC-1","3","Dlg4",0
"ATCCGACAGATTGAGA-1","5","Dlg4",0
"ATCCGACAGCCTGACG-1","8","Dlg4",0
"ATCCGACAGCTGAGAG-1","2","Dlg4",1.01129873681236
"ATCCGGGTCATCGAAT-1","10","Dlg4",0
"ATCCGGGTCCACCGCT-1","0","Dlg4",0.710645125528311
"ATCCGTAAGATTCAGT-1","0","Dlg4",0
"ATCCGTAAGGCGTCCA-1","5","Dlg4",1.50302826221598
"ATCCGTCCAAGGTAAG-1","0","Dlg4",1.3111381681076
"ATCCTAGAGCCATAGC-1","1","Dlg4",0.966930239123567
"ATCCTAGAGTCATTGG-1","4","Dlg4",0
"ATCCTCCGTCAATGCT-1","8","Dlg4",0.608112118842866
"ATCCTGAAGCTATGCA-1","5","Dlg4",0
"ATCCTGAAGGCTCTCC-1","8","Dlg4",0.975908110701751
"ATCCTGTTCGCGCGTA-1","3","Dlg4",0
"ATCCTGTTCGTACCTT-1","0","Dlg4",0
"ATCGAACCACTCAATT-1","10","Dlg4",0
"ATCGAACCATGGTTAA-1","1","Dlg4",1.11331445661956
"ATCGAAGGTAGTAACG-1","6","Dlg4",0
"ATCGAAGGTTGGCTGC-1","7","Dlg4",0
"ATCGAGGAGCGCAACT-1","7","Dlg4",0
"ATCGCCCTCACGGACT-1","0","Dlg4",1.22711740621255
"ATCGCCTCACCTTAGC-1","7","Dlg4",0.777090345925698
"ATCGGGCCACTTACTG-1","2","Dlg4",0
"ATCGGTCAGCAGGCAA-1","0","Dlg4",0
"ATCGTAGTCATGTCTC-1","1","Dlg4",1.1248161550629
"ATCGTCAAGTGCTGTA-1","1","Dlg4",0.81751388733747
"ATCTACCTCACACTGA-1","0","Dlg4",0.998673213593908
"ATCTACTCAACCGCAA-1","3","Dlg4",0
"ATCTACTCATCAATTC-1","3","Dlg4",0
"ATCTCCACAATGAAGG-1","5","Dlg4",0.633945897029354
"ATCTGAGTCGATGCGT-1","1","Dlg4",1.33125035234451
"ATCTGCAAGCAGGGTA-1","0","Dlg4",0.992433982885129
"ATCTGCAAGGATGTGG-1","2","Dlg4",0.872446533495977
"ATCTGCAAGTAATGGA-1","4","Dlg4",1.02393231919862
"ATCTGGATCGATGGCT-1","0","Dlg4",0
"ATCTGGATCGCGCAAT-1","5","Dlg4",0
"ATCTGTGAGCGGATTC-1","4","Dlg4",0
"ATCTTAGGTTAGCGAA-1","3","Dlg4",1.23328832715988
"ATCTTAGGTTAGGTAG-1","3","Dlg4",0
"ATGAACCCAACGGCAC-1","4","Dlg4",1.10168839113384
"ATGAACCCAATTACAG-1","4","Dlg4",1.16632980492851
"ATGAACCCAGCAGGAG-1","2","Dlg4",1.67164222647986
"ATGAACCCATGGCAGC-1","12","Dlg4",0
"ATGACAGGTGGCCAGA-1","3","Dlg4",0
"ATGACCCAGCTGGTGT-1","3","Dlg4",0
"ATGACGGAGGCTCTGG-1","0","Dlg4",0
"ATGACGGAGGTCGTAC-1","0","Dlg4",0
"ATGAGGCGTATTGACC-1","4","Dlg4",0
"ATGAGTAAGCATGGGA-1","4","Dlg4",0
"ATGAGTAAGCGACTTA-1","3","Dlg4",0
"ATGAGTAAGGGGACTA-1","0","Dlg4",0
"ATGAGTAAGTGAGAGT-1","11","Dlg4",1.53136860970446
"ATGAGTTTCACCTGGG-1","0","Dlg4",0
"ATGAGTTTCGTTCCAT-1","0","Dlg4",0.956892047781121
"ATGATCCGTTAGCAAG-1","0","Dlg4",0
"ATGATCCGTTCGAGCC-1","0","Dlg4",0
"ATGATGTTCCCAGTCC-1","7","Dlg4",0.876274525054935
"ATGATTGCAAGTCGCA-1","7","Dlg4",1.05140794637726
"ATGATTGCAGTAAGGA-1","6","Dlg4",0
"ATGCAAGGTTGGCTGC-1","11","Dlg4",0.970428689693086
"ATGCAAGGTTGGGCAG-1","7","Dlg4",0.623088334416404
"ATGCAGCTCCAGATTG-1","11","Dlg4",1.32831952739886
"ATGCAGCTCGCTGACG-1","12","Dlg4",0
"ATGCCACAGTAGTTAC-1","9","Dlg4",0
"ATGCCAGCAGTAATGC-1","0","Dlg4",0.83396183206015
"ATGCCCAGTCAATCTA-1","4","Dlg4",0
"ATGCCCAGTTCCAGCA-1","0","Dlg4",0
"ATGCCTAAGGATATGA-1","2","Dlg4",0
"ATGCCTGGTTGCCTAG-1","3","Dlg4",0
"ATGCGGTTCCTTGGTT-1","3","Dlg4",0
"ATGCGGTTCTGGTGAC-1","3","Dlg4",0
"ATGCTAACAACTGTGG-1","4","Dlg4",0.43005723640786
"ATGCTAGTCCATAGAT-1","3","Dlg4",0
"ATGCTCAAGCTAGGGA-1","0","Dlg4",0
"ATGCTGATCCAGGTCG-1","2","Dlg4",0
"ATGCTTAGTGCGGTGA-1","8","Dlg4",0.809820707614771
"ATGGACTCATTCGCTA-1","8","Dlg4",0
"ATGGAGTAGGAATGTA-1","1","Dlg4",0
"ATGGCGAAGTCATAGT-1","1","Dlg4",0
"ATGGCTATCCTCACTG-1","0","Dlg4",0
"ATGGCTATCTGTCTGT-1","0","Dlg4",0
"ATGGCTTGTAATGTGG-1","0","Dlg4",1.12103842107813
"ATGGCTTGTTAGACTC-1","1","Dlg4",1.05989943094283
"ATGGGATAGTTGGATT-1","9","Dlg4",0
"ATGGGCAAGCAGGTCT-1","7","Dlg4",1.56578786619843
"ATGGGCAAGGCTCCTC-1","5","Dlg4",0
"ATGGGCTTCGATCCTT-1","2","Dlg4",0.752338631157737
"ATGGGCTTCTATCGGA-1","10","Dlg4",0
"ATGGGGATCAGCCAAC-1","2","Dlg4",0
"ATGGGGATCGCGCTTC-1","11","Dlg4",0
"ATGGGTAGTAGCTGAA-1","5","Dlg4",0
"ATGGGTAGTCAGTTAC-1","0","Dlg4",0
"ATGGGTAGTGCGATCC-1","11","Dlg4",0
"ATGGGTGAGGATCCGT-1","2","Dlg4",1.37500152194055
"ATGGTAAAGGAACTAA-1","2","Dlg4",0
"ATGGTAGGTTCGCTAG-1","0","Dlg4",0
"ATGGTGAGTGAGTGGT-1","6","Dlg4",0
"ATGGTTACAAGCTGGC-1","3","Dlg4",0.504194718510062
"ATGGTTACAATTGGAC-1","5","Dlg4",0
"ATGGTTACACAAGCAT-1","3","Dlg4",0
"ATGGTTACACCATCTA-1","1","Dlg4",0.340438889600127
"ATGGTTACATCGCTCG-1","2","Dlg4",0
"ATGTAGCCAATGCGTG-1","2","Dlg4",0.953056703076785
"ATGTAGCCACCAACCT-1","0","Dlg4",1.05268130492161
"ATGTAGCCACCATGTC-1","0","Dlg4",0.941459975265805
"ATGTAGCCAGGAGCCT-1","0","Dlg4",0.9501288398244
"ATGTCCTTCCATGCAA-1","14","Dlg4",0
"ATGTCCTTCCCGCTTA-1","4","Dlg4",1.33063570078348
"ATGTGAAAGCAATCAT-1","1","Dlg4",0.736897664215746
"ATGTGAGGTCTTGCTC-1","6","Dlg4",0
"ATGTGCATCTCACACT-1","7","Dlg4",0.932959058755287
"ATGTGGGAGCGAAGTG-1","4","Dlg4",0
"ATGTGGGAGTAGCCCG-1","0","Dlg4",0
"ATGTGTTAGATAGTTC-1","0","Dlg4",0
"ATGTGTTAGGAACCTC-1","6","Dlg4",1.48138821445583
"ATGTGTTAGTTGGGTC-1","6","Dlg4",0
"ATGTTAGCAACGTGGC-1","2","Dlg4",0
"ATGTTCCTCTCATCTA-1","13","Dlg4",0
"ATGTTCTCATGTCGGA-1","0","Dlg4",2.00954848663315
"ATGTTCTCATTCGGCT-1","8","Dlg4",1.3821090037397
"ATTAAGCTCACGCTCC-1","0","Dlg4",0
"ATTAAGCTCCACCAGG-1","7","Dlg4",0
"ATTACAGCAACTCGCT-1","5","Dlg4",1.42968355561448
"ATTACTGGTCAGGCTC-1","3","Dlg4",0
"ATTACTGGTGAGGTAC-1","4","Dlg4",0
"ATTACTGGTTCCGGGT-1","0","Dlg4",0
"ATTCAGGTCGATGGCT-1","0","Dlg4",1.15258828986991
"ATTCAGTAGGGTTGAG-1","10","Dlg4",0
"ATTCATCCAATCATCT-1","3","Dlg4",0
"ATTCATGGTAATGGTG-1","0","Dlg4",0
"ATTCATGGTATGGTCT-1","10","Dlg4",0
"ATTCATGGTGAAGTGC-1","8","Dlg4",0
"ATTCATGGTGCGGACA-1","1","Dlg4",0.984227327222759
"ATTCCATCATCCGCTG-1","10","Dlg4",0
"ATTCCCACATCACATT-1","2","Dlg4",0
"ATTCCGCCAAGCTATA-1","2","Dlg4",0
"ATTCCGGGTCAGCTTG-1","2","Dlg4",0.797287439812542
"ATTCCTTGTCTAAGCT-1","4","Dlg4",0.849513504498643
"ATTCGATAGCGCTCAG-1","6","Dlg4",2.06162254239992
"ATTCGATAGTCAAGCC-1","2","Dlg4",0.616740356819113
"ATTCGATAGTGAACGG-1","8","Dlg4",1.10008110986956
"ATTCGCTTCAATCAAC-1","6","Dlg4",0.862278251133781
"ATTCGCTTCCCGCGTT-1","1","Dlg4",1.12521421321035
"ATTCGGGCAACTGTGG-1","5","Dlg4",0
"ATTCGGGCAATCGTAA-1","0","Dlg4",0
"ATTCGGGCAATTAGGC-1","0","Dlg4",0
"ATTCGTTCAACTAGGT-1","3","Dlg4",0
"ATTCGTTCACTTGGTC-1","2","Dlg4",1.75333725963889
"ATTCGTTCATCGGTCT-1","1","Dlg4",0
"ATTGAGAAGAATCAGA-1","4","Dlg4",0.620572788823129
"ATTGAGAAGCCTGCGA-1","2","Dlg4",1.31262501752792
"ATTGCCCCATGCGTCT-1","5","Dlg4",0.853594675203149
"ATTGCCTTCAGCTCGG-1","0","Dlg4",1.2193324171285
"ATTGCCTTCCATGAGC-1","6","Dlg4",0
"ATTGGATTCACTAACG-1","1","Dlg4",0
"ATTGGATTCGATCAAT-1","8","Dlg4",0
"ATTGGCCAGAAGCCCT-1","4","Dlg4",0
"ATTGGCCAGGCTGTAC-1","8","Dlg4",1.1030317414218
"ATTGGCCAGTCATACG-1","2","Dlg4",0
"ATTGGGTCAAGGTACT-1","0","Dlg4",0
"ATTGTCAGTCCATACG-1","0","Dlg4",0
"CAAACCATCAGGAGCA-1","2","Dlg4",1.64703307791814
"CAAACCATCGTTAGCA-1","1","Dlg4",1.18546586078629
"CAAACCCAGCCAATCA-1","1","Dlg4",0.414986551936944
"CAAACCGCAACCGTGA-1","0","Dlg4",0.795215927830821
"CAAACCGCAGGACTGC-1","3","Dlg4",0
"CAAACCGCATTAGGCG-1","2","Dlg4",1.64694847884014
"CAAACCTGTATGGCAA-1","2","Dlg4",0
"CAAACTTAGTCATCAG-1","4","Dlg4",0.627531402538029
"CAAAGCCTCCCCTTAG-1","10","Dlg4",0
"CAAAGCCTCGTGCAAC-1","4","Dlg4",0
"CAAAGCGAGCTAACCA-1","2","Dlg4",0.759165598268401
"CAAAGCGAGCTGGAAG-1","11","Dlg4",0
"CAAAGCTCAACTACTT-1","1","Dlg4",0.58421797719939
"CAAAGCTCAATGTCGG-1","2","Dlg4",1.43989820868229
"CAAAGCTCACCTTGAC-1","0","Dlg4",0
"CAAAGGCGTGGGTTGG-1","0","Dlg4",0
"CAAAGGGTCACTCATC-1","0","Dlg4",0.858226192347047
"CAAAGGGTCCACCTGC-1","5","Dlg4",1.12742086529988
"CAAAGGGTCGCTCTAT-1","2","Dlg4",1.37743519281115
"CAAAGGTAGCAAGGCA-1","12","Dlg4",0
"CAAAGGTAGGTAAGGT-1","5","Dlg4",0
"CAAAGGTAGGTAGCCT-1","1","Dlg4",0
"CAAAGGTAGTCGAGTC-1","2","Dlg4",0.794417089474992
"CAAAGGTAGTGCTTGA-1","7","Dlg4",0
"CAAAGTAAGTAATCGT-1","7","Dlg4",0.847221677166521
"CAAATCACAAACTAGC-1","4","Dlg4",0
"CAAATCACAACTGTCC-1","4","Dlg4",0.427833940815573
"CAAATCACAATACGGT-1","2","Dlg4",0.739577597150501
"CAAATCCGTAGTGCCC-1","5","Dlg4",1.5199652778558
"CAAATCCGTCATGGCC-1","2","Dlg4",0.683537644988958
"CAAATGAAGAACCTTG-1","4","Dlg4",0.553806871687965
"CAAATGTTCCCCAGAG-1","6","Dlg4",0
"CAAATTCAGTAGTTAC-1","0","Dlg4",0.670073318166597
"CAACAGTCACTATCTG-1","0","Dlg4",0.645978488202773
"CAACAGTCAGGTAGGG-1","0","Dlg4",0.933520665560773
"CAACAGTCATAAGCCG-1","1","Dlg4",0.648276528124061
"CAACAGTCATGAGCGC-1","9","Dlg4",0
"CAACCAGCAAGCGAGG-1","0","Dlg4",0
"CAACCCAGTAGTGTGA-1","5","Dlg4",1.14086426538703
"CAACCCAGTTTAGCCG-1","0","Dlg4",1.19694888727462
"CAACCCAGTTTCGCCT-1","2","Dlg4",1.1614828443021
"CAACCCTCATTACGTT-1","0","Dlg4",1.04096523567844
"CAACGAAGTGGGTTGG-1","3","Dlg4",0
"CAACGATCAACTGCGA-1","0","Dlg4",0
"CAACGATCAAGCTAGT-1","5","Dlg4",1.07238383111739
"CAACGATCAGCCTACT-1","6","Dlg4",0
"CAACGATCATGGCGTA-1","0","Dlg4",0
"CAACTAGTCTATCCAC-1","0","Dlg4",0
"CAACTCCCAGGCTATG-1","4","Dlg4",0.382348500857432
"CAACTGATCCCAGGTG-1","4","Dlg4",1.06560258711581
"CAACTGATCGACCAAC-1","10","Dlg4",0
"CAAGACAGTTTGACCG-1","1","Dlg4",0
"CAAGACTCAGGCAAGG-1","4","Dlg4",0.436192579402778
"CAAGACTCATCCATAT-1","2","Dlg4",1.06610168555477
"CAAGCATCAAACTGAC-1","1","Dlg4",0.819177468563323
"CAAGCATCAAGCTCTC-1","3","Dlg4",0
"CAAGCATCAAGCTGCA-1","1","Dlg4",0.827748784794205
"CAAGCATCAATAGCGT-1","0","Dlg4",0
"CAAGCATCATCATCAT-1","5","Dlg4",0
"CAAGCATCATGCTGTC-1","4","Dlg4",0.531081588249765
"CAAGCGAAGATAGTTC-1","0","Dlg4",0
"CAAGCGAAGGTGGAGC-1","1","Dlg4",0
"CAAGCGCCAATTGCCC-1","8","Dlg4",0
"CAAGCTATCATGAGCC-1","7","Dlg4",0.532007202864614
"CAAGCTCAGAACGAAC-1","0","Dlg4",0.815962939470939
"CAAGCTCAGCAGGTCT-1","4","Dlg4",0
"CAAGCTCAGCCGACCA-1","1","Dlg4",0
"CAAGCTGCAAATGAGG-1","8","Dlg4",0
"CAAGCTGCAATCGACG-1","2","Dlg4",1.27343901775296
"CAAGCTGCATAAGCGT-1","9","Dlg4",0
"CAAGGATAGGTACGCT-1","9","Dlg4",0
"CAAGGATAGTGCCCAG-1","5","Dlg4",0.337780206242504
"CAAGGCAAGCCTCTCA-1","9","Dlg4",0
"CAAGGGATCGCTGATA-1","2","Dlg4",1.73339425326688
"CAAGGGGCAAATGGAG-1","5","Dlg4",1.22848272384311
"CAAGGGGCATAGATGC-1","0","Dlg4",0
"CAAGGTAGTTAGTAGG-1","8","Dlg4",0
"CAAGGTAGTTTGGAAG-1","9","Dlg4",0
"CAAGTAGGTGAGTATG-1","3","Dlg4",0
"CAAGTAGGTTCCGCAA-1","7","Dlg4",1.35967175354173
"CAAGTCGCAAGCTAGT-1","3","Dlg4",0
"CAAGTCGCACTAGCTC-1","7","Dlg4",1.17263174566355
"CAAGTTACAATCTGCC-1","8","Dlg4",0.582188699344729
"CAAGTTACATGGTCGA-1","0","Dlg4",0.850472314456156
"CAAGTTTAGCATAGGG-1","0","Dlg4",1.02267636294723
"CAAGTTTAGCTTAGAT-1","0","Dlg4",0
"CAATAGCCAACGGCTA-1","4","Dlg4",0.996404406552007
"CAATATCAGGTACACC-1","2","Dlg4",0
"CAATCATAGTAAGGGT-1","3","Dlg4",0
"CAATCATAGTCGATCA-1","3","Dlg4",0
"CAATCCTTCTAGTAAC-1","0","Dlg4",0
"CAATCGATCTGTGCGG-1","1","Dlg4",0
"CAATCTTCACCTAACC-1","1","Dlg4",0.42714741231384
"CAATCTTCATCGGGAC-1","0","Dlg4",0
"CAATGCATCATGGTCA-1","6","Dlg4",1.4030247893791
"CAATGCATCGCGCATG-1","7","Dlg4",0
"CAATGCATCGTGCCTC-1","3","Dlg4",0
"CAATGGCTCCCCAATT-1","4","Dlg4",0
"CAATGGGAGGCGTTAC-1","1","Dlg4",0
"CAATGGGAGGTGATCC-1","1","Dlg4",0.726212381168574
"CAATTAGCAACTCGGA-1","0","Dlg4",1.05365374326552
"CAATTAGCAATGACAC-1","2","Dlg4",0
"CAATTAGCAGGAAGTA-1","6","Dlg4",2.21775196928277
"CAATTCCTCAATCGCA-1","5","Dlg4",0.536390419985528
"CACAAGCTCACAGGAG-1","6","Dlg4",0
"CACAAGCTCCCGCAAG-1","0","Dlg4",1.51206053379658
"CACAAGTCACTTCAGC-1","8","Dlg4",1.11466628109234
"CACAATTAGCGAGGAC-1","6","Dlg4",0
"CACACAGCAGCTATGG-1","13","Dlg4",0
"CACACAGCAGCTCGAA-1","9","Dlg4",0
"CACACCTCAATAGCGT-1","10","Dlg4",0
"CACACTAAGGCGTCTG-1","0","Dlg4",0.72544187216305
"CACACTAAGGCTGTAC-1","11","Dlg4",0
"CACATAACACAGGATT-1","8","Dlg4",1.0764471048401
"CACATAGTCCTCATAC-1","0","Dlg4",0
"CACATCAAGGAGTAAC-1","2","Dlg4",0.438348983691274
"CACATCAAGGTTGGTC-1","0","Dlg4",0.750976810444783
"CACATTAGTAGCTAGA-1","2","Dlg4",1.43071153968444
"CACATTAGTCATTGGT-1","1","Dlg4",1.06535322936035
"CACATTAGTCTGGTCA-1","4","Dlg4",0.606363164142425
"CACATTAGTTGCGGTC-1","0","Dlg4",0.996081200928622
"CACATTGAGGTGCTCG-1","6","Dlg4",0
"CACATTGAGTTAATGC-1","1","Dlg4",0
"CACATTTCATAAGGAG-1","4","Dlg4",0.477821382857544
"CACATTTCATTAGCGG-1","14","Dlg4",0
"CACCAGTAGTTGGTAT-1","1","Dlg4",0.645288048714297
"CACCATAAGGCATCCG-1","0","Dlg4",0
"CACCCAAGTTTCGGTG-1","2","Dlg4",0
"CACCCATCATGACCGA-1","8","Dlg4",0
"CACCCGTTCTATGGTG-1","0","Dlg4",1.61991976611264
"CACCCTGCAATAGGGA-1","0","Dlg4",0
"CACCCTTGTCTGTGTG-1","0","Dlg4",1.04844979707599
"CACCGAACAATGCCCT-1","7","Dlg4",0
"CACCGAACATAGGCTG-1","8","Dlg4",1.72880552249059
"CACCGATAGATAGGCG-1","0","Dlg4",1.27026702042365
"CACCGATAGGCGTACT-1","8","Dlg4",0.793354594326016
"CACCGCAAGTAATGTC-1","1","Dlg4",0
"CACCGCTTCACACCAA-1","4","Dlg4",0.494996134533
"CACCGTAGTAAGTGGC-1","0","Dlg4",0.592916767006069
"CACCGTAGTCAGTCGC-1","0","Dlg4",0
"CACCGTTCAAGCACTG-1","3","Dlg4",0
"CACCGTTCATGCTCAC-1","0","Dlg4",0.759770652628877
"CACCTATTCGCTCAGG-1","9","Dlg4",0
"CACCTCTGTAGGTGTA-1","1","Dlg4",0
"CACCTCTGTGAACGTA-1","6","Dlg4",1.37810064674958
"CACCTGCTCTCATGCT-1","0","Dlg4",0.862594674236539
"CACGAAAGTTGCGGTC-1","4","Dlg4",0.505079087496704
"CACGACCGTTTCGGTG-1","7","Dlg4",0.662405613271904
"CACGACCGTTTGACGT-1","0","Dlg4",0
"CACGACTAGCCAGGAA-1","2","Dlg4",0.598545591733737
"CACGACTAGCCTCTAT-1","15","Dlg4",0
"CACGACTAGTTAACCG-1","2","Dlg4",0.93053377119497
"CACGAGGGTCTTGAAC-1","4","Dlg4",0.543589820586508
"CACGATGCAATTGGCG-1","2","Dlg4",0.928214464821765
"CACGATGCACCTGCTG-1","0","Dlg4",0
"CACGCAACACAACCGA-1","0","Dlg4",0
"CACGCAACACATAGTA-1","5","Dlg4",1.04045198407971
"CACGCAACACTATGCC-1","0","Dlg4",0.861291014727983
"CACGCAACAGTACCAG-1","7","Dlg4",0.851356447369256
"CACGCCAAGCGACTAC-1","0","Dlg4",1.15214382108101
"CACGCCAAGTAATGGA-1","6","Dlg4",0
"CACGCCAAGTAGACTT-1","7","Dlg4",0.85842196119403
"CACGCTAGTAATCCCG-1","16","Dlg4",0
"CACGCTAGTTATCACA-1","10","Dlg4",1.21270757998187
"CACGGCTGTAGCCTGC-1","4","Dlg4",0
"CACGGGTCAATCATAG-1","1","Dlg4",0
"CACGGTTAGTACGCTA-1","7","Dlg4",0
"CACGGTTAGTGCCTGG-1","5","Dlg4",1.71821436207196
"CACGTATGTAACGAGC-1","0","Dlg4",0.680708507410007
"CACGTATGTGAACTGA-1","1","Dlg4",0.82500270488912
"CACGTATGTGATGAAT-1","1","Dlg4",0.411144636559766
"CACGTTGGTGCAAGCG-1","3","Dlg4",0
"CACGTTGGTTAGTAGG-1","3","Dlg4",0
"CACTAACGTAGCGAGT-1","6","Dlg4",0
"CACTACAAGCGCCAAT-1","8","Dlg4",0.970072531915518
"CACTACAAGGCACAGA-1","3","Dlg4",0
"CACTACCCAAGGGATA-1","15","Dlg4",0
"CACTACCCACCATGAG-1","11","Dlg4",1.21681771081441
"CACTACTTCGACCATA-1","1","Dlg4",0
"CACTACTTCTATCACC-1","0","Dlg4",0
"CACTATGAGGTACAGG-1","6","Dlg4",0
"CACTCAAAGATTGCCA-1","0","Dlg4",0.602185236888185
"CACTCAAAGGTCGATC-1","6","Dlg4",1.27647372728505
"CACTCCATCAGTAGTT-1","2","Dlg4",0.707656477703205
"CACTCCATCGCGCAAT-1","13","Dlg4",0
"CACTCCATCTAGTAAC-1","0","Dlg4",0.970768149610124
"CACTCCGCAACCGTCT-1","0","Dlg4",0.517856480203151
"CACTGCCTCCCCTTGA-1","0","Dlg4",0
"CACTGGACACATGCTC-1","4","Dlg4",0
"CACTGGACAGGCAGAG-1","11","Dlg4",0
"CACTGGACAGGGCAGA-1","1","Dlg4",0.63415373164177
"CACTGGACATCCTTAG-1","0","Dlg4",0
"CACTTAGAGTTAATGC-1","8","Dlg4",0.67924310852913
"CACTTCACACAAGCAT-1","11","Dlg4",0
"CAGCAAAGTATTGGCT-1","2","Dlg4",0
"CAGCAAAGTCAAGGCG-1","2","Dlg4",0.859284470795872
"CAGCACTAGCAATGAA-1","3","Dlg4",0
"CAGCATATCGATTAAC-1","10","Dlg4",0
"CAGCATTGTCCCGAGT-1","3","Dlg4",0
"CAGCCATAGGAGTAAC-1","9","Dlg4",0
"CAGCCTAGTAGCCATT-1","5","Dlg4",0.595461755952345
"CAGCCTAGTTGCTCCT-1","7","Dlg4",0.826951882886252
"CAGCGAGGTTAATTCG-1","8","Dlg4",0
"CAGCGAGGTTGTCACG-1","4","Dlg4",0.511948138316187
"CAGCGGTCAAGTTACA-1","1","Dlg4",1.02628192757566
"CAGCGGTCACTTGGGA-1","4","Dlg4",0
"CAGCTAATCTGTAACG-1","4","Dlg4",0.500202775007934
"CAGGAGGCAACCGGAC-1","2","Dlg4",0
"CAGGATAGTCAGCTTG-1","5","Dlg4",0
"CAGGATAGTCATGGAA-1","8","Dlg4",0.726102203895433
"CAGGCCATCATGTCCT-1","4","Dlg4",0.808852509256555
"CAGGCCATCCTCAGTT-1","4","Dlg4",0.689220441413874
"CAGGCGAGTGAGGAAG-1","3","Dlg4",0
"CAGGCGAGTTGGAGCG-1","2","Dlg4",0
"CAGGCGAGTTTGGGAA-1","0","Dlg4",0
"CAGGCTTAGATAGCCC-1","1","Dlg4",0
"CAGGGATGTCCATATA-1","1","Dlg4",0.741011411471657
"CAGGGATGTGAGCCCT-1","0","Dlg4",0.82385220846364
"CAGGGCTCAAACCCAG-1","5","Dlg4",0
"CAGGGCTCAAATGGCT-1","0","Dlg4",0.495496780991919
"CAGGGCTCAGCCAATG-1","2","Dlg4",0.641560340853045
"CAGGGGACACGCCATT-1","2","Dlg4",0
"CAGGGGACAGGTAATC-1","1","Dlg4",0.922850577244352
"CAGGGGTAGCAAGCTC-1","10","Dlg4",0
"CAGGTGAAGTAGGACG-1","4","Dlg4",0
"CAGTAAGGTATAGTCC-1","4","Dlg4",1.09093826318016
"CAGTACGCATCGCGTT-1","1","Dlg4",0.848709872261362
"CAGTACGCATGATCCC-1","5","Dlg4",0
"CAGTACGCATGTCGTC-1","0","Dlg4",0
"CAGTAGGAGGGTGAAT-1","2","Dlg4",0.750681444921423
"CAGTAGGAGTAGGCAG-1","2","Dlg4",0.847069354245107
"CAGTAGGAGTATCTGG-1","7","Dlg4",0
"CAGTAGGAGTGGCCTG-1","9","Dlg4",0
"CAGTAGTCACTTGCTA-1","1","Dlg4",1.35877590764046
"CAGTAGTCATCACGCT-1","1","Dlg4",0.524918859878589
"CAGTATTAGCATGCGT-1","0","Dlg4",0
"CAGTATTAGCTTAACG-1","5","Dlg4",0
"CAGTCAATCACTTCCG-1","7","Dlg4",0.48909229207246
"CAGTCAATCGATCACA-1","4","Dlg4",0.431376051910981
"CAGTCAATCGATTGGC-1","0","Dlg4",0.582432842808156
"CAGTCCCTCCGCACCT-1","6","Dlg4",0
"CAGTCCCTCCTTCAGT-1","0","Dlg4",0.573436083267159
"CAGTCCCTCGAAGTCC-1","5","Dlg4",0.692547720056431
"CAGTCCTCATGACGTG-1","0","Dlg4",0.86402163372642
"CAGTGTTGTTCTGGTG-1","2","Dlg4",0.661882720306253
"CAGTTAACACCTTGGT-1","11","Dlg4",0
"CAGTTAACAGGTTCCT-1","10","Dlg4",0
"CAGTTAACATGACGTG-1","6","Dlg4",0
"CAGTTACGTCTAGCGC-1","0","Dlg4",1.69399129941389
"CAGTTAGTCGACCTAA-1","0","Dlg4",0.568213544549532
"CAGTTATAGGTCACAC-1","0","Dlg4",0
"CAGTTATAGTCGAGTC-1","0","Dlg4",0.816808140604734
"CAGTTTAGTAACGCAA-1","3","Dlg4",0
"CAGTTTAGTAGTAACG-1","12","Dlg4",0
"CAGTTTAGTATGGACA-1","4","Dlg4",0.371343343693682
"CAGTTTAGTCTTACCC-1","2","Dlg4",0.712917181960949
"CAGTTTAGTGGCCAGA-1","8","Dlg4",0
"CAGTTTAGTTCGTGAT-1","11","Dlg4",1.34781411449433
"CAGTTTGAGCCACACG-1","3","Dlg4",0
"CAGTTTGAGCGGTACT-1","2","Dlg4",1.47885449742641
"CAGTTTGAGTTACCAG-1","0","Dlg4",0
"CATAAGCCAAGCTGTG-1","11","Dlg4",0
"CATAAGCCACTAGGCA-1","11","Dlg4",1.35866849729655
"CATAAGGGTGCGTAGG-1","0","Dlg4",0
"CATACAACAAGCTAAC-1","1","Dlg4",0.483020870953529
"CATACCAAGCTAGTGC-1","2","Dlg4",0.79815952275057
"CATACCAAGCTGGGTT-1","0","Dlg4",0.348404761365802
"CATACCAAGGCACATC-1","0","Dlg4",0.799842262284023
"CATACCTTCAGCTCAA-1","0","Dlg4",0.627694201902763
"CATACTGAGTAATTGC-1","3","Dlg4",0
"CATACTTCAAACTGAC-1","5","Dlg4",0.629900562411216
"CATAGAGGTCTAGCTG-1","5","Dlg4",1.47685223152808
"CATAGAGGTGAGAGTC-1","0","Dlg4",1.07836339304084
"CATAGAGGTTTGCCTC-1","2","Dlg4",1.3836004208526
"CATAGATTCATGCCAA-1","1","Dlg4",0.927244043409738
"CATAGATTCGATCACA-1","4","Dlg4",0.829565974675939
"CATAGGCTCAGTGCTA-1","7","Dlg4",0.574519587154053
"CATAGGTCAAGCACAT-1","7","Dlg4",0.664070916478436
"CATAGTTAGCTTAACG-1","2","Dlg4",1.18200595571518
"CATAGTTAGGTATATC-1","0","Dlg4",0
"CATAGTTAGTTAGCAT-1","0","Dlg4",0.985909580070354
"CATATCCTCGCTCAGG-1","4","Dlg4",1.02067377478929
"CATATCTCAAATCGAC-1","3","Dlg4",0
"CATATCTCAGGGCTTA-1","2","Dlg4",0
"CATATGGTCGACATAT-1","6","Dlg4",0
"CATATTCCAATGCCGA-1","13","Dlg4",0
"CATATTGGTTCTGTCC-1","7","Dlg4",0
"CATCAATAGTCGAGAG-1","10","Dlg4",0
"CATCACAAGCAGGTCT-1","3","Dlg4",0
"CATCACTTCCGTGCGA-1","10","Dlg4",0
"CATCAGGCAACTGGGC-1","3","Dlg4",0
"CATCAGGCAGTTAGTA-1","0","Dlg4",0
"CATCATTCAATAGTGC-1","3","Dlg4",0
"CATCCAAAGCAAGGAT-1","0","Dlg4",0
"CATCCAAAGGTTCGAC-1","3","Dlg4",0
"CATCCACCAAATGGGA-1","6","Dlg4",0
"CATCCAGGTTGAGTTC-1","7","Dlg4",1.07970924690439
"CATCCCATCCAGGGTT-1","7","Dlg4",1.09891237869737
"CATCCGCTCCATAGCA-1","3","Dlg4",0
"CATCCGGAGTACGGAG-1","9","Dlg4",0
"CATCGTCCAAGCTCCT-1","0","Dlg4",0
"CATCGTCCACCAACCT-1","12","Dlg4",0
"CATCGTCCACTTGGAG-1","2","Dlg4",1.12013314103208
"CATCGTTTCCGCCATC-1","1","Dlg4",0.354265786276222
"CATCTAAGTAGCGATA-1","0","Dlg4",1.15407260179942
"CATCTCACAAGTGAGA-1","2","Dlg4",0.762750087142832
"CATCTTGCAACCAACG-1","2","Dlg4",0.759105148351743
"CATCTTGCATCCACAC-1","1","Dlg4",0.501868932839612
"CATGAAGGTTGGTAGA-1","2","Dlg4",0.847145508453944
"CATGATTAGCTGGAAG-1","7","Dlg4",1.06410835100195
"CATGCCAGTTCCCAAG-1","0","Dlg4",1.11432225423592
"CATGCCTCAACATGGT-1","9","Dlg4",1.58032559746718
"CATGCGCGTAGTTGGA-1","0","Dlg4",0
"CATGCGCGTGAGTTAG-1","3","Dlg4",0
"CATGCGCGTTTCCTTG-1","7","Dlg4",2.07826118787386
"CATGCTGGTAACCGAA-1","7","Dlg4",1.26212700724217
"CATGCTGGTCTGGTCA-1","8","Dlg4",0
"CATGCTGGTGGACACG-1","1","Dlg4",0.963208326698806
"CATGGGTTCCTTAACC-1","4","Dlg4",0.772306973032339
"CATGGTTGTTAAGGTG-1","4","Dlg4",1.5245164105924
"CATGTCAAGTACCACA-1","1","Dlg4",0.413993182262679
"CATGTTAGTAACGAGC-1","0","Dlg4",1.07441126367457
"CATGTTAGTTATGGCT-1","2","Dlg4",0
"CATGTTGAGGTGAGCA-1","0","Dlg4",1.02829697985234
"CATGTTGAGTAAGGTA-1","5","Dlg4",1.56429189394366
"CATTAACAGGATTGCC-1","11","Dlg4",0
"CATTACCTCCTGATAG-1","0","Dlg4",0.683052302268629
"CATTACCTCCTGCACC-1","1","Dlg4",0
"CATTACCTCTATGGGC-1","1","Dlg4",1.01610895224401
"CATTACTCATAGGTCG-1","3","Dlg4",0
"CATTAGGTCCTTAGCT-1","0","Dlg4",0
"CATTAGGTCGCGCTTC-1","2","Dlg4",0
"CATTAGTAGCGCATAC-1","3","Dlg4",0
"CATTCAAGTTAATCTG-1","8","Dlg4",1.35381963146139
"CATTCAAGTTCGCGTA-1","0","Dlg4",0
"CATTCGAAGCCCGTAG-1","5","Dlg4",1.41777666095699
"CATTCGTTCATCACGA-1","3","Dlg4",0
"CATTCGTTCGCTATGA-1","1","Dlg4",0.546788795022458
"CATTCTATCACCATGA-1","0","Dlg4",0
"CATTCTATCAGCATAT-1","11","Dlg4",0
"CATTCTATCTATCTGC-1","0","Dlg4",0.601326946022387
"CATTGCTTCGAAGCCT-1","1","Dlg4",1.12947172317446
"CATTGGGCACTTAGCC-1","6","Dlg4",1.46505633091344
"CATTGGGCATAGACAC-1","0","Dlg4",0
"CATTGGGCATCCTTAG-1","6","Dlg4",0
"CATTGTGAGCCGCGTA-1","7","Dlg4",1.22202764762046
"CATTGTGAGGCACTCG-1","6","Dlg4",0
"CATTTAGGTTGGATAG-1","3","Dlg4",0
"CATTTCATCGATAGCC-1","1","Dlg4",0.977611513238687
"CATTTCGCACCTCGCA-1","5","Dlg4",0.706509953989306
"CATTTGAGTAAGCGTA-1","6","Dlg4",0
"CATTTGAGTATTGCTA-1","0","Dlg4",0
"CATTTGCTCATGTCGA-1","1","Dlg4",0.61950110217887
"CATTTGCTCCGCCACT-1","2","Dlg4",0.669328495113006
"CATTTGCTCCGTAGGT-1","1","Dlg4",0.652791280550227
"CATTTGGAGCCACACG-1","0","Dlg4",1.18381173129287
"CATTTGGAGTTAATGC-1","4","Dlg4",0
"CCAAAGTCATGGTCGA-1","0","Dlg4",0
"CCAAATGTCCGCCATC-1","3","Dlg4",0
"CCAAGGGGTTCGTCCT-1","2","Dlg4",1.50330009397771
"CCAAGGTTCCGCAACG-1","3","Dlg4",0
"CCAAGTCAGTGTCCTT-1","8","Dlg4",0
"CCAATAGTCACGGACT-1","1","Dlg4",0
"CCAATAGTCCTCGTGC-1","3","Dlg4",0
"CCAATATAGGAGGATT-1","0","Dlg4",0
"CCAATCAAGCTACCGG-1","0","Dlg4",0
"CCAATCCCACAGCGAC-1","0","Dlg4",0
"CCAATCCCACTAGCTC-1","4","Dlg4",0
"CCAATTAGTATGTACC-1","2","Dlg4",1.08825394573895
"CCAATTAGTGGAGCAT-1","5","Dlg4",0
"CCAATTAGTTCGTCAG-1","1","Dlg4",1.02133277755006
"CCAATTGAGCAAGCCT-1","1","Dlg4",0
"CCAATTGAGCTACCTT-1","2","Dlg4",0.757416635144406
"CCAATTGAGGTACTGC-1","9","Dlg4",0
"CCAATTGAGTGATTCG-1","0","Dlg4",0
"CCAATTTCAATACATG-1","0","Dlg4",0
"CCAATTTCACCTATGC-1","2","Dlg4",0.607921511545942
"CCAATTTCACCTTACA-1","0","Dlg4",0
"CCACAACAGAAGCAAC-1","5","Dlg4",0
"CCACAACAGGTTGGGA-1","0","Dlg4",0
"CCACAGACACATATAG-1","5","Dlg4",0
"CCACAGACATCCTTGA-1","0","Dlg4",0
"CCACAGACATGATATG-1","0","Dlg4",0.607198325489921
"CCACATAAGAAGGTGT-1","4","Dlg4",1.32157711757212
"CCACATGGTGGCTAGG-1","0","Dlg4",0
"CCACATGGTTGCCTGA-1","0","Dlg4",0
"CCACCATCAACATGGT-1","8","Dlg4",0.604436182743066
"CCACCGTTCTCACAGA-1","3","Dlg4",0
"CCACCTCAGCGCTCGA-1","5","Dlg4",0
"CCACCTCAGTAGAGCG-1","1","Dlg4",0.810375061591512
"CCACCTGCAACATGAC-1","0","Dlg4",0
"CCACCTGCACCTAATT-1","0","Dlg4",0
"CCACCTTGTGAAGTCA-1","2","Dlg4",0
"CCACGAACAGGCTATG-1","0","Dlg4",0
"CCACGAACATCGAACG-1","7","Dlg4",0.484763787771926
"CCACGCAAGATTAGGA-1","3","Dlg4",0
"CCACGCAAGATTCAAC-1","0","Dlg4",1.36797774859458
"CCACGTAGTAACCCTG-1","8","Dlg4",0
"CCACGTTCATAGGCCA-1","8","Dlg4",1.21381535711746
"CCACTAAAGGTCAACC-1","4","Dlg4",1.19117650313969
"CCACTAAAGGTCATAT-1","8","Dlg4",1.06096883644218
"CCACTAAAGGTGAGGC-1","13","Dlg4",0
"CCACTAAAGTCGCGCA-1","0","Dlg4",0.451259039122303
"CCACTATTCAATGTGT-1","4","Dlg4",0.819662546708659
"CCACTCGCAACCTCGT-1","0","Dlg4",0
"CCACTCGCACCACACT-1","1","Dlg4",1.12964890704905
"CCACTCGCATTCCTTC-1","4","Dlg4",0.639142100038486
"CCACTTACAGCAGTAT-1","11","Dlg4",0
"CCAGAATCAAACCATA-1","8","Dlg4",0
"CCAGAATCACCACATC-1","9","Dlg4",0
"CCAGAATCATCGTTGC-1","13","Dlg4",0
"CCAGACCGTGAGTTAG-1","0","Dlg4",0.767667472844854
"CCAGACCGTGATAGAT-1","0","Dlg4",0.959268803479621
"CCAGAGAAGTCGAACC-1","0","Dlg4",0
"CCAGAGGGTTGGTTCG-1","3","Dlg4",0
"CCAGATTGTTCCCGTT-1","1","Dlg4",0.849436898635953
"CCAGATTGTTCGAGCC-1","0","Dlg4",0.874804273883685
"CCAGCCAAGGCGCTTG-1","1","Dlg4",0.687004289946194
"CCAGCCTTCCCGCTTA-1","4","Dlg4",0.5281816137614
"CCAGCCTTCCTTCGTG-1","1","Dlg4",0
"CCAGCCTTCGTGCGTG-1","0","Dlg4",0.803502600983959
"CCAGCTAGTTCGGTCA-1","11","Dlg4",0
"CCAGCTAGTTCTGGGC-1","0","Dlg4",1.05903739714841
"CCAGCTAGTTGACGAA-1","10","Dlg4",0
"CCAGCTAGTTTGGCTG-1","0","Dlg4",0
"CCAGGCATCCGGTAAC-1","10","Dlg4",0
"CCAGGCATCCTCATTA-1","1","Dlg4",0
"CCAGGTTAGCCTACCC-1","1","Dlg4",1.39323429342415
"CCAGTATGTGGCCATC-1","0","Dlg4",0
"CCAGTCCTCCGTGCAG-1","7","Dlg4",0.55277061285155
"CCAGTTAAGCGACTAC-1","1","Dlg4",0.659844813238352
"CCAGTTAAGGTCGAGA-1","12","Dlg4",0
"CCAGTTGGTGGCTCGT-1","0","Dlg4",0
"CCATAACGTCATGTCG-1","6","Dlg4",0
"CCATAAGTCCGTTAGA-1","8","Dlg4",0
"CCATAATAGGATTGAA-1","5","Dlg4",0
"CCATAATAGTGCCGTG-1","0","Dlg4",0
"CCATACTTCCTGTGAA-1","3","Dlg4",0
"CCATACTTCTAGTCTC-1","2","Dlg4",0
"CCATCAGGTGAAGTCA-1","5","Dlg4",0
"CCATCCTGTGCAGCCT-1","2","Dlg4",1.07276333681275
"CCATCCTGTTCGAGTT-1","2","Dlg4",2.21832539238435
"CCATCCTGTTGTCAGT-1","0","Dlg4",0.770649954480286
"CCATCGCTCCCCAAGG-1","4","Dlg4",1.30283337724747
"CCATCGCTCGATTAAC-1","0","Dlg4",0
"CCATCTTAGCTACTGA-1","6","Dlg4",0
"CCATCTTAGGTAGCAG-1","2","Dlg4",0
"CCATGGGTCAGGTAGG-1","4","Dlg4",0
"CCATGTCCAGGACACC-1","5","Dlg4",0.540100000130374
"CCATTAGAGCCAATCA-1","0","Dlg4",0
"CCATTAGAGCTATACG-1","5","Dlg4",0
"CCATTAGAGGTTAGTT-1","0","Dlg4",0
"CCATTGAAGCATCACA-1","2","Dlg4",0.954675309155836
"CCATTGAAGCTACTGA-1","0","Dlg4",0
"CCATTGAAGGTTCCTT-1","0","Dlg4",0
"CCATTTGCAATCCTTG-1","5","Dlg4",0
"CCCAAATGTTGTCACG-1","0","Dlg4",0
"CCCAACCTCCCCATTG-1","10","Dlg4",1.68299333222804
"CCCAATCCAGGACATT-1","5","Dlg4",0.963859941847694
"CCCAATCCATTGACGG-1","5","Dlg4",1.83468451394509
"CCCAATTTCCTGATTC-1","0","Dlg4",1.3483415537416
"CCCACGTTCGTGCTAA-1","16","Dlg4",1.56879010773368
"CCCACTATCACTGGGT-1","0","Dlg4",0
"CCCACTTGTAAGGTGC-1","0","Dlg4",0.842225454318861
"CCCACTTGTTGGATGA-1","11","Dlg4",0
"CCCAGTGAGGCACTGT-1","2","Dlg4",0.742912969914948
"CCCATAGGTCTGGTAT-1","14","Dlg4",1.2011568516163
"CCCATAGGTCTGTGTG-1","0","Dlg4",0
"CCCATAGGTTTGCCAG-1","0","Dlg4",0
"CCCATATTCCTCTCAG-1","2","Dlg4",0.816949187089771
"CCCATATTCGTTGCTT-1","10","Dlg4",0
"CCCATATTCTGGTAAT-1","0","Dlg4",0.752131064171471
"CCCATCGCAAACCCAG-1","0","Dlg4",0.837216902341797
"CCCATCGCATCACATT-1","3","Dlg4",0
"CCCATCTGTATGGCAA-1","9","Dlg4",0
"CCCATCTGTTGGAGAC-1","2","Dlg4",0
"CCCATGCTCTCACATC-1","1","Dlg4",0
"CCCATTGTCGTACAGC-1","3","Dlg4",0
"CCCATTTAGAAGCGAT-1","3","Dlg4",0
"CCCGAACGTGATGACA-1","0","Dlg4",0
"CCCGAATAGCCTCTGC-1","0","Dlg4",0
"CCCGAATAGGGGATTG-1","8","Dlg4",0.844942907252522
"CCCGACAAGTGAGGTG-1","2","Dlg4",0.848442352643748
"CCCGACAAGTGCCGTG-1","3","Dlg4",0
"CCCGACAAGTTGCAGC-1","4","Dlg4",0
"CCCGATAGTGGCTTGC-1","8","Dlg4",0.574825080967725
"CCCGATGAGCCGATTA-1","6","Dlg4",1.38457183682205
"CCCGATTCATGGCGTA-1","3","Dlg4",0
"CCCGCATTCTTGATCC-1","5","Dlg4",0
"CCCGCTTAGGATGTAA-1","0","Dlg4",0
"CCCGCTTAGGCGTCCA-1","11","Dlg4",0
"CCCGCTTAGGTAACGG-1","1","Dlg4",1.38989010727418
"CCCGGTAAGGCGATCT-1","5","Dlg4",1.31901235403657
"CCCGGTTTCACAGGGA-1","6","Dlg4",0
"CCCGTAAGTGCAATGA-1","4","Dlg4",0.64228523837341
"CCCGTAAGTTGCACTG-1","4","Dlg4",0.542743226734296
"CCCTAACCACCTATCA-1","7","Dlg4",1.09120092599847
"CCCTAATTCTAATGGT-1","5","Dlg4",0
"CCCTACGCATGGAATC-1","1","Dlg4",0
"CCCTAGCTCCCGCTGT-1","2","Dlg4",0
"CCCTAGCTCTATCGCT-1","2","Dlg4",0.613654982121342
"CCCTAGTCAACCTACC-1","11","Dlg4",0
"CCCTCAATCACCACGG-1","2","Dlg4",1.20408948363299
"CCCTCACAGATAGTAG-1","0","Dlg4",0.816667145491448
"CCCTCACAGCTGAGAG-1","3","Dlg4",0
"CCCTCACAGGTGAGTG-1","5","Dlg4",0
"CCCTCAGCATCCATCA-1","2","Dlg4",0.919784921826075
"CCCTGAGAGCCGCACA-1","0","Dlg4",0
"CCCTGTTGTCTCCACT-1","7","Dlg4",0.811509355631369
"CCCTTAACAAGCTAAC-1","10","Dlg4",0
"CCCTTAACATAGGGTT-1","0","Dlg4",0.757597170866597
"CCCTTGATCCGCGACA-1","1","Dlg4",0.806579951447535
"CCCTTTAGTTGGCTGC-1","9","Dlg4",0
"CCGAAATCAACCTCGT-1","8","Dlg4",0
"CCGAAATCAGCACTTC-1","4","Dlg4",1.344484622185
"CCGAAATCATGCTCCG-1","5","Dlg4",0
"CCGAACTAGAATCCGC-1","8","Dlg4",0
"CCGAACTAGTCGCTCC-1","1","Dlg4",0.750150399241671
"CCGAATATCAGCTCGG-1","0","Dlg4",0.81907106908126
"CCGACAACAATGAAGG-1","0","Dlg4",0
"CCGACAACAGCACTTC-1","5","Dlg4",0
"CCGACCAAGCGCCTGA-1","8","Dlg4",0
"CCGACCTTCACCTCGC-1","0","Dlg4",1.26962249442354
"CCGACCTTCGAACGTC-1","11","Dlg4",0.690730968352073
"CCGATTAAGAACCTGC-1","9","Dlg4",0
"CCGATTAAGCATGCAC-1","10","Dlg4",0
"CCGATTAAGCCCGTAG-1","5","Dlg4",0
"CCGATTAAGCGCTTCC-1","7","Dlg4",0
"CCGATTAAGTGAGATA-1","8","Dlg4",0.782311751131728
"CCGCAAGTCATCTGTC-1","5","Dlg4",0
"CCGCAAGTCATGGATT-1","0","Dlg4",0
"CCGCAAGTCGTGCAAC-1","0","Dlg4",0
"CCGCAAGTCTAGCGCG-1","4","Dlg4",0
"CCGCATTCACATACGG-1","0","Dlg4",0.809267152470309
"CCGCCATTCTTGACGA-1","5","Dlg4",1.74558470433494
"CCGCCTTAGCTGGAAG-1","0","Dlg4",0
"CCGCGATGTTCGCTTC-1","6","Dlg4",0
"CCGCTAAGTATAGACG-1","10","Dlg4",1.67633674883342
"CCGCTAAGTATGGCTT-1","0","Dlg4",0.764893294579957
"CCGCTCACAATCCTTG-1","2","Dlg4",0.583201523283046
"CCGCTTATCGACTACA-1","12","Dlg4",0
"CCGCTTATCGTACGGT-1","7","Dlg4",0
"CCGGAACCAACATGCG-1","7","Dlg4",0
"CCGGATTAGGGTTGAG-1","0","Dlg4",0
"CCGGATTAGGTCAATT-1","1","Dlg4",0
"CCGGCAATCATGCAGC-1","0","Dlg4",0
"CCGGCAATCTCACTGT-1","4","Dlg4",0
"CCGGCTAAGCCCTGGA-1","3","Dlg4",0
"CCGGTACGTTCCGCTT-1","0","Dlg4",0
"CCGGTATAGTACCAAT-1","8","Dlg4",0
"CCGGTTGAGGAGTCAG-1","1","Dlg4",0.865373927159306
"CCGTAAATCACCATGA-1","2","Dlg4",0
"CCGTAACAGCATGGGA-1","0","Dlg4",0
"CCGTAATGTTCCGCAA-1","1","Dlg4",1.02142374698002
"CCGTACCTCACCACGG-1","5","Dlg4",0
"CCGTAGTAGCTAGTTG-1","3","Dlg4",0
"CCGTATGGTAGCTATC-1","1","Dlg4",0.854834908179868
"CCGTATGGTTGGCGAG-1","4","Dlg4",0.521641399664049
"CCGTCAAGTAGCCTTG-1","0","Dlg4",0
"CCGTCCACATCCTAAT-1","0","Dlg4",0.885625905107508
"CCGTCTATCCCGCGTT-1","9","Dlg4",0
"CCGTGATAGCGAAGGC-1","0","Dlg4",1.81047422275296
"CCGTGCAAGGATTCAT-1","9","Dlg4",0
"CCGTGCAAGTAACGCC-1","2","Dlg4",0
"CCGTGTGAGGTATGGG-1","4","Dlg4",0.717722008424811
"CCGTGTGAGTGAGCCT-1","13","Dlg4",0
"CCGTTAGGTGGCTGTC-1","8","Dlg4",1.11062160855166
"CCGTTCATCGTGCCGA-1","8","Dlg4",0.703608908194374
"CCGTTGGAGCGATTGC-1","5","Dlg4",0.99489805080823
"CCGTTGGAGCGCCTGA-1","10","Dlg4",0
"CCGTTGGAGTGCTGTA-1","2","Dlg4",0
"CCTAACCCAAGCGTTG-1","3","Dlg4",0
"CCTAACCCATTCCTCT-1","0","Dlg4",0
"CCTAATGAGCTAATGT-1","0","Dlg4",0
"CCTACCATCCCCTTAG-1","5","Dlg4",0
"CCTACCGCATAGAGGA-1","0","Dlg4",0
"CCTACCTGTGCGGACA-1","0","Dlg4",0.72759254724495
"CCTACCTGTTTGATGC-1","14","Dlg4",0
"CCTACGAGTCATGCTG-1","6","Dlg4",0
"CCTACGAGTTCCAGCA-1","12","Dlg4",0
"CCTACGGAGGTACTAT-1","4","Dlg4",1.10735477878263
"CCTAGCCTCACGCCGA-1","2","Dlg4",1.5087612460887
"CCTAGCGAGAAGCATA-1","9","Dlg4",0
"CCTAGCGAGCCCGTGA-1","0","Dlg4",1.04736768095746
"CCTAGCGAGTATGACT-1","3","Dlg4",0
"CCTAGCGAGTGAAGTA-1","0","Dlg4",0.542320942009336
"CCTAGCGAGTGTCATG-1","9","Dlg4",0
"CCTAGCTCAACTATCT-1","2","Dlg4",1.20698342174814
"CCTAGCTCAAGGTCAT-1","14","Dlg4",0
"CCTAGGTAGGTACTAT-1","6","Dlg4",0
"CCTAGGTAGGTCGTAC-1","0","Dlg4",0
"CCTAGGTAGTGACCAC-1","3","Dlg4",0
"CCTAGTAAGGGTGAGC-1","8","Dlg4",0.780641447011766
"CCTAGTTTCCAACCGG-1","1","Dlg4",0
"CCTAGTTTCCCGCGTT-1","8","Dlg4",0.903756572271626
"CCTATCACACCTCATA-1","0","Dlg4",1.19317375039945
"CCTATGAAGTAATCAC-1","0","Dlg4",1.18546586078629
"CCTATGTTCAGCTATG-1","5","Dlg4",0.96571974381628
"CCTATGTTCCGTGCTC-1","1","Dlg4",0
"CCTATTATCGTGCCTC-1","3","Dlg4",0
"CCTATTCAGGTGAGAT-1","1","Dlg4",1.56979392056983
"CCTCAAGGTCATTCGG-1","0","Dlg4",0.629163331085575
"CCTCAGCTCACCTAGA-1","2","Dlg4",0.517637197296844
"CCTCAGCTCCACCGTC-1","0","Dlg4",0.794084738267428
"CCTCAGTCAAGTTCCC-1","0","Dlg4",0.51613475066551
"CCTCATTAGTAACGGG-1","0","Dlg4",1.20278411768455
"CCTCCAGCAACATCCC-1","5","Dlg4",0.848022325411026
"CCTCCTGGTGGACATA-1","8","Dlg4",1.08975799532538
"CCTCGAAGTGATCCAT-1","0","Dlg4",0
"CCTCGAAGTTCCAGAT-1","1","Dlg4",0
"CCTCGATCATGGATTA-1","2","Dlg4",0
"CCTCGGTTCCGTAAGC-1","1","Dlg4",1.2504463789033
"CCTCGTTGTCCCGTAA-1","0","Dlg4",0
"CCTCGTTGTTAAGTGG-1","2","Dlg4",0.718852867018227
"CCTCTAACATAACCAA-1","7","Dlg4",0.769062490997069
"CCTCTCAAGCCCTTGC-1","7","Dlg4",0
"CCTCTGATCCCTCATG-1","2","Dlg4",0
"CCTCTTAGTAACTTCA-1","2","Dlg4",1.06979838205201
"CCTCTTGAGATTAGGA-1","0","Dlg4",0
"CCTCTTGAGGGTCTAC-1","0","Dlg4",0.952958795268657
"CCTGAACAGCTAGCCG-1","1","Dlg4",0.728978200086872
"CCTGAACAGGCTTACA-1","5","Dlg4",0.807542421470514
"CCTGAATGTTAGAGGC-1","0","Dlg4",0
"CCTGAGACACTACCGT-1","3","Dlg4",0
"CCTGAGTAGATTGCAT-1","0","Dlg4",0.83706836163219
"CCTGATTTCAGCCACG-1","0","Dlg4",1.02772037383065
"CCTGCAAGTCTGGGCT-1","1","Dlg4",0
"CCTGCAAGTTCGCACA-1","0","Dlg4",0
"CCTGCATCACCATCCG-1","8","Dlg4",0.559851604128513
"CCTGCATCATGAAGGA-1","0","Dlg4",0
"CCTGCATCATTAGGCG-1","7","Dlg4",1.03938775839069
"CCTGCCACAATTGCTT-1","0","Dlg4",0.843808382164073
"CCTGCCACACAGGGTC-1","0","Dlg4",0.570812545917347
"CCTGCGAAGTGAATGA-1","12","Dlg4",0
"CCTGCTCAGGTCAATT-1","1","Dlg4",0
"CCTGGCAAGCTATGTG-1","2","Dlg4",1.67483687014385
"CCTGGCAAGTCTCTGT-1","1","Dlg4",0.877052611395927
"CCTGGCTTCCATCCAT-1","0","Dlg4",0.524989350823604
"CCTGGCTTCGATATGT-1","0","Dlg4",0.986594770319276
"CCTGGTAGTTGAGCTT-1","0","Dlg4",0.600842938816987
"CCTGGTGAGAAGGGAA-1","3","Dlg4",0
"CCTGGTGAGGCTTAAT-1","0","Dlg4",0
"CCTGGTTCACCTCGTG-1","5","Dlg4",0
"CCTGGTTCAGCTAGGC-1","3","Dlg4",0
"CCTGGTTCAGGACTAT-1","10","Dlg4",0
"CCTGTAAAGGGGTAAT-1","1","Dlg4",1.60815913988132
"CCTGTAAAGGGTCATC-1","3","Dlg4",0
"CCTGTCATCGCTAGTA-1","0","Dlg4",1.530138796342
"CCTGTCGCAATTACTC-1","1","Dlg4",0
"CCTGTCGCACCACACT-1","10","Dlg4",0
"CCTGTGAGTTCACGGC-1","1","Dlg4",0.757416635144406
"CCTGTGGAGCGAGTTC-1","4","Dlg4",0.850126878808458
"CCTGTGGAGTGAGAGT-1","4","Dlg4",0
"CCTGTTGTCACGCTAA-1","0","Dlg4",0.941459975265805
"CCTGTTGTCGCTATCT-1","3","Dlg4",0
"CCTTAATCAATAGTCA-1","4","Dlg4",1.39941137486609
"CCTTAATCAGCAGTAT-1","2","Dlg4",0
"CCTTAATCATTGCGCT-1","2","Dlg4",0.67671219553059
"CCTTAGAAGAAGCGAT-1","0","Dlg4",0
"CCTTAGCCATCAAGGT-1","6","Dlg4",0
"CCTTATATCATCGAAT-1","0","Dlg4",0.761348533431524
"CCTTATATCCCGCTTA-1","5","Dlg4",0
"CCTTATCAGCGGTTAC-1","0","Dlg4",0
"CCTTCCTTCTCACATC-1","0","Dlg4",1.28738379373579
"CCTTCGATCATCTGTC-1","3","Dlg4",0
"CCTTGAAAGCCATTAG-1","1","Dlg4",0.465230988224658
"CCTTGAAAGTAAGTGA-1","5","Dlg4",1.34037519508424
"CCTTGAGGTAAGCGGT-1","4","Dlg4",0.742105003376765
"CCTTGAGGTAAGGTTG-1","2","Dlg4",1.35845373514695
"CCTTGCATCAGTACGC-1","2","Dlg4",0.764831884882253
"CCTTGCATCGAAGTCC-1","0","Dlg4",0
"CCTTGGGAGTCGCGCA-1","9","Dlg4",0
"CCTTTAATCCAGCCTC-1","0","Dlg4",1.11384100936993
"CCTTTAGCAATTAGCA-1","7","Dlg4",1.06866760804102
"CCTTTAGCATGACACG-1","0","Dlg4",0
"CCTTTCAGTTTCAGGT-1","3","Dlg4",0
"CCTTTCCTCACCAGAC-1","2","Dlg4",1.29062179682166
"CCTTTCCTCAGCATTG-1","2","Dlg4",0.615369479517261
"CCTTTCCTCCAGCCTC-1","0","Dlg4",0
"CGAACATCAAGGTATC-1","3","Dlg4",0
"CGAACATCAATTCGTT-1","0","Dlg4",0.695807757918151
"CGAACCACACCTATCA-1","4","Dlg4",0
"CGAACGGGTTATCGAC-1","13","Dlg4",0.891101950202196
"CGAACGGGTTTGCATA-1","8","Dlg4",0
"CGAACTATCCGCGACA-1","0","Dlg4",0
"CGAACTATCGTTAGGC-1","5","Dlg4",0.747214401830221
"CGAACTTGTCAGTGCC-1","2","Dlg4",0
"CGAAGCAAGCGATCAC-1","0","Dlg4",1.69859823678358
"CGAAGCAAGCTTCCAT-1","0","Dlg4",0
"CGAAGGATCACTCCTG-1","8","Dlg4",1.1164589997038
"CGAAGTGAGGATTAGA-1","1","Dlg4",0
"CGAAGTGAGTAACCCA-1","10","Dlg4",0
"CGAAGTGAGTAAGGGT-1","0","Dlg4",0
"CGAATAGGTTAGACGA-1","3","Dlg4",0
"CGAATCATCACCTTAC-1","0","Dlg4",0.68892409640507
"CGAATCTGTGCGCATC-1","0","Dlg4",0.628387073449026
"CGAATTTAGCATGTGC-1","9","Dlg4",0
"CGACAATCATTACATC-1","4","Dlg4",0
"CGACCAACAAGCGGTC-1","1","Dlg4",1.31846065797099
"CGACCATAGTGCTCAA-1","1","Dlg4",0.721180069190841
"CGACCCTTCACTTCAC-1","0","Dlg4",0.429307297070924
"CGACCGATCAAGTCCA-1","1","Dlg4",1.35141006662396
"CGACCTAGTGCGCAAG-1","1","Dlg4",0.520308875097985
"CGACCTAGTTAGTTCA-1","3","Dlg4",0
"CGACCTAGTTTGAGAG-1","0","Dlg4",0
"CGACGTTAGCAATCCA-1","14","Dlg4",1.22101537185241
"CGACGTTAGGGTCTCG-1","7","Dlg4",0
"CGACTAATCAAGTCTG-1","3","Dlg4",0
"CGACTAATCATGTGTG-1","9","Dlg4",0
"CGACTAATCTATCGAG-1","2","Dlg4",0
"CGACTGACACATGAAC-1","13","Dlg4",0
"CGACTGACACTATGAA-1","0","Dlg4",1.68047102309619
"CGACTGACATAAGCAC-1","6","Dlg4",0
"CGACTTGGTTATGTCA-1","1","Dlg4",1.28501464060932
"CGAGCACCACAACCAG-1","4","Dlg4",0.600396874611875
"CGAGCAGGTCATCGCA-1","6","Dlg4",0
"CGAGCCATCCATGTCT-1","0","Dlg4",0.670913301886704
"CGAGCCATCCTCAATC-1","1","Dlg4",0.583972292826648
"CGAGCCATCCTCATAC-1","0","Dlg4",0
"CGAGCGAGTTATCGCG-1","0","Dlg4",0
"CGAGGAATCCACGGAT-1","1","Dlg4",1.37869278433465
"CGAGGATGTTGAAGGC-1","6","Dlg4",0
"CGAGGGACAGCAGGCT-1","8","Dlg4",0.822848299783109
"CGAGTAAGTTGTGCAT-1","6","Dlg4",0
"CGAGTAAGTTTACAGC-1","0","Dlg4",0
"CGAGTCCGTAACCACT-1","2","Dlg4",1.19574116171415
"CGAGTCCGTTTCAGCG-1","0","Dlg4",0.687839760050985
"CGAGTGAAGTGAACGG-1","2","Dlg4",1.02446616176942
"CGATAACCAACGGTCA-1","1","Dlg4",0.40405344086107
"CGATAACCACCTTAAT-1","0","Dlg4",0.867450856444284
"CGATAGCTCACAGGGA-1","3","Dlg4",0
"CGATAGCTCACGCTCC-1","6","Dlg4",1.38794663336961
"CGATAGTCACATGCGA-1","0","Dlg4",0
"CGATAGTCATGGCTGA-1","0","Dlg4",0
"CGATCAATCGCTCGTC-1","0","Dlg4",0
"CGATCAGCACATAGTA-1","0","Dlg4",0
"CGATCAGCATGCTTCA-1","0","Dlg4",0.792758253503231
"CGATCCCTCCTGAGAC-1","2","Dlg4",0.709645992072447
"CGATCCCTCGCTTGAA-1","0","Dlg4",0
"CGATCCCTCTGGCTAA-1","1","Dlg4",1.09133230946126
"CGATCCTCAATGCCAG-1","1","Dlg4",0.567517960022328
"CGATCCTCACTCGCTG-1","0","Dlg4",0.76311659972357
"CGATCCTCAGCTACGA-1","5","Dlg4",0.994826442397618
"CGATCCTCATCCATGC-1","5","Dlg4",0
"CGATGAGAGGTAGCAG-1","2","Dlg4",0
"CGATGGGGTAAGTGCA-1","6","Dlg4",0
"CGATGGGGTAGCTCCA-1","2","Dlg4",0.493500369321821
"CGATGGGGTTCACCTC-1","15","Dlg4",0
"CGATGGGGTTTGCGTG-1","0","Dlg4",0
"CGATGTCAGCGATGGA-1","5","Dlg4",0
"CGATGTCAGGAGCCTT-1","0","Dlg4",0.682567674823149
"CGATTAACAAGCCACA-1","13","Dlg4",0
"CGATTAACATAACTGA-1","0","Dlg4",0.497535011767406
"CGATTACGTTGCTCAG-1","7","Dlg4",1.26412816217577
"CGATTAGTCACTGGGT-1","5","Dlg4",0
"CGATTCCCACTTGGGA-1","9","Dlg4",0
"CGATTTAGTTCGCCTT-1","4","Dlg4",1.44040155862248
"CGATTTAGTTTAGTGC-1","2","Dlg4",0
"CGATTTGAGGCATGGA-1","1","Dlg4",1.02847009878016
"CGATTTGAGGTCAAGG-1","3","Dlg4",0
"CGATTTGAGGTCCAGT-1","0","Dlg4",1.48781167340717
"CGCAAATCAACTGTCC-1","0","Dlg4",1.14527842883708
"CGCAAATCAATCAAGC-1","9","Dlg4",0
"CGCAATATCCCATATC-1","1","Dlg4",0
"CGCACAACAAATGCAC-1","3","Dlg4",0
"CGCACAACATAGGGCC-1","5","Dlg4",0.702167664367464
"CGCACAACATGTCGGA-1","0","Dlg4",0
"CGCACATAGCTAATCG-1","1","Dlg4",0.825795641795087
"CGCACATAGCTTAGGC-1","7","Dlg4",1.10431126487024
"CGCACATAGGAGGTGC-1","5","Dlg4",0
"CGCACCTTCCGGTTAA-1","6","Dlg4",0
"CGCACTTCAATATCAG-1","2","Dlg4",1.13510058193125
"CGCAGCTGTTTCGTAA-1","3","Dlg4",0
"CGCAGTTAGATTAGAG-1","2","Dlg4",0.781925630247104
"CGCATAATCTGTGATG-1","2","Dlg4",0
"CGCATAGCAATCCTTG-1","13","Dlg4",0
"CGCATAGCATAACTTC-1","1","Dlg4",0.66452867963304
"CGCATAGCATAAGCCG-1","0","Dlg4",0
"CGCATATGTGCGTACC-1","1","Dlg4",0.656477035252384
"CGCATCAGTGGCTTCA-1","6","Dlg4",0
"CGCATCAGTTGGCGAG-1","2","Dlg4",0.844867171761657
"CGCATCTCAACTGTCC-1","0","Dlg4",0
"CGCATCTCAAGGTTAC-1","5","Dlg4",0
"CGCATGGTCGTGAACC-1","5","Dlg4",0
"CGCCAAGTCCCGTTGC-1","0","Dlg4",0
"CGCCATAGTGGCGTAG-1","7","Dlg4",0.563283141846205
"CGCCATAGTTAACGCT-1","15","Dlg4",1.2302798890735
"CGCCATGAGGGGTCAA-1","7","Dlg4",0
"CGCCATGAGTGCGCTG-1","1","Dlg4",0
"CGCCATGAGTTACGTG-1","1","Dlg4",0
"CGCCATGAGTTAGAGA-1","0","Dlg4",0
"CGCCCATTCACACTAG-1","0","Dlg4",0
"CGCCCATTCACAGAGG-1","0","Dlg4",0.943180144134596
"CGCCTAAGTTGCCCTT-1","0","Dlg4",0
"CGCCTAGAGGTCACGT-1","6","Dlg4",0
"CGCCTCACAGGCTACA-1","5","Dlg4",0
"CGCCTCACATGGTAAC-1","2","Dlg4",1.1492640061563
"CGCCTGTTCAGGAGTG-1","12","Dlg4",0
"CGCCTGTTCCATGCAA-1","4","Dlg4",0
"CGCCTGTTCGATGCTA-1","1","Dlg4",1.24034366573136
"CGCGAACCAAGCTCCT-1","6","Dlg4",0
"CGCGAACCACCAATCC-1","0","Dlg4",0.678524820606966
"CGCGAAGGTCAGCTAT-1","0","Dlg4",0
"CGCGATTAGAACGATA-1","5","Dlg4",0.726377712518601
"CGCGATTAGTGAACCC-1","10","Dlg4",0
"CGCGATTAGTGCGCCA-1","1","Dlg4",0
"CGCGCATGTCAAGGTA-1","2","Dlg4",0.667150473533983
"CGCGGTTGTGGGTAGT-1","0","Dlg4",0
"CGCGTACGTGCAGTCC-1","0","Dlg4",1.45088903063211
"CGCGTACGTGGACACG-1","10","Dlg4",1.17825706901868
"CGCGTACGTTGTGAGA-1","0","Dlg4",0
"CGCTAAATCCAATTCC-1","3","Dlg4",0
"CGCTAAATCCTCTCCT-1","2","Dlg4",1.05383629368634
"CGCTAACAGGATCTAT-1","10","Dlg4",0
"CGCTAACAGGCGATCT-1","1","Dlg4",0
"CGCTAACAGGGTACGA-1","0","Dlg4",1.86632271113697
"CGCTAACAGTAGGCTC-1","0","Dlg4",0.414986551936944
"CGCTAATGTCAACCAT-1","4","Dlg4",0.746630084880091
"CGCTAATGTGCGGTGA-1","4","Dlg4",0
"CGCTACTCAAGCTCGA-1","0","Dlg4",0
"CGCTACTCAAGTGGAA-1","10","Dlg4",0
"CGCTACTCATTGCCCG-1","13","Dlg4",2.34563493755556
"CGCTATGGTGACGAGT-1","0","Dlg4",0
"CGCTATGGTTCGTGAT-1","5","Dlg4",0.970479592375562
"CGCTCATCAATACGGT-1","0","Dlg4",0
"CGCTCATCAGGGCTAC-1","0","Dlg4",0.694449720697012
"CGCTCATCATCCTCAA-1","0","Dlg4",0
"CGCTCCACATGCTCGT-1","7","Dlg4",0.541989618800819
"CGCTCCACATTCGCTA-1","1","Dlg4",0
"CGCTGATAGATTGACT-1","0","Dlg4",0.832417690512704
"CGCTGATAGGGTAGCA-1","7","Dlg4",0.911117136919732
"CGCTGATAGGTATCCA-1","2","Dlg4",1.01881537182781
"CGCTGATAGTCAGGTC-1","4","Dlg4",0
"CGCTGCAAGCCATTGA-1","1","Dlg4",0
"CGCTGCAAGCCCTGCT-1","16","Dlg4",0
"CGCTGCAAGGAATCGG-1","0","Dlg4",1.21916440762306
"CGCTGCAAGGAATTGA-1","5","Dlg4",0
"CGCTGCAAGTTACGTG-1","2","Dlg4",0
"CGCTGTGAGTTGCGTA-1","1","Dlg4",0
"CGCTGTTCAACGGTGC-1","6","Dlg4",0
"CGCTGTTCATGCTCTA-1","11","Dlg4",0
"CGGAACCCAACGGGCT-1","0","Dlg4",0.563968105148191
"CGGAACCCAAGCATCG-1","15","Dlg4",0.608341010270498
"CGGAACCCAGTTGGTG-1","0","Dlg4",0
"CGGACAGGTGAGCCGA-1","9","Dlg4",2.1065965598764
"CGGACATTCACGCTCC-1","8","Dlg4",0
"CGGACATTCCATGACA-1","3","Dlg4",0
"CGGACATTCGCGAATC-1","1","Dlg4",0.579275304512134
"CGGACTTAGCAACCTA-1","10","Dlg4",0
"CGGACTTAGCCTCTAT-1","6","Dlg4",0
"CGGACTTAGGATTCGC-1","2","Dlg4",0.849436898635953
"CGGATCACAATCTCTG-1","6","Dlg4",1.02165124753198
"CGGATTCAGCGGTAGA-1","4","Dlg4",0.73463280123581
"CGGATTCAGTGCCGTG-1","4","Dlg4",0
"CGGCAAGGTGGCAGTG-1","7","Dlg4",0.951265154145985
"CGGCAAGGTTAGACAG-1","10","Dlg4",1.21581507902271
"CGGCATTAGAACCTAT-1","4","Dlg4",1.32425455517965
"CGGCCAATCCCCAAGG-1","0","Dlg4",0
"CGGCCTAAGCAGGTCT-1","0","Dlg4",0
"CGGCCTAAGCGAACGA-1","1","Dlg4",0.799774809298088
"CGGCCTAAGCGCCATG-1","0","Dlg4",0.81030572359627
"CGGCCTAAGGATCATT-1","12","Dlg4",0
"CGGCCTAAGTGCCAGT-1","4","Dlg4",0.633033094416895
"CGGCTAACATTAAGTG-1","0","Dlg4",0
"CGGCTAGTCCGGGTTG-1","3","Dlg4",0
"CGGCTAGTCGATACAT-1","0","Dlg4",0
"CGGCTAGTCGTAATGT-1","2","Dlg4",1.66581905683477
"CGGCTAGTCTAGGCCG-1","7","Dlg4",0
"CGGCTCAAGGGTCCAT-1","6","Dlg4",0
"CGGCTCAAGTCAAGCC-1","8","Dlg4",0.6565217047517
"CGGCTTGAGGTAGAGT-1","0","Dlg4",1.18593941591454
"CGGGCAAGTAGGTGAC-1","0","Dlg4",1.22660628984664
"CGGGCAAGTTCGTATA-1","5","Dlg4",0.732438516209013
"CGGGCAAGTTGAGCTT-1","0","Dlg4",0.852975988054207
"CGGGCTTGTCTCAGTG-1","2","Dlg4",0.728146148065575
"CGGGGAACAATTGCTT-1","0","Dlg4",0
"CGGGGAACATAGGCAT-1","3","Dlg4",0
"CGGGGTAGTTAGTGTC-1","7","Dlg4",1.05572669713002
"CGGGGTAGTTCGATTA-1","0","Dlg4",0.94896309719237
"CGGGTAAAGCAAGCTC-1","0","Dlg4",0.872203399871944
"CGGGTAAAGTCATAGT-1","1","Dlg4",0.81385798609388
"CGGGTAGGTGAGTAAT-1","0","Dlg4",1.35502811814116
"CGGGTCATCGCTAGAC-1","5","Dlg4",0.73070408083672
"CGGGTGAGTAAGGTCA-1","1","Dlg4",1.18404772055268
"CGGGTGAGTAAGTCTC-1","2","Dlg4",0
"CGGGTGAGTAGTCCGC-1","0","Dlg4",0
"CGGGTTACAATTACAG-1","7","Dlg4",1.26504015021883
"CGGGTTTAGGCTACGT-1","0","Dlg4",0.874071113087262
"CGGTAAAGTCATCCAG-1","0","Dlg4",0
"CGGTAAAGTCTGTCCT-1","0","Dlg4",0.725771881295418
"CGGTATATCACGTTGA-1","6","Dlg4",0
"CGGTATTGTAATGCCT-1","2","Dlg4",0
"CGGTATTGTGAGTAAT-1","3","Dlg4",0
"CGGTCAACAGTTGGGC-1","2","Dlg4",0
"CGGTGAAAGATTGGTT-1","2","Dlg4",1.20893053322676
"CGGTGAAAGGTTAGTT-1","4","Dlg4",0
"CGGTGAGGTTCGGTCA-1","3","Dlg4",0
"CGGTGAGGTTCTGGTG-1","4","Dlg4",1.02725959461168
"CGGTGTTAGCGCTATA-1","0","Dlg4",0.64641078964292
"CGGTGTTAGGGGCAAC-1","10","Dlg4",0
"CGGTGTTAGGTACTTG-1","0","Dlg4",1.59801646847874
"CGGTTAATCACCATAG-1","0","Dlg4",0
"CGGTTAGCACCATCGT-1","0","Dlg4",0
"CGGTTAGCATGACCTC-1","8","Dlg4",0.990887315992626
"CGGTTCCTCACAGGTC-1","5","Dlg4",0
"CGTAAACCAACCCTAC-1","5","Dlg4",0
"CGTAAAGGTGAGGCTG-1","2","Dlg4",1.75812279482745
"CGTAAAGGTGGCTGAG-1","2","Dlg4",0.962257669675723
"CGTAAAGGTTCAAGTC-1","5","Dlg4",0.964412050125772
"CGTAAATTCCTCACAT-1","8","Dlg4",0
"CGTAACATCAATCCGA-1","7","Dlg4",1.23139538262589
"CGTAATGTCACCAGCG-1","7","Dlg4",0.75765736947386
"CGTAATTAGCGATCAC-1","3","Dlg4",0
"CGTAATTAGGATGACG-1","0","Dlg4",0
"CGTACAGCAACTGTCC-1","12","Dlg4",0
"CGTACCTCAAATGGCT-1","0","Dlg4",0.915541387515374
"CGTACCTCAAGCTGCA-1","1","Dlg4",0.537779085007127
"CGTACCTCACTTGGTC-1","11","Dlg4",0
"CGTACCTCATAACGCG-1","11","Dlg4",0
"CGTACGTAGTCGCGTG-1","0","Dlg4",1.51801469913232
"CGTACTGGTAGTGCTT-1","1","Dlg4",0.983022030258484
"CGTAGGCCATAAGCTA-1","0","Dlg4",1.16961168325868
"CGTAGGGGTGAGCAGT-1","13","Dlg4",0
"CGTAGGTTCCTGTCTG-1","3","Dlg4",0
"CGTAGTCAGGAACTGG-1","4","Dlg4",0
"CGTAGTTGTAGCTTAC-1","0","Dlg4",0
"CGTAGTTGTTTAGGAG-1","6","Dlg4",0
"CGTATATAGCAAGTAA-1","0","Dlg4",0
"CGTATCCCACAGCATG-1","5","Dlg4",0
"CGTATCCCACTAGGAT-1","3","Dlg4",0
"CGTATGATCCGCCATC-1","1","Dlg4",0.633530649794593
"CGTATTAGTAGCGGAT-1","1","Dlg4",1.4498893295844
"CGTATTAGTTGCCTCT-1","0","Dlg4",0.731039108319672
"CGTATTGAGCCAGTCG-1","2","Dlg4",1.58170514142211
"CGTATTGAGCGCAATC-1","5","Dlg4",0
"CGTATTGAGTTGGCCG-1","0","Dlg4",0
"CGTCAAATCGTACGGT-1","1","Dlg4",0.720529038055004
"CGTCAATGTTCGGCAC-1","8","Dlg4",0
"CGTCACCTCTGGTCCC-1","0","Dlg4",0
"CGTCAGTAGGATAGCG-1","0","Dlg4",1.18044069562251
"CGTCAGTAGGATCACC-1","0","Dlg4",0
"CGTCATCCAATCGCCT-1","7","Dlg4",0
"CGTCATCCATGGTCCT-1","12","Dlg4",0
"CGTCATGGTTAAGGAT-1","4","Dlg4",0.792030671777798
"CGTCATTTCCGTGGAT-1","11","Dlg4",0
"CGTCATTTCGACTGCG-1","3","Dlg4",0
"CGTCCATCAAACCATA-1","5","Dlg4",0
"CGTCCCACATCACGTC-1","0","Dlg4",0.644255247304481
"CGTCCTGCACAGGCTA-1","1","Dlg4",0.510452568975904
"CGTCGCTTCCGTGAGT-1","1","Dlg4",0
"CGTCGTAGTTAGTGTC-1","0","Dlg4",0
"CGTCGTAGTTTCCAGG-1","10","Dlg4",0
"CGTCGTTCACCAGCTT-1","5","Dlg4",0
"CGTCGTTCAGTAAGGA-1","8","Dlg4",1.12299374635269
"CGTCTATTCGTAGTAT-1","11","Dlg4",1.61361093831174
"CGTCTCATCAGTGCGT-1","8","Dlg4",0
"CGTCTCATCATGGCTA-1","3","Dlg4",0
"CGTCTTGTCCGTGCAG-1","5","Dlg4",0
"CGTGAAAGTTACACTA-1","0","Dlg4",0.849436898635953
"CGTGAGAAGCGACTGT-1","8","Dlg4",0
"CGTGAGAAGGCGTAGA-1","0","Dlg4",0
"CGTGAGAAGGGGTACA-1","2","Dlg4",1.32364725846692
"CGTGAGAAGTAGAGGT-1","1","Dlg4",0
"CGTGAGGGTTGAAGTG-1","9","Dlg4",2.14626690973484
"CGTGATGCAGCAGTTG-1","2","Dlg4",0
"CGTGCCTTCAGGCACT-1","0","Dlg4",0
"CGTGGCTGTATGGTCT-1","2","Dlg4",0.840124634725812
"CGTGGTTAGGTACCAC-1","1","Dlg4",0.962407639155716
"CGTGTATGTTGCTTGG-1","2","Dlg4",1.8718867971682
"CGTGTTAAGATAGTTC-1","1","Dlg4",0
"CGTGTTAAGGCGTAAG-1","3","Dlg4",0
"CGTTAATAGGTTCGCG-1","4","Dlg4",0
"CGTTACCCAATGCCGA-1","0","Dlg4",0
"CGTTACTTCAATGGTT-1","0","Dlg4",0.717560759934594
"CGTTATAGTGGACAGT-1","6","Dlg4",0
"CGTTCACCAACGGTAT-1","14","Dlg4",0
"CGTTCACCAATAGCAC-1","0","Dlg4",0
"CGTTCACCACATTAGA-1","7","Dlg4",1.2750967917244
"CGTTCAGGTTATCCAA-1","9","Dlg4",0
"CGTTCAGGTTCGCTTC-1","0","Dlg4",0
"CGTTCATTCAGCAAGG-1","10","Dlg4",0
"CGTTCCGCAACCAACG-1","5","Dlg4",0
"CGTTCCTGTTGCGTGC-1","9","Dlg4",0
"CGTTCCTGTTGGGTCC-1","6","Dlg4",0
"CGTTGAATCAGGTCCG-1","2","Dlg4",1.47373100852482
"CGTTGAATCATGTGAT-1","4","Dlg4",0.893696428963838
"CGTTGCCTCTAGCTTC-1","0","Dlg4",0.552927366100337
"CGTTGGACAATCCAGG-1","7","Dlg4",0
"CGTTGGACAGGCAAGG-1","0","Dlg4",0
"CGTTGTAAGGATACCC-1","5","Dlg4",0
"CGTTGTAAGGTAGGGC-1","6","Dlg4",0
"CGTTGTCCAAGCGGAG-1","5","Dlg4",1.13025179164304
"CGTTGTCCAGGCAAGG-1","7","Dlg4",0
"CGTTTCACACCTTGCG-1","8","Dlg4",0.677999077563425
"CGTTTGAAGCGAACGA-1","0","Dlg4",0
"CTAAAGCCAATTGCTT-1","7","Dlg4",0
"CTAAAGCCACCAGGAC-1","8","Dlg4",1.52243522237195
"CTAAAGCCACCTGGAA-1","0","Dlg4",0
"CTAAAGGGTTAGGCCC-1","10","Dlg4",0
"CTAACATAGCGCATAC-1","0","Dlg4",0
"CTAACATAGGATGGTG-1","9","Dlg4",0
"CTAACCAAGATTACGT-1","0","Dlg4",0.948478277253625
"CTAACGATCAGCGGAA-1","10","Dlg4",0
"CTAAGGCTCTGGCTGG-1","0","Dlg4",0.707186977227428
"CTAATGGTCGATGACC-1","11","Dlg4",1.31640896555967
"CTAATTGGTCATGCCA-1","0","Dlg4",0.810652538709199
"CTACAATAGGTACTAT-1","10","Dlg4",0
"CTACAATAGTACGCTA-1","15","Dlg4",1.30073938344103
"CTACACAAGATTGAAG-1","1","Dlg4",0.554405314899323
"CTACACAAGCCTGATA-1","1","Dlg4",1.06576889650594
"CTACATAGTCAGTAGA-1","0","Dlg4",1.04306344183494
"CTACCATTCAGTGCGT-1","4","Dlg4",1.05789039707987
"CTACCCGCACTTGATT-1","0","Dlg4",0.547648382173706
"CTACCCGCAGGAGCGA-1","0","Dlg4",0
"CTACCCTGTATTGGAG-1","0","Dlg4",0
"CTACCGCTCGATTACG-1","3","Dlg4",0
"CTACGACAGCGCTCGA-1","0","Dlg4",0.816455749079109
"CTACGACAGTATGTCG-1","3","Dlg4",0
"CTACGGACAAACCGTG-1","0","Dlg4",0.590681255650367
"CTACGGACACCTTCGG-1","4","Dlg4",0.624938419868038
"CTACGGGTCAGGACTC-1","0","Dlg4",0
"CTACGTAAGCTAGAGG-1","4","Dlg4",0
"CTACGTAAGTCAATGT-1","10","Dlg4",0
"CTACGTCCAACCGCAA-1","2","Dlg4",0.965467967850239
"CTACGTTTCTATGGTG-1","1","Dlg4",0.623409275797992
"CTACTCACAGGTTCGA-1","0","Dlg4",0.413975797776073
"CTACTCACATAGGCGC-1","3","Dlg4",0
"CTACTCCGTTCGCTCT-1","2","Dlg4",0
"CTACTCCGTTGCCCAA-1","3","Dlg4",0
"CTACTGTTCCATGAGC-1","2","Dlg4",1.19045931868892
"CTACTTGCAAATGGAG-1","1","Dlg4",0.45065922079549
"CTACTTGCACTATGGG-1","6","Dlg4",0
"CTAGAAGGTGAGACAC-1","1","Dlg4",0.633779730659472
"CTAGATTAGCTATCGA-1","2","Dlg4",0.841098634334844
"CTAGATTAGGTTAGCC-1","11","Dlg4",0
"CTAGCATGTGCATTAC-1","14","Dlg4",1.24215091276888
"CTAGCATGTTAAGCCT-1","7","Dlg4",0
"CTAGCCAGTAGTCCCA-1","0","Dlg4",1.38998065455509
"CTAGCCTCAAATGGAG-1","1","Dlg4",0.990834075551782
"CTAGCGCGTAAGTGTG-1","12","Dlg4",0
"CTAGCTGGTGCAGCGA-1","12","Dlg4",0
"CTAGGTCAGCCAGGTT-1","9","Dlg4",0
"CTAGGTCAGGTAGTCC-1","6","Dlg4",0
"CTAGTAACACATACCC-1","0","Dlg4",1.28782713378382
"CTAGTAACAGGACAGG-1","1","Dlg4",0.957979820239382
"CTAGTAACATGCTACC-1","11","Dlg4",0
"CTAGTATAGTATGATC-1","2","Dlg4",0
"CTAGTCAAGCGCCTCT-1","0","Dlg4",0
"CTATAGGTCACGCGAT-1","7","Dlg4",1.82895755035911
"CTATATGGTCCCGATA-1","1","Dlg4",0
"CTATCAAGTTATCACA-1","6","Dlg4",0
"CTATCGAAGTGAGGCA-1","1","Dlg4",0.583867064555705
"CTATCGCCAGGGCTGT-1","0","Dlg4",0
"CTATCGTTCCATCCGC-1","5","Dlg4",0.598914907262464
"CTATCGTTCTGGTGAC-1","0","Dlg4",0.831318427601355
"CTATGCAAGCTAGGTC-1","6","Dlg4",0
"CTATGCTTCCGGGTCA-1","1","Dlg4",0.748092673448243
"CTATGCTTCGCATGAC-1","0","Dlg4",0
"CTATGCTTCTATGGCA-1","1","Dlg4",0.903581827259103
"CTATGGGCACATGCCT-1","0","Dlg4",0
"CTATGGGCATTAGAGC-1","2","Dlg4",0
"CTATGTGAGCTATGCA-1","6","Dlg4",1.11294848226797
"CTATGTGAGGTAGATA-1","4","Dlg4",1.09834569309202
"CTATGTGAGGTGATCC-1","0","Dlg4",0.557035196379935
"CTATTCATCTCATGTC-1","4","Dlg4",0.419883661373083
"CTATTCGCACAACGTG-1","0","Dlg4",0.75180512957618
"CTATTGCTCCTGAGCG-1","1","Dlg4",0
"CTATTGCTCGATCCGG-1","3","Dlg4",0
"CTCAAAGTCCCGCTGT-1","2","Dlg4",1.12101518861534
"CTCAAAGTCTAGCCTT-1","4","Dlg4",0.792758253503231
"CTCAACGGTGGCGTCT-1","1","Dlg4",0
"CTCAACTTCTCACTCG-1","0","Dlg4",0
"CTCAATAGTCAACCTG-1","0","Dlg4",0.82163273486717
"CTCAATTCATCAAGGT-1","8","Dlg4",1.3962767984381
"CTCACACCAATCTCAT-1","11","Dlg4",0
"CTCACACCAGGATAGA-1","0","Dlg4",0.786520556137654
"CTCACATTCCAGCTCC-1","1","Dlg4",0
"CTCACATTCCAGGTTA-1","2","Dlg4",0.623569874496795
"CTCACCATCACACTTC-1","2","Dlg4",0.982498981234021
"CTCACCTGTCATCGCA-1","3","Dlg4",0
"CTCAGCTCACTTCACA-1","5","Dlg4",0.672130475569031
"CTCAGGTAGGTGACGA-1","5","Dlg4",0
"CTCAGGTAGGTTAGCC-1","8","Dlg4",0
"CTCAGTAAGCCCTGGA-1","8","Dlg4",0.678524820606966
"CTCAGTAAGGCTTCGG-1","7","Dlg4",1.31168290040598
"CTCAGTTTCGCTTCGC-1","8","Dlg4",0.614783882836085
"CTCATAAGTCCATCCT-1","2","Dlg4",0.689319281973176
"CTCATAAGTGCGGTTC-1","11","Dlg4",0
"CTCATAAGTGGAGACT-1","0","Dlg4",0
"CTCATAAGTTCCAGGC-1","1","Dlg4",0.797421475852353
"CTCATAAGTTGTCCTC-1","0","Dlg4",0.722867593307142
"CTCATAGAGCCATACA-1","1","Dlg4",0
"CTCATCACACTCATGC-1","0","Dlg4",1.48147576621539
"CTCATCCGTAAGCAAT-1","5","Dlg4",1.18090978872874
"CTCATCCGTTCGTGTG-1","5","Dlg4",1.3090630131839
"CTCATGAAGCAATTAC-1","2","Dlg4",0
"CTCATGAAGGAGCTAG-1","0","Dlg4",0.921512360628546
"CTCATGGGTGCAATCT-1","2","Dlg4",1.23122362036216
"CTCATTATCTATGGTG-1","0","Dlg4",0.738720088716841
"CTCATTGCAAATCGTA-1","0","Dlg4",0.468896292277721
"CTCATTGCAGTTGCAG-1","1","Dlg4",0
"CTCATTGCATAAGCGT-1","0","Dlg4",0
"CTCCAACCAAGCGGAG-1","4","Dlg4",0.570244018117974
"CTCCAACCACATGACG-1","9","Dlg4",0
"CTCCAACCATGGTGCA-1","6","Dlg4",0
"CTCCAAGGTGAGACCG-1","5","Dlg4",0
"CTCCAAGGTTAAGCCT-1","2","Dlg4",0.720962922520246
"CTCCAGCTCAGCCCAG-1","0","Dlg4",1.55668572504795
"CTCCAGCTCTTGACTC-1","13","Dlg4",1.56989438646174
"CTCCCAATCACTCCAT-1","4","Dlg4",0
"CTCCCAATCCAGCATA-1","9","Dlg4",0
"CTCCCAATCGATAGGG-1","1","Dlg4",1.13438464314516
"CTCCCTAAGGATGTAA-1","1","Dlg4",0.602035787670853
"CTCCCTGGTAGGTGAC-1","5","Dlg4",0
"CTCCGTTGTAGGTGTA-1","5","Dlg4",0.533605842657103
"CTCCGTTGTTTGCATA-1","6","Dlg4",0.965770115974612
"CTCCTAGTCACACACA-1","5","Dlg4",0
"CTCCTAGTCACACATG-1","15","Dlg4",1.24083861221424
"CTCCTAGTCCCGCTAC-1","2","Dlg4",1.10984836193504
"CTCCTCAAGTAATCGT-1","5","Dlg4",1.27619434671465
"CTCCTCAAGTGGCGTT-1","0","Dlg4",0
"CTCCTGATCACTAACG-1","7","Dlg4",0.671193782093091
"CTCCTGATCTAGATAC-1","1","Dlg4",0.764218355921596
"CTCCTTAGTGAGTATG-1","0","Dlg4",0
"CTCGAACAGTAGCCAC-1","6","Dlg4",1.84403241487607
"CTCGAACAGTTAGGTT-1","0","Dlg4",0.665767914183811
"CTCGAACAGTTGCTCT-1","1","Dlg4",1.41317223712384
"CTCGCCACAATCAGAC-1","6","Dlg4",0.928769968544593
"CTCGCGTTCAAGTTCG-1","4","Dlg4",0
"CTCGCGTTCCTCTAGT-1","0","Dlg4",1.07479234169248
"CTCGCGTTCTTGACGA-1","2","Dlg4",0
"CTCGCTGCAACCCGTT-1","16","Dlg4",0
"CTCGCTGCAACTCGCT-1","0","Dlg4",0.61938226158283
"CTCGCTGCAGTTAATG-1","0","Dlg4",0
"CTCGCTGCATTCAACT-1","2","Dlg4",1.32612090729167
"CTCGCTTGTGGCAGTG-1","2","Dlg4",0
"CTCGCTTGTTATGCAC-1","5","Dlg4",0.62814235025095
"CTCGGATAGGAGGATT-1","13","Dlg4",0
"CTCGTAAAGGGTCTCG-1","3","Dlg4",0
"CTCGTCTGTATGGTTC-1","0","Dlg4",0.765938843454237
"CTCGTCTGTATGTGAG-1","5","Dlg4",0
"CTCGTGAGTTTCAGGT-1","0","Dlg4",0
"CTCGTTGTCCAGCACG-1","7","Dlg4",0.527212660802619
"CTCTAATCATCCCGTG-1","2","Dlg4",0
"CTCTAGAAGAACCTGC-1","10","Dlg4",0
"CTCTATATCATATAGC-1","8","Dlg4",1.38345111191678
"CTCTATTGTAGCCCGT-1","0","Dlg4",0
"CTCTATTGTTGCACAT-1","12","Dlg4",0
"CTCTGACCAAGCGAGG-1","5","Dlg4",0
"CTCTGACCAGTAATTG-1","4","Dlg4",0.376047816054448
"CTCTGATTCGAACGCT-1","0","Dlg4",0
"CTCTGCATCCCGCTGT-1","0","Dlg4",0
"CTCTGGTCAATCTCCA-1","0","Dlg4",1.03986045488335
"CTCTGTTAGGTGCAGA-1","1","Dlg4",0
"CTCTTAATCCACGGAT-1","6","Dlg4",0
"CTCTTCTCATCCACTA-1","1","Dlg4",1.00935519089417
"CTGAAAGGTGAGTAGC-1","0","Dlg4",0
"CTGACAATCGAGTGTC-1","0","Dlg4",0
"CTGACACAGCCCGTCT-1","0","Dlg4",0
"CTGACACAGGCGAGAC-1","0","Dlg4",1.54971258931805
"CTGACACAGTGCAACC-1","9","Dlg4",0
"CTGACCCTCCTTAGAG-1","10","Dlg4",0
"CTGACCTCATTGCGTC-1","6","Dlg4",0
"CTGATAGTCCATCACT-1","5","Dlg4",0.711224911979902
"CTGATATAGCTACGAC-1","2","Dlg4",1.01414533068665
"CTGATATAGTGCGCCA-1","1","Dlg4",0
"CTGATCAAGGTGACAG-1","0","Dlg4",0
"CTGATTGAGTGAGGTG-1","4","Dlg4",0.56613202291591
"CTGATTTCAACGGTCA-1","6","Dlg4",1.33570886433178
"CTGATTTCACAGCAGC-1","0","Dlg4",1.3001563784141
"CTGATTTCAGCAGGAG-1","0","Dlg4",0.884956877641055
"CTGCAAATCGAGTCTA-1","5","Dlg4",0.781411424756642
"CTGCAATGTCCCGATA-1","3","Dlg4",0
"CTGCACCTCATGCAGC-1","6","Dlg4",0
"CTGCACCTCGCTTCAT-1","3","Dlg4",0
"CTGCACCTCGTCTCAT-1","3","Dlg4",0
"CTGCATGGTGATGACA-1","0","Dlg4",0
"CTGCATTTCATGGTAT-1","7","Dlg4",0
"CTGCCATCAAGCTTCC-1","1","Dlg4",0
"CTGCCATCACAAGGAA-1","0","Dlg4",0
"CTGCCATCACTCAGCT-1","4","Dlg4",0
"CTGCCATCAGCACGGT-1","0","Dlg4",0.914912949884855
"CTGCCATCAGTACTAA-1","1","Dlg4",1.61490021214288
"CTGCCATCATGGTCAG-1","2","Dlg4",0.799168270941781
"CTGCCTATCACTCGGG-1","1","Dlg4",1.03130670304826
"CTGCCTGCACAACCAG-1","0","Dlg4",1.31288974875672
"CTGCCTGCACTTGCTA-1","12","Dlg4",0
"CTGCCTGCAGGGCTGT-1","0","Dlg4",0
"CTGCCTGCATTCCTGA-1","1","Dlg4",1.20851858622415
"CTGCGCAAGGTATGAA-1","0","Dlg4",0
"CTGCGGATCCATGCAA-1","14","Dlg4",0
"CTGCGTAGTCTAGAGA-1","5","Dlg4",0
"CTGCTAAAGGAGTACG-1","12","Dlg4",0
"CTGCTCTGTTTGACGT-1","0","Dlg4",0
"CTGCTTACAGCTCGAA-1","2","Dlg4",0
"CTGCTTACATCAATTC-1","7","Dlg4",0.832858256654068
"CTGCTTACATGAGCGC-1","0","Dlg4",0
"CTGGAAAGTTTACTCT-1","5","Dlg4",0
"CTGGACTAGATTACGT-1","1","Dlg4",0
"CTGGACTAGTTACGTG-1","1","Dlg4",1.03801172791612
"CTGGATGCAAATCGAC-1","2","Dlg4",0
"CTGGCAACAGTAAGGA-1","5","Dlg4",0
"CTGGCAACATTGCCGT-1","1","Dlg4",0.785415202433549
"CTGGCCAAGGTAGGGC-1","4","Dlg4",1.14420780650704
"CTGGCTAGTTAGCTTA-1","4","Dlg4",0.408031470065211
"CTGGGGTCACATTACT-1","0","Dlg4",0.789396717301571
"CTGGGGTCAGTTGACG-1","3","Dlg4",0
"CTGGGGTCATCCAATT-1","6","Dlg4",0
"CTGGGTTAGCAAGCGA-1","6","Dlg4",0
"CTGGGTTAGCCCTACC-1","0","Dlg4",0
"CTGGGTTAGGTGACTC-1","0","Dlg4",0
"CTGGTAATCTCACTAC-1","10","Dlg4",0
"CTGGTATGTCAACCAT-1","4","Dlg4",0.84748838194053
"CTGGTATGTTTGCACG-1","6","Dlg4",0
"CTGGTCAGTTAGCGCC-1","0","Dlg4",0
"CTGGTCAGTTCTGTCC-1","1","Dlg4",1.00775094455129
"CTGGTTAAGAACCTGC-1","1","Dlg4",0
"CTGGTTAAGTCAGTGC-1","1","Dlg4",0
"CTGGTTGGTGGCTCAC-1","4","Dlg4",0
"CTGGTTGGTTAGTAGG-1","5","Dlg4",0
"CTGGTTGGTTCACCAG-1","3","Dlg4",0
"CTGTAACGTCAAGCCC-1","10","Dlg4",0
"CTGTAAGTCCGTTAAG-1","2","Dlg4",0
"CTGTAAGTCCTTAGTC-1","3","Dlg4",0
"CTGTAAGTCTCATCAC-1","1","Dlg4",0.594623068248079
"CTGTACCCAAGGTTAC-1","0","Dlg4",0.379820277378661
"CTGTACCCAATAGCAC-1","0","Dlg4",0
"CTGTACTTCAGTTGAT-1","5","Dlg4",0
"CTGTACTTCGATACAT-1","7","Dlg4",0.599951491961531
"CTGTATAGTTCGTTAA-1","10","Dlg4",0
"CTGTCAAAGCATGAGG-1","6","Dlg4",0
"CTGTCAAAGTACGGTC-1","8","Dlg4",0.668075492232477
"CTGTCAAAGTGGCTTA-1","9","Dlg4",0
"CTGTCACCAGGGACCT-1","7","Dlg4",0.778755341719307
"CTGTCATTCCTTGAGA-1","3","Dlg4",0
"CTGTCCATCCATCGAA-1","1","Dlg4",0
"CTGTCGCTCCAGCATA-1","0","Dlg4",0
"CTGTCGCTCTAGTTGG-1","2","Dlg4",0.788021250457663
"CTGTGCCTCACCAAGC-1","0","Dlg4",0.808093491904654
"CTGTGGACACCATGTC-1","0","Dlg4",0
"CTGTGGACATCGGTCT-1","2","Dlg4",1.12306371855129
"CTGTGTCCAAACTGAC-1","4","Dlg4",0.967840257203891
"CTGTTAGAGTTGGTCA-1","0","Dlg4",0
"CTGTTCCGTTCTGGAT-1","14","Dlg4",1.52726265185297
"CTGTTGGGTATGGGTA-1","0","Dlg4",0
"CTTAACCTCAATTGCG-1","0","Dlg4",0.618156990954837
"CTTAACCTCACACACA-1","1","Dlg4",0.45998102034546
"CTTAATCCAAGGTCAT-1","0","Dlg4",1.57039694699472
"CTTACAAGTGCATCCA-1","0","Dlg4",0
"CTTACATCACATTGCC-1","0","Dlg4",0
"CTTACATCAGCCATCT-1","0","Dlg4",0
"CTTACATCATTCGGAG-1","0","Dlg4",0.465870961959735
"CTTACGAAGTCAGCAC-1","1","Dlg4",1.53364521795897
"CTTACGCCACCTGCCA-1","1","Dlg4",1.28823911700603
"CTTACGGGTTAGCGTT-1","0","Dlg4",1.20229542065056
"CTTACGGGTTGCACTG-1","1","Dlg4",0
"CTTACTATCTATCGAG-1","2","Dlg4",0
"CTTACTTGTGAGTTAG-1","1","Dlg4",1.64413454448772
"CTTAGCAAGCAAGGAT-1","0","Dlg4",0
"CTTAGCGGTTATGAGG-1","1","Dlg4",1.07785165271537
"CTTAGCTTCAGTTGGC-1","1","Dlg4",1.05606286457401
"CTTAGCTTCCTCGTTG-1","0","Dlg4",0.962257669675723
"CTTAGCTTCGATGCGT-1","1","Dlg4",0
"CTTAGTAGTAAGTAGT-1","2","Dlg4",1.443059721887
"CTTAGTGAGCGGTTCG-1","8","Dlg4",1.39015046747346
"CTTATAGGTGCGGCTT-1","1","Dlg4",0.530677667535986
"CTTATAGGTTAGTTGC-1","8","Dlg4",0
"CTTATCGCACAACTAA-1","11","Dlg4",0
"CTTATCGCATGAAGCT-1","0","Dlg4",0.767296363825837
"CTTATCTGTCATGCCA-1","3","Dlg4",0
"CTTATCTGTTGCTCGA-1","7","Dlg4",0.466114179759651
"CTTATGAGTCAGGCAG-1","4","Dlg4",0
"CTTATGAGTTGTAAGG-1","3","Dlg4",0
"CTTATGGAGCATTCGA-1","5","Dlg4",0
"CTTATGGAGTAATGTC-1","4","Dlg4",1.26152200845283
"CTTATGGAGTGCTGTA-1","1","Dlg4",0.900622154269734
"CTTCAATCATTAGTGA-1","4","Dlg4",0.539771449654649
"CTTCACTAGGCGATAG-1","0","Dlg4",0
"CTTCACTAGGTAGGGC-1","0","Dlg4",0
"CTTCACTAGGTGCGAA-1","0","Dlg4",0.806854696127832
"CTTCAGCCAATCTCAT-1","0","Dlg4",0
"CTTCAGCCACTCAACC-1","1","Dlg4",0
"CTTCATCAGTCAGTTG-1","0","Dlg4",0
"CTTCATTGTTTCGATA-1","1","Dlg4",0.843657355797664
"CTTCGATTCACTAACG-1","2","Dlg4",1.00963234460364
"CTTCGATTCTAGTCGA-1","0","Dlg4",0.843506386650942
"CTTCGCATCACTCACT-1","7","Dlg4",1.82578324867498
"CTTCGCGCAGCAGGGA-1","0","Dlg4",0
"CTTCGCGCAGTTGCGA-1","0","Dlg4",0.654162863548598
"CTTCGCGCATAACCAA-1","0","Dlg4",0.44523214366275
"CTTCGGCTCGTGATAT-1","0","Dlg4",0
"CTTCGGTCAAGTGGTT-1","7","Dlg4",0
"CTTCGGTCAATCCGTC-1","0","Dlg4",1.04473272594853
"CTTCGTTAGCTGGACT-1","0","Dlg4",0
"CTTCGTTAGCTTAGGC-1","2","Dlg4",0.805482941202306
"CTTCTAATCCGTGCGA-1","2","Dlg4",0
"CTTCTATGTGAGTCCC-1","0","Dlg4",0.809474642151347
"CTTCTATGTGGGTCGA-1","10","Dlg4",0
"CTTCTCCTCGCTTGAA-1","4","Dlg4",0.857952275012787
"CTTGAATAGCTAAGTT-1","8","Dlg4",0
"CTTGAATAGGTACTGC-1","8","Dlg4",1.15125602215353
"CTTGAATAGGTAGAGT-1","5","Dlg4",0.852667000802262
"CTTGAATAGGTCGTAC-1","7","Dlg4",1.16405220978896
"CTTGACCCAAGTGATC-1","13","Dlg4",0
"CTTGACCCAGTTGAGT-1","0","Dlg4",0
"CTTGACTTCATACTGG-1","0","Dlg4",0.76104456170546
"CTTGAGGCAGCTACGA-1","2","Dlg4",0
"CTTGAGGCATAGATCA-1","11","Dlg4",1.07377679038043
"CTTGATAGTTCGCCTT-1","3","Dlg4",0
"CTTGATGAGGTGCAAG-1","6","Dlg4",0
"CTTGCACCATAGACCG-1","4","Dlg4",0.780161019678948
"CTTGCCTGTGCGGCTT-1","15","Dlg4",0
"CTTGCGGAGCGCCTCT-1","0","Dlg4",1.13025179164304
"CTTGCGGAGCTACTTC-1","0","Dlg4",0.83388816417548
"CTTGCGGAGTGATAGA-1","9","Dlg4",0
"CTTGCGGAGTGGGTCT-1","6","Dlg4",0
"CTTGCGGAGTTGGCTA-1","5","Dlg4",1.22439696201942
"CTTGCTTAGGTTCGCG-1","8","Dlg4",0.69259763392208
"CTTGCTTAGTGAAGTA-1","6","Dlg4",0
"CTTGGCGAGCCAATCA-1","12","Dlg4",0
"CTTGGCGAGTAGGTCC-1","4","Dlg4",1.01352989079481
"CTTGGGACAAGGTAGA-1","2","Dlg4",1.48454776975479
"CTTGGGCGTCCATCTC-1","5","Dlg4",0.853130570706705
"CTTGGGCGTTTAGGTC-1","5","Dlg4",0.776054832488817
"CTTGGGGTCCAGAGCT-1","4","Dlg4",0
"CTTGGGGTCGTTACAG-1","2","Dlg4",1.00697845608354
"CTTGGTAAGGCGCTAT-1","1","Dlg4",0
"CTTGTGTTCAATTGGT-1","0","Dlg4",0
"CTTGTGTTCATGAGTT-1","12","Dlg4",0
"GCAAACCTCCTGCCGT-1","5","Dlg4",0
"GCAACATCAATGGGCC-1","5","Dlg4",0
"GCAACCACAAGGGACG-1","7","Dlg4",0.396790669238167
"GCAACGGGTGATGACA-1","6","Dlg4",0
"GCAACTATCAGCTGCG-1","0","Dlg4",0
"GCAACTATCCATTAGG-1","0","Dlg4",0
"GCAAGCAAGGTGATCC-1","6","Dlg4",1.17453454950401
"GCAAGCAAGTGTCCTT-1","0","Dlg4",0.967587289431451
"GCAAGCTTCGATGCTA-1","3","Dlg4",0
"GCAAGGATCGACATAT-1","4","Dlg4",0.938955522055734
"GCAAGTGAGCCATGCG-1","14","Dlg4",0
"GCAAGTGAGCGGTCCA-1","0","Dlg4",0
"GCAAGTGAGGCAAGGC-1","0","Dlg4",1.25571723328692
"GCAATAGGTTTCAGCG-1","14","Dlg4",1.57788018942104
"GCAATATTCCGGAGTT-1","13","Dlg4",0
"GCAATCGCACTAGGGC-1","11","Dlg4",0
"GCAATCGCACTCATGC-1","0","Dlg4",1.06535322936035
"GCAATCTGTGGCCTAC-1","0","Dlg4",0
"GCAATTTAGGCTCCGA-1","5","Dlg4",0
"GCACAATCAGGCTCAA-1","2","Dlg4",0
"GCACAATCATTAGCAA-1","1","Dlg4",0.831684507449537
"GCACACTAGTCATAGT-1","3","Dlg4",0
"GCACAGCCACGCCATT-1","12","Dlg4",0
"GCACAGCCAGGCAGGA-1","0","Dlg4",0
"GCACAGCCATCGCGTT-1","0","Dlg4",0.738263600026138
"GCACCATAGAAGCATA-1","5","Dlg4",0
"GCACCATAGCGCATAC-1","3","Dlg4",0
"GCACCATAGGATGCAG-1","2","Dlg4",0.931185403523441
"GCACCGATCTAGTCCT-1","0","Dlg4",0
"GCACCTAGTGAGACAC-1","1","Dlg4",0.429400894229757
"GCACCTAGTGCAATGA-1","1","Dlg4",0
"GCACCTAGTGGGAACT-1","2","Dlg4",1.041281356929
"GCACGAAAGGAGGATT-1","0","Dlg4",0
"GCACGAAAGTACCACA-1","10","Dlg4",0
"GCACGAAAGTCATAGT-1","0","Dlg4",0
"GCACGATTCCGCGAAT-1","6","Dlg4",0
"GCACGGTCAACTTCAT-1","7","Dlg4",0
"GCACGGTCAGGATACT-1","1","Dlg4",0
"GCACTAGCAATTCAAG-1","0","Dlg4",0
"GCACTATGTCATTGCG-1","5","Dlg4",1.5735214461945
"GCACTGACAGGACTGC-1","5","Dlg4",0
"GCACTGGTCGACATAT-1","2","Dlg4",0
"GCAGCCATCACTTCCG-1","5","Dlg4",1.52853411425372
"GCAGCGAGTTCTGTAA-1","1","Dlg4",0.74141392152978
"GCAGGCTCATTGCGTC-1","4","Dlg4",0.623529716815566
"GCAGGGTAGCGATGAG-1","0","Dlg4",0
"GCAGTAAGTAGCTCGC-1","1","Dlg4",0.825362931298481
"GCAGTGAAGCGATAGG-1","0","Dlg4",0.864816556596177
"GCATAAGGTGAGGTGT-1","8","Dlg4",0
"GCATAAGGTTATGGTC-1","3","Dlg4",0
"GCATAGTCAAATGCGT-1","1","Dlg4",1.01717837627417
"GCATAGTCAATTGGCG-1","6","Dlg4",1.05304573978593
"GCATAGTCAGCAGGGA-1","0","Dlg4",0.670399719153159
"GCATAGTCAGGTAATC-1","13","Dlg4",0.785025856692992
"GCATAGTCATGGCGAC-1","0","Dlg4",0
"GCATCAATCCCTCAGC-1","0","Dlg4",0
"GCATCACAGAAGGTGT-1","0","Dlg4",1.20868332732581
"GCATCAGCAGTTGGGC-1","0","Dlg4",0.785285375433038
"GCATCCTCAACTCGTC-1","6","Dlg4",1.50930994415174
"GCATCCTCAATATCTC-1","3","Dlg4",0
"GCATCCTCATTAGTGA-1","1","Dlg4",0.35485014147454
"GCATCTAAGAACCAGG-1","1","Dlg4",0.974005828485231
"GCATCTAAGCCCGTTC-1","3","Dlg4",0
"GCATCTAAGGTTCCGG-1","4","Dlg4",1.87930468000993
"GCATGGGGTTACACAC-1","0","Dlg4",0
"GCATGTCAGGTACGCT-1","0","Dlg4",0.751509081859557
"GCATGTTGTCCATCTC-1","0","Dlg4",0
"GCATGTTGTCTGGCGT-1","0","Dlg4",0
"GCATTACGTGAGTGTA-1","3","Dlg4",0
"GCATTACGTTATCAGC-1","0","Dlg4",0
"GCATTATAGGCGTACT-1","5","Dlg4",0.759347008548054
"GCATTCAAGAAGGGCC-1","0","Dlg4",0
"GCATTCAAGGTCATAT-1","14","Dlg4",0
"GCATTCCCAACGTGAT-1","0","Dlg4",0.609028751368045
"GCATTGATCACCCTAT-1","5","Dlg4",1.21910841598659
"GCATTGATCGATGGAG-1","7","Dlg4",0.675999449399167
"GCATTTGAGCCATCAA-1","1","Dlg4",0.600099877215848
"GCCAAATCACAAGCAT-1","3","Dlg4",0
"GCCAAATCATCAATCT-1","5","Dlg4",1.21731972188124
"GCCAACTAGGTACACC-1","0","Dlg4",0.75765736947386
"GCCAACTAGGTCAATT-1","3","Dlg4",0
"GCCAAGCCACAGGACC-1","10","Dlg4",0
"GCCAATGCAATCGCAG-1","5","Dlg4",0.819567849711764
"GCCAATGCACTCAGGA-1","0","Dlg4",0
"GCCAATGCAGCTCGTT-1","7","Dlg4",0.664391282015688
"GCCAATGCATAATCGA-1","5","Dlg4",0.804525632623394
"GCCAATGCATCGACTC-1","0","Dlg4",0
"GCCAATTGTCAGCTCA-1","1","Dlg4",0
"GCCAATTGTGACGAGT-1","5","Dlg4",0.807542421470514
"GCCACAACAGCTAGAT-1","1","Dlg4",0
"GCCACATAGCCGATAC-1","6","Dlg4",0
"GCCACATAGGGTCTCG-1","12","Dlg4",0
"GCCACATAGGGTGAAT-1","2","Dlg4",1.14180698587997
"GCCACCTTCAATCCAG-1","0","Dlg4",0
"GCCACCTTCAATGTAC-1","0","Dlg4",0.720908657160387
"GCCACCTTCTGGTAAT-1","3","Dlg4",0
"GCCACTTCAAGGTGAA-1","10","Dlg4",0
"GCCACTTCAAGTGCCA-1","2","Dlg4",0
"GCCACTTCAAGTTACA-1","4","Dlg4",0.372856019064809
"GCCATAATCATGCGAC-1","0","Dlg4",0.794217643638574
"GCCATATGTCTTGCAG-1","4","Dlg4",0
"GCCATCAGTTCAAGGA-1","8","Dlg4",1.03691375465367
"GCCATCAGTTTCGGTG-1","0","Dlg4",1.57342042335908
"GCCATCCTCCACGGAT-1","7","Dlg4",0.844488709825823
"GCCATCTCAGCTCGTT-1","8","Dlg4",0
"GCCATCTCATAATCTC-1","5","Dlg4",0
"GCCATTCCATGGCAAT-1","0","Dlg4",0
"GCCCAAGTCCCGCGAA-1","14","Dlg4",0
"GCCCAATAGGTTGGCT-1","4","Dlg4",0.580554883898
"GCCCACTTCAATCTCC-1","1","Dlg4",0.727758535214855
"GCCCACTTCCATCTCG-1","1","Dlg4",1.5399476131621
"GCCCACTTCCATGCCC-1","6","Dlg4",0
"GCCCATAGTGAAGCGT-1","1","Dlg4",0.641304898472968
"GCCCATAGTTAGGCTT-1","6","Dlg4",0
"GCCCATTCAATCATAG-1","4","Dlg4",0.575471109775427
"GCCCATTCAGGTATCG-1","12","Dlg4",0
"GCCCCAAAGCCTATCT-1","0","Dlg4",0
"GCCCCAAAGGGTGAAT-1","0","Dlg4",0.581457529850471
"GCCCCATTCTATGCCT-1","13","Dlg4",0
"GCCCCTTAGCAGGTCT-1","14","Dlg4",0
"GCCCCTTAGGCGCTCA-1","0","Dlg4",0
"GCCCCTTAGGCGTCTG-1","4","Dlg4",0.538609880178097
"GCCCTAGAGTGCTCGG-1","11","Dlg4",0
"GCCCTAGAGTTGCATG-1","1","Dlg4",0
"GCCCTCACAATCTGGG-1","0","Dlg4",0
"GCCCTGAAGCGCTCTC-1","10","Dlg4",0
"GCCCTGAAGTCAGCTA-1","0","Dlg4",0
"GCCCTGTTCAATGGCC-1","16","Dlg4",0
"GCCCTGTTCGCGTGTG-1","6","Dlg4",1.2442571049076
"GCCGAACCATAAGTGC-1","2","Dlg4",0
"GCCGAGTCAAACCGAT-1","5","Dlg4",0
"GCCGAGTCAAGGGCTC-1","1","Dlg4",0.827024261529772
"GCCGAGTCACCATCGT-1","0","Dlg4",1.20950778726389
"GCCGAGTCATAGACCG-1","3","Dlg4",0
"GCCGCTAAGGAACCTC-1","4","Dlg4",0.816244468087592
"GCCGTACGTCAGTAAG-1","10","Dlg4",0
"GCCGTCAAGGTTGCCG-1","3","Dlg4",0
"GCCGTTAGTGATCCTG-1","4","Dlg4",0.588962412572502
"GCCGTTGAGGGCTTAC-1","1","Dlg4",0
"GCCTAAATCACTCCAT-1","7","Dlg4",1.26423231418666
"GCCTAAATCTGGCCCT-1","1","Dlg4",0.528810527557219
"GCCTAACAGTAATGAG-1","6","Dlg4",0
"GCCTACCTCGACTGAC-1","0","Dlg4",1.50357204194813
"GCCTACTCAAATGGGA-1","2","Dlg4",1.63509707184299
"GCCTATGGTAGTCCCA-1","2","Dlg4",1.4299857252053
"GCCTATGGTCAGGAAC-1","0","Dlg4",0.974827455157447
"GCCTATGGTGCAGTAA-1","6","Dlg4",0
"GCCTATGGTTATGGAG-1","8","Dlg4",0.704642144626978
"GCCTCCACAAACCAAC-1","4","Dlg4",0.898838979520855
"GCCTCCACATCACGAG-1","7","Dlg4",0.480183394592701
"GCCTGCAAGCTTAACG-1","0","Dlg4",0
"GCCTGCTTCCTCACTG-1","7","Dlg4",0.651865521586641
"GCCTGGATCTAGTGTG-1","0","Dlg4",0
"GCCTGTGAGCATTGAT-1","7","Dlg4",0.605624884074435
"GCCTGTGAGGTAGCTC-1","2","Dlg4",0
"GCCTGTTCAATCGAGT-1","1","Dlg4",0
"GCCTGTTCACCATCCG-1","1","Dlg4",0
"GCGAAAGTCAGCGGAA-1","0","Dlg4",0
"GCGAATTCAAATCGGT-1","14","Dlg4",0
"GCGAATTCAATAGGCT-1","0","Dlg4",0.675525150292407
"GCGAATTCAATGTATG-1","1","Dlg4",0.559369470645381
"GCGAATTCACTTACGC-1","0","Dlg4",0.856936489224972
"GCGAATTCATCCTGAC-1","4","Dlg4",0
"GCGACATTCTTGAGCA-1","3","Dlg4",0
"GCGACTTAGGATGGGC-1","0","Dlg4",0
"GCGAGGTAGCCTGTCC-1","0","Dlg4",0
"GCGAGGTAGTGAATGA-1","4","Dlg4",0.611448520309116
"GCGAGTAAGGTAGCGA-1","0","Dlg4",0
"GCGAGTTTCACGGAAG-1","0","Dlg4",0
"GCGATAAGTTGAGCCC-1","8","Dlg4",1.14057454386996
"GCGATCCGTGAGCGCA-1","7","Dlg4",1.35834638332939
"GCGATCCGTTAATGGG-1","0","Dlg4",0
"GCGATCCGTTCCGCTT-1","0","Dlg4",0
"GCGATCCGTTCGCAAT-1","4","Dlg4",0
"GCGATGTTCAGCATTG-1","5","Dlg4",0
"GCGCATTAGGTCCAAC-1","0","Dlg4",0.884017875944132
"GCGCATTAGTCGCTGG-1","5","Dlg4",0.785934961879794
"GCGCCTAAGCTAATGT-1","4","Dlg4",0.545108345086343
"GCGCCTAAGGAACTAA-1","3","Dlg4",0
"GCGCCTAAGTCATGGC-1","5","Dlg4",1.15059116719208
"GCGCCTAAGTCGAACC-1","0","Dlg4",0.900102004524237
"GCGCTAACATTAGTTC-1","3","Dlg4",0
"GCGCTAGTCACTCACT-1","5","Dlg4",1.10054936762529
"GCGCTCAAGGAGGTCA-1","0","Dlg4",0
"GCGCTCAAGTGGCTTA-1","0","Dlg4",0
"GCGCTTGAGATAGCCC-1","2","Dlg4",0.864577916746724
"GCGCTTGAGCATCCTT-1","4","Dlg4",0
"GCGGAGACAATCCGTC-1","3","Dlg4",0
"GCGGAGTAGATTGAAG-1","6","Dlg4",1.66895739931668
"GCGGCTATCCGCACGA-1","1","Dlg4",0
"GCGGGAACATGCTCGT-1","1","Dlg4",1.21539786183887
"GCGGGTAGTTAGCGAA-1","0","Dlg4",0
"GCGGGTTCATCATATC-1","0","Dlg4",0
"GCGGTAAAGGATGAAC-1","0","Dlg4",0
"GCGGTAGGTAATGTGG-1","5","Dlg4",0
"GCGGTGAGTTCAATCA-1","0","Dlg4",0
"GCGTAAAGTTAGCAAG-1","8","Dlg4",0.665400234355774
"GCGTAATCAGCCATAG-1","4","Dlg4",1.00253410937831
"GCGTAATCAGCCATCT-1","0","Dlg4",0.562048015051652
"GCGTACCGTCAGGGAT-1","0","Dlg4",0
"GCGTACCGTCTAACGT-1","11","Dlg4",0
"GCGTAGCCAAGCATCG-1","7","Dlg4",0
"GCGTAGCCAGCTCTCG-1","4","Dlg4",0
"GCGTATATCGTACCTT-1","3","Dlg4",0
"GCGTATTGTAGGTACA-1","3","Dlg4",0
"GCGTCAACAAGCCAAT-1","11","Dlg4",0
"GCGTGAAAGATACTAC-1","5","Dlg4",0
"GCGTGAAAGCTATCTC-1","0","Dlg4",0
"GCGTGAAAGGATGTCC-1","1","Dlg4",0.791304493255571
"GCGTGAAAGTCATGGC-1","0","Dlg4",0
"GCGTGAGGTAATGCAG-1","1","Dlg4",0
"GCGTGAGGTAGTAACG-1","5","Dlg4",1.11929892727683
"GCGTGAGGTGGAGAGA-1","8","Dlg4",0
"GCGTGCATCGTGATTG-1","6","Dlg4",0
"GCGTGTTAGTGAAGCG-1","2","Dlg4",0
"GCGTTCTCATTACCTG-1","13","Dlg4",0
"GCTAAACCAAGTGCTG-1","5","Dlg4",1.03934838812966
"GCTAAACCAGGTATGT-1","12","Dlg4",0
"GCTAAAGGTTCGCGTA-1","9","Dlg4",0
"GCTAAAGGTTGACGCC-1","0","Dlg4",0.756755441104426
"GCTAAATTCTGTCTAC-1","2","Dlg4",0.867130640057247
"GCTAACATCAGGAAGT-1","0","Dlg4",0.909209687142782
"GCTAACATCCCGCAAG-1","0","Dlg4",0
"GCTAATGTCCACCGCT-1","0","Dlg4",0
"GCTAATGTCCATAGTG-1","4","Dlg4",0
"GCTACCCTCGATGCTA-1","0","Dlg4",0.671193782093091
"GCTACCTCACCTATAT-1","7","Dlg4",0.669933532916213
"GCTACCTCAGGTTCCT-1","4","Dlg4",0.434670921577096
"GCTACTGGTAGTAGAT-1","2","Dlg4",0
"GCTACTGGTGGCGTTC-1","0","Dlg4",0
"GCTAGGGGTGAAGGCT-1","5","Dlg4",0.858500295260349
"GCTAGGTTCCTGAAGC-1","6","Dlg4",0
"GCTAGGTTCTAGCCGG-1","0","Dlg4",0.669561067785595
"GCTAGTCAGCAACCCG-1","0","Dlg4",0
"GCTAGTCAGGATTACT-1","0","Dlg4",0.483831048195989
"GCTAGTCAGGCTCTGG-1","1","Dlg4",0.458971185365887
"GCTAGTTGTGAGATCA-1","0","Dlg4",0.825074723602493
"GCTAGTTGTTTACTTC-1","4","Dlg4",0.878818981212867
"GCTATGATCAATCTCC-1","0","Dlg4",0
"GCTATTGAGGTAACGG-1","8","Dlg4",0
"GCTCACCTCTGGCTGG-1","7","Dlg4",0
"GCTCAGGTCCGCGTAG-1","0","Dlg4",0
"GCTCATAAGCCCTGGA-1","4","Dlg4",0.540189675913022
"GCTCATAAGTACGCCG-1","10","Dlg4",0
"GCTCATGGTAGGTGTA-1","0","Dlg4",1.27489239912571
"GCTCCAAGTATGTACC-1","0","Dlg4",0
"GCTCCAAGTTTCGAGT-1","5","Dlg4",0
"GCTCCCACAGCTCGTT-1","4","Dlg4",0
"GCTCCCACATTGGGCA-1","0","Dlg4",0.861330458127816
"GCTCCGTTCAATGTGT-1","0","Dlg4",0
"GCTCCGTTCGATCGGT-1","9","Dlg4",0
"GCTCCTGCAAGTGATC-1","0","Dlg4",0
"GCTCCTGCATTGACGG-1","1","Dlg4",0.825290859440386
"GCTCCTTGTGATGATG-1","10","Dlg4",0
"GCTCGATAGCCGACTG-1","8","Dlg4",0.787498587519971
"GCTCGATAGGTTAGCC-1","2","Dlg4",0.66279265000163
"GCTCGATAGTGCTCGG-1","7","Dlg4",0
"GCTCGCTTCTAGTAAC-1","0","Dlg4",0.556971524868677
"GCTCGCTTCTGTGAGC-1","0","Dlg4",0.739348724854567
"GCTCGTAGTCAGGCGA-1","0","Dlg4",0
"GCTCGTAGTTGTAGGA-1","10","Dlg4",0
"GCTCTATTCACCAGCG-1","4","Dlg4",0.450886547118271
"GCTCTATTCAGCTAAT-1","5","Dlg4",0.657058230245675
"GCTCTATTCCATGCGG-1","11","Dlg4",0
"GCTCTCATCATGTCCT-1","7","Dlg4",0.796150045099641
"GCTCTTGTCTAGCGCG-1","0","Dlg4",0
"GCTGAAAGTAGCGGAT-1","2","Dlg4",0.771086932135083
"GCTGAAAGTGGCCTAC-1","4","Dlg4",0.739520365193324
"GCTGAAAGTTAGCCAT-1","5","Dlg4",0.542110051975005
"GCTGACTAGCGGACTT-1","0","Dlg4",0
"GCTGACTAGGTAGTCC-1","1","Dlg4",1.31574331658798
"GCTGACTAGTGGGTTC-1","3","Dlg4",0
"GCTGAGAAGGTCATGC-1","10","Dlg4",0
"GCTGAGAAGGTTCGGT-1","2","Dlg4",0.838407238631192
"GCTGATGCAACTGCCT-1","9","Dlg4",0
"GCTGCCTTCACGCACG-1","0","Dlg4",0
"GCTGCTGAGCCGAGTT-1","0","Dlg4",0
"GCTGGATTCACAGATT-1","3","Dlg4",0
"GCTGGCTGTGCGGTTC-1","1","Dlg4",1.05450623603875
"GCTGGGTCAATTAGGC-1","2","Dlg4",1.08506479750237
"GCTGTTAAGGTCAACC-1","2","Dlg4",0.755197413890103
"GCTTAACGTCAGGCAG-1","5","Dlg4",1.20058847019882
"GCTTAACGTTCGGTAT-1","11","Dlg4",0
"GCTTAACGTTCGTTGG-1","6","Dlg4",0
"GCTTAATAGCGGGAAC-1","2","Dlg4",0
"GCTTACTTCACAGGTC-1","4","Dlg4",0
"GCTTACTTCAGTATCG-1","1","Dlg4",1.08734066448699
"GCTTACTTCCGTTGCC-1","3","Dlg4",0
"GCTTATAGTATGGATG-1","1","Dlg4",0.678237946795839
"GCTTATGAGGGTATCC-1","2","Dlg4",0
"GCTTCCATCGCTCGCT-1","6","Dlg4",0
"GCTTCCATCTAGTGAT-1","2","Dlg4",0
"GCTTCCGCAACCTGAG-1","0","Dlg4",0
"GCTTCCGCACCATCGT-1","7","Dlg4",1.3223134417224
"GCTTCCTGTGCGTGGA-1","0","Dlg4",0
"GCTTGATGTCAGGGAT-1","0","Dlg4",0
"GCTTGCCTCACTTCAC-1","3","Dlg4",0
"GCTTGGACAGCTAGGC-1","4","Dlg4",1.02722121660501
"GCTTGTAAGCGGTAGA-1","0","Dlg4",0
"GCTTGTCCAATATCTC-1","5","Dlg4",0.663842279937363
"GCTTTGAAGCAGGCAA-1","0","Dlg4",0.771899842902992
"GCTTTGAAGCATGTCA-1","5","Dlg4",0
"GCTTTGAAGCTGGAAG-1","3","Dlg4",0
"GCTTTGGGTGAGGAGA-1","3","Dlg4",0
"GCTTTGGGTGAGTAGC-1","3","Dlg4",0
"GGAAACTAGTAGCCAC-1","10","Dlg4",0
"GGAAACTAGTAGTGCC-1","2","Dlg4",1.63498625131141
"GGAAATGCAAGTGAGA-1","9","Dlg4",0
"GGAAATTGTAATCGCT-1","0","Dlg4",0.814628471089097
"GGAACATAGCATCCAA-1","6","Dlg4",0
"GGAACCAAGCGAGTAG-1","9","Dlg4",0
"GGAACGATCAATCTGG-1","5","Dlg4",0.732382432476165
"GGAACTGAGAATCCGC-1","7","Dlg4",1.61586880276439
"GGAACTGAGTGCCCGA-1","5","Dlg4",0
"GGAAGATTCACCTGAA-1","1","Dlg4",0.995220426633144
"GGAAGCATCGACCGAT-1","0","Dlg4",0
"GGAAGCCAGTTAGTGT-1","0","Dlg4",0
"GGAAGGCTCCATCCGC-1","0","Dlg4",0
"GGAAGGTCAAACTTAG-1","8","Dlg4",0.776498269019165
"GGAAGGTCATCACTGC-1","6","Dlg4",0
"GGAAGTTAGCGAGCTT-1","2","Dlg4",1.36460521117742
"GGAAGTTAGCTGAGAG-1","2","Dlg4",0
"GGAATATGTCCATATA-1","0","Dlg4",0.870747616397524
"GGAATATGTTATCGCG-1","6","Dlg4",0
"GGAATCTCATCCAGAG-1","3","Dlg4",0
"GGAATCTCATTACGAA-1","2","Dlg4",0
"GGAATTAAGGCTCCGA-1","0","Dlg4",0.669886951273271
"GGACAATAGCCTTCCA-1","0","Dlg4",0
"GGACAGGCATCATCTG-1","0","Dlg4",0
"GGACATAGTAATGAGT-1","2","Dlg4",1.1844412690388
"GGACATGAGGTAGTCC-1","0","Dlg4",1.45264239341659
"GGACATTCAGCCAGTA-1","0","Dlg4",0.954331474881432
"GGACCCTGTCATTCAA-1","0","Dlg4",0
"GGACCCTGTGCAACGG-1","3","Dlg4",0
"GGACGAATCAGTATGT-1","0","Dlg4",0.792096757523469
"GGACGAATCGATGCTA-1","5","Dlg4",0.667058117715561
"GGACGAATCTCACCGC-1","1","Dlg4",0.472962479265284
"GGACGATGTCTTACGG-1","2","Dlg4",0.929326184775751
"GGACGGACATAAGTCA-1","8","Dlg4",0.916801035515889
"GGACGTAAGAATCAAG-1","0","Dlg4",1.22354959602947
"GGACGTTTCATAGGCC-1","0","Dlg4",0
"GGACTTATCTAGTCTC-1","11","Dlg4",0
"GGACTTGCAATCAGTA-1","0","Dlg4",0
"GGACTTGCATGACTAA-1","0","Dlg4",0
"GGACTTGCATGGAGCC-1","3","Dlg4",0
"GGAGAAGGTAACCCAT-1","2","Dlg4",1.27489239912571
"GGAGAGGAGTCAGGTC-1","0","Dlg4",0
"GGAGAGGAGTTGCGGT-1","9","Dlg4",0
"GGAGCAATCAGCAGGA-1","4","Dlg4",1.44598928934984
"GGAGCAATCCGTTGCC-1","0","Dlg4",0.914285433624995
"GGAGCATGTAATGGTG-1","0","Dlg4",0
"GGAGCCAGTTGGAGTA-1","2","Dlg4",0.741932106672801
"GGAGCTAAGCGGGATA-1","0","Dlg4",0
"GGAGCTAAGGGTAGGC-1","0","Dlg4",0
"GGAGCTAAGTAATCGT-1","6","Dlg4",0
"GGAGGTTGTAACGCTT-1","6","Dlg4",0
"GGAGGTTGTTCACGCA-1","8","Dlg4",0
"GGAGTAACACATTCGC-1","0","Dlg4",0
"GGAGTATAGCTACTGA-1","11","Dlg4",1.35460131059193
"GGAGTCAAGCTAACTG-1","2","Dlg4",1.38021282013001
"GGAGTGATCTGTGCAA-1","1","Dlg4",0
"GGATAACAGCTTAGGC-1","4","Dlg4",0
"GGATAGGTCGTACACA-1","2","Dlg4",0.921148112711816
"GGATAGTAGAAGCCTC-1","0","Dlg4",0.607008307978704
"GGATATGGTATGTACC-1","5","Dlg4",0
"GGATATGGTTCGCTAG-1","0","Dlg4",0
"GGATATGGTTTGACCG-1","1","Dlg4",0
"GGATCGCCATCCCTGG-1","0","Dlg4",0
"GGATCGTTCCGCGGTA-1","0","Dlg4",0.855300981210514
"GGATGCTTCACTGGTA-1","7","Dlg4",0.667035032903213
"GGATGGATCCGGGTTG-1","0","Dlg4",0
"GGATGTGAGCCTGGTG-1","2","Dlg4",1.24329076963159
"GGATGTGAGGCGTAAG-1","6","Dlg4",0
"GGATGTTCATAAGCTA-1","15","Dlg4",0
"GGATTAAAGCCCTACC-1","0","Dlg4",0
"GGATTCATCCCGTTCA-1","3","Dlg4",0
"GGATTCGCAAATCTAG-1","0","Dlg4",1.17306826940601
"GGATTCGCAATCCATT-1","1","Dlg4",0.579655114015029
"GGATTCGCATCCCAGT-1","6","Dlg4",0
"GGATTGAGTAGCCCGT-1","0","Dlg4",0.521669234812699
"GGATTGCTCCCCATTG-1","0","Dlg4",0.802278574067055
"GGCAACCCAAGGTCCA-1","0","Dlg4",0
"GGCAACCCAGGATGCC-1","2","Dlg4",1.37478077060808
"GGCAACTTCGAACCGT-1","5","Dlg4",0
"GGCAAGGCAATCCGTC-1","15","Dlg4",1.207476391475
"GGCAAGGCAGGGCTAC-1","0","Dlg4",0.923979119172879
"GGCAATAGTTCCTGAG-1","5","Dlg4",0.67953086596035
"GGCACACCAAGTCCTC-1","2","Dlg4",1.52676887213929
"GGCACACCAATACATG-1","0","Dlg4",1.29432678317163
"GGCACACCAGGTTAGT-1","3","Dlg4",0
"GGCACATTCACCTGCC-1","2","Dlg4",0
"GGCACCATCAGGTGAG-1","14","Dlg4",0
"GGCACCATCGAAGCCT-1","0","Dlg4",0
"GGCACCTGTGATGGAC-1","0","Dlg4",0.615525833004043
"GGCACCTGTTTGACAC-1","1","Dlg4",0
"GGCACGAGTTAGTGCT-1","0","Dlg4",0.637666531492523
"GGCATAAGTAAGTGCA-1","2","Dlg4",0.786455444820588
"GGCATAAGTCAGGAGT-1","6","Dlg4",0
"GGCATAGAGCATGATT-1","1","Dlg4",0
"GGCATAGAGGTTCCTT-1","13","Dlg4",0
"GGCATAGAGTAGTCCA-1","4","Dlg4",0.799437723940893
"GGCATGGGTCTGTCCT-1","0","Dlg4",1.2371807071424
"GGCATGGGTTCGTGCA-1","6","Dlg4",0
"GGCATTATCAGCCACG-1","2","Dlg4",1.48270277071928
"GGCATTATCCACCGTC-1","0","Dlg4",0.65046005578076
"GGCATTATCCGTATGA-1","1","Dlg4",0.568147222984891
"GGCATTCAGATTAGCT-1","7","Dlg4",0
"GGCATTCAGTATGATC-1","0","Dlg4",0
"GGCCAATTCCATAGAT-1","0","Dlg4",0.702681688329748
"GGCCCTAAGCTAGAGG-1","11","Dlg4",1.46659353165901
"GGCCGAAGTGGCGTTC-1","3","Dlg4",0
"GGCCTAACACAGGGTC-1","1","Dlg4",0.860424228617381
"GGCCTAGTCATGCTAG-1","1","Dlg4",0.702784587133188
"GGCCTAGTCGTAACCA-1","7","Dlg4",1.25913865123065
"GGCCTCAAGCTAGTGC-1","7","Dlg4",0.482023874166845
"GGCCTCAAGTCAGGAG-1","2","Dlg4",0
"GGCCTCAAGTGAATGA-1","1","Dlg4",1.24359805662746
"GGCCTTGAGCTACCGG-1","3","Dlg4",0
"GGCGAACAGCGAACGA-1","0","Dlg4",0
"GGCGAACAGGTGCTGT-1","0","Dlg4",0
"GGCGAGACAATCGAGT-1","4","Dlg4",0
"GGCGAGACATGGTACG-1","8","Dlg4",1.33364685079293
"GGCGATCCATCAAGCG-1","2","Dlg4",0
"GGCGATCCATTAACGA-1","3","Dlg4",0
"GGCGATGGTCCCGAGT-1","2","Dlg4",0
"GGCGCTTGTTCACGGC-1","12","Dlg4",0
"GGCGCTTGTTGAGTTC-1","1","Dlg4",1.0708687410638
"GGCGGATAGATTGCGC-1","0","Dlg4",0
"GGCGGATAGGTGCTTA-1","0","Dlg4",0.76859689449553
"GGCGGTAGTTTGCAGT-1","5","Dlg4",1.753041294221
"GGCGGTTCACTCGCAT-1","1","Dlg4",0
"GGCGTCTGTCAGGGAT-1","0","Dlg4",0.944090733461634
"GGCGTGAGTTTCGGAT-1","12","Dlg4",0
"GGCGTGAGTTTGGGTT-1","13","Dlg4",0
"GGCGTTACATTAATCC-1","2","Dlg4",0
"GGCGTTGTCAGCAATT-1","3","Dlg4",0
"GGCGTTGTCCAGAGAG-1","15","Dlg4",0.880303633058633
"GGCGTTGTCTAGTGTG-1","0","Dlg4",1.11057609062746
"GGCTAGAAGGTGATGG-1","1","Dlg4",0
"GGCTAGAAGTTAGGCC-1","5","Dlg4",0
"GGCTATATCACGTGTA-1","6","Dlg4",1.40977087421791
"GGCTATATCCAGGCCA-1","3","Dlg4",0
"GGCTCAACATAGGTTA-1","0","Dlg4",0
"GGCTCGATCCGTGCTC-1","0","Dlg4",1.05207452444201
"GGCTCGATCGAATGGG-1","5","Dlg4",0
"GGCTCGATCGACCCGA-1","0","Dlg4",0.925631492455476
"GGCTGAAAGAACGGGC-1","3","Dlg4",0
"GGCTGAAAGCAGGTCT-1","13","Dlg4",0
"GGCTGAAAGGTCGAGA-1","2","Dlg4",1.52248191662173
"GGCTGACCATGGATAC-1","10","Dlg4",0
"GGCTGAGGTTCGCCTT-1","11","Dlg4",0
"GGCTGGTCATCGCTCG-1","4","Dlg4",0.613150309753009
"GGCTTAATCCCAGAGT-1","0","Dlg4",0
"GGCTTATGTTAGCGTT-1","0","Dlg4",0
"GGCTTCCTCCCTGGTC-1","5","Dlg4",0.61823588973525
"GGCTTCTCATCCTACA-1","3","Dlg4",0
"GGCTTCTCATGGTGTG-1","6","Dlg4",0
"GGCTTGGTCGACTATG-1","0","Dlg4",0
"GGCTTGGTCGCTCAGG-1","14","Dlg4",0
"GGCTTGGTCTATCCAC-1","8","Dlg4",0
"GGCTTTGGTGAGCGTG-1","2","Dlg4",0.959566791147283
"GGGAACATCCCATAGA-1","3","Dlg4",0
"GGGAACATCCCCAGAG-1","1","Dlg4",0
"GGGAACATCGCGTCGA-1","9","Dlg4",0
"GGGAATGTCCCAGGAT-1","0","Dlg4",1.57135287446262
"GGGAATGTCTTGAACG-1","9","Dlg4",0
"GGGAATTAGGTTGGCT-1","0","Dlg4",0.752160709258007
"GGGACAATCACAGGGA-1","9","Dlg4",1.22985145718598
"GGGACAATCAGGTCCG-1","9","Dlg4",0
"GGGACACAGTATGACT-1","1","Dlg4",0
"GGGACCAGTAGCTTCG-1","5","Dlg4",1.41336829698705
"GGGACCAGTGGCGAAT-1","3","Dlg4",0
"GGGACCAGTTAAGCTC-1","3","Dlg4",0
"GGGACCAGTTCCGTAG-1","0","Dlg4",0
"GGGACCTCAAACCGCA-1","13","Dlg4",0
"GGGACGTAGCTATCGA-1","9","Dlg4",0
"GGGACGTAGTGAACCC-1","3","Dlg4",0
"GGGATAGTCACACATG-1","3","Dlg4",0
"GGGATAGTCATCAGGC-1","0","Dlg4",0
"GGGATATAGGATGGCA-1","3","Dlg4",0
"GGGATTAGTGAAGGAG-1","2","Dlg4",1.90521073610303
"GGGATTGAGGCAAGTG-1","1","Dlg4",0
"GGGATTGAGTCATGCA-1","4","Dlg4",1.45276782336238
"GGGCAAATCATGCGTA-1","0","Dlg4",0.69605985273412
"GGGCAACAGCCATGCG-1","1","Dlg4",0.70355732916159
"GGGCAGACATCACTCA-1","1","Dlg4",0.62812196553593
"GGGCATCCATAGATGC-1","10","Dlg4",0
"GGGCATGGTGCAGCGA-1","0","Dlg4",0.975033095358889
"GGGCATTTCGTAACTG-1","3","Dlg4",0
"GGGCCTATCCTGCTCA-1","2","Dlg4",1.16130697685702
"GGGCCTTGTGAAGTTG-1","0","Dlg4",0.600322596883366
"GGGCCTTGTGCATCTG-1","3","Dlg4",0
"GGGCGATAGGCAACCT-1","0","Dlg4",0
"GGGCGATAGTTAGTGT-1","7","Dlg4",0.599729055717653
"GGGCGTAGTGGCGTGA-1","3","Dlg4",0
"GGGCTAGGTGCGGCTT-1","0","Dlg4",0.479526198485996
"GGGCTAGGTTTACCGG-1","0","Dlg4",0.861251575161069
"GGGCTCTGTATGTAGG-1","8","Dlg4",0.69864211536522
"GGGCTCTGTGCACCAC-1","0","Dlg4",1.065789689169
"GGGCTTACAAGCCTAG-1","9","Dlg4",0
"GGGGACTAGGAACCTC-1","7","Dlg4",1.1209687268748
"GGGGACTAGGTCATCA-1","4","Dlg4",0.471757771314233
"GGGGATGCAAACCAAC-1","0","Dlg4",0.676902524695987
"GGGGATGCACATTCAT-1","0","Dlg4",0
"GGGGATGCATCGTTCA-1","4","Dlg4",0.995596817379873
"GGGGCTAGTATAGTCC-1","0","Dlg4",0
"GGGGCTAGTCTGTGTG-1","11","Dlg4",0
"GGGGTAATCCAGGTGT-1","0","Dlg4",1.2001828512909
"GGGGTAATCCTGCCGT-1","3","Dlg4",0
"GGGGTATGTAATCGCT-1","12","Dlg4",0
"GGGGTATGTTAGGTGA-1","12","Dlg4",0
"GGGGTCAGTGATGCCC-1","1","Dlg4",0
"GGGGTCAGTGCATTAC-1","0","Dlg4",0.632453632680471
"GGGGTTAAGCCAGACT-1","1","Dlg4",0.425541921258661
"GGGGTTGGTGCAACTT-1","8","Dlg4",0.689566512322075
"GGGTAACGTAAGTCCT-1","4","Dlg4",1.11943786777462
"GGGTAACGTTAGACGA-1","2","Dlg4",1.03803135757833
"GGGTAACGTTATCATG-1","11","Dlg4",0
"GGGTAATAGCCAGACT-1","0","Dlg4",0
"GGGTAATAGCTGGTGT-1","0","Dlg4",0
"GGGTACTTCCCATGAA-1","0","Dlg4",0
"GGGTACTTCCCTCAAT-1","1","Dlg4",0.695153199286811
"GGGTACTTCGATGTAT-1","4","Dlg4",0
"GGGTACTTCTAGTCTC-1","2","Dlg4",1.11157843466538
"GGGTATAGTAGTGCCC-1","8","Dlg4",0.631875265851185
"GGGTCAAAGGAGTCGA-1","8","Dlg4",0
"GGGTCAGGTCAGCCTA-1","0","Dlg4",0
"GGGTCAGGTGATAGAT-1","12","Dlg4",0
"GGGTCATTCACACCGG-1","0","Dlg4",0.814558363424167
"GGGTCATTCAGCCTAA-1","0","Dlg4",0
"GGGTCATTCTAGGCGT-1","6","Dlg4",0
"GGGTCCATCCTGAGTA-1","3","Dlg4",0
"GGGTGTCCATGAGCTG-1","2","Dlg4",1.08202500742524
"GGGTTAAGTTTAAGCC-1","2","Dlg4",0.686317837443265
"GGGTTCCGTCAGTTCG-1","4","Dlg4",0.594586658723795
"GGGTTTCAGCAATCCA-1","1","Dlg4",1.05499405084934
"GGGTTTCAGCTGGCAT-1","1","Dlg4",0.81336847720347
"GGGTTTCAGGAGCTTC-1","7","Dlg4",0.698337285682557
"GGGTTTGCATGAGTGT-1","1","Dlg4",0.694801274819441
"GGTAACAGTTAGTTCA-1","3","Dlg4",0
"GGTAACAGTTCCCAGA-1","0","Dlg4",1.08851519239163
"GGTAATCCAGCTCGTT-1","2","Dlg4",0
"GGTAATCCAGTTAAGC-1","14","Dlg4",0
"GGTAATGGTAACGCGG-1","2","Dlg4",0
"GGTAATGGTTCACTCC-1","5","Dlg4",0
"GGTAATTTCCAACTAG-1","2","Dlg4",1.28747876602086
"GGTAATTTCCGGAGTT-1","3","Dlg4",0
"GGTAATTTCCGGTTCC-1","5","Dlg4",0.52607736211241
"GGTAATTTCGCGCCTT-1","8","Dlg4",1.12749144768434
"GGTACGAAGGCGTCAT-1","0","Dlg4",0
"GGTACGCCAGCCAAGC-1","1","Dlg4",0
"GGTACGGGTAACGGCG-1","1","Dlg4",0.563902796892991
"GGTACGTTCATAGACT-1","4","Dlg4",0
"GGTACGTTCCGTTGCC-1","3","Dlg4",0
"GGTACTATCAGCGGAA-1","0","Dlg4",0.781925630247104
"GGTAGCTTCAGCCATA-1","8","Dlg4",0
"GGTAGTAGTAGGTGAC-1","4","Dlg4",0
"GGTAGTGAGGCAAGGC-1","1","Dlg4",0
"GGTAGTGAGGGCTCTG-1","6","Dlg4",0
"GGTATAGGTATGGGTA-1","6","Dlg4",0
"GGTATAGGTTTCGGTG-1","5","Dlg4",0
"GGTATATTCCAGGTGT-1","0","Dlg4",0
"GGTATCGCAGTACCCT-1","2","Dlg4",0.639776650036934
"GGTATCTGTTACACCG-1","0","Dlg4",0
"GGTATGGAGCCTGACG-1","0","Dlg4",1.02887428938297
"GGTATGTCACAGCGAC-1","4","Dlg4",0
"GGTATGTCAGGCTTAG-1","0","Dlg4",0
"GGTATTGTCCATAGCA-1","7","Dlg4",0
"GGTATTGTCTGGTCGG-1","0","Dlg4",0
"GGTCAATCAACCTTGC-1","0","Dlg4",0.805756898936108
"GGTCAATCAAGCTAAC-1","3","Dlg4",0
"GGTCAATCATAAGCAC-1","6","Dlg4",0
"GGTCAGCCAAAGGATG-1","5","Dlg4",1.2967673203861
"GGTCAGCCAATCGACG-1","1","Dlg4",1.49104808455961
"GGTCAGCCATGAGCAT-1","7","Dlg4",0
"GGTCATCAGCGCCTCT-1","8","Dlg4",0.64775473677543
"GGTCATCAGGGTCATC-1","5","Dlg4",0.603233525319333
"GGTCCTGAGATAGAGC-1","2","Dlg4",0.428877283179523
"GGTCCTGAGTGTCAAT-1","0","Dlg4",0.925999546001116
"GGTCCTGAGTTGGATT-1","10","Dlg4",0
"GGTCGATTCCGCCAGA-1","5","Dlg4",1.27796609948947
"GGTCGATTCCTGAGCG-1","11","Dlg4",0
"GGTCGATTCGCTCGCT-1","0","Dlg4",0.681069857659549
"GGTCGCATCCTGTCGC-1","9","Dlg4",0
"GGTCGCATCTCACATC-1","3","Dlg4",0
"GGTCGTTAGGCGTCTG-1","0","Dlg4",0
"GGTCGTTAGGTCACGT-1","8","Dlg4",1.3393350083739
"GGTCTATGTCATCGTG-1","9","Dlg4",0
"GGTCTCCTCCTGAGTA-1","5","Dlg4",0
"GGTCTCCTCGATACGC-1","11","Dlg4",0
"GGTCTTAAGCAGGCTT-1","0","Dlg4",0
"GGTCTTAAGTAACGAA-1","1","Dlg4",0
"GGTGAACGTCATGAAG-1","0","Dlg4",0.822204292789547
"GGTGAACGTTTAAGCC-1","9","Dlg4",0
"GGTGAATAGATAGCAA-1","4","Dlg4",0.51840551928876
"GGTGAGGCATCCACGT-1","0","Dlg4",1.12222468635753
"GGTGAGGCATCGGTCT-1","10","Dlg4",0
"GGTGATGAGCATGACC-1","0","Dlg4",0
"GGTGCAGGTAAGTAGT-1","1","Dlg4",0
"GGTGCAGGTTGCTGAT-1","3","Dlg4",0
"GGTGCATTCAGGAGCA-1","5","Dlg4",0
"GGTGCATTCATGACTG-1","0","Dlg4",1.15533760367922
"GGTGCATTCGTCTCCA-1","5","Dlg4",0
"GGTGCCTGTAAGCGTA-1","1","Dlg4",0
"GGTGCCTGTCAGGATA-1","8","Dlg4",1.06716396839128
"GGTGCGAGTCAGGACG-1","4","Dlg4",0
"GGTGCGAGTGAGAGGA-1","0","Dlg4",1.19133600839301
"GGTGCTTAGCGGTCAT-1","1","Dlg4",0.623851127833259
"GGTGCTTAGGAGCTGA-1","0","Dlg4",0.81907106908126
"GGTGCTTAGTAGAGCG-1","14","Dlg4",0
"GGTGGTAAGCCGATGT-1","3","Dlg4",0
"GGTGTAAGTAGCCATT-1","1","Dlg4",0
"GGTGTAAGTTTGCCCT-1","6","Dlg4",0
"GGTTAAGGTAACGTGA-1","0","Dlg4",1.32162752087085
"GGTTAAGGTCTAACCG-1","1","Dlg4",0
"GGTTAATTCACGGCCA-1","2","Dlg4",0.997267398218852
"GGTTAATTCCATTGCT-1","6","Dlg4",0
"GGTTAGGAGGCTCTGG-1","3","Dlg4",0
"GGTTAGTCAATCATCT-1","2","Dlg4",0.626556434538767
"GGTTAGTCACTTAACT-1","4","Dlg4",0.769570147188395
"GGTTATGTCTAAGTCG-1","0","Dlg4",0
"GGTTCAATCAAGTGCC-1","7","Dlg4",1.35194074159669
"GGTTCCTCAGGTTCCT-1","9","Dlg4",0
"GGTTCCTCATTGCACC-1","0","Dlg4",0.659258502707919
"GGTTCCTCATTGCGTC-1","0","Dlg4",1.06435707230216
"GGTTCTAAGCTGGATC-1","2","Dlg4",0.838258250809479
"GGTTCTAAGGCTTCCC-1","4","Dlg4",0.436385966319639
"GGTTGGGGTGGGTATA-1","5","Dlg4",1.11929892727683
"GGTTTAGTCTATGTCC-1","9","Dlg4",0
"GGTTTCAAGGCGTTAC-1","6","Dlg4",1.57910175768955
"GGTTTGATCCACCGCT-1","5","Dlg4",0
"GGTTTGATCGTGAGTC-1","1","Dlg4",1.3503501497248
"GTAAACCCAACGTGCA-1","2","Dlg4",0.756755441104426
"GTAAACCCAATAGGCT-1","0","Dlg4",0.598213608506729
"GTAAACTTCGACTTGA-1","0","Dlg4",0
"GTAAAGGCAATAGTTG-1","0","Dlg4",0.799977204197132
"GTAAAGGCATGATCGG-1","14","Dlg4",0
"GTAAATGAGCCCGTAG-1","1","Dlg4",0
"GTAACCCAGTAGCGGA-1","6","Dlg4",0
"GTAACCTGTGCGGTTC-1","10","Dlg4",0
"GTAACGGAGGTGGAGC-1","0","Dlg4",0.727647867786566
"GTAACGGAGTGATCTG-1","2","Dlg4",0.80200710120704
"GTAAGCCTCCCCATAT-1","2","Dlg4",0
"GTAAGCGAGCCCTGTC-1","0","Dlg4",0
"GTAAGCTCATAACTAG-1","6","Dlg4",0
"GTAAGGCGTCTTGGTG-1","3","Dlg4",0
"GTAAGGGTCAGGATGG-1","1","Dlg4",0
"GTAAGGGTCGACCAGT-1","1","Dlg4",0
"GTAAGGTAGATTCGCA-1","3","Dlg4",0
"GTAAGGTAGGCATCCG-1","0","Dlg4",0
"GTAAGGTAGGGTCTCG-1","6","Dlg4",0
"GTAAGTAAGGTATCGC-1","6","Dlg4",0
"GTAAGTTTCAGCGGAA-1","4","Dlg4",1.47659153614972
"GTAAGTTTCAGGCTAC-1","6","Dlg4",1.6094379124341
"GTAATCACAACGTGGC-1","0","Dlg4",0
"GTAATGAAGCCACAGT-1","4","Dlg4",0.466557056956552
"GTAATGAAGTCGCATA-1","0","Dlg4",0.894807172962505
"GTAATTCAGGTTACAT-1","0","Dlg4",0.66526246293196
"GTACAAGGTTTACCAA-1","6","Dlg4",0
"GTACACGCACTTGGGA-1","3","Dlg4",0
"GTACATTAGAAGCGGC-1","2","Dlg4",0.720312299993611
"GTACATTAGCCGATTA-1","0","Dlg4",0
"GTACATTAGTTAGTGT-1","1","Dlg4",0
"GTACCCAGTGGCAGCA-1","8","Dlg4",0.647320574098903
"GTACCCTCAACTTACT-1","1","Dlg4",0.832711346506584
"GTACGAAGTAACCCTG-1","4","Dlg4",0
"GTACGAAGTCAATGTC-1","11","Dlg4",0
"GTACGGTTCGATCAAT-1","0","Dlg4",0.514100267018623
"GTACTAGTCGACCCAG-1","7","Dlg4",0
"GTACTAGTCGTTAGCA-1","6","Dlg4",1.32547106008767
"GTACTAGTCTGGCTCC-1","0","Dlg4",1.23996547686198
"GTAGATGGTAAGCGGT-1","0","Dlg4",0
"GTAGATGGTTAACGAG-1","2","Dlg4",0.731318543032224
"GTAGCATCAAGCCGTA-1","8","Dlg4",0.673069885240599
"GTAGCATCATTCCTCT-1","9","Dlg4",0
"GTAGCCACAGGAGCGA-1","4","Dlg4",0.546298842763525
"GTAGCTATCCACCAGG-1","2","Dlg4",0.438485699480201
"GTAGCTATCCCGCGTT-1","5","Dlg4",0
"GTAGGAACATCCTGGT-1","0","Dlg4",1.17399386690735
"GTAGGATAGTGACCTA-1","0","Dlg4",0
"GTAGGCGGTTATCACA-1","5","Dlg4",1.13660730936558
"GTAGGCTTCGATTGGC-1","0","Dlg4",0
"GTAGGCTTCTGTCATC-1","0","Dlg4",0.562534900487463
"GTAGGGGCATGAGCAT-1","0","Dlg4",0.691949336535706
"GTAGGTGAGGATGGCA-1","1","Dlg4",0
"GTAGGTTCAAGTGGCC-1","3","Dlg4",0
"GTAGGTTCAGGGCAGA-1","2","Dlg4",0
"GTAGTAAAGGCACATC-1","2","Dlg4",1.53321774120025
"GTAGTAAAGTGAGTAA-1","5","Dlg4",1.83203566949919
"GTAGTAGGTAATCGGA-1","1","Dlg4",0.553806871687965
"GTAGTAGGTGCGCATC-1","8","Dlg4",0
"GTAGTCATCGTGCTCC-1","1","Dlg4",0.48311604233823
"GTAGTTACAATACTTC-1","0","Dlg4",1.3503501497248
"GTAGTTACAATCTCAT-1","4","Dlg4",0.459099849189874
"GTAGTTGTCGTGCTGG-1","7","Dlg4",0.560431291124597
"GTATAGAAGCTTAGTG-1","0","Dlg4",0
"GTATAGAAGGAGTCAG-1","0","Dlg4",1.26103848076862
"GTATAGCCACTAGTCC-1","7","Dlg4",0.452151419708685
"GTATATCAGCATGATT-1","6","Dlg4",0
"GTATCCCCAATCGCTC-1","3","Dlg4",1.83823143450616
"GTATCCCCACTAGTCC-1","2","Dlg4",0
"GTATCCCCATCCAACC-1","9","Dlg4",0
"GTATCCGGTAACCCAT-1","0","Dlg4",0
"GTATCGATCAGCAGGA-1","2","Dlg4",0.820919465958757
"GTATCGATCGCTCTCA-1","4","Dlg4",0
"GTATCTTCAAACTTAG-1","9","Dlg4",0
"GTATCTTCAATACATG-1","1","Dlg4",0
"GTATGAAAGTGATGAA-1","2","Dlg4",0
"GTATGAGGTGATTCCG-1","2","Dlg4",0
"GTATGAGGTTAGACGA-1","13","Dlg4",0
"GTATGAGGTTATGCTA-1","0","Dlg4",1.01285942472842
"GTATGCATCAATTAGC-1","1","Dlg4",0.556430919215394
"GTATGCATCATCGTTC-1","0","Dlg4",0.698438864824363
"GTATGGCTCACGCCTC-1","0","Dlg4",0
"GTATGTTAGATTCGGC-1","2","Dlg4",1.48060079609995
"GTATGTTAGCTTACGA-1","6","Dlg4",0
"GTATTAGCACTTGCAC-1","0","Dlg4",0.371120298822815
"GTATTCAGTCTGGTCA-1","2","Dlg4",0.651953571985338
"GTATTCCTCCCATTAC-1","1","Dlg4",0.78070555094755
"GTATTCCTCCCGTGTC-1","13","Dlg4",0
"GTATTCCTCGCTCGCT-1","10","Dlg4",0
"GTATTGGTCATCGAGC-1","0","Dlg4",0
"GTATTGGTCGAGGTCT-1","6","Dlg4",0
"GTATTGGTCTGGCCTC-1","0","Dlg4",0
"GTATTGGTCTGTGCTT-1","1","Dlg4",0.613693838558979
"GTCAAACCAAGCGTGC-1","0","Dlg4",0
"GTCAAAGGTTGAGGAC-1","1","Dlg4",0.681987063747083
"GTCAAAGGTTTAAGCC-1","4","Dlg4",0.977017175794795
"GTCAAATTCAGGAGCA-1","0","Dlg4",0
"GTCAACATCAAGTAAG-1","0","Dlg4",0
"GTCAACATCGTTAGAT-1","0","Dlg4",0
"GTCAAGCTCTGGCACG-1","0","Dlg4",0.743722778171168
"GTCAATGTCATCGACA-1","5","Dlg4",0.843657355797664
"GTCAATGTCATGGTGC-1","9","Dlg4",0
"GTCAATGTCCAGGTGT-1","5","Dlg4",0
"GTCAATGTCCTTAGAG-1","0","Dlg4",0
"GTCACCCTCTGTAAGT-1","6","Dlg4",0
"GTCACCTCAAGCGACC-1","10","Dlg4",0
"GTCACCTCAGTTAAGC-1","2","Dlg4",0
"GTCACGTAGTTAGGTT-1","0","Dlg4",0
"GTCATAACACTTAGCC-1","10","Dlg4",0
"GTCATATAGCCACGCA-1","3","Dlg4",0
"GTCATCAAGCCTAGCG-1","0","Dlg4",0.81900015229598
"GTCATCAAGGAGGCTA-1","0","Dlg4",0
"GTCATCAAGTCGCACG-1","2","Dlg4",0
"GTCATCAAGTTAGAGA-1","2","Dlg4",1.2174034355222
"GTCATCCCATTAAGTG-1","0","Dlg4",1.42709102283036
"GTCATTTCAACTACTT-1","7","Dlg4",0.482854412970887
"GTCATTTCAGTACCCT-1","1","Dlg4",0
"GTCCAAATCAGCCCAG-1","0","Dlg4",0
"GTCCAACAGCTGGCAT-1","0","Dlg4",1.56339595037547
"GTCCAATGTTAGCCAT-1","0","Dlg4",0.456795072157075
"GTCCACCTCACCATGA-1","0","Dlg4",0.711700016331255
"GTCCAGGTCACTCAAG-1","3","Dlg4",0
"GTCCAGGTCTAGTACG-1","0","Dlg4",0
"GTCCATAAGGCTCCAG-1","0","Dlg4",1.40314046727367
"GTCCATGGTTATCCTT-1","0","Dlg4",0.735480418495574
"GTCCATTTCGATACAT-1","8","Dlg4",1.04941372634193
"GTCCATTTCGATCAAT-1","0","Dlg4",1.76197472089661
"GTCCCATCATGGCTTC-1","2","Dlg4",0
"GTCCCGTTCAATTCGG-1","2","Dlg4",0
"GTCCCTTGTCTGTGGC-1","14","Dlg4",1.85942656011826
"GTCCCTTGTTGACGGG-1","0","Dlg4",1.02353233355849
"GTCCCTTGTTGCATGT-1","0","Dlg4",0
"GTCCGAACATGGATTA-1","7","Dlg4",0.87236547295165
"GTCCGATAGGTATGAA-1","6","Dlg4",0
"GTCCGCAAGGCAATGG-1","7","Dlg4",0.787694500693447
"GTCCGCAAGGCTATAT-1","3","Dlg4",0
"GTCCGCAAGGGGTACA-1","4","Dlg4",1.30161500675832
"GTCCGCTTCACATAGT-1","0","Dlg4",0
"GTCCGCTTCTAGTCCT-1","6","Dlg4",0
"GTCCGTGAGTACGGCT-1","0","Dlg4",0
"GTCCGTGAGTAGGTAA-1","12","Dlg4",0
"GTCCGTTCAATATACG-1","0","Dlg4",0.696463599860106
"GTCCTAAAGCCCGTCT-1","0","Dlg4",1.58885327466572
"GTCCTGCTCTTGATGG-1","1","Dlg4",0.846194621890217
"GTCGAGGGTTTCGTAA-1","1","Dlg4",0
"GTCGATGCATTAGATG-1","4","Dlg4",0
"GTCGATTGTCTCACCT-1","4","Dlg4",1.09409940604215
"GTCGCAACATGACCAG-1","5","Dlg4",0.89871806611695
"GTCGCCAAGCCAGCAT-1","0","Dlg4",0
"GTCGCCAAGCTGGGTT-1","0","Dlg4",0
"GTCGCTAGTTGAGTAG-1","1","Dlg4",0.905332529518845
"GTCGGATTCTCACAGA-1","3","Dlg4",0
"GTCGGGTCATGAGCCA-1","0","Dlg4",1.00543732045494
"GTCTAACGTCAGTGCC-1","8","Dlg4",0.600471171272449
"GTCTAACGTGCAGCTC-1","0","Dlg4",0.921922508081346
"GTCTACAAGCTGGTGT-1","2","Dlg4",1.06330088315797
"GTCTACAAGGATGCGA-1","1","Dlg4",0
"GTCTACCCAGTTGAGT-1","11","Dlg4",1.25616622098751
"GTCTATGAGATTCAGT-1","12","Dlg4",0
"GTCTATGAGGATTGGG-1","4","Dlg4",0
"GTCTCAAAGCAACCAC-1","6","Dlg4",0
"GTCTCAAAGGTGGCAA-1","0","Dlg4",0.78952797749153
"GTCTCAAAGGTTCGTA-1","0","Dlg4",0
"GTCTCACCAATAGCGT-1","4","Dlg4",0
"GTCTCCGCAGCATGAT-1","8","Dlg4",1.04413588534703
"GTCTGGACAGCCTAAG-1","5","Dlg4",0.760194792242896
"GTGAAATGTGCGCGAA-1","2","Dlg4",1.27359345452608
"GTGAAATGTTTGGCAT-1","0","Dlg4",0
"GTGAACAGTCAGCCTA-1","0","Dlg4",0
"GTGAACAGTGGCGTTC-1","1","Dlg4",1.07926022030567
"GTGAAGGTCATCAGCA-1","6","Dlg4",0
"GTGAATCCAAACTTGA-1","2","Dlg4",0.658943243900843
"GTGAATGGTTGTGCCA-1","0","Dlg4",0
"GTGACGAAGATTGAGA-1","1","Dlg4",0.629531723827837
"GTGACGAAGTAGAGAC-1","1","Dlg4",0
"GTGACGTTCCTGTAAG-1","13","Dlg4",0
"GTGACTATCACCCTTG-1","4","Dlg4",0
"GTGACTATCATGGCCG-1","0","Dlg4",0.810652538709199
"GTGAGCGGTTCGGTCA-1","7","Dlg4",0.925631492455476
"GTGAGGATCACTTGCT-1","12","Dlg4",0
"GTGAGGATCATGTAAC-1","9","Dlg4",0
"GTGATAGGTTGGAGCG-1","4","Dlg4",0.845397622285714
"GTGATGGAGAAGGGAA-1","7","Dlg4",0
"GTGATGGAGCGAGGTA-1","2","Dlg4",0.987756669089544
"GTGATGGAGGTTACTG-1","4","Dlg4",0.632826017904375
"GTGATGGAGTGCTGGT-1","0","Dlg4",0
"GTGATTTAGGATGTGG-1","14","Dlg4",0
"GTGCAATCAATACCGG-1","3","Dlg4",0
"GTGCAATCATCCAAGG-1","5","Dlg4",0
"GTGCACTAGTCGCTAA-1","1","Dlg4",0.576630892941406
"GTGCAGCCAGGATCAT-1","0","Dlg4",0.608799326319972
"GTGCCATAGATTAAGG-1","3","Dlg4",0
"GTGCCATAGATTGACT-1","15","Dlg4",0
"GTGCCATAGCGAATCC-1","0","Dlg4",1.46749198114847
"GTGCCATAGTAATCGT-1","4","Dlg4",0.620016622299913
"GTGCCCAAGCCAGATC-1","2","Dlg4",1.77732325234048
"GTGCGAGGTATGTGCT-1","3","Dlg4",0
"GTGCGAGGTGCGGATG-1","1","Dlg4",0.993396610650691
"GTGCGAGGTTCGCGGT-1","0","Dlg4",0.626678134441205
"GTGCGAGGTTTAGGTC-1","0","Dlg4",0
"GTGCGAGGTTTCCGCT-1","4","Dlg4",0.598582502180795
"GTGCGAGGTTTCCTTG-1","0","Dlg4",0
"GTGCGATTCGATCACA-1","3","Dlg4",0
"GTGCGCATCACGCACG-1","8","Dlg4",0.730425136085575
"GTGCGCATCGACCAAC-1","4","Dlg4",0.391068972592138
"GTGCGGTCAAAGGTCT-1","6","Dlg4",1.33632889224464
"GTGCTATGTCTAGTCG-1","0","Dlg4",0
"GTGCTATGTGACGAAC-1","0","Dlg4",0
"GTGCTCAGTCTGGTTG-1","0","Dlg4",0
"GTGCTCAGTTGCCTCT-1","0","Dlg4",0
"GTGGAACGTGGCCTGT-1","0","Dlg4",0
"GTGGATAGTTGAGTTC-1","0","Dlg4",1.04544991659732
"GTGGATTCATGCGTCT-1","7","Dlg4",0
"GTGGCAGGTAGCCCGT-1","1","Dlg4",1.15840118242037
"GTGGCGAGTAGCTGGG-1","0","Dlg4",0
"GTGGCGAGTATGGTTC-1","0","Dlg4",1.01791149560635
"GTGGCGAGTCATCCGA-1","7","Dlg4",0.930208321216477
"GTGGCGAGTGCATCTG-1","0","Dlg4",0.692148678230356
"GTGGCGAGTGGCTCTA-1","0","Dlg4",0.921876916854421
"GTGGGCAGTTCGGTGC-1","4","Dlg4",0
"GTGGGTAAGCCACAGT-1","0","Dlg4",0
"GTGGGTAAGGTCGTAC-1","0","Dlg4",1.01476158156167
"GTGGGTTTCCCGCGAA-1","0","Dlg4",0.731486310955894
"GTGGGTTTCTATGGAT-1","1","Dlg4",0
"GTGGTAAGTTCGTAAC-1","0","Dlg4",0
"GTGGTGAAGCAAGCTC-1","0","Dlg4",0
"GTGGTGAAGCCTGGAT-1","12","Dlg4",0
"GTGGTGAAGGCGATTC-1","6","Dlg4",0
"GTGGTGAAGTTAGCTG-1","8","Dlg4",0
"GTGGTTATCCCCATTG-1","7","Dlg4",1.03797247101533
"GTGGTTGCACTTGCTA-1","0","Dlg4",0.911784539435766
"GTGTAACCAATAGCAC-1","1","Dlg4",0.616858153803607
"GTGTAACCACCTTGCG-1","3","Dlg4",0
"GTGTAACCATTCGGGA-1","2","Dlg4",0
"GTGTAACCATTGCACC-1","1","Dlg4",1.36972593477266
"GTGTAAGGTGAGGAGA-1","6","Dlg4",0
"GTGTCCCTCCTCAGTT-1","0","Dlg4",1.3281156014983
"GTGTCCCTCTATCGGA-1","1","Dlg4",0
"GTGTCCTCAATCTGAA-1","9","Dlg4",0
"GTGTCCTCATCCCGAT-1","0","Dlg4",0
"GTGTCCTCATTACATC-1","8","Dlg4",0.559819435368829
"GTGTGGCCAAACTCGG-1","8","Dlg4",1.04634791501752
"GTGTGTTGTGCGGATG-1","2","Dlg4",1.00193382860133
"GTGTTATAGTCAGTGC-1","0","Dlg4",1.14425642309435
"GTGTTCAAGCTTAGGC-1","0","Dlg4",0
"GTGTTCCCAAGTAACC-1","1","Dlg4",0.914375022476016
"GTGTTCCCAGCCTAGA-1","12","Dlg4",0
"GTGTTCCCATTGGCGA-1","8","Dlg4",0.815962939470939
"GTTAACTAGCGATGAG-1","5","Dlg4",1.30210204380004
"GTTAACTAGGTACCAC-1","1","Dlg4",0
"GTTAAGCCACTATGGG-1","0","Dlg4",0.754659660642424
"GTTAATGCAACGGCTA-1","7","Dlg4",0
"GTTAATGCATAACGCG-1","1","Dlg4",0.51299499630246
"GTTACCAAGATTCCAG-1","3","Dlg4",0
"GTTACCCCAAGTTAGC-1","5","Dlg4",0.940063324577963
"GTTACCCCATCGAAGT-1","2","Dlg4",1.3563103964635
"GTTACCTTCAGCTCGG-1","7","Dlg4",0.499386653863445
"GTTACTTCAATATGCA-1","2","Dlg4",0
"GTTAGAGGTATTGGGA-1","0","Dlg4",1.69871988814155
"GTTAGAGGTTCGTCCT-1","0","Dlg4",0
"GTTAGAGGTTGCGACC-1","3","Dlg4",0
"GTTAGAGGTTTACTGA-1","2","Dlg4",0.925723476478431
"GTTAGATTCCGTGCTC-1","0","Dlg4",0
"GTTAGCATCAGTATCG-1","2","Dlg4",0.79137045161305
"GTTAGCCAGCGATGGA-1","0","Dlg4",1.3627638637097
"GTTAGCCAGTAGGAAC-1","8","Dlg4",0.725606837574797
"GTTAGGCTCGCTCATT-1","12","Dlg4",0
"GTTAGGCTCTAGTCTC-1","6","Dlg4",0
"GTTAGTTAGTGATTAC-1","3","Dlg4",2.37106003102387
"GTTATCAGTTCAAGGA-1","0","Dlg4",0
"GTTATCCTCCCTGTGC-1","0","Dlg4",0
"GTTCAATAGTAGTCAT-1","2","Dlg4",1.96369032256822
"GTTCAATAGTCGATTG-1","3","Dlg4",0
"GTTCACAAGGTAGGTG-1","9","Dlg4",0
"GTTCACTTCATCAAGT-1","15","Dlg4",0
"GTTCAGGCACATGCAG-1","3","Dlg4",0
"GTTCATGAGCATATAC-1","9","Dlg4",0
"GTTCATTCAATCCCGT-1","5","Dlg4",0
"GTTCATTCACATGAAC-1","0","Dlg4",0.965065420120255
"GTTCCAAAGTGCCAGT-1","12","Dlg4",0
"GTTCCACCATTAGGCG-1","4","Dlg4",0
"GTTCCAGGTCAATCGT-1","6","Dlg4",0
"GTTCCAGGTGGGTTGG-1","4","Dlg4",0.921876916854421
"GTTCCGGAGGATCATT-1","0","Dlg4",0.93314618055636
"GTTCCGGAGTAGCGTC-1","0","Dlg4",0
"GTTCGAATCCATCACT-1","3","Dlg4",0
"GTTCGATGTGATCCCA-1","0","Dlg4",0
"GTTCGCCTCACTCAGA-1","2","Dlg4",0.605039366125648
"GTTCGTTTCTGTGGAC-1","1","Dlg4",1.07441126367457
"GTTCTAAGTGAGGAAG-1","10","Dlg4",0
"GTTCTCACAGCCAAGC-1","6","Dlg4",0
"GTTCTCACATTACCTG-1","2","Dlg4",0.636281716570124
"GTTGATTAGCGAGTAG-1","11","Dlg4",0
"GTTGCATGTTTACAGC-1","1","Dlg4",0
"GTTGCCAGTCCCGAGT-1","0","Dlg4",0
"GTTGCCCTCCGTAAGC-1","7","Dlg4",0.798876579209621
"GTTGCCCTCTGGTCGG-1","6","Dlg4",0
"GTTGCCCTCTGTGCCC-1","3","Dlg4",0
"GTTGCCTCATGCTGTC-1","0","Dlg4",1.25157376630979
"GTTGCGCGTCTAATTG-1","9","Dlg4",0
"GTTGCTGGTGGACCCT-1","5","Dlg4",1.10383948191318
"GTTGCTGGTTAGTACC-1","0","Dlg4",0.6172904734921
"GTTGGTTGTTGTAGAG-1","10","Dlg4",0
"GTTGTGATCACATGGC-1","0","Dlg4",0
"GTTGTGATCGTGAGAG-1","0","Dlg4",0
"TAAACGGGTTAGCACT-1","0","Dlg4",0
"TAAACGTTCGAATGGG-1","1","Dlg4",0
"TAAATCGCAAGCACTG-1","2","Dlg4",0
"TAAATCGCATCACAGG-1","0","Dlg4",0
"TAAATCGCATGAGTGT-1","0","Dlg4",0
"TAAATGCTCAGCCATA-1","11","Dlg4",0
"TAAATGCTCCGCAGAT-1","7","Dlg4",0
"TAAATGCTCCTCACGC-1","1","Dlg4",0.72080015199541
"TAACACTAGCGCTCTC-1","1","Dlg4",0
"TAACACTAGTAAGTTC-1","2","Dlg4",0.719284648319506
"TAACCAACAACTAATG-1","12","Dlg4",0
"TAACCAACACATAGTA-1","2","Dlg4",0.97688807510019
"TAACCATAGGTACTAT-1","0","Dlg4",0.999323498649759
"TAACGAGGTGGCGACA-1","0","Dlg4",0.949545584229791
"TAACGAGGTTCCGTCT-1","4","Dlg4",0
"TAACGGCTCTAGTACG-1","0","Dlg4",0
"TAACTAGCACTTGGTC-1","2","Dlg4",0.639903716390138
"TAACTCCTCACTCTCG-1","1","Dlg4",0
"TAACTCCTCGATCAAT-1","2","Dlg4",0.711911386163643
"TAACTCCTCGCTCATT-1","6","Dlg4",0
"TAACTGACACTTGATT-1","9","Dlg4",0
"TAAGCAAAGGAGGACC-1","0","Dlg4",0
"TAAGCAGGTTATGACC-1","2","Dlg4",1.75462121450951
"TAAGCCTGTAGCCTGC-1","0","Dlg4",0
"TAAGCCTGTGAGGTCG-1","6","Dlg4",0
"TAAGCGAGTCATCGCA-1","7","Dlg4",1.18075337823659
"TAAGCGCTCAGTAGTT-1","0","Dlg4",0
"TAAGCGGAGGCATGTC-1","0","Dlg4",0
"TAAGGATGTCATTCGG-1","8","Dlg4",0.787563880527983
"TAAGGATGTCCATATA-1","7","Dlg4",0.827676272123092
"TAAGGATGTTAGAGAT-1","9","Dlg4",0
"TAAGGCGAGATTAGTC-1","9","Dlg4",0
"TAAGGCTCAATACAGC-1","11","Dlg4",0
"TAATCAGCAAACTGCG-1","0","Dlg4",0
"TAATCAGCATAAGCGT-1","7","Dlg4",1.37382512484525
"TAATCCCTCACCCTAT-1","1","Dlg4",0.559787270401761
"TAATCCCTCGAGGTCT-1","0","Dlg4",0
"TAATCCCTCTAATCCC-1","4","Dlg4",0.455461457830455
"TAATCCTCATAGGTCG-1","9","Dlg4",0
"TAATGAGAGCGATGGA-1","2","Dlg4",0
"TAATGAGAGTACCAGC-1","4","Dlg4",1.01539735674256
"TAATGGGGTCAAGGGT-1","4","Dlg4",1.24343707545117
"TAATGGTTCACCATAG-1","0","Dlg4",0.839675901027929
"TAATGGTTCATGCAGC-1","7","Dlg4",1.02481921096723
"TAATGTCAGCGAGGAC-1","0","Dlg4",1.01252455216137
"TAATTCCCAACATACA-1","4","Dlg4",0.565737316301389
"TAATTCCCACCAATCC-1","3","Dlg4",0
"TACAACTAGTAAGTTC-1","1","Dlg4",0.57462138135221
"TACAACTAGTTAGTAC-1","2","Dlg4",0.674578621001465
"TACAAGCCATCCCGAT-1","12","Dlg4",0
"TACAAGCCATGCTCCG-1","3","Dlg4",0
"TACAAGGGTTGGAAGC-1","11","Dlg4",0
"TACACAACAGTACCCT-1","0","Dlg4",1.186887792441
"TACACCTTCCAGGCCA-1","2","Dlg4",0
"TACACTAGTTAGCGAA-1","0","Dlg4",0.878572056880504
"TACACTAGTTGGGACG-1","8","Dlg4",0
"TACACTTCAGCATGAT-1","0","Dlg4",0.905507998099365
"TACAGCCAGAAGGAGA-1","2","Dlg4",0.765446447417648
"TACAGCCAGCGCATGT-1","1","Dlg4",0.89199331802026
"TACAGCGCAAACTTAG-1","8","Dlg4",0.738720088716841
"TACAGCGCAACATCGG-1","0","Dlg4",0
"TACAGGCTCACGCTAA-1","0","Dlg4",0.759891784771456
"TACAGGCTCAGCGACT-1","8","Dlg4",0
"TACAGGCTCATCGAAT-1","1","Dlg4",0.703996002014506
"TACATAGCAGCTAAGT-1","0","Dlg4",0
"TACATCAGTAATGACG-1","4","Dlg4",1.11919474684957
"TACATCCTCCTTAACC-1","1","Dlg4",0.704228471200484
"TACCAAGTCAGCCAGT-1","0","Dlg4",0
"TACCAAGTCGTCTCCA-1","0","Dlg4",0
"TACCACAAGTAATCAC-1","2","Dlg4",0
"TACCACAAGTACGCAC-1","14","Dlg4",0.974621908437392
"TACCAGGCACTTCGCG-1","9","Dlg4",0
"TACCATAGTTAGCGAA-1","1","Dlg4",0.961857996810632
"TACCATTCACCTACGT-1","0","Dlg4",0
"TACCATTCACTCATAT-1","0","Dlg4",0.858343642288617
"TACCCAAAGCGAACCT-1","0","Dlg4",0.699915224981618
"TACCCAAAGTTAATGC-1","1","Dlg4",0.452943028088348
"TACCCAGGTCAACGAA-1","0","Dlg4",0
"TACCCAGGTGATTCCG-1","7","Dlg4",0
"TACCCAGGTTCGGCTA-1","2","Dlg4",0.709698505080903
"TACCCAGGTTGACCGC-1","5","Dlg4",0
"TACCCATTCACGTTGA-1","0","Dlg4",0.696817278442862
"TACCCATTCCCAGTCC-1","6","Dlg4",0
"TACCCATTCGTGCTCC-1","9","Dlg4",0
"TACCCCATCCGTCCTA-1","2","Dlg4",0
"TACCCCTGTAGTAGCA-1","2","Dlg4",0
"TACCCCTGTGCAATTC-1","1","Dlg4",0
"TACCGACAGTTAACGT-1","0","Dlg4",0.576528365944761
"TACCGGACAACCTGAG-1","15","Dlg4",0
"TACCGGACACATACGG-1","2","Dlg4",1.77219709437389
"TACCGGACAGGCAGGA-1","0","Dlg4",0.833225771887154
"TACCGGACAGTTGGTG-1","2","Dlg4",0.736557005031827
"TACCGGACATGGAATC-1","0","Dlg4",0
"TACCGTCCATAGACGT-1","1","Dlg4",0.922059310713215
"TACCTAAGTAGCTATC-1","4","Dlg4",1.16266520166358
"TACCTAGAGGGTGAAT-1","1","Dlg4",1.12383404801537
"TACCTCACAACGTGAT-1","8","Dlg4",0.762322955177336
"TACCTCACATAACTTC-1","3","Dlg4",0
"TACCTCACATTACGGG-1","0","Dlg4",0
"TACCTCCGTCAGCCTA-1","5","Dlg4",0
"TACCTCCGTTGAAGCA-1","10","Dlg4",0
"TACCTGAAGTTAGCCA-1","2","Dlg4",0.886799298188306
"TACCTGTTCAGTTGCA-1","7","Dlg4",0.63415373164177
"TACGAAGGTTGGGCAG-1","4","Dlg4",1.26796853262143
"TACGAGGAGAAGCTCC-1","0","Dlg4",1.14727961026015
"TACGATTAGCCAGCCA-1","3","Dlg4",0.511894570954896
"TACGCAATCACACCTT-1","0","Dlg4",0
"TACGCAATCATGGTAT-1","7","Dlg4",0
"TACGCAATCGTTAGGC-1","3","Dlg4",0
"TACGCATGTTCCTGCT-1","0","Dlg4",0.717345879411394
"TACGCATGTTTACTAG-1","9","Dlg4",0
"TACGCCTCAATCGCAG-1","7","Dlg4",0
"TACGCCTCAGTACCTC-1","1","Dlg4",0.531920286238308
"TACGCCTCATCGCGTT-1","0","Dlg4",0
"TACGCTAAGGAATTAG-1","8","Dlg4",0.682858365549233
"TACGGTTGTTGGATTC-1","2","Dlg4",0
"TACGTAGTCCCCAATT-1","5","Dlg4",0
"TACGTAGTCCCGTAGG-1","3","Dlg4",0
"TACGTCAAGCAACTGC-1","3","Dlg4",0
"TACGTCAAGCTATGCA-1","1","Dlg4",0.598471784899142
"TACGTCAAGGAGTAAC-1","7","Dlg4",1.24890734192578
"TACGTTGAGCCAGATC-1","1","Dlg4",0
"TACGTTGAGGATAGCG-1","6","Dlg4",2.42891915175309
"TACGTTGAGTGCCGTG-1","9","Dlg4",0
"TACTATGGTATTGCGT-1","13","Dlg4",2.11041095256371
"TACTCATCAACTCGCT-1","3","Dlg4",0
"TACTCCACATGGATAC-1","2","Dlg4",0.686219889127379
"TACTCGCCAAACTGAC-1","11","Dlg4",0
"TACTGGATCTAGTTCC-1","1","Dlg4",0
"TACTGTGAGCAGGCAA-1","13","Dlg4",0
"TACTGTGAGGTAAGCG-1","1","Dlg4",0.658673270559475
"TAGCACGCAAGCTCTC-1","2","Dlg4",0.836623073811867
"TAGCACGCAATTAGCA-1","4","Dlg4",1.06142198704951
"TAGCACGCATCCGCTG-1","10","Dlg4",0
"TAGCAGTCATGATATG-1","1","Dlg4",1.01875882853953
"TAGCATTAGAATCAAG-1","1","Dlg4",0
"TAGCATTAGCCTTCCA-1","15","Dlg4",0.916080783310782
"TAGCATTAGGCACTGT-1","2","Dlg4",0.716112915252836
"TAGCATTAGTATGTGT-1","8","Dlg4",0.751745900503899
"TAGCCAATCTGGCTCC-1","5","Dlg4",0
"TAGCCAGCATGGTGCA-1","5","Dlg4",1.15436997293375
"TAGCCCTCACCATCAC-1","0","Dlg4",1.08681954379436
"TAGCCCTCACCTCGTG-1","7","Dlg4",0.69585816168713
"TAGCCCTCACTTGACC-1","0","Dlg4",0.73009069575163
"TAGCCTGGTAGTCCTG-1","3","Dlg4",0
"TAGCGGTTCAAGTGAA-1","7","Dlg4",0.664162416807938
"TAGCGGTTCCATCATC-1","0","Dlg4",0
"TAGCGGTTCCTGTGAA-1","0","Dlg4",1.10810155833913
"TAGCGGTTCCTTCGCA-1","0","Dlg4",0
"TAGCGGTTCGCTCCAC-1","1","Dlg4",0
"TAGCTAGTCACTCAGA-1","5","Dlg4",1.27368613693915
"TAGCTCCCATCACTGC-1","4","Dlg4",0.697829850680903
"TAGCTGATCCCGCTGT-1","2","Dlg4",0
"TAGCTGATCCGTGGCA-1","14","Dlg4",1.13927280849917
"TAGGAGTAGAAGGGCC-1","2","Dlg4",0
"TAGGATGGTGATGCGG-1","9","Dlg4",0
"TAGGATGGTGGGTACG-1","1","Dlg4",0
"TAGGATGGTTACACGT-1","0","Dlg4",1.0823475019942
"TAGGCCACATAACTAG-1","0","Dlg4",1.10776197575024
"TAGGCTGCAGGTAGTT-1","6","Dlg4",0
"TAGGCTGCATGGTTCC-1","7","Dlg4",0.408843404526767
"TAGGCTTGTAAGGGTC-1","4","Dlg4",0
"TAGGCTTGTAGGCGAT-1","2","Dlg4",0
"TAGGCTTGTAGTTGAG-1","0","Dlg4",0
"TAGGGGATCTGTCTGT-1","0","Dlg4",0.510372701074814
"TAGGGTAGTGCACGAG-1","0","Dlg4",0.5882136503911
"TAGGGTGAGCCACTAA-1","5","Dlg4",0.995650612617781
"TAGGGTGAGGATGTGG-1","0","Dlg4",0
"TAGGGTTCAGTTGGAT-1","7","Dlg4",1.67716161072526
"TAGGTAGGTGACTTCG-1","0","Dlg4",0.734971603122769
"TAGTACCGTTTCGCAG-1","4","Dlg4",0.485748321807536
"TAGTAGCCAACCTACC-1","7","Dlg4",0
"TAGTCCTTCCAATGCA-1","0","Dlg4",0.779617285547186
"TAGTCCTTCCATCCAT-1","14","Dlg4",0
"TAGTCCTTCTAGCCGG-1","3","Dlg4",0
"TAGTCCTTCTGGCACG-1","6","Dlg4",0
"TAGTGAGGTGAGACCG-1","4","Dlg4",0.814418186268047
"TAGTGGCTCATGCCGG-1","1","Dlg4",0
"TAGTGGCTCCCCTGTA-1","0","Dlg4",0
"TAGTGTTAGGCTCAGT-1","0","Dlg4",0
"TAGTTAGCAGCCAAGC-1","8","Dlg4",1.67246144572645
"TAGTTCCTCGCTATGA-1","7","Dlg4",0.830916132974703
"TAGTTTCCACATTCCA-1","0","Dlg4",0
"TATACAGCAGTACCCT-1","5","Dlg4",0
"TATACAGCATTCGGGA-1","4","Dlg4",0.562048015051652
"TATACCCTCGTCTCGC-1","4","Dlg4",0.816385309262303
"TATACCTCAATCATCT-1","2","Dlg4",0
"TATAGGCCAAAGGGTA-1","2","Dlg4",0
"TATAGGCCAAGCCAAT-1","4","Dlg4",0
"TATAGGCCAATCGAGT-1","0","Dlg4",0
"TATAGGCCAATCTGGG-1","3","Dlg4",0
"TATAGGGGTTTCCGTC-1","0","Dlg4",0
"TATAGGTTCACATGGC-1","5","Dlg4",0
"TATATCCCATGGCGAC-1","4","Dlg4",0
"TATCACCTCCTCTAAC-1","3","Dlg4",0
"TATCAGGTCACAGCGT-1","4","Dlg4",1.21398171920326
"TATCAGGTCGCATACA-1","10","Dlg4",0
"TATCAGGTCTATCTCA-1","0","Dlg4",0
"TATCAGTAGCATCAAT-1","0","Dlg4",0.796952557085343
"TATCAGTAGGATGGTG-1","2","Dlg4",0
"TATCATGGTAGTCATC-1","1","Dlg4",0
"TATCCAAGTGCAGCGA-1","5","Dlg4",0.904456274227152
"TATCCCACACCTCAGT-1","4","Dlg4",0.657170120730572
"TATCCCACAGGCTAAT-1","7","Dlg4",0.939651527936557
"TATCCGCCATGGTCAG-1","7","Dlg4",1.03538863907635
"TATCCGTTCTAACTCC-1","0","Dlg4",0.917974031538186
"TATCCTTGTGGCAGTG-1","5","Dlg4",0
"TATCCTTGTTCCCAGA-1","9","Dlg4",0
"TATCGAACAACCAGAT-1","2","Dlg4",0
"TATCGAACAAGCCATG-1","2","Dlg4",0.769653096593221
"TATCGAACAAGTATCA-1","5","Dlg4",0
"TATCGAACATAGAGGA-1","4","Dlg4",1.46809778762139
"TATCGGGCATGCGCTT-1","4","Dlg4",0
"TATCGTAGTTGAGCCC-1","3","Dlg4",0
"TATCGTTCAATTGGTA-1","5","Dlg4",0
"TATCTCATCGTAACTG-1","8","Dlg4",0
"TATCTCATCTTGAACG-1","8","Dlg4",1.20588954365192
"TATCTGCTCAGCATTG-1","2","Dlg4",0.738491770651181
"TATCTGCTCCGCACCT-1","7","Dlg4",0.989637797667188
"TATCTGCTCTCACATC-1","0","Dlg4",0
"TATCTTGTCCGCGTAG-1","6","Dlg4",0
"TATGACTAGTAGTAAG-1","8","Dlg4",0.797153451185296
"TATGAGAAGGTTACAT-1","0","Dlg4",0
"TATGAGGGTTAGCTCG-1","2","Dlg4",1.52318273829932
"TATGATGCACATAGGT-1","0","Dlg4",0
"TATGCCCCAAACCAGT-1","3","Dlg4",0
"TATGCTAGTGAGCGCA-1","3","Dlg4",0
"TATGCTAGTTAACGTC-1","5","Dlg4",1.20810695319918
"TATGCTAGTTGCGGCT-1","8","Dlg4",0
"TATGGCCAGGCACGTT-1","0","Dlg4",0.90572743595068
"TATGGCCAGTGAACTT-1","11","Dlg4",0
"TATGGCCAGTGCCGTG-1","0","Dlg4",0
"TATGGCTGTAGTGATG-1","0","Dlg4",0.862041095426431
"TATGGGTCAAGCTCAG-1","7","Dlg4",0.977172145206284
"TATGGGTCAATCCATT-1","0","Dlg4",0
"TATGGTTAGGAACCAG-1","1","Dlg4",1.03252760503231
"TATGGTTAGGTTCGGT-1","1","Dlg4",0.969665839122266
"TATGGTTAGTCGACGT-1","12","Dlg4",0
"TATGTTGGTTGGAAGC-1","1","Dlg4",0.76165275970754
"TCAAACTAGGGTACGA-1","0","Dlg4",0
"TCAACCAAGATTCAAC-1","4","Dlg4",0
"TCAACCAAGCATCACA-1","0","Dlg4",0
"TCAACCAAGCGATTGC-1","6","Dlg4",0
"TCAACCAAGGTACCCG-1","2","Dlg4",0.602821249657415
"TCAACCAAGGTACTGC-1","3","Dlg4",0
"TCAACTGAGGCGTAAG-1","11","Dlg4",0
"TCAATCCTCAGCAGTC-1","1","Dlg4",0.705471011228637
"TCAATCCTCGATCGCG-1","1","Dlg4",0
"TCAATCTCATCACGAG-1","13","Dlg4",0
"TCAATTGGTTAGCCCA-1","4","Dlg4",0.95936811058227
"TCAATTGGTTTACCGG-1","1","Dlg4",0.830733407783066
"TCACAATAGCGCTGAT-1","6","Dlg4",0
"TCACAATAGGTTGGAG-1","4","Dlg4",1.05934509056244
"TCACACAAGCCCTGGA-1","0","Dlg4",0
"TCACACCCAAGGGTCC-1","1","Dlg4",0.339796492879769
"TCACACGGTCATTGCG-1","4","Dlg4",1.02355137279936
"TCACACGGTTTCACTT-1","0","Dlg4",0.49080652392207
"TCACAGGCACTAATGA-1","0","Dlg4",0.824067668376799
"TCACATAGTCTGGTGC-1","3","Dlg4",0
"TCACATAGTGCAGGAT-1","2","Dlg4",0
"TCACATGAGCCATCCC-1","3","Dlg4",0
"TCACATGAGTTGGGCT-1","5","Dlg4",0
"TCACCATTCACACATG-1","0","Dlg4",0.880716983845002
"TCACCGCTCATCATCC-1","6","Dlg4",1.1039742318095
"TCACGAATCCATATCC-1","2","Dlg4",0
"TCACGACAGGTACGTC-1","0","Dlg4",0
"TCACGACAGTCGACAC-1","0","Dlg4",0.633033094416895
"TCACGATGTCAAGGGT-1","0","Dlg4",0
"TCACGCCTCCACGGAT-1","4","Dlg4",0.508489918276896
"TCACGCCTCCTTCAGT-1","0","Dlg4",1.07453825681622
"TCACGGACAGCAGGAG-1","1","Dlg4",0
"TCACGGGTCCGTAGGT-1","8","Dlg4",0
"TCACGTCCATGCTGAG-1","1","Dlg4",0.666965788404635
"TCACGTTTCCGGATAC-1","2","Dlg4",0.717507027222477
"TCACTCCGTAATCCGT-1","4","Dlg4",0
"TCACTGTTCCAGATGC-1","16","Dlg4",0
"TCACTTATCCTTCAAC-1","4","Dlg4",0
"TCAGAGGAGCAATCCA-1","2","Dlg4",0
"TCAGCAATCGATATAC-1","3","Dlg4",0
"TCAGCAATCGTTACTC-1","0","Dlg4",0
"TCAGCCAGTTACACGT-1","1","Dlg4",0
"TCAGCGCGTCAGCCAC-1","6","Dlg4",1.18910726146101
"TCAGCGCGTTGCTCCT-1","5","Dlg4",0
"TCAGGTCAGCCTGTCC-1","0","Dlg4",1.40930321104762
"TCAGGTCAGGAATGAC-1","2","Dlg4",0
"TCAGGTTGTTAGCTGT-1","2","Dlg4",0
"TCAGTAACACCTTAAT-1","4","Dlg4",1.47772199822313
"TCAGTAACAGTTGACG-1","7","Dlg4",0.557736569820248
"TCAGTAACATCCGGTT-1","11","Dlg4",1.22270354457535
"TCAGTAACATTACCTG-1","0","Dlg4",0
"TCAGTAGTCAGCAGTC-1","10","Dlg4",0
"TCAGTAGTCTATCTGC-1","0","Dlg4",1.15206977988174
"TCAGTCAAGAAGCGGC-1","5","Dlg4",0.873054998232517
"TCAGTCAAGCTGGATC-1","3","Dlg4",0
"TCAGTCAAGTATGACT-1","1","Dlg4",0
"TCAGTTGAGGCGATGA-1","15","Dlg4",0
"TCAGTTGAGTGCGCTG-1","9","Dlg4",0
"TCAGTTGAGTGGGTCT-1","4","Dlg4",0.418350753691168
"TCATAACAGTCATCAG-1","4","Dlg4",0
"TCATAGGTCCAGCCCT-1","9","Dlg4",0
"TCATAGGTCCCCTGTA-1","1","Dlg4",1.04628799616369
"TCATAGGTCCGTAAGC-1","13","Dlg4",0
"TCATATGGTAGTGAGC-1","6","Dlg4",0
"TCATATGGTGGCAGCA-1","1","Dlg4",0.569510000351102
"TCATATGGTTGACGAA-1","2","Dlg4",0.783795599970405
"TCATCAAGTAGTGCCC-1","3","Dlg4",0
"TCATCATCAGGACTGC-1","3","Dlg4",0
"TCATCGTTCCCGCTGT-1","0","Dlg4",0
"TCATCGTTCTATGTGG-1","8","Dlg4",0
"TCATCTATCCGCAAGT-1","0","Dlg4",0
"TCATCTATCGATATGT-1","0","Dlg4",0
"TCATGCAAGGATGCAG-1","7","Dlg4",0
"TCATGCAAGTTGGCCG-1","0","Dlg4",0
"TCATGGATCGTTAGCA-1","0","Dlg4",0
"TCATGGGCAGCTAACG-1","0","Dlg4",0
"TCATGGGCAGGATTAC-1","0","Dlg4",0
"TCATGTGAGGATCCCG-1","8","Dlg4",0
"TCATGTTCATTCATGT-1","7","Dlg4",0.464548854662656
"TCATTCGCATTAGCGG-1","15","Dlg4",0.824714762762346
"TCATTGCTCAGCAACC-1","1","Dlg4",1.26907063193808
"TCATTGCTCATGCAGC-1","12","Dlg4",0
"TCCAACTTCCATCGTT-1","1","Dlg4",1.41730280817944
"TCCAACTTCGAACCGT-1","0","Dlg4",0
"TCCAAGGCACCAGGAC-1","4","Dlg4",0.722322331288123
"TCCAATAGTTAGCATC-1","5","Dlg4",0.61910514971848
"TCCAATAGTTATGGAG-1","4","Dlg4",0
"TCCAATTCAGTAAGGA-1","1","Dlg4",0.916260732924116
"TCCACACCAATAGCAC-1","2","Dlg4",0.61474488392259
"TCCACACCAATGAGTC-1","2","Dlg4",0.717292180242651
"TCCACACCACTCAATT-1","4","Dlg4",0.571449338721159
"TCCACACCATCCCAGT-1","7","Dlg4",0.687118837434812
"TCCACATTCGCGCGTA-1","4","Dlg4",0
"TCCACCATCTAGTTCC-1","6","Dlg4",0
"TCCACCGCACCTTACA-1","1","Dlg4",0.891950828852708
"TCCACCTGTTAAGGGC-1","0","Dlg4",0.750209365486756
"TCCACTTAGAACCTTG-1","3","Dlg4",0
"TCCAGCTCACCTGCAT-1","3","Dlg4",0
"TCCAGCTCACTCAATT-1","2","Dlg4",0
"TCCAGCTCATTACATC-1","0","Dlg4",0.82446298746191
"TCCAGGCGTAGTCCTG-1","2","Dlg4",1.55656757939767
"TCCAGGTAGTTGCACA-1","5","Dlg4",0
"TCCAGTTTCGTGCTAA-1","6","Dlg4",0
"TCCATCCGTAGTCAGA-1","1","Dlg4",0.384941026147788
"TCCATCCGTCTAAGCT-1","4","Dlg4",0.73992118342214
"TCCATCCGTCTGTGCA-1","5","Dlg4",0.879395712479259
"TCCATGAAGTAGCAGG-1","2","Dlg4",0
"TCCATGGGTAGTGCGG-1","7","Dlg4",0
"TCCATGGGTTTCGGGC-1","0","Dlg4",1.02393231919862
"TCCATTATCGAACGGA-1","1","Dlg4",0
"TCCATTATCGATCACA-1","5","Dlg4",0
"TCCATTATCGTGACCG-1","4","Dlg4",0.434670921577096
"TCCCAACCAGCTCATC-1","3","Dlg4",0
"TCCCAAGGTAAGGTCA-1","4","Dlg4",1.32791174714174
"TCCCAATTCACCAGTA-1","0","Dlg4",1.09555499531238
"TCCCACGCAAGGTGCC-1","14","Dlg4",0
"TCCCACGCACATGCCT-1","0","Dlg4",0.929558152174126
"TCCCACGCACTTCGCG-1","3","Dlg4",0
"TCCCAGCTCCTTCGTG-1","2","Dlg4",1.29094024361921
"TCCCATTAGAAGCTAA-1","3","Dlg4",0
"TCCCATTAGATTGAGA-1","9","Dlg4",0
"TCCCCAGCAAACTGAC-1","2","Dlg4",1.47997156999031
"TCCCCAGCATCACTCA-1","0","Dlg4",0
"TCCCCTGGTGCACCAC-1","0","Dlg4",0
"TCCCGTTGTAGCGCCT-1","0","Dlg4",0
"TCCCGTTGTGGGTCCT-1","2","Dlg4",1.29311042269875
"TCCCGTTGTTCGATTA-1","6","Dlg4",0
"TCCCTAACAATGCGTG-1","2","Dlg4",2.3348933362267
"TCCCTAACACAGGATT-1","1","Dlg4",0
"TCCCTAACAGGGCTAC-1","0","Dlg4",0.614394123181311
"TCCCTGATCAGGAGTG-1","10","Dlg4",0
"TCCCTTAGTAACCGGG-1","1","Dlg4",0.703815303072055
"TCCTAATCAACTTAGA-1","5","Dlg4",0
"TCCTAGAAGATTAACC-1","3","Dlg4",0
"TCCTAGAAGGTGAGCA-1","0","Dlg4",0.80200710120704
"TCCTATTGTTCGTAAC-1","1","Dlg4",0.98434978200786
"TCCTCGATCCGCTACC-1","2","Dlg4",0.688480075122052
"TCCTCGATCGTTCATC-1","10","Dlg4",0
"TCCTCTTCAACCCTAC-1","1","Dlg4",0.85842196119403
"TCCTCTTCAATATGGC-1","0","Dlg4",0
"TCCTGACCAAACTGGT-1","1","Dlg4",0
"TCCTGACCATAACTTC-1","6","Dlg4",0
"TCCTGCATCTGTAAGT-1","1","Dlg4",0.828038969760646
"TCCTGTTAGGTCCAGT-1","0","Dlg4",1.10715130377471
"TCCTGTTAGTACGGAG-1","5","Dlg4",0
"TCCTTATGTAACGAAT-1","8","Dlg4",0.648929991901209
"TCCTTCCTCAGCACGT-1","3","Dlg4",0
"TCCTTCCTCAGGAGAT-1","1","Dlg4",1.25986163338954
"TCCTTCCTCATCACTC-1","3","Dlg4",0
"TCCTTCCTCCCATATC-1","2","Dlg4",0.632577710770086
"TCCTTCCTCTGTCAAG-1","0","Dlg4",0.683052302268629
"TCCTTCTCAAGGTCGC-1","0","Dlg4",0
"TCCTTCTCAAGTGAAG-1","14","Dlg4",0
"TCCTTGGTCCGCCATC-1","14","Dlg4",1.105594057093
"TCCTTTGGTTCGTATA-1","9","Dlg4",0
"TCCTTTGGTTGCCTCT-1","4","Dlg4",0
"TCGAATGTCCAGCCCT-1","16","Dlg4",0
"TCGAATTAGGCTCCAG-1","6","Dlg4",0
"TCGAATTAGGTGACTC-1","0","Dlg4",0
"TCGACCTCAATGCCAG-1","6","Dlg4",0
"TCGACCTCACTTGATT-1","4","Dlg4",1.30180977183972
"TCGACTGGTCTCCAGA-1","4","Dlg4",0.896736585824725
"TCGAGGTTCGAGTACC-1","2","Dlg4",1.64334873620402
"TCGAGGTTCGTCTAAG-1","0","Dlg4",1.28086884919933
"TCGAGGTTCTCACATC-1","3","Dlg4",0
"TCGATAGTCGCGTCCT-1","2","Dlg4",0
"TCGATCAAGATACTCG-1","9","Dlg4",0
"TCGATTAGTTGACCAT-1","0","Dlg4",0
"TCGATTGAGGTGGCTT-1","7","Dlg4",0
"TCGATTTCACTCATCA-1","0","Dlg4",0
"TCGCAAATCCGGAGTT-1","8","Dlg4",1.38873682358354
"TCGCAAATCTGTGATG-1","0","Dlg4",0.731150855444003
"TCGCAACAGTCGATAT-1","7","Dlg4",0.42425901292844
"TCGCAGACATCCATGC-1","0","Dlg4",0.779106262318108
"TCGCATCCAAACTTGA-1","5","Dlg4",0
"TCGCATCCATCCAAGG-1","0","Dlg4",1.17229817707574
"TCGCATGGTGACGAAC-1","2","Dlg4",0
"TCGCATGGTTGCTCCT-1","3","Dlg4",0
"TCGCCATCAAATCGTA-1","0","Dlg4",1.72412053079396
"TCGCCTATCCGCTGGA-1","2","Dlg4",1.55098020908326
"TCGCCTGCAACCTCAC-1","1","Dlg4",0
"TCGCCTGCAAGGGACG-1","0","Dlg4",0
"TCGCCTGCACTAGTCC-1","2","Dlg4",0.721071478805136
"TCGCGATAGGGTCCAT-1","6","Dlg4",0
"TCGCGATAGTGCTGTA-1","0","Dlg4",0
"TCGCTCGCATAGATCA-1","4","Dlg4",0.967789652254861
"TCGCTCTGTCTGGCTA-1","0","Dlg4",1.45389783447399
"TCGCTGCTCCCGCAGA-1","3","Dlg4",0
"TCGCTTACAGCTACTC-1","0","Dlg4",0.876029118427685
"TCGCTTACAGGTTGCA-1","6","Dlg4",0
"TCGCTTGTCAATGTAC-1","2","Dlg4",0
"TCGCTTGTCTAGTTCC-1","6","Dlg4",0
"TCGGCCAAGCGAAGTG-1","15","Dlg4",1.07568267543411
"TCGGCTAGTTAAGTGG-1","6","Dlg4",0
"TCGGGCATCAAGTAGA-1","3","Dlg4",0
"TCGGGCATCTCACCGC-1","0","Dlg4",0
"TCGGGCATCTCACTCG-1","0","Dlg4",0
"TCGGGGTCAATGGGCC-1","1","Dlg4",0
"TCGGGTTAGTTAACGT-1","2","Dlg4",1.33943894383839
"TCGGTAATCAGGGCAA-1","1","Dlg4",0.619937253897112
"TCGGTAATCGATGACC-1","2","Dlg4",0
"TCGGTAATCGTTCGTT-1","2","Dlg4",1.7077820005145
"TCGGTAATCTGGCACG-1","5","Dlg4",1.61805327601503
"TCGGTATGTAGCAGAC-1","0","Dlg4",1.25160346534629
"TCGGTATGTTATGACC-1","7","Dlg4",0.500611857528054
"TCGGTATGTTGGCGCT-1","2","Dlg4",1.47355806158956
"TCGGTCAGTGAAGGAG-1","5","Dlg4",0
"TCGGTTAAGGTTGGTC-1","0","Dlg4",0
"TCGGTTGGTTCCAGAT-1","3","Dlg4",0
"TCGTAATAGATTCGGC-1","6","Dlg4",0
"TCGTACCCATGGATTA-1","0","Dlg4",0.687053376867617
"TCGTACGGTAAGCCAA-1","10","Dlg4",0
"TCGTACGGTCATGGCC-1","0","Dlg4",0.845397622285714
"TCGTACGGTGAGTGGT-1","2","Dlg4",1.37060195916394
"TCGTCACCAACCAGTG-1","4","Dlg4",0.561983162332802
"TCGTCACCATTCAGGG-1","5","Dlg4",0
"TCGTCATTCTATCCGT-1","0","Dlg4",0
"TCGTCCATCACGCGAT-1","0","Dlg4",0.611834434878418
"TCGTCCATCCCTCTAG-1","3","Dlg4",0
"TCGTCCATCCGTGTAA-1","10","Dlg4",0
"TCGTGAATCACGCAGT-1","7","Dlg4",0
"TCGTGAATCTAATGCG-1","1","Dlg4",0
"TCGTGATGTTTACGCG-1","2","Dlg4",0
"TCGTGCCTCACATTGG-1","3","Dlg4",0
"TCGTGCCTCTATGTCC-1","15","Dlg4",0
"TCGTGGACAATCCCTA-1","1","Dlg4",1.44839279434473
"TCGTGGACATAACCGG-1","2","Dlg4",0
"TCGTGGACATTCGGTC-1","3","Dlg4",0
"TCGTGTCCAATCTGAA-1","13","Dlg4",0
"TCGTTAAGTAAGCATG-1","0","Dlg4",0
"TCGTTAAGTGCGGTTC-1","1","Dlg4",0.662337361292833
"TCGTTAAGTTCCTTGC-1","1","Dlg4",0.495923143687642
"TCGTTAAGTTCGTGGC-1","0","Dlg4",0
"TCGTTCCGTATTGGAG-1","4","Dlg4",1.19357409710504
"TCGTTGGGTGGGAATC-1","2","Dlg4",0
"TCGTTTCAGCGACTAC-1","1","Dlg4",0.586049737939203
"TCGTTTCAGGCAACCT-1","0","Dlg4",0
"TCGTTTGCATAGATGC-1","2","Dlg4",0
"TCTAACCTCCGTGCGA-1","4","Dlg4",1.21193348196347
"TCTAACCTCGAATTAC-1","0","Dlg4",0.402339717991219
"TCTAACCTCGTTCGGG-1","3","Dlg4",0
"TCTAATCCAAAGGTGA-1","12","Dlg4",0
"TCTAATCCACTAAGGT-1","0","Dlg4",0
"TCTAATCCAGTTAGGT-1","0","Dlg4",1.11611375288214
"TCTACAAGTCAGTCGC-1","7","Dlg4",0
"TCTACAAGTGCGTACC-1","3","Dlg4",0
"TCTACATCAGCAGTAT-1","3","Dlg4",0
"TCTACGAAGATTCGCA-1","2","Dlg4",0.827821310889598
"TCTACGGGTAACGCAA-1","0","Dlg4",0.870263501828717
"TCTACGGGTATGGACA-1","4","Dlg4",0
"TCTACTATCTGTGCAA-1","6","Dlg4",0
"TCTACTGCACATTGAA-1","0","Dlg4",0
"TCTAGCGGTGGCTTCA-1","13","Dlg4",0
"TCTATAGGTAACGAAT-1","0","Dlg4",0
"TCTATAGGTTTGGTCG-1","0","Dlg4",0
"TCTATCGCAAATCGTA-1","0","Dlg4",0.9206023180086
"TCTATCGCAACTTCAT-1","0","Dlg4",1.0603927100498
"TCTATCGCACTTCGAC-1","5","Dlg4",1.30395657230705
"TCTATCGCAGTTAGGT-1","1","Dlg4",1.30252447805443
"TCTATCTGTTTACCAA-1","0","Dlg4",0
"TCTATGAGTCATTGGT-1","0","Dlg4",0.663842279937363
"TCTATGAGTCTGGCAC-1","1","Dlg4",0.593895748675814
"TCTATGAGTGAAGTCA-1","0","Dlg4",0
"TCTATGAGTTGCGAGG-1","0","Dlg4",0
"TCTATGAGTTTCACTT-1","2","Dlg4",0.704849171127834
"TCTATGCTCACCAGAC-1","2","Dlg4",0
"TCTATGCTCGCGTCGA-1","10","Dlg4",0
"TCTATGGAGAAGCATA-1","5","Dlg4",0.846840978597417
"TCTATGGAGCATGCAC-1","0","Dlg4",0
"TCTATTGTCACCTACT-1","2","Dlg4",0
"TCTATTGTCGATGCTA-1","0","Dlg4",0
"TCTCAATCAAGCTATA-1","6","Dlg4",0
"TCTCAATCACCAACGA-1","2","Dlg4",0
"TCTCACTAGATAGGAC-1","0","Dlg4",0
"TCTCACTAGCCTCTCA-1","3","Dlg4",0
"TCTCACTAGTAGTCGC-1","1","Dlg4",0
"TCTCACTAGTGATCGC-1","0","Dlg4",0.841248692602751
"TCTCATATCCCAGGCA-1","1","Dlg4",0.46043368624294
"TCTCATCAGTCATCTC-1","6","Dlg4",0
"TCTCATCAGTTACGGC-1","8","Dlg4",0.689418152000079
"TCTCATTGTAGCGACG-1","9","Dlg4",0
"TCTCATTGTTAGGCTT-1","4","Dlg4",0.973646836032864
"TCTCATTGTTCGTGGC-1","4","Dlg4",0.434172478464351
"TCTCCATAGAAGGTCG-1","15","Dlg4",0
"TCTCCATAGCCACTAA-1","10","Dlg4",0
"TCTCCCAAGTGCAATT-1","0","Dlg4",0
"TCTCGATTCCTCGACC-1","11","Dlg4",0
"TCTCGCATCACTCAGA-1","3","Dlg4",0
"TCTCGCATCCGTGCAG-1","0","Dlg4",0.987968241043712
"TCTCGCATCGAGTACC-1","2","Dlg4",0.89493552513091
"TCTCGGCTCGCGTTCC-1","5","Dlg4",0.947558583336102
"TCTCGGCTCGCTGGAT-1","3","Dlg4",0
"TCTCGGCTCTGTGATG-1","6","Dlg4",0
"TCTCTAGCAGGTATCG-1","0","Dlg4",0
"TCTCTAGCATGGTTGG-1","5","Dlg4",1.26312668942652
"TCTCTATGTAATCGTC-1","0","Dlg4",0.494197243720386
"TCTCTGGTCCAATTCC-1","6","Dlg4",0
"TCTGACAAGTAGGTAA-1","2","Dlg4",0.753229563976584
"TCTGATAGTATAGTCC-1","5","Dlg4",0
"TCTGATGAGGCGATTC-1","5","Dlg4",0.718421625888542
"TCTGCAAAGCCAGGTT-1","1","Dlg4",0.770649954480286
"TCTGCAAAGGAGTCGA-1","4","Dlg4",0.73009069575163
"TCTGCAAAGGTAGTAA-1","0","Dlg4",0
"TCTGCACCAAGCTCAG-1","10","Dlg4",0
"TCTGCACCATCGGCTT-1","0","Dlg4",0
"TCTGCAGGTAGCTTCG-1","1","Dlg4",1.10383948191318
"TCTGCAGGTGCACGCT-1","1","Dlg4",0.709121306837964
"TCTGCCATCACTAGCA-1","3","Dlg4",0.842752398015529
"TCTGCCATCAGCGGTT-1","6","Dlg4",0
"TCTGCCATCAGTTAGT-1","2","Dlg4",0
"TCTGCCTGTCAGCGGA-1","5","Dlg4",1.22635091081808
"TCTGCGGAGGGCTCAT-1","2","Dlg4",1.28501464060932
"TCTGCGGAGGTTGCCG-1","5","Dlg4",0.639988456287535
"TCTGCGGAGTTGGTGC-1","0","Dlg4",0.89915005908709
"TCTGGATGTATGTAGG-1","2","Dlg4",1.12082936712781
"TCTGGCCTCGACTTAG-1","2","Dlg4",0
"TCTGGCTCAAGTTCAA-1","3","Dlg4",0
"TCTGGGCGTAGCCTGC-1","7","Dlg4",0.965367297030145
"TCTGTAAGTTCCTGCT-1","3","Dlg4",0
"TCTGTGTTCGACCCGA-1","0","Dlg4",0
"TCTGTGTTCGAGTACC-1","0","Dlg4",0
"TCTGTTGCACATTCCA-1","0","Dlg4",1.48349282330361
"TGAAACGGTTAGAGAT-1","11","Dlg4",0
"TGAAACTTCCAGGGTT-1","2","Dlg4",1.33826208910952
"TGAAAGGCAAGTATCA-1","2","Dlg4",1.53469135515414
"TGAAAGGCATGGCGAC-1","4","Dlg4",0.455651488986635
"TGAAATGAGTGCCGTG-1","3","Dlg4",0
"TGAACAGGTTAGTACC-1","0","Dlg4",0
"TGAACCATCCCAATTC-1","5","Dlg4",0
"TGAACCCAGCAGGTTC-1","8","Dlg4",1.039210617777
"TGAACCGCAATCAGCG-1","0","Dlg4",1.105594057093
"TGAACCGCACTTGCTA-1","2","Dlg4",1.36438828496085
"TGAACCGCATTCATAC-1","3","Dlg4",0
"TGAATAGAGCAATTAC-1","3","Dlg4",0
"TGAATAGAGCTAATGT-1","15","Dlg4",1.80507711191296
"TGAATCCGTCAAGTGA-1","0","Dlg4",0.787433305890953
"TGAATGAAGCCTAGAC-1","2","Dlg4",0.899236510835915
"TGAATGAAGTAATGGA-1","13","Dlg4",0.720474840788322
"TGAATGGGTTCCTTCA-1","13","Dlg4",0
"TGACATTAGGATCCAC-1","10","Dlg4",0
"TGACCAATCCCTGGAG-1","7","Dlg4",0
"TGACCAATCTCACATC-1","1","Dlg4",1.13646362103836
"TGACCAGCAACGTGAT-1","2","Dlg4",0.600805740729033
"TGACCCAGTGGCTCTA-1","0","Dlg4",1.11721937174511
"TGACCCTCATTCCTTC-1","0","Dlg4",0.947655303029037
"TGACCTAAGGTATCTG-1","8","Dlg4",0.677426503337154
"TGACGAAGTATTGCTA-1","5","Dlg4",0.747097461913817
"TGACGGGGTTGGGTAA-1","10","Dlg4",0
"TGACGTTGTATGGCCC-1","5","Dlg4",0.673870528216599
"TGACGTTGTCTTGCCT-1","2","Dlg4",0
"TGACTAACAATGGAAG-1","2","Dlg4",0
"TGACTAACATGATCCC-1","1","Dlg4",0
"TGACTGATCACTCCGC-1","0","Dlg4",0
"TGACTGATCAGGCTAC-1","5","Dlg4",0.612607772761533
"TGAGAATGTGCATCTG-1","1","Dlg4",0.557385656777926
"TGAGATGGTAGCTTAC-1","16","Dlg4",0
"TGAGATGGTTGCACCA-1","2","Dlg4",0
"TGAGCCACAATCCCTA-1","5","Dlg4",0
"TGAGCCACAATCCTTG-1","15","Dlg4",1.35374862108525
"TGAGCGAAGTGAGTAA-1","1","Dlg4",0
"TGAGCGGGTAATCACC-1","2","Dlg4",1.00852471802139
"TGAGCGGGTGAGCAGT-1","4","Dlg4",0.990621175591125
"TGAGCTATCCACCGTC-1","1","Dlg4",0.537335094801432
"TGAGCTGCAACCTCTA-1","0","Dlg4",0.936575340747291
"TGAGCTGCATGGTAGT-1","0","Dlg4",1.11902116029932
"TGAGCTTGTAATTCGC-1","7","Dlg4",0
"TGAGGATAGTATGAAG-1","1","Dlg4",0.843657355797664
"TGAGGCGGTTGCCTAG-1","0","Dlg4",0
"TGAGGCGGTTTGGTAC-1","0","Dlg4",0
"TGAGGCTTCACGTAAT-1","2","Dlg4",0
"TGAGGTGAGATAGACA-1","0","Dlg4",1.54718474632406
"TGAGGTTCACCTTCAA-1","5","Dlg4",0
"TGAGTAAAGGGGCAGT-1","2","Dlg4",0
"TGAGTCGCAAGCCTCT-1","0","Dlg4",0.721669148372433
"TGAGTCTGTCTAAGGA-1","7","Dlg4",0.672130475569031
"TGAGTCTGTTGCATAC-1","3","Dlg4",0
"TGAGTTACAGGGACTC-1","5","Dlg4",0.490290968810485
"TGAGTTACATGGTACG-1","2","Dlg4",0
"TGAGTTGTCACCTGGG-1","10","Dlg4",0
"TGATAGAAGGATCCAC-1","5","Dlg4",0.734971603122769
"TGATAGCCACATTAGA-1","8","Dlg4",1.15877602319334
"TGATAGCCATTGCCCG-1","0","Dlg4",0
"TGATAGCCATTGCGCT-1","2","Dlg4",1.5008577815123
"TGATCCCCAGCTACTC-1","0","Dlg4",0
"TGATGAGGTAGTTGAG-1","5","Dlg4",0.834699268550882
"TGATGAGGTGCATCAT-1","7","Dlg4",1.72169545707919
"TGATGAGGTTACACTA-1","5","Dlg4",0
"TGATGGCTCCATCTCG-1","2","Dlg4",1.8116156410013
"TGATGGCTCCCTGACC-1","2","Dlg4",1.23305853112359
"TGATTAGCAGGACTTG-1","12","Dlg4",0
"TGATTGGTCCCGTTCA-1","15","Dlg4",1.01476158156167
"TGATTTCCATCCATCA-1","1","Dlg4",0
"TGATTTCCATCGTTCA-1","0","Dlg4",0
"TGATTTGGTGAACGAC-1","3","Dlg4",0
"TGCAAACCAATCCCGT-1","2","Dlg4",2.21094138342484
"TGCAATGTCACAGCTA-1","0","Dlg4",0.627368690350045
"TGCAATGTCGTAGTTG-1","1","Dlg4",0
"TGCAATTAGCGAGCAA-1","1","Dlg4",0.866291265167632
"TGCACAATCAGGCAGA-1","9","Dlg4",0
"TGCACCCTCCATCTGT-1","0","Dlg4",0
"TGCACCTCAATATACG-1","16","Dlg4",0
"TGCACCTCAGGACTGC-1","9","Dlg4",0
"TGCACCTCATGGCAAT-1","2","Dlg4",0.488288382632385
"TGCACTAAGTTAGCAT-1","0","Dlg4",1.95234912178757
"TGCAGGCCAAATGACC-1","2","Dlg4",0.730815721033788
"TGCAGGCCAGGGCTAC-1","1","Dlg4",1.84785055592752
"TGCAGGCCATGACTAA-1","4","Dlg4",0
"TGCAGGTTCCAGATCA-1","4","Dlg4",0
"TGCATAGTCCGCCTAC-1","1","Dlg4",0
"TGCATAGTCCGTTGGG-1","8","Dlg4",1.75799034376634
"TGCATCAAGTGAACTT-1","0","Dlg4",0.437783511186951
"TGCCAGACATCCATAT-1","0","Dlg4",0
"TGCCAGTAGCCACATA-1","2","Dlg4",0
"TGCCATAAGCGCTCAG-1","8","Dlg4",0
"TGCCATAAGGTCACGT-1","2","Dlg4",0.78952797749153
"TGCCATAAGTTAATGC-1","0","Dlg4",0
"TGCCATCCAGGTTCGA-1","15","Dlg4",1.34876384621904
"TGCCATCCATAACGGT-1","8","Dlg4",0.807680114815165
"TGCCATCCATCCGCTG-1","1","Dlg4",0
"TGCCATGGTAGTTGGA-1","1","Dlg4",0
"TGCCATGGTTTACCAA-1","2","Dlg4",0.760680131170778
"TGCCATGGTTTGGCAT-1","2","Dlg4",0
"TGCCATTTCATCTCTA-1","0","Dlg4",0
"TGCCATTTCCCATAGA-1","4","Dlg4",0.601438754070446
"TGCCCAAGTATGGCAA-1","0","Dlg4",0.895106722420111
"TGCCCAAGTGCGCGTT-1","6","Dlg4",0
"TGCCCATCACCAATCC-1","3","Dlg4",0
"TGCCCGAAGCGCTCTC-1","1","Dlg4",0
"TGCCCGTTCCGGTTCC-1","9","Dlg4",0
"TGCCCTCAGCTACTCT-1","0","Dlg4",0
"TGCCCTCAGTAAGTAG-1","2","Dlg4",0.90859049611869
"TGCCCTTGTATGTCAC-1","7","Dlg4",0.753437766241148
"TGCCCTTGTTTGAGGA-1","0","Dlg4",0.897080521656913
"TGCCGAACATAATCGA-1","0","Dlg4",0
"TGCCGATAGAACCAGG-1","7","Dlg4",0.925999546001116
"TGCCGATAGATTGACT-1","0","Dlg4",0
"TGCCGATAGGTGGATG-1","0","Dlg4",0
"TGCCGATAGGTTCATG-1","0","Dlg4",1.07428430337887
"TGCCGCTTCTATGCAG-1","0","Dlg4",0
"TGCCGTGAGGATCTGC-1","0","Dlg4",0
"TGCCGTGAGTGAGTAA-1","0","Dlg4",0
"TGCCGTTCACTAATGA-1","14","Dlg4",0
"TGCCTAGGTTTAGCAC-1","7","Dlg4",0
"TGCCTATTCATGCGGT-1","11","Dlg4",0
"TGCCTATTCCCTCACA-1","6","Dlg4",0
"TGCCTCATCATGTCGA-1","2","Dlg4",0
"TGCCTCATCGTTAGGC-1","5","Dlg4",0.294534248985434
"TGCCTCGCAGGATAGA-1","2","Dlg4",0.789331104412867
"TGCCTCGCAGTTGGGC-1","0","Dlg4",0
"TGCCTCTGTATAGCGA-1","4","Dlg4",0.44654600522058
"TGCCTCTGTGCATCAT-1","3","Dlg4",0
"TGCCTCTGTTAGTACC-1","2","Dlg4",0.872933233140202
"TGCCTCTGTTCCGGTA-1","7","Dlg4",0.807817857650405
"TGCCTGCTCATAGGTT-1","2","Dlg4",0.676379386650262
"TGCCTGCTCCCGTGAG-1","0","Dlg4",0
"TGCGAAAGTAATGGCA-1","2","Dlg4",0.733168421896621
"TGCGAAAGTGAACCTT-1","10","Dlg4",0
"TGCGACCGTTCCCAGA-1","0","Dlg4",0
"TGCGACCGTTCTGGTG-1","0","Dlg4",0
"TGCGACTAGGATGGGC-1","6","Dlg4",1.35716679882967
"TGCGAGGGTTTGCGAT-1","7","Dlg4",1.35008546852694
"TGCGATGCACTTCAGC-1","8","Dlg4",0
"TGCGGCTGTCAGGCAG-1","0","Dlg4",0.68208376101569
"TGCGGCTGTGATGGTA-1","0","Dlg4",0
"TGCGGCTGTGGGTTAA-1","4","Dlg4",0
"TGCGGCTGTTACACTA-1","1","Dlg4",0.780129013270084
"TGCGGGTCACGCCATT-1","0","Dlg4",0.629613649398633
"TGCGGTTAGCTACAGC-1","3","Dlg4",0
"TGCGGTTAGCTGGATC-1","0","Dlg4",0.882125470980308
"TGCGTATGTCAGCACC-1","2","Dlg4",0.812600502223491
"TGCGTATGTGACGAGT-1","8","Dlg4",0
"TGCGTATGTTAAGGTG-1","7","Dlg4",1.01521027437673
"TGCGTATGTTCACGCA-1","1","Dlg4",0
"TGCTAAGTCCATCTCG-1","0","Dlg4",0
"TGCTAAGTCTAGTGTG-1","16","Dlg4",0
"TGCTAAGTCTGGCATA-1","0","Dlg4",0
"TGCTACAAGCCCTGCT-1","7","Dlg4",0
"TGCTACAAGCGCTGCA-1","1","Dlg4",1.42733172680785
"TGCTACCCAACCAGTG-1","8","Dlg4",0
"TGCTACCCATCACGTC-1","4","Dlg4",0
"TGCTACTTCCTCGTTG-1","3","Dlg4",0
"TGCTCAAAGGCGATAG-1","2","Dlg4",0.794616640724805
"TGCTCAAAGTGGCGAA-1","3","Dlg4",0
"TGCTCACCATGGCTTC-1","7","Dlg4",0.617054585293096
"TGCTCACCATGGTCGA-1","6","Dlg4",1.4118798241566
"TGCTCGCTCCTTCGTG-1","2","Dlg4",1.43240845022191
"TGCTGATGTATTGCCG-1","1","Dlg4",0.806751643764489
"TGCTGCCTCAGGCATC-1","0","Dlg4",0
"TGCTGCCTCCAGCTCC-1","0","Dlg4",0
"TGCTGCCTCCGGGCTA-1","0","Dlg4",0
"TGCTGCCTCTCACCAT-1","5","Dlg4",1.84796315812899
"TGCTGGACAAGTAAGG-1","11","Dlg4",0
"TGCTGGACACCTGTGT-1","12","Dlg4",0
"TGCTGGGTCGTACCTT-1","6","Dlg4",0
"TGCTGTCCAAAGGAAT-1","0","Dlg4",0
"TGCTGTCCATGAGTGT-1","12","Dlg4",0
"TGCTTAAGTAGCGGTG-1","1","Dlg4",1.26962249442354
"TGCTTAAGTGACGAGT-1","11","Dlg4",0
"TGCTTAAGTGGGTCGA-1","1","Dlg4",0
"TGCTTCACATCACGGA-1","0","Dlg4",0
"TGGAACCTCAGCCAGT-1","2","Dlg4",0.714937684918821
"TGGAATGGTCTGTGCA-1","7","Dlg4",1.05475008190674
"TGGACAAGTAGCTAGA-1","3","Dlg4",0
"TGGACAAGTTTCGTCC-1","5","Dlg4",0
"TGGACATCAATAGGAG-1","0","Dlg4",0
"TGGACGTTCACCTAAG-1","4","Dlg4",0
"TGGACGTTCATCGACA-1","0","Dlg4",0
"TGGACGTTCCATAGCA-1","1","Dlg4",0
"TGGACGTTCTCACAGA-1","3","Dlg4",0
"TGGACTATCCAACTGA-1","14","Dlg4",0
"TGGACTCAGCCGATAC-1","8","Dlg4",0
"TGGACTCAGGTGAACG-1","16","Dlg4",0
"TGGAGCAAGAAGCACG-1","1","Dlg4",1.2736397938245
"TGGAGCAAGTGCCCAG-1","10","Dlg4",0
"TGGAGCGGTGACCGAG-1","11","Dlg4",0
"TGGAGTAGTTCAAGTC-1","4","Dlg4",0.509761227710204
"TGGAGTGAGATACTCG-1","4","Dlg4",0.480277429648287
"TGGATAGGTATGTGGA-1","0","Dlg4",0
"TGGATAGGTTAGTGTC-1","2","Dlg4",0.695606218759899
"TGGATGGAGCCCTACC-1","8","Dlg4",1.12692706157415
"TGGATGGAGCGATAGG-1","0","Dlg4",0
"TGGATTGTCATCGAAT-1","0","Dlg4",0
"TGGCATGCAGTAAGTC-1","0","Dlg4",0.776625062896735
"TGGCATGCATAAGTTG-1","2","Dlg4",1.31054450225234
"TGGCCATAGGTATCTG-1","6","Dlg4",0
"TGGCCTGAGGTGAGCA-1","0","Dlg4",1.84927813921732
"TGGCGAAAGCAACCAC-1","0","Dlg4",0.574859045329929
"TGGCGAAAGCATTAAC-1","8","Dlg4",0.596596022182852
"TGGCGATTCGAACCTA-1","13","Dlg4",0
"TGGCGCATCACTCCAT-1","11","Dlg4",0
"TGGCGCATCATGGCCG-1","0","Dlg4",0
"TGGCGGTCAATACAGC-1","0","Dlg4",0
"TGGCTAATCAATGTGT-1","0","Dlg4",1.4335423328387
"TGGCTAATCACCCTGC-1","8","Dlg4",0
"TGGCTATGTCTAACTA-1","0","Dlg4",0
"TGGCTATGTGATAGCA-1","0","Dlg4",1.07131015839034
"TGGCTATGTTATATCG-1","8","Dlg4",1.15392397991489
"TGGCTATGTTTCGATA-1","0","Dlg4",0.743664873507012
"TGGCTGACATCCGCTG-1","3","Dlg4",0
"TGGGATTCAATAGGTC-1","2","Dlg4",1.1651138569465
"TGGGATTCATAGATCA-1","1","Dlg4",1.05401891312529
"TGGGCACCACCATTCA-1","1","Dlg4",0.48060684814386
"TGGGCACCACTAATCT-1","0","Dlg4",0.973544319140291
"TGGGCACCAGGAGCCT-1","5","Dlg4",1.28919099002475
"TGGGCAGGTAATTGGG-1","4","Dlg4",1.26164295580748
"TGGGCAGGTTCACTCC-1","4","Dlg4",0.676521977417512
"TGGGCGAGTTAGCGCC-1","2","Dlg4",0
"TGGGCTTAGGATCCAC-1","5","Dlg4",0
"TGGGCTTAGGTAGCAG-1","4","Dlg4",0
"TGGGCTTAGTAAGCAA-1","2","Dlg4",0.996027355366898
"TGGGCTTAGTATGAGA-1","1","Dlg4",0.911428461492703
"TGGGGCTCAAGCGGAG-1","1","Dlg4",0.765507960622831
"TGGGGCTCATCCGTTA-1","8","Dlg4",1.71633991396968
"TGGGGTAAGCATGCGT-1","5","Dlg4",1.2903353471358
"TGGGGTAAGGTTGGAG-1","10","Dlg4",0
"TGGGGTTTCGATGCGT-1","3","Dlg4",0
"TGGGTCACACCTAACC-1","6","Dlg4",0
"TGGGTTATCAATCCGA-1","1","Dlg4",0
"TGGGTTATCGACTAAT-1","5","Dlg4",0.763850733528978
"TGGGTTATCTGTGCAA-1","0","Dlg4",0
"TGGTACGCAATTGACA-1","0","Dlg4",1.54370083335211
"TGGTACGCACATGAGT-1","2","Dlg4",0.920057214669632
"TGGTACGCATTGGAAC-1","0","Dlg4",0
"TGGTAGCTCCAATTCC-1","15","Dlg4",0.826951882886252
"TGGTAGGAGCGGATGA-1","4","Dlg4",1.08389841312397
"TGGTAGGAGGTCAAGG-1","3","Dlg4",0
"TGGTAGGAGTGAAGCG-1","0","Dlg4",0
"TGGTATTAGCCTGAGT-1","0","Dlg4",0
"TGGTCAATCCTTCAGT-1","3","Dlg4",0
"TGGTCAATCGATAGCC-1","9","Dlg4",0
"TGGTCACAGGAATTAG-1","0","Dlg4",0
"TGGTCACAGGGCTCTG-1","6","Dlg4",0
"TGGTCCTCAAATGCAC-1","0","Dlg4",0.936292473189608
"TGGTCCTCAAGTTAGC-1","3","Dlg4",1.66930699635023
"TGGTCCTCACCAGCTT-1","13","Dlg4",0
"TGGTCCTCATCACATT-1","4","Dlg4",0.882374525285047
"TGGTCTAAGCATAGGG-1","8","Dlg4",0
"TGGTCTAAGGTTCGTA-1","2","Dlg4",0
"TGGTGGTTCCCAGGAT-1","4","Dlg4",0
"TGGTGTTGTGGAGCAT-1","3","Dlg4",0
"TGGTGTTGTTAGACAG-1","7","Dlg4",0.505261556882405
"TGGTTAACACTTCAAT-1","4","Dlg4",0.876192706605152
"TGGTTACGTTTGACCG-1","12","Dlg4",0
"TGGTTATAGCGACTTA-1","5","Dlg4",0
"TGGTTCAAGATAGACA-1","0","Dlg4",1.34141723431449
"TGGTTCAAGCTATCTC-1","1","Dlg4",0
"TGGTTCAAGTTACAGT-1","7","Dlg4",0.82342164533877
"TGTAACCGTTACACCG-1","2","Dlg4",1.1872042938122
"TGTACCCCAGCTATGG-1","5","Dlg4",1.02393231919862
"TGTACCCCAGGTAATC-1","0","Dlg4",0.641645535081112
"TGTACCCCATTCGCGT-1","0","Dlg4",0
"TGTACCGGTCTAGCGC-1","5","Dlg4",0.774223387168404
"TGTACCTTCTAACCTC-1","0","Dlg4",0
"TGTACGATCCCGTTCA-1","2","Dlg4",0
"TGTACTTCATCGGTTC-1","3","Dlg4",0
"TGTAGAGGTAACTCCG-1","1","Dlg4",0
"TGTAGAGGTATGTCCG-1","0","Dlg4",0.827096653558469
"TGTAGAGGTGCGTGTC-1","0","Dlg4",0
"TGTAGCATCAATCGGC-1","11","Dlg4",0
"TGTAGCCAGATAGGTA-1","3","Dlg4",0
"TGTAGCCAGTAATCCG-1","2","Dlg4",1.40673748343183
"TGTAGCTGTTGCCTCT-1","6","Dlg4",0
"TGTAGTTAGCTAGTCA-1","0","Dlg4",0
"TGTAGTTAGGGTCCAT-1","0","Dlg4",0
"TGTATCTCAAATGGCT-1","7","Dlg4",1.4930514166897
"TGTATTCCAATCCAGG-1","0","Dlg4",0
"TGTATTGGTAATCCTA-1","0","Dlg4",0
"TGTATTGGTGACTTCG-1","12","Dlg4",0
"TGTATTGGTTGAGCAA-1","3","Dlg4",0
"TGTCACCCACAACTAA-1","0","Dlg4",0
"TGTCACTTCCCCATGC-1","8","Dlg4",1.73986944627989
"TGTCACTTCCCTGGCT-1","0","Dlg4",0
"TGTCACTTCCGCTGGA-1","0","Dlg4",0
"TGTCACTTCCTTCGCA-1","3","Dlg4",0
"TGTCAGGCACAGCATG-1","2","Dlg4",0
"TGTCAGGCATTACGCC-1","4","Dlg4",0.72308593864263
"TGTCATGAGCCTTCCA-1","0","Dlg4",0.779745151372124
"TGTCCAAAGCCGCATG-1","2","Dlg4",1.82088505852694
"TGTCCAAAGGTTAGCC-1","7","Dlg4",0.928631025873088
"TGTCCAGGTCAACTGT-1","2","Dlg4",0.641262345190934
"TGTCCAGGTCATGTGT-1","0","Dlg4",0
"TGTCCCATCCAGGTAC-1","7","Dlg4",0.587218341795144
"TGTCCCATCGACTGCG-1","6","Dlg4",0
"TGTCCCTGTGGAGCCA-1","10","Dlg4",0
"TGTCCGCTCACACACA-1","3","Dlg4",0
"TGTCCGGAGCTACCAA-1","5","Dlg4",0
"TGTCCTTAGCCAGTCG-1","1","Dlg4",1.30200460322858
"TGTCCTTAGCTAAGTT-1","0","Dlg4",0.852281100215496
"TGTCCTTAGGAGGATT-1","13","Dlg4",0
"TGTCGCCTCAATTGCG-1","1","Dlg4",1.34329759091583
"TGTCGTCCACTAGGAT-1","0","Dlg4",0
"TGTCTAAGTCTTGCGA-1","2","Dlg4",0
"TGTCTCACATAATTCC-1","9","Dlg4",0
"TGTCTGTTCAGCGACT-1","0","Dlg4",0
"TGTCTGTTCTGGATAT-1","0","Dlg4",0.9255395279971
"TGTCTTGCAACATCAA-1","7","Dlg4",0.592265955706165
"TGTGAACCAATCTGAA-1","9","Dlg4",0
"TGTGAAGGTGGGTCTC-1","1","Dlg4",1.23611116132784
"TGTGAGGAGATTGAAG-1","7","Dlg4",1.07676596826053
"TGTGAGGAGGCACTTA-1","0","Dlg4",0
"TGTGATTAGGATTCAT-1","0","Dlg4",1.16534163265356
"TGTGATTAGGTCCACG-1","6","Dlg4",0
"TGTGCAATCACACACA-1","3","Dlg4",0
"TGTGCATGTAGGTTAG-1","0","Dlg4",0
"TGTGCCCTCCGGACAT-1","0","Dlg4",1.22814107476221
"TGTGCCTCATGGCAAT-1","1","Dlg4",0.474953665316213
"TGTGCGCGTAACGAGC-1","1","Dlg4",0
"TGTGCTGGTGGCCTAC-1","1","Dlg4",1.52234184406307
"TGTGGTCAGTGATCTG-1","3","Dlg4",0
"TGTGGTTGTGAGGCTG-1","6","Dlg4",0
"TGTGTTAGTAAGTTCC-1","13","Dlg4",0.812112586519398
"TGTGTTAGTTAGCAGA-1","5","Dlg4",1.18028442345596
"TGTGTTGAGCATATCG-1","3","Dlg4",0
"TGTGTTGAGCTAGTAT-1","5","Dlg4",0
"TGTGTTGAGGAGGTTG-1","5","Dlg4",1.04760794078039
"TGTGTTGAGTCAGCGT-1","7","Dlg4",1.56999486775314
"TGTGTTGAGTCATGGC-1","0","Dlg4",0.942606005564206
