"cell","cluster","App","Apoe","Bace1","Trem2","Tyrobp","Aif1","Cd68","Cx3cr1","Itgam","Ccl3","Ccl4","Ccl5","Gfap","Vim","S100b","Casp1","Ptgs2","Stat3","Tgfb1","Arg1","Mrc1","Syn1","Rbfox3","Ptprc","Tubb3","Map2","Dcx","Syp","Dlg4","Camk2a","Atf3","Fos","Jun","Bax","Egr1","Casp3","P2ry12","Ifit3","Isg15","Tmem119","Aldh1l1","C3","Serping1","Slc1a2"
"AAACCAAAGTCAGCTA-1","11",0,0,0,0,0,0,0,0,0,0,0,0,0,0,0,0,0,0,0,0,0,0,0,0,0,2.67027023014741,2.04406509912129,0,0,0,0,0,0,0,0,0,0,0,0,0,0,0,0,1.17577247844446
"AAACCAAAGTCTCTGT-1","8",2.28165408154147,0,0,0,0,0,0,0,0,0,0,0,0,0,0,0,0,0,0,0,0,0,2.144379391127,0,0.813648120504884,1.25625606199872,1.25625606199872,1.25625606199872,0,2.4023389143195,0,0,0,0,0,0,0,0,0,0,0,0,0,1.25625606199872
"AAACCATTCAGTTACG-1","9",0,0,0,0,0,0,0,0,0,0,0,0,0,0,0,0,0,0,0,0,0,0,0,0,0,2.19864806512107,0,0,0,0,0,0,0,0,0,0,0,0,0,0,0,0,0,0
"AAACCATTCGAACCCG-1","1",1.62040753364451,0,0.700017282343822,0,0,0,0,0,0,0,0,0,0,0,0,0,0,0,0,0,0,0.700017282343822,1.10776197575024,0,0,1.62040753364451,1.10776197575024,0,0.700017282343822,1.62040753364451,0,0,0,0.700017282343822,0,0,0,0,0,0,0,0,0,1.10776197575024
"AAACCCGCAACCTTCA-1","4",2.6774951555318,0,0,0,0,0,0,0,0,0,0,0,0,0,0,0,0,0,0,0,0,0.75567609091734,1.47868013393589,0,0,1.70768955719896,0,0,0.75567609091734,2.30582022913809,0,0,0,0,0,0,0,0,0,0,0,0,0,0.75567609091734
"AAACCCGCAATCGAAC-1","7",2.37559080470515,0,0,0,0,0,0,0,0,0,0,0,0,0,0,0,0,0,0,0,0,0.833336093332184,2.09868057008083,0,0.501072892591218,2.24669012929008,0.501072892591218,0,0,2.37559080470515,0,0,0.833336093332184,0,0,0,0,0,0,0,0,0,0,0.501072892591218
"AAACCCGCAGCCTACT-1","14",1.81720613488922,0,0,0,0,0,0,0,0,0,0,0,0,0,0,0,0,0,0,0,0,0,0,0,0,0,0,0,0,0,0,0,0,0,0,0,0,0,0,0,1.27461380144348,0,0,1.27461380144348
"AAACCCGCATGACAGT-1","1",1.78801928284575,0,0,0,0,0,0,0,0,0,0,0,0,0,0,0,0,0,0,0,0,1.24955795168539,0.604097436275634,0,0,1.46288508623086,0.604097436275634,0.604097436275634,0.604097436275634,2.31506701469458,0,0,0,0,0,0,0,0,0,0,0,0,0,0.978025425510531
"AAACCCTGTAGGTGCG-1","7",1.98836469828106,0,0,0,0,0,0,0,0,0,0,0,0,0,0,0,0,0,0,0,0,0.815681615635644,1.25886777432624,0,0.815681615635644,1.98836469828106,0,0,0.815681615635644,3.05265392490274,0,0,0,0,0,0,0,0,0,0,0,0,0,0
"AAACGAATCACTGGCG-1","0",2.01629094581711,0.464900669142409,0.464900669142409,0,0,0,0,0,0,0,0,0,0,0,0,0,0,0,0,0,0,0.781026236562798,1.02085547644469,0,0,2.34848508174124,0.781026236562798,0,0.781026236562798,0,0,0,0,0,0,0.464900669142409,0,0,0,0,0,0,0,0
"AAACGATGTGCGGAAT-1","5",0,0,0,0,0,0,0,0,0,0,0,0,0,0,0,0,0,0,0,0,0,0,1.53779215552355,0,0,2.62394806423935,1.53779215552355,0,1.03926965734575,1.53779215552355,0,0,0,0,0,0,0,0,0,0,0,0,0,0
"AAACGCCTCCGGTAAC-1","6",1.74169171828714,0,0,0,0,0,0,0,0,0,0,0,0,0,0,0,0,0,0,0,0,0,0,0,0,1.21000306768098,0,0,0,0,0,0,0,0,0,0,0,0,0,0,0,0,0,2.34314911119585
"AAACGCCTCGCGACAT-1","3",2.89638916488551,0,0,0,0,0,0,0,0,0,0,0,0,0,0,0,0,0,0,0,0,0,0,0,0,0,0,0,0,0,0,0,0,0,0,0,0,0,0,0,0,0,0,0
"AAACGCCTCGTTAGAT-1","9",0,0,0,0,0,0,0,0,0,0,0,0,0,0,0,0,0,0,0,0,0,0,0,0,0,0,0,0,0,0,0,0,0,0,0,0,0,0,0,0,0,0,0,0
"AAACGGGTCCGCGATG-1","5",1.39559089466102,0,0,0,0,0,0,0,0,0,0,0,0,0,0,0,0,1.10688013169162,0,0,0,0.699354462482472,2.20823324699697,0,0,2.40915273641653,0.699354462482472,1.10688013169162,0,1.95652773167991,0,0,0,0,0,0,0,0,0,0,0,0,0,0.699354462482472
"AAACGTAAGCCACACG-1","0",2.12067431022148,0,0,0,0,0,0,0,0,0,0,0,0,0,0,0,0,0,0,0,0,0,0,0,0,0,0,1.23709390968863,1.23709390968863,1.23709390968863,0,1.23709390968863,0,0,0,0,0,0,0,0,0,0,0,0
"AAACGTCCACAGCGAC-1","2",1.44872504554175,0,0,0,0,0,0,0,0,0,0,0,0,0,0,0,0,0.735197652465545,0,0,0,0,1.67589526685923,0,0,2.71579513424345,0,0,1.15429561422332,2.27080066461797,0,0,0,0,0,0,0,0,0,0,0,0,0,0.735197652465545
"AAACGTCCACATACGG-1","1",1.8956551875196,0,0,0,0,0,0,0,0,0,0,0,0,0,0.534803969096886,0,0,0.534803969096886,0,0,0,1.51195028238665,2.3216498316169,0,0,2.45158281366564,0.534803969096886,0.534803969096886,0.534803969096886,2.24974984717413,0,0,0,0,0,0,0,0,0,0,0,0,0,1.34246113158519
"AAACTTGCAACGGGCT-1","13",0,0,0,0,0,0,0,0,0,0,0,0,0,0,0,0,0,0,0,0,0,0,1.7426629433373,0,0,2.34421354828827,1.7426629433373,0,0,2.71718211344891,0,0,0,0,0,0,0,0,0,0,0,0,1.7426629433373,0
"AAAGCAATCCGTATAG-1","8",2.06294057426332,0,0,0,0,0,0,0,0,0,0,0,0,0,0,0,0,0,0,0,0,0.864498401194864,1.32112368527576,0,0.864498401194864,1.63343667528716,0,0,1.63343667528716,2.36242875972583,0,0,0,0,1.32112368527576,0,0,0,0,0,0,0,0,2.69043942739192
"AAAGCATGTAAGCAAT-1","8",1.12862209406096,0,0,0,0,0,0,0,0,0,0,0,0,0,0,0,0,0,0,0,0,0.715738541711769,1.12862209406096,0,0.715738541711769,2.23704080289905,0,1.12862209406096,1.12862209406096,0.715738541711769,0,0,0,0,0,0,0,0,0,0,0,0,0,1.64534310224916
"AAAGCATGTCATCCCT-1","7",2.37235201449425,0,0,0,0,0,0,0,0,0,0,0,0,0,0,0,0,0.499666888728181,0,0,0,0.831318427601355,1.5869945185187,0,0,2.17225609343554,0.499666888728181,0.499666888728181,1.07994461468342,2.58891156723466,0,0,0,0,0,0,0,0,0,0,0,0,0,0.499666888728181
"AAAGCCAGTTAGTCGT-1","3",3.3305666659823,0,0,0,0,0,0,0,0,0,0,0,0,0,0,0,0,0,0,0,0,0,0,0,2.3010565219101,1.70335857875318,0,0,0,0,0,0,0,0,0,0,0,0,0,0,0,0,0,0
"AAAGCCAGTTCACCTC-1","1",2.15267675120307,0,0,0,0,0,0,0,0,0,0,0,0,0,0,0,0,0,0,0,0,1.44939008287489,2.56149897005758,0,0.735650187210555,2.01770313958604,0,0.735650187210555,0,2.6420571574564,0,0,0,0,0.735650187210555,0.735650187210555,0,0,0,0,0,0,0,1.15489078146295
"AAAGCTGGTTCGGGTC-1","0",2.43317557494036,0,0,0,0,0,0,0,0,0,0,0,0,0,0,0,0,0,0,0,0,1.12460554416204,1.12460554416204,0,0,0,0,1.12460554416204,1.64054971358604,1.12460554416204,0,0,0,0,0,0,0,0,0,0,0,0,0,1.64054971358604
"AAAGCTGGTTTCGCCT-1","0",1.96290084905076,0,0,0,0,0,0,0,0,0,0,0,0,0,0,0,0,0,0,0,0,0,0,0,0.928214464821765,2.58323515477029,0,0,0,1.40117694408705,0,0,0,0,0,0,0,0,0,0,0,0,0,1.40117694408705
"AAAGGTCAGGATGAGT-1","1",2.21905579575851,0,0,0,0,0,0,0,0,0,0,0,0,0,0,0,0,0,0,0,0,0.77529589111787,1.50711797916794,0,0.77529589111787,0.77529589111787,0,0,0.77529589111787,2.85631402942804,0,0,0,0,0,0,0,0,0,0,0,0,0,1.73782020798237
"AAAGGTTGTTCCATCC-1","6",0,0,1.24372980340365,0,0,0,0,0,0,0,0,0,0,0,0,0,0,0,0,0,0,0,0,0,0,2.12889563651934,0,0,1.24372980340365,0,0,0,0,0,0,0,0,1.24372980340365,0,0,0,0,0,3.42172900715038
"AAAGTAGTCAATCTCC-1","1",1.60650039635263,0,0,0,0,0,0,0,0,0,0,0,0,0,0,0,0,0,0,0,0,0,1.60650039635263,0,0,2.43026286496072,0.586155776947788,0.586155776947788,1.22118395387536,2.19396013728653,0,0,0,0,0,0,0,0,0,0,0,0,0,0
"AAAGTAGTCCAACTGA-1","6",0,1.97216318304985,0,0,0,0,0,0,0,0,0,0,1.97216318304985,0,0,0,0,1.97216318304985,0,0,0,0,0,0,0,2.59319359378104,0,0,0,0,0,0,0,0,0,0,0,0,0,0,0,0,0,4.27862745515549
"AAAGTCAAGGAGGACC-1","2",2.25775966161398,0,0.886631467965502,0,0,0,0,0,0,0,0,0,0,0,0,0,0,0,0,0,0,0.886631467965502,2.51894771481597,0,0,1.34908076477946,0,0,0,2.51894771481597,0,0,0,0,0,0,0,0,0,0,0,0,0,0
"AAAGTGATCACGCCTC-1","0",1.56528882857213,0,0,0,0,0,0,0,0,0,0,0,0,0,0,0,0,0,0,0,0,0,0.815962939470939,0,0,2.40611750073891,0,0.815962939470939,0,1.25922897277505,0,0.815962939470939,0,0,0.815962939470939,0,0,0,0,0,0,0,0,0.815962939470939
"AAAGTGATCCTCTATA-1","0",2.03572337994962,0,0,0,0,0,0,0,0,0,0,0,0,0,0,0,0,0,0,0,0,0.979996682819599,1.46531226853977,0,0,2.39668403234021,1.46531226853977,0.979996682819599,0.979996682819599,2.23240262321306,0,0,0,0,0,0,0,0,0,0,0.979996682819599,0,0,0
"AAAGTTGAGCATCAAT-1","0",2.78085171060402,0,0,0,0,0,0,0,0,0,0,0,0,0,0,0,0,0,0,0,0,0,0.865294256100035,0,0,3.19404962239486,0,0,0,0,0,0,0,0,0,0,0,0,0,0,0,0,0,0
"AAAGTTGAGCCGCATG-1","0",2.16141801481902,0,0,0,0,0,0,0,0,0,0,0,0,0,0.824427032813331,0,0,0,0,0,0,0,1.57727025484293,0,0,1.27008279463044,0,1.27008279463044,0.824427032813331,0,0,0,0,0,0,0,0,0,0,0,0,0,0,0
"AAAGTTGAGCGCCTCT-1","8",2.12998381264683,0,0.804593932310098,0,0,0,0,0,0,0,0,0,0,0,0,0,0,0,0,0,0,1.5491283670263,1.24460891899128,0,0,1.5491283670263,0,0,0,1.97115204144006,0,0,0,0,0,0,0,0,0,0,0,0,0,2.26701169951506
"AAATGCAAGTAATCCG-1","0",2.44916308192614,0.721669148372433,0,0,0,0,0,0,0,0,0,0,0,0,0,0,0,0.721669148372433,0,0,0,0,1.13646362103836,0,0,2.12883350042383,0.721669148372433,0,0,0.721669148372433,0,0,0,0,0,0.721669148372433,0,0,0,0,0,0,0,0.721669148372433
"AAATGCAAGTAGTGCC-1","2",2.21966932551462,0,0,0,0,0,0,0,0,0,0,0,0,0,0,0,0,0,0,0,0,0,1.81281608322026,0,0.705834279123739,1.81281608322026,0,0.705834279123739,0,2.10153943691831,0,0,0.705834279123739,0,0,0,0,0,0,0,0,0,0,0
"AAATGCAAGTTGGCTA-1","6",1.51454623319802,0,0,0,0,0,0,0,0,0,0,0,0,0,0,0,0,0,0,0,0,0,0,0,0,0,0,0,0,0,0,0,0,0,0,0,0,0,0,0,0,0,0,3.38027529153438
"AAATGGATCAGCTGGT-1","1",1.60884389146597,0,0,0,0,0,0,0,0,0,0,0,0,0,0,0,0,0,0,0,0,0.998059895515903,0.998059895515903,0,0.761744077277499,2.25811749790324,0.998059895515903,0.451715157954389,0.998059895515903,0.998059895515903,0,0,0,0,0.451715157954389,0,0,0,0,0,0,0,0,2.19656453225149
"AAATTCGCAAATGCGT-1","8",2.00088718071864,0,0.649017223424172,0,0,0,0,0,0,0,0,0,0,0,0,0,0,0,0,0,0,0.649017223424172,1.31934697174733,0,1.0393287042165,2.40245316583027,1.0393287042165,0,0,0.649017223424172,0,0,0.649017223424172,0,0,0,0,0,0,0,0,0,0,1.86902219798445
"AAATTCGCATTAGTGA-1","3",3.17244872013182,0,0,0,0,0,0,0,0,0,0,0,0,0,0,0,0,0,0,0,0,0,0,0,0,0,0,0,0,0,0,0,0,0,0,0,0,0,0,0,0,0,0,0
"AAATTGCTCCCATAGA-1","1",2.02990446544196,0,0,0,0,0,0,0,0,0,0,0,0,0,0,0,0,0.470762374572844,0,0,0,0.470762374572844,1.03091977120655,0,0,1.75953162397982,0,0,0.789560799710597,1.22520318036887,0,0,0,0,0.470762374572844,0,0,0,0,0,0,0,0,1.85800435849721
"AACACACCATGAGTTA-1","6",2.35310176226947,1.21773841914851,0,0,0,0,0,0,0,0,0,0,0,0,1.21773841914851,0,0,1.21773841914851,0,0,0,0,0,0,0,1.51936089259007,0,0,0,0,0,0,0,0,0,0,0,0,0,0,0,0,0,2.55704744654248
"AACACATTCAATGTCG-1","3",3.192678577847,0,0,0,0,0,0,0,0,0,0,0,0,0,0,0,0,1.73531514495429,0,0,0,0,0,0,0,0,0,0,0,0,0,0,0,0,0,0,0,0,0,0,0,0,0,0
"AACACCATCGCGCGTA-1","3",3.06066483828297,0,0,0,0,0,0,0,0,0,0,0,0,0,0,0,0,0,0,0,0,0,0,0,0,0,0,0,0,0,0,0,0,0,1.62301497568811,0,0,0,0,0,0,0,0,0
"AACACCGCATAACGAC-1","6",0,0,0,0,0,0,0,0,0,0,0,0,0,0,1.53564386274411,0,0,1.53564386274411,0,0,0,0,0,0,0,2.47930302932646,0,0,0,0,0,0,0,0,0,0,0,0,0,0,0,0,0,3.27752971855997
"AACACCTGTCATGTGT-1","2",1.95460521344319,0,0,0,0,0,0,0,0,0,0,0,0,0,0,0,0,0,0,0,0,1.00494303963087,2.43278055265209,0,0,2.35371862052829,0,0.623730558627824,0,1.49593395849977,0,0,0,0,0,0,0,0,0,0,0,0,0,0
"AACACCTGTTGCAGCC-1","6",0,1.36994481994059,0,0,0,0,0,0,0,0,0,0,0,0,0,0,0,0,0,0,0,0,0,0,0,0,0,0,0,0,0,0,0,1.36994481994059,0,0,0,0,0,0,1.92720298424894,0,0,2.92374212676424
"AACACGAGTTTAGGAG-1","1",2.19499277321431,0,0.76080156737653,0,0,0,0,0,0,0,0,0,0,0,0,0,0,0,0,0,0,1.18783786144947,1.71559154714238,0,0.76080156737653,1.48613350607472,0.76080156737653,0,0.76080156737653,2.42124933322287,0,0,0,0.76080156737653,0,0,0,0,0,0,0,0,0,1.18783786144947
"AACACTTAGGAGTCGA-1","9",0,0,0,0,0,0,0,0,0,0,0,0,0,0,0,0,0,1.6087982194649,0,0,0,0,0,0,0,0,0,0,0,0,0,0,0,0,0,0,0,0,0,0,0,0,0,0
"AACACTTAGGCGTACT-1","9",2.66320820330355,2.03746185594607,2.03746185594607,0,0,0,0,0,0,0,0,0,0,0,0,0,0,0,0,0,0,0,0,0,0,0,0,0,0,0,0,0,0,0,0,0,0,0,0,0,0,0,0,0
"AACAGCTCACTATCTG-1","4",1.79041813703803,0,0,0,0,0,0,0,0,0,0,0,0,0,0,0,0,0,0,0,0,0.441258115918865,0.979823422579291,0,0.441258115918865,1.96027522819815,0,0.441258115918865,0.441258115918865,0.746367454004145,0,0,0,0,0,0,0,0,0,0,0,0,0,2.17079698792851
"AACAGGCGTTGTGACT-1","0",1.52346328132922,0,0,0,0,0,0,0,0,0,0,0,0,0,0,0,0,0,0,0,0,0,1.85350210489353,0,1.02748992809504,1.52346328132922,1.52346328132922,1.02748992809504,1.02748992809504,1.85350210489353,0,0,0,0,0,0,0,0,0,0,0,0,0,0
"AACAGTAAGTGTCCTT-1","10",0,0,0,0,2.10977392952907,0,0,2.10977392952907,2.74037240642779,0,0,0,0,0,0,0,0,0,0,0,0,0,0,2.10977392952907,0,0,0,2.10977392952907,0,0,0,0,0,0,0,0,2.74037240642779,0,0,2.10977392952907,0,0,0,0
"AACAGTAAGTTACAGT-1","1",2.50713460268163,0,0.662246381323502,0,0,0,0,0,0,0,0,0,0,0,0,0,0,0,0,0,0,1.73971457766119,2.02472192465883,0,0,1.55952766214901,0,0.662246381323502,0,2.50713460268163,0,0,0.662246381323502,0,0,0,0,0,0,0,0,0,0,0
"AACATAGAGTAGGCTC-1","0",2.34153986002954,0,0,0,0,0,0,0,0,0,0,0,0,0,0,0,0,0,0,0,0,0.851202545221954,0,0,0,1.30424994222532,0,1.30424994222532,0,0.851202545221954,0,0,0,0,0,1.30424994222532,0,0,0,0,0.851202545221954,0,0,0
"AACATAGAGTTAACGT-1","0",1.54776722184278,0,0,0,0,0,0,0,0,0,0,0,0,1.04748779585471,0,0,0,0,0,0,0,0,1.54776722184278,0,0,2.3275123732149,0,0,0,1.87968538800868,0,0,0,0,0,0,0,0,0,0,0,0,0,0
"AACATCACAACCAGAT-1","1",1.27815292394912,0,0,0,0,0,0,0,0,0,0,0,0,0,0,0,0,0,0,0,0,1.27815292394912,1.49365365488997,0,0,1.67084735247545,1.00308049519881,0,0,2.26523020264454,0,0,0,0,0,0,0.622367461826624,0,0,0,0,0,0,0.622367461826624
"AACATCACATAGGGCC-1","2",1.96462120846385,0,0.342748237333633,0,0,0,0,0.342748237333633,0,0,0,0,0,0,0,0,0,0,0,0,0,0.597532387913118,1.4517337835069,0,0,2.30197577449178,0,0,1.11319548588619,2.02035804652467,0,0,0,0,0,0,0,0,0,0,0,0,0,1.35110703840583
"AACATCCGTAGGTAGC-1","6",0,0,1.47407704551374,0,0,0,0,0,0,0,0,0,0,0,0,0,0,0,0,0,0,0,0,0,0,2.0456270638864,0,0,0,0,0,0,0,0,0,0,0,0,0,0,0,0,0,3.05409646968604
"AACATTCAGAACCTTG-1","1",2.01849510792171,0,0,0,0,0,0,0,0,0,0,0,0,0,0,0,0,0,0,0,0,0.835253251572131,1.45008914089825,0,0,2.17842529744222,1.45008914089825,0,0.835253251572131,2.10165400929083,0,0,0,0,0,0,0,0,0,0,0,0,0,0
"AACATTCAGGTAGGCA-1","13",2.17755756942965,0,0.750386322442686,0,0,0,0,0,0,0,0,0,0,0,0,0,0,0.750386322442686,0,0,0,1.69951114459015,1.69951114459015,0,0,1.47096956626873,0,1.17422552020476,0,0.750386322442686,0,0,0,0,0,0,0,0,0,0,0,0,0,0
"AACATTGCAACGTTAA-1","5",2.31546586854946,0.924896324040134,0,0,0,0,0,0,0,0,0,0,0,0,0,0,0,0,0,0,0,0.924896324040134,1.71646472012716,0,1.39703982962797,1.71646472012716,0,0,0.924896324040134,1.39703982962797,0,0,0,0,0,0,0,0,0,0,0,0,0,0
"AACATTGCATGATTGA-1","8",1.95848007798177,0.625827258742395,0,0,0,0,0,0,0,0,0,0,0,0,0,0,0,1.00780617142931,0,0,0,0,2.07422005308712,0,0,1.28353500369544,1.00780617142931,0.625827258742395,0,2.07422005308712,0,0,0,0,0,0,0,0,0,0,0,0,0,2.43689790589777
"AACCAACCAATAGACC-1","5",1.91009641529294,0,0,0,0,0,0,0,0,0,0,0,0,0,0,0,0,0,0,0,0,1.00288007889339,1.49340822943512,0,0,2.65560549610962,0.765815682190171,0.454492700023057,0,1.35502811814116,0,0,0,0,0,0.454492700023057,0,0,0,0,0,0,0,0
"AACCAACCAATCGTCC-1","4",2.13081183325146,0,0,0,0,0,0,0,0,0,0,0,0,0,0,0,0,0,0,0,0,0.910007115552978,1.09162804922859,0,0,1.78302152141041,0,0,0,1.24527798326642,0,0,0,0,0,0,0,0,0,0,0,0,0,2.34188477754022
"AACCAACCACCTGCAT-1","1",1.72982264031377,0,0,0,0,0,0,0,0,0,0,0,0,0,0,0,0,1.19991260875609,0,0,0,0.57282845518295,2.33013285941581,0,0,1.97216318304985,1.58234991851499,0.934739969572993,0.57282845518295,2.25192649710534,0,0,0,0.57282845518295,0,0,0,0,0,0,0,0,0,1.85831613503407
"AACCAAGGTAAGGTCA-1","0",1.59300264994819,0,0,0,0,0,0,0,0,0,0,0,0,0,0,0,0,0.835586014803782,0,0,0,0,1.59300264994819,0,0,1.28435304846867,0.835586014803782,0,0,1.28435304846867,0,0,0,0,0,0,0,0,0,0,0,0,0,0.835586014803782
"AACCAAGGTGGCTTCA-1","0",2.2072425502065,0,0,0,0,0,0,0,0,0,0,0,0,0,0,0,0,0,0,0,0,1.1061351613311,0,0,0,1.1061351613311,0,0,1.1061351613311,1.61845859216003,0,0,0,0,0,1.1061351613311,0,0,0,0,0,0,1.1061351613311,1.1061351613311
"AACCAAGGTTGTCTGG-1","0",2.17530589162857,0,0,0,0,0,0,0,0,0,0,0,0,0,0,0,0,0,0,0,0,1.08221847889243,0,0,1.58973284135477,1.92478260262944,1.58973284135477,0,0,1.08221847889243,0,0,0,0,0,0,0,0,0,0,0,0,0,0
"AACCACGCAACTAGCG-1","1",2.32484472398328,0,0,0,0,0,0,0,0,0,0,0,0,0,0,0,0,0,0,0,0,1.25730527949211,2.14567426170572,0,0,1.92723881240832,0.609028751368045,0.609028751368045,0.609028751368045,2.60857391353546,0,0,0,0,0,0,0,0,0,0,0.984804902197937,0,0,0.609028751368045
"AACCAGGAGCGGTCTG-1","5",1.61264561366087,0,0,0,0,0,0,0,0,0,0,0,0,0,0,0,0,0,0,0,0,0,1.61264561366087,0,1.61264561366087,1.94934657855389,0,0,1.10128608705251,2.7117915202712,0,0,0,0,0,0,0,0,0,0,0,0,0,1.10128608705251
"AACCATTAGCTTAGTG-1","0",1.81061680097097,0,0,0,0,0,0,0,0,0,0,0,0,0,0,0,0,0,0,0,0,0,0,0,0,1.48375639443779,0,0,0,0,0,0,0,0.995005484324552,0,0,0,0,0,0,0,0,0,0
"AACCATTAGGATTGAA-1","0",2.09052760215083,0,0,0,0,0,0,0,0,0,0,0,0,0,0,0,0,0,0,0,0,0.882873083104735,1.65889626189794,0,0,2.89115126401224,0,0,0.882873083104735,0,0,0,0,0,0,0,0,0,0,0,0,0,0,0
"AACCATTAGGTGAACG-1","1",1.75468712142675,0,0,0,0,0,0,0,0,0,0,0,0,0,0,0,0,0.953154632505979,0,0,0,0,2.19381850698637,0,0.953154632505979,2.35738355364697,0,1.43216574727883,0,2.35738355364697,0,0,0,0,0.953154632505979,0,0,0,0,0,0,0,0,1.998166138517
"AACCCAATCACGGATC-1","6",0,1.43998012138993,0,0,0,0,0,0,0,0,0,0,0,0,0,0,0,1.43998012138993,0,0,0,0,0,0,0,2.36667061299137,0,0,1.43998012138993,0,0,0,0,0,0,0,0,0,0,0,0,0,0,2.83925737038806
"AACCCAATCACGTAAT-1","5",2.73871696353414,0,0,0,0,0,0,0,0,0,0,0,0,0,0,0,0,0,0,0,0,0.958376033535095,2.36506696765009,0,0.958376033535095,1.43862995090073,1.76170839559703,0.958376033535095,0,1.43862995090073,0,0,0,0,0,0,0,0,0,0,0,0,0,0.958376033535095
"AACCCACAGATTCCAG-1","8",1.22143692480524,0,0.786650812772129,0,0,0,0,0.786650812772129,0,0,0,0,0,0,0,0,0,0,0,0,0,1.22143692480524,2.65016123912867,0,0,1.75511566661136,1.22143692480524,0.786650812772129,0.786650812772129,1.22143692480524,0,0,0,0.786650812772129,0,0,0,0,0,0,0,0,0,2.23774831744006
"AACCCACAGCTGGTAC-1","0",1.86254475892968,0,0,0,0,0,0,0,0,0,0,0,0,0,0,0,0,0,0,0,0,1.15563569821089,1.15563569821089,0,1.15563569821089,2.37882253999257,1.67748593555987,0.736216674760138,0,0.736216674760138,0,0,0,0,0,0,0,0,0,0,0,0,0,0
"AACCCACAGGATCATT-1","5",0.78952797749153,0,0,0,0,0,0,0,0,0,0,0,0,0,0,0,0,0,0,0,0,1.22516071812437,1.52759204905123,0,0,2.56676050017749,0,0.78952797749153,1.22516071812437,1.22516071812437,0,0,0,0,0,0,0,0,0,0,0,0,0,1.22516071812437
"AACCCAGCAAATGACC-1","7",1.43744587357584,0,1.14420780650704,0,0,0,0,0,0,0,0,0,0,0,0,0,0,0,0,0,0,0.727537235482121,2.00416002237646,0,0,1.84843627770752,0,1.14420780650704,1.66390826461815,2.62754254002563,0,0,0,0,0,0,0,0,0,0,0,0,0,0
"AACCCAGCAACCGTAG-1","8",2.13736072139409,0,0,0,0,0,0,0,0,0,0,0,0,0,0,0,0,0,0,0,0,0.726653439420001,2.2560365930113,0,0,2.6259557330012,0,0,1.14304237843939,2.00268022424212,0,0,0,0,0.726653439420001,0,0,0,0,0,0,0,0,2.54550194946936
"AACCCAGCACTTGGCT-1","1",1.87697248750416,0,0.479245103873246,0,0,0,0,0,0,0,0,0,0,0,0,0,0,0.479245103873246,0,0,0,1.04541004452987,1.54524692886523,0,0,1.54524692886523,1.54524692886523,0,0.479245103873246,2.38302879483584,0,0.479245103873246,0,0,0.801871437312503,0,0,0,0,0,0,0,0,2.19645913170016
"AACCCTAAGCGGTTAC-1","4",2.26923019478785,0,0.805962496114394,0,0,0,0,0,0,0,0,0,0,0,0,0,0,0.805962496114394,0,0,0,0,0.805962496114394,0,0,0.805962496114394,0.805962496114394,0.805962496114394,0.805962496114394,2.13216468549595,0,0,0,0,0,0,0,0,0,0,0,0,0,0.805962496114394
"AACCGATCATAACGCG-1","0",1.94030827622866,0,1.21916440762306,0,0,0,0,0,0,0,0,0,0,0,0,0,0,0,0,0,0,0,0.784896164904308,0,0,2.35493410078318,0.784896164904308,0,0.784896164904308,0.784896164904308,0,0,0,0,0,0,0,0,0,0,0,0,0,0
"AACCGGGGTTAACCAC-1","4",2.11164900648782,0,0,0,0,0,0,0,0,0,0,0,0,0,0,0,0,0,0,0,0,0.996458296209121,0.617526547808683,0,0.355691974865846,1.2706049247507,0,0.617526547808683,0.617526547808683,1.38383512438194,0,0,0,0,0,0,0,0,0,0,0,0,0,1.66234886396227
"AACCTAACACAGGGCT-1","16",1.52486783772684,0,1.52486783772684,0,0,0,0,0,0,0,0,0,0,0,0,0,0,0,0,0,0,0,0,0,0,0,0,0,0,0,0,0,0,0,0,0,0,0,0,0,0,0,0,0
"AACCTAGTCACCATCT-1","3",2.55540274557796,1.21648329441472,0,0,0,0,0,0,0,0,0,0,0,0,1.21648329441472,0,0,0,0,0,0,0,0,0,0,1.74930312325568,0,0,0,0,0,0,0,0,0,0,0,0,0,0,1.21648329441472,0,0,1.21648329441472
"AACCTAGTCCATGCAA-1","3",2.51789875472167,0,0,0,0,0,0,0,0,0,0,0,0,0,0,0,0,0,0,0,0,0,0,0,0,0,0,0,0,0,0,0,0,0,0,0,0,0,0,0,0,0,0,0
"AACCTAGTCCTCAACT-1","1",2.63402491335231,0,0,0,0,0,0,0,0,0,0,0,0,0,0.565638727909619,0,0,0,0,0,0,0.924712727184823,1.39681081892709,0,0,1.84435249663127,0.565638727909619,0.924712727184823,0.924712727184823,1.56921152186751,0,0,0,0.565638727909619,0,0,0,0,0,0,0,0,0,1.84435249663127
"AACCTAGTCGCTAGGT-1","0",2.3738310356128,0,0,0,0,0,0,0,0,0,0,0,0,0,0,0,0,1.6435731596723,0,0,0,0.871798496991436,0.871798496991436,0,1.33036273056308,2.23508169123344,0,0,0.871798496991436,0,0,0.871798496991436,0,0.871798496991436,0,0,0,0,0,0,0,0,0,0
"AACCTAGTCTCACTAC-1","0",1.83357965133283,0.83900375063452,0.83900375063452,0,0,0,0,0,0,0,0,0,0,0,0,0,0,0,0,0,0,0.83900375063452,1.83357965133283,0,0,2.44343197480468,0.83900375063452,0.83900375063452,0.83900375063452,1.28871485406847,0,0,0,0,0.83900375063452,0,0,0,0,0,0,0,0,0.83900375063452
"AACCTCAAGCCAGACT-1","7",2.24097334932584,0,0.717990923877402,0,0,0,0,0,0,0,0,0,0,0,0,0,0.717990923877402,0,0,0,0,0.717990923877402,1.64889693672996,0,0,1.42333229089971,0,0.717990923877402,0,2.34686879186834,0,0,0,0,0,0,0,0,0,0,0,0,0,1.42333229089971
"AACCTTAGTAGCTGCC-1","10",3.22736271156886,2.57311115383595,0,0,0,0,0,0,0,0,0,0,0,0,0,0,0,0,0,0,2.57311115383595,0,0,0,0,0,0,0,0,2.57311115383595,0,0,0,0,0,0,0,0,0,0,0,0,0,0
"AACGAACAGTAGACCC-1","3",2.93943188320704,0,0,0,0,0,0,0,0,0,0,0,0,0,0,0,0,0,0,0,0,0,0,0,0,1.70042526017336,0,0,0,0,0,0,0,0,0,0,0,0,0,0,0,0,0,0
"AACGAATGTCAGTGCC-1","14",0,1.20034506210263,0,0,0,0,0,0,0,0,0,0,0,0,0,0,0,0,0,0,0,0,0,0,0,0,0,0,0,0,0,0,0,0,0,0,0,0,0,0,0,0,0,0
"AACGAATGTTACACAC-1","4",2.25475351111015,0,0.475921053488226,0,0,0,0,0,0,0,0,0,0,0,0,0,0,0,0,0,0,0,1.53836624197924,0,0,1.39809439957991,0,1.234885191245,0.797052990813503,1.39809439957991,0,0,0,0,0,0,0,0,0,0,0,0,0,1.03974223688989
"AACGACTCACCTATCA-1","1",2.23912953402652,0,0.874437530138451,0,0,0,0,0,0,0,0,0,0,0,0,0,0,0.529900450488512,0,0,0,0.874437530138451,1.33369831236382,0,0,2.65861487043403,1.13020448089701,0.529900450488512,0.874437530138451,1.98634834912174,0,0,0,0,0.874437530138451,0,0,0,0,0,0,0,0,0
"AACGATCCACTAGCCT-1","4",2.09194802980931,0.558151870038051,0.317522394991855,0,0,0,0,0,0,0,0,0,0,0,0,0,0,0.751963121537861,0,0,0,0.751963121537861,1.55544626279892,0,0.558151870038051,1.28537952177856,0,0.914240646234737,0.317522394991855,1.38373109670133,0,0,0,0,0,0,0,0,0,0,0,0,0,0.558151870038051
"AACGATCCAGTTGCCT-1","1",0.837551322909228,0,0,0,0,0,0,0,0,0,0,0,0,0,0,0,0,0.837551322909228,0,0,0,1.28686173014976,1.45319447481608,0,0,1.9312544866859,0.837551322909228,0,0,1.72052418952922,0,0,0,0,0,0,0,0,0,0,0,0,0,1.83143000482246
"AACGATGGTGCACCGT-1","0",1.57744446415553,0,0.740925218747068,0,0,0,0,0,0,0,0,0,0,0,0,0,0,0,0,0,0,0.43756940914165,0.43756940914165,0,0.43756940914165,2.48313475648959,0.973356431920299,1.16182218425684,0.973356431920299,0.973356431920299,0,0,0,0,0,0,0,0,0,0,0,0,0,0
"AACGCCACAGGATAGA-1","8",1.69025567164657,0,0,0,0,0,0,0,0,0,0,0,0,0,0,0,0,0,0,0,0,0,2.16751152407884,0,0,1.87580693365393,0,0,0,1.87580693365393,0,0,0,0,0.744418370370742,0,0,0,0,0,0,0,0,3.03945721225531
"AACGCCACATTAGCGG-1","0",2.24911752858732,0,0,0,0,0,0,0,0,0,0,0,0,0,0,0,0,0.534511235547053,0,0,0,0.880965192598177,1.65626108371605,0,1.13778226927972,2.32101234156703,0.880965192598177,0.534511235547053,0.534511235547053,0.880965192598177,0,0,0,0,0,0,0,0,0,0,0,0,0,0.534511235547053
"AACGCGAAGCTATGTG-1","0",1.15471712073621,0,0,0,0,0,0,0,0,0,0,0,0,0,0,0,0,0.544864797264364,0,0,0,1.36033555427024,1.36033555427024,0,0.544864797264364,1.36033555427024,0,0,0.895577875160523,1.53080071180382,0,0,0,0,0,0.895577875160523,0,0,0,0,0,0.544864797264364,0,0.544864797264364
"AACGCTTGTTTGACGT-1","0",2.78278948102236,0,0,0,0,0,0,0,0,0,0,0,0,0,0,0,0,0,0,0,0,1.6362062807501,0,0,0,2.06594446812855,0,0,0,1.6362062807501,0,0,0,0,0,0,0,0,0,0,0,0,0,1.87398426558057
"AACGGATAGGAGTAAC-1","7",0.63905759167797,0,0,0,0,0,0,0,0,0,0,0,0,0,0,0,0,0,0,0,0,1.02582254807437,1.98277386040942,0,0.63905759167797,2.66864504458856,0,0.63905759167797,1.02582254807437,2.29726543048742,0,0,0,0,0,0,0,0,0,0,0,0,0,0
"AACGGGGCAATCCTGC-1","5",1.85180203188189,0,0.851356447369256,0,0,0,0,0,0,0,0,0,0,0,0,0,0,1.304445605637,0,0,0,0,1.85180203188189,0,0,2.57149737373323,1.304445605637,0,0,2.91542712152596,0,0,0,0,0,0,0,0,0,0,0,0,0,0
"AACGGGGCATGGTGTG-1","5",1.98821963215386,0,0,0,0,0,0,0,0,0,0,0,0,0,0,0,0,1.64898177957307,0,0,0,0,1.131673150929,0,0,1.98821963215386,1.131673150929,0,0,1.98821963215386,0,0,0,0,0,0,0,0,0,0,0,0,0,1.131673150929
"AACGGTGAGGATATAG-1","2",2.28097764984599,0,0,0,0,0,0,0,0,0,0,0,0,0,0,0,0,0,0,0,0,0,2.14371428286693,0,0,2.28097764984599,0,0.813228731552206,1.56140935097951,1.98456587270865,0,0,0,0,0,0,0,0,0,0,0,0,0,0
"AACTCAACACATATAG-1","1",2.27593468710636,0,0,0,0,0,0,0,0,0,0,0,0,0,0,0,0,0,0,0,0,1.58578397972222,1.0789397373695,0,0,2.53760618079688,0,0,0,2.37097201449994,0,0,0,0,0,0,0,0,0,0,0,0,0,0
"AACTCGATCCGCCTGT-1","8",1.07919610703792,0,0,0,0,0,0,0,0,0,0,0,0,0,0,0,0.678620501200876,0,0,0,0,0,2.27628319357676,0,0,2.17125164660508,0,0.678620501200876,0.678620501200876,1.76742976057711,0,0,0,0,1.07919610703792,0,0,0,0,0,0,0,0,2.74517575385622
"AACTCTTCACTTCGGT-1","4",2.04492378805145,0,0,0,0,0,0,0,0,0,0,0,0,0,0,0,0,0,0,0,0,2.20544441365547,2.04492378805145,0,0,1.61683879892166,0,1.30601332154422,0.852589791057396,1.8536155841942,0,0,0,0,0,0,0,0,0,0,0,0,0,0
"AACTGAAAGGGGCATA-1","5",2.0124629186125,0,0,0,0,0,0,0,0,0,0,0,0,0,0,0,0,0,0,0,0,0.831318427601355,1.27890084089049,0,0,2.53900798480032,0,0,0.831318427601355,1.27890084089049,0,0,0,0,0,0,0,0,0,0,0,0,0,0
"AACTGAGGTTGCACTG-1","9",2.81976273962706,0,0,0,0,0,0,0,0,0,0,0,0,0,0,0,0,0,0,0,0,0,0,0,0,0,0,0,0,0,0,0,0,0,0,1.83380048909946,0,0,0,0,0,0,1.83380048909946,0
"AACTGCATCATGCGCG-1","0",2.62615392477935,0,0.825074723602493,0,0,0.825074723602493,0,0,0,0,0,0,0,0,0,0,0,0,0,0,0,1.57818536893,1.27091228700105,0,0,2.00286504198279,0.825074723602493,0,0,1.57818536893,0,0,0,0,0,0,0,0,0,0,0,0,0,0
"AACTGGTCACTCAAGG-1","5",2.08792258067312,0,0,0,0,0,0,0,0,0,0,0,0,0,0,0,0,1.34214776698031,0,0,0,0,2.24937039673295,0,0,2.08792258067312,0.881130747804826,0,0.881130747804826,1.34214776698031,0,0,0,0,0,0,0,0,0,0,0,0,0,1.65648982452361
"AACTTCCTCGACTGAC-1","3",2.61356037049798,0,0,0,0,0,0,0,0,0,0,0,0,0,0,0,0,0,0,0,0,0,1.65170237368734,0,0,0,0,0,0,0,0,0,0,0,0,0,0,0,0,0,0,0,0,0
"AACTTCCTCTGTCAAG-1","0",2.04477059510151,0.41705844666918,0.41705844666918,0,0,0,0,0,0,0,0,0,0,0,0,0,0,0.41705844666918,0,0,0,0.41705844666918,0.937062931316124,0,0.41705844666918,2.22784637883748,0,0.41705844666918,0,0.710487172812518,0,0,0,0,0,0,0,0,0,0,0,0,0,0.41705844666918
"AACTTCTCAACCTGGA-1","2",2.17706214897709,0,0,0,0,0,0,0,0,0,0,0,0,0,0,0,0,0.750091442695871,0,0,0,0,2.04163084950857,0,0.750091442695871,1.17383948784797,0,0,0.750091442695871,1.69905453988824,0,0,0,0.750091442695871,0,0,0,0,0,0,0,0,0,0.750091442695871
"AACTTTGGTTGGAATG-1","13",1.81867545209923,0.709383548401456,0,0,0,0,0,0,0,0,0,0,0,0,0,0,0,0.709383548401456,0,0,0,1.12020272072885,1.12020272072885,0,1.12020272072885,2.22590945984975,0.709383548401456,0,0.709383548401456,1.41055111376809,0,0,0,0,0,0,0,0,0,0,0,0,0,0
"AAGCAAATCCATTCCG-1","0",2.3023279905373,0,0,0,0,0,0,0,0,0,0,0,0,0,0,0,0,0.826517891895458,0,0,0,0.826517891895458,1.2727599991359,0,0,2.00508635684779,0.826517891895458,0,0,0,0,0,0,0.826517891895458,0,0,0,0,0,0,0,0,0,0
"AAGCAAATCGTAGTCA-1","5",2.64860647379511,0,0,0,0,0,0,0,0,0,0,0,0,0,0,0,0,0,0,0,0,0,0,0,0,2.23625392124195,1.22025739809044,1.22025739809044,0.78573996738777,2.64860647379511,0,0,0,0,0.78573996738777,0,0,0,0,0,0,0,0,0
"AAGCAACAGCGGTCAT-1","14",1.14727961026015,1.14727961026015,1.14727961026015,0,0,0,0,1.14727961026015,0,0,0,0,0,0,0,0,0,0,0,0,0,0,0,0,0,0,0,0,0,1.14727961026015,0,0,0,1.14727961026015,0,0,0,0,0,0,0,0,1.14727961026015,0
"AAGCAACAGGGTTAGG-1","5",2.3175942870064,0,0.762627998260509,0,0,0,0,0,0,0,0,0,0,0,0,0,0,0,0,0,0,1.19022047121093,2.06222136969842,0,0,2.52083910760337,0,0.762627998260509,0,0.762627998260509,0,0,0,0.762627998260509,0.762627998260509,0,0,0,0,0,0,0,0,1.48878528643126
"AAGCAATGTAACTTCA-1","2",1.59354919211762,0,0.683246353431943,0,0,0,0,0,0,0,0,0,0,0,0,0,0,0,0,0,0,1.08538928171501,1.77520320877211,0,0,2.06205022892228,0,0,0.683246353431943,2.46667958683367,0,0,0,0,0,0,0,0,0,0,0,0,0,0
"AAGCACCTCATGCACA-1","3",3.00798845080123,0,1.32162752087085,0,0,0,0,0,0,0,0,0,0,0,0,0,0,0,0,0,0,0,0,0,0,0,0,0,0,0,0,0,0,0,0,0,0,0,0,0,0,0,0,1.32162752087085
"AAGCACCTCCAGGGTT-1","6",1.65102120092132,0,0,0,0,0,0,0,0,0,0,0,0,0,0,0,0,0,0,0,0,0,0,0,0,1.65102120092132,0,0,1.65102120092132,0,0,0,0,0,0,0,0,0,0,0,0,0,0,3.94250563302613
"AAGCATTTCAATTGGT-1","2",0,0,0,0,0,0,0,0,0,0,0,0,0,0,0,0,0,0,0,0,0,0,2.69932057657129,0,0,0,0,0,0,0,0,0,0,0,0,0,0,0,0,0,0,0,0,0
"AAGCATTTCATGGCGT-1","0",2.31183970429544,0,1.71316490548617,0,0,0,0,0,0,0,0,0,0,0,0,0,0,0,0,0,0,1.18578151735955,1.18578151735955,0,0,2.82806525852192,0,1.18578151735955,0,1.71316490548617,0,1.18578151735955,1.71316490548617,0,0,0,0,0,0,0,0,0,0,0
"AAGCATTTCCCGTTCA-1","2",2.1453258526463,0.635320212756372,0,0,0,0,0,0.635320212756372,0.635320212756372,0,0,0,0,0,0,0,0,0.367287699272061,0,0,0,1.02074190468261,1.77188760466906,0.846485986690446,0.635320212756372,1.84463001486961,0.367287699272061,0,0,1.91243788906806,0.367287699272061,0,0,0.367287699272061,0,0.367287699272061,0.367287699272061,0,0,0,0,0,0,0
"AAGCATTTCGATATAC-1","7",0.948042393908362,0,0,0,0,0,0,0,0,0,0,0,0,0,0,0,0,0,0,0,0,1.59971722406432,2.86772016453224,0,0,1.87675678004182,0,0,0.582397952282272,2.77360081560662,0,0,0,0,0,0,0.582397952282272,0,0,0,0,0,0,0
"AAGCCAAGTAAGTTGG-1","4",2.6842505139704,0,0,0,0,0,0,0,0,0,0,0,0,0,0,0,0,0,0,0,0,0.520198145513234,1.31625912758294,0,0.520198145513234,1.62809592681577,0.860660441207092,0,1.48428386758496,1.96588765189645,0,0,0,0,0,0,0,0,0,0,0,0,0,2.14076834731671
"AAGCCATCAGGACTGC-1","8",2.17608459815533,0,0,0,0,0,0,0,0,0,0,0,0,0,0,0,0,0,0,0,0,0,1.36848710528404,0,1.36848710528404,1.77195391252616,0.681310979220097,0,0.681310979220097,1.36848710528404,0,0,0,0,0.681310979220097,0,0,0,0,0,0,0,0,1.77195391252616
"AAGCCGCCATTCATCG-1","4",0.995578887030665,0,0,0,0,0,0,0,0,0,0,0,0,0,0,0,0,0,0,0,0,1.34646602397385,0,0,0.450287734623159,1.4844597900907,0.995578887030665,0.995578887030665,0,1.18633436743456,0,0.450287734623159,0,0,0,0,0,0,0,0,0,0,0,1.18633436743456
"AAGCCGGGTTTACTGA-1","8",2.45748970327367,0,1.36391855024826,0,0,0,0,0,0,0,0,0,0,0,0,0,0,0,0,0,0,1.9202965268402,1.36391855024826,0,1.07874754764167,1.76686626716278,1.36391855024826,0.678285741610034,0.678285741610034,2.53733801268595,0,0,0,0,0.678285741610034,0,0,0,0,0,0,0,0,2.611279327675
"AAGCCTATCCGCGTAG-1","4",1.88167424306835,0,0.481361536959658,0,0,0,0,0,0,0,0,0,0,0,0,0,0,1.0490118544365,0,0,0,0.481361536959658,1.0490118544365,0,0.481361536959658,1.78275403619817,0.481361536959658,1.0490118544365,0.481361536959658,2.13052846507731,0,0,0,0,0,0,0,0,0,0,0,0,0,1.78275403619817
"AAGCCTATCGATGGGA-1","3",3.12035391002376,0,0.893483161166492,0,0,0,0,0,0,0,0,0,0,0,0,0,0,0,0,0,0,0,0,0,0,2.10634292624033,0,0,0,0,0,0,0,0,0,0,0,0,0,0,0,0,0,0
"AAGCGGATCCGCACAG-1","6",1.48825403874962,1.48825403874962,0,0,0,0,0,0,0,0,0,0,0,0,0,0,0,0,0,0,0,0,0,0,0,1.48825403874962,0,0,0,1.48825403874962,0,0,0,0,0,0,0,0,0,0,0,0,0,3.34761523299085
"AAGCGGATCTATGTCC-1","0",1.71971756500341,0,0,0,0,0,0,0,0,0,0,0,0.76348348165784,0,0,0,0,1.19133600839301,0,0,0,1.19133600839301,0,0,1.49002660410662,1.90638036627771,1.19133600839301,0.76348348165784,0,1.49002660410662,0,0,0,0,0,0,0,0,0,0,0,0,0,0
"AAGCTAAAGTGATCTG-1","1",2.48937955942366,0,0.801193842111965,0,0,0,0,0,0,0,0,0,0,0,0,0,0,0,0,0,0,1.24022727228528,1.77711912690346,0,0,1.77711912690346,0,0,0,1.54428018710154,0,0,0,0.801193842111965,0,0,0.801193842111965,0,0,0,0,0,0,0
"AAGCTAGGTTAGCGTT-1","2",1.9060634091261,0,0,0,0,0,0,0,0,0,0,0,0,0,0,0,0,0,0,0,0,0.888565608903622,1.35151616336168,0,0,1.35151616336168,0,0,0,1.66674743233091,0,0,0,0,0,0,0,0,0,0,0,0,0,0.888565608903622
"AAGCTAGGTTGCCTGA-1","4",2.00933874053674,0,0,0,0,0,0,0,0,0,0,0,0,0,0,0,0,0,0,0,0,0,1.61670938476558,0,0.591832897673682,2.11211221584911,0,0,0.591832897673682,1.23019417587972,0,0.591832897673682,0,0,0,0,0,0,0,0,0,0,0,0.961109572142192
"AAGCTCGCAAATTACG-1","0",1.4435950843722,0,0,0,0,0,0,0,0,0,0,0,0,0,0,0,0,0.731710126590938,0,0,0,0.731710126590938,1.85522889897453,0,1.4435950843722,2.14598111325755,0,0.731710126590938,0,0,0,0,0,0,0,0,0,0,0,0,0,0,0,0
"AAGCTCGCATAGGGTT-1","4",1.42940569093105,0,0,0,0,0,0,0,0,0,0,0,0,0,0,0,0,0,0,0,0,0.819994168154347,0.491791599506928,0,0,1.99503127638673,0.491791599506928,0.819994168154347,0.491791599506928,0.819994168154347,0,0,0,0,0,0.491791599506928,0,0,0,0,0,0,0,2.1544237254972
"AAGCTCGCATGAAGCT-1","1",0,0,0,0,0,0,0,0,0,0,0,0,0,0,0,0,0,0,0,0,0,0,1.64256384034015,0,1.64256384034015,2.23396433114977,0,2.23396433114977,1.64256384034015,2.23396433114977,0,0,0,0,1.64256384034015,0,0,0,0,0,0,0,0,1.64256384034015
"AAGCTCGCATGAATTG-1","8",1.49376524336728,0,0,0,0,0,0,0,0,0,0,0,0,0,0,0,0,0,0,0,0,1.19469666475939,1.49376524336728,0,0,2.06783285977818,0,1.7236789803146,1.19469666475939,1.49376524336728,0,0,0,0,0,0,0,0,0,0,0,0,0,1.19469666475939
"AAGCTCTGTGAGCGAT-1","0",2.18920566644201,0,0,0,0,0,0,0,0,0,0,0,0,0,0,0,0,0.842150233577543,0,0,0,0,1.292726848036,0,0,2.32722613925722,0,1.60222379245605,0.842150233577543,0.842150233577543,0,0,0,0,0.842150233577543,0,0,0,0,0,0,0,0,0
"AAGCTCTGTTCGCCAA-1","11",3.13965769296352,0,0,0,0,0,0,0,0,0,0,0,0,0,0,0,0,0,0,0,0,0,0,0,0,1.42468916998253,1.42468916998253,0,0,0,0,0,0,0,0,0,0,0,0,0,0,0,0,0
"AAGGAAAGTAGGTGTA-1","2",2.3757678301116,0,0,0,0,0,0,0,0,0,0,0,0,0,0,0,0,0,0,0,0,0,0.965669377314345,0,0,2.21186423599573,0,0,0,1.77149479636336,0,0,0,0,0.965669377314345,0,0,0,0,0,0,0,0,0
"AAGGACTAGATACTCG-1","6",1.50275654657841,2.07795546246933,0,0,0,0,0,0,0,0,0,0,0,0,0,0,0,0,0,0,0,0,0,0,0,0,0,0,0,0,0,0,0,0,0,0,0,0,0,0,1.50275654657841,0,0,3.47959383902442
"AAGGCCAAGGAGTATA-1","5",2.26727021199639,0,0.542954621837058,0,0,0,0,0,0,0,0,0,0,0,0,0,0,0.542954621837058,0,0,0,0,0.892886587957254,0,0,2.10545585495684,1.15160109707519,0,0,1.79966010646022,0,0,0,0.542954621837058,0,0,0,0,0,0,0,0,0,1.35695258176502
"AAGGCCAAGTAAGGTA-1","3",2.87010868073789,0,0,0,0,0,0,0,0,0,0,0,0,0,0,0,0,0,0,0,0,0,0,0,0,0,0,0,0,0,0,0,0,0,0,0,0,0,0,0,0,0,0,0
"AAGGCCAAGTAATTGC-1","2",0.810999666930657,0,0,0,0,0,0,0,0,0,0,0,0,0,0,0,0,0.810999666930657,0,0,0,0,0,0,0,2.14017646531894,0,0,0.810999666930657,1.55824330972396,0,0,0,0,0,0,0,0,0,0,0,0,0,0
"AAGGCCAAGTATCTCC-1","2",1.928759511751,0,0,0,0,0,0,0,0,0,0,0,0,0,0,0,0,0.777577404412528,0,0,0,0,1.20967283031442,0,0.777577404412528,2.22282267223422,0,0,0.777577404412528,2.22282267223422,0,0,0,0,0,0,0.777577404412528,0,0,0,0,0,0,0
"AAGGCTAGTGAGAGGA-1","0",1.4770695603503,0,0.98955815675316,0,0,0,0,0,0,0,0,0,0,0,0,0,0,0,0,0,0,0.98955815675316,1.4770695603503,0,0,2.6755521502553,0.98955815675316,0,0,2.04900585517214,0,0,0,0,0,0,0,0,0,0,0,0,0,0
"AAGGGCATCCGCACGA-1","6",1.46173865480454,0,0,0,0,0,0,0,0,0,0,0,0,0,0,0,0,2.03168215820064,0,0,0,0,0,0,0,3.1861116257505,0,0,0,0,0,0,0,0,0,0,0,0,0,0,0,0,0,3.53030936989726
"AAGGGCCAGGTAGCTC-1","2",2.07629790495007,0,0,0,0,0,0,0,0,0,0,0,0,0,0,0,0,1.09621803373346,0,0,0,0.691352026991195,0.691352026991195,0,0,2.94103489939265,0.691352026991195,1.09621803373346,0,1.09621803373346,0,0,0,0,0.691352026991195,0,0,0,0,0,0,0,0,0.691352026991195
"AAGGGGTCAAAGGGTA-1","0",2.01022006155256,0,0,0,0,0,0,0,0,0,0,0,0,0,0,0,0,0.82985750777271,0,0,0,0,1.82001773905625,0,0,2.30766654891568,0.82985750777271,0,0.82985750777271,1.58493535160432,0,0,0,0,0,0,0,0,0,0,0,0,0,1.58493535160432
"AAGGGGTCACAACGTG-1","8",1.70950987568117,0,0,0,0,0,0,0,0,0,0,0,0,0,0,0,0,0,0,0,0,0.562112883132313,1.18268567195544,0,0,2.3801829594102,0.919784921826075,1.18268567195544,0.919784921826075,1.70950987568117,0,0,0,0.562112883132313,0,0,0,0,0,0,0,0,0,2.05276106140862
"AAGGTATGTCAGGAGT-1","4",1.95215648059801,0,0,0,0,0,0,0,0,0,0,0,0,0,0,0,0,1.00313516924085,0,0,0,1.2782152125176,1.2782152125176,0,0,1.49372060561676,0,1.00313516924085,1.00313516924085,0.622407465137944,0,0,0,0,0,0,0,0,0,0,0,0,0,1.00313516924085
"AAGGTCAGTGCATCAT-1","0",2.71542339121582,0,0,0,0,0,0,0,0,0,0,0,0,0,0,0,0,0,0,0,0,0,0.943084402260131,0,0.943084402260131,1.74110962772978,1.41967576081583,0.943084402260131,0.943084402260131,1.41967576081583,0,0,0,0,0,0,0,0,0,0,0,0,0,0
"AAGGTTAAGCGGAGTA-1","2",2.09965141229548,0,0,0,0,0,0,0,0,0,0,0,0,0,0,0,0,1.22017324390309,0,0,0,0.785674991818561,1.52206179063153,0,0,1.94153437289508,0,0,1.52206179063153,2.09965141229548,0,0,0,0,0.785674991818561,0,0,0,0,0,0,0,0,3.2139736665314
"AAGTAACGTGGAAGCT-1","0",1.49198218364805,0,0,0,0,0,0,0,0,0,0,0,0,0,0,0,0,1.0017157375272,0,0,0,0,0,0,1.81951228398675,2.26329821638392,0,0,0,0,0,0,0,0,0,0,0,0,0,0,0,0,0,0
"AAGTAACGTTGCCTTC-1","1",2.43222783387641,0,0,0,0,0,0,0,0,0,0,0,0,0,0,0,0,0,0,0,0,1.43392751861023,1.22270354457535,0,0,1.75660110621455,1.22270354457535,0,0.954577043621781,2.19587460599572,0,0,0,0,0,0,0,0,0,0,0,0,0,0
"AAGTAAGTCAGCCCGA-1","10",0,0,0,0,0,0,0,2.6794951945045,0,0,0,0,0,0,0,0,0,2.05269531133651,0,0,0,0,0,2.05269531133651,0,0,0,0,0,0,0,0,0,0,0,0,0,0,0,0,0,0,0,0
"AAGTACCCAAACCAAC-1","1",1.8358648938103,0,0,0,0,0,0,0,0,0,0,0,0,0,0,0,0,0,0,0,0,0,0.630434118049067,0,0.630434118049067,1.8358648938103,0.630434118049067,0.630434118049067,0.630434118049067,2.18670642699221,0,0,0,0,0,0,0,0,0,0,0,0,0,0
"AAGTACGGTCTAAGTC-1","5",0.737579971308677,0,0.737579971308677,0,0,0,0,0,0,0,0,0,0,0,0,0,0,0,0,0,0,0,1.86475387505467,0,0,2.72006457184987,1.45222447653855,0,0,1.15742785422194,0,0,0,0,0,0,0.737579971308677,0,0,0,0,0,0,0
"AAGTACGGTGCGAGTG-1","8",2.2412818067391,0,0,0,0,0,0,0,0,0,0,0,0,0,0,0,0,1.22422738349693,0,0,0,0,1.52655736826815,0,0.788806613838527,2.10469630733118,0,0,0.788806613838527,1.52655736826815,0,0,0,0,0,0,0,0,0,0,0,0,0,1.22422738349693
"AAGTACGGTTCGTGTG-1","1",2.0534846817944,0,0,0,0,0,0,0,0,0,0,0,0,0,0,0,0,0,0,0,0,1.18326149703444,1.18326149703444,0,0,2.30856941616574,1.18326149703444,0,0,2.30856941616574,0,0,0,0,0,0,0,0,0,0,0,0,0,1.18326149703444
"AAGTATGAGCCCGTAG-1","4",2.12224393426947,0,0,0,0,0,0,0,0,0,0,0,0,0,0,0,0,0.717829549400285,0,0,0,0,1.13138856328319,0,0,1.4230931537081,0,0.717829549400285,0,1.64864247193383,0,0,0,0,0,0,0,0,0,0,0,0,0,2.24069181713327
"AAGTCAAAGGAGGCTA-1","12",3.34960260094473,2.063420415282,0,0,0,0,0,0,0,0,0,0,0,2.063420415282,0,0,0,0,0,0,0,0,2.063420415282,0,0,0,0,0,0,0,0,0,2.063420415282,2.063420415282,0,0,0,0,0,0,0,0,0,0
"AAGTCAAAGTTACCTC-1","0",1.36890583227031,0,0.549716539741545,0,0,0,0,0,0,0,0,0,0,0,0,0,0,0.549716539741545,0,0,0,1.16261483414538,1.81308584581587,0,0,2.11957743586179,0.902404181814329,0,0.549716539741545,1.16261483414538,0,0,0,0.549716539741545,0,0,0,0,0,0,0,0,0,0.549716539741545
"AAGTCACCATGGTGCA-1","2",1.95887863051897,0,0,0,0,0,0,0,0,0,0,0,0,0,0,0,0,0,0,0,0,0,2.31619760467783,0,0.700732551949202,1.80436997681998,0,0,1.10871338465461,0.700732551949202,0,0,0,0,0,0,0,0,0,0,0,0,0,0.700732551949202
"AAGTCAGGTGAGACTA-1","2",1.88764684472623,0,0.875865595178959,0,0,0,0,0,0,0,0,0,0,0,0,0,0,0,0,0,0,0.875865595178959,2.50206044378575,0,0.875865595178959,1.64920807911044,0,0,0,2.38016340048982,0,0,0,0,0,0,0,0,0,0,0,0,0,0
"AAGTCGCTCACAGCCG-1","5",2.58306108883745,0,0,0,0,0,0,0,0,0,0,0,0,0,0,0,0,0,0,0,0,1.05872989881203,0,0,0,2.88727619370548,1.34131294687092,0.663385496024034,0,2.02676250680883,0,0,0,0,0,0,0,0,0,0,0,0,0,0.663385496024034
"AAGTCGCTCGAAGGGC-1","16",1.80031039905265,0,0,0,0,0,0.698286507637474,0,0,0,0,0,0,0,0,0,0,0,0,0,0,0.698286507637474,1.95470431999744,0,0,1.80031039905265,0,0,1.10545887199763,1.80031039905265,0,0,0,0,0,0,0,0,0,0,0,0,0,0
"AAGTCGCTCTGGTCGG-1","9",3.42268466015479,0,0,0,0,0,0,0,0,0,0,0,0,0,0,0,0,2.76164132294457,0,0,0,0,0,0,0,0,0,0,2.12976605709338,0,0,0,0,2.12976605709338,0,0,0,0,0,0,0,0,0,0
"AAGTGCCTCCGGTAGT-1","5",2.11895440531498,0,0,0,0,0,0,0,0,0,0,0,0,0,0,0,0,0.797689690275191,0,0,0,1.23570701022405,1.77183235285563,0,0,2.37613675436323,0.797689690275191,0,0.797689690275191,1.77183235285563,0,0,0,0,0,0,0,0,0,0,0,0,0,0
"AAGTGGACATGGTCGA-1","8",1.47641779932178,0,0,0,0,0,0,0,0,0,0,0,0,0,0,0,0,0,0,0,0,0.754122708611877,1.47641779932178,0,0,2.5940004783951,0.754122708611877,0,0.754122708611877,2.04827007539043,0,0,0,0,0,0,0,0,0,0,0,0,0,1.17911384895845
"AAGTGGGTCCCCAATT-1","1",1.9112410522889,0,0.673069885240599,0,0,0,0,0,0,0,0,0,0,0,0,0,0,0,0,0,0,2.04403723563869,1.75806981142083,0,0,1.3560252048506,0,0,0.673069885240599,3.17996449346543,0,0,0,0.673069885240599,0,0,0,0,0,0,0,0,0,0.673069885240599
"AAGTGGGTCGTGAACC-1","4",1.74773507627559,0,0,0,0,0,0,0,0,0,0,0,0,0,0,0,0,0,0,0,0,0.94799398897928,0.94799398897928,0,0,1.42576883837877,0,0,1.74773507627559,0.94799398897928,0,0,0,0,0,0,0,0,0,0,0,0,0,0
"AAGTGTCCAAATCGCG-1","0",2.00973497598728,0,0,0,0,0,0,1.14860169653534,0,0,0,0,0,0,0,0,0,0,0,0,0,0,2.00973497598728,0,0,2.77735603961963,0,1.14860169653534,0,1.14860169653534,0,0,0,0,0,0,0,0,0,0,0,0,0,1.14860169653534
"AAGTGTCCAAGGTCCA-1","0",1.59045807005212,0,0.501380731201245,0,0,0,0,0,0,0,0,0,0,0,0,0,0,0,0,0,0,0.833777688145534,1.28204354496308,0,0.833777688145534,2.31391961141852,0,0,0.501380731201245,1.28204354496308,0,0,0,0,0,0,0,0,0,0,0,0,0,0
"AAGTTCCGTTAGTAGG-1","2",2.37053207197278,0,0,0,0,0,0,0,0,0,0,0,0,0,0,0,0,0,0,0,0,0.678190158972998,1.58539810438009,0,0,1.36377409133926,0,0,1.36377409133926,1.76670535136463,0,0,0,0,1.58539810438009,0,0,0,0,0,0,0,0,0.678190158972998
"AAGTTGAAGCGGGATA-1","1",1.94831399636671,0,0.789987749819063,0,0,0,0,0,0,0,0,0,0,0,0,0,0,0.471056023539663,0,0,0,1.38839804333823,1.22575549025645,0,0,1.85866432196731,0.789987749819063,0.471056023539663,0.471056023539663,2.24321569989549,0,0,0,0,0,0,0,0,0,0,0,0,0,0
"AAGTTGAAGGGGCTAA-1","2",1.64751267247833,0,0,0,0,0,0,0,0,0,0,0,0,0,0,0,0,0,0,0,0,0,0.874641236301441,0,0.874641236301441,1.3339556883869,0,0,0.874641236301441,2.50013334565523,0,0,0,0,0,0,0,0,0,0,0,0,0,0
"AAGTTTCAGGCTCCAG-1","0",2.39054146660709,0,0.806442653022431,0,0,0,0,0,0,0,0,0,0,0,0,0,0,0,0,0,0,1.551761513181,0.806442653022431,0,0,2.13292941938726,0,0,0.806442653022431,0.806442653022431,0,0,0,0,0,0,0,0,0,0,0,0,0,0
"AATACGAAGGAATGAC-1","3",2.70494460854406,0,0,0,0,0,0,0,0,0,0,0,0,0,0,0,0,1.73186132764699,0,0,0,0,0,0,0,0,0,1.73186132764699,0,0,0,0,0,0,0,0,0,0,0,0,0,0,0,0
"AATACGCCATCCCATA-1","5",1.85632161574806,0,0.732382432476165,0,0,0,0,0,0,0,0,0,0,0,0,0,0,0,0,0,0,0.732382432476165,1.15059116719208,0,0.732382432476165,2.14712491951227,0,0,0,2.01225704905588,0,0,0,0,0,0,0,0,0,0,0,0,0,0.732382432476165
"AATACGCCATGGTCTC-1","3",2.77268247722058,0,0,0,0,0,0,0,0,0,0,0,0,0,0,0,0,0,0,0,0,1.38636936580772,0,0,0,2.56504167012459,0,0,0,0,0,0,0,0,0,0,0,0,0,0,0,0,0,0
"AATACGGGTGCGTGGA-1","10",0,0,0,2.84077481675679,0,0,0,0,0,0,0,0,0,0,0,0,0,0,0,0,0,0,0,0,0,0,0,0,0,0,0,0,0,0,0,0,0,0,0,0,0,0,0,0
"AATACGGGTTGAGCAA-1","0",2.29507256350065,0,0,0,0,0,0,0,0,0,0,0,0,0,0,0,0,0,0,0,0,1.80830340247582,0.821989860218762,0,0.821989860218762,0.821989860218762,0,0.821989860218762,0,1.26696017405084,0,0,0,0,0,0,0,0,0,0,0,0,0,0
"AATACGGGTTGTGAGA-1","5",1.95058755474908,0,0,0,0,0,0,0,0,0,0,0,0,0,0,0,0,0,0,0,0,0,0,0,0,3.12316402002179,1.22762900093811,0,1.53032784564889,0.791436421535328,0,0,0,0,0,0,0,0,0,0,0,0,0,1.22762900093811
"AATACGTTCCGTGAGT-1","0",1.76130909570463,0,0.958078840532682,0,0,0,0,0,0,0,0,0,0,0,0,0,0,0,0,0,0,0,0,0,0,2.00508635684779,0,0,0,1.43826223512538,0,0,0,0,0,0,0,0,0,0,0,0,1.43826223512538,0
"AATACGTTCGTGATTG-1","7",1.89987343908586,0,1.06299067496005,0,0,0,0,0,0,0,0,0,0,0,0,0,0,0,0,0,0,1.5665371369271,1.5665371369271,0,1.06299067496005,1.89987343908586,0,0,1.06299067496005,3.16716953117209,0,0,0,0,0,0,0,0,0,0,0,0,0,1.06299067496005
"AATATGCTCTCATCTA-1","2",2.48561912914037,0,0,0,0,0,0,0,0,0,0,0,0,0,0,0,0,0,0,0,0,0.613460776015945,2.48561912914037,0,0.613460776015945,1.65518703230929,0,0,0.613460776015945,2.05084837941746,0,0,0,0,0,0,0,0,0,0,0,0,0,0
"AATATGGAGCCCTGCT-1","2",2.47420731390411,0,0,0,0,0,0,0,0,0,0,0,0,0,0,0,0,0,0,0,0,0.607769114349757,1.46909957247757,0,1.25532840337116,1.92487783854226,0,0.607769114349757,1.25532840337116,1.92487783854226,0,0,0,0,0,0,0,0,0,0,0,0,0,0
"AATATGGAGCCGCGTA-1","6",1.46326769867346,2.0334115090634,0,0,0,0,0,0,0,0,0,0,0,0,0,0,0,0,0,0,0,0,0,0,0,1.46326769867346,0,1.46326769867346,0,0,0,0,0,0,0,1.46326769867346,0,0,0,0,0,0,0,3.18801950126289
"AATATGGAGGATCCAC-1","6",0,2.20257576067408,0,0,0,0,0,0,0,0,0,0,0,0,0,0,0,2.5705057847839,0,0,0,0,0,0,0,0,0,0,0,0,0,0,0,0,0,0,0,1.61425526418314,0,0,0,0,0,3.05025475493917
"AATATGGAGGCAATCC-1","9",4.483551984464,0,0,0,0,0,0,0,0,0,0,0,0,0,0,0,0,0,0,0,0,0,0,0,0,0,0,0,0,2.37282232612858,0,0,0,0,0,0,0,0,0,0,0,0,0,0
"AATCAGCCAACTTAGA-1","11",0,0,0,0,0,0,0,0,0,0,0,0,0,0,0,0,0,1.13224280090589,0,0,0,0,0,0,0,1.64966090504858,0,0,1.13224280090589,0,0,0,0,0,0,0,0,0,0,0,0,0,0,1.64966090504858
"AATCATCAGTAATGGA-1","2",2.30918160180076,0,0,0,0,0,0,0,0,0,0,0,0,0,0,0,0,0,0,0,0,0,0.645331156449197,0,0.645331156449197,1.71074671329099,0,0.645331156449197,1.31368467318868,1.71074671329099,0,0,0,0,0,0,0,0,0,0,0,0,0,0
"AATCCCAAGGTATGGG-1","6",0,1.53023331405927,0,0,0,0,0,0,0,0,0,0,2.47298278394242,0,0,0,0,1.53023331405927,0,0,0,0,0,0,0,0,0,0,0,0,0,0,0,0,0,0,0,0,0,0,0,0,0,2.47298278394242
"AATCGAGGTAACGTGA-1","0",2.06402063486034,0,0,0,0,0,0,0,1.19165516190869,0,0,0,0,0,0,0,0,0,0,0,0,1.72009387349833,0,0,0,2.52273471258535,1.19165516190869,0,1.19165516190869,1.72009387349833,0,0,0,0,0,0,1.19165516190869,0,0,0,0,0,0,1.19165516190869
"AATCGCATCCTCACAT-1","5",2.38373073002972,0,0,0,0,0,0,0,0,0,0,0,0,0,0,0,0,0,0,0,0,1.33840041969542,0.878160844088953,0,2.08347698886162,2.71235409996139,0.878160844088953,0.878160844088953,0,1.33840041969542,0,0,0,0,0,0,0,0,0,0,0,0,0,0
"AATCGCGCAACCAGGC-1","6",2.04504095614654,1.47355806158956,0,0,0,0,0,0,0,0,0,0,0,0,0,0,0,0,0,0,0,0,0,0,0,1.47355806158956,0,0,0,0,0,0,0,0,0,0,0,0,0,0,0,0,0,2.40642358959547
"AATCGGTCATGGTGTG-1","3",1.22253449173306,0,0,0,0,0,0,0,0,0,0,0,0,0,0,0,0,0,0,0,0,1.22253449173306,1.75640286678226,0,0,3.11626932633739,0,0,0,2.10259031237107,0,0,0,0,0,0,0,0,0,0,0,0,0,0
"AATCGTTAGTAGGATA-1","0",1.63371312391858,0,0,0,0,0,0,0,0,0,0,0,0,0,0,0,0,1.11888233378573,0,0,0,1.11888233378573,2.42543554883253,0,0,1.63371312391858,1.11888233378573,0,0,2.42543554883253,0,0,0,0,1.63371312391858,0,0,0,0,0,0,0,0,0
"AATCTGGTCCACCTCA-1","0",1.07288990402829,0,0,0,0,0,0,0,0,0,0,0,0,0,0,0,0,0,0,0,0,0,1.57849069006914,0,0,1.57849069006914,0,0,0,0,0,0,0,0,0,0,0,0,0,0,0,0,0,0
"AATCTGGTCCAGGTAC-1","0",2.33294731514868,0,0,0,0,0,0,0,0,0,0,0,0,0,0,0,0,0,0,0,0,1.50198731548583,0.458542835394734,0,0,2.00140452483314,0.771743374280802,0.771743374280802,0.458542835394734,0.458542835394734,0,0,0,0.458542835394734,0,0,0,0,0,0,0,0,0,0
"AATCTGGTCTATGAAC-1","0",1.5196862599949,0,0,0,0,0,0,0,0,0,0,0,0,0,0,0,0,0,0,0,0,1.30239446507895,1.02438986153742,0,0,1.98084754361854,1.30239446507895,0.638003183063265,0.638003183063265,1.02438986153742,0,0,0,0,0,0,0,0,0,0,0,0,0,0
"AATGACAAGCCAGATC-1","1",2.38486642543793,0,0,0,0,0,0,0,0,0,0,0,0,0,0,0,0,0,0,0,0,0,2.48097413751812,0,0.739692088845284,2.56864963920439,0.739692088845284,0,0,2.38486642543793,0,0,0,0,0,0,0,0,0,0,0,0,0,1.45532374161544
"AATGACCCAGGTTCCT-1","1",1.43071153968444,0,0,0,0,0,0,0,0,0,0,0,0,0,0,0,0,0.951980904669564,0,0,0,2.19212089799649,1.43071153968444,0,0,0,0.951980904669564,0,0.951980904669564,1.99651460118209,0,0,0,0,0,0,0,0,0,0,0,0,0,1.7531070535726
"AATGAGGCAAATCGTA-1","0",2.16346022142362,0,0,0,0,0,0,0,0,0,0,0,0,0,0,0,0,0,0,0,0,1.07339649984047,0,0,0,1.91337150028901,1.07339649984047,1.07339649984047,1.07339649984047,1.07339649984047,0,0,0,0,0,0,0,0,0,0,0,0,0,0
"AATGAGGCAATCAGAC-1","3",3.11994003284882,1.85805510374601,0,0,0,0,0,0,0,0,0,0,0,0,0,0,0,0,0,0,0,0,0,0,0,0,0,1.85805510374601,0,0,0,0,0,0,0,0,0,0,0,0,0,0,0,0
"AATGAGGCACTTCACA-1","1",1.76084353078374,0,0,0,0,0,0,0,0,0,0,0,0,0,0,0,0,0,0,0,0,1.43783351046931,1.61232414870373,0,0,1.76084353078374,0,0.589391157825558,0.957732365771288,1.76084353078374,0,0,0,0,0.957732365771288,0,0,0,0,0,0,0,0,1.61232414870373
"AATGATGAGCTACCAA-1","1",1.47981436173691,0.756455297842595,0,0,0,0,0,0,0,0,0,0,0,0,0,0,0.756455297842595,0,0,0,0,0.756455297842595,0.756455297842595,0,0,2.41380358675191,0,0,0.756455297842595,1.70889228297558,0,0,0,0.756455297842595,0,0,0,0,0,0,0,0,0,1.47981436173691
"AATGATGAGGGCTTCG-1","8",1.77950424513786,0,0,0,0,0,0,0,0,0,0,0,0,0,0,0,0,0,0,0,0,0,2.22045585024495,0,0,0.971651944042461,0,0,0,2.0240904451902,0,0,0,0,1.455029904926,0,0,0,0,0,0,0,0,1.77950424513786
"AATGCACCAATTCGCC-1","1",1.40337188939668,0,1.40337188939668,0,0,0,0,0,0,0,0,0,0,0,0,0,0,0.92997600618871,0,0,0,1.40337188939668,1.40337188939668,0,0,1.96540368982867,0.92997600618871,0.92997600618871,0,2.1601273305011,0,0,0,0,0,0,0,0,0,0,0,0,0,1.7233637582334
"AATGCACCATCAATTC-1","0",1.99514105315644,0,0,0,0,0,0,0,0,0,0,0,0,0,0,0,0,1.26449277906455,0,0,0,0.820065266742025,1.26449277906455,0,0,1.99514105315644,0.820065266742025,0,1.26449277906455,0.820065266742025,0,0,0,0.820065266742025,0.820065266742025,0,0,0,0,0,0,0,0,0.820065266742025
"AATGCAGGTTGCCTTC-1","16",0,2.04533395431863,0,0,0,0,0,2.04533395431863,0,0,0,0,0,0,0,0,0,0,0,0,0,0,0,0,0,1.47381749987807,0,0,0,0,0,0,0,0,0,0,0,0,0,0,0,0,0,0
"AATGCCTGTCATTACA-1","1",2.04070091223483,0,0,0,0,0,0,0,0,0,0,0,0,0,0,0,0,0,0,0,0,0,1.75489806496966,0,0,2.15785675390056,0,0.671193782093091,0,1.35318084584017,0,0,0,0,0,0,0,0,0,0,0,0,0,0.671193782093091
"AATGCCTGTGATTCCG-1","1",2.14081651995078,0,0,0,0,0,0,0,0,0,0,0,0,0,0,0,0,0.916801035515889,0,0,0,1.1792437851278,1.70544389629534,0,0,2.30335045083618,0,0.916801035515889,0.559980317107153,2.30335045083618,0,0,0.559980317107153,0.559980317107153,0,0,0,0,0,0,0,0,0,1.70544389629534
"AATGCCTGTTAGCCTG-1","0",2.44752163191848,0,0,0,0,0,0,0,0,0,0,0,0,0,0,0,0,0.919694195846523,0,0,0,0,1.39054688422801,0,0,0.919694195846523,0,0,0,0,0,0,0,0,0,0,0,0,0,0,0,0,0,1.70938631313152
"AATGCGAGTTAGCCTG-1","12",3.6482262940519,0,0,0,0,0,0,0,0,0,0,0,0,0,0,0,0,0,0,0,0,0,0,0,0,0,0,0,0,0,0,0,2.60037797328632,0,0,0,0,0,0,0,0,0,0,0
"AATGCGAGTTGAGGAC-1","0",1.83689930522053,0,0,0,0,0,0,0,0,0,0,0,0,0,0,0,0,0,0,0,0,0,1.29157767271088,0,0,1.83689930522053,0,0.841248692602751,0.841248692602751,0.841248692602751,0,0,0,0.841248692602751,0,0,0,0,0,0,0,0,0,0
"AATGCGGAGGTTCAGC-1","7",2.60991230711224,0,1.0295101440722,0,0,0,0,0,0,0,0,0,0,0,0,0,0,0,0,0,0,1.52592327378228,1.0295101440722,0,0.641773370302437,1.98772765000279,0,1.0295101440722,1.0295101440722,2.20812310911535,0,0,0,0,0,0,0,0,0,0,0,0,0,0
"AATGGATGTGGAAGGA-1","0",1.69653343596746,0.910273257134524,0.910273257134524,0,0,0,0,0,0,0,0,0,0,0,0,0,0,0.910273257134524,0,0,0,1.3787668428104,0,0,0.910273257134524,1.3787668428104,0,0.910273257134524,0.910273257134524,0,0,0,0,0,0,0,0,0,0,0,0,0,0,0.910273257134524
"AATGGCAGTCAATTCA-1","3",0,0,0,0,0,0,0,0,0,0,0,0,0,0,1.59833109456711,0,0,0,0,0,0,0,0,0,0,1.59833109456711,0,0,0,0,0,0,0,0,0,0,0,0,0,0,0,0,0,0
"AATGGCAGTCTGGTCA-1","0",1.36601716868074,0,0,0,0,0,0,0,0,0,0,0,0,0,0,0,0,0,0,0,0,1.36601716868074,0,0,0,2.74717732949102,0,0,0,0,0,0,0,0,0,0,0,0,0,0,0,0,0,0
"AATGGCCTCATCGACA-1","1",1.61667703513962,0,0,0,0,0,0,0,0,0,0,0,0,0,0,0,0,0,0,0,0,0.697677769734208,0,0,0,2.20526482165478,0.697677769734208,0.697677769734208,0,1.79929908775394,0,0,0,0,0,0,0,0,0,0,0,0,0,1.61667703513962
"AATGGCCTCTAGTCGA-1","4",1.48832042028196,0,0,0,0,0,0,0,0,0,0,0,0,0,0,0,0,0.998727369045716,0,0,0,0,0.619184298428242,0,0,1.94617958520058,0.619184298428242,0.619184298428242,0,0.998727369045716,0,0,0,0,0,0,0,0,0,0,0,0,0,2.16524198400624
"AATGGCGAGGTGAGTG-1","1",1.59607956492615,0,0,0,0,0,0,0,0,0,0,0,0,0,0,0,0,0,0,0,0,0,0.504168755527188,0,0.504168755527188,2.38270142786086,0.504168755527188,0,0,2.64703787547515,0,0,0,0,0,0,0,0,0,0,0,0,0,0.837774427002117
"AATGGCTCAATTCGCC-1","5",1.78967916891468,0,0,0,0,0,0,0,0,0,0,0,0,0,0,0,0,0,0,0,0,0.979269433634479,1.46441694531562,0,0.979269433634479,1.46441694531562,0,0,0,0.979269433634479,0,0,0,0,0,0,0,0,0,0,0,0,0,0.979269433634479
"AATGGCTCACCTATAT-1","0",1.85623049348733,0,0.732326357711891,0,0,0,0,0,0,0,0,0,0,0,0,0,0,0,0,0,0,0.732326357711891,1.15051734693389,0,0,1.6714083440343,0,0,1.15051734693389,0,0,0,0,0,0,0,0,0,0,0,0,0,0,0
"AATGGGCGTCAACCCA-1","1",2.0096883493788,0,0,0,0,0,0,0,0,0,0,0,0,0,0,0,0,0,0,0,0,0,0.96135890776752,0,0,2.84214273491691,0.96135890776752,0,0,1.76571384459933,0,0,0,0,0,0,0,0,0,0,0,0,0,0
"AATGGGCGTGACTCGC-1","0",1.78491737000986,0,1.24690118287777,0,0,0,0,0,0,0,0,0,0,0,0,0,0,1.24690118287777,0,0,0,0,0,0,0,3.25019764061101,0,1.24690118287777,0,1.24690118287777,0,0,0,1.24690118287777,0,0,0,0,0,0,0,0,0,0
"AATGGGGTCACGTGCG-1","0",1.92534943558228,0,0,0,0,0,0,0,0,0,0,0,0,0,0,0,0,0,0,0,0,1.20687393405714,0.775422273130623,0,0,2.21926460439077,0,0,0.775422273130623,0,0,0,0,0,0,0,0,0,0,0,0,0,0,0
"AATGGGGTCCTGTAAG-1","5",2.0502337158621,0,0,0,0,0,0,0,0,0,0,0,0,0,0,0,0,0.755317023607327,0,0,0,0.755317023607327,2.59608626164163,0,0,0,0,0,0.755317023607327,0,0,0,0,0,0,0,0,0,0,0,0,0,0,0.755317023607327
"AATGGGGTCTAGCTGA-1","2",2.33790783868944,0,0.288383791692645,0,0,0,0,0,0,0,0,0,0.511948138316187,0,0,0,0,0.511948138316187,0,0,0,0.288383791692645,0.848901067143419,0,0,1.54264878820785,0.511948138316187,0.288383791692645,0.288383791692645,1.10048244684075,0,0,0,0.511948138316187,0.288383791692645,0,0.511948138316187,0,0,0,0.288383791692645,0,0,1.94831399636671
"AATGGGTAGGTGCTCG-1","3",2.4890417349358,0,1.87561978493154,0,0,0,0,0,0,0,0,0,0,0,0,0,0,0,0,0,0,0,0,0,0,1.87561978493154,0,0,0,0,0,0,1.87561978493154,0,0,0,0,0,0,0,0,0,0,0
"AATGGTAAGCGATGTC-1","0",1.09357115302542,0,1.09357115302542,0,0,0,0,0,0,0,0,0,0,0,0,0,0,0,0,0,0,0,1.60338549290705,0,0,2.8260890374824,0,0,0,1.60338549290705,0,0,0,0,0,0,0,0,0,0,0,0,0,1.09357115302542
"AATGTGAAGCGATACC-1","0",2.14913056972552,0.73356207772201,0,0,0,0,0,0.73356207772201,0,0,0,0,0,0,0,0,0,0,0,0,0,0.73356207772201,0.73356207772201,0,0,1.67334027109869,0.73356207772201,0,1.15214382108101,2.14913056972552,0,0,0,0,0,0,0,0,0,0,0,0,0,0.73356207772201
"AATGTGAAGGGTTGAG-1","0",0,0,0.862436431884645,0,0,0,0,0,0,0,0,0,0,0,0,0,0,0,0,0,0,0,0,0,0,2.3591995913519,0.862436431884645,0.862436431884645,0,0,0,0,0,0,1.31851079040145,0,0,0,0,0,0,0,0,0
"AATGTGTTCTCATGCT-1","0",0,0,0,0,0,0,0,0,0,0,0,0,0,0,0,0,0,0,0,0,0,0,0,0,0.922515633369867,1.71322702129911,0.922515633369867,0.922515633369867,1.39406945218458,0.922515633369867,0,0,0,0,0,0,0,0,0,0,0,0,0,0
"AATGTTGCATCCTTGA-1","5",2.85691164073452,0,0,0,0,0,0,0,0,0,0,0,0,0,0,0,0,0,0,0,0,1.07511013279178,0.675572549120116,0,0,1.76229444375589,1.07511013279178,0,0.675572549120116,2.67499031210922,0,0,0,0,0,0,0,0,0,0,0,0,0,0.675572549120116
"AATTCAGCAAGTTAGC-1","0",2.17161310135013,0,0,0,0,0,0,0,0,0,0,0,0,0,0,0,0,0.93785051577029,0,0,0,0,1.97656942091212,0,0,1.73403396491283,0.93785051577029,0,0,0.93785051577029,0,0,0,0,0,0,0,0,0,0,0,0,0,0
"AATTCAGCAATCGAAC-1","0",1.34486917677171,0,0,0,0,0,0,0,0,0,0,0,0,0,0,0,0,0,0,0,0,1.89842446852378,1.89842446852378,0,0.883289006162438,1.34486917677171,0.883289006162438,0.883289006162438,0.883289006162438,0.883289006162438,0,0,0,0,0,0,0.883289006162438,0,0,0,0,0,0,0.883289006162438
"AATTCAGCATCCATAT-1","7",1.8042993016309,0,0,0,0,0,0,0,0,0,0,0,0,0,0,0,0,0,0,0,0,0.612995198100752,0.990248838423203,0,0,2.04996341886698,0,1.26352099495019,0.612995198100752,1.8042993016309,0,0,0,0,0,0,0,0,0,0,0,0,0,1.26352099495019
"AATTCCTCAATTCGTT-1","11",0,0,0,0,0,0,0,0,0,0,0,0,0,0,1.24337854847244,0,0,0,0,0,0,1.78080238125094,0,0,0,1.78080238125094,0,0,0,0,0,0,0,0,0,0,0,0,0,0,0,0,0,2.12846078679514
"AATTGGGGTAGCGATA-1","2",1.13883962658502,0,0,0,0,0,0,0,0,0,0,0,0,0,0,0,0,0,0,0,0,1.13883962658502,2.25050928221756,0,1.65752011197219,1.13883962658502,0,1.13883962658502,0,1.99733992184537,0,0,0,0,0,0,0,0,0,0,0,0,0,0
"AATTGGTTCACAGCGT-1","3",1.85214172938703,0,0,0,0,0,0,0,0,0,0,0,0,0,0,0,0,1.85214172938703,0,0,0,0,0,0,0,0,0,0,0,0,0,0,0,0,0,0,0,0,0,0,0,0,0,0
"ACAACATTCCAACTCT-1","7",1.45352093560121,0,0,0,0,0,0,0,0,0,0,0,0,0,0,0,0,0,0,0,0,0,1.45352093560121,0,0.435902825260153,2.68505195804447,0.738463241262944,0.435902825260153,0.435902825260153,1.31688870863959,0,0,0.435902825260153,0,0,0,0,0,0,0,0,0,0,0
"ACAACCGCAGCAGTCA-1","5",2.56846424538196,0,0,0,0,0,0,0,0,0,0,0,0,0,0,0,0,0,0,0,0,0,1.1011520574441,0,0,1.61248486183065,0,1.61248486183065,0,1.1011520574441,0,0,0,0,0,0,0,0,0,0,0,0,0,0
"ACAACCGCATCGGTAG-1","1",1.43477983882837,0,0,0,0,0,0,0,0,0,0,0,0,0,0,0,0,0,0,0,0,1.75752696067028,2.10378301354696,0,0,1.43477983882837,0,0.95526535932685,0.95526535932685,2.9648937643921,0,0,0,0,0,0,0,0,0,0,0,0,0,1.60911798921294
"ACAACCGCATGGATAC-1","16",0,0,0,0,0,0,0,0,0,0,0,0,0,0,0,0,0,1.74188585581586,0,0,0,0,0,0,0,1.74188585581586,0,0,1.74188585581586,0,0,0,0,0,0,0,0,0,0,0,0,0,0,2.34336188875274
"ACAACCTGTTACTGCG-1","6",0,1.23622668766573,0,0,0,0,0,0,0,0,0,0,0,0,0,0,0,0,0,0,0,0,1.23622668766573,0,0,1.77244035960556,0,1.23622668766573,1.77244035960556,0,0,0,0,0,0,1.23622668766573,0,0,0,0,0,0,0,3.56094337714794
"ACAACCTGTTATCCTT-1","6",1.40163837655509,1.40163837655509,0,0,0,0,0,0,0,0,0,0,0,0,0,0,0,0,0,0,0,0,0,0,0,2.32096985982007,0,0,0,0,0,0,0,0,0,0,0,0,0,0,0,0,0,3.35188963102662
"ACAACCTGTTCCCGAA-1","0",2.20640291786238,0,0,0,0,0,0.853207884305358,0,0,0,0,0,0,0,0.853207884305358,0,0,1.30679878920438,0,0,0,1.30679878920438,0.853207884305358,0,0,2.91848047211265,0,1.30679878920438,0,0.853207884305358,0,0,0,0,0,0,0,0,0,0,0,0,0,0
"ACAACCTGTTCCGGTA-1","0",2.08298459697096,0,0,0,0,0,0,0,0,0,0,0,0,0,0,0,0,0,0,0,0,1.33798552613093,1.65192958339588,0,0,1.89050552324415,0.8778321684696,0,0.8778321684696,0,0,0,0,0.8778321684696,0,0,0,0,0,0,0,0,0,0
"ACAACCTGTTTACCGG-1","0",2.04527534577499,0,0.852821464764736,0,0,0,0,0,0,0,0,0,0,0,0,0,0,0,0,0,0,1.61716244392321,0.852821464764736,0,0,2.04527534577499,0,0.852821464764736,0,0,0,0,0,0,0,0,0,0,0,0,0,0,0,1.30630774593166
"ACAAGCGAGGAGTAGT-1","5",1.55585915495494,0,0,0,0,0,0,0,0,0,0,0,0,0,0,0,0,0,0,0,0,1.17665110305208,1.94342854586494,0,0,2.43970337437973,1.38412329532232,0.914554256481976,0.558375756134338,1.83014955302157,0,0,0,0,0.558375756134338,0,0,0,0,0,0,0,0,1.17665110305208
"ACAAGCGAGGCTCCAG-1","6",0,0,0,0,0,0,0,0,0,0,0,0,0,0,0,0,0,0,0,0,0,0,1.67035686234729,0,0,1.67035686234729,0,0,0,0,0,0,0,0,0,0,0,0,0,0,1.67035686234729,0,0,2.90450778253654
"ACAATCACAGCCTATC-1","1",2.38319331017883,0,0.417305658282378,0,0,0,0,0,0,0,0,0,0,0,0,0,0.417305658282378,0,0,0,0,1.12215482941021,2.11022889314438,0,0,1.73356478586532,0,0.417305658282378,0.417305658282378,1.82110205144729,0,0,0.417305658282378,0,0,0,0,0,0,0,0,0,0,0.710855842993346
"ACAATCACAGGGCTGT-1","1",0,0,0,0,0,0,1.00775094455129,0,0,0,0,0,0,0,0,0,0,0,0,0,0,1.00775094455129,0,0,0,1.82749637007967,1.82749637007967,1.00775094455129,0,1.00775094455129,0,0,0,0,0,0,0,0,0,0,0,0,0,2.43681853517558
"ACAATCACATCGAACG-1","8",1.96483213473832,0,1.11336022205085,0,0,0,0,0,0,0,0,0,0,0,0,0,0,0.704228471200484,0,0,0,1.4028705865657,0.704228471200484,0,0,2.21684054766482,0,1.4028705865657,0.704228471200484,2.32244384421186,0,0,0,1.11336022205085,0,0,0,0,0,0,0,0,0,2.21684054766482
"ACAATCCGTGCGCAGA-1","3",2.91682528434438,1.15855108644011,0,0,0,0,0,0,0,0,0,0,0,0,0,0,0,0,0,0,0,0,0,0,1.15855108644011,1.68094510288776,0,0,0,1.15855108644011,0,0,0,0,0,0,0,0,0,0,0,0,0,0
"ACAATTCAGGTCCAAC-1","9",0,0,0,0,0,0,0,0,0,0,0,0,0,0,0,0,0,0,0,0,0,1.56041831239381,0,0,0,0,0,0,0,0,0,0,0,0,0,0,0,0,0,0,0,0,0,0
"ACAATTCAGTTACGCA-1","12",2.44031796656247,0,0,0,0,0,0,0,0,0,0,0,0,0,0,0,0,0,0,0,0,0,0,0,0,0,0,0,0,0,0,0,1.28624536476305,0,1.83071487204225,0,0,0,0,0,0,0,0,1.28624536476305
"ACACAACCAGGGCATC-1","0",1.11294848226797,0.703918547785037,0.703918547785037,0,0,0,0,0,0,0,0,0,0,0,0,0,0,0,0,0,0,0,1.96430492963723,0,1.11294848226797,2.79269079106473,1.11294848226797,0,1.40240821370974,2.09821597162789,0,0,0,0,0.703918547785037,0,0,0,0,0,0,0,0,0.703918547785037
"ACACAACCATCCCAGT-1","0",2.06672739154492,0,0,0,0,0,0,0,0,0,0,0,0,0,0,0,0,0,0,0,0,0,0,0,0,1.49278393904348,0,0,0,0,0,0,0,0,0,1.49278393904348,0,0,0,0,0,0,0,0
"ACACACGCAACCTGCT-1","3",3.13201907304436,0,0,0,0,0,0,0,0,0,0,0,0,0,0,0,0,0,0,0,0,0,0,0,0,1.683439409326,1.683439409326,0,0,0,0,0,0,0,0,0,0,0,0,0,0,0,0,0
"ACACAGTCAAGGTCCA-1","0",1.94595913024655,0,0,0,0,0,0,0,0,0,0,0,0,0,0,0,0,0,0,0,0,0.998564921747797,2.0614729079133,0,0.61906558319193,2.0614729079133,0.61906558319193,0.998564921747797,1.66505409720952,1.94595913024655,0,0,0,0,0,0.61906558319193,0,0,0,0,0,0,0,0.61906558319193
"ACACAGTCATAGACCG-1","0",0.776498269019165,0.776498269019165,0,0,0,0,0,0.776498269019165,0,0,0,0,0,0,0,0,0,0,0,0,0,1.20827156875706,1.73965651074505,0,0,1.92705252477023,0.776498269019165,0,0.776498269019165,1.50885266299226,0,0,0,0,0.776498269019165,0.776498269019165,0,0,0,0,0,0,0,0
"ACACAGTCATGGCAAT-1","0",1.78512374481266,0,0.975856592342348,0,0,0,0,0,0,0,0,0,0,0,0,0,0,0.975856592342348,0,0,0,0.975856592342348,1.78512374481266,0,0,2.2264808275779,0.975856592342348,0,0,1.78512374481266,0,0,0,0,0,0,0,0,0,0,0,0,0,0
"ACACCAATCGCATCGG-1","2",2.19332299845658,0,0,0,0,0,0,0,0,0,0,0,0,0,0,0,0,0,0,0,0,0.69095441580214,1.78810218550259,0,0,2.56089741343352,0,0,1.09568753252843,1.94214817471432,0,0,0,0,1.09568753252843,0,0,0,0,0,0,0,0,0
"ACACCAATCGTTAGGC-1","12",3.45552288407289,0,0,0,0,0,0,0,0,0,0,0,0,0,0,0,0,0,0,0,0,0,0,0,0,0,0,0,0,0,0,0,0,0,0,0,0,0,0,0,0,0,0,0
"ACACCAGCATTACGTT-1","3",1.60243485978039,0,1.60243485978039,0,0,0,0,0,0,0,0,0,0,0,0,0,0,0,0,0,0,0,0,0,1.60243485978039,1.60243485978039,0,0,0,0,0,0,0,0,0,0,0,0,0,0,0,0,0,0
"ACACCCTCACATGATA-1","3",3.24900669712941,1.78388639163995,0,0,0,0,0,0,0,0,0,0,0,0,0,0,0,0,0,0,0,0,0,0,0,0,0,0,0,0,0,0,0,0,0,0,0,0,0,0,0,0,0,2.38930337767195
"ACACCCTCACTTGCCG-1","0",2.23475046018739,0,0.656030686251195,0,0,0,0,0,0,0,0,0,0,0,0,0,0,0,0,0,0,0.656030686251195,0.656030686251195,0,0,2.01355468627276,0.656030686251195,0.656030686251195,0,1.04881104427285,0,0,0,0,0,0,0,0,0,0,0,0,0,1.33008988835512
"ACACGAAGTGGAAGTC-1","4",2.13421084033696,0,0.426684806496585,0,0,0,0,0,0,0,0,0,0,0,0,0,0,0,0,0,0,1.14061075015801,1.14061075015801,0,0,1.43342074533602,0,0.426684806496585,0.954167837813969,2.06916460489179,0,0.426684806496585,0,0,0.426684806496585,0,0,0,0,0,0,0,0,0.724810229152731
"ACACGAAGTTAAGTGG-1","0",2.15517819848407,0,0,0,0,0,0,0,0,0,0,0,0,0,0,0,0,0.737124953312686,0,0,0,0,1.67890297033449,0,0.737124953312686,1.86401676145941,1.15682978423199,0,0.737124953312686,1.15682978423199,0,0,0,0,0,0,0.737124953312686,0,0,0,0,0,0,0
"ACACGATCAACTTCGC-1","2",2.01082818623199,0,0,0,0,0,0,0,0,0,0,0,0,0,0,0,0,0,0,0,0,0,1.72652240883088,0,0,2.01082818623199,0.654517789768487,0,0.654517789768487,2.23194047523615,0,0,0,0,0,0,0,0,0,0,0,0,0,0
"ACACGGGGTAGCGGCA-1","3",0,0,0,0,0,0,0,0,0,0,0,0,0,1.9940439978935,0,0,0,0,0,0,0,0,0,0,0,1.9940439978935,0,0,0,0,0,0,0,0,0,0,0,0,0,0,0,0,0,0
"ACACGGGGTTGCTATA-1","2",1.99267490105997,0,0,0,0,0,0,0,0,0,0,0,0,0,0,0,0,0.72069168088952,0,0,0,0.72069168088952,1.65315214106262,0,0,2.44742517575359,0,0.72069168088952,1.13517223074296,1.99267490105997,0,0,0,0,0,0,0,0,0,0,0,0,0,0.72069168088952
"ACACGGTTCTTGATGG-1","1",1.80070407269095,0,0,0,0,0,0,0,0,0,0,0,0,0,0,0,0,0,0,0,0,0,1.93097436563771,0,0,2.14953443684964,0,0.611024593556569,0.611024593556569,2.61262321303851,0,0,0,0,0,0,0,0,0,0,0,0,0,0.611024593556569
"ACACGTTGTGAGCAAC-1","0",2.10850143483545,0,0,0,0,0,0,0,0,0,0,0,0,0,0,0,0,0,0,0,0,2.10850143483545,2.27037879501515,0,0.89493552513091,1.91526123456079,0,0,0,1.67551287926233,0,0,0,0,0,0,0,0,0,0,0,0,0,0.89493552513091
"ACACTAGTCCGTGTCC-1","5",2.13896399210728,0,0,0,0,0,0,0,0,0,0,0,0,0,0,0,0,0,0,0,0,2.13896399210728,3.97845579871457,0,0,3.15580439182443,0,0,0,0,0,0,0,0,0,0,0,0,0,0,0,0,0,0
"ACACTCCCAATGTCGG-1","3",1.73262737053688,1.73262737053688,0,0,0,0,0,0,0,0,0,0,0,0,0,0,0,0,0,0,0,0,0,0,0,0,0,0,0,0,0,0,0,0,0,0,0,0,0,0,0,0,0,0
"ACACTCCCATGGCTGA-1","3",2.1713376923595,0,0,0,0,0,0,0,0,0,0,0,0,0,1.58617008078693,0,0,0,0,0,0,0,0,0,0,0,0,2.1713376923595,0,0,0,0,0,0,0,0,0,0,0,0,0,0,0,0
"ACACTCCCATTGCCCG-1","6",0,0,0,0,0,0,0,0,0,0,0,0,0,0,0,0,0,0,0,0,0,0,0,0,0,0,0,0,0,0,0,0,0,0,0,0,0,0,0,0,0,0,0,2.58210435582863
"ACACTGATCCGCGGTA-1","0",2.24508235161575,0,0,0,0,0,0,0,0,0,0,0,0,0,0,0,0,0.878325280072257,0,0,0,0,0,0,0,2.08372330163457,1.33860797698146,0,0,1.33860797698146,0,0,0,0,0,0,0,0,0,0,0,0,0,0
"ACACTGATCGATCACA-1","7",1.19767483121325,0,0,0,0,0,0,0,0,0,0,0,0,0,0,0,0,0,0,0,0,1.19767483121325,1.19767483121325,0,0,1.49707719415312,0,0,0,2.77450185230607,0,0,0.768348818024934,0,0,0,0,0,0,0,0,0,0,0
"ACAGAATGTAGGCGTG-1","6",0,0,0,0,0,0,0,0,0,0,0,0,0,0,0,0,0,0,0,0,0,0,0,0,0,2.16107815742127,0,0,0,0,0,0,0,0,0,0,0,0,0,0,0,0,0,4.25027114937966
"ACAGAATGTGGGTCTC-1","16",0,0,0,0,0,0,0,0,0,0,0,0,0,1.75521459864998,0,0,0,0,0,0,0,0,0,0,0,1.75521459864998,0,0,0,0,0,0,0,0,1.75521459864998,0,0,0,0,0,0,0,0,0
"ACAGACAGTAAGGTTG-1","3",3.10557101987308,0,0,0,0,0,0,0,0,0,0,0,0,0,0,0,0,0,0,0,0,0,0,0,0,0,0,0,0,2.09276742391351,0,0,0,0,0,0,0,0,0,0,0,0,0,0
"ACAGACAGTGCAGCGA-1","2",2.51913857384479,0,0,0,0,0,0,0,0,0,0,0,0,0,0,0,0,0,0,0,0,0.711964249062301,2.51913857384479,0,0,0.711964249062301,0,0,1.12362384257851,0.711964249062301,0,0,0,0,0,0,0,0,0,0,0,0,0,0
"ACAGACAGTGGACACG-1","0",2.64228431112043,0,0,0,0,0,0,0,0,0,0,0,0,0,0,0,0,0.596266261063213,0,0,0,0.596266261063213,0,0,0,2.21411247027371,1.23720964267044,0,0,0,0,0,0,0,0,0,0,0,0,0,0,0,0,1.23720964267044
"ACAGACTCAACCCTAC-1","0",1.61336947628116,0,0.695606218759899,0,0,0,0,0,0,0,0,0,0,0,0,0,0,1.61336947628116,0,0,0,0.695606218759899,1.38998065455509,0,0,1.95012194830194,0.695606218759899,0.695606218759899,1.10188966435267,1.79585451326852,0,0,0,0,0,0,0,0,0,0,0,0,0,1.10188966435267
"ACAGACTCAACTAGGT-1","1",1.95302952383999,0,0,0,0,0,0,0,0,0,0,0,0,0,0,0,1.10415395461989,0.514154307178819,0,0,0,0.514154307178819,1.61608423587626,0,0.514154307178819,1.61608423587626,0.852049737502745,0,0.852049737502745,1.85282159978188,0,0.514154307178819,0,0.514154307178819,0,0,0,0,0,0,0,0,0,1.10415395461989
"ACAGACTCACCTGTCG-1","1",1.46710677326493,0,0,0,0,0,0,0,0,0,0,0,0,0,0,0,0,0,0,0,0,1.17076135998933,1.17076135998933,0,0,1.46710677326493,2.17310984492392,0.747741105729472,1.17076135998933,2.39880485990856,0,0.747741105729472,0,0,0,0,0,0,0,0,0,0,0,2.17310984492392
"ACAGCAAGTCTTGGTG-1","7",2.47137827844111,0,0,0,0,0,0,0,0,0,0,0,0,0,0,0,0,0,0,0,0,1.25312022618914,0.981141860473086,0,0,2.82383146924345,1.46672180256241,0.606363164142425,0,1.79217625746399,0,0,0,0,0,0,0,0,0,0,0,0,0,0
"ACAGCAAGTGATTCCG-1","2",2.30209666738569,0,0.826373335136586,0,0,0,0,0,0,0,0,0,0,0,0,0,0,0,0,0,0,0.826373335136586,2.79851231239105,0,0,2.62829729408925,0.826373335136586,0,0.826373335136586,1.81483562497747,0,0,0,0,0.826373335136586,0,0,0,0,0,0,0,0,0
"ACAGCCACACCATCCG-1","3",2.78343635018663,0,0,0,0,0,0,0,0,0,0,0,0,0,0,0,0,0,0,0,0,0,0,0,1.26103848076862,1.80140759977689,0,1.26103848076862,0,0,0,0,0,0,0,1.26103848076862,0,0,0,0,0,0,0,0
"ACAGCCCGTTATCGAC-1","7",1.69387047869308,0,0.314840990945822,0,0,0,0,0.314840990945822,0,0,0,0,0,0,0,0,0,0.314840990945822,0,0,0,0.908325404139235,2.08328258643773,0,0,1.69387047869308,0.314840990945822,0,0.908325404139235,2.49330820263398,0,0,0,0,0,0,0,0,0,0,0,0,0,0.314840990945822
"ACAGCCCGTTTCGATA-1","3",2.45187364974288,0,0,0,0,0,0,0,0,0,0,0,0,0,0,0,0,0,0,0,0,0,0,0,0,0,0,0,0,0,0,0,0,0,0,0,0,0,0,0,0,0,0,0
"ACAGCGAAGTAGGTAA-1","0",0,0,0,0,0,0,0,0,0,0,0,0,0,0,0,0,0,0,0,0,0,0,0,0,0,2.44527386672685,1.01364172871333,0,0,0,0,0,0,0,0,0,0,0,0,0,0,0,0,0
"ACAGCGGGTCTCCAGA-1","3",3.14440110551877,0,0,0,0,0,0,0,0,0,0,0,0,0,0,0,0,0,0,0,0,0,0,0,2.12846078679514,2.12846078679514,0,0,0,0,0,0,0,0,0,0,0,0,0,0,1.54776722184278,0,0,0
"ACAGCGGGTTGGACCC-1","10",2.16414212624539,0,0,0,1.57971339318672,0,0,0,0,0,0,0,0,0,0,0,0,1.57971339318672,0,0,0,0,0,0,0,0,0,0,0,0,0,0,0,0,0,0,0,0,0,0,0,0,0,0
"ACAGCTATCACCCTAT-1","6",1.35225937628291,1.35225937628291,0,0,0,0,0,0,0,0,0,0,1.35225937628291,0,0,0,0,1.90691706425306,0,0,0,0,0,0,0,2.52289287034887,0,0,0,1.35225937628291,0,0,0,0,0,0,0,0,0,0,0,0,0,3.71664321500463
"ACAGCTATCCCAGAGT-1","5",1.82799284015267,0,0,0,0,0,0,0,0,0,0,0,0,0,0,0,0,0,0,0,0,1.41896290566974,1.41896290566974,0,0,2.341661203443,0,0,1.41896290566974,1.41896290566974,0,0,0,0,0,0,0,0,0,0,0,0,0,0.715044357884699
"ACAGCTTGTGGACACG-1","1",2.22864710214279,0,0.867611058837922,0,0,0,0,0,0,0,0,0,0,0,0,0,0,0,0,0,0,1.32506527488369,2.06763174829063,0,0,2.4890417349358,0,0,0.867611058837922,1.87561978493154,0,0,0,0,0,0,0,0,0,0,0,0,0,0
"ACAGCTTGTTGACGGG-1","1",2.36601420098789,0,0,0,0,0,0,0,0,0,0,0,0,0,0,0,0,0.590322312627314,0,0,0,2.1091374238726,1.2277996389431,0,0,2.36601420098789,1.2277996389431,0,0,2.1091374238726,0,0,0,0,0.590322312627314,0,0,0,0,0,0,0,0,0.590322312627314
"ACAGGAACATTGGCAG-1","1",1.53829445328261,0,0,0,0,0,0,0,0,0,0,0,0,0,0,0,0,0,0,0,0,0.649279063672526,1.53829445328261,0,0.649279063672526,1.53829445328261,1.31974876880792,0.649279063672526,0.649279063672526,1.71753897870207,0,0,0,0,0,0,0,0,0,0,1.03968313886439,0,0,1.86948596768896
"ACAGGATAGCGGTCAT-1","14",2.99424064672647,0,0,0,0,0,0,1.31103918124792,0,0,0,0,0,0,0,0,0,0,0,0,0,0,0,0,0,0,1.31103918124792,0,1.31103918124792,0,0,0,0,0,0,0,0,0,0,0,0,0,0,1.31103918124792
"ACAGGATAGGTTCCGG-1","0",2.66843690676198,0,0,0,0,0,0,0,0,0,0,0,0,0,0,0,0,1.85112311160459,0,0,0,0.850894917743143,0.850894917743143,0,0,1.30385881570179,0,0.850894917743143,0,2.04235058635298,0,0,0,0,0,0,0,0,0,0,0,0,0,0
"ACAGGATAGTCATCCT-1","2",0,0,0,0,0,0,0,0,0,0,0,0,0,0,0,0,0,0,0,0,0,0,2.38660847126374,0,0,3.03269497873618,0,0,0,2.7609471472243,0,0,0,0,0,0,0,0,0,0,0,0,0,0
"ACAGGATAGTTAATGC-1","6",0,0,0,0,0,0,0,0,0,0,0,0,0,0,0,0,0,1.53307531188429,0,0,0,0,0,0,0,2.74274814219871,0,0,1.53307531188429,0,0,0,0,0,0,0,0,0,0,0,0,0,0,4.76419609864314
"ACAGGCAAGCCACGCA-1","2",2.44143448777736,0,0,0,0,0,0,0,1.01096498160935,0,0,0,0,0,0.62814235025095,0,0,0,0,0,0,0,1.50330009397771,0,1.01096498160935,1.96275056685056,1.01096498160935,0,0,1.83174195061659,0,0,0,0,0,0,0,0,0,0,0,0,0,0.62814235025095
"ACAGGCAAGTTAGCCA-1","1",1.83556961857798,0,0,0,0,0,0,0,0,0,0,0,0,0,0.630269847670694,0,0,0,0,0,0,0.630269847670694,1.96666767257787,0,0.840349191944833,2.280459432347,0.363989190268833,1.01386548484944,0.363989190268833,2.13582154312446,0,0.363989190268833,0,0,0,0,0,0,0,0,0,0,0,0.363989190268833
"ACAGGCTTCGCTTCGC-1","0",1.81533780875926,0,0,0,0,0,0,0,0,0,0,0,0,0,0,0,0,0.998564921747797,0,0,0,0.998564921747797,0,0,0.998564921747797,2.79907564553088,0.998564921747797,0.998564921747797,0.998564921747797,1.81533780875926,0,0,0,0,0,0,0,0,0,0,0,0,0,1.48812129661064
"ACAGGGATCCTCACTG-1","9",2.3285985829744,0,0,0,0,0,0,0,0,0,0,0,0,0,0,0,0,2.3285985829744,0,0,0,0,0,0,0,0,0,0,1.72842448478161,0,0,0,0,0,0,0,0,0,0,0,0,0,0,0
"ACAGGGATCTCACTCG-1","5",2.27802796796511,0,0,0,0,0,0,0,0,0,0,0,0,0,0,0,0,0.679578850143391,0,0,0,1.0804799597208,0.679578850143391,0,0.679578850143391,2.45988902736388,0,0,0.679578850143391,1.58763932742791,0,0,0,0,0,0,0,0,0,0,0,0,0,0.679578850143391
"ACAGGTAGTGGACAGT-1","1",2.18512613108841,0,0.754898563058971,0,0,0,0,0,0,0,0,0,0,0,0,0,0,0,0,0,0,1.18012819735336,0,0,0,2.41113105958755,1.70648891496058,0.754898563058971,0,0.754898563058971,0,0,0,0,0.754898563058971,0,0,0,0,0,0,0,0,1.47754794854264
"ACAGTCGCATGGAGCC-1","4",1.97757442847495,0,0,0,0,0,0,0,0,0,0,0,0,0,0,0,0,0,0,0,0,0.575573250733757,0.575573250733757,0,0.575573250733757,1.73499463005796,0.575573250733757,0.93856055654259,0,0.575573250733757,0,0.575573250733757,0,0.575573250733757,0.575573250733757,0,0,0,0,0,0,0,0,1.20430735266935
"ACAGTCGCATTACGCC-1","0",1.5311555893319,0,0,0,0,0,0,0,0,0,0,0,0,0,0,0,0,1.5311555893319,0,0,0,0,0,0,0.644943401186668,2.30844703391804,0,0,0,0,0,0,0,0,0,0,0,0,0,0,0,0,0,0
"ACAGTGAGTAGCTGAA-1","1",1.9635440613734,0,0.519093494121707,0,0,0,0.519093494121707,0,0,0,0,0,0,0,0,0,0,0,0,0,0,0.519093494121707,1.48217661889704,0,0.519093494121707,2.35394813656526,0,0.519093494121707,0,1.48217661889704,0,0,0,0,0,0,0,0,0,0,0,0,0,1.9635440613734
"ACAGTGAGTTTGGGCC-1","10",0,0,0,0,0,0,0,1.98100146886658,2.60268968544438,0,0,0,0,0,0,0,0,0,0,0,0,0,0,0,0,1.98100146886658,0,0,0,0,0,0,0,0,0,0,1.98100146886658,0,0,0,0,0,0,0
"ACATAGCCAACATCGG-1","6",0,1.21033350690396,0,0,0,0,0,0,0,0,0,0,1.21033350690396,0,0,0,0,0,0,0,0,0,0,0,0,1.74208004705927,0,0,1.21033350690396,0,0,0,0,0,0,0,0,0,0,0,1.21033350690396,0,0,4.53076476509815
"ACATATCAGCGCATAC-1","0",2.41452457603973,0,0,0,0,0,0,0,0,0,0,0,0,0,0,0,0,0,0,0,0,0,1.89582345617356,0,0,2.94998629991922,0.756875568264215,0.756875568264215,0,1.48042594794529,0,0,0,0,0,0,0,0,0,0,0,0,0,0.756875568264215
"ACATATCAGCTTAGTG-1","0",2.15566015291497,0,0,0,0,0,0,0,0,0,0,0,0,0,0,0,0,0,0,0,0,1.96106195407592,0,0,0,2.69059595922736,0,0,0,1.71921613654863,0,0,0,0,0,0,0,0,0,0,0,0,0,0
"ACATATCAGTAAGCAA-1","3",2.61610362457635,0,0,0,0,0,0,0,0,0,0,0,0,0,1.99349606324269,0,0,1.99349606324269,0,0,0,0,0,0,0,0,0,0,0,0,0,0,0,0,0,0,0,0,0,0,0,0,0,0
"ACATCATAGATAGATG-1","1",1.38255603900928,0.55748131540679,0,0,0,0,0,0.55748131540679,0,0,0,0,0,0,0,0,0,0,0,0,0,1.55420915448631,0.913301193025789,0,0,2.13566668433679,0,0.55748131540679,0.913301193025789,1.82839360240784,0,0,0,0.913301193025789,0,0,0,0,0,0,0.55748131540679,0,0,0.913301193025789
"ACATCATAGCGCTTAA-1","13",0,0,0,0,0,0,0,0,0,0,0,0,0,0,0,0,0,0,0,0,0,0,0,0,0,0,0,0,0,0,0,0,1.97083301450523,0,0,0,0,0,0,0,0,0,0,1.97083301450523
"ACATCATAGCTATCCT-1","0",1.85259490584447,0.370203096139784,0.370203096139784,0,0,0,0,0,0,0,0,0,0,0,0,0,0,0,0,0,0,0,1.02679926404938,0,0.370203096139784,2.73026283459545,1.17561757857081,0.639776650036934,0,2.25261143307079,0,0,0,0,0,0,0,0,0,0,0.370203096139784,0,0,2.04387007589497
"ACATCATAGGTCCACG-1","0",1.44596860999866,0,0,0,0,0,0,0,0,0,0,0,0,0,0,0,0,0,0,0,0,1.2338632385504,0.594150102127248,0,0,2.20991121436653,0.594150102127248,0,0,0,0,0,0,0,0,0.594150102127248,0,0,0,0,0,0,0,0.594150102127248
"ACATCCCCAATTGCCC-1","2",1.657176509267,0,0,0,0,0,0,0,0,0,0,0,0,0,0,0,0,0,0,0,0,0,2.17265300376379,0,0.534979766839365,2.17265300376379,0,1.13855104095273,0.881627810868304,1.13855104095273,0,0,0,0.534979766839365,0,0,0,0,0,0,0,0,0,0
"ACATCCCCAGGATTAC-1","5",2.26010802327018,0,0.92221136459099,0,0,0,0,0,0,0,0,0,0,0,0,0,0,0,0,0,0,0,1.61732432517537,0,0,2.49393798552226,0.698083472253739,0.408758675192304,0.698083472253739,2.57404356307761,0,0,0,0,0,0,0,0,0,0,0,0,0,0.92221136459099
"ACATCCGGTTAGCGAA-1","0",1.69459572077441,0,0.908855753386637,0,0,0,0,0,0,0,0,0,0,0,0,0,0,0,0,0,0,1.37699196845758,0.908855753386637,0,0,1.37699196845758,0,0.908855753386637,0,1.69459572077441,0,0,0,0,0,0,0,0,0,0,0,0,0,0
"ACATCTTCAACGTTCC-1","0",1.39921977559749,0.926644394220669,0,0,0,0,0,0,0,0,0,0,0,0,0,0,0,0,0,0,0,1.39921977559749,0.926644394220669,0,0,2.87842314511888,0.926644394220669,0,0,0,0,0,0,0,0,0,0,0,0,0,0,0,0,0
"ACATGAAAGAATCCGC-1","0",2.54596144521685,0,0,0,0,0,0,0,0,0,0,0,0,0,0,0,0,0,0,0,0,0,1.08493506336066,0,0,2.68884927362612,1.08493506336066,1.59300264994819,0,0,0,0,0,0,0,0,0,0,0,0,0,0,0,0
"ACATGAAAGTTGGGCT-1","5",1.70704279903129,0,0,0,0,0,0,0,0,0,0,0,0,0,0,0,0,0,0,0,0,0,1.38839804333823,0,0,2.56753787698029,0,0,0,2.44490745479543,0,0,0,0,0,0,0,0,0,0,0,0,0,0
"ACATGAGGTGCAATTC-1","2",1.92454932605901,0,0,0,0,0,0,0,0,0,0,0,0,0,0,0,0,0.774917004379557,0,0,0,1.20621747417976,1.92454932605901,0,0,1.20621747417976,0,0,1.20621747417976,2.21842969509786,0,0,0,0,0,0,0,0,0,0,0,0,0,0
"ACATGGTCAACCCGAA-1","0",2.90521487276722,0,0,0,0,0,0,0,0,0,0,0,0,0,0,0,0,0,0,0,0,0.766062046258134,0.766062046258134,0,0,2.84012416562728,0,0.766062046258134,0.766062046258134,1.49376524336728,0,0,0.766062046258134,0,0,0,0,0,0,0,0,0,0,0
"ACATGTTAGTATCTGG-1","15",0.851279488924562,0,0.851279488924562,0,0,0,0,0,0,0,0,0,0,0,0,0,0,0.851279488924562,0,0,0,0,0.851279488924562,0,0,2.46309879101677,0.851279488924562,1.30434776558138,0.851279488924562,0.851279488924562,0,0,0,0,0,0,0,0,0,0,0,0,0,0.851279488924562
"ACATTAGCAACATGAC-1","0",1.91590319370777,0,1.19912967365931,0,0,0,0,0,0,0,0,0,0,0,0,0,0,0,0,0,0,0,1.19912967365931,0,0,2.6206574619709,0,0,1.19912967365931,1.19912967365931,0,0,0,0,0,0,0,0,0,0,0,0,0,0
"ACATTAGCAACTAATG-1","6",0,0,0,0,0,0,0,0,0,0,0,0,0,0,0,0,0,0,0,0,0,0,0,0,0,2.53448278442576,0,0,1.58308757983562,0,0,0,0,0,0,0,0,0,0,0,0,0,0,3.46447737124293
"ACATTAGCAATACCTT-1","2",2.02916714699058,0,0.975290277172705,0,0,0,0,0,0,0,0,0,0,0,0,0,0,0,0,0,0,0.602110502727369,1.91423947697395,0,0,2.13223748532993,0,0.602110502727369,1.24643019992513,1.24643019992513,0,0,0,0,0,0,0,0,0,0,0,0,0,0
"ACATTCCTCACTGTCT-1","0",1.96599768659326,0,0.930394262768958,0,0,0.56970999450194,0,0,0,0,0,0,0,0,0,0,0,0,0,0,0,0,1.19491075445817,0,0,1.72393126063437,0,0,0.56970999450194,1.57666088543455,0,0,0,0,0,0,0,0,0,0,0,0,0,0
"ACATTGGTCACTTGAG-1","0",2.87443544534248,0,0,0,0,0,0,0,0,0,0,0,0,0,0,0,0,1.6445839881565,0,0,0,0,0,0,0,2.6053945411473,0,0,0,0,0,0,0,0,0,0,0,0,0,0,0,0,0,0
"ACATTTGGTCATGAGA-1","0",1.9466648142942,0,0,0,0,0,0,0,0,0,0,0,0,0,0,0,0,0,0,0,0,0,0.788937667770238,0,1.22439696201942,2.46890533984679,0.788937667770238,0,0,0.788937667770238,0,0,0,0,0,0,0,0,0,0,0,0,0,0
"ACCAAACCATTCATCG-1","2",2.01863257362713,0,0,0,0,0,0,0,0,0,0,0,0,0,0,0,0,0,0,0,0,0.658853227317342,1.88637987100612,0,1.0526205925234,1.55398848940676,0.658853227317342,0.658853227317342,0,1.88637987100612,0,0,0,0,0,0,0,0,0,0,0,0,0,0
"ACCAAAGGTCTCACAG-1","1",2.15938105093959,0,0,0,0,0,0,0,0,0,0,0,0,0,0,0,0,0,0,0,0,0,1.90944312882405,1.07036475103979,1.07036475103979,1.5754438385365,0,1.07036475103979,1.5754438385365,2.79309849241251,0,0,0,0,0,0,0,0,0,0,0,0,0,1.5754438385365
"ACCAAATTCACCTTAC-1","1",1.6100782198035,0,0,0,0,0,0,0,0,0,0,0,0,0,0,0,0,0,0,0,0,0.588142441833738,2.00217220642868,0,0,2.19793600466725,0.956004025543523,0,1.22434042998923,2.43434349767021,0,0,0,0,0,0,0.588142441833738,0,0,0,0,0,0,1.6100782198035
"ACCAAATTCGCGAGTT-1","0",1.70704279903129,0,0,0,0,0,0,0,0,0,0,0,0,0,0,0,0,0,0,0,0,0,1.70704279903129,0,0,1.94831399636671,0,0,0,0,0,0,0,0,0.917974031538186,0,0,0,0,0,0,0,0,0
"ACCAAATTCGCTCCGT-1","4",1.65993020467406,0,0.387447749795072,0,0,0,0,0,0,0,0,0,0,0,0,0,0,0.883622045003706,0,0,0,0.665997928064875,0.883622045003706,0,0.387447749795072,1.65993020467406,0,0.665997928064875,0.665997928064875,1.74609238077666,0,0,0,0,0,0,0,0,0,0,0,0,0,1.82541597016491
"ACCAAATTCTGTAACG-1","2",2.08450380651031,0,0.776308159670357,0,0,0,0,0,0,0,0,0,0,0,0,0,0,0,0,0,0,0.776308159670357,1.50857845158431,0,0.776308159670357,2.78837810270052,0,0,0,1.73936624826402,0,0,0,0,0,0,0,0,0,0,0,0,0,0
"ACCAACATCCAGCACG-1","0",1.84717530836962,0,0.848213192258892,0,0,0,0,0,0,0,0,0,0,0,0,0,0,0,0,0,0,1.30044780662655,0,0,0.848213192258892,2.33682134648558,0,0,0,0,0,0,0,0,0,0,0,0,0,0,0,0,0,0
"ACCAAGTCAAGTATGC-1","6",1.45616404108038,1.45616404108038,0,0,0,0,0,0,0,0,0,0,0,0,0,0,0,0,0,0,0,0,0,0,0,2.02537432040956,0,0,0,0,0,0,0,1.45616404108038,0,0,0,0,0,0,1.45616404108038,0,0,3.52325974693791
"ACCAAGTCATTCCTCT-1","8",1.835481059458,0,0,0,0,0,0,0,0,0,0,0,0,0,0,0,0,0.719608839418148,0,0,0,1.65144685371354,2.53289707357945,0,0,1.42572881669613,1.13374115090384,0,0,1.65144685371354,0,0,0,0,0.719608839418148,0,0,0,0,0,0,0,0,2.75689220920136
"ACCAATTAGCGGGATA-1","6",0,0,0,0,0,0,0,0,0,0,0,0,0,0,0,0,0,1.9940439978935,0,0,0,0,1.9940439978935,0,0,1.9940439978935,0,0,0,0,0,0,0,0,0,0,0,0,0,0,0,0,0,4.25981598162071
"ACCAATTAGGATTGCC-1","0",2.0818368923417,0,0,0,0,0,0,0,0,0,0,0,0,0,0,0,0,0,0,0,0,0,1.20588954365192,0,1.20588954365192,2.33784744040733,0,0,0,1.73685566178721,0,0,0,0,0,0,0,0,0,0,0,0,0,0
"ACCACACAGTAGGCAG-1","6",0,0,0,0,0,0,0,0,0,0,0,0,0,0,0,0,0,0,0,0,0,0,0,0,0,0,0,0,0,0,0,0,0,0,0,0,0,0,0,0,2.96610809164301,0,0,2.96610809164301
"ACCACACAGTCAAGGG-1","1",0,0,0,0,0,0,0,0,0,0,0,0,0,0,0,0,0,0,0,0,0,0,0,0,0,0,0,0,0,0,0,0,0,0,0,0,0,0,0,0,0,0,0,2.27794064036481
"ACCACAGCAATCATCT-1","9",2.00453042114144,0,0,0,0,0,0,0,0,0,0,0,0,0,0,0,0,0,0,0,0,0,0,0,0,0,0,0,0,0,0,0,0,2.62793969693944,0,0,0,2.62793969693944,0,0,0,0,2.00453042114144,0
"ACCACAGCACTTCACA-1","2",1.92345057614994,0,0,0,0,0,0,0,0,0,0,0,0,0,0,0,0,0,0,0,0,0,1.46781316907685,0,0,2.39963952101478,0,0.98202875040974,1.64377520451223,0.98202875040974,0,0,0,0,0,0,0,0,0,0,0,0,0,0.607008307978704
"ACCACCTCAACATAGC-1","5",2.5651801577626,0,0,0,0,0,0,0,0,0,0,0,0,0,0,0,0.916440758129031,0,0,0,0,1.38648189042189,1.38648189042189,0,0,1.38648189042189,0,0,0,0.916440758129031,0,0,0,0,0,0,0,0,0,0,0,0,0,0
"ACCACCTCATGCGGAC-1","4",1.88582625440529,0,0,0,0,0,0,0,0,0,0,0,0,0,0,0,0,0,0,0,0,1.05219581949979,1.05219581949979,0,0,1.55347389493599,0,0.483235060344605,0,2.39251495738976,0,0,0,0,0,0,0,0,0,0,0,0,0,1.55347389493599
"ACCACTAAGTCGAGCT-1","5",2.28434029134358,0,0,0,0,0,0,0,0,0,0,0,0,0,0,0,0,0,0,0,0,1.0851296773289,1.0851296773289,0,0,3.41435557298387,0,1.59323682706959,0,0.683052302268629,0,0,0,0,0,0,0,0,0,0,0,0,0,0.683052302268629
"ACCAGGCCATGGCAAT-1","0",2.43236817238878,0,0.325454454901581,0,0,0,0,0,0,0,0,0,0,0,0,0,0,0,0,0,0,0.767316971122797,1.57827695039544,0,0.570595030222264,1.79185562954661,0.931628139699101,0,0.325454454901581,1.49558318195419,0,0,0,0.570595030222264,0,0,0,0,0,0,0,0,0,0
"ACCATAACAGTACCAG-1","16",1.58802651512561,0,0,0,0,0,0,0,0,0,0,0,0,0,0,0,0,0,0,0,0,0,0,0,0,2.54020282537296,0,0,0,0,0,0,0,0,0,0,0,0,0,0,0,0,0,0
"ACCATAACATTAACGA-1","0",1.72462550250993,0,0.653409967053923,0,0,0,0,0,0,0,0,0,0,0,0,0,0,0,0,0,0,1.04527051838276,1.04527051838276,0,1.04527051838276,2.4108045884111,0.653409967053923,0,0,0.653409967053923,0,0,0,0,0,0,0,0,0,0,0,0,0,1.04527051838276
"ACCATAGTCGACATAT-1","0",1.91374671711363,0,0,0,0,0,0,0,0,0,0,0,0,0,0,0,0,0.601849083561455,0,0,0,1.45907181811494,1.24601841841758,0,0.601849083561455,2.13172802768184,0,0.601849083561455,0.974930263568738,0,0,0,0,0,0,0.601849083561455,0.601849083561455,0,0,0,0,0,0,0.601849083561455
"ACCATCAAGCCAGCCA-1","6",0,0,0,0,0,0,0,0,0,0,0,0,0,0,0,0,0,0,0,0,0,0,0,0,0,1.63172522316457,0,0,1.63172522316457,0,0,0,0,0,0,0,0,0,0,0,1.11721937174511,0,0,4.9179254729726
"ACCATTAGTCAGTCCA-1","4",2.2593711701324,0,0.619342658504205,0,0,0,0,0,0,0,0,0,0,0,0,0,0,0.619342658504205,0,0,0,1.48858601619275,0,0,0,1.81584034304179,0.998944054405908,0,0,1.81584034304179,0,0,0,0,0.619342658504205,0,0,0,0,0,0,0,0,1.81584034304179
"ACCATTAGTGATTGCT-1","1",0.912051793021401,0,0,0,0,0,0,0,0,0,0,0,0,0,0,0,0,0.556589809109747,0,0,0,0.556589809109747,1.69896325515062,0,0,1.8266419053166,0.556589809109747,0,0.556589809109747,1.8266419053166,0,0,0,0,0,0,0,0,0,0,0,0,0,0.912051793021401
"ACCATTTCAAGGGTCC-1","0",1.90120415996728,0,0,0,0,0,0,0,0,0,0,0,0,0,0,0,0,0,0,0,0,0,0.885207636815767,0,0,1.34728714830546,0,0.885207636815767,0,0,0,0,0,0,0,0,0,0,0,0,0,0,0,0
"ACCATTTCATGGTACG-1","8",1.89914859896049,0,0.666136015498356,0,0,0,0,0,0,0,0,0,0,0,0,0,0,0,0,0,0,1.06243279817844,0.666136015498356,0,0,1.89914859896049,0.666136015498356,0,0.666136015498356,1.56586275468034,0,0,0,0,0.666136015498356,0,0,0,0,0,0,0,0,2.94377108301441
"ACCCAAATCAGGAGAT-1","0",0.861330458127816,0,0,0,0,0,0,0,0,0,0,0,0,0,0,0,0,0.861330458127816,0,0,0,1.3171087241925,1.3171087241925,0,1.62902887371702,0.861330458127816,0,0,0,2.21896880816657,0,0,0,0,0,0,0,0,0,0,0,0,0,0
"ACCCAATGTTGGATTC-1","2",1.68379647975265,0,0,0,0,0,0,0,0,0,0,0,0,0,0,0,0,1.16095541924225,0,0,0,1.16095541924225,1.45616404108038,0,0,0,0,0,0.740265103537015,1.68379647975265,0,0.740265103537015,0,0,0.740265103537015,0,0,0,0,0,0,0,0,0
"ACCCAGACAAGCATTA-1","2",2.41442153948435,0,0.655317833760242,0,0,0,0,0,0,0,0,0,0,0,0,0,0,0,0,0,0,0,1.72789138099724,0,0,1.88015594671756,0,0.655317833760242,0,2.12895000962569,0,0,0,0,0,0,0,0,0,0,0,0,0,0
"ACCCAGTAGGATACTT-1","6",0,1.38839804333823,1.38839804333823,0,0,0,0,0,0,0,0,0,0,0,0,0,0,0,0,0,0,0,0,0,0,1.38839804333823,0,0,1.38839804333823,0,0,0,0,0,0,0,0,0,0,0,1.38839804333823,0,0,4.01008620217838
"ACCCATTTCCATGTGA-1","3",2.37591538013376,0,1.77162979968438,0,0,0,0,0,0,0,0,0,0,0,0,0,0,0,0,1.77162979968438,0,0,0,0,1.77162979968438,0,0,0,0,0,0,0,0,0,0,0,0,0,0,0,0,0,0,0
"ACCCATTTCGAATTAC-1","7",1.65924073491792,0.536037043112487,0,0,0,0,0,0,0,0,0,0,0,0,0,0,0,0,0,0,0,0,2.45430120071192,0,0,2.09090045948391,0.536037043112487,0.536037043112487,0.536037043112487,1.9991771782368,0,0,0,0,0,0,0,0,0,0,0,0,0,1.14028498506868
"ACCCCATCAAGTCGTG-1","3",3.11684190467481,0,0,0,0,0,0,0,0,0,0,0,0,0,0,0,0,0,0,0,0,0,0,0,0,0,0,0,0,0,0,0,0,0,0,0,0,0,0,0,0,0,0,0
"ACCCCATCAATTCACT-1","0",1.55784863259372,0,0,0,0,0,0,0,0,0,0,0,0,0,0,0,0,0,0,0,0,0.810721939290576,0.810721939290576,0,0,2.39755443342131,0,0,1.25249517590805,0,0,0,0,0,0.810721939290576,0,0,0,0,0,0,0,0,0.810721939290576
"ACCCCGAAGCCAACTA-1","0",2.18617092420277,0,0.522980922293621,0,0,0,0,0.522980922293621,0,0,0,0,0,0,0.295296431009891,0,0,0.522980922293621,0,0,0,0.708318357078746,0.708318357078746,0.708318357078746,0.295296431009891,2.18617092420277,0.522980922293621,0.522980922293621,0.522980922293621,0.999757531275773,0,0,0,0,0.295296431009891,0,0.708318357078746,0,0,0,0,0,0,1.32127478990948
"ACCCCGAAGCCGATGT-1","3",3.0533268278605,0,0,0,0,0,0,0,0,0,0,0,0,0,0,0,0,0,0,0,0,0,0,0,0,0,0,0,0,0,0,0,0,0,0,0,0,0,0,0,0,0,0,0
"ACCCCGTTCATGCGCG-1","1",1.83279722316022,0,0,0,0,0,0,0,0,0,0,0,0,0,0,0,0,0,0,0,0,1.21993768139036,1.90638849516667,0,0,1.4682814812398,0,0,0.39028062587579,2.2610457536733,0,0.39028062587579,0,0,0,0,0,0,0,0,0,0,0,2.2610457536733
"ACCCCGTTCCACGGCA-1","7",2.18438602695159,0,0,0,0,0,0,0,0,0,0,0,0,0,0,0,0,0,0,0,0,0.581387993115299,1.87481825888999,0,0,1.98899061368233,0.946640802351753,0.581387993115299,0.581387993115299,2.55161370975987,0.581387993115299,0,0,0,0,0,0,0,0,0,0,0,0,0.946640802351753
"ACCCCGTTCCTGCATT-1","5",2.2738641544305,0,0.626840476932007,0,0,0,0,0.626840476932007,0,0,0,0,0,0,0,0,0,0.626840476932007,0,0,0,0,1.28510921687254,0,0,2.51219253378657,1.00918897778944,0.626840476932007,1.28510921687254,1.28510921687254,0,0,0,0,0,0,0,0,0,0,0,0,0,0.626840476932007
"ACCCCTGCACAGGCTA-1","4",2.40611750073891,0,0,0,0,0,0,0,0,0,0,0,0,0,0,0,0,0.986489289504398,0,0,0,1.25922897277505,0.61025536814582,0,0,2.04474806929407,0.61025536814582,0.61025536814582,0.986489289504398,1.64952502549157,0,0,0,0,1.47329873057291,0,0,0,0,0,0,0,0,0.61025536814582
"ACCCCTTGTCTCAGTG-1","5",2.07334054535407,0,0,0,0,0,0,0,0,0,0,0,0,0,0,0,0,0,0,0,0,1.38106721791758,1.09396729026997,0,1.09396729026997,2.76605051282814,1.38106721791758,1.09396729026997,0,1.7859498421316,0,0,0,0,0,0,0,0,0,0,0,0,0,0.689665456077776
"ACCCGAACATGGTGCA-1","0",1.70262408196355,0,0,0,0,0,0,0,0,0,0,0,0,0,0,0,0,0.914733565601552,0,0,0,0.914733565601552,1.38434752411412,0,0,2.43997647092466,0.914733565601552,0,0.914733565601552,0.914733565601552,0,0,0,0,0,0,0,0,0,0,0,0,0,0
"ACCCGATAGTACCAAT-1","6",0,0,0,0,0,0,0,0,0,0,0,0,0,0,0,0,0,3.1734925387251,0,0,0,0,0,0,0,2.38050248698829,0,0,0,0,0,0,0,0,0,0,0,0,0,0,1.45163986525757,0,0,3.77302401588074
"ACCCGCAAGCGCCTAG-1","0",2.93520234422378,0,0,0,0,0,0,0,0,0,0,0,0,0,0,0,0,0,0,0,0,0,0,0,0,1.76839679346435,0,1.44479102816585,0,0,0,0,0,0,0,0,0,0,0,0,0.963358615256877,0,0,1.44479102816585
"ACCCGCAAGTCAACTG-1","0",1.92010723491712,0,0,0,0,0,0,0,0,0,0,0,0,0,0,0,0,0.605228115389633,0,0,0,1.25133623120099,1.64061675446598,0,0.605228115389633,1.46480049811618,0.979580969239599,0,0.979580969239599,0,0,0,0,0,0,0,0,0,0,0,0,0,0,0
"ACCCGCAAGTCAAGTT-1","1",2.06883920025034,0,0.687102471077973,0,0,0,0,0,0,0,0,0,0,0,0,0,0,0.401439364344192,0,0,0,0.687102471077973,1.78166455833929,0,0.401439364344192,2.12937424876602,0.687102471077973,0.401439364344192,0.687102471077973,1.93552530938719,0,0,0,0,0,0,0,0,0,0,0,0,0,2.00440218582186
"ACCCGTGAGGTGAGTG-1","0",2.54560039204683,0,0,0,0,0,0,0,0,0,0,0,0,0,0,0,0,0,0,0,0,0.98533060578174,0.98533060578174,0,0,1.47187432410779,0,0,0,0,0,0,0,0,0,0,0,0,0,0,0,0,0,0
"ACCCGTTCATAACTCT-1","6",0,0,0,0,0,0,0,0,0,0,0,0,0,0,0,0,0,0,0,0,0,0,0,0,0,2.09944191294035,0,0,1.22000497456028,0,0,0,0,0,0,0,0,0,0,0,1.7534359424061,0,0,4.49229897539812
"ACCCTAGGTTAGGCAA-1","2",2.49310454952002,0,0,0,0,0,0,0,0,0,0,0,0,0,0,0,0,0,0,0,0,0,1.54747591874701,0,0,2.12813480705118,0,0.803434496296785,0.803434496296785,1.54747591874701,0,0,0,0,0,0,0,0,0,0,0,0,0,0.803434496296785
"ACCCTAGGTTTCCATT-1","1",2.16961854386198,0,0.574078906775751,0,0,0,0,0,0,0,0,0,0,0,0,0,0,0,0,0,0,0.936481031204653,2.0768694114612,0,0.574078906775751,0.574078906775751,0,0,0.936481031204653,2.80395944708602,0,0,0,0,0.936481031204653,0,0,0,0,0,0,0,0,0.574078906775751
"ACCCTATTCAATCAAC-1","3",3.27556796120121,0,0,0,0,0,0,0,0,0,0,0,0,0,0,0,0,0,0,0,0,0,0,0,0,2.78962705957994,0,0,0,0,0,0,0,0,0,0,0,0,0,0,0,0,0,1.80691893083543
"ACCCTATTCGAGTGGA-1","2",2.05875460224799,0,0,0,0,0,0,0,0,0,0,0,0,0,0,0,0,0,0,0,0,0,1.62957827162262,0,0,1.62957827162262,0,0.861725103066393,0.861725103066393,0,0,0,0,0,0,0,0,0,0,0,0,0,0,0
"ACCCTCATCATGTCTC-1","2",1.49674073436727,0,0,0,0,0,0,0,0,0,0,0,0,0,0,0,0,0,0,0,0,1.00560219775445,1.95549764301048,0,0,1.82465553642439,0,0,0.624213124317303,1.82465553642439,0,0,0,0,1.28102533434743,0,0,0,0,0,0,0,0,0
"ACCCTCATCTTGATCC-1","5",2.49655759788493,0,0.618946914912849,0,0,0,0,0,0,0,0,0,0,0,0,0,0,0.998402531604439,0,0,0,1.27282169424228,2.06124851039598,0,0,2.25860338563707,0,1.48792223569775,1.48792223569775,1.81512254424511,0,0,0,0,0.998402531604439,0,0,0,0,0,0,0,0,0.618946914912849
"ACCCTCGCACATTCAT-1","0",2.46858246625963,0,0.516025829481558,0,0,0,0,0,0,0,0,0,0,0,0,0,0,0.516025829481558,0,0,0,0.516025829481558,0,0,0.516025829481558,2.34707913784491,0.854718474051301,0,0.516025829481558,1.1072643352886,0,0,0,0,0,0,0,0,0,0.516025829481558,0,0,0,0.854718474051301
"ACCCTCGCATCCAAGG-1","7",1.53841410553969,0,0,0,0,0,0,0,0,0,0,0,0,0,0,0,0,0,0,0,0,1.23492841424391,1.95943695878006,0,0,2.11798861113114,0,0,1.53841410553969,2.37514103501913,0,0,0.797086474643149,0,0,0,0,0,0,0,0,0,0,0.797086474643149
"ACCCTCTGTCAACCAT-1","0",1.95699416104937,0,0,0,0,0,0,0,0,0,0,0,0,0,0,0,0,0,0,0,0,1.32514640921964,0.744360352387565,0,1.16632980492851,1.46216301339418,0,0,0.439896964500518,0.97743916127672,0,0,0,0.439896964500518,0,0.439896964500518,0,0,0,0,0,0,0,0
"ACCCTCTGTTTGATGC-1","3",1.86217722080732,0,0,0,0,0,0,0,0,0,0,0,0,0,0,0,0,0,0,0,0,0,0,0,0,1.31341957649378,0,0,0,0,0,0,0,0,0,0,0,0,0,0,0,0,0,0
"ACCGAAAGTTCCTTGC-1","1",1.68622949297593,0,0.631174430648766,0,0,0,0,0,0,0,0,0,0,0,0,0,0,0,0,0,0,1.0150980608373,1.50835003211347,0,0,1.68622949297593,1.0150980608373,0,0,1.2918328445022,0,0,0,0,0,0,0,0,0,0,0,0,0,1.96833105245893
"ACCGAAAGTTTCGAGT-1","0",1.3668877384202,0,0.900795680052388,0,0,0,0,0,0,0,0,0,0,0,0,0,0,0.900795680052388,0,0,0,0.900795680052388,1.3668877384202,0,0,0.900795680052388,0,1.3668877384202,0,2.11719540254285,0,0,0,0,0,0,0,0,0,0,0,0,0,0
"ACCGACCGTCAATGCT-1","8",2.05200527328459,0,0.75639529910735,0,0,0,0,0,0,0,0,0,0,0,0,0,0,0.75639529910735,0,0,0,0,1.1820843400971,0,0,2.05200527328459,1.1820843400971,0.75639529910735,0,2.1876315722458,0,0,0,0,0,0,0,0,0,0,0,0,0,2.82305316842257
"ACCGACTAGAAGGGCC-1","6",1.58771674681495,0,0,0,0,0,0,0,0,0,0,0,1.58771674681495,0,0,0,0,2.53984419758803,0,0,0,0,0,0,0,1.58771674681495,0,0,0,0,0,0,0,0,0,0,0,0,0,0,0,0,0,4.4617204477632
"ACCGAGGGTTGGAGTA-1","0",1.9749196390283,0,0.710171486708456,0,0,0,0,0,0,0,0,0,0,0,0,0,0,0,0,0,0,1.63653939971336,1.12124756103307,0,1.12124756103307,1.9749196390283,0.710171486708456,1.63653939971336,1.12124756103307,1.12124756103307,0,0,0,0,0,0.710171486708456,0,0,0,0,0,0,0,0
"ACCGAGGGTTGTGGAA-1","3",2.73496615500187,0,0,0,0,0,0,0,0,0,0,0,0,0,0,0,0,0,0,0,0,0,0,0,0,0,0,0,0,0,0,0,0,0,0,0,0,0,0,0,0,0,0,0
"ACCGATTGTTGGAGCG-1","2",1.3568455023657,0,0,0,0,0,0,0,0,0,0,0,0,0,0,0,0,0,0,0,0,0.89280143250294,1.67257855721391,0,0,0,0,0,0,1.67257855721391,0,0,0,0,0,0,0,0,0,0,0,0,0,0
"ACCGCAACAATCCCGT-1","0",1.19221413987008,0,0.76415705976732,0,0,0,0,0,0,0,0,0,0,0,0,0,0,0.76415705976732,0,0,0,1.90745415105343,1.49100363803842,0,0,1.72075290312162,1.49100363803842,0.76415705976732,0,1.90745415105343,0,0,0,0,0,0,0,0,0,0,0,0,0,0
"ACCGCAACAATCCTCA-1","1",2.03489691345854,0,0.388728850328614,0,0,0,0,0,0,0,0,0,0,0,0,0,0,0.388728850328614,0,0,0,1.21655016121821,2.03489691345854,0,0,2.55549038322872,0.667936569901672,0.885960822828054,0.667936569901672,2.30528005201823,0,0,0,0,0,0,0,0,0,0,0,0,0,0.388728850328614
"ACCGCTAGTAAGTCTC-1","1",1.83848545101657,0,0,0,0,0,0,0,0,0,0,0,0,0,0,0,0,0,0,0,0,0.920511419478385,1.71049916929745,0,0.562632381474848,2.05381382434155,0.920511419478385,0,0,2.30890946281662,0,0,0,0,1.18352344226215,0,0.562632381474848,0,0,0,0,0,0,0.562632381474848
"ACCGGATTCAATCAAC-1","9",2.55759638315628,0,0,0,0,0,0,0,0,0,0,0,0,0,0,0,0,0,0,0,0,0,0,0,1.60306846414862,0,0,0,0,0,0,0,0,0,2.19014490174816,0,0,0,0,0,0,0,1.60306846414862,0
"ACCGGCTGTTGAGTCT-1","2",2.32603456924294,0,0,0,0,0,0,0,0,0,0,0,0,0,0,0,0,0,0,0,0,0,1.29176904082314,0,0.841398807546044,1.29176904082314,0.841398807546044,0,0.841398807546044,1.29176904082314,0,0,0,0,0,0,0,0,0,0,0,0,0,0.841398807546044
"ACCGGTTAGCCACGAT-1","14",2.0570468610754,0,0,0,0,0,0,0,0,0,0,0,0,0,0,0,0,1.18609736134554,0,0,0,0,0,0,0,0,0,0,1.18609736134554,0,0,0,0,1.71353768372174,0,0,0,0,0,0,0,0,0,0
"ACCGGTTAGGCAATGG-1","4",1.90321148339512,0,0,0,0,0,0,0,0,0,0,0,0,0,0,0,0,1.06556101863113,0,0,0,0.491126231676101,1.26317217203009,0,0.491126231676101,1.26317217203009,0,0.491126231676101,0,1.99355083894052,0,0,0,0,0,0,0,0,0,0,0,0,0,0
"ACCTAACGTAGGTGTA-1","6",0,0,0,0,0,0,0,0,0,0,0,0,0,0,0,0,0,0,0,0,0,0,0,0,0,1.66165694123613,0,1.66165694123613,0,0,0,0,0,0,0,0,0,0,0,0,1.66165694123613,0,0,3.55946129044921
"ACCTAAGTCCACCGTC-1","0",1.92021370570036,0,0,0,0,0,0,0,0,0,0,0,0,0,0,0,0,0.898372790323619,0,0,0,0.898372790323619,1.80740547379679,0,0.546850102387319,2.27558632983163,1.36384631639314,0.546850102387319,0,0,0,0.546850102387319,0,0,1.53450102219499,0,0,0,0,0,0,0,0,0.546850102387319
"ACCTAAGTCCTTCGCA-1","0",2.28334762184924,0,0.814698591483459,0,0,0,0,0.814698591483459,0,0,0,0,0,0,0,0,0,0,0,0,0,0,0,0,0,2.14604461465819,0,0.814698591483459,0.814698591483459,0.814698591483459,0,0,0,0,0,0,0,0,0,0,0,0,0,0
"ACCTACCCAAGGGCAG-1","0",1.27824635938041,0,0,0,0,0,0,0,0,0,0,0,0,0,0,0,0,0.830806487666529,0,0,0,0.830806487666529,1.27824635938041,0,0,2.01167716944624,0,0,0.830806487666529,0,0,0,0,0,0,0,0,0,0,0,0,0,0,1.27824635938041
"ACCTACTTCATCACCT-1","6",0,0,0,0,0,0,0,0,0,0,0,0,0,0,1.27833981028502,0,0,2.430335559513,0,0,0,0,0,0,0,2.95150422594768,0,0,0,0,0,1.27833981028502,1.27833981028502,0,0,1.27833981028502,0,0,0,0,1.82153623319303,0,0,3.3843024400462
"ACCTACTTCCAGATGC-1","3",3.23319426230277,0,0,0,0,0,0,0,0,0,0,0,0,0,0,0,0,0,0,0,0,0,0,0,1.39749811192432,1.39749811192432,0,0,0,0,0,0,0,0,0,0,0,0,0,0,0,0,0,0
"ACCTCCGCAAAGGTCT-1","0",2.20881513522135,0,0,0,0,0,0,0,0,0,0,0,0,0,0,0,0,0,0,0,0,0.905683539298597,0.552050720053683,0,0.552050720053683,1.54416427491259,0.552050720053683,0.905683539298597,0.552050720053683,1.16640589529822,0,0,0,0,0,0.552050720053683,0,0,0,0,0,0,0,0
"ACCTCGCTCACCTAGA-1","0",2.28181387657629,0,0.549778521935537,0,0,0,0,0,0,0,0,0,0,0,0,0,0,0.549778521935537,0,0,0,1.16271557402701,0.90249130247998,0,0,1.36901511392841,0.549778521935537,0,0.549778521935537,0,0,0,0,0,0,0,0,0,0,0,0,0,0,0.90249130247998
"ACCTCGCTCAGTAATC-1","8",1.94359942742465,0,0.691799908581498,0,0,0,0,0,0,0,0,0,0,0,0,0,0,0,0,0,0,1.0968155223632,1.94359942742465,0,0,2.39544433567704,1.0968155223632,0,0,1.0968155223632,0,0,0,0.691799908581498,0,0,0,0,0,0,0,0,0,2.48243526293155
"ACCTCGCTCGCTCTCA-1","3",2.71366819340643,0,1.8921782169751,0,0,0,0,0,0,0,0,0,0,0,0,0,0,0,0,0,0,0,0,0,0,1.33943894383839,1.33943894383839,0,0,0,0,0,0,0,0,0,0,0,0,0,0,0,0,0
"ACCTCGCTCTAAGCAT-1","8",1.43465800647604,0.58753788436969,0.58753788436969,0,0,0,0,0,0,0,0,0,0,0,0,0,0,0,0,0,0,0,2.28187968364256,0,0.58753788436969,2.43310263374247,0,0,0,2.10364260136278,0,0.58753788436969,0,0,0.58753788436969,0,0,0,0,0,0,0,0,2.62414932779146
"ACCTCTTAGCGAAGTG-1","4",0.83396183206015,0,0,0,0,0,0,0,0,0,0,0,0,0,0,0,0,0,0,0,0,0.83396183206015,1.59071727316458,0,0,1.59071727316458,0.83396183206015,0.83396183206015,0.83396183206015,1.28227877722513,0,0,0,0,0.83396183206015,0,0,0,0,0,0,0,0,0
"ACCTCTTAGTTAGCAT-1","0",1.78322734765509,0,0,0,0,0,0,0,0,0,0,0,0,0,0,0,0,0.688036648213548,0,0,0,1.09179242511682,2.07048089711089,0,0,1.601248477092,0,0,1.09179242511682,1.09179242511682,0,0,0,0,0.688036648213548,0,0,0,0,0,0,0,0,0
"ACCTGAATCAGCTGGT-1","3",1.72766303247411,0,0,0,0,0,0,0,0,0,0,0,0,0,0,0,0,0,0,0,0,0,0,0,0,1.72766303247411,0,0,0,0,0,0,0,0,0,0,0,0,0,0,0,0,0,0
"ACCTGATGTTCTGTGG-1","6",1.43532838312142,0,2.00175680724279,0,0,0,0,0,0,0,0,0,0,0,0,0,0,0,0,0,0,0,0,0,0,2.36114386319401,0,0,0,0,0,0,0,0,0,0,0,0,0,0,2.00175680724279,0,0,3.28121923685103
"ACCTGCCTCATGGATT-1","0",2.3492348780246,0,0,0,0,0,0,0,0,0,0,0,0,0,0,0,0,0,0,0,0,1.21473098105932,0.781475661591399,0,0,2.45635659894184,1.21473098105932,1.21473098105932,0.781475661591399,1.51602381333029,0,0,0,0,0,0,0,0,0,0,0,0,0,0
"ACCTGCCTCGATGGGA-1","4",1.91148656146562,0,0,0,0,0,0,0,0,0,0,0,0,0,0,0,0,0,0,0,0,0.67321103171929,1.75830826807176,0,0,2.04428804325426,0.67321103171929,0.67321103171929,0.67321103171929,1.75830826807176,0,0,0,0,0,0.67321103171929,0,0,0,0,0,0,0,1.07194144557576
"ACCTGCCTCGCGTTAA-1","1",2.08292990597999,0,0,0,0,0,0,0,0,0,0,0,0,0,0,0,0,0,0,0,0,0.940697614393684,1.7378845582923,0,0,2.26069206335768,0,0.577109848138556,0,2.26069206335768,0,0,0,0,0,0,0,0,0,0,0,0,0,0.940697614393684
"ACCTGGACACAACCAG-1","2",1.50638899605503,0,0,0,0,0,0,0,0,0,0,0,0,0,0,0,0,0,0,0,0,0.774790795156201,0.774790795156201,0,0,0.774790795156201,1.20605348398574,0,0.774790795156201,1.73704846483192,0,0,0,0,0,0,0,0,0,0,0,0,0,0
"ACCTGGACACCATTGC-1","15",1.9012445222246,0,0,0,0,0,0,0,0,0,0,0,0,0,0,0,0,0.667335264740566,0,0,0,0.667335264740566,0,0,0.667335264740566,1.74836187573447,0,0.667335264740566,0,0,0,0,0,0,0,0,0,0,0,0,0,0,0,0
"ACCTGGACATAATCCT-1","0",1.80068398206358,0,0,0,0,0,0,0,0,0,0,0,0,0,0,0,0,0,0,0,0,0.893611108826452,1.52819481187007,0,0,2.01459974735579,0,0.543468712983578,0,0.893611108826452,0,0,0,0,0,0,0,0,0,0,0,0,0,0.893611108826452
"ACCTGGGTCGACTAGC-1","2",1.78059725485862,0,0,0,0,0,0,0,0,0,0,0,0,0,0,0,0,0,0,0,0,1.2432030047402,1.54757300525478,0,0,0.803502600983959,0,0,0,2.2652412557885,0,0,0,0,0,0,0,0,0,0,0,0,0,0
"ACCTGTCCATCACTTG-1","2",1.45767944698385,0,0,0,0,0,0,0,0,0,0,0,0,0,0.437822461702399,0,0,0,0,0,0,1.32086186400151,2.33588513075614,0,0,1.95198139509348,0.437822461702399,0,0,0.97380065501075,0,0,0,0,0,0,0,0,0,0,0,0,0,0
"ACCTGTCCATGGTAGT-1","0",1.94440309300901,0.787498587519971,0,0,0,0,0,0,0,0,0,0,0,0,0,0,0,0,0,0,0,0,0,0,0,1.94440309300901,0.787498587519971,0,1.22253449173306,0,0,0,0,0,0.787498587519971,0,0.787498587519971,0,0,0,0,0,0,1.22253449173306
"ACCTTAAGTAAGTTCC-1","2",2.33686156139535,0,0,0,0,0,0,0,0,0,0,0,0,0,0,0,0,0,0,0,0,0,1.41493905331401,0,0,1.63996338966641,0,0.712334518508112,0,2.11278158052046,0,0,0,0,0.712334518508112,0,0,0,0,0,0,0,0,0
"ACCTTAAGTCAATCTA-1","1",1.48020745604985,0,0,0,0,0,0,0,0,0,0,0,0,0,0,0,0,0,0,0,0,0.614355175244532,0.614355175244532,0,0.614355175244532,1.26564896878434,1.26564896878434,0,1.26564896878434,2.41426700846298,0,0,0,0,0,0,0,0,0,0,0,0,0,0
"ACCTTCACAATGTCGG-1","14",2.88215750783476,0,0,0,0,0,0,0,0,0,0,0,0,0,0,0,0,0,0,0,0,0,0,0,0,0,0,0,0,0,0,0,0,0,0,0,0,0,0,0,0,0,0,0
"ACCTTCACATGCGGAC-1","0",2.66258782702545,0,0,0,0,0,0,0,0,0,0,0,0,0,0,0,0,0,0,0,0,0,1.29928298413026,0,0,2.03688192726104,0.847297860387204,0,0,0,0,0,0,0,0,0,0,0,0,0,0,0,0,0
"ACCTTCACATTGGCAG-1","0",2.55044563576392,0,0,0,0,0,0,0,0,0,0,0,0,0,0,0,0,0.64641078964292,0,0,0,0.64641078964292,0.64641078964292,0,0.64641078964292,2.31122553036446,0.64641078964292,0.64641078964292,0.64641078964292,0,0,0,0,0,0.64641078964292,1.03579876682342,0,0,0,0,0,0,0,1.53357395215606
"ACGAAATGTGAGGTGT-1","3",2.73631460156675,0,0,0,0,0,0,0,0,0,0,0,0,0,0,0,0,0,0,0,0,0,0,0,0,0,0,0,0,1.75958139874727,0,0,0,0,0,0,0,0,0,0,0,0,0,0
"ACGAAATGTTCGATTA-1","1",1.9260752773583,0,0,0,0,0,0,0,0,0,0,0,0,0,0,0,0,0,0,0,0,1.68582339211044,0.902447739903737,0,0.681624702419612,2.1766474713693,1.368960470588,0.397798226791268,0,1.68582339211044,0,0,0,0,0,0,0,0,0,0,0,0,0,1.368960470588
"ACGAAATGTTTGCGTG-1","2",1.11611375288214,0,0,0,0,0,0,0,0,0,0,0,0,0,0,0,0,0.706301910611345,0,0,0,0.706301910611345,1.6304032112698,0,1.11611375288214,1.81358885524965,0,1.11611375288214,0.706301910611345,2.22049245152089,0,0,0,0,0,0,0,0,0,0,0,0,0,0
"ACGAAGGTCCCGCAGA-1","6",0,2.367546638764,1.44071782555534,0,0,0,0,0,0,0,0,0,0,0,0,0,0,0,0,0,0,0,0,0,0,1.44071782555534,0,0,0,0,0,0,0,0,0,0,0,0,0,0,0,0,0,3.40164860157505
"ACGAATCCACTTGAGG-1","0",1.74426840773992,0.463868754180953,0,0,0,0,0,0,0,0,0,0,0,0,0,0,0,0,0,0,0,1.37398674185635,1.63539796234558,0,0,2.08971001168169,0.463868754180953,0,0.779521415075023,1.01907933058089,0,0,0,0,0.779521415075023,0.463868754180953,0,0,0,0,0.463868754180953,0,0,3.22679574568079
"ACGAATCCAGCAGGCT-1","7",2.09420179428314,0,0,0,0,0,0,0,0,0,0,0,0,0,0,0,0,0,0,0,0,1.34744518853322,1.34744518853322,0,0,2.39484890080759,0.537601398797561,0.537601398797561,0.537601398797561,2.09420179428314,0,0,0,0,0,0,0.537601398797561,0,0,0,0,0,0,0.537601398797561
"ACGAATGGTGAGTGTA-1","1",2.16541451368308,0,0.876847709420356,0,0,0,0,0,0,0,0,0,0,0,0,0,0,0,0,0,0,1.33674261035688,1.13300332042907,0,0,2.24282138311356,0,0,0.876847709420356,1.98991379740358,0,0,0,0,0,0,0,0,0,0,0,0,0,1.98991379740358
"ACGAATGGTGGACAGT-1","2",1.87702456431488,0,0.525766031298606,0,0,0,0,0,0,0,0,0,0,0,0,0,0,0,0,0,0,0.525766031298606,1.76512113539747,0,0,0.868573594461882,0,0,0.525766031298606,2.49056300756052,0,0,0,0.525766031298606,0,0,0,0,0,0,0,0,0,0
"ACGACAAGTAACCGGG-1","6",2.30592188645848,2.30592188645848,0,0,0,0,0,0,0,0,0,0,0,0,0,0,0,0,0,0,0,0,0,0,0,3.33577922051775,0,0,0,0,0,0,0,0,0,0,0,0,0,0,0,0,0,0
"ACGACATCAGTTAGCG-1","4",2.54271744597604,0,0,0,0,0,0,0,0,0,0,0,0,0,0,0,0,0.501252418199795,0,0,0,1.08260564935874,1.44784496915862,0,0.501252418199795,0.833593630187342,0,1.28180841049401,0.833593630187342,1.44784496915862,0,0,0,0,0,0,0,0,0,0,0,0,0,0
"ACGACATCATGCGGAC-1","4",2.46769691568364,0.788217437138551,0,0,0,0,0,0,0,0,0,0,0,0,0,0,0,1.22346493178546,0,0,0,0,0,0,0,1.94553310099436,0,0,1.22346493178546,1.22346493178546,0,0,0,0,0,0,0,0,0,0,0,0,0,1.5257120478662
"ACGAGCAAGCCACATA-1","3",2.72115219394167,1.74617051740075,0,0,0,0,0,0,0,0,0,0,0,0,0,0,0,1.74617051740075,0,0,0,0,0,0,0,0,0,0,0,1.74617051740075,0,0,0,0,0,0,0,0,0,0,0,0,0,1.74617051740075
"ACGAGTAGTAGTTACC-1","5",1.76397536465063,0,0,0,0,0,0,0,0,0,0,0,0,0,0,0,0,0,0,0,0,1.76397536465063,1.22899559781127,0,0,2.5717702617238,1.22899559781127,0,0,2.11062340867957,0,0,0,0,0,0,0,0,0,0,0,0,0,0
"ACGAGTAGTCAGCGGA-1","8",2.24911752858732,0,0,0,0,0,0,0,0,0,0,0,0,0,0,0,0,0,0,0,0,0,1.34193895034882,0,0,2.24911752858732,0,1.34193895034882,0.880965192598177,2.08767493677079,0,0,0,0,0,0,0,0,0,0,0,0,0,1.65626108371605
"ACGAGTGAGCCCTGCT-1","11",1.14289688461987,1.14289688461987,0,0,0,0,0,0,1.14289688461987,0,0,0,0,0,0,0,0,1.14289688461987,0,0,0,0,0,1.66234886396227,2.25584536688784,1.14289688461987,0,1.14289688461987,0,0,0,0,0,0,0,0,0,0,0,0,0,0,0,0
"ACGAGTGAGGTATATC-1","0",1.73387398216862,0,0,0,0,0,0,0,0,0,0,0,0,0,0,0,0,0,0,0,0,0,1.73387398216862,0,1.2033548257956,2.44154090058951,0,0,0,1.2033548257956,0,0,0,0,0,0,0,0,0,0,0,0,0,0
"ACGAGTGAGTGTCAAT-1","3",2.49616449684084,2.49616449684084,0,0,0,0,0,0,0,0,0,0,0,0,0,0,0,0,0,0,0,0,0,0,0,0,0,0,0,0,0,0,0,0,0,0,0,0,0,0,0,0,0,0
"ACGATGGAGATTCCTC-1","2",1.67000672770644,0,0.890932380983486,0,0,0,0,0,0,0,0,0,0,0,0,0,0,1.35449465694658,0,0,0,0.890932380983486,1.35449465694658,0,0,1.67000672770644,0,0,0,1.35449465694658,0,0,0,0,0,0,0,0,0,0,0,0,0,0
"ACGATGGAGGAACCAG-1","4",1.73537926554411,0,0.575777644453388,0,0,0,0,0,0,0,0,0,0,0,0,0,0,0,0,0,0,0.575777644453388,1.41440846989946,0,1.20463432155924,1.58771674681495,0,0.938844895782589,0,1.86401676145941,0,0,0,0,0,0,0,0,0,0,0,0,0,0.938844895782589
"ACGATGGAGTGATGCC-1","0",1.92411629176662,0,0,0,0,0,0,0,0,0,0,0,0,0,0,0,0,0,0,0,0,1.08170272335557,1.08170272335557,0,0,1.92411629176662,0,0,0,0,0,0,0,0,0,0,0,0,0,0,0,0,0,0
"ACGCAATCACTATCTG-1","0",1.49144824386036,0,0.621050323135403,0,0,0,0,0,0,0,0,0,0,0,0,0,0,0.621050323135403,0,0,0,1.00127986348302,1.27610125062386,0,0.621050323135403,1.00127986348302,0,0.621050323135403,0.621050323135403,0.621050323135403,0,0,0,0,0,0,0,0,0,0,0,0,0,0
"ACGCACTAGTTGCACA-1","4",1.94728283286729,0,0,0,0,0,0,0,0,0,0,0,0,0,0,0,0,0,0,0,0,1.04700751631511,1.04700751631511,0,0.379995566567707,1.44360685579095,0.379995566567707,0.379995566567707,0.654695402469541,1.54718474632406,0,0,0,0,0,0,0,0,0,0,0,0,0,1.04700751631511
"ACGCAGCCACTTAGGG-1","0",0.946254939009823,0,0,0,0,0,0,0,0,0,0,0,0,0,0,0,0,1.4236114024949,0,0,0,0.946254939009823,0,0,0.946254939009823,1.74538954177025,0.946254939009823,0,0,2.48759544046912,0,0,0,0,0.946254939009823,0,0,0,0,0,0,0,0,0
"ACGCAGCCAGGGCAAG-1","8",2.13408885938781,0,0,0,0,0,0,0,0,0,0,0,0,0,0,0,0,0,0,0,0,0,1.38121593347645,0,0,1.94010412181633,0,0,0,1.38121593347645,0,0,0,0.91223005508936,0.91223005508936,0,0,0,0,0,0,0,0,1.94010412181633
"ACGCCATAGTTACGGC-1","2",1.67792844425629,0,0,0,0,0,0,0,0,0,0,0,0,0,0,0,0,0,0,0,0,0,1.86300444153253,0,0.736500260492154,1.86300444153253,1.15600855634195,0,0,1.15600855634195,0,0,0,0,0,0,0,0,0,0,0,0,0,1.15600855634195
"ACGCCCAAGATTGCAT-1","3",2.95150422594768,0,0,0,0,0,0,0.83087958114025,0.83087958114025,0,0,0,0,0,0,0,0,0,0,0,0,0,0,0.83087958114025,0,0,0,0,0,0.83087958114025,0,0,0,0.83087958114025,0,0,0.83087958114025,0,0,0,0,0,0,0
"ACGCCCAAGTCGAACC-1","1",1.69975479053731,0,0,0,0,0,0,0,0,0,0,0,0,0,0.557003358757918,0,0,0,0,0,0,0.557003358757918,2.29709108706072,0,0,1.69975479053731,0,0.557003358757918,1.17443151963502,2.2191791761221,0,0,0,0,0,0,0,0,0,0,0,0,0,0.557003358757918
"ACGCGAGGTTGCAGCC-1","3",2.472485825393,0,0,0,0,0,0,0,0,0,0,0,0,0,0,0,0,1.86034229705167,0,0,0,0,1.86034229705167,0,0,0,0,0,0,0,0,0,0,0,0,0,0,0,0,0,0,0,0,0
"ACGCGGTCAACCCGTT-1","0",2.27488136282837,0,0,0,0,0,0,0,0,0,0,0,0,0,0,0,0,0,0,0,0,0.627368690350045,1.0099096632852,0,0,1.83034841121033,0,1.0099096632852,0.627368690350045,1.0099096632852,0,0,0,0,0,0,0,0,0,0,0,0,0,0
"ACGCGGTCATCATACT-1","1",1.4100516450418,0.481952820615017,0,0,0,0,0,0,0,0,0,0,0,0,0,0,0,1.4100516450418,0,0,0,1.24615074333993,1.97301572137582,0,0.481952820615017,2.05560561973777,0.481952820615017,0,0,2.54674108005744,0,0,0,0,0,0,0,0,0,0,0,0,0,1.55083381903165
"ACGCTAATCTATGCCT-1","0",2.03946274035879,0,0.555574519008748,0,0,0,0,0,0,0,0,0,0,0,0,0,0,0,0,0,0,0.555574519008748,0.555574519008748,0,0,2.55622470103973,1.55068746193847,0,0,0.555574519008748,0,0,0,0.555574519008748,0,0,0.555574519008748,0,0,0,0,0,0,1.1721186506117
"ACGCTCAGTTTACCGG-1","0",1.94888747776816,0,0.849283730812611,0,0,0,0,0,0,0,0,0,0,0,0,0,0,0.512216147040639,0,0,0,0.512216147040639,1.46900943810163,0,0.512216147040639,2.03990234056552,0,0,0,2.40105276109152,0,0,0,0,0.512216147040639,0,0,0,0,0,0,0,0,0
"ACGCTGACACTTCGAC-1","2",1.85950282770174,0,0,0,0,0,0,0,0,0,0,0,0,0,0,0,0,0,0,0,0,0,2.21165504350136,0,0,1.99115223550093,1.03206212909567,0,0,1.70785596404545,0,0,0,0,0,0,0,0,0,0,0,0,0,0
"ACGCTGACATCCCGAT-1","13",0,0,0,0,0,0,0,0,0,0,0,0,0,0,0,0,0,0,0,0,0,0,0,0,0,0,0,0,0,0,0,0,0,0,0,0,0,0,0,0,0,0,0,0
"ACGCTGACATTACGTT-1","0",1.37533280222259,0,0,0,0,0,0,0,0,0,0,0,0,0,0,0,0,0.90753111829544,0,0,0,0,0.90753111829544,0,0,2.12715767699375,0,0,0,1.69278404402543,0,0,0,0,0,0,0,0,0,0,0,0,0,1.69278404402543
"ACGGACAAGTAGTCAT-1","0",1.97030160217947,0,0,0,0,0,0,0,0,0,0,0,0,0,0,0,0,0,0,0,0,1.63222164817016,1.11763460137721,0,1.11763460137721,2.42374604759705,0,0,1.63222164817016,0,0,0,0,0,0,0,0,0,0,0,0,0,0,1.11763460137721
"ACGGACCCAACTGTGG-1","3",1.89794210856257,0,0,0,0,0,0,0,0,0,0,0,0,0,0,0,0,0,0,0,0,0,0,0,0,0,0,0,0,0,0,0,0,0,0,0,0,0,0,0,0,0,0,0
"ACGGACCCATGCGGAC-1","5",2.11655284821666,0,0,0,0,0,0,0,0,0,0,0,0,0,0,0,0,0,0,0,0,1.92307637234368,1.3663434827299,0,0,2.54033734963725,0.900361999265141,1.3663434827299,0.900361999265141,1.92307637234368,0,0,0,0,0,0,0,0,0,0,0,0,0,1.3663434827299
"ACGGATAGTGGCGCTT-1","3",2.86447606588456,0,0,0,0,0,0,0,0,0,0,0,0,0,0,0,0,0,0,0,0,0,0,0,0,0,0,0,0,0,0,0,0,0,0,0,0,0,0,0,0,0,0,0
"ACGGATTCATGAGCTG-1","16",0,0,0,0,0,0,0,0,0,0,0,0,0,0,0,0,0,0,0,0,0,0,0,0,0,0,0,0,0,0,0,0,0,0,0,0,0,0,0,0,0,0,0,0
"ACGGCACCATCCCATA-1","2",2.09568049687899,0,0,0,0,0,0,0,0,0,0,0,0,0,0,0,0,0,0,0,0,0,1.21698499628156,0,1.21698499628156,1.21698499628156,0,0,0,1.21698499628156,0,0,0,0,0,0,0,0,0,0,0,0,0,0
"ACGGCAGGTCATGATC-1","0",1.81623543757411,0,0,0,0,0,0,0.827313909994654,0,0,0,0,0,0.827313909994654,0,0,0,0,0,0,0,0.827313909994654,0,0,0.827313909994654,2.62984859157727,0.827313909994654,0,0,0,0,0,0,0,0,0,0,0,0,0,0,0,0,0
"ACGGCAGGTCTAACCG-1","3",3.23906284578818,0,0,0,0,0,0,0,0,0,0,0,0,0,0,0,0,0,0,0,0,0,0,0,0,0,0,0,0,0,0,0,0,0,0,0,0,0,0,0,0,0,0,0
"ACGGCCATCACTTCCG-1","16",0,0,0,0,0,0,0,0,0,0,0,0,0,0,0,0,0,0,0,0,0,0,0,0,0,2.33658009824673,0,0,1.41470318139231,0,0,0,0,0,0,0,0,0,0,0,0,0,0,0
"ACGGCCATCCGCGCTT-1","2",2.24499849916629,0,0.661564856245425,0,0,0,0,0,0,0,0,0,0,0,0,0,0,0,0,0,0,0.661564856245425,1.73855415198566,0,0,2.02350017687399,0,0.661564856245425,0,1.33853878302967,0,0,0,0,0,0,0.661564856245425,0,0,0,0,0,0,0
"ACGGGATGTCATCCAG-1","4",2.05811375738773,0,0.6172904734921,0,0,0,0,0,0,0,0,0,0,0,0,0,0,0.6172904734921,0,0,0,0,1.66193362597072,0,0,1.94266006066584,0.6172904734921,1.27023631192739,0,1.27023631192739,0,0,0,0,0.6172904734921,0,0,0,0,0,0,0,0,1.66193362597072
"ACGGGCAGTCAATCAC-1","0",1.72747279906799,0,0,0,0,0,0,0,0,0,0,0,0,0,0,0,0,0,0,0,0,0,1.49734649054737,0,1.19791703111223,2.61904748346797,0.768534859629062,1.19791703111223,0,1.19791703111223,0,0,0,0,0,0,0,0,0,0,0,0,0,1.19791703111223
"ACGGGCAGTCTCCAAG-1","1",2.49857651384867,0,0.586403354846732,0,0,0,0,0,0,0,0,0,0,0,0,0,0,0,0,0,0,0.953595582702773,0.953595582702773,0,0,2.19445604102774,0.953595582702773,0,0.586403354846732,0.953595582702773,0,0,0,0,0,0,0,0,0,0,0,0,0,0.953595582702773
"ACGGGGACATGACACG-1","0",1.44355388617215,0,0,0,0,0,0,0,0,0,0,0,0,0,0,0,0,0,0,0,0,0,0,0,0,2.20709855076934,1.44355388617215,0.962357643740535,0,0,0,0,0,0,0.962357643740535,0,0,0,0,0,0,0,0,0
"ACGGGGTAGGGGTTGA-1","3",2.80432378343655,0,0,0,0,0,0,0,0,0,0,0,0,0,0,0,0,0,0,0,0,0,0,0,0,0,0,0,0,0,0,0,0,0,0,0,0,0,0,0,0,0,0,0
"ACGGGTAAGAACCTTG-1","2",1.67088240096025,0,0,0,0,0,0,0,0,0,0,0,0,0,0,0,0,0,0,0,0,1.4440072174821,1.85568399876005,0,0,1.4440072174821,0,0,1.15007464567578,2.01160237831717,0,0,0,0,0,0,0,0,0,0,0,0,0,0
"ACGGGTTTCATGATCG-1","2",1.90358930673441,0,0,0,0,0,0,0,0,0,0,0,0,0,0,0,0,0,0,0,0,0,1.0658520724787,0,1.0658520724787,2.66187936709908,0,0,0,1.56999486775314,0,0,0,0,0,0,0,0,0,0,0,0,0,0
"ACGGTCACAATACTGA-1","5",2.24868783401939,0,0.353304578710295,0,0,0,0,0,0,0,0,0,0,0,0,0,0,0.353304578710295,0,0,0,1.37784705305616,0.613849315065496,0,0.353304578710295,2.05158662220314,0.82034979127003,0.991420060633016,0.613849315065496,1.73367332825289,0,0,0,0,0.613849315065496,0,0,0,0,0,0,0,0,0.353304578710295
"ACGGTCACACCTCGAT-1","0",2.12261371354504,0,0,0,0,0,0,0,0,0,0,0,0,0,0,0,0,0,0,0,0,0.904456274227152,0.904456274227152,0,0,2.35696186387212,0.904456274227152,0.551176919289558,0,1.54254367760407,0,0,0,0,0,0,0,0,0,0,0,0,0,0
"ACGGTTATCAGTTCGA-1","1",0.530072963995345,0,0.530072963995345,0,0,0,0,0,0,0,0,0,0,0,0,0,0,0,0,0,0,1.13048841099719,1.33400717722993,0,1.33400717722993,2.55598286748557,0,0.874681989640781,0.530072963995345,2.16212909646704,0,0,0,0,0,0,0,0,0,0,0,0,0,0
"ACGTAAGGTTGCTCAG-1","7",1.6570293041184,0,0,0,0,0,0,0,0,0,0,0,0,0,0,0,0,0,0,0,0,0.473898731264181,1.03628747524962,0.794117960223051,0,2.2499667559075,0.794117960223051,0,0.473898731264181,2.03714547701417,0,0,0,0,0,0,0,0,0,0,0,0,0,0.794117960223051
"ACGTCCCTCCATCCCA-1","2",1.60465512133204,0.843883916815366,0,0,0,0,0,0,0,0,0,0,0,0,0,0,0,0,0,0,0,0,2.19190895020183,0,0,2.19190895020183,0,0,0.843883916815366,1.8407915387716,0,0,0,0.843883916815366,0,0,0,0,0,0,0,0,0,0
"ACGTCCCTCGCGATTA-1","4",2.30462162510646,0,0,0,0,0,0,0,0,0,0,0,0,0,0,0,0,0.642926262157145,0,0,0,0.642926262157145,0.642926262157145,0,0.642926262157145,2.30462162510646,0,0.642926262157145,0.642926262157145,2.10612106418102,0,0,0,0,0,0,0,0,0,0,0,0,0,1.85820736065657
"ACGTCCTCAAGCGTGC-1","2",1.79518433036063,0,0,0,0,0,0,0,0,0,0,0,0,0,0,0,0,0,0,0,0,0.695203504478358,1.61272600409474,0,0,1.79518433036063,1.10135311530535,0,2.08303733835137,2.30628343696561,0,0,0,0,0,0,0,0,0,0,0,0,0,1.10135311530535
"ACGTCTAAGAATCGTT-1","8",1.84897736262192,0,0,0,0,0,0,0,0,0,0,0,0,0,0,0,0,1.14464552047408,0,0,0,0.727869237784397,0,0,0,2.54767030985318,0,0.727869237784397,1.14464552047408,1.14464552047408,0,0,0,0,0,0,0,0,0,0,0,0,0,2.25814306368322
"ACGTCTAAGGAGCTAG-1","2",2.02508882896837,0,0,0,0,0,0,0,0,0,0,0,0,0,0,0,0,0,0,0,0,0.972367044870784,2.22148131617333,0,0,0.972367044870784,0.972367044870784,0,0,1.45591183197954,0,0,0,0.972367044870784,0,0,0,0,0,0,0,0,0,0
"ACGTGTTGTATGTCCG-1","8",0.940697614393684,0,0,0,0,0,0,0,0,0,0,0,0,0,0,0,0,0,0,0,0,1.7378845582923,2.17575571804209,0,0,0.940697614393684,0.940697614393684,0,0.940697614393684,1.41671100952312,0,0,0,0,0.940697614393684,0,0,0,0,0,0,0,0,2.90029167762443
"ACGTGTTGTGAGCACG-1","4",1.84994458702428,0,0,0,0,0,0,0,0,0,0,0,0,0,0,0,0,0,0,0,0,0,0,0,0.928723649373909,1.19298702448037,0,0,0.928723649373909,2.24304947680128,0,0,0,0,0,0,0.56851218843972,0,0,0,0,0,0,0
"ACGTGTTGTTTACGCG-1","3",2.67256732729802,0,0,0,0,0,0,0,0,0,0,0,0,0,0,0,0,0,0,0,0,0,2.04621361751363,0,0,0,0,0,0,0,0,0,0,0,0,0,0,0,0,0,0,0,0,0
"ACGTGTTGTTTCGGGC-1","0",0,0,0,0,0,0,0,0,0,0,0,0,0,0,0,0,0,0,0,0,0,0.738662995369728,1.68130087784479,0,0,2.02271385890001,0.738662995369728,0.738662995369728,0,1.1588510236475,0,0,0,0,0,0,0,0,0,0,0,0,0,0
"ACGTTCAAGCATAGCC-1","0",2.00739384523528,0,0,0,0,0,0,0,0,0,0,0,0,0,0,0,0,0,0,0,0,0.652614735696123,1.3248624886817,0,0,2.32293268533212,0.652614735696123,1.0441955359795,0,0.652614735696123,0,0.652614735696123,0,0,0,0,0,0,0,0,0,0,0,0
"ACGTTCCCAAGCACTG-1","8",1.71633991396968,0,0,0,0,0,0,0,0,0,0,0,0,0,0.761287718732992,0,0,0,0,0,0,0,0,0,0,2.68732884976317,0.761287718732992,0,0.761287718732992,2.42208074415119,0,0,0,0,0,0,0,0,0,0,0,0,0,1.48683955913908
"ACGTTTGAGCGATACC-1","5",2.07524317510368,0,0,0,0,0,0,0,0,0,0,0,0,0,0,0,0,0,0,0,0,0.935350902698608,0.935350902698608,0,0,2.16797165154078,0,0.935350902698608,0.935350902698608,1.8591651317,0,0,0,0,0,0,0,0,0,0,0,0,0,0
"ACGTTTGAGCGCCAAT-1","4",2.28603627829816,0,0,0,0,0,0,0,0,0,0,0,0,0,0,0,0,0.5517695459091,0,0,0,1.54364292645346,1.37252277050084,0,0,1.54364292645346,0,0.5517695459091,0,1.54364292645346,0,0,0,0,0,0,0,0,0,0,0,0,0,1.37252277050084
"ACGTTTGAGGGGATGC-1","3",2.0485643031154,0,0,0,0,0,0,0,0,0,0,0,0,0,0,0,0,0,0,0,0,0,0,0,0,0,0,0,0,0,0,0,0,0,0,0,0,0,0,0,0,0,0,0
"ACGTTTGAGTGCTGTA-1","0",2.16653341517194,0,0.93436443567674,0,0,0,0,0,0,0,0,0,0,0,0,0,0,1.4088359077262,0,0,0,1.4088359077262,0.93436443567674,0,0.93436443567674,1.4088359077262,0,1.4088359077262,0.93436443567674,1.4088359077262,0,0,0,0,0,0,0,0,0,0,0,0,0,0.93436443567674
"ACTAAGCCAAACCCAG-1","0",2.00545720591988,0,0,0,0,0,0,0,0,0,0,0,0,0,0,0,0,0,0,0,0,1.55825740975422,1.30262850969679,0,0.728312399823654,1.84969943530218,0,0.958343002299275,1.43858908275873,0.429045445283524,0,0,0,0.429045445283524,0,0,0,0,0,0,0,0,0,0
"ACTAATGCAACATTGA-1","0",0,0,0,0,0,0,0,0,0,0,0,0,0,0,0,0,0,0,0,0,0,0,0.918969076513818,0,0,2.44641993468256,0,0.918969076513818,0.918969076513818,0,0,0,0,0,0,0,0,0,0,0,0,0,0,0
"ACTAATGCAGGCATAT-1","11",2.1677508006191,0,0.357620326674263,0,0,0,0,0,0,0,0,0,0,0,0,0,0,0.828450433295268,0,0,0,0.828450433295268,0.357620326674263,0,0.357620326674263,1.74556696004387,0,0,0.357620326674263,0,0,0.620493273434394,0,0,0.620493273434394,0.357620326674263,0.357620326674263,0,0,0,0.357620326674263,0,0,1.38865614428966
"ACTACAACAATTCGGG-1","4",2.12383727857845,0,0.597808365804206,0,0,0,0,0,0,0,0,0,0,0,0,0,0,0.597808365804206,0,0,0,0.597808365804206,1.62740528351973,0,0,0.597808365804206,0,0,0.597808365804206,0.597808365804206,0,0,0,0,0,0,0,0,0,0,0,0,0,1.62740528351973
"ACTACATAGAAGGTCG-1","2",2.65431722152604,0,0,0,0,0,0,0,0,0,0,0,0,0,0,0,0,0,0,0,0,0,2.02915279914333,0,0,2.1893230104644,0,0.842225454318861,0,2.55674263377888,0,0,0,0,0,0,0,0,0,0,0,0,0,0
"ACTACCCCAATATGTG-1","10",1.75481895374561,2.73093319654561,0,0,0,1.75481895374561,0,1.75481895374561,2.73093319654561,0,0,0,0,0,0,0,0,0,0,0,0,0,0,2.35752786531355,0,0,0,0,0,0,0,0,0,0,0,0,0,0,0,0,0,0,0,0
"ACTACTTCAACGTTAA-1","4",1.22740156640052,0,0,0,0,0,0,0,0,0,0,0,0,0,0,0,0,0.590071319449583,0,0,0,0.590071319449583,1.22740156640052,0,0.958673424885804,2.10864272112528,0,0,0.590071319449583,0.590071319449583,0,0,0,0,0,0,0,0,0,0,0,0,0,1.61354653989966
"ACTACTTCACCTTAAT-1","3",1.35609648983678,0,1.35609648983678,0,0,0,0,0,0,0,0,0,0,0,1.91132287965976,0,0,1.35609648983678,0,0,0,0,0,0,1.35609648983678,1.35609648983678,1.35609648983678,0,0,0,0,0,0,0,0,0,0,0,0,0,0,0,0,0
"ACTATCCTCCATCCTG-1","1",1.57812987121538,0,0,0,0,0,0,0,0,0,0,0,0,0,0,0,0,0,0,0,0,0.874845043375062,1.57812987121538,0,0.299827443149273,1.98695148479768,1.33421317808578,0.717292180242651,0.530188036872348,2.03377607938067,0,0,0,0,0,0,0,0,0,0,0,0,0,0.530188036872348
"ACTATCCTCCCTTGAT-1","0",1.38000603770719,0,0.354164357738866,0,0,0,0,0,0,0,0,0,0,0,0,0,0,0,0,0,0,1.38000603770719,0.615174152824935,0,0.615174152824935,2.05410193913111,0,0.615174152824935,0,1.38000603770719,0,0,0,0.615174152824935,0,0.354164357738866,0,0,0,0,0,0,0,0
"ACTATCCTCCGGTGAT-1","2",2.36008153157103,0,0,0,0,0,0,0.725496851936225,0,0,0,0,0,0,0,0,0,0,0,0,0,0.725496851936225,2.0007423394257,0,0.725496851936225,2.0007423394257,0,0,0.725496851936225,2.69832599836234,0,0,0,0,0,0,0,0,0,0,0,0,0,0
"ACTATGGTCATGGTCA-1","1",0,0,0,0,0,0,0,0,0,0,0,0,0,0,0,0,0,0,0,0,0,0,0,0,0,0,0,0,0,0,0,0,0,0,2.43602524057995,0,0,0,0,0,0,0,0,2.43602524057995
"ACTATGGTCCTCTACG-1","7",1.97342901557966,0,0,0,0,0,0,0,0,0,0,0,0,0,0,0,0,0,0,0,0,1.20094025446808,2.07564941524452,0,0,2.16838305480933,0.573469879212691,0,0,2.89243043741563,0,0,0.573469879212691,0,0.573469879212691,0,0,0,0,0,0,0,0,0
"ACTATTGGTAAGGTAT-1","0",0.770400486145903,0,0.770400486145903,0,0,0,0,0,0,0,0,0,0,0,0,0,0,0,0,0,0,0.770400486145903,1.5000457585041,0,0.770400486145903,2.43761258039513,0,1.20034506210263,0,1.5000457585041,0,0,0,0.770400486145903,0,0,0,0,0,0,0,0,0,0
"ACTCAATAGGATTACT-1","2",2.27152159466747,0,0,0,0,0,0,0,0,0,0,0,0,0,0,0,0,0,0,0,0,0,1.82720448804516,0,0,2.35740979025891,0,0,1.00753010258798,2.43650112733607,0,0,0,0,0,0,0,0,0,0,0,0,0,0
"ACTCACTTCAGCGAAG-1","2",1.52778035177748,0,0,0,0,0,0,0,0,0,0,0,0,0,0,0,0,0.789659283585887,0,0,0,0.789659283585887,1.94779823749812,0,0,1.94779823749812,0,0,1.22533058692088,1.22533058692088,0,0,0,0,0.789659283585887,0,0,0,0,0,0,0,0,0.789659283585887
"ACTCACTTCTAGTGTG-1","0",2.15202382787912,0,0,0,0,0,0,0,0,0,0,0,0,0,0,0,0,0,0,0,0,1.7158409132519,0.924437478123515,0,1.39646746577879,1.7158409132519,0.924437478123515,0,0,0.924437478123515,0,0,0,0,0,0,0,0,0,0,0,0,0,2.31478045823635
"ACTCAGGCAGTTAATG-1","14",1.59440895643221,1.08610389648411,0,0,0,0,0,0,0,0,0,0,0,0,0,0,0,0,0,0,0,0,0,0,0,0,0,0,1.08610389648411,0,0,0,0,0,0,0,0,0,0,0,0,0,0,0
"ACTCCAAAGCATCGAC-1","1",1.94302590771287,0,0,0,0,0,0,0,0,0,0,0,0,0,0,0,0,0,0,0,0,1.4854722980702,1.81247289524377,0,0,2.16198476749538,0.617487189154794,0,0.617487189154794,2.16198476749538,0,0,0,0,0,0.617487189154794,0,0,0,0,0,0,0,1.66227964004693
"ACTCCACCAATCTAAG-1","0",1.93625023647732,0,0,0,0,0,0,0,0,0,0,0,0,0,0,0,0,0.991420060633016,0,0,0,0,1.65587240098517,0,0,2.15498549876768,0,0,0,0,0,0,0,0,0,0,0,0,0,0,0,0,0,0
"ACTCCCATCCCATGAA-1","0",2.54885537438827,0,0,0,0,0,0,0,0,0,0,0,0,0,0,0,0,0,0,0,0,1.37323779581746,0,0,0,2.28689663240519,0,0.905859153164339,0,1.93097436563771,0,0,0,0,0,0,0.905859153164339,0,0,0,0,0,0,0
"ACTCCCATCGATCATG-1","3",1.92071077082071,0,0,0,0,0,0,0,0,0,0,0,0,0,0,0,0,0,0,0,0,0,0,0,0,0,0,0,0,0,0,0,0,0,0,0,0,0,0,0,0,0,0,0
"ACTCCCGCAGGATGCC-1","6",0,0,0,0,0,0,0,0,0,0,0,0,0,0,0,0,0,0,0,0,0,0,0,0,0,2.52526876846663,0,0,0,0,0,0,0,0,0,0,0,0,0,0,0,0,0,2.52526876846663
"ACTCCCTGTGACTTCG-1","0",1.83616028936383,0,0,0,0,0,0,0,0,0,0,0,0,0,0,0,0,0,0,0,0,1.0143133186067,1.29094024361921,0,0.630598476898714,1.83616028936383,1.0143133186067,1.0143133186067,0,0.630598476898714,0,1.0143133186067,0,0.630598476898714,0.630598476898714,0,0,0,0,0,0,0,0,0
"ACTCCGCTCGTCTATC-1","7",1.87116783597014,0,0.405215264259269,0,0,0,0,0,0,0,0,0,0,0,0,0,0,0,0,0,0,1.09811253853277,1.70413472768757,0,0.692772391374473,2.39721373340173,0.405215264259269,1.09811253853277,0.405215264259269,2.39721373340173,0,0,0,0,0,0,0,0,0,0,0,0,0,0.405215264259269
"ACTCCTTAGCGAAGCA-1","2",1.62913871737804,0,0,0,0,0,0,0,0,0,0,0,0,0,0,0,0,0,0,0,0,0.861409356428594,0.861409356428594,0,0,2.35758972087986,0.861409356428594,0,1.62913871737804,1.62913871737804,0,0,0,0,0.861409356428594,0,0,0,0,0,0,0,0,1.31720875898368
"ACTCGAATCAGCGATC-1","6",0,0,0,0,0,0,0,0,0,0,0,0,0,0,0,0,0,0,0,0,0,0,0,0,0,1.71484398514075,0,0,0,0,0,0,0,0,0,0,0,0,0,0,0,0,0,4.47232843510251
"ACTCGATGTCTAGCCA-1","0",2.0484907356649,0,0,0,0,0,0,0,0,0,0,0,0,0,0,0,0,0.612220852025454,0,0,0,1.13504327007814,1.13504327007814,0,0.352248304125097,2.58366446797949,0.989186682169348,0,0,0,0,0,0,0.352248304125097,0,0,0,0,0,0,0,0,0,0.352248304125097
"ACTCGATGTGCAACGG-1","0",1.43350180099968,0,0,0,0,0,0,0,0,0,0,0,0,0,0,0,0,0,0,0,0,0,0,0,0,1.75613863415803,0,0,1.75613863415803,0.954233285403035,0,0,0,0,0,0,0,0,0,0,0,0,0,0
"ACTCGCCTCAATTCGG-1","4",2.50007501702079,0,0,0,0,0,0,0,0,0,0,0,0,0,0,0,0,0.411007535273398,0,0,0,1.39872190171545,1.26460221047655,0,0,1.88581188029598,0.9262450891487,0.411007535273398,0,1.96010051176858,0,0,0,0.411007535273398,0,0,0,0,0,0,0,0,0,1.10966659373897
"ACTCGTCCATGACGGC-1","5",2.4779685171541,0,0,0,0,0,0,0.576494198603947,0,0,0,0,0,0,0,0,0,0,0,0,0,1.20578027778383,0.939841539832633,0,0,2.41029468770341,0,0.576494198603947,0.576494198603947,2.25943402104935,0,0,0,0,0,0.576494198603947,0.576494198603947,0,0,0,0,0,0,0.576494198603947
"ACTCGTCCATTCGCAC-1","0",2.29354524743422,0,0,0,0,0,0,0,0,0,0,0,0,0,0,0,0,0,0,0,0,1.09192396494729,0.402126537946605,0,0.402126537946605,2.85272852145072,1.09192396494729,0.402126537946605,0,0.402126537946605,0,0,0,0.402126537946605,0,0,0,0,0,0,0,0,0,0.402126537946605
"ACTCTAAGTTAGCACT-1","6",0,1.4299857252053,0,0,0,0,0,0,0,0,0,0,0,0,0,0,0,0,0,0,0,0,0,0,0,1.4299857252053,0,0,0,0,0,0,0,0,0,0,1.9956901747898,0,0,0,1.4299857252053,0,0,4.56808273300654
"ACTCTGTTCAGCAATT-1","3",2.33069148836054,0,0,0,0,0,0,0,0,0,0,0,0,0,0,0,0,0,0,0,0,0,0,0,0,0,0,0,0,0,0,0,0,0,0,0,0,0,0,0,0,0,0,0
"ACTCTGTTCAGCGATC-1","0",1.50520617489663,0,0,0,0,0,0,0,0,0,0,0,0,1.01252455216137,0,0,0,0,0,0,0,0,0,0,0,1.01252455216137,1.01252455216137,0,0,0,0,0,0,0,0,0,0,0,0,0,0,0,0,0
"ACTCTGTTCCCTGTCA-1","1",2.43856642733611,0,0.528925040201336,0,0,0,0,0,0,0,0,0,0,0,0,0,0,0,0,0,0,0,0.873054998232517,0,1.12859851339509,1.64531497171586,0,0.873054998232517,0.528925040201336,1.33195116358182,0,0,0,0,0,0,0,0,0,0,0,0,0,1.33195116358182
"ACTCTGTTCCGCATCC-1","2",1.58544954139211,0,0.830222228791509,0,0,0,0,0,0,0,0,0,0,0,0,0,0,0,0,0,0,0,2.42927302934122,0,0.830222228791509,2.30824892998897,0,0,0,2.0107801587818,0,0,0,0,0.830222228791509,0,0,0,0,0,0,0,0,0
"ACTGAGGAGGTTGGGA-1","0",1.57780391666031,0,0,0,0,0,0,0,0,0,0,0,0,0,0.673493509012171,0,0,0.673493509012171,0,0,0,0.673493509012171,1.35666707983981,0,0,2.04478990346039,0,0.673493509012171,0,2.04478990346039,0,0,0,0,0,0,0,0,0,0,0,0,0,1.35666707983981
"ACTGATTAGCGAAGTG-1","4",1.87836495183375,0,0.58323651287557,0,0,0,0,0,0,0,0,0,0,0,0,0,0,0,0,0,0,0,1.87836495183375,0,0,0.58323651287557,0,0.949205706827386,0.949205706827386,1.21653901617903,0,0,0,0,0,0,0,0,0,0,0,0,0,0.58323651287557
"ACTGCAATCGATCAGC-1","1",1.80340132368901,0,0,0,0,0,0,0,0,0,0,0,0,0,0,0,0,0,0,0,0,0.544834369464404,1.67633674883342,0,0,2.47357952050345,0.544834369464404,0,1.15466751402072,2.64175437844846,0,0,0,0.544834369464404,0,0,0,0,0,0,0,0,0,2.01742049224816
"ACTGCCCTCGTGAACC-1","0",1.57757515142955,0,0,0,0,0,0,0,0,0,0,0,0,0,0,0,0,0,0,0,0,1.57757515142955,0,0,0,1.57757515142955,0,0,0,0,0,0,0,0,0,0,0,0,0,0,0,0,0,1.57757515142955
"ACTGCTAAGATAGGGT-1","2",1.99076229945814,0,1.13366970155389,0,0,0,0,0,0,0,0,0,0,0,0,0,0,0.719554786407743,0,0,0,0.719554786407743,1.83539251115683,0,0.719554786407743,1.83539251115683,0,0.719554786407743,0.719554786407743,1.99076229945814,0,0,0,0,0,0,0,0,0,0,0,0,0,0
"ACTGCTGGTGAGGTTA-1","0",1.15273653060839,0,0,0,0,0,0,0,0,0,0,0,0,0,0,0,0,0,0,0,0,0,1.15273653060839,0,0,2.01497524617517,1.15273653060839,0.734012511085928,0,0.734012511085928,0,0.734012511085928,0,0,0,0.734012511085928,0,0,0,0,0,0,0,1.15273653060839
"ACTGCTGGTTGCGGCT-1","2",1.88337951425159,0,0,0,0,0,0,0,0,0,0,0,0,0,0,0,0,0,0,0,0,0,2.70399030279625,0,0,0.872933233140202,0,0,0.872933233140202,2.70399030279625,0,0,0,0,0,0,0,0,0,0,0,0,0,1.33179725469204
"ACTGGTCAGGCGATAG-1","6",0,1.60847860306323,0,0,0,0,0,0,0,0,0,0,0,0,0,0,0,2.19615862120597,0,0,0,0,0,0,0,2.19615862120597,0,0,0,0,0,0,0,0,0,0,0,0,0,0,1.60847860306323,0,0,4.76098491057993
"ACTGGTCAGTAGGAAC-1","9",0,0,0,0,0,0,0,0,0,0,0,0,0,2.24937039673295,0,0,0,2.24937039673295,0,0,0,0,0,0,0,2.24937039673295,0,0,0,0,0,0,0,0,0,0,0,0,0,0,0,0,0,0
"ACTGGTTGTCTCACTC-1","2",2.72886282129187,0,0,0,0,0,0,0,0,0,0,0,0,0,0,0,0,0,0,0,0,1.28171438407331,2.01583959379351,0,0,1.28171438407331,0,0,0.833520031057687,2.01583959379351,0,0,0,0,0,0,0,0,0,0,0,0,0,0
"ACTGGTTGTGAGTGTA-1","4",2.00270662403281,0,0,0,0,0,0,0,0,0,0,0,0,0,0,0,0,1.04068880095044,0,0,0,1.32088871201441,1.04068880095044,0,0,2.11922289237276,0,0,1.04068880095044,2.00270662403281,0,0,0,0,0,0,0,0,0,0,0,0,0,0
"ACTGGTTGTTAGCAAG-1","0",1.60402000419271,0,0,0,0,0,0,0,0,0,0,0,0,0,0,0,0,0,0,0,0,0,0,0,0,1.60402000419271,0,1.09409940604215,0,1.60402000419271,0,0,0,0,0,0,0,0,0,0,0,0,0,0
"ACTGGTTGTTGTGGTT-1","5",2.26037037798674,0,0,0,0,0,0,0.999648984881863,0,0,0,0,0,0,0,0,0,0.619857906458026,0,0,0,0.619857906458026,1.48944997481487,0,0,2.26037037798674,0,0,0.619857906458026,0.999648984881863,0,0,0,0.619857906458026,0,0,0,0,0,0,0,0,0,0.619857906458026
"ACTGTCAAGGATAGGT-1","1",0.86893513039191,0,0.526020728458948,0,0,0,0,0,0,0,0,0,0,0,0,0,0,0,0,0,0,0.526020728458948,1.97819298516635,0,0,1.97819298516635,1.12381068757146,0.526020728458948,1.63960068227055,2.49113419003311,0,0,0,0,0,0,0,0,0,0,0,0,0,0.526020728458948
"ACTGTTAGTTAGCGTT-1","4",1.62478075010323,0,0,0,0,0,0,0,0,0,0,0,0,0,0,0,0,0.596339508876217,0,0,0,0.596339508876217,0.596339508876217,0,0.596339508876217,1.90333483308751,0.596339508876217,0.596339508876217,0.596339508876217,1.44970206494624,0,0,0,0,0,0,0,0,0,0,0,0,0,1.23732540000342
"ACTGTTGAGCAGGTTC-1","0",1.33591546712642,0,0,0,0,0,0,0,0,0,0,0,0,0,0,0,0,0,0,0,0,0.876192706605152,1.33591546712642,0,0.876192706605152,2.08052729910223,1.33591546712642,0.876192706605152,0,0.876192706605152,0,0,0,0,0,0,0,0,0,0,0,0,0,0
"ACTGTTGAGTAACCCA-1","0",1.98897116755006,0,0,0,0,0,0,0,0,0,0,0,0,0,0,0,0,0,0,0,0,0,1.70578796361735,0,0,2.38991707581882,0.64245604876026,0.64245604876026,1.0304365499914,1.30926032461894,0,0,0,0,0,0,0,0,0,0,0,0,0,1.30926032461894
"ACTTAACAGGTACACC-1","0",1.55664141791924,0,0,0,0,0,0,0,0,0,0,0,0,0,0,0,0,0,0,0,0,1.55664141791924,1.55664141791924,0,0,1.7367014575459,0.660477434118153,0,0,1.05481106260022,0,0,0,0,0,0,0.660477434118153,0,0,0,0,0,0,1.33688058156404
"ACTTACCTCCGTTACT-1","0",1.9774895095563,0,0.347109882041955,0,0,0,0,0,0,0,0,0,0,0,0,0,0,0.808668367091287,0,0,0,0.347109882041955,1.55492887872953,0,0.604285580449384,2.08623433665377,0.808668367091287,1.1232596918834,0.978284312690721,1.63894272654416,0,0,0,0,0,0,0,0,0,0,0,0,0,0.604285580449384
"ACTTAGGTCCAGCGTG-1","0",1.37180860258802,0,0,0,0,0,0,0,0,0,0,0,0,0,0,0,0,0,0,0,0,1.68893498174818,0,0,1.68893498174818,1.37180860258802,0,0,0,2.12300216906633,0,0,0,0,0,0,0,0,0,0,0,0,0,0
"ACTTCGCCAAATGGTC-1","0",1.06119535891302,0,0,0,0,0,0,0.665216552265276,0,0,0,0,0,0,0,0,0,0,0,0,0,0,1.34410031959691,0,0,2.5127600998048,0.665216552265276,0,0,0,0,0,0,0,0,0,0,0,0,0,0,0,0,0
"ACTTCGCCAACCAGAT-1","1",1.49331900739504,0,0,0,0,0,0,0,0,0,0,0,0,0,0,0,0,0,0,0,0,0,2.06733017882435,0,1.49331900739504,2.06733017882435,0,0,0,1.00280722172823,0,0,0,0,0,0,0,0,0,0,0,0,0,1.49331900739504
"ACTTGAGTCCCAGAGT-1","9",0,0,2.59347982111894,0,0,0,0,0,0,0,0,0,0,0,0,0,0,0,0,0,0,0,0,0,0,0,0,0,0,0,0,0,0,0,0,0,0,0,0,0,0,0,0,0
"ACTTGCTTCTGGCCCT-1","2",1.76590132048445,0,0,0,0,0,0,0,0,0,0,0,0,0,0,0,0,0,0,0,0,0,2.36965288665052,0,0,2.61020093392708,0,0,0,1.91930328091855,0,0,0,0,0,0,0,0,0,0,0,0,0,0
"ACTTGGATCATGGTGC-1","0",2.44403214822779,0,0,0,0,0,0,0,0,0,0,0,0,0,0,0,0,0,0,0,0,1.28919099002475,0,0,0,2.32282593239189,0,0,0,1.28919099002475,0,0,0,0,0,0.83937702689576,0,0,0,0,0,0,0,0
"ACTTGGGCAATACTCT-1","0",3.06767161959039,0,0,0,0,0,0,0,0,0,0,0,0,0,0,0,0,0,0,0,0,1.71447050547872,1.71447050547872,0,0,2.31327456881637,0,0,1.186887792441,1.186887792441,0,0,0,0,0,0,0.760073558878511,0,0,0,0,0,0,0.760073558878511
"ACTTGGGCAGGTTCAG-1","8",1.826693977918,0,0,0,0,0,0,0,0,0,0,0,0,0,0,0,0,0,0,0,0,1.00714388132239,1.67605416758267,0,0,1.95758410561143,0.625342114207942,0.625342114207942,1.28278093320783,1.95758410561143,0,0,0,0,0.625342114207942,0,0,0,0,0,0,0,0,2.27097596714513
"ACTTTAGGTAACTCTA-1","0",2.3037897293002,0,0,0,0,0,0,0,0,0,0,0,0,0,0,0,0,0.754480587700414,0,0,0,0.754480587700414,0,0,0.754480587700414,2.59462568303322,1.17958176842639,0.754480587700414,1.17958176842639,1.4769391540352,0,0,0,0,0,0,0,0,0,0,0,0,0,0
"ACTTTAGGTGATGGTA-1","1",1.61312810153204,0,0,0,0,0,0,0,0,0,0,0,0,0,0,0,0,0,0,0,0,0.849935098550364,2.66687745784145,0,0,1.94986340274285,0,0.512672420500943,1.30263826363246,2.94880745714876,0,0,0,0,0,0,0,0,0,0,0,0,0,0
"ACTTTCATCACACTGA-1","5",1.57114144419102,0,0,0,0,0,0,0,0,0,0,0,0,0,0,0,0,0.56669215947313,0,0,0,0,1.39864534214568,0,0.56669215947313,1.96001316875166,1.19006129893698,1.19006129893698,0.56669215947313,0,0,0,0,0,0,0,0,0,0,0,0,0,0,0.56669215947313
"ACTTTCATCGCTCCGT-1","0",1.60592717715981,0,0,0,0,0,0,0,0,0,0,0,0,0,0,0,0,0.844791450644434,0,0,0,0,1.29609191640445,0,0,2.19332299845658,1.29609191640445,0,0,1.29609191640445,0,0,0,0.844791450644434,0,0,0,0,0,0,0,0,0,0
"ACTTTCGCAACTTAGA-1","0",2.59489032941215,0,1.06710141711016,0,0,0,0,0,0,0,0,0,0,0,0,0,0,0.669607602435825,0,0,0,0,1.35077388745038,0,0,2.25980657092355,0,0.669607602435825,0.669607602435825,0.669607602435825,0,0.669607602435825,0,0,0,0,0,0,0,0,0,0,0,0
"ACTTTGCTCACACTGA-1","2",1.14180698587997,0,0,0,0,0,0,0,0,0,0,0,0,0,0,0,0,1.14180698587997,0,0,0,0,2.25441260773064,0,0.725716858017311,1.43475953176094,0,0,0.725716858017311,1.14180698587997,0,0,0,0,0,0,0.725716858017311,0,0,0,0,0,0,0
"ACTTTGGAGCTTCCAT-1","7",2.56939161550706,0,1.10182256429836,0,0,0,0,0,0,0,0,0,0,0,0,0,0,1.10182256429836,0,0,0,1.6132890083362,1.10182256429836,0,0,2.40227037092491,0,0,0,1.6132890083362,0,0,0,0,0,0,0,0,0,0,0,0,0,1.6132890083362
"AGAAGGGGTGAGGATC-1","0",1.765178472664,0,0,0,0,0,0,0,0,0,0,0,0,0,0,0,0,0,0,0,0,1.07740431598302,0.677283516586778,0,0.677283516586778,2.74263486618783,1.07740431598302,0.677283516586778,1.07740431598302,0,0,0,0,0.677283516586778,0,0,0,0,0,0,0,0,0,2.05151276615483
"AGAAGGGGTGATGCGG-1","0",1.0626186860202,0,0,0,0,0,0,0,0,0,0,0,0,0,0,0,0,1.0626186860202,0,0,0,1.0626186860202,1.0626186860202,0,0,2.14893933617676,0,0,0,1.0626186860202,0,0,0,0,0,0,0,0,0,0,0,0,0,0
"AGAAGGGGTTCCTCTA-1","0",0.90612271031732,0,0,0,0,0,0,0,0,0,0,0,0,0,0,0,0,1.37356809716363,0,0,0,0,1.37356809716363,0,0,2.28729402524496,1.69085682379437,0,0,2.42683263001119,0,0,0,0,0,0,0,0,0,0,0.90612271031732,0,0,0
"AGAAGGGGTTGAAGTG-1","1",1.7233637582334,0,0,0,0,0,0,0,0,0,0,0,0,0,0,0,0,0,0,0,0,0.92997600618871,0.92997600618871,0,0,2.3230434067392,0,0,0.92997600618871,2.1601273305011,0,0,0,0,0,0,0,0,0,0,0,0,0,2.1601273305011
"AGAAGGTTCTAGTCTC-1","13",2.48399047931622,0,0,0,0,0,0,0,0,0,0,0,0,0,0,0,0,2.48399047931622,0,0,0,0,0,0,0,2.48399047931622,0,0,0,0,0,0,0,0,0,0,0,0,0,0,0,0,0,0
"AGAAGTCAGAACGAGT-1","6",1.79761673641301,0,0,0,0,0,0,0,0,0,0,0,0,0,0,0,0,0,0,0,0,0,1.79761673641301,0,0,2.40428332153369,0,0,0,0,0,0,0,1.79761673641301,0,0,0,0,0,0,0,0,0,3.93871298333901
"AGAAGTCAGGCGTCCA-1","0",2.03110657190696,0,0.976681590491645,0,0,0.976681590491645,0,0,0,0,0,0,0,0,0,0,0,0.976681590491645,0,0,0,0,0.976681590491645,0,0.976681590491645,1.46122980539364,0.976681590491645,0,0,0,0,0,0,0,0,0,0,0,0,0,0,0,0,1.46122980539364
"AGAAGTCAGGGCTACT-1","0",1.87179371541195,0,0,0,0,0,0,0,0,0,0,0,0,0,0,0,0,0.741932106672801,0,0,0,1.1631439348508,0.741932106672801,0,0,2.65323266888232,0,0.741932106672801,0,0,0,0,0,0,0,0,0,0,0,0,0,0,0,0.741932106672801
"AGAAGTTGTCTCACGA-1","0",2.01020139871689,0,0.731150855444003,0,0,0,0,0,0,0,0,0,0,0,0,0,0,0,0,0,0,0.731150855444003,1.44277164179743,0,1.14896954190212,2.01020139871689,0,0,0,0.731150855444003,0,0,0,0,0,0.731150855444003,0,0,0,0,0,0,0,0.731150855444003
"AGAAGTTGTGAAGCAC-1","11",1.39406945218458,0,0,0,0,0,0,0,0,0,0,0,0,0,0,0,0,0,0,0,0,0,0,0,0,1.39406945218458,0,0,0,0,0,0,0,0,0,0,0,0,0,0,0,0,0,0
"AGAATAGTCCCAATGA-1","2",1.86551480198603,0,0.860699823350883,0,0,0,0,0,0,0,0,0,0,0,0,0,0,0.860699823350883,0,0,0,1.31630906925296,2.05720556174952,0,0.860699823350883,0.860699823350883,0.860699823350883,0.860699823350883,0,1.62815077020104,0,0,0,0,0,0,0,0,0,0,0,0,0,0
"AGACAACAGCGCGATT-1","8",1.35374862108525,0,0,0,0,0,0,0,0,0,0,0,0,0,0,0,0,0.671568134320715,0,0,0,0.671568134320715,1.90862732886202,0,1.06973549262296,2.04136702186501,1.57468432721998,0.671568134320715,1.06973549262296,1.57468432721998,0,0,0,0,0.671568134320715,0,0,0,0,0,0,0,0,0
"AGACAACAGTAGCTCA-1","2",2.33024025860485,0,0,0,0,0,0,0,0,0,0,0,0,0,0,0,0,0,0,0,0,0,2.18071748466944,0,0.886967196072938,1.90375129004809,0,0.538758513154515,0,1.79128343742014,0,0.886967196072938,0,0,0.886967196072938,0,0,0,0,0,0,0,0,0
"AGACACAGTAATCCGT-1","8",1.73061829504235,0,0.457752528723299,0,0,0,0,0,0,0,0,0,0,0,0,0,0,0.457752528723299,0,0,0,1.20058847019882,1.73061829504235,0,0,2.14554895076526,1.00852471802139,0.77058757150916,0.77058757150916,1.50031631752831,0,0,0,0,0,0,0,0,0,0,0,0,0,1.99954516216742
"AGACACAGTTCCAGAT-1","6",2.07216941574782,0,0,0,0,0,0,0,0,0,0,0,0,0,0,0,0,0,0,0,0,0,0,0,0,1.49761590131156,0,0,0,0,0,0,0,1.49761590131156,0,0,0,0,0,0,0,0,0,3.6681967103682
"AGACACAGTTGAAGGC-1","0",1.43411005926523,0,0,0,0,0,0,0,0,0,0,0,0,0,0,0,0,0,0,0,0,0.725276985002216,1.14122664633001,0,0,2.69792848380796,0,1.14122664633001,0.725276985002216,0,0,0,0,0,0,0,0,0,0,0,0,0,0,0.725276985002216
"AGACAGACATCACACC-1","0",2.01694964523108,0,0,0,0,0,0,0,0,0,0,0,0,0,0,0,0,0.735197652465545,0,0,0,0,1.44872504554175,0,0,2.15190866198866,1.44872504554175,0,0,0.735197652465545,0,0,0,0.735197652465545,0,0,0,0,0,0,0,0,0,0.735197652465545
"AGACATAAGGTTGGAG-1","0",1.49802023208233,0,0,0,0,0,0,1.0066477821154,0,0,0,0,0,0,0,0,0,0,0,0,0,0,1.0066477821154,0,0,2.27027498376405,0,1.0066477821154,0,1.0066477821154,0,0,0,0,0,0,0,0,0,0,0,0,0,0
"AGACATAAGTATCTGG-1","0",1.96042501740494,0,0,0,0,0,0,0,0,0,0,0,0,0,0,0,0,0.62688107612544,0,0,0,0,0.62688107612544,0,1.00924437556721,2.64450344867611,1.28517227648564,0.62688107612544,0.62688107612544,1.96042501740494,0,0,0,0,0,0,0,0,0,0,0,0,0,0.62688107612544
"AGACATCCAAGTGCGC-1","5",2.2301980155467,0,0,0,0,0,0,0,0,0,0,0,0,0,0,0,0,0,0,0,0,0,1.51685645409857,0,0,2.3501999032919,0.782054292714474,0,0,1.74812676048036,0,0,0,0,0,0,0,0,0,0,0,0,0,0.782054292714474
"AGACATCCAATCGAGT-1","13",3.96575018850624,0,0,0,0,0,0,0,0,0,0,0,0,0,0,0,0,0,0,0,0,0,0,0,0,0,0,3.0774935228,0,0,0,0,0,0,0,0,0,0,0,0,0,0,0,2.42939102175148
"AGACATCCATGATCCC-1","0",1.0994797071518,0,0,0,0,0,0,0,0,0,0,0,0,0,0,0,0,0,0,0,0,1.0994797071518,0.693797814951407,0,0.693797814951407,2.19838096819172,0,0.693797814951407,0,1.38727015402899,0,0,0,0,0,0,0,0,0,0,0,0,0,0
"AGACATGGTTTGGAGA-1","4",2.17254331137148,0,0,0,0,0,0,0,0,0,0,0,0,0,0,0,0,1.27913476831055,0,0,0,1.27913476831055,1.82245973780195,0,0.499794374365541,1.08015868295287,0.499794374365541,0.499794374365541,1.58725236654505,1.44501397685326,0,0,0,0,0,0,0,0,0,0,0,0,0,1.58725236654505
"AGACGAACAGCCAATG-1","5",2.51999796959927,0,0,0,0,0,0,0,0,0,0,0,0,0,0,0,0,0,0,0,0,0.967992106251045,1.45051395385418,0,0,2.75327067139502,1.77460639000181,1.45051395385418,0.967992106251045,2.51999796959927,0,0,0,0,0,0,0,0,0,0,0,0,0,0.967992106251045
"AGACGAACAGGTTAGT-1","14",1.17329951657412,0,0,0,0,0,0,0,0,0,0,0,0,0,0,0,0,0,0,0,0,0,0,0,0,1.69841579991139,0,0,1.17329951657412,0,0,0,0,0,0,0,0,0,0,0,0,0,0,0
"AGACGATAGCAAGCTC-1","0",1.72720655934988,0,0,0.65491755876064,0,0,0,1.04730763476571,0.65491755876064,0,0,0,0,0,0,0,0,1.54754873226646,0,0,0,1.04730763476571,1.54754873226646,0,0,2.49318939903576,0,0.65491755876064,0.65491755876064,1.54754873226646,0,0,0,0.65491755876064,0,0,0.65491755876064,0,0,0,0,0,0,0
"AGACGCAAGTCGAAGG-1","6",0,0,0,0,0,0,0,0,0,0,0,0,0,0,0,0,0,0,0,0,0,0,0,0,0,0,0,0,0,0,0,0,0,0,0,0,0,0,0,0,1.60022198957559,0,0,3.59969814120897
"AGACGCAAGTGCTTAG-1","0",1.13689480654959,0,0,0,0,0,0,0,0,0,0,0,0,0,0,0,0,0.721995585735748,0,0,0,0.721995585735748,1.13689480654959,0,1.13689480654959,2.24794904031576,0,0,0,0.721995585735748,0,0,0,0,0,0,0,0,0,0,0,0,0,0
"AGACGCGGTTGGGATA-1","8",2.18502607688325,0,0,0,0,0,0,0,0,0,0,0,0,0,0,0,0,0,0,0,0,1.47746094177633,1.89256107993805,0,0,2.18502607688325,1.18005010156907,1.18005010156907,1.47746094177633,2.18502607688325,0,0,0,0,1.18005010156907,0,0,0,0,0,0,0,0,2.75075791512625
"AGACGCGGTTTCGCAG-1","16",2.18568318382945,0.295155961578732,0,0,0,0,0,0,0,0,0,0,0,0.522757180155948,0,0,0,0.864299680223583,0,0,0,0.708039513927919,0.999410272554738,0,0.522757180155948,2.10535936360451,1.11841985280748,0.864299680223583,0.708039513927919,1.40855051042229,0,0,0,0.295155961578732,0,0,0.295155961578732,0,0,0,0,0,0,0.522757180155948
"AGACGGATCACGCGCA-1","0",2.13651324810058,0.726157288170753,0,0,0,0,0,0,0,0,0,0,0,0,0,0,0,1.14238797883787,0,0,0,0,1.14238797883787,0,0,2.36124050645037,0,1.43540969054218,0,2.36124050645037,0,0,0,0,0,0,0,0,0,0,0,0,0,0
"AGACGGATCACTTGCT-1","0",2.49375932307344,0,0,0,0,0,0,0,0,0,0,0,0,0,0,0,0,1.21787805664004,0,0,0,0,0.584077560106685,0,0.584077560106685,1.60275158648103,0.584077560106685,0,0.584077560106685,1.87997665074267,0,0.584077560106685,0,0.584077560106685,0,0,0,0,0,0,0,0,0,0
"AGACGGATCTATCGTC-1","2",2.5428373746896,0,0,0,0,0,0,0,0,0,0,0,0,0,0,0,0,0,0,0,0.8336672430599,0.8336672430599,2.01606523651565,0,0,2.31374364038085,0.8336672430599,1.2819024525508,0.8336672430599,2.01606523651565,0,0,0,0,0,0,0,0,0,0,0,0,0,0
"AGACGGGCAATACGGT-1","0",2.0582627437085,0,0.617369144240031,0,0,0,0,0,0,0,0,0,0,0,0,0,0,0,0,0,0,0.617369144240031,1.27035915598893,0,0,1.94280637805103,0,0.617369144240031,0.99624277539328,0.617369144240031,0,0.617369144240031,0.617369144240031,0,0.617369144240031,0,0,0,0,0,0.617369144240031,0,0,0
"AGACGTAGTTCAAGTC-1","4",2.15721924272252,0,0.462623521948113,0,0,0,0,0,0,0,0,0,0,0,0,0,0,0,0,0,0,1.20983792377833,1.37147927533475,0,0.462623521948113,1.63269477459837,0,0.777704568588008,0,0.462623521948113,0,0,0.462623521948113,0,0,0,0,0,0,0,0,0,0,0
"AGACTCGCATAGATGC-1","0",2.6794951945045,0,0,0,0,0,0,0,0,0,0,0,0,0,0,0,0,0,0,0,0,0,0,0,0,1.18263335517591,0,0,0,0,0,0,0,0,0,0,0,0,0,0,0,0,0,0
"AGACTCGCATGGTACG-1","2",2.11371050937136,0,0,0,0,0,0,0,0,0,0,0,0,0,0,0,0,0,0,0,0,0.794417089474992,1.95525955821971,0,0.794417089474992,1.95525955821971,0,0,0,1.76688638420891,0,0,0,0,0,0,0,0,0,0,0,0,0,0
"AGACTTACATTACAGA-1","7",2.78914930889747,0,0,0,0,0,0,2.15566015291497,0,0,0,0,0,0,0,0,0,0,0,0,0,0,2.15566015291497,0,0,3.45107746419561,0,0,0,2.15566015291497,0,0,0,0,0,0,0,0,0,0,0,0,0,0
"AGAGAATCAGCTATGG-1","0",2.49616449684084,0.872122387326556,0,0,0,0,0,0,0,0,0,0,0,0,0,0,0,0,0,0,0,1.33077223392968,1.64402223022955,0,0,2.07441780797712,1.33077223392968,0.872122387326556,0.872122387326556,1.33077223392968,0,0,0,0,0,0.872122387326556,0,0,0,0,0,0,0,0
"AGAGACTAGAATCATC-1","0",2.10723100359207,0,0.894080584548499,0,0,0,0,0,0,0,0,0,0,0,0,0,0,0,0,0,0,0,2.10723100359207,0,0.894080584548499,2.53057238575865,1.35845373514695,0,0,1.35845373514695,0,0,0,0,0,0,0,0,0,0,0,0,0,0
"AGAGACTAGTCAGGTC-1","1",1.3206605436025,0,0,0,0,0,0,0.437725098613343,0,0,0,0,0,0,0.437725098613343,0,0,0.437725098613343,0,0,0,0.437725098613343,1.45746875309334,0,0,2.22329127648655,0.437725098613343,1.16212400460754,0.973629748268168,1.68518188350564,0,0,0,0,0.437725098613343,0,0,0,0,0,0,0,0,0.741155112607249
"AGAGAGAAGGAGTAGT-1","1",2.47326689162143,0,0.93671684324987,0,0,0,0,0,0,0,0,0,0,0,0,0,0,0,0,0,0,0.93671684324987,1.41176246812679,0,0,1.97496418044833,1.73249963844303,2.16996207632236,0,1.41176246812679,0,0,0,0,0,0,0,0,0,0,0,0,0,2.16996207632236
"AGAGATGCAAACCAGT-1","0",2.25041431385727,0,0.723413714776784,0,0,0,0,0,0,0,0,0,0,0,0,0,0,1.13876746501176,0,0,0,0.723413714776784,0.723413714776784,0,0.723413714776784,1.657434195012,1.13876746501176,0,0.723413714776784,0.723413714776784,0,0,0,0,0,0,0,0,0,0,0,0,0,0
"AGAGATGCATTCCTCT-1","0",2.27619605296567,0,0,0,0,0,0,0,0,0,0,0,0,0,0,0,0,1.07913200211218,0,0,0,0,1.58601561325983,0,0.678572657402677,1.92079364728584,1.36435213830562,1.36435213830562,0.678572657402677,0.678572657402677,0,0,0,0.678572657402677,0,0,0,0,0,0,0,0,0,1.36435213830562
"AGAGATTGTTTCCGCT-1","3",1.7360849798154,0,1.7360849798154,0,0,0,0,0,0,0,0,0,0,0,0,0,0,0,0,0,0,0,0,0,0,1.7360849798154,0,0,0,0,0,0,0,0,0,0,0,0,0,0,0,0,0,0
"AGAGGCATCTAGTTCC-1","2",1.20368121662887,0,0,0,0,0,0,0,0,0,0,0,0,0,0,0,0,0,0,0,0,0.772965597551819,1.92145699134186,0,0,2.33499865769953,0,0,1.20368121662887,2.78256070225386,0,0,0,0.772965597551819,0,0,0,0,0,0,0,0,0,0
"AGAGGGTCAAATGGCT-1","0",0,0,0,0,0,0,0,0,0,0,0,0,0,0,0,0,0,0,0,0,0,0,1.18847218350703,0,0,0,1.71633991396968,1.18847218350703,1.71633991396968,1.18847218350703,0,0,1.18847218350703,0,0,0,0,0,0,0,0,0,0,1.18847218350703
"AGAGTATGTGAGCGTG-1","0",2.01629094581711,0,0,0,0,0,0,0,0,0,0,0,0,0,0,0,0,0.966072467765882,0,0,0,0,0,0,0,0,0,0.966072467765882,0,0.966072467765882,0,0,0,0.966072467765882,0,0,0,0,0,0,0,0,0,0
"AGAGTATGTTAGCGAA-1","3",2.2906131819356,0,0,0,0,0,0,0,0,0,0,0,0,0,0,0,0,0,0,0,0,0,0,0,0,0,0,0,0,0,0,0,0,0,0,0,0,0,0,0,0,0,0,0
"AGAGTCAGTTGGACGG-1","9",0,0,0,0,0,0,0,0,0,0,0,0,0,0,0,0,0,0,0,0,0,0,0,0,0,0,0,0,0,0,0,0,0,0,0,0,0,0,0,2.70061522261469,0,0,0,0
"AGAGTTGGTGGCTTGC-1","3",2.52526876846663,0,0,0,0,0,0,0,0,0,0,0,0,0,0,0,0,1.90911670117351,0,0,0,0,0,0,0,0,0,2.52526876846663,0,0,0,0,0,0,0,0,0,0,0,0,0,0,0,0
"AGAGTTGGTTCACGAT-1","5",1.84268960877036,0,0,0,0,0,0,0,0,0,0,0,0,0,0,0,0,0,0,0,0,0.845170200010087,1.2965742662121,0,0,2.97538858598974,1.60645791874308,1.2965742662121,0,0,0,0,0,0,0,0.845170200010087,0,0,0,0,0,0,0,0.845170200010087
"AGAGTTGGTTGCGAGG-1","1",1.58934465295236,0,0,0,0,0,0,0,0,0,0,0,0,0,0,0,0,0,0,0,0,1.08189606854994,1.08189606854994,0,0,1.92436608853396,0,0.68063628513031,0,2.46184909663868,0,0,0,0,0.68063628513031,0.68063628513031,0,0,0,0,0,0,0,0.68063628513031
"AGCAAATGTTAGCAAG-1","0",1.61511533321692,0,0,0,0,0,0,0,0,0,0,0,0,0,0,0,0,0,0,0,0,0,1.304445605637,0,0.851356447369256,2.34178256471664,0.851356447369256,0,0,1.304445605637,0,0,0,0,0,0.851356447369256,0,0,0,0,0,0,0,0
"AGCAAATGTTTCGTCC-1","11",2.21593015871003,1.31461347305505,0,0,0,0,0,0,0,0,0,0,0,0,0,0,0,0,0,0,0,0,0,0,0,2.47597069172121,1.31461347305505,0,0,0,0,0,0,1.31461347305505,0,0,0,0,0,0,0,0,0,1.31461347305505
"AGCAATCCACCATGAG-1","12",2.81237731913883,0,0,0,0,0,0,0,0,0,0,0,0,0,0,0,0,0,0,0,0,0,0,0,0,2.81237731913883,0,0,0,0,0,0,0,0,0,0,0,0,0,0,0,0,0,0
"AGCAATTTCAATCCAG-1","5",1.82110205144729,0,0,0,0,0,0,0,0,0,0,0,0,0,0,0,0,0,0,0,0,0,0,0,0,2.06748094889672,0,1.00291651177343,0,1.82110205144729,0,0,0,0,0,0,0,0,0,0,0,0,0,1.00291651177343
"AGCAATTTCGAGTGGA-1","3",2.15296497685855,0,0,0,0,0,0,0,0,0,0,0,0,0,0,0,0,0,0,0,0,0,0,0,0,0,0,0,0,2.15296497685855,0,0,0,0,0,0,0,0,0,0,0,0,0,0
"AGCAATTTCGCGTTCC-1","11",2.21350748722298,0,0,0,0,0,0,0,0,0,0,0,0,0,0,0,0,0,0,0,0,0,0,0,0,2.67962166698263,0,0,0,0,0,0,0,0,0,0,0,0,0,0,0,0,0,1.31262501752792
"AGCAATTTCGCTAGTA-1","9",3.60490460709883,0,0,0,0,0,0,0,0,0,0,0,0,0,0,0,0,0,0,0,0,0,0,0,0,2.93858438265142,0,0,0,0,0,0,0,0,0,0,0,0,0,0,0,0,0,0
"AGCACCACAGGTTCCT-1","13",0,0,0,0,0,0,0,0,0,0,0,0,0,0,0,0,0,0,0,0,0,0,2.49667556375011,0,1.8826706909194,2.49667556375011,0,0,0,0,0,0,0,0,0,0,0,0,0,0,0,0,0,0
"AGCACGCCAACCGTCT-1","2",1.49586677349517,0,0,0,0,0,0,0,0,0,0,0,0,0,0,0,0,0,0,0,0,0.623690379581954,1.67316441566266,0,0,2.17386585105859,0,0,0,2.35364026379433,0,0,0,0,0,0,0,0,0,0,0,0,0,0
"AGCACGCCACCTGTGT-1","4",2.43026286496072,0,0.586155776947788,0,0,0,0,0,0,0,0,0,0,0,0,0,0,0,0,0,0,0.586155776947788,1.09616495822762,0,0.335424114031641,1.43228708676841,0.586155776947788,0.786455444820588,0.586155776947788,1.94276247983539,0,0,0,0.335424114031641,0,0,0.335424114031641,0,0,0,0,0,0,2.05092217194084
"AGCACGTTCCAATTCC-1","0",1.97242949798354,0,0.805414482431026,0,0,0,0,0,0,0,0,0,0,0,0,0,0,0,0,0,0,0.805414482431026,1.24566570662461,0,1.24566570662461,1.78347441769395,0,0,0,1.55029733739016,0,0,0,0,0,0,0,0,0,0,0,0,0,0
"AGCACTATCAATTCGG-1","6",1.43703809804781,1.43703809804781,0,0,0,0,0,0,0,0,0,0,0,0,0,0,0,1.43703809804781,0,0,0,0,0,0,0,3.00811914610579,0,1.43703809804781,0,0,0,0,0,0,0,0,0,0,0,0,1.43703809804781,0,0,4.01709666570243
"AGCACTATCACCAAGC-1","2",1.97101023505794,0,0,0,0,0,0,0,0,0,0,0,0,0,0,0,0,0,0,0,0,1.11818877029321,1.63288411833355,0,0,1.11818877029321,0,0,1.11818877029321,1.97101023505794,0,0,0,0.707865353033967,1.11818877029321,0,0,0,0,0,0,0,0,0
"AGCACTATCCTCTCCT-1","2",1.93215158075747,0,0,0,0,0,0,0,0,0,0,0,0,0,0,0,0,0.68514437146021,0,0,0,0.68514437146021,1.93215158075747,0,0.68514437146021,2.28813360203201,0,1.08792758076695,0.68514437146021,1.59660249476654,0,0,0,0,0,0,0,0,0,0,0,0,0,0
"AGCACTATCTGGCTAA-1","2",1.68946295366769,0,0,0,0,0,0,0,0,0,0,0,0,0,0,0,0,0.633033094416895,0,0,0,0,2.28575851163312,0,0.633033094416895,1.68946295366769,0,0,0,2.37178051735447,0,0,0,0,0,0,0,0,0,0,0,0,0,0
"AGCACTTGTGAGATTG-1","8",0.891611070703727,0,0,0,0,0,0,0,0,0,0,0,0,0,0,0,0,0,0,0,0,0.891611070703727,1.91046414184072,0,0,0,0.891611070703727,0,0,2.10355836614432,0,0,0,0,0,0,0,0,0,0,0,0,0,1.91046414184072
"AGCACTTGTTGACGTT-1","4",1.8116156410013,0,0,0,0,0,0,0,0,0,0,0,0,0,0,0,0,0,0,0,0,1.16140746530078,0.548973869254399,0,0,1.53845239893972,0.548973869254399,0.548973869254399,0,0.548973869254399,0,0,0,0,0,0,0,0,0,0,0,0,0,0.548973869254399
"AGCAGCAAGGAGTATA-1","1",2.29717032946244,0,0.965669377314345,0,0,0,0,0,0,0,0,0,0,0,0,0,0,0,0,0,0,0,1.23541851269685,0,0,2.29717032946244,0.965669377314345,0.595133283943352,0.965669377314345,2.01572679738869,0,0,0,0,0,0,0,0,0,0,0,0,0,0.595133283943352
"AGCAGCAAGGTTGGAG-1","12",2.70581306370385,0,0,0,0,0,0,0,0,0,0,0,0,0,0,0,0,0,0,0,0,0,0,0,0,0,0,0,0,0,0,0,0,0,0,0,0,0,0,0,0,0,0,0
"AGCAGGATCACACCGG-1","1",2.10695903620444,0,0,0,0,0,0,0,0,0,0,0,0,0,0,0,0,0.70896405881062,0,0,0,0,2.10695903620444,0,0.70896405881062,2.86278151631414,0,1.11964634983025,1.11964634983025,2.22517280983034,0,1.40992684198846,0,0,2.22517280983034,0,0,0,0,0,0,0,0,0
"AGCAGGATCATCTACC-1","15",1.21025087816307,0,0,0,0,0,0,0,0,0,0,0,0,0,0,0,0,0.778022670160522,0,0,0,0,1.51105060760612,0,0.778022670160522,2.22355717336839,0,1.21025087816307,0,0,0,0,0,0.778022670160522,0,0,0,0,0,0,0,0,0,0
"AGCAGGATCGATTCCT-1","0",2.3449239368309,0,0,0,0,0,0,0,0,0,0,0,0,0,0,0,0,0.5800008398911,0,0,0,0.5800008398911,0.944714856304272,0,1.21138123177887,1.21138123177887,0.944714856304272,0,0,0.5800008398911,0,0,0,0,0,0,0,0,0,0,0,0,0,0
"AGCAGGATCTGGGACT-1","8",1.53946800129932,0,0,0,0,0,0,0,0,0,0,0,0,0,0,0,0,0,0,0,0,0,1.23588018145662,0,0,2.37635818765399,1.23588018145662,0,0,1.23588018145662,0,0,0.797823868711028,0.797823868711028,1.23588018145662,0,0,0,0,0,0,0,0,2.37635818765399
"AGCATCATCGTGAACC-1","3",2.56458020619762,0,0,0,0,0,0,0,0,0,0,0,0,0,0,0,0,0,0,0,0,0,0,0,0,0,0,0,0,0,0,0,0,1.60911798921294,0,0,0,0,0,0,0,0,0,0
"AGCATCTGTGCAGGTG-1","1",2.29957563564368,0,0.914285433624995,0,0,0,0,0,0,0,0,0,0,0,0.914285433624995,0,0,0,0,0,0,1.55550523137286,1.82977291890123,0,0,1.55550523137286,0,0.558183842489362,0.914285433624995,2.8590478899304,0,0,0.558183842489362,0.558183842489362,0,0,0,0,0,0,0,0,0,1.38378710936206
"AGCATTGTCAGCCCAG-1","0",0.82163273486717,0,0,0,0,0,0,0,0,0,0,0,0,0,0,0,0,1.26650242824608,0,0,0,0,1.80777059747919,0,0,2.15701118679634,0,0,0.82163273486717,1.26650242824608,0,0,0,0.82163273486717,0,0.82163273486717,0,0,0,0,0,0,0,0.82163273486717
"AGCATTTAGAACGATA-1","0",2.2754743895163,0,0,0,0,0,0,0,0,0,0,0,0,0,0,0,0,0,0,0,0,1.25133623120099,1.55656757939767,0,0,0.809820707614771,0,1.55656757939767,0,1.55656757939767,0,0,0,0.809820707614771,0,0,0,0,0,0,0,0,0,0
"AGCATTTAGCTACTGA-1","7",2.00470143511995,0,0,0,0,0,0,0,0,0,0,0,0,0,0,0,0,0.401553727951328,0,0,0,1.24436262561906,2.12967897172803,0,0,2.29198905290019,0,0.401553727951328,1.37747214302872,2.4741133239951,0,0,0,0,0,0,0,0,0,0,0,0,0,1.0907741693652
"AGCATTTAGGGCTCAT-1","4",1.98775217341661,0.286330166099683,0,0,0.508661695459627,0,0,0,0,0,0,0,0,0,0,0,0,0.508661695459627,0,0,0,0.690441537730528,0.844205098867826,0.286330166099683,0.286330166099683,1.89251602692686,0,0.286330166099683,0.690441537730528,1.730140793513,0,0,0,0.286330166099683,0,0.286330166099683,0.508661695459627,0,0,0,0,0,0,1.29534507947604
"AGCCAAAGTGATCCAT-1","7",2.15964480691442,0,0,0,0,0,0,0,0,0,0,0,0,0,0,0,0,1.66013718191053,0,0,0,0.616269632572741,1.9407605306074,0,0.616269632572741,2.41806126570835,0.616269632572741,0.99473694755476,0.616269632572741,2.05617954240451,0,0,0,0,0,0.616269632572741,0,0,0,0,0,0,0,1.66013718191053
"AGCCAATCATTACGGG-1","0",1.78306268190063,0,0,0,0,0,0,0,0,0,0,0,0,0,0,0,0,1.24531321961363,0,0,0,0,0,0,0,1.54990744688207,0.805140769890984,1.78306268190063,0.805140769890984,1.24531321961363,0,0,0,0,0,0,0,0,0,0,0,0,0,0
"AGCCAGCCAAGCCTAG-1","2",1.2000206894527,0,0,0,0,0,0,0,0,0,0,0,0,0,0,0,0,0.770151187173319,0,0,0,0.770151187173319,2.21054103531811,0,0,2.70277723603112,0,0.770151187173319,0.770151187173319,1.49968519232477,0,0,0,0,0.770151187173319,0,0,0,0,0,0,0,0,0
"AGCCAGCCAAGGTGCC-1","10",1.90569785768983,1.90569785768983,0,1.90569785768983,0,0,0,1.90569785768983,0,0,0,0,0,0,0,0,0,0,0,0,0,0,0,3.17372756127573,0,0,0,1.90569785768983,0,0,0,0,0,1.90569785768983,0,0,0,0,0,1.90569785768983,0,0,0,0
"AGCCAGCCAAGTAACC-1","1",1.58611858759507,0,0,0,0,0,0.499233933670251,0,0,0,0,0,0,0,0,0,0,0,0,0,0,0.499233933670251,1.58611858759507,0,0,2.37135348692997,0.830696872936436,0.499233933670251,0.830696872936436,2.01150889970042,0,0,0,0,0,0,0,0,0,0,0,0,0,1.82126483898232
"AGCCAGCCATCATACT-1","6",0,0,1.50139970730162,0,0,0,0,0,0,0,0,0,0,0,0,0,0,0,0,0,0,0,0,0,0,0,0,0,0,0,0,0,0,0,0,0,0,0,0,0,0,0,0,3.47790217514537
"AGCCATTGTCAGCGAG-1","6",1.53136860970446,0,0,0,0,0,0,0,0,0,0,0,0,0,0,0,0,1.53136860970446,0,0,0,0,0,0,0,0,0,0,0,0,0,0,0,0,0,0,0,0,0,0,0,0,0,3.94628959859904
"AGCCCCAAGGGTACTC-1","5",0.931558204004943,0,0,0,0,0,0,0,0,0,0,0,0,0,0,0,0,0,0,0,0,0,0.931558204004943,0,0,2.88608909610416,0.931558204004943,0,0,1.96765013569172,0,0.931558204004943,0,0,0,0,0,0,0,0,0,0,0,0.931558204004943
"AGCCCCAAGTGAGACG-1","0",0.916620858976086,0,0,0,0,0,0,0,0,0,0,0,0,0,0,0,0,0,0,0,0,0,0.916620858976086,0,0,2.77310449795443,0,0,0.916620858976086,1.38670700297138,0,0,0,0,0,0,0,0.916620858976086,0,0,0,0,0,0
"AGCCCGATCACCTGGG-1","4",1.6779537391009,0,0,0,0,0,0,0,0,0,0,0,0,0,0,0,0,0,0,0,0,1.41352519036667,0.808334834536251,0,0.483711730763153,1.55445442565935,0,1.0530052334322,0.483711730763153,1.88688112096471,0,0,0.483711730763153,0.483711730763153,0,0,0,0,0,0,0,0,0,0
"AGCCCGATCTGGGACT-1","3",2.45187364974288,0,0,0,0,0,0,0,0,0,0,0,0,0,0,0,0,0,0,0,0,0,0,0,0,0,0,0,0,0,0,0,0,0,0,0,0,0,0,0,0,0,0,0
"AGCCCTAGTCATGCTG-1","9",1.53080071180382,0,0,0,0,0,0,0,0,0,0,0,0,0,0,0,0,0,0,0,0,0,0,0,0,0,0,0,1.53080071180382,0,0,0,0,0,0,0,0,0,0,0,0,0,0,0
"AGCCGAAAGAATCCGC-1","0",2.93644687904379,0,0,0,0,0,0,0,0,0,0,0,0,0,0,0,0,0,0,0,0,0,2.0249665080237,0,0.662382860992611,2.4277620506787,1.33978552885309,1.33978552885309,0,1.55975021079332,0,0,0,0,0,1.05737921859225,0.662382860992611,0,0,0,0,0,0,0
"AGCCGAAAGGATATAG-1","2",1.67527766992964,0,0,0,0,0,0,0,0,0,0,0,0,0,0,0,0,0,0,0,0,0.894764397626127,2.10824718370435,0,0,2.27011929174447,0,0,0,1.91501447476243,0,0,0,0,0.894764397626127,0,0,0,0,0,0,0,0,0
"AGCCGATTCCCTGGCT-1","2",2.11656890566675,0,0.648581308329605,0,0,0,0,0,0,0,0,0,0,0,0,0,0,0,0,0,0,1.03873856392377,1.31867792992014,0,1.31867792992014,1.86824990023907,0.648581308329605,0,0,0,0,0,0,0,0,0,0,0,0,0,0,0,0,0
"AGCCGATTCGCGCTAG-1","0",1.82903068693018,0,0,0,0,0,0,0,0,0,0,0,0,0,0,0,0,0.626637562383626,0,0,0,0.626637562383626,0,0,1.00891208770718,2.17948713912021,0,0.626637562383626,0.626637562383626,1.28479402403572,0,0,0,0,0,0,0,0,0,0,0,0,0,0
"AGCCGTTAGCATGGGA-1","14",2.0355304582984,1.69332704731933,0,0,0,0,0,0,0,0,0,0,0,0,0,0,0,0,0,0,0,0,0,0,0,1.16899954784825,0,0,0,0,0,0,0,0,0,0,0,0,0,0,0,0,0,0
"AGCCGTTAGGAACCAG-1","9",2.2284006409545,0,0,0,0,0,0,0,0,0,0,0,0,0,0,0,0,2.2284006409545,0,0,0,0,0,0,0,2.2284006409545,0,0,0,0,0,0,0,0,0,0,0,0,0,0,0,0,0,0
"AGCCGTTAGGCAAGGC-1","2",1.92295167949941,0,0,0,0,0,0,0,0,0,0,0,0,0,0,0,0,0.900275316552179,0,0,0,0,0,0,0,1.92295167949941,0,0,1.68284470423889,2.11642440043923,0,0,0,0,0,0,0,0,0,0,0,0,0,0
"AGCCTGGTCGATGATT-1","14",0,0,0,0,0,0,0,0,0,0,0,0,0,0,0,0,0,0,0,0,0,0,0,0,0,0,0,0,0,0,0,0,0,2.26160186449607,0,0,0,0,0,0,0,0,0,2.26160186449607
"AGCCTTGGTGGACTGG-1","4",2.08193929719064,0,0.629941572033342,0,0,0,0,0,0,0,0,0,0,0,0,0,0,0,0,0,0,0,0,0,0.629941572033342,1.8349794287316,0,0,0,0.629941572033342,0,0,0,0.629941572033342,0,0,0,0,0,0,0,0,0,1.01341807962891
"AGCGAACGTGAGTCCC-1","0",1.71946680562749,0.927105589090277,0,0,0,0,0,0,0,0,0,0,0,0,0,0,0,0,0,0,0,0,1.71946680562749,0,0,1.96132437873694,0,0,1.39979475577479,0.927105589090277,0,0,0,0,0,0,0,0,0,0,0,0,0,0
"AGCGAACGTTCGATTA-1","0",2.07714078199702,0.5742144267489,0,0,0,0,0,0,0,0,0,0,0,0,0,0,0,0.5742144267489,0,0,0,0.5742144267489,0.5742144267489,0,0,2.47319585574031,1.20213262025417,0,0.5742144267489,1.20213262025417,0,0,0,0,0,0,0,0,0,0,0,0,0,0
"AGCGAATAGAAGCATA-1","4",2.02698544453873,0,0,0,0,0,0,0,0,0,0,0,0,0,0,0,0,0.469501675737067,0,0,0,0.787727162851552,0.469501675737067,0,0,1.52500846242077,1.02875877112972,0.787727162851552,1.52500846242077,1.52500846242077,0,0,0,0,0,0,0,0,0,0,0,0,0,0.787727162851552
"AGCGAATAGCATTCAG-1","5",2.68843545599056,0,0,0,0,0,0,0,0,0,0,0,0,0,0,0,0,0,0,0,0,1.03950588865524,1.03950588865524,0,0,2.22193749882494,0,0,0,1.86925404614545,0,0,0,0,0.649148116223636,0,0,0,0,0,0,0,0,1.03950588865524
"AGCGACCCATTCGGGA-1","0",2.52725375862773,0,0,0,0,0,0,0,0,0,0,0,0,0,0,0,0,0,0,0,0,0,1.6714083440343,0,0,2.10406391352001,0.891950828852708,0,0,0,0,0,0,0.891950828852708,0,0,0,0,0,0,0,0,0,0
"AGCGATGAGCCTGCTC-1","0",1.70134058631431,0,0,0,0,0,0,0,0,0,0,0,0,0,0,0,0,1.70134058631431,0,0,0,0.751568271878963,0.751568271878963,0,0,2.04406509912129,1.17577247844446,1.17577247844446,1.17577247844446,1.4726940416133,0,0,0,0,0,0,0,0,0,0,0,0,0,0.751568271878963
"AGCGATGAGGTAACGG-1","2",1.25320957651494,0,0.811277595245076,0,0,0,0,0,0,0,0,0,0,0,0,0,0,0,0,0,0,1.25320957651494,0.811277595245076,0,0,2.6032685834703,0,0,0.811277595245076,1.55863822583583,0,0,0,0,0.811277595245076,0,0,0,0,0,0,0,0,0
"AGCGATTCAAACCTAA-1","0",1.81558903206104,0,0,0,0,0,0,0,0,0,0,0,0,0,0,0.49657667802447,0,0.49657667802447,0,0,0,0.826879517624007,1.70504036171296,0,0.49657667802447,2.36521262536801,0,0.49657667802447,0,1.58073405009351,0,0,0,0.49657667802447,0,0,0,0,0,0,0,0,0,0.826879517624007
"AGCGATTCAATACGGT-1","0",2.00731416038944,0,0,0,0,0,0,0,0,0,0,0,0,0,0,0,0,0.95966616462541,0,0,0,0,1.44022592478974,0,0,2.20322031264255,0,0.95966616462541,0,0.95966616462541,0,0,0,0,0,0,0,0,0,0,0,0,0,0
"AGCGATTCATTACGGG-1","0",2.55662073905627,0,0,0,0,0,0,0,0,0,0,0,0,0,0,0,0,0,0,0,0,0.842150233577543,0,0,0,2.02903802601855,0,0.842150233577543,0,0,0,0,0,0,0,0,0,0,0,0,0,0,0,0
"AGCGCACCACTTGGGA-1","5",1.92795573721486,0,0,0,0,0,0,0,0,0,0,0,0,0,0,0,0,0.550678876587044,0,0,0,0.550678876587044,0.903756572271626,0,0,3.00048009173968,0.550678876587044,0.903756572271626,0,1.68761682158209,0,0,0,0,0,0.550678876587044,0,0,0,0,0,0,0,0.903756572271626
"AGCGCACCATCACGAG-1","8",1.59566151783907,0,0,0,0,0,0,0,0,0,0,0,0,0,0,0,0,0,0,0,0,0,1.37338457381178,0,0,2.38222548781703,0,0.68455920023207,0.68455920023207,1.59566151783907,0,0,0,0,0,0,0,0,0,0,0,0,0,3.11900009824343
"AGCGCAGGTAGTTAGG-1","2",1.27517113470008,0,0,0,0,0,0,0,0,0,0,0,0,0,0,0,0,0,0,0,0,1.81785399380303,2.63164201201592,0,0,1.27517113470008,0,0,1.81785399380303,2.16767465935865,0,0,0,0,0,0,0,0,0,0,0,0,0,0
"AGCGCAGGTGGCCTAC-1","2",2.21655431424787,0,0.773782672450447,0,0,0,0,0,0,0,0,0,0,0,0,0,0,0,0,0,0,0,1.20474335530799,0,0,1.50493352789445,0,0,1.50493352789445,1.73550752434181,0,0,0,0,0,0,0,0,0,0,0,0,0,0
"AGCGCATTCATCTGTC-1","2",1.60752067267123,0,0,0,0,0,0,0,0,0,0,0,0,0,0,0,0,0,0,0,0,1.38449705659214,1.38449705659214,0,0.691949336535706,2.39571630621864,0,0.691949336535706,1.38449705659214,1.94385582283637,0,0,0,0,0,0,0,0,0,0,0,0,0,0
"AGCGCATTCGAGTCCG-1","0",2.43182198681609,0,0,0,0,0,0,0,0,0,0,0,0,0,0,0,0,0,0,0,0,0.909386764444144,0.909386764444144,0,0.909386764444144,2.76178022374057,0,0,0,1.37765692841824,0,0,0,0,0,0,0,0,0,0,0,0,0,0.909386764444144
"AGCGCCATCCCGTTCA-1","2",1.39232453014648,0,0,0,0,0,0,0,0,0,0,0,0,0,0,0,0,0.697171330859671,0,0,0,0.697171330859671,1.9527988100505,0,0.697171330859671,1.79845741791218,0,0.697171330859671,0.697171330859671,2.2043674648486,0,0,0,0,0,0,0,0,0,0,0,0,0,0.697171330859671
"AGCGGGACAATTAGTG-1","0",1.55587882301489,0,0.809336303239149,0,0,0,0,0,0,0,0,0,0,0,0,0,0,0,0,0,0,0,0,0,0.809336303239149,1.97852706689318,2.39528572719353,0.809336303239149,0,1.55587882301489,0,0,0,0.809336303239149,0,0,0,0,0,0,0,0,0,0
"AGCGGGACACCAGGGT-1","1",1.56471042142446,0,0,0,0,0,0,0,0,0,0,0,0,0,0,0,0,0,0,0,0,0.563185429316,1.56471042142446,0,0,2.0549339588584,0,0,1.18441502340425,2.38244511857987,0,0,0,0.563185429316,0,0,0,0,0,0,0,0,0,1.71155184168997
"AGCGGTAAGGATAGTA-1","2",1.62084140322864,0,0,0,0,0,0,0,0,0,0,0,0,0,0,0,0,0,0,0,0,0.855456458653133,1.8578267778959,0,1.30965515079819,2.20988713266972,0,0,1.62084140322864,1.8578267778959,0,0,0,0,0,0,0,0,0,0,0,0,0,0
"AGCGGTTTCTTGAGCA-1","0",1.41070728197409,0,0.935868515116969,0,0,0,0,0,0,0,0,0,0,0,0,0,0,0.935868515116969,0,0,0,0,0,0,0,2.33180988535362,0,1.41070728197409,0.935868515116969,0,0,0,0,0,0.935868515116969,0,0,0,0,0,0,0,0,0
"AGCGTAAGTCTTGACG-1","13",0,0,0,0,0,0,0,0,0,0,0,0,0,0,0,0,0,0,0,0,0,0,0,0,0,0,0,0,0,0,0,0,0,0,0,0,0,0,0,0,0,0,0,0
"AGCGTCCGTCATGTGT-1","0",2.7141614873323,0,0,0,0,0,0,0,0,0,0,0,0,0,0,0,0,0,0,0,0,1.0157717458978,1.0157717458978,0,0,2.7141614873323,1.0157717458978,0,0,1.50917272537899,0,0,0,0,0,0,0,0,0,0,0,0,0,0
"AGCTAAGGTTGTCCTC-1","8",1.68370719473983,0,0,0,0,0,0,0,0,0,0,0,0,0,0,0,0,0,0,0,0,1.16088011620018,1.16088011620018,0,0,2.02527914478572,0,1.16088011620018,0,1.45607996001407,0,0,0,0,0,0,0,0,0,0,0,0,0,1.68370719473983
"AGCTAATTCCATGCAA-1","7",1.65063834173328,0,0.422838702790183,0,0,0,0,0,0,0,0,0,0,0,0,0,0,0,0,0,0,0.719095677466167,1.42496890125436,0,0.422838702790183,1.91532854690922,1.28962938788547,0.422838702790183,0.947349096705253,2.24289978305693,0,0,0,0.422838702790183,0,0,0,0,0,0,0,0,0,1.42496890125436
"AGCTAATTCTAACCTC-1","12",2.10406391352001,0,0,0,0,0,0,0,0,0,0,0,0,0,0,0,0,0,0,0,0,0,0,0,0,2.10406391352001,0,0,0,0,0,0,0,0,0,0,0,0,0,0,0,0,0,0
"AGCTACGCATGCTTCA-1","8",1.28615059875229,0,0.83699411218198,0,0,0,0,0,0,0,0,0,0,0,0,0,0,0,0,0,0,0,1.28615059875229,0,0,2.18115031468636,0,0,0.83699411218198,1.83060491430582,0,0,0,0,0,0,0,0,0,0,0,0,0,1.59498275319031
"AGCTATGTCAGGTCCG-1","2",1.67669013944327,0,0,0,0,0,0,0,0,0,0,0,0,0,0,0,0,0,0,0,0,0,1.15496522521924,0,0.735706794978741,2.01779737856863,1.15496522521924,0.735706794978741,0,1.86171805783497,0,0,0,0,0,0,0,0,0,0,0,0,0,0
"AGCTGAGAGCCTCTGC-1","3",2.00508635684779,0,0,0,0,0,0,0,0,0,0,0,0,0,2.00508635684779,0,0,0,0,0,0,0,0,0,0,0,0,0,0,0,0,0,0,0,0,0,0,0,0,0,0,0,0,0
"AGCTTACGTCTGGGTC-1","4",2.5098499729999,0,0,0,0,0,0,0,0,0,0,0,0,0,0,0,0,0,0,0,0,0.591868960951207,0.591868960951207,0,0,1.8948487170518,0,0,1.23025131651851,1.76544610801163,0,0,0,0,0,0,0,0,0,0,0,0,0,0
"AGCTTAGTCCGCGGTA-1","0",2.17047765349225,0,0,0,0,0,0,0,0,0,0,0,0,0,0,0,0,0,0,0,0,0,0,0,0,2.17047765349225,0,1.07861946280794,0,0,0,0,0,0,0,0,0,0,0,0,0,0,0,0
"AGCTTATAGTAGACTT-1","1",1.23070865633767,0,0,0,0,0,0,0,0,0,0,0,0,0,0,0,0,0,0,0,0,0,1.23070865633767,0,0.793819067856151,2.47708001156728,0,0.793819067856151,0,2.11275114245601,0,0,0,0,0,0,0,0,0,0,0,0,0,1.76598168249413
"AGCTTTAGTTAGGCAA-1","2",1.32587712930109,0,0,0,0,0,0,0,0,0,0,0,0,0,0,0,0,0,0,0,0,0,1.63865298347006,0,0.868252497324157,2.22963370157271,0,0,0,2.22963370157271,0,0,0,0,0,0,0,0,0,0,0,0,0,0
"AGGAACTAGCGATCCG-1","3",0,0,0,0,0,0,0,0,0,0,0,0,0,0,0,0,0,0,0,0,0,0,0,0,0,0,0,0,0,0,0,0,0,0,0,0,0,0,0,0,0,0,0,0
"AGGAATATCCTCAGTT-1","0",2.53499194633672,0,0,0,0,0,0,0,0,0,0,0,0,0,0,0,0,0.978128962647769,0,0,0,0.978128962647769,0,0,1.46301259764646,2.3939651631385,0,0,0.978128962647769,1.46301259764646,0,0,0,0,0,0,0,0,0,0,0,0,0,0
"AGGAATATCGAATGGG-1","0",1.85304836424335,1.14794023182334,0,0,0,0,0,0,0,0,0,0,0,0,0,0,0,1.14794023182334,0,0,0,1.14794023182334,0,0,1.14794023182334,2.00889613234736,0,0,0,1.44162066314473,0,0,0,0.730369373816175,0,0,0,0,0,0,0,0,0,1.14794023182334
"AGGAATATCGATCGTA-1","5",1.9223534442277,0,0,0,0,0,0,0,0,0,0,0,0,0,0,0,0,0,0,0,0,1.20441632024726,1.20441632024726,0,0,2.07999590585293,0,0,1.20441632024726,2.07999590585293,0,0,0,0,0,0,0,0,0,0,0,0,0,0
"AGGAATGCAACTACTT-1","4",1.09661628002139,0,0,0,0,0,0,0,0,0,0,0,0,0,0,0,0,0,0,0,0,0,0,0,0,0,0,1.09661628002139,0,1.94334311969358,0,0,0,1.09661628002139,0,0,0,0,0,0,0,0,0,1.60704222352627
"AGGAATGCAATAGGAG-1","5",1.47446656540814,0,0,0,0,0,0,0,0,0,0,0,0,0,0,0,0,1.47446656540814,0,0,0,0,2.2430221021591,0,0,2.54870009386251,0,0,1.47446656540814,1.80056345012877,0,0,0,0,0,0,0,0,0,0,0,0,0,0
"AGGACATAGCCACTAA-1","12",0,0,0,0,0,0,0,0,0,0,0,0,0,2.10977392952907,0,0,0,2.10977392952907,0,0,0,0,0,0,0,0,0,0,0,2.10977392952907,0,0,2.10977392952907,0,0,0,0,0,0,0,0,0,0,0
"AGGACCAAGCGGTCAT-1","0",1.80926344847303,0,0.822633512469048,0,0,0,0,0,0,0,0,0,0,0,0,0,0,0,0,0,0,0,0,0,0.822633512469048,1.99910360278625,1.26778505975402,0,0,0.822633512469048,0,0,0,0,0,0,0,0,0,0,0,0,0,0
"AGGACCAAGTGATCCA-1","3",3.01885673046475,0,0,0,0,0,0,0,0,0,0,0,0,0,0,0,0,2.63752653956798,0,0,0,0,0,0,0,2.01347435610029,0,2.63752653956798,0,2.01347435610029,0,0,0,0,0,0,0,0,0,0,0,0,0,0
"AGGACCCCATAAGGCT-1","15",2.15005551734614,0,0,0,0,0,0,0,0,0,0,0,0,0,0,0,0,0,0,0,0,0,0,0,0,2.32932098478184,0.98791533887853,0,0.98791533887853,1.47505129899606,0,0,0,0.611294294977157,0,0,0,0,0,0,0,0,0,1.26085726576867
"AGGACTAGTCAGTCGC-1","2",1.91817920261703,0,0,0,0,0,0,0,0,0,0,0,0,0,0,0,0,0,0,0,0,0,1.91817920261703,0,0,1.91817920261703,0.77089959235688,0,0,2.07571714258885,0,0,0,0,0,0,0,0,0,0,0,0,0,0
"AGGACTGAGGTTCCTT-1","6",1.64088498456524,1.64088498456524,0,0,0,0,0,0,0,0,0,0,0,0,0,0,0,0,0,0,0,0,0,0,0,1.64088498456524,0,0,0,0,0,0,0,0,0,0,0,0,0,0,0,0,0,2.60114785529528
"AGGACTGAGTAAGTCT-1","1",1.62415892887209,0,0,0,0,0,0,0,0,0,0,0,0,0,0,0,0,0,0,0,0,0,1.62415892887209,0,0,2.58191603390409,0,0,0,2.72520378844222,0,0,1.11089480237035,0,0,1.11089480237035,0,0,0,0,0,0,0,1.11089480237035
"AGGAGCCAGCAACCCG-1","3",2.33742477636058,0,0,0,0,0,0,0,0,0,0,0,0,0,0,0,0,0,0,0,0,0,0,0,0,2.71016831801671,0,0,0,0,0,0,0,0,0,0,0,0,0,0,0,0,0,0
"AGGAGCCAGGGGACAC-1","3",2.95109510516706,0,0,0,0,0,0,0,0,0,0,0,0,0,0,0,0,0,0,0,0,0,1.95193426365869,0,1.95193426365869,0,0,0,0,0,0,0,0,0,0,0,0,0,0,0,0,0,0,0
"AGGATCAGTGATCAAG-1","0",2.19179122571479,0,0,0,0,0,0,0,0,0,0,0,0,0,0,0,0,0.843808382164073,0,0,0,0.843808382164073,1.29483971295302,0,0.843808382164073,1.60454922636005,0,1.29483971295302,0.843808382164073,0.843808382164073,0,0,0,0,0,0,0,0,0,0,0,0,0,0
"AGGCAAGTCCCAGTAA-1","5",1.83967734020965,0,0,0,0,0,0,0,0,0,0,0,0,0,0,0,0,1.2939744116105,0,0,0,0.843129213895693,0.843129213895693,0,0,2.82633804840841,1.2939744116105,0.843129213895693,0,1.83967734020965,0,0,0,0,0,0,0,0,0,0,0,0,0,0
"AGGCAATAGCAAGCTC-1","8",2.10672340750745,0,0.893739095543858,0,0,0,0,0,0,0,0,0,0,0,0,0,0,0,0,0,0,1.67386810881394,1.91353563432951,0,0.893739095543858,1.67386810881394,1.3580244448345,0,0,1.91353563432951,0,0,0,0,1.91353563432951,0,0,0,0,0,0,0,0,2.26856400988145
"AGGCACGGTCATCCTC-1","4",1.94209700534951,0,0,0,0,0,0,0,0,0,0,0,0,0,0,0,0,0.786032497273612,0,0,0,0,0.468337167698709,0,0.786032497273612,1.94209700534951,0,0,1.02676092339899,1.85254453898738,0,0,0,0,0,0,0,0,0,0,0,0,0,1.7541765038935
"AGGCACGGTGAAGTCA-1","5",0.877667928750982,0,0,0,0,0,0,0,0,0,0,0,0,0,0,0,0,0.877667928750982,0,0,0,0.877667928750982,0.877667928750982,0,0,2.80081912682072,1.33777818976513,0,1.33777818976513,2.08273851776446,0,0,0,0,0,0,0.877667928750982,0,0,0,0,0,0,0
"AGGCACGGTGATGGCG-1","14",0,0,0,0,0,0,0,0,0,0,0,0,0,0,0,0,0,0,0,0,0,0,0,0,0,0,0,0,1.61490021214288,0,0,0,0,1.61490021214288,0,0,0,0,0,0,0,0,0,1.61490021214288
"AGGCATAGTTTACCAA-1","1",2.55528104150365,0,0,0,0,0,0,0,0,0,0,0,0,0,0,0,0,0,0,0,0,0.841323742987862,1.29167334871984,0,0.841323742987862,2.02777665306196,0.841323742987862,1.29167334871984,0.841323742987862,2.44715997834618,0,0,0,0,0,0,0,0,0,0,0,0,0,1.29167334871984
"AGGCATTCAATATCTC-1","0",1.46267262509647,0,0,0,0,0,0,0.744708602218337,0,0,0,0,0,0,0,0,0,0,0,0,0,0,1.1667865126477,0,0,2.28712842136373,1.1667865126477,0,0,1.1667865126477,0,0,0,0,0,0,0,0,0,0,0,0.744708602218337,0,0
"AGGCATTCACTTGGTC-1","2",1.54292916657075,0,0,0,0,0,0,0,0,0,0,0,0,0,0,0,0,0,0,0,0,1.23900662303368,2.12304534264078,0,0,0.80024723188201,0,0.80024723188201,0.80024723188201,1.77569188836057,0,0,0,0,0,0,0,0,0,0,0,0,0,0
"AGGCCAAAGCATGTCA-1","6",1.64966090504858,0.876192706605152,0.876192706605152,0,0,0,0,0.876192706605152,0,0,0,0,0,0,1.64966090504858,0,0,0.876192706605152,0,0,0,0,0,0,0,1.33591546712642,0,0,0,0,0,0,0,0,0,0,0,0,0,0,0.876192706605152,0,0,3.4606680647513
"AGGCCAAAGGTACCGT-1","2",1.78976226464966,0,0,0,0,0,0,0,0,0,0,0,0,0,0,0,1.09701484423895,0,0,0,0,0.691949336535706,2.19509408385393,0,0.691949336535706,2.30042793959893,0,0,1.09701484423895,1.38449705659214,0,0,0,0,0,0,0,0,0,0,0,0,0,0
"AGGCCAGGTATTGGAG-1","0",2.29389246096753,0,0,0,0,0,0,0,0,0,0,0,0,0,0,0,0,0,0,0,0,0.637288237159135,1.51850178739438,0,1.02341811426194,1.51850178739438,0.637288237159135,0,0,0.637288237159135,0,0,0,0,0,0,0.637288237159135,0,0,0,0,0,0,0
"AGGCCAGGTGGAGACT-1","10",1.61829643623833,1.10599983066123,0,1.10599983066123,0,0,0,1.61829643623833,0,0,0,0,0,0,0,0,0,0,0,0,0,1.10599983066123,1.10599983066123,1.61829643623833,0,0,0,0,0,1.10599983066123,0,0,0,1.10599983066123,0,0,1.10599983066123,0,0,0,0,0,0,0
"AGGCCCATCGACCATA-1","7",0,0,0,0,0,0,0,0,0,0,0,0,0,0,0,0,0,1.01870229206066,0,0,0,0,1.01870229206066,0,0,2.82887362996697,0,0,0,3.10167570192543,0,0,0,0,0,0,0,0,0,0,0,0,0,1.01870229206066
"AGGCGCAGTAGTGCCC-1","13",0,0,0,0,0,0,0,0,0,0,0,0,0,0,0,0,0,0,0,0,0,0,0,0,0,3.08443235248972,2.43602524057995,0,0,0,0,0,0,0,0,2.43602524057995,0,0,0,0,0,0,0,0
"AGGCGGACAGTTAGCG-1","0",1.86378656568956,0,0,0,0,0,0,0,0,0,0,0,0,0,0,0,0,0.859520019880326,0,0,0,1.31481269643516,0.859520019880326,0,0.859520019880326,1.6265074134685,0,0,0,1.31481269643516,0,0,0,0,0,0,0,0,0,0,0,0,0,0
"AGGCTCCGTTCCCATC-1","1",1.72454973343905,0.653365734898262,0.653365734898262,0,0,0,0,0,0,0,0,0,0,0,0,0,0,0,0,0,0,1.5450051082481,1.3260125488761,0,0,2.00874976204516,0,0,0,2.96733166076141,0,0,0,0,0.653365734898262,0,0,0,0,0,0,0,0,0
"AGGCTTATCCGGTGTG-1","2",1.46046730918825,0,0.743201975387059,0,0,0,0,0.743201975387059,0,0,0,0,0,0,0,0,0,0.743201975387059,0,0,0,0.743201975387059,1.68836546637839,0,0,1.16481030978887,0,0,0,1.46046730918825,0,0,0,0,0,0,0,0,0,0,0,0,0,0
"AGGGAACCAAGCCATG-1","0",2.01544487913043,0,0,0,0,0,0,0,0,0,0,0,0,0,0,0,0,0,0,0,0,0,0,0,0,0,0,0,0,1.44739710869251,0,0,0,0,0,0,0,0,0,0,0,0,0,0
"AGGGAACCAGGTTCCT-1","0",1.61918878043306,0,0,0,0,0,0,0.699252606090047,0,0,0,0,0,0,0,0,0,0,0,0,0,0.699252606090047,0,0,0.699252606090047,2.95597573512282,0,0.699252606090047,1.1067446004401,1.1067446004401,0,0,0,0,0,0,0,0,0,0,0,0,0,0
"AGGGAACCAGGTTGCA-1","0",2.03688192726104,0,0,0,0,0,0,0,0,0,0,0,0,0,0,0,0,0,0,0,0,1.17007125265025,1.46633706879343,0,0.747214401830221,2.49412330489292,0,0.747214401830221,0,0.747214401830221,0,0,0,0,0,0,0,0,0,0,0,0,0,1.17007125265025
"AGGGAACCATGCGTCT-1","1",2.3215222940138,0,1.32371470446765,0,0,0,0,0,0,0,0,0,0,0,0,0,0,0,0,0,0,1.32371470446765,2.00604033328442,0,0.651865521586641,1.54254367760407,0,0,1.04318248372878,2.96436300988635,0,0,0,0,0,0,0,0,0,0,0,0,0,0.651865521586641
"AGGGAAGGTAGGTTAG-1","2",0,0,0,0,0,0,0,0,0,0,0,0,0,0,0,0,0,0,0,0,0,0,1.75838777152377,0,0,2.36143382682417,0,0,1.75838777152377,2.73496615500187,0,0,0,0,0,0,1.75838777152377,0,0,0,0,0,0,1.75838777152377
"AGGGAAGGTTCCCAGA-1","0",2.06292058733736,0,0.763055488659631,0,0,0,0,0,0,0,0,0,0,0,0,0,0,1.19077794837368,0,0,0,0.763055488659631,0,0,0.763055488659631,1.48940564049785,0.763055488659631,0,0,0.763055488659631,0,0,0,0.763055488659631,0,0,0,0,0,0,0,0,0,0.763055488659631
"AGGGATTAGATACTCG-1","0",1.52500846242077,0,0,0,0,0,0,0,0,0,0,0,0,0,0,0,0,1.52500846242077,0,0,0,0,1.85516824044851,0,0,1.85516824044851,1.02875877112972,0,0,1.52500846242077,0,0,0,0,0,0,0,0,0,0,0,0,0,1.02875877112972
"AGGGCATGTTGGCATT-1","15",1.8293964807525,0.836178286762046,0,0,0,0,0,0,0,0,0,0,0,0,0,0,0,0,0,0,0,0,1.28510921687254,0,0.836178286762046,2.54692500005304,0,1.28510921687254,0.836178286762046,0,0,0,0,0,0,0,0,0,0,0,0,0,0,0.836178286762046
"AGGGCTGGTAACCACT-1","3",3.21122760402994,0,0,0,0,0,0,0,0,0,0,0,0,0,0,0,0,0,0,0,0,0,0,0,0,0,0,0,0,0,0,0,0,0,0,0,0,0,0,0,1.93908418398491,0,0,0
"AGGGCTGGTTGCACGC-1","6",1.31881167634734,1.31881167634734,0,0,0,0,0,0,0,0,0,0,1.31881167634734,0,1.31881167634734,0,0,1.86840429466863,0,0,0,0,0,0,0,1.31881167634734,0,0,0,0,0,0,0,0,0,0,0,0,0,0,1.31881167634734,0,1.31881167634734,4.51509443382433
"AGGGCTGGTTTCACGG-1","10",0,0,0,0,0,2.11616756792241,0,0,0,0,0,0,0,0,0,0,0,0,0,0,0,0,0,2.11616756792241,0,0,0,0,0,0,0,0,0,0,0,0,2.74717732949102,0,0,0,0,0,0,0
"AGGGGTTGTAAGTTCC-1","8",0,0,0,0,0,0,0,0,0,0,0,0,0,0,0,0,0,0,0,0,0,0,1.65637544449469,0,0,2.38821153024291,0,0.881047961927552,0,1.89517463101391,0,0,0,0.881047961927552,1.34204334935775,0,0,0,0,0,0,0,0,2.71696207997213
"AGGGGTTGTTGCTCGA-1","4",1.48033854208288,0,0,0,0,0,0,0,0,0,0,0,0,0,0,0,0,1.48033854208288,0,0,0,0,1.48033854208288,0,0,1.80691893083543,0,0.992220339351969,0,2.05269531133651,0,0,0,0,0,0,0,0,0,0,0,0,0,0.992220339351969
"AGGGTACGTCTGTGAT-1","0",2.04260362659732,0,0,0,0,0,0,0,0,0,0,0,0,0,0,0,0,0,0,0,0,0.750681444921423,0.750681444921423,0,0,1.88588950381895,0.750681444921423,0,0,1.69996805123608,0,0,0,0.750681444921423,0,0,0,0,0,0,0,0,0,0
"AGGGTACGTGGAAGCT-1","9",2.39880485990856,0,0,0,0,0,0,0,0,0,0,0,0,0,0,0,0,0,0,0,0,0,0,0,0,0,0,0,0,0,0,0,0,0,0,0,0,0,0,0,0,0,0,0
"AGGGTATAGAAGGGCC-1","1",2.5262092242855,0,0.823493372857206,0,0,0,0,0,0,0,0,0,0,0,0,0,0,0,0,0,0,1.26888679830406,1.81054550832709,0,0,0.823493372857206,0,1.26888679830406,0.823493372857206,2.6235414429524,0,0,0,0.823493372857206,0,0,0,0,0,0,0,0,0,0
"AGGGTCAAGGTACGAG-1","3",2.71301090015572,0,0,0,0,0,0,0,0,0,0,0,0,0,0,0,0,0,0,0,0,0,2.08409291695351,0,0,0,0,0,0,0,0,0,0,0,0,0,0,0,0,0,0,0,0,0
"AGGGTCAAGTACGGCT-1","6",0,1.22304180762793,0,0,0,0,0,0,0,0,0,0,0,0,0,0,0,1.22304180762793,0,0,0,0,0,0,0,1.22304180762793,0,0,0,0,0,0,0,0,0,0,0,0,0,0,1.22304180762793,0,0,4.32178160844757
"AGGGTTAGTGAGTCCC-1","6",0,0,0,0,0,0,0,0,0,0,0,0,0,0,0,0,0,1.37104045557731,0,0,0,0,0,0,0,1.37104045557731,0,0,0,1.37104045557731,0,0,1.37104045557731,0,0,0,0,0,0,0,0,0,0,4.27035090347287
"AGGGTTGAGTCAGCCG-1","9",0,0,0,0,0,0,0,0,0,0,0,0,0,0,0,0,0,0,0,0,0,0,0,0,0,0,0,0,0,0,0,0,0,0,0,0,0,0,0,0,0,0,0,0
"AGGTAAATCCCTGTAT-1","6",0,0,0,0,0,0,0,0,0,0,0,0,0,0,0,0,0,0,0,0,0,0,0,0,0,1.29311042269875,0,0,1.29311042269875,0,0,0,0,0,0,0,0,0,0,0,0,0,0,3.31203957505358
"AGGTAACAGGGCTTCG-1","1",1.91922057023259,0,0,0,0,0,0,0,0,0,0,0,0,0,0,0,0,0.8976830867257,0,0,0,0.8976830867257,0.8976830867257,0,0,2.27454215201301,0.8976830867257,0,0.8976830867257,2.1125807111227,0,0,0,0,0,0,0,0,0,0,0,0,0,1.3629801961148
"AGGTAACAGTCATGTG-1","0",1.80592659493213,0,0,0,0,0,0,0,0,0,0,0,0,0,0,0,0,0,0,0,0,0,0,0,0,2.67838934245797,0,0,0,0.991473369145634,0,0,0,0,0,0,0,0,0,0,0.991473369145634,0,0,0
"AGGTAATGTAATGGTG-1","6",0,1.55068746193847,0,0,0,0,0,0,0,0,0,0,0,0,1.55068746193847,0,0,0,0,0,0,0,0,0,0,0,0,0,0,0,0,0,0,0,0,0,0,0,0,0,0,0,0,4.27080864746728
"AGGTAATGTAGCAGTA-1","0",1.94112545093198,0,0,0,0,0,0,0,0,0,0,0,0,0,0,0,0,0,0,0,0,0,1.3821090037397,0,0.690358889568046,2.07455691850021,0,1.09489283698372,0.690358889568046,1.09489283698372,0,0,0,0,0,0,0.690358889568046,0,0,0,0,0,0,0
"AGGTAATGTCTCCACT-1","0",1.13074881868607,0,0,0,0,0,0,0,0,0,0,0,0,0,0,0,0,0.717345879411394,0,0,0,1.83177131714303,1.42237630264532,0,0.717345879411394,1.83177131714303,0.717345879411394,1.13074881868607,0.717345879411394,0.717345879411394,0,0,0,0,0,0.717345879411394,0,0,0,0,0,0,0,0
"AGGTAGTAGGTATCTG-1","1",1.69088689518195,0.744824761237213,0,0,0,0,0,0,0,0,0,0,0,0,0,0,0,1.16693883687019,0,0,0,1.16693883687019,2.16819691742621,0,0,1.46284258821571,0,0.744824761237213,0.744824761237213,1.46284258821571,0,0,0,0,0,0,0,0,0,0,0,0,0,1.87646233006292
"AGGTAGTAGTGAATGA-1","14",1.63010611638222,0,0.599321696768257,0,0,0,0,0,0,0,0,0,0,0,0,0,0,0.599321696768257,0,0,0,0.971447837622666,0.971447837622666,0,0.971447837622666,1.90897684756645,0,0.599321696768257,0.599321696768257,0,0,0,0,0,0,0.599321696768257,0,0,0,0,0,0,0,0
"AGGTATGGTTTAGCCG-1","2",0.943467494959112,0,0,0,0,0,0,0,0,0,0,0,0,0,0,0,0,0,0,0,0,0,2.3430781975401,0,0,2.71600923969963,0,0,0,0,0,0,0,0,0,0,0,0,0,0,0,0,0,0
"AGGTGATAGTGCGCTG-1","10",2.82683627979852,0,0,0,0,0,0,2.19120286332434,0,1.60402000419271,0,0,0,0,0,0,0,0,0,0,0,0,1.60402000419271,2.19120286332434,0,1.60402000419271,0,0,0,0,0,0,0,0,0,0,0,0,0,0,0,0,0,0
"AGGTGCAAGTGCTCGG-1","13",1.84548992637736,0,0,0,0,0,0,0,0,0,0,0,0,0,0,0,0,0,0,0,0,0,1.29899214906804,0,0.847069354245107,2.33501370472393,0,0.847069354245107,0,0,0,0,0,0,0,0,0,0,0,0,0,0,0,0
"AGGTGCTTCACTGGGT-1","2",0,0,0,0,0,0,0,0,0,0,0,0,0,0,0,0,0,0,0,0,0,1.82153623319303,1.82153623319303,0,0,2.430335559513,0,0,0,2.8060260038099,0,0,0,0,0,0,0,0,0,0,0,0,0,0
"AGGTGCTTCAGCATCA-1","3",2.95683977400993,0,0,0,0,0,0,0,0,0,0,0,0,0,0,0,0,2.57703409667661,0,0,0,0,0,0,1.95713651911897,0,0,0,0,0,0,0,0,0,0,0,0,0,0,0,0,0,0,0
"AGGTGCTTCCCGTTCA-1","1",2.41534932603235,0,0.702784587133188,0,0,0,0.702784587133188,0,0,0,0,0,0,0,0,0,0,0.702784587133188,0,0,0,1.11144163411271,1.11144163411271,0,0,2.90849846426627,1.62481349350792,0.702784587133188,0.702784587133188,2.31986610512122,0,0.702784587133188,0,0,0,0,0,0,0,0,0,0,0,1.11144163411271
"AGGTGCTTCTGGATCA-1","1",2.0695645746914,0,0,0,0,0,0,0,0,0,0,0,0,0,0,0,0,0,0,0,0,1.32669012108392,1.32669012108392,0,0,2.23062151051123,1.32669012108392,0,0,0.868894943947378,0,0,0,0,0,0,0,0,0,0,0.868894943947378,0,0,2.23062151051123
"AGGTGCTTCTGGCCGA-1","0",2.09902308259877,0,0,0,0,0,0,0,0,0,0,0,0,0,0,0,0,1.21966859190947,0,0,0,0.785285375433038,0,0,0.785285375433038,1.94092107364393,0.785285375433038,1.21966859190947,1.21966859190947,0,0,0,0,0,0,0,0,0,0,0,0,0,0,0
"AGGTTAAAGATTAAGG-1","2",2.00098200084308,0,0,0,0,0,0,0,0,0,0,0,0,0,0,0,0,0,0,0,0,1.26934649535323,1.57645788773641,0,0,2.00098200084308,0.82385220846364,0,0.82385220846364,2.41895425452846,0,0,0,0,0,0,0,0,0,0,0,0,0,0
"AGGTTAAAGGTAATCT-1","3",3.14128988732976,0,0,0,0,0,0,0,0,0,0,0,0,0,0,0,0,0,0,0,0,0,0,0,0,0,0,0,0,1.69133812362699,0,0,0,0,0,0,0,0,0,0,0,0,0,0
"AGGTTAAAGTAGCGGA-1","0",0,0,0.873014405857428,0,0,0,0,0,0,0,0,0,0,0,0,0,0,0,0,0,0,0.873014405857428,1.8834977178751,0,0,2.49757067279691,0.873014405857428,0,0.873014405857428,0.873014405857428,0,0,0,0.873014405857428,0,0,0,0,0,0,0,0,0,1.33189985609846
"AGGTTAGGTGCACGCT-1","1",2.46868549760001,0,0,0,0,0,0,0,0,0,0,0,0,0,0,0,0,0.64215719221051,0,0,0,0,1.70527192671871,0,0.64215719221051,2.10469630733118,0,0.64215719221051,0.64215719221051,1.98842687796554,0,0,0,0.64215719221051,0,0,0,0,0,0,0,0,0,1.03003102451358
"AGGTTAGGTTAGTCAC-1","1",1.34082651764578,0,0,0,0,0,0,0,0,0,0,0,0,0,0,0,0,0,0,0,0,1.05829972849083,0.663066134729304,0,0,1.89377479106697,0,1.05829972849083,0,2.65114630636087,0,0,0,0,0,0,0,0,0,0,0,0,0,0.663066134729304
"AGGTTCATCGTAACCA-1","1",1.52386426983058,0,0,0,0,0,0,0,0,0,0,0,0,0,0,0,0,0.413993182262679,0,0,0,1.40538126076137,2.16248384489464,0,0,1.9676942505735,0.413993182262679,0.413993182262679,0,2.66263553256777,0,0,0,0.413993182262679,0,0,0,0,0,0,0,0,0,3.09225623092944
"AGGTTCATCTATCACC-1","0",2.3904738869642,0,0.689072235796805,0,0,0,0,0,0,0,0,0,0,0,0,0,0,0,0,0,0,0.689072235796805,0,0,0,1.78495864018944,1.09317533057258,0.689072235796805,0.689072235796805,2.18996871097115,0,0,0,0,0,0,0,0,0,0,0,0,0,1.09317533057258
"AGGTTGGAGATTCACG-1","0",1.04163724330763,0,0,0,0,0,0,0.650723102606646,0,0,0,0,0,0,0,0,0,0,0,0,0,0.650723102606646,0,0,0.650723102606646,1.54066769829805,0.650723102606646,0.650723102606646,0,1.3219636550521,0,0,0,0,0,0,0,0,0,0,0,0,0,0
"AGTAACGGTAGGTGCG-1","11",0,0,0,0,0,0,0,0,0,0,0,0,0,0,0,0,0,1.65614674218206,0,0,0,0,0,0,0,1.65614674218206,0,0,0,0,0,0,0,0,0,0,0,0,0,0,0,0,0,1.65614674218206
"AGTAACGGTCAGTCAT-1","4",1.95264154579401,0,0.43809531259599,0,0,0,0,0,0,0,0,0,0,0,0,0,0,0.43809531259599,0,0,0,0,0.974279538122211,0,0,1.45826976960639,0.43809531259599,0.974279538122211,0.43809531259599,1.87142150649412,0,0,0,0.43809531259599,0,0,0,0,0,0,0,0,0,1.57862158537006
"AGTAACGGTTCTGTCC-1","0",1.1435519297901,0,0,0,0,0,0,0,0,0,0,0,0,0,0,0,0,0,0,0,0,1.84762540377944,1.1435519297901,0,0,2.25670624002271,0,0.727039824303559,1.1435519297901,0,0,0,0,0,0.727039824303559,0.727039824303559,0,0,0,0,0,0,0,0
"AGTAATGAGCCATTGA-1","0",2.85425577295438,0,0.576118632313859,0,0,0,0,0,0,0,0,0,0,0,0,0,0,0.576118632313859,0,0,0,0.939319205319832,1.41499803556989,0,0.576118632313859,2.70965908664752,1.73602079457781,0.576118632313859,0.576118632313859,1.2051797110929,0,0,0,0,0,0,0,0,0,0,0,0,0,0.939319205319832
"AGTACACCAGGATCTG-1","0",2.56081261250272,0,0,0,0,0,0,0,0,0,0,0,0,0,0,0,0,0,0,0,0,1.04306344183494,1.32357982031405,0,0.651777495804185,2.6293880263009,1.04306344183494,0.651777495804185,1.04306344183494,1.32357982031405,0,0,0,0,0,0.651777495804185,0,0,0,0,0,0,0,0
"AGTACCATCCGTGCGA-1","1",2.00597669772373,0,0,0,0,0,0,0,0,0,0,0,0,0,0,0,0,0,0,0,0,0.827096653558469,1.58104055588563,0,1.27350078737583,1.81591216229099,0.827096653558469,1.27350078737583,0.827096653558469,1.27350078737583,0,0,0,0.827096653558469,0,0,0,0,0,0,0,0,0,2.79971989409224
"AGTACCATCCTTGATC-1","1",1.42217732640211,0,0.580277725955238,0,0,0,0,0,0,0,0,0,0,0,0,0,0,0,0,0,0,1.21182298683557,0.580277725955238,0,0,2.34549268838946,0.580277725955238,0.580277725955238,0,1.42217732640211,0,0,0,0,0.580277725955238,0,0,0,0,0,0,0,0,1.74383018970019
"AGTACTTAGCTAACTG-1","3",2.82174261171283,0,0,0,0,0,0,0,0,0,0,0,0,0,0,0,0,1.83556961857798,0,0,0,0,0,0,0,0,0,0,0,0,0,0,0,1.83556961857798,0,0,0,0,0,0,0,0,0,0
"AGTATCACACCTTCAA-1","2",1.28998543789312,0,0,0,0,0,0,0,0,0,0,0,0,0,0,0,0,1.01347398186843,0,0,0,0.629982587171133,1.83505317618461,0,0,1.28998543789312,0,0.629982587171133,0.629982587171133,1.50636622876724,0,0,0,0,0,0,0.629982587171133,0,0,0,0,0,0,0
"AGTATCCGTATGTCAC-1","3",1.79134292404771,0,0,0,0,0,0,0,0,0,0,0,0,0,0,0,0,0,0,0,0,0,0,0,0,1.79134292404771,0,0,0,0,0,0,0,0,0,0,0,0,0,0,0,0,0,0
"AGTATGAAGATTAGAG-1","0",1.65820783880945,0,0,0,0,0,0,0,0,0,0,0,0,0,0,0,0,1.65820783880945,0,0,0,0,1.65820783880945,0,1.13941728346886,2.45313510232124,0,1.13941728346886,0,0,0,0,0,0,0,0,0,0,0,0,0,0,0,1.13941728346886
"AGTATGGGTGAGTCCC-1","5",1.41434954471282,0,1.41434954471282,0,0,0,0,0,0,0,0,0,0,0,0,0,0,0,0,0,0,0,0.938797493079768,0,0,1.41434954471282,0.938797493079768,0,0,1.41434954471282,0,0,0,0.938797493079768,0,0,0,0,0,0,0,0,0,0.938797493079768
"AGTATGGGTTATCCGG-1","7",1.37158903084349,0,0,0,0,0,0,0,0,0,0,0,0,0,0,0,0,0,0,0,0,0,2.84367896616932,0,0,2.28491256782634,0,0,0,3.13818918780063,0,0,0,0,0,0,0,0,0,0,0,0,0,0.904543818283755
"AGTATGGGTTGAGCAA-1","6",1.83734307652052,0,0,0,0,0,0,0,0,0,0,0,0,1.83734307652052,0,0,0,0,0,0,0,0,0,0,0,0,0,0,0,2.82372690956189,0,0,0,0,0,0,0,0,0,0,0,0,0,4.56473310505949
"AGTATGGGTTGCTCGA-1","4",2.51840026994642,0,0,0,0,0,0,0,0,0,0,0,0,0,0,0,0,0.402816099936587,0,0,0,0.911517453121497,0.689171032180306,0,0,1.38032419413339,0,0.402816099936587,1.38032419413339,1.93908418398491,0,0,0,0,0,0,0,0,0,0,0,0,0,0.402816099936587
"AGTATGGGTTTAGTGC-1","1",1.89856234347285,0,0.59382311742421,0,0,0,0,0,0,0,0,0,0,0,0,0,0,0.59382311742421,0,0,0,0,1.44541052862473,0,0.59382311742421,1.44541052862473,0,0.59382311742421,0,1.76906912149883,0,0,0,0,0.59382311742421,0,0,0,0,0,0,0,0,0
"AGTATGTTCCCGCAGA-1","11",2.09152228469769,0,0,0,0,0,0,0,0,0,0,0,0,0,0,0,0,0,0,0,0,0,0,0,0,2.09152228469769,0,0,0,0,0,0,0,0,0,0,0,0,0,0,0,0,0,2.09152228469769
"AGTATGTTCGTAATCG-1","8",1.7189655577102,0,0,0,0,0,0,0,0,0,0,0,0,0,0,0,0,0,0,0,0,0,0,0,0,2.69031137676483,0,0,1.7189655577102,2.31821325043082,0,0,0,0,2.31821325043082,0,0,0,0,0,0,0,0,2.31821325043082
"AGTATTCAGATTAGAG-1","0",2.20600910777917,0,0.767420025020439,0,0,0,0,0,0,0,0,0,0,0,0,0,0,0,0,0,0,0,0.767420025020439,0,0,3.02633043721948,0.767420025020439,1.19646547030396,0.767420025020439,1.19646547030396,0,0,0,0,0,0,0,0,0,0,0,0,0,0.767420025020439
"AGTATTCAGCTAACTG-1","3",3.07060709299409,0,0,0,0,0,0,0,0,0,0,0,0,0,0,0,0,0,0,0,0,0,0,0,0,0,0,0,0,0,0,0,0,0,0,0,0,0,0,0,0,0,0,0
"AGTATTCAGGCTTGGT-1","0",1.80320472578366,0,0,0,0,0,0,0,0,0,0,0,0,0,0,0,0,0,0,0,0,0,0.818574923568788,0,0,2.28958754392911,0.818574923568788,0,0,0,0,0,0,0,0,0,0,0,0,0,0,0,0,0.818574923568788
"AGTATTCAGGTGCTTA-1","2",1.70765874550028,0,0,0,0,0,0,0,0,0,0,0,0,0,0,0,0,0,0,0,0,0,1.70765874550028,0,0,1.38896278326137,0,0,0.918426038921485,1.94895919376051,0,0,0,0,0,0,0,0,0,0,0,0,0,0
"AGTCAAGGTGATAGGC-1","2",2.08421616105794,0,0,0,0,0,0,0,0,0,0,0,0,0,0,0,0,0,0,0,0,0.87865434859282,1.33902331277977,0,0,1.65306677482331,0,0,0,2.71314231933905,0,0,0,0,0,0,0,0,0,0,0,0,0,0
"AGTCACGCAATAGTTG-1","9",3.65860536776231,0,0,0,0,0,0,0,0,0,0,0,0,0,0,0,0,0,0,0,0,0,0,0,0,0,0,0,0,0,0,0,0,0,0,0,0,0,0,0,0,0,0,0
"AGTCACGCAGGTTACG-1","0",1.47730435994976,0.516543624025476,0,0,0,0,0,0,0,0,0,0,0,0,0,0,0,0,0,0,0,1.8578267778959,0.516543624025476,0,0.855456458653133,2.76486693824815,0,0.516543624025476,0.516543624025476,0,0,0,0,0,0,0,0.516543624025476,0.516543624025476,0,0,0,0,0,0.516543624025476
"AGTCACGCAGTAATTG-1","4",1.97296240954775,0,0,0,0,0,0,0,0,0,0,0,0,0,0,0,0,0.669165793911984,0,0,0,1.66520084111657,1.66520084111657,0,0,1.46652024581621,0.389541587017726,0,0.389541587017726,1.21832513789016,0,0,0,0,0.389541587017726,0,0,0,0,0,0,0,0,1.46652024581621
"AGTCAGCTCTGTGCCC-1","5",2.40371096643131,0,0,0,0,0,0,0,0,0,0,0,0,0,0,0,0,0,0,0,0,0.814488268485029,0,0,0,1.79709181146365,0,0,1.25733528619477,1.56319701844235,0,0,0,0.814488268485029,0,0,0,0,0,0,0,0,0,0
"AGTCAGGAGGTTAGCC-1","9",2.47198915915551,0,0,0,0,0,0,0,0,0,0,0,0,0,0,0,0,0,0,0,0,0,0,0,0,0,0,0,1.85988428510494,0,0,0,0,0,0,0,0,0,1.85988428510494,0,0,1.85988428510494,1.85988428510494,0
"AGTCAGGAGTCGCACG-1","0",1.89812295667234,0,0,0,0,0,0,0,0,0,0,0,0,0,0,0,0,0,0,0,0,1.34460695311487,0.88308099251759,0,0.88308099251759,1.99911586486763,0.536007616556607,0.88308099251759,0,0.88308099251759,0,0,0,0.536007616556607,0,0,0,0,0,0,0,0,0,0.536007616556607
"AGTCAGTCATGGCTTC-1","8",2.45022690643696,0,0.722267852274782,0,0,0,0,0,0,0,0,0,0,0,0,0,0,0,0,0,0,0,1.99532404965655,0,0,2.35440673750684,0,0.722267852274782,0,1.42966341626378,0,0,0,0,0,0,0,0,0,0,0,0,0,2.45022690643696
"AGTCCAGCAGCACTGA-1","8",1.49278393904348,0,0,0,0,0,0,0,0,0,0,0,0,0,0,0,0,0.621847901296631,0,0,0,1.49278393904348,1.49278393904348,0,0,1.49278393904348,0,1.00237031924276,1.00237031924276,1.00237031924276,0,0,0,0,0,0,0,0,0,0,0,0,0,1.82037899542484
"AGTCCCAGTGAGACGT-1","2",1.59749242299671,0,0,0,0,0,0,0,0,0,0,0,0,0,0,0,0,1.59749242299671,0,0,0,0.838779953426083,1.59749242299671,0,0,1.59749242299671,0,0.838779953426083,0,1.28842936399928,0,0,0,0,0,0,0,0,0,0,0,0,0,0
"AGTCCCAGTGGCTCAC-1","5",2.26546235027253,1.00324453668265,0,0,0,0,0,0,0,0,0,0,0,0,0,0,0,0,0,0,0,0,1.82153623319303,0,0,2.57183406623903,1.49385452830835,1.00324453668265,0,1.00324453668265,0,0,0,0,0,0,0,0,0,0,0,0,0,0
"AGTCCTAAGTGACCCG-1","8",2.70049744824857,0,0,0,0,0,0.816455749079109,0,0,0,0,0,0,0,0,0,0,0,0,0,0,0,1.56598758786498,0,0,2.14882780461633,1.25986163338954,1.56598758786498,0,2.14882780461633,0,0,0,0,0,0,0,0,0,0,0,0,0,2.61188201749748
"AGTCGATCAATATGCA-1","7",1.97072670212687,0,0,0,0,0,0,0,0,0,0,0,0,0,0,0,0,0.480936727523724,0,0,0,1.2442571049076,2.05328726355058,0,0.804320806828655,2.12954836173401,0.804320806828655,0.480936727523724,0.804320806828655,2.87214562114583,0,0,0,0,0,0,0,0,0,0,0,0,0,1.04828932981552
"AGTCGGGGTTATGGGA-1","12",3.52405819097268,0,0,0,0,0,0,0,0,0,0,0,0,0,0,0,0,0,0,0,0,0,0,0,0,0,0,0,0,2.22250809117966,0,0,0,0,0,0,0,0,0,0,0,0,0,0
"AGTCGGTTCCATCGGG-1","9",0,0,0,0,0,0,0,0,0,0,0,0,0,0,0,0,0,0,0,0,0,0,0,0,0,0,0,0,0,0,0,0,0,0,0,0,0,0,0,0,0,0,0,0
"AGTCGGTTCCATGAAT-1","0",1.92046219677068,0,0,0,0,0,0,0,0,0,0,0,0,0,0,0,0,0,0,0,0,1.2028656103665,0,0,0.772338309399777,1.73329834694196,0,0,1.2028656103665,0,0,0,0,0,0,0.772338309399777,0,0,0,0,0,0,0,0
"AGTCGTTGTGAACCGG-1","6",0,0,1.83689930522053,0,0,0,0,0,0,0,0,0,0,0,0,0,0,1.83689930522053,0,0,0,0,0,0,0,0,0,0,0,0,0,0,0,0,0,0,0,0,0,0,0,0,0,3.48622056244938
"AGTCGTTGTGACTTCG-1","7",1.89919689954267,0,0,0,0,0,0,0,0,0,0,0,0,0,0,0,0,0,0,0,0,0,1.18546586078629,0,0,2.05625384589532,1.18546586078629,0,0,2.60247927341477,0,0,0,0,0,0,0,0,0,0,0,0,0,1.18546586078629
"AGTCTCAAGATTAAGG-1","3",1.70299123288682,0,0,0,0,0,0,0,0,0,0,0,0,0,0,0,0,0,0,0,0,0,0,0,0,0,0,0,0,0,0,0,0,0,0,0,0,0,0,0,0,0,0,0
"AGTCTCAAGCCAGACT-1","8",1.92245311674575,0,0,0,0,0,0,0,0,0,0,0,0,0,0,0,0,0,0,0,0,0.899928763654897,1.36579972561463,0,0,1.68236931078481,0.899928763654897,0,0.899928763654897,1.36579972561463,0,0,0.899928763654897,0,1.36579972561463,0,0,0,0,0,0,0,0,2.41734091390758
"AGTCTCAAGCGCATTA-1","3",3.03504818400374,0,0,0,0,0,0,0,0,0,0,0,0,0,0,0,0,1.60148558424361,0,0,0,0,0,0,0,1.60148558424361,0,0,0,0,0,0,0,0,0,0,0,0,0,0,0,0,0,1.60148558424361
"AGTCTTGAGCTTCCCA-1","1",2.40963034762834,0,0,0,0,0,0,0,0,0,0,0,0,0,0,0,0,0,0,0,0,0,0.652791280550227,0,0.652791280550227,2.48912617842308,1.04443421276822,0.652791280550227,0.652791280550227,1.54406286874916,0,0,0,0,0,0,0.652791280550227,0,0,0,0,0,0,1.3251328860422
"AGTCTTGAGGGCTACT-1","3",3.18554003321988,0,0,0,0,0,0,0,0,0,0,0,0,0,0,0,0,0,0,0,0,0,0,0,0,0,0,1.72918676816664,0,0,0,0,0,0,0,0,0,0,0,0,0,0,0,0
"AGTGAATGTAAGCTAG-1","13",0,0,0,0,0,0,0,2.04504095614654,0,0,0,0,0,0,0,0,0,0,0,0,0,2.04504095614654,0,0,0,2.04504095614654,0,0,0,2.04504095614654,0,0,0,0,0,0,0,0,0,0,0,0,0,0
"AGTGAATGTCAATCAC-1","4",2.35984879611639,0,0,0,0,0,0,0,0,0,0,0,0,0,0,0,0,0,0,0,0,1.34035437321369,0.755257213790087,0,0.447297422408377,1.18059701387529,0,0.990372917207519,0,1.70704279903129,0,0,0,0,0,0.755257213790087,0,0,0,0,0,0,0,2.5530066237634
"AGTGAATGTTCGCGGT-1","4",2.09794711976858,0,0,0,0,0,0,0,0,0,0,0,0,0,0,0,0,0,0,0,0,1.62637064843476,0,0,0.703763692536909,1.4021771596938,0,0.703763692536909,0.703763692536909,1.62637064843476,0,0,0,0,0,0,0,0,0,0,0,0,0,1.96404146525486
"AGTGACAGTAGTAGAT-1","4",2.53724864203757,0,0,0,0,0,0,0,0,0,0,0,0,0,0,0,0,1.07868350106083,0,0,0,0,0.678237946795839,0,0,1.36384631639314,1.07868350106083,0.678237946795839,0,1.07868350106083,0,0,0,0,0,0,0,0,0,0,0,0,0,2.05320267117244
"AGTGAGGTCAGCGAGA-1","0",2.07844468083425,0,0,0,0,0,0,0,0,0,0,0,0,0,0,0,0,0.874804273883685,0,0,0,0.874804273883685,0.530159263860216,0,1.13063043513267,2.609014262065,0.874804273883685,0.874804273883685,0.530159263860216,0.530159263860216,0,0,0.530159263860216,0.530159263860216,0,0.530159263860216,0,0,0,0,0,0,0,0.530159263860216
"AGTGAGTAGCCAGTCG-1","1",1.65295296987303,0,0.878572056880504,0,0,0,0,0,0,0,0,0,0,0,0,0,0,0,0,0,0,0.878572056880504,2.24545979530071,0,0,2.38436936776056,0.878572056880504,0.878572056880504,0.878572056880504,2.08409291695351,0,0,0,0,0,0,0,0,0,0,0,0,0,1.33891945116324
"AGTGAGTAGCGCATTA-1","3",3.04135336519318,0,0,0,0,0,0,0,0,0,0,0,0,0,0,0,0,0,0,0,0,0,0,0,2.03398882528649,0,0,0,0,0,0,0,0,0,0,0,0,0,0,0,0,0,0,0
"AGTGATCCATCACAGG-1","0",1.81844065417612,0.552426076271136,0,0,0,0,0,0,0.552426076271136,0,0,0,0,0,0,0,0,0,0,0,0,1.16701501555251,1.54486005915627,0,0,2.12520704909252,0,0,0.906210599086756,0,0,0,0,0.552426076271136,0,0,0,0,0,0,0,0,0,0
"AGTGATGGTGAGACTA-1","6",0,1.62826047040432,0,0,0,0,0,0,0,0,0,0,1.62826047040432,0,1.62826047040432,0,0,0,0,0,0,0,0,0,0,1.62826047040432,0,0,0,0,0,0,0,0,0,0,0,0,0,0,0,0,0,4.19750363929215
"AGTGATGGTTGGCGTC-1","0",2.08138647102269,0,0,0,0,0,0,0,0,0,0,0,0,0,0,0,0,0.876765777130498,0,0,0,0.876765777130498,1.33663915334166,0,0,2.08138647102269,0.876765777130498,1.33663915334166,0,1.65045407920596,0,0,0,0,0,0,0,0,0,0,0,0,0,0
"AGTGCAAGTAGGTATG-1","2",0,0,0,0,0,0,0,0,0,0,0,0,0,0,0,0,0,0,0,0,0,2.35666237280503,1.75402832933928,0,0,1.75402832933928,0,0,0,1.75402832933928,0,0,0,0,0,0,0,0,0,0,0,0,0,0
"AGTGCCCGTAGCAGGT-1","4",2.60500761332842,0,0.578414000640044,0,0,0,0,0,0,0,0,0,0,0,0,0,0,0,0,0,0,0,0.94251038870959,0,0,2.341661203443,1.20884811868911,0.94251038870959,0.578414000640044,0.94251038870959,0,0,0,0,0.578414000640044,0,0.578414000640044,0,0,0,0,0,0,1.86909947255371
"AGTGCCCGTAGCGCCT-1","0",1.89852097828874,0,0,0,0,0,0,0.758561552561009,0,0,0,0,0,0,0,0.758561552561009,0,0,0,0,0,0.758561552561009,1.18491391219629,0,0,1.18491391219629,1.18491391219629,1.18491391219629,0.758561552561009,0.758561552561009,0,0,0,0,0,0,0,0,0,0,0,0,0,0
"AGTGCGCCAATTGGAC-1","0",1.99706471548703,0,0,0,0,0,0,0,0,0,0,0,0,0,0,0,0,0,0,0,0,0,1.13862317219793,0,0,1.84152784758652,1.65726239366177,0,0,0.723304421625377,0,0,0.723304421625377,0,0,0.723304421625377,0,0,0,0,0,0,0,0
"AGTGCGCCATAAGCAC-1","0",0,0,0,0,0,0,0,0,0,0,0,0,0,0,0,0,0,0,0,0,0,1.9191378687393,1.07785165271537,0,1.07785165271537,2.36947716141921,0,1.07785165271537,1.58447292315187,0,0,0,0,0,0,0,0,0,0,0,0,0,0,1.07785165271537
"AGTGCGCCATTGACGG-1","8",1.42558876139843,0,0,0,0,0,0,0,0,0,0,0,0,0,0,0,0,0.582258433145006,0,0,0,0.947848806032324,1.21498096527204,0,0,2.34955642782967,0,0.582258433145006,0.947848806032324,0.947848806032324,0,0,0,0,0,0,0,0,0,0,0,0,0,2.34955642782967
"AGTGCTCAGGGTCTCG-1","2",2.23225404675592,0,0,0,0,0,0.979892718744167,0,0,0,0,0,0,0,0.979892718744167,0,0,0,0,0,0,0.979892718744167,1.79051056185953,0,0,2.77118359172179,0,0,1.46518428661842,2.39653275101432,0,0,0,0,0,0,0,0,0,0,0,0,0,0
"AGTGCTTGTAATCCGT-1","2",1.98990514410306,0,0,0,0,0,0,0,0,0,0,0,0,0,0,0,0,0.642969044130248,0,0,0,1.03113254465303,1.85828350101939,0,0.642969044130248,1.85828350101939,0.642969044130248,0,0.642969044130248,2.30470283096082,0,0,0,0.642969044130248,0,0,0,0,0,0,0,0,0,0
"AGTGCTTGTTAAGGAT-1","1",2.10627953066569,0,0,0,0,0,0,0,0,0,0,0,0,0,0,0,0,0,0,0,0,0,1.52796870963328,0,0.643011831992228,1.31011612430283,0,1.03119059034626,0,2.94675353151826,0,0,0,0,0,0,0,0,0,0,0,0,0,0.643011831992228
"AGTGCTTGTTGCGAGG-1","9",0,0,0,0,0,0,0,0,0,0,0,0,0,0,0,0,0,0,0,0,0,0,0,0,0,0,0,2.4890417349358,0,0,0,0,0,0,0,0,0,0,0,0,0,0,0,0
"AGTGGAACAAGGTAAG-1","12",2.37018028595242,0,0,0,0,0,0,0,0,0,0,0,0,0,0,0,0,0,0,0,0,0,0,0,0,0,0,0,0,0,0,0,0,0,0,0,0,0,0,0,0,0,0,0
"AGTGGATAGCTAGTGC-1","2",0,0,0,0,0,0,0,0,0,0,0,0,0,0,0,0,0,0,0,0,0,0,2.05313923296695,0,0,2.05313923296695,0,0,0,0.992540841943796,0,0,0,0,0,0,0,0,0,0,0,0,0,0
"AGTGGATAGTACCATG-1","1",1.79030262283415,0,0,0,0,0,0,0,0,0,0,0,0,0,0,0,0,0,0,0,0,1.2515143730029,1.79030262283415,0,0,2.77094962072466,0,0,0,2.39630588051973,0,0,0,0,0,0,0,0,0,0,0,0,0,0
"AGTGGATAGTTACGGC-1","0",2.06352041958727,0,0,0,0,0,0,0,0,0,0,0,0,0,0,0,0,0,0,0,0,0.763422308994504,1.19125624981008,0,0,2.19936075972399,0.763422308994504,0,1.19125624981008,0.763422308994504,0,0,0,0,0,0,0,0,0,0,0,0,0,0
"AGTGGCGGTTGGCATT-1","0",2.46780670093706,0,0,0,0,0,0,0,0,0,0,0,0,0,0,0,0,0,0,0,0,1.22354959602947,1.7575931396333,0,0,2.36056424053068,0,0,0,0.788282855521318,0,0,0,0,0,0,0,0,0,0,0,0,0,0
"AGTGGCTTCCGCGTCT-1","1",2.70126326541856,0,1.49842482065082,0,0,0,0,0,0,0,0,0,0,0,0,0,0,0,0,0,0,1.00697845608354,2.07308014163831,0,0,1.49842482065082,2.07308014163831,1.00697845608354,1.00697845608354,2.07308014163831,0,0,0,0,1.82647529820048,0,0,0,0,0,0,0,0,2.81156050025776
"AGTGGTGAGTTACGAT-1","4",2.18633611221054,0.8403117569208,0,0,0,0,0,0,0,0,0,0,0,0,0,0,0,0,0,0,0,0.505940480699902,0.505940480699902,0,0,1.59964364447657,0.505940480699902,0,1.09045707485621,2.0262314329529,0,0,0,0,0,0,0,0,0,0,0,0,0,2.25770069277145
"AGTGGTTCAATGCCCT-1","3",3.23495092832687,1.96027522819815,0,0,0,0,0,0,0,0,0,0,0,0,0,0,0,0,0,0,0,0,0,0,0,0,0,0,0,1.96027522819815,0,0,0,1.96027522819815,0,0,0,0,0,0,0,0,0,0
"AGTGTAAAGGTACACC-1","3",2.82521804864641,0,0,0,0,0,0,0,0,0,0,0,0,0,0,0,0,0,0,0,0,0,0,0,0,0,0,0,0,0,0,0,0,0,0,0,0,0,0,0,1.83867602177912,0,0,0
"AGTGTAAAGTATGTCG-1","1",2.35788875468181,0,0,0,0,0,0,0,0,0,0,0,0,0,0,0,0,0,0,0,0,0.586332596357911,1.99864851271644,0,0.586332596357911,0.586332596357911,0,0.953497555884277,0.586332596357911,1.88429186274715,0,0.586332596357911,0,0,0.586332596357911,0,0,0,0,0,0.586332596357911,0,0,2.19431432285326
"AGTGTAAAGTGACCCG-1","0",1.61603037108908,0,0,0,0,0,0,0,0,0,0,0,0,0,0,0,0,0,0,0,0,0,0,0,0,2.57255219413927,1.61603037108908,0,0,1.10410901788533,0,0,0,1.10410901788533,1.10410901788533,0,0,0,0,0,0,0,0,0
"AGTGTCATCCGTAGGT-1","7",2.08414893458294,0,0,0,0,0,0,0,0,0,0,0,0,0,0,0,0,0,0,0,0,0.82399583518436,1.70084354460472,0,0.494571395942594,2.16073844554124,0.494571395942594,0.82399583518436,0,2.62437183148919,0,0,0,0,0,0,0,0,0,0,0,0,0,0
"AGTGTGAGTAGCTGCC-1","2",1.69477715053211,0,0,0,0,0,0,0,0,0,0,0,0,0,0,0,0,0,0,0,0,0,1.88050121460709,0,0,2.39809731749134,0,0,0,2.29161156715055,0,0,0,0,0,0,0,0,0,0,0,0,0,0.74733138004901
"AGTGTTGTCGAATCAT-1","0",1.36601716868074,0,0,0,0,0,0,0,0,0,0,0,0,0,0,0,0,0,0,0,0,0.900102004524237,0,0,0,2.11616756792241,0.900102004524237,0.900102004524237,0,0,0,0,0,0,0,0,0,0,0,0,0,0,0,0
"AGTGTTGTCGACCAAC-1","3",2.05210381241253,0,0,0,0,0,0,0,0,0,0,0,0,0,0,0,0,0,0,0,0,0,0,0,0,0,0,0,0,2.05210381241253,0,0,0,0,0,0,0,0,0,0,0,0,0,0
"AGTTAGAAGTCAACTG-1","1",2.3742348630788,0,0,0,0,0,0,0,0,0,0,0,0,0,0,0,0,0.680203285386039,0,0,0,0,1.08131626001739,0,0,1.77009228321006,1.08131626001739,0,0,2.54092053314858,0,0.680203285386039,0,0,0.680203285386039,0,0,0,0,0,0,0,0,1.36681514216072
"AGTTAGCCACTAGCCT-1","0",1.92595008179954,0,0,0,0,0,0,0,0,0,0,0,0,0,0,0,0,0,0,0,0,1.92595008179954,1.92595008179954,0,0,1.59082098285834,0,0,1.08312234913239,1.59082098285834,0,0,0,0,0,0,0,0,0,0,0,0,0,1.08312234913239
"AGTTAGCCACTCAATT-1","8",2.09996576663501,0,0,0,0,0,0,0,0,0,0,0,0,0,0,0,0,0,0,0,0,1.02656926679454,2.29831227271978,0,0,1.52234184406307,0.63960730936781,0.63960730936781,1.02656926679454,2.20404864666663,0,1.30486977229977,0,0,1.02656926679454,0,0,0,0,0,0,0,0,2.72992784554772
"AGTTAGCCATTAGCAA-1","11",0,1.43386668376264,0,0,0,0,0,0,0,0,0,0,0,0,0,0,0,0,0,0,0,0,0,0,0,0,0,0,1.43386668376264,0,0,0,0,0,0,0,1.43386668376264,1.43386668376264,0,0,0,0,0,0
"AGTTATCAGGCAACGA-1","2",2.27128770945675,0,0,0,0,0,0,0,0,0,0,0,0,0,0,0,0,0,0,0,0,0,0,0,0,0,0,0,0.735480418495574,1.67633674883342,0,0,0,0,0,0,0,0,0,0,0,0,0,0
"AGTTATCAGGGTAGAT-1","12",3.3066202080482,0,0,0,0,0,0,0,0,0,0,0,0,0,0,0,0,2.27872692619724,0,0,0,0,0,0,0,0,0,0,0,0,0,0,0,0,0,0,0,0,0,0,0,0,0,0
"AGTTGAAAGGAACCTC-1","1",1.9240330447814,0,0.680443770155239,0,0,0,0,0,0,0,0,0,0,0,0,0,0,1.08163829178194,0,0,0,0.680443770155239,1.36717821224816,0,0.680443770155239,2.1745279461271,0.680443770155239,0,1.58903426627393,3.11104939321381,0,0,0,0,0.680443770155239,0,0,0,0,0,0,0,0,1.08163829178194
"AGTTGAAAGTTAGCCA-1","0",2.00009747169129,0,0,0,0,0,0,0,0,0,0,0,0,0,0,0,0,0,0,0,0,0.954527919007657,1.43386668376264,0,0,2.00009747169129,0.954527919007657,0.954527919007657,0,0,0,0,0,0,0,0,0,0,0,0,0,0,0,0
"AGTTGCATCACGTTGA-1","16",1.57180616893522,0,0,0,0,0,0,0,0,0,0,0,0,0,0,0,0,1.57180616893522,0,0,0,0,0,0,0,1.57180616893522,0,0,0,0,0,0,0,0,0,0,0,0,0,0,1.57180616893522,0,0,0
"AGTTGCATCGCTCACC-1","8",2.48954852222193,0,0,0,0,0,0,0,0,0,0,0,0,0,0,0,0,0,0,0,0,1.16663423259724,2.03254634709006,0,0.744592481083309,1.46250270826738,0.744592481083309,1.16663423259724,1.16663423259724,1.69052612516902,0,0,0,0.744592481083309,0,0,0,0,0,0,0,0,0,1.87608774620599
"AGTTGGGAGATTCGTG-1","1",1.45354605507874,0.504194718510062,0,0,0,0,0,0,0,0,0,0,0,0,0,0,0,0.504194718510062,0,0,0,1.45354605507874,0.837811623242097,0,1.0875362260689,2.64709879279084,1.0875362260689,0.837811623242097,0,2.59952785050412,0,0,0,0,0,0,0,0,0,0,0,0,0,0.837811623242097
"AGTTGGGAGCATGCCG-1","8",2.21411247027371,0,0,0,0,0,0,0,0,0,0,0,0,0,0,0,0,0.85818704994195,0,0,0,0.85818704994195,2.05340570844319,0,0,2.21411247027371,0.85818704994195,0.85818704994195,0.85818704994195,1.8618328215435,0,0,0,0,1.62464979246266,0,0,0,0,0,0,0,0,2.35253287053999
"AGTTTCAGTTTCGTAA-1","0",1.75231834611135,0,0,0,0,0,0,0,0,0,0,0,0,0,0,0,0,0.951395204590135,0,0,0,1.4299857252053,0.951395204590135,0,0.951395204590135,2.19127344393829,0,0.951395204590135,0,0.951395204590135,0,0,0,0,0,0,0,0,0,0,0,0,0,0
"ATAACCACAGGATTCG-1","3",3.03906267792049,0,0,0,0,0,0,0,0,0,0,0,0,0,0,0,0,0,0,0,0,0,0,0,1.78698381180541,1.24867094577686,0,0,0,0,0,0,0,0,0,0,0,0,0,0,0,0,0,0
"ATAACCACATCGGTAG-1","1",1.77609937832505,0,0,0,0,0,0,0,0,0,0,0,0,0,0,0,0,0,0,0,0,0,1.62707665519629,0,0.597624351389087,2.70153024626784,0.969107235886361,0.969107235886361,0,2.38079930126505,0,0,0.597624351389087,0,0,0,0,0,0,0,0,0,0,0.597624351389087
"ATAACGAAGAATCCGC-1","0",1.58462702995753,0,0,0,0,0,0,0,0,0,0,0,0,0,0,0,0,0.829638837656132,0,0,0,0,0.829638837656132,0,1.81969276298341,1.27675324639102,1.27675324639102,0,1.58462702995753,0.829638837656132,0,0,0,0,0,0,0,0,0,0,0,0,0,0
"ATAACGAAGGATGGGC-1","0",2.20551626172523,0,0,0,0,0,0,0,0,0,0,0,0,0,0,0,0,0,0,0,0,0.961259156817629,1.44219588434135,0,0,2.00954848663315,0.961259156817629,1.44219588434135,0,0,0,0,0,0,0,0,0,0,0,0,0,0,0,0
"ATAACGAAGTCAGCGT-1","5",1.40930321104762,0,0,0,0,0,0,0,0,0,0,0,0,0,0,0,0,0,0,0,0,0,1.40930321104762,0,0,2.97341581803438,1.97216318304985,0.934739969572993,1.40930321104762,1.97216318304985,0,0,0,0,0,0,0,0,0,0,0,0,0,0
"ATAACGGGTGAGTCCC-1","8",1.84492899918773,0,0.846688800604386,0,0,0,0,0,0,0,0,0,0,0,0,0,0,0,0,0,0,0.846688800604386,0,0,0,2.33441203811407,0,0.846688800604386,0.846688800604386,0.846688800604386,0,0,0,0.846688800604386,1.29850775273333,0,0,0,0,0,0,0,0,2.56396530719557
"ATAACGTTCACATGGC-1","5",2.0007423394257,0,0,0,0,0,0,0,0,0,0,0,0,0,0,0,0,0,0,0,0,1.14151673450402,0.725496851936225,0,0,1.14151673450402,0,0,0,0.725496851936225,0,0,0,0,0,0,0,0,0,0,0,0,0,0.725496851936225
"ATAACGTTCCATAGTG-1","5",1.66330140685298,0,0,0,0,0,0,0,0,0,0,0,0,0,0,0,0,0,0,0,0,1.1436976082489,1.43687506338679,0,1.1436976082489,2.25689766941477,1.66330140685298,0,0,1.66330140685298,0,0,0,0,0,0,0,0,0,0,0,0,0,0
"ATAACGTTCGCGCCTT-1","2",1.77033482744045,0,0,0,0,0,0,0,0,0,0,0,0,0,0,0,0,0,0,0,0,1.08150945386074,1.92386657870574,0,1.08150945386074,2.17435517256222,1.08150945386074,0,0.680347555063942,2.05693352338768,0,0,0,0,0.680347555063942,0,0,0,0,0,0,0,0,0.680347555063942
"ATAAGCAAGATAGTTC-1","0",1.76738949617576,0,0,0,0,0,0,0,0,0,0,0,0,0,0,0,0,0,0,0,0,0,1.23191099257344,0,0.794749733497585,2.57557491022043,0,0,0.794749733497585,1.53507218954632,0,0,0,0,0.794749733497585,1.23191099257344,0,0,0,0,0,0,0,0
"ATAAGCAAGCAAGTCC-1","0",0,0,0,0,0,0,0,0,0,0,0,0,0,0,0,0,0,0,0,0,0,0,0,0,0,1.24005272818704,1.24005272818704,1.24005272818704,1.24005272818704,1.24005272818704,0,0,0,0,0,0,0,0,0,0,0,0,0,1.77691506007952
"ATAAGCTTCGCTGATA-1","2",2.24671921494091,0,0,0,0,0,0,0,0.879395712479259,0,0,0,0,0,0,0,0,0,0,0,0,1.33995889840607,2.08532623654161,0,0,2.24671921494091,0,0.879395712479259,0,0.879395712479259,0,0,0,0,0,0,0,0,0,0,0,0,0,0
"ATAAGGATCGTTAGCA-1","0",1.61425526418314,0,0,0,0,0,0,0,0,0,0,0,0,0,0,0,0,0,0,0,0,1.61425526418314,1.102628358323,0,0,2.20257576067408,0,1.102628358323,0,1.102628358323,0,0,0,0,0,0,0,0,0,0,0,0,0,1.102628358323
"ATAATCGCAATTCATC-1","6",0,0,0,0,0,0,0,0,0,0,0,0,0,0,1.10640593198719,0,0,0,0,0,0,1.10640593198719,0,0,0,2.71894437346008,0,0,1.10640593198719,0,0,0,0,0,0,0,0,0,0,0,1.10640593198719,0,0,4.73895296344339
"ATAATGCTCATATAGC-1","0",0.807129638100483,0,0,0,0,0,0,0,0,0,0,0,0,0,0,0,0,0.807129638100483,0,0,0,0.807129638100483,0.807129638100483,0,0.807129638100483,1.247873852574,1.247873852574,0,0,1.55273946509042,0,0,0,0,0,0,0,0,0,0,0,0,0,0.807129638100483
"ATAATGCTCCGTAAGC-1","2",1.82545566694945,0,0,0,0,0,0,0,0,0,0,0,0,0,0,0,0,0,0,0,0,1.28171438407331,0.833520031057687,0,0,2.3135090710569,0,0.833520031057687,1.59009535628011,1.59009535628011,0,0,0,0,0,0,0,0,0,0,0,0,0,0
"ATACCAACAGCCAATG-1","1",1.93097436563771,0,0.552175780670727,0,0,0,0,0,0,0,0,0,0,0,0,0,0,0.552175780670727,0,0,0,1.16660885688186,0.905859153164339,0,0.905859153164339,2.12468769741454,0,0.905859153164339,0.552175780670727,2.42642938662629,0,0,0,0,0.905859153164339,0,0,0,0,0,0,0,0,0.905859153164339
"ATACCCTTCCGCACCT-1","0",1.914767796871,0,0.894593339860598,0,0,0,0,0,0,0,0,0,0,0,0,0,0,0,0,0,0,0.894593339860598,0,0,0,1.914767796871,1.35909825581992,0.894593339860598,0,0,0,0,0,0,0,0,0,0,0,0,0,0,0,0.894593339860598
"ATACCTAGTGGCCATC-1","2",0.81030572359627,0,0,0,0,0,0.81030572359627,0,0,0,0,0,0,0,0,0,0,0.81030572359627,0,0,0,0,1.55725706444744,0,0,1.98003226158067,0,0,0.81030572359627,1.55725706444744,0,0,0,0.81030572359627,0,0,0,0,0,0,0,0,0,0
"ATACGAAAGGAGGCTA-1","1",0,0,0,0,0,0,0,0,0,0,0,0,0,0,0,0,0,0,0,0,0,0,0,0,0,1.45767944698385,0,0,1.45767944698385,1.45767944698385,0,0,0,0,0,0,0,0,0,0,0,0,0,0
"ATACGTTAGCCAGGTT-1","6",1.22797033020866,1.22797033020866,0,0,0,0,0,0,0,0,0,0,0,0,0,0,0,0,0,0,0,0,0,0,0,2.10934953498517,0,0,0,0,0,0,0,0,0,0,0,0,0,0,1.22797033020866,0,0,3.94546058339744
"ATACGTTAGCCGACCA-1","1",2.4760261231369,0,0,0,0,0,0,0,0,0,0,0,0,0,0,0,0,0,0,0,0,1.53283799957117,1.65565692487867,0,0,2.11173974893044,1.03519346429441,0.473258931422923,0,1.65565692487867,0,0,0,0,0,0,0,0,0,0,0,0,0,1.86360757460541
"ATACGTTAGTCAAGTT-1","0",1.96042501740494,0,0,0,0,0,0,0,0,0,0,0,0,0,0,0,0,0,0,0,0,1.67874340758572,1.50119643097027,0,0,1.50119643097027,0,1.28517227648564,0.62688107612544,1.28517227648564,0,0,0,0,0,0,0,0,0,0,0,0,0,0.62688107612544
"ATACTCCTCCGCCATC-1","11",0,0,0,0,0,0,0,0,0,0,0,0,0,0,0,0,0,1.04724759607652,0,0,0,0,0,0,0,2.32717844328371,0,0,0,0,0,0,0,0,0,0,0,0,0,0,0,0,0,2.32717844328371
"ATACTGACAATCAAGC-1","9",2.83271152495147,0,0,0,0,0,0,0,0,0,0,0,0,0,0,0,0,3.31971440488946,0,0,0,0,0,0,0,0,0,0,0,2.45624829490049,0,0,0,0,0,0,0,0,0,0,0,0,0,0
"ATACTGGTCACCAATG-1","14",0,0,0,0,0,0,0,0,0,0,0,0,0,0,0,0,0,0,0,0,0,0,0,0,0,0,0,0,0,0,0,0,0,0,0,0,0,0,0,0,0,0,0,0
"ATACTGGTCTATCCAC-1","0",1.87831464314744,1.32740242398066,0,0,0,0,0,0,0,0,0,0,0,0,0,0,0,0,0,0,0,1.87831464314744,1.32740242398066,0,0,2.37018028595242,0,0,0,1.64032629204849,0,0,0,0,0,0,0,0,0,0,0,0,0,0
"ATAGCAAAGCGGTACT-1","0",1.17577247844446,0,0,0,0,0,0,0,0,0,0,0,0,0,0,0,0,1.17577247844446,0,0,0,0,1.88731405319661,0,0,2.50170038638316,1.4726940416133,0,0.751568271878963,1.70134058631431,0,0,0,0,0,0,0.751568271878963,0,0,0,0,0,0,0
"ATAGCAGGTTTGACTA-1","5",2.17785496969554,0,0,0,0,0,0,0,0,0,0,0,0,0,0,0,0,0,0,0,0,0.750563366782098,1.47122793521492,0,0.750563366782098,2.17785496969554,0.750563366782098,1.1744572752172,0,1.47122793521492,0,0,0,0,0,0,0,0,0,0,0,0,0,0.750563366782098
"ATAGCCATCTGGTCAA-1","0",2.47896920370852,0,0,0,0,0,0,0.520613630132154,0,0,0,0,0,0,0,0,0,0.861251575161069,0,0,0,1.31700870672937,1.86632271113697,0,0.520613630132154,2.42000376355257,0,0.861251575161069,0.520613630132154,1.11487280953989,0,0,0,0,0,0,0,0,0,0,0,0,0,0
"ATAGGCCTCCGCTACC-1","3",1.83934341386641,0,0,0,0,0,0,0,0,0,0,0,0,0,0,0,0,0,0,0,0,0,0,0,0,2.19037988325854,0,0,0,0,0,0,1.29368626964441,0,0,0,0,0,0,0,0,0,0,0
"ATAGGCTCAAACTGTA-1","10",1.90960639652424,0,0,0,0,0,0,0,2.5257976471029,0,0,0,0,0,0,0,0,0,1.90960639652424,0,0,0,0,0,0,0,0,0,0,0,0,0,0,0,0,0,0,0,0,0,0,0,0,0
"ATAGGCTCACAAGGCC-1","2",1.30689704829606,0.853285212758294,0,0,0,0,0,0,0,0,0,0,0,0,0,0,0,0,0,0,0,0.853285212758294,1.30689704829606,0,0,2.20652281151541,1.85463769340638,0,0,1.61781020413363,0,0,0,0,0,0,0,0,0,0,0,0,0,0
"ATAGGGTAGATTACGT-1","2",1.97500872449178,0,0,0,0,0,0,0,0,0,0,0,0,0,0,0,0,0,0,0,0,0,2.42873047812385,0,0.710224080764049,2.51599486184914,1.1213172934735,0,1.1213172934735,2.51599486184914,0,0,0,0,0,0,0,0,0,0,0,0,0,0
"ATAGGGTAGCCTGGAT-1","4",2.74881837726876,0,0,0,0,0,0,0,0,0,0,0,0,0,0,0,0,0.901142945698363,0,0,0,0,0.901142945698363,0,0.901142945698363,1.6840346298798,0,0.901142945698363,0.901142945698363,0.901142945698363,0,0,0,0,0,0,0.901142945698363,0,0,0,0,0,0,1.36732350246166
"ATAGGGTAGCTAGGCT-1","1",3.32538313578801,0,0,0,0,0,0,0,0,0,0,0,0,0,0,0,0,0,0,0,0,0,2.46162613176911,0,0,1.85033183679195,0,0,0,3.11118910256062,0,0,0,0,0,0,0,0,0,0,0,0,0,1.85033183679195
"ATAGGGTAGGATGCTC-1","3",2.49056300756052,0,0,0,0,0,0,0,0,0,0,0,0,0,0,0,0,0,0,0,0,0,0,0,0,0,0,0,0,0,0,0,0,0,0,0,0,0,0,0,0,0,0,0
"ATAGGGTAGTTACGTG-1","5",1.9462530845868,0,0,0,0,0,0,0,0,0,0,0,0,0,0,0,0,0,0,0,0,0,1.70507544234228,0,0.916530799094129,2.67452114286047,0,0,0,1.70507544234228,0,0,0,0,0,0,0,0,0,0,0,0,0,0
"ATAGTCACACAGGATT-1","3",3.31990708945856,0,1.4660807111218,0,0,0,0,0,0,0,0,0,0,0,0,0,0,0,0,0,0,0,0,0,0,2.03659212678664,0,0,0,0,0,0,0,0,0,0,0,0,0,0,0,0,0,0
"ATAGTCACATCCCTGG-1","0",2.17161310135013,0,0.57506291813097,0,0,0,0,0,0,0,0,0,0,0,0,0,0,0,0,0,0,0.57506291813097,1.20349079792613,0,0,2.33475292854772,1.20349079792613,0,0,1.20349079792613,0,0,0,0,0.57506291813097,0,0,0,0,0,0,0,0.57506291813097,0
"ATAGTCACATGAGCCA-1","11",1.78059725485862,0,0,0,0,0,0,0,0,0,0,0,0,0,0,0,0,0,0,0,0,0,0,0,0,0,0,0,0,1.2432030047402,0,0,0,1.2432030047402,0,0,1.2432030047402,0,0,0,0,0,0,1.2432030047402
"ATAGTCCGTTTCCGCT-1","8",2.36030354272077,0,0,0,0,0,0,0,0,0,0,0,0,0,0,0,0,0,0,0,0,0.672646813977836,1.07118399854078,0,0.672646813977836,2.04328530216936,1.07118399854078,0,0,1.57643251743086,0,0,0,0.672646813977836,0,0,0,0,0,0,0,0,0,2.04328530216936
"ATAGTGAAGTCGAACC-1","1",1.62569816995321,0.596852762776472,0,0,0,0,0,0,0,0,0,0,0,0,0.596852762776472,0,0,0,0,0,0,1.23813638387847,0.968042734003545,0,0,1.90430693051131,1.23813638387847,0.596852762776472,0,0.596852762776472,0,0,0,0.596852762776472,0,0,0,0,0,0,0,0,0,1.77467418506076
"ATAGTGAAGTTAACGT-1","2",1.5202444172093,0,0,0,0,0,0,0,0,0,0,0,0,0,0,0,0,0,0,0,0,0,2.20166154608901,0,0.638340202283476,2.29589850305706,0,0,1.5202444172093,1.5202444172093,0,0,0,0,0,0,0,0,0,0,0,0,0,0
"ATATCACAGCGGGAAC-1","0",1.56429189394366,0,0.815260013334938,0,0,0,0,0,0,0,0,0,0,0,0,0,0,0,0,0,0,0,0.815260013334938,0,0,2.51267327103908,0,0.815260013334938,0.815260013334938,1.56429189394366,0,0.815260013334938,0,0,0.815260013334938,0,0,0,0,0,0,0,0,1.56429189394366
"ATATCACAGGAATGGT-1","2",1.57069866831917,0,0,0,0,0,0,0,0,0,0,0,0,0,0,0,0,0,0,0,0,0,1.57069866831917,0,0.819780950437654,2.15408685265901,0,0.819780950437654,0.819780950437654,0,0,0,0,0,0,0,0,0,0,0,0,0,0,0
"ATATCACAGGAGCCAA-1","5",1.93097436563771,0.905859153164339,0,0,0,0,0,0,0,0,0,0,0,0,0,0,0,0,0,0,0,1.69049606953122,1.69049606953122,0,0,2.54885537438827,0.905859153164339,0,0.905859153164339,1.37323779581746,0,0,0,0,0,0,0,0,0,0,0,0,0,1.37323779581746
"ATATCACAGGAGTACG-1","1",2.10836017402029,0,0.589927993343462,0,0,0,0,0,0,0,0,0,0,0,0,0,0,0,0,0,0,0.958475141936179,1.43875257158447,0,0,2.10836017402029,0.589927993343462,0,0,1.43875257158447,0,0,0,0,0,0,0,0,0,0,0,0,0,0.958475141936179
"ATATCAGCAATAGGCT-1","0",2.57286268235666,0,0,0,0,0,0,0,0,0,0,0,0,0,0,0,0,0.852203964516949,0,0,0,0,2.20484593009436,0,0,0.852203964516949,0.852203964516949,0.852203964516949,0.852203964516949,1.85304836424335,0,0,0,0,0,0,0,0,0,0,0,0,0,0
"ATATCCCTCCACCTAT-1","0",2.04812300359296,0,0,0,0,0,0,0,0,0,0,0,0,0,0,0,0,0.988921527579461,0,0,0,0.988921527579461,1.17899693365791,0,0.446464924624569,1.8912697127277,0,0,0,0.446464924624569,0,0,0,0,0,0,0,0,0,0,0,0,0.446464924624569,0
"ATATCCTCAAGTGGCC-1","1",2.04111716322837,0,0,0,0,0,0,0,0,0,0,0,0,0,0,0,0,1.06954687284217,0,0,0,1.35353564126807,2.15827987589626,0,0,2.04111716322837,0,0.671427701485704,0,2.59833815350141,0,0,0,0,0,0,0.671427701485704,0,0,0,0,0,0,1.57445664494564
"ATATGGCCAGCCTACT-1","4",1.91586726526476,0,0,0,0,0,0,0,0,0,0,0,0,0,0,0,0,0.719419690920372,0,0,0,0.947735918969823,1.91586726526476,0,0.423056583542001,1.91586726526476,0.423056583542001,0,0.719419690920372,0.719419690920372,0,0,0,0.423056583542001,0,0,0,0,0,0,0,0,0,0.423056583542001
"ATATGGGGTTAGTACC-1","0",0,0,0,0,0,0,0,0,0,0,0,0,0,0,0,0,0,0,0,0,0,1.61586880276439,0.851895569635833,0,1.30513095401268,1.85259490584447,0.851895569635833,0,0.851895569635833,1.30513095401268,0,0,0,0,0,0.851895569635833,0,0,0,0,0,0,0,0
"ATATGGTTCCCGCTAC-1","1",2.28148492095396,0,0,0,0,0,0,0,0,0,0,0,0,0,0,0,0,0,0,0,0,1.01459343261493,1.29125886886021,0,0,2.96844013126598,1.50773370797938,0.63080404998581,1.01459343261493,1.01459343261493,0,0,0,0,0,0,0,0,0,0,0,0,0,3.01262180605665
"ATATGGTTCGATGGGA-1","0",2.31762375087198,0,0,0,0,0,0,0,0,0,0,0,0,0,0,0,0,0.8361042042107,0,0,0,0.8361042042107,0,0,1.28501464060932,1.28501464060932,0,0,0.8361042042107,1.28501464060932,0,0,0,0,0,0,0,0,0,0,0,0,0,0
"ATATGTCAGGTACGTC-1","7",1.98073212020389,0,0.940792837066548,0,0,0,0,0,0,0,0,0,0,0,0,0,0,0,0,0,0,0.940792837066548,1.4168293233109,0,0.577178337061719,1.59026114360566,0.577178337061719,0,0.577178337061719,2.26083196636483,0,0,0,0.577178337061719,0,0.577178337061719,0,0,0,0,0,0,0,0.577178337061719
"ATATTCCCACTAGCTC-1","0",1.40731965151014,0,0,0,0,0,0,0,0,0,0,0,0,0,0,0,0,0,0,0,0,0,1.40731965151014,0,0,2.32776290968996,0,0,1.40731965151014,0,0,0,0,0,0,0,0,0,0,0,0,0,0,0
"ATATTCCCATGAGTGT-1","11",0,0,0,0,0,0,0,0,0,0,0,0,0,0,0,0,0,0,0,0,0,0,0,0,0,2.45042047371683,0,0,0,0,0,0,0,0,0,0,0,0,0,0,0,0,0,2.08717988490301
"ATCAAGGGTTCCTGCT-1","5",1.40801899139853,0.572087592497751,0,0,0,0,0,0,0,0,0,0,0,0,0,0,0,0,0,0,0,0.933708028874514,0.572087592497751,0,1.19872515488138,2.70104719776729,0,0.933708028874514,0.572087592497751,1.40801899139853,0,0,0,0,0.572087592497751,0,0,0,0,0,0,0,0,0.933708028874514
"ATCACAACATCCTATG-1","9",3.48724421544673,0,0,0,0,0,0,0,0,0,0,0,0,0,0,0,0,0,0,0,0,0,0,0,0,0,0,0,0,0,0,0,0,0,0,0,0,0,0,0,0,0,0,0
"ATCACCTTCCTGCCTA-1","2",0.993503693908454,0,0,0,0,0,0,0,0,0,0,0,0,0,0,0,0,0,0,0,0,0.993503693908454,1.93908418398491,0,0.993503693908454,1.93908418398491,0.993503693908454,0.993503693908454,0.615369479517261,1.2672350011039,0,0,0,0,0,0,0,0,0,0,0,0,0,0
"ATCACGATCCGCACCT-1","0",1.69285641975218,0,0.63498648017009,0,0,0,0,0,0,0,0,0,0,0,0,0,0,0,0,0,0,1.51468461142726,0,0,1.29773357211255,2.37555325871537,1.02028789176194,0,0,1.02028789176194,0,0,0,0,0,0,0,0,0,0,0,0,0,0
"ATCACGATCCGTAGTA-1","0",2.25559046890221,0,0,0,0,0,0,0,0,0,0,0,0,0,0.885207636815767,0,0,0,0,0,0,0.885207636815767,0.885207636815767,0,0,2.89490870225999,0,1.34728714830546,0,0,0,0,0,0.885207636815767,0,0,0,0,0,0,0,0,0.885207636815767,0
"ATCACTTCAAGGTCGC-1","1",1.9855951031528,0,0,0,0,0,0,0,0,0,0,0,0,0,0,0,0,0,0,0,0,0.579655114015029,2.18089481098547,0,0,1.7426629433373,1.59475317485233,0.579655114015029,0.579655114015029,2.48456624208103,0,0,0,0,0,0,0,0,0,0,0,0,0,0
"ATCAGGCTCCTCACGC-1","0",2.27936634302997,0,0.740179092182775,0,0,0,0,0,0,0,0,0,0,0,0,0,0,0,0,0,0,0.972469294733915,1.45603792374367,0,0.740179092182775,1.576312927748,0.437064194471326,0.437064194471326,0.740179092182775,0.972469294733915,0,0,0,0.437064194471326,0,0,0,0,0,0,0,0,0.437064194471326,0.437064194471326
"ATCAGGTCAACCTGTC-1","11",1.33097709372926,0,1.33097709372926,0,0,0,0,0,0,0,0,0,0,0,0,0,0,0,0,0,0,0,0,0,0,2.23582745870222,1.33097709372926,0,0,0,0,0,0,0,0,0,0,0,0,0,0,0,0,1.88243456812075
"ATCAGGTCAAGCTCCT-1","4",1.81980107206879,0,0,0,0,0,0,0,0,0,0,0,0,0,0,0,0,0.334857241843061,0,0,0,0,0.952029747985131,0,0.585273322516925,1.6817863229891,0,0.952029747985131,0.334857241843061,2.1467585207402,0,0,0,0,0.334857241843061,0,0,0,0,0,0,0,0,1.99658334372392
"ATCAGTTAGCCTGAGT-1","9",0,0,0,0,0,0,0,0,0,0,0,0,0,0,0,0,0,0,0,0,0,0,0,0,0,0,0,0,0,0,0,0,0,0,0,0,0,0,0,0,0,0,0,0
"ATCATCAGTGCGATGG-1","2",0.769466486800696,0,0,0,0,0,0,0,0,0,0,0,0,0,0,0,0,0,0,0,0,0,2.07338395446424,0,0,1.91590319370777,0.769466486800696,0,0,2.53259644472593,0,0,0,0,0,0,0,0,0,0,0,0,0,0
"ATCATCTCAAGTTCAA-1","13",2.35701632844843,0.625422917697523,0,0,0,0,0,0,0,0,0,0,0,0,0,0,0,0,0,0,0,1.00725419752479,1.00725419752479,0,0,1.82683980116444,0,0,0.625422917697523,0.625422917697523,0,0,0,0,0,0.625422917697523,0,0,0,0,0,0,0,0
"ATCATCTCACCATGTC-1","0",2.29253116118887,0,0,0,0,0,0,0,0,0,0,0,0,0,0,0,0,0,0,0,0,1.02244836655843,0,0,0,1.51731950072689,1.84687539937176,0,0,1.51731950072689,0,0,0,0,0,0,0,0,0,0,0,0,0,0
"ATCATGGTCCGTCCTA-1","13",1.97189696193637,1.97189696193637,0,0,0,0,0,0,0,0,0,0,0,0,0,0,0,0,0,0,0,0,0,0,0,1.97189696193637,0,0,0,0,0,0,0,0,0,0,0,0,0,0,0,0,0,0
"ATCCAAGTCGATCCAA-1","0",2.20068602136247,0,0,0,0,0,0,0,0,0,0,0,0,0,0,0,0,0.764218355921596,0,0,0,0.764218355921596,1.90755184501261,0,0,1.90755184501261,0.764218355921596,0.764218355921596,1.19229404163186,1.19229404163186,0,0,0,0,0,0,0,0,0,0,0,0,0,0
"ATCCAATAGGTACTAT-1","8",2.21829931882068,0,0,0,0,0,0,0,0,0,0,0,0,0,0,0,0,0.705056324314524,0,0,0,1.1144598369075,2.10019038286184,0,0,2.21829931882068,0,0,0,1.40410531019642,0,0,0,0,0.705056324314524,0,0,0,0,0,0,0,0,2.73016711038983
"ATCCACAAGGATTAGA-1","0",2.28435129287268,0,0,0,0,0,0,0,0,0,0,0,0,0,0.743086344989574,0,0,0.743086344989574,0,0,0,1.16465860207112,2.16526367139168,0,0,2.030052449429,1.16465860207112,0.743086344989574,0.743086344989574,1.16465860207112,0,0,0,0,0.743086344989574,0,0,0,0,0,0,0,0,0
"ATCCATAGTTTGGCAT-1","0",0,0,0,0,0,0,0,0,0,0,0,0,0,0,0,0,0,0,0,0,0,1.21966859190947,2.55957547405405,0,1.21966859190947,1.21966859190947,0,0,0,0,0,0,0,0,0,0,0,0,0,0,0,0,0,0
"ATCCATGAGCCCTGCT-1","3",2.73227545844736,0,0,0,0,0,0,0,0,0,0,0,0,0,0,0,0,0,0,0,0,0,0,0,0,0,0,0,0,0,0,0,0,0,0,0,0,0,0,0,0,0,0,0
"ATCCCAAAGAATCAGA-1","2",2.19183831342824,0,0,0,0,0,0,0,0,0,0,0,0,0,0,0,0,0,0,0,0,0,0.951785585241207,0,0.951785585241207,2.99992195783914,0,0,0,2.61904748346797,0,0,0,0,1.75284405297838,0,0,0,0,0,0,0,0,0
"ATCCCAGGTCTAGTAC-1","3",0,0,0,0,0,0,0,0,0,0,0,0,0,0,0,0,0,0,0,0,0,0,0,0,0,0,0,0,0,0,0,0,1.5399476131621,0,0,0,0,0,0,0,0,0,0,0
"ATCCCAGGTTAGTGAG-1","2",2.01178936986899,0,0,0,0,0,0,0,0,0,0,0,0,0,0,0,0,0.962857849555641,0,0,0,0,1.44417214769786,0,0,1.76772510281314,1.44417214769786,0,1.44417214769786,1.44417214769786,0,0,0,0,2.01178936986899,0,0,0,0,0,0,0,0,0
"ATCCCAGGTTGGGTAA-1","5",2.68022509600298,0,1.128339197845,0,0,0,0,0,0,0,0,0,0,0,0.715524797099931,0,0,0,0,0,0,0.715524797099931,0.715524797099931,0,0,2.34251110769296,0,0.715524797099931,0.715524797099931,1.64500561302892,0,0,0,0,0,0,0,0,0,0,0,0,0,0
"ATCCCATTCGTTAGAT-1","1",1.67881431977764,0,0.89733865818624,0,0,0,0,0,0,0,0,0,0,0,0,0,0,1.36254761027367,0,0,0,1.36254761027367,1.67881431977764,0,0,1.36254761027367,0.89733865818624,0.89733865818624,0,1.91872449909951,0,0,0,0,0,0,0,0,0,0,0,0,0,2.11206963924556
"ATCCCGCTCAATCCTC-1","1",2.21193666148753,0,0,0,0,0,0,0,0,0,0,0,0,0,0,0,0,0,0,0,0,1.85976982696818,2.47186503823247,0,0,2.47186503823247,0.856780440837952,0.856780440837952,0,1.85976982696818,0,0,0,0,0.856780440837952,0,0,0,0,0,0,0,0,1.85976982696818
"ATCCCTTAGCTATCTC-1","3",2.98910659858185,0,0,0,0,0,0,0,0,0,0,0,0,0,0,0,0,0,0,0,0,0,0,0,0,1.64728693860102,0,0,0,0,0,0,0,0,0,0,0,0,0,0,0,0,0,0
"ATCCGACAGATTGAGA-1","5",1.80862327528006,0,0,0,0,0,0,0,0,0,0,0,0,0,0,0,0,0,0,0,0,0,1.2672350011039,0,0,2.15791315712133,2.15791315712133,1.80862327528006,0,2.4162781433989,0,0,0,0,0,0,0,0,0,0,0,0,0,0
"ATCCGACAGCCTGACG-1","8",1.54903104770509,0,0,0,0,0,0,0,0,0,0,0,0,0,0,0,0,0,0,0,0,0.804525632623394,1.54903104770509,0,0,2.26690093363401,0,0,0,1.54903104770509,0,0,0,0,1.24452094447272,0,0,0,0,0,0,0,0,1.54903104770509
"ATCCGACAGCTGAGAG-1","2",2.58355851362306,0,0,0,0,0,0,0,0,0,0,0,0,0,0,0,0,1.01129873681236,0,0,0,0,1.50370805953802,0,1.01129873681236,2.44191345164082,0,0,1.01129873681236,1.50370805953802,0,0,0,0,1.01129873681236,0,0,0,0,0,0,0,0,0
"ATCCGGGTCATCGAAT-1","10",1.98749471708216,0,0,1.98749471708216,0,0,0,2.60966224193145,0,0,0,0,0,0,0,0,0,0,0,0,0,0,0,0,0,1.98749471708216,0,0,0,0,0,0,0,0,0,0,0,0,0,0,0,0,0,0
"ATCCGGGTCCACCGCT-1","0",2.33386423548976,0,0,0,0,0,0,0.710645125528311,0,0,0,0,0,0,0,0,0,0,0,0,0,0,0.710645125528311,0,0.710645125528311,1.82075489409962,0,0,0.710645125528311,1.82075489409962,0,0,0,0,0,0,0,0,0,0,0,0,0,0
"ATCCGTAAGATTCAGT-1","0",2.81817496547369,0,0,0,0,0,0,0,0,0,0,0,0,0,0,0,0,0,0,0,0,0.753646089035713,1.47572333224911,0,0,1.89064874848499,0.753646089035713,0,0,0,0,0,0,0,0,0,0,0,0,0,0,0,0,2.04748601625565
"ATCCGTAAGGCGTCCA-1","5",0,0,0,0,0,0,0,0,0,0,0,0,0,0,0,0,0,0,0,0,0,0,1.01074261074365,0,0,3.0068723684278,0,0,1.50302826221598,1.01074261074365,0,0,0,0,0,0,0,0,0,0,0,0,0,0
"ATCCGTCCAAGGTAAG-1","0",2.05104025464998,0,0,0,0,0,0,0,0,0,0,0,0,0,0,0,0,0,0,0,0,0,1.3111381681076,0,0,2.57997245357651,0,0,1.3111381681076,1.6224709213194,0,0,0,0,0,0,0,0,0,0,0,0,0,0
"ATCCTAGAGCCATAGC-1","1",1.90277992121162,0,0.596046628724302,0,0,0,0,0,0,0,0,0,0,0,0,0,0,0,0,0,0,0.966930239123567,1.77318418720489,0,0,2.01749114429608,0.596046628724302,0.596046628724302,0.966930239123567,1.44920296898036,0,0,0,0,0.596046628724302,0,0,0,0.596046628724302,0,0,0,0,1.90277992121162
"ATCCTAGAGTCATTGG-1","4",2.33719005666226,0,0,0,0,0,0,0,0,0,0,0,0,0,0,0,0,0.418421799882257,0,0,0,0,0.418421799882257,0,0.939493247624212,0.939493247624212,0,0.712519803753252,0,1.73625616921145,0,0,0,0,0,0,0,0,0,0,0,0,0,1.12435994138897
"ATCCTCCGTCAATGCT-1","8",1.92552099941309,0,0.608112118842866,0,0,0,0,0,0,0,0,0,0,0,0,0,0,0,0,0,0,1.2558668556183,1.2558668556183,0,0,1.46967931789398,0,0.608112118842866,0.608112118842866,1.79537973551186,0,0,0,0,0,0,0,0,0,0,0,0,0,1.2558668556183
"ATCCTGAAGCTATGCA-1","5",2.30464482595706,0,0,0,0,0,0,0,0,0,0,0,0,0,0,0,0,0,0,0,0,0,0.827966403368897,0,0,2.71966632078544,1.27461380144348,0.827966403368897,0,2.00731416038944,0,0,0,0,0,0,0,0,0,0,0,0,0,0.827966403368897
"ATCCTGAAGGCTCTCC-1","8",1.24713682472764,0,0,0,0,0,0,0.602559194520713,0,0,0,0,0,0,0,0,0,1.24713682472764,0,0,0,0.975908110701751,1.915084969202,0,1.24713682472764,2.46370370393362,0.602559194520713,0,0.975908110701751,1.63587332633801,0,0.602559194520713,0,0.602559194520713,0.602559194520713,0,0,0,0,0,0,0,0,2.65525450585723
"ATCCTGTTCGCGCGTA-1","3",2.73227545844736,0,1.52430564655175,0,0,0,0,0,0,0,0,0,0,0,0,0,0,2.10216979275739,0,0,0,0,0,0,0,1.52430564655175,0,1.52430564655175,0,0,0,0,0,0,0,0,0,0,0,0,0,0,0,0
"ATCCTGTTCGTACCTT-1","0",1.98649908810042,0,0.717023810069303,0,0,0,0,0,0,0,0,0,0,0,0,0,0,0.717023810069303,0,0,0,1.13032276596364,1.64737157998589,0,1.42189886841487,2.60859333593862,0,1.13032276596364,0,1.64737157998589,0,0,0,0,0,0,0,0,0,0,0,0,0,0.717023810069303
"ATCGAACCACTCAATT-1","10",0,0,0,1.97938681173799,0,0,0,0,0,0,0,0,0,0,0,0,0,0,0,0,0,0,0,1.97938681173799,0,0,0,0,0,0,0,0,0,0,0,0,0,0,0,0,0,0,0,0
"ATCGAACCATGGTTAA-1","1",1.75273136848106,0,0,0,0,0,0,0,0,0,0,0,0,0,0,0,0,0,0,0,0,1.31531105620893,1.62705475235813,0,0,1.48328204573574,0,0.859912906271893,1.11331445661956,2.68304337805163,0,0,0,0,1.48328204573574,0,0,0,0,0,0.51967283735747,0,0,0
"ATCGAAGGTAGTAACG-1","6",0,0,0,0,0,0,0,0,0,0,0,0,0,0,0,0,0,0,0,0,0,0,0,0,0,0,0,0,0,0,0,0,0,0,0,0,0,0,0,0,0,0,0,3.33810531030621
"ATCGAAGGTTGGCTGC-1","7",1.06373550709797,0,1.06373550709797,0,0,0,0,0,0,0,0,0,0,0,0,0,0,1.06373550709797,0,0,0,1.56743739535981,1.56743739535981,0,0,0,0,1.06373550709797,0,2.78361432226609,0,0,0,0,0,0,1.06373550709797,0,0,0,0,0,0,1.90084099868064
"ATCGAGGAGCGCAACT-1","7",1.83931161936905,0.56305520004957,0.56305520004957,0,0,0,0,0,0,0,0,0,0,0,0,0,0,0,0,0,0,1.184205104975,0.92110260337953,0,0,2.78009713088043,0,0,0,2.86975203317636,0,0,0,0,0,0,0,0,0,0,0,0,0,0.56305520004957
"ATCGCCCTCACGGACT-1","0",2.88366442797122,0.791040775409983,0,0,0,0,0,0,0,0,0,0,0,0,0,0,0,0,0,0,0,0.791040775409983,1.22711740621255,0,0,1.76177496751546,0,1.22711740621255,1.22711740621255,1.94996681028407,0,0,0,0,0,0,0,0,0,0,0,0,0,0
"ATCGCCTCACCTTAGC-1","7",1.66937057867865,0,0,0,0,0,0,0,0,0,0,0,0,0,0,0,0,0.330534203525611,0,0,0,0.942677731866937,1.59272174669332,0,0,2.03589364513854,0.942677731866937,0.330534203525611,0.777090345925698,2.17863369289642,0,0,0,0,0,0,0,0,0,0,0,0,0,0.777090345925698
"ATCGGGCCACTTACTG-1","2",1.69795991846144,0,0,0,0,0,0,0,0,0,0,0,0,0,0,0,0,0,0,0,0,0,1.46950748548799,0,0,0.749384719783047,0,0.749384719783047,0,1.88380513616528,0,0,0,0,0,0,0,0,0,0,0,0,0,0
"ATCGGTCAGCAGGCAA-1","0",1.09120092599847,0,1.60053766296384,0,0,0,0,0,0,0,0,0,0,0,0,0,0,1.09120092599847,0,0,0,1.60053766296384,1.09120092599847,0,0,2.69765884474155,0,1.09120092599847,0,0,0,0,0,0,0,0,0,0,0,0,0,0,0,0
"ATCGTAGTCATGTCTC-1","1",1.64080115121342,0,0,0,0,0,0,0,0,0,0,0,0,0,0,0,0,0,0,0,0,0,2.33780046702649,0,0,2.23201266839653,1.41572595333954,1.1248161550629,1.1248161550629,1.82440840256855,0,0,0,0,0,0,0,0,0,0,0,0,0,1.97947642465872
"ATCGTCAAGTGCTGTA-1","1",2.15050243102918,0,0,0,0,0,0,0,0,0,0,0,0,0,0,0,0,0,0,0,0,0.81751388733747,1.26121975459552,0,0,2.15050243102918,0,0,0.81751388733747,2.28788100685903,0,0,0,0,0.81751388733747,0,0,0,0,0,0,0,0,0
"ATCTACCTCACACTGA-1","0",0.998673213593908,0,0,0,0,0,0,0.998673213593908,0,0,0,0,0,0,0,0,0,1.48825403874962,0,0,0,2.42374604759705,3.14805883330735,0,0,2.89849293645372,0,1.48825403874962,0.998673213593908,0.998673213593908,0,0,0,0,0.998673213593908,0,0,0,0,0,0,0,0,2.56516037244438
"ATCTACTCAACCGCAA-1","3",2.7413897926268,0,0,0,0,0,0,0,0,0,0,0,0,0,0,0,0,1.53193700851449,0,0,0,0,0,0,0,0,0,0,0,0,0,0,0,0,0,0,0,0,0,0,0,0,0,0
"ATCTACTCATCAATTC-1","3",3.42591720501348,0,0,0,0,0,0,0,0,0,0,0,0,0,0,0,0,0,0,0,0,0,0,0,0,0,0,0,0,0,0,0,0,0,0,0,0,0,0,0,0,0,0,0
"ATCTCCACAATGAAGG-1","5",1.97341949012801,0,0.633945897029354,0,0,0,0,0,0,0,0,0,0,0,0,0,0,0.633945897029354,0,0,0,0.633945897029354,1.01887192192683,0,0,2.19336231331049,0,0.633945897029354,0.633945897029354,1.97341949012801,0,0,0,0,0,0,0,0,0,0,0,0,0,0
"ATCTGAGTCGATGCGT-1","1",2.01492159219635,0,0,0,0,0,0,0,0,0,0,0,0,0,0,0,0,0,0,0,0,1.04983605327158,1.04983605327158,0,0.656789854017254,2.13164618127532,0.656789854017254,1.04983605327158,1.33125035234451,1.73040815417722,0,0,0,0,0,0,0,0,0,0,0,0,0,0
"ATCTGCAAGCAGGGTA-1","0",2.67981141011464,0,0,0,0,0,0,0,0,0,0,0,0,0,0,0,0,0,0,0,0,0.992433982885129,2.05299123074325,0,0.992433982885129,2.55602892575233,0.992433982885129,0.992433982885129,0.992433982885129,0.992433982885129,0,0,0,0,0,0,0,0,0,0,0,0,0,0
"ATCTGCAAGGATGTGG-1","2",1.64447159923317,0,0,0,0,0,0,0,0,0,0,0,0,0,0,0,0,0,0,0,0,0.872446533495977,2.37484097304934,0,0,1.64447159923317,0,0,0.872446533495977,2.37484097304934,0,0,0,0,0.872446533495977,0,0,0,0,0,0,0,0,0
"ATCTGCAAGTAATGGA-1","4",2.29461406874668,0,0,0,0,0,0,0,0,0,0,0,0,0,0,0,0,0,0,0,0,1.02393231919862,0.783634025628447,0,0,1.21752903017774,0.466690087242656,0.783634025628447,1.02393231919862,1.84882702090996,0,0,0,0,0,0,0,0,0,0,0,0,0,1.51912858839039
"ATCTGGATCGATGGCT-1","0",2.72501345115336,0,0,0,0,0,0,0,0,0,0,0,0,0,0,0,0,0,0,0,0,1.11075818697022,2.21338654529322,0,0,1.96149937931052,0,1.11075818697022,0,1.62399538746766,0,0,0,0,0,0,0,0,0,0,0,0,0,1.11075818697022
"ATCTGGATCGCGCAAT-1","5",2.16704677220238,0,0,0,0,0,0,0,0,0,0,0,0,0,0,0,0,1.07606474152173,0,0,0,1.07606474152173,1.91682595179824,0,0,2.16704677220238,1.07606474152173,1.07606474152173,0,0,0,0,0,0,0,0,0,0,0,0,0,0,0,0
"ATCTGTGAGCGGATTC-1","4",1.68501190950945,0,1.01414533068665,0,0,0,0,0,0,0,0,0,0,0,0,0,0,0.630475199464419,0,0,0,1.01414533068665,1.01414533068665,0,0,1.68501190950945,0.630475199464419,0,0,1.50718636411212,0,0,0,0,0,0,0.630475199464419,0,0,0,0,0,0,1.68501190950945
"ATCTTAGGTTAGCGAA-1","3",2.74694964815238,0,1.76900185998295,0,0,0,0,0,0,0,0,0,0,0,0,0,0,1.23328832715988,0,0,0,0,0,0,0,0,0,0,1.23328832715988,1.23328832715988,0,0,0,0,0,0,0,0,0,0,0,0,0,0
"ATCTTAGGTTAGGTAG-1","3",2.75633323619643,0,0,0,0,0,0,0,0,0,0,0,0,0,0,0,0,0,0,0,0,0,0,0,0,0,0,0,0,0,0,0,0,0,0,0,0,0,0,0,0,0,0,0
"ATGAACCCAACGGCAC-1","4",1.38975431192018,0,0,0,0,0,0,0,0,0,0,0,0,0,0,0,0,0,0,0,0,0,1.38975431192018,0,0.695455144054953,1.10168839113384,0.695455144054953,1.10168839113384,1.10168839113384,2.08347698886162,0,0,0,0,0,0,0,0,0,0,0,0,0,1.61312810153204
"ATGAACCCAATTACAG-1","4",2.0321621431222,0,0.439896964500518,0,0,0,0,0,0,0,0,0,0,0,0,0,0,0.439896964500518,0,0,0,0.97743916127672,1.32514640921964,0,0,1.78723678815746,0.744360352387565,0.97743916127672,1.16632980492851,1.87571335332996,0,0,0,0.439896964500518,0.439896964500518,0.439896964500518,0,0,0,0,0,0,0,1.87571335332996
"ATGAACCCAGCAGGAG-1","2",1.35598956558579,0,0,0,0,0,0,0,0,0,0,0,0,0,0,0,0,0,0,0,0,0,1.67164222647986,0,0,2.52751877375042,0,0,1.67164222647986,1.67164222647986,0,0,0,0,0,0,0,0,0,0,0,0,0,0
"ATGAACCCATGGCAGC-1","12",2.55759638315628,0,0,0,0,0,0,0,0,0,0,0,0,0,0,0,1.93908418398491,0,0,0,0,0,0,0,0,0,0,0,0,0,0,0,0,0,0,0,0,0,0,0,0,0,0,0
"ATGACAGGTGGCCAGA-1","3",2.63732572745098,0,0,0,0,0,0,0,0,0,0,0,0,0,0,0,0,0,0,0,0,0,0,0,0,2.26701169951506,0,0,0,0,0,0,0,0,0,0,0,0,0,0,0,0,0,0
"ATGACCCAGCTGGTGT-1","3",3.68096621525778,0,0,0,0,0,0,0,0,0,0,0,0,0,0,0,0,0,0,0,0,0,0,0,0,0,0,0,0,1.44071782555534,0,0,0,0,0,0,0,0,0,0,0,0,0,0
"ATGACGGAGGCTCTGG-1","0",2.55979565564398,0,0,0,0,0,0,0,0,0,0,0,0,0,0,0,0,0,0,0,0,0,1.2198367572379,0,0,2.87392863626739,0,0,0,0,0,0,0,0,0,0,0,0,0,0,0,0,0,0
"ATGACGGAGGTCGTAC-1","0",1.7594486738283,0,0,0,0,0,0,0,0,0,0,0,0,0,0,0,0,1.43654912347323,0,0,0,0,0,0,0,2.19893306680679,0,0,0,1.43654912347323,0,0,0.956694556254643,0,0,0,0,0,0,0,0,0,0,0
"ATGAGGCGTATTGACC-1","4",2.58896852098324,0,0,0,0,0,0,0,0,0,0,0,0,0,0,0,0,0.479831097110645,0,0,0,1.04640784134974,0.479831097110645,0,0.479831097110645,1.54645738630268,0.479831097110645,0.802720130492127,0,2.05076117916372,0,0,0,0,0,0,0,0,0,0,0,0,0,2.38442527191424
"ATGAGTAAGCATGGGA-1","4",2.81384949195747,0,0,0,0,0,0,0,0,0,0,0,0,0,0,0,0,0,0,0,0,0.791040775409983,0.791040775409983,0,0,1.94996681028407,0,0.791040775409983,0,1.76177496751546,0,0,0,0,0,0,0,0,0,0,0,0,0,0
"ATGAGTAAGCGACTTA-1","3",2.17444155465623,0,0,0,0,0,0,0,0,0,0,0,0,0,0,0,0,0,0,0,0,0,0,0,0,0,0,0,0,0,0,0,0,0,0,0,0,0,0,0,0,0,0,0
"ATGAGTAAGGGGACTA-1","0",1.96884214342198,0,0.932398175495302,0,0,0,0,0,0,0,0,0,0,0,0,0,0,0,0,0,0,1.72664905278995,1.40638845061451,0,1.40638845061451,2.32664999810555,0,0,0,0,0,0,0,0,0,0,0,0,0,0,0,0,0,0.932398175495302
"ATGAGTAAGTGAGAGT-1","11",1.53136860970446,0,1.53136860970446,0,0,0,0,0,0,0,0,0,0,0,0,0,0,0,0,0,0,0,0,0,0,3.124433698787,0,0,1.53136860970446,0,0,0,0,0,0,0,0,0,0,0,0,1.53136860970446,0,0
"ATGAGTTTCACCTGGG-1","0",1.71372414789283,0,0,0,0,0,0,0,0,0,0,0,0,0,0,0,0,0,0,0,0,1.18625535367541,1.71372414789283,0,0,2.05724524200728,1.71372414789283,0,0,1.18625535367541,0,0,0,0,0,0,0,0,0,0,0,0,0,0
"ATGAGTTTCGTTCCAT-1","0",2.19921817002213,0,0,0,0,0,0,0,0,0,0,0,0,0,0,0,0,0,0,0,0,0,0,0,0,1.43679356223596,1.75971414861151,0,0.956892047781121,1.43679356223596,0,0,0,0,0,0,0,0,0,0,0,0,0,0
"ATGATCCGTTAGCAAG-1","0",2.24543462690558,0,0,0,0,0,0,0,0,0,0,0,0,0,0,0,0,0,0,0,0,0.989133638964229,0,0,0,2.04841717522804,2.04841717522804,0,0,0,0,0,0,0,0,0,0,0,0,0,0,0,0,0
"ATGATCCGTTCGAGCC-1","0",1.92578318708198,0,0.681455737272177,0,0,0,0,0,0,0,0,0,0,0,0,0,0,0,0,0,0,0,1.36870553473165,0,0.681455737272177,2.37653537683026,0,0.681455737272177,0,0.681455737272177,0,0,0,0,0,0,0,0,0,0,0,0,0,0
"ATGATGTTCCCAGTCC-1","7",1.33601879595674,0.876274525054935,0,0,0,0,0,0,0,0,0,0,0,0,0,0,0,0,0,0,0,0,0.876274525054935,0,0,2.24194382306483,0,0,0.876274525054935,3.02660503633725,0,0,0,0,0,0,0,0,0,0,0,0,0,1.33601879595674
"ATGATTGCAAGTCGCA-1","7",1.55251929768965,0,0.657954460679603,0,0,0,0,0,0,0,0,0,0,0,0,0,0,1.05140794637726,0,0,0,1.05140794637726,0.657954460679603,0,0.657954460679603,1.73239746955974,0.657954460679603,0.657954460679603,1.05140794637726,2.4194099401534,0,0,0,0.657954460679603,0,0,0,0,0,0,0,0,0,1.55251929768965
"ATGATTGCAGTAAGGA-1","6",2.39865319310144,0.981350384922004,0.981350384922004,0,0,0,0,0,0,0,0,0,0,0,0,0,0,0,0,0,0,0,0,0,0,2.03760690644964,0,0,0,0,0,0,0,0,0,0,0,0,0,0,0,0,0,3.89941677381002
"ATGCAAGGTTGGCTGC-1","11",2.02238194957159,1.77786787361648,0,0,0,0,0,0,0,0,0,0,0,0,0,0,0,1.77786787361648,0,0,0,1.45352093560121,0.970428689693086,0,0,2.21870094551201,0,0.970428689693086,0.970428689693086,0.970428689693086,0,0,0,0,0,0,0,0,0,0,0,0,0,2.21870094551201
"ATGCAAGGTTGGGCAG-1","7",2.35246580347059,0,0,0,0,0,0,0,0,0,0,0,0,0,0,0,0,0,0,0,0,1.00406561613619,1.27927517129965,0,0,2.17271569192232,0,1.00406561613619,0.623088334416404,2.06906580690951,0,0,0,0,0,0,0,0,0,0,0,0,0,0.623088334416404
"ATGCAGCTCCAGATTG-1","11",0,0,0,0,0,0,0,0,0,0,0,0,0,0,0,0,0,0,0,0,0,1.87937184944883,0,0,1.32831952739886,2.49310454952002,0,0,1.32831952739886,0,0,0,0,1.32831952739886,0,0,0,0,0,0,0,0,0,1.32831952739886
"ATGCAGCTCGCTGACG-1","12",2.56642755433085,0,0,0,0,0,0,0,0,0,0,0,0,0,0,0,0,0,0,0,0,0,0,0,0,0,0,2.56642755433085,0,0,0,0,0,0,0,0,0,0,0,0,0,0,0,0
"ATGCCACAGTAGTTAC-1","9",1.82371106903466,0,0,0,0,0,0,0,0,0,0,0,0,1.82371106903466,0,0,0,2.4327015705185,0,0,0,0,0,0,0,0,0,0,0,0,0,0,0,0,0,0,0,0,0,0,0,0,0,0
"ATGCCAGCAGTAATGC-1","0",1.82611097898999,0.83396183206015,1.28227877722513,0,0,0,0,0,0,0,0,0,0,0,0,0,0,0.83396183206015,0,0,0,0,1.28227877722513,0,0.83396183206015,2.54331725799375,0,0,0.83396183206015,0.83396183206015,0,0,0,0,0.83396183206015,0,0,0,0,0,0,0,0,0.83396183206015
"ATGCCCAGTCAATCTA-1","4",1.58725236654505,0,0,0,0,0,0,0,0,0,0,0,0,0,0,0,0,0,0,0,0,1.58725236654505,1.08015868295287,0,0,1.08015868295287,0,0,0,1.08015868295287,0,0,0,0,0,0,0,0,0,0,0,0,0,2.17254331137148
"ATGCCCAGTTCCAGCA-1","0",2.40367282338275,0,0.609028751368045,0,0,0,0,0,0,0,0,0,0,0,0,0,0,0,0,0,0,0,1.79705683015357,0,0.609028751368045,1.92723881240832,0,0,0,0.609028751368045,0,0,0,0,0,0,0,0,0,0,0,0,0,0.609028751368045
"ATGCCTAAGGATATGA-1","2",2.09318291221806,0,0,0,0,0,0,0,0,0,0,0,0,0,0,0,0,0,0,0,0,0,2.09318291221806,0,0,1.74753931593879,0,0,0,1.51630123991007,0,0,0,1.21498096527204,0.781668438674256,0,0,0,0,0,0,0,0,0
"ATGCCTGGTTGCCTAG-1","3",2.55394343774583,0,1.59990646616855,0,0,0,0,0,0,0,0,0,0,0,0,0,0,0,0,0,0,0,0,0,0,2.55394343774583,0,0,0,0,0,0,0,0,0,0,0,0,0,0,0,0,0,0
"ATGCGGTTCCTTGGTT-1","3",2.63032647383113,0,0,0,0,0,0,0,0,0,0,0,0,0,0,0,0,0,0,0,0,0,0,0,0,1.43973441589081,0,0,0,0,0,0,0,0,0,0,0,0,0,0,0,0,0,0
"ATGCGGTTCTGGTGAC-1","3",3.2461546717212,0,0,0,0,0,0,0,0,0,0,0,0,0,0,0,0,0,0,0,0,0,0,0,0,0,0,1.97030160217947,0,0,0,0,0,0,0,0,0,0,0,0,0,0,0,0
"ATGCTAACAACTGTGG-1","4",1.85214172938703,0,0.43005723640786,0,0,0,0,0,0,0,0,0,0,0,0,0,0,0,0,0,0,0,0.729812239621986,0,0.43005723640786,1.85214172938703,0,1.14720625983418,0.43005723640786,1.76406441363779,0,0,0,0,0,0,0,0,0,0,0,0,0,1.44079984715151
"ATGCTAGTCCATAGAT-1","3",3.80697542984485,0,0,0,0,0,0,0,0,0,0,0,0,0,0,0,0,2.2826697832931,0,0,0,0,0,0,0,2.2826697832931,0,0,0,0,0,0,0,0,0,0,0,0,0,0,0,0,0,0
"ATGCTCAAGCTAGGGA-1","0",1.81290190580186,0,0.825074723602493,0,0,0,0,0,0,0,0,0,0,0,0,0,0,0.825074723602493,0,0,0,0.825074723602493,2.00286504198279,0,0,1.81290190580186,0.825074723602493,0.825074723602493,0,0.825074723602493,0,0,0,0,0.825074723602493,0,0,0,0,0,0,0,0,0
"ATGCTGATCCAGGTCG-1","2",2.2210416706577,1.20827156875706,0,0,0,0,0,0,0,0,0,0,0,0,0,0,0,0,0,0,0,0.776498269019165,0.776498269019165,0,1.20827156875706,1.73965651074505,0.776498269019165,0.776498269019165,0,2.08481211600968,0,0,0,0,0,0,0,0,0,0,0,0,0,0
"ATGCTTAGTGCGGTGA-1","8",1.55656757939767,0,0,0,0,0,0,0,0,0,0,0,0,0,0,0,0,0,0,0,0,0.809820707614771,2.2754743895163,0,0,1.7900947443555,0.809820707614771,0.809820707614771,0.809820707614771,1.7900947443555,0,0.809820707614771,0.809820707614771,0,0.809820707614771,0,0,0,0,0,0,0,0,1.97927929022993
"ATGGACTCATTCGCTA-1","8",1.58360033068867,0,0,0,0,0,0,0,0,0,0,0,0,0,0,0,0,0,0,0,0,0.828910815902662,1.58360033068867,0,0,2.16847450668683,1.27582205459047,0.828910815902662,0,2.16847450668683,0,0,0,0,0,0,0,0,0,0,0,0,0,3.13305551925403
"ATGGAGTAGGAATGTA-1","1",1.5355008969797,0,0,0,0,0,0,0,0,0,0,0,0,0,0,0,0,0,0,0,0,1.03738400499787,1.03738400499787,0,1.03738400499787,1.86647669974242,1.03738400499787,0,0,3.04642919776342,0,0,0,0,0,0,0,0,0,0,0,0,0,2.47913610003883
"ATGGCGAAGTCATAGT-1","1",1.71633991396968,0,0,0,0,0,0,0,0,0,0,0,0,0,0,0,0,0,0,0,0,1.18847218350703,2.42208074415119,0,0,1.18847218350703,1.18847218350703,1.18847218350703,0,2.51852797558204,0,1.48683955913908,0,0,1.18847218350703,0,0,0,0,0,0,0,0,0
"ATGGCTATCCTCACTG-1","0",2.01563281308959,0,0.734407114517141,0,0,0,0,0,0,0,0,0,0,0,0,0,0,0,0,0,0,0,1.44756294517521,0,0,2.15056629644811,1.44756294517521,0.734407114517141,0,1.85960961569806,0,0,0,0,0,0,0,0,0,0,0,0,0,0
"ATGGCTATCTGTCTGT-1","0",2.69630717369857,0,0,0,0,0,0,0,0,0,0,0,0,0,0,0,0,0,0,0,0,1.19517848705916,1.72424673944707,0,0,2.32401285607585,1.49430114191283,0,0,0.766431904128438,0,0,0,0,0,0,0,0,0,0,0,0,0,0
"ATGGCTTGTAATGTGG-1","0",2.10877393835475,0.710013753214766,0,0,0,0,0,0,0,0,0,0,0,0,0,0,0,0,0,0,0,0,2.10877393835475,0,0,1.81971442349902,0.710013753214766,1.12103842107813,1.12103842107813,1.12103842107813,0,0,0,0.710013753214766,0,0,0.710013753214766,0,0,0,0,0,0,0.710013753214766
"ATGGCTTGTTAGACTC-1","1",2.02831698764595,0,0.66425394327656,0,0,0,0,0,1.05989943094283,0,0,0,0,0,0,0,0,0,0,0,0,1.34263529549541,2.02831698764595,0,0,1.05989943094283,0.66425394327656,0,1.05989943094283,1.74312960907081,0,0.66425394327656,0.66425394327656,0,1.56279933612564,0,0,0,0,0,0,0,0,2.02831698764595
"ATGGGATAGTTGGATT-1","9",2.55979565564398,0,0,0,0,0,0,0,0,0,0,0,0,0,0,0,0,2.55979565564398,0,0,0,0,0,0,0,0,0,0,0,0,0,0,0,1.94112545093198,0,0,0,0,0,0,0,0,0,0
"ATGGGCAAGCAGGTCT-1","7",0.816314882266355,0,0.816314882266355,0,0,0,0,0,0,0,0,0,0,0,0,0,0,0,0,0,0,0.816314882266355,1.79982563420509,0,0,2.28595123763672,0,0.816314882266355,1.56578786619843,3.05373561901999,0,0,0,0,0,0,0,0,0,0,0,0,0,0
"ATGGGCAAGGCTCCTC-1","5",1.71871506905563,0,0,0,0,0,0,0,0,0,0,0,0,0,0,0,0,0,0,0,0,1.39910484519709,0.926552214186581,0,0,1.96053737886324,0.926552214186581,0,0,0.926552214186581,0,0,0,0,0,0,0,0,0,0,0,0,0,0
"ATGGGCTTCGATCCTT-1","2",1.47381749987807,0,0,0,0,0,0,0,0,0,0,0,0,0,0,0,0,0,0,0,0,1.1767804358176,1.70253232467151,0,0.752338631157737,2.3001474784015,0,1.1767804358176,0.752338631157737,1.1767804358176,0,0,0,0,0,0,0,0,0,0,0,0,0,0.752338631157737
"ATGGGCTTCTATCGGA-1","10",0,0,2.22030946179844,0,0,0,0,0,0,0,0,0,0,0,0,0,0,0,0,0,0,0,0,3.24378468224852,0,0,0,0,0,0,0,0,0,0,0,0,0,0,0,0,0,0,0,0
"ATGGGGATCAGCCAAC-1","2",0.767605595202427,0,0,0,0,0,0,0,0,0,0,0,0,0,0,0,0,0,0,0,0,0.767605595202427,1.19670712427772,0,0.767605595202427,2.61744049888582,0,0.767605595202427,0,2.0703511630954,0,0,0,0,0,0,0,0,0,0,0,0,0,0
"ATGGGGATCGCGCTTC-1","11",2.61434211279111,1.42660989829835,0,0,0,0,0,0,0,0,0,0,0,0,0,0,0,0,0,0,0,0,0,0,0,1.42660989829835,0,0,0,0,0,0,0,0,1.42660989829835,0,0,0,0,0,0,0,0,1.99185462510597
"ATGGGTAGTAGCTGAA-1","5",2.18620751675148,0,0,0,0,0,0,0,0,0,0,0,0,0,0,0,0,0,0,0,0,0.947897195042191,0.947897195042191,0,0.947897195042191,2.72277480412456,0,0.947897195042191,0,1.42564878117569,0,0,0,0,0,0,0,0,0,0,0,0,0,1.99076229945814
"ATGGGTAGTCAGTTAC-1","0",2.35752786531355,0,0,0,0,0,0,0,0,0,0,0,0,0,0,0,0,0.953252583563871,0,0,0,0.953252583563871,1.75481895374561,0,0,2.35752786531355,0.953252583563871,0,0,1.43228708676841,0,0,0,0,0,0,0.953252583563871,0,0,0,0,0,0,0
"ATGGGTAGTGCGATCC-1","11",1.41070728197409,0,0,0,0,0,0,0,0,0,0,0,0,0,0,0,0,0,0,0,0,0,0,0,0,2.33180988535362,0,1.41070728197409,0,0,0,0,0,0,0,0,0,0,0,0,0,0,0,1.97376248202366
"ATGGGTGAGGATCCGT-1","2",0.90726668583471,0,0,0,0,0,0,0,0,0,0,0,0,0,0,0,0,0,0,0,0,0,1.69242227936242,0,0,1.93299358606497,0,0,1.37500152194055,0.90726668583471,0,0,0,0,0,0,0,0,0,0,0,0,0,0
"ATGGTAAAGGAACTAA-1","2",2.00009747169129,0,0,0,0,0,0,0,0,0,0,0,0,0,0,0,0,0,0,0,0,0,1.7565350202147,0,0,1.7565350202147,0,0,0,2.1958036179497,0,0,0,0,0.954527919007657,0,0,0,0,0,0,0,0,0
"ATGGTAGGTTCGCTAG-1","0",2.48971751873977,0,0.801396994030928,0,0,0,0,0,0,0,0,0,0,0,0,0,0,0,0,0,0,1.2404891921072,0,0,0.801396994030928,1.54457005829119,0.801396994030928,0,0,0,0,0,0,0,0,0,0,0,0,0,0,0,0,0.801396994030928
"ATGGTGAGTGAGTGGT-1","6",0,0,0,0,0,0,0,0,0,0,0,0,0,0,0,0,0,0,0,0,0,0,0,0,0,2.404970666354,0,0,0,0,0,0,0,0,0,0,0,0,0,0,1.25832641494449,0,0,3.26557860398361
"ATGGTTACAAGCTGGC-1","3",2.32033896118296,0.504194718510062,0.837811623242097,0,0,0,0,0,0,0,0,0,0,0,0.504194718510062,0,0,0,0,0,0,0.837811623242097,0.504194718510062,0,0,2.25375952300507,1.45354605507874,0,0.504194718510062,1.0875362260689,0,0,0,0.504194718510062,0,0,0,0,0,0,0,0,0,2.59952785050412
"ATGGTTACAATTGGAC-1","5",1.92338819579505,0,0.548418214762615,0,0,0,0,0,0,0,0,0,0,0,0,0,0,0,0,0,0,1.36661554820529,1.68326094371113,0,0,2.48137569541555,0.900578783966217,0,0,1.92338819579505,0,0,0,0,1.16050376355518,0,0,0,0,0,0,0,0,0
"ATGGTTACACAAGCAT-1","3",4.00038735413809,0,0,0,0,0,0,0,0,0,0,0,0,0,0,0,0,2.29621992739132,0,0,0,0,0,0,0,0,0,0,0,0,0,0,1.69896325515062,0,0,0,0,0,0,0,0,0,0,0
"ATGGTTACACCATCTA-1","1",1.76930458708875,0,0,0,0,0,0,0,0,0,0,0,0,0,0.340438889600127,0,0,0,0,0,0,1.23354696276935,0.796016458417185,0,0,1.89880368650872,0.593950234116146,0.593950234116146,0.340438889600127,1.76930458708875,0,0.340438889600127,0,0,0,0.340438889600127,0,0,0,0,0,0,0,1.34519899576871
"ATGGTTACATCGCTCG-1","2",2.06030675050144,0.862752978227437,0,0,0,0,0,0,0,0,0,0,0,0,0,0,0,0,0,0,0,0,1.31891200648273,0,0,2.22116377030735,0,0,0,1.31891200648273,0,0,0,0.862752978227437,0,0,0,0,0,0,0,0,0,0.862752978227437
"ATGTAGCCAATGCGTG-1","2",2.49777174558489,0,0.953056703076785,0,0,0,0,0,0,0,0,0,0,0,0,0,0,0.953056703076785,0,0,0,0,0.953056703076785,0,0,2.35723926715724,0,0,0.953056703076785,0,0,0,0,0,0,0,0,0,0,0,0,0,0,0
"ATGTAGCCACCAACCT-1","0",2.13550218018647,0,0,0,0,0,0,0,0,0,0,0,0,0,0,0,0,1.05268130492161,0,0,0,0,0,0,0,0,0,0,1.05268130492161,1.05268130492161,0,0,0,1.05268130492161,0,0,0,0,0,0,0,0,0,1.05268130492161
"ATGTAGCCACCATGTC-1","0",2.17686406706107,0,0.941459975265805,0,0,0,0,0,0,0,0,0,0,0,0,0,0,0,0,0,0,0,1.41765816324477,0,0,1.98167525977434,0.941459975265805,0,0.941459975265805,0,0,0,0,0,0,0,0,0,0,0,0,0,0,0
"ATGTAGCCAGGAGCCT-1","0",1.42841606576589,0,0,0,0,0,0,0,0,0,0,0,0,0,0,0,0,0,0,0,0,0,1.75061250341533,0,0,2.18944037173211,1.42841606576589,0,0.9501288398244,0.9501288398244,0,0,0,0,0,0,0,0,0,0,0,0,0,0
"ATGTCCTTCCATGCAA-1","14",1.62891904800592,0,0,0,0,0,0,0,0,0,0,0,0,0,0,0,0,0,0,0,0,0,0,0,0,0,0,0,0,0,0,0,0,0,0,0,0,0,0,0,0,0,0,0
"ATGTCCTTCCCGCTTA-1","4",2.7628574479264,0.656387715137035,0,0,0,0,0,0,0,0,0,0,0,0,0,0,0,1.33063570078348,0,0,0,0.656387715137035,1.04929312953035,0,0,1.88204119843714,1.54995617040472,0,1.33063570078348,0.656387715137035,0,0,0,0,0,0,0,0,0,0,0,0,0,1.7297208618749
"ATGTGAAAGCAATCAT-1","1",0.736897664215746,0,0,0,0,0,0,0,0,0,0,0,0,0,0,0,0,0,0,0,0,0.736897664215746,1.67854843687548,0,0,1.45122262272758,1.45122262272758,0,0.736897664215746,2.01977908212278,0,0,0,0,0.736897664215746,0,0,0,0,0,0,0,0,2.38000803209524
"ATGTGAGGTCTTGCTC-1","6",0,0,0,0,0,0,0,0,0,0,0,0,0,0,0,0,0,0,0,0,0,0,0,0,0,2.72318831214722,0,0,0,0,0,0,0,0,0,0,0,0,0,0,0,0,0,3.6374513514909
"ATGTGCATCTCACACT-1","7",2.16448329841048,0,0,0,0,0,0,0,0,0,0,0,0,0,0,0,0,0.932959058755287,0,0,0,1.40708671722808,2.32748454054026,0,0,1.72740939944918,0.932959058755287,1.40708671722808,0.932959058755287,2.69989573807991,0,0,0,0.932959058755287,0,0,0,0,0,0,0,0,0,1.40708671722808
"ATGTGGGAGCGAAGTG-1","4",1.38546992787102,0,0,0,0,0,0,0,0,0,0,0,0,0,0,0,0,0,0,0,0,0,0,0,0,2.30159569150119,0,0,0,1.38546992787102,0,0,0,0,0,0,0,0,0,0,0,0,0,0
"ATGTGGGAGTAGCCCG-1","0",1.26514968871268,0,0,0,0,0,0,0,0,0,0,0,0,0,0,0,0,0,0,0,0,0.411264676293473,1.39929640801344,0,0.411264676293473,2.58092802031965,0.411264676293473,0.411264676293473,0,0,0,0,0.411264676293473,0,0,0,0,0,0,0,0,0,0,0
"ATGTGTTAGATAGTTC-1","0",2.24031659346273,0,0,0,0,0,0,0,0,0,0,0,0,0,0,0,0,0,0,0,0,1.47213306647193,0,0,1.25814607856977,2.14671168747339,1.47213306647193,0.609564770240166,0,0,0,0,0,0,0,0,0,0,0,0,0,0,0,0.985541056922943
"ATGTGTTAGGAACCTC-1","6",0,1.48138821445583,1.48138821445583,0,0,0,0,0,0,0,0,0,0,0,0,0,0,0,0,0,0,0,0,0,0,1.48138821445583,0,0,1.48138821445583,0,0,0,0,0,0,0,0,0,0,0,2.05387966967983,0,0,3.64778479042645
"ATGTGTTAGTTGGGTC-1","6",1.57666088543455,0,0,0,0,0,0,0,0,0,0,0,0,0,0,0,0,0,0,0,0,0,0,0,0,1.57666088543455,0,0,0,0,0,0,0,0,0,0,0,0,0,0,0,0,0,3.32760111477737
"ATGTTAGCAACGTGGC-1","2",1.4021771596938,0,0,0,0,0,0,0,0,0,0,0,0,0,0,0,0,0,0,0,0,0,1.62637064843476,0,0,1.62637064843476,0,0,0,2.09794711976858,0,0,0,0,0,0,0,0,0,0,0,0,0,0
"ATGTTCCTCTCATCTA-1","13",0,0,0,0,0,0,0,0,0,0,0,0,0,0,0,0,0,0,0,0,0,0,2.80141328041454,0,0,2.16721796495181,0,0,0,0,0,0,0,0,0,0,0,0,0,0,0,0,0,0
"ATGTTCTCATGTCGGA-1","0",2.00954848663315,0,0,0,0,0,0,0,0,0,0,0,0,0,0,0,0,0,0,0,0,2.00954848663315,3.50554963725861,0,0,2.00954848663315,0,2.00954848663315,2.00954848663315,2.00954848663315,0,3.01454642036821,0,0,0,0,0,0,0,0,0,0,0,0
"ATGTTCTCATTCGGCT-1","8",1.60497290740812,0,0,0,0,0,0,0,0,0,0,0,0,0,0,0,0,0,0,0,0,0.690358889568046,1.94112545093198,0,0,2.47978882930574,2.07455691850021,0.690358889568046,1.3821090037397,1.78710798898276,0,0,0,0,0,0,0,0,0,0,0,0,0,1.09489283698372
"ATTAAGCTCACGCTCC-1","0",2.45059648263207,0,0,0,0,0,0,0,0,0,0,0,0,0,0,0,0,0.674578621001465,0,0,0,0.674578621001465,1.35831060372315,0,0.674578621001465,2.16397159512281,0.674578621001465,1.35831060372315,0,1.07377679038043,0,0,0,0,0.674578621001465,0.674578621001465,0,0,0,0,0,0,0,1.07377679038043
"ATTAAGCTCCACCAGG-1","7",2.24923245885749,0,0.932912290868719,0,0,0,0,0,0,0,0,0,0,0,0,0,0,0.57151645444056,0,0,0,1.19780937320785,1.40702849763023,0,0,2.59040785402995,0,1.57995820659407,0,2.39992571613244,0,0,0,0,0,0,0,0,0,0,0.57151645444056,0,0,1.40702849763023
"ATTACAGCAACTCGCT-1","5",1.21877258718528,0,0,0,0,0,0,0,0,0,0,0,0,0,0,0,0,0.584639645341016,0,0,0,1.75198997841553,1.21877258718528,0,0.584639645341016,2.2760138800173,1.21877258718528,0.584639645341016,1.42968355561448,1.21877258718528,0,0,0.584639645341016,0,0,0,0,0,0,0,0,0,0,0.584639645341016
"ATTACTGGTCAGGCTC-1","3",2.78736003956009,0,0,0,0,0,0,0,0,0,0,0,0,0,1.57059807911784,0,0,0,0,0,0,0,0,0,0,1.57059807911784,0,0,0,0,0,0,0,0,0,0,0,0,0,0,1.57059807911784,0,0,0
"ATTACTGGTGAGGTAC-1","4",2.28844945602419,0,0,0,0,0,0,0,0,0,0,0,0,0,0,0,0,0.817867243467458,0,0,0,1.56798816322397,0.490315494002403,0,0.817867243467458,1.56798816322397,0.817867243467458,0.817867243467458,0,1.56798816322397,0,0,0,0,0,0,0,0,0,0,0,0,0,1.06419124398844
"ATTACTGGTTCCGGGT-1","0",2.87601402627316,0,0,0,0,0,0,0,0,0,0,0,0,0,0,0,0,0,0,0,0,0,0,0,0,1.88420733851624,0.87350177927701,0.87350177927701,0,1.3325158444303,0,0,0,0,0,0.87350177927701,0,0,0,0,0,0,0.87350177927701,1.3325158444303
"ATTCAGGTCGATGGCT-1","0",1.67386810881394,0,0,0,0,0,0,0,0,0,0,0,0,0,0,0,0,1.15258828986991,0,0,0,0.733899848587053,1.15258828986991,0,0.733899848587053,2.47079835091018,0.733899848587053,0.733899848587053,1.15258828986991,1.85878622662534,0,0,0,0,0,0.733899848587053,0,0,0,0,0,0,0,0
"ATTCAGTAGGGTTGAG-1","10",0,0,0,1.95038058291025,0,0,0,2.56976284449308,2.56976284449308,0,0,0,0,0,0,0,0,0,0,0,0,0,0,2.56976284449308,0,0,0,0,0,0,0,0,0,0,0,0,2.94937882455044,0,0,0,0,0,0,0
"ATTCATCCAATCATCT-1","3",2.52632685429779,0,0,0,0,0,0,0,0,0,0,0,0,0,0,0,0,2.52632685429779,0,0,0,0,0,0,0,0,0,1.57605208029777,0,0,0,0,0,0,0,0,0,0,0,0,0,0,0,0
"ATTCATGGTAATGGTG-1","0",2.10254825023585,0,0,0,0,0,0,0,0,0,0,0,0,0,0,0,0,0,0,0,0,0,0.890932380983486,0,0,2.40349847736718,0.890932380983486,0,0,0.890932380983486,0,0,0,0,0,0,0,0,0,0,0,0,0,0
"ATTCATGGTATGGTCT-1","10",0,0,0,0,0,0,0,1.63954489842766,0,0,0,0,0,0,0,0,0,0,0,0,0,0,0,2.23062151051123,0,0,0,0,0,0,0,0,0,0,0,0,0,0,0,0,0,0,0,0
"ATTCATGGTGAAGTGC-1","8",1.2344963372271,0,0,0,0,0,0,0,0,0,0,0,0,0,0,0,0,1.53793562934172,0,0,0,1.2344963372271,1.77041569395953,0,0,1.53793562934172,0,0.796751769515507,0,1.77041569395953,0,0.796751769515507,0,0,0.796751769515507,0,0,0,0,0,0,0,0,3.13243844578967
"ATTCATGGTGCGGACA-1","1",0.984227327222759,0.608608274827384,0.608608274827384,0,0,0,0,0,0,0,0,0,0,0,0,0,0,0,0,0,0,0.608608274827384,2.32401285607585,0,0,2.72417422063816,0,0.608608274827384,0.984227327222759,2.66764123862108,0,0,0,0,0,0,0,0,0,0,0,0,0,1.25664554064558
"ATTCCATCATCCGCTG-1","10",0,0,0,1.88125508953146,0,0,0,2.49514328641769,0,0,0,0,0,0,0,0,0,1.88125508953146,1.88125508953146,0,0,0,0,2.49514328641769,0,0,0,0,0,0,0,0,0,0,0,0,2.87272845867709,0,0,0,0,0,0,0
"ATTCCCACATCACATT-1","2",2.55924530777171,0,0,0,0,0,0,0,0,0,0,0,0,0,0,0,0,0,0,0,0,1.94061461225251,2.55924530777171,0,0,1.94061461225251,0,1.94061461225251,0,0,0,0,0,1.94061461225251,0,0,0,0,0,0,0,0,0,0
"ATTCCGCCAAGCTATA-1","2",1.89110247862358,0,0,0,0,0,0,0,0,0,0,0,0,0,0,0,0,0.878243053895165,0,0,0,0.532587390824883,1.58275217689907,0,0.532587390824883,1.94281068193609,0.720276190203031,0.301338572347785,0,1.58275217689907,0,0.532587390824883,0,0,0.720276190203031,0.301338572347785,0,0,0,0,0,0,0,0.878243053895165
"ATTCCGGGTCAGCTTG-1","2",1.23518782367386,0,0,0,0,0,0,0,0,0,0,0,0,0,0,0,0,0,0,0,0,0.797287439812542,2.11831041057921,0,0,1.23518782367386,0,0,0.797287439812542,1.95975120046718,0,0,0,0,0,0,0,0,0,0,0,0,0,0.797287439812542
"ATTCCTTGTCTAAGCT-1","4",1.61253844147289,0,0,0,0,0,0,0,0,0,0,0,0,0,0,0,0,0,0,0,0,1.10119672999613,0.849513504498643,0,1.10119672999613,1.84909013928406,0,1.10119672999613,0.849513504498643,2.46027845086389,0,0,0,0,0,0,0,0,0,0,0,0,0,0.849513504498643
"ATTCGATAGCGCTCAG-1","6",2.68903190262809,0,0,0,1.48825403874962,0,0,0,0,0,0,0,0,0,0,0,0,2.06162254239992,0,0,0,0,0,0,0,0,0,0,2.06162254239992,0,0,0,0,0,0,0,0,0,0,0,1.48825403874962,0,0,3.34761523299085
"ATTCGATAGTCAAGCC-1","2",1.48421790929926,0,0,0,0,0,0,0.616740356819113,0,0,0,0,0,0,0,0,0,0,0,0,0,0.616740356819113,1.6609657208989,0,0,2.41899310176301,0,0,0.616740356819113,1.94163663827793,0,0,0,0,0,0,0,0,0,0,0,0,0,0.616740356819113
"ATTCGATAGTGAACGG-1","8",0,0,0,0,0,0,0,0,0,0,0,0,0,0,0.848556982030159,0,0,0.511707175353775,0,0,0,0.848556982030159,1.94779823749812,0,0,1.84768168528609,1.30088522761343,0,1.10008110986956,2.0387973531146,0,0,0,0,0,0,0,0,0,0,0,0,0,2.61700121302368
"ATTCGCTTCAATCAAC-1","6",2.35895171495858,1.31831028677075,1.31831028677075,0,0,0,0,0,0,0,0,0,0,0,0,0,0,0,0,0,0,0,0,0,0,2.05958998749906,0,0,0.862278251133781,0,0,0,0,0,0,0,0,0,0,0,0,0,0,2.68686109235113
"ATTCGCTTCCCGCGTT-1","1",2.43399781777228,0,0.526871545183247,0,0,0,0,0,0,0,0,0,0,0,0,0,0,0.526871545183247,0,0,0,0.526871545183247,1.76736073729045,0,0.526871545183247,2.23253884235558,1.12521421321035,0.526871545183247,1.12521421321035,1.97998443161159,0,0,0,0,0.526871545183247,0,0,0,0,0,0,0,0,0
"ATTCGGGCAACTGTGG-1","5",2.39065411154181,0,0,0,0,0,0,0,0,0,0,0,0,0,0,0,0,0,0,0,0,0.975856592342348,0,0,0,0.975856592342348,0.975856592342348,0,0,0,0,0,0,0.975856592342348,0,0,0,0,0,0,0,0,0,0
"ATTCGGGCAATCGTAA-1","0",2.79069374218271,0,0.777640981042244,0,0,0,0,0,0,0,0,0,0,0,0,0,0,0,0,0,0,0,1.20975537074312,0,0,2.22292755992551,0.777640981042244,0,0,0,0,0,0,0.777640981042244,0,0,0,0,0,0,0,0,0,0
"ATTCGGGCAATTAGGC-1","0",2.5116320170921,0,0,0,0,0,0,0,0,0,0,0,0,0,0,0,0,0,0,0,0,1.8964969142605,0,0,1.0603927100498,2.5116320170921,1.56339595037547,0,0,1.8964969142605,0,0,0,1.0603927100498,0,0,0,0,0,0,0,0,0,0
"ATTCGTTCAACTAGGT-1","3",0,0,0,0,0,0,0,0,0,0,0,0,0,0,0,0,0,0,0,0,0,0,2.33153014356912,0,0,2.33153014356912,2.33153014356912,0,0,0,0,0,0,0,0,0,0,0,0,0,0,0,0,0
"ATTCGTTCACTTGGTC-1","2",2.46309879101677,0,0,0,0,0,0,0.785480132852188,0,0,0,0,0,0,0,0,0,0.785480132852188,0,0,0,0.785480132852188,2.35590580923033,0,1.21992085939819,2.64816276622288,0.785480132852188,0,1.75333725963889,1.52178185937186,0,0,0,0,0,0,0,0,0,0,0,0,0,0
"ATTCGTTCATCGGTCT-1","1",2.43186360311594,0,0,0,0,0,0,0,0,0,0,0,0,0,0,0,0,0,0,0,0,0.954331474881432,1.88544235666154,0,0,1.88544235666154,0,0,0,2.56317887970789,0,0,0,0,0,0,0,0,0,0,0,0,0,1.4336234045326
"ATTGAGAAGAATCAGA-1","4",1.94875635767021,0,0,0,0,0,0,0,0,0,0,0,0,0,0,0,0,0,0,0,0,1.49064817827631,0,0,0.620572788823129,1.6677003300229,0.620572788823129,1.00062682151205,0.620572788823129,0.620572788823129,0,0,0,0,0.620572788823129,0,0,0,0,0,0,0,0,0
"ATTGAGAAGCCTGCGA-1","2",1.86125918309788,0,0,0,0,0,0,0,0,0,0,0,0,0,0,0,0,0,0,0,0,0,1.62410441063977,0,0.857795834066516,1.86125918309788,0,0.857795834066516,1.31262501752792,2.21350748722298,0,1.31262501752792,0,0,0,0,0.857795834066516,0,0,0,0,0,0,0
"ATTGCCCCATGCGTCT-1","5",2.20700256551061,0,0,0,0,0,0,0,0,0,0,0,0,0,0,0,0,0,0,0,0,0,2.04644836394959,0,0.853594675203149,2.98936260992148,0,0,0.853594675203149,1.85509242438349,0,0,0,0,0,0,0,0,0,0,0,0,0,0
"ATTGCCTTCAGCTCGG-1","0",1.94051248631934,0,0.785025856692992,0,0,0,0,0,0,0,0,0,0,0,0,0,0,0.785025856692992,0,0,0,1.2193324171285,0.785025856692992,0,0.785025856692992,2.99969531421179,0,0,1.2193324171285,1.75264686693302,0,0,0,0,0,0,0,0,0,0,0,0,0,0.785025856692992
"ATTGCCTTCCATGAGC-1","6",0,2.04095063582957,0,0,0,0,0,0,0,0,0,0,1.4699371549693,0,0,0,0,0,0,0,0,0,0,0,0,1.4699371549693,0,0,0,0,0,0,0,0,0,0,0,0,0,0,2.04095063582957,0,0,4.7437549308894
"ATTGGATTCACTAACG-1","1",1.71641479497593,0,0.648624872569244,0,0,0,0,0,0,0,0,0,0,0,0,0,0,0.648624872569244,0,0,0,1.5372185785671,1.31874479926484,0,0.648624872569244,1.86832709338615,1.03879754512904,1.03879754512904,0,2.62327046828091,0,0,0,0,0,0,0,0,0,0,0,0,0,0.648624872569244
"ATTGGATTCGATCAAT-1","8",2.08030243458103,0,0,0,0,0,0,0,0,0,0,0,0,0,0,0,0,0.773719756183031,0,0,0,0.773719756183031,1.50484267150184,0,0,2.53988005358857,0,1.20466157792761,0,2.33626356712132,0,0,0,0,0,0,0,0,0,0,0,0,0,1.92265250180501
"ATTGGCCAGAAGCCCT-1","4",1.94375813805165,0,0,0,0,0,0,0,0,0,0,0,0,0,0,0,0,0.617881008750562,0,0,0,1.48613350607472,0.617881008750562,0,0,2.42124933322287,0.996943586948772,0.617881008750562,0,1.48613350607472,0,0,0,0,0,0,0,0,0,0,0,0,0,2.16274106790683
"ATTGGCCAGGCTGTAC-1","8",1.79728074009291,0,0.696463599860106,0,0,0,0,0,0,0,0,0,0,0,0,0,0,0,0,0,0,1.1030317414218,1.61473891677557,0,1.1030317414218,1.79728074009291,0.696463599860106,1.1030317414218,1.1030317414218,1.1030317414218,0,0,0,0.696463599860106,0,0,0,0,0,0,0,0,0,2.08523807748894
"ATTGGCCAGTCATACG-1","2",1.95651034498944,0,0.795215927830821,0,0,0,0,0,0,0,0,0,0,0,0,0,0,0,0,0,0,0.795215927830821,2.11499149303896,0,0.795215927830821,1.95651034498944,0,0,0,1.76809445385843,0,0,0,0.795215927830821,0,0,0,0,0,0,0,0,0,0
"ATTGGGTCAAGGTACT-1","0",1.39372765635935,0,0,0,0,0,0,0,0,0,0,0,0,0,0,0,0,0,0,0,0,0.922241781805305,0,0,0,1.95440084742219,0,0.922241781805305,0,1.95440084742219,0,0,0,0,0,0,0,0,0,0,0,0,0,1.71285440973181
"ATTGTCAGTCCATACG-1","0",1.58493535160432,0,0,0,0,0,0,0,0,0,0,0,0,0,0,0,0,0,0,0,0,0.677903578765491,1.07823540807941,0,0,2.67940486825433,1.36334092574141,0.677903578765491,0,0,0,0,0,0,0.677903578765491,0,0,0,0,0,0,0,0,1.07823540807941
"CAAACCATCAGGAGCA-1","2",1.98613736485255,0,0.716809264612823,0,0,0,0,0,0,0,0,0,0,0,0,0,0,0.716809264612823,0,0,0,0.716809264612823,2.34478181017887,0,0,1.13003892772209,0,0,1.64703307791814,1.42158078596332,0,0,0,0,0.716809264612823,0,0,0,0,0,0,0,0,0
"CAAACCATCGTTAGCA-1","1",1.95433583351763,0,0,0,0,0,0,0,0,0,0,0,0,0,0,0,0,0,0,0,0,1.56590769188359,2.23338932495523,0,0.563837504160166,2.05625384589532,0.563837504160166,1.56590769188359,1.18546586078629,2.51455074821693,0,0,0,0,0.563837504160166,0.563837504160166,0,0,0,0,0,0,0,0.563837504160166
"CAAACCCAGCCAATCA-1","1",2.32808779284476,0,0,0,0,0,0,0,0,0,0,0,0,0,0,0,0,0,0,0,0,0.707395563989,1.72795905416218,0,0.707395563989,1.63213888523205,1.11756537282007,1.27305619738177,0.414986551936944,1.72795905416218,0,0,0,0,0,0,0,0,0,0,0,0,0,1.89579722996623
"CAAACCGCAACCGTGA-1","0",1.95651034498944,0,0,0,0,0,0,0,0,0,0,0,0,0,0,0,0,0,0,0,0,0.795215927830821,1.23251315095604,0,0,2.89086435378519,0,1.23251315095604,0.795215927830821,1.53573919084367,0,0,0,0.795215927830821,0,0,0,0,0,0,0,0,0,1.23251315095604
"CAAACCGCAGGACTGC-1","3",2.89042842635735,0,2.05417604315834,0,0,0,0,0,0,0,0,0,0,0,0,0,0,0,0,0,0,0,0,0,0,0,1.48165090626768,0,0,0,0,0,0,1.48165090626768,0,0,0,0,0,0,0,0,0,0
"CAAACCGCATTAGGCG-1","2",1.64694847884014,0,0.608799326319972,0,0,0,0,0,0,0,0,0,0,0,0,0,0,0,0,0,0,0.608799326319972,2.04197118176584,0,0,1.9268089880439,0,0.984489770616866,1.64694847884014,1.79663718776944,0,0,0,0,0,0,0.608799326319972,0,0,0,0,0,0,0
"CAAACCTGTATGGCAA-1","2",2.15878792052541,0,0,0,0,0,0,0,0,0,0,0,0,0,0,0,0,0,0,0,0,0.671708628105459,1.57491208843651,0,0,1.57491208843651,0,0,0,1.35396167787963,0,0,0,0,0,0,0,0,0,0,0,0,0,0
"CAAACTTAGTCATCAG-1","4",2.61434211279111,0,0,0,0,0,0,0,0,0,0,0,0,0,0,0,0,0,0,0,0,0,1.96162440461267,0,0,1.40005778618782,0.362203066489844,0.627531402538029,0.627531402538029,1.01013163711653,0,0,0,0,0,0,0,0,0,0,0,0,0,1.15765230735293
"CAAAGCCTCCCCTTAG-1","10",2.02766208552975,0,0,0,2.02766208552975,0,0,2.02766208552975,2.65272155719082,0,0,0,0,0,0,0,0,0,2.02766208552975,0,0,0,0,0,0,0,0,0,0,0,0,0,0,0,0,0,2.65272155719082,0,0,0,0,0,0,0
"CAAAGCCTCGTGCAAC-1","4",0,0,0,0,0,0,0,0,0,0,0,0,0,0,0,0,0,0,0,0,0,0,0,0,0,2.76651592364488,0,0,0,0,0,0,0,0,0,0,0,0,0,0,0,0,0,0
"CAAAGCGAGCTAACCA-1","2",1.71307174218244,0,0,0,0,0,0,0,0,0,0,0,0,0,0,0,0,0,0,0,0,0.759165598268401,1.18570258565342,0,0,1.48375639443779,0,0,0.759165598268401,0.759165598268401,0,0,0,0.759165598268401,0,0,0,0,0,0,0,0,0,0
"CAAAGCGAGCTGGAAG-1","11",1.55391495099894,0,0,0,0,0,0,0,0,0,0,0,0,0,1.55391495099894,0,0,0,0,0,0,1.55391495099894,0,0,0,2.13533771034448,0,0,0,0,0,0,0,0,0,0,0,0,0,0,0,0,0,1.55391495099894
"CAAAGCTCAACTACTT-1","1",1.6030050765318,0,0,0,0,0,0,0,0,0,0,0,0,0,0,0,0,0,0,0,0,0.58421797719939,2.27515900418814,0,0,1.88024561110362,0,0,0.58421797719939,2.777462351749,0,0,0,0,0.58421797719939,0,0,0,0,0,0,0,0,2.09707150339031
"CAAAGCTCAATGTCGG-1","2",1.85114573209073,0,0,0,0,0,0,0,0,0,0,0,0,0,0,0,0,0,0,0,0,0,1.85114573209073,0,0,2.0069424077559,0,0,1.43989820868229,1.66651521998421,0,0,0,0,0.729200415989201,0,0,0,0,0,0,0,0,0
"CAAAGCTCACCTTGAC-1","0",2.02025167330389,0,0,0,0,0,0,0,0,0,0,0,0,0,0,0,0,0,0,0,0,0,2.02025167330389,0,0,0,0,0,0,0,0,0,0,0,0,0,0,0,0,0,0,0,0,0
"CAAAGGCGTGGGTTGG-1","0",0,0,0,0,0,0,0,0,0,0,0,0,0,0,0,0,0,1.41117602749663,0,0,0,0,1.41117602749663,0,0,1.41117602749663,1.41117602749663,1.41117602749663,0,0,0,0,0,0,0,0,0,0,0,0,0,0,0,0
"CAAAGGGTCACTCATC-1","0",1.62470435503965,0.518487977819587,0,0,0,0,0,0,0,0,0,0,0,0,0,0,0,0,0,0,0,0,1.86189021015484,0,0,2.41522556164708,1.48102062997103,0.518487977819587,0.858226192347047,1.62470435503965,0,0,0,0.518487977819587,0,0.858226192347047,0,0,0,0,0,0,0,0
"CAAAGGGTCCACCTGC-1","5",1.98279957774103,0,1.12742086529988,0,0,0,0,0,0,0,0,0,0,0,0,0,0,0,0,0,0,0,2.60462085903904,0,0,1.12742086529988,1.12742086529988,1.12742086529988,1.12742086529988,1.64390993462428,0,0,0,0,0,0,0,0,0,0,0,0,0,0
"CAAAGGGTCGCTCTAT-1","2",0.909209687142782,0,0,0,0,0,0,0,0,0,0,0,0,0,0.909209687142782,0,0,0,0,0,0,0,1.93577895393732,0,0,2.29194463375169,0,0,1.37743519281115,2.43155153120585,0,0,0,0,0,0,0,0,0,0,0,0,0,0
"CAAAGGTAGCAAGGCA-1","12",2.28663181137711,0,0,0,0,0,0,0,0,0,0,0,0,2.28663181137711,0,0,0,0,0,0,0,0,0,0,0,0,0,0,0,0,0,0,0,0,0,0,0,0,0,0,0,0,0,0
"CAAAGGTAGGTAAGGT-1","5",1.59227462818488,0,0,0,0,0,0,0,0,0,0,0,0,0,0,0,0,1.28369222823685,0,0,0,0,1.59227462818488,0,0,2.64260242625882,0.835068504185039,0.835068504185039,0,2.17813594972511,0,0,0,0,0,0,0,0,0,0,0,0,0,2.01821216800484
"CAAAGGTAGGTAGCCT-1","1",2.13020162842447,0,0,0,0,0,0,0,0,0,0,0,0,0,0,0,0,0.804730568336803,0,0,0,1.24478491004575,1.78244552421917,0,1.24478491004575,2.13020162842447,0,0.804730568336803,0,2.49525669350582,0,0,0,0,0,0,0,0,0,0,0,0,0,1.54932304942011
"CAAAGGTAGTCGAGTC-1","2",2.11371050937136,0,0,0,0,0,0,0,0,0,0,0,0,0,0,0,0,1.23148128394632,0,0,0,1.53459618165777,2.25045501321866,0,0,1.76688638420891,0,0,0.794417089474992,2.11371050937136,0,0,0,0,0,0,0,0,0,0,0,0,0,0
"CAAAGGTAGTGCTTGA-1","7",1.96456848611257,0,0,0,0,0,0,0,0,0,0,0,0,0,0,0,0,0,0,0,0,1.40263935598146,1.62686313299201,0,0,2.21656732264582,0.704073473989348,1.62686313299201,0,2.72835033171004,0,0,0,0.704073473989348,0,0,0,0,0,0,0,0,0,0
"CAAAGTAAGTAATCGT-1","7",1.29918602266025,0,0,0,0,0,0,0,0,0,0,0,0,0,0,0,0,0,0,0,0,0,1.29918602266025,0,0,1.60933125429998,0,1.29918602266025,0.847221677166521,3.270707302632,0,0,0,0.847221677166521,0,0,0,0,0,0,0,0,0,1.29918602266025
"CAAATCACAAACTAGC-1","4",1.49913347181319,0,0,0,0,0,0,0,0,0,0,0,0,0,0,0,0,0,0,0,0,1.15487589398851,0.625645238495906,0,0,1.39700710849161,0,0,0,1.89483288683746,0,0,0,0,0,0,0,0,0,0,0,0,0,0.625645238495906
"CAAATCACAACTGTCC-1","4",2.50246477191505,0,0.726515548667658,0,0,0,0,0,0,0,0,0,0,0,0,0,0,0.427833940815573,0,0,0,0.956201210657652,1.1428605175687,0,0.427833940815573,2.13712522081029,0.427833940815573,0.427833940815573,0.427833940815573,1.55551365589064,0,0,0,0,0,0,0.427833940815573,0,0,0,0,0,0,1.43593845072948
"CAAATCACAATACGGT-1","2",2.27833368835717,0,0,0,0,0,0,0,0,0,0,0,0,0,0,0,0,0,0,0,0,0,1.6827258250093,0,0.739577597150501,2.72363839412784,1.16005249768812,0.739577597150501,0.739577597150501,1.16005249768812,0,0,0,0,0,0,0,0,0,0,0,0,0,0
"CAAATCCGTAGTGCCC-1","5",2.09729777608856,0,0,0,0,0,0,0,0,0,0,0,0,0,0,0,0,0,0,0,0,1.02461879926998,1.5199652778558,0,1.02461879926998,2.09729777608856,0,0,1.5199652778558,1.84972953720906,0,0,0,0,0,0,0,0,0,0,0,0,0,0
"CAAATCCGTCATGGCC-1","2",1.37184520575351,0,0.683537644988958,0,0,0,0,0,0,0,0,0,0,0,0,0,0,0,0,0,0,1.37184520575351,1.9293796793975,0,0,1.9293796793975,0,1.08577894373345,0.683537644988958,1.77569188836057,0,0,0,1.08577894373345,0,0,0,0,0,0,0,0,0,0
"CAAATGAAGAACCTTG-1","4",2.29034715199407,0,0,0,0,0,0,0,0,0,0,0,0,0,0,0,0,0.908148767898997,0,0,0,1.16925451770679,0.908148767898997,0,0.553806871687965,1.16925451770679,0,0.908148767898997,0.553806871687965,1.82116406141509,0,0,0,0,0,0,0,0,0,0,0,0,0,1.82116406141509
"CAAATGTTCCCCAGAG-1","6",0,0,0,0,0,0,0,0,0,0,0,0,1.52458668064213,0,0,0,0,2.10248516127316,0,0,0,0,0,0,0,1.52458668064213,0,0,0,0,0,0,0,0,0,0,1.52458668064213,0,0,0,1.52458668064213,0,0,3.50673395081195
"CAAATTCAGTAGTTAC-1","0",1.90602278339477,0,0.670073318166597,0,0,0,0,0,0,0,0,0,0,0,0,0,0,0,0,0,0,1.06772729088164,1.35148079565799,0,0.670073318166597,2.35553858512711,0,0,0.670073318166597,0,0,0,0,0.670073318166597,0,0,0,0,0,0,0,0,0,0.670073318166597
"CAACAGTCACTATCTG-1","0",2.2160110404112,0,0,0,0,0,0,0,0,0,0,0,0,0,0,0,0,0,0,0,0,1.31467987320041,0.645978488202773,0,0,1.86363314207878,1.03521297817077,0,0.645978488202773,1.7118617553295,0,0,0,0,0,0,0,0.645978488202773,0,0,0,0,0,0
"CAACAGTCAGGTAGGG-1","0",2.16530271017799,0,0,0,0,0,0,0,0,0,0,0,0,0,0,0,0,0,0,0,0,0.933520665560773,1.40778578853744,0,0,2.16530271017799,0.933520665560773,0.933520665560773,0.933520665560773,1.40778578853744,0,0,0,0,0,0,0,0,0,0,0,0,0,0
"CAACAGTCATAAGCCG-1","1",1.99954516216742,0,0,0,0,0,0,0,0,0,0,0,0,0,0,0,0,0,0,0,0,1.03832589949435,1.31821006104027,0,0,2.40104170006214,0.648276528124061,0,0.648276528124061,2.48047245816107,0,0,0,0,0,0.648276528124061,0,0,0,0,0,0,0,0
"CAACAGTCATGAGCGC-1","9",2.0427009719033,0,0,0,0,0,0,0,0,0,0,0,0,0,0,0,0,3.54261149410068,0,0,0,0,0,0,0,2.0427009719033,0,0,0,0,0,0,0,0,0,0,0,0,0,0,0,0,0,0
"CAACCAGCAAGCGAGG-1","0",2.04289569942267,0,0,0,0,0,0,0,0,0,0,0,0,0,0,0,0,0,0,0,0,0.750858635050049,1.70024234030123,0,0,2.04289569942267,1.17484375980363,0,0,0.750858635050049,0,0,0,1.17484375980363,0,0,0,0,0,0,0,0,0,1.17484375980363
"CAACCCAGTAGTGTGA-1","5",1.4337044869163,0,0,0,0,0,0,0,0,0,0,0,0,0,0,0,0,0.725002346801163,0,0,0,0,1.4337044869163,0,1.14086426538703,2.4550794980857,0.725002346801163,0.725002346801163,1.14086426538703,0.725002346801163,0,0,0,0,0,0,0,0,0,0,0,0,0,1.99991332400727
"CAACCCAGTTTAGCCG-1","0",2.07065390954384,0,0,0,0,0,0,0,0,0,0,0,0,0,0,0,0,0,0,0,0,0,0,0,0,1.72633248597014,0,0,1.19694888727462,1.19694888727462,0,0,0,0,0,0,0,0,0,0,0,0,0,0
"CAACCCAGTTTCGCCT-1","2",1.86974890086811,0,0.740666766288471,0,0,0,0,0,0,0,0,0,0,0,0,0,0,0,0,0,0,1.45675292703625,2.48268207696337,0,0,1.86974890086811,0,0.740666766288471,1.1614828443021,2.02604088070519,0,0,0,0,0.740666766288471,0,0,0,0,0,0,0,0,0
"CAACCCTCATTACGTT-1","0",1.96100948011217,0,0,0,0,0,0,0,0,0,0,0,0,0,0,0,0,0.798092368163721,0,0,0,1.53985166233674,1.53985166233674,0,0,1.96100948011217,0,0,1.04096523567844,0.798092368163721,0,0,0,0,0,0,0,0,0,0,0,0,0,0
"CAACGAAGTGGGTTGG-1","3",3.15365545697618,0,0,0,0,0,0,0,0,0,0,0,0,0,0,0,0,0,0,0,0,0,0,0,0,0,0,0,0,0,0,0,0,0,0,0,0,0,0,0,0,0,0,0
"CAACGATCAACTGCGA-1","0",2.00768609420855,0.540129888669498,0,0,0,0,0,0,0,0,0,0,0,0,0,0,0,0.540129888669498,0,0,0,0.540129888669498,1.52194980347213,0,0.8889028989759,1.66721209424923,1.35194074159669,0.540129888669498,0,0,0,0,0,0,0,0,0,0,0,0,0,0,0,0
"CAACGATCAAGCTAGT-1","5",2.60233363362796,0,0,0,0,0,0,0,0,0,0,0,0,0,0,0,0,0.673540612474275,0,0,0,0.673540612474275,1.07238383111739,0,0.673540612474275,1.57788018942104,1.07238383111739,0,1.07238383111739,1.57788018942104,0,0,0,0,0,0.673540612474275,0,0,0,0,0,0,0,0
"CAACGATCAGCCTACT-1","6",0,0,0,0,0,0,0,0,0,0,0,0,0,0,0,0,0,0,0,0,0,0,0,0,0,1.71409722645863,0,0,0,1.71409722645863,0,0,0,0,0,0,0,0,0,0,0,0,0,2.68478048710565
"CAACGATCATGGCGTA-1","0",2.38385841832685,0,0.878243053895165,0,0,0,0,0,0,0,0,0,0,0,0,0,0,0,0,0,0,1.33850418912524,1.65249794084751,0,0,2.71248542058918,0,0,0,1.89110247862358,0,0,0,0,0,0,0,0,0,0,0,0,0,0
"CAACTAGTCTATCCAC-1","0",1.06010490299129,0,0.487899577668494,0,0,0,0,0,0,0,0,0,0,0,0,0,0,0,0,0,0,0.814383149929229,1.5630478592151,0,0.487899577668494,2.34500922457552,0.814383149929229,0,0,1.4217716155699,0,0,0,0.487899577668494,0,0.487899577668494,0,0,0,0,0,0,0,0
"CAACTCCCAGGCTATG-1","4",2.28734284122618,0,0.382348500857432,0,0,0,0,0,0,0,0,0,0,0,0,0,0,0.874288209707399,0,0,0,0,0.874288209707399,0,0.658268739940538,2.37770915509796,0,0.874288209707399,0.382348500857432,1.05183202579687,0,0,0,0,0,0,0,0,0,0,0,0,0,1.95365102859726
"CAACTGATCCCAGGTG-1","4",1.80394603009865,0,0.81907106908126,0,0,0,0,0,0,0,0,0,0,0,0,0,0,0,0,0,0,1.56969347007338,1.06560258711581,0,0.491150842178479,1.42815082799941,0,0,1.06560258711581,1.56969347007338,0,0,0,0,0,0.491150842178479,0.491150842178479,0,0,0,0,0,0,2.15296497685855
"CAACTGATCGACCAAC-1","10",1.43338022151079,0,0,0,0,0,0,0,0,0,0,0,0,0,0,0,0,0,1.43338022151079,0,0,0,0,2.62259340289127,0,0,0,0,0,0,1.43338022151079,0,0,0,0,0,0,0,0,0,0,0,0,0
"CAAGACAGTTTGACCG-1","1",2.08108633491867,0,0,0,0,0,0,0,0,0,0,0,0,0,0,0,0,0,0,0,0,1.58846043490377,1.20528885527339,0,0.939414128911811,0.939414128911811,0,0.57618687969104,0,2.17388887120778,0,0,0,0.57618687969104,0,0,0.57618687969104,0,0,0,0,0,0,1.41511601721873
"CAAGACTCAGGCAAGG-1","4",2.09291122175746,0,0,0,0,0,0,0,0,0,0,0,0,0,0,0,0,0.436192579402778,0,0,0,0.970937975532984,0.436192579402778,0,0.436192579402778,1.57435909098242,0.436192579402778,1.15915113321375,0.436192579402778,1.77854923749125,0,0,0,0.436192579402778,0,0,0,0,0,0,0,0,0,0
"CAAGACTCATCCATAT-1","2",1.57029640406483,0,0,0,0,0,0,0,0,0,0,0,0,0,0,0,0,0.668863852061275,0,0,0,0.668863852061275,2.43992681040002,0,0.668863852061275,2.15363791162367,0.668863852061275,1.06610168555477,1.06610168555477,2.15363791162367,0,0,0,0,0,0,0,0,0,0,0,0,0,0
"CAAGCATCAAACTGAC-1","1",1.42829548892372,0,0,0,0,0,0,0,0,0,0,0,0,0,0,0,0,0,0,0,0,1.42829548892372,1.8041049807576,0,0.491224688783163,1.99376998120614,1.42829548892372,0,0.819177468563323,2.70504325321567,0,0,0.491224688783163,0,0,0,0,0,0,0,0,0,0,1.5698441515911
"CAAGCATCAAGCTCTC-1","3",3.18939987412068,0,0,0,0,0,0,0,0,0,0,0,0,0,0,0,0,0,0,0,0,0,0,0,0,0,0,0,0,0,0,0,0,0,0,0,0,0,0,0,0,0,0,0
"CAAGCATCAAGCTGCA-1","1",1.27433534154027,0,0,0,0,0,0,0,0,0,0,0,0,0,0,0,0,0,0,0,0,1.27433534154027,1.27433534154027,0,0.827748784794205,1.27433534154027,1.27433534154027,1.27433534154027,0.827748784794205,1.81688242375843,0,0,0,0,0,0,0,0,0,0,0,0,0,2.42527114209773
"CAAGCATCAATAGCGT-1","0",2.53932282594195,0,0,0,0,0,0,0,0,0,0,0,0,0,0,0,0,0.723195162919637,0,0,0,0,1.43103439951503,0,1.43103439951503,1.43103439951503,0,1.13847891981227,0,1.65709063572261,0,0,0,0,0,0,0,0,0,0,0,0,0,0
"CAAGCATCATCATCAT-1","5",2.21870094551201,0,0,0,0,0,0,0,0,0,0,0,0,0,0,0,0,0.970428689693086,0,0,0,0,0,0,0,2.38273118316653,0,0,0,1.77786787361648,0,0,0,0,0,0,0,0,0,0,0,0,0,0
"CAAGCATCATGCTGTC-1","4",1.50493352789445,0,0,0,0,0,0,0,0,0,0,0,0,0,0,0,0,0,0,0,0,0.531081588249765,0.531081588249765,0,0,1.33581215658657,0,0,0.531081588249765,1.64954767019246,0,0,0,0,0,0.531081588249765,0.531081588249765,0,0,0,0,0,0,1.1321478152553
"CAAGCGAAGATAGTTC-1","0",1.78691483382691,0,0,0,0,0,0,0.603496185159205,0,0,0,0,0,0,0,0,0,0,0,0,0,1.24861186249299,0,0,0.603496185159205,2.46559685877455,0.603496185159205,0.603496185159205,0,0.603496185159205,0,0,0,0,0,0,0,0,0,0,0,0,0,0
"CAAGCGAAGGTGGAGC-1","1",2.20269508302588,0,0.63888864424663,0,0,0,0,0,0,0,0,0,0,0,0,0,0,1.85101001970827,0,0,0,1.3037610757724,1.3037610757724,0,0.63888864424663,1.98246532047465,0.63888864424663,1.3037610757724,0,2.53582684593326,0,0,0,0.63888864424663,0,0,0,0,0,0,0,0,0,0
"CAAGCGCCAATTGCCC-1","8",2.12639852476761,0,0.802346472524937,0,0,0,0,0,0,0,0,0,0,0,0,0,0,1.24171313230878,0,0,0,0.802346472524937,2.12639852476761,0,0,0.802346472524937,0,0,0,1.54592450671177,0,0,0,0.802346472524937,0,0,0,0,0,0,0,0,0,1.54592450671177
"CAAGCTATCATGAGCC-1","7",1.99076229945814,0,0,0,0,0,0,0,0,0,0,0,0,0,0,0,0,0,0,0,0,0,1.13366970155389,0,0.532007202864614,2.50450773401652,0.532007202864614,0,0.532007202864614,0.532007202864614,0,0,0.532007202864614,0,0,0,0.532007202864614,0,0,0,0,0,0,0
"CAAGCTCAGAACGAAC-1","0",1.25922897277505,0,0.815962939470939,0,0,0,0,0,0,0,0,0,0,0,0,0,0,0.815962939470939,0,0,0,0,0.815962939470939,0,0,2.40611750073891,1.25922897277505,0,0.815962939470939,1.79929908775394,0,0,0,0,0,0,0,0,0,0,0,0,0,0
"CAAGCTCAGCAGGTCT-1","4",1.79919382490398,0,0,0,0,0,0,0,0,0,0,0,0,0,0,0,0,0,0,0,0,0.815892589323028,1.79919382490398,0,1.25913865123065,1.98869119845626,0.815892589323028,0.815892589323028,0,1.98869119845626,0,0,0,0,0,0,0,0,0,0,0,0,0,0
"CAAGCTCAGCCGACCA-1","1",1.77296192326055,0,0,0,0,0,0,0,0,0,0,0,0,0,0,0,0,0,0,0,0,1.12977888090653,1.12977888090653,0,1.12977888090653,2.07734437208911,0.529641895565467,0,0,1.12977888090653,0,0,0.874071113087262,0,0.874071113087262,0,0,0,0,0,0,0,0,0.529641895565467
"CAAGCTGCAAATGAGG-1","8",2.09116689531215,0,0,0,0,0,0,0,0,0,0,0,0,0,0,0,0,0,0,0,0,1.39635305814245,1.95739757888473,0,0,2.31464344487807,1.80292957923819,0,0,1.80292957923819,0,0,0,0,0,0,0,0,0,0,0,0,0,2.31464344487807
"CAAGCTGCAATCGACG-1","2",1.66554079040583,0,0,0,0,0,0,0,0,0,0,0,0,0,0,0,0,0.998944054405908,0,0,0,0.998944054405908,1.94647362596767,0,0,2.2593711701324,0,0,1.27343901775296,2.06199675518596,0,0,0,0,0.619342658504205,0,0,0,0,0,0,0,0,0
"CAAGCTGCATAAGCGT-1","9",2.29381232166487,0,0,0,0,0,0,0,0,0,0,0,0,0,0,0,0,0,0,0,0,2.29381232166487,0,0,0,0,0,0,0,0,0,0,0,0,0,0,0,0,0,0,0,0,0,0
"CAAGGATAGGTACGCT-1","9",0,0,2.34934204738138,0,0,0,0,0,0,0,0,0,0,0,0,0,0,0,0,0,0,0,0,0,0,3.38221905908324,0,0,0,0,0,0,0,0,0,0,0,0,0,0,0,0,0,0
"CAAGGATAGTGCCCAG-1","5",1.82838396609389,0.337780206242504,0.337780206242504,0,0,0.337780206242504,0,0,0.337780206242504,0,0,0,0,0,0,0,0,0.337780206242504,0,0,0,0.958326487599554,1.76164182994786,0.589820545764883,0,1.82838396609389,0.337780206242504,0.589820545764883,0.337780206242504,1.52963493599487,0.337780206242504,0,0,0.337780206242504,0,0,0.337780206242504,0,0,0,0,0,0,0
"CAAGGCAAGCCTCTCA-1","9",0,0,0,0,0,0,0,0,0,0,0,0,0,0,0,0,0,0,0,0,0,0,0,0,0,2.25012947561811,0,0,0,0,0,0,0,0,0,0,0,0,0,0,0,0,0,0
"CAAGGGATCGCTGATA-1","2",1.73339425326688,0,0,0,0,0,0,0,0,0,0,0,0,0,0,0,0,0,0,0,0,0,2.33405124906741,0,0,2.17092475761904,0,0.937377794849692,1.73339425326688,1.73339425326688,0,0,0,0,0,0,0,0,0,0,0,0,0,0
"CAAGGGGCAAATGGAG-1","5",1.76337457702404,0,0,0,0,0,0,0,0,0,0,0,0,0,0,0,0,0,0,0,0,0,0,0,1.22848272384311,2.57110060061728,0,0,1.22848272384311,0,0,0,0,0,0,0,0,0,0,0,0,0,0,0
"CAAGGGGCATAGATGC-1","0",3.44068155214465,0,0.73182208805007,0,0,0,0,0.73182208805007,0,0,0,0,0,0,0,0,0,0,0,0,0,1.14985343655275,0.73182208805007,0,0,2.84391909770396,0,0,0,1.14985343655275,0,0,0,0,0,0,0,0,0,0,0,0,0,0.73182208805007
"CAAGGTAGTTAGTAGG-1","8",0,0,0,0,0,0,0,0,0,0,0,0,0,0,0,0,0,0.840274325425812,0,0,0,0,2.02617426230787,0,0,2.32425044670369,0.840274325425812,0.840274325425812,0,2.32425044670369,0,0,0,0,0.840274325425812,0,0,0,0,0,0,0,0,2.02617426230787
"CAAGGTAGTTTGGAAG-1","9",0,0,0,0,0,0,0,0,0,0,0,0,0,0,0,0,0,2.059828834746,0,0,0,0,0,0,0,2.059828834746,0,0,0,0,0,0,0,0,0,0,0,0,0,0,0,0,0,0
"CAAGTAGGTGAGTATG-1","3",2.40565857784032,0,0,0,0,0,0,0,0,0,0,0,0,0,0,0,0,0,0,0,0,0,0,0,0,0,0,0,0,0,0,0,0,0,0,0,0,0,0,0,0,0,0,0
"CAAGTAGGTTCCGCAA-1","7",1.76213456425174,0,1.07498299167279,0,0,0,0,0,0,0,0,0,0,0,0,0,0,0,0,0,0,0.675477758366298,0.675477758366298,0,0.675477758366298,2.16559312137781,0,0,1.35967175354173,2.16559312137781,0,0,1.35967175354173,0,0,0,0,0,0,0,0,0,0,2.0483121010538
"CAAGTCGCAAGCTAGT-1","3",2.00731416038944,0,0,0,0,0,0,0,0,0,0,0,0,0,0,0,0,0,0,0,0,0,0,0,0,0,0,0,0,0,0,0,0,2.00731416038944,0,0,0,0,0,0,2.00731416038944,0,0,0
"CAAGTCGCACTAGCTC-1","7",2.66603997509867,0,0,0,0,0,0,0,0,0,0,0,0,0,0,0,0,0,0,0,0,0.55589138884444,0.911072680526389,0,0.55589138884444,1.69762579657204,0,0.55589138884444,1.17263174566355,2.0401092981437,0,0,0.55589138884444,0,0,0,0,0,0,0,0,0,0,0.55589138884444
"CAAGTTACAATCTGCC-1","8",1.99055766313226,0,0,0,0,0,0,0.582188699344729,0,0,0,0,0,0,0,0,0,0.947752043925302,0,0,0,0.947752043925302,1.42546873948763,0,0,1.59933890159742,0.582188699344729,0.582188699344729,0.582188699344729,2.18599713250761,0,0,0,0.582188699344729,0,0,0,0,0,0,0,0,0,1.74740883931313
"CAAGTTACATGGTCGA-1","0",1.7391728066723,0,0.850472314456156,0,0,0,0,0,0,0,0,0,0,0,0,0,0,0,0,0,0,0.850472314456156,1.30332145232702,0,0.850472314456156,2.04170862648195,0,0,0.850472314456156,0,0,0,0,0.513048799267831,0,0,0.513048799267831,0,0,0,0,0,0,0
"CAAGTTTAGCATAGGG-1","0",1.84717530836962,0,0,0,0,0,0,0,0,0,0,0,0,0,0,0,0,0,0,0,0,1.02267636294723,1.02267636294723,0,0,2.19864806512107,1.51759748953085,0,1.02267636294723,0.636742630306396,0,0,0,0,0,0,0,0,0,0,0,0,0,1.30044780662655
"CAAGTTTAGCTTAGAT-1","0",1.9766140595827,0,0,0,0,0,0,0,0,0,0,0,0,0,0,0,0,0,0,0,0,0,0.711172163396812,0,0,2.229047762461,0,1.12257411502391,0,1.12257411502391,0,0,0,0,0,0,0,0,0,0,0,0,0,1.12257411502391
"CAATAGCCAACGGCTA-1","4",1.27054347247737,0,0,0,0,0,0,0,0,0,0,0,0,0,0,0,0,0.617487189154794,0,0,0,0.617487189154794,1.27054347247737,0,0.996404406552007,2.25576888907237,0.617487189154794,0.617487189154794,0.996404406552007,1.66227964004693,0,0,0,0,0,0,0,0,0,0,0,0,0,0.996404406552007
"CAATATCAGGTACACC-1","2",1.10464852429996,0,0,0,0,0,0,0,0,0,0,0,0,0,0,0,0,1.10464852429996,0,0,0,0,2.40611750073891,0,1.10464852429996,2.20526482165478,1.10464852429996,1.61667703513962,0,2.71649076568233,0,0,0,0,0,0,0,0,0,0,0,0,0,0
"CAATCATAGTAAGGGT-1","3",2.74649446222788,0,0,0,0,0,0,0,0,0,0,0,0,0,0,0,0,0,0,0,0,0,0,0,2.11552585406241,0,0,0,0,0,0,0,0,0,0,0,0,0,0,0,0,0,0,0
"CAATCATAGTCGATCA-1","3",2.16607737614023,0,0,0,0,0,0,0,0,0,0,0,0,0,0,0,0,0,0,0,0,0,0,0,0,1.27387154757046,0,0,0,0,0,0,0,0,0,0,0,0,0,0,0,0,0,0
"CAATCCTTCTAGTAAC-1","0",1.71609036884236,0,0,0,0,0,0,0,0,0,0,0,0,0,0,0,0,0.924620958008098,0,0,0,1.39669634616418,0,0,0,1.95778933842382,0,0.924620958008098,0,0,0,0,0,0,0,0,0,0,0,0,0,0,0,0
"CAATCGATCTGTGCGG-1","1",1.15206977988174,0,0,0,0,0,0,0,0,0,0,0,0,0,0.733505814146228,0,0,0,0,0,0,1.6732523377293,1.15206977988174,0,0,2.5576962276386,1.6732523377293,0.733505814146228,0,1.44623749548403,0,0,0,0.733505814146228,0,0,0,0,0,0,0,0,0,2.3740974275022
"CAATCTTCACCTAACC-1","1",2.25403096618994,0,0,0,0,0,0,0,0,0,0,0,0,0,1.14151673450402,0,0,0,0,0,0,1.55395697192902,0.954986626856682,0,0,2.13538469822781,1.43443470980389,1.29866271487476,0.42714741231384,1.66070669410515,0,0,0,0,0,0,0,0,0,0,0,0,0,2.0703278797986
"CAATCTTCATCGGGAC-1","0",2.1354034941651,0,0,0,0,0,0,0,0,0,0,0,0,0,0,0,0,0,0,0,0,0.913122483415919,1.70042526017336,0,0,1.94138100099516,0,0,0,1.38233247965278,0,0,0,0,0,0,0.913122483415919,0,0,0,0,0,0,0.913122483415919
"CAATGCATCATGGTCA-1","6",1.4030247893791,2.32262827838617,0,0,0,0,0,0,0,0,0,0,1.9650079517119,0,0,0,0,0,0,0,0,0,0,0,0,1.9650079517119,0,0,1.4030247893791,0,0,0,0,0,0,0,0,0,0,0,0,0,0,3.71057491175577
"CAATGCATCGCGCATG-1","7",2.03168215820064,0,0,0,0,0,0,0,0,0,0,0,0,0,0,0,0,0,0,0,0,0,0,0,0,2.65702427240858,0,0,0,2.65702427240858,0,0,2.03168215820064,0,0,0,0,0,0,0,0,0,0,0
"CAATGCATCGTGCCTC-1","3",2.00120329370749,2.00120329370749,0,0,0,0,0,0,0,0,0,0,0,0,0,0,0,0,0,0,0,0,0,0,0,0,0,0,0,0,0,0,0,0,0,0,0,0,0,0,0,0,0,0
"CAATGGCTCCCCAATT-1","4",1.61906122982497,0,0,0,0,0,0,0,0,0,0,0,0,0,0,0,0,0,0,0,0,0,0.768565875749488,0,0.456370842585382,1.61906122982497,0,0.456370842585382,0,1.99628966900551,0,0,0,0,0.768565875749488,0.456370842585382,0,0,0,0,0,0,0,0.768565875749488
"CAATGGGAGGCGTTAC-1","1",0,0,0,0,0,0,0,0,0,0,0,0,0,0,0,0,0,0,0,0,0,0,1.86401676145941,0,0,2.68266252412226,0,0,0,2.2164155711065,0,0,0,0,0,0,0,0,0,0,1.31501198866938,0,0,2.2164155711065
"CAATGGGAGGTGATCC-1","1",1.84627595203225,0,0,0,0,0,0,0.726212381168574,0,0,0,0,0,0,0,0,0,0,0,0,0,0.726212381168574,0.726212381168574,0,0,2.13660736685245,0,0.726212381168574,0.726212381168574,2.54471481685662,0,0,0,0,0,0,0,0,0,0,0,0,0,1.43549100870532
"CAATTAGCAACTCGGA-1","0",1.88772610295987,0,1.05365374326552,0,0,0,0,0,0,0,0,0,0,0,0,0,0,0,0,0,0,1.05365374326552,0,0,1.05365374326552,1.88772610295987,1.55523991481921,0,1.05365374326552,0,0,0,0,0,0,0,0,0,0,0,0,0,0,0
"CAATTAGCAATGACAC-1","2",1.46762043652604,0,0,0,0,0,0,0.748092673448243,0,0,0,0,0,0,0,0,0,0,0,0,0,0,2.17370144078554,0,0.748092673448243,1.17122193455617,1.17122193455617,0,0,1.88172665405828,0,0,0,0,0.748092673448243,0,0,0,0,0,0,0,0,0
"CAATTAGCAGGAAGTA-1","6",1.62793142351789,2.21775196928277,0,0,0,0,0,0,0,0,0,0,1.62793142351789,0,0,0,0,1.62793142351789,0,0,0,0,0,0,0,2.21775196928277,0,0,2.21775196928277,0,0,0,0,0,0,0,0,0,0,0,0,0,0,2.21775196928277
"CAATTCCTCAATCGCA-1","5",2.62298829326773,0.536390419985528,0,0,0,0,0,0,0,0,0,0,0,0,0,0,0,0.536390419985528,0,0,0,1.34528897859447,1.14086426538703,0,0,2.09164670924056,0.883622045003706,0,0.536390419985528,2.67322790218494,0,0,0,0,0,0,0,0,0,0,0,0,0,1.34528897859447
"CACAAGCTCACAGGAG-1","6",0,1.97269590679647,0,0,0,0,0,0,0,0,0,0,0,0,1.40977087421791,0,0,0,0,0,0,0,0,0,0,1.40977087421791,0,0,0,0,0,0,0,0,0,0,1.97269590679647,0,0,0,0,0,0,4.6943305470054
"CACAAGCTCCCGCAAG-1","0",2.19234075510433,0,0.633406185203762,0,0,0,0,0,0,0,0,0,0,0,0,0,0,0,0,0,0,0,0.633406185203762,0,0,2.28647296002707,1.0181373014995,1.0181373014995,1.51206053379658,1.29528890551001,0,0,0,0,0,0,0,0,0,0,0,0,0,0
"CACAAGTCACTTCAGC-1","8",1.40433710141472,0,0,0,0,0,0,0,0,0,0,0,0,0,0,0,0,0.413524320308416,0,0,0,1.26995387252846,0.930750873399595,0,0.413524320308416,2.58710997946174,1.26995387252846,0,1.11466628109234,0.930750873399595,0,0,0,0,0,0,0,0,0,0,0,0,0,2.73045431433639
"CACAATTAGCGAGGAC-1","6",2.6852046975842,0,0,0,0,0,0,0,0,0,0,0,0,0,0,0,0,0,0,0,0,0,0,0,0,3.34365316534829,0,0,0,0,0,0,0,0,0,0,0,0,0,0,0,0,0,3.73727922202621
"CACACAGCAGCTATGG-1","13",1.99733992184537,0,0.647060365417012,0,0,0,0,0,0,0,0,0,0,0,0,0,0,0,0,0,0,0.647060365417012,1.03667880338413,0,0,1.71372414789283,1.03667880338413,1.03667880338413,0,0.647060365417012,0,0,0,0,0,0,0,0,0,0,0,0,0,0.647060365417012
"CACACAGCAGCTCGAA-1","9",0,2.2874265325632,0,0,0,0,0,0,0,0,0,0,0,0,0,0,0,0,0,0,0,0,0,0,0,0,0,0,0,0,0,0,0,0,0,0,0,0,0,0,0,0,0,0
"CACACCTCAATAGCGT-1","10",0,3.30493311606654,0,0,1.83247647136016,0,2.4422329126872,2.4422329126872,1.83247647136016,0,0,0,0,0,0,0,0,0,0,0,0,0,0,3.0909231429722,0,0,0,0,0,0,0,0,0,0,0,0,0,0,0,0,0,0,0,0
"CACACTAAGGCGTCTG-1","0",2.13529072526077,0.72544187216305,0,0,0,0,0,0,0,0,0,0,0,0,0,0,0,0,0,0,0,1.84501871846407,0,0,0.72544187216305,1.14144419716619,0,1.14144419716619,0.72544187216305,1.14144419716619,0,0,0,0.72544187216305,0,0.72544187216305,0,0,0,0,0,0,0,0
"CACACTAAGGCTGTAC-1","11",0,0,0,0,0,0,0,0,0,0,0,0,0,0,0,0,0,2.18545973575663,0,0,0,0,0,0,1.28966752543082,1.83468451394509,1.28966752543082,0,0,0,0,0,0,0,0,0,0,0,0,0,0,0,0,1.83468451394509
"CACATAACACAGGATT-1","8",1.91732075796555,0,0,0,0,0,0,0,0,0,0,0,0,0,0,0,0,0.676569521540131,0,0,0,0,1.76397536465063,0,0,2.05024775985085,1.58278012062689,1.76397536465063,1.0764471048401,1.91732075796555,0,0,0,0,0,0,0,0,0,0,0,0,0,1.91732075796555
"CACATAGTCCTCATAC-1","0",1.68791618173912,0,0,0,0,0,0,0,0,0,0,0,0,0,0,0,0,0,0,0,0,0,1.46004410292767,0,0.742912969914948,1.87337771405356,0,0,0,0,0,0,0,0,0,0,0,0,0,0,0,0,0,0.742912969914948
"CACATCAAGGAGTAAC-1","2",1.32195020593735,0.438348983691274,0,0,0,0,0,0,0,0,0,0,0,0,0,0,0,0.974724670116502,0,0,0,0,1.32195020593735,0,0.438348983691274,1.87202644195844,0,0,0.438348983691274,1.78361171586928,0,0,0,0,0,0,0.438348983691274,0,0,0,0,0,0,1.95325506258393
"CACATCAAGGTTGGTC-1","0",0.750976810444783,0,0,0,0,0,0,0,0,0,0,0,0,0,0,0,0,0.750976810444783,0,0,0,0.750976810444783,1.47183121076425,0,0,3.15193992320727,1.1749984328829,0.750976810444783,0.750976810444783,0.750976810444783,0,0,0,0,0,0,0,0,0,0,0,0,0,0
"CACATTAGTAGCTAGA-1","2",2.24965496788203,0,0,0,0,0,0,0,0,0,0,0,0,0,0,0,0,0,0,0,0,1.43071153968444,1.99651460118209,0,0.722976748777436,2.13107349438063,0,0.722976748777436,1.43071153968444,1.99651460118209,0,0,0,0,0,0,0,0,0,0,0,0,0,0
"CACATTAGTCATTGGT-1","1",2.43888461733157,0,1.34879905095692,0,0,0,0,0,0,0,0,0,0,0,0,0,0,1.06535322936035,0,0,0,0.668307162659387,2.03555801557115,0,0,2.03555801557115,0,0.668307162659387,1.06535322936035,2.592423454426,0,0,0,0,0,0,0,0,0,0,0,0,0,0.668307162659387
"CACATTAGTCTGGTCA-1","4",2.27771612668519,0,0.348453815835032,0,0,0,0,0,0,0,0,0,0,0,0,0,0,0,0,0,0,0.811208094340772,1.3656134092401,0,0,0.981141860473086,0,0.348453815835032,0.606363164142425,1.98143262601279,0,0,0,0,0,0,0,0,0,0,0,0,0,1.85932097199336
"CACATTAGTTGCGGTC-1","0",1.81204414039956,0,0.996081200928622,0,0,0,0,0,0,0,0,0,0,0,0,0,0,0,0,0,0,0,0.996081200928622,0,0.996081200928622,2.25531017370367,0.996081200928622,1.48507590567967,0.996081200928622,0.996081200928622,0,0,0,0.996081200928622,0,0,0,0,0,0,0,0,0,0
"CACATTGAGGTGCTCG-1","6",0,0,0,0,0,0,0,0,0,0,0,0,0,0,0,0,0,0,0,0,0,0,0,0,0,0,0,0,0,0,0,0,0,0,0,0,0,0,0,0,0,0,0,3.81107264024787
"CACATTGAGTTAATGC-1","1",1.54237028239364,0,0.551083465945449,0,0,0,0,0,0,0,0,0,0,0,0,0,0,0.551083465945449,0,0,0,1.16483559867603,1.16483559867603,0,0,1.81578904796297,0.904324992046419,0,0,1.81578904796297,0,0,0,0,0,0,0,0,0,0,0,0,0,1.37131468000845
"CACATTTCATAAGGAG-1","4",1.23844081115581,0,0,0,0,0,0,0,0,0,0,0,0,0,0,0,0,0.477821382857544,0,0,0,1.04298409700893,0.799808534293852,0,0.477821382857544,1.8738027659772,0,0.799808534293852,0.477821382857544,1.77503021534973,0,0,0,0,0,0,0,0,0,0,0,0,0,1.40186922486131
"CACATTTCATTAGCGG-1","14",2.07156285814112,0,1.49707719415312,0,0,0,0,1.49707719415312,0,0,0,0,0,0,0,0,0,0,0,0,0,0,0,0,0,1.49707719415312,0,0,0,0,0,0,0,0,0,0,0,0,0,0,0,0,0,0
"CACCAGTAGTTGGTAT-1","1",1.99412230651747,0,0,0,0,0,0,0,0,0,0,0,0,0,0,0,0,0.645288048714297,0,0,0,1.86240691048173,1.53172380021252,0,0,2.30909995061317,0,0,0.645288048714297,2.11049061685905,0,0,0,0.645288048714297,0.645288048714297,0,0,0,0,0,0,0,0,0
"CACCATAAGGCATCCG-1","0",2.58251538332381,0,0,0,0,0,0,0,0,0,0,0,0,0,0,0,0,0,0,0,0,1.17053122368019,0,0,0,1.69514015328503,0.747565451472245,0.747565451472245,0,1.88087805547067,0,0,0,0,0,0.747565451472245,0,0,0,0,0.747565451472245,0,0,0.747565451472245
"CACCCAAGTTTCGGTG-1","2",2.48108566225228,0,0.796216856135181,0,0,0,0,0,0,0,0,0,0,0,0,0,0,0,0,0,0,0.796216856135181,2.11659566881349,0,0.796216856135181,1.76960744355449,0,0,0,1.76960744355449,0,0,0,0,0,0,0,0,0,0,0,0,0,0
"CACCCATCATGACCGA-1","8",1.65299848956286,0,0,0,0,0,0,0,0,0,0,0,0,0,0,0,0,0.612220852025454,0,0,0,1.26230863469585,0.989186682169348,0,0,2.55126583537098,1.65299848956286,0,0,1.26230863469585,0,0,0,0.989186682169348,0,0,0,0,0,0,0,0,0,2.88426790793249
"CACCCGTTCTATGGTG-1","0",2.20886432822489,0,0,0,0,0,0,0,0,0,0,0,0,0,0,0,0,0,0,0,0,1.61991976611264,0,0,0,2.57703409667661,1.10735477878263,1.10735477878263,1.61991976611264,1.61991976611264,0,0,0,0,0,0,0,0,0,0,0,0,0,0
"CACCCTGCAATAGGGA-1","0",2.31927541776254,0,0,0,0,0,0,0,0,0,0,0,0,0,0,0,0,0,0,0,0,0.83714262501742,0,0,0,2.54849309702186,0.83714262501742,0,0,0.83714262501742,0,0,0,0,0,0,0,0,0,0,0,0,0,0.83714262501742
"CACCCTTGTCTGTGTG-1","0",1.72865308246203,0,0.655763178433734,0,0,0,0,0,0,0,0,0,0,0,0,0,0,0,0,0,0,0,1.3296808648474,0,0,1.88094088105959,0,1.04844979707599,1.04844979707599,1.54893374296269,0,0,0,0,0,0,0,0,0,0,0,0,0,0.655763178433734
"CACCGAACAATGCCCT-1","7",1.72246390837903,0,0,0,0,0,0,0.504948834597021,0,0,0,0,0,0,0,0,0,0,0,0,0,0.838891836239067,1.83341406717909,0,0,2.10728870578727,0,1.08879836489856,0,2.85776353947251,0,0,0,0,0,0,0,0,0,0,0,0,0,0.504948834597021
"CACCGAACATAGGCTG-1","8",0,0,0,0,0,0,0,0,0,0,0,0,0,0,0,0,0,1.19904874550789,0,0,0,0.769404304626206,1.49860472061541,0,0,2.32901673826254,1.49860472061541,0,1.72880552249059,1.91580439466772,0,0.769404304626206,0,0,0,0,0,0,0,0,0,0,0,2.2093025133085
"CACCGATAGATAGGCG-1","0",2.4201204569764,0,1.27026702042365,0,0,0,0,0,0,0,0,0,0,0,0,0,0,1.27026702042365,0,0,0,0,0.824570871281023,0,0,2.5279753819834,0,0,1.27026702042365,0,0,0,0,1.27026702042365,0,0,0,0,0,0,0,0,0,0
"CACCGATAGGCGTACT-1","8",2.24872032395229,0,0,0,0,0,0,0,0,0,0,0,0,0,0,0,0,0.793354594326016,0,0,0,0.793354594326016,1.23010847609754,0,0,1.95359507212011,1.53307531188429,0,0.793354594326016,2.36897215878775,0,0,0,0,0,0,0,0,0,0,0,0,0,2.36897215878775
"CACCGCAAGTAATGTC-1","1",1.90521073610303,0,0.669607602435825,0,0,0,0,0,0,0,0,0,0,0,0,0,0,0,0,0,0,0.669607602435825,1.90521073610303,0,0,2.59489032941215,0.669607602435825,0,0,1.75221325179457,0,0,0,0,1.06710141711016,0,0,0,0,0,0,0,0,2.15498549876768
"CACCGCTTCACACCAA-1","4",1.57752432551504,0,0,0,0,0,0,0,0,0,0,0,0,0,0,0,0,0,0,0,0,0,0.494996134533,0,0,1.81220489351668,0.494996134533,0.824606839180123,0.494996134533,1.81220489351668,0,0,0,0,0,0,0,0,0,0,0,0,0,1.07208886305047
"CACCGTAGTAAGTGGC-1","0",2.2927202970438,0,0.962607676724938,0,0,0,0,0,0,0,0,0,0,0,0,0,0,0,0,0,0,1.23191099257344,0.592916767006069,0,0,2.57557491022043,0.592916767006069,0.962607676724938,0.592916767006069,0,0,0,0,0,0,0,0,0,0,0,0,0,0,0
"CACCGTAGTCAGTCGC-1","0",1.93341494483456,0,0,0,0,0,0,0,0,0,0,0,0,0,0.685877298636827,0,0,0,0,0,0,0.685877298636827,1.37536962250341,0,0.685877298636827,1.93341494483456,0.685877298636827,0.685877298636827,0,0.685877298636827,0,0,0,0,0,0,0,0,0,0,0,0,0,0
"CACCGTTCAAGCACTG-1","3",2.21157459936603,0,0,0,0,0,0,0,0,0,0,0,0,0,1.31103918124792,0,0,1.31103918124792,0,0,0,0,0,0,0,2.21157459936603,0,0,0,0,0,0,0,1.31103918124792,0,0,0,0,0,0,0,0,0,0
"CACCGTTCATGCTCAC-1","0",2.51590928678691,0,0,0,0,0,0,0,0,0,0,0,0,0,0,0,0,0,0,0,0,1.90045382299146,0.759770652628877,0,0.759770652628877,2.19327245362856,2.05754290885309,1.18649243015559,0.759770652628877,0,0,0,0,0,0,0,0,0,0,0,0,0,0,0
"CACCTATTCGCTCAGG-1","9",0,0,0,0,0,0,0,0,0,0,0,0,0,0,0,0,0,0,0,0,0,0,0,0,0,0,0,0,0,0,0,0,0,0,0,0,0,0,0,0,0,0,0,0
"CACCTCTGTAGGTGTA-1","1",1.66686356814862,0,0,0,0,0,0,0,0,0,0,0,0,0,0,0,0,0,0,0,0,1.44022592478974,1.85150775541929,0,0,1.66686356814862,0,0,0,2.00731416038944,0,0,0,0,1.14669309750264,0,0,0,0,0,0,0,0,1.66686356814862
"CACCTCTGTGAACGTA-1","6",0,1.37810064674958,0,0,0,0,0,0,0,0,0,0,0,0,0,0,0,1.37810064674958,0,0,0,0,0,0,0,2.554855213483,0,0,1.37810064674958,0,0,0,0,0,0,0,0,0,0,0,1.37810064674958,0,0,2.93407781897116
"CACCTGCTCTCATGCT-1","0",2.40166411107459,0,0.862594674236539,0,0,0,0,0,0,0,0,0,0,0,0,0,0,0.648603089692446,0,0,0,1.31871136362536,0.648603089692446,0,0,1.93638414604672,0.648603089692446,0.648603089692446,0.862594674236539,0.862594674236539,0,0,0,0.648603089692446,0,0,0,0,0,0,0,0,0,2.06006775573313
"CACGAAAGTTGCGGTC-1","4",2.38478687623474,0,0,0,0,0,0,0,0,0,0,0,0,0,0,0,0,0,0,0,0,1.4552565666966,0.839078377784255,0,0.839078377784255,1.08901629989979,0,0,0.505079087496704,2.0243470483017,0,0,0,0,0,0,0,0,0,0,0,0,0,0.505079087496704
"CACGACCGTTTCGGTG-1","7",1.9610014075191,0.385076090684125,0,0,0,0,0,0,0,0,0,0,0,0,0,0,0,0.385076090684125,0,0,0,0.879285796839539,1.05740987409559,0,0,1.89261693071734,1.3398201986531,1.20855153042476,0.662405613271904,2.54499416592773,0,0,0,0.385076090684125,0,0,0,0,0,0,0,0,0,0.662405613271904
"CACGACCGTTTGACGT-1","0",2.00898929169822,0,0,0,0,0,0,0,0,0,0,0,0,0,0,0,0,0,0,0,0,0,0,0,0,2.00898929169822,2.00898929169822,1.14801368623333,0,1.66843333912539,0,0,1.14801368623333,0,1.14801368623333,0,0,0,0,0,0,0,0,0
"CACGACTAGCCAGGAA-1","2",2.12527920839651,0,0.598545591733737,0,0,0,0,0,0,0,0,0,0,0,0,0,0,0,0,0,0,1.24080948541288,1.45345814135185,0,0,2.12527920839651,0,0.970377792762683,0.598545591733737,1.45345814135185,0,0,0,0,0,0,0,0,0,0,0,0,0,0
"CACGACTAGCCTCTAT-1","15",1.43687506338679,0,0,0,0,0,0,0,0,0,0,0,0,0,0,0,0,0,0,0,0,0,1.43687506338679,0,0,2.62684795379819,0,0.7271502987658,0,0,0,0,0,0,0,0,0,0,0,0,0,0,0,0
"CACGACTAGTTAACCG-1","2",1.96619578950267,0,0,0,0,0,0,0,0,0,0,0,0,0,0,0,0,0,0,0,0,0,1.96619578950267,0,0,1.72412053079396,0,0,0.93053377119497,1.96619578950267,0,0,0,0,0,0,0,0,0,0,0,0,0,0.93053377119497
"CACGAGGGTCTTGAAC-1","4",1.91359719394598,0,0,0,0,0,0,0,0,0,0,0,0,0,0,0,0,0.543589820586508,0,0,0,0.893781766465698,0.893781766465698,0,0.543589820586508,1.52842099358076,0,0.543589820586508,0.543589820586508,1.35807808907154,0,0,0,0,0,0,0,0,0,0,0,0,0,0
"CACGATGCAATTGGCG-1","2",1.96290084905076,0,0,0,0,0,0,0,0,0,0,0,0,0,0,0,0,0,0,0,0,1.720972718325,1.40117694408705,0,0,0.928214464821765,0,0,0.928214464821765,1.96290084905076,0,0,0,0,0,0,0,0,0,0,0,0,0,0
"CACGATGCACCTGCTG-1","0",2.17658683513193,0,0,0,0,0,0,0,0,0,0,0,0,0,0,0,0,0,0,0,0,1.41742123686353,0.941269260799731,0,0,2.33982274427082,0.941269260799731,0,0,0,0,0,0,0,0,0,0.941269260799731,0,0,0,0,0,0,0
"CACGCAACACAACCGA-1","0",1.87761068297208,0,0.8689753207849,0,0,0,0,0,0,0,0,0,0,0,0,0,0,0,0,0,0,0.8689753207849,0,0,0,1.87761068297208,0.8689753207849,0.8689753207849,0,1.63965647072422,0,0,0,0,0,0,0,0,0,0,0,0,0,0
"CACGCAACACATAGTA-1","5",2.3177180423511,0,0,0,0,0,0,0,0,0,0,0,0,0,0,0,0,0,0,0,0,1.53922832866721,0.64984713498533,0,0.64984713498533,2.22324230506417,0.64984713498533,0,1.04045198407971,0.64984713498533,0,0,0,0,0,0,0,0,0,0,0,0,0,1.32062028792711
"CACGCAACACTATGCC-1","0",1.48512874360687,0,0.52064135323689,0,0,0,0,0,0,0,0,0,0,0,0,0,0,0.52064135323689,0,0,0,0.861291014727983,0.52064135323689,0,0.52064135323689,1.86638045306831,0,0,0.861291014727983,0,0,0,0,0,0,0.52064135323689,0,0,0,0,0,0,0,0
"CACGCAACAGTACCAG-1","7",0,0,0,0,0,0,0,0,0,0,0,0,0,0,0,0,0,0.851356447369256,0,0,0,0,0.851356447369256,0,0,2.04305151688163,0,0,0.851356447369256,2.46322162883034,0,0,0,0,0,0,0,0,0,0,0,0,0,0
"CACGCCAAGCGACTAC-1","0",2.47020357611752,0,0,0,0,0,0,0,0,0,0,0,0,0,0,0,0,0,0,0,0,1.15214382108101,0,0,0,2.01422443284486,0,0,1.15214382108101,1.15214382108101,0,0,0,1.15214382108101,0,0,0,0,0,0,0,0,0,0
"CACGCCAAGTAATGGA-1","6",1.65752011197219,0,0,0,0,0,0,0,0,0,0,0,1.65752011197219,0,0,0,0,2.25050928221756,0,0,0,0,0,0,0,1.65752011197219,0,0,0,0,0,0,0,0,0,0,0,0,0,0,0,0,0,3.86512277395551
"CACGCCAAGTAGACTT-1","7",1.6249772345054,0,0,0,0,0,0,0,0,0,0,0,0,0,0,0,0,0,0,0,0,1.42839883905126,1.71044967109536,0,0,2.68063410796306,1.42839883905126,0.373730052770521,0.85842196119403,2.21447567900599,0,0,0,0.373730052770521,0,0,0,0,0,0,0,0,0,0.85842196119403
"CACGCTAGTAATCCCG-1","16",1.54689370447368,0,0,0,0,0,0,0,0,0,0,0,0,0,0,0,0,0,0,0,0,0,0,0,0,0,0,0,0,0,0,0,0,0,0,0,0,0,0,0,0,0,0,0
"CACGCTAGTTATCACA-1","10",1.74486937309643,0.580832314130689,0,0.580832314130689,0,0,0,0,0,0,0,0,0,0,0,0,0,0.945869413204963,0,0,0,1.21270757998187,1.42313300341478,0,0.580832314130689,1.8737509171921,0,1.21270757998187,1.21270757998187,1.21270757998187,0,0,0,0,0.580832314130689,0,0.580832314130689,0,0,0,0,0,0,0.580832314130689
"CACGGCTGTAGCCTGC-1","4",2.07105775528341,0,0,0,0,0,0,0,0,0,0,0,0,0,0,0,0,0.932444888167824,0,0,0,0,0.571181037663911,0,0.571181037663911,0.932444888167824,0,0,0,1.40644660880212,0,0,0,0,0,0,0,0,0,0,0,0,0,0.932444888167824
"CACGGGTCAATCATAG-1","1",2.00631084365257,0,0,0,0,0,0,0.827313909994654,0,0,0,0,0,0,0,0,0,0,0,0,0,0.827313909994654,1.5813472043664,0,0,1.81623543757411,1.27377883461922,1.27377883461922,0,2.80008249004096,0,0,0,0,1.27377883461922,0,0,0,0,0,0,0,0,2.00631084365257
"CACGGTTAGTACGCTA-1","7",1.98005916726575,0,0.940316930375861,0,0,0,0,0,0,0,0,0,0,0,0,0,0,0,0,0,0,0,1.98005916726575,0,0,1.73736992118936,0,0,0,2.33841132995578,0,0,0,0,0,0,0,0,0,0,0,0,0,0
"CACGGTTAGTGCCTGG-1","5",1.71821436207196,0,0,0,0,0,0,0,0,0,0,0,0,0,0,0,0,0.926183690294158,0,0,0,1.71821436207196,2.45736294507904,0,0,0.926183690294158,1.39864534214568,0.926183690294158,1.71821436207196,2.58012903104834,0,0,0,0,0,0,0,0,0,0,0,0,0,1.71821436207196
"CACGTATGTAACGAGC-1","0",1.23494570439573,0,0.397189874203477,0,0,0,0,0,0,0,0,0,0,0,0,0,0,0,0,0,0,1.58946108554122,0,0,0.397189874203477,1.99324330346157,0,0,0.680708507410007,0.397189874203477,0,0,0,0,0,0.397189874203477,0,0,0,0,0,0,0,0.397189874203477
"CACGTATGTGAACTGA-1","1",2.23347776076586,0,0,0,0,0,0,0,0,0,0,0,0,0,0,0,0,0.495271362267797,0,0,0,0,0.495271362267797,0,1.07255246404154,1.70230953619461,0,0.82500270488912,0.82500270488912,2.00275414596056,0,1.27082006066649,0,0.495271362267797,1.27082006066649,0,0,0,0,0,0,0,0,1.43620707212406
"CACGTATGTGATGAAT-1","1",1.62301497568811,0,0,0,0,0,0,0,0,0,0,0,0,0,0,0,0,0.411144636559766,0,0,0,0.926490771737075,2.0296032287198,0,0.411144636559766,2.15503045784288,0,0,0.411144636559766,2.54132646106051,0,0,0,0,0,0,0,0,0,0,0,0,0,0.411144636559766
"CACGTTGGTGCAAGCG-1","3",0,0,0,0,0,0,0,0,0,0,0,0,0,0,0,0,0,0,0,0,0,0,0,0,0,0,0,0,0,0,0,0,0,0,0,0,0,0,0,0,0,0,0,0
"CACGTTGGTTAGTAGG-1","3",2.14626690973484,0,0,0,0,0,0,0,0,0,0,0,0,0,0,0,0,0,0,0,0,0,0,0,2.14626690973484,2.14626690973484,0,0,0,0,0,0,0,0,0,0,0,0,0,0,0,0,0,0
"CACTAACGTAGCGAGT-1","6",0,0,0,0,0,0,0,0,0,0,0,0,0,0,2.77071571176526,0,0,0,0,0,0,0,0,0,0,0,0,0,0,0,0,0,0,0,0,0,0,0,0,0,0,0,0,4.32876165306688
"CACTACAAGCGCCAAT-1","8",1.90709140043302,0,0,0,0,0,0,0.598324227442353,0,0,0,0,0,0,0,0,0,0.970072531915518,0,0,0,0,1.45308150913343,0,0.598324227442353,2.12484635182791,0.970072531915518,0.598324227442353,0.970072531915518,0.970072531915518,0,0.598324227442353,0,0,1.24046008375858,0,0,0,0,0,0,0,0,2.58671224250827
"CACTACAAGGCACAGA-1","3",2.65640829245281,2.03110657190696,2.03110657190696,0,0,0,0,0,0,0,0,0,2.03110657190696,0,0,0,0,0,0,0,0,0,0,0,0,0,0,0,0,0,0,0,0,0,0,0,0,0,0,0,0,0,0,2.03110657190696
"CACTACCCAAGGGATA-1","15",2.29441355818597,0,0,0,0,0,0,0,0,0,0,0,0,0,0,0,0,0,0,0,0,0,1.17237513571055,0,0,2.0397859513725,0,0,0,0,0,0,0,0,0,0,0,0,0,0,0,0,0,0
"CACTACCCACCATGAG-1","11",0,1.21681771081441,0,0,0,0,0,0,0,0,0,0,0,0,0,0,0,0,0,0,0,0,0,0,0,2.55584102359418,1.21681771081441,0,1.21681771081441,0,0,0,0,0,0,0,0,0,0,0,0,0,0,0
"CACTACTTCGACCATA-1","1",1.99547047856311,0,0.491989098855748,0,0,0,0,0,0,0,0,0,0,0,0,0,0,0,0,0,0,0.820278640603925,1.42979231952977,0,0,2.15487311224045,0.491989098855748,0.491989098855748,0,1.06701802786985,0,0,0,0.820278640603925,0,0,0,0,0,0,0,0,0,0
"CACTACTTCTATCACC-1","0",2.89744665703219,0,0,0,0,0,0,0,0,0,0,0,0,0,0,0,0,0,0,0,0,0,0,0,0,0,0,0,0,0.840498967341928,0,0,0,0,0,0,0,0,0,0,0,0,0,0
"CACTATGAGGTACAGG-1","6",0,0,0,0,0,0,0,0,0,0,0,0,0,0,0,0,0,0,0,0,0,0,0,0,0,0,0,0,0,0,0,0,0,0,0,0,0,0,0,0,2.24974984717413,0,0,2.619440756893
"CACTCAAAGATTGCCA-1","0",1.63520791060614,0,0.97539319085599,0,0,0,0,0,0,0,0,0,0,0,0,0,0,0.602185236888185,0,0,0,0.97539319085599,1.24654790809193,0,0.602185236888185,2.02931064021416,0,0.602185236888185,0.602185236888185,0,0,0,0,0,0,0.602185236888185,0,0,0,0,0,0,0,0.97539319085599
"CACTCAAAGGTCGATC-1","6",1.27647372728505,0,0,0,0,0,0,0,0,0,0,0,1.81936793330905,0,0,0,0,0,0,0,0,0,0,0,0,1.27647372728505,0,0,1.27647372728505,0,0,0,0,1.27647372728505,0,0,0,0,0,0,1.27647372728505,0,0,3.80505338649801
"CACTCCATCAGTAGTT-1","2",1.97065583551951,0,0,0,0,0,0,0,0,0,0,0,0,0,0,0,0,0.707656477703205,0,0,0,0.707656477703205,0,0,1.11791161014963,1.81582598005142,1.11791161014963,0.707656477703205,0.707656477703205,0.707656477703205,0,0,0,0,0.707656477703205,0,0,0,0,0,0,0,0,0
"CACTCCATCGCGCAAT-1","13",3.36498146058314,0,0,0,0,0,0,0,0,0,0,0,0,0,0,0,0,0,0,0,0,0,0,0,0,2.70581306370385,0,0,0,0,0,0,0,0,0,0,0,0,0,0,0,0,0,0
"CACTCCATCTAGTAAC-1","0",1.77832204363644,0,0,0,0,0,0,0,0,0,0,0,0,0,0,0,0,0.436095951220696,0,0,0,0.970768149610124,1.15896354452784,0,0,2.3832272618431,0.970768149610124,0.970768149610124,0.970768149610124,1.15896354452784,0,0,0,0,0,0,0,0,0,0,0,0,0,0
"CACTCCGCAACCGTCT-1","0",1.62345053729615,0,0.517856480203151,0,0,0,0,0,0,0,0,0,0,0,0,0,0,0.517856480203151,0,0,0,0,1.47981436173691,0,0.517856480203151,2.28437414267679,0.857326874051768,1.11030306930079,0.517856480203151,1.47981436173691,0,0,0,0,0,0,0,0,0,0,0,0,0,0.517856480203151
"CACTGCCTCCCCTTGA-1","0",1.51731950072689,0,0,0,0,0,0,0,0,0,0,0,0,0,0,0,0,0,0,0,0,0.782376143562508,0.782376143562508,0,0,1.74861667263088,0,0.782376143562508,0,0,0,0,0.782376143562508,0,0,0,0,0,0,0,0,0,0,0.782376143562508
"CACTGGACACATGCTC-1","4",2.0735220905054,0,0,0,0,0,0,0,0,0,0,0,0,0,0,0,0,0.48984994286852,0,0,0,0.817196142140557,0.817196142140557,0,0.48984994286852,2.65840447858137,0.48984994286852,0,0,1.99070772438082,0,0,0,0,0,0,0,0.48984994286852,0,0,0,0,0,0.48984994286852
"CACTGGACAGGCAGAG-1","11",0,0,0,0,0,0,0,0,0,0,0,0,0,0,0,0,0,0,0,0,0,0,0,0,0,2.01066810647351,0,0,0,2.01066810647351,0,0,0,0,0,0,0,0,0,0,0,0,0,3.01577584790005
"CACTGGACAGGGCAGA-1","1",1.84254056115602,0,0.63415373164177,0,0,0,0,0,0,0,0,0,0,0,0,0,0,0,0,0,0,1.29644559971204,1.69141034761881,0,1.01915477462922,2.52657121469325,0.63415373164177,1.01915477462922,0.63415373164177,2.37394573933747,0,0,0,0,0,0,0,0,0,0,0,0,0,0
"CACTGGACATCCTTAG-1","0",1.20294711539271,0,0,0,0,0,0,0,0,0,0,0,0,0,0,0,0,0,0,0,0,1.20294711539271,1.73339425326688,0,1.20294711539271,1.73339425326688,1.20294711539271,0,0,2.53762406166727,0,0,0,0,1.20294711539271,0,0,0,0,0,0,0,0,1.20294711539271
"CACTTAGAGTTAATGC-1","8",1.36536507838226,0,0,0,0,0,0,0,0,0,0,0,0,0,0,0,0,0,0,0,0,0.67924310852913,2.0549810588936,0,0,1.921954887492,0,1.08003023083742,0.67924310852913,1.76847743915379,0,0,0,0,0,0,0,0,0,0,0,0,0,2.45926632390034
"CACTTCACACAAGCAT-1","11",1.99477519219445,0,0,0,0,0,0,0,0,0,0,0,0,0,0,0,0,0,0,0,0,1.65511853346191,0,0,1.13682291718166,3.09867241963406,0,0,0,0,0,0,0,0,0,0,0,0,0,0,0,0,0,1.99477519219445
"CAGCAAAGTATTGGCT-1","2",1.44375990464064,0,0,0,0,0,0,0,0,0,0,0,0,0,0,0,0,0.73182208805007,0,0,0,0,1.67061958112984,0,0,1.67061958112984,0,1.14985343655275,0,2.01132197677272,0,0,0,0,0.73182208805007,0,0,0,0,0,0,0,0,0
"CAGCAAAGTCAAGGCG-1","2",1.86344140780962,0,0.859284470795872,0,0,0,0,0,0,0,0,0,0,0,0,0,0,0,0,0,0,0,1.62617922418319,0,0,1.86344140780962,0,0,0.859284470795872,2.35425612406279,0,0,0,0,0,0,0,0,0,0,0,0,0,0
"CAGCACTAGCAATGAA-1","3",3.12564730923215,0,1.86309641273877,0,0,0,0,0,0,0,0,0,0,0,0,0,0,0,0,0,0,0,0,0,0,0,0,0,0,0,0,0,0,0,0,0,0,0,0,0,0,0,0,0
"CAGCATATCGATTAAC-1","10",0,0,0,0,0,0,0,0,2.57423016653601,0,0,0,0,0,0,0,0,0,0,0,0,0,0,0,0,0,0,0,0,0,0,0,0,0,0,0,0,0,0,0,0,0,0,2.57423016653601
"CAGCATTGTCCCGAGT-1","3",2.61057023192386,0,1.64909491989366,0,0,0,0,0,0,0,0,0,0,0,0,0,0,0.875783857890112,0,0,0,0.875783857890112,0,0,0,0,0.875783857890112,0,0,0,0,0,0,0,0,0,0,0,0,0,0,0,0,0.875783857890112
"CAGCCATAGGAGTAAC-1","9",3.24142075019526,0,0,0,0,0,0,0,0,0,0,0,0,0,0,0,0,2.58663650393941,0,0,0,0,0,0,0,0,0,0,0,0,0,0,0,0,0,0,0,0,0,0,0,0,0,0
"CAGCCTAGTAGCCATT-1","5",1.44820598132222,0,0,0,0,0,0,0,0,0,0,0,0,0,0,0,0,0,0,0,0,0,1.62321094339707,0,0,2.29782894816441,0,0.595461755952345,0.595461755952345,1.44820598132222,0,0,0,0,0,0,0,0,0,0,0,0,0,0.595461755952345
"CAGCCTAGTTGCTCCT-1","7",1.27331549884716,0,0,0,0,0,0,0,0,0,0,0,0,0,0,0,0,0,0,0,0,1.58083620284362,1.58083620284362,0,0,2.53187386059596,0,0,0.826951882886252,1.58083620284362,0,0,0,0,0,0,0,0,0,0,0,0,0,1.81569672602774
"CAGCGAGGTTAATTCG-1","8",1.15066499794682,0,0,0,0,0,0,0,0,0,0,0,0,0,0,0,0,0,0,0,0,1.15066499794682,1.44466720250658,0,0,2.01235061925175,0,0,0,1.67158374836585,0,0,0,0,0,0,0,0,0,0,0,0,0,1.67158374836585
"CAGCGAGGTTGTCACG-1","4",2.51488249850729,0,0.511948138316187,0,0,0,0,0,0,0,0,0,0,0,0,0,0,0,0,0,0,1.10048244684075,0.848901067143419,0,0,1.46849463343264,0,0,0.511948138316187,1.73691074295743,0,0,0,0,0,0,0,0,0,0,0,0,0,0
"CAGCGGTCAAGTTACA-1","1",1.98339131731591,0,0,0,0,0,0,0,0,0,0,0,0,0,0,0,0,0,0,0,0,1.30454346239692,1.02628192757566,0,0,2.53681567065433,0.639395763816753,1.30454346239692,1.02628192757566,1.70049844167921,0,0,0,0.639395763816753,0,0,0,0,0,0,0,0,0,2.78628821373635
"CAGCGGTCACTTGGGA-1","4",2.07691689446631,0,0,0,0,0,0,0,0,0,0,0,0,0,0,0,0,0,0,0,0,0.873786347614925,1.1294481032945,0,0,1.64632840845717,0,0,0,2.49878697695378,0,0,0,0,0,0,0,0,0,0,0,0,0,1.1294481032945
"CAGCTAATCTGTAACG-1","4",1.82332999942482,0,0,0,0,0,0,0,0,0,0,0,0,0,0,0,0,0,0,0,0,1.27988398796225,1.0808443265844,0,0.832087589105086,1.71260611304887,0,0,0.500202775007934,1.44580733477497,0,0,0,0.500202775007934,0,0,0,0,0,0,0,0,0,1.82332999942482
"CAGGAGGCAACCGGAC-1","2",0,0,0,0,0,0,0,0,0,0,0,0,0,0,0,0,0,0,0,0,0,0.879395712479259,1.65409187902948,0,0,2.61629957005358,0,0.879395712479259,0,2.08532623654161,0,0.879395712479259,0.879395712479259,0,1.33995889840607,0,0,0,0,0,0,0,0,0
"CAGGATAGTCAGCTTG-1","5",2.20160479698361,0,0,0,0,0,0,0,0,0,0,0,0,0,0.764770485520289,0,0,0,0,0,0,0,0.764770485520289,0,0,2.06572378647646,1.19301369561876,1.19301369561876,0,1.72169545707919,0,0,0,0,0,0,0,0,0,0,0,0,0,0
"CAGGATAGTCATGGAA-1","8",2.00175680724279,0,0.726102203895433,0,0,0,0,0,0,0,0,0,0,0.726102203895433,0,0,0,0,0,0,0,0,1.66165694123613,0,0.726102203895433,1.84609621411697,0.726102203895433,0.726102203895433,0.726102203895433,1.66165694123613,0,0,0,0,1.14231531894381,0,0,0,0,0,0,0,0,2.13641914057746
"CAGGCCATCATGTCCT-1","4",2.06042627556635,0,0,0,0,0,0,0,0,0,0,0,0,0,0,0,0,0,0,0,0,0.808852509256555,1.5551907939815,0,0.484069863178083,2.20768578767335,0,0.484069863178083,0.808852509256555,1.25009083721803,0,0,0,0,0,0,0,0,0,0,0,0,0,0.484069863178083
"CAGGCCATCCTCAGTT-1","4",1.69831446691259,0,0,0,0,0,0,0,0,0,0,0,0,0,0,0,0,0,0,0,0,1.09337320247543,1.78520631147058,0,0.402848996010918,2.07255959604377,0.689220441413874,0.689220441413874,0.689220441413874,1.60314770716862,0,0,0,0.402848996010918,0,0,0.402848996010918,0,0,0,0,0,0,0.402848996010918
"CAGGCGAGTGAGGAAG-1","3",2.43128116281213,0,0,0,0,0,0,0,0,0,0,0,0,0,0,0,0,0,0,0,0,0,0,0,0,0,0,0,0,0,0,0,0,0,0,0,0,0,0,0,0,0,0,0
"CAGGCGAGTTGGAGCG-1","2",2.02785304092063,0,0,0,0,0,0,0,0,0,0,0,0,0,0,0,0,0,0,0,0,0,2.02785304092063,0,0,2.02785304092063,0,0,0,2.48459504050685,0,0,0,0,0,0,0,0,0,0,0,0,0,0
"CAGGCGAGTTTGGGAA-1","0",1.81548135419864,0,0.998673213593908,0,0,0,0,0,0,0,0,0,0,0,0,0,0,0,0,0,0,1.81548135419864,1.48825403874962,0,0.998673213593908,2.42374604759705,0.998673213593908,1.81548135419864,0,0,0,0,0,0,0,0,0,0,0,0,0,0,0,0
"CAGGCTTAGATAGCCC-1","1",1.53879714164537,0,0,0,0,0,0,0,0,0,0,0,0,0,0,0,0,0,0,0,0,1.04009697868097,2.11841770637128,1.04009697868097,0,0,0,1.04009697868097,0,2.11841770637128,0,0,0,0,0,0,0,0,0,0,0,0,0,0
"CAGGGATGTCCATATA-1","1",1.87030601212893,0,0,0,0,0,0,0,0,0,0,0,0,0,0,0,0,0.741011411471657,0,0,0,1.45725813051501,1.45725813051501,0,0,2.16175801784765,1.68495824224465,0,0.741011411471657,1.87030601212893,0,0,0,0,0.741011411471657,0,0,0,0,0,0,0,0,1.87030601212893
"CAGGGATGTGAGCCCT-1","0",2.1605120517419,0.82385220846364,0,0,0,0,0,0,0,0,0,0,0,0,0,0,0,0,0,0,0,0.82385220846364,0,0,0,1.81108037556683,1.26934649535323,0,0.82385220846364,0.82385220846364,0,0,0,0,0,0,0.82385220846364,0,0,0,0,0,0,0
"CAGGGCTCAAACCCAG-1","5",1.70615679695467,0,0,0,0,0,0,0,0,0,0,0,0,0,0,0,0,0,0,0,0,1.527403801427,1.70615679695467,0,1.03072642361444,2.1056458570691,1.03072642361444,0,0,2.79278106167088,0,0,0.642669693914692,0,0.642669693914692,0,0,0,0,0,0,0,0,0
"CAGGGCTCAAATGGCT-1","0",1.57854159070319,0,0,0,0,0,0,0,0,0,0,0,0,0,0,0,0,0,0,0,0,0.825326893707695,1.57854159070319,0,0,1.7027814085002,0.495496780991919,1.07293210036198,0.495496780991919,0.825326893707695,0,0,0,0,0,0,0,0,0,0,0,0,0,0.495496780991919
"CAGGGCTCAGCCAATG-1","2",2.10358995328863,0,0,0,0,0,0,0,0,0,0,0,0,0,0,0,0,0,0,0,0,0,2.20772273519066,0,0,3.03436298607593,0,0,0.641560340853045,1.70424100527851,0,0,0,0,0,0,0,0,0,0,0,0,0,0
"CAGGGGACACGCCATT-1","2",2.25368128600388,0,0,0,0,0.883955351231219,0,0,0,0,0,0,0,0,0,0,0,0,0,0,0,1.89939013342042,1.34570908100481,0,0,2.39271659731992,0,0,0,1.34570908100481,0,0,0,0,0,0,0,0,0,0,0,0,0,0
"CAGGGGACAGGTAATC-1","1",1.26056744404993,0,0,0,0,0,0,0,0,0,0,0,0,0,0,0,0,0.40911477788694,0,0,0,0.698616702317617,1.26056744404993,0,0.40911477788694,2.20692758502204,0.698616702317617,0.40911477788694,0.922850577244352,2.14969816803354,0,0,0,0,0.698616702317617,0,0,0,0,0,0,0,0,0.922850577244352
"CAGGGGTAGCAAGCTC-1","10",0,0,0,0,0,0,0,2.10850143483545,0,0,0,0,0,0,0,0,0,0,0,0,0,0,0,3.39931427833173,0,0,0,0,0,0,0,0,0,2.73901772124583,0,0,0,0,0,0,0,0,0,0
"CAGGTGAAGTAGGACG-1","4",2.09012387441542,0,0,0,0,0,0,0,0,0,0,0,0,0,0,0,0,0.634320100743818,0,0,0,0,0.634320100743818,0,0,2.19407031153714,0,0,0,0,0,0,0,0,0.634320100743818,0,0.634320100743818,0,0,0,0,0,0,0.634320100743818
"CAGTAAGGTATAGTCC-1","4",2.06935725563127,0,0,0,0,0,0,0,0,0,0,0,0,0,0,0,0,0.687397189502,0,0,0,0.687397189502,0.687397189502,0,0,1.60022198957559,0,0,1.09093826318016,1.93603268455258,0,0,0,0.687397189502,0,0,0,0,0,0,0,0,0,1.37765692841824
"CAGTACGCATCGCGTT-1","1",1.7366353804034,0,0,0,0,0,0,0,0,0,0,0,0,0,0,0,0,0.51181424138512,0,0,0,0.51181424138512,1.9480274199031,0,0,2.33760589154486,0.51181424138512,0,0.848709872261362,1.84790685485047,0,0,0,0.51181424138512,0,0,0.51181424138512,0,0,0,0,0,0,1.10025944213672
"CAGTACGCATGATCCC-1","5",2.04080495389077,0,0,0,0,0,0,0,0,0,0,0,0,0,0,0,0,1.64586654348026,0,0,0,0.608188396258493,1.25598658244779,0,0,2.96610809164301,0,0.608188396258493,0,1.92566399943831,0,0,0,0.608188396258493,0.608188396258493,0,0,0,0,0,0,0,0,0
"CAGTACGCATGTCGTC-1","0",1.37082116697759,0,0.903931389427313,0,0,0,0,0,0,0,0,0,0,0,0,0,0,0,0,0,0,1.37082116697759,0,0,0,2.75320952864464,0,0,0,1.68785629928429,0,0,0,0,0,0,0,0,0,0,0,0,0,0
"CAGTAGGAGGGTGAAT-1","2",2.04260362659732,0,0,0,0,0,0,0,0,0,0,0,0,0,0,0,0,0,0,0,0,0,1.47140024039529,0,0.750681444921423,2.17805329825028,0,0,0.750681444921423,1.88588950381895,0,0,0,0,0.750681444921423,0,0,0,0,0,0,0,0,0
"CAGTAGGAGTAGGCAG-1","2",2.19686910077171,0,0,0,0,0,0,0,0,0,0,0,0,0,0,0,0,0,0,0,0,0.847069354245107,0,0,0,1.60911798921294,0,0,0.847069354245107,0.847069354245107,0,0,0,0,1.60911798921294,0,0,0,0,0,0,0,0,0
"CAGTAGGAGTATCTGG-1","7",2.02096110734024,0,0,0,0,0,0,0.969411842596071,0,0,0,0,0,0,0,0,0,0.969411842596071,0,0,0,0.969411842596071,2.21724144582638,0.969411842596071,0,2.21724144582638,0,0.969411842596071,0,2.21724144582638,0,0,0,0.969411842596071,0,0,0,0,0,0,0,0,0,0
"CAGTAGGAGTGGCCTG-1","9",2.51371580201483,0,0,0,0,0,0,0,0,0,0,0,0,0,0,0,0,0,0,0,0,0,0,0,0,0,0,0,0,0,0,0,0,0,0,0,0,0,0,0,0,0,0,0
"CAGTAGTCACTTGCTA-1","1",1.91439793350374,0,0,0,0,0,0,0,0,0,0,0,0,0,0,0,0,0,0,0,0,0.543983802490221,1.6746899999433,0,0,2.26947089584796,0.543983802490221,0.894336883874707,1.35877590764046,2.26947089584796,0,0,0,0,0,0,0,0,0,0,0,0,0,0
"CAGTAGTCATCACGCT-1","1",2.06726987900313,0,0.524918859878589,0,0,0,0,0,0,0,0,0,0,0,0,0,0,0,0,0,0,1.1219918671584,1.1219918671584,0,0,1.63742852249022,0,0,0.524918859878589,2.82597538178869,0,0,0,0,0,0,0,0,0,0,0,0,0,0.524918859878589
"CAGTATTAGCATGCGT-1","0",2.18089481098547,0,0,0,0,0,0,0,0,0,0,0,0,0,0,0,0,0,0,0,0,0.944234683245289,0.944234683245289,0,0,1.42110397247588,0,0.944234683245289,0,0,0,0,0,0,0,0,0,0,0,0,0,0,0,0
"CAGTATTAGCTTAACG-1","5",2.43507427604012,0,0.713766467762681,0,0,0,0,0,0,0,0,0,0,0,0,0,0,0,0,0,0,1.12601126285622,2.11525099437655,0,0,2.60268968544438,0.713766467762681,1.12601126285622,0,1.41706601978664,0,0,0,0,0,0,0,0,0,0,0,0,0,0.713766467762681
"CAGTCAATCACTTCCG-1","7",2.14827038255578,0,0.48909229207246,0,0,0,0,0,0,0,0,0,0,0,0,0,0,0.48909229207246,0,0,0,0.48909229207246,1.89874621673644,0,0,2.0718109380617,0,0,0.48909229207246,1.42411412445759,0,0,0,0,0,0,0,0,0,0,0,0,0,1.06212314292457
"CAGTCAATCGATCACA-1","4",2.08092372210344,0,0,0.431376051910981,0,0,0,0,0,0,0,0,0,0,0,0,0,0,0,0,0,0.731766102848511,1.30748695630875,0,0.731766102848511,1.30748695630875,0,0.962457640160746,0.431376051910981,2.2072425502065,0,0,0,0,0.731766102848511,0,0,0,0,0,0,0,0,1.85531989622198
"CAGTCAATCGATTGGC-1","0",1.21525886071253,0,0,0,0,0,0,0,0,0,0,0,0,0,0,0,0,1.21525886071253,0,0,0,0.948090804145707,0.582432842808156,0,0,1.87682371695796,0.582432842808156,0.582432842808156,0.582432842808156,0,0,0,0,0.582432842808156,0,0,0,0,0,0,0,0,0,0
"CAGTCCCTCCGCACCT-1","6",0,0,0,0,0,0,0,0,0,0,0,0,0,0,0,0,0,0,0,0,0,0,0,0,0,0,0,0,0,0,0,0,0,0,0,0,0,0,0,0,2.67760030638204,0,0,5.17700677491214
"CAGTCCCTCCTTCAGT-1","0",1.85949193184513,0,0,0,0,0,0,0,0,0,0,0,0,0,0.573436083267159,0,0,0,0,0,0,0.935586104968916,1.58345672025256,0,0.573436083267159,2.33139030832949,0.573436083267159,0,0.573436083267159,0,0,0,0,0,0,0,0.573436083267159,0,0,0,0,0,0,0.573436083267159
"CAGTCCCTCGAAGTCC-1","5",2.56384238031827,0,0,0,0,0,0,0,0,0,0,0,0,0,0,0,0,0,0,0,0,0.692547720056431,1.60847860306323,0,0,2.30150580521914,0.692547720056431,0,0.692547720056431,1.38539503555341,0,0,0.692547720056431,0,0,0,0,0,0,0,0,0,0,1.60847860306323
"CAGTCCTCATGACGTG-1","0",2.59182737527617,0,0,0,0,0,0,0,0,0,0,0,0,0,0,0,0,0,0,0,0,1.32051966099103,0,0,0,1.63277366134859,0.86402163372642,0,0.86402163372642,1.87037568082031,0,0,0,0,0,0,0,0,0,0,0,0,0,0
"CAGTGTTGTTCTGGTG-1","2",2.34030317626279,0,0,0,0,0,0,0,0,0,0,0,0,0,0,0,0,0.661882720306253,0,0,0,1.05670528799042,1.33902331277977,0,0,1.55893456990057,0,0.661882720306253,0.661882720306253,1.33902331277977,0,0,0,0,0,0,0,0,0,0,0,0,0,0
"CAGTTAACACCTTGGT-1","11",0,0,0,0,0,0,0,0,0,0,0,0,0,0,1.32304059743168,0,0,1.87328444292206,0,0,0,0,0,0,0,1.32304059743168,0,0,0,0,0,0,0,0,0,0,0,0,0,0,0,0,0,0
"CAGTTAACAGGTTCCT-1","10",0,0,0,0,0,0,0,1.84045709961207,0,1.84045709961207,1.84045709961207,0,0,0,0,0,0,0,1.84045709961207,0,0,0,0,2.45090458687554,0,0,0,0,0,0,0,0,0,0,0,0,0,0,0,0,0,0,0,0
"CAGTTAACATGACGTG-1","6",1.47850581878633,0,0,0,0,0,0,0,0,0,0,0,0,0,0,0,0,0,0,0,0,1.47850581878633,0,0,0,2.41226070108317,0,0,0,1.47850581878633,0,0,0,0,0,0,0,0,0,0,1.47850581878633,0,0,3.7289805657654
"CAGTTACGTCTAGCGC-1","0",2.12846078679514,0,0,0,0,0,0,0,0,0,0,0,0,0,0,0,0,0,0,0,0,0,0,0,0,1.93463823047525,0.908413749777112,0,1.69399129941389,0.908413749777112,0,0,0,0,0,0,0,0,0,0,0,0,0,0
"CAGTTAGTCGACCTAA-1","0",0.928306999357571,0,0,0,0,0,0,0,0,0,0,0,0,0,0,0,0,0.568213544549532,0,0,0,0.568213544549532,1.19250717142989,0,0,2.15768756831102,0.928306999357571,0.928306999357571,0.568213544549532,0,0,0,0,0.568213544549532,0,0,0,0,0,0,0,0,0,0.928306999357571
"CAGTTATAGGTCACAC-1","0",0,0,0,0,0,0,0,0,0,0,0,0,0,0,0,0,0,0,0,0,0,0,1.84882702090996,0,0,1.84882702090996,0,0,0,2.096358303108,0,0,0,0,0,1.02393231919862,0,0,0,0,0,0,0,0
"CAGTTATAGTCGAGTC-1","0",1.26031397341459,0,0.816808140604734,0,0,0,0,0,0,0,0,0,0,0,0,0,0,0,0,0,0,0.816808140604734,0,0,0,1.56648715885048,0,0.816808140604734,0.816808140604734,0.816808140604734,0,0,0,0,0,0.816808140604734,0,0,0,0,0,0,0,0
"CAGTTTAGTAACGCAA-1","3",3.28053488445769,0,0,0,0,0,0,0,0,0,0,0,0,0,1.34633979900985,0,0,0,0,0,0,0,0,0,0,1.34633979900985,0,0,0,0,0,0,0,0,0,0,0,0,0,0,0,0,0,1.34633979900985
"CAGTTTAGTAGTAACG-1","12",2.20688260009458,0,0,0,0,0,0,1.61813431960429,0,0,0,0,0,0,0,0,0,0,0,0,0,1.61813431960429,0,1.61813431960429,1.61813431960429,0,0,0,0,0,1.61813431960429,0,0,0,0,0,0,0,0,0,0,0,0,0
"CAGTTTAGTATGGACA-1","4",1.42256965587746,0,0,0,0,0,0,0,0,0,0,0,0,0,0,0,0,0,0,0,0,0.641517752511125,1.17816368595162,0,0,1.5255008913415,0,0.641517752511125,0.371343343693682,0.641517752511125,0,0,0,0,0,0,0,0,0,0,0,0,0,1.5255008913415
"CAGTTTAGTCTTACCC-1","2",2.11378669988381,0.712917181960949,0,0,0,0,0,0,0,0,0,0,0,0,0,0,0,0,0,0,0,0.712917181960949,1.97956604818547,0,0.712917181960949,2.23210549767462,0,0,0.712917181960949,1.82449561662633,0,0,0,0,0.712917181960949,0,0,0,0,0,0,0,0,0
"CAGTTTAGTGGCCAGA-1","8",1.2967673203861,0,0,0,0,0,0,0,0,0,0,0,0,0,0,0,0,0,0,0,0,0,2.03387332734529,0,0,1.84291323753895,0,0,0,2.45357219991127,0,0,0,0,1.2967673203861,0,0,0,0,0,0,0,0,1.2967673203861
"CAGTTTAGTTCGTGAT-1","11",1.9018098250742,0,0,0,0,0,0,0,0,0,0,0,0,0,0,0,0,0,0,0,0,0,0,0,0,1.34781411449433,0,0,1.34781411449433,0,0,0,0,0,0,0,0,0,0,0,0,0,0,0
"CAGTTTGAGCCACACG-1","3",2.65068011372402,0,0,0,0,0,0,0,0,0,0,0,0,0,0,0,0,0,0,0,0,0,1.68415373591483,0,0,1.68415373591483,0,0,0,0,0,0,0,0,0,0,0,0,0,0,0,0,0,0
"CAGTTTGAGCGGTACT-1","2",2.05102057294429,0,0,0,0,0,0,0,0,0,0,0,0,0,0,0,0,0.755795859475524,0,0,0,1.18130101692813,1.89409452062965,0,0,1.18130101692813,0,0,1.47885449742641,1.70787445616151,0,0,0,0,0,0,0,0,0,0,0,0,0,0
"CAGTTTGAGTTACCAG-1","0",2.26398617880286,0,0,0,0,0,0,0,0,0,0,0,0,0,0,0,0,0,0,0,0,0,0.57872376662217,0,0,2.41492098889458,1.86969586473279,0,0,0,0,0,0,0,0,0,0,0,0,0,0,0,0,0
"CATAAGCCAAGCTGTG-1","11",2.25546304997313,1.34718181177226,0,0,0,0,0,0,0,0,0,0,0,0,0,0,0,1.90108308640178,0,0,0,0,0,0,0,2.72345424175503,0,0,0,0,0,0,1.34718181177226,0,0,0,0,0,0,0,0,0,0,1.34718181177226
"CATAAGCCACTAGGCA-1","11",1.35866849729655,1.35866849729655,0,0,0,0,0,0,0,0,0,0,0,0,0,0,0,1.35866849729655,0,0,0,0,1.35866849729655,0,0,1.35866849729655,1.35866849729655,0,1.35866849729655,0,0,0,0,0,0,0,0,0,0,0,0,0,0,1.35866849729655
"CATAAGGGTGCGTAGG-1","0",1.99253812690354,0,0.583201523283046,0,0,0,0,0,0,0,0,0,0,0,0,0,0,0,0,0,0,0.583201523283046,0,0,0.583201523283046,2.27309675541153,0.94915717424283,0.583201523283046,0,0.583201523283046,0,0,0,0.583201523283046,0,0,0,0,0,0,0,0,0,0
"CATACAACAAGCTAAC-1","1",1.97541865283057,0,0.483020870953529,0,0,0,0,0,0,0,0,0,0,0,0,0,0,0,0,0,0,1.41216157106139,1.67648817962451,0,0.80733597418721,1.78636325008158,0,1.24813942289712,0.483020870953529,2.27145476345521,0,0,0,0,0,0.483020870953529,0,0,0,0,0,0,0,0.80733597418721
"CATACCAAGCTAGTGC-1","2",1.96111443169521,0.79815952275057,0,0,0,0,0,0,0,0,0,0,0,0,0,0,0,0,0,0,0,0,0.79815952275057,0,0,2.48432629331066,0.79815952275057,0,0.79815952275057,1.5399476131621,0,1.23631334835206,0,0,0,0,0,0,0,0,0,0,0,0
"CATACCAAGCTGGGTT-1","0",1.36548923081856,0.348404761365802,0,0,0,0,0,0,0,0,0,0,0,0,0.348404761365802,0,0,0.606287357758806,0,0,0,0.606287357758806,1.36548923081856,0,0.348404761365802,2.39819835821016,0.606287357758806,0.606287357758806,0.348404761365802,0.606287357758806,0,0,0,0.348404761365802,0,0.348404761365802,0.348404761365802,0,0,0,0,0,0,0
"CATACCAAGGCACATC-1","0",2.37968679418907,0,0,0,0,0,0,0,0,0,0,0,0,0,0,0,0,0,0,0,0,0,1.77508109139388,0,0.799842262284023,2.7538058517078,1.23848431451151,0,0.799842262284023,0,0,0,0,0,0,0,0,0,0,0,0,0,0,0
"CATACCTTCAGCTCAA-1","0",2.76290858237279,0,0,0,0,0,0,0,0,0,0,0,0,0,0,0,0,0,0,0,0,0,1.68016304684143,0,0,1.83093483764799,0,0,0.627694201902763,1.28643494431144,0,0,0,0,0,0,0,0,0,0,0,0,0,0
"CATACTGAGTAATTGC-1","3",3.15279728936527,1.7011574241077,0,0,0,0,0,0,0,0,0,0,0,0,0,0,0,0,0,0,0,0,0,0,0,0,0,0,0,0,0,0,0,0,0,0,0,0,0,0,0,0,0,0
"CATACTTCAAACTGAC-1","5",2.185693342047,0,0,0,0,0,0,0,0,0,0,0,0,0,0,0,0,0,0,0,0,0,1.83490568878249,0,1.01336218407497,2.58655536287398,1.01336218407497,0.629900562411216,0.629900562411216,2.08186249229072,0,0,0,0,0,0,0,0,0,0,0,0,0,0.629900562411216
"CATAGAGGTCTAGCTG-1","5",1.70575109108411,0,0,0,0,0,0,0,0,0,0,0,0,0,0,0,0,0,0,0,0,0.754420916490909,1.47685223152808,0,0,2.50665168291622,1.17950375313718,0,1.47685223152808,1.70575109108411,0,0,0,0,0.754420916490909,1.17950375313718,0,0,0,0,0,0,0,0.754420916490909
"CATAGAGGTGAGAGTC-1","0",2.17013389823384,0,0,0,0,0,0,0,0,0,0,0,0,0,0,0,0,0,0,0,0,0,0,0,0,1.58508956647436,0,0,1.07836339304084,1.9197997381822,0,0,0,0,0,0,0,0,0,0,0,0,0,0
"CATAGAGGTTTGCCTC-1","2",1.3836004208526,0,0,0,0,0,0,0,0,0,0,0,0,0,0,0,0,0,0,0,0,1.09621803373346,1.09621803373346,0,0,1.94283076705989,0,0,1.3836004208526,1.09621803373346,0,0,0,0.691352026991195,0,0,0,0,0,0,0,0,0,0
"CATAGATTCATGCCAA-1","1",1.71965486669098,0,0,0,0,0,0,0,0,0,0,0,0,0,0,0,0,0,0,0,0,0,0.567451805056141,0,0,2.06355375722498,0.567451805056141,1.39996735657037,0.927244043409738,2.31897039573638,0,0,0,0,0,0,0,0,0,0,1.19128283468063,0,0,0
"CATAGATTCGATCACA-1","4",1.81958447016452,0,0.498446395670853,0,0,0,0,0,0,0,0,0,0,0,0,0,0,0,0,0,0,0.829565974675939,1.70894519794595,0,0.498446395670853,1.5845242880872,1.07789427742859,0.829565974675939,0.829565974675939,1.91919300204684,0,0,0,0,0,0,0,0,0,0,0,0,0,2.009772279324
"CATAGGCTCAGTGCTA-1","7",0.937094407463986,0,0,0,0,0,0,0,0,0,0,0,0,0,0,0,0,0,0,0,0,0,1.58542896610621,0,0,2.33363052824106,0,0.937094407463986,0.574519587154053,2.17051203719344,0,0,0,0.574519587154053,0,0,0,0,0,0,0,0,0,1.2026211693412
"CATAGGTCAAGCACAT-1","7",1.89553501908368,0,0,0,0,0,0,0,0,0,0,0,0,0,0,0,0,0,0,0,0,1.05965297925439,1.56250123311979,0,0,2.24962334392318,0,0.664070916478436,0.664070916478436,2.14493407592794,0,0,0,0,0,0,0,0,0,0,0,0,0,1.56250123311979
"CATAGTTAGCTTAACG-1","2",1.47963973196381,0,0.75633531033843,0,0,0,0,0,0,0,0,0,0,0,0,0,0,0,0,0,0,0.75633531033843,1.89495848253636,0,0,1.89495848253636,1.18200595571518,0,1.18200595571518,1.47963973196381,0,0,0,0,0.75633531033843,0,0,0,0,0,0,0,0,0
"CATAGTTAGGTATATC-1","0",1.87014347759628,0,0,0,0,0,0,0,0,0,0,0,0,0,0,0,0,0.863862835252505,0,0,0,1.32031845961189,0,0,0,2.36143382682417,1.87014347759628,0,0,0.863862835252505,0,0,0,0,0,0,0,0,0,0,0,0,0,0.863862835252505
"CATAGTTAGTTAGCAT-1","0",2.54645169005638,0,0,0,0,0,0,0,0,0,0,0,0,0,0,0,0,0.609833144556316,0,0,0,0.985909580070354,0.609833144556316,0,0.985909580070354,2.40527633478229,0.985909580070354,0,0.985909580070354,1.64877817459696,0,0,0,0,0,0,0,0,0,0,0,0,0,0.609833144556316
"CATATCCTCGCTCAGG-1","4",2.35947050418985,0,0.303810886361054,0,0,0,0,0,0,0,0,0,0,0,0,0,0,0.303810886361054,0,0,0,0.536508318309395,1.02067377478929,0,0,1.34549899220371,0,0.536508318309395,1.02067377478929,1.66016018326775,0,0,0,0,0,0,0,0,0,0,0,0,0,1.43392075888555
"CATATCTCAAATCGAC-1","3",2.95511252395302,0,0,0,0,0,0,1.95557205996705,0,0,0,0,0,0,0,0,0,0,0,0,0,0,0,0,0,0,0,0,0,0,0,0,0,0,0,0,0,0,0,0,0,0,0,0
"CATATCTCAGGGCTTA-1","2",3.05769676347548,0,0,0,0,0,0,0,0,0,0,0,0,0,0,0,0,0,0,0,0,0,0.855223264956683,0,0,1.30935900574284,0,0,0,1.6205159746937,0,0,0,0,0.855223264956683,0,0,0,0,0,0,0,0,0
"CATATGGTCGACATAT-1","6",0,0,0,0,0,0,0,0,0,0,0,0,0,0,0,0,0,0,0,0,0,0,0,0,0,1.61264561366087,0,0,0,0,0,0,0,0,0,0,0,0,0,0,0,0,0,3.50039436339602
"CATATTCCAATGCCGA-1","13",2.08347698886162,0,0,0,0,0,0,0,0,0,0,0,0,0,0,0,0,0,0,0,0,0,0,0,0,0,0,0,0,0,0,0,0,0,0,0,0,0,0,0,0,0,0,0
"CATATTGGTTCTGTCC-1","7",1.22312640619563,0,0,0,0,0,0,0,0,0,0,0,0,0,0,0,0,0,0,0,0,0,2.23988797976781,0,0.787955877709421,2.46725791747473,0,0.787955877709421,0,2.46725791747473,0,0,0.787955877709421,0,0,0,0,0,0,0,0,0,0,1.75709694860371
"CATCAATAGTCGAGAG-1","10",0,0,0,0,0,0,0,0,0,0,0,0,0,0,0,0,0,2.9539628606777,0,0,0,0,0,0,0,0,0,0,0,0,0,0,0,0,0,0,0,0,0,0,0,0,0,0
"CATCACAAGCAGGTCT-1","3",3.33186707133279,1.70446178781307,0,0,0,0,0,0,0,0,0,0,0,0,0,0,0,2.67382284830196,0,0,0,0,0,0,0,0,0,0,0,0,0,0,0,0,0,0,0,0,0,0,0,0,0,0
"CATCACTTCCGTGCGA-1","10",0,0,0,0,1.77447081929978,0,0,1.77447081929978,0,1.77447081929978,1.77447081929978,0,0,0,0,0,0,0,0,0,0,0,0,1.77447081929978,0,0,0,0,0,0,0,0,0,0,0,0,2.37902000452688,0,0,0,0,0,0,0
"CATCAGGCAACTGGGC-1","3",2.16434681195223,0,0,0,0,0,0,0,0,0,0,0,0,0,0,0,0,0,0,0,0,0,0,0,0,1.40697028361965,0,0,0,0,0,0,0,0,0,0,0,0,0,0,0,0,0,0
"CATCAGGCAGTTAGTA-1","0",1.09330723643842,0,0,0,0,0,0,0,0,0,0,0,0,0,0,0,0,1.09330723643842,0,0,0,0,1.93908418398491,0,1.60306846414862,2.19014490174816,0,0,0,1.09330723643842,0,0,0,0,0,0,0,0,0,0,0,0,0,0
"CATCATTCAATAGTGC-1","3",2.77776009383232,1.79635756285368,0,0,0,0,0,0,0,0,0,0,0,0,0,0,0,0,0,0,0,0,0,0,0,0,0,0,0,0,0,0,0,0,0,0,0,0,0,0,1.79635756285368,0,0,0
"CATCCAAAGCAAGGAT-1","0",1.11763460137721,0,0,0,0,0,0,0,0,0,0,0,0,0,0,0,0,0,0,0,0,0,0,0,1.11763460137721,2.42374604759705,0,1.11763460137721,0,0,0,0,0,0,0,0,0,0,0,0,0,0,0,0
"CATCCAAAGGTTCGAC-1","3",2.93632827767813,0,0,0,0,0,0,0,0,0,0,0,0,0,0,0,0,0,0,0,0,0,0,0,0,1.93857473574708,0,0,0,0,0,0,0,0,0,0,0,0,0,0,0,0,0,0
"CATCCACCAAATGGGA-1","6",1.86539945915656,0,0,0,0,0,0,0,0,0,0,0,0,0,0,0,0,1.31620919023433,0,0,0,0,0,0,0,1.31620919023433,0,0,0,0,0,0,0,0,0,0,0,0,0,0,0,0,0,4.59767491760392
"CATCCAGGTTGAGTTC-1","7",2.17194027344075,0,0,0,0,0,0,0,0,0,0,0,0,0,0,0,0,0,0,0,0,1.07970924690439,1.36500311544696,0,0,1.76807430247149,0,0.679003503867239,1.07970924690439,2.61262921721979,0,0,0,0,0,0,0,0,0,0,0,0,0,1.76807430247149
"CATCCCATCCAGGGTT-1","7",1.7921345676958,0,0,0,0,0,0,0,0,0,0,0,0,0,0,0,0,0,0,0,0,0.693372256524033,1.946295962555,0,0.916560816952596,2.19762467736656,0.693372256524033,0.916560816952596,1.09891237869737,2.3029901932619,0,0,0,0,0,0,0,0,0,0,0,0,0,0
"CATCCGCTCCATAGCA-1","3",2.43364984742239,0,1.82458284121735,0,0,0,0,0,0,0,0,0,0,0,0,0,0,0,0,0,0,0,0,0,0,0,0,0,0,0,0,0,0,0,0,0,0,0,0,0,0,0,0,0
"CATCCGGAGTACGGAG-1","9",0,0,0,0,0,0,0,0,0,0,0,0,0,0,0,0,0,0,0,0,0,0,0,0,0,0,0,0,0,0,0,0,0,0,0,0,0,0,0,0,0,0,0,2.47000541095191
"CATCGTCCAAGCTCCT-1","0",2.65653145351209,0,0,0,0,0,0,0,0,0,0,0,0,0,0,0,0,0,0,0,0,1.60423164253958,0,0,0,1.84034565411855,1.29455113314201,0.843581864073982,0,0,0,0,0,0,0,0,0,0,0,0,0,0,0,0
"CATCGTCCACCAACCT-1","12",2.0427009719033,0,0,0,0,0,0,0,0,0,0,0,0,0,0,0,0,3.05089391515557,0,0,0,0,0,0,0,0,0,0,0,0,0,0,0,0,0,0,0,0,0,0,0,0,0,2.0427009719033
"CATCGTCCACTTGGAG-1","2",1.63520791060614,0,0,0,0,0,0,0,0,0,0,0,0,0,0,0,0,0,0,0,0,0.70933108392792,1.9734956971021,0,0,2.51437989705173,0,0,1.12013314103208,1.63520791060614,0,0,0,0,0,0,0,0,0,0,0,0,0,0
"CATCGTTTCCGCCATC-1","1",1.73633010484191,0,0,0.354265786276222,0,0,0,0,0,0,0,0,0,0,0.615330403945256,0,0,0,0,0,0,1.48184799707529,1.80855218012457,0.82215663090069,0,2.25157368978494,0.82215663090069,0.615330403945256,0.354265786276222,2.5240164404407,0,0,0,0,0.354265786276222,0,0,0,0,0,0,0,0,1.13964852773062
"CATCTAAGTAGCGATA-1","0",2.47278396542478,0,0,0,0,0,0,0,0,0,0,0,0,0,0,0,0,0,0,0,0,0,1.15407260179942,0,0,1.15407260179942,0,0,1.15407260179942,0,0,0,0,0,0,1.67563051423948,0,0,0,0,0,0,0,0
"CATCTCACAAGTGAGA-1","2",2.06242108175424,0,0,0,0,0,0,0,0,0,0,0,0,0,0,0,0,0,0,0,0,0,1.48896246831141,0,0,1.71858985852962,0,0,0.762750087142832,1.48896246831141,0,0,0,0,0,0,0,0,0,0,0,0,0,0
"CATCTTGCAACCAACG-1","2",1.48366852514507,0,0,0,0,0,0,0,0,0,0,0,0,0,0,0,0,0,0,0,0,0.759105148351743,2.05645202345514,0,0,1.71297859137494,0,0,0.759105148351743,1.18562366565774,0,0,0,0,0,0,0,0,0,0,0,0,0,0
"CATCTTGCATCCACAC-1","1",2.37742189050071,0,0,0,0.501868932839612,0,0,0,0,0,0,0,0,0,0,0,0,0.834477892848759,0,0,0,0.501868932839612,0.834477892848759,0,0,2.17721074275495,0,0,0.501868932839612,2.49160860154196,0,0,0,0.501868932839612,0,0,0,0,0,0,0,0,0,1.92661803447802
"CATGAAGGTTGGTAGA-1","2",1.60922461322783,0,0,0,0,0,0,0,0,0,0,0,0,0,0,0,0,0.847145508453944,0,0,0,0,1.60922461322783,0,0,1.29908907764106,0.847145508453944,0,0.847145508453944,1.29908907764106,0,0,0,0,0.847145508453944,0,0,0,0,0,0,0,0,0
"CATGATTAGCTGGAAG-1","7",2.51685108634779,0,0.667381479127859,0,0,0,0,0,0,0,0,0,0,0,0,0,1.06410835100195,0,0,0,0,1.06410835100195,0.667381479127859,0,0,1.56788798915542,0.667381479127859,0.667381479127859,1.06410835100195,2.65940429380136,0,1.74844026495124,0,1.06410835100195,0.667381479127859,0,0,0,0,0,0,0,0,0
"CATGCCAGTTCCCAAG-1","0",2.58663650393941,0,0.704952731877905,0,0,0,0,0,0,0,0,0,0,0,0,0,0,0.704952731877905,0,0,0,1.8113586638651,1.40395083198397,0,1.11432225423592,1.96606371511628,1.11432225423592,0.704952731877905,1.11432225423592,1.11432225423592,0,0,0,0,0,0,0,0,0,0,0,0,0,1.11432225423592
"CATGCCTCAACATGGT-1","9",0,0,0,0,0,0,0,0,0,0,0,0,0,0,0,0,0,0,0,0,0,0,0,0,0,0,0,0,1.58032559746718,0,0,0,0,0,0,0,0,0,0,0,0,0,0,0
"CATGCGCGTAGTTGGA-1","0",2.14903494717317,0,0,0,0,0,0,0,0,0,0,0,0,0,0,0,0,1.85814645408235,0,0,0,1.6732523377293,1.44623749548403,0,0,3.0710714544314,0,0.733505814146228,0,1.44623749548403,0,0,0,0.733505814146228,0,0,0,0,0,0,0,0,0,0
"CATGCGCGTGAGTTAG-1","3",2.21374942574787,0,0,0,0,0,0,0,0,0,0,0,0,0,0,0,0,0,0,0,0,0,0,0,0,0,0,0,0,0,0,0,0,0,0,0,0,0,0,0,0,0,0,0
"CATGCGCGTTTCCTTG-1","7",2.07826118787386,0,0,0,0,0,0,0,0,0,0,0,0,0,0,0,0,0,0,0,0,1.50302826221598,2.27605664739401,0,0,1.50302826221598,1.01074261074365,0,2.07826118787386,2.70679110748316,0,0,0,0,0,1.01074261074365,0,0,0,0,0,0,0,1.50302826221598
"CATGCTGGTAACCGAA-1","7",3.13340696211398,0,0,0,0,0,0,0,0,0,0,0,0,0,0,0,0,0,0,0.612104874050562,0,0.612104874050562,1.652793675001,0,0,1.652793675001,0,0.989027570986987,1.26212700724217,1.93299358606497,1.47641779932178,0,0,0,0,0,0,0,0,0,0,0,0,0
"CATGCTGGTCTGGTCA-1","8",1.55134632848874,0,0,0,0,0,0,0,0,0,0,0,0,0,0,0,0,0,0,0,0,0,1.73117260578418,0,0,1.55134632848874,1.05044002074429,0,0,1.88353712330183,0,0,0,0,0,0,0,0,0,0,0,0,0,2.33161405612008
"CATGCTGGTGGACACG-1","1",2.44500256561736,0,0,0,0,0,0,0,0,0,0,0,0,0,0,0,0,0,0,0,0,0.593351459588272,0.963208326698806,0,0,1.44460529897418,1.23259922757642,1.23259922757642,0.963208326698806,0.593351459588272,0,0,0,0.593351459588272,0,0,0,0,0,0,0,0,0,0.963208326698806
"CATGGGTTCCTTAACC-1","4",1.50280182445741,0,0.458928313729256,0,0,0,0,0,0,0,0,0,0,0,0,0,0,0,0,0,0,1.20282486248268,0.772306973032339,0,0,1.36401969243492,0,0.458928313729256,0.772306973032339,1.20282486248268,0,0,0,0,0,0,0,0,0,0,0,0,0,1.01055738265499
"CATGGTTGTTAAGGTG-1","4",1.85463769340638,0,1.02835467912468,0,0,0,0,0,0,0,0,0,0,0,0,0,0,0.640922129033445,0,0,0,0,1.30689704829606,0,0,1.70313814783011,0.640922129033445,0.640922129033445,1.5245164105924,2.102406307224,0,0,0,0,0,0,0,0,0,0,0,0,0,1.85463769340638
"CATGTCAAGTACCACA-1","1",2.50818605927346,0,0.413993182262679,0,0,0,0,0,0,0,0,0,0,0,0.413993182262679,0,0,0,0,0,0,1.52386426983058,1.40538126076137,0,0,1.62978441165934,0.705912172927463,0.413993182262679,0.413993182262679,2.27402056526025,0,0,0,0,0,0,0,0,0,0,0,0,0,1.27094918177457
"CATGTTAGTAACGAGC-1","0",1.58032559746718,0,0.67505154134594,0,0,0,0,0,0,0,0,0,0,0,0,0,0,0,0,0,0,1.07441126367457,0.67505154134594,0,0,1.91468558910038,1.76141555362076,0,1.07441126367457,1.3590266077002,0,0,0,0,0,0,0,0,0,0,0,0,0,1.3590266077002
"CATGTTAGTTATGGCT-1","2",1.82084166777464,0.710697792693087,0,0,0,0,0,0,0,0,0,0,0,0,0,0,0,0,0,0,0,1.63737291795539,2.22821584453596,0,0.710697792693087,2.74056610348735,0,0,0,2.10995588328348,0,0,0,0,0,0,0,0,0,0,0,0,0,0
"CATGTTGAGGTGAGCA-1","0",2.10232746112262,0,0,0,0,0,0,0,0,0,0,0,0,0,0,0,0,1.02829697985234,0,0,0,0,1.52444614822839,0,0,2.10232746112262,1.52444614822839,1.52444614822839,1.02829697985234,1.52444614822839,0,0,1.02829697985234,0,0,0,0,0,0,0,0,0,0,0
"CATGTTGAGTAAGGTA-1","5",2.14693417019908,0,0,0,0,0,0,0,0,0,0,0,0,0,0,0,0,0,0,0,0,0,1.56429189394366,0,1.06113356958146,1.06113356958146,0,0,1.56429189394366,2.14693417019908,0,0,0,0,0,0,1.06113356958146,0,0,0,0,0,0,0
"CATTAACAGGATTGCC-1","11",1.59035441724443,0,0,0,0,0,0,0,0,0,0,0,0,0,0,0,0,0,0,0,0,0,0,0,0,2.54289734536132,0,0,0,0,0,0,0,0,0,0,0,0,0,0,0,0,0,1.59035441724443
"CATTACCTCCTGATAG-1","0",1.9285417373048,0,0.683052302268629,0,0,0,0,0,0,0,0,0,0,0,0,0,0,0,0,0,0,1.0851296773289,1.0851296773289,0,0,1.77487760908237,0,0,0.683052302268629,0.683052302268629,0,0,0,0,0,0,0,0,0,0,0,0,0,1.0851296773289
"CATTACCTCCTGCACC-1","1",1.72147541372121,0,0.928584721541267,0,0,0,0,0,0,0,0,0,0,0,0,0,0,0,0,0,0,1.19282702559049,0.568412604667937,0,0,2.46099577891454,0.568412604667937,1.19282702559049,0,1.72147541372121,0,0,0,0,0,0,0,0,0,0,0,0,0,0
"CATTACCTCTATGGGC-1","1",2.44880877257492,0,0.631916541525093,0,0,0,0,0,0,0,0,0,0,0,0,0,0,0,0,0,0,0.631916541525093,1.68752105384193,0,0,1.96969473129022,1.01610895224401,1.01610895224401,1.01610895224401,2.18951862216025,0,0,0,0,0,0,0,0,0,0,0,0,0,1.29298253575963
"CATTACTCATAGGTCG-1","3",3.52966631275066,0,0,0,0,0,0,0,0,0,0,0,0,0,0,0,0,0,0,0,0,0,0,0,0,0,0,0,0,0,0,0,0,0,0,0,0,0,0,0,0,0,0,0
"CATTAGGTCCTTAGCT-1","0",2.48007132888252,0,0,0,0,0,0,0,0,0,0,0,0,0,0,0,0,0.739177167765872,0,0,0,1.68210204657555,1.45456844204131,0,0,2.15865482975215,1.15952651279824,0.739177167765872,0,0.739177167765872,0,0,0,0,0,0,0,0,0,0,0,0,0,0.739177167765872
"CATTAGGTCGCGCTTC-1","2",1.93522104945989,0,0,0,0,0,0,0,0,0,0,0,0,0,0,0,0,0,0,0,0,0.781668438674256,2.09318291221806,0,0.781668438674256,1.93522104945989,0,0,0,0.781668438674256,0,0,0,0,0,0,0,0,0,0,0,0,0,0.781668438674256
"CATTAGTAGCGCATAC-1","3",2.55704744654248,0,0,0,0,0,0,0,0,0,0,0,0,0,0,0,0,0,0,0,0,0,0,0,0,0,0,1.93857473574708,0,0,0,0,0,0,0,0,0,0,0,0,0,0,0,0
"CATTCAAGTTAATCTG-1","8",2.04145032609447,0,0,0,0,0,0,0,0,0,0,0,0,0,0,0,0,0,0,0,0,0,1.57476023885181,0,0,2.04145032609447,0,1.35381963146139,1.35381963146139,1.75561046564543,0,0,0,0,0,0,0,0,0,0,0,0,0,1.75561046564543
"CATTCAAGTTCGCGTA-1","0",1.89778139181697,0,0,0,0,0,0,0,0,0,0,0,0,0,0,0,0,0,0,0,0,0,0,0,0,1.89778139181697,1.06138077407076,0,0,1.06138077407076,0,0,0,0,0,0,0,0,0,0,0,0,0,0
"CATTCGAAGCCCGTAG-1","5",1.98181008988843,0,0,0,0,0,0,0,0,0,0,0,0,0,0,0,0,0,0,0,0,0,1.41777666095699,0,0,2.34024664031611,0,0,1.41777666095699,0,0,0,0,0,0,0,0,0,0,0,0,0,0,1.41777666095699
"CATTCGTTCATCACGA-1","3",2.87419889865056,0,0,0,0,0,0,0,0,0,0,0,0,0,0,0,0,0,0,0,0,0,0,0,0,0,0,0,0,0,0,0,0,0,0,0,0,0,0,0,0,0,0,0
"CATTCGTTCGCTATGA-1","1",1.53438684935902,0,0.898286515574899,0,0,0,0,0,0,0,0,0,0,0,0,0,0,1.36373798211223,0,0,0,0.898286515574899,1.36373798211223,0,0,1.92008949126721,0.546788795022458,0.546788795022458,0.546788795022458,2.34756318934602,0,0,0,0,0,0,0,0,0,0,0,0,0,0.546788795022458
"CATTCTATCACCATGA-1","0",1.5471119736242,0,0.654650989937369,0,0,0,0,0,0,0,0,0,0,0,0,0,0,0,0,0,0,1.04694751511602,2.01106836878836,0,0,2.56634220442383,0,0.654650989937369,0,1.32797969064718,0,0,0,0,0,0,0,0,0,0,0,0,0,0
"CATTCTATCAGCATAT-1","11",1.32304059743168,0,0,0,0,0,0,0,0,0,0,0,0,0,0,0,0,0,0,0,0,0,0,0,0,0,0,1.32304059743168,0,0,0,0,0,0,0,0,0,0,0,0,0,0,0,1.32304059743168
"CATTCTATCTATCTGC-1","0",2.22412424697386,0,0.974211095169248,0,0,0,0,0,0,0,0,0,0,0,0,0,0,0.601326946022387,0,0,0,0.974211095169248,0.974211095169248,0,1.24519577385394,2.70919290768285,0.601326946022387,0.974211095169248,0.601326946022387,0.601326946022387,0,0,0.601326946022387,0,0,0,0,0,0,0,0,0,0,0
"CATTGCTTCGAAGCCT-1","1",2.34402421461057,0,0.716380574965752,0,0,0,0,0,0,0,0,0,0,0,0,0,0,0.716380574965752,0,0,0,0.716380574965752,1.42094511729148,0,0,1.98541443535871,0,0.716380574965752,1.12947172317446,0.716380574965752,0,0,0,0,0,0,0,0,0,0,0,0,0,0.716380574965752
"CATTGGGCACTTAGCC-1","6",0,1.46505633091344,0,0,0,0,0,0,0,0,0,0,0,0,0,0,0,0,0,0,0,1.46505633091344,1.46505633091344,0,0,0,0,0,1.46505633091344,0,0,0,0,0,0,0,0,0,0,0,0,0,0,2.87010868073789
"CATTGGGCATAGACAC-1","0",2.29173145547376,0,1.0218788581197,0,0,0,0,0,0,0,0,0,0,0,0,0,0,0,0,0,0,2.09354664601534,0,0,1.0218788581197,1.51662505632206,0,0,0,1.0218788581197,0,0,0,0,0,0,0,0,0,0,0,0,0,0
"CATTGGGCATCCTTAG-1","6",1.41611978478483,0,0,0,0,0,0,0,0,0,0,0,0,0,0,0,0,1.41611978478483,0,0,0,0,0,0,0,1.9799246483977,0,0,0,0,0,0,0,0,0,0,0,0,0,0,0,0,0,3.93060092282745
"CATTGTGAGCCGCGTA-1","7",1.75580848249545,0,0.787107068321838,0,0,0,0,0,0,0,0,0,0,0,0,0,0,0,0,0,0,1.75580848249545,2.65093966737048,0,0,2.73205160554035,0.787107068321838,0.787107068321838,1.22202764762046,2.23849655439134,0,0,0,0,0,0,0,0,0,0,0,0,0,0
"CATTGTGAGGCACTCG-1","6",0,0,0,0,0,0,0,0,0,0,0,0,0,0,0,0,0,1.37943378238381,0,0,0,0,0,0,0,1.37943378238381,0,0,0,0,0,0,0,0,0,0,0,0,0,0,1.37943378238381,0,0,4.05144368087238
"CATTTAGGTTGGATAG-1","3",1.91205973214532,0,0,0,0,0,0,0,0,0,0,0,0,0,0,0,0,0,0,0,0,0,0,0,0,1.91205973214532,0,0,0,0,0,0,0,0,0,0,0,0,0,0,0,0,0,0
"CATTTCATCGATAGCC-1","1",2.39321149425418,0,0,0,0,0,0,0,0,0,0,0,0,0,0,0,0,0,0,0,0,0.977611513238687,2.0324022480863,0,0.977611513238687,3.03961507396781,0,0,0.977611513238687,1.46237530101061,0,0,0,0,0,0,0,0,0,0,0,0,0,0
"CATTTCGCACCTCGCA-1","5",2.10271050236323,0,0,0,0,0,0,0,0,0,0,0,0,0,0,0,0,0,0,0,0,1.40627215097039,0.706509953989306,0,0,2.42205994880904,1.11638993151452,0.706509953989306,0.706509953989306,1.40627215097039,0,0,0,0,0,0,0,0,0,0,0,0,0,0
"CATTTGAGTAAGCGTA-1","6",0,1.69786877827459,0,0,0,0,0,0,0,0,0,0,0,0,0,0,0,0,0,0,0,0,0,0,0,1.69786877827459,0,0,0,0,0,0,0,0,0,1.69786877827459,0,0,0,0,0,0,0,4.39840779213456
"CATTTGAGTATTGCTA-1","0",1.8803128665695,0,0,0,0,0,0,0,0,0,0,0,0,0,0,0,0,0,0,0,0,0,0,0,1.32913594727994,1.64222773525709,0.870828357797398,0,0,1.32913594727994,0,0,0,0,0,0,0,0,0,0,0,0,0,0
"CATTTGCTCATGTCGA-1","1",2.16584945476847,0.61950110217887,0,0,0,0,0,0,0,0,0,0,0,0,0,0,0,0,0,0,0,1.48885172381369,2.62972916222918,0,0,2.42444959222447,0.999160841508369,0,0.61950110217887,2.06229625568361,0,0,0,0,0,0,0,0,0,0,0,0,0,1.27368613693915
"CATTTGCTCCGCCACT-1","2",1.90472393454897,0,0,0,0,0,0,0,0,0,0,0,0,0,0,0,0,0,0,0,0,0.669328495113006,1.3503501497248,0,0,2.25929435895987,0.669328495113006,0,0.669328495113006,2.0373789822207,0,0,0,0.669328495113006,0,0,0,0,0,0,0,0,0,0
"CATTTGCTCCGTAGGT-1","1",2.56276516080982,0,0,0,0,0,0,0,0,0,0,0,0,0,0,0,0,0,0,0,0,1.04443421276822,1.8756977577688,0,0.652791280550227,1.8756977577688,1.54406286874916,0,0.652791280550227,2.48912617842308,0,0,0,0.652791280550227,0,0,0,0,0,0,0,0,0,0
"CATTTGGAGCCACACG-1","0",2.05417604315834,0,0.757717578102073,0,0,0,0,0,0,0,0,0,0,0,0,0,0,0,0,0,0,1.18381173129287,0,0,0,2.41596842294391,0,0,1.18381173129287,1.48165090626768,0,0,0,0,0,0.757717578102073,0,0,0,0,0,0,0,0
"CATTTGGAGTTAATGC-1","4",2.23039914790646,0,0,0,0,0,0,0,0,0,0,0,0,0,0,0,0,0,0,0,0,1.78877958469372,0.604511512895858,0,0.978595172497325,1.9187599217853,0.978595172497325,0,0,1.2502093257933,0,0,0,0,0,0,0,0,0,0,0,0,0,1.2502093257933
"CCAAAGTCATGGTCGA-1","0",2.58532669982963,0.664574491929642,0,0,0,0,0,0,0,0,0,0,0,0,0,0,0,0,0,0,0,1.34312323005925,1.06033102274379,0,1.06033102274379,1.8964167084858,1.06033102274379,0.664574491929642,0,0,0,0,0,0,0.664574491929642,0,0,0,0,0,0,0,0,0
"CCAAATGTCCGCCATC-1","3",2.80505290599323,0,0,0,0,0,0,0,0,0,0,0,0,0,0,0,0,0,0,0,0,0,0,0,1.82066813086218,0,0,0,0,0,0,0,0,0,0,0,0,0,0,0,0,0,0,0
"CCAAGGGGTTCGTCCT-1","2",2.33447218499518,0,1.20327325900185,0,0,0,0,0,0,0,0,0,0,0,0,0,0,0.772651819885822,0,0,0,0,1.50330009397771,0,0,1.50330009397771,0,0,1.50330009397771,1.92095942789972,0,1.20327325900185,0,0,0.772651819885822,0,0,0,0,0,0,0,0,0
"CCAAGGTTCCGCAACG-1","3",1.85168883456166,0,0,0,0,0,0,0,0,0,0,0,0,0,0,0,0,0,0,0,0,1.85168883456166,0,0,0,1.85168883456166,0,0,0,0,0,0,0,0,0,0,0,0,0,0,0,0,0,0
"CCAAGTCAGTGTCCTT-1","8",0.790316503506941,0,0,0,0,0,0,0,0,0,0,0,0,0,0,0,0,0,0,0,0,0,2.24375371485314,0,0,2.24375371485314,0,0.790316503506941,0,1.94883010990704,0,0,0,0,0.790316503506941,0,0,0,0,0,0,0,0,1.76067733190421
"CCAATAGTCACGGACT-1","1",1.93107519711025,0,0,0,0,0,0,0,0,0,0,0,0,0,0,0,0,0,0,0,0,1.51252011961197,2.08893461060126,0,1.21157445524591,2.34517271739914,1.21157445524591,0.779042433873423,0,2.08893461060126,0,0,0,0,0,0,0,0,0,0,0,0,0,0
"CCAATAGTCCTCGTGC-1","3",2.86385240896794,0,0,0,0,0,0,0,0,0,0,0,0,0,1.63554053633674,0,0,0,0,0,0,0,0,0,0,0,0,0,0,0,0,0,0,0,0,0,0,0,0,0,0,0,0,0
"CCAATATAGGAGGATT-1","0",2.45181978362479,0,0,0,0,0,0,0,0,0,0,0,0,0,0,0,0,0,0,0,0,0,1.51215242451095,0,0.778787229874946,2.45181978362479,1.21124325724927,0,0,1.51215242451095,0,0,0,0,0,0,0.778787229874946,0,0,0,0,0,0,0
"CCAATCAAGCTACCGG-1","0",2.18540134486933,0,0,0,0,0,0,0,0,0,0,0,0,0,0,0,0,0,0,0,0,1.93451159079997,0,0,0,2.38580169917544,0,1.08975799532538,0,0,0,0,0,0,0,0,0,0,0,0,0,0,0,0
"CCAATCCCACAGCGAC-1","0",1.51843218067683,0,0,0,0,0,0,0,0,0,0,0,0,0,0,0,0,0,0,0,0,0,1.51843218067683,0,0,2.35202581086417,0,0,0,0.783149722254259,0,0,0,0,0,1.21690134710632,0,0,0,0,0,0,0,0.783149722254259
"CCAATCCCACTAGCTC-1","4",2.79855490488944,0,0,0,0,0,0,0,0,0,0,0,0,0,0,0,0,0.645589928030897,0,0,0,1.03468638422899,0.645589928030897,0,0,1.5322213959964,0,1.3140825470269,0,1.03468638422899,0,0,0,0.645589928030897,0,0,0,0,0,0,0,0,0,0.645589928030897
"CCAATTAGTATGTACC-1","2",2.28857583186917,0,0,0,0,0,0,0,0,0,0,0,0,0,0,0,0,0.685388499648758,0,0,0,0,2.38374349797674,0,0.685388499648758,1.37463364844062,0,1.08825394573895,1.08825394573895,1.93257246478528,0,0,0,0.685388499648758,0,0,0,0,0,0,0,0,0,0
"CCAATTAGTGGAGCAT-1","5",1.46518428661842,0,0,0,0,0,0,0,0,0,0,0,0,0,0,0,0,0.979892718744167,0,0,0,0,0,0,0,2.23225404675592,0,0,0,1.79051056185953,0,0,0,0,0,0,0,0,0,0,0,0,0,0
"CCAATTAGTTCGTCAG-1","1",1.95181229014354,0,0.304080866183993,0,0,0,0,0,0,0,0,0,0,0,0.725680180668307,0,0,0.53693614494091,0,0,0,1.14175859931081,0.725680180668307,0.304080866183993,0.304080866183993,1.8454076299735,0.304080866183993,0.725680180668307,1.02133277755006,1.7876345038126,0,0,0,0,0.53693614494091,0.304080866183993,0,0,0,0,0.304080866183993,0,0,2.25434898831927
"CCAATTGAGCAAGCCT-1","1",1.64122042207886,0,0.870102257360332,0,0,0,0,0,0,0,0,0,0,0,0,0,0,0,0,0,0,0,0.870102257360332,0,0,1.64122042207886,1.64122042207886,1.32821755550296,0,2.23247692171046,0,0,0,0,0,0,0,0,0,0,0,0,0,1.87925430695844
"CCAATTGAGCTACCTT-1","2",1.71037543041306,0,0,0,0,0,0,0,0,0,0,0,0,0,0,0,0,0,0,0,0,0,1.1834186486677,0,0.757416635144406,2.05368215049642,0,0,0.757416635144406,2.18933977530385,0,0,0,0,0.757416635144406,0,0,0,0,0,0,0,0,0
"CCAATTGAGGTACTGC-1","9",2.32442868476708,0,0,0,0,0,0,0,0,0,0,0,0,0,0,0,0,0,0,0,0,0,0,0,0,1.72462550250993,0,0,0,0,0,0,0,0,0,0,0,0,0,0,0,0,0,0
"CCAATTGAGTGATTCG-1","0",2.65272155719082,0,0,0,0,0,0,0,0,0,0,0,0,0,0,0,0,0,0,0,0,0,0,0,0,0,2.02766208552975,0,0,2.02766208552975,0,0,0,0,0,0,0,0,0,0,0,0,0,0
"CCAATTTCAATACATG-1","0",1.80003636122084,0,0.816455749079109,0,0,0,0,0,0,0,0,0,0,0,0,0,0,0.816455749079109,0,0,0,1.80003636122084,1.56598758786498,0,1.25986163338954,2.40692122352488,0.816455749079109,0.816455749079109,0,0.816455749079109,0,0,0,0,0,0,0,0,0,0,0,0,0,0
"CCAATTTCACCTATGC-1","2",1.79503083519025,0,0.607921511545942,0,0,0,0,0,0,0,0,0,0,0,0,0,0,0.983283780233294,0,0,0,0.607921511545942,0.607921511545942,0,0.607921511545942,2.04029528404966,0,0.607921511545942,0.607921511545942,1.25556765116718,0,0,0,0,0,0,0,0,0,0,0,0,0,0
"CCAATTTCACCTTACA-1","0",0.717238489454652,0,0,0,0,0,0,0,0,0,0,0,0,0,0,0,0,0,0,0,0,1.83159513585076,1.42221711647051,0,0.717238489454652,2.12122793729794,0,0,0,0,0,0,0,0,0,0,0,0,0,0,0,0,0,0
"CCACAACAGAAGCAAC-1","5",2.56184290645018,0,0,0,0,0,0,0,0,0,0,0,0,0,0,0,0,2.05848627700535,0,0,0,0.996404406552007,1.27054347247737,0,0,2.05848627700535,0.996404406552007,0,0,2.25576888907237,0,0,0,0,0.996404406552007,0,0,0,0,0,0,0,0,0
"CCACAACAGGTTGGGA-1","0",2.59431302396537,0,0,0,0,0,0,0,0,0,0,0,0,0,0,0,0,0,0,0,0,0,0.754301603713276,0,0,2.88434764329278,1.47667842258816,0,0,0,0,0,0,0,0,0,0,0,0,0,0,0,0,0
"CCACAGACACATATAG-1","5",2.23806890549876,0,0,0,0,0,0,0,0,0,0,0,0,0,0,0,0,0.786846282771176,0,0,0,0,1.94337728899365,0,0,2.10153943691831,0.786846282771176,0,0,1.7554125043727,0,0,0,1.22169001328964,0,0,0,0,0,0,0.786846282771176,0,0,0
"CCACAGACATCCTTGA-1","0",2.02837841338202,0,0,0,0,0,0,0,0,0,0,0,0,0,0,0,0,0,0,0,0,0.601699806130371,0,0,0,1.24578325223479,0.601699806130371,0,0,0,0,0,0,0.601699806130371,0,0,0.601699806130371,0,0,0,0,0,0,0.601699806130371
"CCACAGACATGATATG-1","0",1.79370656449982,0,0,0,0,0,0,0,0,0,0,0,0.607198325489921,0,0,0,0,0,0,0,0,0.98228992977332,1.79370656449982,0,0.607198325489921,1.92380713554726,0,0.607198325489921,0.607198325489921,1.92380713554726,0,0,0,0,0,0.607198325489921,0,0,0,0,0,0,0,1.79370656449982
"CCACATAAGAAGGTGT-1","4",2.06348041631584,0,0.523148857480103,0,0,0,0,0,0,0,0,0,0,0,0,0,0,0,0,0,0,0.864856343501496,0.523148857480103,0,0.523148857480103,1.11906744424252,0,1.32157711757212,1.32157711757212,2.14717695003865,0,0.523148857480103,0,0,0,0,0,0,0,0,0,0,0,0.523148857480103
"CCACATGGTGGCTAGG-1","0",2.34127517273438,0,0.617369144240031,0,0,0,0,0,0,0,0,0,0,0,0,0,0,0.617369144240031,0,0,0,1.48527407073533,0,0,0.99624277539328,1.48527407073533,0.617369144240031,0,0,0.617369144240031,0,0,0,0,0,0,0,0,0,0,0,0,0,0
"CCACATGGTTGCCTGA-1","0",1.59817376287453,0,0,0,0,0,0,0,0,0,0,0,0,0,0,0,0,0,0,0,0,0.686121969853126,0.686121969853126,0,0,2.6948962955838,0,0.686121969853126,0,0.686121969853126,0,0,0,0,0,0.686121969853126,0,0,0,0,0,0,0,0
"CCACCATCAACATGGT-1","8",1.63921029215975,0,0,0,0,0,0,0,0,0,0,0,0,0,0,0,0,0.978491528889356,0,0,0,0.604436182743066,1.78864128771806,0,0,2.53552689359609,1.25009083721803,0.604436182743066,0.604436182743066,1.63921029215975,0,0,0,0,0,0,0,0,0,0,0,0,0,1.4634590929006
"CCACCGTTCTCACAGA-1","3",2.01911794411343,0,0,0,0,0,0,0,0,0,0,0,0,0,0,0,0,0,0,0,0,0,0,0,0,0,0,0,0,0,0,0,0,0,0,0,0,0,0,0,0,0,0,0
"CCACCTCAGCGCTCGA-1","5",1.18894842102634,0,0,0,0,0,0,0,0,0,0,0,0,0,0,0,0,0,0,0,0,0,2.31594599675895,0,0.76165275970754,2.68796710515661,1.18894842102634,0,0,1.7169017181654,0,0,0,0,1.18894842102634,0,0,0,0,0,0,0,0,1.7169017181654
"CCACCTCAGTAGAGCG-1","1",1.98013989005637,0,0,0,0,0,0,0.810375061591512,0,0,0,0,0,0,0,0,0,0,0,0,0,0,1.5573556218717,0,0,1.5573556218717,0,0.810375061591512,0.810375061591512,3.04357055530421,0,0,0,0,0,0,0,0,0,0,0,0,0,0
"CCACCTGCAACATGAC-1","0",2.13279280532625,0,0,0,0,0,0,0,0,0,0,0,0,0,0,0,0,0,0,0,0,0,2.01604911697078,0,0,2.13279280532625,1.05068181994064,0,0,1.33220776882673,0,0,0,0,0,0,0.657416418785309,0,0,0,0,0,0,1.05068181994064
"CCACCTGCACCTAATT-1","0",2.24024838970244,0,0,0,0,0,0,0,0,0,0,0,0,0,0,0,0,0,0,0,0,0.926828813208664,0.567154303556804,0,0.567154303556804,2.39079277239545,1.7190908358529,0.567154303556804,0,1.1908045094357,0,0,0,0,0,0,0,0,0,0,0,0,0,0
"CCACCTTGTGAAGTCA-1","2",2.03360389962484,0,0,0,0,0,0,0,0,0,0,0,0,0,0,0,0,0,0,0,0,1.16747231980682,1.16747231980682,0,0,2.03360389962484,0.745231616417739,0.745231616417739,0,1.87711831187927,0,0,0,0,0,0,0,0,0,0,0,0,0,0.745231616417739
"CCACGAACAGGCTATG-1","0",1.71282957606781,0,0.646540596830535,0,0,0,0,0,0,0,0,0,0,0,0,0,0,0,0,0,0,1.71282957606781,0,0,0,1.99639677127237,1.53378777318842,0.646540596830535,0,0.646540596830535,0,0.646540596830535,0,0,0,0,0,0,0,0,0,0,0,0
"CCACGAACATCGAACG-1","7",1.55661680414919,0,0,0,0,0,0,0,0,0,0,0,0,0,0,0,0,0,0,0,0,1.05479073484761,1.68018334871031,0,0.484763787771926,1.7901467083006,0,1.25138076129204,0.484763787771926,2.5037484622818,0,0,0.484763787771926,0,0,0,0,0,0,0,0,0,0,0.809855331316216
"CCACGCAAGATTAGGA-1","3",3.10218284644158,0,0,0,0,0,0,0,0,0,0,0,0,0,0,0,0,0,0,0,0,0,0,0,0,0,0,0,0,0,0,0,0,0,0,0,0,0,0,0,0,0,0,0
"CCACGCAAGATTCAAC-1","0",1.36797774859458,0,0,0,0,0,0,0,0,0,0,0,0,0,0,0,0,0.901664380069031,0,0,0,0,1.36797774859458,0,0,2.28056455126855,0,0.901664380069031,1.36797774859458,0,0,0,0,0,0,0,0,0,0,0,0,0,0,1.36797774859458
"CCACGTAGTAACCCTG-1","8",1.28586639572104,0,1.28586639572104,0,0,0,0,0,0,0,0,0,0,0,0,0,0,0,0,0,0,0,1.28586639572104,0,0,2.81581619823161,0,0,0,1.28586639572104,0,0,0,0,0,0,0,0,0,0,0,0,0,3.08842121987844
"CCACGTTCATAGGCCA-1","8",2.0158806147924,0,0,0,0,0,0,0,0,0,0,0,0,0,0,0,0,0,0,0,0,1.02055267934816,1.21381535711746,0,0.464724694124213,2.55190457902722,1.02055267934816,0,1.21381535711746,1.74617051740075,0,0,0,0.464724694124213,0,0,0.464724694124213,0,0,0,0,0,0,2.22808387304545
"CCACTAAAGGTCAACC-1","4",1.90618529968292,0,0,0,0,0,0,0,0,0,0,0,0,0,0,0,0,0,0,0,0,1.48984912367515,0.452817849928369,0,0.763361146604486,1.61126899557332,0,1.35162227922205,1.19117650313969,0.999974700596161,0,0,0,0,0,0,0,0,0,0,0,0,0,1.48984912367515
"CCACTAAAGGTCATAT-1","8",1.25814607856977,0,0.48841001381371,0,0,0,0,0,0,0,0,0,0,0,0,0,0,0,0,0,0,1.56409268924782,2.21772391012149,0,0.48841001381371,2.21772391012149,0.815119581371606,0,1.06096883644218,1.25814607856977,0,0,0,0,0,0,0,0,0,0,0,0,0,3.19046598448336
"CCACTAAAGGTGAGGC-1","13",1.49842482065082,0,0,0,0,0,0,0,0,0,0,0,0,0,0,0,0,0,0,0,0,1.49842482065082,0,0,0,0,0,0,0,0,0,0,0,0,0,0,0,0,0,0,0,0,0,0
"CCACTAAAGTCGCGCA-1","0",1.48653056372397,0,0,0,0,0,0,0,0,0,0,0,0,0,0,0,0,0.997267398218852,0,0,0,0.451259039122303,0.997267398218852,0,0.451259039122303,1.71601240435475,0.761074947432824,0.997267398218852,0.451259039122303,0.761074947432824,0,0,0,0.761074947432824,0,0,0,0,0,0,0,0,0.451259039122303,0.451259039122303
"CCACTATTCAATGTGT-1","4",1.93519932134507,0,0.35293918982573,0,0,0,0,0,0,0,0,0,0,0,0,0,0,0.35293918982573,0,0,0,0.990647782679981,0.613286098862597,0,0.819662546708659,1.73266221061098,0,0.35293918982573,0.819662546708659,2.05051640031649,0,0,0,0.35293918982573,0,0,0,0,0,0,0,0,0,0.819662546708659
"CCACTCGCAACCTCGT-1","0",2.02766208552975,0,0.841248692602751,0,0,0,0,0,0,0,0,0,0,0,0,0,0,0.506595051618014,0,0,0,0.841248692602751,1.72587145981105,0,0,2.38825432080366,1.09155135906724,0.506595051618014,0,1.09155135906724,0,0,0,0,0,0,0,0,0,0,0,0,0,0
"CCACTCGCACCACACT-1","1",1.74270614009915,0,0.716514483051716,0,0,0,0,0,0,0,0,0,0,0,0,0,0,0,0,0,0,1.421143692726,1.74270614009915,0,0.421103821426238,2.39326700447609,1.12964890704905,0.421103821426238,1.12964890704905,2.48461424000197,0,0,0,0,0,0,0,0,0,0,0,0,0,0.716514483051716
"CCACTCGCATTCCTTC-1","4",1.41875938558567,0,0.369787699887332,0.369787699887332,0,0,0,0,0,0,0,0,0,0,0,0,0,0,0,0,0,1.17468913201792,1.17468913201792,0,0.369787699887332,1.91935418437214,0.369787699887332,0.639142100038486,0.639142100038486,2.2031725502623,0,0,0.369787699887332,0,0,0.369787699887332,0,0,0,0,0,0,0,0
"CCACTTACAGCAGTAT-1","11",2.23322028348256,0,0,0,0,0,0,0,0,0,0,0,0,0,0,0,0,0,0,0,0,0,0,0,0,2.4346941918393,1.64189179728152,0,0,0,0,0,0,0,0,0,0,0,0,0,0,0,0,1.64189179728152
"CCAGAATCAAACCATA-1","8",1.88109796851605,0,0,0,0,0,0,0,0,0,0,0,0,0,0,0,0,1.04857018266637,0,0,0,1.04857018266637,1.72880552249059,0,0,1.72880552249059,0,0.655852322599878,0,1.88109796851605,0,0,0,0,0,0,0,0,0,0,0,0,0,2.56864963920439
"CCAGAATCACCACATC-1","9",0,0,0,0,0,0,0,0,0,0,0,0,0,1.98749471708216,0,0,0,0,0,0,0,1.98749471708216,0,0,0,0,0,0,0,0,0,0,0,0,0,0,0,0,0,0,0,0,0,0
"CCAGAATCATCGTTGC-1","13",0,0,0,0,0,0,0,0,0,0,0,0,0,0,0,0,0,0,0,0,0,0,0,0,0,0,0,0,0,0,0,0,0,0,0,0,0,0,0,0,0,0,0,0
"CCAGACCGTGAGTTAG-1","0",1.91304334097496,0.767667472844854,0,0,0,0,0,0,0,0,0,0,0,0,0,0,0,0.767667472844854,0,0,0,0.767667472844854,2.0704520654552,0,1.19678769982568,2.20642004442932,1.19678769982568,0,0.767667472844854,0,0,0,0,0,0.767667472844854,0,0,0,0,0,0,0,0,1.19678769982568
"CCAGACCGTGATAGAT-1","0",2.20264735195206,0,0,0,0,0,0,0,0,0,0,0,0,0,0,0,0,0.959268803479621,0,0,0,0.959268803479621,0,0,0.959268803479621,2.36637881011148,0.959268803479621,1.43973441589081,0.959268803479621,0,0,0,0,0,0,0,1.43973441589081,0,0,0,0,0,0,0
"CCAGAGAAGTCGAACC-1","0",2.22825280042826,0,0.977094653874658,0,0,0,0,0,0,0,0,0,0,0,0,0,0,0,0,0,0,1.46173865480454,0,0,0,2.39245850696002,0,0,0,2.03168215820064,0,0,0,0,0,0,0,0,0,0,0,0,0,0
"CCAGAGGGTTGGTTCG-1","3",2.92931421926386,0,0,0,0,0,0,0,0,0,0,0,0,0,0,0,0,0,0,0,0,0,0,0,0,0,0,0,0,0,0,0,0,0,0,0,0,0,0,0,0,0,0,0
"CCAGATTGTTCCCGTT-1","1",0.849436898635953,0,0,0,0,0,0,0,0,0,0,0,0,0,0,0,0,0,0,0,0,0.849436898635953,1.61243128648877,0,0,2.33875387982911,1.61243128648877,0.849436898635953,0.849436898635953,0.849436898635953,0,0,0,0,0,0,0,0,0,0,0,0,0,2.33875387982911
"CCAGATTGTTCGAGCC-1","0",1.88610301069604,0,0.874804273883685,0,0,0,0,0,0,0,0,0,0,0,0,0,0,0.874804273883685,0,0,0,1.33416167104791,0.874804273883685,0,0.874804273883685,2.07844468083425,1.33416167104791,0.874804273883685,0.874804273883685,0.874804273883685,0,0,0,0,0,0,0,0,0,0,0,0,0,0
"CCAGCCAAGGCGCTTG-1","1",2.29150057514016,0,0,0,0,0.687004289946194,0,0,0,0,0,0,0,0,0,0,0,0,0,0,0,0.687004289946194,1.59959109262016,0,0,1.7815002535881,1.09041335355623,0,0.687004289946194,2.29150057514016,0,0,0,0,0,0,0,0,0,0,0,0,0,1.09041335355623
"CCAGCCTTCCCGCTTA-1","4",2.2353923439049,0,0,0,0,0,0,0,0,0,0,0,0,0,0,0,0,0.29856481522033,0,0,0,1.12737381579547,1.12737381579547,0,0.29856481522033,1.12737381579547,0,0.714795505887442,0.5281816137614,1.49945093403894,0,0,0,0,0,0,0,0,0,0,0,0,0,0.872000898487489
"CCAGCCTTCCTTCGTG-1","1",2.26359415595368,0,0.54123815152567,0,0,0,0,0,0,0,0,0,0,0,0,0,0,0,0,0,0,1.14879784825981,1.79623775705275,0,0.890466419907585,2.6840664933733,0.54123815152567,0,0,2.26359415595368,0,0,0,0,0,0,0,0,0,0,0,0,0,1.35390840646187
"CCAGCCTTCGTGCGTG-1","0",1.96945211942088,0,0.803502600983959,0,0,0,0,0.803502600983959,0,0,0,0,0,0,0,0,0,0,0,0,0,1.2432030047402,1.2432030047402,0,0,1.78059725485862,1.54757300525478,0.803502600983959,0.803502600983959,1.2432030047402,0,0,0,0,0,0,0,0,0,0,0,0,0,0
"CCAGCTAGTTCGGTCA-1","11",1.42205797173309,0,0,0,0,0,0,0,0,0,0,0,0,0,0,0,0,0,0,0,0,0,0,0,0,1.98668001441387,0,0,0,1.42205797173309,0,0,0,0,0,0,0,0,0,0,0,0,0,1.98668001441387
"CCAGCTAGTTCTGGGC-1","0",1.89473439534866,0,0,0,0,0,0,1.05903739714841,0,0,0,0,0,0,0,0,0,1.05903739714841,0,0,0,0,1.89473439534866,0,1.05903739714841,3.07821198786915,1.05903739714841,1.05903739714841,1.05903739714841,1.56175657009989,0,0,0,0,0,0,0,0,0,0,0,0,0,1.05903739714841
"CCAGCTAGTTGACGAA-1","10",0,0,0,0,0,0,0,1.89074424743067,2.88328508937446,0,0,0,0,0,0,0,0,0,0,0,0,0,0,1.89074424743067,0,0,0,0,0,0,0,0,0,0,0,0,1.89074424743067,0,0,0,0,0,0,0
"CCAGCTAGTTTGGCTG-1","0",2.5568645458608,0,0,0,0,0,0,0,0,0,0,0,0,0,0,0,0,0,0,0,0,0,1.83845369408867,0,0,1.29291860306141,0,0.842300689284088,0,0.842300689284088,0,0,0,0.842300689284088,0.842300689284088,0,0,0,0,0,0,0,0,0.842300689284088
"CCAGGCATCCGGTAAC-1","10",2.13260158541722,0,0,0,0,0,0,1.24672451729808,0,0,0,0,0,0,0,0,0,0,0,0,0,0,0,1.24672451729808,0,0,0,0,0,1.24672451729808,0,0,0,0,0,0,1.24672451729808,0,0,0,0,0,0,0
"CCAGGCATCCTCATTA-1","1",2.29548960032959,0,0,0,0,0,0,0,0,0,0,0,0,0,0,0,0,0.594295547662211,0,0,0,0.964512506600328,2.11695259798263,0,0.964512506600328,2.37407288783047,0.594295547662211,0.594295547662211,0,2.44692823093372,0,0,0,0,0,0,0,0,0,0,0,0,0,1.76994410257486
"CCAGGTTAGCCTACCC-1","1",1.79946754050304,0,0,0,0,0,0,0,0,0,0,0,0,0,0,0,0.697779149369195,0.697779149369195,0,0,0,1.79946754050304,1.953837580277,0,0,0.697779149369195,0.697779149369195,1.10478349151056,1.39323429342415,2.31090725090124,0,0,0,0,1.10478349151056,0,0,0,0,0,0,0,0,2.08753346128937
"CCAGTATGTGGCCATC-1","0",1.34681328261422,0,0,0,0,0,0,0,0,0,0,0,0,0,0,0,0,0,0,0,0,0.53724638682524,1.51654177359612,0,0.884831554752736,2.25501724145766,0.53724638682524,0,0,1.14226688469567,0,0,0,0.53724638682524,0,0,0,0,0,0,0,0,0,0.53724638682524
"CCAGTCCTCCGTGCAG-1","7",1.54549851800614,0,0.314103135380247,0,0,0,0,0,0,0,0,0,0,0,0,0,0,0,0,0,0,0.55277061285155,1.75740989001155,0,0.314103135380247,2.21032509464846,0.55277061285155,0.745309165354589,0.55277061285155,2.28815570783137,0,0,0,0,0,0,0,0,0,0,0,0,0,0.745309165354589
"CCAGTTAAGCGACTAC-1","1",0,0,0,0,0,0,0,0,0,0,0,0,0.659844813238352,0,0,0,0,0,0,0,0,0.659844813238352,1.8881225220292,0,0,1.05395803230769,0.659844813238352,0,0.659844813238352,1.55560843922364,0,0,0,0,0,0,0,0,0,0,0,0,0,1.05395803230769
"CCAGTTAAGGTCGAGA-1","12",0,0,0,0,0,0,0,0,0,0,0,0,0,0,0,0,0,0,0,0,0,0,0,0,0,0,0,0,0,0,0,0,0,0,0,0,0,0,0,0,0,0,0,0
"CCAGTTGGTGGCTCGT-1","0",2.05269531133651,0,0,0,0,0,0,0,0,0,0,0,0,0,0,0,0,0,0,0,0,0.992220339351969,0,0,0.614433076211129,1.93733894629438,0.614433076211129,0.992220339351969,0,1.26577081197367,0,0,0,0.614433076211129,0,0,0,0,0,0,0,0,0,1.48033854208288
"CCATAACGTCATGTCG-1","6",0,1.56758755884683,0,0,0,0,0,0,0,0,0,0,0,0,0,0,0,0,0,0,0,0,0,0,0,1.56758755884683,0,0,0,0,0,0,1.56758755884683,0,0,0,0,0,0,0,0,0,0,2.99449811570996
"CCATAAGTCCGTTAGA-1","8",2.10922832160466,0,0,0,0,0,0,0,0,0,0,0,0,0,0,0,0,0,0,0,0,0.710276682935072,0,0,0.710276682935072,1.97509782045003,0.710276682935072,0,0,1.12138703547853,0,0,0,0,0,0,0.710276682935072,0,0,0,0,0,0,2.22747708253896
"CCATAATAGGATTGAA-1","5",2.34129722676378,0,0,0,0,0,0,0,0,0,0,0,0,0,0,0,0,1.30405434559289,0,0,0,1.85134934807787,0.851048702025144,0,0.851048702025144,2.66868667812788,0.851048702025144,0,0,1.61468516030483,0,0,0,0.851048702025144,0,0,0,0,0,0,0,0,0,0
"CCATAATAGTGCCGTG-1","0",1.16005249768812,0,0,0,0,0,0,0,0,0,0,0,0,0,0,0,0,0,0,0,0,0,1.6827258250093,0,0,2.0242329918707,0,0,0,0,0,0,0,0,0,0,1.16005249768812,0,0,0,0,0,0,0
"CCATACTTCCTGTGAA-1","3",2.51651610479603,0.375291002904656,0.647537580137244,0,0,0,0,0,0,0,0,0,0,0,0,0,0,0.647537580137244,0,0,0,0.375291002904656,0,0,0.375291002904656,1.1869510776651,0.375291002904656,0,0,0,0,0,0,0,0,0.647537580137244,0.861304162102019,0,0,0,0,0,0,0.647537580137244
"CCATACTTCTAGTCTC-1","2",2.05724524200728,0,0,0,0,0,0,0,0,0,0,0,0,0,0,0,0,1.18625535367541,0,0,0,0,2.19296925176608,0,1.18625535367541,1.18625535367541,0,1.18625535367541,0,1.90016357412525,0,0,0,0.759589030255291,0,0,0,0,0,0,0,0,0,0
"CCATCAGGTGAAGTCA-1","5",2.28769161179561,0,0,0,0,0,0,0,0,0,0,0,0,0,0,0,0,1.6912177671338,0,0,0,0,0.906386431239243,0,0,2.12546685356929,0.906386431239243,0,0,1.37389858169033,0,0,0,0,0,0,0.906386431239243,0,0,0,0,0,0,0
"CCATCCTGTGCAGCCT-1","2",1.07276333681275,0,0.673823376866802,0,0,0,0,0,0,0,0,0,0,0,0,0,0,1.07276333681275,0,0,0,1.35716679882967,2.44918944147955,0,1.07276333681275,1.75934251184823,0,0,1.07276333681275,2.0453758202921,0,0,0,0,0,0,0,0,0,0,0,0,0,0
"CCATCCTGTTCGAGTT-1","2",1.50648007334367,0,0,0,0,0,0,0,0,0,0,0,0,0,0,0,0,0,0,0,0,1.20613547284867,2.33816458079321,0,1.20613547284867,2.08214414732031,0,0,2.21832539238435,1.20613547284867,0,0,0,0.774853894374,0,0,0,0,0,0,0,0,0,0
"CCATCCTGTTGTCAGT-1","0",2.07531086704546,0,0,0,0,0,0,0,0,0,0,0,0,0,0,0,0,0,0,0,0,0,1.50040652948425,0,0,0.770649954480286,0,0.770649954480286,0.770649954480286,1.73071383450644,0,0,0,0,0,0,0.770649954480286,0,0,0,0,0,0,1.73071383450644
"CCATCGCTCCCCAAGG-1","4",1.9500932166211,0,0,0,0,0,0,0.512779899699851,0,0,0,0,0,0,0,0,0,0.850088515421389,0,0,0,1.10186729666978,1.10186729666978,0,0.512779899699851,2.04112549054367,0.512779899699851,0.850088515421389,1.30283337724747,1.47009190819799,0,0.512779899699851,0,0,0,0,0,0,0,0,0,0,0,0.850088515421389
"CCATCGCTCGATTAAC-1","0",2.64583701660064,0,0.784118958765672,0,0,0,0,0,0,0,0,0,0,0,0,0,0,0,0,0,0,0,1.51982575374441,0,0,1.93908418398491,0.784118958765672,0.784118958765672,0,0,0,0,0,0,0,0,0,0,0,0,0,0,0,0
"CCATCTTAGCTACTGA-1","6",0,1.25133623120099,0,0,0,0,0,0,0,0,0,0,0,0,0,0,0,1.25133623120099,0,0,0,0,0,0,0,2.13830342727393,0,0,0,1.25133623120099,0,0,0,0,0,0,0,0,0,0,0,0,0,4.50888348163464
"CCATCTTAGGTAGCAG-1","2",1.9392298043366,0,0.615447646018828,0,0,0,0,0.615447646018828,0.615447646018828,0,0,0,0,0,0,0,0,1.48204514958969,0,0,0,0.615447646018828,1.48204514958969,0.615447646018828,0,1.65868966179241,0,0,0,1.80876548670204,0,0,0,0,0,0.615447646018828,0,0,0,0,0,0,0,0
"CCATGGGTCAGGTAGG-1","4",2.3196297791756,0,0,0,0,0,0,0,0,0,0,0,0,0,0,0,0,0,0,0,0,0.837365498824519,2.02172803484756,0,0,2.02172803484756,0.837365498824519,1.59550481813018,0,1.28662458725834,0,0,0,0,0,0,0,0,0,0,0,0,0,0
"CCATGTCCAGGACACC-1","5",2.26115266845989,0,0,0,0,0,0,0,0,0,0,0,0,0,0,0,0,0.540100000130374,0,0,0,0.540100000130374,1.14693739710491,0,0,2.09946286034948,0.888860722804024,0.540100000130374,0.540100000130374,1.14693739710491,0,0,0,0.540100000130374,0,0,0,0,0,0,0,0,0,0
"CCATTAGAGCCAATCA-1","0",0,0,0,0,0,0,0,0,0,0,0,0,0,0,0,0,0,0,0,0,0,0.766123663244379,0.766123663244379,0,0,1.72377357473765,0,0.766123663244379,0,0,0,0,0,0,0,0,0,0,0,0,0,0,0,0
"CCATTAGAGCTATACG-1","5",2.94353942888089,0,0,0,0,0,0,0,0,0,0,0,0,0,0,0,0,0,0,0,0,0.915721110656852,0,0,0,1.94509630509709,0,0.915721110656852,0,1.38558228388564,0,0,0,0,0.915721110656852,0,0,0,0,0,0,0,0,0
"CCATTAGAGGTTAGTT-1","0",1.69616969960244,0,0,0,0,0,0,0,0,0,0,0,0,0,0,0,0,1.37843365192789,0,0,0,1.37843365192789,0.910007115552978,0,0,0.910007115552978,1.37843365192789,0.910007115552978,0,0.910007115552978,0,0,0,0,0,0,0,0,0,0,0,0,0,0
"CCATTGAAGCATCACA-1","2",1.88591661237324,0,0,0,0,0,0,0,0,0,0,0,0,0,0,0,0,0,0,0,0,0,2.19601660099357,0,0,2.28116207552067,0.587182859131637,0,0.954675309155836,2.10294091813892,0,0,0,0,0.587182859131637,0,0,0,0,0,0,0,0,0
"CCATTGAAGCTACTGA-1","0",2.18262853336983,0,0,0,0,0,0,0,0,0,0,0,0,0,0,0,0,0,0,0,0,1.17817924865194,1.47537638654094,0,0,2.30196657685074,1.47537638654094,1.17817924865194,0,1.17817924865194,0,0,0,0,0,0,0,0,0,0,0,0,0,0
"CCATTGAAGGTTCCTT-1","0",1.87965402813426,0,0,0,0,0,0,0,0,0,0,0,0,0,0,0,0,0,0,0,0,0.746805279567095,0.746805279567095,0,0,1.87965402813426,1.69396109224877,1.16953512736791,0,1.16953512736791,0,0.746805279567095,0,0.746805279567095,0,0,0,0,0,0,0,0,0,0.746805279567095
"CCATTTGCAATCCTTG-1","5",2.1227575635822,0,0,0,0,0,0,0,0,0,0,0,0,0,0,0,0,0,0,0,0,0,1.45126433435574,0,0,2.38005746434111,0,0.968600015934391,0,1.23877442475183,0,0,0,0,1.23877442475183,0,0,0,0,0,0,0,0,0.968600015934391
"CCCAAATGTTGTCACG-1","0",2.01375554864308,0,0.96426140763678,0,0,0,0,0,0,0,0,0,0,0,0,0,0,0,0,0,0,0.96426140763678,0.96426140763678,0,0,1.76960744355449,0,0,0,2.01375554864308,0,0,0,0,0,0,0,0,0,0,0,0,0,1.44590657609156
"CCCAACCTCCCCATTG-1","10",2.02451816476982,0,0,0,0,0,0,0,0.739749348587573,0,0,0,0,0,0,0,0,0,0,0,0,0,1.68299333222804,1.45540772047331,0,2.27862859892982,0,1.16027808192857,1.68299333222804,0.739749348587573,0,0,0,0,0,0,0,0,0,0,0,0,0,0
"CCCAATCCAGGACATT-1","5",2.2092612621537,0.963859941847694,0,0,0,0,0,0,0,0,0,0,0,0,0,0,0,0,0,0,0,0,0,0,0,2.51386483942866,0.963859941847694,0,0.963859941847694,2.2092612621537,0,0,0,0,0,0,0,0,0,0,0,0,0,0
"CCCAATCCATTGACGG-1","5",0.719122666963206,0,0.719122666963206,0,0,0,0,0,0,0,0,0,0,0,0,0,0,0,0,0,0,0,1.13309846473928,0,0,2.34886584555805,0.719122666963206,0,1.83468451394509,1.99003495396425,0,0,0,0,0,0,0,0,0,0,0,0,0,0
"CCCAATTTCCTGATTC-1","0",1.66327252234064,0,0,0,0,0,0,0,0,0,0,0,0,0,0,0,0,0,0,0,0,0.886044594398445,0.886044594398445,0,0,2.51802980403171,0.886044594398445,0,1.3483415537416,1.66327252234064,0,0,0,0,0,0.886044594398445,0,0,0,0,0,0,0,0
"CCCACGTTCGTGCTAA-1","16",0,0,0,0,0,0,0,0,0,0,0,0,0,0,0,0,0,0,0,0,0,0,0,0,0,1.56879010773368,0,0,1.56879010773368,0,0,0,0,0,0,0,0,0,0,0,0,0,0,0
"CCCACTATCACTGGGT-1","0",1.50343605343155,0,0,0,0,0,0,0,0,0,0,0,0,0,0,0,0,1.01107620681292,0,0,0,0,0,0,1.01107620681292,1.83188879516252,2.07872000148826,0,0,1.50343605343155,0,0,0,0,0,0,0,0,0,0,0,0,0,1.01107620681292
"CCCACTTGTAAGGTGC-1","0",2.02915279914333,0,0,0,0,0,0,0,0,0,0,0,0,0,0,0,0,0,0,0,0,0,2.02915279914333,0,0,2.65431722152604,0,0,0.842225454318861,1.83834255578622,0,0.842225454318861,0,0,0,0,0,0,0,0,0,0,0,0.842225454318861
"CCCACTTGTTGGATGA-1","11",0,1.37544326988424,0,0,0,0,0,0,0,0,0,0,0,0,0,0,0,1.37544326988424,0,0,0,0,1.37544326988424,0,0,1.37544326988424,0,0,0,0,0,0,0,0,0,0,0,0,0,0,0,0,0,0
"CCCAGTGAGGCACTGT-1","2",1.87337771405356,0,0,0,0,0,0,0,0,0,0,0,0,0,0,0,0,0,0,0,0,0,1.68791618173912,0,0,2.28405430369258,0,0,0.742912969914948,2.16497094164803,0,0,0,0,0,0,0,0,0,0,0,0,0,0
"CCCATAGGTCTGGTAT-1","14",3.27954036331902,0,0,0,0,0,0,1.2011568516163,0,0,0,0,0,0,0,0,0,0,0,0,0,0,0,0,0,0,0,0,1.2011568516163,0,0,0,0,0,0,0,0,0,0,0,0,0,0,0
"CCCATAGGTCTGTGTG-1","0",1.77244035960556,0,0,0,0,0,0,0,0,0,0,0,0,0,0,0,0,1.23622668766573,0,0,0,0.798092368163721,1.23622668766573,0,0,2.11959892848964,0.798092368163721,0,0,1.23622668766573,0,0,0,0,0,0.798092368163721,0,0,0,0,0,0,0,0
"CCCATAGGTTTGCCAG-1","0",1.87682371695796,0,0,0,0,0,0,0,0,0,0,0,0,0.582432842808156,0,0,0,0,0,0,0,1.21525886071253,0.582432842808156,0,0.948090804145707,2.18648811538289,0.948090804145707,0.948090804145707,0,0,0,0,0,0,0,0,0,0,0,0,0,0,0,0
"CCCATATTCCTCTCAG-1","2",2.28697231135285,0,0,0,0,0,0,0,0,0,0,0,0,0,0,0,0,0,0,0,0,0.816949187089771,2.14960885591511,0,1.26049501212322,2.28697231135285,0,0,0.816949187089771,1.26049501212322,0,0,0,0,0,0,0,0,0,0,0,0,0,0
"CCCATATTCGTTGCTT-1","10",0,0,0,0,0,0,0,2.95453750893695,2.57479022042783,0,0,0,0,0,0,0,0,0,0,0,0,0,0,0,0,0,0,0,0,0,0,0,0,0,0,0,3.22910831514331,0,0,0,0,0,0,0
"CCCATATTCTGGTAAT-1","0",1.70221126996884,0,0.445171693598706,0,0,0,0,0,0,0,0,0,0,0,0,0,0,0,0,0,0,0.752131064171471,0.445171693598706,0,0,2.11503258481717,0.445171693598706,0.752131064171471,0.752131064171471,0,0,0,0,0.445171693598706,0,0,0,0,0,0,0,0,0,0
"CCCATCGCAAACCCAG-1","0",2.44055709617106,0,0,0,0,0,0,0,0,0,0,0,0,0,0,0,0,0.837216902341797,0,0,0,2.02150071701118,0,0,0,2.54861383908826,0,0,0.837216902341797,1.28643494431144,0,0,0,0,0,1.28643494431144,0,0,0,0,0,0,0,0
"CCCATCGCATCACATT-1","3",1.94214817471432,0,0,0,0,0,0,0,0,0,0,0,0,0,0,0,0,0,0,0,0,0,0,0,0,0,0,0,0,0,0,0,0,0,0,0,0,0,0,0,0,0,0,0
"CCCATCTGTATGGCAA-1","9",2.00675659933433,0,0,0,0,0,0,0,0,0,0,0,0,2.00675659933433,0,0,0,0,0,0,0,0,0,0,0,0,0,0,0,0,0,0,0,0,0,0,0,0,0,0,0,0,0,0
"CCCATCTGTTGGAGAC-1","2",1.95025125447153,0.919331483264979,0,0,0,0,0,0,0,0,0,0,0,0,0,0,0,0,0,0,0,0,0.919331483264979,0,0,2.14453466363385,0,0,0,2.14453466363385,0,0,0,0,0,0,0,0,0,0,0,0,0,0
"CCCATGCTCTCACATC-1","1",1.79635756285368,0,0,0,0,0,0,0,0,0,0,0,0,0,0,0,0,0,0,0,0,0,0,0,0,3.04977567934659,1.79635756285368,0,0,1.79635756285368,0,0,0,0,1.79635756285368,0,0,0,0,0,0,0,0,1.79635756285368
"CCCATTGTCGTACAGC-1","3",3.23592829853309,0,0,0,0,0,0,0,0,0,0,0,0,0,0,0,0,0,0,0,0,0,0,0,0,0,0,0,0,0,0,0,0,0,0,0,0,0,0,0,0,0,0,0
"CCCATTTAGAAGCGAT-1","3",2.97629666750487,0,1.55244592511066,0,0,0,0,0,0,0,0,0,0,0,0,0,0,0,0,0,0,0,0,0,0,1.55244592511066,0,0,0,0,0,0,0,1.55244592511066,0,0,0,0,0,0,0,0,0,0
"CCCGAACGTGATGACA-1","0",2.43012557022746,0,0,0,0,0,0,0,0,0,0,0,0,0,0,0,0,0,0,0,0,1.49367597101243,0.766000439662335,0,0.766000439662335,1.91039058195259,0,1.19461640319719,0,1.49367597101243,0,0,0,0,0,0,0,0,0,0,0,0,0,0
"CCCGAATAGCCTCTGC-1","0",1.13581752018379,0,0,0,0,0,0,0,0,0,0,0,0,0,0,0,0,0,0,0,0,0,1.65392092078331,0,0,1.13581752018379,0,0,0,1.13581752018379,0,0,0,0,0,0,0,0,0,0,0,0,0,0
"CCCGAATAGGGGATTG-1","8",2.03329609784027,0,0,0,0,0,0,0,0,0,0,0,0,0,0,0,0,0,0,0,0,1.29628480738577,1.60613942302312,0,0,1.84235429462895,1.84235429462895,0.844942907252522,0.844942907252522,2.33165002126141,0,0,0,0,0,0,0,0,0,0,0.844942907252522,0,0,2.45296518121428
"CCCGACAAGTGAGGTG-1","2",2.33718335136771,0,0,0,0,0,0,0,0,0,0,0,0,0,0,0,0,0,0,0,0,0,1.61103983508343,0,0,1.61103983508343,0,0,0.848442352643748,1.84751285382332,0,0,0,0,0,0,0,0,0,0,0,0,0,0.848442352643748
"CCCGACAAGTGCCGTG-1","3",2.61845790871233,0,0,0,0,0,0,0,0,0,0,0,0,0,0,0,0,0,0,0,0,0,0,0,0,0,0,0,0,0,0,0,0,0,0,0,0,0,0,0,0,0,0,0
"CCCGACAAGTTGCAGC-1","4",2.13729163393663,0,0.404417857046238,0,0,0,0,0,0,0,0,0,0,0,0,0,0,0,0,0,0,1.25051751459413,1.25051751459413,0,0,2.01217788322288,0,0.404417857046238,0,1.70217560642141,0,0,0,0,0.691575892404164,0,0,0,0,0,0,0,0,0.404417857046238
"CCCGATAGTGGCTTGC-1","8",1.41276071691446,0,0,0,0,0.574825080967725,0,0,0,0,0,0,0,0,0,0,0,0.574825080967725,0,0,0,1.20311016249027,1.41276071691446,0,0,2.17113119818728,0.574825080967725,0,0.574825080967725,1.86217722080732,0,0,0,0,0,0,0,0,0,0,0,0,0,2.33426169013098
"CCCGATGAGCCGATTA-1","6",0,1.38457183682205,0,0,0,0,0,0,0,0,0,0,0,0,0,0,0,0,0,0,0,0,0,0,0,1.94394130746743,0,0,1.38457183682205,0,0,0,0,0,0,0,0,0,0,0,0,0,0,4.5724373305138
"CCCGATTCATGGCGTA-1","3",2.8060260038099,0,0,0,0,0,0,0,0,0,0,0,0,0,0,0,0,0,0,0,0,0,0,0,0,0,0,0,0,0,0,0,0,0,0,0,0,0,0,0,0,0,0,0
"CCCGCATTCTTGATCC-1","5",2.33102684787772,0,0,0,0,0,0,0,0,0,0,0,0,0,0,0,0,0.656924013742497,0,0,0,0,2.01516306475125,0,0,2.01516306475125,0.656924013742497,1.05001716399479,0,1.05001716399479,0,1.05001716399479,0,0,0.656924013742497,0,0.656924013742497,0,0,0,0,0,0,0
"CCCGCTTAGGATGTAA-1","0",1.55893456990057,0,0,0,0,0,0,0,0,0,0,0,0,0,0.560044696370049,0,0,0.560044696370049,0,0,0,0.560044696370049,1.70556675785926,0,0.560044696370049,2.22551593790571,0.560044696370049,0.560044696370049,0,1.38704483019826,0,0,0,0,0,0,0,0,0,0,0,0,0,0
"CCCGCTTAGGCGTCCA-1","11",0,0,0,0,0,0,0,0,0,0,0,0,0,0,0,0,0,0,0,0,0,1.50493352789445,0,0,0,2.44335198406436,1.50493352789445,0,0,0,0,0,0,0,0,0,0,0,0,0,0,0,0,0
"CCCGCTTAGGTAACGG-1","1",2.03231056278963,0,0,0,0,0,0,0,0,0,0,0,0,0,0,0,0,0,0,0,0,0.791073730031229,1.52980809352606,0,0,1.95001851939546,0.791073730031229,0.791073730031229,1.38989010727418,2.30689843945176,0,0,0,0.471803118495811,0,0,0,0,0,0,0,0,0,1.03270227623126
"CCCGGTAAGGCGATCT-1","5",1.86863594734354,0,0,0,0,0,0,0,0,0,0,0,0,0,0,0,0,0,0,0,0,0,0,0,0,1.86863594734354,0,0,1.31901235403657,1.31901235403657,0,0,0,0,0,0,0,0,0,0,0,0,0,0
"CCCGGTTTCACAGGGA-1","6",1.57362248457613,0,0,0,0,0,0,0,0,0,0,0,0,0,0,0,0,0,0,0,0,1.57362248457613,0,0,0,2.52350820773117,0,0,0,0,0,1.57362248457613,0,0,0,0,0,0,0,0,0,0,0,3.32390741454288
"CCCGTAAGTGCAATGA-1","4",2.20908482282383,0,0,0,0,0,0,0,0,0,0,0,0,0,0,0,0,0,0,0,0,1.03020477865857,0,0,0,1.30899725775593,0,0,0.64228523837341,1.85706620705739,0,0,0,0,0,0,0,0,0,0,0,0,0,1.30899725775593
"CCCGTAAGTTGCACTG-1","4",2.01309959354311,0,0,0,0,0,0,0,0,0,0,0,0,0,0,0,0,0.892588619567367,0,0,0,0,1.35657788879141,0,0,1.79923893565935,0,0,0.542743226734296,0.892588619567367,0,0,0,0,0,0,0,0,0,0,0,0,0,1.67228581609376
"CCCTAACCACCTATCA-1","7",1.09120092599847,0,0,0,0,0,0,0,0,0,0,0,0,0,0,0,0,0,0,0,0,1.37795270401144,1.93637112600855,0,0,2.06970281818309,0,1.78248665142711,1.09120092599847,2.93389053476883,0,0,0.68759381444339,0,0,0,0.68759381444339,0,0,0,0,0,0,1.37795270401144
"CCCTAATTCTAATGGT-1","5",2.25896525060686,0,0,0,0,0,0,0.799639939250737,0,0,0,0,0,0,0,0,0,0,0,0,0,0,1.9634270728463,0,0,2.25896525060686,0,0.799639939250737,0,1.9634270728463,0,0,0,0,0.799639939250737,0,0,0,0,0,0,0,0,1.23822334592425
"CCCTACGCATGGAATC-1","1",1.73859280191354,0,0.775801678793681,0,0,0,0,0,0,0,0,0,0,0,0,0,0,0,0,0,0,0.775801678793681,1.73859280191354,0,0,1.50784779713448,0.775801678793681,0,0,2.33975211611937,0,0,0,0,0,0,0,0,0,0,0,0,0,1.20736680372182
"CCCTAGCTCCCGCTGT-1","2",1.45515581792763,0,0,0,0,0,0,0,0,0,0,0,0,0,0,0,0,0,0,0,0,0.739577597150501,1.45515581792763,0,0.739577597150501,1.6827258250093,0.739577597150501,0,0,1.45515581792763,0,0,0,0,0,0,0,0,0,0,0,0,0,0.739577597150501
"CCCTAGCTCTATCGCT-1","2",0.991153610958544,0,0,0,0,0,0,0,0,0,0,0,0,0,0,0,0,0,0,0,0,0.613654982121342,1.65552963020748,0,0,1.80550172772813,0.613654982121342,0,0.613654982121342,1.65552963020748,0,0,0,0.613654982121342,0,0,0,0,0,0,0,0,0,0
"CCCTAGTCAACCTACC-1","11",2.29258039944184,0,0,0,0,0,0,0,0,0,0,0,0,0,0,0,0,0,0,0,0,0.521557912440059,0,0,0,2.22091958954224,0,0.521557912440059,0,0,0,0,0,0.521557912440059,0,0,0,0,0,0,0,0,0,0.862594674236539
"CCCTCAATCACCACGG-1","2",1.20408948363299,0,0.575437071065855,0,0,0,0,0,0,0,0,0,0,0,0,0,0,0,0,0,0,0.575437071065855,1.8633592513639,0,0,1.73473832374796,0,0,1.20408948363299,1.73473832374796,0,0,0,0,0,0.575437071065855,0,0,0,0,0,0,0,0
"CCCTCACAGATAGTAG-1","0",2.2865183429698,0,0,0,0,0,0,0,0,0,0,0,0,0,0,0,0,0,0,0,0,0,1.80035256802523,0,0,2.51499174503489,0,0,0.816667145491448,1.26013299340663,0,0,0,0,0,0,0,0,0,0,0,0,0,0
"CCCTCACAGCTGAGAG-1","3",2.84343659138863,0,1.61813431960429,0,0,0,0,0,0,0,0,0,0,0,0,0,0,0,0,0,0,0,0,0,0,0,0,0,0,0,0,0,0,0,0,0,0,0,0,0,0,0,0,0
"CCCTCACAGGTGAGTG-1","5",2.3010565219101,0,0,0,0,0,0,0,0,0,0,0,0,0,0,0,0,0,0,0,0,1.81386811590211,1.57910175768955,0,0,2.87276882305147,0,0.825723490103917,0,2.3010565219101,0,0,0,0,0,0,0,0,0,0,0,0,0,1.27174300592524
"CCCTCAGCATCCATCA-1","2",1.70950987568117,0,0,0,0,0,0,0,0,0,0,0,0,0,0,0,0,0,0,0,0,0.919784921826075,1.70950987568117,0,0,2.22981321315521,0,0,0.919784921826075,1.56273970464436,0,0,0,0,0,0,0,0,0,0,0,0,0,0
"CCCTGAGAGCCGCACA-1","0",1.74480437907979,0,0,0,0,0,0,0,0,0,0,0,0,0,0,0,0,0,0,0,0,0,2.34656015530785,0,0,1.74480437907979,0,1.2126522505497,0,0,0,0,0,0,0,0,0,0,0,0,0,0,0,0
"CCCTGTTGTCTCCACT-1","7",2.18884756499817,0,0,0,0,0,0,0,0,0,0,0,0,0,0,0,0,0.348613339267705,0,0,0,0.60660966985412,1.79262805262323,0,0.348613339267705,2.66355735954438,0,0.98148076127635,0.811509355631369,2.57230174413469,0,0,0,0,0,0,0,0,0,0,0,0,0,0.811509355631369
"CCCTTAACAAGCTAAC-1","10",0,0,0,2.68967140524988,0,0,0,0,2.06222136969842,0,0,0,0,0,0,0,0,2.06222136969842,0,0,0,0,0,3.07224200668382,0,0,0,0,0,0,0,0,0,0,0,0,0,0,0,0,0,0,0,0
"CCCTTAACATAGGGTT-1","0",1.48147576621539,0,0.757597170866597,0,0,0,0,0,0,0,0,0,0,0,0,0,0,0,0,0,0,1.18365446333576,1.18365446333576,0,0,1.18365446333576,0,0.757597170866597,0.757597170866597,1.71065387394338,0,0,0,0,0,0,0,0,0,0,0,0,0,0.757597170866597
"CCCTTGATCCGCGACA-1","1",1.2471662870128,0,0,0,0,0,0,0,0,0,0,0,0,0,0,0,0,0.806579951447535,0,0,0,0.482498110801541,1.41112913667463,0,0.806579951447535,2.20403638696193,0.482498110801541,0.806579951447535,0.806579951447535,2.44599098746029,0,0,0,0,0,0,0,0,0,0,0,0,0,1.2471662870128
"CCCTTTAGTTGGCTGC-1","9",3.13086678662426,0,0,1.86770977587311,0,0,0,0,0,0,0,0,0,0,0,0,0,0,0,0,0,0,0,0,0,0,0,1.86770977587311,0,0,0,0,0,0,0,0,0,0,0,0,0,0,0,0
"CCGAAATCAACCTCGT-1","8",1.32934023152993,0,0,0,0,0,0,0,0,0,0,0,0,0,0,0,0,0,0,0,0,0,2.49437818521525,0,0,2.23384027552461,0,0,0,1.88054830915556,0,0,0,0,0,0,0,0,0,0,0,0,0,2.23384027552461
"CCGAAATCAGCACTTC-1","4",1.65904933948192,0,0,0,0,0,0,0,0,0,0,0,0,0,0,0,0,0,0,0,0,1.56477770975735,0.387098461824154,0,0,0.882983955158873,0,0.387098461824154,1.344484622185,1.56477770975735,0,0,0,0.665469142252576,0,0,0,0,0,0,0,0,0,0
"CCGAAATCATGCTCCG-1","5",0,0,0,0,0,0,0,0,0,0,0,0,0,0,0,0,0,0,0,0,0,0,0,0,0,3.10897179654093,0,0,0,2.09588898999699,0,0,0,0,0,0,0,0,0,0,0,0,0,0
"CCGAACTAGAATCCGC-1","8",1.33764000638661,0,0.660975375791515,0,0,0,0,0,0,0,0,0,0,0,0,0,0,0,0,0,0,0,2.24390920809848,0,0.660975375791515,2.139294481964,0,1.05548235836034,0,1.55745419419753,0,0.660975375791515,0,0,0.660975375791515,0,0,0,0,0,0,0,0,2.82870714041151
"CCGAACTAGTCGCTCC-1","1",1.69914583668976,0,0.750150399241671,0,0,0,0,0,0,0,0,0,0,0,0,0,0,0,0,0,0,0,1.47062524002999,0,0.750150399241671,1.88503609469662,0,0,0.750150399241671,2.81195714687253,0,0,0.750150399241671,0,0,0,0,0,0,0,0,0,0,1.17391667173224
"CCGAATATCAGCTCGG-1","0",0.81907106908126,0,0,0,0,0,0,0,0,0,0,0,0,0,0,0,0,0,0,0,0,0.81907106908126,0,0,0.81907106908126,1.80394603009865,0,0,0.81907106908126,0,0,0,0,0,0,0,0,0,0,0,0,0,0,0
"CCGACAACAATGAAGG-1","0",1.21473098105932,0,0,0,0,0,0,0,0,0,0,0,0,0,0,0,0,0.781475661591399,0,0,0,0.781475661591399,1.51602381333029,0,0,2.09287127525406,0.781475661591399,0,0,0,0,0,0,0.781475661591399,0,0,0,0,0,0,0,0,0,0
"CCGACAACAGCACTTC-1","5",2.53145953943325,0,0.675146207997279,0,0,0,0,0,0,0,0,0,0,0,0,0,0,0.675146207997279,0,0,0,1.07453825681622,0.675146207997279,0,0,2.45165331015021,1.07453825681622,0.675146207997279,0,1.7615752705669,0,0,0,0,0,0,0,0,0,0,0,0,0,1.07453825681622
"CCGACCAAGCGCCTGA-1","8",1.67018177259671,0,0,0,0,0,0,0,0,0,0,0,0,0.731542251459827,0,0,0.731542251459827,0,0,0,0,1.44334793635877,1.14948496409249,0,0,1.44334793635877,0,0,0,2.26449550610435,0,0,0,0.731542251459827,0,0,0,0,0,0,0,0,0,2.26449550610435
"CCGACCTTCACCTCGC-1","0",1.26962249442354,0,0,0,0,0,0,0,0,0,0,0,0,0,0,0,0,0,0,0,0,1.57676240779286,0.824067668376799,0,0,2.16085166667293,1.26962249442354,0.824067668376799,1.26962249442354,0.824067668376799,0,0,0,0,0,0,0,0,0,0,0,0,0,0
"CCGACCTTCGAACGTC-1","11",1.86770977587311,0.913390575864165,0.403854948819341,0,0,0,0,0,0,0,0,0,0,0,0,0,0,0.403854948819341,0,0,0,0.403854948819341,1.24930944692482,0,0,1.50031631752831,0.913390575864165,0,0.690730968352073,0,0,0,0,0,0,0,0,0,0,0,0,0,0,3.17341761662494
"CCGATTAAGAACCTGC-1","9",3.14510967462859,2.49412330489292,0,0,0,0,0,0,0,0,0,0,0,0,0,0,0,0,0,0,0,0,0,0,0,0,0,0,0,0,0,0,0,0,0,0,0,0,0,0,0,0,0,0
"CCGATTAAGCATGCAC-1","10",1.88219852107302,1.88219852107302,0,0,0,0,0,0,0,0,2.87377852583086,0,0,0,0,0,0,0,0,0,0,0,0,2.49616449684084,0,0,0,0,0,0,0,0,0,0,0,0,2.87377852583086,0,0,0,0,0,0,0
"CCGATTAAGCCCGTAG-1","5",1.16276595123645,0,0,0,0,0,0,0,0,0,0,0,0,0,0,0,0,0,0,0,0,0,0,0,0,2.28187968364256,1.16276595123645,1.16276595123645,0,1.68594280863856,0,0,0,0,0,0,0,0,0,0,0,0,0,1.68594280863856
"CCGATTAAGCGCTTCC-1","7",1.70253232467151,0,0,0,0,0,0,0,0,0,0,0,0,0,0,0,0,0.986911358965316,0,0,0,0.986911358965316,1.88855089422842,0,0,2.35485793663741,0.986911358965316,1.1767804358176,0,2.04533395431863,0,0,0,0,0,0,0,0,0,0,0,0,0,0.752338631157737
"CCGATTAAGTGAGATA-1","8",1.21581507902271,0,0,0,0,0,0,0,0,0,0,0,0,0,0,0,0,0.782311751131728,0,0,0,0,1.74851866290355,0,0.782311751131728,2.0942226016481,0,1.21581507902271,0.782311751131728,1.93623573104662,0,0,0,0,0,0,0.782311751131728,0,0,0,0,0,0,2.23062151051123
"CCGCAAGTCATCTGTC-1","5",1.98980780126555,0,0,0,0,0,0,0,0,0,0,0,0,0,0,0,0,0,0,0,0,1.7466916502955,1.98980780126555,0.947220231279931,0,1.98980780126555,0.947220231279931,0,0,1.98980780126555,0,0,0,0,0,0,0,0,0,0,0,0,0,0
"CCGCAAGTCATGGATT-1","0",2.29087929861518,0,1.08995451203202,0,0,0,0,0,0,0,0,0,0,0,0,0,0,0,0,0,0,0.686660885445151,1.78092548547528,0,0,2.29087929861518,0.686660885445151,0.686660885445151,0,1.08995451203202,0,0,0,0.686660885445151,0,0,0,0,0,0,0,0,0,0
"CCGCAAGTCGTGCAAC-1","0",2.59233548235771,0,0,0,0,0,0,0,0,0,0,0,0,0,0,0,0,0,0,0,0,0,0,0,0,3.07276579905356,1.63321559807939,0,0,0,0,0,0,0,0,0,0,0,0,0,0,0,0,0
"CCGCAAGTCTAGCGCG-1","4",1.21475875139303,0,0.582118982714672,0,0,0,0,0,0,0,0,0,0,0,0,0,0,0,0,0,0,1.21475875139303,1.59921284200317,0,0.947655303029037,0.582118982714672,0,0,0,1.59921284200317,0,0,0,0.582118982714672,0,0,0,0,0,0,0,0,0,0
"CCGCATTCACATACGG-1","0",1.78926383528991,0,1.25062423523555,0,0,0,0,0,0,0,0,0,0,0,0,0,0,0.809267152470309,0,0,0,1.25062423523555,1.25062423523555,0,0,2.98030986956607,0,0,0.809267152470309,0.809267152470309,0,0,0,0,0,0,0,0,0,0,0,0,0,0
"CCGCCATTCTTGACGA-1","5",1.2133165770732,0,0,0,0,0,0,0,0,0,0,0,0,0,0,0,0,0,0,0,0,0,2.34741512404544,0,0,2.72048926360942,0,0,1.74558470433494,0,0,0,0,0,0,1.2133165770732,0,0,1.2133165770732,0,0,0,0,1.2133165770732
"CCGCCTTAGCTGGAAG-1","0",1.48604530496003,0,0,0,0,0,0,0,0,0,0,0,0,0,0,0,0,0,0,0,0,0,1.7154980579092,0,0,2.51758431871366,0,0.760740844195978,0,0.760740844195978,0,0,0,0,0,0,0,0,0,0,0,0,0,0.760740844195978
"CCGCGATGTTCGCTTC-1","6",0,2.08347698886162,0,0,0,0,0,0,0,0,0,0,0,0,0,0,0,0,0,0,0,0,0,0,0,2.08347698886162,0,0,0,0,0,0,0,0,0,0,0,0,0,0,1.50766526428627,0,0,3.24310865629258
"CCGCTAAGTATAGACG-1","10",2.27128770945675,0,0,0,1.15466751402072,0,0,0,1.15466751402072,0,0,0,0,0,0,0,0,0,0,0,0,0,2.47357952050345,0,0,2.91146691538151,0,1.15466751402072,1.67633674883342,1.67633674883342,0,0,0,0,0,0,2.01742049224816,0,0,0,0,0,0,1.67633674883342
"CCGCTAAGTATGGCTT-1","0",1.19317375039945,0,0,0,0,0,0,0,0,0,0,0,0,0,0,0,0,0,0,0,0,1.19317375039945,0,0,1.49207121743652,2.5247402180092,0.764893294579957,0,0.764893294579957,1.49207121743652,0,0,0,0,0,0,0,0,0,0,0,0,0,0.764893294579957
"CCGCTCACAATCCTTG-1","2",1.74930312325568,0,0,0,0,0,0,0,0,0,0,0,0,0,0,0,0,0,0,0,0,0.94915717424283,1.87829787435069,0,0.583201523283046,1.60116946017492,0,0,0.583201523283046,1.60116946017492,0,0,0,0,0,0,0,0,0,0,0,0,0,0
"CCGCTTATCGACTACA-1","12",2.9539628606777,0,0,0,0,0,0,0,0,0,0,0,0,0,0,0,0,0,0,0,0,0,0,0,0,0,0,0,0,0,0,0,0,0,0,0,0,0,0,0,0,0,0,2.31163492851396
"CCGCTTATCGTACGGT-1","7",1.96430492963723,0,0,0,0,0,0,0,0,0,0,0,0,0,0,0,0,0,0,0,0,0,1.62661684555831,0,0,2.96475051414987,0,0,0,1.96430492963723,0,0,0,0,0,0,0,0,0,0,0,0,0,1.11294848226797
"CCGGAACCAACATGCG-1","7",2.1022844575076,0,0.50269336488744,0,0,0,0,0,0,0,0,0,0,0,0,0,0,0.50269336488744,0,0,0,1.28444751433699,2.01911794411343,0,0.835660000270703,2.59601482237508,1.08502154900945,0.50269336488744,0,2.31691690991233,0,0,0,0,0.50269336488744,0,0,0,0,0,0,0,0,1.45063895424497
"CCGGATTAGGGTTGAG-1","0",2.6803808874552,0,1.31322083398467,0,0,0,0,0,0,0,0,0,0,0,0,0,0,0,0,0,0,0,0,0,0,1.86194760327174,0,0,0,0,0,0,0,0,0,0,0,0,0,0,0,0,0,0
"CCGGATTAGGTCAATT-1","1",1.87499630017409,0,0,0,0,0,0,0,0,0,0,0,0,0,0,0,0,0,0,0,0,1.04389735703126,0.652394193596045,0,1.04389735703126,1.72288489349377,0,1.04389735703126,0,2.00699550418798,0,0,0,0,0,0,0,0,0,0,0,0,0,2.00699550418798
"CCGGCAATCATGCAGC-1","0",2.4046905686275,0,1.1752305274748,0,0,0,0,0,0,0,0,0,0,0,0,0,0,0,0,0,0,0.75115414655051,1.7006997307803,0,0,1.7006997307803,1.1752305274748,0.75115414655051,0,1.47208993532583,0,0,0,0,0,0,0,0,0,0,0,0,0,0.75115414655051
"CCGGCAATCTCACTGT-1","4",1.53736192508292,0,0,0,0,0,0,0,0,0,0,0,0,0,0,0,0,0,0,0,0,0.475436858073327,0.475436858073327,0,0.79635051361126,1.03891552941206,0,0.79635051361126,0,1.76980941977942,0,0,0,0,0,0,0,0,0,0,0,0,0,0
"CCGGCTAAGCCCTGGA-1","3",2.73003949435588,0,2.35666237280503,0,0,0,0,0,0,0,0,0,0,0,0,0,0,0,0,0,0,0,0,0,0,0,0,0,0,0,0,0,0,0,0,0,0,0,0,0,0,0,0,0
"CCGGTACGTTCCGCTT-1","0",2.12504471485571,0,0,0,0,0,0,0,0,0,0,0,0,0,0,0,0,0,0,0,0,0,1.5447150425081,0,0,2.12504471485571,0,1.04497167036493,0,1.5447150425081,0,0,0,0,0,0,0,0,0,0,0,0,0,0
"CCGGTATAGTACCAAT-1","8",2.11259896985123,0,0.712228686297565,0,0,0,0,0,0,0,0,0,0,0,0,0,0,0,0,0,0,0,1.97840176896744,0,0,1.63979596203484,0,0.712228686297565,0,1.4147817952168,0,0.712228686297565,0,0,0,0,0,0,0,0,0,0,0,2.51961590878248
"CCGGTTGAGGAGTCAG-1","1",1.87235238324284,0,1.32223270296661,0,0,0,0,0,0,0,0,0,0,0,0,0,0,0,0,0,0,0.865373927159306,2.06426085296416,0,0.865373927159306,2.48550269299585,0,0.865373927159306,0.865373927159306,2.59398890481189,0,0,0,0,0,0,0,0,0,0,0,0,0,0
"CCGTAAATCACCATGA-1","2",0.870263501828717,0,0.870263501828717,0,0,0,0,0,0,0,0,0,0,0,0,0,0,0,0,0,0,0,1.64144413967767,0,0,2.2327246328285,0.870263501828717,0,0,2.2327246328285,0,0,0,0,0.870263501828717,0,0,0,0,0,0,0,0,0
"CCGTAACAGCATGGGA-1","0",1.48534013959206,0,0,0,0,0,0,0,0,0,0,0,0,0,0,0,0,0,0,0,0,0.99629664614527,0,0,0,1.81232994856295,0,0,0,1.48534013959206,0,0,0,0,0,0,0,0,0,0,0,0,0,0
"CCGTAATGTTCCGCAA-1","1",2.16343400600862,0,0,0,0,0,0,0,0,0,0,0,0,0,0,0,0,0.465230988224658,0,0,0,1.2147726370932,1.84552733691274,0,0,2.29109225444507,0.465230988224658,0,1.02142374698002,2.45641075618673,0,0,0,0,0,0,0,0,0,0,0,0,0,1.02142374698002
"CCGTACCTCACCACGG-1","5",0,0,0,0,0,0,0,0,0,0,0,0,0,0,0,0,0,0,0,0,0,0,0.902186458644107,0,0,2.42080427404348,0,0,0,0.902186458644107,0,0,0,0,0,0,0.902186458644107,0,0,0,0,0,0,0
"CCGTAGTAGCTAGTTG-1","3",2.69996765988857,0,0,0,0,0,0,0,0,0,0,0,0,0,0,0,0,0,0,0,0,0,0,0,0,1.49734649054737,0,0,0,0,0,0,0,0,0,0,0,0,0,0,0,0,0,0
"CCGTATGGTAGCTATC-1","1",1.61997394496256,0,0,0,0,0,0,0,0,0,0,0,0,0,0,0,0,0.854834908179868,0,0,0,0.854834908179868,0.854834908179868,0,0,2.67482856991134,0,0,0.854834908179868,1.30886576946695,0,0,0,0,0.854834908179868,0,0,0,0,0,0,0,0,0.854834908179868
"CCGTATGGTTGGCGAG-1","4",2.29276506933908,0,0.521641399664049,0,0,0,0,0,0,0,0,0,0,0,0,0,0,0,0,0,0,0.521641399664049,1.86846220097024,0,0,2.06024699489014,0,0.521641399664049,0.521641399664049,2.14390569605172,0,0,0,0,0,0,0,0,0,0,0,0,0,2.14390569605172
"CCGTCAAGTAGCCTTG-1","0",2.48499832142028,0,0,0,0,0,0,0,0,0,0,0,0,0,0,0,0,0,0,0,0,1.23683359946975,1.54052361714646,0,0,2.12035154112842,1.23683359946975,1.23683359946975,0,1.54052361714646,0,0,0,0,0,0,0.798562700205575,0,0,0,0,0,0,0.798562700205575
"CCGTCCACATCCTAAT-1","0",1.34781411449433,0,0.885625905107508,0,0,0,0,0,0,0,0,0,0,0,0,0,0,0,0,0,0,0.885625905107508,0.885625905107508,0,0,1.34781411449433,0.885625905107508,0,0.885625905107508,1.66269508910763,0,0,0,0,0,0,0,0,0,0,0,0,0,0
"CCGTCTATCCCGCGTT-1","9",3.4785784754726,0,0,0,0,0,0,0,0,0,0,0,0,0,0,0,0,0,0,0,0,0,0,0,0,0,0,0,0,0,0,0,0,0,0,0,0,0,0,0,0,0,0,0
"CCGTGATAGCGAAGGC-1","0",2.25363043600546,0.99489805080823,0,0,0,0,0,0,0,0,0,0,0,0,0,0,0,0,0,0,0,0.99489805080823,0,0,0,2.25363043600546,0.99489805080823,0.99489805080823,1.81047422275296,1.48362459509225,0,0,0,0,0,0.99489805080823,0,0,0,0,0,0,0,0
"CCGTGCAAGGATTCAT-1","9",2.53270310735032,0,0,0,0,0,0,0,0,0,0,0,0,0,0,0,0,0,0,0,0,0,0,0,0,0,0,2.53270310735032,0,0,0,0,0,0,0,0,0,0,0,0,0,0,0,0
"CCGTGCAAGTAACGCC-1","2",1.31351897346239,0,0,0,0,0,0,0.858500295260349,0,0,0,0,0,0,0,0,0,0,0,0,0,0,0,0,0.858500295260349,2.05387966967983,0,0,0,2.21459678509713,0,0.858500295260349,0,0,0,0,0,0,0,0,0,0,0,0
"CCGTGTGAGGTATGGG-1","4",2.44213706161515,0,0,0,0,0,0,0,0,0,0,0,0,0,0,0,0,0.717722008424811,0,0,0,0.717722008424811,1.64847288182441,0,0.717722008424811,1.64847288182441,0,1.13124632873323,0.717722008424811,2.24050418350767,0,0.717722008424811,0,0.717722008424811,0,0,0,0,0,0,0,0,0,0
"CCGTGTGAGTGAGCCT-1","13",2.52280500129781,0,1.5730164873976,0,0,0,0,0,0,0,0,0,0,0,0,0,0,0,0,0,0,0,0,0,0,3.17500818318602,0,0,0,0,0,0,0,0,0,0,0,0,0,0,0,0,0,0
"CCGTTAGGTGGCTGTC-1","8",1.39979475577479,0,0,0,0,0,0,0.702167664367464,0,0,0,0,0,0,0,0,0,0,0,0,0,1.11062160855166,2.41423610568686,0,0.702167664367464,2.41423610568686,0,1.39979475577479,1.11062160855166,1.96132437873694,0,0,0,0,0,0,0,0,0,0,0,0,0,2.09517438806648
"CCGTTCATCGTGCCGA-1","8",2.09767836037896,0,0,0,0,0,0,0,0,0,0,0,0,0,0,0,0,0,0,0,0,0,2.32133810798952,0,0,2.65839995714363,0,0,0.703608908194374,2.41683592949348,0,0,0,0,0,0,0,0,0,0,0,0,0,2.32133810798952
"CCGTTGGAGCGATTGC-1","5",2.05640247430286,0,0.99489805080823,0,0,0,0,0,0,0,0,0,0,0,0,0,0,0,0,0,0,0.99489805080823,0,0,0,2.98309955164523,2.05640247430286,0.99489805080823,0.99489805080823,1.48362459509225,0,0,0,0,0,0,0,0,0,0,0,0,0,0
"CCGTTGGAGCGCCTGA-1","10",2.51267327103908,2.51267327103908,0,0,0,0,0,0,0,0,0,0,0,0,0,0,0,0,0,0,0,0,0,2.51267327103908,0,0,0,0,0,2.51267327103908,0,0,0,0,0,0,0,0,0,0,0,0,0,0
"CCGTTGGAGTGCTGTA-1","2",2.12922193149299,0,0,0,0,0,0,0,0,0,0,0,0,0,0,0,0,0.804116090859882,0,0,0,0,2.2662366553995,0,0,2.38672058487306,0,0,0,1.54844743780219,0,0,0,0,0,0,0,0,0,0,0,0,0,0
"CCTAACCCAAGCGTTG-1","3",2.54994312838816,0,0,0,0,0,0,0,0,0,0,0,0,0,0,0,0,0,0,0,0,0,0,0,0,0,0,0,0,0,0,0,0,0,0,0,0,0,0,0,0,0,0,0
"CCTAACCCATTCCTCT-1","0",1.72966361801712,0,0.769964323979181,0,0,0,0,0,0,0,0,0,0,0,0,0,0,0,0,0,0,1.49941490197182,1.72966361801712,0,0,2.6215173449653,0.769964323979181,0.769964323979181,0,0.769964323979181,0,0,0,0,0,0,0,0,0,0,0,0,0,0
"CCTAATGAGCTAATGT-1","0",0,0,1.0618755606386,0,0,0,0,0,0,0,0,0,0,0,0,0,0,0,0,0,0,1.0618755606386,0,0,0,2.14793611776823,0,0,0,1.89842446852378,0,0,0,0,0,0,0,0,0,0,0,0,0,0
"CCTACCATCCCCTTAG-1","5",1.78100756679089,0,0,0,0,0,0,0,0,0,0,0,0,0,0,0,0,0.803775141384854,0,0,0,0.480559760164331,1.67125803328157,0,0.480559760164331,2.38616016791626,1.04764799576403,0.480559760164331,0,1.78100756679089,0,0,0,0.480559760164331,0,0,0,0,0,0,0,0,0,0
"CCTACCGCATAGAGGA-1","0",1.84882702090996,0,1.02393231919862,0,0,0,0,0,0,0,0,0,0,0,0,0,0,0,0,0,0,1.02393231919862,1.51912858839039,0,0,2.60186336204051,1.51912858839039,1.02393231919862,0,1.02393231919862,0,0,0,0,0,0,0,0,0,0,0,0,0,0
"CCTACCTGTGCGGACA-1","0",2.36375719969753,0,0,0,0,0,0,0,0,0,0,0,0,0,0,0,0,0,0,0,0,0,1.66399500271644,0,0,2.00425260520077,0,0,0.72759254724495,0,0,0,0,0,0,0,0,0,0,0,0,0,0,0.72759254724495
"CCTACCTGTTTGATGC-1","14",2.99323721730674,0,0,0,0,0,0,0,0,0,0,0,0,0,0,0,0,0,0,0,0,0,0,0,0,0,0,0,0,0,0,0,0,0,0,0,0,0,0,0,0,0,0,0
"CCTACGAGTCATGCTG-1","6",0,0,0,0,0,0,0,0,0,0,0,0,0,0,0,0,0,0,0,0,0,0,0,0,0,0,0,0,0,0,0,0,0,0,0,0,0,0,0,0,1.36775958647518,0,0,3.41000638548535
"CCTACGAGTTCCAGCA-1","12",4.02377064549868,0,0,0,0,0,0,0,0,0,0,0,0,0,0,0,1.96027522819815,1.96027522819815,0,0,0,0,0,0,0,0,0,0,0,0,0,0,0,0,0,0,0,0,0,0,0,0,0,0
"CCTACGGAGGTACTAT-1","4",2.49690796877362,0,0,0,0,0,0,0,0,0,0,0,0,0,0,0,0,1.10735477878263,0,0,0,0.699711203118335,1.39612430794787,0,0.699711203118335,1.39612430794787,0,1.10735477878263,1.10735477878263,0,0,0.699711203118335,0,0,0,0,0,0,0,0,0,0,0,1.80267569149187
"CCTAGCCTCACGCCGA-1","2",2.52121141471844,0.631421600798989,0,0,0,0,0,0,0,0,0,0,0,0,0,0,0,0.631421600798989,0,0,0,0.631421600798989,1.29221581690717,0,0,2.65353948035295,1.5087612460887,0.631421600798989,1.5087612460887,2.36866292174727,0,0,0,0,0,0,0,0,0,0,0,0,0,0
"CCTAGCGAGAAGCATA-1","9",0,0,0,0,0,0,0,0,0,0,0,0,0,0,0,0,0,2.44655756790555,0,0,0,0,0,0,0,0,0,2.44655756790555,0,0,0,0,0,0,0,0,0,0,0,0,0,0,0,0
"CCTAGCGAGCCCGTGA-1","0",2.32734539129712,0,0,0,0,0,0,0,0,0,0,0,0,0,0,0,0,0,0,0,0,0,1.04736768095746,0,1.04736768095746,2.49327425704902,0,1.54762155395452,1.04736768095746,0,0,0,0,0,0,0,0,0,0,0,0,0,0,0
"CCTAGCGAGTATGACT-1","3",2.93816093164051,0,0,0,0,0,0,0,0,0,0,0,0,0,0,0,0,0,0,0,0,0,0,0,0,0,0,0,0,0,0,0,0,0,0,0,0,0,0,0,0,0,0,0
"CCTAGCGAGTGAAGTA-1","0",2.68647856817735,0,0,0,0,0,0,0,0,0,0,0,0,0,0,0,0,0,0,0,0,0,1.15056655927319,0,0.89199331802026,2.26591393852963,1.15056655927319,0.542320942009336,0.542320942009336,0,0,0,0,0.542320942009336,0,0,0,0,0,0,0,0,0,1.67146680714382
"CCTAGCGAGTGTCATG-1","9",0,0,0,0,0,0,0,0,0,0,0,0,0,0,0,0,0,0,0,0,0,0,0,0,0,0,0,0,0,0,0,0,0,0,0,0,0,0,0,0,0,0,0,0
"CCTAGCTCAACTATCT-1","2",1.98086678256425,0,0.577246842691716,0,0,0,0,0,0,0,0,0,0,0,0,0,0,0,0,0,0,0,1.20698342174814,0,0,1.86685080696906,0,0,1.20698342174814,0.577246842691716,0,0,0,0,0,0,0,0,0,0,0,0,0,0.577246842691716
"CCTAGCTCAAGGTCAT-1","14",0,0,0,0,0,0,0,1.69242227936242,0,0,0,0,0,0,0,0,0,0,0,0,0,0,0,0,0,0,0,0,0,0,0,0,0,0,0,0,0,0,0,0,0,0,0,0
"CCTAGGTAGGTACTAT-1","6",1.67739746810471,0,0,0,0,0,0,0,0,0,0,0,0,0,0,0,0,0,0,0,0,0,0,0,0,0,0,0,0,0,0,0,0,1.67739746810471,0,0,0,0,0,0,0,0,0,4.19379994841196
"CCTAGGTAGGTCGTAC-1","0",0.874641236301441,0,0,0,0,0,0,0,0,0,0,0,0,0,0,0,0,1.3339556883869,0,0,0,0.874641236301441,1.88586578465235,0,0,1.3339556883869,0,2.23944174894334,0,0,0,0,0,0,0.874641236301441,0,0,0,0,0,0,0,0,0.874641236301441
"CCTAGGTAGTGACCAC-1","3",2.78272482014723,0,0,0,0,0,0,0,0,0,0,0,0,0,0,0,0,0,0,0,0,0,0,0,0,0,0,0,0,0,0,0,0,0,0,0,0,0,0,0,0,0,0,0
"CCTAGTAAGGGTGAGC-1","8",1.51482301960555,0,0,0,0,0,0,0,0,0,0,0,0,0,0,0,0,0,0,0,0,0.780641447011766,0.780641447011766,0,0,1.93360041799139,0,0.780641447011766,0.780641447011766,2.63988499741302,0,0,0,0.780641447011766,0,0,0,0,0,0,0,0,0,0.780641447011766
"CCTAGTTTCCAACCGG-1","1",2.11509833613835,0,0.795282574001593,0,0,0,0,0,0,0,0,0,0,0,0,0,0,1.23259922757642,0,0,0,1.7681952193919,1.95661467116005,0,0,1.95661467116005,0,0,0,2.25186719100801,0,0,0,0,0,0,0,0,0,0,0,0,0,2.11509833613835
"CCTAGTTTCCCGCGTT-1","8",1.68761682158209,0,0,0,0,0,0,0,0,0,0,0,0,0,0,0,0,0,0,0,0,1.37060195916394,1.92795573721486,0,0,2.42321041012425,0.903756572271626,0,0.903756572271626,1.92795573721486,0,0,0,0,0,0,0,0,0,0,0,0,0,1.37060195916394
"CCTATCACACCTCATA-1","0",2.06592440356359,0,0.764893294579957,0,0,0,0,0,0,0,0,0,0,0,0,0,0,0,0,0,0,1.72188412100277,0,0,0,2.06592440356359,0,0,1.19317375039945,0,0,0,0,0,0,0,0,0,0,0,0,0,0,0
"CCTATGAAGTAATCAC-1","0",3.16640746611777,0,0,0,0,0,0,0,0,0,0,0,0,0,0,0,0,0,0,0,0,0,1.18546586078629,0,1.18546586078629,0,0,0,1.18546586078629,0,0,0,0,0,0,0,0,0,0,0,0,0,0,0
"CCTATGTTCAGCTATG-1","5",2.7498379755485,0,0,0,0,0,0,0,0,0,0,0,0,0,0,0,0,0,0,0,0,0.595169762411284,1.23547620008782,0,0,2.37584160184365,0,1.23547620008782,0.96571974381628,1.77156229481193,0,0,0,0,0.595169762411284,0,0.595169762411284,0,0,0,0,0,0,0
"CCTATGTTCCGTGCTC-1","1",2.37316165874819,0,0.558792033816875,0,0,0,0,0,0,0,0,0,0,0,0,0,0,0,0,0,0,0,1.70317488144086,0,0,1.8309662667642,1.17732397912714,0.558792033816875,0,1.8309662667642,0,0,0,0,0,0,0,0,0,0,0,0,0,0.558792033816875
"CCTATTATCGTGCCTC-1","3",2.79381842407386,0,0,0,0,0,0,0,0,0,0,0,0,0,0,0,0,0,0,0,0,0,0,0,0,0,0,0,0,0,0,0,0,0,0,0,0,0,0,0,0,0,0,0
"CCTATTCAGGTGAGAT-1","1",2.15307709295102,0,0,0,0,0,0,0,0,0,0,0,0,0,0,0,0.819141998828128,0,0,0,0,0,1.99371518971757,0,0,0.819141998828128,1.26330864204287,0,1.56979392056983,2.51906434580224,0,0,0,0,0.819141998828128,0,0,0,0,0,0,0,0,2.15307709295102
"CCTCAAGGTCATTCGG-1","0",2.08048129879871,0,0.629163331085575,0,0,0,0,0,0,0,0,0,0,0,0,0,0,0,0,0,0,0,0.629163331085575,0,0,1.96463125123442,0,0.629163331085575,0.629163331085575,1.01235720587315,0,0,0.629163331085575,0.629163331085575,0,0,0.629163331085575,0,0,0,0,0,0,0.629163331085575
"CCTCAGCTCACCTAGA-1","2",2.47223745575521,0,0.517637197296844,0,0,0,0,0,0,0,0,0,0,0,0,0,0,0,0,0,0,0,2.2122988870065,0,0,2.13518822206709,0,0,0.517637197296844,1.62301497568811,0,0,0,0,0,0,0,0,0,0,0,0,0,0
"CCTCAGCTCCACCGTC-1","0",1.23105191191143,0,0.794084738267428,0,0,0,0,0,0,0,0,0,0,0,0,0,0,1.53412052460914,0,0,0,0.794084738267428,1.53412052460914,0,0,2.24991252327353,0,1.23105191191143,0.794084738267428,0.794084738267428,0,0,0,0,0,0,0,0,0,0,0,0,0,0
"CCTCAGTCAAGTTCCC-1","0",1.95725253450007,0,0.51613475066551,0,0,0,0,0,0,0,0,0,0,0,0,0,0,0.51613475066551,0,0,0,0.51613475066551,1.30891507404974,0,0,1.10744523853329,0.51613475066551,1.10744523853329,0.51613475066551,0.51613475066551,0,0,0,0,0,0,0.51613475066551,0,0,0,0,0,0,0
"CCTCATTAGTAACGGG-1","0",2.33384086177919,0,0,0,0,0,0,0,0,0,0,0,0,0,0,0,0,0,0,0,0,0.772275639332779,0.772275639332779,0,0,1.73320245376152,0.772275639332779,0,1.20278411768455,1.50275654657841,0,0,0,0,0,0,0,0,0,0,0,0,0,0.772275639332779
"CCTCCAGCAACATCCC-1","5",2.12137899421389,0.511332804386547,0.511332804386547,0,0,0,0,0,0,0,0,0,0,0,0,0,0,0,0,0,0,1.09945744685195,0.848022325411026,0,0,1.94699664986747,0.511332804386547,0,0.848022325411026,0.848022325411026,0,0,0,0,0.511332804386547,0,0,0,0,0,0,0,0,0.511332804386547
"CCTCCTGGTGGACATA-1","8",2.2906131819356,0,0,0,0,0,0,0,0,0,0,0,0,0,0,0,0,0,0,0,0,0.686513821253514,1.59880331357784,0,1.08975799532538,2.18540134486933,1.08975799532538,0.686513821253514,1.08975799532538,1.37632774831061,0,0,0,0,1.37632774831061,0,0,0,0,0,0,0,0,1.59880331357784
"CCTCGAAGTGATCCAT-1","0",2.1873890359063,0,0,0,0,0,0,0,0,0,0,0,0,0,0,0,0,0.506411597463007,0,0,0,0.506411597463007,1.09124471662895,0,0.506411597463007,2.1873890359063,1.09124471662895,0,0,0.840986127806815,0,0,0,0,0,0,0,0,0,0,0,0,0,0.840986127806815
"CCTCGAAGTTCCAGAT-1","1",1.32142593400253,0,0,0,0,0,0,0,0,0,0,0,0,0,0,0,0,1.04116278696609,0,0,0,1.32142593400253,1.54009156608928,0,0.650372422412357,1.54009156608928,0.650372422412357,0.650372422412357,0,1.71941666458976,0,0,0,0,0,0,0,0,0,0,0,0,0,1.71941666458976
"CCTCGATCATGGATTA-1","2",1.20646355301324,0,0,0,0,0,0,0,0,0,0,0,0,0,0,0,0,0,0,0,0,0.775106399151706,2.33858762460645,0,0,2.33858762460645,0,0,0,2.21874268447047,0,0,0,0,0,0,0,0,0,0,0,0,0,0
"CCTCGGTTCCGTAAGC-1","1",1.91904336400099,0,0,0,0,0,0,0,0,0,0,0,0,0,0,0,0.604662231251665,0,0,0,0,1.46384205751908,1.7890562590814,0,0,1.91904336400099,1.46384205751908,0,1.2504463789033,2.03406102031388,0,0,0,0,0.604662231251665,0,0,0,0,0,0,0,0,1.2504463789033
"CCTCGTTGTCCCGTAA-1","0",2.65983594196867,0,0,0,0,0,0,0,0,0,0,0,0,0,0,0,0,0,0,0,0,0,0,0,0,2.75817590126603,0,1.37478077060808,0,0.907090488910934,0,0,0,0,0,0.907090488910934,0,0,0,0,0,0,0,1.37478077060808
"CCTCGTTGTTAAGTGG-1","2",1.83424236669401,0,0,0,0,0,0,0,0,0,0,0,0,0,0,0,0,0.718852867018227,0,0,0,0.718852867018227,2.34838991821788,0,0,1.98958071648866,0.718852867018227,1.13274176456874,0.718852867018227,1.83424236669401,0,0,0,0,0,0,0,0,0,0,0,0,0,0
"CCTCTAACATAACCAA-1","7",1.00672124489079,0.456710162065401,0.456710162065401,0,0,0,0,0,0,0,0,0,0,0,0,0,0,0,0,0,0,0.769062490997069,1.61980368333737,0,0,2.32844182953633,0.456710162065401,0,0.769062490997069,2.66124070797217,0,0,0,0,0,0,0.456710162065401,0,0,0,0,0,0,0
"CCTCTCAAGCCCTTGC-1","7",1.93139458662365,0,0.684705395675737,0,0,0,0,0,0,0,0,0,0,0,0,0,0,0,0,0,0,0.684705395675737,1.08734066448699,0,0,1.93139458662365,0,1.08734066448699,0,2.4693751947896,0,0,0.684705395675737,0,0,0,0,0,0,0,0,0,0,0.684705395675737
"CCTCTGATCCCTCATG-1","2",1.53271937615652,0,0,0,0,0,0,0,0,0,0,0,0,0,0,0,0,0.645892099687347,0,0,0,0,2.21584928515133,0,1.31454708055574,1.86347975064273,0,0.645892099687347,0,2.39649149723796,0,0,0,0.645892099687347,0,0,0,0,0,0,0,0,0,0
"CCTCTTAGTAACTTCA-1","2",2.35839426448026,0,0.671614958808077,0,0,0,0,0,0,0,0,0,0,0,0,0,0,0,0,0,0,0.671614958808077,1.90870886849671,0,0,2.15861853614507,1.06979838205201,0,1.06979838205201,0.671614958808077,0,0,0,0,0,0,0,0,0,0,0,0,0,0
"CCTCTTGAGATTAGGA-1","0",2.14028678255424,0,0,0,0,0,0,0,0,0,0,0,0,0,0,0,0,0,0,0,0,0,1.05621574520185,0,1.05621574520185,2.14028678255424,0,1.89106266656642,0,0,0,0,0,0,0,0,0,0,0,0,0,0,0,0
"CCTCTTGAGGGTCTAC-1","0",1.75442353071454,0,0,0,0,0,0,0,0,0,0,0,0,0,0,0,0,0.952958795268657,0,0,0,0,0,0,0,1.43192314015944,1.75442353071454,0.952958795268657,0.952958795268657,2.49762550610159,0,0,0,0,0,0,0,0,0,0,0,0,0,0
"CCTGAACAGCTAGCCG-1","1",1.66616704959864,0,0,0,0,0,0,0,0,0,0,0,0,0,0,0,0,0.728978200086872,0,0,0,0.728978200086872,1.55927341374153,0,0,1.93170799617321,1.14610724832095,0.728978200086872,0.728978200086872,2.86965311748275,0,0,0,0,0.959136428400467,0,0,0,0,0,0,0,0,0.728978200086872
"CCTGAACAGGCTTACA-1","5",0.807542421470514,0,0,0,0,0,0,0,0,0,0,0,0,0,0,0,0,0,0,0,0,0.807542421470514,1.55332694264181,0,0,1.55332694264181,0,1.55332694264181,0.807542421470514,1.97573962135507,0,0,0,0.807542421470514,0,0,0,0,0,0,0,0,0,1.24840512059772
"CCTGAATGTTAGAGGC-1","0",1.29986509867773,0,0,0,0,0,0,0,0,0,0,0,0,0,0,0,0,0,0,0,0,0,0.847755264626168,0,0,1.84650068690112,0,0,0,1.29986509867773,0,0,0,0,0,0,0,0,0,0,0,0,0,0.847755264626168
"CCTGAGACACTACCGT-1","3",1.56788798915542,0,0,0,0,0,0,0,0,0,0,0,0,0,0,0,0,0,0,0,0,0,0,0,0,0,0,0,0,0,0,0,1.56788798915542,0,0,0,0,0,0,0,0,0,0,0
"CCTGAGTAGATTGCAT-1","0",2.96187587900253,0,1.28624536476305,0,0,0,0,0,0,0,0,0,0,0,0,0,0,0,0,0,0,0,1.28624536476305,0,0,2.64588125839799,0.83706836163219,0,0.83706836163219,1.83071487204225,0,0,0,0,0,0,0.83706836163219,0,0,0,0,0,0,0
"CCTGATTTCAGCCACG-1","0",2.29992542136906,0,0,0,0,0,0,0,0,0,0,0,0,0,0,0,0,1.02772037383065,0,0,0,0,1.52374394698692,0,1.02772037383065,2.46539471964665,0,0,1.02772037383065,1.02772037383065,0,0,0,1.02772037383065,0,0,0,0,0,0,0,0,0,0
"CCTGCAAGTCTGGGCT-1","1",1.13948953615132,0,0,0,0,0,0,0,0,0,0,0,0,0,0,0,0,0.723960697812303,0,0,0,1.13948953615132,1.65829385359426,0,0,1.65829385359426,1.65829385359426,0,0,2.62111416830517,0,0,0,0,0,0.723960697812303,0,0,0,0,0,0,0,1.65829385359426
"CCTGCAAGTTCGCACA-1","0",2.94829353629814,0,0,0,0,0,0,0,0,0,0,0,0.643783021938432,0,0,0,0,0,0,0,0,1.70807790200584,0,0,0,1.52924156924696,1.0322366290898,0,0,1.0322366290898,0,0,0,0,0,0,0,0,0,0,0,0,0,1.31130318405739
"CCTGCATCACCATCCG-1","8",2.22511424160257,0,0.559851604128513,0,0,0,0,0,0,0,0,0,0,0,0,0,0,0.559851604128513,0,0,0,0,1.83304361118156,0,0.559851604128513,2.14055160682588,0.559851604128513,0,0.559851604128513,1.83304361118156,0,0,0,0,0,0,0,0,0,0,0,0,0,2.3754047417796
"CCTGCATCATGAAGGA-1","0",1.93939001945026,0,0,0,0,0,0,0,0,0,0,0,0,0,0,0,0,0.78431310864222,0,0,0,0.78431310864222,1.75156332912903,0,0,1.93939001945026,1.52010483234034,0,0,1.21840900658327,0,0,0,0,0,0,0,0,0,0,0,0,0,0
"CCTGCATCATTAGGCG-1","7",2.48197839000891,1.03938775839069,0,0,0,0,0,0,0,0,0,0,0,0,0,0,0,0,0,0,0,1.53793562934172,0,0,0,2.11745257159444,1.03938775839069,1.03938775839069,1.03938775839069,2.48197839000891,0,0,0,0,0,0,0,0,0,0,0,0,0,1.03938775839069
"CCTGCCACAATTGCTT-1","0",0.843808382164073,0,0,0,0,0,0,0,0,0,0,0,0,0,0,0,0,0,0,0,0,0,0.843808382164073,0,0,2.03156700643175,1.84068004193396,0,0.843808382164073,2.55930644007327,0,0,0,0,0,0,0,0,0,0,0,0,0,0
"CCTGCCACACAGGGTC-1","0",1.9681796845285,0,0,0,0,0,0,0,0,0,0,0,0,0,0,0,0,0.570812545917347,0,0,0,0,1.40580717534347,0,0.570812545917347,1.72601606268266,0,0.570812545917347,0.570812545917347,0,0,0,0,0,0,0,0,0,0,0,0,0,0,0.570812545917347
"CCTGCGAAGTGAATGA-1","12",0,0,0,0,0,0,0,0,0,0,0,0,0,0,0,0,0,0,0,0,0,0,0,0,0,0,0,0,0,0,0,0,0,0,0,0,0,0,0,0,0,0,0,0
"CCTGCTCAGGTCAATT-1","1",2.32925577962463,0,0,0,0,0,0,0,0,0,0,0,0,0,0,0,0,0,0,0,0,0.843430923524265,2.55869531334854,0,0,1.84012281444319,0.843430923524265,0,0,2.65628514885015,0,0,0,0,0,0,0,0,0,0,0,0,0,0.843430923524265
"CCTGGCAAGCTATGTG-1","2",2.26963294632957,0,0,0,0,0,0,0,0,0,0,0,0,0,0,0,0,0,0,0,0,0.73451993976799,0.73451993976799,0,0,1.67483687014385,0,0.73451993976799,1.67483687014385,1.44772882608146,0,0,0,0,0.73451993976799,0,0,0,0,0,0,0,0,0
"CCTGGCAAGTCTCTGT-1","1",1.99021672505133,0,0.531746540155312,0,0,0,0,0,0,0,0,0,0,0,0,0,0.531746540155312,0,0,0,0,1.33700133311723,1.77720660205478,0,0.877052611395927,1.77720660205478,1.13324121431038,0,0.877052611395927,2.24313502853548,0,0.531746540155312,0,0,0.531746540155312,0,0,0,0,0,0,0,0,1.33700133311723
"CCTGGCTTCCATCCAT-1","0",1.49339930666533,0,0.710820714376013,0,0,0,0,0,0,0,0,0,0,0,0,0,0,0,0,0,0,1.00287279266121,1.63756755388896,0,1.12210826344008,1.9269817308107,0.296557883076369,0.867470878307599,0.524989350823604,0.867470878307599,0,0,0,0.296557883076369,0,0,0,0,0,0,0,0,0,0
"CCTGGCTTCGATATGT-1","0",1.79943946229309,0,0,0,0,0,0,0.986594770319276,0,0,0,0,0,0,0,0,0,0.986594770319276,0,0,0,0,0.986594770319276,0,0,1.47342838267696,0,0,0.986594770319276,1.79943946229309,0,0,0,0,0,0,0,0,0,0,0,0,0,0.986594770319276
"CCTGGTAGTTGAGCTT-1","0",0.600842938816987,0,0,0,0,0,0,0,0,0,0,0,0,0,0,0,0,0.973544319140291,0,0,0,0,1.7820343827526,0,0.600842938816987,2.65172575386767,0.600842938816987,0.600842938816987,0.600842938816987,0,0,0,0,0.600842938816987,0,0,0,0,0,0,0,0,0,0
"CCTGGTGAGAAGGGAA-1","3",2.88514538820607,0,0,0,0,0,0,0,0,0,0,0,0,0,0,0,0,0,0,0,0,0,0,0,0,1.33964687019993,0,0,0,0,0,0,0,0,0,0,0,0,0,0,0,0,0,0
"CCTGGTGAGGCTTAAT-1","0",2.16927515978799,0,0,0,0,0,0,0,0,0,0,0,0,0,0,0,0,0,0,0,0,1.16777741060764,1.69187998823425,0,0,2.16927515978799,0,0.745464313879164,0,0.745464313879164,0,0,0,0,0,0,0,0,0,0,0,0,0,0.745464313879164
"CCTGGTTCACCTCGTG-1","5",1.94445442007757,0,0,0,0,0,0,0,0,0,0,0,0,0,0,0,0,0,0,0,0,1.38502071419739,0,0,0,2.3010565219101,0,1.38502071419739,0,1.38502071419739,0,0,0,0,0,0,0,0,0,0,0,0,0,0
"CCTGGTTCAGCTAGGC-1","3",2.66011073881309,0,0,0,0,0,0,0,0,0,0,0,0,0,0,0,0,0,0,0,0,0,0,0,0,1.69242227936242,0,0,0,0,0,0,0,0,0,0,0,0,0,0,0,0,0,0
"CCTGGTTCAGGACTAT-1","10",0,0,0,0,0,0,0,3.26473082166977,0,0,0,0,0,0,0,0,0,0,0,0,0,0,0,1.98695148479768,0,0,0,0,0,0,0,0,0,0,0,0,3.26473082166977,0,0,0,0,0,0,0
"CCTGTAAAGGGGTAAT-1","1",1.60815913988132,0,1.09754675846607,0,0,0,0,1.09754675846607,0,0,0,0,0,0,0,0,0,0,0,0,0,0,2.39644199540264,0,0,2.39644199540264,0,0,1.60815913988132,1.09754675846607,0,0,0,0,0,0,0,0,0,0,0,0,0,0
"CCTGTAAAGGGTCATC-1","3",2.77212009670986,0,0,0,0,0,0,0,0,0,0,0,0,0,0,0,0,0,0,0,0,0,0,0,0,0,0,0,0,0,0,0,0,0,0,0,0,0,0,0,0,0,0,0
"CCTGTCATCGCTAGTA-1","0",1.95038058291025,0,0,0,0,0,0,0,0,0,0,0,0,0,0,0,0,0,0,0,0,1.22745841616627,1.22745841616627,0,0.791304493255571,3.01063871257778,0,1.22745841616627,1.530138796342,1.530138796342,0,0,0,0,0,0,0,0,0,0,0,0,0,0
"CCTGTCGCAATTACTC-1","1",1.97072670212687,0.804320806828655,1.2442571049076,0,0,0,0,0,0,0,0,0,0,0,0,0,0,0,0,0,0,0,1.2442571049076,0,0,1.5487391771994,1.5487391771994,0,0,2.59164960864023,0,0,0,0,0,0,0,0,0,0,0,0,0,2.76140987026505
"CCTGTCGCACCACACT-1","10",0,0,0,1.69206070452363,0,0,0,0,0,0,1.69206070452363,0,0,0,0,0,0,1.69206070452363,0,0,0,0,0,1.69206070452363,1.69206070452363,0,0,1.69206070452363,0,2.2886200680401,0,0,0,0,0,0,1.69206070452363,0,0,0,0,0,0,0
"CCTGTGAGTTCACGGC-1","1",1.1834186486677,0,0.757416635144406,0,0,0,0,0,0,0,0,0,0,0,0,0,0,0,0,0,0,1.1834186486677,0,0,0,1.1834186486677,0,1.48121314745549,0.757416635144406,1.89668944364358,0,0,0,0,0,0,0,0,0,0,0,0,0,0.757416635144406
"CCTGTGGAGCGAGTTC-1","4",1.30288216604116,0,0.850126878808458,0,0,0,0,0,0,0,0,0,0,0,0,0,0,0,0,0,0,0.850126878808458,0.850126878808458,0,0,2.20162182129297,0,0.850126878808458,0.850126878808458,2.20162182129297,0,0,0,0,0,0,0,0,0,0,0,0,0,0.850126878808458
"CCTGTGGAGTGAGAGT-1","4",2.24407669582386,0,0.719771049272117,0,0,0,0,0.719771049272117,0,0,0,0,0,0,0,0,0,0.719771049272117,0,0,0,1.1339555586721,0,0,0,1.83574676928366,0.719771049272117,0.719771049272117,0,1.42596898602755,0,0,0,0,0,0,0,0,0,0,0,0,0,0.719771049272117
"CCTGTTGTCACGCTAA-1","0",1.59113220953527,0,0.577658227666841,0,0,0,0,0,0,0,0,0,0,0,0,0,0,1.20764081483797,0,0,0,0.577658227666841,0.577658227666841,0,0.941459975265805,1.98167525977434,0,0.941459975265805,0.941459975265805,0.941459975265805,0,0,0,0,0,0,0.577658227666841,0,0,0,0,0,0,0.941459975265805
"CCTGTTGTCGCTATCT-1","3",1.81548135419864,0,0,0,0,0,0,0,0,0,0,0,0,0,0,0,0,0,0,0,0,0,0,0,0,0,0,0,0,0,0,0,0,0,0,0,0,0,0,0,0,0,0,0
"CCTTAATCAATAGTCA-1","4",1.88658848386316,0,0.411316143655599,0,0,0,0,0,0,0,0,0,0,0,0,0,0,0.411316143655599,0,0,0,1.39941137486609,0.701910945776136,0,0,1.96088705507691,0.701910945776136,0,1.39941137486609,1.39941137486609,0,0,0,0,0,0,0,0,0,0,0,0,0,1.26525924864372
"CCTTAATCAGCAGTAT-1","2",2.26324032778354,0,0.730815721033788,0,0,0,0,0,0,0,0,0,0,0,0,0,0,0,0,0,0,0,1.44227810255459,0,0,2.14445860798198,0,1.14852815876456,0,1.66904478179844,0,0,0,0,0,0,0,0,0,0,0,0,0,0
"CCTTAATCATTGCGCT-1","2",1.7642158226454,0,0,0,0,0,0,0,0,0,0,0,0,0,0,0,0,0,0,0,0,0,2.16781743020738,0,0,2.05050059534811,0,0,0.67671219553059,1.07663839807798,0,0,0,0,0.67671219553059,0,0.67671219553059,0,0,0,0,0,0,0
"CCTTAGAAGAAGCGAT-1","0",1.4513894860695,0,0,0,0,0,0,0,0,0,0,0,0,0,0,0,0,0,0,0,0,0,1.4513894860695,0,0.968701414173608,2.38020577873275,0,0,0,0,0,0,0,0,0,0,0,0,0,0,0,0,0,0
"CCTTAGCCATCAAGGT-1","6",0,0,1.45214092691748,0,0,0,0,0,0,0,0,0,0,0,0,0,0,0,0,0,0,0,0,0,0,1.45214092691748,0,0,0,0,0,0,0,0,0,0,0,0,0,0,0,0,0,2.64539472268028
"CCTTATATCATCGAAT-1","0",2.19590503137301,0,0,0,0,0,0,0,0,0,0,0,0,0,0,0,0,0.761348533431524,0,0,0,0,0.761348533431524,0,0,3.17066132516732,1.48692787133448,0,0.761348533431524,1.18855152688287,0,0,0,0.761348533431524,0,0,0,0,0,0,0,0,0,0.761348533431524
"CCTTATATCCCGCTTA-1","5",1.56227774508025,0,0,0,0,0,0,0,0,0,0,0,0,0,0,0,0,0,0,0,0,0,0,0,0.663933714969707,2.34412834275573,0.663933714969707,0,0,0,0,0,0,0,0,0.663933714969707,0,0,0,0,0,0,0,0
"CCTTATCAGCGGTTAC-1","0",2.41459015137054,0.655406852577098,0,0,0,0,0,0,0,0,0,0,0,0,0,0,0,0,0,0,0,0.655406852577098,1.04796855584935,0,0,1.72804365484195,0.655406852577098,1.04796855584935,0,0.655406852577098,0,0,0,0,0,0,0,0,0,0,0,0,0,0.655406852577098
"CCTTCCTTCTCACATC-1","0",1.96305116122237,0,0,0,0,0,0,0.628305477172538,0,0,0,0,0,0,0,0,0,1.28738379373579,0,0,0,1.01118745854386,1.28738379373579,0,0,2.36262110056837,1.96305116122237,1.01118745854386,1.28738379373579,1.50357204194813,0,0,0,0,0,0,0,0,0,0,0,0,0,0
"CCTTCGATCATCTGTC-1","3",0,0,0,0,0,0,0,0,0,0,0,0,0,0,0,0,0,0,0,0,0,0,0,0,0,0,0,0,0,0,0,0,0,0,0,0,0,0,0,0,0,0,0,0
"CCTTGAAAGCCATTAG-1","1",1.9349675940703,0,0,0,0,0,0,0,0,0,0,0,0,0,0,0,0,0,0,0,0,1.02142374698002,1.74729469212021,0,0,2.45641075618673,0,0.465230988224658,0.465230988224658,2.16343400600862,0,0,0,0,0.465230988224658,0,0,0,0,0,0,0,0,0.465230988224658
"CCTTGAAAGTAAGTGA-1","5",1.89325552563932,0.879725634844509,0,0,0,0,0,0,0,0,0,0,0,0,0,0,0,0,0,0,0,0,1.34037519508424,0,0,2.50812717469142,0.879725634844509,0,1.34037519508424,1.65454797826132,0,0,0,0,0,0,0,0,0,0,0,0,0,0.879725634844509
"CCTTGAGGTAAGCGGT-1","4",2.2826697832931,0,0.742105003376765,0,0,0,0,0,0,0,0,0,0,0,0,0,0,0,0,0,0,0.742105003376765,1.16337085601627,0,0.742105003376765,1.45886065253659,0.742105003376765,0,0.742105003376765,2.38905348221691,0,0,0,0.742105003376765,0,0,0,0,0,0,0,0,0,1.87207299613141
"CCTTGAGGTAAGGTTG-1","2",2.408350151091,0,0,0,0,0,0,0,0,0,0,0,0,0,0,0,0,0,0,0,0,0,1.9140282541557,0,0,2.53057238575865,0,0,1.35845373514695,2.10723100359207,0,0,0,0,0,0,0,0,0,0,0,0,0,0
"CCTTGCATCAGTACGC-1","2",0.764831884882253,0,0,0,0,0,0,0,0,0,0,0,0,0,0,0,0,0,0,0,0,1.49198218364805,2.06582408852915,0,0,1.72178978265496,0,0.764831884882253,0.764831884882253,2.06582408852915,0,0,0,0,0,0,0,0,0,0,0,0,0,0
"CCTTGCATCGAAGTCC-1","0",2.25231580120282,0,1.14021262077521,0,0,0,0,0,0,0,0,0,0,0,0,0,0,0,0,0,0,1.14021262077521,1.43297513009605,0,0,2.35834610737768,0.724508544536152,1.14021262077521,0,0,0,0,0,0,0,0,0,0,0,0,0,0,0,0.724508544536152
"CCTTGGGAGTCGCGCA-1","9",0,0,0,0,0,0,0,0,0,0,0,0,0,0,0,0,0,0,0,0,0,0,0,0,0,0,0,0,0,0,0,0,0,0,0,0,0,0,0,0,0,0,0,0
"CCTTTAATCCAGCCTC-1","0",2.58597407584186,0,0,0,0,0,0,0,0,0,0,0,0,0,0,0,0,0,0,0,0,0,1.11384100936993,0,0.704590407782288,2.50578687689776,0,0,1.11384100936993,1.62768474407883,0,0,0,0,0,0.704590407782288,0,0,0,0,0,0,0,0
"CCTTTAGCAATTAGCA-1","7",2.35683539885796,0,0,0,0,0,0,0.390604849094383,0,0,0,0,0,0,0,0,0,0,0,0,0,0.670773152941782,1.46905358392906,0,0,1.9757972455092,0,0.670773152941782,1.06866760804102,2.31051495610329,0,0,0,0,0,0,0,0,0,0,0,0,0,1.35254275189789
"CCTTTAGCATGACACG-1","0",1.40320988462224,0,0.478497157437414,0,0,0,0,0,0,0,0,0,0,0,0,0,0,0.478497157437414,0,0,0,0.800787863437158,1.40320988462224,0,0.800787863437158,1.23970380573974,0.800787863437158,0,0,0.478497157437414,0,0,0,0.800787863437158,0,0.478497157437414,0,0,0,0,0,0,0,0
"CCTTTCAGTTTCAGGT-1","3",2.53305874580974,0,0,0,0,0,0,0,0,0,0,0,0,0,0,0,0,0,0,0,0,0,0,0,0,0,0,0,0,0,0,0,0,0,0,0,0,0,0,0,0,0,0,0
"CCTTTCCTCACCAGAC-1","2",0.840498967341928,0,0,0,0,0,0,0,0,0,0,0,0,0,0,0,0,0,0,0,0,0.840498967341928,2.32460696149832,0,0,1.83579106372548,0,0,1.29062179682166,1.59990646616855,0,0.840498967341928,0,0.840498967341928,0.840498967341928,0,0,0,0,0,0,0,0,0.840498967341928
"CCTTTCCTCAGCATTG-1","2",1.80862327528006,0,0,0,0,0,0,0,0,0,0,0,0,0,0,0,0,0,0,0,0,0.993503693908454,2.25164977247823,0,0.615369479517261,1.48191370772216,0,0.615369479517261,0.615369479517261,1.93908418398491,0,0,0,0,0,0,0,0,0,0,0,0,0,0
"CCTTTCCTCCAGCCTC-1","0",2.05872052404232,0,0,0,0,0,0,0,0,0,0,0,0,0,0,0,0,0.681359224807903,0,0,0,1.08286393169997,1.08286393169997,0,0,1.08286393169997,0,1.08286393169997,0,1.08286393169997,0,0,0,0,0,0,0,0,0,0,0,0,0,0.681359224807903
"CGAACATCAAGGTATC-1","3",2.54614202902021,0,0,0,0,0,0,0,0,0,0,0,0,0,0,0,0,0,0,0,0,0,0,0,0,0,0,0,0,0,0,0,0,0,0,0,0,0,0,0,0,0,0,0
"CGAACATCAATTCGTT-1","0",2.6439927813342,0,0,0,0,0,0,0,0,0,0,0,0,0,0,0,0,0,0,0,0,0,2.20194960980793,0,0,1.61369144506055,0.695807757918151,1.10215815442923,0.695807757918151,0.695807757918151,0,0,0,0,0,0,0.695807757918151,0,0,0,0,0,0,0
"CGAACCACACCTATCA-1","4",2.26134515059178,0,0,0,0,0,0,0,0,0,0,0,0,0,0,0,0,0.453026519307104,0,0,0,0,0.763667061314792,0,0,1.90667306245649,0.453026519307104,0,0,1.0003368764075,0,0,0,0,0,0.453026519307104,0,0,0,0,0,0,0,0.453026519307104
"CGAACGGGTTATCGAC-1","13",2.40376001005651,0,0.541688775534882,0,0,0,0,0,0,0,0,0,0,0,0,0,0,0.541688775534882,0,0,0,1.67024013086144,0.891101950202196,0,0,2.10280065697647,0,0.541688775534882,0.891101950202196,0.541688775534882,0,0,0.541688775534882,0,0,0,0,0,0,0,0,0,0,0.541688775534882
"CGAACGGGTTTGCATA-1","8",1.92231073151714,0,0,0,0,0,0,0,0,0,0,0,0,0,0,0,0,0,0,0,0,0.981193982620872,1.92231073151714,0,0.606401074659975,1.79224574581786,0.981193982620872,0.606401074659975,0,1.92231073151714,0,0,0,0,0,0,0,0,0,0,0,0,0,2.53951132090466
"CGAACTATCCGCGACA-1","0",2.07575778182915,0,0,0,0,0,0,0,0,0,0,0,0,0,0,0,0,0.873014405857428,0,0,0,1.33189985609846,0,0,0,2.23694740393301,0,1.33189985609846,0,0,0,0,0,0,0,0,0,0,0,0,0,0,0,0
"CGAACTATCGTTAGGC-1","5",2.49412330489292,0,0,0,0,0,0,0,0,0,0,0,0,0,0,0,0,0,0,0,0,1.69459572077441,1.8803128665695,0,0,2.73724935579447,1.46633706879343,1.17007125265025,0.747214401830221,1.46633706879343,0,0,0,0,0,0,0,0,0,0,0,0,0,0.747214401830221
"CGAACTTGTCAGTGCC-1","2",2.31538750694881,0,0,0,0,0,0,0,0,0,0,0,0,0,0,0,0,0,0,0,0,0,2.17755756942965,0,0,2.43650112733607,0,0,0,1.82720448804516,0,0,0,0,0,0,0,0,0,0,0,0,0,0.834699268550882
"CGAAGCAAGCGATCAC-1","0",1.69859823678358,0,0,0,0,0,0,0,0,0,0,0,0,0,0,0,0,0,0,0,0,0,0,0,0,2.66714756217103,1.69859823678358,0,1.69859823678358,2.29581816672607,0,0,0,0,0,0,0,0,0,0,0,0,0,1.69859823678358
"CGAAGCAAGCTTCCAT-1","0",2.0904033559715,0,0.882789948505998,0,0,0,0,0,0,0,0,0,0,0,0,0,0,0.882789948505998,0,0,0,0,1.34424003685314,0,0,1.34424003685314,0.882789948505998,0.882789948505998,0,1.34424003685314,0,0,0,0,0,0,0,0,0,0,0,0,0,0
"CGAAGGATCACTCCTG-1","8",1.63081606092882,0,0,0,0,0,0,0,0,0,0,0,0,0,0,0,0,0,0,0,0,1.1164589997038,1.1164589997038,0,0,1.96879796140564,0,0,1.1164589997038,0.706561984775351,0,1.1164589997038,0,0.706561984775351,1.1164589997038,0,0,0,0,0,0,0,0,2.10280065697647
"CGAAGTGAGGATTAGA-1","1",2.25114268953293,0,0,0,0,0,0,0,0,0,0,0,0,0,0,0,0,0,0,0,0,0,1.89697833179407,0,0,1.34361157123749,0,1.34361157123749,0,2.71894437346008,0,0,0,0,0,0,0,0,0,0,0,0,0,0
"CGAAGTGAGTAACCCA-1","10",0,0,0,0,0,0,0,1.73955974323463,0,0,0,0,0,0,0,0,0,0,0,0,0,0,0,2.34081217434162,0,0,0,0,0,0,0,0,0,1.73955974323463,0,0,1.73955974323463,0,0,0,0,0,0,0
"CGAAGTGAGTAAGGGT-1","0",2.85647963155767,0,0,0,0,0,0,0,0,0,0,0,0,0,0,0,0,1.11514831197542,0,0,0,0,1.11514831197542,0,1.62924857899404,2.7311248226172,1.62924857899404,0,0,1.11514831197542,0,0,0,1.11514831197542,0,0,0,0,0,0,0,0,0,0
"CGAATAGGTTAGACGA-1","3",2.21520258963163,0,0,0,0,0,0,0,0,0,0,0,0,0,0,0,0,0,0,0,0,0,0,0,0,0,0,0,0,0,0,0,0,0,0,0,0,0,0,0,0,0,0,0
"CGAATCATCACCTTAC-1","0",1.60267239065755,0,0,0,0,0,0,0,0,0,0,0,0,0,0,0,0,0,0,0,0,0.68892409640507,1.60267239065755,0,0.68892409640507,1.78471105495709,0.68892409640507,0,0.68892409640507,0,0,0,0,0,0,0.68892409640507,0,0,0,0,0,0,0,0.68892409640507
"CGAATCTGTGCGCATC-1","0",2.27684111454858,0,0,0,0,0,0,0,0,0,0,0,0,0,0,0,0,0,0,0,0,0,0.628387073449026,0,0,2.36277953247034,1.83218257363725,0.628387073449026,0.628387073449026,1.83218257363725,0,0,0,0,0,0,0,0,0,0,0,0,0,1.01129873681236
"CGAATTTAGCATGTGC-1","9",0,0,0,0,0,0,0,0,0,0,0,0,0,0,0,0,0,2.78914930889747,0,0,0,0,0,0,0,0,0,0,0,0,0,0,0,0,0,0,0,0,0,0,0,0,0,0
"CGACAATCATTACATC-1","4",2.37070802097246,0,0.498954194125269,0,0,0,0,0,0,0,0,0,0,0,0,0,0,0,0,0,0,0,0.498954194125269,0,0,2.0939578220184,0.498954194125269,0.830295213654656,0,1.9202965268402,0,0,0,0,0,0,0,0,0,0,0,0,0,0
"CGACCAACAAGCGGTC-1","1",1.11620579569752,0,0.521418827776146,0,0,0,0,0,0,0,0,0,0,0,0,0,0,0.521418827776146,0,0,0,1.11620579569752,0.862396880923315,0,0.862396880923315,2.14342221527075,0.521418827776146,1.11620579569752,1.31846065797099,1.96847403893559,0,0,0,0,0,0.521418827776146,0,0,0,0,0,0,0,0
"CGACCATAGTGCTCAA-1","1",2.12799514275754,0,0,0,0,0,0,0,0,0,0,0,0,0,0,0,0,0,0,0,0,0,1.83805367585317,0,0,0.721180069190841,1.13581752018379,0.721180069190841,0.721180069190841,1.83805367585317,0,0,0,0,0,0,0,0,0,0,0,0,0,0
"CGACCCTTCACTTCAC-1","0",2.14085437193938,0,0.429307297070924,0,0,0,0,0,0,0,0,0,0,0,0,0,0,0,0,0,0,0,0.95880566254219,0,0.429307297070924,2.07574840335428,0.429307297070924,0.728700628943606,0.429307297070924,0,0,0,0,0.429307297070924,0,0,0,0,0,0,0,0,0,0
"CGACCGATCAAGTCCA-1","1",2.15574452508776,0,0,0,0,0,0,0,0,0,0,0,0,0,0,0,0,0,0,0,0,1.06766466738848,1.57218415371826,0,0,1.57218415371826,1.06766466738848,1.06766466738848,1.35141006662396,2.35545220315525,0,0,0,1.06766466738848,0.670026716361371,0,0,0,0,0,0,0,0,0
"CGACCTAGTGCGCAAG-1","1",1.8656878503207,0,0,0,0,0,0,0,0,0,0,0,0,0,0,0,0,0,0,0,0,0.520308875097985,1.31645892019763,0,0.860817992729154,2.47828110445446,0,1.11436811096911,0.520308875097985,1.96612241198891,0,0,0,0,0,0,0,0,0,0,0,0,0,0.860817992729154
"CGACCTAGTTAGTTCA-1","3",3.08178276153906,0,0,0,0,0,0,0,0,0,0,0,0,0,0,0,0,0,0,0,0,0,0,0,0,0,0,0,0,0,0,0,0,1.49653894414427,0,0,0,0,0,0,0,0,0,0
"CGACCTAGTTTGAGAG-1","0",1.81778198070745,0,1.0004093456371,0,0,0,0,0,0,0,0,0,0,0,0,0,0,0,0,0,0,0,1.0004093456371,0,0,2.26144782640572,1.0004093456371,0,0,1.0004093456371,0,0,0,0,0,0,0,0,0,0,0,0,0,1.49038171451844
"CGACGTTAGCAATCCA-1","14",1.75462121450951,0,0,0,0,0,0,1.22101537185241,0,0,0,0,0,0,0,0,0,1.22101537185241,0,0,0,0,0,0,0,0,0,0,1.22101537185241,0,0,0,0,0,0,0,0,0,0,0,0,0,0,0
"CGACGTTAGGGTCTCG-1","7",1.83178390316189,0,0,0,0,0,0,0,0,0,0,0,0,0,0,0,0,0.915721110656852,0,0,0,0,1.38558228388564,0,0,2.37404457372652,0,0,0,2.30173053944624,0,0,0,0,0,0,0,0,0,0,0.559208948749057,0,0,0.559208948749057
"CGACTAATCAAGTCTG-1","3",2.64478693653227,0,0,0,0,0,0,0,0,0,0,0,0,0,0,0,0,2.02025167330389,0,0,0,0,0,0,0,0,0,0,0,0,0,0,0,0,0,0,0,0,0,0,0,0,0,0
"CGACTAATCATGTGTG-1","9",2.04387007589497,0,0,0,0,0,0,0,0,0,0,0,0,0,0,0,0,0,0,0,0,0,0,0,0,0,0,0,0,0,0,0,0,0,0,0,0,0,0,0,0,0,2.04387007589497,0
"CGACTAATCTATCGAG-1","2",2.02800583945336,0,0.841473886281525,0,0,0,0,0,0,0,0,0,0,0,0,0,0,0.506752406115782,0,0,0,0.841473886281525,2.11128045550386,0,0.506752406115782,2.32615364855464,0,0.506752406115782,0,2.32615364855464,0,0,0,0,0,0,0,0,0.506752406115782,0,0,0,0,0.506752406115782
"CGACTGACACATGAAC-1","13",2.30275611086583,0,0.641943899224348,0,0,0,0,0,0,0,0,0,0,0,0,0,0,0.641943899224348,0,0,0,1.30847148503259,2.20844355223624,0,0.641943899224348,1.98803833847065,1.30847148503259,1.02974157578819,0,2.30275611086583,0,0,0,0,0,0,0,0,0,0,0,0,0,0
"CGACTGACACTATGAA-1","0",1.68047102309619,0,0.898545392849084,0,0,0,0,0,0,0,0,0,0,0,0,0,0,0,0,0,0,0.898545392849084,0,0,0,1.68047102309619,0,0.898545392849084,1.68047102309619,1.68047102309619,0,0,0,0,0,0,0,0,0,0,0,0,0,0
"CGACTGACATAAGCAC-1","6",0,1.3936137675001,0,0,0,0,0,0,0,0,0,0,0,0,0,0,0,1.95427082523456,0,0,0,1.3936137675001,0,0,0,1.95427082523456,0,0,0,0,0,0,1.3936137675001,0,0,0,0,0,0,0,0,0,0,2.78172963985082
"CGACTTGGTTATGTCA-1","1",2.31762375087198,0,0,0,0,0,0,0,0,0,0,0,0,0,0,0,0,0,0,0,0,0,1.59373147312847,0,0,2.01979798017112,0,0.8361042042107,1.28501464060932,2.73313069501001,0,0,0,0,0,0,0,0,0,0,0,0,0,1.59373147312847
"CGAGCACCACAACCAG-1","4",2.12889563651934,0,0,0,0,0,0,0,0,0,0,0,0,0,0,0,0,0,0,0,0,0.972929706038816,0,0,0,1.24372980340365,0,0,0.600396874611875,1.78121281150837,0,0,0,0,0,0,0,0,0,0,0,0,0,0.600396874611875
"CGAGCAGGTCATCGCA-1","6",0,0,1.40930321104762,0,0,0,0,0,0,0,0,0,0,0,0,0,0,0,0,0,0,1.40930321104762,0,0,0,1.97216318304985,0,0,0,0,0,0,0,0,0,0,0,0,0,0,0,0,0,3.55603714397688
"CGAGCCATCCATGTCT-1","0",1.75442353071454,0,0.670913301886704,0,0,0,0,0,0,0,0,0,0,0,0,0,0,0,0,0,0,0,1.75442353071454,0,0.670913301886704,2.4437592889788,0,0,0.670913301886704,1.06885588883024,0,0,0,0,0,0,0,0,0,0,0,0,0,0
"CGAGCCATCCTCAATC-1","1",1.60256153235253,0,0,0,0,0,0,0,0,0,0,0,0,0,0,0,0,0,0,0,0,0,1.21771049595605,0,0.583972292826648,2.09658436929098,0,0,0.583972292826648,2.09658436929098,0,0,0,0,0,0,0,0,0,0,0,0,0,0.583972292826648
"CGAGCCATCCTCATAC-1","0",0,0,0,0,0,0,0,0,0,0,0,0,0,0,0,0,0,0,0,0,0,0,0,0,0,3.32602950046502,0,0,0,0,0,0,0,0,0,0,0,0,0,0,0,0,0,0
"CGAGCGAGTTATCGCG-1","0",1.35109189108898,0,0,0,0,0,0,0,0,0,0,0,0,0,0,0,0,0.888228591304786,0,0,0,1.35109189108898,1.66628308665033,0,0,2.89976298403915,0,0.888228591304786,0,0.888228591304786,0,1.66628308665033,0,0,0,0,0,0,0,0,0,0,0,0.888228591304786
"CGAGGAATCCACGGAT-1","1",1.37869278433465,0,0,0,0,0,0,0,0,0,0,0,0,0,0,0,0,0,0,0,0,0,2.07056739850575,0,0,2.18820893788034,1.09185819068431,0.688085888556687,1.37869278433465,2.47560795769076,0,0,0,0,0,0.688085888556687,0,0,0,0,0,0,0,1.09185819068431
"CGAGGATGTTGAAGGC-1","6",1.87772796283951,1.32689354705462,0,0,0,0,0,0,0,0,0,0,0,0,0,0,0,1.87772796283951,0,0,0,0,0,0,0,2.23086865204877,0,0,0,0,0,0,0,0,0,0,0,0,0,0,0,0,1.32689354705462,5.01424917524419
"CGAGGGACAGCAGGCT-1","8",2.15892910181972,0,0.822848299783109,0,0,0,0,0,0,0,0,0,0,0,0,0,0,0,0,0,0,1.26806029157044,1.57503865657382,0,0,2.15892910181972,0,0.822848299783109,0.822848299783109,1.80958374908515,0,0,0,0,0,0,0,0,0,0,0,0,0,2.15892910181972
"CGAGTAAGTTGTGCAT-1","6",2.29461406874668,1.17252908669348,0,0,0,0,0,0,0,0,0,0,0,0,0,0,0,2.29461406874668,0,0,0,0,0,0,0,1.17252908669348,0,0,0,1.17252908669348,0,0,0,0,0,0,0,0,0,0,1.69750433777891,0,0,3.91328892994485
"CGAGTAAGTTTACAGC-1","0",1.98005916726575,0,0,0,0,0,0,0,0,0,0,0,0,0,0,0,0,0,0,0,0,1.73736992118936,1.41623798386409,0,0.940316930375861,1.41623798386409,1.41623798386409,0,0,0,0,0,0,0,1.41623798386409,0,0,0,0,0,0,0,0,0.940316930375861
"CGAGTCCGTAACCACT-1","2",1.49492693042676,0,0.766863878534624,0,0,0,0,0,0,0,0,0,0,0,0,0,0,0,0,0,0,0.766863878534624,1.91176490338651,0,0,1.49492693042676,0.766863878534624,1.19574116171415,1.19574116171415,2.3247406944318,0,0,0,0,0.766863878534624,0,0,0,0,0,0,0,0,0
"CGAGTCCGTTTCAGCG-1","0",1.93679439330925,0,0.687839760050985,0,0,0,0,0,0,0,0,0,0,0,0,0,0,0.687839760050985,0,0,0,1.09152944976439,0.687839760050985,0,0,1.78289805421199,0.687839760050985,0,0.687839760050985,1.60093246579717,0,0,0,0,0,0,0,0,0,0,0,0,0,0.687839760050985
"CGAGTGAAGTGAACGG-1","2",1.38027964204316,0,0,0,0,0,0,0,0,0,0,0,0,0,0,0,0,0,0,0,0,0,2.40860547065221,0,1.02446616176942,1.38027964204316,0,0,1.02446616176942,2.16763951969905,0,0,0,0,0,0,0,0,0,0,0,0,0,0
"CGATAACCAACGGTCA-1","1",1.86821481513392,0,0.40405344086107,0,0,0,0,0,0,0,0,0,0,0,0,0,0,0.40405344086107,0,0,0,0.913748294252482,0.913748294252482,0,0.40405344086107,2.13632504428067,1.60604655713142,0.40405344086107,0.40405344086107,1.60604655713142,0,0,0,0,0,0,0.40405344086107,0,0,0,0,0,0,1.09578695855202
"CGATAACCACCTTAAT-1","0",2.30012418287485,0,0,0,0,0,0,0,0,0,0,0,0,0,0,0,0,0.524975251085429,0,0,0,0.524975251085429,1.3248624886817,0,0.524975251085429,1.7635175754185,0,0.867450856444284,0.867450856444284,0,0,0,0,0,0,0,0.524975251085429,0,0,0,0,0,0,0
"CGATAGCTCACAGGGA-1","3",2.22250809117966,0,0,0,0,0,0,0,0,0,0,0,0,0,0,0,0,0,0,0,0,0,0,0,0,0,0,0,0,0,0,0,0,0,0,0,0,0,0,0,0,0,0,0
"CGATAGCTCACGCTCC-1","6",1.38794663336961,1.38794663336961,0,0,0,0,0,0,0,0,0,0,0,0,0,0,0,1.94779823749812,0,0,0,0,0,0,0,1.94779823749812,0,0,1.38794663336961,0,0,0,0,0,0,0,0,0,0,0,0,0,0,3.52849824019549
"CGATAGTCACATGCGA-1","0",1.70507544234228,0,0,0,0,0,0,0,0,0,0,0,0,0,0,0,0,0,0,0,0,1.3865944361409,0.916530799094129,0,0.916530799094129,0.916530799094129,0,0,0,1.70507544234228,0,0,0,0.916530799094129,0,0,0,0,0,0,0,0,0,0.916530799094129
"CGATAGTCATGGCTGA-1","0",1.90911670117351,0,0,0,0,0,0,0,0,0,0,0,0,0,0,0,0,0.541388274176157,0,0,0,0.541388274176157,0.541388274176157,0,0,1.79653730918177,1.149043142295,0.541388274176157,0,1.149043142295,0,0,0,0,0,0,0,0,0,0,0.541388274176157,0,0,0.541388274176157
"CGATCAATCGCTCGTC-1","0",1.64785141445785,0,0,0,0,0,0,0,0,0,0,0,0,0,0,0,0,0,0,0,0,0,0,0,0,1.64785141445785,1.64785141445785,0.874885816906033,0,1.64785141445785,0,0,0,0,0,0,0,0,0,0,0,0,0,0
"CGATCAGCACATAGTA-1","0",1.76638362943403,0,0.961857996810632,0,0,0,0,0,0,0,0,0,0,0,0,0,0,0,0,0,0,0,0,0,0,2.01038804759883,0,0.961857996810632,0,0,0,0,0,0,0,0,0,0,0,0,0,0,0,0
"CGATCAGCATGCTTCA-1","0",2.36798499920131,0,0,0,0,0,0,0,0,0,0,0,0,0,0,0,0,0,0,0,0,0.792758253503231,1.22933778100909,0,0,2.81680118902279,0,0,0.792758253503231,2.24774619309633,0,0,0,0,0,0,0,0,0,0,0,0,0,0.792758253503231
"CGATCCCTCCTGAGAC-1","2",1.63570691079478,0,0,0,0,0,0,0,0,0,0,0,0,0,0,0,0,0.709645992072447,0,0,0,0.709645992072447,1.63570691079478,0,0,2.33208972226127,0,0,0.709645992072447,2.22637020862759,0,0,0,0,0,0,0,0,0,0,0,0,0,0
"CGATCCCTCGCTTGAA-1","0",2.23535279964802,0,0.564785770356369,0,0,0,0,0,0,0,0,0,0,0,0,0,0,0.92352124636535,0,0,0,0.564785770356369,0,0,0.564785770356369,1.39532436486116,0.92352124636535,1.18699327199418,0,0.564785770356369,0,0.564785770356369,0,0,0,0,0,0,0,0,0,0,0,0
"CGATCCCTCTGGCTAA-1","1",1.725600410172,0,0.506463999087779,0,0,0,0,0,0,0,0,0,0,0,0,0,0.506463999087779,0,0,0,0,1.29133855307172,1.8366220859992,0,0.506463999087779,1.725600410172,0.506463999087779,0,1.09133230946126,2.25888088536174,0,0,0,0,0.841061128619437,0,0,0,0,0,0,0,0,1.60069555593925
"CGATCCTCAATGCCAG-1","1",1.84801142154912,0,0,0,0,0,0,0,0,0,0,0,0,0,0,0,0,0.567517960022328,0,0,0,1.19138918740116,2.06368712212519,0,0.927336370889382,1.96165253816514,0,0.567517960022328,0.567517960022328,2.39155582030483,0,0,0,0.567517960022328,0,0,0,0,0,0,0,0,0,1.71978026896295
"CGATCCTCACTCGCTG-1","0",1.19085763552516,0,0,0,0,0,0,0,0,0,0,0,0,0,0,0,0,0.76311659972357,0,0,0,1.19085763552516,1.19085763552516,0,0,2.06302052712539,0,0,0.76311659972357,1.48949431224217,0,0,0,0,0,0,0,0,0,0,0,0,0,0
"CGATCCTCAGCTACGA-1","5",2.12645689509923,0,0.449855120404499,0,0,0,0,0,0,0,0,0,0.449855120404499,0,0,0,0,0,0,0,0,0.759014492383224,1.3455830186986,0,0,2.41819062532092,1.89924520327939,0.759014492383224,0.994826442397618,2.05630338552332,0,0,0,0,0,0,0,0,0,0,0,0,0,0
"CGATCCTCATCCATGC-1","5",1.77317065610544,0,0,0,0,0,0,0,0,0,0,0,0,0,0,0,0,0.682035408822171,0,0,0,1.59159932424817,1.59159932424817,0,0,2.54433790596105,0,0,0,2.17738413721223,0,0,0,0,0.682035408822171,0,0,0,0,0,0,0,0,1.08376898449012
"CGATGAGAGGTAGCAG-1","2",2.74581212479183,0,0,0,0,0,0,0,0,0,0,0,0,0,0,0,0,0,0,0,0,0,2.74581212479183,0,1.53564386274411,0,0,0,0,1.53564386274411,0,0,0,0,0,0,0,0,0,0,0,0,0,0
"CGATGGGGTAAGTGCA-1","6",0,2.64175437844846,2.01742049224816,0,0,0,0,0,0,0,0,0,2.01742049224816,0,0,0,0,0,0,0,0,0,0,0,0,2.64175437844846,0,0,0,0,0,0,0,0,0,0,0,0,0,0,2.01742049224816,0,0,3.29863366597572
"CGATGGGGTAGCTCCA-1","2",1.43274839544777,0,0,0,0,0,0,0,0,0,0,0,0,0,0,0,0,0,0,0,0,0,1.90840993364961,0,0,1.43274839544777,0,0,0.493500369321821,1.43274839544777,0,0,0,0.493500369321821,0,0,0,0,0,0,0,0,0,0.493500369321821
"CGATGGGGTTCACCTC-1","15",1.7236789803146,0,0,0,0,0,0,0,0,0,0,0,0,0,0,0,0,0,0,0,0,1.91048866342378,1.49376524336728,0,0,2.52675045687156,0,1.19469666475939,0,0,0,0,0,0.766062046258134,0,0,0,0,0,0,0,0,0,0
"CGATGGGGTTTGCGTG-1","0",1.34173020814965,0,0,0,0,0,0,0,0,0,0,0,0,0,0,0,0,0,0,0,0,0,0,0,0,3.37610415196064,0,0,0,1.34173020814965,0,0,0,0,0,0,0,0,0,0,0,0,0,0
"CGATGTCAGCGATGGA-1","5",1.38975431192018,0,0,0,0,0,0,0,0,0,0,0,0,0,0,0,0,1.38975431192018,0,0,0,1.38975431192018,1.94986340274285,0,0,1.70852199121254,1.70852199121254,1.38975431192018,0,1.94986340274285,0,0,0,0,0,0,0,0,0,0,0,0,0,0
"CGATGTCAGGAGCCTT-1","0",2.5453297022423,0.682567674823149,0,0,0,0,0,0,0,0,0,0,0,0,0,0,0,0,0,0,0,1.59245655857572,0.682567674823149,0,1.08448126154394,2.17833848209068,1.08448126154394,0.682567674823149,0.682567674823149,1.77406426244286,0,0,0,0,0,0,0,0,0,0,0,0,0,0
"CGATTAACAAGCCACA-1","13",2.88434764329278,0,0,0,0,0,0,0,0,0,0,0,0,0,0,0,0,0,0,0,0,0,0,0,0,2.88434764329278,0,3.94498718096712,0,3.5491512949519,0,0,0,0,2.88434764329278,0,0,0,0,0,0,0,0,0
"CGATTAACATAACTGA-1","0",2.0907874535903,0,0,0,0,0,0,0,0,0,0,0,0,0,0,0,0,0.828256749591384,0,0,0,1.076362109508,0.828256749591384,0,0.497535011767406,2.00776050272857,1.2749852956569,0,0.497535011767406,1.076362109508,0,0,0,0,0,0,0,0,0,0,0,0,0,0.497535011767406
"CGATTACGTTGCTCAG-1","7",2.24777864523342,0,0,0,0,0,0,0,0,0,0,0,0,0,0,0,0,0.613383129060005,0,0,0,1.80500636703265,0.613383129060005,0,0,1.80500636703265,0.990780841292361,0.613383129060005,1.26412816217577,2.24777864523342,0,0,0,0,0,0,0,0,0,0,0,0,0,1.80500636703265
"CGATTAGTCACTGGGT-1","5",1.11860479462432,0,0.708178906917258,0,0,0,0,0,0,0,0,0,0,0,0,0,0,0,0,0,0,1.40875805879186,1.11860479462432,0,0,2.66679596353441,0.708178906917258,0.708178906917258,0,1.81668826687806,0,0.708178906917258,0,0,1.11860479462432,0,0.708178906917258,0,0,0,0,0,0,0
"CGATTCCCACTTGGGA-1","9",0,0,0,0,0,0,0,0,0,0,0,0,0,0,0,0,0,0,0,0,0,0,0,0,0,0,0,0,0,0,0,0,0,0,0,0,0,0,0,0,0,0,0,0
"CGATTTAGTTCGCCTT-1","4",2.17768001491395,0,0,0,0,0,0,0,0,0,0,0,0,0,0,0,0,0.378670362773273,0,0,0,0.86753094978703,1.32496387292034,0,1.19443987012362,1.72337636438045,0,0.378670362773273,1.44040155862248,1.54388182576935,0,0,0,0,0,0,0,0,0,0,0,0,0,0.652680928430339
"CGATTTAGTTTAGTGC-1","2",1.81530910310518,0,0,0,0,0,0,0,0,0,0,0,0,0,0,0,0,0,0,0,0,0.707343405286874,1.97012454779038,0,0,1.6320561324717,0,0,0,2.10415422421396,0,0,0,0,0,0,0,0,0,0,0,0,0,0
"CGATTTGAGGCATGGA-1","1",2.38713859607671,0,0,0,0,0,0,0,0,0,0,0,0,0,0,0,0,0,0,0,0,1.02847009878016,1.02847009878016,0,0,2.20668269761673,1.524656958379,0,1.02847009878016,1.98633112371663,0,0,0,0,0,0,0,0,0,0,0,0,0,1.3070280865891
"CGATTTGAGGTCAAGG-1","3",2.72558458699241,0,0,0,0,0,0,0,0,0,0,0,0,0,0,0,0,0,0,0,0,0,0,0,2.09588898999699,2.09588898999699,0,0,0,0,0,0,0,0,0,0,0,0,0,0,0,0,0,0
"CGATTTGAGGTCCAGT-1","0",1.48781167340717,0,0,0,0,0,0,0,0,0,0,0,0,0,0,0,0,0,0,0,0,0.761957240867484,1.71737023526168,0,0.761957240867484,1.71737023526168,0,0,1.48781167340717,2.42322528431631,0,0,0,0,0,0,0,0,0,0,0,0,0,0
"CGCAAATCAACTGTCC-1","0",1.90441984592859,0,0,0,0,0,0,0,0,0,0,0,0,0,0,0,0,0.539085801596286,0,0,0,0.539085801596286,0.539085801596286,0,1.14527842883708,2.52019503674808,0.539085801596286,1.14527842883708,1.14527842883708,0.887429264490572,0,0,0,0,0,0,0,0,0,0,0,0,0,0
"CGCAAATCAATCAAGC-1","9",0,0,0,0,0,0,0,0,0,0,0,0,0,0,0,0,0,0,0,0,0,0,0,0,0,0,0,0,0,0,0,0,0,0,0,0,0,0,0,0,0,0,0,0
"CGCAATATCCCATATC-1","1",1.89661723924688,0,0,0,0,0,0,0,0,0,0,0,0,0,0,0,0,0,0,0,0,0.882042486118343,1.51283282692452,0,0.535273026156461,1.89661723924688,1.51283282692452,0.882042486118343,0,2.62049036178888,0,0,0,0,0,0,0,0,0,0,0,0,0,0.535273026156461
"CGCACAACAAATGCAC-1","3",2.36842359164067,0,0,0,0,0,0,0,0,0,0,0,0,0,0,0,0,0,0,0,0,0,0,0,0,1.76477720932112,0,0,0,0,0,0,0,0,0,0,0,0,0,0,0,0,0,0
"CGCACAACATAGGGCC-1","5",1.62383188593148,0,0,0,0,0,0,0.702167664367464,0,0,0,0,0,0,0,0,0,0,0,0,0,1.39979475577479,0.702167664367464,0,0.702167664367464,2.85012606206065,0,0.702167664367464,0.702167664367464,1.62383188593148,0,0,0,0,0,0,0,0,0,0,0,0,0,1.39979475577479
"CGCACAACATGTCGGA-1","0",0,1.07695738560509,0,0,0,0,0,0,0,0,0,0,0,0,0,0,1.07695738560509,0,0,0,0,2.53483916585231,1.58339518249613,0,0,1.07695738560509,0,1.07695738560509,0,1.07695738560509,0,0,0,0,0,0,0,0,0,0,0,0,0,0
"CGCACATAGCTAATCG-1","1",2.00397489044703,0,0,0,0,0,0,0,0,0,0,0,0,0,0,0,0,0.825795641795087,0,0,0,0.825795641795087,1.57920365747874,0,0,2.30117202833603,0,0.825795641795087,0.825795641795087,1.27183538387176,0,0,0,0,0.825795641795087,0,0,0,0,0,0,0,0,0.825795641795087
"CGCACATAGCTTAGGC-1","7",2.08691480784886,0,0,0,0,0,0,0,0,0,0,0,0,0,0,0,0,0,0,0,0,0,2.08691480784886,0,0,1.61627279681663,0,0,1.10431126487024,1.61627279681663,0,0,0,0,0,0,0,0,0,0,0,0,0,1.79887812916272
"CGCACATAGGAGGTGC-1","5",2.73793547500653,0,0,0,0,0,0,0,0,0,0,0,0,0,0,0,0,0,0,0,0,1.91427468661584,1.91427468661584,0,0.894251433366846,2.40861320882753,0.894251433366846,0.894251433366846,0,0.894251433366846,0,0,0,0,0,0,0,0,0,0,0,0,0,0
"CGCACCTTCCGGTTAA-1","6",1.3090630131839,1.3090630131839,1.3090630131839,0,0,0,0,0,0,0,0,0,0,0,0,0,0,0,0,0,0,0,0,0,0,2.20916501770814,0,1.85714222849091,0,0,0,0,0,0,0,0,0,0,0,0,1.3090630131839,0,0,2.46901528245137
"CGCACTTCAATATCAG-1","2",1.99258371555423,0,0,0,0,0,0,0,0,0,0,0,0,0,0,0,0,0,0,0,0,1.13510058193125,1.83716553541325,0,0.720637458103521,1.65306677482331,0,0.720637458103521,1.13510058193125,2.24558564902964,0,0,0,0,0,0,0,0,0,0,0,0,0,0
"CGCAGCTGTTTCGTAA-1","3",3.50994605110391,0,0,0,0,0,0,0,0,0,0,0,0,0,0,0,0,0,0,0,0,0,0,0,0,0,0,0,0,0,0,0,0,0,0,0,0,0,0,0,0,0,0,0
"CGCAGTTAGATTAGAG-1","2",2.34998535575831,0,0,0,0,0,0,0,0,0,0,0,0,0,0,0,0,0.781925630247104,0,0,0,0.781925630247104,1.74793089111394,0,1.21531445688914,1.93562675688275,0,0.781925630247104,0.781925630247104,2.22998635149222,0,0,0,0,0,0,0,0,0,0,0,0,0,0
"CGCATAATCTGTGATG-1","2",1.94020619206439,0,0.784831335894559,0,0,0,0,0,0,0,0,0,0,0,0,0,0,0,0,0,0,1.7523511913008,1.7523511913008,0,0,1.94020619206439,0,0,0,1.52084963635916,0,0,0,0,0,0,0,0,0,0,0,0,0,0
"CGCATAGCAATCCTTG-1","13",2.34934204738138,0,0,0,0,0,0,0,0,0,0,0,0,0,0,0,0,0,0,0,0,0,0,0,0,0,0,0,0,0,0,0,0,0,0,0,0,0,0,0,0,0,0,0
"CGCATAGCATAACTTC-1","1",1.89633651141547,0,0,0,0,0,0,0,0,0,0,0,0,0,0,0,0,1.34305350024001,0,0,0,1.34305350024001,1.89633651141547,0,0,2.02880853123836,0,0,0.66452867963304,2.83560826265387,0,0,0,1.06026934327462,0.66452867963304,0,0,0,0,0,0,0,0,1.34305350024001
"CGCATAGCATAAGCCG-1","0",1.94138100099516,0,0,0,0,0,0,0,0,0,0,0,0,0,0,0,0,0,0,0,0,0.913122483415919,1.94138100099516,0,1.38233247965278,2.85721768779112,1.94138100099516,0,0,1.70042526017336,0,0,0,0,0,0,0,0,0,0,0,0,0,0
"CGCATATGTGCGTACC-1","1",1.04941372634193,0,0,0,0,0,0,0,0,0,0,0,0,0,0,0,0,0,0,0,0,1.04941372634193,0.656477035252384,0,0,2.70269065276601,0.656477035252384,1.55010236289611,0.656477035252384,1.33077223392968,0,0,0,0,0,0,0,0,0,0,0,0,0,2.13107349438063
"CGCATCAGTGGCTTCA-1","6",2.53733801268595,0,0,0,0,0,0,0,0,0,0,0,0,0,0,0,0,2.17064958686835,0,0,0,0,0,0,0,2.17064958686835,0,0,0,0,0,0,0,0,0,0,0,0,0,0,1.58555242744474,0,0,2.80505290599323
"CGCATCAGTTGGCGAG-1","2",1.29618835374121,0,0,0,0,0,0,0,0,0,0,0,0,0,0,0,0,0,0,0,0,0,1.6060332916329,0.844867171761657,0,2.45284382999721,0,1.29618835374121,0.844867171761657,2.33153014356912,0,0,0,0,0,0,0,0,0,0,0,0,0,0
"CGCATCTCAACTGTCC-1","0",0,0,0,0,0,0,0,0,0,0,0,0,0,0,0,0,0,0,0,0,0,1.95245287211938,0,0,0,1.95245287211938,0,0,0,1.95245287211938,0,0,0,0,0,0,0,0,0,0,0,0,0,0
"CGCATCTCAAGGTTAC-1","5",1.76789296577913,0,0,0,0,0,0,0,0,0,0,0,0,0,0,0,0,0,0,0,0,0,2.25154108510509,0,0,3.12953008884104,0,0.795082670740779,0,1.76789296577913,0,1.23234103822847,0,0,0,0,0,0,0,0,0,0,0,0
"CGCATGGTCGTGAACC-1","5",2.55512893574407,0,0,0,0,0,0,0.909918438626321,0,0,0,0,0,0,0,0,0,0,0,0,0,0.909918438626321,2.13068103527316,0,0,2.6642431482253,0,0,0,1.69604849673951,0,0,0,0,0.909918438626321,0,0,0,0,0,0,0,0,0
"CGCCAAGTCCCGTTGC-1","0",1.63870869362999,0,0,0,0,0,0,0,0,0,0,0,0,0,0,0,0,0,0,0,0,1.63870869362999,0,0,1.12306371855129,2.22969540416849,0,0,0,0,0,0,0,0,0,0,0,0,0,0,1.12306371855129,0,0,0
"CGCCATAGTGGCGTAG-1","7",1.71173777326855,0,0,0,0,0,0,0,0,0,0,0,0,0,0,0,0,0.563283141846205,0,0,0,0.921421269761609,1.1845725166552,0,0,1.83975686913125,0.921421269761609,0,0.563283141846205,2.62895678216352,0,0,0,0.563283141846205,0,0,0,0,0,0,0,0,0,0
"CGCCATAGTTAACGCT-1","15",1.2302798890735,0,0.793487242696082,0,0,0,0,0,0,0,0,0,0,0,0,0,0,0,0,0,0,1.53326522462955,2.36919168734576,0,0,2.57344670448363,0,0,1.2302798890735,0.793487242696082,0,0,0,0,0,0,0,0,0,0,0,0,0,0
"CGCCATGAGGGGTCAA-1","7",1.41920043157068,0,0,0,0,0,0,0,0,0,0,0,0,0,0,0,0,0,0,0,0,0.942701643237358,1.98342992507697,0,0,1.41920043157068,0,0,0,2.48226553846365,0,0,0.942701643237358,0,0,0,0,0,0,0,0,0,0,0.942701643237358
"CGCCATGAGTGCGCTG-1","1",2.51528199929396,0,0,0,0,0,0,0,0,0,0,0,0,0,0,0,0,0,0,0,0,0,1.89987343908586,0,0,2.25418996164732,0,1.3461294843628,0,2.72212539959859,0,0,0,0,0,0,0,0,0,0,0,0,0,1.3461294843628
"CGCCATGAGTTACGTG-1","1",2.40313900375045,0,0,0,0,0,0,0,0,0,0,0,0,0,0,0,0,0.487729673975226,0,0,0,1.42143770284974,1.6864548288566,0,0.814137984548998,2.21615415875684,1.25688535527722,0.487729673975226,0,1.42143770284974,0,0,0,0,1.6864548288566,0,0,0,0,0,0,0,0,1.89574866537375
"CGCCATGAGTTAGAGA-1","0",2.6149822469168,0,0,0,0,0,0,0,0,0,0,0,0,0,0,0,0,0,0,0,0,1.19485722400428,1.49394382583867,0,0,1.91068486526135,0.766185290623816,0,0,1.72386818199627,0,0,0,0,0,0.766185290623816,0,0,0,0,0,0,0,1.19485722400428
"CGCCCATTCACACTAG-1","0",1.98019371003021,0,0.713288485222249,0,0,0,0,0,0,0,0,0,0,0,0,0,0,0,0,0,0,0,1.82510641008722,0,0,1.98019371003021,0.713288485222249,0,0,0.713288485222249,0,0,0,0,0,0,0,0,0,0,0,0,0,0.713288485222249
"CGCCCATTCACAGAGG-1","0",2.08649283416592,0,0.578896006224445,0,0,0,0,0,0,0,0,0,0,0,0,0,0,0.578896006224445,0,0,0,0,1.41979465097208,0,0.578896006224445,2.08649283416592,0.578896006224445,0.578896006224445,0.943180144134596,0,0,0,0,0,0,0,0,0,0,0,0,0,0,0
"CGCCTAAGTTGCCCTT-1","0",2.24091703503648,0,0,0,0,0,0,0,0,0,0,0,0,0,0,0,0,0,0,0,0,0,0.609871503630907,0,0,2.40535276938793,0.609871503630907,0.985962250527596,0,0.985962250527596,0,0,0,0,0.609871503630907,0,0,0,0,0,0,0,0,0
"CGCCTAGAGGTCACGT-1","6",0,1.58431885233877,0,0,0,0,0,0,0,0,0,0,1.58431885233877,0,0,0,0,0,0,0,0,0,0,0,0,0,0,0,0,0,0,0,0,0,0,0,0,0,0,0,1.58431885233877,0,0,3.6828535830276
"CGCCTCACAGGCTACA-1","5",2.2681201898746,0,0,0,0,0,0,0,0,0,0,0,0,0,0,0,0,0,0,0,0,1.55010236289611,1.7832685200433,0,0,2.13107349438063,0.805277601658893,0,0,1.55010236289611,0,0,0,0,0,0,0,0,0,0,0,0,0,0
"CGCCTCACATGGTAAC-1","2",2.37037570420218,0,0,0,0,0,0,0,0,0,0,0,0,0,0,0,0,0,0,0,0,0.73137445674432,1.6699192220777,0,0,2.46634772435871,1.1492640061563,0.73137445674432,1.1492640061563,1.85468315374866,0,0,0,0,0,0,0.73137445674432,0,0,0,0,0,0,0.73137445674432
"CGCCTGTTCAGGAGTG-1","12",0,0,0,0,0,0,0,0,0,0,0,0,0,0,0,0,0,0,0,0,0,0,0,0,0,0,0,0,0,0,0,0,0,0,0,0,0,0,0,0,0,0,0,0
"CGCCTGTTCCATGCAA-1","4",1.8406057202199,0,0.633074526522607,0,0,0,0,0,0,0,0,0,0,0,0,0,0,0,0,0,0,0,1.97182091598511,0,0.633074526522607,2.19171275235844,1.2947755714764,0,0,0,0,0,0,0,0.633074526522607,0.633074526522607,0,0,0,0,0,0,0,1.8406057202199
"CGCCTGTTCGATGCTA-1","1",0.969970824269223,0,0,0,0,0,0,0,0,0,0,0,0,0,0,0,0,0,0,0,0,1.77725520401375,1.45295601580704,0,0,1.9069519282095,0.598250476805487,0.598250476805487,1.24034366573136,0,0,0,0,0,0,0,0,0,0,0,0,0,0,1.62819464813293
"CGCGAACCAAGCTCCT-1","6",2.01968459887662,2.01968459887662,0,0,0,0,0,1.451139207884,0,0,0,0,1.451139207884,0,0,0,0,0,0,0,0,0,0,0,0,0,0,0,0,0,0,0,0,0,0,0,0,0,0,0,0,0,0,3.17286610540285
"CGCGAACCACCAATCC-1","0",2.68057984023318,0,0.395740663641577,0,0,0,0,0,0,0,0,0,0,0.395740663641577,0,0,0,0,0,0,0,0.395740663641577,0,0,0.678524820606966,2.05371036443138,0.395740663641577,0,0.678524820606966,0.89871806611695,0,0,0,0,0,0,0.395740663641577,0,0,0,0,0,0.395740663641577,1.92071077082071
"CGCGAAGGTCAGCTAT-1","0",2.00745361433043,0,0,0,0,0,0,0,0,0,0,0,0,0,0,0,0,0,0,0,0,0.959765560244467,1.76357478287235,0,0,2.20336361687192,0.959765560244467,1.44034886322302,0,1.76357478287235,0,0,0,0,0,0,0,0,0,0,0,0,0,0.959765560244467
"CGCGATTAGAACGATA-1","5",2.00221837587497,0,0,0,0,0,0,0,0,0,0,0,0,0,0,0,0,0,0,0,0,0.726377712518601,1.66208931055032,0,0,2.3616271923623,1.84654564220788,0.726377712518601,0.726377712518601,1.84654564220788,0,0,0,0,0,0,0,0,0,0,0,0,0,1.14267872072041
"CGCGATTAGTGAACCC-1","10",1.59801646847874,0,0,0,0,0,0,2.18452599399909,1.59801646847874,0,0,0,0,0,0,0,0,1.59801646847874,2.18452599399909,0,0,0,0,2.55175913202994,0,0,0,1.59801646847874,0,0,0,0,0,0,0,0,2.18452599399909,0,0,0,0,0,0,0
"CGCGATTAGTGCGCCA-1","1",1.31247615967081,0,0,0,0,0,0,0,0,0,0,0,0,0,0,0,0,0.8576785430589,0,0,0,0.51810340059952,2.05263614105636,0,0.8576785430589,2.28492273021038,0.8576785430589,0.51810340059952,0,2.41435972364734,0,0,0,0,0,0,0,0,0,0,0,0,0,0.51810340059952
"CGCGCATGTCAAGGTA-1","2",2.35011407759015,0,0,0,0,0,0,0,0,0,0,0,0,0,0,0,0,0.667150473533983,0,0,0,0,1.06379762792373,0,1.06379762792373,2.35011407759015,0.667150473533983,0.667150473533983,0.667150473533983,2.15053037151583,0,0,0,0,0,0,0,0,0,0,0,0,0,0.667150473533983
"CGCGGTTGTGGGTAGT-1","0",1.53165274644865,0,0,0,0,0,0,0,0,0,0,0,0,0,0,0,0,0,0,0,0,1.53165274644865,1.53165274644865,0,1.03421878964667,2.30901830756254,1.03421878964667,0,0,0,0,0,0,0,0,0,0,0,0,0,0,0,0,1.86233033923902
"CGCGTACGTGCAGTCC-1","0",2.01940121907183,0,0,0,0,0,0,0,0,0,0,0,0,0,0,0,0,0,0,0,0,0,1.45088903063211,0,0,2.64387605511248,0,0,1.45088903063211,1.45088903063211,0,0,0,0,0,0,0,0,0,0,0,0,0,0
"CGCGTACGTGGACACG-1","10",0,0,0,0,0,0,0,1.17825706901868,0,0,0,0,0,0,0,1.17825706901868,0,0,0,0,0,0,1.70427779747763,1.17825706901868,0,2.0471921994106,0,1.17825706901868,1.17825706901868,1.70427779747763,1.17825706901868,0,0,0,0,0,0,0,0,0,0,0,0,0
"CGCGTACGTTGTGAGA-1","0",2.57297137977713,0,0,0,0,0,0,0,0,0,0,0,0,0,0,0,0,0,0,0,0,0,1.39281714793794,0,0,1.95336129904271,1.39281714793794,0.921512360628546,0,0,0,0,0,0,0,0,0,0,0,0,0,0,0,0.921512360628546
"CGCTAAATCCAATTCC-1","3",0,0,0,0,0,0,0,0,0,0,0,0,0,0,0,0,0,0,0,0,0,0,0,0,0,0,0,0,0,0,0,0,0,0,0,0,0,0,0,0,0,0,0,0
"CGCTAAATCCTCTCCT-1","2",1.88796392881475,0,0,0,0,0,0,0,0,0,0,0,0,0,0,0,0,0,0,0,0,0.659754541304336,2.02025167330389,0,0,2.02025167330389,0.659754541304336,0,1.05383629368634,1.88796392881475,0,0,0,0,0,0,0,0,0,0,0,0,0,0
"CGCTAACAGGATCTAT-1","10",0,0,0,0,2.0767337617138,0,0,2.70516164150896,0,0,0,0,0,0,0,0,0,0,0,0,0,0,0,2.0767337617138,0,0,0,0,0,0,0,0,0,0,0,0,3.08808814761517,0,0,0,0,0,0,0
"CGCTAACAGGCGATCT-1","1",1.60354406398409,0,0,0,0,0,0,0,0,0,0,0,0,0,0,0,0,0,0,0,0,0.68946759806815,1.09370316377667,0,0.68946759806815,2.4781503720645,0.68946759806815,0.68946759806815,0,0,0,0,0,0,0,0,0,0,0,0,0,0,0,2.70117065845725
"CGCTAACAGGGTACGA-1","0",1.86632271113697,0,0,0,0,0,0,0,0,0,0,0,0,0,0,0,0,0,0,0,0,1.31700870672937,0,0,0,2.21884704134939,1.86632271113697,0,1.86632271113697,0,0,0,0,0,0,0,0,0,0,0,0,0,0,1.31700870672937
"CGCTAACAGTAGGCTC-1","0",1.81539522350097,0,0.414986551936944,0,0,0,0,0,0,0,0,0,0,0,0,0,0,0,0,0,0,1.89579722996623,0,0,0,1.89579722996623,0.933364591006788,0.414986551936944,0.414986551936944,0.414986551936944,0,0,0,0.414986551936944,0,0.414986551936944,0,0,0,0,0,0,0,0.414986551936944
"CGCTAATGTCAACCAT-1","4",1.96070424953367,0,0.441436288728669,0,0,0,0,0,0,0,0,0,0,0,0,0,0,0,0,0,0,0.441436288728669,1.96070424953367,0,0.441436288728669,1.46548295189832,0,0,0.746630084880091,1.46548295189832,0,0,0,0,0,0,0,0,0,0,0,0,0,2.03591635001226
"CGCTAATGTGCGGTGA-1","4",2.73560463475848,0,0.564687522057307,0,0,0,0,0,0,0,0,0,0,0,0,0,0,0,0,0,0,0.923383979198217,1.3951530864755,0,0,1.71440827838031,0.564687522057307,0.923383979198217,0,1.3951530864755,0,0,0,0,0,0,0,0,0,0,0,0,0,0.564687522057307
"CGCTACTCAAGCTCGA-1","0",2.11113961338891,0,0,0,0,0,0,0,0,0,0,0,0,0,0,0,0,0,0,0,0,0,0.711383206652731,0,0,2.2294177796897,0,0.711383206652731,0,0.711383206652731,0,0,0,0,0,0,0,0,0,0,0,0,0,0
"CGCTACTCAAGTGGAA-1","10",0,1.98100146886658,0,0,0,0,0,1.98100146886658,0,0,0,0,0,0,0,0,0,0,0,0,0,0,0,0,0,0,0,0,0,0,0,0,1.98100146886658,0,0,0,2.60268968544438,0,0,0,0,0,0,0
"CGCTACTCATTGCCCG-1","13",2.98970407117115,0,0,0,0,0,0,0,0,0,0,0,0,0,0,0,0,0,0,0,0,0,3.65737839561055,0,0,1.4222967043771,0,0,2.34563493755556,2.60907903815974,0,0,0,0,0,0,0,0,0,0,0,0,0,1.4222967043771
"CGCTATGGTGACGAGT-1","0",2.28782418372261,0,0,0,0,0,0,0,0,0,0,0,0,0,0,0,0,0,0,0,0,0,1.16731984081684,0,0,2.0334115090634,1.16731984081684,0,0,0,0,0,0,1.16731984081684,0,0,0,0,0,0,0,0,0,1.16731984081684
"CGCTATGGTTCGTGAT-1","5",1.45358373620002,0,0,0,0,0,0,0,0,0,0,0,0,0,0,0,0,0,0,0,0,0.598619417315584,1.45358373620002,0,0.598619417315584,2.98825004433643,0.598619417315584,0.598619417315584,0.970479592375562,1.90764955184506,0,0,0,0,0,0,0,0,0,0,0,0,0,0.970479592375562
"CGCTCATCAATACGGT-1","0",1.01341807962891,0,0,0,0,0,0,0,0,0,0,0,0,0,0,0,0,0.629941572033342,0,0,0,0.629941572033342,0,0,0,2.71071425203283,1.50629793178557,0,0,1.8349794287316,0,0,0,0,0,0,0,0,0,0,0,0,0,0.629941572033342
"CGCTCATCAGGGCTAC-1","0",2.19953903258101,0,0,0,0,0,0,0,0,0,0,0,0,0,0,0,0,0.694449720697012,0,0,0,0,1.10034863209887,0,1.10034863209887,2.64147498395263,1.38824753564842,0,0.694449720697012,0.694449720697012,0,0,0,0.694449720697012,0,0,0,0,0,0,0,0,0,0
"CGCTCATCATCCTCAA-1","0",2.77705312026539,0,0,0,0,0,0,0,0,0,0,0,0,0,0,0,0,0,0,0,0,1.05916045109349,1.05916045109349,0,0,2.34370244705641,1.05916045109349,0,0,0,0,0,0,0,0,0,0,0,0,0,1.05916045109349,0,0,0
"CGCTCCACATGCTCGT-1","7",2.01154005796854,0,0,0,0,0,0,0,0,0,0,0,0,0,0,0,0,0,0,0,0,1.15002547994448,1.35524163777831,0,0,2.18758594849845,1.52543052124684,1.35524163777831,0.541989618800819,2.40441420070819,0,0,0,0,0,0,0,0,0,0,0,0,0,0
"CGCTCCACATTCGCTA-1","1",2.48880335171404,0,0.500663040874364,0,0,0,0,0,0,0,0,0,0,0,0,0,0,0,0,0,0,1.08161681645954,2.37464730645494,0,0,2.0977679365713,0,0.500663040874364,0,1.71356431839604,0,0,0,0,0.500663040874364,0,0,0,0,0,0,0,0,1.92400529785284
"CGCTGATAGATTGACT-1","0",2.43282004650866,0,0,0,0,0,0,0,0,0,0,0,0,0,0,0,0,0,0,0,0,0.832417690512704,1.58854311860731,0,0,2.72704006775751,1.58854311860731,1.82381998301804,0.832417690512704,1.28030586116269,0,0,0.832417690512704,0,0.832417690512704,0,0,0,0,0,0,0,0,0
"CGCTGATAGGGTAGCA-1","7",1.93851107909333,0,0,0,0,0,0,0,0,0,0,0,0,0,0,0,0,0,0,0,0,0,1.37982317438072,0,0,2.49759626123117,0,0.911117136919732,0.911117136919732,2.66610915799736,0,0,0.555923096218357,0,0,0,0,0,0,0,0,0,0,0
"CGCTGATAGGTATCCA-1","2",1.84209360170196,0,0,0,0,0,1.01881537182781,0,0,0,0,0,0,0,0,0,0,0,0,0,0,0,2.08934806188263,0,0,2.2874265325632,0,0,1.01881537182781,1.84209360170196,0,0,0,0,0,0,0,0,0,0,0,0,0,0
"CGCTGATAGTCAGGTC-1","4",2.03489691345854,0,0,0,0,0,0,0,0,0,0,0,0,0,0,0,0,0.667936569901672,0,0,0,1.06485489624934,1.06485489624934,0,0.667936569901672,1.74938161741128,1.56879010773368,1.06485489624934,0,0.667936569901672,0,0,0,0.667936569901672,0,0,0,0,0,0,0,0,0,1.34823602801338
"CGCTGCAAGCCATTGA-1","1",2.04957393644852,0,0,0,0,0,0,0,0,0,0,0,0,0,0,0,0,0,0,0,0,1.36074856286881,1.07593735315205,0,0.676189362636736,2.36684574406429,1.07593735315205,1.36074856286881,0,1.76333454265405,0,0,0,0,0,0,0.676189362636736,0,0,0,0,0,0,1.76333454265405
"CGCTGCAAGCCCTGCT-1","16",2.14028678255424,0,0,0,0,0,0,0,0,0,0,0,0,0,0,0,0,0,0,0,0,0,0,0,0,0,0,0,0,0,0,0,0,0,0,0,0,0,0,0,0,0,0,0
"CGCTGCAAGGAATCGG-1","0",2.09839525760119,0,0,0,0,0,0,0,0,0,0,0,0,0,0,0,0,1.75244973605793,0,0,0,0,1.21916440762306,0,0,2.7282548159048,0,0,1.21916440762306,0,0,0,1.21916440762306,0,0,0,0,0,0,0,0,0,0,1.21916440762306
"CGCTGCAAGGAATTGA-1","5",2.432543628565,0,1.49573242484409,0,0,0,0,0,0,0,0,0,0,0,0,0,0,0,0,0,0,0,0,0,0,1.49573242484409,0,1.49573242484409,0,2.69802784549466,0,0,0,0,0,0,0,0,0,0,0,0,0,0
"CGCTGCAAGTTACGTG-1","2",0,0,0,0,0,0,0,0,0,0,0,0,0,0,0,0,0,0,0,0,0,0,1.4943905024347,0,0,2.43096584318199,0,0,0,1.4943905024347,0,0,0,0,0,0,0,0,0,0,0,0,0,0
"CGCTGTGAGTTGCGTA-1","1",0.737295516301727,0,0,0,0,0,0,0,0,0,0,0,0,0,0,0,0,0,0,0,0,0.737295516301727,2.15546733596283,0,0.737295516301727,1.67916899080944,1.45180684086289,1.45180684086289,0,0,0,0,0.737295516301727,0,0,0,0,0,0,0,0,0,0,2.27441172396767
"CGCTGTTCAACGGTGC-1","6",2.79996160822368,0,1.27368613693915,0,0,0,0,0,0,0,0,0,0,0,0,0,0,1.27368613693915,0,0,0,0,0,0,1.27368613693915,0,0,0,0,0,0,0,0,0,0,0,1.27368613693915,0,0,0,1.27368613693915,0,0,1.81612766302231
"CGCTGTTCATGCTCTA-1","11",0,0,0,0,0,0,0,0,0,0,0,0,0,0,0,0,0,2.88594384543757,0,0,0,0,0,0,0,0,0,0,0,0,0,0,0,0,0,0,0,0,0,0,0,0,0,2.88594384543757
"CGGAACCCAACGGGCT-1","0",2.51482924591344,0.563968105148191,0,0,0,0,0,0,0,0,0,0,0,0,0,0,0,0.922378685840067,0,0,0,1.39389853003163,2.05651809393122,0,0.922378685840067,1.84109425937734,0,0,0.563968105148191,0,0,0,0,0.563968105148191,0,0.563968105148191,0,0,0,0,0,0,0,0
"CGGAACCCAAGCATCG-1","15",2.04109634533406,0,0.608341010270498,0,0,0,0,0,0,0,0,0,0,0,0,0,0,0,0,0,0,0.983860160109317,1.25622611338413,0,0,1.47006611333689,0,0.983860160109317,0.608341010270498,1.64613686521121,0,0,0,0,0,0,0,0,0,0,0,0,0,0
"CGGAACCCAGTTGGTG-1","0",2.0427009719033,0,0,0,0,0,0,0,0,0,0,0,0,0,0,0,0,0,0,0,0,0,1.61479267757176,0,0,2.2031725502623,1.61479267757176,1.61479267757176,0,0.851125616256968,0,0,0,0,0,0,0.851125616256968,0,0,0,0,0,0,0.851125616256968
"CGGACAGGTGAGCCGA-1","9",0,0,0,0,0,0,0,0,0,0,0,0,0,0,0,0,0,0,0,0,0,0,0,0,0,0,0,0,2.1065965598764,0,0,0,0,0,0,0,0,0,0,0,0,0,0,0
"CGGACATTCACGCTCC-1","8",2.03504836582728,0,0,0,0,0,0,0,0,0,0,0,0,0,0,0,0,0,0,0,0,0.746105016315953,1.69287451487151,0,0,2.49218871578162,0.746105016315953,0,0,1.46471524379986,0,0,0,0,0,0,0,0,0,0,0,0,0,2.03504836582728
"CGGACATTCCATGACA-1","3",3.3305666659823,0,0,0,0,0,0,0,0,0,0,0,0,0,0,0,0,0,0,0,0,0,1.85486502345797,0,0,0,0,0,0,0,0,0,0,0,0,0,0,0,0,0,0,0,0,0
"CGGACATTCGCGAATC-1","1",1.8707573173039,0,0,0,0,0,0,0,0,0,0,0,0,0,0,0,0,0,0,0,0,1.21022333805527,0.943707097547356,0,0,2.60682283961256,0,0,0.579275304512134,1.8707573173039,0,0,0,0,0,0,0,0,0,0,0,0,0,0
"CGGACTTAGCAACCTA-1","10",0,0,0,0,0,0,0,2.0427009719033,2.0427009719033,0,0,0,0,0,0,0,0,0,0,0,0,0,0,0,0,0,0,0,0,0,0,0,0,0,0,0,3.05089391515557,0,0,0,0,0,0,0
"CGGACTTAGCCTCTAT-1","6",0,2.12846078679514,0,0,0,0,0,0,0,0,0,0,0,0,0,0,0,1.54776722184278,0,0,0,0,0,0,0,0,0,0,0,0,0,0,0,1.54776722184278,0,0,0,0,0,0,0,0,0,3.73075492757919
"CGGACTTAGGATTCGC-1","2",2.33875387982911,0,0,0,0,0,0,0,0,0,0,0,0,0,0,0,0,0,0,0,0,0.849436898635953,1.84897736262192,0,0.849436898635953,1.84897736262192,0,0.849436898635953,0.849436898635953,1.61243128648877,0,0,0,0,0,0,0.849436898635953,0,0,0,0,0,0,0
"CGGATCACAATCTCTG-1","6",1.51634748936809,0,1.02165124753198,0,0,0,0,0,0,0,0,0,0,0,1.02165124753198,0,0,0,0,0,0,0,0,0,0,1.84582669049833,0,0,1.02165124753198,0,0,0,0,0,0,0,0,0,0,0,0,0,0,3.44113009199753
"CGGATTCAGCGGTAGA-1","4",2.71478166102224,0,0,0,0,0,0,0,0,0,0,0,0,0,0,0,0,0,0,0,0,0,0,0,0.73463280123581,1.85997586452732,0,0,0.73463280123581,2.26982744957158,0,0,0,0,0,0,0,0,0,0,0,0,0,0.73463280123581
"CGGATTCAGTGCCGTG-1","4",1.62334162036491,0,0,0,0,0,0,0,0,0,0,0,0,0,0,0,0,0,0,0,0,0,1.11021209502262,0,0,2.72425251484544,1.11021209502262,0,0,1.9607996208036,0,0,0,0,0,0,0,0,0,0,0,0,0,1.11021209502262
"CGGCAAGGTGGCAGTG-1","7",2.19108524282271,0,0,0,0,0,0,0,0,0,0,0,0,0,0,0,0,0.425046153307271,0,0,0,0.951265154145985,1.84001142025209,0,0,2.40365676367352,0,0.722376818874884,0.951265154145985,2.79484969123863,0,0,0,0,0,0,0,0,0,0,0,0,0,0.425046153307271
"CGGCAAGGTTAGACAG-1","10",0,0,0,0,0,0,0,1.74851866290355,0,0,0,0,0,0,0,0,0,1.21581507902271,1.21581507902271,0,0,1.74851866290355,0,1.21581507902271,0,1.74851866290355,0,0,1.21581507902271,0,0,0,0,0,0,0,0,0,0,0,0,0,0,0
"CGGCATTAGAACCTAT-1","4",1.32425455517965,0,0,0,0,0,0,0,0,0,0,0,0,0,0,0,0,0,0,0,0,0,1.32425455517965,0,0,1.87468475626089,0,0,1.32425455517965,0,0,0,0,0,0,0,0,0,0,0,0,0,0,0
"CGGCCAATCCCCAAGG-1","0",2.60593653190092,0,0,0,0,0,0,0,0,0,0,0,0,0,0,0,0,0.812879588857365,0,0,0,1.25526860749107,1.560913643669,0,0,2.60593653190092,1.25526860749107,1.25526860749107,0,1.98402473300972,0,0,0,0,0,0,0,0,0,0,0,0,0,0
"CGGCCTAAGCAGGTCT-1","0",2.41561459714463,0,0,0,0,0,0,0,0,0,0,0,0,0,0,0,0,0.898804429293679,0,0,0,0,1.68082655222168,0,0.898804429293679,2.27623962210483,0.898804429293679,0,0,0.898804429293679,0,0,0,0,0,0,0,0,0,0,0,0,0,0
"CGGCCTAAGCGAACGA-1","1",2.37957562539452,0,0,0,0,0,0,0,0,0,0,0,0,0,0,0,0,0,0,0,0,0.477798114974052,1.66537189830954,0,0.477798114974052,2.12229014716776,0.799774809298088,0.477798114974052,0.799774809298088,2.71389693284839,0,0,0,0.799774809298088,0,0,0,0,0,0,0,0,0,0
"CGGCCTAAGCGCCATG-1","0",1.79082258399042,0,0,0,0,0,0,0,0,0,0,0,0,0,0,0,0,0,0,0,0,0.81030572359627,1.25195997775799,0,0,2.77153466460626,0,0,0.81030572359627,0.81030572359627,0,0,0,0,0,0,0,0,0,0,0,0,0,0
"CGGCCTAAGGATCATT-1","12",2.6237786154663,0,0,0,0,0,0,0,0,0,0,0,0,2.00065018203098,0,0,0,3.00477058853567,0,0,0,0,0,0,0,0,0,0,0,0,0,0,2.00065018203098,0,0,0,0,0,0,0,0,0,0,0
"CGGCCTAAGTGCCAGT-1","4",1.84053140611306,0,0,0,0,0,0,0,0,0,0,0,0,0,0,0,0,0.633033094416895,0,0,0,0,1.01762939099713,0,0,1.29471143721789,1.01762939099713,0,0.633033094416895,1.97174487768645,0,0,0,0,1.29471143721789,0,0,0,0,0,0,0,0,1.68946295366769
"CGGCTAACATTAAGTG-1","0",0.849207168843124,0,0,0,0,0,0,0,0,0,0,0,0,0,0,0,0,0,0,0,0,0,1.30171238101293,0,0.849207168843124,2.0397859513725,0.849207168843124,0,0,0.849207168843124,0,0,0,1.30171238101293,0,0,0,0,0,0,0,0,0,0
"CGGCTAGTCCGGGTTG-1","3",2.68076074580527,0,1.48138821445583,0,0,0,0,0,0,0,0,0,0,0,0,0,0,2.68076074580527,0,0,0,0,0,0,0,0,0,0,0,1.48138821445583,0,0,0,0,0,0,0,0,0,0,0,0,0,0
"CGGCTAGTCGATACAT-1","0",1.77691506007952,0,0,0,0,0,0,0,0,0,0,0,0,0,0,0,0,1.54408701163472,0,0,0,0,1.54408701163472,0,0,1.54408701163472,1.96564123240559,1.24005272818704,0,0.801058467737175,0,0,0,0,0,0,0,0,0,0,0,0,0,0.801058467737175
"CGGCTAGTCGTAATGT-1","2",1.66581905683477,0,0,0,0,0,0,0,0,0,0,0,0,0,0,0,0,0,0,0,0,0.887891845830239,2.09801880455388,0,0,0,0,0.887891845830239,1.66581905683477,2.39880485990856,0,0,0,0,0,0,0,0,0,0,0,0,0,0
"CGGCTAGTCTAGGCCG-1","7",1.13653546018181,0,0,0,0,0,0,0,0,0,0,0,0,0,0,0,0,1.13653546018181,0,0,0,0,1.65477614282002,0,0,1.99440950715723,0,0,0,2.99790933495939,0,0,0,1.13653546018181,0,0,0,0,0,0,0,0,0,1.65477614282002
"CGGCTCAAGGGTCCAT-1","6",1.58555242744474,0,0,0,0,0,0,0,0,0,0,0,0,0,0,0,0,0,0,0,0,0,0,0,0,2.17064958686835,0,0,0,0,0,0,0,0,0,0,0,0,0,0,2.53733801268595,0,0,4.41306176324072
"CGGCTCAAGTCAAGCC-1","8",1.55017547147664,0.6565217047517,0,0,0,0,0,0,0,0,0,0,0,0,0,0,0,0,0,0,0,0.6565217047517,1.04947403608071,0,0,2.41670067445066,0.6565217047517,0.6565217047517,0.6565217047517,1.72994988421238,0,0,0,0,0,0,0,0,0,0,0,0,0,2.49624965326686
"CGGCTTGAGGTAGAGT-1","0",0,0,0,0,0,0,0,0,0,0,0,0,0,0,0,0,0,1.18593941591454,0,0,0,0,0,0,1.18593941591454,2.68393268459487,0,1.18593941591454,1.18593941591454,1.18593941591454,0,0,0,0,0,0,0,0,0,0,0,0,0,0
"CGGGCAAGTAGGTGAC-1","0",2.56864963920439,0,0,0,0,0,0,0,0,0,0,0,0,0,0,0,0,0,0,0,0,1.76117604585597,1.22660628984664,0,0,2.10765425177419,1.22660628984664,1.22660628984664,1.22660628984664,1.76117604585597,0,0,0,0,0,0,0,0,0,0,0,0,0,0
"CGGGCAAGTTCGTATA-1","5",2.01235061925175,0,0,0,0,0,0,0,0,0,0,0,0,0,0,0,0,0,0,0,0,0.732438516209013,1.44466720250658,0,0,2.14722031142581,0,0.732438516209013,0.732438516209013,2.26604300988796,0,0,0,0,0.732438516209013,0,0,0,0,0,0,0,0,0
"CGGGCAAGTTGAGCTT-1","0",2.20604334445495,0,0,0,0,0,0,0,0,0,0,0,0,0,0,0,0,1.30650411282277,0,0,0,0,1.30650411282277,0,0,1.61737829430071,0.852975988054207,0.852975988054207,0.852975988054207,1.30650411282277,0,0,0,0,0,0,0,0,0,0,0,0,0,0
"CGGGCTTGTCTCAGTG-1","2",2.25862257139144,0,0,0,0,0,0,0,0,0,0,0,0,0,0,0,0,1.14501056538414,0,0,0,0.728146148065575,2.00517905221214,0,0,2.70311032851391,0,0.728146148065575,0.728146148065575,1.84942857412342,0,0,0,0,0,0,0,0,0,0,0,0,0,0
"CGGGGAACAATTGCTT-1","0",1.3649307493573,0,0,0,0,0,0,0,0,0,0,0,0,0.899236510835915,0,0,0,0.899236510835915,0,0,0,1.3649307493573,0,0,0.899236510835915,2.4162781433989,0,0.899236510835915,0,0.899236510835915,0,0,0,0,0,0,0,0,0,0,0,0,0,0
"CGGGGAACATAGGCAT-1","3",3.07699990621485,0,1.82023447116132,0,0,0,0,0,0,0,0,0,0,0,0,0,0,0,0,0,0,0,0,0,0,0,0,0,0,0,0,0,0,0,0,0,0,0,0,0,0,0,0,0
"CGGGGTAGTTAGTGTC-1","7",1.8904259656809,0,0,0,0,0,0,0,0,0,0,0,0,0,0,0,0,0,0,0,0,1.33791640583378,1.8904259656809,0,0,2.50506687744265,1.73785881745929,0.661156638426923,1.05572669713002,2.33894738268496,0,0,0,0,0,0,0,0,0,0,0,0,0,0
"CGGGGTAGTTCGATTA-1","0",1.42697070628122,0,0,0,0,0,0,0,0,0,0,0,0,0,0,0,0,0,0,0,0,0,1.42697070628122,0,0,1.74904153928609,0,0.94896309719237,0.94896309719237,1.74904153928609,0,0,0,0,0,0,0,0,0,0,0,0,0,0.94896309719237
"CGGGTAAAGCAAGCTC-1","0",1.88231653513071,0,0,0,0,0,0,0,0,0,0,0,0,0,0,0,0,0,0,0,0,1.64413454448772,0,0,0,1.64413454448772,0.872203399871944,0.872203399871944,0.872203399871944,0,0,0,0,0,0,0,0,0,0,0,0,0,0,0
"CGGGTAAAGTCATAGT-1","1",1.56230257330999,0,0,0,0,0,0,0,0,0,0,0,0,0,0,0,0,0,0,0,0,2.28199250812392,1.2565256720442,0,0,1.98554089829613,0,0.81385798609388,0.81385798609388,1.2565256720442,0,0,0,0,0,0,0,0,0,0,0,0,0,2.14471215529002
"CGGGTAGGTGAGTAAT-1","0",1.35502811814116,0,0,0,0,0,0,0,0,0,0,0,0,0,0,0,0,0,0,0,0,0,0,0,0,2.73335074771773,0,0,1.35502811814116,1.35502811814116,0,0,0,0,0,0,0,0,0,0,0,0,0,0
"CGGGTCATCGCTAGAC-1","5",1.85359288692102,0,0,0,0,0,0,0,0,0,0,0,0,0,0,0,0,0,0,0,0,1.44211367707218,2.14426850086851,0,0.73070408083672,2.2630473955986,0,0,0.73070408083672,1.14838111450626,0,0,0,0,0,0,0,0,0,0,0,0,0,1.14838111450626
"CGGGTGAGTAAGGTCA-1","1",1.71111819494611,0,0,0,0,0,0,0,0,0,0,0,0,0,0,0,0,0,0,0,0,0,1.71111819494611,0,0,2.75615625989274,0,0.757898264138534,1.18404772055268,2.30958997984526,0,1.48191370772216,0,0,1.18404772055268,0,0,0,0,0,0,0,0,0.757898264138534
"CGGGTGAGTAAGTCTC-1","2",2.0600848243407,0,0,0,0,0,0,0,0,0,0,0,0,0,0,0,0,0,0,0,0,1.08389841312397,1.9269522353107,0,0,2.54451814694951,0,0.682132120329268,0,1.08389841312397,0,0,0,0,0,0,0,0,0,0,0,0,0,0
"CGGGTGAGTAGTCCGC-1","0",1.94960494617835,0,0,0,0,0,0,0,0,0,0,0,0,0,0,0,0,0,0,0,0,0,1.38952805448106,0,1.94960494617835,2.56892780510266,1.38952805448106,1.38952805448106,0,0,0,1.38952805448106,0,0,0,0,0,0,0,0,0,0,0,0
"CGGGTTACAATTACAG-1","7",2.05180823273934,0,0,0,0,0,0,0.613965975767822,0,0,0,0,0,0,0,0,0.613965975767822,0,0,0,0,0,1.26504015021883,0,0,1.80606827324287,0,0,1.26504015021883,2.2489152909526,0,0,0,0,0,0,0,0,0,0,0,0,0,0.991580004757836
"CGGGTTTAGGCTACGT-1","0",2.07734437208911,0,0,0,0,0,0,0,0,0,0,0,0,0,0,0,0,0.874071113087262,0,0,0,0,0.874071113087262,0,0.874071113087262,2.60784912316142,0.874071113087262,1.64672293297308,0.874071113087262,1.33323532171794,0,0,0,0,0,0,0,0,0,0,0,0,0,0
"CGGTAAAGTCATCCAG-1","0",2.19895342795434,0,0,0,0,0,0,0,0,0,0,0,0,0,0,0,0,0.763177721047326,0,0,0,1.19093733457458,1.19093733457458,0,0,1.7192474652473,0,0.763177721047326,0,1.90589279601737,0,0,0,0.763177721047326,0,0,0,0,0,0,0,0,0,0
"CGGTAAAGTCTGTCCT-1","0",1.43484076405225,0,0.725771881295418,0,0,0,0,0,0,0,0,0,0,0,0,0,0,0.725771881295418,0,0,0,1.43484076405225,0,0,0,2.36056424053068,1.14187957424183,0.725771881295418,0.725771881295418,0.725771881295418,0,0,0,0.725771881295418,0,0,0,0,0,0,0,0,0,0.725771881295418
"CGGTATATCACGTTGA-1","6",0,0,0,0,0,0,0,0,0,0,0,0,1.93603268455258,0,0,0,0,0,0,0,0,0,0,0,0,2.93351608337319,0,0,0,0,0,0,0,0,0,0,0,0,0,0,0,0,0,4.4659353881591
"CGGTATTGTAATGCCT-1","2",0,0,0.753051200742025,0,0,0,0,0,0,0,0,0,0,0,0,0,0,0,0,0,0,0.753051200742025,1.17771256661908,0,0,2.04650706172559,0,0.753051200742025,0,1.88969443846532,0,0,0,0,0,0,0,0,0,0,0,0,0,0.753051200742025
"CGGTATTGTGAGTAAT-1","3",0,0,0,0,0,0,0,0,0,0,0,0,0,0,0,0,0,3.0228775895135,0,0,0,0,0,0,0,0,0,0,0,0,0,0,0,0,0,0,0,0,0,0,0,0,0,0
"CGGTCAACAGTTGGGC-1","2",1.43679356223596,0,0,0,0,0,0,0,0,0,0,0,0,0,0,0,0.956892047781121,0,0,0,0,0.956892047781121,1.43679356223596,0,0,2.19921817002213,0,0,0,1.75971414861151,0,0,0,0.956892047781121,0,0,0,0,0,0,0,0,0,0
"CGGTGAAAGATTGGTT-1","2",2.08563487182274,0,0,0,0,0,0.777005705482724,0,0,0,0,0,0,0,0,0,0,0,0,0,0,0.777005705482724,2.08563487182274,0,0.777005705482724,2.34176739358054,0.777005705482724,0.777005705482724,1.20893053322676,2.44880877257492,0,0,0,0,0,0,0,0,0,0,0,0,0,0
"CGGTGAAAGGTTAGTT-1","4",1.02233440974552,0,0,0,0,0,0,0,0,0,0,0,0,0,0,0,0,0,0,0,0,1.02233440974552,1.02233440974552,0,0,1.02233440974552,0,1.02233440974552,0,1.51718055157051,0,0,0,0,0,0,0,0,0,0,0,0,0,1.51718055157051
"CGGTGAGGTTCGGTCA-1","3",3.07699990621485,0,1.82023447116132,0,0,0,0,0,0,0,0,0,0,0,0,0,0,0,0,0,0,0,0,0,0,0,0,0,0,0,0,0,0,0,0,0,0,0,0,0,0,0,0,1.82023447116132
"CGGTGAGGTTCTGGTG-1","4",2.10090958871987,0,0,0,0,0,0,0,0,0,0,0,0,0,0,0,0,0,0,0,0,0,0,0,0,2.46473810189251,0,0,1.02725959461168,0,1.85319957975017,0,0,0,0,0,0,0,0,0,0,0,0,2.60666709900861
"CGGTGTTAGCGCTATA-1","0",2.47688577543328,0,0,0,0,0,0,0,0,0,0,0,0,0,0,0,0,0,0,0,0,0.64641078964292,0.64641078964292,0,0,1.31534429550995,1.03579876682342,0,0.64641078964292,0.64641078964292,0,0,0,0,0,0,0,0,0,0,0,0,0,0.64641078964292
"CGGTGTTAGGGGCAAC-1","10",0,0,0,0,0,0,0,3.42053581027297,0,0,0,0,0,0,0,0,0,0,2.3852642856713,0,0,0,0,0,0,0,0,0,0,0,0,0,0,0,0,0,0,0,0,0,0,0,0,0
"CGGTGTTAGGTACTTG-1","0",2.18452599399909,0,1.08910350069908,0,0,0,0,0,0,0,0,0,0,0,0,0,0,0,0,0,0,0,0,0,0,2.18452599399909,1.08910350069908,0,1.59801646847874,1.59801646847874,0,0,0,0,0,0,0,0,0,0,0,0,0,1.08910350069908
"CGGTTAATCACCATAG-1","0",2.20948587744385,0,0.642498766038455,0,0,0,0,0,0,0,0,0,0,0,0,0,0,0,0,0,0,0,1.03049451053739,0,0,1.98904895506757,1.03049451053739,1.03049451053739,0,1.30932611015244,0,0,0,1.03049451053739,0,0,0.642498766038455,0,0,0,0,0,0,0
"CGGTTAGCACCATCGT-1","0",2.3045288282798,0,0,0,0,0,0,0,0,0,0,0,0,0,0,0,0,0,0,0,0,1.27452096617254,0,0,0,2.53341453263154,1.8170982150166,0,0,0.827893850413188,0,0,0,0,0,0,0.827893850413188,0,0,0,0,0,0,2.1668756163322
"CGGTTAGCATGACCTC-1","8",0.990887315992626,0,0,0,0,0,0,0,0,0,0,0,0,0,0,0,0,0.613460776015945,0,0,0,1.80514786376902,0,0,0,2.24793010575629,0,1.26424967474026,0.990887315992626,0,0,0,0,0,0,0,0,0,0,0,0,0,0,2.05084837941746
"CGGTTCCTCACAGGTC-1","5",0,0,0,0,0,0,0,0,0,0,0,0,0,0,0,0,0,1.02131003794068,0,0,0,1.02131003794068,1.02131003794068,0,0,2.45624829490049,1.02131003794068,0,0,1.84537770631748,0,0,0,0,1.02131003794068,0,0,0,0,0,0,0,0,0
"CGTAAACCAACCCTAC-1","5",1.71456385657671,0,0.760134170496303,0,0,0,0,0,0,0,0,0,0,0,0,0,0,0,0,0,0,0.760134170496303,1.71456385657671,0,0,2.51653703727856,0,0,0,0,0,0,0,0,0,0,0,0,0,0,0,0,0,0
"CGTAAAGGTGAGGCTG-1","2",2.19750907235948,0,0.955708411740699,0,0,0,0,0,0,0,0,0,0,0,0.955708411740699,0,0,0,0,0,0,0,1.75812279482745,0,0,2.00175680724279,0,0,1.75812279482745,2.19750907235948,0,0,0,0,0,0,0,0,0,0,0,0,0,0
"CGTAAAGGTGGCTGAG-1","2",2.37076667893736,0,0,0,0,0,0,0,0,0,0,0,0,0,0,0,0,0,0,0,0,0,1.76691991388914,0,0,1.76691991388914,0,0,0.962257669675723,1.44343030804798,0,0,0,0,2.01094826807031,0,0,0,0,0,0,0,0,0
"CGTAAAGGTTCAAGTC-1","5",1.89932111552571,0,0.594222815734344,0,0,0,0,0,0,0,0,0,0,0,0,0,0,0,0,0,0,1.23397829311794,0.964412050125772,0,0,2.11680980684066,0.964412050125772,0,0.964412050125772,1.23397829311794,0,0,0,0,0,0,0,0,0,0,0,0,0,0
"CGTAAATTCCTCACAT-1","8",1.31700870672937,0,0.647494166886767,0,0,0,0,0.647494166886767,0,0,0,0,0,0,0,0,0,0,0,0,0,1.03726639890734,0.647494166886767,0,0.647494166886767,1.86632271113697,0.647494166886767,0,0,1.71447050547872,0,0,0,0,0,0,0,0,0,0,0,0,0,0.647494166886767
"CGTAACATCAATCCGA-1","7",1.53450102219499,0,0,0,0,0,0,0,0,0,0,0,0,0,0,0,0.794350595821241,0.794350595821241,0,0,0,0,2.2503464861359,0,0,1.95515541982045,0,1.53450102219499,1.23139538262589,2.57490227506651,0,0,0,0,0,0,0,0,0,0,0,0,0,0
"CGTAATGTCACCAGCG-1","7",1.48156333015171,0,0.448930930110498,0,0,0,0,0,0,0,0,0,0,0,0,0,0,0,0,0,0,0,0.75765736947386,0,0.448930930110498,1.97865401321185,0,0.448930930110498,0.75765736947386,2.68097184976449,0,0,0,0,0,0.448930930110498,0,0,0,0,0,0,0.448930930110498,0.448930930110498
"CGTAATTAGCGATCAC-1","3",2.73992061259531,0,0,0,0,0,0,0,0,0,0,0,0,0,0,0,0,0,0,0,0,0,0,0,1.76277429930554,0,0,0,0,0,0,0,0,0,0,0,0,0,0,0,0,0,0,0
"CGTAATTAGGATGACG-1","0",2.04036807337492,0,0,0,0,0,0,0,0,0,0,0,0,0,0,0,0,0,0,0,0,1.69786877827459,0.749325889101191,0,0,1.88371053224635,0.749325889101191,0.749325889101191,0,1.69786877827459,0,0,0,0,0,0.749325889101191,0,0,0,0,0,0,0,0.749325889101191
"CGTACAGCAACTGTCC-1","12",0,0,0,0,0,0,0,0,0,0,0,0,0,0,0,0,0,0,0,0,0,0,0,0,0,0,0,0,0,0,0,0,0,0,0,0,0,0,0,0,0,0,0,0
"CGTACCTCAAATGGCT-1","0",2.04660490128152,0,0,0,0,0,0,0,0,0,0,0,0,0,0,0,0,0,0,0,0,0,0,0,0,2.37377280748312,0,0,0.915541387515374,1.3853575929015,0,0,0,0,0,0,0.915541387515374,0,0,0,0,0,0,1.3853575929015
"CGTACCTCAAGCTGCA-1","1",2.09457641172655,0,0,0,0,0,0,0,0,0,0,0,0,0,0,0,0,0.537779085007127,0,0,0,0.885584059344457,1.90174923625569,0,0,1.66263737269444,0,0,0.537779085007127,2.00280343108957,0,0,0,0,0.537779085007127,0,0,0,0,0,0,0,0,0.885584059344457
"CGTACCTCACTTGGTC-1","11",1.80267569149187,0,1.26212700724217,0,0,0,0,0,0,0,0,0,0,0,0,0,0,0,0,0,0,0,0,0,0,1.26212700724217,1.26212700724217,0,0,0,0,0,0,1.26212700724217,0,0,0,0,0,0,0,0,0,0
"CGTACCTCATAACGCG-1","11",2.65051700542891,1.28985825156393,0,0,0,0,0,0,0,0,0,0,0,0,0,0,0,0,0,0,0,1.83490568878249,0,0,0,2.44487311186605,0,0,0,0,0,0,0,0,0,0,0,0,0,0,0,0,0,1.83490568878249
"CGTACGTAGTCGCGTG-1","0",2.09510742764979,0,1.02301856459932,0,0,0,0,0,0,0,0,0,0,0,0,0,0,0,0,0,0,1.51801469913232,1.02301856459932,0,0,2.09510742764979,0,0,1.51801469913232,0,0,0,0,0,0,0,0,0,0,0,0,0,0,1.02301856459932
"CGTACTGGTAGTGCTT-1","1",1.46903518945585,0.607731027353828,0,0,0,0,0,0,0,0,0,0,0,0,0,0,0,0.607731027353828,0,0,0,0,1.92480641046686,0,0,0.983022030258484,1.64505622567937,0,0.983022030258484,2.32227621270759,0,0,0,0,0,0,0,0,0,0,0,0,0,1.46903518945585
"CGTAGGCCATAAGCTA-1","0",3.31958597068056,0,0,0,0,0,0,0,0,0,0,0,0,0,0,0,0,1.16961168325868,0,0,0,1.69405171771457,0,0,1.16961168325868,0,0,1.16961168325868,1.16961168325868,0,0,0,0,0,0,0,0,0,0,0,0,0,0,0
"CGTAGGGGTGAGCAGT-1","13",0,0,0,0,0,0,0,0,0,0,0,0,0,0,0,0,0,0,0,0,0,0,0,0,0,0,0,0,0,0,0,0,0,0,0,0,0,0,0,0,0,0,0,0
"CGTAGGTTCCTGTCTG-1","3",3.35000058349685,0,0,0,0,0,0,0,0,0,0,0,0,0,0,0,0,0,0,0,0,0,0,0,0,0,0,0,0,0,0,0,1.8718867971682,0,0,0,1.8718867971682,0,0,0,0,0,0,0
"CGTAGTCAGGAACTGG-1","4",2.29141179239592,0,0,0,0,0,0,0,0,0,0,0,0,0,0,0,0,1.02165124753198,0,0,0,0,1.29928298413026,0,0.635988766719997,1.51634748936809,0,1.02165124753198,0,1.84582669049833,0,0,0,0,0,0,0,0,0,0,0,0,0,1.29928298413026
"CGTAGTTGTAGCTTAC-1","0",0.90401882507364,0,0.90401882507364,0,0,0,0,0,0,0,0,0,0,0,0,0,0,0,0,0,0,1.92833239872028,0,0,0,2.42361210609768,0.90401882507364,0.90401882507364,0,0.90401882507364,0,0,0,0,0,0,0,0,0,0,0,0,0,0.90401882507364
"CGTAGTTGTTTAGGAG-1","6",0,0,0,0,0,0,0,0,0,0,0,0,0,0,0,0,0,0,0,0,0,0,0,0,0,0,0,0,0,0,0,0,0,0,0,0,0,0,0,0,1.88408902089424,0,0,3.36390338263115
"CGTATATAGCAAGTAA-1","0",1.92457431648518,0,0,0,0,0,0,0,0,0,0,0,0,0,0,0,0,0,0,0,0,0.901403582437125,0,0,0.901403582437125,2.11809586296276,0,0,0,1.36765053545288,0,0,0.901403582437125,0,0,0,0,0,0,0,0,0,0,0
"CGTATCCCACAGCATG-1","5",2.03781002310714,0,0,0,0,0,0,0,0,0,0,0,0,0,0,0,0,0,0,0,0,0.847907848968832,2.56593453877352,0,0,2.19817328775425,0,0,0,1.30005926867752,0,0,0,0,0,0,0,0,0,0,0,0,0,0
"CGTATCCCACTAGGAT-1","3",2.71960613578636,0,0,0,0,0,0,0,0,0,0,0,0,0,0,0,0,0,0,0,0,0,0,0,0,0,0,0,0,0,0,0,0,0,0,2.09027912958187,0,0,0,0,0,0,0,0
"CGTATGATCCGCCATC-1","1",1.29548152501273,0,0,0,0,0,0,0,0,0,0,0,0,0,0,0,0,0,0,0,0,1.29548152501273,1.84142367777405,0,0,1.69032778219946,0,0,0.633530649794593,2.45195445538651,0,0,0,0,0,0.633530649794593,0.633530649794593,0,0,0,0,0,0,1.51226730649647
"CGTATTAGTAGCGGAT-1","1",2.37842775173845,0,0,0,0,0,0,0,0,0,0,0,0,0,0,0,0,0,0,0,0,0,0,0,0,1.77392879521143,0.967486142188998,0,1.4498893295844,2.01826874762161,0,0,0,0,1.4498893295844,0,0,0,0,0,0,0,0,1.4498893295844
"CGTATTAGTTGCCTCT-1","0",2.55331405062784,0.731039108319672,0,0,0,0,0,0,0,0,0,0,0,0,0,0,0,0,0,0,0,0.731039108319672,0.731039108319672,0,0,2.55331405062784,0,0.731039108319672,0.731039108319672,1.85413781657698,0,0,0,0,0,0,0,0,0,0,0,0,0,0
"CGTATTGAGCCAGTCG-1","2",1.07555538605814,0,0,0,0,0,0,0,0,0,0,0,0,1.07555538605814,0,0,0,0,0,0,0,0,1.58170514142211,0,0,2.91151257804973,0,0,1.58170514142211,1.58170514142211,0,0,0,0,0,0,0,0,0,0,0,0,0,1.07555538605814
"CGTATTGAGCGCAATC-1","5",1.62279730095147,0.856858457497232,0,0,0,0,0,0,0,0,0,0,0,0,0,0,0,1.31143523089555,0,0,0,0,2.47198915915551,0,0,1.85988428510494,0.856858457497232,1.31143523089555,0,2.05139461116843,0,0,0,0,0,0,0,0,0,0,0,0,0,0
"CGTATTGAGTTGGCCG-1","0",1.54582766652625,0,0,0,0,0,0,0,0,0,0,0,0,0,0,0,0,0,0,0,0,1.54582766652625,0.802278574067055,0,0.802278574067055,2.26325411040911,1.24162561788252,0,0,0.802278574067055,0,0,0,0,0,0,0,0,0,0,0,0,0,0
"CGTCAAATCGTACGGT-1","1",2.24539687578184,0,0,0,0,0,0,0,0,0,0,0,0,0,0,0,0,0,0,0,0,0.720529038055004,1.8369880377588,0,0.720529038055004,1.42709102283036,0.720529038055004,1.13495731428951,0.720529038055004,1.8369880377588,0,0,0,0,0,0,0,0,0,0,0.720529038055004,0,0,1.6528960745544
"CGTCAATGTTCGGCAC-1","8",1.83512693114287,0,0,0,0,0,0,0,0,0,0,0,0,0,0,0,0,0.505757510288739,0,0,0,1.29004904173382,1.09015110651298,0,0,1.7241385592031,0.840049810536434,0.840049810536434,0,1.93501827827463,0,0,0,0,0,0,0,0,0,0,0,0,0,2.96685701857811
"CGTCACCTCTGGTCCC-1","0",2.65846325941287,0,0,0,0,0,0,0,0,0,0,0,0,0,0,0,0,0,0,0,0,0,2.2874265325632,0,0,0,1.69097711722387,1.69097711722387,0,1.69097711722387,0,0,0,0,0,0,0,0,0,0,0,0,0,0
"CGTCAGTAGGATAGCG-1","0",2.0499388511056,0,0,0,0,0,0,0,0,0,0,0,0,0,0,0,0,1.18044069562251,0,0,0,0,0,0,0,2.67654936846413,1.18044069562251,0,1.18044069562251,2.0499388511056,0,0,0,0,0,0,0,0,0,0,0,0,0,1.18044069562251
"CGTCAGTAGGATCACC-1","0",2.12270618554736,0,0,0,0,0,0,0,0,0,0,0,0,0,0,0,0,0,0,0,0,1.13174432255057,1.13174432255057,0,0.718098548895305,1.83300578803926,0,1.13174432255057,0,0,0,0,0,0,0,0,0,0,0,0,0,0,0,0
"CGTCATCCAATCGCCT-1","7",1.92295167949941,0,0,0,0,0,0,0,0,0,0,0,0,0,0,0,0,0,0,0,0,1.20490694731773,1.92295167949941,0,0,1.92295167949941,0.773908537204404,0,0,2.70929553127561,0,0,0.773908537204404,0,0,0,0,0,0,0,0,0,0,0
"CGTCATCCATGGTCCT-1","12",0,0,0,0,0,0,0,0,0,0,0,0,0,0,0,0,0,0,0,0,0,0,0,0,0,0,0,0,0,0,0,0,0,0,0,0,0,0,0,0,0,0,0,0
"CGTCATGGTTAAGGAT-1","4",1.95151963447817,0,0,0,0,0,0,0,0,0,0,0,0,0,0,0,0,0,0,0,0,0.792030671777798,1.53117925478488,0,0.472461651851522,1.86182006913056,0,0,0.792030671777798,2.24655717963453,0,0,0,0,0,0,0,0,0,0,0,0,0,0.792030671777798
"CGTCATTTCCGTGGAT-1","11",1.96632788701553,0,0,0,0,0,0,0,0,0,0,0,0,0,0,0,0,0,0,0,0,0,0,0,0,2.32401285607585,0,0,0,0,0,0,0,0,0,0,0,0,0,0,0,0,0,0
"CGTCATTTCGACTGCG-1","3",2.81127479133909,0,1.59082098285834,0,0,0,0,0,0,0,0,0,0,0,0,0,0,1.59082098285834,0,0,0,0,0,0,0,0,0,0,0,0,0,0,0,0,0,0,0,0,0,0,0,0,0,1.59082098285834
"CGTCCATCAAACCATA-1","5",1.6886951283483,0,0,0,0,0,0,0,0,0,0,0,0,0,0,0,0,0,0,0,0,1.37158903084349,0.904543818283755,0,0,3.25823795153463,0.904543818283755,0.904543818283755,0,0.904543818283755,0,0,0,0,0,0,0,0,0,0,0,0,0,0
"CGTCCCACATCACGTC-1","0",1.53002066869809,0,0,0,0,0,0,0,0,0,0,0,0,0,0,0,0,0.644255247304481,0,0,0,1.31202981685134,1.31202981685134,0,0,2.21278210877132,1.53002066869809,0,0.644255247304481,1.03287701170186,0,0,0,0,0,0,0,0,0,0,0,0,0,0
"CGTCCTGCACAGGCTA-1","1",1.60869166363211,0,0.510452568975904,0,0,0,0,0,0,0,0,0,0,0,0,0,0,0,0,0,0,1.29860459914501,2.33453233627024,0,0,1.60869166363211,0.510452568975904,0.510452568975904,0.510452568975904,2.33453233627024,0,0,0,0,0.510452568975904,0,0,0,0,0,0,0,0,0.510452568975904
"CGTCGCTTCCGTGAGT-1","1",1.90553544824532,0,0,0,0,0,0,0,0,0,0,0,0,0,0,0,0,0,0,0,0,0.669793808139144,1.06735167034271,0,0.669793808139144,1.75252858178926,1.35105654886549,0.669793808139144,0,1.90553544824532,0,0,0,0,0,0,0,0,0,0,0,0,0,1.35105654886549
"CGTCGTAGTTAGTGTC-1","0",2.2544444193101,0,0,0,0,0,0,0,0,0,0,0,0,0,0,0,0,0,0,0,0,0,0,0,0,1.90011521038285,2.2544444193101,1.34633979900985,0,2.51554331285627,0,0,0,0,0,0,0,0,0,0,0,0,0,0
"CGTCGTAGTTTCCAGG-1","10",0,0,0,2.50541114883216,0,0,0,0,0,0,0,0,0,0,0,2.50541114883216,0,2.50541114883216,0,0,0,0,0,0,0,0,0,0,0,0,0,0,0,0,0,0,0,0,0,0,0,0,0,0
"CGTCGTTCACCAGCTT-1","5",1.63831881907916,0,0,0,0,0,0,0,0,0,0,0,0,0,0,0,0,0.868011839885382,0,0,0,0,0.868011839885382,0,0,2.48967526644842,0.868011839885382,0,0,1.63831881907916,0,0,0,0,0,0.868011839885382,0,0,0,0,0,0,0,0.868011839885382
"CGTCGTTCAGTAAGGA-1","8",1.97714992913429,0,0,0,0,0,0,0,0,0,0,0,0,0,0,0,0,0,0,0,0,1.12299374635269,1.97714992913429,0,0,1.82214452691406,0.711488777223892,0.711488777223892,1.12299374635269,1.97714992913429,0,0,0,0,0,0,0,0,0,0,0,0,0,2.67285690229334
"CGTCTATTCGTAGTAT-1","11",1.61361093831174,0,0,0,0,0,0,0,0,0,0,0,0,0,1.61361093831174,0,0,1.61361093831174,0,0,0,0,0,0,0,2.20186019963343,0,0,1.61361093831174,0,0,0,0,0,0,0,0,0,0,0,0,0,0,0
"CGTCTCATCAGTGCGT-1","8",1.86724712895827,0,0,0,0,0,0,0,0,0,0,0,0,0,0,0,0,0,0,0,0,0.73912000055875,2.02347304902742,0,0,0.73912000055875,0.73912000055875,0,0,1.45448457650187,0,0,0,0,1.159451415301,0,0,0,0,0,0,0,0,2.56763888673448
"CGTCTCATCATGGCTA-1","3",2.76884666972545,0,1.78843389250168,0,0,0,0,0,0,0,0,0,0,0,0,0,0,0,0,0,0,0,0,0,0,1.78843389250168,0,0,0,0,0,0,0,0,0,0,0,0,0,0,0,0,0,0
"CGTCTTGTCCGTGCAG-1","5",1.99272961761499,0,0,0,0,0,0,0,0,0,0,0,0,0,0,0,0,0,0,0,0,0,0,0,0,2.28947366367896,1.2624903211984,0,0,1.80309888769423,0,0,0,0,0,0,0,0,0,0,0,0,0,0
"CGTGAAAGTTACACTA-1","0",2.04013517175319,0,0,0,0,0,0,0,0,0,0,0,0,0,0,0,0,0,0,0,0,0.849436898635953,0.849436898635953,0,0,2.33875387982911,0,0,0.849436898635953,0.849436898635953,0,0,0,0,0,0,0,0,0,0,0,0,0,0.849436898635953
"CGTGAGAAGCGACTGT-1","8",2.44972936644817,0,0,0,0,0,0,0,0,0,0,0,0,0,0,0,0,0,0,0,0,1.39236240951403,2.30986234500091,0,0,1.71136595990614,0,0.921148112711816,0,1.95284206349127,0,0,0,0,0.921148112711816,0,0,0,0,0,0,0,0,1.71136595990614
"CGTGAGAAGGCGTAGA-1","0",1.63343667528716,0,0.864498401194864,0,0,0,0,0,0,0,0,0,0.864498401194864,0,0,0,0,1.32112368527576,0,0,0,0,1.63343667528716,0,0,2.22385466216009,1.32112368527576,0.864498401194864,0,0,0,0,0,0,0,0,0,0,0,0,0,0,0,0.864498401194864
"CGTGAGAAGGGGTACA-1","2",2.06594446812855,0,0,0,0,0,0,0,0,0,0,0,0,0,0,0,0,0,0,0,0,0,2.59577307189738,0,0,1.87398426558057,0.866490959793676,0,1.32364725846692,2.2269234554063,0,0,0,0,0,0,0,0,0,0,0,0,0,0
"CGTGAGAAGTAGAGGT-1","1",2.82920670270542,0,0,0,0,0,0,0,0,0,0,0,0,0,0,0,0,0,0,0,0,0,0,0,1.84224255763287,0,0,0,0,2.45284382999721,0,0,0,0,0,0,0,0,0,0,0,0,0,0
"CGTGAGGGTTGAAGTG-1","9",0,0,0,0,0,0,0,0,0,0,0,0,0,0,0,0,0,0,0,0,0,0,0,0,0,0,0,0,2.14626690973484,0,0,0,0,0,0,0,0,0,0,0,0,0,2.14626690973484,0
"CGTGATGCAGCAGTTG-1","2",1.6566042238084,0,0,0,0,0,0,0,0,0,0,0,0,0,0,0,0,0,0,0,0,0.881213550235244,0.881213550235244,0,0,2.38846830663047,0,0,0,0.881213550235244,0,0,0,0,0,0,0,0,0,0,0,0,0,0
"CGTGCCTTCAGGCACT-1","0",1.93615958215088,0,0.909475330721961,0,0,0,0,0,0,0,0,0,0,0,0,0,0,0,0,0,0,1.69544280157303,1.37776782710181,0,0,2.66355304811877,1.37776782710181,0,0,2.13002737098345,0,0,0.909475330721961,0,0,0,0,0,0,0,0,0,0,0
"CGTGGCTGTATGGTCT-1","2",1.59938092678225,0,0,0,0,0,0,0,0,0,0,0,0,0,0,0,0,0,0,0,0,1.29014446084373,0,0,0.840124634725812,2.18604387976863,0.840124634725812,0,0.840124634725812,1.83523757765553,0,0,0,0,0,0,0,0,0,0,0,0,0,0
"CGTGGTTAGGTACCAC-1","1",2.11395942577937,0.592772015100323,0,0,0,0,0,0,0,0,0,0,0,0,0,0,0,0,0,0,0,0.962407639155716,1.44361568450215,0,0.592772015100323,2.20717054725515,0,0,0.962407639155716,2.01115845671992,0,0,0,0,0,0,0,0,0,0,0,0,0,0.592772015100323
"CGTGTATGTTGCTTGG-1","2",1.8718867971682,0,0,0,0,0,0,0,0,0,0,0,0,0,0,0,0,0,0,0,0,0,0,0,0,1.8718867971682,1.8718867971682,1.8718867971682,1.8718867971682,1.8718867971682,0,0,0,0,0,0,1.8718867971682,0,0,0,0,0,0,0
"CGTGTTAAGATAGTTC-1","1",1.67187618897306,0,0,0,0,0,0,0,0,0,0,0,0,0,0,0,0,0,0,0,0,0.892290863001363,1.35620343346073,0,0,1.67187618897306,0,1.35620343346073,0,2.52778387132247,0,0,0,0,0,0,0,0,0,0,0,0,0,1.35620343346073
"CGTGTTAAGGCGTAAG-1","3",3.38680864421006,2.72691868540659,0,0,0,0,0,0,0,0,0,0,0,0,0,0,0,0,0,0,0,0,0,0,0,0,0,0,0,0,0,0,0,0,0,0,0,0,0,0,0,0,0,0
"CGTTAATAGGTTCGCG-1","4",1.76405550823464,0.676617072598802,0,0,0,0,0,0,0,0,0,0,0,0,0,0,0,0,0,0,0,1.07651086098359,1.07651086098359,0,1.07651086098359,1.36139559032322,0,0,0,2.27263130028668,0,0,0,0,0.676617072598802,0,0,0,0,0,0,0,0,0
"CGTTACCCAATGCCGA-1","0",2.11136745886373,0,0,0,0,0,0,0,0,0,0,0,0,0,0,0,0,1.03492035402362,0,0,0,0,1.86324972379017,0,0,2.11136745886373,0,0,0,1.5325059089889,0,0,0,1.03492035402362,0,0,0,0,0,0,0,0,0,0
"CGTTACTTCAATGGTT-1","0",2.24022281477722,0,1.42269479937996,0,0,0,0,0,0,0,0,0,0,0,0,0,0,0.717560759934594,0,0,0,1.98740415136042,0.717560759934594,0,0,1.83212380840517,0.717560759934594,0,0.717560759934594,0.717560759934594,0,0,0,0,0,0,0,0,0,0,0,0,0,0
"CGTTATAGTGGACAGT-1","6",2.10881936482397,0,0,0,0,0,0,0,0,0,0,0,0,0,0,0,0,1.53023331405927,0,0,0,0,0,0,0,1.53023331405927,0,0,0,0,0,0,0,0,0,0,0,0,0,0,0,0,0,3.39966405567491
"CGTTCACCAACGGTAT-1","14",2.64195621937157,0,1.67651342134528,0,0,0,0,0,0,0,0,0,0,0,0,0,0,0,0,0,0,0,0,0,0,0,0,0,0,0,0,0,0,0,0,0,0,0,0,0,0,0,0,0
"CGTTCACCAATAGCAC-1","0",2.13830342727393,0,0,0,0,0,0,0,0,0,0,0,0,0,0,0,0,0,0,0,0,0,0.915092409382046,0,0,0.915092409382046,0.915092409382046,0,0,0,0,0,0,0,0,0,0,0,0,0,0,0,0,0.915092409382046
"CGTTCACCACATTAGA-1","7",2.16758329947573,0,0.415949661327797,0,0,0,0,0,0,0,0,0,0,0,0,0,0.415949661327797,0.415949661327797,0,0,0,0.708833074263013,1.81776757895188,0,0.708833074263013,2.83263061291247,0,0.415949661327797,1.2750967917244,2.10673246883881,0,0,0,0,0.415949661327797,0,0,0,0,0,0,0,0,0.708833074263013
"CGTTCAGGTTATCCAA-1","9",2.33405124906741,0,0,0,0,0,0,0,0,0,0,0,0,0,0,0,0,0,0,0,0,0,0,0,0,0,0,0,0,0,0,0,0,0,0,0,0,0,0,0,0,0,0,0
"CGTTCAGGTTCGCTTC-1","0",2.16352838555447,0,0,0,0,0,0,0,0,0,0,0,0,0,0,0,0,0,0,0,0,0.932304765192309,1.96870960512912,0,0,2.32651099002087,1.40627215097039,0,0,0,0,0,0,0,0,0,0,0,0,0,0,0,0,0.932304765192309
"CGTTCATTCAGCAAGG-1","10",1.73685566178721,0,0,1.73685566178721,0,0,0,1.73685566178721,3.36993864838072,0,0,0,0,0,0,0,0,0,0,0,0,0,0,2.33784744040733,0,0,0,0,0,0,0,0,0,1.73685566178721,0,0,2.71060503798539,0,0,0,0,0,0,0
"CGTTCCGCAACCAACG-1","5",2.33539900219077,0,0,0,0,0,0,0,0,0,0,0,0,0,0,0,0,0,0,0,0,0,0.659258502707919,0,0,2.76843834420996,0.659258502707919,0.659258502707919,0,2.01936074480308,0,0,0,0,0,0,0,0,0,0,0,0,0,0
"CGTTCCTGTTGCGTGC-1","9",2.56273683120711,0,0,0,0,0,0,0,0,0,0,0,0,0,0,0,0,0,0,0,0,0,0,0,0,1.60752067267123,0,0,0,0,0,0,0,0,0,0,0,0,0,0,0,0,0,0
"CGTTCCTGTTGGGTCC-1","6",0,0,0,0,0,0,0,0,0,0,0,0,2.54092053314858,0,0,0,0,0,0,0,0,0,0,0,0,1.58864648778731,0,0,0,0,0,0,0,0,0,0,0,0,0,0,0,0,0,3.5855736374087
"CGTTGAATCAGGTCCG-1","2",2.40662771121445,0,0,0,0,0,0,0,0,0,0,0,0,0,0,0,0,0,0,0,0,1.17670283236189,1.70244057954935,0,0,2.30004653591173,1.47373100852482,0,1.47373100852482,2.6715224408496,0,0,0,0,0,0,0,0,0,0,0,0,0,0.752279314068956
"CGTTGAATCATGTGAT-1","4",2.26849927102819,0,0,0,0,0,0,0,0,0,0,0,0,0,0,0,0,0,0,0,0,1.15253888568047,1.15253888568047,0,0,2.01472489314219,0.543529259873562,0,0.893696428963838,1.5283078927882,0,0,0,0,0,0,0,0,0,0,0,0,0,0.893696428963838
"CGTTGCCTCTAGCTTC-1","0",2.21065372308987,0,0.552927366100337,0,0,0,0,0,0,0,0,0,0,0,0,0,0,0,0,0,0,0,0.552927366100337,0,0.552927366100337,1.69194022173062,0,1.16782827630106,0.552927366100337,1.81942979434641,0,0,0,0,0,0,0,0,0,0,0,0,0,0.552927366100337
"CGTTGGACAATCCAGG-1","7",0,0,0.94481095382257,0,0,0,0,0,0,0,0,0,0,0,0,0,0,0,0,0,0,1.42181933228228,2.60849622829458,0,0,2.18173130967845,0,0.94481095382257,0,3.32249898313771,0,0,0,0,0,0,0,0,0,0,0,0,0,0
"CGTTGGACAGGCAAGG-1","0",1.82487366595633,0,0,0,0,0,0,0,0,0,0,0,1.00576713362207,0,0,0,0,1.00576713362207,0,0,0,1.49694258881892,1.00576713362207,0,0,2.43396617813806,1.00576713362207,1.00576713362207,0,1.00576713362207,0,0,0,0,0,0,0,0,0,0,0,0,0,1.00576713362207
"CGTTGTAAGGATACCC-1","5",1.89385471047948,0,0.663111738259426,0,0,0,0,0,0,0,0,0,0,0,0,0,0,1.56093842009963,0,0,0,0.663111738259426,0,0,1.05836115802931,1.7411872119111,1.3408959827899,0.663111738259426,0,1.3408959827899,0,0.663111738259426,0,0,0,0,0,0,0,0,0,0,0,0
"CGTTGTAAGGTAGGGC-1","6",0,2.65722969614228,0,0,0,0,0,0,0,0,0,0,0,0,0,0,0,0,0,0,0,0,0,0,0,1.68989523212849,0,1.68989523212849,0,0,0,0,0,0,0,0,0,0,0,0,0,0,0,4.38875933228331
"CGTTGTCCAAGCGGAG-1","5",1.42181933228228,0,0,0,0,0,0,0,0,0,0,0,0,0,0,0,0,0,0,0,0,0,1.13025179164304,0,0,2.34506608797021,0,0.716970161154441,1.13025179164304,0.716970161154441,0,0,0,0,0,0,0,0,0,0,0,0,0,1.42181933228228
"CGTTGTCCAGGCAAGG-1","7",0.885877068119148,0,0,0,0,0,0,0,0,0,0,0,0,0,0,0,0,0.537986537659011,0,0,0,1.34813052123023,2.32856642598717,0,0,1.90217346216912,1.66304149031435,0.885877068119148,0,2.39569040043617,0,0,0,0,0,0,0,0,0,0,0,0,0,1.51793123546625
"CGTTTCACACCTTGCG-1","8",1.76638362943403,0,0,0,0,0,0,0,0,0,0,0,0,0,0,0,0,0,0,0,0,1.07836339304084,1.07836339304084,0,1.07836339304084,2.27515109286653,0,0,0.677999077563425,0.677999077563425,0,0,0,0,0.677999077563425,0,0,0,0,0,0,0,0,2.45695744701656
"CGTTTGAAGCGAACGA-1","0",1.90944312882405,0,0,0,0,0,0,0,0,0,0,0,0,0,0,0,0,0,0,0,0,0,1.5754438385365,0,1.07036475103979,2.66827637730094,1.07036475103979,1.07036475103979,0,1.07036475103979,0,0,0,0,0,0,0,0,0,0,0,0,0,0
"CTAAAGCCAATTGCTT-1","7",1.92992484668951,0,0,0,0,0,0,0,0,0,0,0,0,0,0,0,0,0,0,0,0,0,1.92992484668951,0,0.399278929295716,2.38093290229765,1.4895829964291,0.683853502100889,0,2.78582761281416,0,0,0,0,0,0,0,0,0,0,0,0,0,1.68949496498646
"CTAAAGCCACCAGGAC-1","8",1.52243522237195,0,0,0,0,0,0,0.785934961879794,0,0,0,0,0,0,0,0,0,0,0,0,0,1.75402832933928,1.22050993875609,0,0.785934961879794,1.75402832933928,1.52243522237195,0.785934961879794,1.52243522237195,1.94194351822175,0,0,0,0,1.22050993875609,0,0,0,0,0,0,0,0,2.46386340613608
"CTAAAGCCACCTGGAA-1","0",2.45661387688219,0,0,0,0,0,0,0,0,0,0,0,0,0,0,0,0,1.29918602266025,0,0,0,1.60933125429998,0,0,0,1.84571441846307,0,0.847221677166521,0,0.847221677166521,0,0,0,0,0,0.847221677166521,0,0,0,0,0,0,0,0.847221677166521
"CTAAAGGGTTAGGCCC-1","10",1.85869479622416,0,0,0.733843530882739,0,0,0,1.15251418534598,0,0,0,0,0,0,0,0,0,0.733843530882739,0,0,0,0,1.44673420659482,1.67378010757511,0.733843530882739,1.44673420659482,0.733843530882739,0.733843530882739,0,0.733843530882739,0,0,0,0,0,0,1.15251418534598,0,0,0,0,0,0,1.15251418534598
"CTAACATAGCGCATAC-1","0",1.2849200801299,0,0,0,0,0,0,0,0,0,0,0,0,0,0,0,0,0,0,0,0,0,1.2849200801299,0,0,2.17964170677835,1.2849200801299,0,0,1.82917698226177,0,0,0,0,1.2849200801299,0,0,0,0,0,0,0,0,1.2849200801299
"CTAACATAGGATGGTG-1","9",2.32401285607585,0,0,0,0,0,0,0,0,0,0,0,0,0,0,0,0,0,0,0,0,0,2.32401285607585,0,0,0,0,0,0,0,0,0,0,0,0,0,0,0,0,0,0,0,0,0
"CTAACCAAGATTACGT-1","0",0.948478277253625,0,0.948478277253625,0,0,0,0,0,0,0,0,0,0,0,0,0,0,0,0,0,0,1.42636947761871,1.74838800450288,0,0,1.42636947761871,0.948478277253625,0,0.948478277253625,0.948478277253625,0,0,0,0,0.948478277253625,0,0,0,0,0,0,0,0,0
"CTAACGATCAGCGGAA-1","10",2.79621149391599,0,1.33416167104791,0,0,0,0,0,0.874804273883685,0,0,0,0,0,0,0,0,0,0,0,0,0.874804273883685,1.33416167104791,0,0,2.07844468083425,0,0,0,1.88610301069604,0,0,0,0,0,0.874804273883685,1.88610301069604,0,0,0,0,0,0,0
"CTAAGGCTCTGGCTGG-1","0",1.96985904400904,0,0,0,0,0,0,0,0,0,0,0,0,0,0,0,0,0,0,0,0,1.11728855307234,1.11728855307234,0,1.11728855307234,2.32771650828696,1.11728855307234,0,0.707186977227428,1.63180793523553,0,0,0,0,0,0.707186977227428,0,0,0,0,0,0,0,0
"CTAATGGTCGATGACC-1","11",1.31640896555967,0,0,0,0,0,0,0,0,0,0,0,0,0,0,0,0,0,0,0,0,0,0,0,0,2.21811682755416,0,0,1.31640896555967,0,0,0,0,0,0,0,0,0,0,0,0,0,0,1.31640896555967
"CTAATTGGTCATGCCA-1","0",2.77212009670986,0,0.810652538709199,0,0,0,0,0,0,0,0,0,0,0,0,0,0,0.810652538709199,0,0,0,0,0,0,0.810652538709199,1.25240594039346,0,1.25240594039346,0.810652538709199,0.810652538709199,0,0,0,0,0,0,0,0,0,0,0,0,0,0
"CTACAATAGGTACTAT-1","10",0,0,0,0,0,0,0,2.10280065697647,0,0,0,0,0,0,0,0,0,0,0,0,0,0,0,0,0,0,0,0,0,0,0,0,0,0,0,0,0,0,0,0,0,0,0,0
"CTACAATAGTACGCTA-1","15",1.30073938344103,0,0.848442352643748,0,0,0,0,0,0,0,0,0,0,0,0,0,0,1.30073938344103,0,0,0,0,0,0,0.848442352643748,2.19900433308965,0,0,1.30073938344103,0,0,0,0,0,0,0.848442352643748,0,0,0,0,0,0,0,0
"CTACACAAGATTGAAG-1","1",1.82234326454052,0,0,0,0,0,0,0,0,0,0,0,0,0,0,0,0,0,0,0,0,1.54852522216098,1.82234326454052,0,0.554405314899323,2.12930896632693,0,0.554405314899323,0.554405314899323,2.43121358433518,0,0,0,0,0,0,0,0,0,0,0,0,0,0.554405314899323
"CTACACAAGCCTGATA-1","1",1.80415797213898,0,0.491249309351887,0,0,0,0,0,0,0,0,0,0,0,0,0,0,0,0,0,0,1.26339964055808,2.2906131819356,0,0,2.35283623072134,1.56989438646174,1.06576889650594,1.06576889650594,2.0766782754581,0,0,0.491249309351887,0.491249309351887,0,0,0,0,0,0,0,0,0,1.90348133753801
"CTACATAGTCAGTAGA-1","0",1.8739064745393,0,0,0,0,0,0,0,0,0,0,0,0,0,0,0,0,1.04306344183494,0,0,0,1.04306344183494,1.54239917837169,0,0,2.6293880263009,0,0,1.04306344183494,1.54239917837169,0,0,0,0,0,0,1.04306344183494,0,0,0,0,0,0,0
"CTACCATTCAGTGCGT-1","4",2.50811278130334,0,0,0,0,0,0,0,0,0,0,0,0,0,0,0,0,0,0,0,0,1.05789039707987,0.81249589682425,0,0,1.41920043157068,0.486592009548986,0,1.05789039707987,1.25477553653978,0,0,0,0,0,0,0,0,0,0,0,0,0,1.05789039707987
"CTACCCGCACTTGATT-1","0",2.41667652406646,0,0.547648382173706,0,0,0,0,0,0,0,0,0,0,0,0,0,0,0,0,0,0,0.547648382173706,1.15925120806582,0,0,2.53899305987043,0.547648382173706,0.899495972495943,0.547648382173706,0,0,0,0,0,0,0,0,0,0,0,0,0,0,0.899495972495943
"CTACCCGCAGGAGCGA-1","0",2.02233454568703,0,0,0,0,0,0,0,0,0,0,0,0,0,0,0,0,0,0,0,0,1.15855108644011,0.738434714178175,0,0.738434714178175,1.45347907206287,0,0,0,1.68094510288776,0,0,0,0,0,0,0,0,0,0,0,0,0,0.738434714178175
"CTACCCTGTATTGGAG-1","0",2.4963915996549,0,0,0,0,0,0,0,0,0,0,0,0,0,0,0,0,0,0,0,0,1.24566570662461,0.805414482431026,0,0,1.55029733739016,0.805414482431026,1.24566570662461,0,1.55029733739016,0,0,0,0,0,0,0.805414482431026,0,0,0,0,0,0,0
"CTACCGCTCGATTACG-1","3",3.04948835506603,0,0,0,0,0,0,0,0,0,0,0,0,0,0,0,0,0,0,0,0,0,0,0,0,1.61361093831174,0,0,0,0,0,0,0,0,0,0,0,0,0,0,0,0,0,0
"CTACGACAGCGCTCGA-1","0",0.816455749079109,0,0,0,0,0,0,0,0,0,0,0,0,0,0,0,0,1.80003636122084,0,0,0,1.25986163338954,0,0,0.816455749079109,1.80003636122084,0,1.25986163338954,0.816455749079109,1.80003636122084,0,0,0,0,0,0.816455749079109,0,0,0,0,0,0,0,0
"CTACGACAGTATGTCG-1","3",2.96654489012158,0,0,0,0,0,0,0,0,0,0,0,0,0,0,0,0,0,0,0,0,0,0,0,0,0,0,0,0,0,0,0,0,0,0,0,0,0,0,0,0,0,0,0
"CTACGGACAAACCGTG-1","0",2.28822202882376,0,0,0,0,0,0,0,0,0,0,0,0,0,0,0,0,0,0,0,0,0,1.22836881710682,0,0,2.43954585907769,0.590681255650367,0.959517112708603,0.590681255650367,0.590681255650367,0,0,0,0,0,0.590681255650367,0,0,0,0,0,0,0,0
"CTACGGACACCTTCGG-1","4",1.82596530272023,0,0,0,0,0,0,0,0,0,0,0,0,0,0,0,0,0,0,0,0,0.624938419868038,0.624938419868038,0,0,2.27019713402621,0.624938419868038,0,0.624938419868038,0,0,0,0,0,0.624938419868038,0.624938419868038,0,0,0,0,0,0,0,1.2821533078448
"CTACGGGTCAGGACTC-1","0",2.22360966339969,0,0,0,0,0,0,0,0,0,0,0,0,0,0,0,0,0,0,0,0,0,1.32092227378234,0,0,1.87084030805381,0,0,0,0.864339416659281,0,0,0,0.864339416659281,0,0,0,0,0,0,0,0,0,0
"CTACGTAAGCTAGAGG-1","4",2.08620837624122,0,0,0,0,0,0,0,0,0,0,0,0,0,0,0,0,0,0,0,0,1.10377212052741,0,0,0,1.95253934167322,0,0,0,1.79820510977924,0,0,0,0,0,0,0,0,0,0,0,0,0,0
"CTACGTAAGTCAATGT-1","10",1.38277968186153,0,0,0,0,0,0,2.29836599309251,0,0,0,0,0,0,0,0,0,0,0,0,0,1.38277968186153,0,2.56062184109766,0,1.38277968186153,0,0,0,0,0,0,0,0,0,0,1.38277968186153,0,0,0,0,0,0,0
"CTACGTCCAACCGCAA-1","2",2.37547280874254,0,0,0,0,0,0,0.594987416087701,0,0,0,0,0,0,0,0,0,0,0,0,0,0,2.51625299752274,0,0.594987416087701,2.11831041057921,0.594987416087701,0.594987416087701,0.965467967850239,2.11831041057921,0,0,0,0,0,0,0,0,0,0,0,0,0,0
"CTACGTTTCTATGGTG-1","1",1.2797746648392,0,0,0,0,0,0,0,0,0,0,0,0,0,0,0,0,0,0,0,0,1.2797746648392,1.2797746648392,0,0,2.69762425890887,0.623409275797992,1.00450412043194,0.623409275797992,0,0,0,0,0.623409275797992,0,0,0,0,0,0,0,0,0,2.26724435704549
"CTACTCACAGGTTCGA-1","0",2.32539977076022,0,0.413975797776073,0,0,0,0,0,0,0,0,0,0,0,0,0,0,0.413975797776073,0,0,0,1.27091228700105,1.52382415971111,0,0.705886206337375,2.1624384612508,0.413975797776073,0,0.413975797776073,1.27091228700105,0,0,0,0.413975797776073,0.413975797776073,0,0,0,0,0,0,0,0,0
"CTACTCACATAGGCGC-1","3",2.5092073744533,1.56131017941111,0,0,0,0,0,0,0,0,0,0,0,0,0,0,0,1.56131017941111,0,0,0,0,0,0,0,0,0,0,0,0,0,0,0,0,0,0,0,0,0,0,0,0,0,0
"CTACTCCGTTCGCTCT-1","2",2.2148390520801,0,0.70309347183331,0,0,0,0,0,0,0,0,0,0,0,0,0,0,0,0,0,0,0.70309347183331,2.2148390520801,0,0.70309347183331,2.41590649261851,0,0,0,2.32041779700868,0,0,0,0,0,0,0,0,0,0,0,0,0,0.70309347183331
"CTACTCCGTTGCCCAA-1","3",2.56126498117212,0,0,0,0,0,0,0,0,0,0,0,0,0,0,0,0,0,0,0,0,0,0,0,0,0,0,0,0,0,0,0,0,0,0,0,0,0,0,0,0,0,0,0
"CTACTGTTCCATGAGC-1","2",2.42468423852617,0,0,0,0,0,0,0,0,0,0,0,0,0,0,0,0,0,0,0,0,0,1.48905107788722,0,0,1.90530813480583,0.762811146948122,0,1.19045931868892,1.71868376431204,0,0,0,0,0,0,0,0,0,0,0,0,0,0
"CTACTTGCAAATGGAG-1","1",2.25551401514026,0,0,0,0,0,0,0,0,0,0,0,0,0,0.45065922079549,0,0,0,0,0,0,1.18704601960846,1.81223466655564,0,0.45065922079549,2.46958837315032,1.4852520493209,0.760194792242896,0.45065922079549,2.19398037223509,0,0,0,0,0.45065922079549,0,0,0,0,0,0,0,0,1.60651860187201
"CTACTTGCACTATGGG-1","6",1.52262201975748,0,0,0,0,0,0,0,0,0,0,0,0,0,0,0,0,0,0,0,0,0,0,0,0,0,0,1.52262201975748,0,1.52262201975748,0,0,0,0,0,0,0,0,0,0,0,0,0,3.11375422929274
"CTAGAAGGTGAGACAC-1","1",2.08911546856005,0,0.633779730659472,0,0,0,0,0,0,0,0,0,0,0,0,0,0,0,0,0,0,1.51268105279043,1.51268105279043,0,0,2.08911546856005,1.01864576238988,1.51268105279043,0.633779730659472,1.84187022506282,0,0,0.633779730659472,0,0,0,0,0,0,0,0,0,0,1.51268105279043
"CTAGATTAGCTATCGA-1","2",2.18756465830869,0,0,0,0,0,0,0,0,0,0,0,0,0,0,0,0,0,0,0,0,0,2.18756465830869,0,0,2.0274330017694,0,0.841098634334844,0.841098634334844,1.291386368958,0,0,0,0,0,0,0,0,0,0,0,0,0,0.841098634334844
"CTAGATTAGGTTAGCC-1","11",0,0,0,0,0,0,0,0,0,0,0,0,0,0,0,0,0,1.48322936235793,0,0,0,0,0,0,0,1.48322936235793,0,0,0,0,0,0,0,0,0,0,0,0,0,0,0,0,0,1.48322936235793
"CTAGCATGTGCATTAC-1","14",3.41958234593133,0,0,0,0,0,0,1.24215091276888,0,0,0,0,0,0,0,0,0,0,0,0,0,0,0,0,0,1.77936773693289,0,0,1.24215091276888,0,0,0,0,0,0,0,0,0,0,0,0,0,1.24215091276888,0
"CTAGCATGTTAAGCCT-1","7",1.69561234262784,0,0,0,0,0,0,0,0,0,0,0,0,0,0,0,0,0,0,0,0,0.636574945479428,1.30018875199214,0,0,2.83438535817083,0.636574945479428,0,0,1.51731950072689,0,0,0.636574945479428,0,0,0,0,0,0,0,0,0,0,1.69561234262784
"CTAGCCAGTAGTCCCA-1","0",1.38998065455509,0,0,0,0,0,0,0,0,0,0,0,0,0,0,0,0,0,0,0,0,1.38998065455509,0,0,0,1.95012194830194,0,0,1.38998065455509,1.38998065455509,0,0,0,0,0,0,0,0,0,0,0,0,0,0
"CTAGCCTCAAATGGAG-1","1",0.613421950004267,0,0.613421950004267,0,0,0,0,0,0,0,0,0,0,0,0,0,0,0,0,0,0,1.65511853346191,1.93545285531634,0,0,1.2641889151592,0,0,0.990834075551782,2.15416170090983,0,0,0,0,0.613421950004267,0,0,0,0,0,0,0,0,1.2641889151592
"CTAGCGCGTAAGTGTG-1","12",3.91241508541749,0,0,0,0,0,0,0,0,0,0,0,0,0,0,0,0,0,0,0,0,0,0,0,0,0,0,0,0,0,0,0,0,0,0,0,0,0,0,0,0,0,0,2.8530084327453
"CTAGCTGGTGCAGCGA-1","12",0,1.80014174798086,0,0,0,0,0,0,0,0,0,0,0,0,0,0,2.40703610426903,2.40703610426903,0,0,0,0,0,0,0,0,0,0,0,0,0,0,0,1.80014174798086,0,0,0,0,0,0,0,0,0,1.80014174798086
"CTAGGTCAGCCAGGTT-1","9",2.70885946409458,0,0,0,0,0,0,0,0,0,0,0,0,0,0,0,0,0,0,0,0,0,0,0,0,0,0,0,0,0,0,0,0,0,0,0,0,0,0,0,0,0,2.33615808377128,0
"CTAGGTCAGGTAGTCC-1","6",2.16562159878067,1.27350078737583,0,0,0,0,0,0,0,0,0,0,0,0,0,0,0,0,0,0,0,0,0,0,0,1.81591216229099,0,0,0,0,0,0,0,0,0,0,0,0,0,0,0,0,0,0
"CTAGTAACACATACCC-1","0",2.36317574491912,0,0,0,0,0,0,0,0,0,0,0,0,0,0,0,0,0,0,0,0,0,1.01157704865225,0,0.628591159925484,2.91773525981236,0,0,1.28782713378382,1.50404823077799,0,0,0,0,0,0,0,0,0,0,0,0,0,1.01157704865225
"CTAGTAACAGGACAGG-1","1",0.957979820239382,0,0,0,0,0,0,0,0,0,0,0,0,0,0,0,0,0,0,0,0,1.76117604585597,1.22660628984664,0,0.589569991277547,1.76117604585597,0,0,0.957979820239382,2.62838671647213,0,0,0,0.589569991277547,0.957979820239382,0,0,0,0,0,0,0,0,0
"CTAGTAACATGCTACC-1","11",0,0,0,0,0,0,0,0,0,0,0,0,0,0,0,0,0,0,0,0,0,0,0,0,0,2.7249182979981,1.2166504768675,0,0,0,0,0,0,0,0,0,0,0,0,0,1.2166504768675,0,0,1.74949937506268
"CTAGTATAGTATGATC-1","2",2.24752987878115,0,0,0,0,0,0,0,0,0,0,0,0,0,0,0,0,0,0,0,0,1.2291666626699,0.792625861354315,0,0,1.95245287211938,0.792625861354315,0.792625861354315,0,1.2291666626699,0,0,0,0,0,0,0,0,0,0,0,0,0,0
"CTAGTCAAGCGCCTCT-1","0",1.78636325008158,0,0.976784821029477,0,0,0,0,0,0,0,0,0,0,0,0,0,0,0,0,0,0,1.46135697881945,1.46135697881945,0,0,1.46135697881945,0,0,0,1.46135697881945,0,0,0,0,0,0,0,0,0,0,0,0,0,0
"CTATAGGTCACGCGAT-1","7",1.82895755035911,0,1.00885672944324,0,0,0,0,0,0,0,0,0,0,0,0,0,0,0,0,0,0,1.82895755035911,2.2733951023289,0,0,2.07566634652719,0,1.50072237224822,1.82895755035911,3.00405267692685,0,0,1.00885672944324,0,0,0,0,0,0,0,0,0,0,1.00885672944324
"CTATATGGTCCCGATA-1","1",1.83814254973515,0,0,0,0,0,0,0,0,0,0,0,0,0,0,0,0,0,0,0,0,1.42813475666966,1.13588926906738,0,1.13588926906738,1.83814254973515,0.721234377176721,0,0,1.13588926906738,0,0,0,0,0,0,0,0,0,0,0,0,0,1.65400639452484
"CTATCAAGTTATCACA-1","6",0,1.47485632725806,0,0,0,0,0,0,0,0,0,0,0,0,0,0,0,2.04650706172559,0,0,0,0,0,0,0,2.04650706172559,0,0,0,0,0,0,0,0,0,0,0,0,0,0,0,0,0,3.63954439935479
"CTATCGAAGTGAGGCA-1","1",1.75054697653127,0,0,0,0,0,0,0,0,0,0,0,0,0,0.950080205797364,0,0,0.583867064555705,0,0,0,1.21754298693202,1.87957339459944,0.583867064555705,0,1.75054697653127,0.950080205797364,0,0.583867064555705,1.75054697653127,0,0,0,0,0,0,0,0,0,0,0,0,0,1.99383847612012
"CTATCGCCAGGGCTGT-1","0",1.4660807111218,0,0,0,0,0,0,0,0,0,0,0,0,0,0,0,0,0,0,0,0,1.4660807111218,1.16984141778559,0,0,2.29111222190287,0,0.747039006312881,0,0.747039006312881,0,0,0,0,0,0,0,0,0,0,0,0,0,0
"CTATCGTTCCATCCGC-1","5",1.90820812370699,0,0.970887021034972,0,0,0,0,0,0,0,0,0,0,0,0,0,0,0,0,0,0,0.970887021034972,0.970887021034972,0,0.598914907262464,2.38340095936191,0,1.24139231392751,0.598914907262464,2.02302218919331,0,0,0,0,0,0,0,0,0,0,0,0,0,0
"CTATCGTTCTGGTGAC-1","0",1.82218799609347,0,1.27890084089049,0,0,0,0,0,0,0,0,0,0,0,0,0,0,0,0,0,0,1.27890084089049,1.27890084089049,0,0,1.82218799609347,0.831318427601355,1.27890084089049,0.831318427601355,1.5869945185187,0,0,0,0,0,0,0,0,0,0,0,0,0,1.27890084089049
"CTATGCAAGCTAGGTC-1","6",2.08286154764409,1.50711797916794,1.50711797916794,0,0,0,0,0,0,0,0,0,0,0,0,0,0,1.50711797916794,0,0,0,0,0,0,0,1.50711797916794,0,0,0,0,0,0,0,0,0,0,0,0,0,0,0,0,0,3.68010955768634
"CTATGCTTCCGGGTCA-1","1",2.17370144078554,0,0,0,0,0,0,0,0,0,0,0,0,0,0,0,0,0,0.748092673448243,0,0,2.03833256942447,1.46762043652604,0,0,2.39941180326797,0,1.17122193455617,0.748092673448243,2.17370144078554,0,0,0,0,0,0,0,0,0,0,0,0,0,0.748092673448243
"CTATGCTTCGCATGAC-1","0",1.86875180115586,0,0,0,0,0,0,0,0,0,0,0,0,0,0,0,0,0,0,0,0,0,1.63122916416941,0,0,1.86875180115586,0,0,0,0,0,0,0,0,0,0,0,0,0,0,0,0,0,0
"CTATGCTTCTATGGCA-1","1",2.12132024640761,0,0,0,0,0,0,0.55055451004785,0,0,0,0,0,0,0,0,0,0,0,0,0,0.55055451004785,1.68737742722951,0,0.55055451004785,1.81474342520705,1.37038283208645,0.55055451004785,0.903581827259103,2.35563162196081,0,0,0,0.55055451004785,0,0,0,0,0,0,0,0,0,0
"CTATGGGCACATGCCT-1","0",2.68506327116731,0,0,0,0,0,0,0,0,0,0,0,0,0.564654780420571,0,0,0,1.18678233378264,0,0,0,1.18678233378264,0,0,0,2.78357872498223,0.564654780420571,0.564654780420571,0,1.71434605685442,0,0.564654780420571,0,0,0,0.564654780420571,0,0,0,0,0,0,0,0
"CTATGGGCATTAGAGC-1","2",0.900275316552179,0,0,0,0,0,0,0,0,0,0,0,0,0,0,0,0,0,0,0,0,0,1.36623469144535,0,0,2.11642440043923,0.900275316552179,0,0,2.11642440043923,0,0,0,0,0,0,0.900275316552179,0,0,0,0,0,0,0
"CTATGTGAGCTATGCA-1","6",1.11294848226797,0,0,0,0,0,0,0,0,0,0,0,0,0,1.62661684555831,0,0,1.11294848226797,0,0,0,0,0,0,1.62661684555831,0,0,0,1.11294848226797,0,0,0,0,0,0,0,0,0,0,0,1.62661684555831,0,0,2.21629419050887
"CTATGTGAGGTAGATA-1","4",2.07909162040855,0,0,0,0,0,0,0,0,0,0,0,0,0,0,0,0,0,0,0,0,1.3859944360989,1.79142621365127,0,0.692947240541285,2.07909162040855,0.692947240541285,0.692947240541285,1.09834569309202,2.07909162040855,0,0,0.692947240541285,0,1.3859944360989,0,0,0,0,0,0,0,0,1.3859944360989
"CTATGTGAGGTGATCC-1","0",2.04244141174988,0,0,0,0,0,0,0,0,0,0,0,0,0,0,0,0,0.557035196379935,0,0,0,1.17448303205603,1.3817739462121,0,0.912676036158041,2.43684121175878,0.557035196379935,0.557035196379935,0.557035196379935,0,0,0,0,0,0,0,0,0,0,0,0,0,0,0
"CTATTCATCTCATGTC-1","4",2.17778887115003,0,0.419883661373083,0,0,0,0,0,0,0,0,0,0,0,0,0,0,0.419883661373083,0,0,0,0.714697791986683,1.41844858312088,0,0.419883661373083,1.90800495798372,0,1.127244452004,0.419883661373083,1.41844858312088,0,0,0,0.419883661373083,0,0,0.419883661373083,0,0,0,0,0,0,0.419883661373083
"CTATTCGCACAACGTG-1","0",1.88769439864356,0,0.75180512957618,0,0,0,0,0,0,0,0,0,0,0,0,0,0,0.75180512957618,0,0,0,1.4730395067529,1.17608241448653,0,0,2.29923944426473,0.75180512957618,0.75180512957618,0.75180512957618,1.4730395067529,0,0,0,0.75180512957618,0,0,0,0,0,0,0,0,0,1.17608241448653
"CTATTGCTCCTGAGCG-1","1",1.79196783294852,0,0,0,0,0,0,0,0,0,0,0,0,0,0,0,0,0.81106913018713,0,0,0,0.81106913018713,0.81106913018713,0,0,2.39812257652258,0.81106913018713,0,0,1.98121701676863,0,0,0,0,0,0,0,0,0,0,0,0,0,0
"CTATTGCTCGATCCGG-1","3",3.35265815125718,0,1.87421768819367,0,0,0,0,0,0,0,0,0,0,0,0,0,0,0,0,0,0,0,0,0,0,2.86489207950685,0,0,0,0,0,0,0,0,0,0,0,0,0,0,0,0,0,0
"CTCAAAGTCCCGCTGT-1","2",1.87404261427366,0,0,0,0,0,0,0,0,0,0,0,0,0,0,0,0,0.524327499471077,0,0,0,0.524327499471077,2.59583686057135,0,0,1.76220307961199,0.524327499471077,0.866530910450147,1.12101518861534,2.22698495074052,0,0,0,0,0,0,0,0,0,0,0,0,0,0
"CTCAAAGTCTAGCCTT-1","4",2.30967167988589,0,0,0,0,0,0,0,0,0,0,0,0,0,0,0,0,0,0,0,0,1.22933778100909,0,0,0,1.03468638422899,0,0,0.792758253503231,1.39220333218692,0,0.472962479265284,0,0,1.03468638422899,0,0,0,0,0,0,0,0,0
"CTCAACGGTGGCGTCT-1","1",2.43222783387641,0,0.664757806608852,0,0,0,0,0.664757806608852,0,0,0,0,0,0,0,0,0,0,0,0,0,0.664757806608852,1.0605778190049,0,0.664757806608852,1.56361982118826,0.664757806608852,0.664757806608852,0,0.664757806608852,0,0,0,0,0,0,0,0,0,0,0,0,0,1.34340223233526
"CTCAACTTCTCACTCG-1","0",2.24344879573689,0,0,0,0,0,0,0,0,0,0,0,0,0,0,0,0,0.877257615222693,0,0,0,1.33726017054875,0.877257615222693,0,0,2.38232745202321,1.65113468221032,1.33726017054875,0,1.33726017054875,0,0,0,0,0,0.877257615222693,0,0,0,0,0,0,0,0
"CTCAATAGTCAACCTG-1","0",1.99756015860959,0,0.82163273486717,0,0,0,0,0,0,0,0,0,0,0,0,0,0,0,0,0,0,0,0.82163273486717,0,0,1.80777059747919,0.82163273486717,0,0.82163273486717,0.82163273486717,0,0,0,0,0,0,0,0,0,0,0,0,0,0
"CTCAATTCATCAAGGT-1","8",1.80284493999979,0,0,0,0,0,0,0,0,0,0,0,0,0,0,0,0,0.699813198577994,0,0,0,1.10749047450634,1.62008231581562,0,0.699813198577994,2.40998244654879,0.699813198577994,1.62008231581562,1.3962767984381,2.20904472838812,0,0,0,0,0,0,0,0,0,0,0,0,0,2.78505127606693
"CTCACACCAATCTCAT-1","11",0,1.14231531894381,0,0,0,0,0,0,0,0,0,0,0,0,0,0,0,0,0,0,0,1.14231531894381,1.14231531894381,0,0,2.25508091337169,1.14231531894381,0,0,0,0,0,0,0,0,0,0,0,0,0,0,0,0,1.14231531894381
"CTCACACCAGGATAGA-1","0",2.23753466278331,0,0,0,0,0,0,0,0,0,0,0,0,0,0,0,0,0,0,0,0,1.94286491300597,1.2212682644626,0,0.786520556137654,1.52327623902295,0,0.786520556137654,0.786520556137654,2.10101452819812,0,0,0,0,0.786520556137654,0,0,0,0,0,0,0,0,0
"CTCACATTCCAGCTCC-1","1",2.44820518006017,0,0.364862024160146,0,0,0,0,0,0,0,0,0,0,0,0,0,0,0.364862024160146,0,0,0,0.841974773805817,1.60197763192838,0,0.364862024160146,2.28302557823335,0.364862024160146,0.364862024160146,0,2.0287702887783,0,0,0,0.364862024160146,0.364862024160146,0,0,0,0,0,0,0,0,1.90569785768983
"CTCACATTCCAGGTTA-1","2",1.95430797213659,0,0,0,0,0,0,0,0,0,0,0,0,0,0,0,0,0,0,0,0,0,1.95430797213659,0,1.00472352812908,2.17363568618664,1.00472352812908,0.623569874496795,0.623569874496795,1.28002457736019,0,0,0,0,0,0,0,0,0,0,0,0,0,0
"CTCACCATCACACTTC-1","2",2.03920426922444,0,0,0,0,0,0,0,0,0,0,0,0,0,0,0,0,0,0,0,0,0.607350427793494,1.64438170154027,0,0.982498981234021,1.79398515454478,0.607350427793494,1.2546710018924,0.982498981234021,0.982498981234021,0,0,0,0,0,0,0.607350427793494,0,0,0,0,0,0,1.64438170154027
"CTCACCTGTCATCGCA-1","3",2.69330412936008,0,0,0,0,0,0,0,0,0,0,0,0,0,0,0,0,0,0,0,0,0,0,0,0,0,0,0,0,0,0,0,0,0,0,0,0,0,0,0,0,0,0,0
"CTCAGCTCACTTCACA-1","5",1.75648215587125,0,0.672130475569031,0,0,0,0,0,0,0,0,0,0,0,0,0,0,0.672130475569031,0,0,0,1.35460131059193,1.90960639652424,0,0,1.90960639652424,0,0.672130475569031,0.672130475569031,1.75648215587125,0,0,0,0,0,0,0,0,0,0,0,0,0,1.75648215587125
"CTCAGGTAGGTGACGA-1","5",2.3727120729099,0,1.23302981338429,0,0,0,0,0.795615981243286,0,0,0,0,0,0,0,0,0,0,0,0,0,1.76869926214036,0.795615981243286,0,0,2.11563276994297,1.23302981338429,0.795615981243286,0,1.53631145516369,0,0,0,0,0,0,0,0,0,0,0,0,0,0
"CTCAGGTAGGTTAGCC-1","8",1.97497902817131,0,0,0,0,0,0,0,0,0,0,0,0,0,0.52449632047849,0,0,0,0,0,0,1.49246311499175,1.76254575604687,0,0,1.87439280388853,1.32400143755896,0.86677069655873,0,1.97497902817131,0,0,0,0,0,0,0,0,0,0,0,0,0,2.06636594401485
"CTCAGTAAGCCCTGGA-1","8",2.17107958302083,0,0.678524820606966,0,0,0,0,0,0,0,0,0,0,0,0,0,0,0,0,0,0,1.92071077082071,1.76726871670404,0,1.07906790552671,1.76726871670404,1.07906790552671,1.07906790552671,0.678524820606966,1.36427985160532,0,0,0,0,0,1.36427985160532,0,0,0,0,0,0,0,1.07906790552671
"CTCAGTAAGGCTTCGG-1","7",1.62306940541735,0,0,0,0,0,0,0,0,0,0,0,0,0,0,0,0,0,0,0,0,0.5176645972779,1.96050824650518,0,0,2.35075185300136,0.5176645972779,0.5176645972779,1.31168290040598,2.28394771858093,0,0,0,0,0,0.5176645972779,0,0,0,0,0,0,0,0.5176645972779
"CTCAGTTTCGCTTCGC-1","8",2.48826265399761,0.614783882836085,0,0,0,0,0,0,0,0,0,0,0,0,0,0,0,0,0,0,0,0.614783882836085,1.65752011197219,0,0,2.05336128948042,0.614783882836085,0.992701177173036,0.614783882836085,2.05336128948042,0,0,0,0,0,0,0,0,0,0,0,0,0,0.614783882836085
"CTCATAAGTCCATCCT-1","2",1.93933903819439,0,0,0,0,0,0,0,0,0,0,0,0,0,0,0,0,0,0,0,0,0,2.19040926080852,0,0,1.7853714734888,0,0,0.689319281973176,2.0727330724695,0,0,0,0,0,0,0,0,0,0,0,0,0,0
"CTCATAAGTGCGGTTC-1","11",1.48086315944951,0,0,0,0,0,0,0,0,0,0,0,0,0,0,0,0,1.48086315944951,0,0,0,0,0,0,0,1.48086315944951,2.05328726355058,1.48086315944951,0,0,0,0,0,0,0,0,0,0,0,0,0,0,0,1.48086315944951
"CTCATAAGTGGAGACT-1","0",2.04153363933547,0,0,0,0,0,0,0,0,0,0,0,0,0,0,0,0,0,0,0,0,1.17376231525182,1.17376231525182,0,0,2.04153363933547,1.17376231525182,0,0,0,0,0,0,0,0,0,0,0,0,0,0,0,0,1.17376231525182
"CTCATAAGTTCCAGGC-1","1",1.77142730433758,0,0,0,0,0,0,0,0,0,0,0,0,0,0,0,0,0,0,0,0,0,1.95996076780361,0,0,1.95996076780361,1.23536083136102,0,0.797421475852353,2.89465899541213,0,0,0,0,1.95996076780361,0,0,0,0,0,0,0,0,2.25535384969449
"CTCATAAGTTGTCCTC-1","0",2.45129207808875,0.722867593307142,0.722867593307142,0,0,0,0,0,0,0,0,0,0,0,0,0,0,0,0,0,0,1.13804640503942,0,0,0,1.84081384019385,0,0,0.722867593307142,2.24946524266383,0,0,0,0.722867593307142,0,0,0,0,0,0,0,0,0,1.13804640503942
"CTCATAGAGCCATACA-1","1",1.4498893295844,0,0,0,0,0,0,0,0,0,0,0,0,0,0,0,0,0,0,0,0,0.967486142188998,0.967486142188998,0,0,1.4498893295844,0,0,0,2.01826874762161,0,0,0,0,0,0,0,0,0,0,0,0,0,2.37842775173845
"CTCATCACACTCATGC-1","0",2.05397844820931,0,0,0,0,0,0,0,0,0,0,0,0,0,0,0,0,0.757597170866597,0,0,0,1.18365446333576,0.757597170866597,0,0.757597170866597,2.05397844820931,1.48147576621539,0,1.48147576621539,0,0,0,0,0,0,0,0,0,0,0,0,0,0,1.71065387394338
"CTCATCCGTAAGCAAT-1","5",1.56071546606206,0,0,0,0,0,0,0,0,0,0,0,0,0,0,0,0,0.561012211171096,0,0,0,0,1.18090978872874,0,0.561012211171096,2.05052869329339,1.56071546606206,1.7074123012126,1.18090978872874,1.38873682358354,0,0,0,0,0,0,0,0,0,0,0,0,0,0
"CTCATCCGTTCGTGTG-1","5",2.20916501770814,0,0,0,0,0,0,0,0,0,0,0,0,0,0,0,0,0,0,0,0,0,1.3090630131839,0,0,0,0,0,1.3090630131839,1.85714222849091,0,0,0,0,0,0,0,0,0,0,0,0,0,1.3090630131839
"CTCATGAAGCAATTAC-1","2",1.86256007702825,0,0,0,0,0,0,0,0,0,0,0,0,0,0,0,0,0,0,0,0,1.31375096642264,1.31375096642264,0,0.645374270142557,1.53186593124397,0,0,0,1.86256007702825,0,0,0,0.645374270142557,0,0,0,0,0,0,0,0,0,0
"CTCATGAAGGAGCTAG-1","0",2.14773562668068,0,0,0,0,0,0,0,0,0,0,0,0,0,0,0,0,0,0,0,0,1.7118617553295,1.7118617553295,0,0,2.450282206829,1.7118617553295,0,0.921512360628546,0.921512360628546,0,0,0,0,0,0,0.921512360628546,0,0,0,0,0,0,0.921512360628546
"CTCATGGGTGCAATCT-1","2",2.11339059000423,0,0,0,0,0,0,0,0.592482729383103,0,0,0,0,0,0,0,0,0,0,0,0,1.23122362036216,1.89601581014423,0,0,2.20659475631496,0,0.592482729383103,1.23122362036216,1.89601581014423,0,0,0,0,0,0,0.962007832266111,0,0,0,0,0,0,0
"CTCATTATCTATGGTG-1","0",2.02280871654749,0,0,0,0,0,0,0,0,0,0,0,0,0,0,0,0,0,0,0,0,0,0,0,0,2.47926964083177,0,0.738720088716841,0.738720088716841,0,0,0,0,0,0,0,0,0,0,0,0,0,0,0
"CTCATTGCAAATCGTA-1","0",1.7554125043727,0,1.02772037383065,0,0,0,0,0,0,0,0,0,0,0,0,0,0,0.468896292277721,0,0,0,1.52374394698692,1.38407845962926,0,0.786846282771176,2.23806890549876,1.22169001328964,0.468896292277721,0.468896292277721,0,0,0,0,0,0,0,0,0,0,0,0,0,0,0
"CTCATTGCAGTTGCAG-1","1",2.08096234553052,0,0.821954132936097,0,0,0,0,0,0,0,0,0,0,0,0,0,0,0.821954132936097,0,0,0,0.821954132936097,1.99805592446216,0,0.821954132936097,1.90764955184506,1.26691438264097,0.821954132936097,0,1.57377407130673,0,0,0,0,0,0,0,0,0,0,0,0,0,0.821954132936097
"CTCATTGCATAAGCGT-1","0",2.74444903630255,0,0,0,0,0,0,0,0,0,0,0,0,0,0,0,0,0,0,0,0,0.59259117746962,0.59259117746962,0,0,2.57490227506651,0.59259117746962,0.962157717958317,0,0.962157717958317,0,0,0,0,0,0,0,0,0,0,0,0,0,0.59259117746962
"CTCCAACCAAGCGGAG-1","4",1.96705483704506,0,0,0,0,0,0.570244018117974,0,0,0,0,0,0,0,0,0,0,0.570244018117974,0,0,0,1.19576797049905,1.57763614771186,0,0,2.32477536948581,0,0.931138825936463,0.570244018117974,1.19576797049905,0,0,0,0.570244018117974,0,0,0,0,0,0,0,0,0,0
"CTCCAACCACATGACG-1","9",1.67633674883342,0,0,0,0,0,0,0,0,0,0,0,0,0,0,0,0,0,0,0,0,0,0,0,0,0,0,0,0,0,0,0,0,0,0,0,0,0,0,0,0,0,0,0
"CTCCAACCATGGTGCA-1","6",1.24884823343432,0,0,0,0,0,0,0,0,0,0,0,0,0,0,0,0,0,0,0,0,0,0,0,0,0,0,0,0,1.24884823343432,0,0,0,0,0,0,0,0,0,0,1.24884823343432,0,0,2.91258305496692
"CTCCAAGGTGAGACCG-1","5",1.77223763278726,0,0,0,0,0,0,0,0,0,0,0,0,0.797958094665053,0,0,0,0,0,0,0,1.23605340726104,1.77223763278726,0,0.797958094665053,2.5809750428345,0.797958094665053,1.53965980337245,0,1.23605340726104,0,0,0,0,0,0,0,0,0,0,0,0,0,0
"CTCCAAGGTTAAGCCT-1","2",2.24615223335277,0,0,0,0,0,0,0,0,0,0,0,0,0,0,0,0,0.720962922520246,0,0,0,0.720962922520246,2.12762282574209,0,0,1.65357913340135,0,0.720962922520246,0.720962922520246,1.99313099275201,0,0,0,0.720962922520246,0,0,0,0,0,0,0,0,0,0.720962922520246
"CTCCAGCTCAGCCCAG-1","0",1.70323610845961,0,0,0,0,0,0,0,0,0,0,0,0,0,0,0,0,0,0,0,0,1.17737577430288,1.38490846334211,0,0,2.13843549601579,1.17737577430288,0,1.55668572504795,1.83102912909134,0,0,0,0,0,0,0,0,0,0,0,0,0,0.55882408155293
"CTCCAGCTCTTGACTC-1","13",2.2906131819356,0,0,0,0,0,0,0,0,0,0,0,0,0,0,0,0,0.819212941540314,0,0,0,0.819212941540314,1.56989438646174,0,0,2.2906131819356,1.56989438646174,1.26339964055808,1.56989438646174,1.26339964055808,0,0,0,0,0,0,0,0,0,0,0,0,0,0
"CTCCCAATCACTCCAT-1","4",2.19433456676879,0,0,0,0,0,0,0,0,0,0,0,0,0,0.450803856022684,0,0,0.450803856022684,0,0,0,0,1.71498409178034,0,0,1.48556041910748,0,0.760407048158563,0,1.34751895519324,0,0,0,0.450803856022684,0,0.450803856022684,0,0,0,0,0,0,0,1.18732303034638
"CTCCCAATCCAGCATA-1","9",2.61786873595803,0,0,0,0,0,0,0,0,0,0,0,0,0,0,0,0,0,0,0,0,0,0,0,0,0,0,0,0,0,0,0,0,0,0,0,0,0,0,0,0,0,0,0
"CTCCCAATCGATAGGG-1","1",1.65221370259935,0,0,0,0,0,0,0,0,0,0,0,0,0,0.720095697868837,0,0,0,0,0,0,0,1.13438464314516,0,0,2.35058145879681,0,0,1.13438464314516,2.35058145879681,0,0,0,0,0,0,0,0,0,0,0,0,0,0
"CTCCCTAAGGATGTAA-1","1",1.63494192820246,0,0,0,0,0,0,0,0,0,0,0,0,0,0,0,0,0,0,0,0,1.24631251679121,1.24631251679121,0,0,2.31096511070169,1.63494192820246,0.602035787670853,0.602035787670853,2.46264539100431,0,0,0,0,0,0,0,0,0,0,0,0,0,1.91409865508975
"CTCCCTGGTAGGTGAC-1","5",1.77650710215293,0,0.969411842596071,0,0,0,0,0,0,0,0,0,0,0,0,0,0,0,0,0,0,1.45226625556696,0.969411842596071,0,0,2.02096110734024,1.45226625556696,0.969411842596071,0,0.969411842596071,0,0,0,0,0,0,0,0,0,0,0,0,0,0
"CTCCGTTGTAGGTGTA-1","5",2.16971221981209,0,0,0,0,0,0,0,0,0,0,0,0,0,0,0,0,0.879684380149455,0,0,0,0.879684380149455,1.1362960354031,0,0.533605842657103,1.65449094909891,0.533605842657103,0,0.533605842657103,1.34032314179717,0,0,0.533605842657103,0,0,0,0,0,0,0,0,0,0,1.78094893631368
"CTCCGTTGTTTGCATA-1","6",1.77162979968438,0.965770115974612,0,0,0,0,0,0,0,0,0,0,0,0,0,0,0,1.44777030325156,0,0,0,0,0,0,0,0,0,0,0.965770115974612,0,0,0,0,0,0,0,0,0,0,0,0,0,0,2.7499141123751
"CTCCTAGTCACACACA-1","5",2.44760932894481,0,0.672975821696166,0,0,0,0,0,0,0,0,0,0,0,0,0,0,0,0,0,0,1.07162570027986,1.75791088505682,0,0,2.04387007589497,0.672975821696166,1.07162570027986,0,1.57696549954871,0,0,0,0,0,0,0,0,0,0,0,0,0,0
"CTCCTAGTCACACATG-1","15",1.77783382255893,0,0,0,0,0,0,0,0,0,0,0,0,0,0,0,0,0,0,0,0,0,1.96659215144957,0,0,2.26226235919426,0,0.801668032063864,1.24083861221424,0,0,0,0,0,0,0,0,0,0,0,0,0,0,0
"CTCCTAGTCCCGCTAC-1","2",1.62290612948497,0,0,0,0,0,0,0,0,0,0,0,0,0,0,0,0,0,0,0,0,1.62290612948497,2.1350686518458,0,0,2.41318609059679,0,0.51758240622887,1.10984836193504,2.28376503366728,0,0,0,0,0,0,0,0,0,0.51758240622887,0,0,0,0.51758240622887
"CTCCTCAAGTAATCGT-1","5",2.42762287767966,0,0,0,0,0,0,0,0,0,0,0,0,0,0,0,0,0,0,0,0,0.829201862536856,0,0,1.27619434671465,2.72171507374182,0,0.829201862536856,1.27619434671465,0,0,0,0,0,0,0,0,0,0,0,0,0,0,0
"CTCCTCAAGTGGCGTT-1","0",1.93857473574708,0,0,0,0,0,0,0,0,0,0,0,0,0,0,0,0,0,0,0,0,1.0929116236211,1.93857473574708,0,0,1.93857473574708,1.0929116236211,0,0,1.60259320426758,0,0,0,1.0929116236211,0,0,1.0929116236211,0,0,0,0,0,0,1.0929116236211
"CTCCTGATCACTAACG-1","7",2.26271523098376,0,0,0,0,0,0,0,0,0,0,0,0,0,0,0,0,0,0,0,0,0.671193782093091,1.35318084584017,0,0.671193782093091,2.35761446440175,1.06923266812781,0,0.671193782093091,2.04070091223483,0,0,0,0,0,0,0,0,0,0,0,0,0,0.671193782093091
"CTCCTGATCTAGATAC-1","1",1.72084710114249,0,0,0,0,0,0,0,0,0,0,0,0,0,0,0,0,0.764218355921596,0,0,0,0,1.90755184501261,0,0,1.72084710114249,0,0.764218355921596,0.764218355921596,2.32027983928059,0,0,0,0,0,0,0,0,0,0,0,0,0,1.19229404163186
"CTCCTTAGTGAGTATG-1","0",2.92747160514723,0,0,0,0,0,0,0,0,0,0,0,0,0,0,0,0,0,0,0,0,2.08841810464014,0,0,0,1.51206053379658,0,0,0,1.0181373014995,0,0,0,1.0181373014995,0,0,1.0181373014995,0,0,0,0,0,0,1.0181373014995
"CTCGAACAGTAGCCAC-1","6",1.29773357211255,0,0,0,0,0,0,0,0,0,0,0,0,0,0,0,0,0,0,0,0,0,0,0,0,0,0,0,1.84403241487607,0,0,0,0,0,0,0,0,0,0,0,0,0,0,3.4101864840371
"CTCGAACAGTTAGGTT-1","0",2.51380273733121,0,0.665767914183811,0,0,0,0,0,0,0,0,0,0,0,0,0,0,1.06193744439016,0,0,0,0,1.06193744439016,0,0,2.89191042575564,1.06193744439016,0.665767914183811,0.665767914183811,1.34493912288329,0,0,0,0,0,0.665767914183811,0,0,0,0,0,0,0,0.665767914183811
"CTCGAACAGTTGCTCT-1","1",1.97656942091212,0.417500104650785,0,0,0,0,0,0,0,0,0,0,0,0,0,0,0,0,0,0,0,0.417500104650785,1.53193700851449,0,0,2.7413897926268,0,0,1.41317223712384,2.11072965833542,0,0,0,0,0,0,0,0,0,0,0,0,0,0.417500104650785
"CTCGCCACAATCAGAC-1","6",0,0,0,0,0,0,0,0,0,0,0,0,0,0,0,0,0,0,0,0,0,0,0,0,0,2.15836452739886,0,0,0.928769968544593,0.928769968544593,0,0,0,0,0,0,0.928769968544593,0,0,0,1.72172689751885,0,0,3.74591237088429
"CTCGCGTTCAAGTTCG-1","4",2.07968021465921,0,0,0,0,0,0,0,0,0,0,0,0,0,0,0,0,0.492582569010268,0,0,0,0.821133309338827,0,0,0,1.69667205264326,0,1.69667205264326,0,0.492582569010268,0,0,0,0,0,0,0,0,0,0,0,0,0,1.26586221176519
"CTCGCGTTCCTCTAGT-1","0",2.27029228471848,0,0,0,0,0,0,0,0,0,0,0,0,0,0,0,0,1.07479234169248,0,0,0,0.675335623981959,0,0,0,2.67454110236216,1.35945662671041,0.675335623981959,1.07479234169248,0,0,0,0,0,0,0,0,0,0,0,0,0,0.675335623981959,0
"CTCGCGTTCTTGACGA-1","2",1.86206240302467,0,0.858343642288617,0,0,0,0,0,0,0,0,0,0,0,0,0,0,0.858343642288617,0,0,0,0,2.05364265271825,0,0.858343642288617,1.62486806940045,0,0.858343642288617,0,2.05364265271825,0,0,0,0,0.858343642288617,0,0,0,0,0,0,0,0,0.858343642288617
"CTCGCTGCAACCCGTT-1","16",2.04885864307782,0,1.4769391540352,1.4769391540352,0,0,0,0,0,0,0,0,0,0,0,0,0,0,0,0,0,0,0,0,0,0,0,0,0,0,0,0,0,0,0,0,0,0,0,0,0,0,0,1.4769391540352
"CTCGCTGCAACTCGCT-1","0",1.66561034636957,0,0,0,0,0,0,0,0,0,0,0,0,0,0,0,0,0,0,0,0,1.48865243262204,0.998998241640189,0,0.61938226158283,0.998998241640189,0.61938226158283,0,0.61938226158283,0.998998241640189,0,0,0,0,0,0,0,0,0,0,0,0,0,0
"CTCGCTGCAGTTAATG-1","0",2.26612599516725,0,0,0,0,0,0,0,0,0,0,0,0,0,0,0,0,0,0,0,0,0,0.804047876593387,0,0,2.59119266296677,0.804047876593387,0,0,0.804047876593387,0,0,0,0,0,0,0,0,0,0,0,0,0,0.804047876593387
"CTCGCTGCATTCAACT-1","2",2.03331533184056,0,0,0,0,0,0,0,0,0,0,0,0,0,0,0,0,0,0,0,0,0.44036943963237,1.78834173619744,0,0,2.16858883633388,0,0.44036943963237,1.32612090729167,1.46318265341011,0,0,0.44036943963237,0,0,0,0,0,0,0,0,0,0,0
"CTCGCTTGTGGCAGTG-1","2",2.56611058321288,0,0,0,0,0,0,0,0,0,0,0,0,0.999323498649759,0,0,0,0,0,0,0,0.999323498649759,2.42468423852617,0,0,1.48905107788722,0,0,0,1.48905107788722,0,0,0,0.999323498649759,0,0,0,0,0,0,0,0,0,0
"CTCGCTTGTTATGCAC-1","5",1.28713061199958,0,1.01096498160935,0,0,0,0,0,0,0,0,0,0,0,0,0,0,0,0,0,0,0,1.50330009397771,0,0.62814235025095,2.51475961293768,1.01096498160935,0.62814235025095,0.62814235025095,0.62814235025095,0,0,0,0,0,0,0,0,0,0,0,0,0,0
"CTCGGATAGGAGGATT-1","13",2.89719772296656,0,0,0,0,0,0,0,0,0,0,0,0,0,0,0,0,0,0,0,0,0,0,0,0,2.89719772296656,0,0,0,0,0,0,0,0,0,0,0,0,0,0,0,0,0,0
"CTCGTAAAGGGTCTCG-1","3",0,0,0,0,0,0,0,0,0,0,0,0,0,0,0,0,0,0,0,0,0,0,0,0,2.02081916795289,0,0,0,0,0,0,0,0,0,0,0,0,0,0,0,0,0,0,0
"CTCGTCTGTATGGTTC-1","0",2.06763174829063,0,0,0,0,0,0,0,0,0,0,0,0,0,0,0,0,0.765938843454237,0,0,0,0.765938843454237,0.765938843454237,0,1.1945361536712,1.91029251344242,1.4935867112408,0.765938843454237,0.765938843454237,0.765938843454237,0,0,0,0,0,0,0,0,0,0,0,0,0,0
"CTCGTCTGTATGTGAG-1","5",2.37282232612858,0,0,0,0,0,0,0,0,0,0,0,0,0,0,0,0,1.23311597111157,0,0,0,1.23311597111157,1.23311597111157,0,0,2.37282232612858,0,0,0,2.37282232612858,0,0,0,0,0,0,0,0,0,0,0,0,0,0
"CTCGTGAGTTTCAGGT-1","0",1.71540458124847,0,0,0,0,0,0,0,0,0,0,0,0,0,0,0,0,1.18767939887082,0,0,0,0,1.71540458124847,0,0,2.51747953253156,1.18767939887082,1.18767939887082,0,1.18767939887082,0,0,1.18767939887082,0,0,0,0,0,0,0,0,0,0,1.18767939887082
"CTCGTTGTCCAGCACG-1","7",1.49761590131156,0.527212660802619,0.527212660802619,0,0,0,0,0,0,0,0,0,0,0,0,0,0,0.527212660802619,0,0,0,0.527212660802619,1.880018669314,0,0,1.32888069286648,0.527212660802619,1.12577670717398,0.527212660802619,2.70029138128375,0,0,0,0,0,0,0,0,0,0,0.870626534117951,0,0,0.527212660802619
"CTCTAATCATCCCGTG-1","2",2.10090958871987,0,0,0,0,0,0,0,0,0,0,0,0,0,0,0,0,0,0,0,0,0,1.81221561166874,0,0,2.21902969849257,0,0,0,1.11501054201186,0,0,0,0.705471011228637,0,0,0,0,0,0,0,0,0,0
"CTCTAGAAGAACCTGC-1","10",2.02737574151432,0,0,0,0,0,0,2.02737574151432,1.45793237384214,0,0,0,0,0,0,0,0,2.02737574151432,0,0,0,0,0,2.38795483309312,0,1.45793237384214,0,0,0,0,0,0,0,0,0,0,2.38795483309312,0,0,0,0,0,0,0
"CTCTATATCATATAGC-1","8",1.09608535555065,0,0.691252579604329,0,0,0,0,0,0,0,0,0,0,0,0,0,0,0,0,0,0,0.691252579604329,1.38345111191678,0,0.691252579604329,2.56144882420158,0.691252579604329,0,1.38345111191678,2.07612363066435,0,0,0,0,0,0,0,0,0,0,0,0,0,2.07612363066435
"CTCTATTGTAGCCCGT-1","0",0.625989146338517,0,0,0,0,0,0,0,0,0,0,0,0,0,0,0,0,0.625989146338517,0,0,0,0,1.28378658392406,0,0.625989146338517,2.57880126487487,0,1.00802714452773,0,0.625989146338517,0,0,0,0,0,0,0,0,0,0,0,0,0,0.625989146338517
"CTCTATTGTTGCACAT-1","12",3.3349084325076,0,0,0,0,0,0,0,0,0,0,0,0,0,0,0,0,0,0,0,0,0,0,0,0,0,0,2.30510898111946,0,0,0,0,0,0,0,0,0,2.30510898111946,0,0,0,0,0,0
"CTCTGACCAAGCGAGG-1","5",1.38289153461492,0,0.913569397638907,0,0,0,0,0,0,0,0,0,0,0,0,0,0,1.38289153461492,0,0,0,0,1.38289153461492,0,0,2.76833337677084,0.913569397638907,0.913569397638907,0,2.1360616343531,0,0,0,0,0,0,0,0,0,0,0,0,0,0
"CTCTGACCAGTAATTG-1","4",2.17028553664546,0,0.648690230285008,0,0,0,0,0,0,0,0,0,0,0,0,0,0,0.648690230285008,0,0,0,0.862700203379347,1.43404051357987,0,0.648690230285008,1.71652713160742,0,0.376047816054448,0.376047816054448,1.31884511779073,0,0,0,0.376047816054448,0,0,0,0,0,0,0,0,0,0.376047816054448
"CTCTGATTCGAACGCT-1","0",1.91481712589905,0,0.768783062129224,0,0,0,0,0,0,0,0,0,0,0,0,0,0,0,0,0,0,1.19824013454677,1.19824013454677,0,0,2.20827187035572,0.768783062129224,1.19824013454677,0,1.91481712589905,0,0,0,0.768783062129224,0,0,0,0,0,0,0,0,0,0
"CTCTGCATCCCGCTGT-1","0",1.65557532298595,0,0,0,0,0,0,0,0,0,0,0,0,0,0,0,0,0,0,0,0,0.880468923834244,1.89433440868368,0,0.880468923834244,0.880468923834244,1.34131294687092,0,0,0,0,0,0,0,0,0,0,0,0,0,0,0,0,0.880468923834244
"CTCTGGTCAATCTCCA-1","0",1.86971796265606,0,0,0,0,0,0,0,0,0,0,0,0,0.649410065806196,0,0,0,1.03986045488335,0,0,0,1.31994977208114,1.31994977208114,0,0,2.00159861948194,0,0.649410065806196,1.03986045488335,0,0,0,0,0,0,0,0.649410065806196,0,0,0,0,0,0,0
"CTCTGTTAGGTGCAGA-1","1",2.12936420496157,0,0,0,0,0,0,0,0,0,0,0,0,0,0,0,0,0,0,0,0,0.760771204516669,1.34802503338647,0,0,1.6073839378431,0.451052021889501,0.451052021889501,0,2.36924980757989,0,0,0,0,0,0,0,0,0,0,0,0,0,1.98370023447069
"CTCTTAATCCACGGAT-1","6",0,1.98858234946178,0,0,0,0,0,0,0,0,0,0,0,0,1.42373106074152,0,0,1.42373106074152,0,0,0,0,0,0,0,1.42373106074152,0,0,0,0,0,0,0,0,0,0,0,0,0,0,0,0,0,4.59239025660308
"CTCTTCTCATCCACTA-1","1",2.58073324016737,0,0.361832082509686,0,0,0,0,0,0,0,0,0,0,0,0,0,0,0,0,0,0,1.00935519089417,1.96057483640798,0,0,2.40034947546472,1.00935519089417,0.361832082509686,1.00935519089417,2.02013822481856,0,0,0,0,0.361832082509686,0,0,0,0,0,0,0,0,1.39913768022322
"CTGAAAGGTGAGTAGC-1","0",2.46478498620931,0,0,0,0,0,0,0,0,0,0,0,0,0,0,0,0,1.4047622824753,0,0,0,0.931092253340688,0.931092253340688,0,0,2.16175801784765,0.931092253340688,1.4047622824753,0,1.72487812554358,0,0,0,0,0,0,0,0,0,0,0,0,0,0.931092253340688
"CTGACAATCGAGTGTC-1","0",1.59040624161759,0,0,0,0,0,0,0,0,0,0,0,0,0,0,0,0,0,0,0,0,0.833740869679407,0.833740869679407,0,0.833740869679407,1.28199651024798,1.28199651024798,0.833740869679407,0,0.833740869679407,0,0,0,0,0,0,0,0.833740869679407,0,0,0,0,0,0
"CTGACACAGCCCGTCT-1","0",2.90810341228901,0,1.00510774142654,0,0,0,0,0,0,0,0,0,0,0,0,0,0,0,0,0,0,1.00510774142654,2.4330175436958,0,1.00510774142654,1.82400154283941,1.00510774142654,0,0,1.82400154283941,0,0,0,1.00510774142654,0,0,0,0,0,0,0,0,0,0
"CTGACACAGGCGAGAC-1","0",1.24513706032741,0,0,0,0,0,0,0,0,0,0,0,0,0,0,0,0,0,0,0,0,1.24513706032741,1.97179049974741,0,0.805003987099709,2.59279303532625,1.97179049974741,1.24513706032741,1.54971258931805,1.24513706032741,0,0,0,0,0,0,0.805003987099709,0,0,0,0,0,0,0.805003987099709
"CTGACACAGTGCAACC-1","9",2.11072965833542,0,1.53193700851449,0,0,0,0,0,0,0,0,0,0,0,0,0,0,0,0,0,0,0,0,0,0,0,0,0,0,1.53193700851449,0,0,1.53193700851449,0,0,0,0,0,0,0,0,0,0,0
"CTGACCCTCCTTAGAG-1","10",1.98586618555096,0,0,0,0,0,0,2.98850952054453,1.98586618555096,0,0,0,0,0,0,0,0,0,1.98586618555096,0,0,0,0,2.60791381183813,0,0,0,0,0,0,0,0,0,0,0,1.98586618555096,0,0,0,0,0,0,0,0
"CTGACCTCATTGCGTC-1","6",0,0,0,0,0,0,0,0,0,0,0,0,0,0,0,0,0,0,0,0,0,0,0,0,0,1.93501827827463,0,0,0,0,0,0,0,0,0,0,0,0,0,0,0,0,0,3.59854502635689
"CTGATAGTCCATCACT-1","5",1.8217099790783,0,0,0,0,0,0,0,0,0,0,0,0,0,0,0,0,0,0,0,0,0,0,0,0,2.86697506219861,0,0.711224911979902,0.711224911979902,0,0,0,0,0,0.711224911979902,0,0,0,0,0,0,0,0,0
"CTGATATAGCTACGAC-1","2",1.29074915413809,0.630475199464419,0,0,0,0,0,0,0,0,0,0,0,0,0,0,0,0,0,0,0,1.29074915413809,1.83593873141519,0,0,2.51935150558329,0.630475199464419,0,1.01414533068665,1.50718636411212,0,0,0,0,0,0,0,0,0,0,0,0,0,0
"CTGATATAGTGCGCCA-1","1",1.33943894383839,0,0,0,0,0,0,0,0,0,0,0,0,0,0,0.878983679461344,0,0,0,0,0,1.33943894383839,0,0,0,1.65352218556612,0,0.878983679461344,0,2.0847093326147,0,0,0,0,0,0,0,0,0,0,0,0,0,2.24608925993037
"CTGATCAAGGTGACAG-1","0",1.0419933946686,0,1.0419933946686,0,0,0,0,0,0,0,0,0,0,0,0,0,0,0,0,0,0,0,1.0419933946686,0,1.0419933946686,2.12099721194834,1.0419933946686,0,0,0,0,0,0,0,0,0,0,0,0,0,0,0,0,0
"CTGATTGAGTGAGGTG-1","4",1.71715155467447,0,0,0,0,0,0,0,0,0,0,0,0,0,0,0,0,0,0,0,0,1.18916021879054,1.18916021879054,0,0,0.56613202291591,0,0,0.56613202291591,1.84531358834367,0,0,0,0,0,0,0,0,0,0,0,0,0,1.18916021879054
"CTGATTTCAACGGTCA-1","6",0,1.33570886433178,0,0,0,0,0,0,0,0,0,0,0,0,0,0,0,0,0,0,0,0,0,0,0,2.24156801749612,0,0,1.33570886433178,1.33570886433178,0,0,0,0,0,0,0,0,0,0,0,0,0,2.88010498435448
"CTGATTTCACAGCAGC-1","0",2.3364595006178,0,0,0,0,0,0,0,0,0,0,0,0,0,0,0,0,0,0,0,0,0.84798416295918,1.61039860420601,0,0,2.03792611384762,0.84798416295918,1.61039860420601,1.3001563784141,1.61039860420601,0,0,0,0,0,0,0,0,0,0,0,0,0,0
"CTGATTTCAGCAGGAG-1","0",2.89450536427421,0,0,0,0,0,0,0,0,0,0,0,0,0,0,0,0,0,0,0,0,1.34697119536508,0.884956877641055,0,0.884956877641055,3.04072087450608,0.884956877641055,1.66177221288011,0.884956877641055,2.39426682179279,0,0,0,0,0,0,0,0,0,0,0,0,0,0
"CTGCAAATCGAGTCTA-1","5",1.93481556207143,0,0,0,0,0,0,0,0,0,0,0,0,0,0,0,0,0,0,0,0,0.781411424756642,0.781411424756642,0,0,2.79723221799419,1.2146476785902,0.781411424756642,0.781411424756642,0,0,0,0,0,0,0,0,0,0,0,0,0,0,0.781411424756642
"CTGCAATGTCCCGATA-1","3",3.2834400130275,0,0,0,0,0,0,0,0,0,0,0,0,0,0,0,0,0,0,0,0,0,0,0,0,0,0,0,0,0,0,0,0,0,0,0,0,0,0,0,0,0,0,0
"CTGCACCTCATGCAGC-1","6",0,0,0,0,0,0,0,0,0,0,0,0,0,0,0,0,0,0,0,0,0,0,0,0,0,1.98100146886658,0,0,0,0,0,0,0,0,0,0,0,0,0,0,0,0,0,4.37102888046434
"CTGCACCTCGCTTCAT-1","3",3.07552065772667,0,0,0,0,0,0,0,0,0,0,0,0,0,0,0,0,0,0,0,0,0,0,0,0,2.06522247083326,0,0,0,0,0,0,0,0,0,0,0,0,0,0,0,0,0,0
"CTGCACCTCGTCTCAT-1","3",0,0,0,0,0,0,0,0,0,0,0,0,0,0,0,0,0,1.53336020197676,0,0,0,0,0,0,0,2.11232513354973,0,0,0,0,0,0,0,0,0,0,0,0,0,0,0,0,0,0
"CTGCATGGTGATGACA-1","0",0.848748103938779,0,0.848748103938779,0,0,0,0,0,0,0,0,0,0,0,0,0,0,0,0,0,0,0.848748103938779,1.84796315812899,0,0,2.19947960388339,0.848748103938779,0,0,1.30112838390367,0,0,0,0,0,0,0,0,0,0,0,0,0,0
"CTGCATTTCATGGTAT-1","7",2.19134403078818,0,0,0,0,0,0,0,0,0,0,0,0,0,0,0,0,0,0,0,0,0.951443983356178,1.99575884287528,0,0.584850714225336,1.75238403802162,0.584850714225336,0.584850714225336,0,1.99575884287528,0,0,0,0,0,0,0,0,0,0,0,0,0,0.584850714225336
"CTGCCATCAAGCTTCC-1","1",2.07875059869013,0,0.530303160887935,0,0,0,0,0,0,0,0,0,0,0,0,0,0,0.530303160887935,0,0,0,0,1.50346324880951,0,0.875008161742856,2.37882959148888,0,0.530303160887935,0,1.64802084901091,0,0,0,0,0,0,0,0,0,0,0,0,0,0
"CTGCCATCACAAGGAA-1","0",1.65443392472602,0,0,0,0,0,0,0,0,0,0,0,0,0,0,0,0,0.879643129569817,0,0,0,0.53357668870525,0.879643129569817,0,0,1.50963938967945,0.879643129569817,1.13624816382698,0,0,0,0,0,0,0,0.53357668870525,0,0,0,0,0,0,0,0.53357668870525
"CTGCCATCACTCAGCT-1","4",0,0,0,0,0,0,0,0,0,0,0,0,0,0,0,0,0,0,0,0,0,0,0,0,1.58802651512561,1.58802651512561,0,0,0,1.58802651512561,0,0,0,0,0,0,0,0,0,0,0,0,0,3.01898018376785
"CTGCCATCAGCACGGT-1","0",0.914912949884855,0,0,0,0,0,0,0,0,0,0,0,0,0,0,0,0,0,0,0,0,0,1.70286882759428,0,0.914912949884855,2.67200989848857,0,0,0.914912949884855,0,0.914912949884855,0.914912949884855,0,0,0.914912949884855,0,0,0,0,0,0,0,0,0.914912949884855
"CTGCCATCAGTACTAA-1","1",1.61490021214288,0,1.61490021214288,0,0,0,0,0,0,0,0,0,0,0,0,0,0,0,0,0,0,0,0,0,0,2.57124936903413,0,0,1.61490021214288,2.839636489383,0,0,0,0,0,0,0,0,0,0,0,0,0,1.61490021214288
"CTGCCATCATGGTCAG-1","2",2.25819785021245,0,0.799168270941781,0,0,0,0,0,0,0,0,0,0,0,0,0,0,0,0,0,0,0,2.37857577533872,0,0.799168270941781,1.23761489992779,0.799168270941781,0,0.799168270941781,1.77406426244286,0,0,0,0,0,0,0,0,0,0,0,0,0,0
"CTGCCTATCACTCGGG-1","1",2.1064380292269,0,0,0,0,0,0,0,0,0,0,0,0,0,0,0,0,0,0,0,0,0,1.31024789892182,0,0.64309742538784,1.99013881782998,0.64309742538784,0,1.03130670304826,1.85851196975552,0,0,0,0,0,0,0,0,0,0,0.64309742538784,0,0,1.52811001422049
"CTGCCTGCACAACCAG-1","0",1.99326135494483,0,0,0,0,0,0,0,0,0,0,0,0,0,0,0,0,0,0,0,0,1.70985596797731,1.03363494236714,0,1.03363494236714,2.21383008812542,1.53094263935995,0,1.31288974875672,0.644814256524243,0,0,0,0.644814256524243,0,0,0.644814256524243,0,0,0,0,0,0,0.644814256524243
"CTGCCTGCACTTGCTA-1","12",3.49340963556567,0,0,0,0,0,0,0,0,0,0,0,0,0,0,0,0,0,0,0,0,0,0,0,0,0,0,0,0,0,0,0,0,0,0,0,0,0,0,0,0,0,0,0
"CTGCCTGCAGGGCTGT-1","0",2.09027912958187,0,0,0,0,0,0,0,0,0,0,0,0,0,0,0,0,0.779873061251704,0,0,0,0.779873061251704,1.93238724659768,0,0,1.51371659213444,1.2126522505497,0.779873061251704,0,0,0,0,0,0,0,0,0,0,0,0,0,0,0,0.779873061251704
"CTGCCTGCATTCCTGA-1","1",2.41385110535969,0,0,0,0,0,0,0,0,0,0,0,0,0,0,0,0,0,0,0,0,1.7399468934154,0.942223662984635,0,0.578207679249016,1.98275457298334,0.578207679249016,0.578207679249016,1.20851858622415,1.59212911986897,0,0,0,0,0.578207679249016,0.578207679249016,0,0,0,0,0,0,0,0.942223662984635
"CTGCGCAAGGTATGAA-1","0",2.26117405310823,0,0.670353070249889,0,0,0,0,0,0,0,0,0,0,0,0,0,0,0.670353070249889,0,0,0,0.670353070249889,1.0681032005687,0,0,2.15633538196143,0.670353070249889,0,0,1.35190534838204,0,0,0,0,0,0,0,0,0,0,0,0,0,0
"CTGCGGATCCATGCAA-1","14",2.64539472268028,0,2.02081916795289,0,0,0,0,0,0,0,0,0,0,0,0,0,0,0,0,0,0,0,0,0,0,0,0,0,0,0,0,0,0,0,0,0,0,0,0,0,0,0,0,0
"CTGCGTAGTCTAGAGA-1","5",0,0,1.26540536191054,0,0,0,0,0,0,0,0,0,0,0,0,0,0,1.26540536191054,0,0,0,0,0,0,1.26540536191054,1.80649347603911,0,0,0,1.26540536191054,0,0,0,1.26540536191054,0,0,0,0,0,0,0,0,0,1.26540536191054
"CTGCTAAAGGAGTACG-1","12",2.69802784549466,0,0,0,0,0,0,0,0,0,0,0,0,0,0,0,0,0,0,0,0,0,0,0,0,0,0,0,0,0,0,0,0,0,0,0,0,0,0,0,0,0,0,0
"CTGCTCTGTTTGACGT-1","0",1.87880781684453,0,0,0,0,0,0,0,0,0,0,0,0,0,0,0,0,0.746279953320418,0,0,0,0.746279953320418,2.0353375850368,0,0.746279953320418,2.0353375850368,0,1.16884662524313,0,1.16884662524313,0,0,0,0,0,0,0,0,0,0,0,0,0,0
"CTGCTTACAGCTCGAA-1","2",1.48366852514507,0,0,0,0,0,0,0,0,0,0,0,0,0,0,0,0,0,0,0,0,1.18562366565774,1.48366852514507,0,0,2.19216127537967,0,0,0,1.71297859137494,0,0,0,0,0,0,0,0,0,0,0,0,0,0.759105148351743
"CTGCTTACATCAATTC-1","7",1.92417179492371,0,0,0,0,0,0,0,0,0,0,0,0,0,0,0,0,0.500739835929243,0,0,0,0.832858256654068,1.71372414789283,0,0.832858256654068,2.01482502452002,0,0,0.832858256654068,1.82447381212448,0,0,0,0,0,0,0,0,0,0,0,0,0,0.832858256654068
"CTGCTTACATGAGCGC-1","0",0.960461950187293,0,0,0,0,0,0,0,0,0,0,0,0,0,0,0,0,0,0,0,0,1.44121011871601,0.960461950187293,0,0.960461950187293,1.44121011871601,0.960461950187293,0.960461950187293,0,0.960461950187293,0,0,0,0,0,0,0,0,0,0,0,0,0,0
"CTGGAAAGTTTACTCT-1","5",2.40661843187599,0,0,0,0,0,0,0,0,0,0,0,0,0,0,0,0,0.651205927503296,0,0,0,1.04229039011636,1.04229039011636,0,0.651205927503296,2.40661843187599,1.54146071850772,0.651205927503296,0,1.72084710114249,0,0,0,0,0,0,0,0,0,0,0,0,0,1.54146071850772
"CTGGACTAGATTACGT-1","1",0,0,0,0,0,0,0,0,0,0,0,0,0,0,0,0,0,0,0,0,0,1.07124707440253,1.57650863128493,0,0,1.91058675785902,1.07124707440253,0,0,2.52685639043176,0,0,0,0,0,0,0,0,0,0,0,0,0,0
"CTGGACTAGTTACGTG-1","1",1.86729851973981,0,0,0,0,0,0,0,0,0,0,0,0,0,0.474907699135716,0,0.474907699135716,0.474907699135716,0,0,0,1.39607856831769,0.795582627283305,0,0,2.03946861571156,1.39607856831769,0.474907699135716,1.03801172791612,2.03946861571156,0,0,0,0.474907699135716,0,0,0,0,0,0,0,0,0,2.25235659627565
"CTGGATGCAAATCGAC-1","2",2.58805771317611,0,0,0,0,0,0,0,0,0,0,0,0,0,0,0,0,0,0,0,0,0.705730448555986,2.10135942852241,0,0,1.11535503725385,0,0,0,2.21948652300371,0,0,0,0,0,0,0,0,0,0,0,0,0,0.705730448555986
"CTGGCAACAGTAAGGA-1","5",2.14974282787331,0,0,0,0,0,0,0,0,0,0,0,0,0,0,0,0,0,0,0,0,1.39452548178497,1.71372414789283,0,0.922881039592554,2.57507038445393,0,0.922881039592554,0,1.71372414789283,0,0,0,0,0,0,0,0,0,0,0,0,0,0
"CTGGCAACATTGCCGT-1","1",2.02330043976878,0,0.467913140206091,0,0,0,0,0,0,0,0,0,0,0,0,0,0,0.467913140206091,0,0,0,0.467913140206091,1.2198367572379,0,0.467913140206091,2.4629896168732,1.3821090037397,1.2198367572379,0.785415202433549,2.3557977852086,0,0,0,0,0,0,0,0,0,0,0,0,0,1.85158822948239
"CTGGCCAAGGTAGGGC-1","4",2.25756802855789,0,0,0,0,0,0,0,0,0,0,0,0,0,0,0,0,0.727537235482121,0,0,0,1.14420780650704,0,0,0,1.84843627770752,1.14420780650704,0,1.14420780650704,1.14420780650704,0,0,0,0,0,0,0,0,0,0,0,0,0,0
"CTGGCTAGTTAGCTTA-1","4",2.086164245525,0,0,0,0,0,0,0,0,0,0,0,0,0,0,0,0,0,0,0,0,1.39205944130053,0.408031470065211,0,0,1.39205944130053,0,1.10373844322426,0.408031470065211,2.086164245525,0,0,0,0,0,0,0,0,0,0,0,0,0,1.2582542733937
"CTGGGGTCACATTACT-1","0",1.527403801427,0,0,0,0,0,0,0,0,0,0,0,0,0,0,0,0,0,0,0,0,0.789396717301571,1.527403801427,0,0,0,0,1.22499090216587,0.789396717301571,1.75928280274642,0,0,0,0.789396717301571,0,0,0,0,0,0,0,0,0,0
"CTGGGGTCAGTTGACG-1","3",2.86736616335397,0,0,0,0,0,0,0,0,0,0,0,0,0,0,0,0,0,0,0,0,0,0,0,0,0,0,0,0,0,0,0,0,0,0,0,0,0,0,0,0,0,0,0
"CTGGGGTCATCCAATT-1","6",0,0,1.31921310141975,0,0,0,0,0,0,0,0,0,0,0,0,0,0,0,0,0,0,0,0,0,0,1.31921310141975,0,0,0,0,0,0,0,0,0,0,0,0,0,0,0,0,0,3.13217631533444
"CTGGGTTAGCAAGCGA-1","6",0,1.84313693515726,0,0,0,0,0,0,0,0,0,0,0,0,0,0,0,2.45381513002962,0,0,0,0,0,0,0,1.84313693515726,0,0,0,0,0,0,0,0,0,0,0,0,0,0,0,0,0,2.83020667073977
"CTGGGTTAGCCCTACC-1","0",2.31656371763325,0,0,0,0,0,0,0,0,0,0,0,0,0,0,0,0,0,0,0,0,1.71746397656373,0,0,0,0,0,0,0,1.71746397656373,0,0,0,0,0,0,0,0,0,0,0,0,0,0
"CTGGGTTAGGTGACTC-1","0",1.99954516216742,0,0,0,0,0,0,0,0,0,0,0,0,0,0,0,0,1.14057454386996,0,0,0,1.65958538245891,0,0,0,1.99954516216742,1.14057454386996,0,0,0,0,0,0,0,1.14057454386996,0,0,0,0,0,0,0,0,0
"CTGGTAATCTCACTAC-1","10",2.7293251873287,2.52236579201397,0,1.90642914094873,1.35183456833378,0,0,2.52236579201397,2.26108851789702,0,0,0,0,0,0,0,0,1.35183456833378,0,0,0,0,0,1.90642914094873,0,0,0,0,0,0,0,0,0,1.35183456833378,0,0,1.90642914094873,0,0,0,0,0,0,0
"CTGGTATGTCAACCAT-1","4",2.12055692430131,0,0.510958992664561,0,0,0,0,0,0,0,0,0,0,0,0,0,0,0,0,0,0,0.510958992664561,0.510958992664561,0,0,1.84610744643553,0.510958992664561,0,0.84748838194053,1.73487561902976,0,0,0,0.510958992664561,0.84748838194053,0,0,0,0,0,0,0,0,1.46659353165901
"CTGGTATGTTTGCACG-1","6",0,0,0,0,0,0,0,0,0,0,0,0,0,0,0,0,0,1.37389858169033,0,0,0,0,0,0,0,1.37389858169033,0,0,0,0,0,0,0,0,0,0,0,1.37389858169033,0,0,1.37389858169033,0,0,3.87559896807349
"CTGGTCAGTTAGCGCC-1","0",2.86185074558512,0,0,0,0,0,0,0,0,0,0,0,0,0,0,0,0,0,0.778468471660398,0,0,0,0.778468471660398,0,0,2.45128131203363,1.21082954466379,0.778468471660398,0,0.778468471660398,0,0,0,0,0,0,0,0,0,0,0,0,0,0
"CTGGTCAGTTCTGTCC-1","1",1.49936986476304,0,0.625786800349773,0,0,0,0,0,0,0,0,0,0,0,0,0,0,0,0,0,0,0.625786800349773,1.28347212610316,0,0,2.35772469453867,0,1.00775094455129,1.00775094455129,2.75907152715935,0,0,0,0,0,0,0,0,0.625786800349773,0,0,0,0,0.625786800349773
"CTGGTTAAGAACCTGC-1","1",1.61797224224153,0,0,0,0,0,0,0,0,0,0,0,0,0,0,0,0,0,0,0,0,0,2.40758775202725,0,0,0,1.10572927855811,0,0,2.20670268562165,0,0,0,0,0,0,0,0,0,0,0,0,0,0
"CTGGTTAAGTCAGTGC-1","1",2.32306317998942,0,0,0,0,0,0,0,0,0,0,0,0,0,0,0,0,0,0,0,0,1.28938155622203,1.59854092820076,0,0,2.44427233768499,1.28938155622203,0.839526435817536,0,2.44427233768499,0,0,0,0,0,0,0,0,0,0,0.839526435817536,0,0,1.83435287821515
"CTGGTTGGTGGCTCAC-1","4",1.61612733083112,0,0,0,0,0,0,0,0,0,0,0,0,0,0,0,0,0.591508531561145,0,0,0,0,0.960661118461242,0,0.591508531561145,1.22968017823951,0,0,0,1.76477720932112,0,0,0,0,0,0,0,0,0,0,0,0,0,0.591508531561145
"CTGGTTGGTTAGTAGG-1","5",1.22873910073906,0,0.792295084372716,0,0,0,0,0,0,0,0,0,0,0,0,0,0,0,0,0,0,0,1.76367490705145,0,0,2.24698934594934,1.95193426365869,0,0,1.95193426365869,0,0,0,0,0,0,0,0,0,0,0,0,0,0
"CTGGTTGGTTCACCAG-1","3",3.13980870009074,0,0,0,0,0,0,0,0,0,0,0,0,0,0,0,0,0,0,0,0,0,0,0,0,0,0,0,0,0,0,0,0,0,0,0,0,0,0,0,0,0,0,0
"CTGTAACGTCAAGCCC-1","10",0,0,0,0,0,0,0,0,0,0,0,0,0,0,0,0,0,0,0,0,0,0,0,3.34453217021673,0,0,0,0,0,0,0,0,0,0,0,0,0,0,0,0,0,0,0,0
"CTGTAAGTCCGTTAAG-1","2",0,0,0,0,0,0,0,0,0,0,0,0,0,0,0,0,0,0,0,0,0,0,3.59796899518183,0,0,2.2906131819356,0,0,0,2.93183297968347,0,0,0,0,0,0,0,0,0,0,0,0,0,0
"CTGTAAGTCCTTAGTC-1","3",2.83509769274711,0,2.19900433308965,0,0,0,0,0,0,0,0,0,0,0,1.61103983508343,0,0,0,0,0,0,0,0,0,0,0,0,0,0,0,0,0,0,0,0,0,0,0,0,0,0,0,0,0
"CTGTAAGTCTCATCAC-1","1",2.21085096477858,0,0,0,0,0,0,0,0,0,0,0,0,0,0,0,0,0,0,0,0,1.44677561718616,2.37473571385796,0,0.964964839640045,2.29614686530291,0.594623068248079,0.964964839640045,0.594623068248079,1.90008066678819,0,0,0,0,0,0,0,0,0,0,0,0,0,1.90008066678819
"CTGTACCCAAGGTTAC-1","0",1.19698113058252,0,0,0,0,0,0,0,0,0,0,0,0,0,0,0,0,0,0,0,0,1.04664762149264,1.44318322591376,0,0.379820277378661,2.23177548657105,1.32764005255131,0,0.379820277378661,0.654429020832018,0,0,0,0.379820277378661,0,0.379820277378661,0,0,0,0,0,0,0,0.379820277378661
"CTGTACCCAATAGCAC-1","0",1.60394065716979,0,0,0,0,0,0,0,0,0,0,0,0,0,0,0,0,1.09403334377736,0,0,0,1.38114157107673,0.689714939023068,0,0,1.78603250454514,0.689714939023068,0.689714939023068,0,0,0,0,0,0,0,0.689714939023068,0,0,0,0,0,0,0,0
"CTGTACTTCAGTTGAT-1","5",2.02594562233073,0,0,0,0,0,0,0,0,0,0,0,0,0,0,0,0,0,0,0,0,0.740609358002297,2.65088404219877,0,0,2.72548204803967,0.740609358002297,0,0,1.86965609014998,0,0,0,0,0,0,0,0,0,0,0,0,0,0
"CTGTACTTCGATACAT-1","7",2.12802617712591,0,0,0,0,0,0,0.599951491961531,0,0,0,0,0,0.599951491961531,0,0,0,0.599951491961531,0,0,0,0,1.45584879568445,0,0,2.52640248216892,0.599951491961531,0,0.599951491961531,2.70634989354031,0,0,0,0,0,0,0,0,0,0,0,0,0,1.24302751679112
"CTGTATAGTTCGTTAA-1","10",0,0,0,1.89890714335483,0,0,0,1.89890714335483,2.51423754730009,0,0,0,0,0,0,0,0,0,1.89890714335483,0,0,1.89890714335483,0,2.51423754730009,0,0,0,1.89890714335483,0,0,0,0,0,0,0,0,2.51423754730009,0,0,0,0,0,0,0
"CTGTCAAAGCATGAGG-1","6",0,0,0,0,0,0,0,0,0,0,0,0,0,0,0,0,0,0,0,0,0,0,0,0,0,1.56399310965288,0,0,0,0,0,0,0,0,0,0,0,0,0,0,0,0,0,3.75083211212022
"CTGTCAAAGTACGGTC-1","8",1.74961715242081,0,0,0,0,0,0,0,0,0,0,0,0,0,0,0,0,0.668075492232477,0,0,0,1.06504171145307,1.74961715242081,0,0,2.15220860816053,0.668075492232477,0,0.668075492232477,1.34844709842059,0,0.668075492232477,0,0,0,0,0,0,0,0,0,0,0,2.7854851964684
"CTGTCAAAGTGGCTTA-1","9",2.54849309702186,0,0,0,0,0,0,0,0,0,0,0,0,0,0,0,0,0,0,0,0,0,0,0,0,0,0,0,0,0,0,0,0,0,0,0,0,0,0,0,0,0,0,0
"CTGTCACCAGGGACCT-1","7",1.93062156267096,0,0,0,0,0,0,0,0,0,0,0,0,0,0,0,0,0,0,0,0,0.46334361519857,1.37292967968038,0,0,2.50128907920595,0,0.46334361519857,0.778755341719307,2.22476531111146,0,0,0,0,0,0,0,0,0,0,0,0,0,0.46334361519857
"CTGTCATTCCTTGAGA-1","3",3.49142348381473,0,0,0,0,0,0,0,0,0,0,0,0,0,0,0,0,0,0,0,0,0,0,0,0,1.71335126959398,0,1.71335126959398,0,0,0,0,0,0,0,0,0,0,0,0,0,0,0,1.71335126959398
"CTGTCCATCCATCGAA-1","1",2.23860350202082,0,0,0,0,0,0,0,0,0,0,0,0,0,0,0,0,1.22211208890726,0,0,0,1.22211208890726,2.1020646981667,0,0.787172293102566,1.52421199583782,0.787172293102566,1.22211208890726,0,2.46594229190061,0,0,0,0.787172293102566,0.787172293102566,0,0,0,0,0,0,0,0,2.1020646981667
"CTGTCGCTCCAGCATA-1","0",2.03755855324319,0,0,0,0,0,0,0,0,0,0,0,0,0,0,0,0,0.747623993297721,0,0,0,0,1.17060792460708,0,0,2.03755855324319,0,0,0,1.46693564590803,0,0,0,0,0,0,0,0,0,0,0,0,0,0
"CTGTCGCTCTAGTTGG-1","2",2.05342661236821,0.788021250457663,0,0,0,0,0,0,0,0,0,0,0,0,0,0,0,0.336243821818941,0,0,0,1.22321101789188,1.52543052124684,0,0.587431330439821,2.00078842230441,0.336243821818941,0.587431330439821,0.788021250457663,1.09807923961498,0,0,0.587431330439821,0,0,0,0.336243821818941,0,0,0,0,0,0,0.336243821818941
"CTGTGCCTCACCAAGC-1","0",2.39324916150116,0,0.483544787108753,0,0,0,0,0,0,0,0,0,0,0,0,0,0,0,0,0,0,0.808093491904654,1.24911427130254,0,0.483544787108753,1.97659620379845,0.483544787108753,0,0.808093491904654,0.808093491904654,0,0,0,0,0,0,0,0,0,0,0,0,0,0
"CTGTGGACACCATGTC-1","0",1.79698687266321,0,0,0,0,0,0,0,0,0,0,0,0,0,0,0,0,0,0,0,0,0.814418186268047,1.25724527093487,0,0.814418186268047,2.14560021193091,1.25724527093487,0.814418186268047,0,0,0,0,0,0,0,0,0,0,0,0,0,0,0,0
"CTGTGGACATCGGTCT-1","2",1.97723927763111,0,0,0,0,0,0,0,0,0,0,0,0,0,0,0,0,0,0,0,0,0.711541574752152,1.97723927763111,0,0,2.33545520646924,0,0,1.12306371855129,1.82223146789141,0,0,0,0,0.711541574752152,0,0,0,0,0,0,0,0,0
"CTGTGTCCAAACTGAC-1","4",1.62543592198736,0,0,0,0,0,0,0,0,0,0,0,0,0,0,0,0,0,0,0,0,0.59670602601667,0.59670602601667,0,0.967840257203891,2.1216793293785,0.59670602601667,0.967840257203891,0.967840257203891,0,0,0,0,0,0,0.59670602601667,0,0,0,0,0,0,0,1.4503265004973
"CTGTTAGAGTTGGTCA-1","0",2.20598343123193,0,0.514776604554721,0,0,0,0,0,0,0,0,0,0,0,0,0,0,0.514776604554721,0,0,0,1.1051886108525,0.514776604554721,0,0,2.1289351802243,1.30645501479984,0,0,2.52135904957872,0,0,0,0,0,0,0.514776604554721,0,0,0,0,0,0,0
"CTGTTCCGTTCTGGAT-1","14",1.52726265185297,0,0,0,0,0,0,1.03061045289451,0,0,0,0,0,0,0,0,0,0,0,0,0,0,0,0,0,0,1.03061045289451,0,1.52726265185297,0,0,0,0,0,0,0,0,0,0,0,0,0,0,0
"CTGTTGGGTATGGGTA-1","0",1.683439409326,0,0,0,0,0,0,0,0,0,0,0,0,0,0,0,0,0,0,0,0,0.629572683860558,1.01291526016999,0,0,2.58590650982076,0.629572683860558,0,0,0.629572683860558,0,0,0,0,0,0,0.629572683860558,0,0,0,0,0,0,0
"CTTAACCTCAATTGCG-1","0",1.66345740438186,0,0.997321388883502,0,0,0,0,0,0,0,0,0,0,0,0,0,0,0,0,0,0,1.27158907641187,0.997321388883502,0,0,2.05975418706195,0.997321388883502,0.997321388883502,0.618156990954837,1.27158907641187,0,0,0,0,0,0,0,0,0,0,0,0,0,0.618156990954837
"CTTAACCTCACACACA-1","1",1.50502439725568,0,0,0,0,0,0,0.45998102034546,0,0,0,0,0,0,0,0,0,0,0,0,0,0.45998102034546,1.50502439725568,0,0.45998102034546,1.62694524888205,0,0.773845599456613,0.45998102034546,2.00478306894991,0,0,0,0.45998102034546,0,0,0,0,0,0,0,0,0,2.00478306894991
"CTTAATCCAAGGTCAT-1","0",2.15375012302882,0,1.26385485536419,0,0,0,0,0,0,0,0,0,0,0,0,0,0,0,0,0,0,1.80468810136397,0,0,0,1.26385485536419,0.819567849711764,0.819567849711764,1.57039694699472,0,0,0,0,0,0,0,0,0,0,0,0,0,0,0
"CTTACAAGTGCATCCA-1","0",1.51040875805983,0,0.777577404412528,0,0,0,0,0,0,0,0,0,0,0,0,0,0,1.20967283031442,0,0,0,0,0,0,0.777577404412528,1.74130360427001,1.20967283031442,1.20967283031442,0,1.20967283031442,0,0,0,0,0,0,0,0,0,0,0,0,0,0
"CTTACATCACATTGCC-1","0",1.09641711716198,0,0,0,0,0,0,0,0,0,0,0,0,0,0,0,0,0,0,0,0,1.09641711716198,1.38382445404502,0,0,2.07655938967567,0.69150125385604,1.09641711716198,0,1.09641711716198,0,0,0,0,0,0,0,0,0,0,0,0,0,0
"CTTACATCAGCCATCT-1","0",1.93324637281268,0,0,0,0,0,0,0,0,0,0,0,0,0,0,0,0,0,0,0,0,1.37522235501567,1.69266343470216,0,0,2.66038562255549,0,0.907442955857149,0,0,0,0,0,0,0,0,0,0,0,0,0,0,0,0
"CTTACATCATTCGGAG-1","0",1.93643883268225,0,0,0,0,0,0,0,0,0,0,0,0,0,0,0,0,0,0,0,0,0.782440547129916,0.465870961959735,0,0,1.63973617651476,1.51741215025268,0.782440547129916,0.465870961959735,0.782440547129916,0,0,0,0,0,0,0,0,0,0,0,0,0,2.0944307058046
"CTTACGAAGTCAGCAC-1","1",0.7937526794701,0,0,0,0,0,0,0,0,0,0,0,0,0,0,0,0,0,0,0,0,1.76588123140739,0.7937526794701,0,0,2.11264461853244,0,0,1.53364521795897,2.4769690140238,0,0,0,0,1.23062287603391,0,0,0,0,0,0,0,0,1.53364521795897
"CTTACGCCACCTGCCA-1","1",1.59728292066506,0,0,0,0,0,0,0,0,0,0,0,0,0,0,0,0,0,0,0,0,1.08849341658268,1.08849341658268,0,0,1.83302785129888,0,1.08849341658268,1.28823911700603,2.49833112922756,0,0,0,0.504766595745896,1.08849341658268,0,0,0,0,0,0,0,0,0
"CTTACGGGTTAGCGTT-1","0",1.73262737053688,0,1.20229542065056,0,0,0,0,0,0,0,0,0,0,0,0,0,0,0,0,0,0,0,0,0,0,2.07734437208911,1.20229542065056,0,1.20229542065056,1.73262737053688,0,0,0,0,0,0,0,0,0,0,0,0,0,0
"CTTACGGGTTGCACTG-1","1",2.52875028191105,0,0.601103458322487,0,0,0,0,0,0,0,0,0,0,0,0,0,0,0,0,0,0,0.973903230101037,1.24484358618417,0,0.601103458322487,1.78251407088558,0,0,0,2.59241172429739,0,0,0,0,0.973903230101037,0,0,0,0,0,0,0,0,0
"CTTACTATCTATCGAG-1","2",1.67298860542755,0,0.733337077490998,0,0,0,0,0,0,0,0,0,0,0,0,0,0,0.733337077490998,0,0,0,0,2.3738029993365,0,0,2.01384930248032,0,0,0,1.85787243735395,0,0,0,0,0,0,0.733337077490998,0,0,0,0,0,0,0
"CTTACTTGTGAGTTAG-1","1",0.872203399871944,0,0,0,0,0,0,0,0,0,0,0,0,0,0,0,0,0,0,0,0,0.872203399871944,2.07453952832238,0,0,1.33087465481537,0.872203399871944,0,1.64413454448772,2.4962922346878,0,0,0,0,0,0,0,0,0,0,0,0,0,2.374462102435
"CTTAGCAAGCAAGGAT-1","0",1.5157927163557,0,0,0,0,0,0,0,0,0,0,0,0,0,0,0,0,0,0,0,0,0,1.5157927163557,0,0,1.84522810650567,1.5157927163557,1.02119635637817,0,1.5157927163557,0,0,0,0,0,0,0,0,0,0,0,0,0,0
"CTTAGCGGTTATGAGG-1","1",2.05210381241253,0.677617249846895,0,0,0,0,0,0,0,0,0,0,0,0,0,0,0,0,0,0,0,0.677617249846895,1.07785165271537,0,0,1.76574062382888,1.76574062382888,0,1.07785165271537,2.16944683328396,0,0,0,0,0,0,0,0,0,0,0,0,0,1.36290807653577
"CTTAGCTTCAGTTGGC-1","1",1.81748091298605,0,0,0,0,0,0,0,0,0,0,0,0,0,0,0,0,0.661406042818789,0,0,0,0.878078650648452,1.55815695368953,0,0.384416685677944,1.95922753715815,1.05606286457401,0,1.05606286457401,0.878078650648452,0,0.384416685677944,0,0,0.384416685677944,0,0,0,0,0,0,0,0,1.73828366214262
"CTTAGCTTCCTCGTTG-1","0",1.44343030804798,0,0,0,0,0,0,0,0,0,0,0,0,0,0,0,0,0,0,0,0,0,0,0,0,1.44343030804798,0,0,0.962257669675723,0.962257669675723,0,0.962257669675723,0,0,0,0,0,0,0,0,0,0,0,0
"CTTAGCTTCGATGCGT-1","1",1.55088261205285,0,1.24619485868139,0,0,0,0,0,0,0,0,0,0,0,0,0,0,0.805825419049015,0,0,0,0.805825419049015,2.9744142553829,0,1.24619485868139,1.55088261205285,0.805825419049015,0,0,2.13194632634068,0,0,0,0,0,0,0,0,0,0,0,0,0,1.24619485868139
"CTTAGTAGTAAGTAGT-1","2",2.37032684532128,0,0.961957881533756,0,0,0,0,0,0,0,0,0,0,0,0,0,0,0,0,0,0,0,2.51103758707687,0,0,2.6343691427619,0.961957881533756,0,1.443059721887,1.443059721887,0,0,0,0,0,0,0,0,0,0,0,0,0,0
"CTTAGTGAGCGGTTCG-1","8",1.39015046747346,0,0,0,0,0,0,0,0,0,0,0,0,0,0.561821097706909,0,0,0.561821097706909,0,0,0,1.39015046747346,1.95031591590682,0,0,1.95031591590682,0.561821097706909,0,1.39015046747346,1.182215006469,0,0,0,0,0.561821097706909,0,0,0,0,0,0,0,0,2.56969322681905
"CTTATAGGTGCGGCTT-1","1",2.07954654876791,0,0,0,0,0,0,0,0,0,0,0,0,0,0,0,0,0,0,0,0,0.530677667535986,1.33508949448692,0,0.530677667535986,2.44245660773273,1.13148340826502,1.13148340826502,0.530677667535986,1.88717147424948,0,0,0,0,0.530677667535986,0,0,0,0,0,0,0,0,1.33508949448692
"CTTATAGGTTAGTTGC-1","8",0.833078724654141,0,0.833078724654141,0,0,0,0,0,0,0,0,0,0,0,0,0,0,0,0,0,0,0,1.28115055366532,0,0,2.17501767500296,0,0,0,1.82480094879258,0,0,0,0,0,0,0,0,0,0,0,0,0,2.01516306475125
"CTTATCGCACAACTAA-1","11",0,0,0,0,0,0,0,0,0,0,0,0,0,0,0,0,0,0,0,0,0,0,0,0,0,0,0,0,0,0,0,0,0,0,0,0,0,0,0,0,0,0,0,0
"CTTATCGCATGAAGCT-1","0",1.72557331099854,0,0,0,0,0,0,0,0,0,0,0,0,0,0,0,0,0,0,0,0,0,0,0,0.767296363825837,1.72557331099854,0.767296363825837,0,0.767296363825837,1.49555333759259,0,0.767296363825837,0,0,0,0,0,0,0,0,0,0,0,0
"CTTATCTGTCATGCCA-1","3",2.91418331815819,0,0,0,0,0,0,0,0,0,0,0,0,0,0,0,0,0,0,0,0,0,0,0,0,0,0,0,0,0,0,0,0,0,0,0,0,0,0,0,0,0,0,0
"CTTATCTGTTGCTCGA-1","7",1.93699764672177,0,0.782794965953038,0,0,0,0,0,0,0,0,0,0,0,0,0,0,0.466114179759651,0,0,0,1.02294249830183,1.02294249830183,0,0,2.16553397926501,1.02294249830183,0,0.466114179759651,1.74925406885407,0,0,0,0,0,0.466114179759651,0,0,0,0,0,0,0,1.02294249830183
"CTTATGAGTCAGGCAG-1","4",2.12347720882012,0,0,0,0,0,0,0,0,0,0,0,0,0,0,0,0,1.23935510409886,0,0,0,0.800517451557117,1.23935510409886,0,0.800517451557117,2.58527434914168,0.800517451557117,0,0,1.23935510409886,0,0,0,0,0,0,0,0,0,0,0,0,0,1.77609937832505
"CTTATGAGTTGTAAGG-1","3",3.29487440202243,0,0,0,0,0,0,0,0,0,0,0,0,0,0,0,0,2.26778748391074,0,0,0,0,0,0,0,2.26778748391074,0,0,0,0,0,0,0,0,0,0,0,0,0,0,0,0,0,0
"CTTATGGAGCATTCGA-1","5",2.28901830154527,0,0,0,0,0,0,0,0,0,0,0,0,0,0,0,0,0.685632808638223,0,0,0,1.49236384525832,1.49236384525832,0,0,2.38419049972998,0.685632808638223,0,0,1.59738766355958,0,0,0,0,0.400461806031636,0,0,0,0,0,0,0,0,1.69242227936242
"CTTATGGAGTAATGTC-1","4",1.93227180914134,0,0,0,0,0,0,0,0,0,0,0,0,0,0,0,0,0,0,0,0,0.611718607782907,0.611718607782907,0,0.611718607782907,1.93227180914134,0,0.611718607782907,1.26152200845283,1.80197091914771,0,0,0,0,0,0,0,0,0,0,0,0,0,0.611718607782907
"CTTATGGAGTGCTGTA-1","1",2.11693831769967,0,0,0,0,0,0,0,0,0,0,0,0,0,0,0,0,0,0,0,0,0,1.36666997626605,0,0.900622154269734,2.83746735575467,0.900622154269734,0.900622154269734,0.900622154269734,1.92345057614994,0,0,0,0,0,0,0,0,0,0,0,0,0,2.41840503673625
"CTTCAATCATTAGTGA-1","4",2.0069424077559,0,0,0,0,0,0,0,0,0,0,0,0,0,0,0,0,0,0,0,0,0,1.14640009004151,0,0.539771449654649,2.09877189207684,0,0,0.539771449654649,0.88839706606686,0,0,0,0,0,0,0,0,0,0,0,0,0,1.79330876699115
"CTTCACTAGGCGATAG-1","0",2.12293741314946,0,0,0,0,0,0,0,0,0,0,0,0,0,0,0,0,0,0,0,0,0,1.04342065631738,0,0,2.32185393298457,0,0,0,1.04342065631738,0,0,0,0,0,0,0,0,0,0,0,0,0,0
"CTTCACTAGGTAGGGC-1","0",1.14537586813011,0,1.66529740038639,0,0,0,0,0,0,0,0,0,0,0,0,0,0,0,0,0,0,1.14537586813011,1.14537586813011,0,0,0,1.66529740038639,0,0,2.00564269809515,0,0,0,0,0,0,0,0,0,0,0,0,0,0
"CTTCACTAGGTGCGAA-1","0",1.24751995677815,0,0,0,0,0,0,0,0,0,0,0,0,0,0,0,0,0.806854696127832,0,0,0,0.806854696127832,0.806854696127832,0,0,2.27067547166957,0,1.55234810787672,0.806854696127832,1.55234810787672,0,0,0,0.806854696127832,0,0,0,0,0,0,0,0,0,0
"CTTCAGCCAATCTCAT-1","0",2.07785358071009,0,0,0,0,0,0,0,0,0,0,0,0,0,0,0,0,0.772212979935868,0,0,0,1.01044628111139,1.20270263734381,0,0.458864021551839,1.50266600049,1.01044628111139,0.458864021551839,0,0.772212979935868,0,0,0,0,0,0,0,0,0,0,0,0,0,0.458864021551839
"CTTCAGCCACTCAACC-1","1",1.64096882832546,0,0,0,0,0,0,0,0,0,0,0,0,0,0,0,0,0,0,0,0,0,2.74474094885288,0,0,1.12495661068819,0,0.712970200620773,0,2.33798837662004,0,0,0,0.712970200620773,0,0,0,0,0,0,0,0,0,1.64096882832546
"CTTCATCAGTCAGTTG-1","0",2.55412571518998,0,0,0,0,0,0,0,0,0,0,0,0,0,0,0,0,0,0,0,0,0,0.687298920842402,0,0,2.47415857709012,0.687298920842402,1.09080698379488,0,0,0,0,0,0,0,0,0,0,0,0,0,0,0,0
"CTTCATTGTTTCGATA-1","1",2.03133675466848,0,0,0,0,0,0,0,0,0,0,0,0,0,0.508278662822128,0,0,0,0,0,0,1.60433748696844,1.72935022288311,0,0,1.29464731017615,0.843657355797664,0,0.843657355797664,1.29464731017615,0,0,0,0,0,0,0,0,0,0,0,0,0,0.843657355797664
"CTTCGATTCACTAACG-1","2",2.43952135935312,0,0,0,0,0,0,0,0,0,0,0,0,0,0,0,0,0,0,0,0,0,2.27448997828542,0,0,1.00963234460364,0,0,1.00963234460364,0,0,0,0,0,0,0,0,0,0,0,0,0,0,0
"CTTCGATTCTAGTCGA-1","0",2.03110657190696,0,0,0,0,0,0,0,0,0,0,0,0,0,0,0,0,0,0,0,0,0.843506386650942,0.843506386650942,0,0.843506386650942,2.19132050114527,0.843506386650942,0.843506386650942,0.843506386650942,1.29445497233799,0,0,0,0,0,0,0,0,0,0,0,0,0,0.843506386650942
"CTTCGCATCACTCACT-1","7",0,0,0,0,0,0,0,0,0,0,0,0,0,0,0,0,0,0,0,0,0,1.28199651024798,1.92550511221444,0,0,1.82578324867498,0,0.501355063236218,1.82578324867498,1.82578324867498,0,0,0,0,0,0,0,0,0,0,0,0,0,1.08277782258175
"CTTCGCGCAGCAGGGA-1","0",0,0,0,0,0,0,0,0,0,0,0,0,0,0,0,0,0,1.91034154607757,0,0,0,0,1.35524163777831,0,0,0,0,0,0,1.35524163777831,0,0,0,0,0,0,0,0,0,0,0,0,0,0
"CTTCGCGCAGTTGCGA-1","0",1.54631201209023,0,0,0,0,0,0,0,0,0,0,0,0,0,0,0,0,0,0,0,0,1.87811903099192,0.654162863548598,0,1.04628799616369,2.23128072308989,2.0101880683992,1.04628799616369,0.654162863548598,1.3272327487892,0,0,0,0,0,0.654162863548598,0,0,0,0,0,0,0,0
"CTTCGCGCATAACCAA-1","0",2.0451386098313,0,0.44523214366275,0,0,0,0,0,0,0,0,0,0,0,0,0,0,0.986770625817156,0,0,0,0,0.986770625817156,0,0,2.24206913044504,1.59452069605398,0.44523214366275,0.44523214366275,1.59452069605398,0,0,0,0,0,0,0,0,0,0,0,0,0,0
"CTTCGGCTCGTGATAT-1","0",1.46441694531562,0,0,0,0,0,0,0,0,0,0,0,0,0,0,0,0,0,0,0,0,0,0.979269433634479,0,0,2.03471108086418,0,0,0,0.979269433634479,0,0,0,0,0,1.46441694531562,0,0,0,0,0,0,0,0
"CTTCGGTCAAGTGGTT-1","7",0.915721110656852,0,0,0,0,0,0,0,0,0,0,0,0,0,0,0,0,0,0,0,0,0.915721110656852,1.70397125555993,0,0,0.915721110656852,0,0.915721110656852,0,3.0901360852086,0,0,0,0,0,0,0,0,0,0,0,0,0,0
"CTTCGGTCAATCCGTC-1","0",1.87608774620599,0,0,0,0,0,0,0,0,0,0,0,0,0,0,0,0,0,0,0,0,0,0,0,0,2.48954852222193,1.87608774620599,0,1.04473272594853,1.87608774620599,0,0,1.04473272594853,0,0,0,0,0,0,0,0,0,0,0
"CTTCGTTAGCTGGACT-1","0",0,0,0,0,0,0,0,0,0,0,0,0,0,0,0,0,0,0,0,0,0,0,0,0,0,2.05210381241253,0,1.31202981685134,0,1.31202981685134,0,0,0,0,0,0,0.857326874051768,0,0,0,0,0,0,0.857326874051768
"CTTCGTTAGCTTAGGC-1","2",1.7835773888442,0,0.805482941202306,0,0,0,0,0,0,0,0,0,0,0,0,0,0,0.805482941202306,0,0,0,0.805482941202306,0,0,0.805482941202306,1.97253605023989,0,0.805482941202306,0.805482941202306,2.13140069305802,0,0,0,0,0,0,0,0,0,0,0,0,0,1.55039484657658
"CTTCTAATCCGTGCGA-1","2",1.72855147425603,0.933801740758446,0,0,0,0,0,0,0,0,0,0,0,0,0,0,0,0.933801740758446,0,0,0,0,1.97083301450523,0,0,0.933801740758446,0.933801740758446,1.40813562644129,0,2.32873794444989,0,0,0,0,0,0,0,0,0,0,0,0,0,0
"CTTCTATGTGAGTCCC-1","0",1.978741911596,0,0,0,0,0,0,0,0,0,0,0,0,0,0,0,0,0,0,0,0,0,0.809474642151347,0,0,1.55607553627595,0.809474642151347,0,0.809474642151347,0.809474642151347,0,0,0.809474642151347,0,0,0,0,0.809474642151347,0,0,0,0,0,0
"CTTCTATGTGGGTCGA-1","10",0,0,0,0,0,0,2.03920426922444,2.6650719917609,0,0,0,0,0,0,0,0,0,0,0,0,0,0,0,0,0,0,0,0,0,0,0,0,0,0,0,0,2.03920426922444,0,0,0,0,0,0,0
"CTTCTCCTCGCTTGAA-1","4",0.518295616280252,0,0,0,0,0,0,0,0,0,0,0,0,0,0,0,0,0,0,0,0,0,1.11103145476835,0,0,1.861488584457,0.518295616280252,0.857952275012787,0.857952275012787,0.857952275012787,0,0.857952275012787,0,0,0,0,0,0,0,0,0,0,0,1.48065326002079
"CTTGAATAGCTAAGTT-1","8",1.33694957939418,0,0,0,0,0,0,0,0,0,0,0,0,0,0,0,0,0,0,0,0,0,1.65079429530573,0,0,2.38194515074973,0,0.877011622855285,0,1.88931305995646,0,0,0,0,0,0,0,0,0,0,0,0,0,1.33694957939418
"CTTGAATAGGTACTGC-1","8",2.26681786913541,0,0,0,0,0,0,0,0,0,0,0,0,0,0,0,0,0,0,0,0,0.73288750920946,1.85714222849091,0,0,2.14798386123306,1.44532789270408,0.73288750920946,1.15125602215353,1.15125602215353,0,0,0,0,0,0,0.73288750920946,0,0,0,0,0,0,2.78099920074838
"CTTGAATAGGTAGAGT-1","5",1.85372908115982,0,0,0,0,0,0,0,0,0,0,0,0,0,0,0,0,0.852667000802262,0,0,0,0,0,0,1.30611144621984,2.84204133549452,0,0.852667000802262,0.852667000802262,1.85372908115982,0,0,0,0,0,0,0,0,0,0,0,0,0,0
"CTTGAATAGGTCGTAC-1","7",2.16448329841048,0,0,0,0,0,0,0,0,0,0,0,0,0,0,0,0,0,0,0,0,0,1.87291147692855,0,0,2.38995345732635,1.16405220978896,0,1.16405220978896,2.57382308400687,0,0,0,0,0,0,0,0,0,0,0,0,0,0
"CTTGACCCAAGTGATC-1","13",2.15229261345577,0,0,0,0,0,0,0,0,0,0,0,0,0,0,0,0,0,0,0,0,0,0,0,2.15229261345577,0,0,0,0,0,0,0,0,0,0,0,0,0,0,0,0,0,0,0
"CTTGACCCAGTTGAGT-1","0",1.96066848842047,0,0,0,0,0,0,0,0,0,0,0,0,0,0,0,0,0,0,0,0,0,0.926644394220669,0,0.926644394220669,1.71884030211347,0,0.926644394220669,0,0,0,0,0,0.926644394220669,0,0,0,0,0,0,0,0,0,0
"CTTGACTTCATACTGG-1","0",1.71596562985852,0,0,0,0,0,0,0,0,0,0,0,0,0,0,0,0,0,0,0,0,0.76104456170546,0,0,0,1.90248875887165,0.76104456170546,0,0.76104456170546,1.48648643386851,0,0,0,0,0,0,0,0,0,0,0,0,0,0.76104456170546
"CTTGAGGCAGCTACGA-1","2",1.58032559746718,0,0,0,0,0,0,0,0,0,0,0,0,0,0,0,0,0,0,0,0,0,0.826590190309798,0,0,2.53128203483327,0,0.826590190309798,0,0.826590190309798,0,0,0,0,0,0,0,0,0,0,0,0,0,0
"CTTGAGGCATAGATCA-1","11",1.07377679038043,0,0,0,0,0,0,0,0,0,0,0,0,0,0,0,0,0,0,0,0,1.07377679038043,1.07377679038043,0,0,2.45059648263207,0,0,1.07377679038043,0.674578621001465,0,0,0,0,0,0,0,0,0,0,0,0,0,0.674578621001465
"CTTGATAGTTCGCCTT-1","3",1.49950498597359,0,0,0,0,0,0,0,0,0,0,0,0,0,0,0,0,0,0,0,0,0,0,0,2.4369772841275,0,0,0,0,0,0,0,0,0,0,0,0,0,0,0,0,0,0,0
"CTTGATGAGGTGCAAG-1","6",0,0,0,0,0,0,0,0,0,0,0,0,0,0,0,0,0,0,0,0,0,0,0,0,0,3.01935064454586,0,0,0,0,0,0,0,0,0,0,0,0,0,0,0,0,0,3.58519480475744
"CTTGCACCATAGACCG-1","4",1.93284195505788,0,0.464307296449035,0,0,0,0,0,0,0,0,0,0,0,0,0,0,0.780161019678948,0,0,0,1.3748690613352,1.01983431693427,0,0,1.51413127809415,0,0.780161019678948,0.780161019678948,1.93284195505788,0,0,0,0,0,0,0,0,0,0,0,0,0,0.780161019678948
"CTTGCCTGTGCGGCTT-1","15",1.68011567815098,0,0,0,0,0,0,0,0,0,0,0,0,0,0,0,0,0,0,0,0,0,1.68011567815098,0,0,0.898286515574899,0,0,0,0,0,0,0,0,0,0,0,0,0,0,0,0,0,0
"CTTGCGGAGCGCCTCT-1","0",1.64728693860102,0,0,0,0,0,0,0,0,0,0,0,0,0,0,0,0,0,0,0,0,0,0,0,1.64728693860102,2.23919196735262,0,0,1.13025179164304,1.64728693860102,0,0,0,0,0,0,0,0,0,0,0,0,0,0
"CTTGCGGAGCTACTTC-1","0",2.31409562022533,0,0,0,0,0,0,0.83388816417548,0,0,0,0,0,0,0,0,0,0.83388816417548,0,0,0,0.83388816417548,1.59061357972945,0,0,2.88643555830944,0.83388816417548,0.83388816417548,0.83388816417548,0,0,0,0,0,0,0,0,0,0,0,0,0,0,1.59061357972945
"CTTGCGGAGTGATAGA-1","9",0,0,0,0,0,0,0,0,0,0,0,0,0,2.83774250824316,0,0,0,0,0,0,0,0,0,0,0,0,0,0,0,0,0,0,0,0,0,0,0,2.83774250824316,0,0,0,0,0,0
"CTTGCGGAGTGGGTCT-1","6",1.63023814234886,0,0,0,0,0,0,0,0,0,0,0,0,0,0,0,0,0,0,0,0,0,0,0,0,0,0,0,0,0,0,0,0,0,0,0,0,0,0,0,0,0,0,1.63023814234886
"CTTGCGGAGTTGGCTA-1","5",1.75858656933048,0,0,0,0,0,0,0,0,0,0,0,0,0,0,0,0,1.22439696201942,0,0,0,0,0,0,0,2.56576205028992,0,0,1.22439696201942,1.75858656933048,0,0,0,0,0,0,0,0,0,0,0,0,0,0
"CTTGCTTAGGTTCGCG-1","8",1.79084339031459,0,0.69259763392208,0,0,0,0,0,0,0,0,0,0,0,0,0,0,0,0,0,0,0,1.94496788412351,0,0,2.30159569150119,1.09787949268568,0.69259763392208,0.69259763392208,2.07847963678428,0,0,0,0,0,0,0,0,0,0,0,0,0,2.07847963678428
"CTTGCTTAGTGAAGTA-1","6",0,0,0,0,0,0,0,0,0,0,0,0,0,0,0,0,0,0,0,0,0,0,0,0,0,2.12067431022148,0,0,0,0,0,0,0,0,0,0,0,0,0,0,1.54081181153626,0,0,4.25843415779796
"CTTGGCGAGCCAATCA-1","12",3.48673224969548,0,0,0,0,0,0,0,0,0,0,0,0,0,0,0,0,0,0,0,0,1.83734307652052,0,0,0,0,0,0,0,0,1.83734307652052,0,0,0,0,0,0,0,0,0,0,0,0,0
"CTTGGCGAGTAGGTCC-1","4",2.2182732461028,0,0.460649560239733,0,0,0,0,0,0,0,0,0,0,0,0,0,0,0,0,0,0,1.01352989079481,1.83512693114287,0,0,0.460649560239733,0,1.01352989079481,1.01352989079481,1.92439940109677,0,0,0,0,0,0,0,0,0,0,0,0,0,0.774822343416811
"CTTGGGACAAGGTAGA-1","2",2.05744367384084,0,0,0,0,0,0,0,0,0,0,0,0,0,0,0,0,0,0,0,0,0,1.81147286458807,0,0.995650612617781,1.48454776975479,0,0.995650612617781,1.48454776975479,1.48454776975479,0,0,0,0.995650612617781,0,0,0,0,0,0,0,0,0,0
"CTTGGGCGTCCATCTC-1","5",0.853130570706705,0,1.30670054693147,0,0,0,0,0,0,0,0,0,0,0,0,0,0,0,0,0,0,1.30670054693147,0,0,0,2.57435459138232,0.853130570706705,0,0.853130570706705,0.853130570706705,0,0,0,0.853130570706705,0,0,0,0,0,0,0,0,0,0
"CTTGGGCGTTTAGGTC-1","5",2.22030946179844,0,0.776054832488817,0,0,0,0,0,0,0,0,0,0,0,0,0,0,0,0,0,0,0.776054832488817,1.73897941843377,0,0.776054832488817,2.85763970874937,0,0.776054832488817,0.776054832488817,1.20769563375821,0,0,0,0,0,0,0,0,0,0,0,0,0,0.776054832488817
"CTTGGGGTCCAGAGCT-1","4",1.55634611401526,0,0,0,0,0,0,0,0,0,0,0,0,0,0,0,0,1.05456718597299,0,0,0,0.660296557085901,1.8889160003239,0,0,1.8889160003239,0,0.660296557085901,0,1.55634611401526,0,0,0,0,0,0,0,0,0,0,0,0,0,1.55634611401526
"CTTGGGGTCGTTACAG-1","2",1.00697845608354,0,1.00697845608354,0,0,0,0,0,0,0,0,0,0,0,0,0,0,0,0,0,0,1.00697845608354,0,0,0,1.49842482065082,0,1.00697845608354,1.00697845608354,2.07308014163831,0,0,0,0,0,0,0,0,0,0,0,0,0,0
"CTTGGTAAGGCGCTAT-1","1",1.77349547371363,0.68222886032312,0,0,0,0,0,0,0,0,0,0,0,0,0,0,0,0,0,0,0,0,1.92711939190258,0,0,2.54469842596855,1.36987184926632,1.08402787564548,0,1.92711939190258,0,0,0,0,0,0,0,0,0,0,0,0,0,1.36987184926632
"CTTGTGTTCAATTGGT-1","0",1.60486696185145,0,0,0,0,0,0,0,0,0,0,0,0,0,0,0,0,0,0,0,0,0,0.844035029075554,0,0,0,0.844035029075554,0,0,0,0,0,0,0,0.844035029075554,0,0,0,0,0,0,0,0,0.844035029075554
"CTTGTGTTCATGAGTT-1","12",3.35781769306913,0,0,0,0,0,0,0,0,0,0,0,0,0,0,0,0,0,0,0,0,0,0,0,0,0,0,0,0,0,0,0,0,0,0,0,0,0,0,0,0,0,0,0
"GCAAACCTCCTGCCGT-1","5",2.41748715053665,0,0,0,0,0,0,0,0,0,0,0,0,0,0,0,0,0,0,0,0,0,0,0,0,1.80973327157564,1.11301708227588,0.70397018196662,0,2.32198293986806,0,0,0,0,0,0,0,0,0,0,0,0,0,0
"GCAACATCAATGGGCC-1","5",2.17755756942965,0,0,0,0,0,0,0,0,0,0,0,0,0,0,0,0,0,0,0,0,0,0,0,0,2.17755756942965,0,0,0,2.81237731913883,0,0,0,0,0,0,0,0,0,0,0,0,0,2.17755756942965
"GCAACCACAAGGGACG-1","7",1.58849144008022,0,0,0,0,0,0,0,0,0,0,0,0,0,0,0,0,0,0,0,0,0,2.17392340268025,0,0,2.41840503673625,0.680107140888014,0.396790669238167,0.396790669238167,2.61470315575427,0,0,0,0,1.08118750612672,0,0,0,0,0,0,0,0,0
"GCAACGGGTGATGACA-1","6",0,0,0,0,0,0,0,0,0,0,0,0,0,0,1.54631201209023,0,0,2.12683223636298,0,0,0,0,0,0,0,0,0,0,0,0,0,0,0,0,0,0,0,0,0,0,1.54631201209023,0,0,3.41946323110444
"GCAACTATCAGCTGCG-1","0",2.17813594972511,0,0,0,0,0,0,0,0,0,0,0,0,0,0,0,0,0,0,0,0,0,0.835068504185039,0,0,2.43709636555164,1.28369222823685,0,0,1.28369222823685,0,0,0,0,0,0,0,0,0,0,0,0,0,0.835068504185039
"GCAACTATCCATTAGG-1","0",1.64966090504858,0.876192706605152,0,0,0,0,0,0,0,0,0,0,0,0,0,0,0,0,0,0,0,0,0.876192706605152,0,0,1.64966090504858,0,1.64966090504858,0,2.08052729910223,0,0,0,0,0,0,0,0,0,0,0,0,0,1.64966090504858
"GCAAGCAAGGTGATCC-1","6",0,0,0,0,0,0,0,0,0,0,0,0,1.69987664573471,0,1.17453454950401,0,0,0,0,0,0,0,0,0,0,2.0425062935901,0,0,1.17453454950401,0,0,0,0,1.69987664573471,0,0,0,0,0,0,0,0,0,3.82281405888417
"GCAAGCAAGTGTCCTT-1","0",2.01841021496427,0,0,0,0,0,0,0.967587289431451,0,0,0,0,0,0,0,0,0,0,0,0,0,2.21462100850703,2.01841021496427,0,0,2.37857577533872,0,0,0.967587289431451,1.77406426244286,0,0,0,0,0,0,0,0,0,0,0,0,0,0.967587289431451
"GCAAGCTTCGATGCTA-1","3",3.11684190467481,0,1.85531989622198,0,0,0,0,0,0,0,0,0,0,0,0,0,0,0,0,0,0,0,0,0,0,1.85531989622198,0,0,0,0,0,0,0,0,0,0,0,0,0,0,0,0,0,0
"GCAAGGATCGACATAT-1","4",1.82310145417044,0,0.418120022522099,0,0,0,0,0,0,0,0,0,0,0,0,0,0,0,0,0,0,0.71206999940209,0.71206999940209,0,0,1.73552890309232,0.418120022522099,0.71206999940209,0.938955522055734,2.17322155711801,0,0,0,0,0.418120022522099,0,0,0,0,0,0,0,0,0.938955522055734
"GCAAGTGAGCCATGCG-1","14",0,0,0,0,0,0,0,1.33881560799499,0,0,0,0,0,0,0,0,0,0,0,0,0,0,0,0,0,0,0,0,0,0,0,0,0,0,0,0,0,0,0,0,1.33881560799499,0,0,0
"GCAAGTGAGCGGTCCA-1","0",0,0,0,0,0,0,0,0,0,0,0,0,0,0,0,0,0,0,0,0,0,0,0,0,0,1.08376898449012,1.08376898449012,0,0,1.08376898449012,0,0,0,0,0,0,1.08376898449012,0,0,0,0,0,0,0
"GCAAGTGAGGCAAGGC-1","0",2.50932267687061,0,1.25571723328692,0,0,0,0,0,0,0,0,0,0,0,0,0,0,0,0,0,0,0.813228731552206,1.98456587270865,0,0.813228731552206,1.79520526407316,1.56140935097951,0,1.25571723328692,1.79520526407316,0,0,0,0,0,0,0,0,0,0,0,0,0,0
"GCAATAGGTTTCAGCG-1","14",2.16209816662043,0,0,0,0,0,0,0,0,0,0,0,0,0,0,0,0,0,0,0,0,0,0,0,0,0,0,0,1.57788018942104,0,0,0,0,0,0,0,0,0,0,0,0,0,0,0
"GCAATATTCCGGAGTT-1","13",1.59927586880802,0,0,0,0,0,0,0,0,0,0,0,0,0,0,0,0,0,0,0,0,0,0,0,0,3.03241300344098,2.5532147160226,0,0,0,0,0,0,0,0,1.59927586880802,0,0,0,0,0,0,0,2.18592701675054
"GCAATCGCACTAGGGC-1","11",2.53403751691379,0,0,0,0,0,0,0,0,0,0,0,0,0,0,0,0,0,0,0,0,0,0,0,0,2.74118622113943,0,0,0,0,0,0,0,0,0,1.361251745307,0,0,0,0,0,0,0,2.27245780891882
"GCAATCGCACTCATGC-1","0",2.25741901193999,0,0,0,0,0,0,0,0,0,0,0,0,0,0,0,0,1.06535322936035,0,0,0,1.06535322936035,1.75000988601495,0,0.668307162659387,2.03555801557115,0.668307162659387,0.668307162659387,1.06535322936035,0,0,0,0,0,0,0,0,0,0,0,0,0,0,0
"GCAATCTGTGGCCTAC-1","0",1.96712095815354,0.570277428733181,0.931185403523441,0,0,0,0,0,0,0,0,0,0,0,0,0,0,0,0,0,0,0.570277428733181,1.19582159209523,0,0,2.39733601994559,0,0.570277428733181,0,0.570277428733181,0,0,0,0,0,0,0,0,0,0,0,0,0,0
"GCAATTTAGGCTCCGA-1","5",1.97154214629228,0,0,0,0,0,0,0,0,0,0,0,0,0,0,0,0,1.11860479462432,0,0,0,0,2.22379340547682,0,0,2.22379340547682,0,0,0,1.11860479462432,0,0,0,0,0,0,0,0,0,0,0,0,0,1.11860479462432
"GCACAATCAGGCTCAA-1","2",1.31531105620893,0,0.859912906271893,0,0,0,0,0,0,0,0,0,0,0,0,0,0,0,0,0,0,0,1.31531105620893,0,0,2.35524245593545,0,0,0,1.62705475235813,0,0,0,0,0,0,0,0,0,0,0,0,0,0
"GCACAATCATTAGCAA-1","1",2.01302466307621,0,0,0,0,0,0,0,0,0,0,0,0,0,0,0,0,0,0,0,0,0,1.82273158186476,0,0,2.01302466307621,0,0,0.831684507449537,1.27936879269172,0,0,0,0,0,0,0.831684507449537,0,0,0,0,0,0,2.72582699945625
"GCACACTAGTCATAGT-1","3",2.74172918326029,0,0,0,0,0,0,0,0,0,0,0,0,0,0,0,0,0,0,0,0,1.76437617339183,0,0,0,0,0,0,0,0,0,0,0,0,0,0,0,0,0,0,0,0,0,0
"GCACAGCCACGCCATT-1","12",3.24268076196132,0,0.970836072298413,0,0,0,0,0,0,0,0,0,0,0.970836072298413,0,0,1.77841291246688,1.45402351826783,0,0,0,0,0,0,0,0,0,0,0,0,0,0,0,0,0,0,0,0,0,0,1.45402351826783,0,0,0
"GCACAGCCAGGCAGGA-1","0",2.28603627829816,0,0,0,0,0,0,0,0,0,0,0,0,0,0,0,0,0.744070404270821,0,0,0,1.46173865480454,1.46173865480454,0,0.744070404270821,2.39245850696002,0,0,0,1.46173865480454,0,0,0,0,1.16594951843692,0,0,0,0,0,0,0,0,0
"GCACAGCCATCGCGTT-1","0",0.738263600026138,0,0,0,0,0,0,0,0,0,0,0,0,0,0,0,0,0.738263600026138,0,0,0,0.738263600026138,0,0,0.738263600026138,2.47846871234069,1.45322795007643,0.738263600026138,0.738263600026138,1.86586093957915,0,0,0,0,0.738263600026138,0,0,0,0,0,0,0,0,0.738263600026138
"GCACCATAGAAGCATA-1","5",2.30119128099294,0,0,0,0,0,0,0,0,0,0,0,0,0,0,0,0,0,0,0,0,0.91536173976371,1.9445827531252,0,0,2.30119128099294,1.3851329860713,0,0,2.13869969982332,0,0,0,0.91536173976371,0,0,0,0,0,0,0,0,0,0
"GCACCATAGCGCATAC-1","3",2.96785655597551,0,0,0,0,0,0,0,0,0,0,0,0,0,0,0,0,0,0,0,0,0,0,0,0,2.32484472398328,0,0,0,0,0,0,0,0,0,0,0,0,0,0,0,0,0,0
"GCACCATAGGATGCAG-1","2",1.40487829275209,0,0,0,0,0,0,0,0,0,0,0,0,0,0,0,0,0,0,0,0,1.40487829275209,0.931185403523441,0,0,0.931185403523441,0,0,0.931185403523441,2.32484472398328,0,0,0,0,0,0,0,0,0,0,0,0,0,0.931185403523441
"GCACCGATCTAGTCCT-1","0",3.59551720800646,0,0.658808228578829,0,0,0,0,0,0,0,0,0,0,0,0,0,0,1.55391495099894,0,0,0,0,1.05255988776272,0,0,1.55391495099894,0,0.658808228578829,0,1.05255988776272,0,0,0,0.658808228578829,0,0,0,0,0,0,0,0,0,1.05255988776272
"GCACCTAGTGAGACAC-1","1",1.85055782761294,0,0,0,0,0,0,0,0,0,0,0,0,0,0,0,0,0,0,0,0,0.429400894229757,1.14592430634268,0,0,1.30337028271878,0.958971014796607,0.429400894229757,0.429400894229757,2.07598289918976,0,0,0,0.429400894229757,0,0,0,0,0,0,0,0,0,1.85055782761294
"GCACCTAGTGCAATGA-1","1",2.08779874888656,0,0,0,0,0,0,0,0,0,0,0,0,0,0,0,0,0.579551478845554,0,0,0,1.42092526329716,1.42092526329716,0,0.579551478845554,1.87128862051239,0.579551478845554,0,0,2.18068582340705,0,0,0,0,0,0,0,0,0,0,0,0,0,1.42092526329716
"GCACCTAGTGGGAACT-1","2",1.87157657058366,0,0.65046005578076,0,0,0,0,0,0,0,0,0,0,0,0,0,0,0.65046005578076,0,0,0,0.65046005578076,2.31887399299203,0,0,1.71956709853904,0,0.65046005578076,1.041281356929,2.12002890457067,0,0,0,0,0.65046005578076,0,0,0,0,0,0,0,0,0.65046005578076
"GCACGAAAGGAGGATT-1","0",2.02150071701118,0,0.837216902341797,0,0,0,0,0,0,0,0,0,0,0,0,0,0,0,0,0,0,1.28643494431144,0.837216902341797,0,0.837216902341797,1.83093483764799,0.837216902341797,0,0,1.83093483764799,0,0,0,0,0,0.837216902341797,0,0,0,0,0,0,0,0
"GCACGAAAGTACCACA-1","10",0,0,0,0,0,0,0,0,0,0,0,0,0,0,0,0,0,0,0,0,0,0,0,0,0,0,0,3.03882603952304,0,0,0,0,0,0,0,0,0,0,0,0,0,0,0,0
"GCACGAAAGTCATAGT-1","0",2.06602473158278,0,1.1932537957628,0,0,0,0,0,0,0,0,0,0,0,0,0,0,0,0,0,0,1.1932537957628,0,0,1.1932537957628,2.06602473158278,1.1932537957628,0,0,0,0,0,0,0,0,0,0,0,0,0,0,0,0,0
"GCACGATTCCGCGAAT-1","6",1.47876730963711,0,0,0,0,0,0,0,0,0,0,0,0,0,0,0,0,0,0,0,0,0,0,0,0,2.41256905039555,0,0,0,0,0,0,0,0,0,0,0,0,0,0,1.47876730963711,0,0,2.41256905039555
"GCACGGTCAACTTCAT-1","7",1.30729025294631,0,0,0,0,0,0,0,0,0,0,0,0,0,0,0,0,0,0,0,0,0,2.04644836394959,0,0,1.85509242438349,0,0.853594675203149,0,2.8435635413747,0,0,0,0,0,0,0,0,0,0,0,0,0,1.61824239299583
"GCACGGTCAGGATACT-1","1",1.58542896610621,0,0,0,0,0,0,0,0,0,0,0,0,0,0,0,0,0,0,0,0,1.86158692136945,1.41223202818612,0,0,1.73301070682149,0.574519587154053,1.41223202818612,0,2.33363052824106,0,0,0,0,0,0,0,0,0,0,0,0,0,2.07775171230007
"GCACTAGCAATTCAAG-1","0",2.47537226406002,0,0,0,0,0,0,1.15600855634195,0,0,0,0,0,0,0,0,0,0,0,0,0,0,1.67792844425629,0,0,1.67792844425629,1.67792844425629,0,0,0,0,0,0,0,0,0,0,0,0,0,0,0,0,1.15600855634195
"GCACTATGTCATTGCG-1","5",2.29472866831198,0,0,0,0,0,0,0,0,0,0,0,0,0,0,0,0,0,0,0,0,0,0.821775545690599,0,0,1.99778045912294,0.821775545690599,0,1.5735214461945,0,0,0,0,0,0,0,0,0,0,0,0,0,0,0
"GCACTGACAGGACTGC-1","5",2.04940557247214,0,0,0,0,0,0,0,0,0,0,0,0,0,0,0,0,0,0,0,0,1.07580999779413,0.676094392177226,0,0.676094392177226,2.67597938972316,1.07580999779413,0,0,1.07580999779413,0,0,0,0,0,0,0,0,0,0,0,0,0,0
"GCACTGGTCGACATAT-1","2",1.98821963215386,0,0,0,0,0,0,0,0,0,0,0,0,0,0,0,0,0.718044732181673,0,0,0,0,0,0,0,1.98821963215386,1.131673150929,0.718044732181673,0,0.718044732181673,0,0,0,0,0,0,0,0,0,0,0,0,0,0
"GCAGCCATCACTTCCG-1","5",2.47099670234069,0,1.03165521177946,0,0,0,0,0,0,0,0,0,0,0,0,0,0,1.03165521177946,0,0,0,0,0,0,1.03165521177946,1.52853411425372,1.52853411425372,0,1.52853411425372,2.61300241614586,0,0,0,0,0,0,0,0,0,0,0,0,0,0
"GCAGCGAGTTCTGTAA-1","1",2.02728031725082,0,0.74141392152978,0,0,0,0,0,0,0,0,0,0,0,0,0,0,0,0,0,0,1.16246376065464,1.68558462127767,0,0,2.02728031725082,1.16246376065464,0.74141392152978,0.74141392152978,2.28148492095396,0,0,0,0,0,0,1.16246376065464,0,0,0,0,0,0,2.02728031725082
"GCAGGCTCATTGCGTC-1","4",1.49559810466197,0,0,0,0,0,0,0,0,0,0,0,0,0,0,0,0,0.623529716815566,0,0,0,0,1.00466866647619,0,0,2.17355897935489,1.27996208886352,1.00466866647619,0.623529716815566,0,0,0,0,0,0,0,0,0,0,0,0,0,0.623529716815566,1.82342071204233
"GCAGGGTAGCGATGAG-1","0",2.35907564387168,0,0.862357333811456,0,0,0,0,0,0,0,0,0,0,0,0,0,0,0,0,0,0,1.31841052988947,0,0,1.63045824324928,2.85789770883682,0,0,0,1.86794120897432,0,0,0,0,0,0,0,0,0,0,0,0,0,0
"GCAGTAAGTAGCTCGC-1","1",0.825362931298481,0,0,0,0,0,0,0,0,0,0,0,0,0,0,0,0,0,0,0,0,0.825362931298481,1.27128134380677,0,0,1.27128134380677,2.16289241451049,0.825362931298481,0.825362931298481,2.52927289476354,0,0,0,0,0,0,0,0,0,0,0,0,0,0.825362931298481
"GCAGTGAAGCGATAGG-1","0",1.63387904759325,0,0,0,0,0,0,0,0,0,0,0,0,0,0,0,0,0,0,0,0,0.864816556596177,0,0,0.864816556596177,1.87153780148696,0,0.864816556596177,0.864816556596177,0,0,0,0,0,0,0.864816556596177,0,0,0,0,0,0,0,0.864816556596177
"GCATAAGGTGAGGTGT-1","8",1.80140759977689,0,0,0,0,0,0,0,0,0,0,0,0,0,0,0,0,0,0,0,0,0,1.99098063898343,0,0,1.80140759977689,1.80140759977689,0,0,2.15027894264002,0,0,0,0,0,0,0,0,0,0,0,0,0,2.51615335692629
"GCATAAGGTTATGGTC-1","3",1.765178472664,0,0,0,0,0,0,0,0,0,0,0,0,0,0,0,0,0,0,0,0,0,0,0,0,0,0,0,0,0,0,0,0,0,0,0,0,0,0,0,0,0,0,0
"GCATAGTCAAATGCGT-1","1",1.83993716695362,0,0,0,0,0,0,0,0,0,0,0,0,0,0,0,0.632701839167534,0.632701839167534,0,0,0,0,1.01717837627417,0,0,1.83993716695362,1.29419862283994,1.29419862283994,1.01717837627417,3.17596629679958,0,0.632701839167534,0,0,0.632701839167534,0,0,0,0,0,0,0,0,1.01717837627417
"GCATAGTCAATTGGCG-1","6",0,1.05304573978593,0,0,0,0,0,0,0,0,0,0,0,0,0,0,0,1.05304573978593,0,0,0,0,0,0,0,1.05304573978593,0,0,1.05304573978593,0,0,0,0,0,0,0,0,0,0,0,0,0,0,4.72722924743918
"GCATAGTCAGCAGGGA-1","0",1.5727893826013,0,0,0,0,0,0,0,0,0,0,0,0,0,0,0,0,0,0,0,0,0,1.35197613693865,0,0,2.6651608432864,0.670399719153159,0.670399719153159,0.670399719153159,1.06816588032015,0,0,0,0,0,0,0,0,0,0,0,0,0,0.670399719153159
"GCATAGTCAGGTAATC-1","13",1.94051248631934,0,0,0,0,0,0,0,0,0,0,0,0,0,0,0,0,0.785025856692992,0,0,0,1.52112916103512,1.2193324171285,0,0.785025856692992,2.23508169123344,0,0,0.785025856692992,1.52112916103512,0,0,0,0.785025856692992,0,0,0,0,0,0,0,0,0,0.785025856692992
"GCATAGTCATGGCGAC-1","0",1.63612302672589,0,0.709908638093719,0,0,0,0,0,0,0,0,0,0,0,0,0,0,0.709908638093719,0,0,0,1.1208990422254,2.10859225881115,0,0,1.97447436905522,0,0,0,1.81954115759062,0,0,0,0,0,0,0,0,0,0,0,0,0,0
"GCATCAATCCCTCAGC-1","0",2.26681786913541,0,0.73288750920946,0,0,0,0,0,0,0,0,0,0,0,0,0,0,0.73288750920946,0,0,0,1.44532789270408,1.44532789270408,0,0,1.85714222849091,0.73288750920946,1.44532789270408,0,0.73288750920946,0,0,0,0,0,0,0,0,0,0,0,0,0,0
"GCATCACAGAAGGTGT-1","0",1.20868332732581,0,0,0,0,0,0,0,0,0,0,0,0,0,0,0,0,0,0,0,0,2.08532623654161,0,0,0,1.74014054867707,0,0,1.20868332732581,1.20868332732581,0,0,0,0,1.20868332732581,0,0,0,0,0,0,0,0,0
"GCATCAGCAGTTGGGC-1","0",1.94092107364393,0,0,0,0,0,0,0,0,0,0,0,0,0,0.785285375433038,0,0,0,0,0,0,1.21966859190947,0.785285375433038,0,0,3.16410791542561,0.785285375433038,0,0.785285375433038,1.52150205019318,0,0,0,1.21966859190947,0.785285375433038,0,0,0,0,0,0,0,0,0
"GCATCCTCAACTCGTC-1","6",1.01588412103959,1.01588412103959,0,0,0,0,0,0,0,0,0,0,2.59021430992638,0,0,0,0,1.83823143450616,0,0,0,0,0,0,1.01588412103959,1.83823143450616,0,0,1.50930994415174,0,0,0,0,0,0,0,0,0,0,0,0,0,0,4.87804443020941
"GCATCCTCAATATCTC-1","3",2.54921780532378,1.59581825460255,2.18208011003201,0,0,0,0,0,0,0,0,0,0,0,1.59581825460255,0,0,0,0,0,0,0,0,0,0,0,0,0,0,0,0,0,0,0,0,0,0,0,0,0,1.59581825460255,0,0,0
"GCATCCTCATTAGTGA-1","1",1.94068756787584,0,0,0,0,0,0,0,0,0,0,0,0,0,0,0,0,0.35485014147454,0,0,0,1.2685805426965,1.14098019958773,0,0,2.29710066540434,0.616230439004853,0.616230439004853,0.35485014147454,1.7379430637018,0,0,0,0,0,0,0,0,0,0,0,0,0,1.4833610790621
"GCATCTAAGAACCAGG-1","1",1.78265118401869,0,0,0,0,0,0,0,0,0,0,0,0,0,0,0,0,0,0,0,0,0.974005828485231,1.45793237384214,0,0.601177935209529,2.30925583721537,1.24496095714796,0,0.974005828485231,2.38795483309312,0,0,0,0,0,0,0,0,0,0,0,0,0,1.45793237384214
"GCATCTAAGCCCGTTC-1","3",1.75958139874727,0,0,0,0,0,0,0,0,0,0,0,0,0,0,0,0,0,0,0,0,0,0,0,0,0,0,0,0,0,0,0,0,0,0,0,0,0,0,0,0,0,0,0
"GCATCTAAGGTTCCGG-1","4",1.99356453348167,0,0,0,0,0,0,0,0,0,0,0,0,0,0,0,0,0,0,0,0,1.21731972188124,0.583726820836785,0,0,0.949885723155038,0,0.583726820836785,1.87930468000993,1.87930468000993,0,0,0.583726820836785,0.583726820836785,0,0,0,0,0,0,0,0,0,0.949885723155038
"GCATGGGGTTACACAC-1","0",2.22869640343017,0,0,0,0,0,0,0,0,0,0,0,0,0,0,0,0,0,0,0,0,0,1.46212056453962,0,0,1.46212056453962,0,0,0,1.46212056453962,0,0,0,0,0.977404698748076,0,0,0,0,0,0,0,0,0
"GCATGTCAGGTACGCT-1","0",2.17944298243891,0,0,0,0,0,0,0,0,0,0,0,0,0,0,0,0,0,0,0,0,1.17569502283096,0.751509081859557,0,0,2.29873541624747,1.17569502283096,0,0.751509081859557,1.17569502283096,0,0,0,0,0,0,0,0,0,0,0,0.751509081859557,0,0
"GCATGTTGTCCATCTC-1","0",1.98851432676443,0,0.94630315345883,0,0,0,0,0,0,0,0,0,0,0,0,0,0,0,0,0,0,0.94630315345883,0.94630315345883,0,0,2.72034201382666,1.21320579939111,1.21320579939111,0,0,0,1.21320579939111,0,0,0,0,0,0,0,0,0,0,0,0.94630315345883
"GCATGTTGTCTGGCGT-1","0",2.14293903016024,0,0,0,0,0,0,0,0,0,0,0,0,0,0,0,0,0,0,0,0,0,0,0,0,2.70631448802013,0.729923595459317,0.729923595459317,0,0,0,0,0,0,0,0,0,0,0,0,0,0,0,0
"GCATTACGTGAGTGTA-1","3",2.39336217346739,0,0,0,0,0,0,0,0,0,0,0,0,0,0,0,0,1.78760491402091,0,0,0,0,0,0,0,1.78760491402091,0,0,0,0,0,0,0,0,0,0,0,0,0,0,0,0,0,0
"GCATTACGTTATCAGC-1","0",2.31615185204355,0,0,0,0,0,0,0,0,0,0,0,0,0,0,0,0,0,0,0,0,1.18910726146101,0,0,0,2.60733178829351,0.761774521566723,1.18910726146101,0,0.761774521566723,0,0,0,0,0,0,0,0,0,0,0,0,0,0
"GCATTATAGGCGTACT-1","5",2.19256516146159,0,0,0,0,0,0,0,0,0,0,0,0,0,0,0,0,0,0,0,0,0,1.89977675268723,0,0,1.89977675268723,1.18593941591454,1.48402007583878,0.759347008548054,1.18593941591454,0,0,0,0,0,0,0,0,0,0,0,0,0,0
"GCATTCAAGAAGGGCC-1","0",2.0300716023824,0,0,0,0,0,0,0,0,0,0,0,0,0,0,0,0.842827732667154,0,0,0,0,1.29359025470687,0.842827732667154,0,1.29359025470687,2.55771841688265,0,0.842827732667154,0,1.60317412360744,0,0,0,0.842827732667154,0.842827732667154,0,0,0,0,0,0,0,0,0
"GCATTCAAGGTCATAT-1","14",3.76405647792828,2.24332327423726,0,0,0,0,0,0,0,0,0,0,0,0,0,0,0,0,0,0,0,0,0,0,0,2.24332327423726,0,0,0,0,0,0,0,0,0,0,0,0,0,0,0,0,0,0
"GCATTCCCAACGTGAT-1","0",1.47122793521492,0,0,0,0,0,0,0,0,0,0,0,0,0,0,0,0,0,0,0,0,0.609028751368045,0,0,0.984804902197937,2.2392668937169,0,0,0.609028751368045,0.984804902197937,0,0,0,0,0,0.609028751368045,0,0,0,0,0,0,0,0
"GCATTGATCACCCTAT-1","5",1.88145715159707,0,0,0,0,0,0,0,0,0,0,0,0,0,0,0,0,0,0,0,0,0,1.60414697912043,0,0,3.14640169049339,0.584850714225336,0,1.21910841598659,1.99575884287528,0,0,0,0.951443983356178,0,0,0,0,0,0,0,0,0,0
"GCATTGATCGATGGAG-1","7",2.36649551893039,0,0,0,0,0,0,0,0,0,0,0,0,0,0,0,0,0,0,0,0,1.36046122202396,2.36649551893039,0,0.675999449399167,2.04923724521663,0.675999449399167,0,0.675999449399167,3.0116025801957,0,0,0,0,0,0,0,0,0,0,0,0,0,1.36046122202396
"GCATTTGAGCCATCAA-1","1",1.78066562375261,0,0,0,0,0,0,0,0,0,0,0,0,0,0,0,0,0,0,0,0,0.600099877215848,1.4561009792149,0,0,1.63149368344721,0,1.24326151311803,0.600099877215848,2.12831589024447,0,0,0,0,0,0.600099877215848,0,0,0,0,0,0,0,0
"GCCAAATCACAAGCAT-1","3",0,0,0,0,0,0,0,0,0,0,0,0,0,0,0,0,0,0,0,0,0,0,0,0,0,0,0,0,0,0,0,0,0,0,0,0,0,0,0,0,1.77244035960556,0,0,0
"GCCAAATCATCAATCT-1","5",0,0,0,0,0,0,0,0,0,0,0,0,0,0,0,0,0,0,0,0,0,1.21731972188124,1.21731972188124,0,1.21731972188124,1.21731972188124,0,0,1.21731972188124,0,0,0,0,0,0,0,0,0,0,0,0,0,0,0
"GCCAACTAGGTACACC-1","0",1.18373309149459,0,0,0,0,0,0,0,0,0,0,0,0,0,0,0,0,0.75765736947386,0,0,0,1.48156333015171,1.48156333015171,0,0,2.05407723936785,0,0.75765736947386,0.75765736947386,0,0,0,0,0,0,0,0,0,0,0,0,0,0,0.75765736947386
"GCCAACTAGGTCAATT-1","3",3.32206604821318,0,0,0,0,0,0,0,0,0,0,0,0,0,0,0,0,0,0,0,0,0,0,0,0,0,0,0,0,0,0,0,0,0,0,0,0,0,0,0,1.57210853934006,0,0,0
"GCCAAGCCACAGGACC-1","10",0,3.66414644146795,0,0,0,0,0,0,0,0,0,0,2.99630245317601,0,0,0,0,0,0,0,0,0,0,0,0,0,0,0,0,0,0,0,0,0,0,0,0,0,0,0,0,0,0,0
"GCCAATGCAATCGCAG-1","5",2.15375012302882,0,0,0,0,0,0,0,0,0,0,0,0,0,0,0,0,0,0,0,0,0,1.99437294832354,0,0,2.29118353823963,0,0,0.819567849711764,1.80468810136397,0,0,0,0,0.819567849711764,0,0,0,0,0,0,0,0,0
"GCCAATGCACTCAGGA-1","0",2.26804624343971,0,0.893397884415755,0,0,0,0,0,0,0,0,0,0,0,0,0,0,0,0,0,0,0,0,0,0,2.40729874821255,0.893397884415755,0,0,0,0,0,0,0.893397884415755,0,0,0,0,0,0,0,0,0,0
"GCCAATGCAGCTCGTT-1","7",1.74336305829832,0,0,0,0,0,0,0,0,0,0,0,0,0,0,0,0,0,0,0,0,0.664391282015688,2.25021386168313,0,0,2.14551691422465,0,0,0.664391282015688,2.65368561915903,0,0,0,0,0,0,0,0,0,0,0,0,0,0.664391282015688
"GCCAATGCATAATCGA-1","5",1.78213714586208,0,0,0,0,0,0,0,0,0,0,0,0,0,0,0,0,0,0,0,0,0.804525632623394,1.78213714586208,0,0,2.68047295912955,0.804525632623394,1.24452094447272,0.804525632623394,0.804525632623394,0,0,0,0,0,0,0,0,0,0,0,0,0,0.804525632623394
"GCCAATGCATCGACTC-1","0",2.11360385508445,0,0.546850102387319,0,0,0,0,0,0,0,0,0,0,0,0,0,0,0,0,0,0,1.15795172845442,0,0,0,1.92021370570036,0.546850102387319,0.898372790323619,0,0.898372790323619,0,0,0,0,0,0,0,0,0,0,0,0,0,0
"GCCAATTGTCAGCTCA-1","1",0,0,0,0,0,0,0,0,0,0,0,0,0,0,0,0,0,0,0,0,0,0,2.86916743946995,0,0,2.03456657545104,0,0,0,1.46428914671786,0,0,0,0,0,0,0,0,0,0,0,0,0,1.46428914671786
"GCCAATTGTGACGAGT-1","5",2.13468017380076,0,0,0,0,0,0,0,0,0,0,0,0,0,0,0,0,0,0,0,0,1.78667346343361,0.807542421470514,0,0,2.68555193239718,0.807542421470514,0,0.807542421470514,2.49991949360063,0,0,0,0,0,0,0,0,0,0,0,0,0,0.807542421470514
"GCCACAACAGCTAGAT-1","1",1.9237001498108,0,0.548572447554171,0,0,0,0,0,0,0,0,0,0,0,0,0,0,0,0,0,0,0.900795680052388,1.3668877384202,0,0,2.27925153892639,0.548572447554171,0.900795680052388,0,1.16075463522012,0,0,0,0,0,0,0,0,0,0,0,0,0,1.5377060865184
"GCCACATAGCCGATAC-1","6",0,0,0,0,0,0,0,0,0,0,0,0,0,0,0,0,0,0,0,0,0,0,0,0,0,2.90532370541378,0,0,0,0,0,0,0,0,0,0,0,0,0,0,1.35545523471955,0,0,3.85134728846642
"GCCACATAGGGTCTCG-1","12",3.45998945436238,0,0,0,0,0,0,0,0,0,0,0,0,0,0,0,0,0,0,0,0,0,0,0,0,0,0,0,0,0,0,0,2.79778855331129,0,0,0,0,0,0,0,0,0,0,0
"GCCACATAGGGTGAAT-1","2",0.725716858017311,0.725716858017311,0,0,0,0,0,0,0,0,0,0,0,0,0,0,0,0,0,0,0,1.14180698587997,2.13576070211712,0,0.725716858017311,1.66105208507136,0,0,1.14180698587997,2.13576070211712,0,0,0,0,0,0,0.725716858017311,0,0,0,0,0,0,0
"GCCACCTTCAATCCAG-1","0",2.18756465830869,0,0,0,0,0,0,0,0,0,0,0,0,0,0,0,0,0.630886317991366,0,0,0,0.630886317991366,1.01470552519792,0,0,1.96780139745143,0.630886317991366,0,0,2.18756465830869,0,0,0,0.630886317991366,0,0,0,0,0,0,0,0,0,1.291386368958
"GCCACCTTCAATGTAC-1","0",1.65349371344019,0,0,0,0,0,0,0,0,0,0,0,0,0,0,0,0,1.42765281254532,0,0,0,0,1.13545892598195,0,0.720908657160387,2.44781106682576,0,1.42765281254532,0.720908657160387,1.65349371344019,0,0,0.720908657160387,0,0,0,0,0,0,0,0,0,0,0
"GCCACCTTCTGGTAAT-1","3",3.04166977568337,0,0,0,0,0,0,0,0,0,0,0,0,0,0,0,0,0,0,0,0,0,0,0,0,0,0,0,0,0,0,0,0,0,0,0,0,0,0,0,0,0,0,0
"GCCACTTCAAGGTGAA-1","10",3.49619730957824,0,0,0,0,0,0,3.00537849705492,2.00120329370749,0,0,0,0,0,0,0,0,0,0,0,0,0,0,0,0,0,0,0,0,0,0,0,0,0,0,0,3.00537849705492,0,0,2.00120329370749,0,0,0,0
"GCCACTTCAAGTGCCA-1","2",2.07887299953774,0,0,0,0,0,0,0,0,0,0,0,0,0,0,0,0,0,0,0,0,0.772840054400983,1.73406596585075,0,0,1.20351799647441,0,0,0,1.92125792606217,0,0,0,0,0.772840054400983,0,0,0,0,0,0,0,0,0.772840054400983
"GCCACTTCAAGTTACA-1","4",2.3503634054964,0,0,0,0,0,0,0,0,0,0,0,0,0,0,0,0,0.372856019064809,0,0,0,0.856806444717056,0.372856019064809,0,0.372856019064809,1.52931235752705,0,0.372856019064809,0.372856019064809,1.92780126441208,0,0,0,0,0,0,0,0,0,0,0,0,0,1.42626646905788
"GCCATAATCATGCGAC-1","0",2.47774630316769,0,0,0,0,0,0,0,0,0,0,0,0,0,0,0,0,0,0,0,0,0.794217643638574,1.23122362036216,0,0.794217643638574,2.37040013472242,1.23122362036216,0,0.794217643638574,2.11339059000423,0,0.794217643638574,0,0,0,0,0,0,0,0,0,0,0,0.794217643638574
"GCCATATGTCTTGCAG-1","4",1.94055787390346,0,0,0,0,0,0,0,0,0,0,0,0,0,0,0,0,1.46153506520569,0,0,0,1.29474350344497,2.03145187192258,0,0,2.39221769479189,0.843732861826267,0.508331459874831,0,1.60444334824039,0,0,0,0,0,0,0.508331459874831,0,0,0,0,0,0,1.29474350344497
"GCCATCAGTTCAAGGA-1","8",2.31278233231121,0,0,0,0,0,0,0,0,0,0,0,0,0,0,0,0,0,0,0,0,1.03691375465367,1.86586093957915,0,0,2.68469566976136,0,1.03691375465367,1.03691375465367,2.21836015845166,0,0,0,0,0,0,0,0,0,0,0,0,0,2.74495994688556
"GCCATCAGTTTCGGTG-1","0",1.80787712686339,0,0,0,0,0,0,0,0,0,0,0,0,0,0,0,0,0.821704133728542,0,0,0,0,1.80787712686339,0,0,3.0014949162932,1.57342042335908,0,1.57342042335908,1.57342042335908,0,0.821704133728542,0,0,0,0,0,0,0,0,0,0,0,0
"GCCATCCTCCACGGAT-1","7",2.03260399425948,0,0,0,0,0,0,0,0,0,0,0,0,0,0,0,0,0,0,0,0,1.84168413032563,2.45223733626621,0,1.29570633004373,2.33093101692445,0,0.844488709825823,0.844488709825823,2.82858229371684,0,0,0,0,0,0.844488709825823,0,0,0,0,0,0,0,1.84168413032563
"GCCATCTCAGCTCGTT-1","8",2.36500076806349,0,1.01285942472842,0,0,0,0,0,0,0,0,0,0,0,0,0,0,0,0,0,0,1.01285942472842,1.9653094476314,0,0,1.28928626513217,0.629531723827837,0,0,1.28928626513217,0,0,0,0,0,0,0,0,0,0,0,0,0,2.51749565264259
"GCCATCTCATAATCTC-1","5",1.8578267778959,0,0,0,0,0,0,0,0,0,0,0,0,0,0,0,0,0.642712440580873,0,0,0,0.642712440580873,1.03078441961396,0,0,2.54327110365188,1.70623058719631,0.642712440580873,0,1.70623058719631,0,0,0,0.642712440580873,0,0,0,0,0,0,0,0,0,0.642712440580873
"GCCATTCCATGGCAAT-1","0",2.19367690177495,0,1.43204443174517,0,0,0,0,0,0,0,0,0,0,0,0,0,0,0,0,0,0,0,0,0,0.953056703076785,1.7545553137524,1.43204443174517,0,0,0.953056703076785,0,0,0,0,0,0,0,0,0,0,0,0,0,0
"GCCCAAGTCCCGCGAA-1","14",3.97570331527048,0,0,0,0,0,0,0,0,0,0,0,0,0,0,0,0,0,0,0,0,0,0,0,0,0,0,0,0,0,0,0,0,0,0,0,0,0,0,0,0,0,0,0
"GCCCAATAGGTTGGCT-1","4",1.59638281399608,0,0,0,0,0,0,0.580554883898,0,0,0,0,0,0,0,0,0,0,0,0,0,0,1.59638281399608,0,0.945484224465857,1.59638281399608,0,0.580554883898,0.580554883898,2.18270833547104,0,0.580554883898,0,0,0,0,0,0,0,0,0,0,0,0
"GCCCACTTCAATCTCC-1","1",1.84879695629298,0,0.727758535214855,0,0,0,0,0,0,0,0,0,0,0,0,0,0,0,0,0,0,0,2.00453042114144,0,0.727758535214855,2.25795133998256,0.727758535214855,0,0.727758535214855,2.25795133998256,0,0,0,0,0,0,0,0,0,0,0,0,0,1.6642552832626
"GCCCACTTCCATCTCG-1","1",2.11970640044982,0,0,0,0,0,0,0,0,0,0,0,0,0,0,0,0,0,0,0,0,0,2.75094260489436,0,1.04104424639853,2.11970640044982,0,0,1.5399476131621,2.75094260489436,0,0,0,0,0,0,0,0,0,0,0,0,0,0
"GCCCACTTCCATGCCC-1","6",0,1.07023883459139,0,0,0,0,0,0,0,0,0,0,0,0,0,0,0,1.07023883459139,0,0,0,0,0,0,0,1.57529186601879,0,0,0,0,0,0,0,0,0,0,0,0,0,0,1.07023883459139,0,0,4.89192109118111
"GCCCATAGTGAAGCGT-1","1",1.52514911789775,0,0,0,0,0,0,0,0,0,0,0,0,0,0,0,0,0.641304898472968,0,0,0,1.02887428938297,2.60899575550247,0,0.641304898472968,1.52514911789775,0,1.02887428938297,0.641304898472968,2.79007694320489,0,0,0,0,1.52514911789775,0,0,0,0,0,0,0,0,1.85531989622198
"GCCCATAGTTAGGCTT-1","6",0,1.39910484519709,0,0,0,0,0,0,0,0,0,0,0,0,0,0,0,0,0,0,0,1.39910484519709,0,0,0,2.31793809794233,0,0,0,0,0,0,0,0,0,0,0,0,0,0,0,0,0,4.26529821893862
"GCCCATTCAATCATAG-1","4",1.97737332015863,0,0,0,0,0,0,0,0,0,0,0,0,0,0,0,0,0.575471109775427,0,0,0,1.58715952965786,1.41387834840662,0,0.575471109775427,1.20414394262944,0,1.20414394262944,0.575471109775427,1.58715952965786,0,0,0,0,0,0,0,0,0,0,0,0,0,0.575471109775427
"GCCCATTCAGGTATCG-1","12",2.99539983463658,0,0,0,0,0,0,0,0,0,0,0,0,0,0,0,0,0,0,0,0,0,0,0,0,0,0,0,0,0,0,0,0,0,0,0,0,0,0,0,0,0,0,0
"GCCCCAAAGCCTATCT-1","0",2.22535690914989,0,0,0,0,0,0,0,0,0,0,0,0,0,0,0,0,0,0,0,0,1.41008284981141,0.709068882756828,0,0,2.33106411848504,1.11978538543137,0,0,1.11978538543137,0,0,0,0,0,0,0,0,0,0,0,0,0,0
"GCCCCAAAGGGTGAAT-1","0",1.74604029451889,0,0,0,0,0,0,0,0,0,0,0,0,0,0,0,0,0,0,0,0,0.581457529850471,1.21370447742447,0,0,2.09159140699386,0.946737320982722,0,0.581457529850471,1.424209927866,0,0,0,0,0,0,0.581457529850471,0,0,0,0,0,0,0.946737320982722
"GCCCCATTCTATGCCT-1","13",3.07355205239854,0,0,0,0,0,0,0,0,0,0,0,0,0,0,0,0,0,0,0,0,0,1.81720613488922,0,0,1.81720613488922,2.42562348177185,0,0,0,0,0,0,0,0,0,0,0,0,0,0,0,0,0
"GCCCCTTAGCAGGTCT-1","14",2.68622364520553,0,0,0,0,0,0,0,0,0,0,0,0,0,0,0,0,0,0,0,0,0,0,0,0,0,0,0,0,0,0,0,0,0,1.31780933190024,0,0,0,0,0,1.31780933190024,0,0,0
"GCCCCTTAGGCGCTCA-1","0",1.62924857899404,0,0,0,0,0,0,0,0,0,0,0,0,0,0,0,0,0,0,0,0,0,1.11514831197542,0,0,2.42037723981115,1.11514831197542,0,0,0,0,0,0,0,0,0,0,0,0,0,0,0,0,0
"GCCCCTTAGGCGTCTG-1","4",1.90344760039199,0,0,0,0,0,0,0,0,0,0,0,0,0,0,0,0,0,0,0,0,1.14449957463754,0.538609880178097,0,0.886757334290999,1.5191007175445,0,0,0.538609880178097,1.34923928814353,0,0,0,0,0,0,0,0,0,0,0,0,0,0.538609880178097
"GCCCTAGAGTGCTCGG-1","11",1.52122236300469,0,0,0,0,0,0,0,0,0,0,0,0,0,0,0,0,0,0,0,0,1.52122236300469,0,0,0,1.52122236300469,1.52122236300469,0,0,0,0,0,0,0,0,0,0,0,0,0,0,0,0,2.09870910705834
"GCCCTAGAGTTGCATG-1","1",1.74558470433494,0,0,0,0,0,0,0,0,0,0,0,0,0,0,0,0,0,0,0,0,0,1.42379089864162,0,0,1.74558470433494,0.946399598182577,0,0,2.66719645879513,0,0,0,0,0,0,0,0,0,0,0,0,0,1.87448454783524
"GCCCTCACAATCTGGG-1","0",1.57433018888679,0,0,0,0,0,0,0,0,0,0,0,0,0,0,0,0,1.57433018888679,0,0,0,0,1.99866229932862,0,0,1.26741829402777,0,0,0,0.822347313466576,0,0,0,0,0,0,0,0,0,0,0,0,0,0
"GCCCTGAAGCGCTCTC-1","10",3.24378468224852,0,0,0,0,0,0,0,0,1.40580717534347,1.9681796845285,0,0,0,0,0,0,0,0,0,0,1.9681796845285,1.40580717534347,0,0,0,0,0,0,0,0,0,0,0,0,0,1.9681796845285,0,0,0,0,0,0,0
"GCCCTGAAGTCAGCTA-1","0",1.53089532670054,0,0,0,0,0,0,0,0,0,0,0,0,0,0,0,0,0.791832484108251,0,0,0,0.791832484108251,0.791832484108251,0,0,1.22814107476221,0,0,0,0.791832484108251,0,0,0,0,0,0,0,0,0,0,0,0,0,0
"GCCCTGTTCAATGGCC-1","16",0,0,0,0,0,0,0,0,0,0,0,0,0,0,0,0,0,0,0,0,0,0,0,0,0,0,0,0,0,0,0,0,0,0,0,0,0,0,0,0,0,0,0,0
"GCCCTGTTCGCGTGTG-1","6",0,0,0,0,0,0,0,0,0,0,0,0,1.78182890102545,0,0,0,0,2.76140987026505,0,0,0,0,0,0,0,2.59164960864023,0,0,1.2442571049076,0,0,0,0,0,0,1.2442571049076,0,0,0,0,0,0,0,4.35132290848227
"GCCGAACCATAAGTGC-1","2",1.43646766544087,0.726874178282872,0,0,0,0,0,0,0,0,0,0,0,0,0,0,0,0,0,0,0,0,2.00304990454909,0,0.726874178282872,2.25641918068776,0.726874178282872,0,0,1.66286826769363,0,0,0,0,0,0,0,0,0,0,0,0,0,0
"GCCGAGTCAAACCGAT-1","5",1.55362088041835,0,0,0,0,0,0,0,0,0,0,0,0,0,0,0,0,0,0,0,0,0,1.24867094577686,0,0,2.59738198884185,0.807748980044712,0,0,1.97606072612675,0,0,0,0,0,0,0,0,0,0,0,0,0,1.24867094577686
"GCCGAGTCAAGGGCTC-1","1",1.81580443610297,0,0,0,0,0,0,0,0,0,0,0,0,0,0,0,0,0.827024261529772,0,0,0,0,1.58093837143959,0,0,2.00586534826428,1.27340813548425,0.827024261529772,0.827024261529772,1.81580443610297,0,0,0,0,1.27340813548425,0,0,0,0,0,0,0,0,2.16550769529511
"GCCGAGTCACCATCGT-1","0",2.71542339121582,0,0,0,0,0,0,0,0,0,0,0,0,0,0,0,0,0.57882709774059,0,0,0,1.5932524418229,1.20950778726389,0,1.20950778726389,2.41513513002865,1.41967576081583,0,1.20950778726389,0.57882709774059,0,0,0,0,0,0.57882709774059,0,0,0,0,0,0,0,0
"GCCGAGTCATAGACCG-1","3",1.91205973214532,0,0,0,0,0,0,0,0,0,0,0,0,0,0,0,0,0,0,0,0,0,0,0,0,0,0,0,0,0,0,0,0,0,0,0,0,0,0,0,0,0,0,0
"GCCGCTAAGGAACCTC-1","4",1.56568802821941,0,0,0,0,0,0,0,0,0,0,0,0,0,0,0,0,0,0,0,0,1.56568802821941,0.816244468087592,0,0,1.25959040527185,0,0,0.816244468087592,1.25959040527185,0,0,0,0,0,0,0,0,0,0,0,0,0,1.56568802821941
"GCCGTACGTCAGTAAG-1","10",0,0,0,0,0,0,0,2.76512042763226,0,0,0,0,0,0,0,0,0,0,2.13303872768881,0,0,0,0,0,0,0,0,0,0,0,0,0,0,0,0,0,0,0,0,0,0,0,0,0
"GCCGTCAAGGTTGCCG-1","3",2.5247402180092,0,0,0,0,0,0,0,0,0,0,0,0,0,0,0,0,0,0,0,0,0,0,0,0,1.90862732886202,0,0,0,0,0,0,0,0,0,0,0,0,0,0,0,0,0,0
"GCCGTTAGTGATCCTG-1","4",2.00376667074595,0,0,0,0,0,0,0,0,0,0,0,0,0,0,0,0,0,0,0,0,1.22564215036987,1.22564215036987,0,0,0,0,1.43709924717233,0.588962412572502,1.61155326393843,0,0,0,0,0,0,0.588962412572502,0,0,0,0,0,0.588962412572502,1.88931305995646
"GCCGTTGAGGGCTTAC-1","1",0,0,0,0,0,0,0,0,0,0,0,0,0,0,0,0,0,1.44640302156465,0,0,0,0,3.16693617883945,0,0,0,2.01431824420254,0,0,0,0,0,0,0,0,0,0,0,0,0,0,0,0,2.37429377101013
"GCCTAAATCACTCCAT-1","7",2.30983510441082,0,0,0,0,0,0,0,0,0,0,0,0,0,0,0,0.309622517802776,0.309622517802776,0,0,0,1.26423231418666,1.15608315998867,0,0,2.01921235745426,0.54570292859915,0.309622517802776,1.26423231418666,2.19544877220807,0,0,0,0,0,0,0,0,0,0,0,0,0,0.896758073576724
"GCCTAAATCTGGCCCT-1","1",1.64508996955032,0,0,0,0,0,0,0,0,0,0,0,0,0,0,0,0,0,0,0,0,1.12840990722079,1.98406079697734,0,0.528810527557219,1.98406079697734,1.33174596076765,0,0.528810527557219,1.77128270019088,0,0,0,0,0,0,0,0,0,0,0.528810527557219,0,0,1.77128270019088
"GCCTAACAGTAATGAG-1","6",0,2.04124208241363,0,0,0,0,0,0,0,0,0,0,0,0,0,0,0,2.04124208241363,0,0,0,0,0,0,0,3.63365531969376,0,0,0,0,0,0,0,0,0,0,0,0,0,0,0,0,0,4.9298115258443
"GCCTACCTCGACTGAC-1","0",2.76413669998093,0,0,0,0,0,0,0,0,0,0,0,0,0,0,0,0,0.628305477172538,0,0,0,0.628305477172538,1.28738379373579,0,0,1.83203566949919,0.628305477172538,1.28738379373579,1.50357204194813,1.01118745854386,0,0.628305477172538,0,0,0,0,0,0,0,0,0,0,0,0
"GCCTACTCAAATGGGA-1","2",1.32263650934791,0,0,0,0,0,0,0,0,0,0,0,0,0,0,0,0,0,0,0,0,0.865692767216787,1.87281826504998,0,0,2.22569453395549,0,0,1.63509707184299,1.32263650934791,0,0,0,0,0,0,0,0,0,0,0,0,0,0
"GCCTATGGTAGTCCCA-1","2",1.9956901747898,0,0,0,0,0,0,0,0,0,0,0,0,0,0,0,0,0,0,0,0,0,2.19127344393829,0,0,0.951395204590135,0.951395204590135,0,1.4299857252053,1.75231834611135,0,0,0,0,0,0,0,0,0,0,0,0,0,0
"GCCTATGGTCAGGAAC-1","0",1.45894511017569,0,0,0,0,0,0,0,0,0,0,0,0,0,0,0,0,1.78374904051496,0,0,0,0.974827455157447,0.974827455157447,0,0.974827455157447,1.45894511017569,0.974827455157447,0.974827455157447,0.974827455157447,1.45894511017569,0,0,0,0,0,0,0,0,0,0,0,0,0,0.974827455157447
"GCCTATGGTGCAGTAA-1","6",0,1.588336428744,0,0,0,0,0,0,0,0,0,0,0,0,0,0,0,0,0,0,0,0,0,0,0,2.17375076030077,0,0,0,0,0,0,0,0,0,0,0,0,0,0,0,0,0,3.58519480475744
"GCCTATGGTTATGGAG-1","8",2.32318182948587,0,0,0,0,0,0,0,0,0,0,0,0,0,0,0,0,1.1139097306069,0,0,0,0.704642144626978,1.1139097306069,0,0,1.81084498495456,0.704642144626978,0.704642144626978,0.704642144626978,1.40348763363935,0,0,0,0,0,0,0,0,0,0,0,0,0,1.965535648691
"GCCTCCACAAACCAAC-1","4",1.87727129412166,0,0.628101582187145,0,0,0,0,0,0,0,0,0,0,0,0,0,0,0.772604776288912,0,0,0,0.255688046291965,1.43623815985104,0,0.459132026615377,2.04135615676022,0.772604776288912,0.459132026615377,0.898838979520855,1.20321209201774,0,0,0,0,0,0,0,0,0,0,0,0,0,1.11167617204664
"GCCTCCACATCACGAG-1","7",2.19864806512107,0,0,0,0,0,0,0,0,0,0,0,0,0,0,0,0,0.480183394592701,0,0,0,0.803230255171945,1.78018717939735,0,0,2.05156647894396,0,0.480183394592701,0.480183394592701,2.05156647894396,0,0,0,0,0,0,0,0,0,0,0,0,0,0.803230255171945
"GCCTGCAAGCTTAACG-1","0",0.911339488424952,0,0.911339488424952,0,0,0,0,0,0,0,0,0,0,0,0,0,0,0,0,0,0,1.38010146686379,0.911339488424952,0,0.911339488424952,2.13277641323019,0,0,0,0,0,0,0.911339488424952,0,0,0,0,0,0,0,0,0,0,0
"GCCTGCTTCCTCACTG-1","7",1.32371470446765,0,0,0,0,0,0,0,0,0,0,0,0,0,0,0,0,1.04318248372878,0,0,0,1.54254367760407,1.54254367760407,0,0,2.12261371354504,0,0,0.651865521586641,3.0106933261941,0,0,0,0,0,0,0,0,0,0,0,0,0,0.651865521586641
"GCCTGGATCTAGTGTG-1","0",2.27043070561327,0,0,0,0,0,0,0,0,0,0,0,0,0,0,0,0,0,0,0,0,1.00675798063351,0,0,0,2.0727764476327,1.00675798063351,1.00675798063351,0,0,0,0,0,0,0,0,0,0,0,0,0,0,0,0
"GCCTGTGAGCATTGAT-1","7",1.3644037770591,0,0,0,0,0,0,0,0,0,0,0,0,0,0,0,0,0.347976129108977,0,0,0,0.81030572359627,1.3644037770591,0,0,2.27625829530714,1.55725706444744,0.98012667138578,0.605624884074435,2.13907414001786,0,0,0,0,0,0,0,0,0,0,0,0,0,0.605624884074435
"GCCTGTGAGGTAGCTC-1","2",1.30965515079819,0,0,0,0,0,0,0,0,0,0,0,0,0,0,0,0,0,0,0,0,0,2.04927090773075,0.855456458653133,0,1.62084140322864,0,0,0,2.04927090773075,0,0,0,0,0.855456458653133,0,0,0,0,0,0,0,0,0.855456458653133
"GCCTGTTCAATCGAGT-1","1",2.17547887170819,0,0.624535263228375,0,0,0,0,0,0,0,0,0,0,0,0,0,0,0.624535263228375,0,0,0,0.624535263228375,1.006042156977,0,0,1.28152637812289,1.006042156977,1.006042156977,0,2.17547887170819,0,0,0,0,0,0,0,0,0,0,0,0,0,1.49727915572985
"GCCTGTTCACCATCCG-1","1",2.27597824225363,0,0.435729160392897,0,0,0,0,0,0,0,0,0,0,0,0,0,0,0,0,0,0,0.738206580390043,0.970123394355334,0,0.738206580390043,2.15701118679634,0,0.738206580390043,0,1.68058951233203,0,0,0,0.435729160392897,0,0,0,0,0,0,0,0,0,1.68058951233203
"GCGAAAGTCAGCGGAA-1","0",2.13874374239167,0,0,0,0,0,0,0,0,0,0,0,0,0,0,0,0,0,0,0,0,0,0.810097784635753,0,0,1.79051056185953,1.79051056185953,0,0,1.5569614815455,0,0,0,0,0,0,0,0,0,0,0,0,0,0
"GCGAATTCAAATCGGT-1","14",0,0,0,0,0,0,0,0,0,0,0,0,0,0,0,0,0,0,0,0,0,0,0,0,0,1.74208004705927,0,0,0,0,0,0,0,0,0,0,0,0,0,0,0,0,0,0
"GCGAATTCAATAGGCT-1","0",1.76221449948429,0,0,0,0,0,0,0,0,0,0,0,0,0,0,0,0,1.07504655811793,0,0,0,0,1.58109165405374,0,0.675525150292407,2.16567855664973,0,0,0.675525150292407,1.35974347987893,0,0,0,0,0,0,0,0,0,0,0,0,0,0
"GCGAATTCAATGTATG-1","1",1.70427779747763,0,0,0,0,0,0,0,0,0,0,0,0,0,0,0,0,0,0,0,0,0,1.17825706901868,1.17825706901868,0,2.37438440676447,0,0,0.559369470645381,2.13955897351629,0,0,0,0,0,0,0,0,0,0,0,0,0,1.17825706901868
"GCGAATTCACTTACGC-1","0",1.62290612948497,0,0,0,0,0,0,0,0,0,0,0,0,0,0,0,0,0,0,0,0,0.856936489224972,0,0,0,2.05151276615483,0.856936489224972,0,0.856936489224972,0,0,0,0,0,0,0,0,0,0,0,0,0,0,0
"GCGAATTCATCCTGAC-1","4",2.38649047326485,0,0.418546189644017,0,0,0,0,0.418546189644017,0,0,0,0,0,0,0,0,0,0.418546189644017,0,0,0,1.28058728507045,0.418546189644017,0,0,1.64054971358604,0.418546189644017,0.712705189459602,0,1.41548977659279,0,0,0,0,0,0,0,0,0,0,0,0,0,1.53433792432677
"GCGACATTCTTGAGCA-1","3",3.68555633733997,1.87984220744979,0,0,0,0,0,0,0,0,0,0,0,0,0,0,0,0,0,0,0,0,0,0,0,0,0,0,0,0,0,0,0,0,0,0,0,0,0,0,0,0,0,0
"GCGACTTAGGATGGGC-1","0",2.82435920822881,0,0,0,0,0,0,0,0,0,0,0,0,0,0,0,0,0,0,0,0,1.3563103964635,0,0,1.3563103964635,1.67199320025238,0,0,0,1.67199320025238,0,0,0,0,0,0,0,0,0.892375914705195,0,0,0,0,0.892375914705195
"GCGAGGTAGCCTGTCC-1","0",1.89971230210815,0,0,0,0,0,0,0,0,0,0,0,0,0,0,0,0,1.06286664703804,0,0,0,1.06286664703804,1.06286664703804,0,0,2.65764068936167,1.06286664703804,0,0,1.06286664703804,0,0,0,0,0,0,0,0,0,0,0,0,0,1.5663872141438
"GCGAGGTAGTGAATGA-1","4",1.86874288867367,0,0,0,0,0,0,0,0,0,0,0,0,0,0,0,0,0.611448520309116,0,0,0,1.373930065967,1.56735398607699,0,0.351747555748705,1.373930065967,0.351747555748705,0.611448520309116,0.611448520309116,1.80147799048908,0,0,0,0.351747555748705,0,0,0,0,0,0,0,0,0,1.373930065967
"GCGAGTAAGGTAGCGA-1","0",1.91550807631439,0,0,0,0,0,0,0,0,0,0,0,0,0,0,0,0,0,0,0,0,0,0.895106722420111,0,0.895106722420111,2.10875576850449,0.895106722420111,0.895106722420111,0,0,0,0,0,0,0,0,0,0,0,0,0,0,0,0
"GCGAGTTTCACGGAAG-1","0",2.386698160942,0,1.09041335355623,0,0,0,0,0,0,0,0,0,0,0,0,0,0,0,0,0,0,1.09041335355623,0,0,1.93535626080875,1.59959109262016,0,1.93535626080875,0,0,0,0,0,0,0,0,0,0,0,0,0,0,0,1.59959109262016
"GCGATAAGTTGAGCCC-1","8",2.13416392235366,0,0,0,0,0,0,0,0,0,0,0,0,0,0,0,0,0,0,0,0,0,1.43338022151079,0,0,1.43338022151079,0,0.724782792446439,1.14057454386996,1.43338022151079,0,0,0,0.724782792446439,1.43338022151079,0,0,0,0,0,0,0,0,2.62259340289127
"GCGATCCGTGAGCGCA-1","7",1.91390506857141,0,0,0,0,0,0,0,0,0,0,0,0,0,0,0,0,0,0,0,0,1.91390506857141,1.35834638332939,0,0.893995186226763,1.67422022699858,0,0.893995186226763,1.35834638332939,2.26895255136303,0,0,0,0,0,0,0.893995186226763,0,0,0,0,0,0,0
"GCGATCCGTTAATGGG-1","0",2.21287878803916,0,0.96637502344388,0,0,0,0,0,0,0,0,0,0,0,0,0,0,0,0,0,0,0,0,0,0,2.51759928922192,0,0,0,2.21287878803916,0,0,0,0,0,0,0,0,0,0,0,0,0,0
"GCGATCCGTTCCGCTT-1","0",2.36128883231072,0,0,0,0,0,0,0,0,0,0,0,0,0,0,0,0,0,0,0,0,0,0,0,0,2.73481645533953,0,0,0,0,0,0,0,0,0,0,0,0,0,0,0,0,0,0
"GCGATCCGTTCGCAAT-1","4",2.32172955267716,0,0,0,0,0,0,0,0,0,0,0,0,0,0,0,0,0,0,0,0,1.19341392245025,0,0,0,1.72216721270861,2.06622542658758,1.72216721270861,0,0,0,0,0,0,0,0,0,0,0,0,0,0,0,1.19341392245025
"GCGATGTTCAGCATTG-1","5",2.24224817470825,0,0.789396717301571,0,0,0,0,0,0,0,0,0,0,0,0,0,0,0,0,0,0,0.789396717301571,1.22499090216587,0,1.22499090216587,2.1056458570691,0.789396717301571,0,0,2.1056458570691,0,0,0,0,0,0,0,0,0,0,0,0,0,0
"GCGCATTAGGTCCAAC-1","0",1.89948072918183,0,0,0,0,0,0,0,0,0,0,0,0,0,0,0,0,0,0,0,0,0.884017875944132,0.536670515177739,0,0.303913235613684,2.32570947896684,1.14132332426372,0.884017875944132,0.884017875944132,1.66047653078897,0,0,0,0.303913235613684,0,0,0,0,0,0,0,0,0,0.884017875944132
"GCGCATTAGTCGCTGG-1","5",1.94194351822175,0,0,0,0,0,0,0,0,0,0,0,0,0,0,0,0,0.785934961879794,0,0,0,1.22050993875609,1.75402832933928,0,0,2.73003949435588,0.785934961879794,1.22050993875609,0.785934961879794,1.75402832933928,0,0,0,0,0,0,0,0,0,0,0,0,0,1.22050993875609
"GCGCCTAAGCTAATGT-1","4",2.2718725486922,0,0,0,0,0,0,0,0,0,0,0,0,0,0,0,0,0,0,0,0,0.895920863927456,0.895920863927456,0,0,2.01798589135412,1.15511414466006,0,0.545108345086343,1.15511414466006,0,0,0,0,0.545108345086343,0,0,0,0,0,0,0,0,0.895920863927456
"GCGCCTAAGGAACTAA-1","3",1.91107742460252,0,2.52738625588589,0,0,0,0,0,0,0,0,0,0,0,0,0,0,2.52738625588589,0,0,0,0,0,0,0,0,0,0,0,0,0,0,0,0,0,0,0,0,0,0,0,0,0,0
"GCGCCTAAGTCATGGC-1","5",1.85632161574806,0,0.732382432476165,0,0,0,0,0,0,0,0,0,0,0,0,0,0,0.732382432476165,0,0,0,0,0.732382432476165,0,0,2.26594620444593,1.15059116719208,1.15059116719208,1.15059116719208,2.01225704905588,0,0,0,0,0,0.732382432476165,0,0,0,0,0,0,0,1.44458466584048
"GCGCCTAAGTCGAACC-1","0",1.53678872974404,0,0.548079215307006,0,0,0,0,0,0,0,0,0,0,0,0,0,0,0.548079215307006,0,0,0,0.548079215307006,0.900102004524237,0,1.15995226926747,2.20046344656436,1.15995226926747,0,0.900102004524237,0,0,0,0,0,1.15995226926747,0,0,0,0,0,0,0,0,0
"GCGCTAACATTAGTTC-1","3",2.35105865117698,0,0,0,0,0,0,0,0,0,0,0,0,0,0,0,0,0,0,0,0,0,0,0,0,0,0,0,0,0,0,0,0,0,1.74891078375771,0,0,0,0,0,0,0,0,0
"GCGCTAGTCACTCACT-1","5",1.94839999064838,0,0,0,0,0,0,0,0,0,0,0,0,0,0,0,0,0.69460034144002,0,0,0,1.38847331132769,1.7941802321989,0,0.69460034144002,2.71076106222497,0.69460034144002,0,1.10054936762529,1.7941802321989,0,0,0,0.69460034144002,1.10054936762529,0,0,0,0,0,0,0,0,0.69460034144002
"GCGCTCAAGGAGGTCA-1","0",2.10264289322058,0,0,0,0,0,0,0,0,0,0,0,0,0,0,0,0,0,0,0,0,0,1.02852781916606,0,1.52472724380445,2.84330965950905,0,1.02852781916606,0,0,0,0,0,0,0,0,0,0,0,0,0,0,0,0
"GCGCTCAAGTGGCTTA-1","0",2.02328318098071,0,0,0,0,0,0,0,0,0,0,0,0,0,0,0,0,0,0,0,0,1.15930125268211,0,0,0,2.79201969233477,0,0,0,2.27735142397372,0,0,0,0,0,1.15930125268211,0,0,0,0,0,0,0,0
"GCGCTTGAGATAGCCC-1","2",1.63354724111964,0,0,0,0,0,0,0,0,0,0,0,0,0,0,0,0,0,0,0,0,0.864577916746724,2.06306050665172,0,0,2.06306050665172,0,0,0.864577916746724,1.32122441731472,0,0,0,0,0,0,0,0,0,0,0,0,0,0.864577916746724
"GCGCTTGAGCATCCTT-1","4",2.1667615329001,0,0,0,0,0,0,0,0,0,0,0,0,0,0,0,0,0.619976935477513,0,0,0,0.619976935477513,0.619976935477513,0,0.999811814037493,1.94765094290442,0,0.619976935477513,0,1.48964951773653,0,0,0,0,0,0,0,0,0,0,0,0,0,2.06319545279074
"GCGGAGACAATCCGTC-1","3",2.00675659933433,0,0,0,0,0,0,0,0,0,0,0,0,0,0,0,0,0,0,0,0,0,0,0,0,0,0,0,0,0,0,0,0,0,0,0,0,0,0,0,0,0,0,0
"GCGGAGTAGATTGAAG-1","6",0,2.26314385595782,1.66895739931668,0,0,0,0,0,0,0,0,0,0,0,0,0,0,0,0,0,0,0,0,0,0,1.66895739931668,0,0,1.66895739931668,0,0,0,0,0,0,0,0,0,0,0,0,0,1.66895739931668,4.24715313350651
"GCGGCTATCCGCACGA-1","1",2.31968229017383,0,1.1113048706232,0,0,0,0,0,0,0,0,0,0,0,0,0,0,0.702681688329748,0,0,0,0.702681688329748,2.09606774269404,0,0,1.80760018332535,0,1.1113048706232,0,2.21411247027371,0,0,0,1.1113048706232,0,0,0,0,0,0,0,0,0,1.1113048706232
"GCGGGAACATGCTCGT-1","1",1.74802881897948,0,0,0,0,0,0,0,0,0,0,0,0,0,0,0,0,0,0,0,0,1.21539786183887,1.21539786183887,0,0,2.35009262255822,1.21539786183887,0.781989955921532,1.21539786183887,2.35009262255822,0,0,0,0,0,0,0,0,0,0,0,0,0,1.21539786183887
"GCGGGTAGTTAGCGAA-1","0",2.23732106466724,0,0,0,0,0,0,0,0,0,0,0,0,0,0,0,0,1.64559632969763,0,0,0,0,1.12883436901669,0,0,1.98460196242277,0,1.12883436901669,0,1.12883436901669,0,0,0,0,0,0,0,0,0,0,0,0,0,0
"GCGGGTTCATCATATC-1","0",2.15114131724024,0,0,0,0,0,0,0,0,0,0,0,0,0,0,0,0,0,0,0,0,0,1.44806072124512,0,0,2.01619689218134,0,0.734745698938763,0,1.15370112663564,0,0,0,0,0,0,0,0,0,0,0,0,0,1.15370112663564
"GCGGTAAAGGATGAAC-1","0",2.03364238351711,0,0,0,0,0,0,0,0,0,0,0,0,0,0,0,0,0,0,0,0,1.60645791874308,0,0,0,2.03364238351711,1.2965742662121,0,0,0.845170200010087,0,0,0,0.845170200010087,0,0,0,0,0,0,0,0,0,0
"GCGGTAGGTAATGTGG-1","5",1.63048576092797,0,0.706353909494712,0,0,0,0,0,0,0,0,0,0,0,0,0,0,0.706353909494712,0,0,0,0.706353909494712,1.40603961858142,0,0.706353909494712,2.969316202532,0,0.706353909494712,0,1.40603961858142,0,0,0,0.706353909494712,0.706353909494712,0,0,0,0,0,0,0,0,0
"GCGGTGAGTTCAATCA-1","0",3.02208083936722,0,0,0,0,0,0,0,0,0,0,0,0,0,0,0,0,0,0,0,0,0,0.87350177927701,0,0,1.3325158444303,0.87350177927701,0,0,1.3325158444303,0,0,0,0,0,0,0,0,0,0,0,0,0,0
"GCGTAAAGTTAGCAAG-1","8",1.89786174582248,0.665400234355774,0,0,0,0,0,0,0,0,0,0,0,0,0,0,0,0,0,0,0,1.06144259484975,2.03036716565426,0,0,1.89786174582248,0.665400234355774,0,0.665400234355774,1.89786174582248,0,0,0,0,0,0,0,0,0,0,0,0,0,2.51310750358392
"GCGTAATCAGCCATAG-1","4",1.67014676003047,0.62196772040443,1.00253410937831,0,0,0,0,0,0,0,0,0,0,0,0,0,0,0,0,0,0,0,1.49298453668202,0,1.27753041618933,0,0,1.27753041618933,1.00253410937831,0.62196772040443,0,0,0,0,0,0,0,0,0,0,0,0,0,0.62196772040443
"GCGTAATCAGCCATCT-1","0",1.56262045800367,0,0,0,0,0,0,0,0,0,0,0,0,0,0,0,0,0,0,0,0,0.562048015051652,1.39054688422801,0,0,1.18258104355191,0,0.562048015051652,0.562048015051652,1.70938631313152,0,0,0,0,0.562048015051652,0,0,0,0,0,0,0,0,0
"GCGTACCGTCAGGGAT-1","0",1.68737742722951,0,0,0,0,0,0,0,0,0,0,0,0,0,0,0,0,0.903581827259103,0,0,0,0.903581827259103,0,0,0,1.68737742722951,1.37038283208645,0,0,1.92770473515056,0,0,0,0,0,0.903581827259103,0,0,0,0,0,0,0,0
"GCGTACCGTCTAACGT-1","11",0,0,0,0,0,0,0,0,0,0,0,0,0,0,1.27908797507178,0,0,0,0,0,0,1.27908797507178,1.27908797507178,0,0,2.43128116281213,1.27908797507178,1.27908797507178,0,1.27908797507178,0,0,0,1.27908797507178,0,0,0,0,0,0,0,0,0,1.27908797507178
"GCGTAGCCAAGCATCG-1","7",1.52839271651906,0,0,0,0,0,0,0,0,0,0,0,0,0,0,0,0,0,0,0,0,0,1.8588167059696,0,0,2.30527149762418,1.03153901375363,1.03153901375363,0,3.19744544273396,0,0,0,0,0,0,0,0,0,0,0,0,0,1.52839271651906
"GCGTAGCCAGCTCTCG-1","4",2.32465267971111,0,0,0,0,0,0,0,0,0,0,0,0,0,0,0,0,0.53618422552622,0,0,0,0.53618422552622,0.53618422552622,0,0.53618422552622,1.51454623319802,0,0.88333062140654,0,1.99948381916166,0,0,0,0,0,0,0,0,0,0,0,0,0,0.88333062140654
"GCGTATATCGTACCTT-1","3",3.12201129234711,0,0,0,0,0,0,0,0,0,0,0,0,0,0,0,0,0,0,0,0,0,0,0,0,3.12201129234711,0,0,0,0,0,0,0,0,0,0,0,0,0,0,1.85988428510494,0,0,0
"GCGTATTGTAGGTACA-1","3",1.98640864111952,0,0,0,0,0,0,0,0,0,0,0,0,0,0,0,0,0,0,0,0,0,0,0,0,1.98640864111952,0,0,0,0,0,0,0,0,0,0,0,0,0,0,0,0,0,0
"GCGTCAACAAGCCAAT-1","11",0,0,1.34823602801338,0,0,0,0,0,0,0,0,0,0,0,0,0,0,1.34823602801338,0,0,0,0,0,0,0,2.25673814178163,0,0,0,0,0,0,0,0,0,0,0,0,0,0,0,0,0,0
"GCGTGAAAGATACTAC-1","5",2.19533052527546,0,0,0,0,0,0,0,0,0,0,0,0,0,0,0,0,0,0,0,0,0,1.29773357211255,0,0,2.33345028511278,0,0.846080667387933,0,1.84403241487607,0,0,0,0.846080667387933,0,0,0,0,0,0,0,0,0,0
"GCGTGAAAGCTATCTC-1","0",1.75587450046734,0,0,0,0,0,0,0,0,0,0,0,0,0,0,0,0,0.954036971577283,0,0,0,0,0,0,0,2.73212621683327,0,1.43325866605789,0,0.954036971577283,0,0,0,0,0,0,0,0,0,0,0,0,0,0
"GCGTGAAAGGATGTCC-1","1",1.22745841616627,0,0,0,0,0,0,0,0,0,0,0,0,0,0,0,0,0,0,0,0,0,1.76217453073825,0,0.791304493255571,1.76217453073825,0.791304493255571,1.530138796342,0.791304493255571,2.10871337382579,0,0,0,0,0.791304493255571,0,0,0,0,0,0,0,0,1.22745841616627
"GCGTGAAAGTCATGGC-1","0",1.96672431838522,0,0.930906012852557,0,0,0,0,0,0,0,0,0,0,0,0,0,0,0,0,0,0,0,1.72462550250993,0,0.930906012852557,1.72462550250993,0,0,0,1.72462550250993,0,0,0,0,0,0,0.930906012852557,0,0,0,0,0,0,0.930906012852557
"GCGTGAGGTAATGCAG-1","1",2.13566668433679,0,0,0,0,0,0,0,0,0,0,0,0,0,0,0,0,0,0,0,0,1.05280275263682,2.3348933362267,0,0,1.05280275263682,0,0,0,2.87869522823433,0,0,0,1.05280275263682,1.05280275263682,0,0,0,0,0,0,0,0,1.05280275263682
"GCGTGAGGTAGTAACG-1","5",2.4259994742083,0,0,0,0,0,0,0,0,0,0,0,0,0,0,0,0,1.11929892727683,0,0,0,0,1.11929892727683,0,0,1.63421101763932,0,0,1.11929892727683,1.11929892727683,0,0,0,0,1.11929892727683,0,0,0,0,0,0,0,0,0
"GCGTGAGGTGGAGAGA-1","8",1.80947696635039,0,0,0,0,0,0,0,0,0,0,0,0,0,0,0,0,0,0,0,0,0.994146717892255,2.25256332290543,0,0,2.0553626749956,0.994146717892255,0,0,2.25256332290543,0,0,0,0,0,0,0,0,0,0,0,0,0,0
"GCGTGCATCGTGATTG-1","6",1.77447081929978,1.77447081929978,0,0,0,0,0,0,0,0,0,0,0,0,0,0,0,0,0,0,0,0,0,0,0,1.77447081929978,0,0,0,0,0,0,0,0,0,0,0,0,0,0,0,0,0,3.41388185531253
"GCGTGTTAGTGAAGCG-1","2",2.88514538820607,0,0,0,0,0,0,0,0,0,0,0,0,0,0,0,0,0,0,0,0,0,2.44810060140142,0,0,1.99331350608226,1.13567405246668,0,0,2.44810060140142,0,0,0,0,0,0,0,0,0,0,0,0,0,1.13567405246668
"GCGTTCTCATTACCTG-1","13",2.2906131819356,0,0,0,0,0,0,0,0,0,0,0,0,0,0,0,0,0,0,0,0,0,0,0,2.2906131819356,2.2906131819356,0,0,0,2.2906131819356,0,0,0,0,0,0,0,0,0,0,0,0,0,0
"GCTAAACCAAGTGCTG-1","5",2.37453312749892,0,0,0,0,0,0,0,0,0,0,0,0,0.475690358993819,0,0,0,0.475690358993819,0,0,0,0,1.53788780119673,0,0.796718315271395,1.77036515130426,0,0.796718315271395,1.03934838812966,2.42966871649722,0,0,0,0,0,0,0,0,0,0,0,0,0,0.475690358993819
"GCTAAACCAGGTATGT-1","12",3.24024104638821,0,0,0,0,0,0,0,0,0,0,0,0,0,0,0,0,0,0,0,0,0,0,0,0,0,0,0,0,0,0,0,0,0,0,0,0,0,0,0,0,0,0,0
"GCTAAAGGTTCGCGTA-1","9",0,0,0,0,0,0,0,0,0,0,0,0,0,0,0,0,0,0,0,0,0,0,0,0,0,0,0,0,0,0,0,0,0,0,0,0,0,0,0,0,0,0,2.58210435582863,0
"GCTAAAGGTTGACGCC-1","0",1.48025114835993,0,0,0,0,0,0,0.756755441104426,0,0,0,0,0,0,0,0,0,0.756755441104426,0,0,0,0,1.7093554259336,0,0,1.18255488967298,0.756755441104426,1.18255488967298,0.756755441104426,0.756755441104426,0,0,0,0,0,0,0,0,0,0,0,0,0,1.18255488967298
"GCTAAATTCTGTCTAC-1","2",1.32445712887098,0,0,0,0,0,0,0,0,0,0,0,0,0,0,0,0,0,0,0,0,0,1.87491840179868,0,0.867130640057247,1.87491840179868,0,0,0.867130640057247,0.867130640057247,0,0,0,0,0,0,0,0,0,0,0,0,0,0
"GCTAACATCAGGAAGT-1","0",0.909209687142782,0,0.909209687142782,0,0,0,0,0,0,0,0,0,0,0,0,0,0,0.909209687142782,0,0,0,0.909209687142782,0.909209687142782,0,0,0.909209687142782,0,1.37743519281115,0.909209687142782,0,0,0,0,0,0,0,0,0,0,0,0,0,0,0.909209687142782
"GCTAACATCCCGCAAG-1","0",2.12846078679514,0,0,0,0,0,0,0,0,0,0,0,0,0,0,0,0,0,0,0,0,1.04748779585471,1.54776722184278,0,0,0,0,0,0,1.54776722184278,0,0,0,0,0,0,0,0,0,0,0,0,0,1.54776722184278
"GCTAATGTCCACCGCT-1","0",1.63737291795539,0,0,0,0,0,0,0,0,0,0,0,0,0,0,0,0,0,0,0,0,0,1.41250610572526,0,0,2.22821584453596,0.710697792693087,0.710697792693087,0,1.12194531610153,0,0,0,0,0,0.710697792693087,0,0,0,0,0,0,0,0.710697792693087
"GCTAATGTCCATAGTG-1","4",2.43685028256364,0,0,0,0,0,0,0,0,0,0,0,0,0,0,0,0,0,0,0,0,1.33056744622173,1.12732677062514,0,0,2.07417442449222,0,0.528153063134976,0,1.76995372375375,0,0,0,0,0,0,0,0,0,0,0,0,0,0
"GCTACCCTCGATGCTA-1","0",2.44428325701908,0,0,0,0,0,0,0,0,0,0,0,0,0,0,0,0,0,0,0,0,0.671193782093091,1.06923266812781,0,0.671193782093091,2.59789535274006,0,1.06923266812781,0.671193782093091,1.06923266812781,0,0,0,0,0,0,0,0,0,0,0,0,0,0.671193782093091
"GCTACCTCACCTATAT-1","7",1.75276517193808,0.390049371370288,0.669933532916213,0,0,0,0,0,0,0,0,0,0,0,0,0,0,0,0,0,0,1.06753944449117,1.21943324774905,0,0,2.52166352810516,0,0.390049371370288,0.669933532916213,2.30896674772234,0,0,0,0,0,0,0,0,0,0,0,0,0,0.888368982213618
"GCTACCTCAGGTTCCT-1","4",2.27328764931057,0,0,0,0,0,0,0,0,0,0,0,0,0,0,0,0,0,0,0,0,0.736642138972895,1.67814980581045,0,0.736642138972895,1.86323439123871,0,0,0.434670921577096,0.736642138972895,0,0,0,0,0,0,0,0,0,0,0,0,0,1.45084734423161
"GCTACTGGTAGTAGAT-1","2",1.49038171451844,0,0,0,0,0,0,0,0,0,0,0,0,0,0,0,0,0,0,0,0,0.763728275098441,2.19987021612181,0,0,1.90677065353783,1.19165516190869,0,0,1.90677065353783,0,0,0,0,0,0,0,0,0,0,0,0,0,0
"GCTACTGGTGGCGTTC-1","0",2.64524273621383,0,0,0,0,0,0,0,0,0,0,0,0,0,0,0,0,0,0,0,0,0,0,0,0,2.52180142708972,0,0,0,1.45201562357044,0,0,0,0.969208748544844,0,0,0,0,0,0,0,0,0,1.45201562357044
"GCTAGGGGTGAAGGCT-1","5",1.86229205662466,0,0.858500295260349,0,0,0,0,0,0,0,0,0,0,0,0,0,0,0,0,0,0,0.858500295260349,0,0,0,2.7698231749201,0.858500295260349,0.858500295260349,0.858500295260349,2.21459678509713,0,0,0,0,0.858500295260349,0,0,0,0,0,0,0,0,0
"GCTAGGTTCCTGAAGC-1","6",0,1.4769391540352,0,0,0,0,0,0,0,0,0,0,0,0,0,0,0,0,0,0,0,0,1.4769391540352,0,0,1.4769391540352,0,0,0,0,0,0,0,0,0,0,0,0,0,0,0,0,0,4.12441071060596
"GCTAGGTTCTAGCCGG-1","0",1.57142840179306,0,0,0,0,0,0,0,0,0,0,0,0,0,0,0,0,0,0,0,0,0.669561067785595,1.35070324330345,0,1.06703887384427,2.25972117979296,1.06703887384427,0.669561067785595,0.669561067785595,1.35070324330345,0,0,0,0,0,0,0,0,0,0,0,0,0,0
"GCTAGTCAGCAACCCG-1","0",2.42316021167706,0,0,0,0,0,0,0,0,0,0,0,0,0,0,0,0,0,0,0,0,1.27266746916375,1.27266746916375,0,1.27266746916375,1.81494320630296,1.27266746916375,0.826445606839018,0,1.81494320630296,0,0,0,0,0,0,0.826445606839018,0,0,0,0,0,0,0
"GCTAGTCAGGATTACT-1","0",2.55126173714448,0,0,0,0,0,0,0,0,0,0,0,0,0,0,0,0,0,0,0,0,1.0532077991984,1.0532077991984,0,0.483831048195989,2.68717419146558,0.483831048195989,0,0.483831048195989,0.483831048195989,0,0,0,0,0,0.483831048195989,0,0,0,0,0,0,0,0
"GCTAGTCAGGCTCTGG-1","1",2.44095579690476,0,0,0,0,0,0,0,0,0,0,0,0,0,0,0,0,0,0,0,0,1.01063146506117,1.73334629846116,0,0,2.27589984466701,1.01063146506117,0.458971185365887,0.458971185365887,2.21421622743554,0,0,0.458971185365887,0,0,0,0.458971185365887,0,0,0,0,0,0,0.772369648435449
"GCTAGTTGTGAGATCA-1","0",0.825074723602493,0,0,0,0,0,0,0,0,0,0,0,0,0,0,0,0,0,0,0,0,0,0.825074723602493,0,0,1.81290190580186,0,0,0.825074723602493,1.27091228700105,0,0,0,0,0,0,0,0,0,0,0.825074723602493,0,0,2.52880084334523
"GCTAGTTGTTTACTTC-1","4",2.08446270779736,0,0,0,0,0,0,0,0,0,0,0,0,0,0,0,0,0,0,0,0,0.878818981212867,1.65329444199529,0,0,2.38475278604917,0.532994293679234,1.33923109137963,0.878818981212867,1.50854189897013,0,0,0,0.532994293679234,0,0,0,0,0,0,0,0,0,1.89193902844497
"GCTATGATCAATCTCC-1","0",1.63529105164607,0,0,0,0,0,0,0,0,0,0,0,0,0,0,0,0,0,0,0,0,0.709383548401456,0.709383548401456,0.709383548401456,0.709383548401456,1.81867545209923,0,0.709383548401456,0,1.12020272072885,0,0,0,0,0,0,0,0,0,0,0,0,0,0
"GCTATTGAGGTAACGG-1","8",1.72709248768823,0,0,0,0,0,0,0,0,0,0,0,0,0,0,0,0,0.768286825146037,0,0,0,0,1.49698745408964,0,0.768286825146037,2.07146181127019,0,1.19759412221696,0,2.43401891152484,0,0,0,0,0,0,0,0,0,0,0,0,0,2.53057238575865
"GCTCACCTCTGGCTGG-1","7",2.32601075545045,0,0,0,0,0,0,0,0,0,0,0,0,0,0,0,0,0,0,0,0,0,1.87827551655027,0,0,1.87827551655027,0,1.32736848497661,0,2.81558459455403,0,0,0,0,0,0,0,0,0,0,0,0,0,0
"GCTCAGGTCCGCGTAG-1","0",1.94061461225251,0,0,0,0,0,0,0,0,0,0,0,0,0,0,0,0,0,0,0,0,1.09449596364191,0,0,0,1.60449628519397,0,0,0,1.09449596364191,0,0,0,0,0,0,0,0,0,0,0,0,0,0
"GCTCATAAGCCCTGGA-1","4",1.35204693400533,0,0,0,0,0,0,0,0,0,0,0,0,0,0,0,0,0,0,0,0,1.52206179063153,0.540189675913022,0,0,2.09965141229548,0.540189675913022,0.88898726410892,0.540189675913022,1.79414439761821,0,0,0,0,0,0.540189675913022,0,0,0,0,0,0,0,0.540189675913022
"GCTCATAAGTACGCCG-1","10",2.88116376274183,0,0,0,0,0,0,0,0,0,0,0,0,0,0,0,0,0,0,0,4.444708951807,0,0,2.88116376274183,0,0,0,0,0,0,0,0,0,0,0,0,2.88116376274183,0,0,0,0,0,0,0
"GCTCATGGTAGGTGTA-1","0",1.58257522745977,0,0,0,0,0,0,0,0,0,0,0,0,0,0,0,0,0,0,0,0,0.828184142867963,1.81752999153237,0,0,1.58257522745977,0.828184142867963,0.828184142867963,1.27489239912571,0,0,0,0,0,0,0,0,0,0,0,0,0,0,0
"GCTCCAAGTATGTACC-1","0",2.05640247430286,0,0,0,0,0,0,0,0,0,0,0,0,0,0,0,0,0.616387244136992,0,0,0,0,0.616387244136992,0,0,1.81047422275296,0.616387244136992,0.616387244136992,0,0,0,0,0,0,0,0,0,0,0,0,0,0,0,0
"GCTCCAAGTTTCGAGT-1","5",3.02080545378021,0,0,0,0,0,0,0,0,0,0,0,0,0,0,0,0,0,0,0,0,0,1.70507544234228,0,0,2.30294517221536,0.916530799094129,0,0,2.30294517221536,0,0,0,0,0,0,0,0,0,0,0,0,0,0.916530799094129
"GCTCCCACAGCTCGTT-1","4",1.94281369467034,0,0.468650110076745,0,0,0,0,0,0,0,0,0,0,0,0,0,0,0,0,0,0,0.468650110076745,1.52322948695903,0,0,1.22122610753732,0.786487999062763,0,0,1.85324999189027,0,0,0,0.468650110076745,0,0,0,0,0,0,0,0,0,1.7548683972205
"GCTCCCACATTGGGCA-1","0",2.05815845027104,0,0,0,0,0,0,0,0,0,0,0,0,0,0,0,0,0,0,0,0,0,0.861330458127816,0,0.861330458127816,2.05815845027104,0.861330458127816,0.861330458127816,0.861330458127816,0.861330458127816,0,0,0,0,0,0,0,0,0,0,0,0,0,0
"GCTCCGTTCAATGTGT-1","0",2.24332327423726,0,0,0,0,0,0,0,0,0,0,0,0,0,0,0,0,1.52834559084382,0,0,0,0,1.22584051060974,0,1.22584051060974,1.94841719068713,0,0.790053477547623,0,1.22584051060974,0,0,0,0,0,0,0,0,0,0,0,0,0,0
"GCTCCGTTCGATCGGT-1","9",3.35425633554896,0,0,0,0,0,0,0,0,0,0,0,0,0,0,0,0,0,0,0,0,0,0,0,0,2.69544810697013,0,0,0,0,0,0,0,0,0,0,0,0,0,0,0,0,0,0
"GCTCCTGCAAGTGATC-1","0",0.744070404270821,0,0,0,0,0,0,0,0,0,0,0,0,0,0,0,0,0,0,0,0,1.16594951843692,1.46173865480454,0,0,2.03168215820064,1.16594951843692,0.744070404270821,0,1.16594951843692,0,0,0,0.744070404270821,0,0,0.744070404270821,0,0,0,0,0,0,0.744070404270821
"GCTCCTGCATTGACGG-1","1",1.57849069006914,0,0,0,0,0,0,0,0,0,0,0,0,0,0,0,0,0.495471724127996,0,0,0,1.43659800346497,1.57849069006914,0,0,2.086168257305,0,0,0.825290859440386,2.16277890185231,0,0,0,0,0,0,0,0,0,0,0,0,0,0.495471724127996
"GCTCCTTGTGATGATG-1","10",0,0,0,0,0,0,0,2.7758760876398,0,0,0,0,0,0,0,0,0,1.79468210501893,1.79468210501893,0,0,0,0,0,0,0,0,0,0,0,0,0,0,0,0,0,0,0,0,0,0,0,0,0
"GCTCGATAGCCGACTG-1","8",1.5246803859998,0,0,0,0,0,0,0,0,0,0,0,0,0,0,0,0,0,0,0,0,1.22253449173306,2.35926157205627,0,0.787498587519971,2.80775026082386,0.787498587519971,0.787498587519971,0.787498587519971,2.23913845277754,0,0,0,0,0,0,0,0,0,0,0,0,0,2.10259031237107
"GCTCGATAGGTTAGCC-1","2",1.740644302717,0,0,0,0,0,0,0,0,0,0,0,0,0,0,0,0,0.66279265000163,0,0,0,0,1.05793131466657,0,0.66279265000163,2.0257007265374,0.66279265000163,1.34040989984853,0.66279265000163,1.740644302717,0,0,0,0,0,0,0.66279265000163,0,0,0,0,0,0,0
"GCTCGATAGTGCTCGG-1","7",1.87157657058366,0,0,0,0,0,0,0,0,0,0,0,0,0,0,0,0,0,0,0,0,0,1.54023555105427,0,0,2.48466224064588,0,2.12002890457067,0,3.1352391789474,0,0,0,0,0,0,0,0,0,0,0,0,0,0
"GCTCGCTTCTAGTAAC-1","0",2.04231166446074,0,0.556971524868677,0,0,0,0,0,0,0,0,0,0,0,0.556971524868677,0,0,0,0,0,0,0.556971524868677,1.38166230203466,0,0,2.66839528516941,0.912586802673966,0.912586802673966,0.556971524868677,0,0,0,0,0,0,0,0,0,0,0,0,0,0,0
"GCTCGCTTCTGTGAGC-1","0",1.68236931078481,0,0,0,0,0,0,0,0,0,0,0,0,0,0,0,0,0,0,0,0,1.1597518700716,0,0,0,2.79263598840515,0,0,0.739348724854567,0,0,0,0,0,0,0,0,0,0,0,0,0,0,0
"GCTCGTAGTCAGGCGA-1","0",1.44137430372661,0,0,0,0,0,0,0,0,0,0,0,0,0,0,0,0,0,0,0,0,1.14771993103919,0,0,0.730202140329799,2.00861672248215,1.14771993103919,1.44137430372661,0,1.66808418900603,0,1.14771993103919,0,0.730202140329799,0,0,0,0,0,0,0,0,0,0
"GCTCGTAGTTGTAGGA-1","10",2.02138708338238,0,0,0,0,0,0,0,0,0,0,0,0,0,0,0,0,0,0,0,0,0,0,2.64600293497581,0,2.02138708338238,0,0,0,0,0,0,0,0,0,0,2.64600293497581,0,0,0,0,0,0,0
"GCTCTATTCACCAGCG-1","4",1.7151709445818,0,0,0,0,0,0,0,0,0,0,0,0,0,0,0,0,0.760528393019987,0,0,0,0.760528393019987,1.18748138691888,0,0.760528393019987,1.90166442024108,0,0,0.450886547118271,1.48573669811964,0,0,0,0,0,0,0,0,0,0,0,0,0,2.47016185326873
"GCTCTATTCAGCTAAT-1","5",2.76416230397049,0,0.657058230245675,0,0,0,0,0,0,0,0,0,0,0,0,0,0,0,0,0,0,1.05019834285839,1.73086672481507,0,0,2.01540461357507,0.657058230245675,1.05019834285839,0.657058230245675,1.33166048093407,0,0,0,0,0,0,0,0,0,0,0,0,0,1.05019834285839
"GCTCTATTCCATGCGG-1","11",1.66269508910763,0,0,0,0,0,0,0,0,0,0,0,0,0,0,0,0,0,0,0,0,0,0,0,1.14318791325681,2.45819990192619,0,0,0,0,0,0,0,1.14318791325681,0,0,0,0,0,0,0,0,0,1.14318791325681
"GCTCTCATCATGTCCT-1","7",2.11648862170071,0,0,0,0,0,0,0,0,0,0,0,0,0,0,0,0,0,0,0,0,0.796150045099641,1.95797222935648,0,0,2.37359450925517,0,0.796150045099641,0.796150045099641,1.95797222935648,0,0,0.796150045099641,0,0,0,0,0,0,0,0,0,0,0.796150045099641
"GCTCTTGTCTAGCGCG-1","0",2.42240759596841,0,0,0,0,0,0,0,0,0,0,0,0,0,0,0,0,0,0,0,0,0,1.68689888837176,0,0,2.42240759596841,1.36994481994059,0,0,0,0,0,0,0,0,0,0,0,0,0,0,0,0,0
"GCTGAAAGTAGCGGAT-1","2",1.50103837209728,0,0,0,0,0,0,0,0,0,0,0,0,0,0,0,0,0,0,0,0,0.771086932135083,1.73138297660953,0,0.771086932135083,1.73138297660953,0,0.771086932135083,0.771086932135083,2.07602198870964,0,0,0,0,0,0,0,0,0,0,0,0,0,0
"GCTGAAAGTGGCCTAC-1","4",1.86789491650336,0,0,0,0,0,0,0,0,0,0,0,0,0,0,0,0,0,0,0,0,1.15997732457078,0.739520365193324,0,0,1.68263667909406,0.739520365193324,0,0.739520365193324,1.4550718730925,0,0,0,0,0,0,0,0,0,0,0,0,0,0.739520365193324
"GCTGAAAGTTAGCCAT-1","5",2.01178936986899,0,0,0,0,0,0,0,0,0,0,0,0,0,0,0,0,0.542110051975005,0,0,0,0,0,0,0,2.52685639043176,1.15022217081787,0.891695984385454,0.542110051975005,2.40467602066508,0,0,0,0,0,0,0,0,0,0,0,0,0,0.891695984385454
"GCTGACTAGCGGACTT-1","0",1.38715748154124,0,0,0,0,0,0,0,0,0,0,0,0,0,0,0,0,0.916981287799094,0,0,0,0,0.916981287799094,0,1.38715748154124,2.44339769212627,1.38715748154124,0,0,1.38715748154124,0,0,0,0,0,0,0,0,0,0,0,0,0,0.916981287799094
"GCTGACTAGGTAGTCC-1","1",2.55094843857946,0,0,0,0,0,0,0,0,0,0,0,0,0,0,0,0.646670457967002,0.646670457967002,0,0,0,0,0.646670457967002,0,1.03615058632535,1.71305311102133,1.31574331658798,0,1.31574331658798,2.80068714681371,0,0,0,0.646670457967002,0,0,0,0,0,0,0,0,0,0.646670457967002
"GCTGACTAGTGGGTTC-1","3",3.69699252141547,0,0,0,0,0,0,0,0,0,0,0,0,0,0,0,0,0,0,0,0,0,0,0,0,1.88978981391945,0,0,0,0,0,0,0,0,0,0,0,0,0,0,0,0,0,0
"GCTGAGAAGGTCATGC-1","10",0,0,0,1.96237499240504,0,1.96237499240504,0,0,1.96237499240504,0,1.96237499240504,0,0,0,0,0,0,1.96237499240504,0,0,0,0,0,2.58266956932763,0,0,0,0,0,1.96237499240504,0,0,0,0,0,0,2.58266956932763,0,0,0,0,0,0,0
"GCTGAGAAGGTTCGGT-1","2",0.838407238631192,0,0,0,0,0,0,0,0,0,0,0,0,0,0,0,0,0,0,0,0,0,2.18336035173771,0,1.28795386600675,1.8326969729603,0,0,0.838407238631192,2.64807405192584,0,0,0,0,0,0,0,0,0,0,0,0,0,0
"GCTGATGCAACTGCCT-1","9",0,0,0,0,0,0,0,0,0,0,0,0,0,0,0,0,0,0,0,0,0,1.46864903036578,0,0,0,0,0,0,0,1.46864903036578,0,0,0,1.46864903036578,0,0,0,0,0,0,0,0,0,0
"GCTGCCTTCACGCACG-1","0",2.2764357121025,0,0.547248943935867,0,0,0,0,0,0,0,0,0,0,0,0,0,0,0,0,0,0,0.547248943935867,0,0,0,1.68100438590381,0.898934007253479,0,0,0.898934007253479,0,0,0,0.547248943935867,0,0.547248943935867,0,0,0,0,0,0,0,0
"GCTGCTGAGCCGAGTT-1","0",2.05047952256025,0,0,0,0,0,0,0,0,0,0,0,0,0,0,0,0,0,0,0,0,0.990621175591125,2.05047952256025,0,0,1.80479417423424,0,0.990621175591125,0,0.990621175591125,0,0,0,0,0,0,0,0,0,0,0,0,0,0
"GCTGGATTCACAGATT-1","3",2.35364026379433,0,1.75126810787332,0,0,0,0,0,0,0,0,0,0,0,0,0,0,0,0,0,0,0,0,0,0,1.75126810787332,0,1.75126810787332,0,0,0,0,0,0,0,0,0,0,0,0,0,0,0,0
"GCTGGCTGTGCGGTTC-1","1",2.13797335208772,0,0.660251353864596,0,0,0,0,0,0,0,0,0,0,0,0,0,0,0,0,0,0,1.33653571465483,1.73631609538632,0,1.55627230894315,2.24257055439926,0,0.660251353864596,1.05450623603875,2.02114363949543,0,0,0.660251353864596,0,0.660251353864596,0.660251353864596,0,0,0,0,0,0,0,1.55627230894315
"GCTGGGTCAATTAGGC-1","2",1.37104045557731,0,0,0,0,0,0,0,0,0,0,0,0,0,0,0,0,0,0,0,0,0.683003807363761,1.77479623248058,0,0.683003807363761,2.37937555905586,0,0.683003807363761,1.08506479750237,2.28425228445576,0,0,0,0,0,0,0,0,0,0,0,0,0,0
"GCTGTTAAGGTCAACC-1","2",1.89313574700399,0.755197413890103,0,0,0,0,0,0,0,0,0,0,0,0,0,0,0,0,0,0,0,0,1.70695045426463,0,0,1.47798316315601,0,0,0.755197413890103,1.70695045426463,0,0,0,0,0,0,0,0,0,0,0,0,0,0
"GCTTAACGTCAGGCAG-1","5",1.91768382517582,0,0,0,0,0,0,0,0,0,0,0,0,0,0,0,0,0.77058757150916,0,0,0,0.77058757150916,0,0,0.77058757150916,2.33100588390297,0,0.77058757150916,1.20058847019882,1.91768382517582,0,0,0,0,0,0,0,0,0,0,0,0,0,0
"GCTTAACGTTCGGTAT-1","11",1.01352989079481,0,0,0,0,0,0,0,0,0,0,0,0,0,0,0,0,0,0,0,0,0,0,0,0,2.92063678976134,1.01352989079481,0,0,0,0,0,0,0,0,0,0,0,0,0,0,0,0,1.83512693114287
"GCTTAACGTTCGTTGG-1","6",0,2.26856400988145,0,0,0,0,0,0,0,0,0,0,0,0,0,0,0,0,0,0,0,0,0,0,0,1.67386810881394,0,0,0,0,0,0,0,0,0,0,0,0,0,0,0,0,0,4.80661732485889
"GCTTAATAGCGGGAAC-1","2",1.22873910073906,0,0,0,0,0,0,0,0,0,0,0,0,0,0,0,0,0,0,0,0,1.22873910073906,1.76367490705145,0,1.22873910073906,1.76367490705145,0,0,0,1.76367490705145,0,0,0,0.792295084372716,0,0,0,0,0,0,0,0,0,0
"GCTTACTTCACAGGTC-1","4",1.66935695339568,0,0,0,0,0,0,0,0,0,0,0,0,0,0,0,0,0.479666871845333,0,0,0,1.40552836105629,1.24188820281614,0,0,1.87791043540827,0.479666871845333,0.479666871845333,0,1.779060689234,0,0,0,0,0,0,0,0,0,0,0,0,0,0.479666871845333
"GCTTACTTCAGTATCG-1","1",1.37360480861753,0,0,0,0,0,0,0,0,0,0,0,0,0,0,0,0,0,0,0,0,1.08734066448699,0.684705395675737,0,0,2.28733819195923,0.684705395675737,0.684705395675737,1.08734066448699,1.59589663688447,0,0,0,0,0,0,0,0,0,0,0,0,0,1.93139458662365
"GCTTACTTCCGTTGCC-1","3",3.23241459238914,0,0,0,0,0,0,0,0,0,0,0,0,0,0,0,0,1.62073290948087,0,0,0,0,0,0,0,0,0,0,0,0,0,0,0,0,0,0,0,0,0,0,0,0,0,0
"GCTTATAGTATGGATG-1","1",2.27558632983163,0,0.678237946795839,0,0,0,0,0,0,0,0,0,0,0,0,0,0,0,0,0,0,0,1.07868350106083,0,0,1.92021370570036,1.07868350106083,0.678237946795839,0.678237946795839,1.92021370570036,0,0,0,0,0.678237946795839,0,0,0,0,0,0,0,0,1.92021370570036
"GCTTATGAGGGTATCC-1","2",0.857483133622985,0,0,0,0,0,0,0,0,0,0,0,0,0,0,0,0,0,0,0,0,0,1.3122281487223,0,0,2.35142695946166,1.3122281487223,0.857483133622985,0,2.21302382877469,0,0,0,0,0,0,0,0,0,0,0,0,0,0.857483133622985
"GCTTCCATCGCTCGCT-1","6",0,2.62022784104085,0,0,0,0,0,0,0,0,0,0,0,0,1.26631943457898,0,0,0,0,0,0,0,0,0,0,0,0,0,0,0,0,0,0,0,0,0,0,0,0,0,0,0,0,3.6019259793275
"GCTTCCATCTAGTGAT-1","2",2.32913625025982,0,0,0,0,0,0,0,0,0,0,0,0,0,0,0,0,0,0,0,0,0,0,0,0,2.19108524282271,0,0,0,2.19108524282271,0,0,0,0.843355474689675,0,0,0,0,0,0,0,0,0,0
"GCTTCCGCAACCTGAG-1","0",2.86074064844597,0,0.864101056204325,0,0,0,0,0,0,0,0,0,0,0,0,0,0,1.32062028792711,0,0,0,0,0.864101056204325,0,0,2.22324230506417,0.864101056204325,0.864101056204325,0,0.864101056204325,0,0,0,0,0,0,0,0,0,0,0,0,0,0
"GCTTCCGCACCATCGT-1","7",1.68701849187099,0,0,0,0,0,0,0,0,0,0,0,0,0,0,0,0.438524777049494,0,0,0,0,1.45919855183878,1.57958228058598,0,0.438524777049494,2.22530167493308,0.742335663410549,0.742335663410549,1.3223134417224,2.33767337600999,0,0,0,0,0,0.438524777049494,0,0,0,0,0,0,0,0.742335663410549
"GCTTCCTGTGCGTGGA-1","0",2.76071587680281,1.78121281150837,0,0,0,0,0,0,0,0,0,0,0,0,0,0,0,0,0,0,0,0,1.78121281150837,0,1.24372980340365,2.38638428937956,0,0,0,1.24372980340365,0,0,1.24372980340365,0,0,0,0,0,0,0,0,0,0,0
"GCTTGATGTCAGGGAT-1","0",1.82516460783932,0,0,0,0,0,0,0,0,0,0,0,0,0,0,0,0,0,0,0,0,0,0,0,0,2.26934127872548,0,0,0,1.005987139276,0,0,0,0,0,0,0,0,0,0,0,0,0,0
"GCTTGCCTCACTTCAC-1","3",1.79510060163789,0,0,0,0,0,0,0,0,0,0,0,0,0,0,0,0,0,0,0,0,0,0,0,0,1.79510060163789,0,0,0,0,0,0,1.79510060163789,0,0,0,0,0,0,0,0,0,0,1.79510060163789
"GCTTGGACAGCTAGGC-1","4",2.6497722866213,0,0,0,0,0,0,0,0,0,0,0,0,0,0,0,0,0.468605377953347,0,0,0,1.02722121660501,1.38349590069056,0,0.468605377953347,1.5231359930434,0,0.786422893410744,1.02722121660501,1.64564457424501,0,0,0,0,0,0,0,0,0,0,0,0,0,2.02490720792225
"GCTTGTAAGCGGTAGA-1","0",1.64475260656762,0,0,0,0,0,0,0,0,0,0,0,0,0,0,0,0,1.64475260656762,0,0,0,0,1.12812712839952,0,0,2.23638723702224,0,1.12812712839952,0,2.74913130520637,0,0,0,0,0,0,0,0,0,0,0,0,0,0
"GCTTGTCCAATATCTC-1","5",2.14451802583457,0,0,0,0,0,0,0,0,0,0,0,0,0,0,0,0,0,0,0,0,1.74242972674129,1.56212879551226,0,1.3420085476202,2.34395795808834,0.663842279937363,0.663842279937363,0.663842279937363,1.05934509056244,0,0,0,0,0,0,0,0,0,0,0,0,0,1.05934509056244
"GCTTTGAAGCAGGCAA-1","0",2.3332100223141,0,0,0,0,0,0,0,0,0,0,0,0,0,0,0,0,0,0,0,0,1.20229542065056,0.771899842902992,0,0.771899842902992,1.20229542065056,1.20229542065056,0.771899842902992,0.771899842902992,0,0,0,0,0.771899842902992,0,0,0,0,0,0,0,0,0,0
"GCTTTGAAGCATGTCA-1","5",2.25801524284491,0,0,0,0,0,0,0,0,0,0,0,0,0,0,0,0,0,0,0,0,0,1.34929213876356,0,0,1.90350832836144,0,1.34929213876356,0,0,0,0,0,0,0,0,0,0,0,0,0,0,0,0
"GCTTTGAAGCTGGAAG-1","3",2.24709742362055,0,0,0,0,0,0,0,0,0,0,0,0,0,0,0,0,0,0,0,0,0,0,0,0,2.24709742362055,0,0,0,0,0,0,0,0,0,0,0,0,0,0,0,0,0,0
"GCTTTGGGTGAGGAGA-1","3",1.76397536465063,0,0,0,0,0,0,0,0,0,0,0,0,0,0,0,0,1.76397536465063,0,0,0,0,0,0,0,0,0,0,0,0,0,0,0,0,0,0,0,0,0,0,0,0,0,0
"GCTTTGGGTGAGTAGC-1","3",2.82496935151345,0,2.18944037173211,0,0,0,0,0,0,0,0,0,0,0,0,0,0,0,0,0,0,0,0,0,0,0,0,0,0,0,0,0,0,0,0,0,0,0,0,0,0,0,0,0
"GGAAACTAGTAGCCAC-1","10",0,1.77569188836057,0,0,0,1.77569188836057,1.77569188836057,2.38035411961224,0,0,0,0,0,0,0,0,0,0,0,0,0,0,0,2.38035411961224,0,0,0,0,0,0,0,0,0,0,0,0,1.77569188836057,0,0,0,0,0,0,0
"GGAAACTAGTAGTGCC-1","2",2.59437091522753,0,0,0,0,0,0,0,0,0,0,0,0,0,0,0,0,0,0,0,0,0.86561303381971,2.06462131982743,0,0,0.86561303381971,0,1.32253553135578,1.63498625131141,1.63498625131141,0,0,0,0,0,0,0,0,0,0,0,0,0,0
"GGAAATGCAAGTGAGA-1","9",2.56920606124705,1.94986340274285,1.94986340274285,0,0,0,0,0,0,0,0,0,0,0,0,0,0,1.94986340274285,0,0,0,0,0,0,0,0,0,0,0,0,0,0,0,0,0,0,0,0,0,0,0,0,0,0
"GGAAATTGTAATCGCT-1","0",1.98673430072149,0,0,0,0,0,0,0,0,0,0,0,0,0,0,0,0,0,0,0,0,1.25751536035636,0.814628471089097,0,0,1.79730173524207,0.814628471089097,0.814628471089097,0.814628471089097,0.814628471089097,0,0,0,0,0,0,0,0,0,0,0,0,0,0
"GGAACATAGCATCCAA-1","6",0,0,0,0,0,0,0,0,0,0,0,0,0,0,0,0,0,0,0,0,0,0,0,0,0,2.03514476014304,1.46480049811618,0,0,0,0,0,0,0,0,0,0,0,0,0,2.39607907179059,0,0,3.62683062331708
"GGAACCAAGCGAGTAG-1","9",0,0,0,0,0,0,0,0,0,0,0,0,0,0,0,0,0,0,0,0,0,0,0,0,0,0,0,0,0,0,0,0,0,0,0,0,0,0,0,0,0,0,0,0
"GGAACGATCAATCTGG-1","5",2.84493575630311,0,0,0,0,0,0,0,0,0,0,0,0,0,0,0,0,0,0,0,0,1.15059116719208,2.01225704905588,0,0.732382432476165,2.14712491951227,0.732382432476165,0,0.732382432476165,1.44458466584048,0,0,0,0,0,0,0,0,0,0,0,0,0,1.44458466584048
"GGAACTGAGAATCCGC-1","7",2.2043674648486,0,0,0,0,0,0,0,0,0,0,0,0,0,0,0,0,0.851895569635833,0,0,0,1.30513095401268,1.61586880276439,0,0,1.85259490584447,0,0,1.61586880276439,2.57236595511659,0,0,0,0,0,0,0,0,0,0,0,0,0,0.851895569635833
"GGAACTGAGTGCCCGA-1","5",2.07125975698358,0,0,0,0,0,0,0,0,0,0,0,0,0,0,0,0,0,0,0,0,0,0,0,0,2.43380799786718,1.00565716986777,0,0,2.07125975698358,0,0,0,0,0,0,0,0,0,0,0,0,0,0
"GGAAGATTCACCTGAA-1","1",2.05684853102173,0,0,0,0,0,0,0,0,0,0,0,0,0,0,0,0,0,0,0,0,1.81090204226879,1.48402007583878,0,0,2.25408820095938,0,1.48402007583878,0.995220426633144,2.56011029899708,0,0,0,0,0.995220426633144,0,0,0,0,0,0,0,0,1.81090204226879
"GGAAGCATCGACCGAT-1","0",1.42217732640211,0,0,0,0,0,0,0,0,0,0,0,0,0,0,0,0,0,0,0,0,0,0.945099372322117,0,0.945099372322117,1.74383018970019,0,0.945099372322117,0,1.74383018970019,0,0,0,0,0,0,0,0,0,0,0,0,0,0
"GGAAGCCAGTTAGTGT-1","0",1.98140567150156,0,0,0,0,0,0,0,0,0,0,0,0,0,0,0,0,0.941269260799731,0,0,0,0.941269260799731,0.941269260799731,0,0.941269260799731,1.41742123686353,0,0,0,1.41742123686353,0,0,0,0,0,0,0,0,0,0,0,0,0,0
"GGAAGGCTCCATCCGC-1","0",2.29742639589713,0,0.75074049857251,0,0,0,0,0,0,0,0,0,0,0,0,0,0,1.17468913201792,0,0,0,0,0,0,0,1.7000594688291,1.47148641075863,0,0,0,0,0,0,0.75074049857251,0,0,0,0,0,0,0,0,0,0
"GGAAGGTCAAACTTAG-1","8",0.776498269019165,0,0,0,0,0,0,0.776498269019165,0,0,0,0,0,0,0,0,0,0,0,0,0,0.776498269019165,2.34091825517627,0,0,0.776498269019165,0,0.776498269019165,0.776498269019165,1.92705252477023,0,0,0,0,0,0,0,0,0,0,0,0,0,2.54462630979631
"GGAAGGTCATCACTGC-1","6",0,0,0,0,0,0,0,0,0,0,0,0,2.60315277276314,1.25312022618914,1.25312022618914,0,0,1.25312022618914,0,0,0,0,0,0,0,2.39834994226151,0,0,0,0,0,0,0,0,0,0,0,0,0,0,0,0,0,3.77324956881739
"GGAAGTTAGCGAGCTT-1","2",1.92108378759048,0,0,0,0,0,0,0,0,0,0,0,0,0,0,0,0,0,0,0,0,0,1.36460521117742,0,0.89897720876155,0.89897720876155,0,0,1.36460521117742,1.36460521117742,0,0,0,0,0,0,0,0,0,0,0,0,0,0
"GGAAGTTAGCTGAGAG-1","2",1.48270277071928,0,0,0,0,0,0,0,0,0,0,0,0,0,0,0,0,0,0,0,0,0,2.41720799370422,0,0,1.48270277071928,1.48270277071928,0,0,0,0,0,0,0,0,0,0,0,0,0,0,0,0,0
"GGAATATGTCCATATA-1","0",1.64211573737149,0,0,0,0,0,0,0,0,0,0,0,0,0,0,0,0,0,0,0,0,1.3290338320653,1.3290338320653,0,0,2.23346822310403,0,0,0.870747616397524,0,0,0,0,0,0,0,0,0,0,0,0,0,0,0
"GGAATATGTTATCGCG-1","6",0,1.40163837655509,0,0,0,0,0,0,0,0,0,0,0,0,0,0,0,1.9634270728463,0,0,0,0,0,0,0,0,0,0,0,0,0,0,1.40163837655509,0,0,0,0,0,0,0,0,0,0,4.86443482846754
"GGAATCTCATCCAGAG-1","3",2.33784744040733,0,0,0,0,0,0,0,0,0,0,0,0,0,2.33784744040733,0,0,1.73685566178721,0,0,0,0,0,0,0,0,1.73685566178721,0,0,0,0,0,0,0,0,0,0,0,0,0,0,0,0,0
"GGAATCTCATTACGAA-1","2",2.42269183793521,0,0,0,0,0,0,0,0,0,0,0,0,0,0,0,0,0,0,0,0,0,2.30174980525312,0,0.826156600114457,1.81451297743218,0.826156600114457,0,0,2.53057238575865,0,0,0,0,0,0,0,0,0,0,0,0,0,0.826156600114457
"GGAATTAAGGCTCCGA-1","0",1.90569785768983,0,0,0,0,0,0,0,0,0,0,0,0,0,0,0,0,0,0,0,0,1.57195733671949,0.669886951273271,0,1.06747684508368,1.90569785768983,0,1.06747684508368,0.669886951273271,0.669886951273271,0,0,0,0.669886951273271,0,0,0,0,0,0,0,0,0,0.669886951273271
"GGACAATAGCCTTCCA-1","0",1.70042526017336,0,0,0,0,0,0,0,0,0,0,0,0,0,0,0,0,0,0,0,0,0,0,0,0,1.70042526017336,1.70042526017336,0.913122483415919,0,0.913122483415919,0,0,0,0,0,0.913122483415919,0,0,0,0,0,0,0,0
"GGACAGGCATCATCTG-1","0",2.61293548584697,0,0,0,0,0,0,0,0,0,0,0,0,0,0,0,0,0,0,0,0,0.611178678604178,1.26067610956406,0,0,2.54916602006906,1.26067610956406,1.26067610956406,0,0.611178678604178,0,0,0,0,0,0,0,0,0,0,0,0,0,0
"GGACATAGTAATGAGT-1","2",1.7115828268278,0,0,0,0,0,0,0,0,0,0,0,0,0,0,0,0,0,0,0,0,1.1844412690388,1.89794210856257,0,0,2.41679459924256,0.758199608195567,0,1.1844412690388,2.05496692858166,0,0,0,0,0,0,0,0,0,0,0,0,0,0
"GGACATGAGGTAGTCC-1","0",1.68005647188824,0,0,0,0,0,0,0,0,0,0,0,0,0,0,0,0,0.737864655764131,0,0,0,0.737864655764131,0.737864655764131,0,1.15780199642954,2.56541941639544,0.737864655764131,1.45264239341659,1.45264239341659,1.15780199642954,0,0,0,0,0,0,0,0,0,0,0,0,0,0
"GGACATTCAGCCAGTA-1","0",1.4336234045326,0,0,0,0,0,0,0,0,0,0,0,0,0,0,0,0,0,0,0,0,0.954331474881432,2.19551972876133,0,0,2.19551972876133,0.954331474881432,0.954331474881432,0.954331474881432,0,0,0,0,0,0,0,0,0,0,0,0,0,0,0
"GGACCCTGTCATTCAA-1","0",2.12196671391844,0,0,0,0,0,0,0,0,0,0,0,0,0,0,0,0,0,0,0,0,0,2.12196671391844,0,0,2.75334710580621,0,0,0,0,0,0,0,0,0,0,0,0,0,0,0,0,0,2.12196671391844
"GGACCCTGTGCAACGG-1","3",2.4010831796789,0,0,0,0,0,0,0,0,0,0,0,0,0,0,0,0,1.79468210501893,0,0,0,1.79468210501893,0,0,1.79468210501893,0,0,0,0,0,0,0,0,0,0,0,0,0,0,0,0,0,0,0
"GGACGAATCAGTATGT-1","0",1.76337457702404,0,0,0,0,0,0,0,0,0,0,0.792096757523469,0,0,0,0,0,0.792096757523469,0,0,0,1.76337457702404,1.22848272384311,0,0.792096757523469,2.65943639248535,0.792096757523469,0,0.792096757523469,0,0,0,0,0,0,0,0,0,0,0,0,0,0,0
"GGACGAATCGATGCTA-1","5",2.43654440315437,0,0,0,0,0,0,0,0,0,0,0,0,0,0,0,0,0.667058117715561,0,0,0,2.25512336409455,1.06367339419836,0,0,1.74789172378488,0,0,0.667058117715561,2.15036274339024,0,0,0,0,0,0,0,0,0,0,0,0,0,0.667058117715561
"GGACGAATCTCACCGC-1","1",1.86294313382038,0,0.472962479265284,0,0,0,0,0,0,0,0,0,0,0,0,0,0,0,0,0,0,1.22933778100909,1.95266041576718,0,0,1.39220333218692,0,0.792758253503231,0.472962479265284,2.24774619309633,0,0,0,0.472962479265284,0,0,0,0,0,0,0,0,0,2.03498703028172
"GGACGATGTCTTACGG-1","2",2.15917764196173,0,0,0,0,0,0,0,0,0,0,0,0,0,0,0,0,0,0,0,0,1.40256229874785,1.96448062371802,0,0,1.40256229874785,0.929326184775751,0,0.929326184775751,2.46211673236237,0,0,0,0,1.40256229874785,0,0,0,0,0,0,0,0,0.929326184775751
"GGACGGACATAAGTCA-1","8",0.916801035515889,0,0,0,0,0,0,0,0,0,0,0,0,0,0,0,0,0.916801035515889,0,0,0,0,0.916801035515889,0,0,2.30335045083618,0.916801035515889,0.916801035515889,0.916801035515889,1.38693219999341,0,0,0,0,0,0,0,0,0,0,0,0,0,2.14081651995078
"GGACGTAAGAATCAAG-1","0",2.36056424053068,0,0,0,0,0,0,0,0,0,0,0,0,0,0,0,0,0,0,0,0,0,0.788282855521318,0,0,1.94563591348524,0,0.788282855521318,1.22354959602947,0,0,0,0,0,0,0,0,0,0,0,0,0,0,1.22354959602947
"GGACGTTTCATAGGCC-1","0",0,0,0,0,0,0,0,0,0,0,0,0,0,0,0,0,0,0,0,0,0,0,0,0,0,2.93501482564717,1.09198974790762,0,0,1.60148558424361,0,0,0,0,0,0,0,0,0,0,0,0,0,0
"GGACTTATCTAGTCTC-1","11",0,0,0,0,0,0,0,0,0,0,0,0,0,0,0,0,0,0,0,0,0,0,0,0,0,2.13764341491566,0,0,0,0,0,0,0,0,0,0,0,0,0,0,1.25080214860118,0,0,2.39539901588555
"GGACTTGCAATCAGTA-1","0",1.44384233126015,0,0,0,0,0,0,0,0,0,0,0,0,0,0,0,0,0,0,0,0,0,1.14992716245165,0,0.731878082197845,2.26507547442707,1.14992716245165,0,0,1.44384233126015,0,0,0,0.731878082197845,0,0,0,0,0,0,0,0,0,0
"GGACTTGCATGACTAA-1","0",2.00092668766953,0.955117773295364,1.43459709934557,0,0,0,0,0,0,0,0,0,0,0,0,0,0,0,0,0,0,1.75732846100508,0.955117773295364,0,0,2.00092668766953,0,0,0,1.43459709934557,0,0,0,0,0,0,0,0,0,0,0,0,0,1.43459709934557
"GGACTTGCATGGAGCC-1","3",2.4451135418493,0,0,0,0,0,0,0,0,0,0,0,0,0,0,0,0,0,0,0,0,0,0,0,0,0,0,1.83512693114287,0,0,0,0,0,0,0,0,0,0,0,0,0,0,0,0
"GGAGAAGGTAACCCAT-1","2",2.00764889266878,0,0,0,0,0,0,0,0,0,0,0,0,0,0,0,0,0,0,0,0,1.27489239912571,2.3049929176523,0,0.828184142867963,1.81752999153237,1.27489239912571,0,1.27489239912571,2.16733211394704,0,0,0,0,0,0,0,0,0,0,0,0,0,0.828184142867963
"GGAGAGGAGTCAGGTC-1","0",1.90764955184506,0,0,0,0,0,0,0,0,0,0,0,0,0,0,0,0,0,0,0,0,1.06898144966356,0,0,0,2.52368410011504,0,1.06898144966356,0,1.57377407130673,0,0,0,0,0,0,0,0,0,0,0,0,0,0
"GGAGAGGAGTTGCGGT-1","9",2.57311115383595,0,0,0,0,0,0,0,0,0,0,0,0,0,0,0,0,1.9534911639984,0,0,0,0,0,0,1.9534911639984,0,0,0,0,0,0,0,0,0,0,1.9534911639984,0,0,0,0,0,0,0,0
"GGAGCAATCAGCAGGA-1","4",2.46980729230181,0,0,0,0,0,0,0,0,0,0,0,0,0,0,0,0,0,0,0,0,0.733337077490998,0,0,0,2.01384930248032,1.15184771954717,1.15184771954717,1.44598928934984,2.46980729230181,0,0,0,0,0,0,0,0,0,0,0,0,0,1.15184771954717
"GGAGCAATCCGTTGCC-1","0",2.29957563564368,0,0,0,0,0,0,0,0,0,0,0,0,0,0,0,0,0,0,0,0,0,0.914285433624995,0,0.914285433624995,1.94304420475471,0,0,0.914285433624995,1.70201259647655,0,0,0,0.914285433624995,0,0,0,0,0,0,0,0,0,0
"GGAGCATGTAATGGTG-1","0",2.52147050704692,0,0,0,0,0,0,0,0,0,0,0,0,0,0,0,0,0,0,0,0,0.762994387852812,1.19069827311724,0,0.762994387852812,2.60945012222523,0.762994387852812,1.48931698119315,0,0.762994387852812,0,0,0,0,0,0,0,0,0,0,0,0,0,0.762994387852812
"GGAGCCAGTTGGAGTA-1","2",1.87179371541195,0,0,0,0,0,0,0,0,0,0,0,0,0,0,0,0,0,0,0,0,0,2.38875370671587,0,0.741932106672801,2.02813956313089,0,0,0.741932106672801,0.741932106672801,0,0,0,0,0,0,0,0,0,0,0,0,0,0
"GGAGCTAAGCGGGATA-1","0",1.83867602177912,0,0,0,0,0,0,0,0,0,0,0,0,0,0,0,0,1.50972177764932,0,0,0,1.0162214083275,1.83867602177912,0,0,2.08578923533094,0,0,0,1.0162214083275,0,0,0,0,0,0,0,0,0,0,0,0,0,0
"GGAGCTAAGGGTAGGC-1","0",2.42891915175309,0,1.27721941973416,0,0,0,0,0,0,0,0,0,0,0,0,0,0,1.27721941973416,0,0,0,1.27721941973416,0,0,0,2.17019118045701,0,0,0,0,0,0,0,0,0,0,0,0,0,0,0,0,0,0
"GGAGCTAAGTAATCGT-1","6",3.10252109919077,0,0,0,0,0,0,0,0,0,0,0,0,0,0,0,0,3.10252109919077,0,0,0,0,0,0,0,0,0,0,0,0,0,0,0,0,0,0,0,0,0,0,0,0,0,0
"GGAGGTTGTAACGCTT-1","6",0,0,1.60370267288035,0,0,0,0,0,0,0,0,0,0,0,0,0,0,0,0,0,0,0,0,0,0,1.60370267288035,0,0,0,0,0,0,0,0,0,0,0,0,0,0,0,0,0,3.70657345729482
"GGAGGTTGTTCACGCA-1","8",1.91872449909951,0,0.677378834124717,0,0,0,0,0,0,0,0,0,0,0,0,0,0,0,0,0,0,1.07753208498705,2.27402056526025,0,0,1.58408781357359,0.677378834124717,0,0,2.27402056526025,0,0,0,0,0,0,0,0,0,0,0,0,0,2.05168159036006
"GGAGTAACACATTCGC-1","0",2.04660490128152,0,0,0,0,0,0,0,0,0,0,0,0,0,0,0,0,0,0,0,0,0,0.753110645327503,0,0,2.40805796189057,0.753110645327503,0.753110645327503,0,1.17779031838029,0,0,0,0,0,0.753110645327503,0,0,0,0,0,0,0,0
"GGAGTATAGCTACTGA-1","11",1.35460131059193,1.35460131059193,0,0,0,0,0,0,0,0,0,0,0,0,1.35460131059193,0,0,1.35460131059193,0,0,0,0,0,0,0,2.5257976471029,0,0,1.35460131059193,0,0,0,0,0,0,0,0,0,0,0,0,0,0,1.90960639652424
"GGAGTCAAGCTAACTG-1","2",2.76498099945043,0,0,0,0,0,0,0,0,0,0,0,0,0,0,0,0,0,0,0,0,0,2.13290755954607,0,0,1.93895678941267,0,0,1.38021282013001,1.93895678941267,0,0,0,0,2.13290755954607,0,0,0,0,0,0,0,0,0
"GGAGTGATCTGTGCAA-1","1",1.96395366424925,0,0,0,0,0,0,0,0,0,0,0,0,0,0,0,0,0.859362971939046,0,0,0,0.51928646174267,1.7519430812375,0,0.859362971939046,2.35437935120288,0,0,0,2.35437935120288,0,0.51928646174267,0,0,1.48254487902028,0,0,0,0,0,0,0,0,2.47597069172121
"GGATAACAGCTTAGGC-1","4",1.76831615695324,0.67914724560108,0,0,0,0,0,0,0,0,0,0,0,0,0,0,0,0,0,0,0,0,1.07990181218174,0,0,1.07990181218174,1.07990181218174,0.67914724560108,0,1.5869429609921,0,0,0,0,0,0,0,0,0,0,0,0,0,1.76831615695324
"GGATAGGTCGTACACA-1","2",1.95284206349127,0,0,0,0,0,0,0,0,0,0,0,0,0,0,0,0,1.39236240951403,0,0,0,0,1.39236240951403,0,0.921148112711816,1.39236240951403,0,0,0.921148112711816,1.39236240951403,0,0,0,0,0,0,0,0,0,0,0,0,0,0
"GGATAGTAGAAGCCTC-1","0",2.72089216149923,0,0,0,0,0,0,0,0,0,0,0,0,0,0,0,0,0,0,0,0,0,2.2353053490982,0,0,2.47267692868605,0,0.607008307978704,0.607008307978704,1.64377520451223,0,0,0,0.607008307978704,0.607008307978704,0,0,0,0,0,0,0,0,0
"GGATATGGTATGTACC-1","5",2.45147708001293,0,0,0,0,0,0,0,0,0,0,0,0,0,0,0,0,0,0,0,0,1.3590266077002,1.07441126367457,0,0.67505154134594,1.76141555362076,1.07441126367457,0.67505154134594,0,2.53128203483327,0,0,0,0,0,0,0.67505154134594,0,0,0,0,0,0,0
"GGATATGGTTCGCTAG-1","0",1.8505126238389,0,0.728811630918307,0,0,0,0,0,0,0,0,0,0,0,0,0,0,0,0,0,0,1.66590603838229,1.14588772570565,0,0,2.62982868554146,0.728811630918307,0,0,1.14588772570565,0,0,0,0,0,0,0,0,0,0,0,0,0,0
"GGATATGGTTTGACCG-1","1",2.02394792501061,0,0,0,0,0,0,0,0,0,0,0,0,0,0,0,0,0,0,0,0,1.15982701076507,1.86770977587311,0,0.739405929047696,1.45490401742683,1.45490401742683,0,0,2.38436936776056,0,0,0,0,0,0,0,0,0,0,0,0,0,2.15904206495528
"GGATCGCCATCCCTGG-1","0",2.33887481378937,0,0,0,0,0,0,0,0,0,0,0,0,0,0,0,0,0,0,0,0,0.849513504498643,1.84909013928406,0,0,1.61253844147289,1.30210204380004,0.849513504498643,0,0.849513504498643,0,0,0,0.849513504498643,0.849513504498643,0,0,0,0,0,0,0,0,0.849513504498643
"GGATCGTTCCGCGGTA-1","0",2.20964635545126,0,0,0,0,0,0,0,0,0,0,0,0,0,0,0,0,0,0,0,0,0,1.30945770381078,0,0,2.20964635545126,0.855300981210514,1.30945770381078,0.855300981210514,1.30945770381078,0,0.855300981210514,0,0,0,0,0,0,0,0,0,0,0,0
"GGATGCTTCACTGGTA-1","7",1.46315835689207,0,0.3881329885034,0,0,0,0,0,0,0,0,0,0,0,0,0,0,0.3881329885034,0,0,0,0.667035032903213,1.46315835689207,0,0,2.25508091337169,0.884873324850699,0,0.667035032903213,2.51619694825094,0,0,0,0,0,0,0,0.3881329885034,0,0,0,0,0,0.667035032903213
"GGATGGATCCGGGTTG-1","0",2.06899026400077,0,0,0,0,0,0,0,0,0,0,0,0,0,0,0,0,1.0040108322407,0,0,0,1.0040108322407,1.0040108322407,0,0,2.06899026400077,0,1.0040108322407,0,1.0040108322407,0,0,0,0,0,0,0,0,0,0,0,0,0,0
"GGATGTGAGCCTGGTG-1","2",1.96955825252264,0,0,0,0,0,0,0,0,0,0,0,0,0,0,0,0,0,0,0,0,0,2.12835211188205,0,0,1.96955825252264,0,0,1.24329076963159,1.24329076963159,0,0,0,0,0,0,0.803570717832935,0,0,0,0,0,0,0
"GGATGTGAGGCGTAAG-1","6",0,1.82632954847501,0,0,0,0,0,0,0,0,0,0,0,0,0,0,0,1.82632954847501,0,0,0,0,0,0,0,2.43554962357565,0,0,0,0,0,0,0,0,0,0,0,0,0,0,0,0,0,4.23038388084532
"GGATGTTCATAAGCTA-1","15",2.52966084695966,0,0,0,0,0,0,0,0,0,0,0,0,0,0,0,0,0.974519170111612,0,0,0,0.974519170111612,2.38870375463248,0,0,1.78333714598002,0,0,0,0,0,0,0,0,0,0,0,0,0,0,0,0,0,0
"GGATTAAAGCCCTACC-1","0",1.68141951050388,0,0,0,0,0,0,0,0,0,0,0,0,0,0,0,0,0,0,0,0,0,1.3649307493573,0,0,2.27689343925416,0.899236510835915,1.3649307493573,0,1.92145699134186,0,0,0,0,0,0,0,0,0,0,0,0,0,0
"GGATTCATCCCGTTCA-1","3",3.11067693924718,0,0,0,0,0,0,0,0,0,0,0,0,0,0,0,0,1.8498800654113,0,0,0,0,0,0,0,0,0,0,0,0,0,0,0,0,0,0,0,0,0,0,0,0,0,0
"GGATTCGCAAATCTAG-1","0",1.88399438048646,0,0,0,0,0,0,0,0,0,0,0,0,0,0,0,0,0,0,0,0,0,1.46967931789398,0,0.749502410149984,2.17607223178327,0,0.749502410149984,1.17306826940601,1.17306826940601,0,0,0,0,0,0,0,0,0,0,0,0,0,0
"GGATTCGCAATCCATT-1","1",1.87148795851723,0,0.579655114015029,0,0,0,0,0,0,0,0,0,0,0,0,0,0,0,0,0,0,0,1.87148795851723,0,0,1.9855951031528,1.59475317485233,1.21082954466379,0.579655114015029,1.42110397247588,0,0,0,0,0,0,0,0,0,0,0,0,0,1.59475317485233
"GGATTCGCATCCCAGT-1","6",0,1.38434752411412,0,0,0,0,0,0,0,0,0,0,0,0,0,0,0,0,0,0,0,0,0,0,0,2.56255271161694,0,0,0,0,0,0,0,0,0,0,0,0,0,0,0,0,0,3.21638319361331
"GGATTGAGTAGCCCGT-1","0",1.31891200648273,0,0,0,0,0,0,0,0,0,0,0,0,0,0.521669234812699,0,0,0,0,0,0,0.862752978227437,1.11662019543603,0,1.11662019543603,2.22116377030735,0,0.521669234812699,0.521669234812699,1.11662019543603,0,0,0,0,0,0,0,0,0,0,0,0,0,0
"GGATTGCTCCCCATTG-1","0",2.58822841619865,0,0,0,0,0,0,0,0,0,0,0,0,0,0,0,0,0,0,0,0,1.24162561788252,1.24162561788252,0,0,1.77875377404731,0.802278574067055,1.24162561788252,0.802278574067055,1.54582766652625,0,0,0,0,0,0,0,0,0,0,0,0,0,0
"GGCAACCCAAGGTCCA-1","0",1.77122486678635,0,0,0,0,0,0,0,0,0,0,0,0,0,0,0,0,0,0,0,0,0.965467967850239,0,0,0,2.37547280874254,0,0,0,0,0,0,0,0.965467967850239,0,0,0,0,0,0,0,0,0,0.965467967850239
"GGCAACCCAGGATGCC-1","2",1.93274088481361,0,0,0,0,0,0,0,0,0,0,0,0,0,0,0,0,0,0,0,0,0,0.907090488910934,0,0.907090488910934,1.93274088481361,0,0,1.37478077060808,1.692181208389,0,0,0,0.907090488910934,0,0,0,0,0,0,0,0,0,0
"GGCAACTTCGAACCGT-1","5",2.13811479597602,0,0,0,0,0,0,0,0,0,0,0,0,0,0,0,0,0,0,0,0,1.14362476388531,0,0,0,2.2568019490669,1.6632147569892,0.727095057155056,0,2.2568019490669,0,0,0,0,0,0,0,0,0,0,0,0,0,0.727095057155056
"GGCAAGGCAATCCGTC-1","15",2.08381911098249,0.329906975189801,0,0,0,0,0,0,0,0,0,0,0,0,0,0,0,0.577555324942103,0,0,0,1.31798103892397,1.59094545595842,0,0,2.13131457496669,0.577555324942103,0,1.207476391475,0.94131693164491,0,0,0,0,0,0,0,0,0,0,0,0,0,0.329906975189801
"GGCAAGGCAGGGCTAC-1","0",1.71521766563259,0,0,0,0,0,0,0,0,0,0,0,0,0,0,0,0,0,0,0,0,0,2.31409562022533,0,0,1.71521766563259,1.39589564447799,0.923979119172879,0.923979119172879,1.95687554989607,0,0,0,0,0,0,0.923979119172879,0,0,0,0,0,0,0
"GGCAATAGTTCCTGAG-1","5",1.36579972561463,0,0,0,0,0,0,0,0,0,0,0,0,0,0,0,0,1.36579972561463,0,0,0,0,1.58756191711346,0,1.08041568761965,1.76896150613751,1.08041568761965,0,0.67953086596035,1.08041568761965,0,0.67953086596035,0,0,0,0,0,0,0,0,0,0,0,0
"GGCACACCAAGTCCTC-1","2",2.30340450315466,0,0,0,0,0,0,0,0,0,0,0,0,0,0,0,0,0,0,0,0,0.64228523837341,1.30899725775593,0,1.30899725775593,1.85706620705739,0,0,1.52676887213929,1.85706620705739,0,0.64228523837341,0,0,1.03020477865857,0,0,0,0,0,0,0,0,0
"GGCACACCAATACATG-1","0",1.51102767329204,0,0,0,0,0,0,0,0,0,0,0,0,0,0,0,0,1.29432678317163,0,0,0,1.01729108929319,1.29432678317163,0,0,2.08725721603135,0,0.632784619396879,1.29432678317163,0,0,0,0,0.632784619396879,0,0,0,0,0,0,0,0,0,1.29432678317163
"GGCACACCAGGTTAGT-1","3",2.46146266167796,0,0,0,0,0,0,0,0,0,0,0,0,0,0,0,0,1.52038403247398,0,0,0,2.0977679365713,0,0,0,0,0,0,0,0,0,0,0,0,0,0,0,0,0,0,1.52038403247398,0,0,0
"GGCACATTCACCTGCC-1","2",1.59691645074239,0,0,0,0,0,0,0,0,0,0,0,0,0,0,0,0,0,0,0,0,0,2.38365412646622,0,0,1.93248826900718,0,0,0,1.77871286202906,0,0,0,0,0,0,0,0,0,0,0,0,0,0
"GGCACCATCAGGTGAG-1","14",0,0,0,0,0,0,0,0,0,0,0,0,0,0,0,0,0,0,0,0,0,0,0,0,0,0,0,0,0,0,0,0,0,1.9284579948231,0,0,0,0,0,0,0,0,0,0
"GGCACCATCGAAGCCT-1","0",1.61748624561693,0,0,0,0,0,0,0,0,0,0,0,0,0,0,0,0,0,0,0,0,0.698184974589902,0.698184974589902,0,0.698184974589902,1.61748624561693,0,0.698184974589902,0,0,0,0,0,0,0,0,0,0,0,0,0,0,0,0
"GGCACCTGTGATGGAC-1","0",2.25195417477085,0,0,0,0,0,0,0,0,0,0,0,0,0,0,0,0,0,0,0,0,0.615525833004043,0.615525833004043,0,0.615525833004043,2.41658797862481,0,0.993717935306196,0.615525833004043,1.48217661889704,0,0,0,0,0,0,0,0,0,0,0,0,0,0.615525833004043
"GGCACCTGTTTGACAC-1","1",0.977973665806086,0,0,0,0,0,0,0,0,0,0,0,0,0,0,0,0,0,0,0,0,1.46282134029358,1.78795020465719,0,0,1.78795020465719,0.604059821923769,0.604059821923769,0,2.03290671287604,0,0,0,0.604059821923769,0,0,0,0,0,0,0,0,0,2.13603237201287
"GGCACGAGTTAGTGCT-1","0",2.096358303108,0,0.637666531492523,0,0,0,0,0,0,0,0,0,0,0,0,0,0,0,0,0,0,1.30187470826666,1.51912858839039,0,0,2.60186336204051,0.637666531492523,0,0.637666531492523,0,0,0,0,0,0,0,0,0,0,0,0,0,0,0.637666531492523
"GGCATAAGTAAGTGCA-1","2",2.10090958871987,0,0,0,0,0,0,0,0,0,0,0,0,0,0,0,0,0,0,0,0,0,0,0,0,2.64982784059566,0.786455444820588,0,0.786455444820588,1.52318273829932,0,0,0,0,0,0,0,0,0,0,0,0,0,0
"GGCATAAGTCAGGAGT-1","6",2.32776290968996,0,0,0,0,0,0,0,0,0,0,0,0,0,0,0,0,0,0,0,0,0,0,0,1.72766303247411,2.70018346082996,0,0,0,0,0,0,0,0,0,0,0,0,0,0,0,0,0,3.35915671592133
"GGCATAGAGCATGATT-1","1",1.58686563224885,0,0,0,0,0,0,0,0,0,0,0,0,0,0,0,0,0,0,0,0,1.76823552961861,2.05472675279613,0,0,2.05472675279613,0,1.0798376153969,0,2.3722050967837,0,0,0,0,0,0,0,0,0,0,0,0,0,1.58686563224885
"GGCATAGAGGTTCCTT-1","13",0,0,0,0,0,0,0,0,0,0,0,0,0,0,0,0,0,0,0,0,0,0,0,0,0,0,2.28583786388265,0,0,0,0,0,0,0,0,0,0,0,0,0,0,0,0,0
"GGCATAGAGTAGTCCA-1","4",2.25863627577968,0,0,0,0,0,0,0,0,0,0,0,0,0,0,0,0,0.47756556307235,0,0,0,1.40136147483106,1.54177338735144,0,0,1.87323263074987,0,0.47756556307235,0.799437723940893,1.23796250099039,0,0,0,0,0,0,0,0,0,0,0,0,0,1.04254793534094
"GGCATGGGTCTGTCCT-1","0",1.96216475244636,0,0,0,0,0,0,0,0,0,0,0,0,0,0,0,0,0,0,0,0,0,1.2371807071424,0,0,3.02369166103513,0,0,1.2371807071424,1.96216475244636,0,0,0,0,0,0,0,0,0,0,0,0,0,0
"GGCATGGGTTCGTGCA-1","6",2.37282232612858,1.44516265397505,0,0,0,0,0,0,0,0,0,0,0,0,0,0,0,2.01291228114764,0,0,0,0,0,0,1.44516265397505,2.01291228114764,0,0,0,0,0,0,0,0,0,0,0,0,0,0,0,0,0,3.40727485559565
"GGCATTATCAGCCACG-1","2",1.89832797135361,0,0,0,0,0,0,0,0,0,0,0,0,0,0,0,0,0,0,0,0,0,1.48270277071928,0,0,2.60153305435011,0,0,1.48270277071928,1.48270277071928,0,0,0,0,0,0,0,0,0,0,0,0,0,0
"GGCATTATCCACCGTC-1","0",1.32156031744772,0,0.65046005578076,0,0,0,0,0,0,0,0,0,0,0,0,0,0,0,0,0,0,0.65046005578076,0.65046005578076,0,0,2.558272480962,1.54023555105427,0,0.65046005578076,1.041281356929,0,0,0,0,0,0,0,0,0,0,0,0,0,0
"GGCATTATCCGTATGA-1","1",1.96290084905076,0,0,0,0,0,0,0,0,0,0,0,0,0,0,0,0,0.568147222984891,0,0,0,1.40117694408705,2.63940697996847,0,0,2.39287546193392,0.928214464821765,1.19240059590462,0.568147222984891,1.84923516352392,0,0,0,0.568147222984891,0,0,0,0,0,0,0,0,0,0.568147222984891
"GGCATTCAGATTAGCT-1","7",2.10939196409841,0,0,0,0,0,0,0,0,0,0,0,0,0,0,0,0,0,0,0,0,1.67633674883342,2.10939196409841,0,0.895535021246702,1.91612553957003,1.36028170483167,0,0,2.41058878773283,0,0,0,0,0,0,0,0,0,0,0,0,0,0
"GGCATTCAGTATGATC-1","0",1.67375077634404,0,0,0,0,0,0,0,0,0,0,0,0,0,0,0,0,0,0,0,0,2.26843453733301,0.893653766724937,0,0,1.91341253039917,0.893653766724937,0,0,0.893653766724937,0,0,0,0,0,0,0,0,0,0,0,0,0,0
"GGCCAATTCCATAGAT-1","0",2.50231772121364,0,0.702681688329748,0,0,0,0,0,0,0,0,0,0,0,0,0,0,0,0,0,0,1.1113048706232,1.96219978836635,0,0,1.80760018332535,0,0,0.702681688329748,0,0,0,0,0,0,0,0,0,0,0,0,0,0,0
"GGCCCTAAGCTAGAGG-1","11",2.0371718369562,1.46659353165901,0,0,0,0,0,0,0,0,0,0,0,0,0,0,0,0,0,0,0,0,0,0,0,2.87199414568272,0,0,1.46659353165901,0,0,0,0,0,0,0,0,0,0,0,0,0,0,1.46659353165901
"GGCCGAAGTGGCGTTC-1","3",2.93520234422378,0,0,0,0,0,0,0,0,0,0,0,0,0,0,0,0,0,0,0,0,0,0,0,0,0,0,0,0,0,0,0,0,0,0,0,0,0,0,0,2.93520234422378,0,0,0
"GGCCTAACACAGGGTC-1","1",2.63616404484319,0,0,0,0,0,0,0,0,0,0,0,0,0,0,0,0,0,0,0,0,0.520032141458286,1.48396733073348,0,0,2.41869790801608,0.860424228617381,0.520032141458286,0.860424228617381,1.86511118159041,0,0,0.520032141458286,0,0,0,0,0,0,0,0,0,0,1.75346414002059
"GGCCTAGTCATGCTAG-1","1",2.09624653631065,0,0.702784587133188,0,0,0,0,0,0,0,0,0,0,0,0,0,0,0,0,0,0,1.62481349350792,2.09624653631065,0,0,2.21429405410559,0,0,0.702784587133188,2.79058333601975,0,0,0,0.702784587133188,0.702784587133188,0,0,0,0,0,0,0,0,0.702784587133188
"GGCCTAGTCGTAACCA-1","7",1.56518906670761,0.815892589323028,0.815892589323028,0,0,0,0,0,0,0,0,0,0,0,0,0,0,0,0,0,0,0.815892589323028,1.56518906670761,0,0,2.61094667923955,0,1.25913865123065,1.25913865123065,2.14793611776823,0,0,0,0,0,0,0,0,0,0,0,0,0,0.815892589323028
"GGCCTCAAGCTAGTGC-1","7",1.88314316394171,0,0.482023874166845,0,0,0,0,0,0,0,0,0,0,0,0,0,0,0,0,0,0,0.482023874166845,1.05013794233015,0,0,2.13205549835436,0.482023874166845,0.482023874166845,0.482023874166845,2.26911912603367,0,0,0,0.482023874166845,0,0,0,0,0,0,0,0,0,1.05013794233015
"GGCCTCAAGTCAGGAG-1","2",2.29341174306379,0,0,0,0,0,0,0,0,0,0,0,0,0,0,0,0,0,0,0,0,1.69641216920991,0.910184524800963,0,0,2.93478048241059,0.910184524800963,0,0,2.13107349438063,0,0,0,0,0,0,0,0,0,0,0,0,0,0
"GGCCTCAAGTGAATGA-1","1",2.12873253972609,0,0.48058330297855,0,0,0,0,0,0,0,0,0,0,0,0,0,0,0,0,0,0,0.803809222627888,1.04768805408596,0,0.48058330297855,2.44141571044531,0.803809222627888,0.48058330297855,1.24359805662746,1.04768805408596,0,0.48058330297855,0,0,0.48058330297855,0,0,0,0,0,0,0,0,0.803809222627888
"GGCCTTGAGCTACCGG-1","3",2.5059278177983,0,0,0,0,0,0,0,0,0,0,0,0,0,0,0,0,0,0,0,0,0,0,0,0,0,0,0,0,0,0,0,0,0,0,0,0,0,0,0,0,0,0,0
"GGCGAACAGCGAACGA-1","0",1.58267766608229,0,0,0,0,0,0,0,0,0,0,0,0,0,0,0,0,0.828256749591384,0,0,0,0.828256749591384,0.828256749591384,0,0,2.30510898111946,0,0,0,1.2749852956569,0,0,0,0,0,0,0,0,0,0,0,0,0,0
"GGCGAACAGGTGCTGT-1","0",0.733393314032976,0,0,0,0,0,0,0,0,0,0,0,0,0,0,0,0,0,0,0,0,0,0.733393314032976,0,0,2.14884373673376,0,0,0,1.44607201366634,0,0,0,0,0,0,0.733393314032976,0,0,0,0,0,0,0
"GGCGAGACAATCGAGT-1","4",2.14970454785633,0,0,0,0,0,0,0,0,0,0,0,0,0,0,0,0,1.15258828986991,0,0,0,0,0,0,0,2.26856400988145,0,0,0,0.733899848587053,0,0,0,0,0,0,0,0,0,0,0,0,0,0.733899848587053
"GGCGAGACATGGTACG-1","8",1.88551008878341,0,0,0,0,0,0,0,0,0,0,0,0,0,0,0,0,0,0,0,0,0,2.49974845076556,0,0,1.33364685079293,0,1.88551008878341,1.33364685079293,2.23906710552768,0,0,0,1.33364685079293,1.33364685079293,0,0,0,0,0,0,0,0,1.33364685079293
"GGCGATCCATCAAGCG-1","2",1.5724110491452,0,0,0,0,0,0,0,0,0,0,0,0,0,0,0,0,0,0,0,0,1.26567942709647,1.80681254349699,0,0,1.80681254349699,0,0,0,1.80681254349699,0,0,0,0,0.820990734021303,0,0,0,0,0,0,0,0,0
"GGCGATCCATTAACGA-1","3",2.61395115317969,0,1.65204321679743,0,0,0,0,0,0,0,0,0,0,0,0,0,0,2.2444536701465,0,0,0,0,0,0,2.61395115317969,0,0,0,0,0,0,0,0,0,0,0,0,0,0,0,0,0,0,0
"GGCGATGGTCCCGAGT-1","2",1.21548127961329,0,0,0,0,0,0,0,0,0,0,0,0,0,0,0,0,0,0,0,0,0,1.74812676048036,0,0,1.51685645409857,0,0.782054292714474,0,1.9358296931735,0,0,0,0,0,0,0,0,0,0,0,0,0,0
"GGCGCTTGTTCACGGC-1","12",2.03168215820064,0,0,0,0,0,0,0,0,0,0,0,0,0,0,0,0,2.03168215820064,0,0,0,0,0,0,0,0,0,0,0,0,0,0,0,0,0,0,0,0,0,0,0,0,0,0
"GGCGCTTGTTGAGTTC-1","1",2.04286787819215,0,0,0,0,0,0,0,0,0,0,0,0,0,0,0,0,0,0,0,0,0,1.35502811814116,0,0.672412012714142,1.57605208029777,0.672412012714142,0.672412012714142,1.0708687410638,2.52632685429779,0,0,0,0,1.0708687410638,0,0,0,0,0,0,0,0,1.91009641529294
"GGCGGATAGATTGCGC-1","0",2.25363043600546,0,0,0,0,0,0,0,0,0,0,0,0,0,0,0,0,0,0,0,0,0,0,0,0,2.41829412741787,0,0.99489805080823,0,1.48362459509225,0,0,0,0,0,0,0,0,0,0,0,0,0,0
"GGCGGATAGGTGCTTA-1","0",2.07196717721431,0,0,0,0,0,0,0,0,0,0,0,0,0,0,0,0,0,0,0,0,0.76859689449553,0,0,0,2.07196717721431,0.76859689449553,0.76859689449553,0.76859689449553,0.76859689449553,0,0,0,0.76859689449553,0,0,0.76859689449553,0,0,0,0,0,0,0
"GGCGGTAGTTTGCAGT-1","5",2.35558177949787,0,0,0,0,0,0,0,0,0,0,0,0,0,0,0,0,0,0,0,0,0,0,0,0,2.09902308259877,0,0,1.753041294221,1.21966859190947,0,0,0,0,0,0,0,0,0,0,0,0,0,0
"GGCGGTTCACTCGCAT-1","1",2.06522247083326,0,0,0,0,0,0,0,0,0,0,0,0,0,0,0,0,0,0,0,0,1.00127986348302,1.49144824386036,0,0,2.63283969300439,1.27610125062386,1.27610125062386,0,2.56896755045388,0,0,0,0,0.621050323135403,0,0,0,0,0,0,0,0,1.00127986348302
"GGCGTCTGTCAGGGAT-1","0",1.59456539718024,0,0,0,0,0,0,0,0,0,0,0,0.579551478845554,0,0,0,0,0.579551478845554,0,0,0,0.579551478845554,1.59456539718024,0,0.944090733461634,2.60740451976618,1.42092526329716,0,0.944090733461634,0.579551478845554,0,0,0,0,0,0,0,0,0,0,0,0,0,2.41663565577443
"GGCGTGAGTTTCGGAT-1","12",0,0,0,0,0,0,0,0,0,0,0,0,0,0,0,0,0,0,0,0,0,0,0,0,0,0,0,0,0,0,0,0,0,0,0,0,0,0,0,0,0,0,0,0
"GGCGTGAGTTTGGGTT-1","13",2.79201969233477,0,0,0,0,0,0,0,0,0,0,0,0,0,0,0,0,0,0,0,0,0,0,0,0,2.15836452739886,0,0,0,2.79201969233477,0,0,0,0,0,0,0,0,0,0,0,0,0,0
"GGCGTTACATTAATCC-1","2",1.69230173333313,0,0,0,0,0,0,0,0,0,0,0,0,0,0,0,0,0,0,0,0,0,1.37489113605965,0,0,1.69230173333313,0,0.907178578238502,0,1.37489113605965,0,0,0,0,0,0,0,0,0,0,0,0,0,0.907178578238502
"GGCGTTGTCAGCAATT-1","3",2.66631673970834,0,0,0,0,0,0,0,0,0,0,0,0,0,1.46942158697003,0,0,0,0,0,0,0,0,0,0,1.46942158697003,0,0,0,0,0,0,0,0,0,0,0,0,0,0,0,0,0,0
"GGCGTTGTCCAGAGAG-1","15",1.34110442770281,0,0,0,0,0,0,0,0,0,0,0,0,0,0,0,0,0,0,0,0,0,2.38705701641509,0,0.880303633058633,1.89409452062965,0,0,0.880303633058633,0,0,0,0,0,0,0,0,0,0,0,0,0,0,0
"GGCGTTGTCTAGTGTG-1","0",2.05245865740707,0,0,0,0,0,0,0,0,0,0,0,0,0,0,0,0,0.518021067059243,0,0,0,0.857561286064301,0.518021067059243,0,0.518021067059243,2.52875920429912,0.518021067059243,1.11057609062746,1.11057609062746,0.857561286064301,0,0,0,0,0,0,0,0,0,0,0,0,0,0.518021067059243
"GGCTAGAAGGTGATGG-1","1",1.91205973214532,0,0,0,0,0,0,0,0,0,0,0,0,0,0,0,0,0,0,0,0,0,1.49519531482676,0,0,1.49519531482676,0,0,0,2.77222821897332,0,0,0,0,0,0,0,0,0,0,0,0,0,1.19598248910283
"GGCTAGAAGTTAGGCC-1","5",2.65654513915201,0,0,0,0,0,0,0,0,0,0,0,0,0,0,0,0,0,0,0,0,0.904981810022979,0.904981810022979,0,0.904981810022979,0.904981810022979,0.904981810022979,0.904981810022979,0,1.92971511983802,0,0,0,0,0,0,0,0,0,0,0,0,0,0
"GGCTATATCACGTGTA-1","6",1.40977087421791,1.40977087421791,0,0,0,1.40977087421791,0,0,0,0,0,0,1.40977087421791,0,0,0,0,0,0,0,2.80184924656449,0,0,0,0,1.97269590679647,0,0,1.40977087421791,1.40977087421791,0,0,0,1.40977087421791,0,0,0,0,0,0,0,0,0,5.12474295699318
"GGCTATATCCAGGCCA-1","3",2.89504318864994,0,0,0,0,0,0,0,0,0,0,0,0,0,0,0,0,0,0,0,0,0,0,0,1.90132525334375,0,0,0,0,0,0,0,0,0,0,0,0,0,0,0,0,0,0,0
"GGCTCAACATAGGTTA-1","0",2.23359222150709,0,0,0,0,0,0,0,0,0,0,0,0,0,0,0,0,0,0,0,0,0,0.784118958765672,0,0.784118958765672,2.64583701660064,0.784118958765672,0.784118958765672,0,1.21815743931789,0,0,0,0.784118958765672,0,0,0,0,0,0,0,0,0,0
"GGCTCGATCCGTGCTC-1","0",1.55332694264181,0,0,0,0,0,0,0,0,0,0,0,0,0,0,0,0,0,0,0,0,0,1.05207452444201,0,0,2.33388293493602,0,0,1.05207452444201,1.05207452444201,0,0,0,0,0,0,0,0,0,0,0,0,0,0
"GGCTCGATCGAATGGG-1","5",2.57841392935628,0,0,0,0,0,0,0,0,0,0,0,0,0,0,0,0,0,0,0,0,0.745231616417739,1.69151869780751,0,0.745231616417739,2.16888290239465,0,0.745231616417739,0,2.16888290239465,0,0,0,0,0,0,0,0,0,0,0,0,0,1.69151869780751
"GGCTCGATCGACCCGA-1","0",2.45652681915602,0,0,0,0,0,0,0,0,0,0,0,0,0,0,0,0,0,0,0,0,0.925631492455476,1.39795674245062,0,0,1.95922753715815,1.71746397656373,0,0.925631492455476,1.71746397656373,0,0,0,0,0,0,0,0,0,0,0,0,0,0
"GGCTGAAAGAACGGGC-1","3",1.87142150649412,0,0,0,0,0,0,0,0,0,0,0,0,0,0,0,0,0,0,0,0,0,0,0,0,1.87142150649412,0,0,0,0,0,0,0,0,0,0,0,0,0,0,0,0,0,0
"GGCTGAAAGCAGGTCT-1","13",0,0,0,0,0,0,0,0,0,0,0,0,0,0,0,0,0,0,0,0,0,0,0,0,0,2.67709569798478,0,0,0,0,0,0,0,1.31064340402733,0,0,0,0,0,0,0,0,0,0
"GGCTGAAAGGTCGAGA-1","2",1.02668425142892,0,0,0,0,0,0,0,0,0,0,0,0,0,0,0,0,0,0,0,0,0,2.1001229912177,0,1.02668425142892,2.1001229912177,0,1.02668425142892,1.52248191662173,2.29847344442969,0,0,0,0,0,0,0,0,0,0,0,0,0,0
"GGCTGACCATGGATAC-1","10",0,0,0,0,0,0,0,0,0,0,0,0,0,0,0,0,0,0,0,0,0,0,0,2.14227513280625,0,0,0,0,0,0,0,0,0,2.14227513280625,0,0,2.7749355902496,0,0,2.14227513280625,0,0,0,0
"GGCTGAGGTTCGCCTT-1","11",1.37854469491301,0,1.37854469491301,0,0,0,0,0,0,0,0,0,0,0,0,0,0,1.37854469491301,0,0,0,0,0,0,0,1.93704846870536,0,0,0,0,0,0,0,0,0,0,0,0,0,0,0,0,0,2.29327826051456
"GGCTGGTCATCGCTCG-1","4",2.15363791162367,0,0,0,0,0,0,0,0,0,0,0,0,0,0,0,0,0.352851106883734,0,0,0,1.47817910809572,0.819496842116947,0,0.352851106883734,1.47817910809572,0,0.613150309753009,0.613150309753009,0.990461565481254,0,0,0,0,0,0,0,0,0,0,0,0,0,0.819496842116947
"GGCTTAATCCCAGAGT-1","0",2.23994154404088,0,0,0,0,0,0,0,0,0,0,0,0,0,0,0,0,0,0,0,0,0,0,0,0,2.23994154404088,0,1.64796436611636,0,0,0,0,0,0,0,0,0,0,0,0,0,0,0,0
"GGCTTATGTTAGCGTT-1","0",1.56608747156049,0,0,0,0,0,0,0,0,0,0,0,0,0,0,0,0,0,0,0,0,1.25995207206784,0.81652620172045,0,0,2.40703610426903,0.81652620172045,0.81652620172045,0,0,0,0,0,0,0,0.81652620172045,0,0,0,0,0,0,0,0
"GGCTTCCTCCCTGGTC-1","5",2.05990348963124,0,0.356152860213746,0,0,0,0,0,0,0,0,0,0,0,0,0,0,0,0.356152860213746,0,0,0.356152860213746,1.2717122166499,0,0,2.25722320318189,1.66359609884002,0.61823588973525,0.61823588973525,1.57906779459878,0,0,0.356152860213746,0,0.356152860213746,0,0,0,0,0,0,0,0,0.356152860213746
"GGCTTCTCATCCTACA-1","3",3.09544395314436,0,0,0,0,0,0,0,0,0,0,0,0,0,0,0,0,0,0,0,0,0,0,0,0,1.50766526428627,0,1.50766526428627,0,0,0,0,0,0,0,0,0,0,0,0,0,0,0,0
"GGCTTCTCATGGTGTG-1","6",0,0,0,0,0,0,0,0,0,0,0,0,1.50985911457773,0,0,0,0,0,0,0,0,0,0,0,0,1.50985911457773,0,0,0,0,0,0,0,0,0,0,0,0,0,0,0,0,0,3.91930251030386
"GGCTTGGTCGACTATG-1","0",0.838258250809479,0,0,0,0,0,0,0,0,0,0,0,0,0,0,0,0,0.838258250809479,0,0,0,0.838258250809479,0,0,0.838258250809479,1.28776377828259,0,0.838258250809479,0,1.59675945417433,0,0,0,0,0,0,0,0,0,0,0,0,0,0
"GGCTTGGTCGCTCAGG-1","14",1.93072234650954,1.37301769660289,1.37301769660289,0,0,0,0,0,0,0,0,0,0,0,0,0,0,0,0,0,0,0,0,0,0,0,0,0,0,0,0,0,0,0,0,0,0,0,0,0,0,0,0,0
"GGCTTGGTCTATCCAC-1","8",2.11104849373699,0,0,0,0,0,0,0,0,0,0,0,0,0,0,0,0,0,0,0,0,0.645589928030897,1.86294313382038,0,0,1.86294313382038,1.03468638422899,0,0,1.5322213959964,0,0,0,0,0,0,0,0,0,0,0,0,0,1.99467069281035
"GGCTTTGGTGAGCGTG-1","2",2.63077472818939,0,0,0,0,0,0,0,0,0,0,0,0,0,0,0,0,0,0,0,0,0,0,0,0,2.00717473192767,0,0,0.959566791147283,2.00717473192767,0,0,0,0,0,0,0,0,0,0,0,0,0,0
"GGGAACATCCCATAGA-1","3",2.26688247412238,0,0.89263117350582,0,0,0,0,0,0,0,0,0,0,0,0,0,0,0,0,0,0,0.89263117350582,0,0,0,1.35663140180362,0,0,0,0,0,0,0,0,0,0,0,0,0,0,0,0,0,0
"GGGAACATCCCCAGAG-1","1",2.10896392111393,0,0.505705257849081,0,0,0,0,0,0,0,0,0,0,0.505705257849081,0,0,0,0,0,0,0,0.505705257849081,1.28995363864205,0,0.505705257849081,1.72403039573925,0,1.09006372158314,0,1.59917082745755,0,0,0,0.505705257849081,0.505705257849081,0,0,0,0,0,0,0,0,0.83997500044854
"GGGAACATCGCGTCGA-1","9",0,0,0,0,0,0,0,0,0,0,0,0,0,0,0,0,0,0,0,0,0,0,0,0,0,0,0,0,0,0,0,0,0,0,0,0,0,0,0,0,0,0,0,0
"GGGAATGTCCCAGGAT-1","0",2.15481692495484,0,0,0,0,0,0,0,0,0,0,0,0,0,0,0,0,0,0,0,0,0,0,0,0,1.90504843337758,0,1.06697633859196,1.57135287446262,2.52087417306595,0,0,0,0,0,0,0,0,0,0,0,0,0,0
"GGGAATGTCTTGAACG-1","9",2.72059971718377,0,0,0,0,0,0,0,0,0,0,0,0,0,0,0,0,0,0,0,0,0,0,0,0,0,0,0,0,0,0,0,0,0,0,0,0,0,0,0,0,0,1.51454623319802,0
"GGGAATTAGGTTGGCT-1","0",2.1805365801091,0,0,0,0,0,0,0,0,0,0,0,0,0,0,0,0,0,0,0,0,0.752160709258007,1.47355806158956,0,0.752160709258007,1.47355806158956,0,0.752160709258007,0.752160709258007,1.17654765961443,0,0,0,0,0,0,0.752160709258007,0,0,0,0,0,0,0
"GGGACAATCACAGGGA-1","9",2.36864297493186,1.22985145718598,0,0,0,0,0,0,0,0,0,0,0,0,0,0,0,0,0,0,0,1.22985145718598,0,0,0,2.11168655381106,0,0,1.22985145718598,0,0,0,0,0,0,0,0,0,0,0,0,0,0,2.11168655381106
"GGGACAATCAGGTCCG-1","9",3.03442006616326,0,0,0,0,0,0,0,0,0,0,0,0,2.02766208552975,0,0,0,2.65272155719082,0,0,0,0,0,0,0,0,0,0,0,0,0,0,0,0,0,0,0,0,0,0,0,0,0,0
"GGGACACAGTATGACT-1","1",1.31854421443816,0,0,0,0,0,0,0,0,0,0,0,0,0,0,0,0,0,0,0,0,0.64849419801455,1.86809553834501,0,0,1.53700361840604,1.03862062337843,0.64849419801455,0,1.03862062337843,0,0,0,0,0,0,0,0,0,0,0,0,0,1.03862062337843
"GGGACCAGTAGCTTCG-1","5",1.82179686771272,0,0.71127766871561,0,0,0,0,0,0,0,0,0,0,0,0,0,0,0,0,0,0,0,0.71127766871561,0,0,1.97679264060437,1.41336829698705,0,1.41336829698705,1.97679264060437,0,0,0,0,0,0,0,0,0,0,0,0,0,1.12271395369778
"GGGACCAGTGGCGAAT-1","3",3.00903454157339,0,0,0,0,0,0,0,0,0,0,0,0,0,0,0,0,0,0,0,0,0,0,0,0,0,0,0,0,0,0,0,0,2.00453042114144,0,0,0,0,0,0,0,0,0,0
"GGGACCAGTTAAGCTC-1","3",3.25779610599798,0,1.4168293233109,0,0,0,0,0,0,0,0,0,0,0,0,0,0,0,0,0,0,0,0,0,0,0,1.4168293233109,0,0,0,0,0,1.4168293233109,0,0,0,0,0,0,0,0,0,0,0
"GGGACCAGTTCCGTAG-1","0",0,0,0,0,0,0,0,0,0,0,0,0,0,0,0,0,0,0,0,0,0,0,2.30389113474784,0,0,1.70593547338393,0,0,0,1.70593547338393,0,0,0,0,0,0,0,0,0,0,0,0,0,0
"GGGACCTCAAACCGCA-1","13",2.27245780891882,0,0,0,0,0,0,0,0,0,0,0,0,0,0,0,0,0,0,0,0,0,2.27245780891882,0,0,2.27245780891882,0,0,0,2.27245780891882,0,0,0,0,0,0,0,0,0,0,0,0,0,0
"GGGACGTAGCTATCGA-1","9",2.47497354765838,0,0,0,0,0,0,0,0,0,0,0,0,0,0,0,0,0,0,0,0,0,0,0,0,0,0,0,0,2.47497354765838,0,0,0,0,0,0,0,0,0,0,0,0,0,3.12512699353343
"GGGACGTAGTGAACCC-1","3",3.19761861905868,0,0,0,0,0,0,0,0,0,0,0,0,0,0,0,0,0,0,0,0,0,0,0,0,1.73955974323463,0,0,0,0,0,0,0,0,0,0,0,0,0,0,0,0,0,0
"GGGATAGTCACACATG-1","3",1.43119589310499,0,0,0,0,0,0,0,0,0,0,0,0,0,0,0,0,0,0,0,0,0,0,0,0,0,0,0,0,0,0,0,0,0,0,0,0,0,0,0,0,0,0,0
"GGGATAGTCATCAGGC-1","0",2.33499865769953,0,0.772965597551819,0,0,0,0,0,0,0,0,0,0,0,0,0,0,0.772965597551819,0,0,0,0.772965597551819,0.772965597551819,0,1.20368121662887,1.92145699134186,0,1.20368121662887,0,0.772965597551819,0,0,0,0,0,0.772965597551819,0,0,0,0,0,0,0,0
"GGGATATAGGATGGCA-1","3",3.09410211918227,0,0,0,0,0,0,0,0,0,0,0,0,0,0,0,0,0,0,0,0,0,0,0,0,0,0,0,0,0,0,0,0,2.08224659260744,0,0,0,0,0,0,0,0,0,0
"GGGATTAGTGAAGGAG-1","2",2.89935745399529,0,0,0,0,0,0,0,0,0,0,0,0,0,0,0,0,0,0,0,0,0,1.90521073610303,0,0,1.90521073610303,2.52104952205033,0,1.90521073610303,1.90521073610303,0,0,0,0,0,0,0,0,0,0,0,0,0,0
"GGGATTGAGGCAAGTG-1","1",0.83997500044854,0,0.83997500044854,0,0,0,0,0,0,0,0,0,0,0,0,0,0,1.28995363864205,0,0,0,1.28995363864205,1.83501630152003,0,0,1.28995363864205,0.83997500044854,0.83997500044854,0,1.83501630152003,0,0,0,0,0,0,0,0,0,0,0,0,0,1.83501630152003
"GGGATTGAGTCATGCA-1","4",2.64615505470096,0,0,0,0,0,0,0,0,0,0,0,0,0,0,0,0,0,0,0,0,0.598139885943985,0.969818305867544,0,0.598139885943985,2.30319077165912,1.45276782336238,0.598139885943985,1.45276782336238,1.90674276906072,0,0,0,0,0,0,0,0,0,0,0,0,0,1.24016908477748
"GGGCAAATCATGCGTA-1","0",2.08453316406181,0,0,0,0,0,0,0,0,0,0,0,0,0,0,0,0,0,0,0,0,0,0,0,0,2.49024008493303,0.69605985273412,1.10249396935516,0.69605985273412,0,0,0,0,0,0,0,0,0,0,0,0,0,0,0.69605985273412
"GGGCAACAGCCATGCG-1","1",2.2156572430742,0,0,0,0,0,0,0,0,0,0,0,0,0,0,0,0,0.70355732916159,0,0,0,1.40186922486131,1.11246854280244,0,0,1.80904999402427,0,0,0.70355732916159,2.50390989718682,0,0,0,0,0.70355732916159,0,0,0,0,0,0,0,0,0
"GGGCAGACATCACTCA-1","1",1.83170524413366,0,0,0,0,0,0,0,0,0,0,0,0,0,0,0,0,0,0,0,0,0,1.28709897222524,0,0.362588111500587,2.13176654657998,0,1.01093717945217,0.62812196553593,2.02229662469078,0,0,0,0,0,0.362588111500587,0,0,0,0,0,0,0,0
"GGGCATCCATAGATGC-1","10",3.08443235248972,0,0,0,0,0,0,0,0,0,0,0,0,0,0,0,0,2.43602524057995,0,0,0,0,0,0,0,2.43602524057995,0,0,0,2.43602524057995,0,0,0,0,0,0,0,0,0,0,0,0,0,0
"GGGCATGGTGCAGCGA-1","0",2.22530167493308,0,0,0,0,0,0,0,0,0,0,0,0,0,0,0,0,0.975033095358889,0,0,0,0,0,0,0,2.02880853123836,0.975033095358889,0,0.975033095358889,1.45919855183878,0,0,0,0,0,0,0,0,0,0,0,0,0,0
"GGGCATTTCGTAACTG-1","3",3.06377231028567,0,1.3649307493573,0,0,0,0,0,0,0,0,0,0,0,0,0,0,0,0,0,0,0,0,0,0,1.92145699134186,0,0,0,0,0,0,1.3649307493573,1.3649307493573,0,0,0,0,0,0,0,0,0,0
"GGGCCTATCCTGCTCA-1","2",2.41940388290283,0,0,0,0,0,0,0,0,0,0,0,0,0,0,0,0,0,0,0,0,0.548912072880063,1.92438690871122,0,0.901273243965961,2.02581862956565,0,0.901273243965961,1.16130697685702,1.53833752554391,0,0,0,0,0,0,0,0,0,0,0,0,0,0
"GGGCCTTGTGAAGTTG-1","0",2.12875065992369,0,0.600322596883366,0,0,0,0,0,0,0,0,0,0,0,0,0,0,0.600322596883366,0,0,0,0,0.97282735181874,0,0.600322596883366,1.45647944635985,0,0.600322596883366,0.600322596883366,1.24361269360655,0,0,0,0,0,0,0,0,0,0,0,0,0,0.600322596883366
"GGGCCTTGTGCATCTG-1","3",0,0,0,0,0,0,0,0,0,0,0,0,0,0,0,0,0,0,0,0,0,0,0,0,0,0,0,0,0,0,0,0,0,0,0,0,0,0,0,0,0,0,0,0
"GGGCGATAGGCAACCT-1","0",2.56034635738958,0,0,0,0,0,0,0,0,0,0,0,0,0,0,0,0,0,0,0,0,1.60544987125614,1.60544987125614,0,0,0,1.09529002647613,0,0,0,0,0,0,0,0,0,0,0,0,0,0,0,0,0
"GGGCGATAGTTAGTGT-1","7",1.90974636886831,0,0,0.599729055717653,0,0,0,0,0,0,0,0,0,0,0,0,0,0.972009352737063,0,0,0,1.24267670812532,1.45547071206245,0,0,2.38504046586214,0.972009352737063,0,0.599729055717653,2.75932952776424,0,0.599729055717653,0,0,1.63083258018789,0,0,0,0,0,0,0,0,0.972009352737063
"GGGCGTAGTGGCGTGA-1","3",2.9462407814557,0,0,0,0,0,0,0,0,0,0,0,0,0,0,0,0,0,0,0,0,0,0,0,0,0,0,0,0,0,0,0,0,0,0,0,0,0,0,0,0,0,0,2.30429688223136
"GGGCTAGGTGCGGCTT-1","0",2.05006393148867,0,0.479526198485996,0,0,0,0,0,0,0,0,0,0,0,0,0,0,0.479526198485996,0,0,0,0.802278574067055,0.479526198485996,0,0,1.40524967496443,0.479526198485996,1.04588872814124,0.479526198485996,1.40524967496443,0,0,0,0,0,0,0,0,0,0,0.479526198485996,0,0,0
"GGGCTAGGTTTACCGG-1","0",2.35734232636691,0,0.861251575161069,0,0,0,0,0,0,0,0,0,0,0,0,0,0,0.861251575161069,0,0,0,0.861251575161069,1.31700870672937,0,0,0.861251575161069,0.861251575161069,1.31700870672937,0.861251575161069,1.31700870672937,0,0,0,0.861251575161069,0,0,0.861251575161069,0,0,0,0,0,0,0
"GGGCTCTGTATGTAGG-1","8",1.80090099065761,0,0,0,0,0,0,0,0,0,0,0,0,0,0,0,0,0.69864211536522,0,0,0,0.69864211536522,1.39452548178497,0,0,2.31245433874836,0.69864211536522,0.69864211536522,0.69864211536522,1.39452548178497,0,0,0,0,1.10593217898386,0,0,0,0,0,0,0,0,2.64923829517889
"GGGCTCTGTGCACCAC-1","0",2.036136946534,0,0,0,0,0,0,0,0,0,0,0,0,0,0,0,0,0,0,0,0,0,1.065789689169,0,0,2.72611798288084,1.34929213876356,0,1.065789689169,1.34929213876356,0,0,0,0,0,0,0.668631781308136,0,0,0,0,0,0,0
"GGGCTTACAAGCCTAG-1","9",0,0,0,0,0,0,0,0,0,0,0,0,0,0,0,0,0,0,0,0,0,0,0,0,0,0,0,0,0,0,0,0,0,0,0,0,0,0,0,0,0,0,0,0
"GGGGACTAGGAACCTC-1","7",2.67006170336998,0,0.7099611916014,0,0,0,0,0,0,0,0,0,0,0,0,0,0,0.7099611916014,0,0,0,1.41141053587434,1.6362062807501,0,0,1.6362062807501,0.7099611916014,0,1.1209687268748,2.51551955375967,0,0,0,0.7099611916014,0,0,0,0,0,0,0,0,0,1.1209687268748
"GGGGACTAGGTCATCA-1","4",1.86024049180377,0,0,0,0,0,0,0,0,0,0,0,0,0,0,0,0,0,0,0,0,0.79100782367596,1.03262463665478,0,1.22707479492156,1.22707479492156,0,0.471757771314233,0.471757771314233,1.76172503798886,0,0,0,0,0,0,0,0,0,0,0,0,0,1.38979957362977
"GGGGATGCAAACCAAC-1","0",1.91789844822802,0,0.676902524695987,0,0,0,0,0,0,0,0,0,0,0,0,0,0,0,0,0,0,1.36182733519945,1.58331826837611,0,0,1.76453656048836,0.676902524695987,0.676902524695987,0.676902524695987,0,0,0,0,0,0,0,0,0,0,0,0,0,0,0.676902524695987
"GGGGATGCACATTCAT-1","0",1.97970946789443,0,0.810097784635753,0,0,0,0,0,0,0,0,0,0,0,0,0,0,0,0,0,0,0.810097784635753,0.810097784635753,0,0,2.50414950235033,0.810097784635753,0,0,1.5569614815455,0,0,0,0,0,0,0,0,0,0,0,0,0,0.810097784635753
"GGGGATGCATCGTTCA-1","4",2.34034943583071,0,0,0,0,0,0,0,0,0,0,0,0,0,0,0,0,0.995596817379873,0,0,0,0,0.616897429780513,0,0,2.41930394459983,1.26962249442354,0,0.995596817379873,1.66124212482616,0,0,0,0,0,0,0,0,0,0,0,0,0,1.48448178385582
"GGGGCTAGTATAGTCC-1","0",1.4299857252053,0,0,0,0,0,0,0,0,0,0,0,0,0,0,0,0,0,0,0,0,0,1.9956901747898,0,0,0,0,0,0,0,0,0,0,0,0,0,0,0,0,0,0,0,0,0
"GGGGCTAGTCTGTGTG-1","11",1.90302264398954,0,0,0,0,0,0,0,0,0,0,0,0,0,0,0,0,0,0,0,0,0,0,0,0,1.90302264398954,0,0,0,0,0,0,0,0,0,0,0,0,0,0,0,0,0,1.90302264398954
"GGGGTAATCCAGGTGT-1","0",2.07470185179034,0,0,0,0,0,0,0,0,0,0,0,0,0,0,0,0,0,0,0,0,0,0.770275815500652,0,0.770275815500652,2.53398410042822,1.4998654498267,1.2001828512909,1.2001828512909,1.2001828512909,0,0,0,0.770275815500652,0.770275815500652,0,0,0,0,0,0,0,0,0
"GGGGTAATCCTGCCGT-1","3",2.90941449811809,0,0,0,0,0,0,0,0,0,0,0,0,0,0,0,0,0,0,0,0,0,0,0,0,0,0,0,0,0,0,0,0,0,0,0,0,0,0,0,0,0,0,0
"GGGGTATGTAATCGCT-1","12",2.95482497057251,0,0,0,0,0,0,0,0,0,0,0,0,0,0,0,0,0,0,0,0,0,0,0,0,0,0,0,0,0,0,0,0,0,0,0,0,0,0,0,0,0,0,0
"GGGGTATGTTAGGTGA-1","12",2.3215222940138,0,0,0,0,0,0,0,0,0,0,0,0,2.3215222940138,0,0,0,0,0,0,0,0,0,0,0,0,0,0,0,0,0,0,0,0,0,0,0,0,0,0,0,0,0,0
"GGGGTCAGTGATGCCC-1","1",2.16619136135574,0,0,0,0,0,0,0,0,0,0,0,0,0,0,0,0,0,0,0,0,0,0,0,0,0,0,0,0,0,0,0,0,0,0,2.16619136135574,0,0,0,0,0,0,0,2.16619136135574
"GGGGTCAGTGCATTAC-1","0",2.28464839029693,0,0,0,0,0,0,0,0,0,0,0,0,0,0,0,0,0.632453632680471,0,0,0,1.29381431474515,1.29381431474515,0,0.632453632680471,1.68845535852522,0.632453632680471,0,0.632453632680471,0,0,0,0,0,0,0,0.632453632680471,0,0,0,0,0,0,0.632453632680471
"GGGGTTAAGCCAGACT-1","1",1.65696184574531,0,0,0,0,0,0,0,0,0,0,0,0,0,0,0,0,0,0,0,0,0.425541921258661,2.13130719385401,0,0.723113241485114,2.06628718935221,1.13837075704288,0.425541921258661,0.425541921258661,2.13130719385401,0,0,0.425541921258661,0,0.425541921258661,0,0,0,0,0,0,0,0,0.952143736665882
"GGGGTTGGTGCAACTT-1","8",2.19085005375878,0,0,0,0,0,0,0,0,0,0,0,0,0,0,0,0,0,0,0,0,1.60370267288035,0,0,0,1.60370267288035,0,0,0.689566512322075,0,0,0,0,0,0,0,0,0,0,0,0,0,0,2.29613063017039
"GGGTAACGTAAGTCCT-1","4",1.92359737406117,0,0.295542576846458,0,0,0,0,0,0,0,0,0,0,0,0,0,0,0.295542576846458,0,0,0,0.523372942717417,1.40969290534688,0,0.523372942717417,1.5649442611578,0,0.295542576846458,1.11943786777462,1.49032843523955,0,0,0,0.523372942717417,0,0,0.295542576846458,0,0,0,0,0,0,0.295542576846458
"GGGTAACGTTAGACGA-1","2",1.86732421648309,0,0,0,0,0,0,0,0,0,0,0,0,0,0,0,0,0.64805900938503,0,0,0,1.03803135757833,1.31787610078921,0,0.64805900938503,1.71544197040425,0,0.64805900938503,1.03803135757833,2.21990296700117,0,0,0,0,0,0,0,0,0,0,0,0,0,0.64805900938503
"GGGTAACGTTATCATG-1","11",0,0,0,0,0,0,0,0,0,0,0,0,0,0,1.3563103964635,0,0,0,0,0,0,0,0,0,0,2.26649492126447,0,0,0,0,0,0,0,1.3563103964635,0,0,0,0,0,0,1.3563103964635,0,0,1.3563103964635
"GGGTAATAGCCAGACT-1","0",1.79803695374719,0,0,0,0,0,0,0,0,0,0,0,0,0,0,0,0,0,0,0,0,0.985541056922943,1.47213306647193,0,0,2.66959270068619,1.79803695374719,0,0,0.985541056922943,0,0,0,0,0,0,0,0,0,0,0,0,0,1.47213306647193
"GGGTAATAGCTGGTGT-1","0",1.95852988551067,0,0,0,0,0,0,0,0,0,0,0,0,0,0,0,0,0,0,0,0,1.95852988551067,0,0,0,2.41127474733675,1.10844137008928,0,0,1.95852988551067,0,0,0,0,0,0,0,0,0,0,0,0,0,0
"GGGTACTTCCCATGAA-1","0",2.04699638367373,0,0,0,0,0,0,0,0,0,0,0,0,0,0,0,0,0,0,0,0,2.04699638367373,1.70409385603583,0,0,2.30186540962365,0,1.17810143972635,0,0,0,1.17810143972635,0,0,0,0,0,0,0,0,0,0,0,0
"GGGTACTTCCCTCAAT-1","1",1.61264561366087,0,0.695153199286811,0,0,0,0,0,0,0,0,0,0,0,0.695153199286811,0,0,0,0,0,0,1.10128608705251,0.695153199286811,0,0.695153199286811,2.08294943803569,1.10128608705251,0,0.695153199286811,0.695153199286811,0,0,0,0,0,0,0,0,0,0,0,0,0,2.30619303437024
"GGGTACTTCGATGTAT-1","4",1.49385452830835,0,0,0,0,0,0,0,0,0,0,0,0,0,0,0,0,0,0,0,0,0.525229164957515,1.49385452830835,0,0,1.49385452830835,1.12250421009284,0.867811400220307,0,0,0,0,0,0,0,0,0,0,0,0,0,0,0,0.867811400220307
"GGGTACTTCTAGTCTC-1","2",2.09642537086372,0,0,0,0,0,0,0,0,0,0,0,0,0,0,0,0,0,0,0,0,0.70288751730833,2.21447567900599,0,0.70288751730833,1.9625502371874,0.70288751730833,0,1.11157843466538,1.6249772345054,0,0,0,0,0,0,0,0,0,0,0,0,0,0
"GGGTATAGTAGTGCCC-1","8",1.50951582766925,0,0,0,0,0,0,0,0,0,0,0,0,0,0,0,0,0,0,0,0,0.631875265851185,1.68744923678657,0,0,2.44872826853652,0.631875265851185,0,0.631875265851185,1.29291860306141,0,0,0,0,0,0,0,0,0,0,0,0,0,2.65444008645291
"GGGTCAAAGGAGTCGA-1","8",2.2444536701465,0,0,0,0,0,0,0,0,0,0,0,0,0,0,0,1.13424157512388,0,0,0,0,0,1.13424157512388,0,0,2.44617225165555,0,1.13424157512388,0,1.65204321679743,0,0,0,0,1.13424157512388,0,0,0,0,0,0,0,0,2.44617225165555
"GGGTCAGGTCAGCCTA-1","0",2.07186607770142,0,0,0,0,0,0,0,0,0,0,0,0,0,0,0,0,0,0,0,0,1.19791703111223,1.72747279906799,0,0,2.07186607770142,1.72747279906799,0.768534859629062,0,0.768534859629062,0,0,0,0,0,0,0,0,0,0,0,0,0,0.768534859629062
"GGGTCAGGTGATAGAT-1","12",2.7749355902496,0,0,0,0,0,0,0,0,0,0,0,0,0,0,0,0,0,0,0,0,0,0,0,0,0,0,2.14227513280625,0,0,0,0,0,0,0,0,0,0,0,0,0,0,0,2.14227513280625
"GGGTCATTCACACCGG-1","0",2.40382540604214,0,0,0,0,0,0,0,0,0,0,0,0,0,0,0,0,0,0,0,0,1.25742531600063,1.79719676565528,0,0,2.69732352468292,0,0.814558363424167,0.814558363424167,1.56329647684106,0,0,0,0,0,0,0,0,0,0,0,0,0,0
"GGGTCATTCAGCCTAA-1","0",2.41795261909332,0,0,0,0,0,0,0,0,0,0,0,0,0,0,0,0,0,0,0,0,0,1.11336022205085,0,0,0,0,1.11336022205085,0,1.11336022205085,0,0,0,0,0,0,0,0,0,0,0,0,0,0
"GGGTCATTCTAGGCGT-1","6",0,0,0,0,0,0,0,0,0,0,0,0,0,0,1.70409385603583,0,0,2.30186540962365,0,0,0,0,0,0,0,1.70409385603583,0,0,0,0,0,0,0,0,0,0,0,0,0,0,0,0,0,3.82785910747165
"GGGTCCATCCTGAGTA-1","3",3.2834400130275,0,0,0,0,0,0,0,0,0,0,0,0,0,0,0,0,2.42187281397639,0,0,0,1.81376069513352,0,0,0,0,0,0,0,0,0,0,0,0,0,0,0,0,0,0,0,0,0,0
"GGGTGTCCATGAGCTG-1","2",2.28012664523801,0,0,0,0,0,0,0,0,0,0,0,0,0,0,0,0,0,0,0,0,0,1.36761418956058,0,0,1.92453266624042,0.680732585039889,0,1.08202500742524,1.36761418956058,0,0,0,0,0,0,0,0,0,0,0,0,0,1.36761418956058
"GGGTTAAGTTTAAGCC-1","2",1.93417398985556,0,0,0,0,0,0,0,0,0,0,0,0,0,0,0,0,0,0,0,0,0.686317837443265,1.78035118122063,0,0,2.06745940852,0,0,0.686317837443265,2.38544338491221,0,0,0,0,0,0,0,0,0,0,0,0,0,0
"GGGTTCCGTCAGTTCG-1","4",2.01467013934041,0,0,0,0,0,0,0,0,0,0,0,0,0,0,0,0,0,0,0,0,0.964914557862208,1.23455392786164,0,0.594586658723795,0.594586658723795,0,0,0.594586658723795,1.44671350233799,0,0,0,0,0.594586658723795,0,0,0,0,0,0,0,0,0
"GGGTTTCAGCAATCCA-1","1",1.88947194369809,0,0,0,0,0,0,0,0,0,0,0,0,0,0,0,0,0,0,0,0,1.05499405084934,1.55686298368895,0,0.660613159286261,1.33708759951564,0,0.660613159286261,1.05499405084934,2.02179299519137,0,0,0,0,0,0.660613159286261,0,0,0,0,0,0,0,0.660613159286261
"GGGTTTCAGCTGGCAT-1","1",2.28120306467484,0,0,0,0,0,0,0,0,0,0,0,0,0,0,0,0.487196475628616,0,0,0,0,1.25589678491154,1.05891437441574,0,0,1.05891437441574,0,0.487196475628616,0.81336847720347,2.401882064729,0,0,0,0,0.487196475628616,0,0,0,0,0,0,0,0,2.45716613487001
"GGGTTTCAGGAGCTTC-1","7",1.10552646000009,0,0,0,0,0,0,0,0,0,0,0,0,0,0,0,0,0,0,0,0,1.61772919979514,0.698337285682557,0,0,2.57451014780709,0,1.10552646000009,0.698337285682557,1.80039473948018,0,0,0,0,0,0,0,0,0,0,0,0,0,1.39406945218458
"GGGTTTGCATGAGTGT-1","1",1.7945147749313,0,0.694801274819441,0,0,0,0,0,0,0,0,0,0,0,0,0,0,0,0,0,0,0.694801274819441,0,0,0.694801274819441,1.61208315154695,1.1008171402328,1.1008171402328,0.694801274819441,1.38877447762883,0,0,0,0,0.694801274819441,0,0,0,0,0,0,0,0,0.694801274819441
"GGTAACAGTTAGTTCA-1","3",2.4178284688126,0,0,0,0,0,0,0,0,0,0,0,0,0,0,0,0,0,0,0,0,0,0,0,0,1.48322936235793,0,0,0,0,0,0,0,0,0,0,0,0,0,0,0,0,0,0
"GGTAACAGTTCCCAGA-1","0",2.2889297884115,0,0.685583932366266,0,0,0,0,0,0,0,0,0,0,0,0,0,0,0,0,0,0,1.37492792908305,1.08851519239163,0,0,2.2889297884115,0,1.37492792908305,1.08851519239163,0.685583932366266,0,0,0,0,0,0,0,0,0,0,0,0,0,0
"GGTAATCCAGCTCGTT-1","2",1.33560559035666,0,0,0,0,0,0,0,0,0,0,0,0,0,0,0,0,0.875947348689782,0,0,0,0,2.2414427878122,0,0,1.64932125722885,0,0,0,1.33560559035666,0,0,0,0,0,0,0,0,0,0,0,0,0,0.875947348689782
"GGTAATCCAGTTAAGC-1","14",1.77345486338225,0,0,0,0,0,0,0,0,0,0,0,0,0,0,0,0,0,0,0,0,0,0,0,0,0,0,0,0,0,0,0,0,0,0,0,0,0,0,0,0,0,0,0
"GGTAATGGTAACGCGG-1","2",1.25133623120099,0,0,0,0,0,0,0,0,0,0,0,0,0,0,0,0,0,0,0,0,1.25133623120099,0.809820707614771,0,0,1.55656757939767,0.809820707614771,0.809820707614771,0,2.13830342727393,0,0,0,0,0,0,0,0,0,0,0,0,0,0
"GGTAATGGTTCACTCC-1","5",2.11144722042615,0,0,0,0,0,0,0,0,0,0,0,0,0,0,0,0,0,0,0,0,1.03497886445684,1.71156423557911,0,0.645805735072203,2.31008030232975,1.03497886445684,0,0,1.99506263956128,0,0,0,0,0,0,0,0,0,0,0,0,0,0
"GGTAATTTCCAACTAG-1","2",0,0,0.838034874076096,0,0,0,0,0,0,0,0,0,0,0,0,0,0,0,0,0,0,0.838034874076096,1.28747876602086,0,0,2.81791061244503,0,0.838034874076096,1.28747876602086,1.59644557250389,0,0,0,0,0,0,0,0,0,0,0,0,0,0
"GGTAATTTCCGGAGTT-1","3",2.50851588838906,0,0,0,0,0,0,0,0,0,0,0,0,0,0,0,0,1.89361497818834,0,0,0,0,0,0,1.89361497818834,0,0,0,0,0,0,0,0,0,0,0,0,0,0,0,0,0,0,0
"GGTAATTTCCGGTTCC-1","5",2.74328235438529,0,0,0,0,0,0,0,0,0,0,0,0,0,0,0,0,0,0,0,0,0.52607736211241,2.06974602432641,0,0.869015515126961,1.49546381293854,0.52607736211241,0,0.52607736211241,2.64995065673623,0,0,0,0,0,0,0,0,0,0,0,0,0,2.15351551731047
"GGTAATTTCGCGCCTT-1","8",1.9828895952738,0,0,0,0,0,0,0,0,0,0,0,0,0,0,0,0,0,0,0,0,1.41872547216899,2.23554771511002,0,0,2.60471753135096,0,0.714884360874381,1.12749144768434,2.23554771511002,0,0,0,0,0,0,0,0,0,0,0,0,0,1.82772996058777
"GGTACGAAGGCGTCAT-1","0",2.43840737755515,0,0,0,0,0,0,0,0,0,0,0,0,0,0,0,0,0,0,0,0,0,1.00885672944324,0,0,1.82895755035911,0,0,0,2.2733951023289,0,0,0,0,0,0,0,0,0,0,0,0,0,0
"GGTACGCCAGCCAAGC-1","1",2.29501523758152,0.556018240602792,0,0,0,0,0,0.556018240602792,0,0,0,0,0,0,0,0,0,0,0,0,0,0.911250533912086,2.2171221494373,0,0.556018240602792,1.82551805201823,0.556018240602792,0.556018240602792,0,2.36727699371152,0,0,0,0.911250533912086,0.556018240602792,0,0,0,0,0,0,0,0,0
"GGTACGGGTAACGGCG-1","1",1.56602753951382,0,0.563902796892991,0,0,0,0,0,0,0,0,0,0,0,0,0,0,0,0,0,0,0.922287411652135,1.3937846088648,0,0,2.38395665344376,0.563902796892991,0,0.563902796892991,2.23352458365097,0,0,0,0,0,0,0,0,0,0,0,0,0,0
"GGTACGTTCATAGACT-1","4",2.36180678653378,0,0,0,0,0,0,0,0,0,0,0,0,0,0,0,0,0.864101056204325,0,0,0,0.864101056204325,0,0,1.32062028792711,1.63288411833355,0,0.864101056204325,0,1.63288411833355,0,0,0,0,0,0,0,0,0,0,0.864101056204325,0,0,2.48348700812352
"GGTACGTTCCGTTGCC-1","3",3.81107264024787,0,0,0,0,0,0,0,0,0,0,0,0,0,0,0,0,0,0,0,0,0,0,0,0,0,0,0,0,0,0,0,0,0,0,0,0,0,0,0,0,0,0,0
"GGTACTATCAGCGGAA-1","0",1.21531445688914,0,0.781925630247104,0,0,0,0,0,0,0,0,0,0,0,0,0,0,0,0,0,0,0.781925630247104,0.781925630247104,0,0.781925630247104,1.93562675688275,0,0,0.781925630247104,0.781925630247104,0,0,0,0,0,0,0,0,0,0,0,0,0,1.51667132918587
"GGTAGCTTCAGCCATA-1","8",2.11820312944424,0,0,0,0,0,0,0,0,0,0,0,0,0,0,0,0,0,0,0,0,0.797220439573996,1.53860559522609,0,0,1.95964643866609,1.53860559522609,0.797220439573996,0,2.25502633713901,0,0,0.797220439573996,0,0,0,0,0,0,0,0,0,0,2.25502633713901
"GGTAGTAGTAGGTGAC-1","4",2.25987062017243,1.14596088956552,0,0,0,0,0,0,0,0,0,0,0,0,0,0,0,1.14596088956552,0,0,0,0,1.14596088956552,0,0,1.66599303102381,0,0,0,1.14596088956552,0,0,0,0,0,0,0,0,0,0,0,0,0,1.66599303102381
"GGTAGTGAGGCAAGGC-1","1",1.95505129584018,0,0,0,0,0,0,0,0,0,0,0,0,0,0,0,0,1.0052725016901,0,0,0,1.0052725016901,2.07072961461416,0,0,2.26833097414768,0,0.623971745163515,0,2.69875477140896,0,0,0,1.0052725016901,0,0,0,0,0,0,0,0,0,1.0052725016901
"GGTAGTGAGGGCTCTG-1","6",1.53279054758662,1.53279054758662,0,0,0,0,0,0,0,0,0,0,0,0,0,0,0,0,0,0,0,0,0,0,0,0,0,0,0,0,0,1.53279054758662,0,0,0,0,0,0,0,0,1.53279054758662,0,0,2.74240835795063
"GGTATAGGTATGGGTA-1","6",0,0,1.59082098285834,0,0,0,0,0,0,0,0,0,0,0,0,0,0,0,0,0,0,0,0,0,0,0,0,1.59082098285834,0,0,0,0,0,0,0,0,0,0,0,0,1.59082098285834,0,0,3.34478346683636
"GGTATAGGTTTCGGTG-1","5",1.65734828890932,0,0,0,0,0,0,0,0,0,0,0,0,0,0,0,0,0,0,0,0,0,1.65734828890932,0,0,1.13869531355017,0,1.13869531355017,0,1.99715643988196,0,0,0,1.13869531355017,0,0,0,0,0,0,1.13869531355017,0,0,1.13869531355017
"GGTATATTCCAGGTGT-1","0",1.97198569188671,0,0,0,0,0,0,0,0,0,0,0,0,0,0,0,0,0,0,0,0,0,1.81711979769788,0,1.11895174229635,2.66727545145428,0,0,0,1.11895174229635,0,0,0,0,0,0,0,0,0,0,0,0,0,0
"GGTATCGCAGTACCCT-1","2",1.85259490584447,0,0,0,0,0,0,0,0,0,0,0,0,0,0,0,0,0,0,0,0,0.639776650036934,2.2043674648486,0,1.02679926404938,2.73026283459545,0.639776650036934,0,0.639776650036934,1.85259490584447,0,0,0,0,0,0,0,0,0,0,0,0,0,0.639776650036934
"GGTATCTGTTACACCG-1","0",1.82121057238911,0,0,0,0,0,0,0,0,0,0,0,0,0,0,0,0,0.830660341485876,0,0,0,0.830660341485876,1.82121057238911,0,0,2.53793405629025,0.830660341485876,0,0,0,0,0,0,0,0,0,0,0,0,0,0,0,0,0.830660341485876
"GGTATGGAGCCTGACG-1","0",2.46703850400489,0,0,0,0,0,0,0,0,0,0,0,0,0,0,0,0,0,0,0,0,1.02887428938297,0,0,0,3.11684190467481,0,0,1.02887428938297,1.85531989622198,0,0,0,0,0,0,0,0,0,0,0,0,0,0
"GGTATGTCACAGCGAC-1","4",2.00325330516887,0.495496780991919,0,0,0,0,0,0,0,0,0,0,0,0,0,0,0,0,0,0,0,0.825326893707695,1.07293210036198,0,1.07293210036198,0.825326893707695,0,0.495496780991919,0,2.00325330516887,0,0,0,0,0,0,0,0,0,0,0,0,0,2.23399296208103
"GGTATGTCAGGCTTAG-1","0",1.41967576081583,0,0,0,0,0,0,0,0,0,0,0,0,0,0,0,0,0,0,0,0,0,0,0,0,2.71542339121582,0,0,0,1.41967576081583,0,0,0,0.943084402260131,0,0,0,0,0,0,0,0,0,1.41967576081583
"GGTATTGTCCATAGCA-1","7",2.2898723141032,0,0,0,0,0,0,0,0,0,0,0,0,0,0,0,0,0.490929438185784,0,0,0,0,2.07595731438689,0,0,2.51842307311847,0,0,0,2.15246065078936,0,0,0,0,0,0,0,0,0,0,0,0,0,0.490929438185784
"GGTATTGTCTGGTCGG-1","0",2.23369852102948,0,0.784183664168466,0,0,0,0,0,0,0,0,0,0,0,0,0,0,0,0,0,0,0.784183664168466,1.21824128213613,0,0.784183664168466,1.51991876644443,0.784183664168466,0.784183664168466,0,0.784183664168466,0,0,0,0,0,1.21824128213613,0,0,0,0,0,0,0,0
"GGTCAATCAACCTTGC-1","0",2.1318371694511,0,0,0,0,0,0,0,0,0,0,0,0,0,0,0,0,0,0,0,0,0.805756898936108,0.805756898936108,0,1.24610663151579,2.26889703406042,0,0,0.805756898936108,1.55078502967251,0,0,0,0,0.805756898936108,0,0,0,0,0,0,0,0,1.24610663151579
"GGTCAATCAAGCTAAC-1","3",3.59571255925683,0,0,0,0,0,0,0,0,0,0,0,0,0,0,0,0,0,0,0,0,0,0,0,0,1.31541077985883,0,0,0,0,0,0,0,0,0,0,0,0,0,0,1.31541077985883,0,0,0
"GGTCAATCATAAGCAC-1","6",0,1.33798552613093,0,0,0,0,0,0,0,0,0,0,1.33798552613093,0,0,0,0,0,0,0,0,0,0,0,0,2.24432799250348,0,0,0,0,0,0,0,0,0,0,0,0,0,0,0,0,0,3.76515434063785
"GGTCAGCCAAAGGATG-1","5",2.03387332734529,0,0,0,0,0,0,0,0,0,0,0,0,0,0,0,0,0,0,0,0,1.60667033389394,1.60667033389394,0,0,2.45357219991127,1.2967673203861,0.845321800462413,1.2967673203861,1.60667033389394,0,0,0,0,0,0,0,0,0,0,0,0,0,0
"GGTCAGCCAATCGACG-1","1",1.81850243568804,0,0,0,0,0,0,0,0,0,0,0,0,0,0,0,0.620811461217666,0,0,0,0,1.27572901997831,1.27572901997831,0,0,1.81850243568804,1.27572901997831,0.620811461217666,1.49104808455961,1.66811909598337,0,0,0,0,0,0,0,0,0,0,0,0,0,2.16836019348413
"GGTCAGCCATGAGCAT-1","7",0.858030518183242,0,0,0,0,0,0,0,0,0,0,0,0,0,0,0,0,0,0,0,0,0,2.21387042235301,0,0,1.86160331214113,0,0.858030518183242,0,2.35228698456197,0,0,0,0,0,0,0,0,0,0,0,0,0,0.858030518183242
"GGTCATCAGCGCCTCT-1","8",1.71491870516671,0,0,0,0,0,0,0,0,0,0,0,0,0.64775473677543,0,0,0,0,0,0,0,1.31740888057022,1.0376193042572,0,0,2.31376710100419,0.64775473677543,0,0.64775473677543,2.31376710100419,0,0,0,0,0,0,0,0,0,0,0,0,0,2.21933421932221
"GGTCATCAGGGTCATC-1","5",1.78643217471894,0,0,0,0,0,0,0,0,0,0,0,0,0,0,0,0,0,0,0,0,0.976836445122686,1.2481984558191,0,0,2.03132236622474,0,1.2481984558191,0.603233525319333,1.78643217471894,0,0,0,0,0.603233525319333,0,0.603233525319333,0,0,0,0,0,0,0.976836445122686
"GGTCCTGAGATAGAGC-1","2",2.3129367276393,0.728063051892134,0,0,0,0,0,0,0,0,0,0,0.428877283179523,0,0,0,0,0.728063051892134,0,0,0,0.728063051892134,0.958045831322502,0,0.428877283179523,1.55787681589718,0.728063051892134,0.428877283179523,0.428877283179523,1.9301956721463,0,0,0.428877283179523,0,0,0,0,0,0,0,0,0,0,2.00504001339015
"GGTCCTGAGTGTCAAT-1","0",1.95975120046718,0,0,0,0,0,0,0,0,0,0,0,0,0,0,0,0,0.925999546001116,0,0,0,0.925999546001116,1.39841572165224,0,0.925999546001116,1.95975120046718,0,0.925999546001116,0.925999546001116,1.39841572165224,0,0,0,0,0,0,0,0,0,0,0,0,0,0
"GGTCCTGAGTTGGATT-1","10",1.9189724933235,0,0,0,0,1.9189724933235,0,0,1.9189724933235,0,1.9189724933235,0,0,0,0,0,0,2.53590920424037,0,0,0,0,0,3.5802837366696,0,0,0,0,0,0,0,0,0,0,0,0,0,0,0,0,0,0,0,0
"GGTCGATTCCGCCAGA-1","5",0,0,0,0,0,0,0,0,0,0,0,0,0,0,0,0,0,0,0,0,0,0,1.27796609948947,0,0,0,1.27796609948947,1.27796609948947,1.27796609948947,2.63524003599628,0,0,0,0,0,0,0,0,0,0,0,0,0,0
"GGTCGATTCCTGAGCG-1","11",2.65174106527207,1.29081284349628,0,0,0,0,0,0,0,0,0,0,0,0,0,0,0,0,0,0,0,0,0,0,0,1.29081284349628,0,0,0,0,0,0,0,0,0,0,0,0,0,0,0,0,0,1.83601257654151
"GGTCGATTCGCTCGCT-1","0",2.17565188938412,0,0,0,0,0,0,0,0,0,0,0,0,0,0,0,0,1.08247655881154,0,0,0,0.681069857659549,0.681069857659549,0,0,2.46265225888234,1.36812323452717,0,0.681069857659549,0,0,0,0,0.681069857659549,0,0,0,0,0,0,0,0,0,0
"GGTCGCATCCTGTCGC-1","9",2.16107815742127,0,0,0,0,0,0,0,0,0,0,0,0,0,0,0,0,3.17978044948193,0,0,0,0,0,0,0,2.16107815742127,0,0,0,0,0,0,0,0,0,0,0,0,0,0,0,0,2.16107815742127,0
"GGTCGCATCTCACATC-1","3",2.98660151643107,0,0,0,0,0,0,0,0,0,0,0,0,0,0,0,0,0,0,0,0,0,0,0,0,0,0,1.56101275503263,0,0,0,0,0,0,0,0,0,0,0,0,0,0,0,0
"GGTCGTTAGGCGTCTG-1","0",1.4602133509429,0,0,0,0,0,0,0,0,0,0,0,0,0,0,0,0,0,0,0,0,0,2.02995669182773,0,0,2.48681546763503,0,1.4602133509429,0,1.4602133509429,0,0,0,0.743028543897543,0,0,0,0,0,0,0,0,0,0
"GGTCGTTAGGTCACGT-1","8",1.89205861301954,0,0.87890132213096,0,0,0,0,0,0,0,0,0,0,0,0,0,0,0.87890132213096,0,0,0,1.89205861301954,0.87890132213096,0,0,1.3393350083739,0.87890132213096,0.87890132213096,1.3393350083739,2.38488063145383,0,0,0,0,0.87890132213096,0,0,0,0,0,0,0,0,1.89205861301954
"GGTCTATGTCATCGTG-1","9",1.97723927763111,0,0,0,0,0,0,1.97723927763111,0,0,0,0,0,0,0,0,0,0,0,0,0,0,0,0,0,0,0,0,0,0,0,0,0,0,0,0,0,0,0,0,0,0,0,1.97723927763111
"GGTCTCCTCCTGAGTA-1","5",1.21348278607822,0,0,0,0,0,0,0,0,0,0,0,0,0,0,0,0,0,0,0,0,0,1.21348278607822,0,0,0,0,0,0,0,0,0,0,0,0,0,0,0,0,0,0,0,0,1.21348278607822
"GGTCTCCTCGATACGC-1","11",0,0,0,0,0,0,0,0,0,0,0,0,0,0,0,0,0,1.184205104975,0,0,0,1.184205104975,0,0,0,1.71130401037303,1.184205104975,0,0,0,0,0,0,0,0,0,0,0,0,0,0,0,0,0
"GGTCTTAAGCAGGCTT-1","0",1.33954289777857,0,0,0,0,0,0,0,0,0,0,0,0,0,0,0,0,1.33954289777857,0,0,0,0.879066053209207,1.89229784031723,0,0,1.89229784031723,2.24621521167968,0,0,0.879066053209207,0,0,0,0,0,0,0,0,0,0,0,0,0,1.33954289777857
"GGTCTTAAGTAACGAA-1","1",1.3655823621981,0,0,0,0,0,0,0,0,0,0,0,0,0,0,0,0,0,0,0,0,1.01189266952154,2.27767871375797,0,0,1.73497860816417,0,0.459701252188796,0,2.27767871375797,0,0,0,0,0,0,0,0,0,0,0,0,0,1.3655823621981
"GGTGAACGTCATGAAG-1","0",2.62140981280168,0,0,0,0,0,0,0,0,0,0,0,0,0,0,0,0,0.822204292789547,0,0,0,0.822204292789547,1.2672350011039,0,0,2.4162781433989,1.57412790982136,0.822204292789547,0.822204292789547,1.57412790982136,0,0,0.822204292789547,0,0,0,0,0,0,0,0.822204292789547,0,0,0
"GGTGAACGTTTAAGCC-1","9",0,0,0,0,0,0,0,0,0,0,0,0,0,0,0,0,0,0,0,0,0,0,0,0,0,2.41164434364662,0,0,0,0,0,0,0,0,0,0,0,0,0,0,0,0,0,0
"GGTGAATAGATAGCAA-1","4",2.05328726355058,0,0.51840551928876,0,0,0,0,0,0,0,0,0,0,0,0,0,0,0,0,0,0,1.62454068061986,0.51840551928876,0,0.51840551928876,1.48086315944951,0,0,0.51840551928876,1.86171805783497,0,0,0,0,0,0,0,0,0,0,0,0,0,1.48086315944951
"GGTGAGGCATCCACGT-1","0",1.63770661395541,0,0,0,0,0,0,0,0,0,0,0,0,0,0,0,0,0,0,0,0,1.12222468635753,1.97616779134565,0,0,1.97616779134565,0,1.12222468635753,1.12222468635753,0,0,0,0,0,0,1.12222468635753,0,0,0,0,1.12222468635753,0,0,0
"GGTGAGGCATCGGTCT-1","10",0,0,0,2.15094959722266,0,0,0,0,0,0,0,0,0,0,0,0,0,0,2.15094959722266,0,0,0,0,2.15094959722266,0,0,0,0,0,0,0,0,0,0,0,0,0,0,0,0,0,0,0,0
"GGTGATGAGCATGACC-1","0",1.94342854586494,0,0.691700327213024,0,0,0,0,0,0,0,0,0,0,0,0,0,0,0,0,0,0,0.691700327213024,0,0,0,2.29997924784015,1.60712194118708,1.09668268530141,0,1.38412329532232,0,0,0,0.691700327213024,0,0,0,0,0,0,0,0,0,0.691700327213024
"GGTGCAGGTAAGTAGT-1","1",2.71914793941518,0,0,0,0,0,0,0,0,0,0,0,0,0,0,0,0,0,0,0,0,0,1.67881431977764,0,0,2.27402056526025,0,0,0,1.67881431977764,0,0,0,0,0,0,0,0,0,0,0,0,0,0.737068117305014
"GGTGCAGGTTGCTGAT-1","3",1.61813431960429,0,0,0,0,0,0,0,0,0,0,0,0,0,0,0,0,0,0,0,0,0,0,0,0,0,0,0,0,0,0,0,0,0,0,0,0,0,0,0,0,0,0,1.61813431960429
"GGTGCATTCAGGAGCA-1","5",2.34384844366896,0,0,0,0,0.852667000802262,0,0,0,0,0,0,0,0,0,0,0,0,0,0,0,0.852667000802262,1.61694666318667,0,0,2.76031655264732,0.852667000802262,0,0,2.20556416401682,0,0,0,0,0,0,0,0,0,0,0,0,0,0
"GGTGCATTCATGACTG-1","0",2.01826874762161,0,0.735989970396477,0,0,0,0,0.735989970396477,0,0,0,0,0,0,0,0,0,1.67713213426144,0,0,0,0,0,0,0.735989970396477,2.64266303285296,0,0,1.15533760367922,1.15533760367922,0,0,0,0,0,0,0,0,0,0,0,0,0,0
"GGTGCATTCGTCTCCA-1","5",0.695052611613303,0,0,0,0,0,0,0,0,0,0,0,0,0,0.695052611613303,0,0,0,0,0,0,1.1011520574441,0.695052611613303,0,0,2.83679702800098,0.695052611613303,0.695052611613303,0,1.7949331735974,0,0,0,0,0,0,0,0,0,0,0,0,0,0
"GGTGCCTGTAAGCGTA-1","1",2.41863577523586,0,0.860384873225789,0,0,0,0,0,0,0,0,0,0,0,0,0,0,0,0,0,0,1.1138639154113,1.48391459004135,0,0,2.14034696208931,0.520004484646944,1.31590965685716,0,1.31590965685716,0,0,0,0,0,0,0,0,0,0,0,0,0,0.520004484646944
"GGTGCCTGTCAGGATA-1","8",1.35084454007834,0,0,0,0,0,0,0,0,0,0,0,0,0,0,0,0,0,0,0,0,0.669654143794794,2.25989197104618,0,0,1.75229207106231,0.669654143794794,0,1.06716396839128,1.90529190079959,0,0,0,0,0.669654143794794,0,0,0,0,0,0,0,0,1.35084454007834
"GGTGCGAGTCAGGACG-1","4",2.11751103085527,0,0.509575424103232,0,0,0,0,0,0,0,0,0,0,0,0,0,0,0.845511382029241,0,0,0,1.4639314497478,0.509575424103232,0,0,1.4639314497478,0,0,0,1.09652775338541,0,0,0,0,0,0,0,0,0,0,0,0,0,2.03416210474536
"GGTGCGAGTGAGAGGA-1","0",1.19133600839301,0,1.19133600839301,0,0,0,0,0,0,0,0,0,0,0,0,0,0,0,0,0,0,2.06362043680499,0,0,0,1.71971756500341,0,0,1.19133600839301,0,0,0,0,0,0,0,0,0,0,0,0,0,0,0
"GGTGCTTAGCGGTCAT-1","1",1.95482822156252,0,0,0,0,0,0,0,0,0,0,0,0,0,0,0,0,0,0,0,0,0.623851127833259,1.28046219047375,0,0,1.95482822156252,0.623851127833259,0.623851127833259,0.623851127833259,2.85967858653548,0,0,0,0,0,0,0,0,0,0,0,0,0,1.00510774142654
"GGTGCTTAGGAGCTGA-1","0",2.51894771481597,0,0,0,0,0,0,0,0,0,0,0,0,0,0,0,0,0.81907106908126,0,0,0,0,0.81907106908126,0,0,2.41118237380365,0.81907106908126,0,0.81907106908126,1.26321765833368,0,0,0,0,1.26321765833368,0,0,0,0,0,0,0,0,0
"GGTGCTTAGTAGAGCG-1","14",1.67987888376149,0,0,0,0,0,0,0,0,0,0,0,0,0,0,0,0,2.27519460608744,0,0,0,0,0,0,0,2.27519460608744,0,0,0,0,0,0,0,1.67987888376149,0,0,0,0,0,0,1.67987888376149,0,0,0
"GGTGGTAAGCCGATGT-1","3",0,0,0,0,0,0,0,0,0,0,0,0,0,0,0,0,0,1.97083301450523,0,0,0,0,0,0,2.59176388297683,0,0,0,0,0,0,0,0,0,0,0,0,0,0,0,0,0,0,0
"GGTGTAAGTAGCCATT-1","1",0.974776059716213,0,0,0,0,0,0,0,0,0,0,0,0,0,0,0,0,0.974776059716213,0,0,0,0.601737118337199,1.45888176587252,0,0,1.45888176587252,0,0.974776059716213,0,1.91353563432951,0,0,0,0.601737118337199,0,0,0,0,0,0,0,0,0,2.53004053634353
"GGTGTAAGTTTGCCCT-1","6",2.19261566157738,0,0,0,0,0,0,0,0,0,0,0,0,0,0,0,0,0,0,0,0,0,0,0,0,1.60529084532146,0,0,0,0,0,0,0,0,0,0,0,0,0,0,0,0,0,3.70851236124315
"GGTTAAGGTAACGTGA-1","0",2.22446748557501,0,0,0,0,0,0,0,0,0,0,0,0,0,0,0,0,0,0,0,0,1.63398968609368,2.06354042199772,0,0,1.87165411492681,0.864896134293297,0,1.32162752087085,0,0,0,0,0.864896134293297,0,0,0,0,0,0,0,0,0,0.864896134293297
"GGTTAAGGTCTAACCG-1","1",1.70152379705483,0,0,0,0,0,0,0,0,0,0,0,0,0,0,0,0,0,0,0,0,0,1.70152379705483,0,0,1.70152379705483,1.17592742374242,1.17592742374242,0,0,0,0,0,0,0,0,0,0,0,0,0,0,0,0
"GGTTAATTCACGGCCA-1","2",1.8136174923808,0,0,0,0,0,0,0,0,0,0,0,0,0,0,0,0,0,0,0,0,0.997267398218852,1.48653056372397,0,0.997267398218852,0.997267398218852,0.997267398218852,0.997267398218852,0.997267398218852,2.25699340106876,0,0,0,0,0,0,0,0,0,0,0,0,0,0
"GGTTAATTCCATTGCT-1","6",1.43679356223596,0,0,0,0,0,0,0,0,0,0,0,0,0,0,0,0,0,0,0,0,0,0,0,0,2.36288517058471,0,0,0,0,0,0,0,0,0,0,0,0,0,0,1.43679356223596,0,0,3.49868219292751
"GGTTAGGAGGCTCTGG-1","3",3.1531190082218,0,1.88740912115649,0,0,0,0,0,0,0,0,0,0,0,0,0,0,0,0,0,0,0,0,0,0,0,0,0,0,0,0,0,0,0,0,0,0,0,0,0,0,0,0,0
"GGTTAGTCAATCATCT-1","2",1.95982603924951,0,0.626556434538767,0,0,0,0,0,0,0,0,0,0,0,0,0,0,0,0,0,0,1.28466799598351,1.50065467843647,0,0,1.95982603924951,0,0,0.626556434538767,2.07559015866036,0,0,0,0,0,0,0,0,0,0,0,0,0,0
"GGTTAGTCACTTAACT-1","4",1.65805147616157,0,0,0,0,0,0,0,0,0,0,0,0,0,0,0,0,0,0,0,0,0.934176789969298,0.934176789969298,0,0,1.58161308189051,0,0.572424104101074,0.769570147188395,1.85753332097362,0,0,0,0,0,0,0,0,0,0,0,0,0,1.7953582598069
"GGTTATGTCTAAGTCG-1","0",1.34707649412735,0,0,0,0,0,0,0,0,0,0,0,0,0,0,0,0,0,0,0,0,1.66188750404061,0.885040447228446,0,0,2.09376496768207,0,0,0,0,0,0,0,0,0,0,0,0,0,0,0,0,0,0.885040447228446
"GGTTCAATCAAGTGCC-1","7",2.00768609420855,0,0,0,0,0,0,0,0,0,0,0,0,0,0,0,0,0,0,0,0,0.540129888669498,1.14698627085767,0,0,1.90655109166944,1.35194074159669,0,1.35194074159669,1.14698627085767,0,0,0,0,0,0,0,0,0,0,0,0,0,0.540129888669498
"GGTTCCTCAGGTTCCT-1","9",0,0,0,0,0,0,0,0,0,0,0,0,0,0,0,0,0,0,0,0,0,0,0,0,1.68737742722951,0,0,0,0,0,0,0,0,0,0,0,0,0,0,0,0,0,0,0
"GGTTCCTCATTGCACC-1","0",2.5014604329667,0,0,0,0,0,0,0,0,0,0,0,0,0,0,0,0,0,0,0,0,1.55465070914265,1.33502071618609,0,0.659258502707919,2.64383270365969,1.33502071618609,1.05316727924473,0.659258502707919,1.33502071618609,0,0,0,0.659258502707919,0,0,0,0,0,0,0,0,0,0
"GGTTCCTCATTGCGTC-1","0",2.03423637933004,0,0,0,0,0,0,0,0,0,0,0,0,0,0,0,0,0,0,0,0,0.667566403063994,0.667566403063994,0,0,1.90164826591161,0.667566403063994,1.06435707230216,1.06435707230216,1.06435707230216,0,0,0,0,0,0,0,0,0,0,0,0,0,0
"GGTTCTAAGCTGGATC-1","2",2.55030602076045,0,0,0,0,0,0,0,0,0,0,0,0,0,0,0,0,0,0,0,0,0,2.4422329126872,0,0,2.4422329126872,0,0.838258250809479,0.838258250809479,2.02309335995783,0,0,0,0,0,0,0,0,0,0,0,0,0,0
"GGTTCTAAGGCTTCCC-1","4",2.52486603360963,0,0.971277819500569,0,0,0,0,0,0,0,0,0,0,0,0,0,0,0,0,0,0,0,0.436385966319639,0,0.739177167765872,2.27764597885714,0,0,0.436385966319639,1.45456844204131,0,0,0,0,0,0,0,0,0,0,0,0,0,1.15952651279824
"GGTTGGGGTGGGTATA-1","5",2.33041212647491,0,0.708702140115139,0,0,0,0,0,0,0,0,0,0,0,0,0,0,0,0,0,0,0,1.97242949798354,0,0,2.80155857861727,1.63421101763932,0,1.11929892727683,1.63421101763932,0,0,0,0,0.708702140115139,0,0,0,0,0,0,0,0,0.708702140115139
"GGTTTAGTCTATGTCC-1","9",0,0,0,0,0,0,0,0,0,0,0,0,0,0,0,0,0,0,0,0,0,0,0,0,0,0,0,0,0,0,0,0,0,0,0,0,0,0,0,0,0,0,0,0
"GGTTTCAAGGCGTTAC-1","6",2.52986332691766,0,0,0,0,0,0,0,0,0,0,0,0,0,1.57910175768955,0,0,0,0,0,0,0,0,0,0,0,0,0,1.57910175768955,0,0,0,0,0,0,0,0,0,0,0,1.07339649984047,0,0,2.16346022142362
"GGTTTGATCCACCGCT-1","5",2.4775400139122,0,0.939556552885956,0,0,0,0,0,0,0,0,0,0,0,0,0,0,0.939556552885956,0,0,0,0,1.41529303254868,0,0,2.17409608252281,0,0,0,1.41529303254868,0,0,0,0,0,0,0.939556552885956,0,0,0,0,0,0,0
"GGTTTGATCGTGAGTC-1","1",1.66547124153566,0,0,0,0,0,0,0.88763946509621,0,0,0,0,0,0,0,0,0,0,0,0,0,1.66547124153566,2.09764253277719,0,0,2.09764253277719,1.3503501497248,1.90472393454897,1.3503501497248,2.52052358342976,0,0.88763946509621,0,0,0.88763946509621,0,0,0,0,0,0,0,0,1.3503501497248
"GTAAACCCAACGTGCA-1","2",2.0525966967209,0,0.756755441104426,0,0,0,0,0,0,0,0,0,0,0,0,0,0,0,0,0,0,0,1.7093554259336,0,0,1.18255488967298,0.756755441104426,0,0.756755441104426,1.48025114835993,0,0,0,0,0,0,0,0,0,0,0,0,0,0
"GTAAACCCAATAGGCT-1","0",2.1246300128339,0,0.598213608506729,0,0,0,0,0.969919979060667,0,0,0,0,0,0,0,0,0,0.598213608506729,0,0,0,0.969919979060667,1.24028546593621,0,0,1.62812883230968,0,0,0.598213608506729,0,0,0,0,0,0,0,0,0,0,0,0,0,0,0
"GTAAACTTCGACTTGA-1","0",2.26667944718009,0,0.804389069886107,0,0,0,0,0,0,0,0,0,0,0,0,0,0,0,0,0,0,1.24434503743456,1.54883645279537,0,0,2.38716919051299,0.804389069886107,0,0,1.24434503743456,0,0,0,0,0,0,0,0,0,0,0,0,0,0
"GTAAAGGCAATAGTTG-1","0",1.87406206486903,0,0,0.477937756921156,0,0,0,0,0,0,0,0,0,0,0,0,0,1.23865836231383,0,0,0,0.799977204197132,1.04318248372878,0,0.477937756921156,2.3215222940138,1.40210016129108,0.477937756921156,0.799977204197132,1.40210016129108,0,0,0,0,0.477937756921156,0,0.799977204197132,0,0,0.477937756921156,0,0,0,0
"GTAAAGGCATGATCGG-1","14",0,0,0,0,0,0,0,0,0,0,0,0,0,0,0,0,0,0,0,0,0,0,0,0,0,0,0,0,0,0,0,1.39658189511706,0,0,0,0,0,0,0,0,0,0,0,0
"GTAAATGAGCCCGTAG-1","1",2.22250809117966,0,0,0,0,0,0,0,0,0,0,0,0,0,0,0,0,0,0,0,0,1.03991957485422,1.5385816559133,0,0,2.11817631145025,0,0.649453745342375,0,1.03991957485422,0,0,0,0,0.649453745342375,0,0,0,0,0,0,0,0,2.31697579007581
"GTAACCCAGTAGCGGA-1","6",1.43240845022191,1.43240845022191,0,0,0,0,0,0,0,0,0,0,0,0,0,0,0,0,0,0,0,0,0,0,0,1.99844174348819,0,0,0,0,0,0,0,0,0,0,0,0,0,0,0,0,0,4.30867387178334
"GTAACCTGTGCGGTTC-1","10",1.92996679913168,0,0,0,0,0,0,2.5477690025111,1.92996679913168,0,0,0,0,0,0,0,0,0,0,0,0,0,0,1.92996679913168,0,0,0,0,0,0,0,0,0,0,0,0,3.20100207813471,0,0,0,0,0,0,0
"GTAACGGAGGTGGAGC-1","0",2.36385414853667,0,0,0,0,0,0,0,0,0,0,0,0,0,0,0,0,1.14435366998818,0,0,0,0.727647867786566,1.84861659466136,0,1.43760905938797,2.00434519926808,0.727647867786566,0.727647867786566,0.727647867786566,0,0,0,0,0,0,0,0,0,0,0,0,0,0,0
"GTAACGGAGTGATCTG-1","2",1.54544045030975,0,0,0,0,0,0,0,0,0,0,0,0,0,0,0,0,0,0,0,0,0,1.96712095815354,0,0,1.54544045030975,0,0.80200710120704,0.80200710120704,2.26281318244893,0,0,0,0,0,0,0,0,0,0,0,0,0,0
"GTAAGCCTCCCCATAT-1","2",2.03862302633411,0,0,0,0,0,0,0,0,0,0,0,0,0,0,0,0,0,0,0,0,1.69623030901789,2.58374964650076,0,0,2.29321152742086,0,0,0,1.17145237295819,0,0,0,0,0.748268587042754,0,0,0,0,0,0,0,0,0
"GTAAGCGAGCCCTGTC-1","0",1.08428690240904,0,0,0,0,0,0,0,0,0,0,0,0,0,0,0,0,0,0,0,0,0,1.08428690240904,0,0,0,1.08428690240904,1.08428690240904,0,1.08428690240904,0,0,0,0,0,0,0,0,0,0,0,0,0,0
"GTAAGCTCATAACTAG-1","6",1.86355644233966,1.86355644233966,0,0,0,0,0,0,0,0,0,0,2.47597069172121,0,0,0,0,0,0,0,0,0,0,0,0,0,0,0,0,0,0,0,0,0,0,0,0,0,0,0,0,0,1.86355644233966,3.79712795239528
"GTAAGGCGTCTTGGTG-1","3",2.38795483309312,0,0,0,0,0,0,0,0,0,0,0,0,0,0,0,0,0,0,0,0,0,2.38795483309312,0,0,0,0,0,0,0,0,0,0,0,0,0,0,0,0,0,0,0,0,0
"GTAAGGGTCAGGATGG-1","1",1.17068463670923,0,0.747682544715977,0,0,0,0,0,0,0,0,0,0,0,0,0,0,0,0,0,0,1.69532172632394,2.58272097080961,0,0.747682544715977,0.747682544715977,0,0,0,2.93351608337319,0,0,0,0.747682544715977,0.747682544715977,0,0.747682544715977,0,0,0,0,0,0,1.17068463670923
"GTAAGGGTCGACCAGT-1","1",2.03736517080102,0,1.17045453392591,0,0,0,0,0,0,0,0,0,0,0,0,0,0,0,0,0,0,0,2.29191132097622,0,0.747506919237092,1.17045453392591,0.747506919237092,0,0,2.39840047640617,0,0,0,0,0,0,0,0,0,0,0,0,0,0
"GTAAGGTAGATTCGCA-1","3",3.18642933057222,0,0,0,0,0,0,0,0,0,0,0,0,0,0,0,0,2.16721796495181,0,0,0,0,0,0,0,0,0,0,0,0,0,0,2.16721796495181,0,0,0,0,0,0,0,0,0,0,0
"GTAAGGTAGGCATCCG-1","0",2.42280890680479,0,0,0,0,0,0,0,0,0,0,0,0,0,0,0,0,0,0,0,0,0,0.826228831778192,0,0,1.8146205105463,0,0,0,0,0,0,0,0.826228831778192,0,0,0,0,0,0,0,0,0,0
"GTAAGGTAGGGTCTCG-1","6",0,1.53736192508292,0,0,0,0,0,0,0,0,0,0,0,0,1.53736192508292,0,0,0,0,0,0,0,0,0,0,2.48130875585591,0,0,0,0,0,0,0,0,0,0,0,0,0,0,0,0,0,4.200825706133
"GTAAGTAAGGTATCGC-1","6",0,2.65846325941287,0,0,0,0,0,0,0,0,0,0,0,0,0,0,0,0,0,0,0,0,0,0,0,2.2874265325632,0,0,0,0,0,0,0,0,0,0,0,0,0,0,0,0,0,2.65846325941287
"GTAAGTTTCAGCGGAA-1","4",1.17926977618757,0,0,0,0,0,0,0,0,0,0,0,0,0,0,0,0,0.754241962140028,0,0,0,0.754241962140028,0,0,0,1.70547460964284,0,0.754241962140028,1.47659153614972,1.70547460964284,0,0,0,0,0.754241962140028,0,0,0,0,0,0,0,0,0
"GTAAGTTTCAGGCTAC-1","6",0,0,0,0,0,0,0,0,0,0,0,0,0,0,0,0,0,0,0,0,0,0,0,0,0,2.19722457733622,0,0,1.6094379124341,0,0,0,0,0,0,0,0,0,0,0,0,0,0,0
"GTAATCACAACGTGGC-1","0",1.36928840599816,0,0.681842071216119,0,0,0,0,0,0,0,0,0,0,0,0,0,0,0,0,0,0,0,1.08351022882783,0,0,1.77284598709209,0,0,0,1.77284598709209,0,0,0,0,0,0,0,0,0,0,0,0,0,1.08351022882783
"GTAATGAAGCCACAGT-1","4",1.84852643060094,0,0,0,0.466557056956552,0,0,0,0,0,0,0,0,0,0,0,0,0,0,0,0,0.466557056956552,0.466557056956552,0,0,1.02370371441888,0,0,0.466557056956552,1.51884993446676,0,0,0,0,0,0,0,0,0,0,0,0,0,0.466557056956552
"GTAATGAAGTCGCATA-1","0",1.52977975547084,0.544317629098963,0,0,0,0,0,0,0,0,0,0,0,0.544317629098963,0,0,0,0,0,0,0,0,1.15382492223124,0,0.894807172962505,2.58763946662792,0.544317629098963,0,0.894807172962505,1.35936701362314,0,0,0,0,0,0,0,0,0,0,0,0,0,0.544317629098963
"GTAATTCAGGTTACAT-1","0",2.58663650393941,0.66526246293196,0,0,0,0,0,0,0.66526246293196,0,0,0,0,0,0,0,0,0,0,0,0.66526246293196,1.06125715610402,1.7448433747683,1.34417017406349,0,2.7196502710482,0,1.06125715610402,0.66526246293196,0,0,0,0,0,0,0,0,0,0,0,0,0,0,0.66526246293196
"GTACAAGGTTTACCAA-1","6",1.65409187902948,1.65409187902948,0,0,0,0,0,0,0,0,0,0,0,0,0,0,0,0,0,0,0,0,0,0,0,1.65409187902948,0,0,0,0,0,0,0,0,0,0,0,0,0,0,0,0,0,3.27222619863378
"GTACACGCACTTGGGA-1","3",0,0,0,0,0,0,0,0,0,0,0,0,0,0,0,0,0,0,0,0,0,0,0,0,2.55814567195098,0,0,0,0,0,0,0,0,0,0,0,0,0,0,0,0,0,0,0
"GTACATTAGAAGCGGC-1","2",1.83663317273342,1.13467089886917,0,0,0,0,0,0,0,0,0,0,0,0,0,0,0,0,0,0,0,0,1.13467089886917,0,0,2.75817590126603,0,0,0.720312299993611,1.6525548027901,0,0,0,0,0,0,0,0,0,0,0.720312299993611,0,0,3.09564539836948
"GTACATTAGCCGATTA-1","0",1.55491578573148,0,0,0,0,0,0,0,0,0,0,0,0,0,0,0,0,0,0,0,0,1.17582412182889,0,0,0,2.56117307445039,1.17582412182889,0.557864286964344,0,0,0,0,0,0,0,0,0,0,0,0,0,0,0,0
"GTACATTAGTTAGTGT-1","1",1.96153438430381,0,0,0,0,0,0,0,0,0,0,0,0,0,0,0,0,0,0,0,0,0,0.798428260092013,0,0.798428260092013,1.77294743020363,0.798428260092013,0.798428260092013,0,2.48477425273924,0,0.798428260092013,0,0.798428260092013,0,0,0,0,0,0,0,0,0,1.23666012774018
"GTACCCAGTGGCAGCA-1","8",1.99781193583078,0,0,0,0,0,0,0,0,0,0,0,0,0,0,0,0,0,0,0,0,0.647320574098903,1.86601483106737,0,0,1.53507218954632,1.31674207817123,0.647320574098903,0.647320574098903,1.86601483106737,0,0,0,0.647320574098903,0,0,0,0,0,0,0,0,0,1.86601483106737
"GTACCCTCAACTTACT-1","1",1.82425580330633,0,0,0,0,0,0,0,0,0,0,0,0,0,0,0,0,0.832711346506584,0,0,0,0.832711346506584,2.09771093235166,0,0,2.01459974735579,0.500637447865799,0,0.832711346506584,2.48874376639371,0,0,0,0,0,0,0.500637447865799,0,0,0,0,0,0,0.500637447865799
"GTACGAAGTAACCCTG-1","4",1.86609178894586,0,0,0,0,0,0,0,0,0,0,0,0,0,0,0,0,0,0,0,0,1.31680872376725,0.647363963266349,0,0,1.03709004416296,0.647363963266349,0,0,1.31680872376725,0,0,0,0,0,0,0,0,0,0,0,0,0,1.03709004416296
"GTACGAAGTCAATGTC-1","11",0,0,0,0,0,0,0,0,0,0,0,0,0,0,0,0,0,0,0,0,0,1.28814401741195,1.28814401741195,0,0,2.96436300988635,1.28814401741195,0,0,0,0,0,1.28814401741195,0,0,0,0,0,0,0,0,0,0,1.83291754172156
"GTACGGTTCGATCAAT-1","0",1.95291415809181,0,0,0,0,0,0,0,0,0,0,0,0,0.514100267018623,0,0,0,0,0,0,0,0.851972646178119,1.10406408517246,0,0.514100267018623,2.46420497618014,0.851972646178119,0,0.514100267018623,1.30522892783572,0,0,0,0,0.514100267018623,0,0,0,0,0,0,0,0,0.514100267018623
"GTACTAGTCGACCCAG-1","7",1.77913378380597,0,0,0,0,0,0,0,0,0,0,0,0,0,0,0,0,0,0,0,0,0.878407522625397,1.65272541721622,0,0,2.50605703417821,0,0,0,1.99221908289523,0,0,0,0,0,0.532703583880845,0,0,0,0,0,0,0,0.878407522625397
"GTACTAGTCGTTAGCA-1","6",1.32547106008767,0,0,0,0,0,0,0,0,0,0,0,0,0,1.32547106008767,0,0,2.48954852222193,0,0,0,0,0,0,1.32547106008767,2.48954852222193,0,0,1.32547106008767,0,0,0,0,0,0,0,0,0,0,0,0,0,0,4.89537395191853
"GTACTAGTCTGGCTCC-1","0",1.77681304863824,0,0.800990798611025,0,0,0,0,0,0,0,0,0,0,0,0,0,0,0,0,0,0,0.800990798611025,0.800990798611025,0,0,1.23996547686198,0,1.54399044548818,1.23996547686198,1.77681304863824,0,0,0,0,0,0,0.800990798611025,0,0,0,0,0,0,0
"GTAGATGGTAAGCGGT-1","0",0,0,0,0,0,0,0,0,0,0,0,0,0,0,0,0,0,1.43484076405225,0,0,0,0,0,0,0,2.83291221859755,0,0,0,2.00120329370749,0,0,0,0,0,0,0,0,0,0,0,0,0,0
"GTAGATGGTTAACGAG-1","2",1.66983172765656,0,0,0,0,0,0,0,0,0,0,0,0,0,0,0,0,0.731318543032224,0,0,0,1.14919037441967,1.66983172765656,0,0.731318543032224,2.01048138914765,0.731318543032224,0.731318543032224,0.731318543032224,1.66983172765656,0,0,0,0,0,0,0,0,0,0,0,0,0,0
"GTAGCATCAAGCCGTA-1","8",1.75806981142083,0,0,0,0,0,0,0,0,0,0,0,0,0,0,0,0,0,0,0,0,0,1.9112410522889,0,0,2.36108588265658,1.07175197397756,0,0.673069885240599,1.75806981142083,0,0,0,0,0,0,0,0,0,0,0,0,0,2.67024043754927
"GTAGCATCATTCCTCT-1","9",1.82545566694945,0,1.28171438407331,0,0,0,0,0,0,0,0,0,0,0,0,0,0,2.17570957030007,0,0,0,0,0,0,0,0,0,0,0,0,0,0,0,0,0,0,0,0,0,0,0,0,0,0
"GTAGCCACAGGAGCGA-1","4",2.11245291192455,0,0,0,0,0,0,0,0,0,0,0,0,0,0,0,0,0.897596953162914,0,0,0,1.53347419325756,1.36287202003809,0,0,0.546298842763525,0,0,0.546298842763525,1.53347419325756,0,0,0,0,0,0,0,0,0,0,0,0,0,2.47676925518001
"GTAGCTATCCACCAGG-1","2",2.0287129286605,0,0.438485699480201,0,0,0,0,0.438485699480201,0,0,0,0,0,0,0,0,0,0,0,0,0,0,1.78393218123412,0,0,1.57949488669086,0,0,0.438485699480201,1.57949488669086,0,0,0,0,0,0,0,0,0,0.438485699480201,0.438485699480201,0,0,1.95358562533365
"GTAGCTATCCCGCGTT-1","5",1.89236962363037,0,0,0,0,0,0,0,0,0,0,0,0,0,0,0,0,0,0,0,0,0.754719371402802,1.17989394452063,0,0.754719371402802,2.30419542650082,1.47728696437742,0,0,2.30419542650082,0,0,0,0,1.89236962363037,0,0,0,0,0,0,0,0,0
"GTAGGAACATCCTGGT-1","0",2.17726028017625,0,0,0,0,0,0,0,0,0,0,0,0,0,0,0,0,0,0,0,0,0,2.17726028017625,0,0,2.40306277168259,0.750209365486756,0,1.17399386690735,1.17399386690735,0,0,0,0.750209365486756,0,0,0,0,0,0,0,0,0,0
"GTAGGATAGTGACCTA-1","0",2.2442920881942,0,0,0,0,0,0,0,0,0,0,0,0,0,0,0,0,0,0,0,0,0.790645545044823,0.790645545044823,0,0,1.52919438138405,0.790645545044823,0.790645545044823,0,0,0,0,0,0,0,0,0,0,0,0,0,0,0,0
"GTAGGCGGTTATCACA-1","5",2.35354450454068,0,0,0,0,0,0,0.721777926611636,0,0,0,0,0,0,0,0,0,0,0,0,0,0.721777926611636,0.721777926611636,0,0.721777926611636,2.61718187514513,1.65486172429825,0,1.13660730936558,2.24757043330917,0,0,0,0,0,0,0,0,0,0,0,0,0,0.721777926611636
"GTAGGCTTCGATTGGC-1","0",0.93427060272541,0,0,0,0,0,0,0,0,0,0,0,0,0,0,0,0,0,0,0,0,0.93427060272541,0,0,0,1.97149780604996,1.72918676816664,0,0,0.93427060272541,0,0,0,0,0,0,0,0,0,0,0,0,0,0
"GTAGGCTTCTGTCATC-1","0",2.14606684135346,0,0,0,0,0,0,0,0,0,0,0,0,0,0,0,0,0,0,0,0,1.56351533860145,2.23068890523322,0,0,2.05361632198785,0,0.562534900487463,0.562534900487463,0.920375107677471,0,0,0,0,0,0,0,0,0,0,0,0,0,0.920375107677471
"GTAGGGGCATGAGCAT-1","0",2.63683161889477,0,0,0,0,0,0,0,0,0,0,0,0,0,0,0,0,0.691949336535706,0,0,0,0,0.691949336535706,0,0.691949336535706,2.07734437208911,1.09701484423895,0.691949336535706,0.691949336535706,0.691949336535706,0,0,0,0,0,0,1.09701484423895,0,0,0,0,0,0,0
"GTAGGTGAGGATGGCA-1","1",1.85513791307691,0,0,0,0,0,0,0,0,0,0,0,0,0,0,0,0.73165415927512,0,0,0,0,0.73165415927512,1.67035686234729,0,0,1.4435126907183,0.73165415927512,0,0,1.14963232167946,0,0.73165415927512,0,0,0,0,0,0,0,0,0,0,0,0
"GTAGGTTCAAGTGGCC-1","3",2.37813178367953,0,2.37813178367953,0,0,0,0,0,0,0,0,0,0,0,0,0,0,0,0,0,0,0,0,0,0,0,0,0,0,0,0,0,0,0,0,0,0,0,0,0,0,0,0,2.37813178367953
"GTAGGTTCAGGGCAGA-1","2",2.70263293535212,0,0,0,0,0,0,0,0,0,0,0,0,0,0,0,0,0,0,0,0,0,1.97216318304985,0,0,1.72982264031377,0,0,0,2.16708100780146,0,0.934739969572993,0,0.934739969572993,0.934739969572993,0,0,0,0,0,0,0,0,0
"GTAGTAAAGGCACATC-1","2",2.2164155711065,0,0,0,0,0,0,0,0,0,0,0,0,0,0,0,0,0,0,0,0,0,2.11216543985468,0,0.64619456412232,1.31501198866938,0,0,1.53321774120025,1.99576865310781,0,0,0,0,0.64619456412232,0,0,0,0,0,0,0,0,0.64619456412232
"GTAGTAAAGTGAGTAA-1","5",2.18266178327473,0,0,0,0,0,0,0,0,0,0,0,0,0,0,0,0,0,0,0,0,0,0,0,0,2.44175376666954,0,0,1.83203566949919,2.64734250483134,0,0,0,0,0,0,0,0,0,0,0,0,0,0
"GTAGTAGGTAATCGGA-1","1",2.12806962729719,0,0,0,0,0,0,0,0,0,0,0,0,0,0,0,0,0,0,0,0,1.69362890075118,1.54741767381181,0.908148767898997,0.553806871687965,2.03585202127766,0.553806871687965,0.553806871687965,0.553806871687965,2.42993062727085,0,0,0,0,0.908148767898997,0,0,0,0,0,0,0,0,0
"GTAGTAGGTGCGCATC-1","8",1.54244734120036,0,0,0,0,0,0,0,0,0,0,0,0,0,0,0,0,1.54244734120036,0,0,0,1.23857133153586,1.23857133153586,0,0,1.54244734120036,0,0,0,1.54244734120036,0,0,0,0,1.23857133153586,0,0,0,0,0,0,0,0,2.37979797786587
"GTAGTCATCGTGCTCC-1","1",2.27167755553097,0,0,0,0,0,0,0,0,0,0,0,0,0,0,0,0,0,0,0,0,0.807473593348418,1.05199367801219,0,0,2.05825597098046,0.48311604233823,0,0.48311604233823,1.97563261671343,0,0,0,0.807473593348418,0,0,0,0,0,0,0,0,0,0.807473593348418
"GTAGTTACAATACTTC-1","0",1.90472393454897,0,0,0,0,0,0,0,0,0,0,0,0,0,0,0,0,0,0,0,0,1.3503501497248,0,0,0,2.25929435895987,1.3503501497248,0,1.3503501497248,0.88763946509621,0,0,0,0,0,0,0,0,0,0,0,0,0,0
"GTAGTTACAATCTCAT-1","4",2.07841409566699,0,0.459099849189874,0,0,0,0,0,0,0,0,0,0,0,0,0,0,0.459099849189874,0,0,0,0.772557738702346,0.772557738702346,0,0,1.36436659670329,0,0.459099849189874,0.459099849189874,2.21452757938024,0,0,0,0.772557738702346,0,0,0,0,0,0,0,0,0,0.459099849189874
"GTAGTTGTCGTGCTGG-1","7",1.55964634531481,0,0.917432250217343,0,0,0,0,0,0,0,0,0,0,0,0,0,0,1.17997201729242,0,0,0,0,1.17997201729242,0,0.560431291124597,2.22631993230995,0,0,0.560431291124597,2.50727263020995,0,0,0,0,0,0.560431291124597,0,0,0,0,0,0,0,0
"GTATAGAAGCTTAGTG-1","0",1.81850243568804,0,0,0,0,0,0,0,0,0,0,0,0,0,0,0,0,0,0,0,0,1.00095322723504,2.06477156386234,0,0,2.42703432451869,1.00095322723504,0,0,0,0,0,0,0,0,0,0,0,0,0,0,0,0,0
"GTATAGAAGGAGTCAG-1","0",2.40841590775559,0,0,0,0,0,0,0,0,0,0,0,0,0,0,0,0,0,0,0,0,1.26103848076862,1.26103848076862,0,0,1.80140759977689,0,1.26103848076862,1.26103848076862,1.80140759977689,0,0,0,0,0,0,0,0,0,0,0,0,0,0
"GTATAGCCACTAGTCC-1","7",1.35026543878542,0,0.762383943333565,0,0,0,0,0,0,0,0,0,0,0,0,0,0,0,0,0,0,0.998817642252872,1.35026543878542,0,0.762383943333565,2.06182210004514,1.18990217413831,0.452151419708685,0.452151419708685,1.71802668980469,0,0,0,0,0,0,0,0,0,0,0,0,0,0.762383943333565
"GTATATCAGCATGATT-1","6",0,1.79092662167429,0,0,0,0,0,0,0,0,0,0,0,0,0,0,0,0,0,0,0,0,0,0,0,2.39698667742422,0,0,0,0,0,0,0,0,0,0,0,0,0,0,0,0,0,3.25713549848723
"GTATCCCCAATCGCTC-1","3",3.09746040728121,0,2.44848680265199,0,0,0,0,0,0,0,0,0,0,0,0,0,0,0,0,0,0,0,0,0,0,0,0,0,1.83823143450616,0,0,0,0,0,0,0,0,0,0,0,0,0,0,0
"GTATCCCCACTAGTCC-1","2",1.94306982136385,0,0,0,0,0,0,0,0,0,0,0,0,0,0,0,0,1.22143692480524,0,0,0,0,2.10122444941016,0,0,1.75511566661136,0,0,0,2.23774831744006,0,0,0,0,0,0,0,0,0,0,0,0,0,0
"GTATCCCCATCCAACC-1","9",0,0,0,0,0,0,0,0,0,0,0,0,0,0,0,0,0,0,0,0,0,0,0,0,0,0,2.45235860004741,0,0,0,0,0,0,0,0,0,2.45235860004741,0,0,0,0,0,0,0
"GTATCCGGTAACCCAT-1","0",2.92809553879262,0,0.590107162172579,0,0,0,0,0,0,0,0,0,0,0,0,0,0,0,0,0,0,0.958723009409651,1.439059230031,0,0,2.4383706780388,0,0,0,1.22745841616627,0,0,0,0,0,0,0,0,0,0,0,0,0,1.61361093831174
"GTATCGATCAGCAGGA-1","2",1.57231019704776,0,0.820919465958757,0,0,0,0,0,0,0,0,0,0,0,0,0,0,0,0,0,0,0,1.57231019704776,0,0,1.80670617192086,0.820919465958757,0,0.820919465958757,1.26558805712957,0,0,0,0,0,0,0,0,0,0,0,0,0,0.820919465958757
"GTATCGATCGCTCTCA-1","4",2.1390961714447,0,0,0,0,0,0,0,0,0,0,0,0,0,0,0,0,0.559144766452417,0,0,0,1.17789400517162,0.559144766452417,0,0.559144766452417,2.30159569150119,0,0,0,1.55727677474035,0,0,0,0,0,0,0,0,0,0,0,0,0,0
"GTATCTTCAAACTTAG-1","9",0,0,0,0,0,0,0,0,0,0,0,0,0,0,0,0,0,0,0,0,0,0,0,0,0,0,0,0,0,0,0,0,0,0,0,0,0,0,0,0,0,0,0,0
"GTATCTTCAATACATG-1","1",2.07536163987238,0,0,0,0,0,0,0,0,0,0,0,0,0,0,0,0,1.00863536218718,0,0,0,1.00863536218718,2.07536163987238,0,0,0,2.07536163987238,0,0,1.82866507800886,0,0,0,0,1.50045164026669,0,0,0,0,0,0,0,0,2.8140132176794
"GTATGAAAGTGATGAA-1","2",1.55440536403246,0,0.808300347716507,0,0,0,0,0,0,0,0,0,0,0,0,0,0,0,0,0,0,0,2.13588607659479,0,1.24938043691933,2.13588607659479,0,1.24938043691933,0,2.50117486258802,0,0,0,0,0,0,0.808300347716507,0,0,0,0,0,0,0
"GTATGAGGTGATTCCG-1","2",1.6236684242468,0,0.857483133622985,0,0,0,0,0,0,0,0,0,0,0,0,0,0,0,0,0,0,0,1.86080059627647,0,0,1.6236684242468,0,1.3122281487223,0,1.6236684242468,0,0,0,0,0,0,0,0,0,0,0,0,0,0
"GTATGAGGTTAGACGA-1","13",2.93183297968347,0,0,0,0,0,0,0,0,0,0,0,0,0,0,0,0,0,0,0,0,0,0,0,0,0,0,0,0,0,0,0,0,0,0,0,0,0,0,0,0,0,0,0
"GTATGAGGTTATGCTA-1","0",2.82025729375555,0,1.01285942472842,0,0,0,0,0,0,0,0,0,0,0,0,0,0,0,0,0,0,0,1.01285942472842,0,0,2.27904165327253,2.08117158908541,0,1.01285942472842,0,0,0,0,0,0,0,0,0,0,0,0,0,0,1.01285942472842
"GTATGCATCAATTAGC-1","1",1.55226986467856,0,0,0,0,0,0,0,0,0,0,0,0,0,0,0,0,0,0,0,0,1.69865905978437,1.82632954847501,0,0,1.93953023580926,1.17350515475528,0.556430919215394,0.556430919215394,1.55226986467856,0,0,0,0,0,0,0,0,0,0,0,0,0.556430919215394,1.38071416654388
"GTATGCATCATCGTTC-1","0",1.95496453686856,0,0.698438864824363,0,0,0,0,0,0,0,0,0,0,0.698438864824363,0,0,0,1.10566166327834,0,0,0,0.698438864824363,0.698438864824363,0,0,2.40749578541471,0.698438864824363,0.698438864824363,0.698438864824363,1.80056345012877,0,0,0,0.698438864824363,0,0,0,0,0,0,0,0,0,0.698438864824363
"GTATGGCTCACGCCTC-1","0",2.18814133169198,0,0,0,0,0,0,0,0,0,0,0,0,0,0,0,0,0.796718315271395,0,0,0,0.475690358993819,0.796718315271395,0,0,2.0412685830278,0.475690358993819,0,0,0,0,0,0,0,0,0.796718315271395,0,0,0,0,0,0,0,0
"GTATGTTAGATTCGGC-1","2",1.80720270749602,0,0,0,0,0,0,0,0,0,0,0,0,0,0,0,0,0,0,0,0,0.992433982885129,1.48060079609995,0,0,1.48060079609995,0,0,1.48060079609995,1.80720270749602,0,0,0,0,0,0,0,0,0,0,0,0,0,0
"GTATGTTAGCTTACGA-1","6",0,1.6710576703515,0,0,0,0,0,0,0,0,0,0,1.6710576703515,0,0,0,0,2.26546235027253,0,0,0,0,0,0,0,2.26546235027253,0,0,0,0,0,0,0,1.6710576703515,0,0,0,0,0,0,0,0,0,3.11746069191616
"GTATTAGCACTTGCAC-1","0",1.85509242438349,0.371120298822815,0,0,0,0,0,0,0,0,0,0,0,0,0.371120298822815,0,0,0.641177256142534,0,0,0,1.52493814622664,0.853594675203149,0,0.853594675203149,2.20700256551061,0.853594675203149,0.853594675203149,0.371120298822815,0,0,0,0,0,0,0.371120298822815,0,0,0,0,0,0,0,0.641177256142534
"GTATTCAGTCTGGTCA-1","2",0.651953571985338,0,0,0,0,0,0,0,0,0,0,0,0,0,0,0,0,0,0,0,0,0,2.40803937149262,0,0,2.22716946492408,0,0,0.651953571985338,2.00619944541362,0,0,0,0,0.651953571985338,0,0,0,0,0,0,0,0,0
"GTATTCCTCCCATTAC-1","1",2.22797831141887,0,0,0,0,0,0,0,0,0,0,0,0,0,0,0,0,0,0,0,0,0,0.78070555094755,0,1.21373219522094,1.93370160457375,0,0,0.78070555094755,1.93370160457375,0,0,0,0,0,0,0,0,0,0,0,0,0,1.7460728479777
"GTATTCCTCCCGTGTC-1","13",0,0,0,0,0,0,0,0,0,0,0,0,0,0,0,0,0,0,0,0,0,0,0,0,0,2.7609471472243,0,2.12911315147707,0,0,0,0,0,0,0,0,0,0,0,0,0,0,0,0
"GTATTCCTCGCTCGCT-1","10",2.35622996600174,0,0,0,1.22017324390309,0,0,1.22017324390309,1.22017324390309,1.22017324390309,0,0,0,0,0,0,0,1.75363334940268,0,0,0,0,0,1.75363334940268,0,1.22017324390309,0,0,0,0,0,0,0,0,0,0,0,0,0,0,0,0,0,0
"GTATTGGTCATCGAGC-1","0",1.69750433777891,0,0,0,0,0,0,0,0,0,0,0,0,0,0,0,0,1.37965626104079,0,0,0,0.910983781641256,0.910983781641256,0,0.910983781641256,1.37965626104079,1.69750433777891,0,0,0.910983781641256,0,0,0,0,0,0,0,0,0,0,0,0,0,0
"GTATTGGTCGAGGTCT-1","6",1.52881700295203,1.52881700295203,0,0,0,0,0,0,0,0,0,0,0,0,0,0,0,1.52881700295203,0,0,0,0,0,0,0,2.10723100359207,0,0,0,1.52881700295203,0,0,0,0,0,0,0,0,0,0,1.52881700295203,0,0,4.62650173569202
"GTATTGGTCTGGCCTC-1","0",2.25126943049447,0,0,0,0,0,0,0,0,0,0,0,0,0,0,0,0,0,0,0,0,0.882374525285047,0,0,0.882374525285047,2.39026796379936,0,0.882374525285047,0,1.34371626873145,0,0,0,0,0,0,0,0,0,0,0,0,0,0.882374525285047
"GTATTGGTCTGTGCTT-1","1",1.80557252146418,0,0.991206888512138,0,0,0,0,0,0,0,0,0,0,0,0,0,0,0,0,0,0,1.26461437084334,1.93596018130589,0,0,1.65559817052783,1.47909432619941,0.991206888512138,0.613693838558979,2.15468583678341,0,0,0,0,1.26461437084334,0,0,0,0,0,0,0,0,2.7881150671731
"GTCAAACCAAGCGTGC-1","0",2.34698752897558,0.780129013270084,0,0,0,0,0,0,0,0,0,0,0,0,0,0,0,0.780129013270084,0,0,0,0.780129013270084,0.780129013270084,0,0,2.09069329451708,0.780129013270084,0,0,0.780129013270084,0,0,0,1.21298431196359,0,0,0,0,0,0,0,0,0,0.780129013270084
"GTCAAAGGTTGAGGAC-1","1",1.36950713014174,0,0,0,0,0,0,0,0,0,0,0,0,0,0,0,0,0,0,0,0,0.681987063747083,1.36950713014174,0,0,1.77308947492599,0.681987063747083,0.681987063747083,0.681987063747083,2.46435034067663,0,0,0,0,0,0,0,0,0,0,0,0,0,1.77308947492599
"GTCAAAGGTTTAAGCC-1","4",2.27178897446796,0,0,0,0,0,0,0,0,0,0,0,0,0,0,0,0,0,0,0,0.346514585647654,0.60336482579167,1.24840512059772,0,0,1.55332694264181,0,0,0.977017175794795,2.08445545530846,0,0,0,0,0,0.346514585647654,0,0,0,0,0,0,0,0.60336482579167
"GTCAAATTCAGGAGCA-1","0",1.22516071812437,0,0,0,0,0,0,0.78952797749153,0,0,0,0,0,0,0,0,0,0,0,0.78952797749153,0,0,1.52759204905123,0,0,1.52759204905123,0,0,0,0.78952797749153,0,0,0,0,0,0,0,0,0,0,0,0,0,0
"GTCAACATCAAGTAAG-1","0",1.82523736162356,0,0,0,0,0,0,0,0,0,0,0,0,0,0,0,0,0,0,0,0,1.28152637812289,1.28152637812289,0,0,1.28152637812289,0,0,0,1.82523736162356,0,0,0,0,0,0,0,0,0,0,0,0,0,0
"GTCAACATCGTTAGAT-1","0",2.60147801537265,0,0,0,0,0,0,0,0,0,0,0,0,0,0,0,0,0.783407939094769,0,0,0,1.21723602113997,0.466534892748503,0,0,2.2942398221715,0.466534892748503,0,0,0,0,0,0,0,0,0,0,0,0,0,0,0,0,1.02366562439788
"GTCAAGCTCTGGCACG-1","0",1.87468475626089,0,0.743722778171168,0,0,0,0,0,0,0,0,0,0,0,0,0,0,0,0,0,0,1.16549353808725,0.743722778171168,0,0.743722778171168,2.28544117983867,0.743722778171168,0.743722778171168,0.743722778171168,1.46122980539364,0,0,0,0,0,0,0,0,0,0,0,0,0,0.743722778171168
"GTCAATGTCATCGACA-1","5",2.19155582876359,0,0,0,0,0,0,0,0,0,0,0,0,0,0,0,0,0,0,0,0,0,0.843657355797664,0,0,2.32961447197066,0.843657355797664,0,0.843657355797664,1.84045709961207,0,0,0,0,0,0,0,0,0,0,0,0,0,2.19155582876359
"GTCAATGTCATGGTGC-1","9",1.64021460899844,0,0,0,0,0,0,0,0,0,0,0,0,0,0,0,0,1.64021460899844,0,0,0,0,0,0,0,0,0,0,0,0,0,0,0,0,0,0,0,0,0,0,0,0,0,1.64021460899844
"GTCAATGTCCAGGTGT-1","5",2.03881672519459,0,0,0,0,0,0,0,0,0,0,0,0,0,0,0,0,0,0,0,0,1.46804881176531,0.748385910867674,0,0,2.93478048241059,0,0,0,1.17160605457843,0,0,0,0,0,0,0,0,0,0,0,0,0,0
"GTCAATGTCCTTAGAG-1","0",1.9268089880439,0.608799326319972,0.608799326319972,0,0,0,0,0,0,0,0,0,0,0,0,0,0,0,0,0,0,0.984489770616866,0.984489770616866,0,0.608799326319972,1.4708404217464,1.25694532507285,0.984489770616866,0,0,0,0,0,0,0,0,0,0,0,0,0,0,0,0
"GTCACCCTCTGTAAGT-1","6",0,2.58891156723466,0,0,0,0,0,0,0,0,0,0,0,0,0,0,0,0,0,0,0,0,0,0,0,0,0,0,0,0,0,0,0,0,0,0,0,0,0,0,0,0,0,3.91723109463352
"GTCACCTCAAGCGACC-1","10",1.99514105315644,0,0,0,0,0,0,0,0,0,0,0,0,0,0,0,0,0,0,0,0,0,0,1.99514105315644,0,0,0,0,0,0,0,0,0,0,0,0,0,0,0,2.61786873595803,0,0,0,0
"GTCACCTCAGTTAAGC-1","2",0.712652211858837,0,0,0,0,0,0,0.712652211858837,0,0,0,0,0,0,0,0,0,0,0,0,0,0.712652211858837,1.12453535986295,0,0,1.9791180365896,0,0,0,1.12453535986295,0,0,0,0,0,0,0,0,0,0,0,0,0,0
"GTCACGTAGTTAGGTT-1","0",2.85752916013774,0,0,0,0,0,0,0,0,0,0,0,0,0,0,0,0,0,0,0,0,1.5081216944401,0,0,0,2.54376139018936,1.2076134074655,0,0,1.5081216944401,0,0,0,0,0,0.775991527807963,0,0,0,0,0,0,0,0
"GTCATAACACTTAGCC-1","10",2.84272962993231,0,1.19662656084344,0,0,0,0,1.19662656084344,1.19662656084344,0,0,0,0,0,0,0,0,0,0,0,0,0,0,0,0,0,0,0,0,0,0,0,0,0,0,0,2.07025027385452,0,0,0,0,0,0,0
"GTCATATAGCCACGCA-1","3",2.73429270741111,0,0,0,0,0,0,0,0,0,0,0,0,0,0,0,0,0,0,0,0,0,0,0,0,0,0,0,0,0,0,0,0,0,0,0,0,0,0,0,0,0,0,0
"GTCATCAAGCCTAGCG-1","0",2.15285287663724,0,1.26312668942652,0,0,0,0,0,0,0,0,0,0,0,0,0,0,0,0,0,0,1.26312668942652,1.56959303496833,0,0,1.26312668942652,1.26312668942652,0.81900015229598,0.81900015229598,0,0,0,0,0.81900015229598,0,0,0,0,0,0,0,0,0,1.26312668942652
"GTCATCAAGGAGGCTA-1","0",1.20245827033806,0,0,0,0,0,0,0,0,0,0,0,0,0,0,0,0,0,0,0,0,1.20245827033806,0,0,0,1.20245827033806,0,1.20245827033806,0,1.20245827033806,0,0,0,0,0,0,0,0,0,0,0,0,0,0
"GTCATCAAGTCGCACG-1","2",1.74033425742062,0,0,0,0,0,0,0,0,0,0,0,0,0,0,0,0,0,0,0,0,0,1.74033425742062,0,0,2.22177454674826,0,0,0,1.92775492880774,0,0,0,0.776942237852032,0,0,0,0,0,0,0,0,0,0
"GTCATCAAGTTAGAGA-1","2",1.9381674266988,0,0,0,0,0,0,0,0,0,0,0,0,0,0,0,0,0,0,0,0,0,1.51898924628139,0.783537114613664,0,1.51898924628139,0,0,1.2174034355222,2.55660855053859,0,0,0,0,0,0,0,0,0,0,0,0,0,0
"GTCATCCCATTAAGTG-1","0",0,0,0,0,0,0,0,0,0,0,0,0,0,0,0,0,0,0,0,0,0,0,0,0,0,1.42709102283036,0,1.42709102283036,1.42709102283036,1.42709102283036,0,0,0,0,0,0,0,0,0,0,0,0,0,0
"GTCATTTCAACTACTT-1","7",2.27106502417875,0,0,0,0,0,0,0,0,0,0,0,0,0,0,0,0,0,0,0,0,1.41183287902688,2.13396846080689,0,0.482854412970887,2.27106502417875,1.24782960323031,0,0.482854412970887,2.59628989606853,0,0,0,0,0,0,0,0,0,0,0,0,0,0
"GTCATTTCAGTACCCT-1","1",2.31848849519396,0,0,0,0,0,0,0,0,0,0,0,0,0,0,0,0,0,0,0,0,1.39956469804079,1.71921613654863,0,0,1.39956469804079,0,0,0,1.96106195407592,0,0,0,0,0,0,0,0,0,0,0,0,0,2.15566015291497
"GTCCAAATCAGCCCAG-1","0",2.34336188875274,0,0,0,0,0,0,0,0,0,0,0,0,0,0,0,0,0,0,0,0,0,0,0,0,1.89457437468645,1.05891437441574,1.05891437441574,0,1.05891437441574,0,0,0,0,0,0,0,0,0,0,0,0,0,1.05891437441574
"GTCCAACAGCTGGCAT-1","0",1.56339595037547,0,0.814628471089097,0,0,0,0,0,0,0,0,0,0,0,0,0,0,0,0,0,0,0.814628471089097,0.814628471089097,0,0.814628471089097,2.5116320170921,1.25751536035636,0.814628471089097,1.56339595037547,1.98673430072149,0,0,0,0,0,0,0,0,0,0,0,0,0,0
"GTCCAATGTTAGCCAT-1","0",2.14324563260244,0,0.456795072157075,0,0,0,0,0,0,0,0,0,0,0,0,0,0,1.00686820528624,0,0,0.456795072157075,0.456795072157075,1.19876559304048,0,0,2.43554962357565,0.456795072157075,0.769186750000987,0.456795072157075,0,0,0,0,0,0,0,0,0,0,0,0,0,0,1.4982899291332
"GTCCACCTCACCATGA-1","0",1.63895944628734,0,0,0,0,0,0,0,0,0,0,0,0,0,0,0,0,1.12327369286528,0,0,0,1.12327369286528,0,0,0,1.82249235368385,1.12327369286528,0,0.711700016331255,1.63895944628734,0,0,0,0,0,0,0,0,0,0,0,0,0,0
"GTCCAGGTCACTCAAG-1","3",2.18662845170472,0,0,0,0,0,0,0,0,0,0,0,0,0,0,0,0,0,0,0,0,0,0,0,0,0,0,0,0,0,0,0,0,0,0,0,0,0,0,0,2.18662845170472,0,0,0
"GTCCAGGTCTAGTACG-1","0",1.24478491004575,0,0,0,0,0,0,0,0,0,0,0,0,0,0,0,0,0,0,0,0,0,0.804730568336803,0,0,2.49525669350582,0.804730568336803,0,0,1.78244552421917,0,0,0,0,0.804730568336803,0,0,0,0,0,0,0,0,0
"GTCCATAAGGCTCCAG-1","0",0,0,1.40314046727367,0,0,0,0,0,0,0,0,0,0,0,0,0,0,0,0,0,0,0,0.929790243630601,0,0,2.32276663119657,0,0,1.40314046727367,0,0,0,0,0,0,0,0,0,0,0,0,0,0,0
"GTCCATGGTTATCCTT-1","0",2.01742049224816,0,0,0,0,0,0,0,0,0,0,0,0,0,0,0,0,1.15466751402072,0,0,0,0.735480418495574,1.44914061023381,0,0,2.47357952050345,0,0,0.735480418495574,0,0,0,0,0,0,0,0,0,0,0,0,0,0,0
"GTCCATTTCGATACAT-1","8",0,0,0,0,0,0,0,0,0,0,0,0,0,0,0,0,0,0,0,0,0,0,0,0,0,1.04941372634193,0,0,1.04941372634193,2.13107349438063,0,0,0,0,0,0,0,0,0,0,0,0,0,1.55010236289611
"GTCCATTTCGATCAAT-1","0",2.24515423206674,0,0,0,0,0,0,0,0,0,0,0,0,0,0,0,0,0,0,0,0,1.22728788460021,0,0,0,2.36535830870543,0.791172611222276,0.791172611222276,1.76197472089661,1.76197472089661,0,0,0,0,0,0,0,0,0,0,0,0,0,1.22728788460021
"GTCCCATCATGGCTTC-1","2",1.10844137008928,0,0,0,0,0,0,0,0,0,0,0,0,0,0,0,0,0.700528034045759,0,0,0,1.10844137008928,1.62122126978913,0,0.700528034045759,1.80403079939998,0.700528034045759,0,0,1.95852988551067,0,0,0,0,0,0,0.700528034045759,0,0,0,0,0,0,0.700528034045759
"GTCCCGTTCAATTCGG-1","2",2.26259280827663,0,0,0,0,0,0,0,0,0,0,0,0,0,0,0,0,0,0,0,0,1.24110082267967,2.12564010423223,0,0,1.54524692886523,0,1.24110082267967,0,2.75725408678052,0,0,0,0,0,0,0,0,0,0,0,0,0,0
"GTCCCTTGTCTGTGGC-1","14",1.85942656011826,0,0,0,0,0,0,0,0,0,0,0,0,0,0,0,0,0,0,0,0,0,0,0,0,0,0,0,1.85942656011826,0,0,0,0,0,0,0,0,0,0,0,0,0,0,0
"GTCCCTTGTTGACGGG-1","0",1.97969410019779,0,0,0,0,0,0,0,0,0,0,0,0,0,0,0,0,0,0,0,0,1.30142030794683,1.30142030794683,0,1.02353233355849,2.53286722974953,0.637372262467893,1.30142030794683,1.02353233355849,0,0,0,0,0,0,0,0,0,0,0,0,0,0,0.637372262467893
"GTCCCTTGTTGCATGT-1","0",1.81001103876147,0,0,0,0,0,0,0,0,0,0,0,0,0,0,0,0,0,0,0,0,1.26842747756355,1.5754438385365,0,0,1.99987649981298,0.823134867147023,0.823134867147023,0,1.26842747756355,0,0,0,0,0,0,0,0,0,0,0,0,0,0
"GTCCGAACATGGATTA-1","7",2.37471466362189,0,0,0,0,0,0,0,0,0,0,0,0,0,0,0,0,0,0,0,0,0,2.23595182032773,0,0,2.37471466362189,0,0.87236547295165,0.87236547295165,2.07478302624545,0,0,1.33107955067666,0,0,0,0,0,0,0,0,0,0,1.64435922898416
"GTCCGATAGGTATGAA-1","6",0,1.75442353071454,0,0,0,0,0,0,0,0,0,0,0,0,0,0,0,1.75442353071454,0,0,0,0,0,0,0,2.35709500583626,0,0,0,0,0,0,0,0,0,0,1.75442353071454,0,0,0,0,0,0,4.4663915076603
"GTCCGCAAGGCAATGG-1","7",2.02693341994022,0,0,0,0,0,0,0,0,0,0,0,0,0,0,0,0,0,0,0,0,0.787694500693447,1.52496158410302,0,0.787694500693447,2.35958704695482,1.0287202713091,0.469479225742689,0.787694500693447,2.94311363974871,0,0,0,0,0,0.469479225742689,0,0,0,0,0,0,0,0
"GTCCGCAAGGCTATAT-1","3",0,0,0,0,0,0,0,0,0,0,0,0,0,0,1.69604849673951,0,0,0,0,0,0,0,0,0,0,1.69604849673951,0,0,0,0,0,0,0,0,0,0,0,0,0,0,0,0,0,0
"GTCCGCAAGGGGTACA-1","4",1.9294177900381,0,0,0,0,0,0,0,0,0,0,0,0,0,0,0,0,0,0,0,0,0.72759254724495,1.14428073310277,0,0.428560008525802,1.43752746107942,0,1.30161500675832,1.30161500675832,1.55715852192089,0,0,0,0,0,0,0,0,0,0,0,0,0,0
"GTCCGCTTCACATAGT-1","0",1.97174487768645,0,0,0,0,0,0,0,0,0,0,0,0,0,0,0,0,0,0,0,0,0,1.84053140611306,0,0,1.68946295366769,0.633033094416895,1.01762939099713,0,1.29471143721789,0,0,0,0,0,0,0,0,0,0,0,0,0,0
"GTCCGCTTCTAGTCCT-1","6",1.38862387560562,1.94857200877575,0,0,0,0,0,0,0,0,0,0,0,0,1.38862387560562,0,0,1.38862387560562,0,0,0,0,0,0,0,2.7754997684213,0,0,0,0,0,0,0,0,0,0,0,0,0,0,1.38862387560562,0,0,3.43699201443829
"GTCCGTGAGTACGGCT-1","0",1.94955326554001,0,0,0,0,0,0,0,0,0,0,0,0,0,0,0,0,0,0,0,0,0.790777242346667,1.76137563002303,0,0.790777242346667,1.22677660886308,0,0.790777242346667,0,1.5293831535913,0,0,0,0,0,0,0,0,0,0,0,0,0,0
"GTCCGTGAGTAGGTAA-1","12",0,0,0,0,0,0,0,0,0,0,0,0,0,0,0,0,0,0,0,0,0,0,0,0,0,0,0,0,0,0,0,0,0,0,0,0,0,0,0,0,0,0,0,0
"GTCCGTTCAATATACG-1","0",1.95158872345196,0,0,0,0,0,0,0,0,0,0,0,0,0,0,0,0,0.696463599860106,0,0,0,1.1030317414218,0.696463599860106,0,0,1.95158872345196,0.696463599860106,0.696463599860106,0.696463599860106,1.39126487467955,0,0,0,0,0,0,0,0,0,0,0,0,0,0
"GTCCTAAAGCCCGTCT-1","0",2.54115990318906,0,0.832637911976519,0,0,0,0,0,0,0,0,0,0,0,0,0,0,0,0,0,0,1.28058728507045,0,0,0,1.58885327466572,0.832637911976519,0.832637911976519,1.58885327466572,0,0,0,0,0,0,0,0,0,0,0,0,0,0,1.28058728507045
"GTCCTGCTCTTGATGG-1","1",2.11856404244251,0,0,0,0,0,0,0,0,0,0,0,0,0,0,0,0,0.51005348463609,0,0,0,0.846194621890217,2.45497000652818,0,0.51005348463609,1.84420044022316,0,0.846194621890217,0.846194621890217,2.61316976459608,0,0,0,0.51005348463609,0,0,0,0,0,0,0,0,0,0.846194621890217
"GTCGAGGGTTTCGTAA-1","1",2.06751110642945,0,0,0,0,0,0,0,0,0,0,0,0,0,0,0,0,0,0,0,0,1.32496387292034,0.86753094978703,0,0,2.36717108572958,1.32496387292034,0,0,1.8755028411997,0,0,0,0.86753094978703,1.32496387292034,0,0,0,0,0,0,0,0,2.86632360760716
"GTCGATGCATTAGATG-1","4",2.65566969252396,0,0,0,0,0,0,0,0,0,0,0,0,0,0,0,0,0.632494986455864,0,0,0,0,0,0,0,0.632494986455864,0,1.01689671222387,0,1.83956601435704,0,0,0,0.632494986455864,0,0,0,0,0,0,0,0,0,1.51054624292675
"GTCGATTGTCTCACCT-1","4",1.94010412181633,0,0.508120338857021,0,0,0,0,0,0,0,0,0,0,0,0,0,0,0,0,0,0,1.09409940604215,1.46112808532759,0,0,1.29435882775954,0,0.508120338857021,1.09409940604215,1.94010412181633,0,0,0,0.508120338857021,0,0,0,0,0,0,0,0,0,0
"GTCGCAACATGACCAG-1","5",2.41548195106685,0,0,0,0,0,0,0,0,0,0,0,0,0,0,0,0,0,0,0,0,0.89871806611695,2.11411592795582,0,0,1.92071077082071,1.92071077082071,0,0.89871806611695,1.36427985160532,0,0,0,0,0,0,0,0,0,0,0,0,0,0
"GTCGCCAAGCCAGCAT-1","0",0.967283916001554,0,0,0,0,0,0,0,0,0,0,0,0,0,0,0,0,0.967283916001554,0,0,0,0.967283916001554,0.967283916001554,0,0,3.10010404224557,1.44963965596894,0,0,0.967283916001554,0,0,0,0,0,0,0,0,0,0,0,0,0,0
"GTCGCCAAGCTGGGTT-1","0",2.17797396090227,0,0,0,0,0,0,0,0,0,0,0,0,0,0,0,0,0,0,0,0,0,1.7399468934154,0,0,2.17797396090227,0,0,0,1.41860679004976,0,0,0,0,0,0,0,0,0,0,0,0,0,0.942223662984635
"GTCGCTAGTTGAGTAG-1","1",1.93021856330752,0,0,0,0,0,0,0,0,0,0,0,0,0,0,0,0,0,0,0,0,0,1.68977512754608,0,0.905332529518845,2.12390931231874,0,0,0.905332529518845,2.42562348177185,0,0,0,0.905332529518845,0,0,0,0,0,0,0,0,0,1.93021856330752
"GTCGGATTCTCACAGA-1","3",2.54849309702186,0,0,0,0,0,0,0,0,0,0,0,0,0,0,0,0,1.5951915298159,0,0,0,1.5951915298159,0,0,0,1.5951915298159,0,0,0,0,0,0,0,0,0,0,0,0,0,0,0,0,0,0
"GTCGGGTCATGAGCCA-1","0",2.57503035542327,0,0,0,0,0,0,0,0,0,0,0,0,0,0,0,0,0,0,0,0,1.00543732045494,0,0,0,2.26856400988145,0,1.00543732045494,1.00543732045494,1.49653894414427,0,0,0,0,0,0,1.00543732045494,0,0,0,0,0,0,0
"GTCTAACGTCAGTGCC-1","8",2.38653373725372,0,0,0,0,0,0,0,0,0,0,0,0,0,0,0,0,0,0,0,0,0.600471171272449,2.02601706500242,0,0,0.600471171272449,0.600471171272449,0.973032083472495,0.600471171272449,1.63215543700539,0,0,0,0,0,0,0,0,0,0,0,0,0,2.52746197785629
"GTCTAACGTGCAGCTC-1","0",2.05585764310555,0,0.563641719039231,0,0,0,0,0,0,0,0,0,0,0,0,0,0,0.921922508081346,0,0,0,1.56554828063574,1.1851503914433,0,0.563641719039231,2.14833725246733,1.39332913953008,0,0.921922508081346,0,0,0,0,0,0,0,0,0,0,0,0,0,0,0.563641719039231
"GTCTACAAGCTGGTGT-1","2",2.14986007194646,0,0,0,0,0,0,0,0,0,0,0,0,0,0,0,0,0,0,0,0,0.666781209258061,1.34648005064521,0,0,2.51571756651571,0,0.666781209258061,1.06330088315797,1.34648005064521,0,0,0,0,0,0,0,0,0,0,0,0,0,0.666781209258061
"GTCTACAAGGATGCGA-1","1",2.23384027552461,0,0,0,0,0,0,0,0,0,0,0,0,0,0,0,0,0,0,0,0,1.32934023152993,1.32934023152993,0,0,0.870989888331866,2.07271572308266,0.870989888331866,0,1.88054830915556,0,0,0,0,1.6424517867361,0,0,0,0,0,0,0,0,2.23384027552461
"GTCTACCCAGTTGAGT-1","11",1.79572880612956,1.25616622098751,0,0,0,0,0,0,0,0,0,0,0,0,1.25616622098751,0,0,1.25616622098751,0,0,0,0,0,0,0,2.14426850086851,1.25616622098751,0,1.25616622098751,0,0,0,0,0,0,0,0,0,0,0,0,0,0,0
"GTCTATGAGATTCAGT-1","12",0,0,0,0,0,0,0,0,0,0,0,0,0,0,0,0,0,0,0,0,0,0,0,0,0,0,0,0,0,0,0,0,0,0,0,0,0,0,0,0,0,0,0,0
"GTCTATGAGGATTGGG-1","4",2.23692249936749,0,0,0,0,0,0,0,0,0,0,0,0,0,0,0,0,0.443166194608215,0,0,0,0,0.749178854673003,0,0,0.749178854673003,0,1.17264457944041,0,1.79486807327824,0,0.443166194608215,0,0,0,0,0,0,0,0,0,0,0,0.443166194608215
"GTCTCAAAGCAACCAC-1","6",0,2.36988724491878,0,0,0,0,0,0,0,0,0,0,0,0,0,0,0,0,0,0,0,0,0,0,0,2.36988724491878,0,0,0,0,0,0,0,0,0,0,0,0,0,0,0,0,0,3.29050774493776
"GTCTCAAAGGTGGCAA-1","0",2.73620215190599,0,0,0,0,0,0,0,0,0,0,0,0,0,0,0,0,0,0,0,0,0.78952797749153,1.75948185271987,0,0,2.56676050017749,1.22516071812437,0.78952797749153,0.78952797749153,0,0,0,0,0,0,0,0,0,0,0,0,0,0,0
"GTCTCAAAGGTTCGTA-1","0",1.85153793215138,0,1.0259947630299,0,0,0,0,0,0,0,0,0,0,0,0,0,0,0,0,0,0,0,1.0259947630299,0,1.0259947630299,2.0991801176788,1.0259947630299,1.52164193952807,0,0,0,0,0,0,0,0,0,0,0,0,0,0,0,1.0259947630299
"GTCTCACCAATAGCGT-1","4",2.89549634414019,0,0,0,0,0,0,0,0,0,0,0,0,0,0,0,0,0,0,0,0,1.5257120478662,1.30801182827042,0,1.02933664446427,1.30801182827042,0,1.02933664446427,0,0,0,0,0,0,0,0,0,0,0,0,0,0,0,0
"GTCTCCGCAGCATGAT-1","8",2.12390931231874,0,0,0,0,0,0,0,0,0,0,0,0,0,0,0,0,0.652570614927902,0,0,0,1.32479490903379,1.54370083335211,0,0,1.32479490903379,0,0,1.04413588534703,2.12390931231874,0,0,0,0,0,0,0,0,0,0,0,0,0,1.8753079763645
"GTCTGGACAGCCTAAG-1","5",2.31347975460893,0,0.760194792242896,0,0,0,0,1.18704601960846,0,0,0,0,0,0,0,0,0,0.760194792242896,0,0,0,0.760194792242896,1.4852520493209,0,0,2.05823791066224,0,0.760194792242896,0.760194792242896,1.90113151345103,0,0,0,0,0,0,0.760194792242896,0,0,0,0,0,0.760194792242896,0.760194792242896
"GTGAAATGTGCGCGAA-1","2",2.42433229372662,0,0,0,0,0,0,0,0,0,0,0,0,0,0,0,0,0.827169058976244,0,0,0,0.827169058976244,2.42433229372662,0,0,2.42433229372662,0,0,1.27359345452608,2.42433229372662,0,0,0,0,0,0,0,0,0,0,0,0,0,0
"GTGAAATGTTTGGCAT-1","0",1.80024715024765,0,1.26004252540555,0,0,0,0,0,0,0,0,0,0,0,0,0,0,0,0,0,0,1.80024715024765,0,0,1.26004252540555,2.61211601050524,0,0,0,0.816596667190003,0,0,0,0,0,0,0,0,0,0,0,0,0,0.816596667190003
"GTGAACAGTCAGCCTA-1","0",2.20858092420634,0,0,0,0,0,0,0,0,0,0,0,0,0,0,0,0,0.768969324372919,0,0,0,1.72813884285929,1.198482589905,0,0,2.07257405093227,0.768969324372919,1.4979752937155,0,0,0,0,0,0,0,0,0,0,0,0,0,0,0,0.768969324372919
"GTGAACAGTGGCGTTC-1","1",2.05396433621767,0,0,0,0,0,0,0,0,0,0,0,0,0,0,0,0,0,0,0,0,1.07926022030567,1.76751029624734,0,0,2.80578262913655,0.678668352003155,0.678668352003155,1.07926022030567,1.92095942789972,0,0,0,0.678668352003155,0,0,0,0,0,0,0,0,0,0.678668352003155
"GTGAAGGTCATCAGCA-1","6",0,0,0,0,0,0,0,0,0,0,0,0,0,0,0,0,0,0,0,0,0,0,0,0,0,1.56101275503263,0,0,0,0,0,0,0,0,0,0,0,0,0,0,0,0,0,3.43750184839784
"GTGAATCCAAACTTGA-1","2",0.658943243900843,0,0,0,0,0,0,0,0,0,0,0,0,0,0,0,0,0,0,0,0,0,2.2401498833274,0,0,1.55413559114884,0,0,0.658943243900843,2.01879432959798,0,0,0,0,0,0,0,0,0,0,0,0,0,0
"GTGAATGGTTGTGCCA-1","0",1.81318805503636,0,0.451072714920636,0,0,0,0,0.451072714920636,0,0,0,0,0,0,0,0,0,0.451072714920636,0,0,0,0.76080156737653,0.451072714920636,0.996943586948772,0.451072714920636,2.05923185480196,0.451072714920636,0,0,0.76080156737653,0,0,0,0,0,0,0.451072714920636,0,0,0,0,0,0,0.451072714920636
"GTGACGAAGATTGAGA-1","1",1.50561536443169,0,0,0,0,0,0,0,0,0,0,0,0,0,0,0,0,0.629531723827837,0,0,0,0,1.01285942472842,0,0,2.51749565264259,1.01285942472842,0.629531723827837,0.629531723827837,1.68336801751418,0,0,0,0,1.68336801751418,0,0,0,0,0,0,0,0,1.68336801751418
"GTGACGAAGTAGAGAC-1","1",0,1.70189036422705,0,0,0,0,0,0,0,0,0,0,0,0,0,0,0,0,0,0,0,0,0,0,0,1.70189036422705,0,0,0,2.29944114250408,0,0,0,0,0,0,0,0,0,0,0,0,0,3.60751861351078
"GTGACGTTCCTGTAAG-1","13",1.79348774847133,0.539861013722923,0.539861013722923,0,0,0,0,0,0,0,0,0,0,0,0,0,0,0,0,0,0,0.539861013722923,0,0,0,2.63072491068497,0.539861013722923,0.539861013722923,0,1.35146311260285,0,0,0,0,0,0,0,0,0,0,0,0,0,1.14654657304492
"GTGACTATCACCCTTG-1","4",1.76162518951501,0,0,0,0,0,0,0,0,0,0,0,0,0,0,0,0,0.790941928867993,0,0,0,1.03254700977058,1.03254700977058,0,0.790941928867993,2.30668132700366,1.03254700977058,0.471712433009897,0,1.86013870073895,0,0,0,0,0,0,0,0,0,0,0,0,0,1.94981170431213
"GTGACTATCATGGCCG-1","0",2.139625110254,0,0,0,0,0,0,0,0,0,0,0,0,0,0,0,0,0,0,0,0,0.810652538709199,1.25240594039346,0,0.810652538709199,1.8904259656809,0,0,0.810652538709199,0.810652538709199,0,0,0,0,0,0,0,0,0,0,0,0,0,0
"GTGAGCGGTTCGGTCA-1","7",1.71746397656373,0.566296650926255,0,0,0,0,0,0,0,0,0,0,0,0,0,0,0,0.566296650926255,0,0,0,1.18942508436158,0.566296650926255,0,0.925631492455476,2.83299824403388,0,0.925631492455476,0.925631492455476,2.31656371763325,0,0,0.566296650926255,0,0,0,0,0,0,0,0,0,0,0
"GTGAGGATCACTTGCT-1","12",0,0,0,0,0,0,0,0,0,0,0,0,0,0,0,0,0,0,0,0,0,0,0,0,0,0,0,0,0,0,0,0,0,0,0,0,0,0,0,0,0,0,0,0
"GTGAGGATCATGTAAC-1","9",2.45042047371683,0,0,0,0,0,0,0,0,0,0,0,0,0,0,0,0,2.45042047371683,0,0,0,0,0,0,0,2.45042047371683,0,0,0,0,0,0,0,0,0,0,0,0,0,0,0,0,0,0
"GTGATAGGTTGGAGCG-1","4",2.03398882528649,0,0.509495836335989,0,0,0,0,0,0,0,0,0,0,0,0,0,0,0,0,0,0,0.509495836335989,1.09639499285946,0,0,1.46377821376363,0,0.509495836335989,0.845397622285714,1.84302507773955,0,0,0,0,0,0,0,0,0,0,0,0,0,0.845397622285714
"GTGATGGAGAAGGGAA-1","7",2.29790216079056,0.595498275883126,0,0,0,0,0,0,0,0,0,0,0,0,0,0,0,0,0,0,0,0.595498275883126,2.11931240845578,0,0,1.23599565926094,0,0.966173296993602,0,2.44937871381766,0,0.595498275883126,0,0,0.595498275883126,0,0,0,0,0,0,0,0,0
"GTGATGGAGCGAGGTA-1","2",2.04650706172559,0,0,0,0,0,0,0,0,0,0,0,0,0,0,0,0,0,0,0,0,1.80098540064175,1.80098540064175,0,0.987756669089544,1.80098540064175,0,0,0.987756669089544,2.04650706172559,0,0,0,0,0,0,0,0,0,0,0,0,0,0
"GTGATGGAGGTTACTG-1","4",2.59233548235771,0,0,0,0,0,0,0,0,0,0,0,0,0,0,0,0,1.01734745596486,0,0,0,1.511096478706,0,0,0.632826017904375,2.08733455483397,0,0.632826017904375,0.632826017904375,0.632826017904375,0,0,0,0,0,0,0,0,0,0,0,0,0,0.632826017904375
"GTGATGGAGTGCTGGT-1","0",3.64903625108098,0,1.64088498456524,0,0,0,0,0,0,0,0,0,0,0,0,0,0,0,0,0,0,0,1.64088498456524,0,0,1.64088498456524,0,0,0,0,0,0,0,0,0,0,0,0,0,0,0,0,0,0
"GTGATTTAGGATGTGG-1","14",2.18103416648712,1.28605584857797,0,0,0,0,0,0,0,0,0,0,0,0,0,0,0,0,0,0,0,0,0,0,0,1.28605584857797,0,0,0,0,0,0,0,0,0,0,0,0,0,0,0,0,0,0
"GTGCAATCAATACCGG-1","3",3.00113168320968,0,1.99733992184537,0,0,0,0,0,0,0,0,0,0,0,0,0,0,0,0,0,0,0,0,0,1.99733992184537,0,0,0,0,0,0,0,0,0,0,0,0,0,0,0,0,0,0,0
"GTGCAATCATCCAAGG-1","5",1.83468451394509,0,0,0,0,0,0,0,0,0,0,0,0,0,0,0,0,0,0,0,0,0,1.28966752543082,0,0,2.44463275065006,0,0,0,0,0,0,0,0,0,0,0,0,0,0,0,0,0,0
"GTGCACTAGTCGCTAA-1","1",1.41588345537646,0,0,0,0,0,0,0,0,0,0,0,0,0,0,0,0.576630892941406,0.576630892941406,0,0,0,0.576630892941406,1.41588345537646,0,0,1.20599883166901,0.940031634169421,0.576630892941406,0.576630892941406,2.41057864462844,0,0.940031634169421,0,0,0.940031634169421,0,0,0,0,0,0,0,0,2.17478717681931
"GTGCAGCCAGGATCAT-1","0",1.64694847884014,0,0.984489770616866,0,0,0,0,0,0,0,0,0,0,0,0,0,0,0,0,0,0,0.608799326319972,1.4708404217464,0,0.608799326319972,2.54436365234585,0.984489770616866,0,0.608799326319972,0.984489770616866,0,0,0,0,0,0.608799326319972,0,0,0,0,0,0,0,0
"GTGCCATAGATTAAGG-1","3",2.28030177939801,0,0,0,0,0,0,0,0,0,0,0,0,0,0,0,0,0,0,0,0,0,0,0,0,0,0,0,0,0,0,0,0,0,0,0,0,0,0,0,0,0,0,0
"GTGCCATAGATTGACT-1","15",2.05269531133651,0,0,0,0,0,0,0,0,0,0,0,0,0,0,0,0,0,0,0,0,0,1.8611445094129,0,1.31252577468129,2.21338654529322,0,0,0,0,0,0,0,0,0.857717636281444,0,0,0,0,0,0,0,0,0.857717636281444
"GTGCCATAGCGAATCC-1","0",1.79301056409911,0,0,0,0,0,0,0,0,0,0,0,0,0,0,0,0,0,0,0,0,2.03818738207101,0.981767720875517,0,0.981767720875517,2.03818738207101,0,0.981767720875517,1.46749198114847,0,0,0,0,0,0,0,0,0,0,0,0,0,0,0
"GTGCCATAGTAATCGT-1","4",1.48971604604585,0,0.620016622299913,0,0,0,0,0,0,0,0,0,0,0,0,0,0,0,0,0,0,0.620016622299913,0.620016622299913,0,0,0.999866103177328,0,0,0.620016622299913,2.16683758670123,0,0,0,0,0,0,0,0,0,0,0,0,0,0
"GTGCCCAAGCCAGATC-1","2",2.38213627939939,0,0.970021675220494,0,0,0,0,0,0,0,0,0,0,0,0,0,0,0.970021675220494,0,0,0,0.970021675220494,2.6464593741942,0,0,0.970021675220494,0,0,1.77732325234048,2.21811682755416,0,0,0,0,0,0,0,0,0,0,0,0,0,0
"GTGCGAGGTATGTGCT-1","3",3.4940726188542,0,0,0,0,0,0,0,0,0,0,0,0,0,0,0,0,0,0,0,0,0,0,0,0,2.31450645440484,0,0,0,0,0,0,0,0,0,0,0,0,0,0,0,0,0,0
"GTGCGAGGTGCGGATG-1","1",2.15776275744896,0,0,0,0,0,0,0,0,0,0,0,0,0,0,0,0,0,0,0,0,0.993396610650691,1.65841429257411,0,1.26711283911011,1.93893859195797,0.615291333491056,0,0.993396610650691,2.25149761424116,0,0,0,0.615291333491056,0,0,0,0,0,0,0,0,0,0.993396610650691
"GTGCGAGGTTCGCGGT-1","0",1.5008577815123,0,0,0,0,0,0,0,0,0,0,0,0,0,0,0,0,0.626678134441205,0,0,0,0.626678134441205,0.626678134441205,0,0,2.07581874467502,1.00896745255362,0.626678134441205,0.626678134441205,0,0,0,0,0,0,0,0,0,0,0,0,0,0,1.00896745255362
"GTGCGAGGTTTAGGTC-1","0",2.00703532893679,0,0,0,0,0,0,0,0,0,0,0,0,0,0,0,0,0.959467439802197,0,0,0,0,0,0,0,2.2029337810686,0.959467439802197,0,0,0,0,0,0,0,0,0,0.959467439802197,0,0,0,0,0,0,1.43998012138993
"GTGCGAGGTTTCCGCT-1","4",2.64706833359838,0.598582502180795,0,0,0,0,0,0,0,0,0,0,0,0,0,0,0,0,0,0,0,0,0.598582502180795,0,0,1.2408677405542,0,0.598582502180795,0.598582502180795,1.45352093560121,0,0.598582502180795,0,0,0,0,0,0,0,0,0,0,0,2.38273118316653
"GTGCGAGGTTTCCTTG-1","0",2.81002691510811,0,0,0,0,0,0,0,0,0,0,0,0,0,0,0,0,0,0,0,0,0,0,0,0,1.73749854503674,0,0.940412070393592,0,1.41635620587004,0,0,1.41635620587004,0,0.940412070393592,0,0,0,0,0,0,0,0,0
"GTGCGATTCGATCACA-1","3",2.79562082043978,0,1.57757515142955,0,0,0,0,0,0,0,0,0,0,0,1.57757515142955,0,0,0,0,0,0,0,0,0,0,1.57757515142955,0,1.57757515142955,0,0,0,0,0,0,0,0,0,0,0,0,0,0,0,0
"GTGCGCATCACGCACG-1","8",2.00898929169822,0,0.730425136085575,0,0,0,0,0,0,0,0,0,0,0,0,0,0,0,0,0,0,0,0,0,0,1.66843333912539,0.730425136085575,0.730425136085575,0.730425136085575,1.85313908978336,0,0,0,0,0,0,0,0,0,0,0,0,0,2.90226781780104
"GTGCGCATCGACCAAC-1","4",1.35360662599032,0,0,0,0,0,0,0,0,0,0,0,0,0,0,0,0,0.671474505661049,0,0,0,0.890226581912768,1.06960973801972,0,0,1.35360662599032,0,0,0.391068972592138,1.90846427647932,0,0,0,0,0,0,0,0,0,0,0,0,0,1.35360662599032
"GTGCGGTCAAAGGTCT-1","6",1.88859850650943,0,0,0,0,0,0,0,0,0,0,0,0,0,0,0,0,1.88859850650943,0,0,0,0,0,0,0,2.70973181584826,0,0,1.33632889224464,0,0,0,0,0,0,0,0,0,0,0,1.33632889224464,0,0,4.67834504410441
"GTGCTATGTCTAGTCG-1","0",1.07263680226485,0,0,0,0,0,0,0,0,0,0,0,0,0,0,0,0,0,0,0,0,1.07263680226485,2.1624384612508,0,0,2.36230432769567,0,1.07263680226485,0,0,0,0,0,0,0,0,1.07263680226485,0,0,0,0,0,0,2.36230432769567
"GTGCTATGTGACGAAC-1","0",2.23284851693176,0,0,0,0,0,0,0,0,0,0,0,0,0,0,0,0,1.79106536216888,0,0,0,1.46569637169309,1.46569637169309,0,0,1.46569637169309,1.79106536216888,0,0,0,0,0,0,0.98030871788988,0,0,0.98030871788988,0,0,0,0,0,0,0
"GTGCTCAGTCTGGTTG-1","0",1.52075648853359,0,0,0,0,0,0,0,0,0,0,0,0,0,0,0,0,0,0,0,0,1.75225266032611,0.784766518137115,0,0,0.784766518137115,0.784766518137115,0,0,0,0,0,0,0,0,0,0,0,0,0,0,0,0,0
"GTGCTCAGTTGCCTCT-1","0",1.55004388195286,0,0.555226389822974,0,0,0,0,0,0,0,0,0,0,0,0,0,0,0,0,0,0,0,0.555226389822974,0,0,2.21546708396382,1.1715548223905,0.910140165562721,0,1.1715548223905,0,0,0,0,0,0,0,0,0,0,0,0,0,0.555226389822974
"GTGGAACGTGGCCTGT-1","0",0,0,0,0,0,0,0,0,0,0,0,0,0,0,0,0,0,0,0,0,0,0,1.47563657784546,0,0,2.4088763494673,1.47563657784546,1.47563657784546,0,0,0,0,0,0,0,0,0,0,0,0,0,0,0,1.47563657784546
"GTGGATAGTTGAGTTC-1","0",1.87702456431488,0,0,0,0,0,0,0,0,0,0,0,0,0,0,0,0,1.04544991659732,0,0,0,0,1.54529530381241,0,0,1.87702456431488,1.04544991659732,0,1.04544991659732,0,0,0,0,0,0,0,0,0,0,0,0,0,0,0
"GTGGATTCATGCGTCT-1","7",1.77722118229349,0,0,0,0,0,0,0,0,0,0,0,0,0,0,0,0,0,0,0,0,0,1.54437679642916,0,0,1.24031456506569,0,0.801261547367345,0,2.58652290859132,0,0,0,0.801261547367345,0,0,0,0,0,0,0,0,0,0.801261547367345
"GTGGCAGGTAGCCCGT-1","1",2.15720437977377,0,0,0,0,0,0,0,0,0,0,0,0,0,0,0,0,0,0,0,0,0,1.86595327058951,0,0,2.27617426927082,0.738320628867977,0.738320628867977,1.15840118242037,1.6807672845701,0,0,0,0,0,0.738320628867977,0.738320628867977,0,0,0,0,0,0,2.27617426927082
"GTGGCGAGTAGCTGGG-1","0",2.57959678403402,0,0,0,0,0,0,0,0,0,0,0,0,0,0,0,0,0,0,0,0,0,0.856390583407462,0,0,2.05068606068827,0,1.62214470053618,0,1.62214470053618,0,0,0,0,0,0,0,0,0,0,0,0,0,1.31084125860376
"GTGGCGAGTATGGTTC-1","0",1.51178494094777,0,0,0,0,0,0,0,0,0,0,0,0,0,0,0,0,0,0,0,0,0,1.01791149560635,0,0,2.7172921509148,1.01791149560635,0,1.01791149560635,1.8409030527332,0,0,0,0,0,0,0,0,0,0,0,0,0,1.51178494094777
"GTGGCGAGTCATCCGA-1","7",1.7236789803146,0,0,0,0,0,0,0,0,0,0,0,0,0,0,0,0,0,0,0,0,0.569576649045085,1.96573363028122,0,0,1.96573363028122,0.569576649045085,1.57641729571747,0.930208321216477,2.52675045687156,0,0,0,0,0,0.569576649045085,0,0,0,0,0,0,0,0
"GTGGCGAGTGCATCTG-1","0",1.9441978198698,0,0,0,0,0,0,0,0,0,0,0,0,0,0,0,0,0.692148678230356,0,0,0,0,1.0972807305486,0,0,2.07769350777237,0,0.692148678230356,0.692148678230356,1.0972807305486,0,0,0,0.692148678230356,0,0,0,0,0,0,0,0,0,0
"GTGGCGAGTGGCTCTA-1","0",1.71235790512432,0,0,0,0,0,0,0,0,0,0,0,0,0,0,0,0,0,0,0,0,0,0,0,0,2.31095271182914,0.921876916854421,0,0.921876916854421,0,0,0,0,0,0,0,0,0,0,0,0,0,0,0
"GTGGGCAGTTCGGTGC-1","4",2.23665689847875,0,0,0,0,0,0,0,0,0,0,0,0,0,0,0,0,0.657058230245675,0,0,0,0.657058230245675,0,0,1.33166048093407,2.01540461357507,1.05019834285839,1.33166048093407,0,1.05019834285839,0,0,0,0,0,0,0,0,0,0,0,0,0,1.05019834285839
"GTGGGTAAGCCACAGT-1","0",1.85368368025347,0,0,0,0,0,0,0,0,0,0,0,0,0,0,0,0,0,0,0,0,0,1.44219588434135,0,0,2.14436354870882,0,0,0,1.44219588434135,0,0,0,0,0,0,0,0,0,0,0,0,0,0
"GTGGGTAAGGTCGTAC-1","0",2.2817217556125,0,0,0,0,0,0,0,0,0,0,0,0,0,0,0,0,0,0,0,0,0,1.50793908316206,0,0,1.50793908316206,0,0,1.01476158156167,1.01476158156167,0,0,0,0,0,0,0,0,0,0,1.01476158156167,0,0,1.01476158156167
"GTGGGTTTCCCGCGAA-1","0",2.14560021193091,0,0,0,0,0,0,0,0,0,0,0,0,0,0,0,0,0,0,0,0,0.731486310955894,1.67009424454529,0,0,2.84330965950905,0,0.731486310955894,0.731486310955894,1.85486502345797,0,0,0,0,0,0.731486310955894,0,0,0,0,0,0,0,0
"GTGGGTTTCTATGGAT-1","1",1.92245311674575,0,0,0,0,0,0,0,0,0,0,0,0,0,0,0,0,0,0,0,0,0.899928763654897,0.899928763654897,0,0,1.92245311674575,0.899928763654897,0,0,1.92245311674575,0,0,0,0,0,0,0,0,0,0,0,0,0,2.53966494016965
"GTGGTAAGTTCGTAAC-1","0",1.90833386037665,0,0,0,0,0,0,0.764709096491339,0,0,0,0,0,0,0,0,0,0.764709096491339,0,0,0,0,0.764709096491339,0,0,2.06562349740248,1.19293368619552,0,0,0,0,0,0,0,0.764709096491339,0,0,0,0,0,0,0,0,0
"GTGGTGAAGCAAGCTC-1","0",0.852435416017922,0,0.852435416017922,0,0,0,0,0,0,0,0,0,0,0,0,0,0,0,0,0,0,0,1.30581712252965,0,0,2.57323541655742,0,1.30581712252965,0,0.852435416017922,0,0,0,0,0,0.852435416017922,0,0,0,0,0,0,0,0
"GTGGTGAAGCCTGGAT-1","12",2.89611980770533,1.90229471424047,0,0,0,0,0,0,0,0,0,0,0,0,0,0,0,1.34823602801338,0,0,0,0,0,0,0,0,0,0,0,0,0,0,0,1.34823602801338,0,0,0,0,0,0,0,0,0,0
"GTGGTGAAGGCGATTC-1","6",0,0,0,0,0,0,0,0,0,0,0,0,0,0,0,0,0,1.64728693860102,0,0,0,0,0,0,0,0,0,0,0,0,0,0,0,0,0,0,0,0,0,0,0,0,0,3.93797268920857
"GTGGTGAAGTTAGCTG-1","8",1.82954285009061,0,0.62692168074941,0,0,0,0,0,0,0,0,0,0,0,0,0,0,0,0,0,0,0.62692168074941,1.50126418252338,0,0.62692168074941,2.27402056526025,0.62692168074941,1.28523534311701,0,1.67881431977764,0,0,0,0.62692168074941,0,0,0,0,0,0,0,0,0,2.51235274932956
"GTGGTTATCCCCATTG-1","7",2.40054410555035,0,1.03797247101533,0,0,0,0.648015523761092,0,0,0,0,0,0,0,0,0,0,0,0,0,0,0.648015523761092,1.99907207262659,0,0,1.7153671941038,1.31780933190024,0,1.03797247101533,2.55355097200642,0,0,0,0,0,0,0,0,0,0,0,0,0,0
"GTGGTTGCACTTGCTA-1","0",2.29581816672607,0,0.911784539435766,0,0,0,0,0,0,0,0,0,0,0,0,0,0,0,0,0,0,1.38065844063126,0,0,0,1.38065844063126,1.38065844063126,0.911784539435766,0.911784539435766,1.38065844063126,0,0,0,0,0,0,0,0,0,0,0,0,0,0
"GTGTAACCAATAGCAC-1","1",1.81133011651809,0,0,0,0,0,0,0,0,0,0,0,0,0,0,0,0,0,0,0,0,0.995543028427131,0.616858153803607,0,0,2.89380667532962,0.616858153803607,1.48441580486201,0.616858153803607,1.94185582540873,0,0,0,0,0.616858153803607,0.616858153803607,0,0,0,0,0,0,0,0.616858153803607
"GTGTAACCACCTTGCG-1","3",1.53564386274411,0,0,0,0,0,0,0,0,0,0,0,0,0,0,0,0,0,0,0,0,0,0,0,0,1.53564386274411,0,0,0,0,0,0,0,0,0,0,0,0,0,0,0,0,0,0
"GTGTAACCATTCGGGA-1","2",2.1806161730568,0,0,0,0,0,0,0,0,0,0,0,0,0,0,0,0,0,0,0,0,1.42086570518498,2.34392956406498,0,0,0.944042760667189,0,0,0,1.74240381856811,0,0,0,0,0.944042760667189,0,0,0,0,0,0,0,0,0.944042760667189
"GTGTAACCATTGCACC-1","1",2.2826697832931,0,0,0,0,0,0,0,0,0,0,0,0,0,0,0,0,0,0,0,0,0,1.9269522353107,0,0,1.36972593477266,1.36972593477266,0.903058024607581,1.36972593477266,1.686659743766,0,0.903058024607581,0,0,0,0,0,0,0,0,0,0,0,1.9269522353107
"GTGTAAGGTGAGGAGA-1","6",0,0,0,0,0,0,0,0,0,0,0,0,0,0,0,0,0,0,0,0,0,0,0,0,0,2.52456410738648,0,0,0,0,0,0,0,0,0,0,0,0,0,0,0,0,0,3.56830251147477
"GTGTCCCTCCTCAGTT-1","0",1.64110859106167,0,0,0,0,0,0,0,0,0,0,0,0,0,0,0,0,0,0,0,0,0,0.87002165892659,0,0,1.87913678326134,0.87002165892659,0,1.3281156014983,2.37106003102387,0,0,0,0,0,0,0,0,0,0,0,0,0,0
"GTGTCCCTCTATCGGA-1","1",2.04474806929407,0,0,0,0,0,0,0,0,0,0,0,0,0,0,0,0,0,0,0,0,0,1.79929908775394,0,0,2.54730383685118,0.986489289504398,0.986489289504398,0,1.79929908775394,0,0,0,0,0,0,0,0,0,0,0,0,0,2.24166821522239
"GTGTCCTCAATCTGAA-1","9",3.23436500191066,0,0,0,0,0,0,0,0,0,0,0,0,0,0,0,0,2.95972590106335,0,0,0,0,0,0,0,0,0,1.95975120046718,0,0,0,0,0,0,0,0,0,0,0,0,0,0,0,1.95975120046718
"GTGTCCTCATCCCGAT-1","0",2.46824598485902,0,0,0.788544643248152,0,0,0,0,0,0,0,0,0,0,0,0,0,0.788544643248152,0,0,0,0.788544643248152,1.52618153308279,0,0.788544643248152,2.46824598485902,0,0,0,1.22388838449265,0,0,0,0.788544643248152,0,0,0,0,0,0,0,0,0,0
"GTGTCCTCATTACATC-1","8",2.37533668039916,0,0,0,0,0,0,0,0,0,0,0,0,0,0,0,0,0,0,0,0,1.8329805737084,1.94631740245829,0,0,2.22504731170269,0,0.559819435368829,0.559819435368829,1.38665071691679,0,0,0,0,0.559819435368829,0,0,0,0,0,0,0,0,2.72502346787558
"GTGTGGCCAAACTCGG-1","8",1.87819726960542,0,0,0,0,0,0,0,0,0,0,0,0,0,0,0,0.654207207528118,0,0,0,0,1.32730061291753,1.04634791501752,0,0,1.72599075501685,0,0.654207207528118,1.04634791501752,1.04634791501752,0,0,0,0,0,0,0,0,0,0,0,0,0,2.69828623876848
"GTGTGTTGTGCGGATG-1","2",1.81980107206879,0,0,0,0,0,0,0,0,0,0,0,0,0,0,0,0,0,0,0,0,0,1.49224932260373,0,0,1.81980107206879,0,1.00193382860133,1.00193382860133,1.49224932260373,0,0,0,0,0,0,0,0,0,0,0,0,0,0
"GTGTTATAGTCAGTGC-1","0",2.39672726062208,0,0.538461331160359,0,0,0,0,0,0,0,0,0,0,0,0,0,0,0,0,0,0,1.14425642309435,1.14425642309435,0,0,2.32959607368602,0,0,1.14425642309435,1.34897510627626,0,0,0,0,0,0,0,0,0,0,0,0,0,0
"GTGTTCAAGCTTAGGC-1","0",2.02913640193198,0,0,0,0,0,0,0,0,0,0,0,0,0,0,0,0,1.06051610817874,0,0,0,1.3433324693131,1.56354518906517,0,0,1.89665735192967,1.06051610817874,0,0,1.06051610817874,0,0,0,0.664711968112224,0,0,0,0,0,0,0,0,0,0
"GTGTTCCCAAGTAACC-1","1",2.43943036663488,0,0,0,0,0,0,0,0,0,0,0,0,0,0,0,0,0,0,0,0,0.914375022476016,2.43943036663488,0,0,0.914375022476016,1.38389915039394,0.914375022476016,0.914375022476016,2.94141249514132,0,0,0,0,0,0,0,0,0,0,0,0,0,2.13724767234072
"GTGTTCCCAGCCTAGA-1","12",3.73195976627946,0,0,0,0,0,0,0,0,0,0,0,0,0,0,0,0,0,0,0,0,0,0,0,0,0,0,0,0,0,0,0,0,0,0,0,0,0,0,0,0,0,0,0
"GTGTTCCCATTGGCGA-1","8",2.51383171774552,0,0.815962939470939,0,0,0,0,0,0,0,0,0,0,0,0,0,0,0,0,0,0,1.25922897277505,1.79929908775394,0,0,1.79929908775394,0,0,0.815962939470939,1.79929908775394,0,1.25922897277505,0,0,0,0,0,0,0,0,0,0,0,2.61106354110883
"GTTAACTAGCGATGAG-1","5",2.20066901693794,0,0.849513504498643,0,0,0,0,0.849513504498643,0,0,0,0,0,0,0,0,0,0,0,0,0,0,0.849513504498643,0,0,2.04025161375741,0,0.849513504498643,1.30210204380004,1.61253844147289,0,0,0,0,0,0,0,0,0,0.849513504498643,0,0,0,0.849513504498643
"GTTAACTAGGTACCAC-1","1",1.73746179295682,0,0,0,0,0,0,0,0,0,0,0,0,0,0,0,0,0,0,0,0,1.61221702811303,2.12332013912706,0,0,1.84875186169547,0.512216147040639,0.849283730812611,0,1.10092875442242,0,0,0,0,0,0,0,0,0,0,0,0,0,1.84875186169547
"GTTAAGCCACTATGGG-1","0",2.18472598953586,0,0,0,0,0,0,0,0,0,0,0,0,0,0,0,0,0,0,0,0,0,0.754659660642424,0,0,1.70611990478144,0.754659660642424,0.754659660642424,0.754659660642424,1.89227391409761,0,0,0,0.754659660642424,0,0,0,0,0,0,0,0,0,0.754659660642424
"GTTAATGCAACGGCTA-1","7",1.60867035450976,0,0,0,0,0,0,0,0,0,0,0,0,0,0,0,0,0.954921068153061,0,0,0,0,2.1963716988197,0,0.587360316569078,2.00065018203098,1.2230982052145,0.587360316569078,0,3.04360861146957,0,0,0,0,0,0,0,0,0,0,0,0,0,0.587360316569078
"GTTAATGCATAACGCG-1","1",2.79829197523484,0,0,0,0,0,0,0,0,0,0,0,0,0,0,0,0,0,0,0,0,0,0.85039552527634,0,0.51299499630246,1.47050477055341,0,0.51299499630246,0.51299499630246,1.73906229257603,0,0,0,0,0,0,0,0,0,0,0,0,0,1.47050477055341
"GTTACCAAGATTCCAG-1","3",1.82983567764063,0,0,0,0,0,0,0,0,0,0,0,0,0,0,0,0,0,0,0,0,0,0,0,0,0,0,0,0,0,0,0,0,0,0,0,0,0,0,0,0,0,0,0
"GTTACCCCAAGTTAGC-1","5",1.97970050336683,0,0,0,0,0,0,0,0,0,0,0,0,0,0,0,0,0,0,0,0,0.712996713032222,1.28100029381222,0,0,2.33803536071529,0,0.418741810942864,0.940063324577963,2.2322447616364,0,0,0,0,0,0,0,0,0,0,0,0,0,0.712996713032222
"GTTACCCCATCGAAGT-1","2",0,0,0,0,0,0,0,0,0,0,0,0,0,0,0,0,0,0,0,0,0,0,2.52791645104193,0,0,1.91156841590416,0,0,1.3563103964635,1.3563103964635,0,0,0,0,0,0,0,1.3563103964635,0,0,0,0,0,0
"GTTACCTTCAGCTCGG-1","7",1.44422163534435,0,0,0,0,0,0,0,0,0,0,0,0,0,0,0,0,0,0,0,0,1.07947399146869,1.71090589536375,0,0.499386653863445,1.92123581098267,0.499386653863445,0,0.499386653863445,2.17162457879466,0,0,0,0,0.499386653863445,0,0,0,0,0,0,0,0,2.24285997905817
"GTTACTTCAATATGCA-1","2",2.29277122572167,0,0,0,0,0,0,0,0,0,0,0,0,0,0,0,0,0.636700700540224,0,0,0,0,1.97846569388937,0,0.636700700540224,2.09456079907705,0,0,0,1.51752798101497,0,0,0,0,0,0,0.636700700540224,0,0,0,0,0,0,0
"GTTAGAGGTATTGGGA-1","0",2.4356175523573,0,0,0,0,0,0,0,0,0,0,0,0,0,0,0,0,0,0,0,0,0,1.93959397920102,0,0.911873605370375,2.29595206499963,0,0.911873605370375,1.69871988814155,1.93959397920102,0,0,0,0,0,0,0,0,0,0,0,0,0,0
"GTTAGAGGTTCGTCCT-1","0",0,1.29291860306141,0,0,0,0,0,0,0,0,0,0,0,0,0,0,0,0,0,0,0,0,1.29291860306141,0,1.29291860306141,2.44872826853652,1.29291860306141,0,0,1.29291860306141,0,0,1.83845369408867,0,0,0,0,0,0,0,0,0,0,0
"GTTAGAGGTTGCGACC-1","3",1.11721937174511,0,0,0,0,0,0,0,0,0,0,0,0,0,0,0,0,0,0,0,0,0,0,0,1.11721937174511,2.22195787015575,1.11721937174511,0,0,0,0,0,0,0,0,0,0,0,0,0,0,0,0,1.9697705634872
"GTTAGAGGTTTACTGA-1","2",0.925723476478431,0.925723476478431,0,0,0,0,0,0,0,0,0,0,0,0,0,0,0,0,0,0,0,0.925723476478431,0.925723476478431,0,0,0.925723476478431,0,0,0.925723476478431,1.71758898462066,0,0,0,0,0,0,0,0,0,0,0,0,0,0
"GTTAGATTCCGTGCTC-1","0",1.66154168910295,0,0,0,0,0,0,0,0,0,0,0,0,0,0,0,0,0,0,0,0,0,0,0,0.884789788852023,1.90059899013438,1.66154168910295,0,0,1.34676065446578,0,0,0,0,0,0,0,0,0,0,0,0,0,0
"GTTAGCATCAGTATCG-1","2",1.76227445684048,0,0,0,0,0,0,0,0,0,0,0,0,0,0,0,0,0,0,0,0,0,1.76227445684048,0,0,2.24547777320548,0,0,0.79137045161305,1.76227445684048,0,0,0,0.79137045161305,0,0,0,0,0,0,0,0,0,0
"GTTAGCCAGCGATGGA-1","0",2.53590920424037,0,0,0,0,0,0,0,0,0,0,0,0,0,0,0,0,0.897510837222559,0,0,0,0.897510837222559,0.897510837222559,0,0.897510837222559,1.3627638637097,0,0.897510837222559,1.3627638637097,1.3627638637097,0,0,0,0,0,0,0,0,0,0,0,0,0,0
"GTTAGCCAGTAGGAAC-1","8",2.25422176448418,0,0,0,0,0,0,0,0,0,0,0,0,0,0,0,0,0,0,0,0,0.725606837574797,0,0,0,1.43459709934557,1.14166183978238,0,0.725606837574797,1.14166183978238,0,0,0,0.725606837574797,0,0,0,0,0,0,0,0,0,2.36027458136653
"GTTAGGCTCGCTCATT-1","12",3.1603576132171,0,1.25526860749107,0,0,0,0,1.25526860749107,0,0,0,0,0,0,0,0,0,1.25526860749107,0,0,0,0,1.25526860749107,0,0,0,0,0,0,0,0,0,0,0,0,0,0,0,0,0,0,0,0,0
"GTTAGGCTCTAGTCTC-1","6",0,0,0,0,0,0,0,0,0,0,0,1.20556181246512,0,0,0,0,0,1.20556181246512,0,0,0,0,0,0,0,2.08142740764407,0,0,0,0,0,0,0,0,0,0,0,0,0,0,0,0,0,4.80900027004849
"GTTAGTTAGTGATTAC-1","3",0,0,0,0,0,0,0,0,0,0,0,0,0,0,0,0,0,0,0,0,0,0,0,0,0,0,0,0,2.37106003102387,0,0,0,2.37106003102387,0,0,0,0,0,0,0,0,0,0,2.37106003102387
"GTTATCAGTTCAAGGA-1","0",1.50457018010423,0,0,0,0,0,0,0,0,0,0,0,0,0,0,0,0,0,0,0,0,0,1.50457018010423,0,0,2.62766888836154,0.773531071784562,0.773531071784562,0,1.50457018010423,0,0,0.773531071784562,0,0,0,0,0,0,0,0,0,0,0
"GTTATCCTCCCTGTGC-1","0",1.83046356461877,0,0,0,0,0,0,0,0,0,0,0,0,0,0,0,0,0.914778404623819,0,0,0,0.914778404623819,0.914778404623819,0,0.914778404623819,1.55615423821237,0,0.558535787616585,0,1.38440359442191,0,0,0,0,0.558535787616585,0,0,0,0,0,0,0,0,0
"GTTCAATAGTAGTCAT-1","2",2.69344689757218,0,0,0,0,0,0,0,0,0,0,0,0,0,0,0,0,0,0,0,0,0.928769968544593,0.928769968544593,0,0.928769968544593,1.72172689751885,0.928769968544593,0,1.96369032256822,1.96369032256822,0,0,0,0,0,0,0,0,0,0,0,0,0,0
"GTTCAATAGTCGATTG-1","3",3.08692335087834,0,0,0,0,0,0,0,0,0,0,0,0,0,0,0,0,2.43840737755515,0,0,0,0,0,0,1.82895755035911,1.82895755035911,0,0,0,0,0,0,0,0,0,0,0,0,0,0,0,0,0,0
"GTTCACAAGGTAGGTG-1","9",0,2.00508635684779,0,0,0,0,0,0,0,0,0,0,0,0,0,0,0,0,0,0,0,0,0,0,0,0,0,0,0,0,0,0,0,0,0,0,0,0,0,0,0,0,0,0
"GTTCACTTCATCAAGT-1","15",0,0,0,0,0,0,0,0,0,0,0,0,0,0,0,0,0,0,0,0,0,0,1.65136170177821,0,0,3.66167975070079,0,0,0,0,0,0,0,0,0,0,0,0,0,0,0,0,0,1.65136170177821
"GTTCAGGCACATGCAG-1","3",2.8896794332312,0,0,0,0,0,0,0,0,0,0,0,0,0,0,0,0,0,0,0,0,0,0,0,0,0,0,0,0,0,0,0,0,0,0,0,0,0,0,0,0,0,0,0
"GTTCATGAGCATATAC-1","9",0,0,0,0,0,0,0,0,0,0,0,0,0,0,0,0,0,0,1.86770977587311,0,0,0,0,1.86770977587311,0,0,0,0,0,0,0,0,0,0,0,0,0,0,0,0,0,0,1.86770977587311,1.86770977587311
"GTTCATTCAATCCCGT-1","5",1.87487166674111,0,0,0,0,0,0,0,0,0,0,0,0,0,0.743838615791974,0,0,1.16564548751512,0,0,0,1.68935492645687,1.68935492645687,0,0,2.39205719203828,0.743838615791974,0.743838615791974,0,0.743838615791974,0,0,0,0,0,0,0,0,0,0,0,0,0,0
"GTTCATTCACATGAAC-1","0",1.44689986558446,0,0,0,0,0,0,0,0,0,0,0,0,0,0,0,0,1.44689986558446,0,0,0,1.44689986558446,2.01488135418254,0,0,1.44689986558446,0,0.965065420120255,0.965065420120255,0.965065420120255,0,0,0,0,0,0,0,0,0,0,0,0,0,0.965065420120255
"GTTCCAAAGTGCCAGT-1","12",0,0,0,0,0,0,0,0,0,0,0,0,0,0,0,0,0,0,0,0,0,0,0,0,0,0,0,0,0,0,0,0,0,0,2.74308805784308,0,0,0,0,0,0,0,0,0
"GTTCCACCATTAGGCG-1","4",2.14255959192481,0,0.429982122780624,0,0,0,0,0.729700919250106,0,0,0,0,0,0,0,0,0,0.429982122780624,0,0,0,0,0.959997569503552,0,0,1.30458260977915,0,0.429982122780624,0,0.959997569503552,0,0,0,0,0,0,0,0,0,0,0,0,0.429982122780624,0
"GTTCCAGGTCAATCGT-1","6",1.43557233761321,1.43557233761321,0,0,0,0,0,0,0,0,0,0,0,0,0,0,0,2.36143382682417,0,0,0,0,0,0,0,2.36143382682417,0,0,0,0,0,0,0,0,0,0,0,0,0,0,0,0,0,4.01520824622736
"GTTCCAGGTGGGTTGG-1","4",2.38333796595638,0.563609101752112,0,0,0,0,0,0,0,0,0,0,0,0,0,0,0,0.563609101752112,0,0,0,0.563609101752112,1.18509783140961,0,0,1.8403934143781,0,0,0.921876916854421,2.05579162904361,0,0,0,0,0,0,0,0,0,0,0,0,0,1.39327223007404
"GTTCCGGAGGATCATT-1","0",1.96990328815778,0,0,0,0,0,0,0,0,0,0,0,0,0,0,0,0,0,0,0,0,0.93314618055636,0,0,0.93314618055636,2.32776290968996,0,0.93314618055636,0.93314618055636,1.40731965151014,0,0,0,0,0,0,0,0,0,0,0,0,0,0
"GTTCCGGAGTAGCGTC-1","0",2.49168034672285,0,0,0,0,0,0,0,0,0,0,0,0,0,0,0,0,1.16823537917702,0,0,0,0,1.16823537917702,0,0,2.03456657545104,0,0,0,0,0,0,0,0,0,0,0,0,0,0,0,0,0,0
"GTTCGAATCCATCACT-1","3",1.77102248700178,0,0,0,0,0,0,0,0,0,0,0,0,0,0,0,0,0,0,0,0,0,0,0,0,2.11809586296276,0,0,0,0,0,0,0,0,0,0,0,0,0,0,0,0,0,0
"GTTCGATGTGATCCCA-1","0",1.86095342657935,0,0,0,0,0,0,0,0,0,0,0,0,0,0,0,0,0,0,0,0,1.03316838041573,1.03316838041573,0,0,2.30755012237667,0,0,0,0,0,0,0,0,0,0,0,0,0,0,0,0,0,0
"GTTCGCCTCACTCAGA-1","2",2.23143736533837,0,0,0,0,0,0,0,0,0,0,0,0,0,0,0,0,0,0,0,0,0,2.60045493054533,0,0,2.23143736533837,0,0.605039366125648,0.605039366125648,2.39570119441429,0,0,0,0,0,0,0,0,0,0,0,0,0,0
"GTTCGTTTCTGTGGAC-1","1",1.07441126367457,0,0,0,0,0,0,0,0,0,0,0,0,0,0,0,0,0,0,0,0,0.67505154134594,2.26977341622356,0,0,1.91468558910038,1.76141555362076,0.67505154134594,1.07441126367457,2.04755598914589,0,0,0,0,1.07441126367457,0,0,0,0,0,0,0,0,0.67505154134594
"GTTCTAAGTGAGGAAG-1","10",0,0,2.36579551251775,2.36579551251775,0,0,0,0,0,0,0,0,0,0,0,0,0,2.36579551251775,2.36579551251775,0,0,0,0,2.36579551251775,0,0,0,0,0,0,0,0,0,0,0,0,3.01086811188981,0,0,0,0,0,0,0
"GTTCTCACAGCCAAGC-1","6",1.56668709405614,0,0,0,0,0,0,0,0,0,0,0,0,0,0,0,0,0,0,0,0,0,0,0,0,0,0,0,0,0,0,0,0,0,0,0,0,0,0,0,0,0,0,4.23748499736274
"GTTCTCACATTACCTG-1","2",1.84635085594069,0,0,0,0,0,0,0,0,0,0,0,0,0,0,0,0,0,0,0,0,1.02204963832304,2.09378056442367,0,1.29973568864321,2.19777785502657,0,0,0.636281716570124,1.97769895088461,0,0,0,0.636281716570124,0,0,0,0,0,0,0,0,0,0
"GTTGATTAGCGAGTAG-1","11",0,1.29464731017615,0,0,0,0,0,0,0,0,0,0,0,0,0,0,0,0,0,0,0,0,0,0,0,2.82721013683314,0,0,0,0,0,0,1.29464731017615,0,0,0,0,0,0,0,0,0,0,1.29464731017615
"GTTGCATGTTTACAGC-1","1",1.76732239392645,0,0,0,0,0,0,0,0,0,0,0,0,0,0,0,0,0,0,0,0,0,1.76732239392645,0,0,2.0113687032172,0,0,0,2.20738657551003,0,0,0,0,0,0,0,0,0,0,0,0,0,1.44380111657636
"GTTGCCAGTCCCGAGT-1","0",1.0295679914014,0,0,0,0,0,1.0295679914014,0,0,0,0,0,0,0,0,0,0,0,0,0,0,0,0,0,0,1.0295679914014,1.0295679914014,0,0,0,0,0,0,0,0,0,0,0,0,0,0,0,0,0
"GTTGCCCTCCGTAAGC-1","7",1.84052568995836,0.341943459627241,0,0,0,0,0,0,0,0,0,0,0,0,0,0,0,0,0,0,0,0.341943459627241,2.07072516117029,0,0.341943459627241,1.9622348259154,0.341943459627241,0,0.798876579209621,2.69875001829548,0,0,0,0,0,0,0,0,0,0,0,0,0,0.967258644128511
"GTTGCCCTCTGGTCGG-1","6",0,1.51206053379658,1.51206053379658,0,0,0,0,0,0,0,0,0,0,0,0,0,0,2.08841810464014,0,0,0,0,0,0,0,2.45171206173314,0,0,0,0,0,0,0,0,0,0,0,0,0,0,0,0,0,4.56927181196412
"GTTGCCCTCTGTGCCC-1","3",2.92346442748101,0,1.16337085601627,0,0,0,0,0,0,0,0,0,0,0,0,0,0,0,0,0,0,0,0,0,0,1.16337085601627,0,0,0,1.16337085601627,0,0,0,0,0,0,0,0,0,0,0,0,0,0
"GTTGCCTCATGCTGTC-1","0",2.03543401562026,0,0,0,0,0,0,0,0,0,0,0,0,0,0,0,0,0,0,0,0,0,2.03543401562026,0,0.605379202187472,2.77102760416242,0.979788778461507,0,1.25157376630979,2.13859694338772,0,0,0,0,0,0,0,0,0,0,0,0,0,0.979788778461507
"GTTGCGCGTCTAATTG-1","9",0,0,0,0,0,0,0,0,0,0,0,0,0,0,0,0,0,2.23062151051123,0,0,0,2.23062151051123,0,0,0,0,0,0,0,0,0,0,0,0,0,0,0,0,0,0,0,0,0,0
"GTTGCTGGTGGACCCT-1","5",1.7982892026102,0,0,0,0,0,0,0,0,0,0,0,0,0,0,0,0,0.697070134844117,0,0,0,1.10383948191318,1.61570727348233,0,0,2.897768909762,1.10383948191318,0,1.10383948191318,1.61570727348233,0,0,0,0,0,0,0,0,0,0,0,0,0,0.697070134844117
"GTTGCTGGTTAGTACC-1","0",0.996135052786138,0,0.6172904734921,0,0,0,0,0.996135052786138,0,0,0,0,0,0,0,0,0,0,0,0,0,0.6172904734921,1.27023631192739,0,0,2.6252822204202,0.6172904734921,1.48514195378036,0.6172904734921,1.48514195378036,0,0,0,0,0,0,0,0,0,0,0,0,0,0
"GTTGGTTGTTGTAGAG-1","10",2.3501999032919,1.74812676048036,0,0,0,0,0,0,0,0,0,0,0,0,0,0,0,0,0,0,3.2075788571562,0,0,1.74812676048036,0,0,0,0,0,0,0,0,0,0,0,0,0,0,0,0,0,0,0,0
"GTTGTGATCACATGGC-1","0",0.863466109988969,0,0,0,0,0,0,0,0,0,0,0,0,0,0,0,0,0.863466109988969,0,0,0,0.863466109988969,0.863466109988969,0,0.863466109988969,2.36081260053634,0,0,0,1.63200096961803,0,0,0,0,0,0.863466109988969,0,0,0,0,0,0,0,0
"GTTGTGATCGTGAGAG-1","0",2.96233133975661,0,0,0,0,0,0,0,0,0,0,0,0,0,0,0,0,0,0,0,0,0.927659672153522,0,0,0.927659672153522,0.927659672153522,0,0,0,0,0,0,0,0,0,0,0,0,0,0,0,0,0,0
"TAAACGGGTTAGCACT-1","0",1.31640896555967,0,0,0,0,0,0,0,0,0,0,0,0,0,0,0,0,0,0,0,0,0.520281188183429,1.11432225423592,0,1.11432225423592,2.35660058655895,1.31640896555967,1.48444219563099,0,2.05732460863118,0,0,0,0,0,0,0,0,0,0,0,0,0,0
"TAAACGTTCGAATGGG-1","1",1.42301346208277,0,0,0,0,0,0,0,0,0,0,0,0,0,0,0,0,0,0,0,0,1.42301346208277,1.74473939107493,0,0.945773084438662,2.60995399168809,0.945773084438662,0,0,2.34648894787362,0,0,0,0,0,0,0,0,0,0,0,0,0,0.945773084438662
"TAAATCGCAAGCACTG-1","2",2.06883920025034,0,0,0,0,0,0,0,0,0,0,0,0,0,0,0,0,0,0,0,0,1.326080270515,1.63887585171395,0,0,1.63887585171395,0,0,0,1.63887585171395,0,0,0,0,0,0,0,0,0,0,0,0,0,0
"TAAATCGCATCACAGG-1","0",2.04721178371873,0.515590614206431,0,0,0,0,0,0,0,0,0,0,0,0,0,0,0,0.515590614206431,0,0,0,0.515590614206431,1.10654137200533,0,0.515590614206431,1.95609318492501,0,0.854098059477802,0,0,0,0,0,0.515590614206431,0,0,0.515590614206431,0,0,0,0,0,0,0.515590614206431
"TAAATCGCATGAGTGT-1","0",1.443059721887,0,0,0,0,0,0,0,0,0,0,0,0,0,0,0,0,0,0,0,0,0,0,0,0,2.93305674246113,0.961957881533756,0,0,0,0,0,0,0,0,0,0,0,0,0,0,0,0,0.961957881533756
"TAAATGCTCAGCCATA-1","11",0,0,0,0,0,0,0,0,0,0,0,0,0,0,0,0,0,0,0,0,0,0,0,0,0,2.46457402730856,1.30552294977788,0,0,0,0,0,0,0,0,0,0,0,0,0,0,0,0,1.85304836424335
"TAAATGCTCCGCAGAT-1","7",1.68654020264691,0,0,0,0,0,0,0,0,0,0,0,0,0,0,0,0,1.68654020264691,0,0,0,0.902970787159965,2.12041608434106,0,0,1.92682689244767,0,0,0,2.75169759750825,0,0,0,0,0,0,0,0,0,0,0,0,0,0
"TAAATGCTCCTCACGC-1","1",1.65332290576267,0,0,0,0,0,0,0,0,0,0,0,0,0,0,0,0,1.13531555835948,0,0,0,1.13531555835948,1.54676901219847,0,0.423985124753581,2.18836129814541,0.72080015199541,0.949383705251185,0.72080015199541,0.949383705251185,0,0,0,0.423985124753581,1.13531555835948,0,0,0,0,0,0,0,0,0.423985124753581
"TAACACTAGCGCTCTC-1","1",1.77257554300503,0,0.966475920682752,0,0,0,0,0,0,0,0,0,0,0,0,0,0,0.966475920682752,0,0,0,0,2.01685551058656,0,1.44864196603702,2.01685551058656,0.966475920682752,0,0,2.01685551058656,0,0,0,0,0,0,0,0,0,0,0,0,0,1.77257554300503
"TAACACTAGTAAGTTC-1","2",1.6509361024166,0,0,0,0,0,0,0,0,0,0,0,0.719284648319506,0,0,0,0,0,0,0,0,1.13331260399843,2.53231530719311,0,1.13331260399843,0,0.719284648319506,0.719284648319506,0.719284648319506,1.6509361024166,0,0,0,0,0,0,0,0,0,0,0,0,0,0
"TAACCAACAACTAATG-1","12",3.41198937790146,1.64661018821537,0,0,0,0,0,0,0,0,0,0,0,1.98568545318896,0,0,0,1.12968435118991,0,0,0,0,0,0,0,1.12968435118991,0,0,0,1.12968435118991,0,0,1.64661018821537,0,0,0,0,1.12968435118991,1.98568545318896,0,0,0,0,0
"TAACCAACACATAGTA-1","2",2.03139431113894,0,0,0,0,0,0,0,0,0,0,0,0,0,0,0,0,0,0,0,0,1.46148417819056,1.63713942896479,0,0,2.39215750263274,0,1.24825749503244,0.97688807510019,1.78650110601998,0,0,0,0,0,0,0,0,0,0,0,0,0,0
"TAACCATAGGTACTAT-1","0",1.48905107788722,0,0,0,0,0,0,0,0,0,0,0,0,0,0,0,0,0.999323498649759,0,0,0,1.48905107788722,0.999323498649759,0,0.619619989837543,1.81634322825567,0.619619989837543,0,0.999323498649759,0.999323498649759,0,0,0,0,0,0,0,0,0,0,0,0,0,0
"TAACGAGGTGGCGACA-1","0",1.74982658306732,0,0,0,0,0,0,0,0,0,0,0,0,0,0,0,0,0,0,0,0,0,0,0,1.42769296008964,1.99308537126571,0.949545584229791,0.949545584229791,0.949545584229791,0,0,0,0,0,0,0,0,0,0,0,0,0,0,0
"TAACGAGGTTCCGTCT-1","4",2.32659439205111,0,0,0,0,0,0,0,0,0,0,0,0,0,0,0,0,0,0,0,0,0.6545621835882,0,0,0.6545621835882,0.6545621835882,0,1.32784381158099,0,1.87882347857363,0,0,0,0,0,0,0,0,0,0,0,0,0,1.32784381158099
"TAACGGCTCTAGTACG-1","0",1.84852643060094,0,0.849130621495873,0,0,0,0,0,0,0,0,0,0,0,0,0,0,0.849130621495873,0,0,0,0,0,0,0,2.03966957977364,1.84852643060094,0,0,0,0,0,0,0,0,0,0,0,0,0,0,0,0,0
"TAACTAGCACTTGGTC-1","2",1.70137722457899,0,0,0,0,0,0,0,0,0,0,0,0,0,0,0,0,0,0,0,0,0,1.52283223181807,0,0.639903716390138,1.70137722457899,1.52283223181807,0,0.639903716390138,1.52283223181807,0,0,0,0,0.639903716390138,0,0,0,0,0,0,0,0,0
"TAACTCCTCACTCTCG-1","1",1.72982264031377,0,0,0,0,0,0,0,0,0,0,0,0,0,0,0.57282845518295,0,0.57282845518295,0,0,0,1.40930321104762,1.97216318304985,0,0,1.85831613503407,0,0,0,2.33013285941581,0,0,0,0,0,0,0,0,0,0,0,0,0,1.72982264031377
"TAACTCCTCGATCAAT-1","2",2.11205139283741,0,0,0,0,0,0,0,0,0,0,0,0,0,0,0,0,0,0,0,0,1.12355379337347,2.33611120661822,0,0,1.97786501263873,0,0,0.711911386163643,1.97786501263873,0,0,0,0,0,0,0,0,0,0,0,0,0,0.711911386163643
"TAACTCCTCGCTCATT-1","6",0,0,1.06973549262296,0,0,0,0,0,0,0,0,0,0,0,0,0,0,0,0,0,0,0,0,0,0,1.06973549262296,0,0,0,1.06973549262296,0,0,1.06973549262296,1.06973549262296,0,0,0,0,0,0,0,0,0,3.62107054545252
"TAACTGACACTTGATT-1","9",0,0,0,0,1.84224255763287,0,0,0,0,0,0,0,0,0,0,0,0,0,0,0,0,0,0,0,0,0,0,0,0,0,0,0,0,0,0,0,0,0,0,0,0,0,0,0
"TAAGCAAAGGAGGACC-1","0",1.92557462120824,0,0.902099400758166,0,0,0,0,0,0,0,0,0,0,0,0,0,0,0.902099400758166,0,0,0,0,1.68534593336784,0,0.902099400758166,2.2812218520598,0.902099400758166,0,0,1.68534593336784,0,0,0,0,0,0,0,0,0,0,0,0,0,1.3685235046173
"TAAGCAGGTTATGACC-1","2",1.94255765549391,0,0,0,0,0,0,0,0,0,0,0,0,0,0,0,0,0.786325256171324,0,0,0,0.786325256171324,2.23721428680343,0,0,2.10069975200186,0.786325256171324,0,1.75462121450951,1.52299577769414,0,0,0,0,0,0,0,0,0,0,0,0,0,0
"TAAGCCTGTAGCCTGC-1","0",1.19165516190869,0,0,0,0,0,0,0,0,0,0,0,0,0,0,0,0,0,0,0,0,0.567683416745173,0.567683416745173,0,0.927567275737277,2.06402063486034,0.567683416745173,0.567683416745173,0,0,0,0,0,0,0,0,0.567683416745173,0,0,0,0,0,0,0
"TAAGCCTGTGAGGTCG-1","6",0,0,0,0,0,0,0,0,0,0,0,0,0,0,0,0,0,0,0,0,0,0,0,0,0,0,0,0,0,0,0,0,0,0,0,0,0,0,0,0,0,0,0,3.05940545086189
"TAAGCGAGTCATCGCA-1","7",1.9485074973579,0,0,0,0,0,0,0,0,0,0,0,0,0,0,0,0,0,0,0,0,0.560915305363755,1.38856740957897,0,0,1.70722752549331,0,1.38856740957897,1.18075337823659,1.83512693114287,0,0,0,0,0,0,0,0,0,0,0,0,0,0
"TAAGCGCTCAGTAGTT-1","0",2.27519460608744,0,0,0,0,0,0,0,0,0,0,0,0,0,0,0,0,0,0,0,0,0,0,0,0,1.67987888376149,0,0,0,1.15765230735293,0,0,0,0,0,0,0,0,0,0,0,0,0,0
"TAAGCGGAGGCATGTC-1","0",1.9607996208036,0,0,0,0,0,0,0,0,0,0,0,0,0,0,0,0,0,0,0,0,1.3993347278669,0.926736593892474,0,0,2.15539022231788,0.926736593892474,0,0,2.15539022231788,0,0,0,0,0,0,0,0,0,0,0,0,0,0
"TAAGGATGTCATTCGG-1","8",1.2226190116,0,0,0,0,0,0,0,0,0,0,0,0,0,0,0,0,0,0,0,0,0.787563880527983,0,0,0.787563880527983,2.56343684668245,0.787563880527983,0,0.787563880527983,1.2226190116,0,0,0,1.2226190116,1.5247741050269,0,0,0,0,0,0,0,0,2.10269547760437
"TAAGGATGTCCATATA-1","7",2.16653341517194,0,0.497131043109233,0,0,0,0,0,0,0,0,0,0,0,0,0,0,0,0,0,0,0.827676272123092,1.27424255217057,0,0.497131043109233,1.91633147467991,0,0.497131043109233,0.827676272123092,2.16653341517194,0,0,0,0.497131043109233,0,0,0,0,0,0,0,0,0,0
"TAAGGATGTTAGAGAT-1","9",2.56864963920439,0,0,0,0,0,0,0,0,0,0,0,0,0,0,0,0,0,0,0,0,0,0,0,0,0,0,0,0,0,0,0,0,1.94934657855389,0,0,0,0,0,0,0,0,0,0
"TAAGGCGAGATTAGTC-1","9",0,0,0,0,0,0,0,0,0,0,0,0,0,0,0,0,0,2.48298383639514,0,0,0,0,0,0,0,0,0,0,0,0,0,0,0,0,0,0,0,0,0,0,0,0,0,0
"TAAGGCTCAATACAGC-1","11",1.0363265935987,0,1.0363265935987,0,0,0,0,0,0,0,0,0,0,0,0,0,0,1.0363265935987,0,0,0,0,0,0,1.53421562797288,2.61972177609483,0,0,0,0,0,0,0,0,0,0,0,0,0,0,0,0,0,0
"TAATCAGCAAACTGCG-1","0",2.58834223703624,0,0,0,0,0,0,0,0,0,0,0,0,0,0,0,0,0,0,0,0,0,1.40534255609059,0,0,1.96765013569172,0,1.96765013569172,0,0,0,0,0,0,0,0,0,0,0,0,0,0,0,0
"TAATCAGCATAAGCGT-1","7",0.684851655998466,0,0,0,0,0,0,0,0,0,0,0,0,0,0,0,0,0.684851655998466,0,0,0,1.0875362260689,1.0875362260689,0,0,2.18242906305262,0,0,1.37382512484525,2.28760324247949,0,0,0,0,0.684851655998466,0,0,0,0,0,0,0,0,0
"TAATCCCTCACCCTAT-1","1",2.14041918358678,0,0.559787270401761,0,0,0,0,0,0,0,0,0,0,0,0,0,0,0,0,0,0,0.559787270401761,0.559787270401761,0,0.559787270401761,1.83291754172156,1.3865944361409,0.559787270401761,0.559787270401761,2.04804130915138,0,0,0,0,0,0,0,0,0,0,0,0,0,1.55846048399567
"TAATCCCTCGAGGTCT-1","0",2.04925127108574,0,0,0,0,0,0,0.754719371402802,0,0,0,0,0,0,0,0,0,0,0,0,0,1.17989394452063,0.754719371402802,0,0,1.89236962363037,0.754719371402802,0.754719371402802,0,1.47728696437742,0,0,0,0,0,0,0,0,0,0,0,0,0,0.754719371402802
"TAATCCCTCTAATCCC-1","4",1.9941436648147,0,0.455461457830455,0,0,0,0,0,0,0,0,0,0,0,0,0,0,0.455461457830455,0,0,0,1.00455896262885,1.49546381293854,0,1.00455896262885,1.91235467801987,0.455461457830455,0,0.455461457830455,1.82327557732498,0,0,0,0,0.455461457830455,0,0,0,0,0,0,0,0,2.26732192436728
"TAATCCTCATAGGTCG-1","9",0,0,0,0,0,0,0,0,0,0,0,0,0,0,0,0,0,0,0,0,0,0,0,0,0,2.79345838500717,0,0,0,1.81033167280907,0,0,0,0,0,0,0,0,0,0,1.81033167280907,0,0,0
"TAATGAGAGCGATGGA-1","2",2.4795256529978,0,0,0,0,0,0,0,0,0,0,0,0,0,0,0,0,0,0,0,0,0,1.23259922757642,0,0.795282574001593,2.11509833613835,0.795282574001593,1.23259922757642,0,1.7681952193919,0,0,0,0,0,0,0,0,0,0,0,0,0,0
"TAATGAGAGTACCAGC-1","4",2.67393210963042,0,0.461732027614202,0,0,0,0,0,0,0,0,0,0,0,0,0,0,0,0,0,0,1.01539735674256,1.3696821674051,0,0,1.63075706688697,0,0,1.01539735674256,2.22088471262706,0,0,0,0,0,0,0.461732027614202,0,0,0,0,0,0,0
"TAATGGGGTCAAGGGT-1","4",1.91065683325162,0,0,0,0,0,0,0,0,0,0,0,0,0,0,0,0,0,0,0,0,1.24343707545117,0,0,0,1.24343707545117,0,0,1.24343707545117,1.63169214118306,0,0,0,0.60021121577195,0,0,0,0,0,0,0,0,0,0
"TAATGGTTCACCATAG-1","0",2.02526011107835,0,0.839675901027929,0,0,0,0,0,0,0,0,0,0,0,0,0,0,0,0,0,0,0.839675901027929,0,0,0,2.82062839028667,0.839675901027929,0,0.839675901027929,2.32330049612018,0,0,0,0,0.839675901027929,0,0,0,0,0,0,0,0,0.839675901027929
"TAATGGTTCATGCAGC-1","7",1.9178666953525,0,0,0,0,0,0,0,0,0,0,0,0,0,0,0,0,0,0,0,0,0.638319127799476,1.30288216604116,0,0.369249092162816,1.61339630108448,0.850126878808458,0.369249092162816,1.02481921096723,1.98142492462602,0,0,0.369249092162816,0.638319127799476,0.638319127799476,0,0,0,0,0,0,0,0,1.30288216604116
"TAATGTCAGCGAGGAC-1","0",1.96485724893938,0,0.629286079179881,0,0,0,0,0,0,0,0,0,0,0,0,0,0,0,0,0,0,1.28890526055261,1.96485724893938,0,0.629286079179881,1.96485724893938,0,0,1.01252455216137,1.28890526055261,0,0,0,0.629286079179881,0,0,0,0,0,0,0,0,0,0.629286079179881
"TAATTCCCAACATACA-1","4",1.84454461335803,0,0.565737316301389,0,0,0,0,0,0,0,0,0,0,0,0,0,0,0.565737316301389,0,0,0,0.565737316301389,0,0,0.565737316301389,1.56939221091629,0,0,0.565737316301389,1.56939221091629,0,0,0,0,0,0.565737316301389,0,0,0,0,0,0,0,1.18852507777843
"TAATTCCCACCAATCC-1","3",0,0,0,0,0,0,0,0,0,0,0,0,0,0,0,0,0,0,0,0,0,1.77569188836057,0,0,0,0,0,0,0,0,0,0,0,0,0,0,0,0,0,0,0,0,0,0
"TACAACTAGTAAGTTC-1","1",1.41240820671279,0,0.57462138135221,0,0,0,0,0,0,0,0,0,0,0,0,0,0,0,0,0,0,0,1.20278411768455,0,0,2.07795546246933,0.57462138135221,0.57462138135221,0.57462138135221,2.25560205343488,0,0,0,0,0,0,0.57462138135221,0,0,0,0,0,0,1.41240820671279
"TACAACTAGTTAGTAC-1","2",1.98249498231865,0,0,0,0,0,0,0,0,0,0,0,0,0,0,0,0,0,0.393124457229825,0,0,0.674578621001465,1.47504201325404,0,0.393124457229825,1.22612967884138,0,0,0.674578621001465,1.57956043102444,0,0,0,0.393124457229825,0,0,0,0,0,0,0,0,0,0
"TACAAGCCATCCCGAT-1","12",3.46597812152442,0,0,0,0,0,0,0,0,0,0,0,0,0,0,0,0,0,0,0,0,0,0,0,0,0,0,0,0,0,0,0,0,0,0,0,0,0,0,0,0,0,0,0
"TACAAGCCATGCTCCG-1","3",3.24757958543442,0,0,0,0,0,0,0,0,0,0,0,0,0,0,0,0,0,0,0,0,0,0,0,0,0,0,0,0,0,0,0,0,0,0,0,0,0,0,0,0,0,0,0
"TACAAGGGTTGGAAGC-1","11",0,0,1.54254367760407,0,0,0,0,0,0,0,0,0,0,0,0,0,0,1.54254367760407,0,0,0,0,0,0,0,3.41482953045221,0,0,0,0,0,0,0,0,0,0,0,0,0,0,0,0,0,0
"TACACAACAGTACCCT-1","0",2.42000376355257,0,0,0,0,0,0,0,0,0,0,0,0,0,0,0,0,0.760073558878511,0,0,0,0,0,0,0,2.05803927498675,0.760073558878511,0.760073558878511,1.186887792441,1.71447050547872,0,0,0,0,0,0,0,0,0,0,0,0,0,0
"TACACCTTCCAGGCCA-1","2",1.90521073610303,0,0,0,0,0,0,0,0,0,0,0,0,0,0,0,0,0,0,0,0,1.06710141711016,1.90521073610303,0,0.669607602435825,1.75221325179457,0.669607602435825,0,0,1.06710141711016,0,0,0,0,0,0,0,0,0,0,0,0,0,0
"TACACTAGTTAGCGAA-1","0",2.08409291695351,0,0,0,0,0,0,0,0,0,0,0,0,0,0,0,0,0.878572056880504,0,0,0,0.878572056880504,1.89158039095157,0,0,1.89158039095157,0.878572056880504,0,0.878572056880504,0.878572056880504,0,0,0,0,0,0,0.878572056880504,0,0,0,0,0,0,0
"TACACTAGTTGGGACG-1","8",1.69097711722387,0,0,0,0,0,0,0,0,0,0,0,0,0,0,0,0,0,0,0,0,0,1.93147865920373,0,0,2.12520704909252,1.37367823831072,0,0,1.69097711722387,0,0,0,0,1.37367823831072,0,0,0,0,0,0,0,0,2.5493990784179
"TACACTTCAGCATGAT-1","0",2.28636707631473,0,1.37279767867582,0,0,0,0,0,0,0,0,0,0,0,0,0,0,0.905507998099365,0,0,0,0.905507998099365,0,0,0.905507998099365,2.54831201588915,0,0.905507998099365,0.905507998099365,1.93047041241648,0,0,0,0,0,0,0,0,0,0,0,0,0,0.905507998099365
"TACAGCCAGAAGGAGA-1","2",1.90950843159278,0,0,0,0,0,0,0,0,0,0,0,0,0,0,0,0,0,0,0,0,0.765446447417648,0,0,0,2.42918126895026,0,0.765446447417648,0.765446447417648,2.06682782355128,0,0,0,0,0,0,0,0,0,0,0,0,0,0
"TACAGCCAGCGCATGT-1","1",1.79839733648116,0,0,0,0,0,0,0,0,0,0,0,0,0,0,0,0,0,0,0,0,0,1.79839733648116,0,0.542320942009336,2.10412712991149,0.542320942009336,0.542320942009336,0.89199331802026,2.94443140025098,0,0,0,0,0,0,0,0,0,0,0,0,0,1.15056655927319
"TACAGCGCAAACTTAG-1","8",1.6813898504162,0,0.738720088716841,0,0,0,0,0,0,0,0,0,0,0,0,0,0,0,0,0,0,0,1.45389783447399,0,0,2.15788092621811,0,0,0.738720088716841,1.86659991395168,0,0,0,0,0,0,0,0,0,0,0,0,0,2.85640234673483
"TACAGCGCAACATCGG-1","0",2.01503784724201,0,0.543680687584582,0,0,0,0,0,0,0,0,0,0,0,0,0,0,0,0,0,0,0.543680687584582,0,0,0.893909805289157,2.40808717620945,0.893909805289157,0.543680687584582,0,1.52859068204721,0,0,0,0.543680687584582,0,0,0,0,0,0,0,0,0,0
"TACAGGCTCACGCTAA-1","0",2.51611848547508,0,0,0,0,0,0,0,0,0,0,0,0,0,0,0,0,0.759891784771456,0,0,0,0.759891784771456,1.18665053983267,0,0.759891784771456,0.759891784771456,1.90064738551185,1.71419052741374,0.759891784771456,0.759891784771456,0,0,0,0.759891784771456,0,0,0,0,0,0,0,0,0,0
"TACAGGCTCAGCGACT-1","8",1.45264239341659,0,0,0,0,0,0,0,0,0,0,0,0,0,0,0,0,0,0,0,0,1.45264239341659,1.45264239341659,0,0,1.77691506007952,1.45264239341659,0,0,1.45264239341659,0,0,0,0.969716655632822,0,0,0,0,0,0,0,0,0,0
"TACAGGCTCATCGAAT-1","1",2.21643074497069,0,0,0,0,0,0,0,0,0,0,0,0,0,0.412710717374402,0,0,0,0,0,0,0.412710717374402,1.40252377381008,1.89009336336005,0,2.62268816013463,0.412710717374402,0.9292952651569,0.703996002014506,2.21643074497069,0,0,0,0,0.412710717374402,0,0,0,0,0,0,0,0,0.703996002014506
"TACATAGCAGCTAAGT-1","0",2.08872796715104,0,0,0,0,0,0,0,0,0,0,0,0,0,0,0,0,0,0,0,0,0,0,0,1.01836321611125,2.08872796715104,1.01836321611125,0,0,1.01836321611125,0,0,0,0,0,0,0,0,0,0,0,0,0,0
"TACATCAGTAATGACG-1","4",1.97229632878548,0,0,0,0,0,0,0,0,0,0,0,0,0,0,0,0,0,0,0,0,1.11919474684957,1.97229632878548,0,0.415809290962288,1.72994988421238,0.415809290962288,0.415809290962288,1.11919474684957,1.63408650969455,0,0,0,0,0,0,0,0,0,0,0,0,0,1.89785444055198
"TACATCCTCCTTAACC-1","1",1.4028705865657,0,0,0,0,0,0,0,0,0,0,0,0,0,0,0,0,0.704228471200484,0,0,0,0.704228471200484,1.96483213473832,0,0,2.72863694153252,1.4028705865657,0.704228471200484,0.704228471200484,0.704228471200484,0,0,0,0,0,0,0,0,0,0,0,0,0,2.65954010402805
"TACCAAGTCAGCCAGT-1","0",1.49499401587076,0.623168537781704,0,0,0,0,0,0.623168537781704,0,0,0,0,0,0,0,0,0,0,0,0,0,1.27940000327208,1.00417520334744,0,0,2.50493450253312,0.623168537781704,0,0,1.27940000327208,0,0,0,0,0,0,0,0,0,0,0,0,0,0
"TACCAAGTCGTCTCCA-1","0",2.54575511044141,0.985435819221398,0,0,0,0,0,0,0,0,0,0,0,0,0,0,0,0,0,0,0,0.985435819221398,1.79789685388939,0,0,0.985435819221398,0,0,0,0.985435819221398,0,0,0,0,0,0,0,0,0,0,0,0,0,0
"TACCACAAGTAATCAC-1","2",1.80490026278911,0,0,0,0,0,0,0,0,0,0,0,0,0,0,0,0,0,0,0,0,0,0.819709903868375,0,0,1.9945923276947,0.819709903868375,0.819709903868375,0,1.57059807911784,0.819709903868375,0,0,0,0,0,0,0,0,0,0,0,0,0
"TACCACAAGTACGCAC-1","14",2.02823509431132,0,0,0,0,0,0,0,0,0,0,0,0,0,0,0,0,0.974621908437392,0,0,0,0,0,0,0,1.45869177161548,0,0,0.974621908437392,0,0,0,0,0,0,0,0,0,0,0,0,0,0,0
"TACCAGGCACTTCGCG-1","9",0,0,0,0,0,0,0,0,0,0,0,0,0,0,0,0,0,0,0,0,0,0,0,0,0,0,0,0,0,0,0,0,0,0,0,0,0,0,0,0,0,0,0,0
"TACCATAGTTAGCGAA-1","1",1.23105191191143,0,0.592374322136518,0,0,0,0,0,0,0,0,0,0,0,0,0,0,0,0,0,0,0.592374322136518,1.44293624254268,0,0.592374322136518,1.61768060189982,1.76638362943403,0,0.961857996810632,1.23105191191143,0,0,0,0,0,0,0.592374322136518,0,0,0,0,0,0,3.09173292415459
"TACCATTCACCTACGT-1","0",1.84777549747121,0,0,0,0,0,0,0,0,0,0,0,0,0,0,0,0,0,0,0,0,1.02313268707815,0,0,1.02313268707815,1.84777549747121,0,1.84777549747121,0,0,0,0,0,0,0,0,0,0,0,0,0,0,0,0
"TACCATTCACTCATAT-1","0",2.05364265271825,0,0,0,0,0,0,0,0,0,0,0,0,0,0,0,0,0,0,0,0,0,0,0,0.858343642288617,2.35277882971183,0,0,0.858343642288617,1.31332019666951,0,0,0,0,0,0.858343642288617,0,0,0,0,0.858343642288617,0,0,0
"TACCCAAAGCGAACCT-1","0",1.80301422846898,0.699915224981618,1.10762620682353,0,0,0,0,0,0,0,0,0,0,0,0,0,0,0,0,0,0,0.699915224981618,1.6202449049874,0,0,2.3147347845737,0.699915224981618,1.10762620682353,0.699915224981618,0,0,0,0,0.699915224981618,0,0,0,0,0,0,0,0,0,0
"TACCCAAAGTTAATGC-1","1",1.90647791882943,0,0,0,0,0,0,0,0,0,0,0,0,0,0,0,0,0.452943028088348,0,0,0,1.19141577889142,2.26113983794147,0,0,2.42593679707958,0.452943028088348,0,0.452943028088348,2.19956450337366,0,0,0,0,0,0,0,0,0,0,0,0,0,0
"TACCCAGGTCAACGAA-1","0",1.83089083917809,0,0,0,0,0,0,0,0,0,0,0,0,0,0,0,0,1.42158078596332,0,0,0,0,1.98613736485255,0,0.716809264612823,2.34478181017887,0,0.716809264612823,0,1.13003892772209,0,0,0,0,0,0,0,0,0,0,0,0,0,0
"TACCCAGGTGATTCCG-1","7",1.18857797729996,0,1.18857797729996,0,0,0,0,0,0,0,0,0,0,0,0,0,0,0,0,0,0,0.565770186938867,1.84460866355115,0,0.565770186938867,1.84460866355115,1.18857797729996,0,0,2.23738902157281,0,0,0,0,0,0,0,0,0,0,0,0,0,0.565770186938867
"TACCCAGGTTCGGCTA-1","2",1.63579011342965,0,0,0,0,0,0,0,0,0,0,0,0,0,0,0,0,0,0,0,0,1.12062039912452,2.66958067829861,0,0,1.97411834175763,0,0,0.709698505080903,0.709698505080903,0,0,0,0,0,0,0,0,0,0,0,0,0,0
"TACCCAGGTTGACCGC-1","5",2.28012664523801,0,0,0,0,0,0,0,0,0,0,0,0,0,0,0,0,0.680732585039889,0,0,0,1.08202500742524,0,0,0,3.44154096272651,0,0.680732585039889,0,0,0,0,0,0,0,0,0.680732585039889,0,0,0,0,0,0,0
"TACCCATTCACGTTGA-1","0",1.79786883720808,0,0,0,0,0,0,0,0,0,0,0,0,0,0,0,0,0.696817278442862,0,0,0,1.10350276535422,0,0,0.696817278442862,2.40455819151711,0.696817278442862,1.10350276535422,0.696817278442862,0.696817278442862,0,0,0,0,0,0,0.696817278442862,0,0,0,0,0,0,0
"TACCCATTCCCAGTCC-1","6",1.09861228866811,1.09861228866811,1.09861228866811,0,0,0,0,0,0,0,0,0,0,0,0,0,0,1.6094379124341,0,0,0,0,0,0,0,2.19722457733622,0,0,0,0,0,0,0,0,0,0,0,0,0,0,1.09861228866811,0,0,4.85981240436167
"TACCCATTCGTGCTCC-1","9",2.34251110769296,0,0,0,0,0,0,0,0,0,0,0,0,0,0,0,0,0,0,0,0,0,0,0,0,0,0,0,0,0,0,0,0,0,0,0,0,0,0,0,0,0,0,0
"TACCCCATCCGTCCTA-1","2",1.9293629113321,0,0,0,0,0,0,0,0,0,0,0,0,0,0,0,0,0,0,0,0,1.21016826204772,1.51095887529269,0,0,1.51095887529269,0,0,0,1.9293629113321,0,0,0,0,0,0,0,0,0,0,0,0,0,0
"TACCCCTGTAGTAGCA-1","2",1.45528175644049,0,0,0,0,0,0,0,0,0,0,0,0,0,0,0,0,0.971856142896383,0,0,0,0,2.22074870710828,0,0,2.22074870710828,0,0.971856142896383,0,2.02437556506096,0,0,0,0,0,0,0,0,0,0,0,0,0,0
"TACCCCTGTGCAATTC-1","1",2.00108034529145,0,0,0,0,0,0,0,0,0,0,0,0,0,0,0,0,1.14178279202824,0,0,0,1.3462872132837,1.78766409483185,0,0.536950910044553,1.51598683220522,0.536950910044553,0,0,2.09282973305945,0,0,0,0,0.536950910044553,0,0,0,0,0,0,0,0,1.78766409483185
"TACCGACAGTTAACGT-1","0",1.73679140589494,0,0,0,0,0,0,0,0,0,0,0,0,0,0,0,0,0,0,0,0,1.58908081498515,1.20583490794971,0,0,1.97945402043431,0.939889055685784,0.576528365944761,0.576528365944761,0,0,0,0,0,0,0,0,0,0,0,0,0,0,0.576528365944761
"TACCGGACAACCTGAG-1","15",2.39297476771352,0,0,0,0,0,0,0,0,0,0,0,0,0,0,0,0,0.884122104721255,0,0,0,0.884122104721255,1.8996317467803,0,0,1.66062037374042,0,0,0,0,0,0,0,0,0,0,0,0,0,0,0,0,0,0
"TACCGGACACATACGG-1","2",1.77219709437389,0,0.681455737272177,0,0,0,0,0,0,0,0,0,0,0,0,0,0,0,0,0,0,0,1.08299312352262,0,0.681455737272177,1.77219709437389,0,0.681455737272177,1.77219709437389,1.36870553473165,0,0,0,0,0,0,0,0,0,0,0,0,0,0
"TACCGGACAGGCAGGA-1","0",1.58968106972975,0,0,0,0,0,0,0,0,0,0,0,0,0,0,0,0,0,0,0,0,0.833225771887154,0,0,0,2.80992911671227,0.833225771887154,0,0.833225771887154,1.28133843466505,0,0,0,0,0,0,0,0,0,0,0,0,0,0
"TACCGGACAGTTGGTG-1","2",1.31421523269867,0,0,0,0,0,0,0,0,0,0,0,0.736557005031827,0,0,0,0,0,0,0,0,0.434613349593726,1.45072230183774,0,0,2.01921235745426,0.434613349593726,0,0.736557005031827,1.15608315998867,0,0,0,0,0,0,0,0,0,0,0,0,0,1.31421523269867
"TACCGGACATGGAATC-1","0",1.84254056115602,0,0,0,0,0,0,0,0,0,0,0,0,0,0,0,0,0,0,0,0,1.01915477462922,0,0,1.01915477462922,1.84254056115602,2.28790373722195,1.01915477462922,0,2.45316747213659,0,0,0,0,0,0,0,0,0,0,0,0,0,1.01915477462922
"TACCGTCCATAGACGT-1","1",2.25988192350616,0,0,0,0,0,0,0,0,0,0,0,0,0,0,0,0,0,0,0,0,0.922059310713215,1.25962656140384,0,0.40867398145676,2.0878429722662,1.10501977142404,0.922059310713215,0.922059310713215,1.10501977142404,0,0,0,0,0,0,0,0,0,0,0,0,0,0.40867398145676
"TACCTAAGTAGCTATC-1","4",1.81314716960577,0,0,0,0,0,0,0,0,0,0,0,0,0,0,0,0,0,0,0,0,0.902447739903737,0,0,0,0.902447739903737,0,0,1.16266520166358,1.53989004095908,0,0,0,0,0,0,0,0,0,0,0,0,0,0.902447739903737
"TACCTAGAGGGTGAAT-1","1",1.639628575921,0,0,0,0,0,0,0,0,0,0,0,0,0,0,0,0,0,0,0,0,0,2.1124164016929,0,0.712122886847169,2.1124164016929,1.12383404801537,0,1.12383404801537,2.67401616613445,0,0,0,0,0,0,0,0,0,0,0.712122886847169,0,0,1.97822280789834
"TACCTCACAACGTGAT-1","8",1.90452930345296,0,0,0,0,0,0,0,0,0,0,0,0,0,0,0,0,0,0,0,0,1.18982262953494,1.18982262953494,0,0.762322955177336,2.31707884052958,1.18982262953494,0.762322955177336,0.762322955177336,2.06172231479323,0,0,0,0,1.48834254900977,0,0,0,0,0,0,0,0,2.19752939730429
"TACCTCACATAACTTC-1","3",3.05660231080877,0,1.10708349705143,0,0,0,0,0,0,0,0,0,0,0,0,0,0,0,0,0,0,0,0,0,0,1.61959478504704,0,0,0,0,0,0,0,0,0,0,0,0,0,0,0,0,0,0
"TACCTCACATTACGGG-1","0",2.05803927498675,0,0,0,0,0,0,0,0,0,0,0,0,0,0,0,0,0,0,0,0,1.81204414039956,0,0,0,1.48507590567967,1.81204414039956,0.996081200928622,0,1.81204414039956,0,0,0,0,0,0,0,0,0,0,0,0,0,0
"TACCTCCGTCAGCCTA-1","5",0,0,0,0,0,0,0,0,0,0,0,0,0,0,0,0,0,0,0,0,0,0,3.4785784754726,0,2.43983991154884,0,0,0,0,0,0,0,0,0,0,0,0,0,0,0,0,0,0,0
"TACCTCCGTTGAAGCA-1","10",1.65340830422807,1.65340830422807,0,1.65340830422807,0,0,1.65340830422807,2.24596332779629,0,0,0,0,0,0,0,0,0,1.65340830422807,1.65340830422807,0,0,0,0,2.61551605470547,0,0,0,0,0,0,0,0,0,0,0,0,1.65340830422807,0,0,0,0,0,0,0
"TACCTGAAGTTAGCCA-1","2",0.886799298188306,0,0.886799298188306,0,0,0,0,0,0,0,0,0,0,0,0,0,0,0.886799298188306,0,0,0,0.886799298188306,2.39711641612054,0,1.34929213876356,2.39711641612054,1.34929213876356,0,0.886799298188306,1.66431313688423,0,0,0,0,0,0,0,0,0,0,0,0,0,0.886799298188306
"TACCTGTTCAGTTGCA-1","7",2.52657121469325,0,0,0,0,0,0,0,0,0,0,0,0,0,0,0,0,0,0,0,0,0,2.45316747213659,0,0,2.97522052292186,0,0.63415373164177,0.63415373164177,1.01915477462922,0,0,0.63415373164177,0,1.01915477462922,0,0,0,0,0,0,0,0,1.29644559971204
"TACGAAGGTTGGGCAG-1","4",1.93995833130992,0,0,0,0,0,0,0,0,0,0,0,0,0,0,0,0,0.615838785947301,0,0,0,1.26796853262143,0.994146717892255,0,0,1.48270277071928,0,0.994146717892255,1.26796853262143,1.26796853262143,0,0,0,0,0,0,0,0,0,0,0,0,0,0.994146717892255
"TACGAGGAGAAGCTCC-1","0",2.00805820937148,0,0,0,0,0,0,0,0,0,0,0,0,0,0,0,0,0,0,0,0,1.14727961026015,2.00805820937148,0,0,1.14727961026015,0,0,1.14727961026015,1.14727961026015,0,0,0,0,0,0,0,0,0,0,0,0,0,0
"TACGATTAGCCAGCCA-1","3",2.27107786974834,0.288350298336987,0.511894570954896,0,0.288350298336987,0,0,0.288350298336987,0.288350298336987,0,0.288350298336987,0,0,0,0,0,0,0.848824578241004,0,0,0,0.288350298336987,1.54254367760407,0.511894570954896,0,1.54254367760407,0.511894570954896,0.511894570954896,0.511894570954896,1.7368005849473,0,0,0,0,0.288350298336987,0,0.694483186102688,0,0,0.288350298336987,0,0,0,0.288350298336987
"TACGCAATCACACCTT-1","0",2.5188427605946,0,0,0,0,0,0,0,0,0,0,0,0,0,0,0,0,1.48710453279913,0,0,0,0.761470193377247,0,0,0,2.5188427605946,0.761470193377247,0,0,0.761470193377247,0,0,0,0,0,0,0,0,0,0,0,0,0,0
"TACGCAATCATGGTAT-1","7",2.71723389406415,0,0,0,0,0,0,0,0,0,0,0,0,0,0,0,0,0.605228115389633,0,0,0,0,1.25133623120099,0,0.605228115389633,1.46480049811618,0.605228115389633,0,0,2.53713375066838,0,0,0,0.605228115389633,0.605228115389633,0.605228115389633,0.605228115389633,0,0,0,0,0,0,0
"TACGCAATCGTTAGGC-1","3",3.70870646897734,0,0,0,0,0,0,0,0,0,0,0,0,0,0,0,0,0,0,0,0,0,0,0,0,0,0,0,0,0,0,0,0,0,0,0,0,0,0,0,0,0,0,0
"TACGCATGTTCCTGCT-1","0",2.44146641020535,0,0,0,0,0,0,0,0,0,0,0,0,0,0,0,0,0.717345879411394,0,0,0,0,0,0,0.717345879411394,1.83177131714303,0.717345879411394,0,0.717345879411394,0,0,0,0,0,0,0,0,0,0,0,0,0,0,0.717345879411394
"TACGCATGTTTACTAG-1","9",2.1336948960358,0,0,0,0,0,0,0,0,0,0,0,0,0,0,0,0,0,0,0,0,0,0,0,0,2.1336948960358,0,0,0,0,0,0,0,0,0,0,0,0,0,0,0,0,0,0
"TACGCCTCAATCGCAG-1","7",1.96111443169521,0,0,0,0,0,0,0,0,0,0,0,0,0,0,0,0,0,0,0,0,0.79815952275057,0.79815952275057,0,0,2.25655586292828,0,0,0,2.25655586292828,0,0,0,0,0,0,0,0,0,0,0,0,0,0
"TACGCCTCAGTACCTC-1","1",2.31536038352337,0,0.877298628217252,0,0,0,0,0,0,0,0,0,0,0,0,0,0.877298628217252,0,0,0,0,0.877298628217252,1.88973020281512,0,0.877298628217252,1.77755661036318,0.877298628217252,0,0.531920286238308,2.16609809950829,0,0,0,0,0,0,0,0,0,0,0,0,0,1.77755661036318
"TACGCCTCATCGCGTT-1","0",2.60830204578824,0,0,0,0,0,0,0,0,0,0,0,0,0,0,0,0,1.13010987252449,0,0,0,1.13010987252449,1.64711768756943,0,0,1.64711768756943,1.13010987252449,0,0,2.44060493026551,0,0,0,0,0,0,0,0,0,0,0,0,0,1.64711768756943
"TACGCTAAGGAATTAG-1","8",1.59292460931008,0,0,0,0,0,0,0,0,0,0,0,0,0,0,0,0,0,0,0,0,0.682858365549233,1.37082116697759,0,0.682858365549233,2.06136604384083,0.682858365549233,0,0.682858365549233,1.37082116697759,0,0,0,0,1.37082116697759,0,0,0,0,0,0,0,0,1.92820682375552
"TACGGTTGTTGGATTC-1","2",1.97477712411035,0,0,0,0,0,0,0,0,0,0,0,0,0,0,0,0,0,0,0,0,0.806923413116132,1.24760840952743,0,0,1.97477712411035,0,0,0,1.7857432280249,0,0,0,0,0,0,0,0,0,0,0,0,0,0.806923413116132
"TACGTAGTCCCCAATT-1","5",2.7442674507297,0,0,0,0,0,0,0,0,0,0,0,0,0,0,0,0,0,0,0,0,0,1.58532095637843,0,0,2.4572235330968,1.76662490717649,0,0,1.58532095637843,0,0,0,0,0,0,0,0,0,0,0,0,0,0.678142378139925
"TACGTAGTCCCGTAGG-1","3",3.05911507023492,0,0,0,0,0,1.62170998635977,0,0,0,0,0,0,0,0,0,0,0,0,0,0,1.62170998635977,1.62170998635977,0,0,0,0,0,0,0,0,0,0,0,0,0,0,0,0,0,0,0,0,0
"TACGTCAAGCAACTGC-1","3",3.02009202040506,0,0,0,0,0,0,0,0,0,0,0,0,0,0,0,0,0,0,0,0,2.01459974735579,0,0,0,0,0,0,0,0,0,0,0,0,0,0,0,0,0,0,0,0,0,0
"TACGTCAAGCTATGCA-1","1",1.62858967852153,0,0,0,0,0,0,0,0,0,0,0,0,0,0,0,0,0.598471784899142,0,0,0,0.97027601615393,1.24069299359076,0,0,1.90737042361792,0,0.598471784899142,0.598471784899142,2.58701526350184,0,0,0,0,0.598471784899142,0,0,0,0,0,0,0,0.598471784899142,0
"TACGTCAAGGAGTAAC-1","7",1.9172029171069,0,0.603683943644515,0,0,0,0,0,0,0,0,0,0,0,0,0,0,0.603683943644515,0,0,0,0,0.603683943644515,0,0,1.63787352389092,0.603683943644515,0,1.24890734192578,2.81828072874165,0,0,0,0,0,0,0,0,0,0,0,0,0,0
"TACGTTGAGCCAGATC-1","1",1.76839679346435,0,0,0,0,0,0,0,0,0,0,0,0,0,0,0,0,0,0,0,0,1.23277142134787,1.76839679346435,0,0,1.76839679346435,0,2.11531206598792,0,2.57669714118086,0,0,0,0,0,0,0,0,0,0,0,0,0,0
"TACGTTGAGGATAGCG-1","6",0,1.82023447116132,0,0,0,0,0,0,0,0,0,0,0,0,0,0,0,0,0,0,0,0,0,0,0,2.42891915175309,0,0,2.42891915175309,0,0,0,0,0,0,0,0,0,0,0,0,0,0,2.42891915175309
"TACGTTGAGTGCCGTG-1","9",0,0,0,0,0,0,0,0,0,0,0,0,0,0,0,0,0,2.09463886544681,0,0,0,0,0,0,0,0,0,0,0,0,0,0,0,0,0,0,0,0,0,0,0,0,0,0
"TACTATGGTATTGCGT-1","13",0,0,0,0,0,0,0,0,0,0,0,0,0,0,0,0,0,0,0,0,0,0,2.74105053300711,0,0,2.74105053300711,0,0,2.11041095256371,0,0,0,0,0,0,0,0,0,0,0,0,0,0,0
"TACTCATCAACTCGCT-1","3",2.53163708099442,0,0,0,0,0,0,0,0,0,0,0,0,0,0,0,0,0,0,0,0,0,0,0,0,1.91501447476243,0,0,0,0,0,0,0,0,0,0,0,0,0,0,0,0,0,0
"TACTCCACATGGATAC-1","2",1.59833109456711,0,0.686219889127379,0,0,0,0,0.686219889127379,0,0,0,0,0,0,0,0,0,0,0,0,0,0.686219889127379,1.08936519503531,0,0,1.78018717939735,0,0,0.686219889127379,1.08936519503531,0,0,1.08936519503531,0,0.686219889127379,0,0,0,0,0,0,0,0,0.686219889127379
"TACTCGCCAAACTGAC-1","11",1.6825475447533,0,0,0,0,0,0,0,0,0,0,0,0,0,0,0,0,0,0,0,0,1.15990216226395,0,0,0,2.91868758538988,0,0,0,0,0,0,0,0,0,0,0,1.15990216226395,0,0,0,0,0,1.15990216226395
"TACTGGATCTAGTTCC-1","1",1.70932454011127,0,0,0,0,0,0,0,0,0,0,0,0,0,0,0,0,1.18252873708262,0,0,0,0.919648840034684,1.70932454011127,0,0.56201558677235,1.56256084284255,0.56201558677235,0.56201558677235,0,1.70932454011127,0,0,0,0.56201558677235,0,0,0,0,0,0,0.56201558677235,0,0,2.05256382797995
"TACTGTGAGCAGGCAA-1","13",2.62511392418641,0,0.95580692783618,0,0,0,0,0,0,0,0,0,0,0,0,0,0,1.4354503482808,0,0,0,0,0,0,0,2.36128883231072,0,0.95580692783618,0,1.4354503482808,0,0,0,0,0,0,0,0,0,0,0,0,0,0.95580692783618
"TACTGTGAGGTAAGCG-1","1",2.01830916419442,0,0.658673270559475,0,0,0,0,0,0,0,0,0,0,0,0,0,0,0,0,0,0,1.33412733555033,1.33412733555033,0,0,1.73362448209493,1.33412733555033,0,0.658673270559475,1.33412733555033,0,0.658673270559475,0,0.658673270559475,2.01830916419442,0,0,0,0,0,0,0,0,0.658673270559475
"TAGCACGCAAGCTCTC-1","2",0,0,0,0,0,0,0,0,0,0,0,0,0,0,0,0,0,0.836623073811867,0,0,0,1.28567700615713,0.836623073811867,0,0,2.64515155711475,0,0,0.836623073811867,0.836623073811867,0,0,0,0.836623073811867,0,0,0,0,0,0,0,0,0,0
"TAGCACGCAATTAGCA-1","4",1.98809272202941,0.488677820057592,1.06142198704951,0,0,0,0,0,0,0,0,0,0,0,0,0,0,0,0,0,0,0.488677820057592,1.06142198704951,0,0.488677820057592,1.98809272202941,0.488677820057592,0.488677820057592,1.06142198704951,1.25864214403677,0,0,0.488677820057592,0,0,0,0,0,0,0,0,0,0,1.06142198704951
"TAGCACGCATCCGCTG-1","10",0,0,0,0,0,0,0,2.05092217194084,0,0,0,0,0,0,0,0,0,0,2.05092217194084,0,0,0,0,2.05092217194084,0,0,0,0,0,0,0,0,0,0,0,0,2.67760030638204,0,0,0,0,0,0,0
"TAGCAGTCATGATATG-1","1",2.37338384256109,0.633862802592134,0,0,0,0.633862802592134,0,0,0,0,0,0,0,0,0,0,0,0,0,0,0,0.633862802592134,2.08927052306545,0,0.633862802592134,1.84201913518933,0,1.01875882853953,1.01875882853953,2.19320506549621,0,0,0,0,1.01875882853953,0,0,0,0,0,0,0,0,1.84201913518933
"TAGCATTAGAATCAAG-1","1",2.12950482988278,0,0.909121176107053,0,0,0,0,0,0,0,0,0,0,0,0,0,0,0.909121176107053,0,0,0,0,1.37732435587479,0,0,1.93565212090736,0,0,0,0.909121176107053,0,0,0,0,0,0,0,0,0,0,0,0,0,2.29181139080484
"TAGCATTAGCCTTCCA-1","15",2.4420275309244,0,0,0,0,0,0,0,0,0,0,0,0,0,0,0,0,0,0,0,0,0,0,0,0,2.30227015361727,0.916080783310782,0,0.916080783310782,0,0,0,0,0,0,0,0,0,0,0,0,0,0,0
"TAGCATTAGGCACTGT-1","2",1.82974781692974,0,0.716112915252836,0,0,0,0,0,0,0,0,0,0,0,0,0,0,0.716112915252836,0,0,0,0,1.98496295405626,0,0.716112915252836,2.43926660458976,0,0,0.716112915252836,1.98496295405626,0,0,0,0,0,0,0,0,0,0,0,0,0,0
"TAGCATTAGTATGTGT-1","8",2.29913861380049,0,0.751745900503899,0,0,0,0,0,0,0,0,0,0,0,0,0,0,0,0,0,0,0.751745900503899,1.47295312262138,0,0,1.47295312262138,1.17600491343234,0,0.751745900503899,1.70161542063229,0,0,0,0,0.751745900503899,0,0,0,0,0,0,0,0,1.17600491343234
"TAGCCAATCTGGCTCC-1","5",1.50302826221598,0,0,0,0,0,0,0,0,0,0,0,0,0,0,0,0,0.772463681555431,0,0,0,0,1.92066104936997,0,0,2.21437188831883,0,0,0,1.73349017273941,0,0,0,0.772463681555431,0,0,0,0,0,0,0,0,0,0.772463681555431
"TAGCCAGCATGGTGCA-1","5",2.15200463240063,0,0.73525418749937,0,0,0,0,0,0,0,0,0,0,0,0,0,0,0,0,0,0,0.73525418749937,1.67598354048649,0,0,2.78526863421556,1.44880813618767,0.73525418749937,1.15436997293375,1.15436997293375,0,0,0,0,0,0,0,0,0,0,0,0,0,1.15436997293375
"TAGCCCTCACCATCAC-1","0",2.06393486072824,0,0,0,0,0,0,0,0,0,0,0,0,0,0,0,0,0,0,0,0,0,0,0,0,2.28663181137711,0,0.684315685213544,1.08681954379436,0.684315685213544,0,0,0,0,0.684315685213544,0,0,0,0,0,0,0,0,0
"TAGCCCTCACCTCGTG-1","7",1.73906229257603,0,0.51299499630246,0,0,0,0,0,0,0,0,0,0,0,0,0,0,0,0,0,0,0.85039552527634,1.90172428936013,0,0.289038481692426,2.12502995885885,1.47050477055341,0.289038481692426,0.69585816168713,2.46168744122851,0,0,0,0,0,0,0,0,0,0,0,0,0,0.69585816168713
"TAGCCCTCACTTGACC-1","0",1.44121011871601,0,0.73009069575163,0,0,0,0,0.73009069575163,0,0,0,0,0,0,0,0,0,0,0,0,0,0.73009069575163,0.73009069575163,0,0,2.55162692894466,1.14757311586381,0,0.73009069575163,0.73009069575163,0,0,0,0,0,0,0,0,0,0,0,0,0,1.44121011871601
"TAGCCTGGTAGTCCTG-1","3",3.55628757625059,0,0,0,0,0,0,0,0,0,0,0,0,0,0,0,0,0,0,0,0,0,0,0,0,1.89794210856257,0,0,0,0,0,0,0,0,0,0,0,0,0,0,0,0,0,0
"TAGCGGTTCAAGTGAA-1","7",1.89569524800886,0,0,0,0,0,0,0,0,0,0,0,0,0,0,0,0,0,0,0,0,0.664162416807938,2.14510055730677,0,0,1.56265026762387,0,1.05977618945391,0.664162416807938,2.65324727649469,0,0,0,0,0,0,0,0,0,0,0,0,0,1.56265026762387
"TAGCGGTTCCATCATC-1","0",0.899928763654897,0,0,0,0,0,0,0,0,0,0,0,0,0,0,0,0,0,0,0,0,0.899928763654897,1.68236931078481,0,0,1.36579972561463,0,1.36579972561463,0,1.68236931078481,0,0,0,0,0,0,0,0,0,0,0,0,0,0
"TAGCGGTTCCTGTGAA-1","0",1.8036070530456,0,0,0,0,0,0,0,0,0,0,0,0,0,0,0,0,0,0,0,0,1.62081427814414,1.10810155833913,0,0.700272561289123,1.39696348306971,0.700272561289123,0.700272561289123,1.10810155833913,0,0,0,0,0,0,0,0,0,0,0,0,0,0,0.700272561289123
"TAGCGGTTCCTTCGCA-1","0",2.10859225881115,0,0,0,0,0,0,0,0,0,0,0,0,0,0,0,0,0,0,0,0,0.709908638093719,1.1208990422254,0,0.709908638093719,2.22683122120926,0,0,0,0,0,0,0,0,0,0,0,0,0,0,0,0,0,0.709908638093719
"TAGCGGTTCGCTCCAC-1","1",2.24774619309633,0,0,0,0,0,0,0.472962479265284,0,0,0,0,0,0,0,0,0,0,0,0,0,1.22933778100909,1.03468638422899,0,0.472962479265284,2.47530579825653,1.65502068994852,1.5322213959964,0,1.95266041576718,0,0,0,0,0,0,0,0,0,0,0,0,0,0.792758253503231
"TAGCTAGTCACTCAGA-1","5",2.7184634054739,0,0.827241477787004,0,0,0,0,0,0,0,0,0,0,0,0,0,0,0.827241477787004,0,0,0,1.58124497234481,0.827241477787004,0,0.827241477787004,2.16584945476847,0,0,1.27368613693915,2.3034855883273,0,0,0,0,0,0,0,0,0,0,0,0,0,1.27368613693915
"TAGCTCCCATCACTGC-1","4",1.39331016911386,0,0.697829850680903,0,0,0,0,0,0,0,0,0,0,0,0,0,0,0,0,0,0,0.697829850680903,1.39331016911386,0,0.697829850680903,1.10485098871778,0,0,0.697829850680903,1.39331016911386,0,0,0,0,0,0,0,0,0,0,0,0,0,1.6169196954893
"TAGCTGATCCCGCTGT-1","2",1.88752797335578,0,0,0,0,0,0,0,0,0,0,0,0,0,0,0,0,0.875783857890112,0,0,0,1.33539909722378,1.64909491989366,0,0.875783857890112,1.88752797335578,0,0.875783857890112,0,0.875783857890112,0,0,0,0,0,0,0,0,0,0,0,0,0,0
"TAGCTGATCCGTGGCA-1","14",2.76452303349543,0,0,0,0,0,0,1.13927280849917,0,0,0,0,0,0,0,0,0,0,0,0,0,0,0,0,0,1.13927280849917,0,0,1.13927280849917,0,0,0,0,0,0,0,0,0,0,0,0,0,0,1.13927280849917
"TAGGAGTAGAAGGGCC-1","2",1.61225987428629,0,0,0,0,0,0,0,0,0,0,0,0,0,0,0,0,0,0,0,0,0.957682891372449,1.89006238320279,0,0.589355404527884,2.36404808027361,0,0,0,1.43777228842962,0,0,0,0,0.589355404527884,0,0,0,0,0,0,0,0,0
"TAGGATGGTGATGCGG-1","9",2.80359526053181,0,0,0,0,0,0,2.16927515978799,0,0,0,0,0,0,0,0,0,0,0,0,0,0,0,0,0,0,0,0,0,0,0,0,0,0,0,0,0,0,0,0,0,0,0,0
"TAGGATGGTGGGTACG-1","1",1.15062808125723,0,0,0,0,0,0,0,0,0,0,0,0,0,0.732410473221377,0,0,0.431811171616816,0,0,0,1.30839266060462,1.30839266060462,0,0.431811171616816,2.08201020074943,0,0.732410473221377,0,2.5557513575585,0,0,0,0,0,0.431811171616816,0.431811171616816,0,0,0,0,0,0,1.30839266060462
"TAGGATGGTTACACGT-1","0",2.17547887170819,0,0,0,0,0,0,0,0,0,0,0,0,0,0,0,0,0,0,0,0,1.0823475019942,1.77138681220462,0,0,1.58988818055765,0.68097345864839,0.68097345864839,1.0823475019942,1.58988818055765,0,0,0,0,0,0,0,0,0,0,0,0,0,0
"TAGGCCACATAACTAG-1","0",1.39658189511706,0,0,0,0,0,0,0,0,0,0,0,0,0,0,0,0,0,0,0,0,0.700017282343822,0.700017282343822,0,0.700017282343822,2.20940565047722,1.10776197575024,0.700017282343822,1.10776197575024,1.10776197575024,0,0,0,0,0,0,0,0,0,0,0,0,0,0.700017282343822
"TAGGCTGCAGGTAGTT-1","6",2.00731416038944,2.00731416038944,0,0,0,0,0,0,0,0,0,0,2.00731416038944,0,0,0,0,0,0,0,0,0,0,0,0,0,0,0,0,0,0,0,0,0,2.00731416038944,0,0,0,0,0,0,0,0,2.00731416038944
"TAGGCTGCATGGTTCC-1","7",1.25998825164357,0.408843404526767,0.408843404526767,0,0,0,0,0,0,0,0,0,0,0,0,0,0,0.698210354972036,0,0,0,1.25998825164357,1.51194240801413,0,0,2.02366296411885,0,0,0.408843404526767,2.26033418608349,0,0,0,0,0,0,0,0,0,0,0,0,0,1.39387954167436
"TAGGCTTGTAAGGGTC-1","4",2.04186698244996,0,0,0,0,0,0,0,0,0,0,0,0,0,0,0,0,0,0,0,0,1.07011295053899,0.671849182881011,0,0,1.57513992864223,0.671849182881011,1.07011295053899,0,1.75600655495005,0,0,0,0,0,0,0,0,0,0,0,0,0,0.671849182881011
"TAGGCTTGTAGGCGAT-1","2",2.46852065349337,0,0,0,0,0,0,0,0,0,0,0,0,0,0,0,0,0.732606821241411,0,0,0,0.732606821241411,1.44491487862476,0,0,2.37252835010667,0.732606821241411,0.732606821241411,0,1.44491487862476,0,0,0,0,0,0,0,0,0,0,0,0,0,0.732606821241411
"TAGGCTTGTAGTTGAG-1","0",1.79342808299749,0,0.982080974291695,0,0,0,0,0,0,0,0,0,0,0,0,0,0,0.607046301675646,0,0,0,0.982080974291695,0,0,0,2.03862302633411,0,0.607046301675646,0,1.25419337926708,0,0,0,0,0,0,0,0,0,0,0,0,0,0
"TAGGGGATCTGTCTGT-1","0",2.39686560619821,0,0,0,0,0,0,0,0,0,0,0,0,0,0,0,0,0,0,0,0,0.846650765155983,0.510372701074814,0,0,2.19621780373821,0.510372701074814,0.510372701074814,0.510372701074814,0.510372701074814,0,0,0,0.510372701074814,0,0,0.510372701074814,0,0,0,0,0,0,0.846650765155983
"TAGGGTAGTGCACGAG-1","0",2.19807836607538,0,0.956102607170866,0,0,0,0,0,0,0,0,0,0,0,0,0,0,0.956102607170866,0,0,0,0.5882136503911,0.956102607170866,0,0,2.36172389207406,0.5882136503911,0.5882136503911,0.5882136503911,1.75865284770663,0,0,0,0,0,0,0,0,0,0,0,0,0,0.5882136503911
"TAGGGTGAGCCACTAA-1","5",2.05744367384084,0,0,0,0,0,0,0,0,0,0,0,0,0,0,0,0,0,0,0,0,1.48454776975479,0,0,0,2.05744367384084,0.995650612617781,0.995650612617781,0.995650612617781,2.25469895692811,0,0,0,0.995650612617781,0,0,0,0,0,0,0,0,0,0.995650612617781
"TAGGGTGAGGATGTGG-1","0",1.67363346399332,0,0,0,0,0,0,0,0,0,0,0,0,0,0,0,0,0,0,0,0,0,0.893568455267684,0,0,1.9132894468673,0,1.67363346399332,0,0,0,0,0,0,0,0,0,0,0,0,0,0,0,0
"TAGGGTTCAGTTGGAT-1","7",1.91699085060714,0,0.896135374162459,0,0,0,0,0,0,0,0,0,0,0,0,0,0,0,0,0,0,0,1.67716161072526,0,0,2.83034311725148,0,0.896135374162459,1.67716161072526,2.41151232619267,0,0,0,0,0,0,0,0,0,0,0,0,0,0.896135374162459
"TAGGTAGGTGACTTCG-1","0",1.8605255822504,0,0.734971603122769,0,0,0,0,0,0,0,0,0,0,0,0,0,0,0.734971603122769,0,0,0,0,0.734971603122769,0,0,2.47268457371745,0.734971603122769,1.15399828555234,0.734971603122769,0,0,0,0,0,0,0,0,0,0,0,0,0,0,0
"TAGTACCGTTTCGCAG-1","4",1.8913812231933,0,0,0,0,0,0,0,0,0,0,0,0,0,0,0,0,0.811277595245076,0,0,0,1.25320957651494,0.811277595245076,0,0.485748321807536,1.8913812231933,0,0.811277595245076,0.485748321807536,1.41753968854947,0,0,0,0,0.811277595245076,0,0,0,0,0,0,0,0,1.05646045470597
"TAGTAGCCAACCTACC-1","7",1.58981050639423,0.680925269767706,0,0,0,0,0,0,0,0,0,0,0,0,0,0,0,0,0,0,0,1.08228298622976,0,0,0,1.92486593338767,0,0.680925269767706,0,2.28047695122516,0,0,0,0,0,0,0,0,0,0,0,0,0,1.58981050639423
"TAGTCCTTCCAATGCA-1","0",1.21232039262598,0,0,0,0,0,0,0,0,0,0,0,0,0,0,0,0,0,0,0,0,0.779617285547186,0,0,1.21232039262598,2.22618587747542,0,0,0.779617285547186,1.74441454119332,0,0,0,0,0,0,0,0,0,0,0,0,0,1.21232039262598
"TAGTCCTTCCATCCAT-1","14",1.70189036422705,1.17623745069865,1.17623745069865,0,0,0,0,0,0,0,0,0,0,0,0,0,0,0,0,0,0,0,0,0,0,0,0,0,0,0,0,0,0,0,0,0,0,0,0,0,0,0,0,0
"TAGTCCTTCTAGCCGG-1","3",3.00903454157339,0,0,0,0,0,0,0,0,0,0,0,0,0,0,0,0,0,0,0,0,0,0,0,0,0,0,0,0,0,0,0,0,0,0,0,0,0,0,0,0,0,0,0
"TAGTCCTTCTGGCACG-1","6",0,0,0,0,0,0,0,0,0,0,0,0,0,0,0,0,0,0,0,0,0,0,0,0,0,2.94424952542416,0,0,0,0,0,0,0,0,0,0,0,0,0,0,0,0,0,4.406521706283
"TAGTGAGGTGAGACCG-1","4",1.98640864111952,0,0,0,0,0,0,0.814418186268047,0,0,0,0,0,0,0,0,0,0,0,0,0,1.5630975751754,0.814418186268047,0,0,1.5630975751754,0,0.814418186268047,0.814418186268047,1.5630975751754,0,0,0,0,0,0,0,0,0,0,0.814418186268047,0,0,0.814418186268047
"TAGTGGCTCATGCCGG-1","1",2.70770493589778,0,0,0,0,0,0,0,0,0,0,0,0,0,0,0,0,0,0,0,0,0.875252960571228,1.50378968405155,0,0,1.98755510023453,0.530475942872429,0.875252960571228,0,1.64835984533534,0,0,0,0,0,0,0,0,0,0,0,0,0,1.33472849884652
"TAGTGGCTCCCCTGTA-1","0",1.65872409078554,0,0,0,0,0,0,0,0,0,0,0,0,0,0,0,0,1.65872409078554,0,0,0,1.13985095163261,1.13985095163261,0,1.13985095163261,2.25184001049852,0,0,0,1.13985095163261,0,0,0,0,0,0,1.13985095163261,0,0,0,0,0,0,0
"TAGTGTTAGGCTCAGT-1","0",1.51040875805983,0,0,0,0,0,0,0,0,0,0,0,0,0,0,0,0,0,0,0,0,1.01678409397515,2.28456915372917,0,0,2.08656151198565,0,1.8394176064442,0,1.01678409397515,0,0,0,0,0,1.01678409397515,0,0,0,0,0,0,0,0
"TAGTTAGCAGCCAAGC-1","8",1.67246144572645,0,1.67246144572645,0,0,0,0,0,0,0,0,0,0,0,0,0,0,0,0,0,0,1.67246144572645,1.67246144572645,0,0,2.63732572745098,0,1.67246144572645,1.67246144572645,1.67246144572645,0,0,0,1.67246144572645,0,0,0,0,0,0,0,0,0,1.67246144572645
"TAGTTCCTCGCTATGA-1","7",1.58642760701022,0,0.830916132974703,0,0,0,0,0,0,0,0,0,0,0,0,0,0,0,0,0,0,1.07947399146869,1.27838654154114,0,0.499386653863445,2.01184547625964,0.499386653863445,0,0.830916132974703,2.37170577115458,0,0,0,0,0,0,0,0,0,0,0,0,0,1.07947399146869
"TAGTTTCCACATTCCA-1","0",2.40662771121445,0,0,0,0,0,0,0,0,0,0,0,0,0,0,0,0,0,0,0,0,0.752279314068956,0,0,0,2.94176663513786,0.752279314068956,0,0,0,0,0,0,0.752279314068956,0,0,0,0,0,0,0,0,0,0.752279314068956
"TATACAGCAGTACCCT-1","5",1.81884851004936,0,0,0,0,0,0,0,0,0,0,0,0,0,0,0,0,0,0,0,0,0.709488501603366,1.12034190871603,0,0,2.10786596166046,1.81884851004936,0,0,2.10786596166046,0,0,0,0,1.63545736450918,0,0,0,0,0,0,0,0,0
"TATACAGCATTCGGGA-1","4",1.70938631313152,0,0.562048015051652,0,0,0,0,0,0,0,0,0,0,0,0,0,0,0,0,0,0,0.919694195846523,0.919694195846523,0,0,0.919694195846523,0,0,0.562048015051652,2.14506725822564,0,0,0,0.919694195846523,0,0,0,0,0,0,0,0,0,0
"TATACCCTCGTCTCGC-1","4",1.56588771941229,0,0,0,0,0,0,0,0,0,0,0,0,0,0,0,0,0,0,0,0,1.06245344887478,0.489287585936249,0,0,1.25977120936673,0,0.489287585936249,0.816385309262303,1.25977120936673,0,0,0,0,0,0,0,0,0,0,0.489287585936249,0,0,0.816385309262303
"TATACCTCAATCATCT-1","2",1.88106654834045,0,0,0,0,0,0,0,0,0,0,0,0,0,0,0,0,0.747682544715977,0,0,0,1.69532172632394,2.29221118490022,0,0.747682544715977,2.66341509378342,0.747682544715977,0,0,2.29221118490022,0,0,0,0,0,0,0,0,0,0,0,0,0,0
"TATAGGCCAAAGGGTA-1","2",2.16996207632236,0,0,0,0,0,0,0,0,0,0,0,0,0,0,0,0,0,0,0,0,0,1.27703290414657,0,0.82985750777271,1.58493535160432,0,0,0,1.27703290414657,0,0,0,0,0,0,0,0,0,0,0,0,0,0
"TATAGGCCAAGCCAAT-1","4",1.53403732066344,0,0,0,0,0,0,0,0,0,0,0,0,0,0,0,0,0,0,0,0,1.03617991635404,1.18571837105772,0,0.646692106737212,1.62756600479848,0,0.374736067981334,0,1.53403732066344,0,0,0,0.374736067981334,0,0.374736067981334,0,0,0,0,0,0,0,0.646692106737212
"TATAGGCCAATCGAGT-1","0",2.18103416648712,0,0,0,0,0,0,0,0,0,0,0,0,0,0,0,0,0,0,0,0,0,1.59487838953934,0,1.0864941214069,1.93030250357098,0,1.0864941214069,0,1.0864941214069,0,0,0,0,0,0,0,0,0,0,0,0,0,0
"TATAGGCCAATCTGGG-1","3",1.71858985852962,0,0,0,0,0,0,0,0,0,0,0,0,0,0,0,0,1.71858985852962,0,0,0,1.71858985852962,0,0,0,0,0,0,0,0,0,0,0,0,0,0,0,0,0,0,0,0,0,0
"TATAGGGGTTTCCGTC-1","0",2.39685695892666,0,0,0,0,0,0,0,0,0,0,0,0,0,0,0,0,0,0,0,0,1.34908076477946,1.34908076477946,0,0,1.90326544635738,0,0,0,0,0,0,0,0.886631467965502,0,0,0,0,0,0,0,0,0,0
"TATAGGTTCACATGGC-1","5",0.863942226744074,0,0,0,0,0,0,0,0,0,0,0,0,0,0.863942226744074,0,0,0,0,0,0,1.32041905155431,1.32041905155431,0,0,2.48323538484697,1.32041905155431,0.863942226744074,0,2.59170039536108,0,0,0,0,0,0,0,0,0,0,0,0,0,0.863942226744074
"TATATCCCATGGCGAC-1","4",1.64267591252766,0,0.527582713037722,0,0,0,0,0,0,0,0,0,0,0,0,0,0,0,0,0,0,0.527582713037722,1.32954458757593,0,0,2.07295864978231,1.12638677637537,0,0,0,0,0,0,0,0,0,0,0,0,0,0,0,0,2.30585932661372
"TATCACCTCCTCTAAC-1","3",3.17317926872446,0,0,0,0,0,0,0,0,0,0,0,0,0,0,0,0,0,0,0,0,0,0,0,0,0,0,0,0,0,0,0,0,0,0,0,0,0,0,0,0,0,0,0
"TATCAGGTCACAGCGT-1","4",1.74636589696769,0,0,0,0,0,0,0,0,0,0,0,0,0,0,0,0,0.581631446523953,0,0,0,0.946978710033039,0,0,0.581631446523953,1.98946719955955,0.946978710033039,0,1.21398171920326,0.946978710033039,0,0,0,0,0,0,0,0,0,0,0,0,0,1.42450941021301
"TATCAGGTCGCATACA-1","10",2.42844754730691,0,0,1.81980107206879,0,0,0,3.07650655669194,1.81980107206879,0,0,0,0,0,0,0,0,0,0,0,0,0,0,1.81980107206879,0,0,0,0,0,0,0,0,0,0,0,0,2.80408087588641,0,0,0,0,0,0,0
"TATCAGGTCTATCTCA-1","0",1.95151963447817,0,0,0,0,0,0,0,0,0,0,0,0,0,0,0,0,0,0,0,0,0,1.7632744953478,0,0,2.65932405227716,0,0.792030671777798,0,0.792030671777798,0,0,0,0,0,0,0,0,0,0,0,0,0,0
"TATCAGTAGCATCAAT-1","0",1.23475554264989,0,0,0,0,0,0,0,0,0,0,0,0,0,0,0,0,0,0,0,0,0.796952557085343,1.23475554264989,0,0,2.48231340601911,0.796952557085343,0,0.796952557085343,0.796952557085343,0,0,0,0.796952557085343,0,0,0,0,0,0,0,0,0,0.796952557085343
"TATCAGTAGGATGGTG-1","2",2.06042627556635,0,0,0,0,0,0,0,0,0,0,0,0,0,0,0,0,0,0,0,0,0.997807589546144,1.48719288207427,0,0,1.48719288207427,0,0,0,2.56389506110663,0,0,0,0,0,0,0,0,0,0,0,0,0,0
"TATCATGGTAGTCATC-1","1",0,0,0,0,0,0,0,0,0,0,0,0,0,0,0,0,0,0,0,0,0,0,2.21520258963163,0,0,0,0,0,0,0,0,0,0,0,2.21520258963163,0,0,0,0,0,0,0,0,3.51610402444897
"TATCCAAGTGCAGCGA-1","5",1.92896059074154,0,0,0,0,0,0.904456274227152,0,0,0,0,0,0,0,0,0,0,0,0,0,0,0.904456274227152,1.68857523299282,0,0.904456274227152,2.42428202797157,0.904456274227152,0,0.904456274227152,1.92896059074154,0,0,0,0,0,0,0,0,0,0,0,0,0,0
"TATCCCACACCTCAGT-1","4",2.07567650547387,0,0.3816247877593,0,0,0,0,0,0.3816247877593,0,0,0,0,0,0,0,0,0.3816247877593,0,0,0,0.3816247877593,1.20096191025497,0,0.872960288930168,2.01560596255372,0,0.3816247877593,0.657170120730572,1.33183145315214,0,0,0,0,0,0,0,0,0,0,0,0,0,1.33183145315214
"TATCCCACAGGCTAAT-1","7",2.17423425338019,0.576357570843553,0,0,0,0,0,0,0,0,0,0,0,0,0,0,0,0,0,0,0,1.41541107135065,1.9791180365896,0,0.576357570843553,1.86513588664687,0,0.939651527936557,0.939651527936557,2.76072804741688,0,0,0,0,0,0,0,0,0,0,0,0,0,0.576357570843553
"TATCCGCCATGGTCAG-1","7",1.71208497885733,0,0,0,0,0,0,0,0,0,0,0,0,0,0,0,0,0,0,0,0,0.646108115811354,1.31487911952748,0,0,1.71208497885733,0.646108115811354,0,1.03538863907635,2.79957774013037,0,0,0,0,0,0,0,0,0,0,0,0,0,0.646108115811354
"TATCCGTTCTAACTCC-1","0",2.56753787698029,0,0,0,0,0,0,0.917974031538186,0,0,0,0,0,0,0,0,0,0,0,0,0,1.38839804333823,1.38839804333823,0,0,1.70704279903129,0,1.38839804333823,0.917974031538186,1.38839804333823,0,0,0,0,0,0,0,0,0,0,0,0,0,0
"TATCCTTGTGGCAGTG-1","5",1.2322550021143,0,0.795016059814998,0,0,0,0,0,0,0,0,0,0,0,0,0,0,0.795016059814998,0,0,0,0.795016059814998,0.795016059814998,0.795016059814998,0,2.37172045291215,0,0,0,1.76779224322617,0,0,0,0,0,0,0,0,0,0,0,0,0,0
"TATCCTTGTTCCCAGA-1","9",3.4415173605489,0,0,0,0,0,0,0,0,0,0,0,0,0,0,0,0,0,0,0,0,0,0,0,0,2.77988441721128,0,0,0,0,0,0,0,0,0,0,0,0,0,0,0,0,0,0
"TATCGAACAACCAGAT-1","2",1.97019536456535,0,0,0,0,0,0,0,0,0,0,0,0,0,0,0,0,0,0,0,0,0.803979674516062,1.54825301765902,0,0,2.12900438648711,0,0,0,1.78131545606804,0,0,0,0,0,0,0,0,0,0,0,0,0,0
"TATCGAACAAGCCATG-1","2",1.91619966963814,0.769653096593221,0,0,0,0,0,0,0,0,0,0,0,0,0,0,0,0,0,0,0,0,1.49896467357776,0,0,1.19937253134944,0,0,0.769653096593221,1.91619966963814,0,0,0,0,0.769653096593221,0,0,0,0,0,0,0,0,0
"TATCGAACAAGTATCA-1","5",2.35752786531355,0,0,0,0,0,0,0,0,0,0,0,0,0,0,0,0,0,0,0,0,1.22118395387536,0,0,0,2.46473810189251,0.786455444820588,0.786455444820588,0,1.94276247983539,0,0,0,0,0,0,0.786455444820588,0,0,0,0,0,0,0
"TATCGAACATAGAGGA-1","4",2.09914870813875,0,0,0,0,0,0,0,0,0,0,0,0,0,0,0,0,0.390203510192801,0,0,0,0.888649905863654,1.21976948486874,0,0.390203510192801,1.35162227922205,0,0.390203510192801,1.46809778762139,1.5724110491452,0,0,0,0,0,0,0,0,0,0,0,0,0,1.75315966547249
"TATCGGGCATGCGCTT-1","4",1.71934145980446,0,0,0,0,0,0,0,0,0,0,0,0,0,0,0,0,1.19101704552486,0,0,0,0.763238852633598,1.19101704552486,0,0,1.48967169306159,0,0.763238852633598,0,0.763238852633598,0,0,0,0.763238852633598,0,0,0,0,0,0,0,0,0.763238852633598,1.71934145980446
"TATCGTAGTTGAGCCC-1","3",0,0,1.5185714016757,0,0,0,0,1.02347522045008,0,0,0,0,0,0,0,0,0,1.5185714016757,0,0,0,0,0,0,0,1.5185714016757,0,0,0,0,0,0,0,0,1.02347522045008,0,0,0,0,0,0,0,0,0
"TATCGTTCAATTGGTA-1","5",2.02385292627592,0,0,0,0,0,0,0,0,0,0,0,0,0,0,0,0,0.739348724854567,0,0,0,0.739348724854567,1.1597518700716,0,0.739348724854567,2.38426999188075,1.1597518700716,0.739348724854567,0,1.45482010659111,0,0,0,0,0,0,0,0,0,0,0,0,0,1.1597518700716
"TATCTCATCGTAACTG-1","8",1.69503123239856,0.636239849515867,0,0,0,0,0,0,0,0,0,0,0,0,0,0,0,0,0,0,0,1.29967099461141,1.02199270470377,0,0.636239849515867,2.53065423820395,0,0,0,2.09370258383181,0,0,0,0.636239849515867,0,0,0,0,0,0,0,0,0,1.29967099461141
"TATCTCATCTTGAACG-1","8",1.9241495931648,0,0,0,0,0,0,0,0,0,0,0,0,0,0,0,0,0.774664629072313,0,0,0,1.50620688053214,0.774664629072313,0,0,2.0818368923417,1.20588954365192,0.774664629072313,1.20588954365192,1.9241495931648,0,0.774664629072313,0,0,0.774664629072313,0,0,0,0,0,0,0,0,2.0818368923417
"TATCTGCTCAGCATTG-1","2",2.27646839836291,0,0,0,0,0,0,0,0,0,0,0,0,0,0,0,0,0,0,0,0,0,1.45356280196152,0,0,2.02242935638894,0,0,0.738491770651181,1.15862605459217,0,0,0,0,0.738491770651181,0,0,0,0,0,0,0,0,0
"TATCTGCTCCGCACCT-1","7",1.87077774492452,0,0,0,0,0,0,0,0,0,0,0,0,0,0,0,0,0.352461558639033,0,0,0,0.818763856575276,2.10213269893658,0,0.612549702507485,2.48379680108913,0.818763856575276,0.352461558639033,0.989637797667188,2.73223595084483,0,0,0.352461558639033,0.352461558639033,0,0,0,0,0,0,0,0,0,1.13553062480111
"TATCTGCTCTCACATC-1","0",2.12400193682397,0,0.718852867018227,0,0,0,0,0,0,0,0,0,0,0,0,0,0,0,0,0,0,1.13274176456874,1.13274176456874,0,1.13274176456874,2.24247651370176,1.13274176456874,0,0,1.65025569863409,0,0,0,0,0,0,0,0,0,0,0,0,0,0.718852867018227
"TATCTTGTCCGCGTAG-1","6",1.45440072228004,0,0,0,0,0,0,0,0,0,0,0,0,0,0,0,0,2.02337810912478,0,0,0,1.45440072228004,0,0,0,2.02337810912478,0,0,0,0,0,0,0,0,0,0,0,0,0,0,1.45440072228004,0,0,4.80754691706417
"TATGACTAGTAGTAAG-1","8",1.77102248700178,0,0,0,0,0,0,0,0,0,0,0,0,0,0,0,0,0,0,0,0,0.797153451185296,1.77102248700178,0,0,1.95954169143826,0.797153451185296,0.797153451185296,0.797153451185296,1.95954169143826,0,0,0,0,0,0,0,0,0,0,0,0,0,2.37525161152275
"TATGAGAAGGTTACAT-1","0",1.10898554617327,0,0,0,0,0,0,0,0,0,0,0,0,0,0,0,0,1.62187297113021,0,0,0,1.10898554617327,1.62187297113021,0,0,1.62187297113021,0,0,0,0,0,1.10898554617327,0,0,0,0,0,1.10898554617327,0,0,0,0,0,1.10898554617327
"TATGAGGGTTAGCTCG-1","2",1.22118395387536,0,0,0,0,0,0,0,0,0,0,0,0,0,0,0,0.786455444820588,0,0,0,0,0.786455444820588,2.2374278566594,0,0.786455444820588,1.22118395387536,0,0,1.52318273829932,1.94276247983539,0,0,0,0.786455444820588,0,0,0,0,0,0,0,0,0,0
"TATGATGCACATAGGT-1","0",2.1516208205362,0,0.735028101844139,0,0,0,0,0,0,0,0,0,0,0,0,0,0,0,0,0,0,1.44847584044104,1.15407260179942,0,0,2.1516208205362,0.735028101844139,0.735028101844139,0,2.27050857772727,0,0,0,0,0,0,0.735028101844139,0,0,0,0,0,0,0
"TATGCCCCAAACCAGT-1","3",3.62010828514097,0,0,0,0,0,0,0,0,0,0,0,0,0,0,0,0,0,0,0,0,0,0,0,0,0,0,0,0,0,0,0,0,0,0,0,0,0,0,0,0,0,0,0
"TATGCTAGTGAGCGCA-1","3",3.3024082077806,0,0,0,0,0,0,0,0,0,0,0,0,0,0,0,0,0,0,0,0,0,0,0,0,0,0,0,0,0,0,0,0,0,0,0,0,0,0,0,2.02081916795289,0,0,2.02081916795289
"TATGCTAGTTAACGTC-1","5",2.08460656278265,0,0,0,0,0,0,0,0,0,0,0,0,0,0,0,0,1.20810695319918,0,0,0,0.776371518594846,0.776371518594846,0,0.776371518594846,1.92685195933509,0.776371518594846,0.776371518594846,1.20810695319918,1.73946298907535,0.776371518594846,1.50866984228712,0,0,1.20810695319918,0,0,0,0,0,0,0,0,0
"TATGCTAGTTGCGGCT-1","8",2.44477009149799,0,0,0,0,0,0,0,0,0,0,0,0,0,0,0,0,0,0,0,0,0.917883687142397,2.14240786764723,0,0,2.14240786764723,0,0,0,1.70691967541049,0,0,0,0,1.38828515903536,0,0,0,0,0,0,0,0,2.5673990079938
"TATGGCCAGGCACGTT-1","0",1.6903157632495,0,0,0,0,0,0,0,0,0,0,0,0,0,0,0,0,0,0,0,0,0,1.6903157632495,0,0.552081979762561,2.42622783770565,0.90572743595068,0.552081979762561,0.90572743595068,0,0,0,0,0,0,0,0,0,0,0,0,0,0,0.552081979762561
"TATGGCCAGTGAACTT-1","11",1.83689930522053,0,0,0,0,0,0,0,0,0,0,0,0,0,2.44703946171897,0,0,0,0,0,0,0,0,0,0,1.83689930522053,0,0,0,0,0,0,0,0,0,0,0,0,0,0,0,0,0,0
"TATGGCCAGTGCCGTG-1","0",1.60285719559,0,0,0,0,0,0,0,0,0,0,0,0,0,0,0,0,0,0,0,0,0,1.29330230698421,0,0.842601771469063,2.02972692229842,0.842601771469063,0,0,1.29330230698421,0,0,0,0.842601771469063,0,0,0,0,0,0,0,0,0,0
"TATGGCTGTAGTGATG-1","0",1.86747841588137,0,0,0,0,0,0,0,0,0,0,0,0,0,0,0,0,0,0,0,0,0,0,0,0,2.05923185480196,1.31800966172393,0,0.862041095426431,0,0,0,0,0,0,0.862041095426431,0,0,0,0,0,0,0,0
"TATGGGTCAAGCTCAG-1","7",1.63750637654226,0,0,0,0,0,0,0,0,0,0,0,0,0,0,0,0,0.346587368259283,0,0,0,0.346587368259283,1.36088201856163,0,0,1.71497984570957,0.603477415927898,0.603477415927898,0.977172145206284,2.27201185815931,0,0,0,0,0,0,0,0,0,0,0,0,0,0.603477415927898
"TATGGGTCAATCCATT-1","0",2.16738919459493,0,0,0,0,0,0,0,0,0,0,0,0,0,0,0,0,0.676474440229375,0,0,0,0.676474440229375,1.36117983590511,0,0.676474440229375,1.76381510471637,0.676474440229375,0,0,1.07631961735187,0,0,0,0,0,0,0,0,0,0,0,0,0,0
"TATGGTTAGGAACCAG-1","1",1.52959558850363,0,0.643997581039229,0,0,0,0,0,0,0,0,0,0,0,0,0,0,0,0,0,0,0,1.31163335797712,0,0.643997581039229,2.10810420369648,0,0.643997581039229,1.03252760503231,2.73859481011745,0,0,0,0,0,0,0,0,0,0,0,0,0,0
"TATGGTTAGGTTCGGT-1","1",2.02131607092314,0,0,0,0,0,0,0,0,0,0,0,0,0,0,0,0,0.598029337173068,0,0,0,0.969665839122266,1.62779984987742,0,0.598029337173068,2.21760607234093,1.23999455910224,0.598029337173068,0.969665839122266,2.58610652064525,0,0,0,0.598029337173068,0,0,0,0,0,0,0,0,0,1.77684705082491
"TATGGTTAGTCGACGT-1","12",2.95511252395302,0,0,0,0,0,0,0,0,0,0,0,0,0,0,0,0,0,0,0,0,1.95557205996705,0,0,0,0,0,0,0,0,0,0,0,0,0,0,0,0,0,0,0,0,0,0
"TATGTTGGTTGGAAGC-1","1",2.06062552503411,0,0.76165275970754,0,0,0,0,0,0,0,0,0,0,0,0,0,0,0.76165275970754,0,0,0,1.7169017181654,2.19641229146848,0,0,1.7169017181654,0.76165275970754,0.76165275970754,0.76165275970754,2.51915766210234,0,0,0,0,0,0,0,0,0,0,0,0,0,0.76165275970754
"TCAAACTAGGGTACGA-1","0",1.92996679913168,0,0,0,0,0,0,0,0,0,0,0,0,0,0,0,0,0,0,0,0,0.905157133509286,0,0,0,1.92996679913168,0,0,0,0,0,0,0,0,0,0,0,0,0,0,0,0,0,0
"TCAACCAAGATTCAAC-1","4",2.33269277126939,0,0,0,0,0,0,0,0,0,0,0,0,0,0,0,0,0,0,0,0,0.539890875177423,1.66674743233091,0,0.539890875177423,1.52150205019318,0,0.888565608903622,0,1.35151616336168,0,0,0,0.539890875177423,0,0,0,0,0,0,0,0,0,1.52150205019318
"TCAACCAAGCATCACA-1","0",2.15686095813902,0,0,0,0,0,0,0,0,0,0,0,0,0,0,0,0,0,0,0,0,0.992754634691762,0.614822886852919,0,0.614822886852919,2.0534353225039,0,0,0,1.48099438214816,0,0,0,0,0,0,0,0,0,0,0,0,0,0.614822886852919
"TCAACCAAGCGATTGC-1","6",0,0,0,0,0,0,0,0,0,0,0,0,0,0,0,0,0,0,0,0,0,0,0,0,0,1.40094635981223,0,0,0,0,0,0,0,0,0,0,1.40094635981223,0,0,0,1.40094635981223,0,0,3.54528139296861
"TCAACCAAGGTACCCG-1","2",2.03053141664232,0.602821249657415,0,0,0,0,0,0,0,0,0,0,0,0,0,0,0,0,0,0,0,0.602821249657415,2.03053141664232,0,0,0.976268903497313,0,0,0.602821249657415,1.91557861758947,0,0,0,0,0,0,0,0,0,0,0,0,0,0
"TCAACCAAGGTACTGC-1","3",3.07158768923198,0,1.81548135419864,0,0,0,0,0,0,0,0,0,0,0,0,0,0,0,0,0,0,0,0,0,1.81548135419864,0,0,0,0,0,0,0,0,0,0,0,0,0,0,0,0,0,0,0
"TCAACTGAGGCGTAAG-1","11",1.94189236283329,0,0,0,0,0,0,0,0,0,0,0,0,0,0,0,0,0,0,0,0,0,0,0,0,1.94189236283329,0,0,0,0,0,0,0,0,0,1.38277968186153,0,0,0,0,0,0,0,2.29836599309251
"TCAATCCTCAGCAGTC-1","1",0,0,0,0,0,0,0,0,0,0,0,0,0,0,0,0,0,0.705471011228637,0,0,0,1.11501054201186,1.11501054201186,0,0.705471011228637,1.40472361731868,0,1.11501054201186,0.705471011228637,2.66182489408363,0,0,0,0.705471011228637,0,0,0,0,0,0,0,0,0,1.11501054201186
"TCAATCCTCGATCGCG-1","1",2.30718801228663,0,0,0,0,0,0,0,0,0,0,0,0,0,0,0,0,0,0,0,0,1.39013159700266,1.79602215716004,0,0,1.95029436147642,1.10202389141518,0.695706973159051,0,2.30718801228663,0,0,0,0,0,0,0,0,0,0,0,0,0,0.695706973159051
"TCAATCTCATCACGAG-1","13",2.64296612938031,0,0,0,0,0,0,0,0,0,0,0,0,0,0,0,0,0,0,0,0,0,0,0,2.64296612938031,0,0,0,0,2.64296612938031,0,0,0,0,0,0,0,0,0,0,0,0,0,0
"TCAATTGGTTAGCCCA-1","4",2.00689595140845,0,0,0,0,0,0,0,0,0,0,0,0,0,0,0,0,0.59057352559429,0,0,0,1.4398572564069,1.22819800145991,0,0.59057352559429,1.22819800145991,0,0,0.95936811058227,0.95936811058227,0,0,0,0.59057352559429,0.59057352559429,0,0,0,0,0,0,0,0,1.89238329743401
"TCAATTGGTTTACCGG-1","1",2.24257055439926,0,0,0,0,0,0,0.499259380414568,0,0,0,0,0,0,0,0,0,0,0,0,0,0,1.58617008078693,0,0.830733407783066,2.30906495973805,1.07926022030567,0.499259380414568,0.830733407783066,1.44397423671884,0,0,0,0,1.07926022030567,1.07926022030567,0,0,0,0,0,0,0,0
"TCACAATAGCGCTGAT-1","6",0,1.46864903036578,0,0,0,0,0,0,0,0,0,0,0,0,0,0,0,1.46864903036578,0,0,0,0,0,0,0,3.32312438853448,0,0,0,1.46864903036578,0,0,0,0,0,0,0,0,0,0,0,0,0,2.4006270173491
"TCACAATAGGTTGGAG-1","4",2.02758026204959,0,0.663842279937363,0,0,0,0,0,0,0,0,0,0,0,0,0,0,0,0,0,0,1.56212879551226,1.05934509056244,0,0,1.05934509056244,0,1.3420085476202,1.05934509056244,2.02758026204959,0,0,0,0,0,0,0,0,0,0,0,0,0,1.56212879551226
"TCACACAAGCCCTGGA-1","0",3.12029681239095,0,0.557704649906645,0,0,0,0,0,0,0,0,0,0,0,0,0,0,0,0,0,0,0,1.3829474688263,0,1.17556595537011,2.22064220136331,0,0.557704649906645,0,0,0,0,0,0.557704649906645,0,0.557704649906645,0,0,0,0,0,0,0,0
"TCACACCCAAGGGTCC-1","1",2.11431515770695,0,0,0,0.339796492879769,0,0,0,0,0,0,0,0,0,0,0,0,0,0,0,0,0,1.69585021069173,0,0,2.20753062668842,1.34355175249305,0,0.339796492879769,2.1620086396488,0,0,0,0.339796492879769,0,0,0.339796492879769,0,0,0,0,0,0,1.53513568379646
"TCACACGGTCATTGCG-1","4",1.37921138649419,0,0.466468412985971,0,0,0,0,0,0,0,0,0,0,0,0,0,0,0.466468412985971,0,0,0,0.466468412985971,0.466468412985971,0,1.02355137279936,1.51866423248576,0,0.466468412985971,1.02355137279936,1.9378112130557,0,0.783311086817903,0,0.466468412985971,0,0,0,0,0,0,0,0,0,0.466468412985971
"TCACACGGTTTCACTT-1","0",2.51813174523033,0,0.49080652392207,0,0,0,0,0,0,0,0,0,0,0,0,0,0,0.818574923568788,0,0,0,0.818574923568788,1.56899074733126,0,0.818574923568788,1.56899074733126,0.49080652392207,0.49080652392207,0.49080652392207,0.818574923568788,0,0,0,0,0,0,0,0,0,0,0,0,0,0
"TCACAGGCACTAATGA-1","0",2.29840436694878,0.824067668376799,0,0,0,0,0,0.824067668376799,0,0,0,0,0,0,0,0,0,0,0,0,0,0,1.81140148701079,0,0.824067668376799,2.41930394459983,0,0.824067668376799,0.824067668376799,0.824067668376799,0,0,0,0,0,0,0,0,0,0,0,0,0,0
"TCACATAGTCTGGTGC-1","3",2.45624829490049,0,0,0,0,0,0,0,0,0,0,0,0,0,0,0,0,0,0,0,0,0,0,0,0,0,0,0,0,0,0,0,0,0,0,0,0,0,0,0,0,0,0,1.84537770631748
"TCACATAGTGCAGGAT-1","2",2.05848627700535,0,0,0,0,0,0,0,0,0,0,0,0,0,0,0,0,0,0,0,0,0,0.996404406552007,0,0,1.4854722980702,0,0,0,1.4854722980702,0,0,0,0,0,0,0,0,0,0,0,0,0,0
"TCACATGAGCCATCCC-1","3",3.33143340102506,0,0,0,0,0,0,0,0,0,0,0,0,0,0,0,0,0,0,0,0,0,0,0,0,0,0,0,0,0,0,0,0,0,0,0,0,0,0,0,0,0,0,0
"TCACATGAGTTGGGCT-1","5",2.45792082389104,0,0,0,0,0,0,0,0,0,0,0,0,0,0,0,0,0,0,0,0,0,1.96053737886324,0,0.926552214186581,2.15512038364782,0.926552214186581,1.39910484519709,0,1.71871506905563,0,0,0,0,0,0.926552214186581,0,0,0,0,0,0,0,0
"TCACCATTCACACATG-1","0",2.24873837447879,0,0,0,0,0,0,0,0,0,0,0,0,0,0,0,0,0,0,0,0,1.34162586494832,0,0,0,2.5096830978152,1.34162586494832,0,0.880716983845002,0.880716983845002,0,0,0,0,0,0,0,0,0,0,0,0,0.880716983845002,0
"TCACCGCTCATCATCC-1","6",1.1039742318095,0,0,0,0,0,0,0,0,0,0,0,0,0,0,0,0,1.1039742318095,0,0,0,0,0,0,0,2.2043674648486,0,1.1039742318095,1.1039742318095,0,0,0,0,0,0,0,0,0,0,0,0,0,0,3.50429727953181
"TCACGAATCCATATCC-1","2",1.86386328956419,0,0,0,0,0,0,0,0,0,0,0,0,0,0,0,0,0,0,0,0,0,1.86386328956419,0,0,1.99561170456737,0.646108115811354,0,0,1.03538863907635,0,0,0,0,0.646108115811354,0,0,0,0,0,0,0,0,0.646108115811354
"TCACGACAGGTACGTC-1","0",2.23935253236197,0,0,0,0,0,0,0,0,0,0,0,0,0,0,0,0,0,0,0,0,0.787629184918103,0.787629184918103,0,0.787629184918103,1.52486783772684,1.22270354457535,0.787629184918103,0,0.787629184918103,0,0,0,0,0,0,0,0,0,0,0,0,0,0.787629184918103
"TCACGACAGTCGACAC-1","0",2.08772136400939,0,1.01762939099713,0,0,0,0,0,0,0,0,0,0,0,0.633033094416895,0,0,1.01762939099713,0,0,0,0,0.633033094416895,0,0,2.65673676074939,1.29471143721789,1.29471143721789,0.633033094416895,1.68946295366769,0,0,0,0,0,0,0,0,0,0,0,0,0,0
"TCACGATGTCAAGGGT-1","0",1.608052686181,0,0,0,0,0,0,0,0,0,0,0,0,0,0,0,0,1.29802376685789,0,0,0,1.29802376685789,0,0,1.29802376685789,1.84436850441941,0.846308608903504,0,0,0,0,0,0,0,0,0,0,0,0,0,0.846308608903504,0,0,0.846308608903504
"TCACGCCTCCACGGAT-1","4",2.11511776371944,0,0,0,0,0,0,0,0,0,0,0,0,0,0,0,0,0,0,0,0,1.09471640982517,1.29503218070507,0.508489918276896,0,1.94089836849881,0,0.508489918276896,0.508489918276896,1.60476103316096,0,0,0,0,0,0,0,0,0,0,0,0,0,1.60476103316096
"TCACGCCTCCTTCAGT-1","0",1.7615752705669,0,0,0,0,0,0,0,0,0,0,0,0,0,0,0,0,0.675146207997279,0,0,0,0.675146207997279,0.675146207997279,0,0,2.26994633558427,0.675146207997279,0,1.07453825681622,1.35916991262341,0,0,0,0,0,0,0,0,0,0,0,0,0,0
"TCACGGACAGCAGGAG-1","1",2.08903795286907,0,0,0,0,0,0,0,0,0,0,0,0,0,0,0,0.779106262318108,0,0,0,0,0.779106262318108,1.51261207646434,0,0,1.93117604219985,0,0.779106262318108,0,2.54907281451351,0,0.779106262318108,0,0,1.21165728642836,0,0,0,0,0,0,0,0,0
"TCACGGGTCCGTAGGT-1","8",2.35093591823227,0,0,0,0,0,0,0,0,0,0,0,0,0,0,0,0,0,0,0,0,0.517746815015246,1.31183155328267,0,0,2.13542741691506,0,0.517746815015246,0,1.62323272112313,0,0,0,0,0,0,0,0,0,0,0,0,0.517746815015246,2.67861040064204
"TCACGTCCATGCTGAG-1","1",2.34977086394644,0,0,0,0,0,0,0,0,0,0,0,0,0,0,0,0,0.666965788404635,0,0,0,1.06354919217099,0,0,0,1.56721221467528,0.666965788404635,0.666965788404635,0.666965788404635,2.15019515076257,0,0,0.666965788404635,0,0,0,0,0,0,0,0,0,0,1.06354919217099
"TCACGTTTCCGGATAC-1","2",2.34601438859186,0,0,0,0,0,0,0,0,0,0,0,0,0,0,0,0,0,0,0,0,1.13096197808972,1.64813382893404,0,0.717507027222477,1.98731359644482,0,0,0.717507027222477,1.42261515964248,0,0,0,0,0,0,0,0,0,0,0,0,0,0
"TCACTCCGTAATCCGT-1","4",1.97908817857259,0,0,0,0,0,0,0,0,0,0,0,0,0,0,0,0,0,0,0,0,0,1.32750425289318,0,0,2.60063452421298,0.526445785156009,0.869538401219051,0,0.526445785156009,0,0.526445785156009,0,0,0,0,0,0,0,0,0,0,0,1.32750425289318
"TCACTGTTCCAGATGC-1","16",0,0,0,0,0,0,0,0,0,0,0,0,0,1.4678774264609,0,0,0,0,0,0,0,0,0,0,0,0,0,0,0,0,0,0,0,0,0,0,0,0,0,0,0,0,0,1.4678774264609
"TCACTTATCCTTCAAC-1","4",1.62109914632996,0,0,0,0,0,0,0.410340492064057,0,0,0,0,0,0,0,0,0,0,0,0,0,1.10833940248733,1.71667278018245,0,0,1.71667278018245,0.410340492064057,0.925049381036176,0,1.88413204328389,0,0,0,0,0,0,0,0,0,0,0,0,0,1.8039036492046
"TCAGAGGAGCAATCCA-1","2",0,0,0,0,0,0,1.58802651512561,0,0,0,0,0,0,0,0,0,0,0,0,0,0,1.58802651512561,0,0,0,1.58802651512561,1.58802651512561,0,0,1.58802651512561,0,0,0,0,0,0,0,0,0,0,0,0,0,0
"TCAGCAATCGATATAC-1","3",2.63291959733913,0,0,0,0,0,0,0,0,0,0,0,0,0,0,0,0,2.26275808329496,0,0,0,0,0,0,0,0,0,0,0,0,0,0,0,0,0,0,0,0,0,0,0,0,0,0
"TCAGCAATCGTTACTC-1","0",0.913301193025789,0,0,0,0,0,0,0,0,0,0,0,0,0,0,0,0,0.913301193025789,0,0,0,0,0.913301193025789,0,0,1.94163663827793,0,0.913301193025789,0,2.29809742652466,0,0,0,0,0,0,0,0,0,0,0,0,0,0.913301193025789
"TCAGCCAGTTACACGT-1","1",2.04348017744142,0,0,0,0,0,0,0,0,0,0,0,0,0,0,0,0,0,0,0,0,0,1.17530791500912,0,0,1.8867439028672,1.17530791500912,1.17530791500912,0,1.70079124520676,0,0.75121327806609,0,0,1.47217620058634,0,0,0,0,0,0,0,0,2.29823169877931
"TCAGCGCGTCAGCCAC-1","6",1.71708908713297,1.71708908713297,0,0,0,0,0,0,0,0,0,0,0,0,0,0,0,0,0,0,1.18910726146101,0,1.18910726146101,1.18910726146101,0,1.71708908713297,0,0,1.18910726146101,0,0,0,0,0,0,0,1.18910726146101,0,0,0,0,0,0,3.3467333166902
"TCAGCGCGTTGCTCCT-1","5",1.40813562644129,0,0,0,0,0,0,0,0,0,0,0,0,0,0,0,0,0,0,0,0,0.933801740758446,0.933801740758446,0,0,1.40813562644129,0.933801740758446,0,0,0.933801740758446,0,0,0,0,0,0,0,0,0,0,0,0,0,1.97083301450523
"TCAGGTCAGCCTGTCC-1","0",1.63396202476441,0,0,0,0,0,0,0,0,0,0,0,0,0,0,0,0,0.708545085622813,0,0,0,1.40930321104762,1.63396202476441,0,0,1.63396202476441,0.708545085622813,0,1.40930321104762,0.708545085622813,0,0,0,0.708545085622813,0,0,0,0,0,0,0,0,0,0
"TCAGGTCAGGAATGAC-1","2",1.96579963569402,0,0,0,0,0,0,0,0,0,0,0,0,0,0,0,0,0,0,0,0,0,1.72374204183728,0,0.930254799141195,2.58635254369852,0,0,0,1.96579963569402,0,0,0,1.40371918852262,0,0,0,0,0,0,0,0,0,0
"TCAGGTTGTTAGCTGT-1","2",1.48772323750969,0,0,0,0,0,0,0,0,0,0,0,0,0,0,0,0,0,0,0,0,0.76189632422873,1.48772323750969,0,0.76189632422873,1.1892661492317,0,1.1892661492317,0,1.1892661492317,0,0,0,0,0,0,0,0,0,0,0,0,0,0
"TCAGTAACACCTTAAT-1","4",1.65416027438421,0,0.612878917455206,0,0,0,0,0,0,0,0,0,0,0,0,0,0,0.612878917455206,0,0,0,0.612878917455206,1.65416027438421,0,0,1.65416027438421,0,0.612878917455206,1.47772199822313,0.99008935790577,0,0,0,0,0,0,0,0,0,0,0,0,0,1.65416027438421
"TCAGTAACAGTTGACG-1","7",1.94214817471432,0,0,0,0,0,0,0,0,0,0,0,0,0,0,0,0,0,0,0,0,0.913658836587725,1.7011574241077,0,0,2.13619332832078,0,0.557736569820248,0.557736569820248,1.94214817471432,0,0,0,0,0,0,0,0,0,0,0,0,0,0.913658836587725
"TCAGTAACATCCGGTT-1","11",1.22270354457535,0,0,0,0,0,0,0,0,0,0,0,0,0,0,0,0,1.22270354457535,0,0,0,0,0,0,0,2.10280065697647,0,0,1.22270354457535,0,0,0,0,0,0,0,0,0,0,0,0,0,0,0
"TCAGTAACATTACCTG-1","0",1.63421101763932,0.708702140115139,0,0,0,0,0,0,0,0,0,0,0,0,0,0,0,0,0.708702140115139,0,0,1.11929892727683,0.708702140115139,0,0.708702140115139,2.51324176580309,0,0.708702140115139,0,0.708702140115139,0,0,0,0,0,0,0,0,0,0,0,0,0,0
"TCAGTAGTCAGCAGTC-1","10",1.86678477415487,0,0,2.4794699915835,0,0,0,0,1.86678477415487,0,0,0,0,0,0,0,0,0,0,0,0,0,0,1.86678477415487,0,0,0,0,0,0,0,0,0,0,0,0,0,0,0,0,0,0,0,0
"TCAGTAGTCTATCTGC-1","0",2.6382297486952,0,0,0,0,0,0,0,0,0,0,0,0,0,0,0,0,0,0,0,0,0.733505814146228,1.15206977988174,0,0,2.14903494717317,0,0,1.15206977988174,0,0,0,0.733505814146228,0,0,0,0,0,0,0,0,0,0,1.15206977988174
"TCAGTCAAGAAGCGGC-1","5",2.55340755255734,0,0,0,0,0,0,0,0,0,0,0,0,0,0,0,0,0.873054998232517,0,0,0,1.12859851339509,1.12859851339509,0,0,1.98430126727347,0.528925040201336,0.873054998232517,0.873054998232517,1.77151408097895,0,0,0,0,0,0,0,0,0,0,0,0,0,0.528925040201336
"TCAGTCAAGCTGGATC-1","3",0,0,0,0,0,0,0,0,0,0,0,0,0,0,0,0,0,0,0,0,0,0,0,0,0,2.5074797135716,0,0,0,0,0,0,0,0,0,0,0,0,0,0,0,0,0,0
"TCAGTCAAGTATGACT-1","1",2.31011533659426,0,0,0,0,0,0,0,0,0,0,0,0,0,0,0,0,0,0,0,0,0.831391616318598,0.831391616318598,0,0,1.82229668049869,0,0,0,2.17237096816587,0,0,0,0,0.831391616318598,0,0,0,0,0,0,0,0,2.63656306559002
"TCAGTTGAGGCGATGA-1","15",1.91699085060714,0,0,0,0,0,0,0,0,0,0,0,0,0,0,0,0,0,0,0,0,0,1.07619216291704,0,1.07619216291704,2.16721796495181,1.07619216291704,0,0,0,0,0,0,1.07619216291704,0,0,0,0,0,0,0,0,0,1.07619216291704
"TCAGTTGAGTGCGCTG-1","9",2.98910659858185,0,0,0,0,0,0,0,0,0,0,0,0,0,0,0,0,0,0,0,0,0,0,0,0,2.34506608797021,0,0,0,0,0,2.34506608797021,0,0,0,0,0,0,0,0,0,0,0,0
"TCAGTTGAGTGGGTCT-1","4",1.53388961764228,0,0,0,0,0,0,0,0,0,0,0,0,0,0,0,0,0.418350753691168,0,0,0,1.28017457795991,1.41505702353782,0,0,1.6400889876468,0,0.418350753691168,0.418350753691168,1.82366750804104,0,0,0,0,0,0,0,0,0,0,0,0,0,1.53388961764228
"TCATAACAGTCATCAG-1","4",1.80941595476834,0.547863711931851,0,0,0,0,0,0,0,0,0,0,0,0,0,0,0,0,0,0,0,1.15960162109072,0.899798879672802,0,0.547863711931851,1.92226624171488,0.547863711931851,1.15960162109072,0,0,0,0,0,0,0,0,0,0,0,0,0,0,0,0
"TCATAGGTCCAGCCCT-1","9",2.3719407104721,0,0,0,0,0,0,0,0,0,0,0,0,0,0,0,0,0,0,0,0,0,0,0,0,0,0,0,0,0,0,0,0,0,0,0,0,0,0,0,0,0,0,0
"TCATAGGTCCCCTGTA-1","1",1.04628799616369,0,0,0,0,0,0,0,0,0,0,0,0,0,0,0,0,0,0,0,0,1.3272327487892,1.3272327487892,0,0,2.0101880683992,0.654162863548598,0.654162863548598,1.04628799616369,2.63400474297865,0,1.04628799616369,0,0,1.54631201209023,0,0,0,0,0,0,0,0,0
"TCATAGGTCCGTAAGC-1","13",0,0,0,0,0,0,0,0,0,0,0,0,0,0,0,0,0,0,0,0,0,0,0,0,0,0,0,0,0,0,0,0,0,0,0,0,0,0,0,0,0,0,0,3.96613110475917
"TCATATGGTAGTGAGC-1","6",0,0,0,0,0,0,0,0,0,0,0,0,0,0,0,0,0,0,0,0,0,0,0,0,0,0,0,0,0,0,0,0,0,0,0,0,0,0,0,0,0,0,0,2.47646970543099
"TCATATGGTGGCAGCA-1","1",2.06769877965801,0,0,0,0,0,0,0,0,0,0,0,0,0,0,0,0,0,0,0,0,1.40354551405909,1.96560163678061,0,0,1.85188289787822,1.40354551405909,0,0.569510000351102,2.46330938108523,0,0.569510000351102,0,0,0,0,0,0,0,0,0,0,0,1.40354551405909
"TCATATGGTTGACGAA-1","2",1.51936089259007,0,0,0,0,0,0,0,0,0,0,0,0,0,0,0,0,0,0,0,0,0,2.35310176226947,0,0,2.0966191545115,0,0,0.783795599970405,2.0966191545115,0,0,0,0,0,0,0,0,0,0,0,0,0,0
"TCATCAAGTAGTGCCC-1","3",3.39142087940008,0,1.75521459864998,0,0,0,0,0,0,0,0,0,0,0,0,0,0,1.75521459864998,0,0,0,0,0,0,0,0,0,0,0,0,0,0,1.75521459864998,0,0,0,0,0,0,0,0,0,0,0
"TCATCATCAGGACTGC-1","3",3.2129429350462,0,1.94061461225251,0,0,0,0,0,0,0,0,0,0,0,0,0,0,0,0,0,0,0,0,0,0,0,0,0,0,0,0,0,0,0,0,0,0,0,0,0,1.94061461225251,0,0,0
"TCATCGTTCCCGCTGT-1","0",2.17886916816853,0,0.626313181085897,0,0,0,0,0,0,0,0,0,0,0,0,0,0,0,0,0,0,1.28429007997519,1.00846940579964,0,1.00846940579964,2.17886916816853,0.626313181085897,0.626313181085897,0,1.95937711808689,0,0,0,0,0,0,0,0,0,0,0,0,0,0
"TCATCGTTCTATGTGG-1","8",2.42484070593061,0,0.619699274436789,0,0,0,0,0,0,0,0,0,0,0,0,0,0,0,0,0,0,0.619699274436789,1.66616704959864,0,0.619699274436789,2.34584188921782,0.619699274436789,0.999431968578476,0,1.27399518860114,0,0,0,0,0.619699274436789,0,0,0,0,0,0,0,0,2.49805304626482
"TCATCTATCCGCAAGT-1","0",1.85547158352969,0,0,0,0,0,0,0,0,0,0,0,0,0,0,0,0,1.02898983583195,0,0,0,1.85547158352969,1.02898983583195,0,0,1.52528980416927,0,1.02898983583195,0,0,0,0,0,0,0,0,0,0,0,0,0,0,0,0
"TCATCTATCGATATGT-1","0",2.50261184810186,0,0.956299836011631,0,0,0,0,0,0,0,0,0,0,0,0,0,0,0,0,0,0,0,0,0,0,2.36201405900932,0,0,0,0,0,0,0,0,0,0,0,0,0,0,0,0,0,0
"TCATGCAAGGATGCAG-1","7",0.849590125001239,0,0.849590125001239,0,0,0,0,0,0,0,0,0,0,0,0,0,0,0,0,0,0,1.30219950096246,2.04036807337492,0,0.849590125001239,1.8492029334185,0.849590125001239,0.849590125001239,0,1.8492029334185,0,0,0,0,0,0,0,0,0,0,0,0,0,1.30219950096246
"TCATGCAAGTTGGCCG-1","0",0.879189644625125,0,0,0,0,0,0,0,0,0,0,0,0,0,0,0,0,0,0,0,0,0,1.13572187058798,0,0,2.08501772350135,0.533256210320347,0.533256210320347,0,0.879189644625125,0,0,0,0,0.533256210320347,0,0,0,0,0,0,0,0,0.879189644625125
"TCATGGATCGTTAGCA-1","0",2.23329465736495,0,0,0,0,0,0,0,0,0,0,0,0,0,0,0,0,0,0,0,0,0,0.980620967409757,0,0,2.53866690871138,0.980620967409757,1.4660807111218,0,0.980620967409757,0,0,0,0,0,0,0.980620967409757,0,0,0,0,0,0,0
"TCATGGGCAGCTAACG-1","0",1.52957198116298,0,0.790908985793254,0,0,0,0,0,0,0,0,0,0,0,0,0,0,0,0,0,0,1.22694698097595,0,0,0,2.47220986363804,0,0.790908985793254,0,0.790908985793254,0,0,0,0,0,0,0,0,0,0,0,0,0,0
"TCATGGGCAGGATTAC-1","0",1.78504118771959,0,0.689121630308518,0,0,0,0,0,0,0,0,0,0,0,0,0,0,0,0,0,0,1.09324127913809,0.689121630308518,0,0.689121630308518,2.29532739404333,0,0,0,0.689121630308518,0,0,0,0,0,0,0,0,0,0,0,0,0,0
"TCATGTGAGGATCCCG-1","8",1.79228049252958,0,0,0,0,0,0,0,0,0,0,0,0,0,0,0,0,0.811277595245076,0,0,0,0,1.55863822583583,0,0,0.811277595245076,0,0,0,0.811277595245076,0,0,0,0.811277595245076,0,0,0,0,0,0,0,0,0,2.84840110633084
"TCATGTTCATTCATGT-1","7",1.74577992111071,0,0,0,0,0,0,0,0,0,0,0,0,0,0,0,0,0,0,0,0,0.780513272303516,1.51463848202372,0,0.464548854662656,2.55146831220915,0.780513272303516,0,0.464548854662656,2.68100856871533,0,0,0,0,0,0,0,0,0,0,0,0,0,0
"TCATTCGCATTAGCGG-1","15",2.52821114651093,0,0,0,0,0,0,0,0,0,0,0,0,0,0,0,0,1.27045130667213,0,0,0,0.824714762762346,2.29944114250408,0,0,1.81236568257001,0.824714762762346,0,0.824714762762346,0,0,0,0,0,0,0,0,0,0,0,0,0,0,0
"TCATTGCTCAGCAACC-1","1",1.26907063193808,0,0,0,0,0,0,0,0,0,0,0,0,0,0,0,0,0,0,0,0,0.99511294292972,1.26907063193808,0,0.616544131602954,1.94127146886265,0,0.616544131602954,1.26907063193808,2.16017258214027,0,0.616544131602954,0,0,0,0,0,0,0,0,0,0,0,1.48388822135004
"TCATTGCTCATGCAGC-1","12",2.12911315147707,0,0,0,0,0,0,0,0,0,0,0,0,0,0,0,0,0,0,0,0,0,0,0,0,0,0,0,0,0,0,0,0,0,0,0,0,0,0,0,0,0,0,0
"TCCAACTTCCATCGTT-1","1",1.82615468759847,0.713925943661426,0,0,0,0,0,0.713925943661426,0,0,0,0,0,0,0,0,0,0,0,0,0,1.12622245520678,1.6424797983952,0,0,0.713925943661426,0,0.713925943661426,1.41730280817944,2.233871287642,0,0,0,0,0,0,0,0,0,0,0,0,0,0.713925943661426
"TCCAACTTCGAACCGT-1","0",2.10448545261394,0,0,0,0,0,0,0,0,0,0,0,0,0,0,0,0,0,0,0,0,0.955757667059396,1.22405785766367,0,0.58796449800622,2.36121634457829,0.955757667059396,0,0,0,0,0,0,0,0,0,0,0,0,0,0,0,0,0
"TCCAAGGCACCAGGAC-1","4",1.75205563971062,0,0,0,0,0,0,0,0,0,0,0,0,0,0,0,0,0,0,0,0,0.722322331288123,1.29418580839226,0,0,0.951200143246235,0,0,0.722322331288123,1.92068816974959,0,0,0.425009476394049,0,0,0,0,0,0,0,0,0,0,0.425009476394049
"TCCAATAGTTAGCATC-1","5",2.16509018888891,0,0,0,0,0,0,0,0,0,0,0,0,0,0,0,0,0.61910514971848,0,0,0,0.61910514971848,0,0,0,2.49687221000783,0,1.27306854236078,0.61910514971848,0.61910514971848,0,0,0.61910514971848,0,0,0,0,0,0,0,0,0,0,0.998619064495
"TCCAATAGTTATGGAG-1","4",1.90222542491075,0.595754044570011,0,0,0,0,0,0,0,0,0,0,0,0,0,0,0,1.44870427462118,0,0,0,1.23640002269911,0.595754044570011,0,0.966526377809191,0.966526377809191,0.966526377809191,0,0,1.90222542491075,0,0,0,0,0,0,0.595754044570011,0,0,0,0,0,0,0.966526377809191
"TCCAATTCAGTAAGGA-1","1",1.70470718435615,0,0.916260732924116,0,0,0,0,0,0,0,0,0,0,0,0,0,0,0,0,0,0,0,1.38625686229172,0,0,2.6741020989464,0.559594360205797,0,0.916260732924116,1.83253946496627,0,0,0,0,0,0,0,0,0,0,0,0,0,0.916260732924116
"TCCACACCAATAGCAC-1","2",1.48086315944951,0,0,0,0,0,0,0,0,0,0,0,0,0,0,0,0,0,0,0,0,0.992647725876242,1.80748659635128,0,0,2.05328726355058,0,0.61474488392259,0.61474488392259,1.9379202400394,0,0,0,0,0,0,0,0,0,0,0,0,0,0
"TCCACACCAATGAGTC-1","2",1.4222967043771,0,0,0,0,0,0,0,0,0,0,0,0,0,0,0,0,0,0,0,0,1.13067778526895,2.52873649294958,0,0,1.98695148479768,0,0,0.717292180242651,2.60907903815974,0,0,0,0,0,0,0,0,0,0,0,0,0,0
"TCCACACCACTCAATT-1","4",2.20758551013565,0,0.571449338721159,0,0,0,0,0,0,0,0,0,0,0,0,0,0,0.326000357181022,0,0,0,0.326000357181022,1.5798357885111,0,0.326000357181022,1.40691207519541,0,0.326000357181022,0.571449338721159,0.571449338721159,0,0,0,0.326000357181022,0,0,0,0,0,0,0,0,0,0.768369484649478
"TCCACACCATCCCAGT-1","7",1.7816919461522,0,0,0,0,0,0,0,0,0,0,0,0,0,0,0,0.28467244349744,0,0,0,0,1.09056639493806,2.02637437821052,0,0.28467244349744,2.22280169633671,0.973288128671566,0.506005860045106,0.687118837434812,2.62783275214368,0,0,0,0,0,0,0,0,0,0,0,0,0,0.840405351098992
"TCCACATTCGCGCGTA-1","4",1.95583257731429,0,0.474356811098899,0,0,0,0,0,0.474356811098899,0,0,0,0,0,0,0,0,0,0.474356811098899,0,0,0,1.95583257731429,0,0,1.39498185674051,0,0.794783014020278,0,0.794783014020278,0,0,0,0,0,0,0,0,0,0,0,0,0,0.474356811098899
"TCCACCATCTAGTTCC-1","6",0,1.19101704552486,0,0,0,0,0,0,0,0,0,0,0,0,0,0,0,0,0,0,0,0,0,0,0,1.71934145980446,0,0,0,0,0,0,0,0,0,0,0,0,0,0,0,0,0,4.21097663292715
"TCCACCGCACCTTACA-1","1",2.01216349031619,0,0,0,0,0,0,0,0,0,0,0,0,0,0,0,0,0,0,0,0,0.542290804571466,1.6714083440343,0,0,1.9109547275042,0,0.891950828852708,0.891950828852708,2.68641147596263,0,0,0.891950828852708,0,1.35577577517915,0,0,0,0,0,0,0,0,0
"TCCACCTGTTAAGGGC-1","0",2.04182530667018,0,0,0,0,0,0,0,0,0,0,0,0,0,0,0,0,0,0,0,0,0.750209365486756,0.750209365486756,0,0.750209365486756,1.88513086911036,0,0.750209365486756,0.750209365486756,1.69923714555793,0,0,0,0,0,0,0,0,0,0,0,0,0,0
"TCCACTTAGAACCTTG-1","3",3.13004461116159,0,0,0,0,0,0,0,0,0,0,0,0,0,0,0,0,0,0,0,0,0,0,0,0,0,0,0,0,0,0,0,0,0,0,0,0,0,0,0,0,0,0,0
"TCCAGCTCACCTGCAT-1","3",2.96175170235254,1.40002490112502,0,0,0,0,0,0,0,0,0,0,0,0,0,0,0,0,0,0,0,0,0,0,0,1.96158689484348,0,0,0,0,0,0,0,0,0,0,0,0,0,0,0,0,0,1.40002490112502
"TCCAGCTCACTCAATT-1","2",0,0,0,0,0,0,0,0,0,0,0,0,0,0,0,0,0,0,0,0,0,0,2.68839286825371,0,0,0,0,0,0,0,0,0,0,0,0,0,0,0,0,0,0,0,0,0
"TCCAGCTCATTACATC-1","0",2.47532534647943,0,0,0,0,0,0,0,0,0,0,0,0,0,0,0,0,0,0,0,0,1.07192038955691,1.70152379705483,0,0.49489612908787,2.23261982268292,0.49489612908787,0,0.82446298746191,1.07192038955691,0,0,0,0,0,0,0.49489612908787,0,0,0,0,0,0,0
"TCCAGGCGTAGTCCTG-1","2",2.13830342727393,0,0.809820707614771,0,0,0,0,0,0,0,0,0,0,0,0,0,0,0,0,0,0,0,1.25133623120099,0,0,1.7900947443555,0,0,1.55656757939767,1.7900947443555,0,0,0,0,0,0,0,0,0,0,0,0,0,0
"TCCAGGTAGTTGCACA-1","5",2.84534274510818,0,1.44491487862476,0,0,0,0,0,0,0,0,0,0,0,0,0,0,0,0,0,0,0,1.44491487862476,0,0,2.0126313986016,0,0,0,2.0126313986016,0,0,0,0,0,0,0,0,0,0,0,0,0,0
"TCCAGTTTCGTGCTAA-1","6",0,2.57591142552222,0,0,0,0,0,0,0,0,0,0,0,0,0,0,0,0,0,0,0,0,0,0,0,0,0,0,0,0,0,0,0,0,0,0,0,0,0,0,0,0,0,2.57591142552222
"TCCATCCGTAGTCAGA-1","1",1.9606382303431,0,0,0,0,0,0,0,0,0,0,0,0,0,0,0,0,0.66220090105109,0,0,0,1.55945349612992,1.45551570996276,0,0,2.1952192500153,0.879038593468768,0.66220090105109,0.384941026147788,1.89225796371545,0,0,0,0,0,0,0,0,0,0,0,0,0,1.55945349612992
"TCCATCCGTCTAAGCT-1","4",2.27892361636266,0,0,0,0,0,0,0,0,0,0,0,0,0,0,0,0,0.43688958848152,0,0,0,1.45565972513391,0.43688958848152,0,0.73992118342214,0.73992118342214,0,0.73992118342214,0.73992118342214,1.78018717939735,0,0,0,0,0,0,0,0,0,0,0,0,0,0
"TCCATCCGTCTGTGCA-1","5",1.89277652766277,0,0,0,0,0,0,0,0,0,0,0,0,0,0,0,0,0,0,0,0,0.879395712479259,1.65409187902948,0,0,2.08532623654161,0,0,0.879395712479259,2.24671921494091,0,0,0,0,0,0,0,0,0,0,0,0,0,0
"TCCATGAAGTAGCAGG-1","2",1.54100401245416,0.798899009077392,0,0,0,0,0,0,0,0,0,0,0,0,0,0,0,0,0,0,0,1.54100401245416,1.77365793827803,0,0,2.58255649688697,0,0.798899009077392,0,0.798899009077392,0,0,0,0,0,0,0,0,0,0,0,0,0,0.798899009077392
"TCCATGGGTAGTGCGG-1","7",1.39795674245062,0,0,0,0,0,0,0,0,0,0,0,0,0,0,0,0,0.925631492455476,0,0,0,0,2.68860582772415,0,1.39795674245062,2.31656371763325,0,0,0,3.10586201990196,0,0,0,0.925631492455476,0,0,0,0,0,0,0,0,0,1.39795674245062
"TCCATGGGTTTCGGGC-1","0",1.51912858839039,1.84882702090996,0,0,0,0,0,0,0,0,0,0,0,0,0,0,0,0,0,0,0,0,1.02393231919862,0,0,2.8365660634208,1.02393231919862,0,1.02393231919862,1.51912858839039,0,0,0,0,0,0,0,0,0,0,0,0,0,1.51912858839039
"TCCATTATCGAACGGA-1","1",2.2049655910567,0,0,0,0,0,0,0,0,0,0,0,0,0,0,0,0,0,0,0,0,0,1.30562099059882,0,0.852281100215496,2.75968640911587,0.852281100215496,0.852281100215496,0,2.34324029485602,0,0,0,0,0,0,0,0,0,0,0,0,0,1.61640751577053
"TCCATTATCGATCACA-1","5",1.58339518249613,0,0,0,0,0,0,0,0,0,0,0,0,0,0,0,0,1.07695738560509,0,0,0,1.07695738560509,1.58339518249613,0,0,2.8595537212021,0.676950124351062,0.676950124351062,0,0.676950124351062,0,0,0,0,0,0,0.676950124351062,0,0,0,0,0,0,0
"TCCATTATCGTGACCG-1","4",2.01935399929964,0,0.434670921577096,0,0,0,0,0,0,0,0,0,0,0,0,0,0,0.736642138972895,0,0,0,1.15619508548326,0.968262186850646,0,0.434670921577096,1.31433467592235,0,0.434670921577096,0.434670921577096,1.77496803846724,0,0,0,0.434670921577096,0,0,0,0,0,0,0,0,0,1.77496803846724
"TCCCAACCAGCTCATC-1","3",3.50680366271874,0,0,0,0,0,0,0,0,0,0,0,0,0,0,0,0,0,0,0,0,0,0,0,2.01066810647351,2.01066810647351,2.01066810647351,0,0,0,0,0,0,0,0,0,0,0,0,0,0,0,0,0
"TCCCAAGGTAAGGTCA-1","4",2.49259563078473,0,0,0,0,0,0,0,0,0,0,0,0,0,0,0,0,0,0,0,0,0.869860509635282,1.32791174714174,0,0,1.64088498456524,0,0.869860509635282,1.32791174714174,2.07101736125158,0,0,0,0,0,0,0,0,0,0,0,0,0,2.23210549767462
"TCCCAATTCACCAGTA-1","0",1.60576803715968,0,0,0,0,0,0,0,0,0,0,0,0,0,0,0,0,0,0,0,0,0,1.60576803715968,0,1.09555499531238,1.09555499531238,1.09555499531238,0,1.09555499531238,1.09555499531238,0,0,0,0,0,0,0,0,0,0,0,0,0,1.09555499531238
"TCCCACGCAAGGTGCC-1","14",1.19181481021785,0,0,0,0,0,0,0,0,0,0,0,0,0,0,0,0,0,0,0,0,0,0,0,0,0,0,0,0,0,0,0,0,0,0,0,0,0,0,0,0,0,0,0
"TCCCACGCACATGCCT-1","0",2.0668947854509,0,0,0,0,0,0,0,0,0,0,0,0,0,0,0,0,0,0,0,0,0,0.929558152174126,0,0,2.1595166859141,0.569110444296509,0,0.929558152174126,1.40285131397592,0,0,0.569110444296509,0,0,0,0,0,0,0,0,0,0,0.929558152174126
"TCCCACGCACTTCGCG-1","3",2.89450536427421,0,0,0,0,0,0,0,0,0,0,0,0,0,0,0,0,0,0,0,0,0,0,0,0,0,0,0,0,0,0,0,0,0,0,0,0,0,0,0,0,0,0,0
"TCCCAGCTCCTTCGTG-1","2",1.68522662049341,0,0,0,0,0,0,0,0,0,0,0,0,0,0,0,0,0,0,0,0,1.29094024361921,2.71202588454279,0,0,1.83616028936383,0,0,1.29094024361921,1.29094024361921,0,0,0,0.630598476898714,1.0143133186067,0,0,0,0,0,0,0,0,0.630598476898714
"TCCCATTAGAAGCTAA-1","3",1.97670334482511,0,0,0,0,0,0,0,0,0,0,0,0,0,0,0,0,0,0,0,0,0,0,0,0,0,0,0,0,0,0,0,0,0,0,0,0,0,0,0,0,0,0,0
"TCCCATTAGATTGAGA-1","9",3.48494256086516,0,0,0,0,0,0,0,0,0,0,0,0,2.18662845170472,0,0,0,2.82199040652611,0,0,0,0,0,0,0,0,0,0,0,0,0,0,0,0,0,2.82199040652611,0,0,0,0,0,0,0,0
"TCCCCAGCAAACTGAC-1","2",1.62361394587156,0,0,0,0,0,0,0,0,0,0,0,0,0,0,0,0,0,0,0,0,1.74919100393324,1.62361394587156,0,0,1.86074329315197,0,0,1.47997156999031,1.86074329315197,0,0,0,0,0,0,0,0,0,0,0,0,0,0
"TCCCCAGCATCACTCA-1","0",1.65889626189794,0,0.882873083104735,0,0,0,0,0,0,0,0,0,0,0,0,0,0,0,0,0,0,0,0.882873083104735,0,0,2.25203029323003,0,0.882873083104735,0,0,0,0,0,0,0,1.34434484664699,0,0,0,0,0,0,0,0
"TCCCCTGGTGCACCAC-1","0",2.11305557627138,0,0,0,0,0,0,0,0,0,0,0,0,0,0,0,0,0,0,0,0,1.64021460899844,0.71249332828381,0,1.12432486493893,2.23136316258404,1.12432486493893,0.71249332828381,0,0.71249332828381,0,0,0,0,0,0,0,0,0,0,0,0,0,0
"TCCCGTTGTAGCGCCT-1","0",2.00419705415718,0,0,0,0,0,0,0,0,0,0,0,0,0,0,0,0,1.27202018532068,0,0,0,0,0.825939985138497,0,0,1.57940750439693,0.825939985138497,0.825939985138497,0,0,0,1.27202018532068,0,0,0,0,0,0,0,0,0,0,0,0
"TCCCGTTGTGGGTCCT-1","2",2.18967514602189,0,0,0,0,0,0,0,0,0,0,0,0,0,0,0,0,0,0,0,0,0.84245120190326,0.84245120190326,0,0,1.60264599414616,0,0,1.29311042269875,0,0,0,0,0,0,0,0,0,0,0,0,0,0,0
"TCCCGTTGTTCGATTA-1","6",0,0,0,0,0,0,0,0,0,0,0,0,0,0,0,0,0,1.10276278331292,0,0,0,0,0,0,0,2.40355077734596,0,0,0,0,0,0,0,0,0,0,0,0,0,0,1.10276278331292,0,0,4.01343975141946
"TCCCTAACAATGCGTG-1","2",2.3348933362267,0,0,0,0,0,0,0,0,0,0,0,0,0,0,0,0,0,0,0,0,2.3348933362267,2.3348933362267,0,0,0,0,0,2.3348933362267,0,0,0,0,0,0,0,0,0,0,0,0,0,0,0
"TCCCTAACACAGGATT-1","1",1.79000237334721,0,0,0,0,0,0,0,0,0,0,0,0,0,0.441080089202828,0,0,0,0,0,0,0.441080089202828,1.87852596277867,0,0,2.44524011157929,0.746105016315953,0.441080089202828,0,1.46471524379986,0,0,0,0,0,0,0,0,0,0,0,0,0,1.58528789570987
"TCCCTAACAGGGCTAC-1","0",1.48027299565275,0,0,0,0,0,0,0,0,0,0,0,0,0,0,0,0,0,0,0,0,0.992166944000278,1.80684800419156,0,0.614394123181311,2.55563750946174,0.614394123181311,1.2657098870653,0.614394123181311,0.992166944000278,0,0,0,0.614394123181311,0,0,0,0,0,0,0,0,0,0.992166944000278
"TCCCTGATCAGGAGTG-1","10",0,0,0,0,0,0,0,0,2.41442153948435,0,0,0,0,0,0,0,0,0,0,0,0,0,0,0,0,0,0,0,0,0,0,0,0,0,0,0,2.41442153948435,0,0,0,0,0,0,2.41442153948435
"TCCCTTAGTAACCGGG-1","1",1.80947696635039,0,0,0,0,0,0,0,0,0,0,0,0,0,0,0,0,0,0,0,0,0.703815303072055,1.62645270411167,0,0.703815303072055,1.96412927648664,1.40225416789642,0,0.703815303072055,1.80947696635039,0,0,0,0,1.11281131018277,0,0,0,0,0,0,0,0,1.40225416789642
"TCCTAATCAACTTAGA-1","5",2.26424707503429,0,0,0,0,0,0,0,0,0,0,0,0,0,0,0,0,0.802890096214835,0,0,0,1.77967491724431,1.24241374783911,0,0,2.12726618711613,1.24241374783911,1.24241374783911,0,2.26424707503429,0,0,0,0,0,0,0,0,0,0,0,0,0,0
"TCCTAGAAGATTAACC-1","3",2.01685551058656,0,0,0,0,0,0,0,0,0,0,0,0,0,0,0,0,0,0,0,0,0,0,0,0,0,0,0,0,0,0,0,0,0,0,0,0,0,0,0,0,0,0,0
"TCCTAGAAGGTGAGCA-1","0",1.24127569894205,0,0,0,0,0,0,0,0,0,0,0,0,0,0,0,0,0,0,0,0,0,0,0,0,2.38325207355185,0,1.24127569894205,0.80200710120704,1.24127569894205,0,0,0,0,0,0,0,0,0,0,0,0,0,0
"TCCTATTGTTCGTAAC-1","1",0.98434978200786,0,0,0,0,0,0,0,0,0,0,0,0,0,0,0,0,0,0,0,0,0.750179881151647,1.33327646155134,0,0.4438460005267,1.96649604458158,0.4438460005267,0.98434978200786,0.98434978200786,0.98434978200786,0,0,0,0,0,0,0,0,0,0,0,0,0,1.33327646155134
"TCCTCGATCCGCTACC-1","2",1.78396881502874,0,0,0,0,0,0,0,0,0,0,0,0,0,0,0,0,0,0,0,0,0.688480075122052,1.78396881502874,0,0,1.93789601044786,0.688480075122052,0,0.688480075122052,1.37928550926421,0,0,0,0,0,0,0.688480075122052,0,0,0,0,0,0,0
"TCCTCGATCGTTCATC-1","10",0,1.90618529968292,0,0,0,1.90618529968292,0,0,0,0,0,0,0,0,0,0,0,1.90618529968292,0,0,0,0,0,2.52210237515815,0,1.90618529968292,0,0,0,0,0,0,0,0,0,1.90618529968292,1.90618529968292,0,0,2.52210237515815,0,0,0,0
"TCCTCTTCAACCCTAC-1","1",1.99388740483694,0,0,0,0,0,0,0,0,0,0,0,0,0,0,0,0,0,0,0,0,0.645158761247598,1.42839883905126,0,0,2.3088550458662,0.645158761247598,0.85842196119403,0.85842196119403,2.21447567900599,0,0.373730052770521,0,0,0,0,0,0,0,0,0,0,0,1.31341957649378
"TCCTCTTCAATATGGC-1","0",1.99968320200035,0,0,0,0,0,0,0,0,0,0,0,0,0,0,0,0,0,0,0,0,0.954233285403035,0,0,0,2.9211955626289,0.954233285403035,0,0,0.954233285403035,0,0,0,0,0,0,0,0,0,0,0,0,0,0
"TCCTGACCAAACTGGT-1","1",1.44764588007413,0,0,0,0,0,0,0,0,0,0,0,0,0,0,0,0,0.965669377314345,0,0,0,0,1.44764588007413,0,1.44764588007413,1.44764588007413,1.77149479636336,0.965669377314345,0,2.3757678301116,0,0,0,0,0,0,0,0,0,0,0,0,0,1.44764588007413
"TCCTGACCATAACTTC-1","6",0,1.10762620682353,0,0,0,0,0,0,0,0,0,0,0,0,1.6202449049874,0,0,0,0,0,0,0,0,0,0,2.20922516913335,0,0,0,0,0,0,0,1.10762620682353,0,0,0,0,0,0,0,0,0,4.15641259553782
"TCCTGCATCTGTAAGT-1","1",2.71978670318487,0,0,0,0,0,0,0,0,0,0,0,0,0,0,0,0,0,0,0,0,1.81731407092988,1.58237039796396,0,0,1.27470665202319,0.828038969760646,0,0.828038969760646,2.30476084007538,0,0,0,0,0,0,0,0,0,0,0,0,0,0.828038969760646
"TCCTGTTAGGTCCAGT-1","0",1.39589564447799,0,0,0,0,0,0,0,0,0,0,0,0,0,0,0,0,0,0,0,0,0.699558267916835,0.699558267916835,0,0,1.10715130377471,0,0,1.10715130377471,0.699558267916835,0,0,0,0,0,0,1.10715130377471,0,0,0,0,0,0,0
"TCCTGTTAGTACGGAG-1","5",1.93487347537777,0,0,0,0,0,0,0,0,0,0,0,0,0,0,0,0,0,0,0,0,0.613111524252082,1.93487347537777,0,0,2.33290433468468,0.613111524252082,0,0,2.97632878811659,0,0,0,0,0,0,0,0,0,0,0,0,0,1.26370307592575
"TCCTTATGTAACGAAT-1","8",1.86886767329157,0,0,0,0,0,0,0,0,0,0,0,0,0,0,0,0,0,0,0,0,1.039210617777,1.53772043055661,0,0,2.11721147314101,1.53772043055661,0.648929991901209,0.648929991901209,2.22153018051283,0,0,0,0,0,0,0,0,0,0,0,0,0,2.80513872458438
"TCCTTCCTCAGCACGT-1","3",2.39926002598991,0,0,0,0,0,0,0,0,0,0,0,0,0,0,0,0,0,0,0,0,0,0,0,0,0,0,0,0,1.79301056409911,0,0,0,0,0,0,0,0,0,0,0,0,0,0
"TCCTTCCTCAGGAGAT-1","1",1.98956255263965,0,0.816455749079109,0,0,0,0,0,0,0,0,0,0,0,0,0,0,0,0,0,0,1.25986163338954,1.25986163338954,0,0.816455749079109,1.98956255263965,0,0.816455749079109,1.25986163338954,0.816455749079109,0,0,0,0,0,0,0,0,0,0,0,0,0,1.98956255263965
"TCCTTCCTCATCACTC-1","3",2.13764341491566,0,0,0,0,0,0,0,0,0,0,0,0,0,0,0,0,2.13764341491566,0,0,0,0,0,0,0,2.13764341491566,0,0,0,0,0,0,0,0,0,0,0,0,0,0,0,0,0,0
"TCCTTCCTCCCATATC-1","2",1.97090896107983,0,0,0,0,0,0,0,0,0,0,0,0,0,0,0,0,0,0,0,0,1.51068375741394,2.08687063710498,0,0,1.29400643638384,0,0,0.632577710770086,1.68867114760587,0,0,0,0,0,0,0,0,0,0,0,0,0,0.632577710770086
"TCCTTCCTCTGTCAAG-1","0",2.46632082231192,0,0,0,0,0,0,0,0,0,0,0,0,0,0,0,0,0,0,0,0,1.0851296773289,1.3711135697383,0,0,2.28434029134358,1.0851296773289,0,0.683052302268629,0.683052302268629,0,0,0,0,0,0.683052302268629,0,0,0,0,0,0,0,0
"TCCTTCTCAAGGTCGC-1","0",2.12998381264683,0,0,0,0,0,0,0,0,0,0,0,0,0,0,0,0,0,0,0,0,0,0,0,0,2.12998381264683,0,0,0,0,0,0,0,0,0,0,0,0,0,0,0,0,0,1.78223992380716
"TCCTTCTCAAGTGAAG-1","14",2.85223888820072,0,0,0,0,0,0,0,0,0,0,0,0,0,0,0,0,0,0,0,0,0,0,0,0,1.31401621564324,0,0,0,0,0,0,0,0,0,1.31401621564324,0,0,0,0,0,0,0,0
"TCCTTGGTCCGCCATC-1","14",2.71781108520602,0,0,0,0,0,0,0,0,0,0,0,0,0,0,0,0,1.105594057093,0,0,0,0,0,0,0,1.61781020413363,0,0,1.105594057093,0,0,0,0,1.61781020413363,0,0,0,0,0,0,0,0,0,0
"TCCTTTGGTTCGTATA-1","9",1.88314316394171,0,0,0,0,0,0,0,0,0,0,0,0,0,0,0,0,0,0,0,0,0,0,0,0,1.88314316394171,0,0,0,0,0,0,0,0,0,0,0,0,0,0,0,0,0,0
"TCCTTTGGTTGCCTCT-1","4",1.98212478681625,0,0,0,0,0,0,0,0,0,0,0,0,0,0,0,0,0.4197048309193,0,0,0,0,1.64327861914707,0,0,1.82698565383757,0.941778017021803,0,0,2.11639687864977,0,0,0,0,0,0,0,0,0,0,0,0,0,0.941778017021803
"TCGAATGTCCAGCCCT-1","16",1.75521459864998,0,0,0,0,0,0,0,0,0,0,0,0,0,0,0,0,0,0,0,0,0,0,0,0,1.75521459864998,0,0,0,0,0,0,0,0,0,0,0,0,0,0,0,0,0,0
"TCGAATTAGGCTCCAG-1","6",0,0,0,0,0,0,0,0,0,0,0,0,0,0,0,0,0,0,0,0,0,0,0,0,0,2.333490335731,0,0,0,0,0,0,0,0,0,0,0,0,0,0,0,0,0,3.1237903947204
"TCGAATTAGGTGACTC-1","0",0.99618891094063,0,0,0,0,0,0,0,0,0,0,0,0,0,0,0,0,0.99618891094063,0,0,0,0,0.99618891094063,0,0.99618891094063,2.56152762615038,0,0,0,0,0,0,0,0,0,0,0,0,0,0,0,0,0,0
"TCGACCTCAATGCCAG-1","6",0,1.3563103964635,0,0,0,0,0,0,0,0,0,0,0,0,0,0,0,0,0,0,0,0,0,0,0,1.91156841590416,0,0,0,0,0,0,0,0,0,1.91156841590416,0,0,0,0,1.91156841590416,0,0,2.90641275935961
"TCGACCTCACTTGATT-1","4",2.12332013912706,0,0,0,0,0,0,0,0,0,0,0,0,0,0,0,0,0.849283730812611,0,0,0,0.849283730812611,0.849283730812611,0,0.512216147040639,1.84875186169547,0.512216147040639,0.512216147040639,1.30180977183972,1.61221702811303,0,0.512216147040639,0,0,0,0,0,0,0,0,0,0,0,1.94888747776816
"TCGACTGGTCTCCAGA-1","4",2.22199022568274,0,0.676878727473697,0,0,0,0,0,0,0,0,0,0,0,0,0,0,0,0,0,0,1.47865522881255,1.36179134443228,0,1.07686166761992,1.47865522881255,0.394648932607906,0.676878727473697,0.896736585824725,1.91785716975417,0,0,0,0,0,0,0,0,0,0,0,0,0,1.47865522881255
"TCGAGGTTCGAGTACC-1","2",1.88149083400534,0,0,0,0,0,0,0,0,0,0,0,0,0,0,0,0,0.871636647661803,0,0,0,0,2.07368788619427,0,0,2.49539847370677,0,0,1.64334873620402,2.07368788619427,0,0,0,0,0.871636647661803,0,0,0,0,0,0,0,0,0
"TCGAGGTTCGTCTAAG-1","0",1.5891635763446,0,0,0,0,0,0,0,0,0,0,0,0,0,0,0,0,0,0,0,0,0.832858256654068,0.832858256654068,0,0,3.38768740591569,0.832858256654068,0,1.28086884919933,2.43353125415589,0,0,0,0,0,0,0,0,0,0,0,0,0,0
"TCGAGGTTCTCACATC-1","3",3.43670080515791,0,0,0,0,0,0,0,0,0,0,0,0,0,0,0,0,0,0,0,0,0,0,0,0,0,0,0,0,0,0,0,0,0,0,0,0,0,0,0,0,0,0,0
"TCGATAGTCGCGTCCT-1","2",2.55728266199409,0,0,0,0,0,0,0,0,0,0,0,0,0,0,0,0,0,0,0,0,0,2.25134548459715,0,0,1.48165090626768,0,0,0,2.05417604315834,0,0,0,0,0,0,0,0,0,0,0,0,0,0
"TCGATCAAGATACTCG-1","9",0,0,0,0,0,0,0,0,0,0,0,0,0,0,0,0,0,0,0,0,0,0,0,0,0,0,0,0,0,0,0,0,0,0,0,0,0,0,0,0,0,0,0,0
"TCGATTAGTTGACCAT-1","0",2.46934519623139,1.03049451053739,1.03049451053739,0,0,0,0,0,0,0,0,0,0,0,0,0,0,0,0,0,0,1.85744639342364,1.03049451053739,0,1.52712153324676,1.52712153324676,0,1.03049451053739,0,1.52712153324676,0,1.03049451053739,1.03049451053739,0,1.03049451053739,0,0,0,0,0,0,0,0,0
"TCGATTGAGGTGGCTT-1","7",1.07542812965238,0,0,0,0,0,0,0,0,0,0,0,0,0,0,0,0,1.07542812965238,0,0,0,1.07542812965238,1.07542812965238,0,0,1.91600200588079,0,0,0,2.91132994132503,0,0,0,0,0,0,0,0,0,0,0,0,0,0
"TCGATTTCACTCATCA-1","0",2.13205549835436,0,0,0,0,0,0,0,0,0,0,0,0,0,0,0,0,0,0,0,0,0,1.05013794233015,0,1.05013794233015,2.13205549835436,0,0,0,1.05013794233015,0,0,0,0,0,0,0,0,0,0,0,0,0,0
"TCGCAAATCCGGAGTT-1","8",0,0,0,0,0,0,0,0,0,0,0,0,0,0,0,0,0,0,0,0,0,0.91824517886178,1.7074123012126,0,0,2.14293903016024,0.91824517886178,1.38873682358354,1.38873682358354,1.94870104824772,0,0,0,0,1.38873682358354,0,0,0,0,0,0,0,0,2.94752320462436
"TCGCAAATCTGTGATG-1","0",1.66956931161392,0,0.731150855444003,0,0,0,0,0,0,0,0,0,0,0,0,0,0,0,0,0,0,0,1.44277164179743,0,0,2.84270063837511,0,0.731150855444003,0.731150855444003,1.14896954190212,0,0,0,0,0,0,0,0,0,0,0,0,0,0
"TCGCAACAGTCGATAT-1","7",2.18906487637246,0,0,0,0,0,0,0,0,0,0,0,0,0,0,0,0,0,0,0,0,0.721207222117478,1.83809811143318,0,0.42425901292844,1.99354170938347,0,0.42425901292844,0.42425901292844,2.24657743227245,0,0,0.42425901292844,0,0,0,0,0,0,0,0,0,0,1.13585339337326
"TCGCAGACATCCATGC-1","0",2.34527936060981,0,1.21165728642836,0,0,0,0,0,0,0,0,0,0,0,0,0,0,0,0,0,0,0,1.51261207646434,0,0,2.34527936060981,0,0.779106262318108,0.779106262318108,1.21165728642836,0,0,0,0,0,0,0,0,0,0,0,0,0,0
"TCGCATCCAAACTTGA-1","5",2.04948974986932,0,0,0,0,0,0,0,0,0,0,0,0,0,0,0,0,0,0,0,0,0.676141873946016,1.91657867213225,0,1.07587367134748,2.36675817390043,0,0,0,2.04948974986932,0,0,0,0.676141873946016,0,0,0,0,0,0,0,0,0,0.676141873946016
"TCGCATCCATCCAAGG-1","0",2.40082972535235,0.748914344793262,0,0.748914344793262,0,0,0,0,0,0,0,0,0,0,0,0,0,0,0,0,0,0,1.46882062720893,0,0,2.4970846392072,0.748914344793262,0,1.17229817707574,2.0396889738185,0,0,0,0,0,0,0,0,0,0,0,0,0,0
"TCGCATGGTGACGAAC-1","2",1.80564332218446,0,0,0,0,0,0,0,0,0,0,0,0,0,0,0,0,0,0,0,0,0,2.29221118490022,0,0,2.29221118490022,1.26467517664106,0,0,2.29221118490022,0,0,0,0,0,0,0,0,0,0,0,0,0,0
"TCGCATGGTTGCTCCT-1","3",3.48647637127768,0,0,0,0,0,0,0,0,0,0,0,0,0,0,0,0,0,0,0,0,0,0,0,0,0,0,0,0,0,0,0,0,0,0,0,0,0,0,0,0,0,0,0
"TCGCCATCAAATCGTA-1","0",1.72412053079396,0,0,0,0,0,0,0,0,0,0,0,0,0,0,0,0,0,0,0,0,0.93053377119497,0.93053377119497,0,0,2.58677851922805,0,0,1.72412053079396,1.96619578950267,0,0,0,0,0,0,0,0,0,0,0,0,0,0
"TCGCCTATCCGCTGGA-1","2",1.55098020908326,0,0,0,0,0,0,0,0,0,0,0,0,0,0,0,0,0,0,0,0,1.78419552853253,1.55098020908326,0,0,1.78419552853253,0.805893951440623,0,1.55098020908326,0.805893951440623,0,0,0,0,0,0,0,0,0,0,0,0,0,0
"TCGCCTGCAACCTCAC-1","1",2.27855213037514,0,0,0,0,0,0,0,0.67986690305448,0,0,0,0,0.67986690305448,0,0,0,0,0,0,0,0.67986690305448,1.92303480574315,0,0,1.58810397990303,0,0.67986690305448,0,2.37361658219548,0,0,0,0,0.67986690305448,0,0,0,0,0,0,0,0,0.67986690305448
"TCGCCTGCAAGGGACG-1","0",1.80702533394029,0.821133309338827,0,0,0,0,0,0.821133309338827,0,0,0,0,0,0,0,0,0,0,0,0,0,1.26586221176519,0.821133309338827,0,0,1.26586221176519,0.821133309338827,0.821133309338827,0,0.821133309338827,0,0,0,0,0,0,0,0,0,0,0,0,0,0
"TCGCCTGCACTAGTCC-1","2",1.42789373725535,0,0,0,0,0,0,0,0,0,0,0,0,0,0,0,0,0,0,0,0,0,1.83787596074691,0,0,1.13567405246668,0,0,0.721071478805136,1.13567405246668,0,0,0,0,0,0,0.721071478805136,0,0,0,0,0,0,0
"TCGCGATAGGGTCCAT-1","6",0,0,0,0,0,0,0,0,0,0,0,0,0,0,0,0,0,1.40348763363935,0,0,0,0,0,0,0,1.965535648691,0,0,0,0,0,0,0,0,0,0,0,0,0,0,1.40348763363935,0,0,3.54855489186499
"TCGCGATAGTGCTGTA-1","0",1.8406057202199,0,0,0,0,0,0,0,0,0,0,0,0,0,0,0,0,0,0,0,0,0,1.5115094669724,0,1.01768579834757,2.45106601985835,1.5115094669724,0,0,1.01768579834757,0,0,0,0,0,0,0,0,0,0,0,0,0,0
"TCGCTCGCATAGATCA-1","4",2.01869322811074,0,0,0,0,0,0,0,0,0,0,0,0,0,0,0,0,0,0,0,0,0.596669353432046,0.967789652254861,0,0.596669353432046,2.12160749965869,1.23784660957458,1.23784660957458,0.967789652254861,0,0,0,0,0,0,0,0,0,0,0,0,0,0,1.62537037600507
"TCGCTCTGTCTGGCTA-1","0",2.02280871654749,0,0,0,0,0,0,0,0,0,0,0,0,0,0,0,0,0,0,0,0,0,1.45389783447399,0,0,2.38317764064774,0.970734192105479,0,1.45389783447399,1.45389783447399,0,0,0,0,0,0,0,0,0,0,0,0,0,0
"TCGCTGCTCCCGCAGA-1","3",2.65579274891306,0,0,0,0,0,0,0,0,0,0,0,0,0,0,0,0,0,0,0,0,0,0,0,0,1.46072137096412,0,0,0,0,0,0,0,0,0,0,0,0,0,0,0,0,0,0
"TCGCTTACAGCTACTC-1","0",1.64943445425437,0,0.876029118427685,0,0,0,0,0,0,0,0,0,0,0,0,0,0,0,0,0,0,0.876029118427685,0,0,0,2.08028199557438,0,0.876029118427685,0.876029118427685,0.876029118427685,0,0,0,0,0,0,0,0,0,0,0,0,0,0
"TCGCTTACAGGTTGCA-1","6",0,1.32465977335791,0,0,0,0,0,0,0,0,0,0,1.32465977335791,0,0,0,0,0,0,0,0,0,0,0,0,1.87515212172843,0,0,0,0,0,0,0,0,0,0,0,0,0,0,0,0,0,4.76181518870589
"TCGCTTGTCAATGTAC-1","2",1.94687076392265,0,0,0,0,0,0,0,0,0,0,0,0,0,0,0,0,0.789068767493108,0,0,0,0,2.65428371592582,0,0,2.65428371592582,0,1.22456659325814,0,1.22456659325814,0,0,0,0,0,0,0,0,0,0,0,0,0,0
"TCGCTTGTCTAGTTCC-1","6",2.24886473944116,0,1.34173020814965,0,0,0,0,0,0,0,0,0,0,0,0,0,0,1.34173020814965,0,0,0,0,0,0,0,0,0,0,0,0,0,0,0,0,0,0,0,0,0,0,0,0,0,3.55271269432739
"TCGGCCAAGCGAAGTG-1","15",2.36649551893039,0,0,0,0,0,0,0,0,0,0,0,0,0,0,0,0,0,0,0,0,1.07568267543411,1.07568267543411,0,1.07568267543411,1.91633147467991,0,0,1.07568267543411,0,0,0,0,0,0,0,1.07568267543411,0,0,0,0,0,0,0
"TCGGCTAGTTAAGTGG-1","6",0,3.03504818400374,0,0,0,0,0,0,0,0,0,0,0,0,0,0,0,0,0,0,0,0,0,0,0,1.60148558424361,0,1.60148558424361,0,0,0,0,0,0,0,0,0,0,0,0,1.60148558424361,0,0,3.7038656085508
"TCGGGCATCAAGTAGA-1","3",0,0,2.11616756792241,0,0,0,0,0,0,0,0,0,0,0,0,0,0,0,0,0,0,0,0,0,0,0,0,0,0,0,0,0,0,0,0,0,0,0,0,0,0,0,0,0
"TCGGGCATCTCACCGC-1","0",1.50425242084253,0,0,0,0,0,0,0,0,0,0,0,0,0,0,0,0,0,0,0,0,0,0,0,1.01174411546567,2.07963844160062,1.50425242084253,1.50425242084253,0,2.2774692331367,0,0,0,0,0,0,0,0,0,0,0,0,0,0
"TCGGGCATCTCACTCG-1","0",1.50566084617068,0,0,0,0,0,0,0,0,0,0,0,0,0,0,0,0,0.774286389426363,0,0,0,0,0,0,0,2.33721352562298,1.50566084617068,0,0,0.774286389426363,0,0,0,0,0,0,0,0,0,0,0,0,0,1.20539802156231
"TCGGGGTCAATGGGCC-1","1",1.47633094892664,0,0.754063096651859,0,0,0,0,0,0,0,0,0,0,0,0,0,0.754063096651859,0.754063096651859,0,0,0,0,0.754063096651859,0,0,0.754063096651859,0,0,0,1.70519823854357,0,0,0,0,0,0,0,0,0,0,0,0,0,0.754063096651859
"TCGGGTTAGTTAACGT-1","2",2.71366819340643,0,0,0,0,0,0,0,0,0,0,0,0,0,0,0,0,0,0,0,0,0,0,0,0,2.24608925993037,0,0.878983679461344,1.33943894383839,1.33943894383839,0,0,0,0,0,0,0,0,0,0,0,0,0,0.878983679461344
"TCGGTAATCAGGGCAA-1","1",1.81691838447964,0,0,0,0,0,0,0,0,0,0,0,0,0,0,0,0,0,0,0,0,1.4895829964291,1.27436627472913,0,0,1.94757730644842,0.999757531275773,0.619937253897112,0.619937253897112,2.06312047981087,0,0,0,0,0.999757531275773,0,0,0,0,0,0.619937253897112,0,0,1.66658487538975
"TCGGTAATCGATGACC-1","2",1.58887912757544,0.680347555063942,0,0,0,0,0,0,0,0,0,0,0,0,0,0,0,1.08150945386074,0,0,0,0,1.77033482744045,0,1.08150945386074,2.6151546718197,1.08150945386074,0.680347555063942,0,1.58887912757544,0,0,0,0,0,0,0,0,0,0,0,0,0,0
"TCGGTAATCGTTCGTT-1","2",1.7077820005145,0,0.918516497523683,0,0,0,0,0,0,0,0,0,0,0,0,0,0,0,0,0,0,0,1.38907579497472,0,0,0.918516497523683,0.918516497523683,0,1.7077820005145,1.38907579497472,0,0,0,0,0,0,0,0,0,0,0,0,0,0
"TCGGTAATCTGGCACG-1","5",1.61805327601503,0,0,0,0,0,0,0,0,0,0,0,0,0,0,0,0,0,0,0,0,0.698540474713755,1.39437343356709,0,0,3.00595478704339,1.10579690293429,0.698540474713755,1.61805327601503,1.61805327601503,0,0,0,0,0.698540474713755,0,0,0,0,0,0,0,0,0.698540474713755
"TCGGTATGTAGCAGAC-1","0",1.25160346534629,0,0,0,0,0,0,0,0,0,0,0,0,0,0,0,0,0,0,0,0,0,0.810028496645488,0,0.810028496645488,2.3964193080444,1.25160346534629,0,1.25160346534629,1.25160346534629,0,0,0,0,0,0,0,0,0,0,0,0,0,1.97960190056637
"TCGGTATGTTATGACC-1","7",2.245643741974,0,0,0,0,0,0,0,0,0,0,0,0,0,0,0,0,0,0,0,0,0,1.44660171131667,0,0.500611857528054,2.68405374879559,1.0815309245123,0.500611857528054,0.500611857528054,2.5412197561847,0,0,0,0,0,0,0,0,0,0,0,0,0,0.500611857528054
"TCGGTATGTTGGCGCT-1","2",1.7022571258035,0,0,0,0,0,0,0,0,0,0,0,0,0,0,0,0,0,0,0,0,0,1.47355806158956,0,0,1.88826528510367,0.752160709258007,1.17654765961443,1.47355806158956,2.04504095614654,0,0,0,0,0.752160709258007,0,0,0,0,0,0,0,0,0
"TCGGTCAGTGAAGGAG-1","5",1.02968370725801,0,0,0,0,0,0,0,0,0,0,0,0,0,0,0,0,0,0,0,0,0,1.02968370725801,0,1.52613456912865,2.30267509794438,1.85638237024389,0,0,2.46819106185977,0,0,0,0,0,0,0,0,0,0,0,0,0,0
"TCGGTTAAGGTTGGTC-1","0",2.1846259854999,0,0.754599959773609,0,0,0,0,0,0,0,0,0,0,0,0,0,0,0.754599959773609,0,0,0,1.17973783348048,1.8921782169751,0,0,2.0490549321116,0,0.754599959773609,0,0.754599959773609,0,0,0,0,0,0,0,0,0,0,0,0,0,0
"TCGGTTGGTTCCAGAT-1","3",2.94112928347382,0,0,0,0,0,0,0,0,0,0,0,0,0,0,0,0,1.70189036422705,0,0,0,1.70189036422705,0,0,0,0,0,0,0,0,0,0,0,0,0,0,0,0,0,0,0,0,0,0
"TCGTAATAGATTCGGC-1","6",0,1.40071586343495,0,0,0,0,0,0,0,0,0,0,0,0,0,0,0,0,0,0,0,0,0,0,0,2.31986610512122,0,0,0,0,0,0,0,0,0,0,0,0,0,0,0,0,0,4.49630370149235
"TCGTACCCATGGATTA-1","0",1.78158240122279,0,0,0,0,0,0,0.687053376867617,0,0,0,0,0,0,0,0,0,0,0,0,0,0.687053376867617,1.93544078032042,0,0.687053376867617,2.18636534134143,1.09047893694879,1.09047893694879,0.687053376867617,0.687053376867617,0,0.687053376867617,0,0,0,0,0,0,0,0,0,0,0,1.09047893694879
"TCGTACGGTAAGCCAA-1","10",0,0,0,0,0,0,0,0,1.62268849008267,0,0,0,0,0,0,0,0,0,0,0,0,0,0,2.84878414118576,0,0,0,0,0,0,0,0,0,0,0,0,1.62268849008267,0,0,1.62268849008267,0,0,0,0
"TCGTACGGTCATGGCC-1","0",1.2968638719738,0,0,0,0,0,0,0,0,0,0,0,0,0,0,0,0,1.2968638719738,0,0,0,1.2968638719738,0,0,0,2.56187794475778,0,0.845397622285714,0.845397622285714,2.19426708904374,0,0,0,0.845397622285714,0,0,0,0,0,0,0,0,0,0
"TCGTACGGTGAGTGGT-1","2",2.28372444257986,0.903756572271626,0,0,0,0,0,0,0,0,0,0,0,0,0,0,0,0.903756572271626,0,0,0,0,1.37060195916394,0,0,1.37060195916394,0,0,1.37060195916394,1.37060195916394,0,0,0,0,0,0,0,0,0,0,0,0,0,0
"TCGTCACCAACCAGTG-1","4",2.05249809469379,0,0,0,0,0,0,0,0,0,0,0,0,0,0,0,0,0.561983162332802,0,0,0,1.1824764357672,0.919603489007065,0,0,1.70926277259295,1.39043359562807,0,0.561983162332802,0.561983162332802,0,0,0,0,0,0.561983162332802,0,0,0,0,0,0,0,1.70926277259295
"TCGTCACCATTCAGGG-1","5",1.87515212172843,0,0,0,0,0,0,0,0,0,0,0,0,0,0,0,0,0.744012442990447,0,0,0,0.744012442990447,1.68962502627998,0,0,2.8659329630208,0,0,0,1.87515212172843,0,0,0,0,0.744012442990447,0,0,0,0,0,0,0,0,0
"TCGTCATTCTATCCGT-1","0",2.39200704127354,0,0.689912944627125,0,0,0,0,0,0,0,0,0,0,0,0,0,0,0.689912944627125,0,0,0,1.09429764539978,0,0,0.689912944627125,1.94035932353043,0,0.689912944627125,0,1.09429764539978,0,0,0,0,0,0,0,0,0,0,0,0,0,0
"TCGTCCATCACGCGAT-1","0",3.49846941328624,0,0,0,0,0,0,0,0,0,0,0,0,0,0,0,0,0,0,0,0,1.2617034393063,0,0,0.611834434878418,2.33038673464288,0.988656526493234,0,0.611834434878418,1.2617034393063,0,0.988656526493234,0,0.611834434878418,0,0.611834434878418,0,0,0,0,0,0,0,0
"TCGTCCATCCCTCTAG-1","3",1.84762540377944,0,0,0,0,0,0,0,0,0,0,0,0,0,0,0,0,0,0,0,0,0,0,0,0,1.84762540377944,0,0,0,0,0,0,0,0,0,0,0,0,0,0,0,0,0,0
"TCGTCCATCCGTGTAA-1","10",0,0,0,0,0,0,0,0,0,0,0,0,0,0,0,0,0,0,0,0,0,0,0,0,0,0,0,0,0,0,0,0,0,0,0,0,3.28368709442913,0,0,0,0,0,0,0
"TCGTGAATCACGCAGT-1","7",1.4844597900907,0,0,0,0,0,0,0,0,0,0,0,0,0,0,0,0,0.759649560937974,0,0,0,0.759649560937974,1.71381739875194,0,0,1.71381739875194,0.759649560937974,0.759649560937974,0,2.31255682264134,0,0,0,0,0,0,0,0,0,0,0,0,0,0
"TCGTGAATCTAATGCG-1","1",2.33858762460645,0,0,0,0,0,0,0,0,0,0,0,0,0,0,0,0,1.20646355301324,0,0,0,1.20646355301324,1.92484926649069,0,0.775106399151706,1.20646355301324,1.20646355301324,0,0,3.03994016975729,0,0,0,0,0,0,0,0,0,0,0,0,0,1.20646355301324
"TCGTGATGTTTACGCG-1","2",1.91156841590416,0,0,0,0,0,0,0,0,0,0,0,0,0,0,0,0,0,0,0,0,0,2.26649492126447,0,0,1.91156841590416,0,0,0,1.91156841590416,0,0,0,0,0,0,0,0,0,0,0,0,0,0
"TCGTGCCTCACATTGG-1","3",1.91107742460252,0,0,0,0,0,0,0,0,0,0,0,0,0,0,0,0,2.52738625588589,0,0,0,0,0,0,0,0,0,0,0,0,0,0,0,0,0,0,0,0,0,0,0,0,0,0
"TCGTGCCTCTATGTCC-1","15",1.80777059747919,0,0,0,0,0,0,0,0,0,0,0,0,0,0,0,0,0,0,0,0,0,2.15701118679634,0,0,1.26650242824608,0,1.26650242824608,0,0,0,0,0,0,0,0,0,0,0,0,0,0,0,0
"TCGTGGACAATCCCTA-1","1",0,0,0,0,0,0,0,0,0,0,0,0,0,0,0,0,0,0,0,0,0,2.01657317612479,0,0,1.44839279434473,0,1.44839279434473,0,1.44839279434473,2.37665352396504,0,0,0,0,0,0,0,0,0,0,0,0,0,2.37665352396504
"TCGTGGACATAACCGG-1","2",2.8334015992838,0,0,0,0,0,0,0,0,0,0,0,0,0,0,0,0,1.09874563978179,0,0,0,0,1.60959793163675,0,0,2.39807711081756,0,0,0,0,0,0,0,1.09874563978179,0,0,0,0,0,0,0,0,0,0
"TCGTGGACATTCGGTC-1","3",2.36579551251775,0,0,0,0,0,0,0,0,0,0,0,0,0,0,0,0,0,0,0,0,0,0,0,1.76237439706831,0,0,0,0,0,0,0,0,0,0,0,0,0,0,0,0,0,0,0
"TCGTGTCCAATCTGAA-1","13",2.2269234554063,0,0,0,0,0,0,0,0,0,0,0,0,0,0,0,0,0,0,0,0,0,0,0,0,0,0,0,0,0,0,0,0,0,0,0,0,0,0,0,0,0,0,0
"TCGTTAAGTAAGCATG-1","0",2.69600026716362,0,0,0,0,0,0,0,0,0,0,0,0,0,0,0,0,0,0,0,0,0,1.09002003488162,0,1.09002003488162,0,0,0,0,1.09002003488162,0,0,0,0,0,0,0,0,0,0,0,0,0,0
"TCGTTAAGTGCGGTTC-1","1",1.33971619541755,0,0.662337361292833,0,0,0,0,0,0,0,0,0,0,0,0,0,0,0,0,0,0,0,2.0248849715665,0,0.662337361292833,2.14177757571831,0.662337361292833,0.662337361292833,0.662337361292833,2.0248849715665,0,0,0,0,0,0,0,0,0,0,0,0,0,0
"TCGTTAAGTTCCTTGC-1","1",2.00419705415718,0,0,0,0,0,0,0,0,0,0,0,0,0,0.825939985138497,0,0,0,0,0,0,0.825939985138497,0.495923143687642,0.495923143687642,0,2.67292586291621,0.495923143687642,0.495923143687642,0.495923143687642,1.70367360193393,0,1.0736499941082,0,0,0.825939985138497,0,0.495923143687642,0,0,0,0,0,0,0.495923143687642
"TCGTTAAGTTCGTGGC-1","0",2.2806171158172,0,0,0,0,0,0,0,0,0,0,0,0,0,0,0,0,0,0,0,0,0,0,0,0,1.83571724115939,1.01397740308764,0,0,0,0,0,0,0,0,0,0,0,0,0,0,0,0,0
"TCGTTCCGTATTGGAG-1","4",2.06642617356777,0,1.19357409710504,0,0,0,0,0,0,0,0,0,0,0,0,0,0,0,0,0,0,0,1.19357409710504,0,0,2.06642617356777,0,0,1.19357409710504,0,0,0,0,0,0,0,0,0,0,0,0,0,0,2.06642617356777
"TCGTTGGGTGGGAATC-1","2",1.25598658244779,0,0,0,0,0,0,0,0,0,0,0,0,0,0,0,0,0.813438369023542,0,0,0,0,1.5617069560663,0,0,2.28131579548444,0,0,0,1.5617069560663,0,0,0,0,0,0,0,0,0,0,0,0,0,0
"TCGTTTCAGCGACTAC-1","1",1.99809725286268,0,0.953105665088272,0,0,0,0,0,0,0,0,0,0,0,0,0,0,0.586049737939203,0,0,0,0.586049737939203,2.27886996887794,0,0.586049737939203,2.27886996887794,1.22101537185241,0.586049737939203,0.586049737939203,2.35731140725551,0,0,0,0,0.586049737939203,0,0,0,0,0,0,0,0,1.60630926844672
"TCGTTTCAGGCAACCT-1","0",2.19639537761447,0,0,0,0,0,0,0,0,0,0,0,0,0,0,0,0,0,0,0,0,0.84676488235993,0,0,0.84676488235993,2.66172004313595,0,0.84676488235993,0,0,0,0,0,0,0,0,0,0,0,0,0,0,0,0
"TCGTTTGCATAGATGC-1","2",2.16311948853865,0,0,0,0,0,0,0,0,0,0,0,0,0,0,0,0,1.07314313651703,0,0,0,1.07314313651703,2.67220893924336,0,0,2.36300138808096,0,1.07314313651703,0,2.36300138808096,0,0,0,0,0,0,0,0,0,0,0,0,0,0
"TCTAACCTCCGTGCGA-1","4",2.41828218421455,0,0.580346989936255,0,0,0,0,0,0,0,0,0,0,0,0,0,0,0.580346989936255,0,0,0,0,1.4222967043771,0,0,1.4222967043771,0.580346989936255,0.580346989936255,1.21193348196347,1.4222967043771,0,0.580346989936255,0,0,0,0,0,0,0,0,0,0,0,1.59600638765201
"TCTAACCTCGAATTAC-1","0",2.47628821179847,0,0.402339717991219,0,0,0,0,0,0,0,0,0,0,0,0,0,0,0,0,0,0,0.910657977552558,0.402339717991219,0,0,2.00675659933433,0.402339717991219,0.402339717991219,0.402339717991219,0,0,0,0,0,0,0,0,0,0,0,0,0,0,0.68845542471207
"TCTAACCTCGTTCGGG-1","3",1.66616704959864,0,0,0,0,0,0,0,0,0,0,0,0,0,1.66616704959864,0,0,0,0,0,0,0,0,0,0,0,0,0,0,0,0,0,0,0,0,0,0,0,0,0,0,0,0,0
"TCTAATCCAAAGGTGA-1","12",3.53288599213482,0,0,0,0,0,0,0,0,0,0,0,0,0,0,0,0,0,0,0,0,0,0,0,0,0,0,0,0,0,0,0,0,0,0,0,0,0,0,0,0,0,0,0
"TCTAATCCACTAAGGT-1","0",1.70634128729945,0,0.855534219851053,0,0,0,0,0,0,0,0,0,0,0,0,0,0,0.855534219851053,0,0,0,0.855534219851053,1.03087142691662,0,0.855534219851053,1.85794093189551,0.372168170636332,1.30975389972735,0,0,0,0,0,0.372168170636332,0,0,0,0,0,0,0,0,0,0.372168170636332
"TCTAATCCAGTTAGGT-1","0",2.58910142772802,0,0,0,0,0,0,0,0,0,0,0,0,0,0,0,0,0,0,0,0,0,0,0,0,2.22049245152089,0,1.11611375288214,1.11611375288214,0,0,0,0,0,0,0,0,0,0,0,0,0,0,1.11611375288214
"TCTACAAGTCAGTCGC-1","7",1.82628980365108,0,0,0,0,0,0,0,0,0,0,0,0,0,0,0,0,0,0,0,0,0.884233310919959,1.2144811120352,0,0.387782449049316,2.30263246278634,1.0629286570466,0.884233310919959,0,2.86675165275784,0,0,0,0,0,0.387782449049316,0,0,0,0,0,0,0,0
"TCTACAAGTGCGTACC-1","3",2.84648839973732,0,0,0,0,0,0,0,0,0,0,0,0,0,0,0,0,0,0,0,0,0,0,0,0,0,0,0,0,0,0,0,0,0,0,0,0,0,0,0,0,0,0,0
"TCTACATCAGCAGTAT-1","3",0,0,0,0,0,0,0,0,0,0,0,0,0,0,0,0,0,0,0,0,0,0,0,0,0,0,0,0,0,0,0,0,0,0,0,0,0,0,0,0,0,0,0,0
"TCTACGAAGATTCGCA-1","2",1.81699031130776,0,0,0,0,0,0,0,0,0,0,0,0,0,0,0,0,0,0,0,0,0.827821310889598,1.81699031130776,0,0.827821310889598,1.58206327302963,0,0,0.827821310889598,1.58206327302963,0,0,0,0,0,0,0,0,0,0,0,0,0,0
"TCTACGGGTAACGCAA-1","0",1.64144413967767,0,0,0,0,0,0,0,0,0,0,0,0,0,0,0,0,0,0,0,0,0.870263501828717,0,0,0,1.64144413967767,0.870263501828717,0.870263501828717,0.870263501828717,0.870263501828717,0,0,0,0,0,0,0,0,0,0,0,0,0,0
"TCTACGGGTATGGACA-1","4",1.66564512701192,0,0,0,0,0,0,0,0,0,0,0,0,0,0,0,0,1.14566829616876,0,0,0,1.66564512701192,1.14566829616876,0,0,2.25948640053485,0,1.66564512701192,0,1.14566829616876,0,0,0,0,0,0,0,0,0,0,0,0,0,0
"TCTACTATCTGTGCAA-1","6",0,1.41047304471184,0,0,0,0,0,0,0,0,0,0,0,0,0,0,0,0,0,0,0,0,0,0,0,1.9734956971021,0,0,0,0,0,0,0,0,0,0,0,0,0,0,0,0,0,3.55754073459878
"TCTACTGCACATTGAA-1","0",1.18586046077897,0,0,0,0,0,0,0,0,0,0,0,0,0,0,0,0,0,0,0,0,0,0,0,0,2.05674938506689,0.759286528363921,0,0,2.19246417080258,0,0,0,0,0,0,0,0,0,0,0,0,0,0
"TCTAGCGGTGGCTTCA-1","13",0,0,0,0,0,0,0,0,0,0,0,0,0,0,0,0,0,0,0,0,0,0,0,0,0,0,0,0,0,3.59280042758595,0,0,0,0,0,0,0,0,0,0,0,0,0,0
"TCTATAGGTAACGAAT-1","0",2.71619239773784,0,0,0,0,0,0,0,0,0,0,0,0,0,0,0,0,0,0,0,0,0,1.74178878033879,0,0,2.34325549311283,0.777895396751008,0,0,1.21008565855475,0,0,0,0,0,0,0,0,0,0,0,0,0,0
"TCTATAGGTTTGGTCG-1","0",2.08421616105794,0,0,0,0,0,0,0,0,0,0,0,0,0,0,0,0,0,0,0,0,0.87865434859282,0,0,0.87865434859282,2.08421616105794,0,1.33902331277977,0,0.87865434859282,0,0,0,0,0,0,0,0,0,0,0,0,0,0
"TCTATCGCAAATCGTA-1","0",1.95206388221932,0,0,0,0,0,0,0,0,0,0,0,0,0,0,0,0,0,0,0,0,1.71062293025447,1.71062293025447,0,0.9206023180086,0.9206023180086,0,0.9206023180086,0.9206023180086,0,0,0,0,0,0,0,0,0,0,0,0,0,0,0
"TCTATCGCAACTTCAT-1","0",2.14593349055409,0,0,0,0,0,0,0,0,0,0,0,0,0,0,0,0,0,0,0,0,1.0603927100498,1.0603927100498,0,0,2.14593349055409,0,1.0603927100498,1.0603927100498,0,0,0,0,0,0,0,0,0,0,0,0,0,0,0
"TCTATCGCACTTCGAC-1","5",1.6998400869192,0,1.30395657230705,0,0,0,0,0,0,0,0,0,0,0,0,0,0,0,0,0,0,1.02576515704298,1.6998400869192,0,0.639015346160756,2.66856178348447,0,0.639015346160756,1.30395657230705,1.6998400869192,0,0,0,0,0,0,0,0,0,0,0,0,0,0
"TCTATCGCAGTTAGGT-1","1",2.60268968544438,0,0,0,0,0,0,0,0,0,0,0,0,0,0,0,0,0.638087403376918,0,0,0,1.51982575374441,1.30252447805443,0,0,2.29541660351543,0.638087403376918,1.51982575374441,1.30252447805443,2.09714111877924,0,0,0,0,0,0,0,0,0,0,0,0,0,0.638087403376918
"TCTATCTGTTTACCAA-1","0",2.43229098330037,0,0,0,0,0,0,0,0,0,0,0,0,0,0,0,0,0.869055713418707,0,0,0,1.63976806146651,1.32689354705462,0,0.526105683617458,2.30261278577039,0.526105683617458,0.526105683617458,0,1.32689354705462,0,0,0,0,0.526105683617458,0,0,0,0,0,0,0,0,0
"TCTATGAGTCATTGGT-1","0",2.24920180918925,0,0,0,0,0,0,0,0,0,0,0,0,0,0,0,0,0,0,0,0,1.05934509056244,1.05934509056244,0,0,2.14451802583457,0.663842279937363,1.3420085476202,0.663842279937363,0,0,0,0,0,0,0,0,0,0,0,0.663842279937363,0,0,1.05934509056244
"TCTATGAGTCTGGCAC-1","1",2.01333379860828,0,0.593895748675814,0,0,0,0.593895748675814,0,0,0,0,0,0,0,0,0,0,0,0,0,0,0.593895748675814,1.44553450320786,0,0,2.01333379860828,0,0,0.593895748675814,2.79786471061485,0,0,0,0,0,0,0,0,0,0,0,0,0,0
"TCTATGAGTGAAGTCA-1","0",2.70842361410132,0,1.01185552657483,0,0,0,0,0,0,0,0,0,0,0,0,0,0,0,0,0,0,1.01185552657483,1.50438858395787,0,0,2.81877445741025,0,0,0,1.50438858395787,0,0,0,0,1.01185552657483,0,0,0,0,0,0,0,0,0
"TCTATGAGTTGCGAGG-1","0",1.9621122016206,0,0,0,0,0,0,0,0,0,0,0,0,0,0,0,0,0.927659672153522,0,0,0,0,1.40048545489887,0,0.927659672153522,2.15674079571076,0,0,0,0,0,0,0,0,0,0,0,0,0,0,0,0,0,0
"TCTATGAGTTTCACTT-1","2",2.21793437771391,0,0.704849171127834,0,0.704849171127834,0,0,0.704849171127834,0,0,0,0,0,0,0,0,0,0,0,0,0,1.11418470897299,0.704849171127834,0,0,2.09983102786835,0,0,0.704849171127834,0,0,0,0,0,0,0,1.11418470897299,0,0,0,0,0,0,2.32355107087072
"TCTATGCTCACCAGAC-1","2",1.69616969960244,0,0.555131523139464,0,0,0,0,0,0,0,0,0,0,0,0,0,0,0,0,0,0,0,1.17140115571221,0,0,2.13081183325146,0,0,0,1.37843365192789,0,0,0,0,0,0,0,0,0,0,0,0,0,0
"TCTATGCTCGCGTCGA-1","10",2.03168215820064,0,0,0,0,0,0,0,2.03168215820064,0,0,0,0,0,0,2.03168215820064,0,0,0,0,0,0,0,0,0,0,0,0,0,0,0,0,0,0,0,0,0,0,0,2.65702427240858,0,0,0,0
"TCTATGGAGAAGCATA-1","5",2.33465265200459,0,0,0,0,0,0,0,0,0,0,0,0,0,0,0,0,0,0,0,0,0,0.846840978597417,0,0,2.83246072160195,0.846840978597417,0,0.846840978597417,2.03618658947271,0,0,0,0,0,0,0,0,0,0,0,0,0,0
"TCTATGGAGCATGCAC-1","0",1.00051807078698,0,0,0,0,0,0,0,0,0,0,0,0,0,0,0,0,1.00051807078698,0,0,0,0,1.49051493236098,0,0,1.49051493236098,0,0,0,1.00051807078698,0,0,0,0,1.00051807078698,0,0,0,0,0,0,0,0,0
"TCTATTGTCACCTACT-1","2",2.03275224970091,0,0,0,0,0,0,0,0,0,0,0,0,0,0,0,0,0,0,0,0,0.666735081020168,1.5668370855444,0,0.666735081020168,2.14977632440735,0.666735081020168,0,0,0.666735081020168,0,0.666735081020168,0,0,1.06323882569553,0,0,0,0,0,0,0,0,0.666735081020168
"TCTATTGTCGATGCTA-1","0",2.77243248607287,0,0,0,0,0,0,0,0,0,0,0,0,0,0,0,0,0,0,0,0,0,0,0,0,2.6624328020855,0.980725098279362,0,0,0.980725098279362,0,0,0,0,0,0.980725098279362,0,0,0,0,0,0,0,0
"TCTCAATCAAGCTATA-1","6",1.55538729956269,0,0,0,0,0,0,0,0,0,0,0,0,0,0,0,0,2.97983680158199,0,0,0,0,0,0,0,3.30168806397421,0,0,0,0,0,0,0,0,0,0,0,0,0,0,0,0,0,2.76931355906323
"TCTCAATCACCAACGA-1","2",2.10750306545264,0,0,0,0,0,0,0,0,0,0,0,0,0,0,0,0,0,0,0,0,1.12006357086368,1.81850243568804,0,0,2.10750306545264,0.709278627536742,0,0,1.63512477982437,0,0,0,0,0,0,0,0,0,0,0,0,0,0
"TCTCACTAGATAGGAC-1","0",0.879643129569817,0.879643129569817,0,0,0,0,0,0,0,0,0,0,0,0,0,0,0,0,0,0,0,0.879643129569817,0,0,0.879643129569817,2.08569661355556,0,0.879643129569817,0,1.3402710931407,0,0,0,0.879643129569817,0,0,0,0,0.879643129569817,0,0,0,0,1.65443392472602
"TCTCACTAGCCTCTCA-1","3",2.51580470673591,0,2.51580470673591,0,0,0,0,0,0,0,0,0,0,0,1.90035706071708,0,0,0,0,0,0,0,0,0,0,1.90035706071708,0,0,0,0,0,0,0,0,0,0,0,0,0,0,0,0,0,0
"TCTCACTAGTAGTCGC-1","1",1.95803195847143,0,0.625584589369378,0,0,0,0,0,0,0,0,0,0,0,0,0,0.625584589369378,0,0,0,0,1.28315784286667,1.4990321874864,0,0,2.17748048378143,0,0,0,1.28315784286667,0,0,0,0,0.625584589369378,0,0,0,0,0,0,0,0,0.625584589369378
"TCTCACTAGTGATCGC-1","0",1.83689930522053,0,0,0,0,0,0,0,0,0,0,0,0,0,0,0,0,0,0,0,0,0,0.841248692602751,0,0,2.32579646235754,0,1.29157767271088,0.841248692602751,1.60095879433104,0,0,0,0,0,0.841248692602751,0,0,0,0,0,0,0,0.841248692602751
"TCTCATATCCCAGGCA-1","1",1.62793142351789,0,0,0,0,0,0,0,0,0,0,0,0,0,0,0,0,0.46043368624294,0,0,0,0,2.00584510465415,0,1.01315729088858,2.58625791111744,1.01315729088858,0.774506982097113,0.46043368624294,2.71033206247051,0,0,0.46043368624294,0,0,0,0,0,0,0,0,0,0,1.50597930932287
"TCTCATCAGTCATCTC-1","6",1.17314534053068,0,1.17314534053068,0,0,0,0,0,0,0,0,0,0,0,0,0,0,1.17314534053068,0,0,0,0,0,0,0,2.49821061541436,0,0,0,0,0,0,0,0,0,0,0,0,0,0,1.17314534053068,0,0,4.42591535056492
"TCTCATCAGTTACGGC-1","8",0.689418152000079,0,0.689418152000079,0,0,0,0,0,0,0,0,0,0,0,0,0,0,0.689418152000079,0,0,0,1.38069559066287,1.38069559066287,0,0,1.78553667378979,0.689418152000079,0,0.689418152000079,1.60346477371914,0,0,0,0,0,0,0,0,0,0,0,0,0,1.93950898921811
"TCTCATTGTAGCGACG-1","9",2.10343203031649,0,0,0,0,0,0,0,0,0,0,0,0,0,0,0,0,0,0,0,0,2.10343203031649,0,0,2.10343203031649,2.10343203031649,0,0,0,0,0,0,0,0,0,0,0,0,0,0,0,0,2.10343203031649,0
"TCTCATTGTTAGGCTT-1","4",2.22331576331545,0,0,0,0,0,0,0,0,0,0,0,0,0,0,0,0,0,0,0,0,0.600917349226421,0,0,0,1.91198952420214,0.973646836032864,1.2445502677564,0.973646836032864,1.91198952420214,0,0,0,0,0,0,0,0,0,0,0,0,0,0.973646836032864
"TCTCATTGTTCGTGGC-1","4",1.77379335382603,0,0,0,0,0,0,0,0,0,0,0,0,0,0,0,0,1.15522586218768,0,0,0,0.735904993861209,1.44976448020721,0,0.434172478464351,1.86203944163187,0,0,0.434172478464351,1.77379335382603,0,0,0,0,0,0,0,0,0,0,0,0,0,1.56982262353924
"TCTCCATAGAAGGTCG-1","15",1.67510131595035,0,0,0,0,0,0,0,0,0,0,0,0,0,0,0,0,0,0,0,0,0,2.01610285010804,0,0,2.4721877905935,0,0,0,0,0,0,0,0,0,0,0,0,0,0,0,0,0,0
"TCTCCATAGCCACTAA-1","10",1.55332694264181,0,0,1.55332694264181,0,0,0,0,3.15115470705596,0,0,0,0,0,0,0,0,2.13468017380076,0,0,0,0,0,3.29917194806256,0,0,0,0,0,0,2.49991949360063,0,0,0,0,0,0,0,0,0,0,1.55332694264181,0,0
"TCTCCCAAGTGCAATT-1","0",2.41400952023442,0,0,0,0,0,0,0,0,0,0,0,0,0,0,0,0,0,0,0,0,1.18231956273583,0,0,0,2.1879327543923,1.47998903999921,1.47998903999921,0,0,0,0,0,0,0,0,0,0,0,0,0,0,0,0
"TCTCGATTCCTCGACC-1","11",0,0,0,0,0,0,0,0,0,0,0,0,0,0,1.0915951805686,0,0,0,0,0,0,0,0,0,0,1.93687907551945,0,1.0915951805686,0,0,0,0,1.0915951805686,0,0,0,0,0,0,0,0,0,0,1.0915951805686
"TCTCGCATCACTCAGA-1","3",1.75323859068789,0,0,0,0,0,0,0,0,0,0,0,0,0,0,0,0,1.75323859068789,0,0,0,0,0,0,0,1.75323859068789,0,0,0,0,0,0,0,0,0,0,0,0,0,0,0,0,0,0
"TCTCGCATCCGTGCAG-1","0",1.80126683909127,0,0,0,0,0,0,0,0,0,0,0,0,0,0,0,0,0,0,0,0,0.987968241043712,1.80126683909127,0,0,2.67319486153712,0,0,0.987968241043712,0.987968241043712,0,0,0,0,0,0,0,0,0,0,0,0,0,0.987968241043712
"TCTCGCATCGAGTACC-1","2",1.91526123456079,0,0,0,0,0,0,0,0,0,0,0,0,0,0,0,0,0.89493552513091,0,0,0,1.35952832695924,0,0,0,2.10850143483545,0,0,0.89493552513091,0.89493552513091,0,0,0,0.89493552513091,0,0,0,0,0,0,0,0,0,0.89493552513091
"TCTCGGCTCGCGTTCC-1","5",1.2146476785902,0.582049283248322,0,0,0,0,0,0,0,0,0,0,0,0,0,0,0,0.582049283248322,0,0,0,0,1.2146476785902,0,0,2.72225819321283,0.947558583336102,1.2146476785902,0.947558583336102,1.74714795866383,0,0,0,0,0,0,0,0,0,0,0,0,0,0.582049283248322
"TCTCGGCTCGCTGGAT-1","3",2.4920870175616,0,0,0,0,0,0,0,0,0,0,0,0,0,1.54660279309575,0,0,0,0,0,0,0,0,0,0,1.54660279309575,0,0,0,0,0,0,0,0,0,0,0,0,0,0,1.54660279309575,0,0,0
"TCTCGGCTCTGTGATG-1","6",0,1.58124497234481,0,0,0,0,0,1.58124497234481,0,0,0,0,0,0,0,0,0,0,0,0,0,0,0,0,0,1.58124497234481,1.58124497234481,0,0,0,0,0,0,0,0,0,0,0,0,0,0,0,0,4.0760967101922
"TCTCTAGCAGGTATCG-1","0",1.93438497257617,0,0.90823707684855,0,0,0,0,0,0,0,0,0,0,0,0,0,0,0,0,0,0,0.90823707684855,0,0,0,0.90823707684855,0.90823707684855,0,0,0,0,0,0,0,0,0,0,0,0,0,0,0,0,0.90823707684855
"TCTCTAGCATGGTTGG-1","5",2.29027115936357,0,0.81900015229598,0,0,0,0,0,0,0,0,0,0,0,0,0,0,0,0,0,0,1.99349606324269,1.56959303496833,0,0.81900015229598,1.99349606324269,1.26312668942652,0,1.26312668942652,1.56959303496833,0,0,0,0,0,0,0,0,0,0,0,0,0,0
"TCTCTATGTAATCGTC-1","0",1.81049204348377,0,0.494197243720386,0,0,0,0,0,0,0,0,0,0,0,0,0,0,0.823457507448746,0,0,0,1.0707426948962,1.7000594688291,0,0,2.00037377672662,0.823457507448746,0,0.494197243720386,1.43411005926523,0,0,0,0,0,0,0,0,0,0,0,0,0,0.823457507448746
"TCTCTGGTCCAATTCC-1","6",0,0.862832153349388,0,0,0,0,0,0,0,0,0,0,0,0,0,0,0,1.31901235403657,0,0,0,0,0,0,0,2.22128588849634,0,0,0,0,0,0,0,0,0,0.862832153349388,0,0,0,0,2.22128588849634,0,0,3.7719733504348
"TCTGACAAGTAGGTAA-1","2",1.47511630303706,0,0,0,0,0,0,0,0,0,0,0,0,0,0,0,0,0,0,0,0,0.753229563976584,2.30166311269509,0,0.753229563976584,2.04680061763826,0,0,0.753229563976584,2.04680061763826,0,0,0,0,0,0,0,0,0,0,0,0,0,1.17794585618757
"TCTGATAGTATAGTCC-1","5",1.61856671794243,0,0,0,0,0,0,0,0,0,0,0,0,0,0,0,0,0,0,0,0,0,1.30758533326612,0,0,2.3456755846789,0,0,0,1.61856671794243,0,0,0,0,0,0,0,0,0,0,0,0,0,0
"TCTGATGAGGCGATTC-1","5",1.9888545012144,0,0.422385515263906,0,0,0,0,0.422385515263906,0,0,0,0,0,0,0,0,0,0.718421625888542,0,0,0,1.13217156001754,0.718421625888542,0,0,2.44338397944659,1.13217156001754,0.718421625888542,0.718421625888542,1.83353549185733,0,0,0,0.422385515263906,0,0,0,0,0,0,0,0,0,0
"TCTGCAAAGCCAGGTT-1","1",1.91778287427366,0,0,0,0,0,0,0,0,0,0,0,0,0,0,0,0.770649954480286,0.770649954480286,0,0,0,1.20066963074402,1.50040652948425,0,0.770649954480286,1.20066963074402,0,0,0.770649954480286,2.07531086704546,0,0.770649954480286,0,0,0.770649954480286,0,0,0.770649954480286,0,0,0,0,0,1.50040652948425
"TCTGCAAAGGAGTCGA-1","4",1.14757311586381,0,0,0,0,0,0,0,0,0,0,0,0,0,0,0,0,0,0,0,0,0,1.44121011871601,0,0.73009069575163,0,0,1.14757311586381,0.73009069575163,2.00843050603665,0,0,0,0.73009069575163,0,0,0.73009069575163,0,0,0,0,0,0,1.66790968088943
"TCTGCAAAGGTAGTAA-1","0",1.06697633859196,0,0,0,0,0,0,0,0,0,0,0,0,0,0,0,0,0,0,0,0,1.06697633859196,1.57135287446262,0,1.06697633859196,2.15481692495484,0,0,0,1.06697633859196,0,0,0,0,1.06697633859196,0,0,0,0,0,0,0,0,0
"TCTGCACCAAGCTCAG-1","10",2.20940565047722,2.20940565047722,0,0,0,0,0,1.62040753364451,0,0,0,0,0,0,0,0,0,1.62040753364451,0,0,0,0,0,1.62040753364451,0,0,0,0,0,1.62040753364451,0,0,0,0,0,0,0,0,0,0,0,0,0,0
"TCTGCACCATCGGCTT-1","0",1.9269522353107,0,0,0,0,0,0,0,0,0,0,0,0,0,0,0,0,0.608875781538047,0,0,0,0,0,0,0,2.23896722996855,0.608875781538047,0.608875781538047,0,0.608875781538047,0,0,0,0,0,0,0,0,0,0,0,0,0,0
"TCTGCAGGTAGCTTCG-1","1",0.697070134844117,0,0,0,0,0,0,0,0,0,0,0,0,0,0,0,0,0.697070134844117,0,0,0,1.10383948191318,0.697070134844117,0,0,1.7982892026102,0.697070134844117,0,1.10383948191318,1.61570727348233,0,1.10383948191318,0.697070134844117,0,0,0,0,0,0,0,0,0,0,2.4920870175616
"TCTGCAGGTGCACGCT-1","1",1.81824298891842,0,0,0,0,0,0,0,0,0,0,0,0,0,0,0,0,0,0,0,0,0.709121306837964,1.81824298891842,0,0,2.51400035066114,0.709121306837964,0.709121306837964,0.709121306837964,1.63487544900621,0,0,0,0,0,0,0,0,0,0,0,0,0,0.709121306837964
"TCTGCCATCACTAGCA-1","3",2.55759638315628,0,0,0,0,0,0,0,0,0,0,0,0,0,0,0,0,0,0,0,0,0.842752398015529,0,0,0,1.60306846414862,0,0,0.842752398015529,0,0,0,0,0,0,0,0,0,0,0,0.842752398015529,0,0,0
"TCTGCCATCAGCGGTT-1","6",1.81763797610274,1.81763797610274,0,0,0,0,0,0,0,0,0,0,0,0,0,0,0,0,0,0,0,0,0,0,0,0,0,0,0,0,0,0,0,0,0,0,0,0,0,0,1.81763797610274,0,0,3.07404380534292
"TCTGCCATCAGTTAGT-1","2",1.62793142351789,0,0.704745642049219,0,0,0,0,0,0,0,0,0,0,0,0,0,0,0,0,0,0,1.11404720110217,1.96571162976039,0,0,2.09965141229548,0,0,0,2.09965141229548,0,0,0,0.704745642049219,0,0,0,0,0,0,0,0,0,0
"TCTGCCTGTCAGCGGA-1","5",2.24396902115914,0,0,0,0,0,0,0,0,0,0,0,0,0,0,0,0,1.52891132682088,0,0,0,0,0.790448085557932,0,0,2.36415718683782,1.22635091081808,0,1.22635091081808,2.10733679419753,0,0,0,0,1.76087677525102,0,0,0,0,0,0,0,0,0
"TCTGCGGAGGGCTCAT-1","2",1.28501464060932,0,0,0,0,0,0,0,0,0,0,0,0,0,0,0,0,0,0,0,0,0,2.01979798017112,0,0,1.8292867231814,0,0.8361042042107,1.28501464060932,1.28501464060932,0,0,0,0,0,0,0,0,0,0,0,0,0,0
"TCTGCGGAGGTTGCCG-1","5",1.02708691811169,0,1.02708691811169,0,0,0,0,0,0,0,0,0,0,0,0,0,0,0,0,0,0,0.639988456287535,1.02708691811169,0,0,1.98447307847254,0.639988456287535,0.639988456287535,0.639988456287535,1.70152379705483,0,0,0,0,0,0,0,0,0,0,0,0,0,1.52297241144641
"TCTGCGGAGTTGGTGC-1","0",1.68130087784479,0,0,0,0,0,0,0,0,0,0,0,0,0,0,0,0,0,0,0,0,0,1.68130087784479,0,0,2.27676263379713,0.89915005908709,0,0.89915005908709,1.36482221677522,0,0.89915005908709,0,0,0.89915005908709,0,0,0,0,0,0,0,0,0.89915005908709
"TCTGGATGTATGTAGG-1","2",1.63603978298393,0,0,0,0,0,0,0,0,0,0,0,0,0,0,0,0,0,0,0,0,0.524215013872384,1.63603978298393,0,0,2.14948708290653,0.524215013872384,0,1.12082936712781,1.76197472089661,0,0,0,0,0,0,0,0,0,0,0,0,0,0
"TCTGGCCTCGACTTAG-1","2",1.75074357548191,0,0,0,0,0,0,0,0,0,0,0,0,0.583972292826648,0,0,0,0,0,0,0,0,1.75074357548191,0,0.583972292826648,1.9940439978935,0.950226123924791,0.950226123924791,0,1.42853666631819,0,0,0,0,0,0,0.583972292826648,0,0,0,0,0,0,2.95711543894306
"TCTGGCTCAAGTTCAA-1","3",2.58720470585365,1.6287543430843,0,0,0,0,0,0,0,0,0,0,0,0,0,0,0,0,0,0,0,0,0,0,0,0,0,0,0,1.1147351145429,0,0,0,0,0,0,0,0,0,0,0,0,0,0
"TCTGGGCGTAGCCTGC-1","7",2.21142982023864,0,0.965367297030145,0,0,0,0,0,0,0,0,0,0,0,0,0,0,0,0,0,0,0,1.77108994051323,0,0,2.01530395896024,0,0.965367297030145,0.965367297030145,2.21142982023864,0,0,0,0,0,0,0,0,0,0,0,0,0,1.77108994051323
"TCTGTAAGTTCCTGCT-1","3",3.20621429004544,0,1.74695236167273,0,0,0,0,0,0,0,0,0,0,0,0,0,0,0,0,0,0,0,0,0,0,1.74695236167273,0,0,0,0,0,0,0,0,0,0,0,0,0,0,0,0,0,1.74695236167273
"TCTGTGTTCGACCCGA-1","0",1.2390937226336,0,0,0,0,0,0,0,0,0,0,0,0,0,0,0,0,0,0,0,0,0,0.800314768793322,0,0,1.77579373893985,1.54302557466862,0.800314768793322,0,0.800314768793322,0,0,0.800314768793322,0,0,0,0,0,0,0,0,0,0.800314768793322,0
"TCTGTGTTCGAGTACC-1","0",2.12245191370921,0,0,0,0,0,0,0,0,0,0,0,0,0,0,0,0,0,0,0,0,0,1.04306344183494,0,1.04306344183494,1.54239917837169,1.04306344183494,0,0,1.04306344183494,0,0,0,0,0,0,0,0,0,0,0,0,0,1.04306344183494
"TCTGTTGCACATTCCA-1","0",2.41813887907502,0,0,0,0,0,0,0,0,0,0,0,0,0,0,0,0,0,0,0,0,1.48349282330361,1.48349282330361,0,0,0,1.48349282330361,0,1.48349282330361,0,0,0,0,0,0,0,0,0,0,0,0,0,0,0
"TGAAACGGTTAGAGAT-1","11",2.05883412389921,0,0,0,0,0,0,0,0,0,0,0,0,0,0,0,0,1.18752098342039,0,0,0,0,0,0,0,2.51726999888046,0,0,0,0,0,0,0,0,0,0,0,0,0,0,0,0,0,2.05883412389921
"TGAAACTTCCAGGGTT-1","2",2.0231747060681,0,0,0,0,0,0,0,0,0,0,0,0,0,0,0,0,0,0,0,0,1.05603229424373,1.73824502925574,0,0,2.33937082864869,0,0,1.33826208910952,1.55811994746055,0,0,0,0,0,0,0,0,0,0,0,0,0,0
"TGAAAGGCAAGTATCA-1","2",1.76698697801271,0,0,0,0,0,0,0,0,0,0,0,0,0,0,0,0,0,0,0,0,0,1.76698697801271,0,0,1.95536371104152,0.794483594841341,1.23156719873043,1.53469135515414,1.95536371104152,0,0,0,0,0,0,0,0,0,0,0,0,0,0
"TGAAAGGCATGGCGAC-1","4",1.61748624561693,0,0,0,0,0,0,0.455651488986635,0,0.455651488986635,0,0,0,0,0,0,0,0.455651488986635,0,0,0,1.00488815201942,1.196586283668,0,0,1.196586283668,0,0,0.455651488986635,1.61748624561693,0,0,0,0,0,0.455651488986635,0,0,0,0,0,0,0,0.767512798349287
"TGAAATGAGTGCCGTG-1","3",1.85805510374601,0,0,0,0,0,0,0,0,0,0,0,0,0,0,0,0,0,0,0,0,0,0,0,0,0,0,0,0,0,0,0,0,0,0,0,0,0,0,0,0,0,0,0
"TGAACAGGTTAGTACC-1","0",2.32384658350251,0,0,0,0,0,0,0,0,0,0,0,0,0,0,0,0,1.54457005829119,0,0,0,0,0,0,0,2.12488241411248,1.04485218327507,0,0,1.04485218327507,0,0,0,0,0,0,0,0,0,0,0,0,0,0
"TGAACCATCCCAATTC-1","5",1.37096735039809,0,0.682955319609998,0,0,0,0,0,0,0,0,0,0,0,0,0,0,0,0,0,0,0.682955319609998,1.59308069978623,0,0,2.81394158395678,1.08499992618023,0.682955319609998,0,2.28416428706873,0,0,0,0,0,0,0,0,0,0,0,0,0,0
"TGAACCCAGCAGGTTC-1","8",2.00072917340096,0,0,0,0,0,0,0,0,0,0,0,0,0,0,0,0,0,0,0,0,0.648929991901209,1.7169391879208,0,0,2.11721147314101,1.53772043055661,0,1.039210617777,1.31921310141975,0,0,0,0,0.648929991901209,0,0,0,0,0,0,0,0,1.86886767329157
"TGAACCGCAATCAGCG-1","0",2.31199900972266,0,0,0,0,0,0,0,0,0,0,0,0,0,0,0,0,0,0,0,0,0.698388071410917,1.105594057093,0,0,1.61781020413363,1.105594057093,1.95487778790561,1.105594057093,1.39414543315363,0,0,0,0,0,0,0,0,0,0,0,0,0,0
"TGAACCGCACTTGCTA-1","2",1.36438828496085,0,0.898804429293679,0,0,0,0,0,0,0,0,0,0,0,0,0,0,0.898804429293679,0,0,0,0,0.898804429293679,0,0,2.27623962210483,0,0,1.36438828496085,2.27623962210483,0,0,0,0,0,0,0,0,0,0,0,0,0,0
"TGAACCGCATTCATAC-1","3",2.79742689557972,0,1.57910175768955,0,0,0,0,0,0,0,0,0,0,0,1.57910175768955,0,0,0,0,0,0,0,0,0,0,0,0,0,0,0,0,0,0,0,0,0,0,0,0,0,0,0,0,0
"TGAATAGAGCAATTAC-1","3",3.35826382047213,2.07125975698358,0,0,0,0,0,0,0,0,0,0,0,0,0,0,0,0,0,0,0,0,0,0,0,0,0,0,0,0,0,0,0,0,0,0,0,0,0,0,0,0,0,2.07125975698358
"TGAATAGAGCTAATGT-1","15",1.47863655061743,0,0,0,0,0,0,0,0,0,0,0,0,0,0,0,0,0.990834075551782,0,0,0,1.47863655061743,0.990834075551782,0,0,2.24785437195001,0,0.990834075551782,1.80507711191296,0,0,0,0,0,0,0,0,0,0,0,0,0,0,0
"TGAATCCGTCAAGTGA-1","0",2.10248516127316,0,0,0,0,0,0,0,0,0,0,0,0,0,0,0,0,0.787433305890953,0,0,0,0.787433305890953,1.22244998497117,0,0,0.787433305890953,0.787433305890953,0,0.787433305890953,1.52458668064213,0,0,0,0,0,0,0,0,0,0,0,0,0,1.75630376795029
"TGAATGAAGCCTAGAC-1","2",1.3649307493573,0,0,0,0,0,0,0,0,0,0,0,0,0,0,0,0,0,0,0,0,0,1.3649307493573,0,0,0,0,0,0.899236510835915,2.64755919523729,0,0,0,0.899236510835915,0,0,0,0,0,0,0,0,0,0
"TGAATGAAGTAATGGA-1","13",1.65281074052014,0,0,0,0,0,0,0,0,0,0,0,0,0,0,0,0,0,0,0,0,1.42701080917322,0.720474840788322,0,0,1.99231022466008,0,1.13488569545494,0.720474840788322,0.720474840788322,0,0,0,0,0,0,0,0,0,0,0,0,0,0
"TGAATGGGTTCCTTCA-1","13",2.00954848663315,0,0,0,0,0,0,0,0,0,0,0,0,0,0,0,0,2.00954848663315,0,0,0,0,0,0,0,2.00954848663315,0,2.00954848663315,0,2.00954848663315,0,0,0,0,0,0,0,0,0,0,0,0,0,0
"TGACATTAGGATCCAC-1","10",0,0,0,0,0,0,0,0,0,0,0,0,0,0,0,0,0,0,0,0,2.95052264812006,0,0,0,0,0,0,0,0,0,0,0,0,0,0,0,0,0,0,0,0,0,0,0
"TGACCAATCCCTGGAG-1","7",1.81969276298341,0.829638837656132,0,0,0,0,0,0,0,0,0,0,0,0,0.829638837656132,0,0,0,0,0,0,0.829638837656132,1.81969276298341,0,0,2.00988420026882,1.27675324639102,0,0,2.94941965038423,0,0,0,0,0,0,0,0,0,0,0,0,0,0.829638837656132
"TGACCAATCTCACATC-1","1",1.42877793858469,0.721669148372433,0,0,0,0,0,0,0,0,0,0,0,0,0,0,0,0,0,0,0,0,1.13646362103836,0,0.721669148372433,1.99431811336844,0.721669148372433,1.13646362103836,1.13646362103836,1.99431811336844,0,0,0,0,0,0,0,0,0,0,0,0,0,2.24738119623863
"TGACCAGCAACGTGAT-1","2",2.02666034866337,0,0.973493069418636,0,0,0,0,0,0,0,0,0,0,0,0,0,0,0,0,0,0,1.45730024932766,1.7819658822531,0,0,1.63275157212655,0,0,0.600805740729033,0.600805740729033,0,0,0,0,0,0,0,0,0,0,0,0,0,0.600805740729033
"TGACCCAGTGGCTCTA-1","0",2.14475249986245,0,0,0,0,0,0,0,0,0,0,0,0,0,0,0,0,0,0,0,0,1.11721937174511,1.75753641442795,0,0,1.48777629756197,0.522031368373641,0.522031368373641,1.11721937174511,1.86927337013737,0,0,0,0,0.522031368373641,0,0,0,0,0,0,0,0,0.522031368373641
"TGACCCTCATTCCTTC-1","0",1.42534874109528,0,0.582118982714672,0,0,0,0,0,0,0,0,0,0,0,0,0,0,0,0,0,0,0.582118982714672,0.582118982714672,0,0,1.21475875139303,1.21475875139303,0,0.947655303029037,0,0,0,0,0.947655303029037,0,0,0,0,0,0,0,0,0,0
"TGACCTAAGGTATCTG-1","8",2.05176601630528,0,0.677426503337154,0,0,0,0,0,0,0,0,0,0,0,0,0,0,0,0,0,0,1.58416481750379,1.36261968598098,0,0.677426503337154,1.91880715465663,0,0,0.677426503337154,1.58416481750379,0,0,0,0,1.07759598193285,0,0,0,0,0,0,0,0,2.60966224193145
"TGACGAAGTATTGCTA-1","5",1.88012456676553,0,0,0,0,0,0,0,0,0,0,0,0,0,0,0,0,0,0,0,0,0.747097461913817,1.16991801825496,0,0.747097461913817,2.66238113324672,1.46616615199531,1.16991801825496,0.747097461913817,1.16991801825496,0,0,0,0,0,0,0,0,0,0,0,0,0,0.747097461913817
"TGACGGGGTTGGGTAA-1","10",0,0,0,0,0,0,0,0,0,0,0,0,0,0,0,0,0,2.30024843335264,0,0,0,0,0,0,0,0,0,0,0,0,0,0,0,0,0,0,2.94197918606241,0,0,0,0,0,0,0
"TGACGTTGTATGGCCC-1","5",2.26761502333728,0,0,0,0,0,0,0,0,0,0,0,0,0,0,0,0,0,0,0,0,0.673870528216599,2.04545955906009,0,0,2.85364267478266,0.673870528216599,1.07282661633621,0.673870528216599,1.91263334562381,0,0,0,0,0,0,0,0,0,0,0,0,0,0
"TGACGTTGTCTTGCCT-1","2",1.2565256720442,0,0,0,0,0,0,0,0,0,0,0,0,0,0,0,1.2565256720442,0.984122392151173,0,0,0,0.984122392151173,2.04146073975674,0,0,2.40268171581532,0.984122392151173,0.984122392151173,0,2.47574047706944,0,0.608531888830649,0,0,1.2565256720442,0,0,0,0,0,0,0,0,0
"TGACTAACAATGGAAG-1","2",1.91550807631439,0,1.07504655811793,0,0,0,0,0,0,0,0,0,0,0,0,0,0,0,0,0,0,0,1.07504655811793,0,0,1.58109165405374,0,0,0,2.36562060330043,0,0,0,0,0,0,0,0,0,0,0,0,0,0
"TGACTAACATGATCCC-1","1",1.57595066757176,0,0,0,0,0,0,0,0,0,0,0,0,0,0,0,0,0.823493372857206,0,0,0,0.823493372857206,1.26888679830406,0,0,1.57595066757176,0,0,0,2.00042904976388,0,0,0,0,0,0,0,0,0,0,0,0,0,1.81054550832709
"TGACTGATCACTCCGC-1","0",2.79230724373081,0,0,0,0,0,0,0,0,0,0,0,0,0,0,0,0,0,0,0,0,0,1.40210016129108,0,0,2.3215222940138,0,1.40210016129108,0,2.3215222940138,0,0,0,0,0,0,0,0,0,0,0,0,0,0
"TGACTGATCAGGCTAC-1","5",2.15259137115255,0.612607772761533,0,0,0,0,0,0,0,0,0,0,0,0,0,0,0,0,0,0,0,1.26291448618418,0.989717452431269,0,0.612607772761533,2.24626559787292,0.612607772761533,0.989717452431269,0.612607772761533,2.33191163322001,0,0,0,0.612607772761533,0,0,0,0,0,0,0,0,0,0
"TGAGAATGTGCATCTG-1","1",2.13546928347382,0,0,0,0,0,0,0,0,0,0,0,0,0,0.557385656777926,0,0,0,0,0,0,0.91316715381197,1.17505000064498,0,0,2.04315541269674,0.557385656777926,1.17505000064498,0.557385656777926,2.04315541269674,0,0,0,0,0,0,0,0,0,0,0,0,0,1.17505000064498
"TGAGATGGTAGCTTAC-1","16",0,0,0,0,0,0,0,0,0,0,0,0,0,0,2.01855170845776,0,0,2.01855170845776,0,0,0,0,0,0,0,0,0,0,0,0,0,0,0,0,0,0,0,0,0,0,0,0,0,0
"TGAGATGGTTGCACCA-1","2",1.84830106930019,0,0,0,0,0,0,0,0,0,0,0,0,0,0,0,0,0,0,0,0,0,1.84830106930019,0,0,2.45942195662376,0,0,0,0,0,0,0,0,0,0,0,0,0,0,0,0,0,0
"TGAGCCACAATCCCTA-1","5",1.66338806773757,0,0,0,0,0,0,0,0,0,0,0,0,0,0,0,0,0,0,0,0,1.34844709842059,1.66338806773757,0,0.538164484709983,2.25699340106876,0.886128382835706,0,0,0.886128382835706,0,0,0,0,0,0,0,0,0,0,0,0,0,0.538164484709983
"TGAGCCACAATCCTTG-1","15",2.2634011396476,0,0,0,0,0,0,0,0,0,0,0,0,0,0,0,0,0,0,0,0,0.890339429706402,1.35374862108525,0,0.890339429706402,1.35374862108525,0.890339429706402,0.890339429706402,1.35374862108525,0,0,0,0,0,0,0,0,0,0,0,0,0,0,0
"TGAGCGAAGTGAGTAA-1","1",1.95172692046396,0,0,0,0,0,0,0.792162854869046,0,0,0,0.792162854869046,0,0,0,0,0,0,0,0,0,0.792162854869046,1.95172692046396,0,0,1.53136860970446,1.22856816946124,0.792162854869046,0,2.74071140430585,0,0,0,0.792162854869046,0,0,0,0,0,0,0,0,0,1.76347467286439
"TGAGCGGGTAATCACC-1","2",2.17894638832927,0,0,0,0,0,0.626353709784395,0,0,0,0,0,0,0,0,0,0,0,0,0,0,1.00852471802139,1.50031631752831,0,0.626353709784395,2.35882780460746,0,1.00852471802139,1.00852471802139,2.17894638832927,0,0,0,0,0.626353709784395,0,0,0,0,0,0,0,0,0
"TGAGCGGGTGAGCAGT-1","4",2.67712722744975,0,0,0,0,0,0,0,0,0,0,0,0,0,0,0,0,0,0,0,0,0.990621175591125,0.990621175591125,0,0,0.990621175591125,0,0,0.990621175591125,0.990621175591125,0,0,0,0,0,0,0,0,0,0,0,0,0,1.80479417423424
"TGAGCTATCCACCGTC-1","1",2.17768372567705,0,0.884956877641055,0,0,0,0,0,0,0,0,0,0,0,0,0,0,0,0,0,0,0.537335094801432,1.90084099868064,0,1.51670834988554,2.17768372567705,0,0.537335094801432,0.537335094801432,2.85434835627215,0,0.884956877641055,0,0,0.537335094801432,0,0,0,0,0,0,0,0,0.884956877641055
"TGAGCTGCAACCTCTA-1","0",1.86086609106414,0,0,0,0,0,0,0,0,0,0,0,0,0,0,0,0,0,0,0,0,1.41158647653803,1.2020241140284,0,0.574146658546905,1.86086609106414,1.2020241140284,0,0.936575340747291,0.574146658546905,0,0,0,0.574146658546905,0,0,0,0,0,0,0,0,0,0.574146658546905
"TGAGCTGCATGGTAGT-1","0",1.97207443225714,0,0,0,0,0,0,0,0,0,0,0,0,0,0,0,0,0,0,0,0,0,1.11902116029932,0,0,1.11902116029932,1.11902116029932,1.63387904759325,1.11902116029932,1.11902116029932,0,0,0,0,0,0,0,0,0,0,0,0,0,0
"TGAGCTTGTAATTCGC-1","7",1.76671875961788,0,0,0,0,0,0,0,0,0,0,0,0,0,0,0,0,0,0,0,0,0.592555023568213,1.23133812255704,0,0.962107750477393,2.6345942898342,0.592555023568213,0.592555023568213,0,1.8961532365029,0,0,0,0,0,0,0,0,0,0,0,0,0,0.592555023568213
"TGAGGATAGTATGAAG-1","1",1.46143329532811,0,0,0,0,0,0,0,0,0,0,0,0,0,0,0,0,0.508278662822128,0,0,0,0.843657355797664,1.29464731017615,0,0,2.60904835414029,0.843657355797664,0,0.843657355797664,2.03133675466848,0,0,0,0,0,0,0.508278662822128,0,0,0,0,0,0,0
"TGAGGCGGTTGCCTAG-1","0",1.47498630168669,0,0,0,0,0,0,0,0,0,0,0,0,0,0,0,0,0.987862442831866,0,0,0,0,0,0,0,1.80112610604941,0,0.987862442831866,0,0.987862442831866,0,0,0,0,0,0.987862442831866,0,0,0,0,0,0,0,0
"TGAGGCGGTTTGGTAC-1","0",2.64922487334135,0,0,0,0,0,0,0,0,0,0,0,0,0,0,0,0,0,0,0,0,0,1.89201874934151,0,0,2.34064247339332,1.05695024515647,0,0,1.05695024515647,0,0,0,0,0,0,0,0,0,0,0,0,0,0
"TGAGGCTTCACGTAAT-1","2",1.25607639447182,0,0,0,0,0,0,0,0,0,0,0,0,0,0,0,0,0,0,0,0,0,2.50978404308453,0,0.813508273511391,0.813508273511391,0,0,0,1.56180618790215,0,0,0,0,0,0,0,0,0,0,0,0,0,0
"TGAGGTGAGATAGACA-1","0",2.3268446489194,0,0,0,0,0,0,0,0,0,0,0,0,0,0,0,0,0,0,0,0,1.04700751631511,0,0,0,1.54718474632406,1.04700751631511,0,1.54718474632406,1.04700751631511,0,0,0,0,0,0,0,0,0,0,0,0,0,0
"TGAGGTTCACCTTCAA-1","5",0,0,0,0,0,0,0,0,0,0,0,0,0,0,0,0,0,0,0,0,0,0,1.93181504419683,0,0,2.38293950014339,2.18260359685104,1.08766664332135,0,1.93181504419683,0,0,0,0,0,0,0,0,0,0,0,0,0,0
"TGAGTAAAGGGGCAGT-1","2",2.26727021199639,0,0,0,0,0,0,0,0,0,0,0,0,0,0,0,0,0,0,0,0,0,2.10545585495684,0,0,1.67269568876085,0,0,0,2.73577497445595,0,0,0,0,0,0,0,0,0,0,0,0,0,0.892886587957254
"TGAGTCGCAAGCCTCT-1","0",0.721669148372433,0,0,0,0,0,0,0,0,0,0,0,0,0,0,0,0,0,0,0,0,0.721669148372433,1.65469057212603,0,0,1.65469057212603,1.13646362103836,0.721669148372433,0.721669148372433,0,0,0,0,0,0,0,0,0,0,0,0,0,0,0
"TGAGTCTGTCTAAGGA-1","7",2.04236726776596,0,0,0,0,0,0,0,0,0,0,0,0,0,0,0,0,1.07049069989772,0,0,0,0.672130475569031,1.75648215587125,0,0,2.04236726776596,0,0,0.672130475569031,1.90960639652424,0,0,0,0.672130475569031,0,0,0,0,0,0,0,0,0,0
"TGAGTCTGTTGCATAC-1","3",3.30493311606654,0,2.02309335995783,0,0,0,0,0,0,0,0,0,0,0,0,0,0,0,0,0,0,0,0,0,0,0,0,0,0,0,0,0,0,0,0,0,0,0,0,0,0,0,0,0
"TGAGTTACAGGGACTC-1","5",2.07451739593182,0.490290968810485,0,0,0,0,0,0,0,0,0,0,0,0,0,0,0,0,0,0,0,1.26162783595596,1.0641497957314,0,0.490290968810485,1.99169067611211,1.0641497957314,0,0.490290968810485,2.07451739593182,0,0,0,0,0,0,0,0,0,0,0,0,0,0.817831893351439
"TGAGTTACATGGTACG-1","2",1.44367748901215,0.731766102848511,0.731766102848511,0,0,0,0,0,0,0,0,0,0,0,0,0,0,0,0,0,0,0,2.01122853245675,0,0,2.01122853245675,1.14977972112603,0,0,1.67053199697811,0,0,0,0,0,0,0,0,0,0,0,0,0,0
"TGAGTTGTCACCTGGG-1","10",0,0,0,2.68647856817735,0,0,0,3.06897510707273,2.68647856817735,0,0,0,0,0,0,2.05923185480196,0,0,0,0,0,0,0,0,0,0,0,0,0,0,0,0,0,0,0,0,2.05923185480196,0,0,2.05923185480196,0,0,0,0
"TGATAGAAGGATCCAC-1","5",1.8605255822504,0,0,0,0,0,0,0,0,0,0,0,0,0,0.734971603122769,0,0,0,0,0,0,0.734971603122769,0.734971603122769,0,0,2.47268457371745,1.15399828555234,0,0.734971603122769,1.67554228611177,0,0,0,0,0,0,0,0,0,0,0,0,0,0.734971603122769
"TGATAGCCACATTAGA-1","8",1.15877602319334,0,0,0,0,0,0,0,0,0,0,0,0,0,0,0,0,0.738605911244632,0,0,0,1.86641510041333,1.45373029562903,0,0.738605911244632,2.38297918548885,0,0.738605911244632,1.15877602319334,0.738605911244632,0,0,0,0,0,0,0,0,0,0,0,0,0,2.15768756831102
"TGATAGCCATTGCCCG-1","0",2.00884955693442,0,0,0,0,0,0,0,0,0,0,0,0,0,0,0,0,0,0,0,0,1.76491093848943,1.22979435825063,0,0,1.76491093848943,0.591580581298089,1.44157959641422,0,0,0,0,0,0,0,0.591580581298089,0,0,0,0,0,0,0,0
"TGATAGCCATTGCGCT-1","2",2.43856642733611,0,0,0,0,0,0,0,0,0,0,0,0,0,0,0,0,1.20107561745555,0,0,0,0.770962028338167,0.770962028338167,0,0,1.73119172778918,0,0,1.5008577815123,1.73119172778918,0,0,0,0,0,0,0,0,0,0,0,0,0,0.770962028338167
"TGATCCCCAGCTACTC-1","0",1.62040753364451,0,0,0,0,0,0,0,0,0,0,0,0,0,0,0,0,0,0,0,0,1.10776197575024,0,0,0,2.5775959831465,0,1.62040753364451,0,0,0,0,0,0,0,0,0,0,0,0,0,0,0,0
"TGATGAGGTAGTTGAG-1","5",2.17755756942965,0.834699268550882,0,0,0,0,0,0,0,0,0,0,0,0,0,0,0,0,0,0,0,1.28322068555494,0.834699268550882,0,0,1.82720448804516,1.59175510246442,0,0.834699268550882,1.82720448804516,0,0,0,0,0,0,0,0,0,0,0,0,0,0
"TGATGAGGTGCATCAT-1","7",1.49189316238568,0,0,0,0,0,0,0,0,0,0,0,0,0,0,0,0,0.764770485520289,0,0,0,0,1.49189316238568,0,0,2.61253097222917,0,0,1.72169545707919,1.9084316703037,0,0,0,0,0,0,0,0,0,0,0,0,0,0
"TGATGAGGTTACACTA-1","5",2.36980353793136,0,0,0,0,0,0,0,0,0,0,0,0,0,0,0,0,1.32709704431859,0,0,0,0,1.32709704431859,0,0,2.49157870950989,0.86921654609485,0.86921654609485,0,1.32709704431859,0,0,0,0,0,0,0,0,0,0,0,0,0,1.87796257875263
"TGATGGCTCCATCTCG-1","2",2.7948994212346,0,0,0,0,0,1.8116156410013,0,0,0,0,0,0,0,0,0,0,0,0,0,0,1.8116156410013,1.8116156410013,0,0,1.8116156410013,0,0,1.8116156410013,0,0,0,0,0,0,0,0,0,0,0,0,0,0,0
"TGATGGCTCCCTGACC-1","2",2.69325374615156,0,0,0,0,0,0,0,0,0,0,0,0,0,0,0,0,0.593641619262092,0,0,0,0,1.44510070083079,0,0,2.01284205083277,0,0,1.23305853112359,1.61995227289653,0,0,0,0,0,0,0.593641619262092,0,0,0,0,0,0,0.593641619262092
"TGATTAGCAGGACTTG-1","12",3.31680757541635,0,0,0,0,0,0,0,0,0,0,0,0,0,0,0,2.28822202882376,3.59538118362582,0,0,0,0,0,0,0,0,0,0,0,0,0,0,0,0,0,0,0,0,0,0,0,0,0,0
"TGATTGGTCCCGTTCA-1","15",2.58858618955616,0,0,0,0,0,0,0,0,0,0,0,0,0,0,0,0,1.50793908316206,0,0,0,0,1.50793908316206,0,0,2.71268243847004,1.01476158156167,1.01476158156167,1.01476158156167,0,0,0,0,0,0,0,0,0,0,0,0,0,0,1.01476158156167
"TGATTTCCATCCATCA-1","1",1.60761184481871,0,0,0,0,0,0,0,0,0,0,0,0,0,0,0,0,0,0,0,0,1.18799637117936,0.997087474988011,0,0.451155506356472,1.90229471424047,0.760923044214326,0.760923044214326,0,1.90229471424047,0,0,0,0.760923044214326,0,0,0,0,0,0,0,0,0,0
"TGATTTCCATCGTTCA-1","0",1.67167146741293,0,0.732494608912677,0,0,0,0,0,0,0,0,0,0,0,0,0,0,0,0,0,0,0,0.732494608912677,0,0,1.85650389441169,0.732494608912677,0.732494608912677,0,0,0,0,0,0,0,0,0,0,0,0,0,0,0,0
"TGATTTGGTGAACGAC-1","3",3.33839648042313,0,0,0,0,0,0,0,0,0,0,0,0,0,0,0,0,0,0,0,0,0,0,0,0,2.05328726355058,0,0,0,0,0,0,0,0,0,0,0,0,0,0,0,0,0,0
"TGCAAACCAATCCCGT-1","2",2.78705026746945,0,0,0,0,0,0,0,0,0,0,0,0,0,0,0,0,0,0,0,0,0.700886021944456,1.95914029533816,0,0,2.09294546324499,0,0,2.21094138342484,1.95914029533816,0,0,0,0,0,0,0,0,0,0,0,0,0,0
"TGCAATGTCACAGCTA-1","0",1.67959483838046,0,1.0099096632852,0,0,0,0,0,0,0,0,0,0,0,0,0,0,0,0,0,0,1.28592953963906,1.0099096632852,0,0.627368690350045,2.43991956848557,0.627368690350045,1.28592953963906,0.627368690350045,0,0,0,0,0.627368690350045,0,0,0,0,0,0,0,0,0,0
"TGCAATGTCGTAGTTG-1","1",2.17851880148008,0,0,0,0,0,0,0,0,0,0,0,0,0,0,0,0,0.790777242346667,0,0,0,1.38948281321198,1.65209192265456,0,0.471599126069587,1.76137563002303,1.5293831535913,0.471599126069587,0,1.5293831535913,0,0,0,0,0,0,0,0,0,0,0,0,0,1.76137563002303
"TGCAATTAGCGAGCAA-1","1",1.63592880731881,0,0,0,0,0,0,0,0,0,0,0,0,0,0,0,0,0.524158789582454,0,0,0,0.524158789582454,1.12073648185236,0,0,1.49182195439255,0.524158789582454,0.524158789582454,0.866291265167632,2.36523343570462,0,0,0,0.524158789582454,0,0,0,0,0,0,0,0,0,1.63592880731881
"TGCACAATCAGGCAGA-1","9",2.91105605595869,0,0,0,0,0,0,0,0,0,0,0,0,0,0,0,0,0,0,0,0,0,0,0,0,0,0,0,0,2.27089805024348,0,0,0,0,0,0,0,0,0,0,0,0,0,0
"TGCACCCTCCATCTGT-1","0",1.75434447271397,0,0,0,0,0,0,0,0,0,0,0,0,0,0,0,0,0.670866578822798,0,0,0,0,0,0,0.670866578822798,2.15726476223674,1.06879312050741,0,0,1.35268449084121,0,0.670866578822798,0,0,0,0,0,0,0,0,0,0,0,0.670866578822798
"TGCACCTCAATATACG-1","16",2.15498549876768,0,1.57150393782054,0,0,0,0,0,0,0,0,0,0,1.57150393782054,0,0,0,1.57150393782054,0,0,0,0,0,0,0,0,0,0,0,0,0,0,0,0,0,0,0,0,0,0,1.57150393782054,0,0,1.57150393782054
"TGCACCTCAGGACTGC-1","9",0,0,0,0,0,0,0,0,0,0,0,0,0,0,0,0,0,0,0,0,0,0,0,0,0,2.25393558389386,0,0,0,0,0,0,0,0,0,0,0,0,0,0,0,0,0,0
"TGCACCTCATGGCAAT-1","2",1.56384376869053,0,0,0,0,0,0,0,0,0,0,0,0,0,0,0,0,0,0,0,0,1.0607629985495,1.797774289004,0,0.488288382632385,3.02116929067433,0,0,0.488288382632385,1.89697833179407,0,0,0,0,0.488288382632385,0,0,0,0,0,0,0,0,0.488288382632385
"TGCACTAAGTTAGCAT-1","0",1.53193700851449,0,0,0,0,0,0,0,0,0,0,0,0,0,0,0,0,1.53193700851449,0,0,0,1.22908112355724,1.53193700851449,0,1.22908112355724,2.81646010689141,0,1.22908112355724,1.95234912178757,1.22908112355724,0,0,0,0,0,0,0,0,0,0,0,0,0,0.792559682719759
"TGCAGGCCAAATGACC-1","2",2.14445860798198,0,0,0,0,0,0,0,0,0,0,0,0,0,0,0,0,0,0,0,0,0,1.66904478179844,0,0.730815721033788,2.14445860798198,0.730815721033788,0,0.730815721033788,1.66904478179844,0,0,0,0,0,0,0,0,0,0,0,0,0,0
"TGCAGGCCAGGGCTAC-1","1",1.84785055592752,0,0.511787470585897,0,0,0,0,0,0,0,0,0,0,0,0,0,0,0,0,0,0,0.511787470585897,1.10021485311365,0,0,3.01454642036821,0,1.30103110898363,1.84785055592752,2.19936075972399,0,0,0,0,0.511787470585897,0,0,0,0,0,0,0,0,1.30103110898363
"TGCAGGCCATGACTAA-1","4",2.08524909682487,0,0,0,0,0,0,0,0,0,0,0,0,0,0,0,0,0,0,0,0,0,0.63171021884338,0,0,1.29266294404615,0,0.63171021884338,0,2.1891274466722,0,0,0,0,0,0,0,0,0,0,0,0,0,0.63171021884338
"TGCAGGTTCCAGATCA-1","4",2.17769634240093,0,0,0,0,0,0,0,0,0,0,0,0,0,0,0,0,0,0,0,0,0.578070215672008,1.41836949503572,0,0,2.08484638015588,0,0,0,1.41836949503572,0,0,0,0,0,0,0,0,0,0,0,0,0,0.578070215672008
"TGCATAGTCCGCCTAC-1","1",2.38377329061589,0,0,0,0,0,0,0,0,0,0,0,0,0,0,0,0,0,0,0,0,1.24168395929091,2.30510898111946,0,0,2.38377329061589,0.599099741069525,0.971141851160424,0,1.77882196597559,0,0,0,0,0,0,1.24168395929091,0,0,0,0,0,0,0.599099741069525
"TGCATAGTCCGTTGGG-1","8",1.43520644212695,0,0,0,0,0,0,0,0,0,0,0,0,0,0,0,0,0,0,0,0,0.955609917473695,0,0,0,1.75799034376634,0,0,1.75799034376634,2.36099891946584,0,0,0,0,0,0,0,0,0,0,0,0,0,2.50158284970048
"TGCATCAAGTGAACTT-1","0",2.09685198778932,0,0,0,0,0,0,0,0,0,0,0,0,0,0,0,0,0,0,0,0,0,0.437783511186951,0,0,2.09685198778932,0.741241361258363,0,0.437783511186951,0.973732284554101,0,0,0,0,0,0,0,0,0,0,0,0,0,0.741241361258363
"TGCCAGACATCCATAT-1","0",0.96597166119224,0,0,0,0,0,0,0,0,0,0,0,0,0,0,0,0,0,0,0,0,0.96597166119224,0.96597166119224,0,0,2.2122988870065,0,0,0,1.77189988343426,0,0,0,0,0,0,0,0,0,0,0,0,0,0
"TGCCAGTAGCCACATA-1","2",1.90116379991118,0,0,0,0,0,0,0,0,0,0,0,0,0,0,0,0,0,0,0,0,0,2.59049014305173,0,1.06398403797423,2.15078188029262,0.667289056989009,0,0,2.35037158145633,0,0,0,0,0.667289056989009,0,0,0,0,0,0,0,0,0
"TGCCATAAGCGCTCAG-1","8",1.86701591506303,0,0,0,0,0,0,0,0,0,0,0,0,0,0,0,0,0,0,0,0,0,1.86701591506303,0,0,1.86701591506303,0,0,0,0.861725103066393,0,0,0,0,0.861725103066393,0,0,0,0,0,0,0,0,2.21957791906369
"TGCCATAAGGTCACGT-1","2",2.46989533929383,0,0,0,0,0,0,0,0,0,0,0,0,0,0,0,0,0,0,0,0,0,1.75948185271987,0,0,2.46989533929383,0,0,0.78952797749153,2.36263100167403,0,0,0,0,0,0,0,0,0,0,0,0,0,0
"TGCCATAAGTTAATGC-1","0",2.64892830370052,0,0,0,0,0,0,0,0,0,0,0,0,0,0,0,0,0,0,0,0,0.838929137527694,0,0,0,1.83346925769135,0,0.838929137527694,0,0.838929137527694,0,0,0,0,0,0,0,0,0,0,0,0,0,0
"TGCCATCCAGGTTCGA-1","15",1.34876384621904,0,0,0,0,0,0,0,0,0,0,0,0,0,0,0,0,0,0,0,0,0,0,0,0,2.3964679245686,0,0.886379849402615,1.34876384621904,0.886379849402615,0,0,0,0,0,0,0,0,0,0,0,0,0,0
"TGCCATCCATAACGGT-1","8",1.67699319087038,0,0,0,0,0,0,0,0,0,0,0,0,0,0,0,0,0,0,0,0,0,1.05223625796436,0,0.483258871119615,1.97595367605791,0.807680114815165,0.483258871119615,0.807680114815165,1.05223625796436,0,0,0,0,0,0,0,0,0,0,0,0,0,2.64250431027731
"TGCCATCCATCCGCTG-1","1",1.76631662242803,0,0,0,0,0,0,0,0,0,0,0,0,0,0,0,0,0.961808062817868,0,0,0,0.5923381954591,1.89574103408516,0,0,2.01031804892258,0,0.5923381954591,0,2.37010701598258,0,0,0,0,0,0,0,0,0,0,0,0,0,1.23099468771481
"TGCCATGGTAGTTGGA-1","1",0.799842262284023,0,0,0,0,0,0,0,0,0,0,0,0,0,0,0,0,0.799842262284023,0,0,0,0.799842262284023,2.25929435895987,0,0,1.96374298354586,0,0,0,2.25929435895987,0,0,0,0,0,0,0,0,0,0,0,0,0,0
"TGCCATGGTTTACCAA-1","2",2.05903296379369,0,0.760680131170778,0,0,0,0,0,0,0,0,0,0,0,0,0,0,0,0,0,0,0,1.18767939887082,0,0,1.71540458124847,0.760680131170778,0,0.760680131170778,1.18767939887082,0,0,0,0.760680131170778,0,0,0,0,0,0,0,0,0,0
"TGCCATGGTTTGGCAT-1","2",2.00843050603665,0,0.73009069575163,0,0,0,0,0,0,0,0,0,0,0,0,0,0,0,0,0,0,0.73009069575163,1.66790968088943,0,0,1.14757311586381,1.14757311586381,0,0,2.00843050603665,0,0,0,0,0,0,0,0,0,0,0,0,0,0
"TGCCATTTCATCTCTA-1","0",2.28813360203201,0,0,0,0,0,0,0,0,0,0,0,0,0,0,0,0,0,0,0,0,1.08792758076695,0,0,0,1.59660249476654,0,0.68514437146021,0,0,0,0,0,0,0,0,0,0,0,0,0,0,0,1.37426600176873
"TGCCATTTCCCATAGA-1","4",0.974365106391837,0,0,0,0,0,0,0,0,0,0,0,0,0,0,0,0,0,0,0,0,0.974365106391837,0.974365106391837,0,0.974365106391837,0.601438754070446,0,0,0.601438754070446,1.45837524329542,0,0,0,0,0,0,0,0,0,0,0,0,0,0
"TGCCCAAGTATGGCAA-1","0",2.10875576850449,0,0.895106722420111,0,0,0,0,0,0,0,0,0,0,0,0,0,0,0,0,0,0,0.895106722420111,0.895106722420111,0,0.895106722420111,1.67574816943188,0.895106722420111,0.895106722420111,0.895106722420111,0,0,0,0,0,0,0,0.895106722420111,0,0,0,0,0,0,0.895106722420111
"TGCCCAAGTGCGCGTT-1","6",1.61975725586195,1.61975725586195,0,0,0,0,0,0,0,0,0,0,0,0,0,0,0,1.61975725586195,0,0,0,0,0,0,0,1.61975725586195,0,0,0,0,0,0,0,0,0,0,0,1.61975725586195,0,0,0,0,0,3.37973697907062
"TGCCCATCACCAATCC-1","3",3.04670191878013,0,0,0,0,0,0,0,0,0,0,0,0,0,1.35162227922205,0,0,0,0,0,0,0,0,0,0,0,0,0,0,0,0,0,0,0,0,0,0,0,0,0,0,0,0,0
"TGCCCGAAGCGCTCTC-1","1",1.71161381334893,0,0,0,0,0,0,0,0,0,0,0,0,0,0,0,0,0,0,0,0,0,1.39258973578925,0,0,0.921330198157499,1.71161381334893,0,0,1.39258973578925,0,0,0,0,0,0,0,0,0,0,0,0,0,1.39258973578925
"TGCCCGTTCCGGTTCC-1","9",0,0,0,0,0,0,0,0,0,0,0,0,0,0,0,0,0,0,0,0,0,0,0,0,0,0,0,0,0,0,0,0,0,0,0,0,0,0,0,0,0,0,0,0
"TGCCCTCAGCTACTCT-1","0",1.52131557851865,0,0,0,0,0,0,0,0,0,0,0,0,0,0,0,0,0,0,0,0,1.52131557851865,2.09881375155805,0,0.785155593527713,2.35536583020814,1.21950047854848,0,0,1.21950047854848,0,0,0,0,0,0,0,0,0,0,0,0,0,0
"TGCCCTCAGTAAGTAG-1","2",1.54800035847124,0,0,0,0,0,0,0,0,0,0,0,0,0,0,0,0,0,0,0,0,0.554121676558012,1.93489157420611,0,0,2.93225346023754,0.90859049611869,0,0.90859049611869,2.43060562305857,0,0,0,0,0,0,0,0,0,0,0,0,0,0
"TGCCCTTGTATGTCAC-1","7",2.04714324081563,0,0,0,0,0,0,0,0,0,0,0,0,0,0,0,0,0,0,0,0,0.446059970196867,2.59280343708452,0,0.446059970196867,1.59635591931111,0,0.753437766241148,0.753437766241148,2.74828154396088,0,0.446059970196867,0,0,0,0,0,0,0,0,0,0,0,0.753437766241148
"TGCCCTTGTTTGAGGA-1","0",2.01968459887662,0,0,0,0,0,0,0,0,0,0,0,0,0,0,0,0,0,0,0,0,0.897080521656913,0,0,0,1.80558263542515,0,0,0.897080521656913,1.15645633846224,0,0,0,0,0,0,0,0,0,0,0,0,0,1.15645633846224
"TGCCGAACATAATCGA-1","0",1.72150684423175,0,0,0,0,0,0,0,0,0,0,0,0,0,0,0,0,0.764647717792679,0,0,0,0.764647717792679,0.764647717792679,0,0,2.42781915398203,1.19285368874644,0.764647717792679,0,1.49171515742722,0,0,0,0,0,0,0,0,0,0,0,0,0,0
"TGCCGATAGAACCAGG-1","7",2.38954565568452,0,0.566560260288234,0,0,0,0,0,0,0,0,0,0,0,0,0,0,0.925999546001116,0,0,0,0.566560260288234,1.84614756327503,0,0,1.71796414362995,0,0,0.925999546001116,2.87741555893095,0,0,0,0,0,0,0,0,0,0,0,0,0,0.925999546001116
"TGCCGATAGATTGACT-1","0",2.30685191050956,0,0,0,0,0,0,0,0,0,0,0,0,0,0,0,0,0,0,0,0,0,0.829347466855935,0,0.829347466855935,1.58421615845211,0,1.27638058504104,0,1.81925968926387,0,0,0,0,0,0,0.829347466855935,0,0,0,0,0,0,1.58421615845211
"TGCCGATAGGTGGATG-1","0",1.81075940747296,0,0,0,0,0,0,0,0,0,0,0,0,0,0,0,0,0,0,0,0,0.823636867485443,0,0,1.26907063193808,2.6237786154663,0.823636867485443,0.823636867485443,0,0.823636867485443,0,0,0,0,0,0,0,0,0,0,0,0,0,0
"TGCCGATAGGTTCATG-1","0",2.36457192293122,0,0,0,0,0,0,0,0,0,0,0,0,0,0,0,0,0,0,0,0,1.07428430337887,0,0,0,2.16465393948159,0,0,1.07428430337887,1.91452120083821,0,0,0,0,0,0,0,0,0,0,0,0,0,0
"TGCCGCTTCTATGCAG-1","0",2.33346230009366,0,0,0,0,0,0,0,0,0,0,0,0,0,0,0,0,0,0,0,0,0,1.55295970702046,0,1.0517714201829,1.33344104993277,1.0517714201829,0,0,1.0517714201829,0,0,0,0,0,0,0,0,0,0,0,0,0,1.73285734709961
"TGCCGTGAGGATCTGC-1","0",1.88669641024854,0,0,0,0,0,0,0,0,0,0,0,0,0,0,0,0,0.875212150655346,0,0,0,1.33467694627456,1.33467694627456,0,0,1.33467694627456,1.64830333416393,1.33467694627456,0,1.88669641024854,0,0,0.875212150655346,0,0,0,0,0,0,0,0,0,0,0
"TGCCGTGAGTGAGTAA-1","0",1.69408797123634,0,0.635696095518322,0,0,0,0,0,0,0,0,0,0,0,0,0,0,0.635696095518322,0,0,0,1.02125319372549,1.02125319372549,0,0,1.9766268139723,0.635696095518322,0,0,1.69408797123634,0,0,0,0,0,0,0,0,0,0,0,0,0,0
"TGCCGTTCACTAATGA-1","14",2.37458837341891,0,0,0,0,0,0,0,0,0,0,0,0,0,0,0,0,1.2344963372271,0,0,0,0,0,0,0,0,0,0,0,0,0,0,0,0,0,0,0,0,0,0,0,0,0,0
"TGCCTAGGTTTAGCAC-1","7",1.7562707380994,0.954331474881432,0,0,0,0,0,0,0,0,0,0,0,0,0,0,0,0.954331474881432,0,0,0,1.7562707380994,0.954331474881432,0,0,1.7562707380994,0,0.954331474881432,0,2.73257401781703,0,0,0,0,0,0,0,0,0,0,0,0,0,0.954331474881432
"TGCCTATTCATGCGGT-1","11",2.71441999033038,1.10316627457219,0,0,0,0,0,1.10316627457219,1.10316627457219,0,0,0,0,0,0,0,0,1.61490021214288,0,0,1.10316627457219,0,0,0,0,1.10316627457219,0,0,0,0,0,0,0,0,0,0,1.61490021214288,0,0,0,0,0,0,1.10316627457219
"TGCCTATTCCCTCACA-1","6",0,2.15072598254595,0,0,0,0,0,0,0,0,0,0,1.261401087281,0,1.261401087281,0,0,2.15072598254595,0,0,0,0,0,0,0,2.15072598254595,0,0,0,0,0,0,0,0,0,0,0,0,0,0,1.80183004779165,0,0,4.16292349289668
"TGCCTCATCATGTCGA-1","2",2.69129106516123,0,0,0,0,0,0,0,0,0,0,0,0,0,0,0,0,0,0,0,0,1.23156719873043,2.11381717816088,0,0,2.51155769059917,1.23156719873043,0.59269966641979,0,2.11381717816088,0,0,0,0,0,0,0,0,0,0,0,0,0,0
"TGCCTCATCGTTAGGC-1","5",2.0159049045787,0.294534248985434,0.294534248985434,0.15807195665263,0,0,0,0.294534248985434,0,0,0,0,0,0,0,0,0,0.521766681759297,0,0,0,0.521766681759297,1.36385906290446,0.294534248985434,0.294534248985434,1.7861208784156,0.618559592090075,0.414590949206867,0.294534248985434,1.94501924987358,0,0,0,0.521766681759297,0,0,0,0,0,0,0,0,0,0.932657753819001
"TGCCTCGCAGGATAGA-1","2",1.94728283286729,0,0,0,0,0,0,0,0,0,0,0,0,0,0,0,0,0,0,0,0,0.789331104412867,2.24214074338914,0,0,2.46956521042466,1.2249060139924,0,0.789331104412867,2.36230432769567,0,0,0,0,0,0,0,0,0,0,0,0,0,0
"TGCCTCGCAGTTGGGC-1","0",1.41999285268778,0,0,0,0,0,0,0,0,0,0,0,0,0,0,0,0,0,0,0,0,1.12862209406096,1.12862209406096,0,1.64534310224916,1.64534310224916,0,0.715738541711769,0,1.12862209406096,0,0,0,0,0,0,0,0,0,0,0,0,0,0
"TGCCTCTGTATAGCGA-1","4",2.30323222383553,0,0,0,0,0,0,0.44654600522058,0,0,0,0,0,0,0,0,0,0,0,0,0,0.44654600522058,1.17915282646199,0,0.989062924248981,0.989062924248981,0,0,0.44654600522058,1.47646122902353,0,0,0,0.44654600522058,0,0,0,0,0,0,0,0,0,0
"TGCCTCTGTGCATCAT-1","3",3.60446963993428,1.69932846649554,1.69932846649554,0,0,0,0,0,0,0,0,0,0,0,0,0,0,0,0,0,0,0,0,0,1.69932846649554,0,0,0,0,0,0,0,0,0,0,0,0,0,0,0,0,0,0,0
"TGCCTCTGTTAGTACC-1","2",1.33179725469204,0,0,0,0,0,0,0,0,0,0,0,0,0,0,0,0,0.528839150961642,0,0,0,0,1.88337951425159,0,0,1.98412090740213,0,0,0.872933233140202,0.872933233140202,0,0,0,0,0,0,0,0,0,0,0,0,0,0
"TGCCTCTGTTCCGGTA-1","7",1.24875958251595,0,0.807817857650405,0,0,0,0,0,0,0,0,0,0,0,0,0,0,0.807817857650405,0,0,0,0,1.97616779134565,0,0,2.50037577650713,0,0,0.807817857650405,2.68601512725583,0,0,0,0,0,0,0,0,0,0,0,0,0,0
"TGCCTGCTCATAGGTT-1","2",1.36103604330487,0,0,0,0,0,0,0,0,0,0,0,0,0,0,0,0,0.676379386650262,0,0,0,0,1.36103604330487,0,0,1.91699085060714,0.676379386650262,0,0.676379386650262,1.76365488108177,0,0,0,0.676379386650262,0,0,0.676379386650262,0,0,0,0,0,0,0
"TGCCTGCTCCCGTGAG-1","0",1.79551934331524,0,0,0,0,0,0,0,0,0,0,0,0,0,0,0,0,0,0,0,0,0.695404800984538,1.38967888331027,0,0,2.4890417349358,0.695404800984538,0,0,1.38967888331027,0,0,0,0,0,0,0,0,0,0,0,0,0,0
"TGCGAAAGTAATGGCA-1","2",2.63762696308164,0,0,0,0,0,0,0.733168421896621,0,0,0,0,0,0,0,0,0,1.1516257540559,0,0,0,1.1516257540559,1.85759852342962,0,0,2.01356807545559,0,0,0.733168421896621,2.01356807545559,0,0,0,0,0,0,0,0,0,0,0,0,0,0
"TGCGAAAGTGAACCTT-1","10",1.94214817471432,0,0,0,0,0,0,0,2.56089741343352,0,0,0,0,0,0,0,0,0,1.94214817471432,0,0,0,0,1.94214817471432,0,0,0,0,0,0,0,0,0,0,0,0,0,0,0,0,0,0,0,0
"TGCGACCGTTCCCAGA-1","0",2.58777328339773,0,0,0,0,0,0,0,0,0,0,0,0,0,0,0,0,0,0,0,0,0,1.72500447137959,0,0,2.69716708601757,1.72500447137959,0.931185403523441,0,0,0,0,0,0,1.40487829275209,0,0,0,0,0,0,0,0,0.931185403523441
"TGCGACCGTTCTGGTG-1","0",2.07318139937389,0,0,0,0,0,0,0,0,0,0,0,0,0,0,0,0,0,0,0,0,0,1.19896782955741,0,0.76934213299189,2.32891217950807,0.76934213299189,0,0,0,0,0,0,0,0,0,0,0,0,0,0,0,0,1.49851476425929
"TGCGACTAGGATGGGC-1","6",0,0,0,0,0,0,0,0,0,0,0,0,1.35716679882967,0,0,0,0,0,0,0,0,0,0,0,0,1.91255137370802,0,0,1.35716679882967,0,0,0,0,1.91255137370802,0,0,1.35716679882967,0,0,0,0,0,0,4.50468970994756
"TGCGAGGGTTTGCGAT-1","7",2.09732911132025,0,0,0,0,0,0,0,0,0,0,0,0,0,0,0,0,0,0,0,0,0.539085801596286,1.5199931863225,0,0.539085801596286,2.25897439070208,0,0.887429264490572,1.35008546852694,2.39809010076589,0,0,0,0,0,0,0,0,0,0,0,0,0,1.14527842883708
"TGCGATGCACTTCAGC-1","8",1.80981872696839,0,0.704021824034099,0,0,0,0,0,0,0,0,0,0,0,0,0,0,1.11308569159674,0,0,0,1.11308569159674,1.96448062371802,0,0,1.80981872696839,0,0,0,2.09839525760119,0,0,0,0,0.704021824034099,0,0,0,0,0,0.704021824034099,0,0,2.09839525760119
"TGCGGCTGTCAGGCAG-1","0",2.46452928523486,0,0.68208376101569,0,0,0,0,0,0,0,0,0,0,0,0,0,0,0.68208376101569,0,0,0,1.36965299094958,1.77325184657207,0,0,2.28258195659971,0,1.36965299094958,0.68208376101569,0,0,0,0,0,0,0,0,0,0,0,0,0,0,0
"TGCGGCTGTGATGGTA-1","0",2.19651378210416,0,0,0,0,0,0,0,0,0,0,0,0,0,0,0,0,0,0,0,0,1.09807923961498,1.09807923961498,0,1.6087982194649,1.09807923961498,1.09807923961498,0,0,2.39716831725603,0,0,0,0,0,0,0,0,0,0,0,0,0,0
"TGCGGCTGTGGGTTAA-1","4",2.05494714657894,0,0,0,0,0,0,0,0,0,0,0,0,0,0,0,0,0,0,0,0,1.86332639136948,1.62606986339941,0,0,0,0.859205984864788,0.859205984864788,0,0.859205984864788,0,0,0,0,0,0,0,0,0,0,0,0,0,1.62606986339941
"TGCGGCTGTTACACTA-1","1",2.63900668174457,0,0,0,0,0,0,0,0,0,0,0,0,0,0,0,0,0.780129013270084,0,0,0,0,0.780129013270084,0,0.780129013270084,2.22702887885454,0,0.780129013270084,0.780129013270084,1.21298431196359,0,0,0,0,0,0,0,0,0,0,0,0,0,1.21298431196359
"TGCGGGTCACGCCATT-1","0",1.68351080856053,0,0.629613649398633,0,0,0,0,0,0,0,0,0,0,0,0,0,0,0,0,0,0,1.28941332347108,1.28941332347108,0,0,2.44431237593706,1.28941332347108,0,0.629613649398633,0,0,0,0,0,0,0,0,0,0,0,0,0,0,0
"TGCGGTTAGCTACAGC-1","3",3.37856355483282,0,0,0,0,0,0,0,0,0,0,0,0,0,0.945387979892461,0,0,0,0,0,0,0,0,0,0,0.945387979892461,0,0,0,0,0,0,0,0,0,0,0,0,0,0,0,0,0,0
"TGCGGTTAGCTGGATC-1","0",2.08941009848859,0.882125470980308,0,0,0,0,0,0,0,0,0,0,0,0,0,0,0,0,0,0,0,1.34340223233526,2.08941009848859,0,0.882125470980308,1.65786388843562,0.882125470980308,0.882125470980308,0.882125470980308,0,0,0,0.882125470980308,0,0,0,0,0,0,0,0,0,0,0
"TGCGTATGTCAGCACC-1","2",2.1427176690417,0,0,0,0,0,0,0,0,0,0,0,0,0,0,0,0,0,0,0,0,0,1.79426385320667,0,0,1.79426385320667,0.812600502223491,0,0.812600502223491,1.79426385320667,0,0,0,0,0.812600502223491,0,0,0,0,0,0,0,0,0
"TGCGTATGTGACGAGT-1","8",2.09821597162789,0,0,0,0,0,0,0,0,0,0,0,0,0,0.703918547785037,0,0,0.703918547785037,0,0,0,1.40240821370974,1.96430492963723,0,0.703918547785037,1.80964782634314,0.703918547785037,0.703918547785037,0,1.40240821370974,0,0,0,0,0,0,0,0,0,0,0,0,0,3.01609965877029
"TGCGTATGTTAAGGTG-1","7",1.83734307652052,0,0.631256798485582,0,0,0,0,0,0,0,0,0,0,0,0,0,0,0,0,0,0,0.631256798485582,1.01521027437673,0,0.631256798485582,1.9684824507483,0.631256798485582,0.631256798485582,1.01521027437673,1.83734307652052,0,0,0,0,0.631256798485582,0,0,0,0,0,0,0,0,1.01521027437673
"TGCGTATGTTCACGCA-1","1",1.41223202818612,0,0,0,0,0,0,0,0,0,0,0,0,0,0,0,0,0,0,0,0,0,2.17051203719344,0,0.937094407463986,2.17051203719344,0,1.41223202818612,0,0,0,0,0,0,0,0,0,0,0,0,0,0,0,0.937094407463986
"TGCTAAGTCCATCTCG-1","0",2.65733242622409,0,0,0,0,0,0,0,0,0,0,0,0,0,0,0,0,0,0,0,0,0.97730132688389,0,0,0.97730132688389,2.03197011316463,0.97730132688389,1.4619932353074,0,2.03197011316463,0,0,0,0,0,0,0,0,0,0,0,0,0,0.97730132688389
"TGCTAAGTCTAGTGTG-1","16",1.3721381121164,0,0.904981810022979,0,0,0,0,0.904981810022979,0,0,0,0,0,0,0,0,0,0.904981810022979,0,0,0,0.904981810022979,2.28557338641084,0,0.904981810022979,0.904981810022979,0,0.904981810022979,0,1.92971511983802,0,0,0,0,0,0,0,0,0,0,0,0,0,1.3721381121164
"TGCTAAGTCTGGCATA-1","0",2.68584140036154,0,2.05863533509489,0,0,0,0,0,0,0,0,0,0,0,0,0,0,0,0,0,0,2.05863533509489,0,0,2.05863533509489,0,2.05863533509489,0,0,2.05863533509489,0,0,0,0,0,0,0,0,0,0,0,0,0,0
"TGCTACAAGCCCTGCT-1","7",1.97865750104853,0,0.368258896842515,0,0,0,0,0,0,0,0,0,0,0,0,0,0,1.17126801417268,0,0,0,0.848289564482974,1.91512835371943,0,0.636805535659074,2.69474208806678,1.02276189005667,0.368258896842515,0,1.41500646207271,1.17126801417268,0,0,0.368258896842515,0,0,0,0,0,0,0,0,0,0.368258896842515
"TGCTACAAGCGCTGCA-1","1",1.74943395171268,0,0.949254244742589,0,0,0,0,0,0,0,0,0,0,0,0,0,0,0,0,0,0,0,0.949254244742589,0,0.949254244742589,1.74943395171268,0.949254244742589,0.949254244742589,1.42733172680785,0,0,0,0,0,0,0,0,0,0,0,0,0,0,2.4920870175616
"TGCTACCCAACCAGTG-1","8",1.8146205105463,0,0,0,0,0,0,0,0,0,0,0,0,0,0,0,0.70692642383661,0,0,0,0,0.70692642383661,1.63139447652873,0,0,2.22159126511205,0,1.11694274081209,0,1.8146205105463,0,0,0,0,0.70692642383661,0,0,0,0,0,0,0,0,2.51002531153084
"TGCTACCCATCACGTC-1","4",1.99644586485048,0,0,0,0,0,0,0,0,0,0,0,0,0,0,0,0,0.951932066738336,0,0,0,0.585202844190397,1.21966859190947,0,0,1.21966859190947,0.951932066738336,0.951932066738336,0,1.60478221754998,0,0,0,0,0,0,0.585202844190397,0,0,0,0,0,0,1.43065102236019
"TGCTACTTCCTCGTTG-1","3",3.12867098293123,0,0,0,0,0,0,0,0,0,0,0,0,0,1.68058951233203,0,0,0,0,0,0,0,0,0,0,1.68058951233203,0,0,0,0,0,0,0,0,1.68058951233203,0,0,0,0,0,1.68058951233203,0,0,0
"TGCTCAAAGGCGATAG-1","2",0.794616640724805,0,0,0,0,0,0,0.794616640724805,0,0,0,0,0,0,0,0,0.794616640724805,0,0,0,0,0,1.76718820849755,0,0,1.53488174426182,0,0,0.794616640724805,2.11403055926204,0,0,0,0,0,0,0,0,0,0,0,0,0,0
"TGCTCAAAGTGGCGAA-1","3",2.88594384543757,0,0,0,0,0,0,0,0,0,0,0,0,0,0,0,0,0,0,0,0,2.24709742362055,0,0,0,0,0,0,0,0,0,0,0,2.24709742362055,0,0,0,0,0,0,0,0,0,0
"TGCTCACCATGGCTTC-1","7",1.6615186410171,0,0,0,0,0,0,0,0,0,0,0,0,0,0,0,0,0.617054585293096,0,0,0,0.995812036054296,1.6615186410171,0,0,1.81168703983973,0.617054585293096,1.6615186410171,0.617054585293096,2.98447602079883,0,0,0,0,0,0,0,0,0,0,0,0,0,0
"TGCTCACCATGGTCGA-1","6",0,1.4118798241566,1.4118798241566,0,0,0,0,0,0,0,0,0,0,0,0,0,0,0,0,0,0,0,0,0,0,1.4118798241566,0,0,1.4118798241566,0,0,0,0,0,0,0,0,0,0,0,1.4118798241566,0,0,3.72201462487841
"TGCTCGCTCCTTCGTG-1","2",1.99844174348819,0,0,0,0,0,0,0,0,0,0,0,0,0,0,0,0,0,0,0,0,0.724124961045423,1.99844174348819,0,0,2.13303872768881,0,0,1.43240845022191,0.724124961045423,0,0,0,0,0.724124961045423,0,0,0,0,0,0,0,0,0
"TGCTGATGTATTGCCG-1","1",1.41136362696153,0.482616818620727,0,0,0,0,0,0,0,0,0,0,0,0,0.482616818620727,0,0,0.482616818620727,0,0,0,1.41136362696153,1.67563051423948,0,0,2.13342142617087,0,0.482616818620727,0.806751643764489,1.88445718262566,0,0,0,0,0,0,0,0,0,0,0,0,0,0
"TGCTGCCTCAGGCATC-1","0",1.27396427579704,0,0,0,0,0,0,0,0,0,0,0,0,0,0,0,0,0,0,0,0,0,0.827458814616259,0,0,2.63008749972337,1.27396427579704,0,0,1.27396427579704,0,0,0,0,0,0,0,0,0,0,0,0,0,0.827458814616259
"TGCTGCCTCCAGCTCC-1","0",2.33229966240237,0,0,0,0,0,0,0,0,0,0,0,0,0,0,0,0,0.57387574998604,0,0,0,0,0.936198224703182,0,0.57387574998604,2.40484725506897,0.57387574998604,0.936198224703182,0,1.58425723408821,0,0,0,0,0,0,0,0,0,0,0,0,0,0
"TGCTGCCTCCGGGCTA-1","0",1.98817430467369,0,0,0,0,0,0,0,0,0,0,0,0,0,0,0,0,0,0,0,0,0.946062133944738,0.946062133944738,0,0,2.61039180133709,1.74512940930022,0.946062133944738,0,1.423372156189,0,0,0,0,0,0.946062133944738,0,0,0,0,0,0,0,0
"TGCTGCCTCTCACCAT-1","5",2.75391014549109,0,0,0,0,0,0,0,0,0,0,0,0,0,0,0,0,0.848748103938779,0,0,0,0,0.848748103938779,0,0,3.04693834317781,0.848748103938779,0,1.84796315812899,0.848748103938779,0,0,0,0,0,0,0.848748103938779,0,0,0,0,0,0,0
"TGCTGGACAAGTAAGG-1","11",1.96448062371802,0,0,0,0,0,0,0,0,0,0,0,0,0,1.40256229874785,0,0,1.40256229874785,0,0,0,0,0,0,0,0,0,0,0,0,0,0,0,0,0,0,0,0,0,0,0,0,0,0
"TGCTGGACACCTGTGT-1","12",3.75341797525151,0,0,0,0,0,0,0,0,0,0,0,0,0,0,0,0,0,0,0,0,0,0,0,0,0,0,0,0,0,0,0,0,0,0,0,0,0,0,0,0,0,0,0
"TGCTGGGTCGTACCTT-1","6",2.04165029301561,0,0.850433918029611,0,0,0,0,0,0,0,0,0,0,0,0,0,0,0.850433918029611,0,0,0,0.850433918029611,0,0,0,2.20209864895144,0,0,0,0,0,0,0,0,0,0,0,0,0,0,0.850433918029611,0,0,2.83837338728373
"TGCTGTCCAAAGGAAT-1","0",1.64559632969763,0.873258020297855,0,0,0,0,0,0,0,0,0,0,0,0,0,0,0,0,0,0,0,1.33220776882673,0,0,0.873258020297855,2.60655636723982,0.873258020297855,0,0,2.07612363066435,0,0,0,0,0,0,0,0,0,0,0,0,0,0
"TGCTGTCCATGAGTGT-1","12",3.06312404524704,0,0,0,0,0,0,0,0,0,0,0,0,0,0,0,0,0,0,0,0,0,0,0,0,0,0,0,0,0,0,0,0,0,0,0,0,0,0,0,0,0,0,0
"TGCTTAAGTAGCGGTG-1","1",2.05736925593672,0,0,0,0,0,0,0,0,0,0,0,0,0,0,0,0,0,0,0,0,1.81140148701079,1.48448178385582,0,0.995596817379873,2.25462258724467,1.26962249442354,0.616897429780513,1.26962249442354,2.05736925593672,0,0.995596817379873,0,0,0,0,0,0,0,0,0,0,0,1.94192890204002
"TGCTTAAGTGACGAGT-1","11",0,0,0,0,0,0,0,0,0,0,0,0,0,0,0,0,0,0,0,0,0,0,0,0,0,3.12304868192834,0,0,0,0,0,0,0,0,0,0,0,0,0,0,0,0,0,2.47298278394242
"TGCTTAAGTGGGTCGA-1","1",1.92946352537567,0,0,0,0,0,0,0,0,0,0,0,0,0,0.778022670160522,0,0,0,0,0,0,1.51105060760612,1.92946352537567,0,0,1.92946352537567,1.51105060760612,1.21025087816307,0,2.34346829811882,0,0,0,0,1.21025087816307,0,0,0,0,0,0,0,0,0.778022670160522
"TGCTTCACATCACGGA-1","0",2.08132507012823,0,0,0,0,0,0,0,0,0,0,0,0,0,0,0,0,1.01297110228558,0,0,0,1.01297110228558,0,0,0,2.08132507012823,1.83438971913488,1.01297110228558,0,0,0,0,0,0,0,0,0,0,0,0,0,0,0,0
"TGGAACCTCAGCCAGT-1","2",2.23564095219735,0,0,0,0,0,0,0,0,0,0,0,0,0,0,0,0,0.714937684918821,0,0,0,0,0.714937684918821,0,0.714937684918821,1.41880460640629,0,0,0.714937684918821,1.41880460640629,0,0,0,0,0,0,0,0,0,0,0,0,0,0
"TGGAATGGTCTGTGCA-1","7",1.88915421044342,0,0,0,0,0,0,0,0,0,0,0,0,0,0,0,0,1.05475008190674,0,0,0,0,0,0,0,1.88915421044342,0,0,1.05475008190674,1.05475008190674,0,0,0,0,0,0,0,0,0,0,0,0,0,1.88915421044342
"TGGACAAGTAGCTAGA-1","3",2.49005561298419,0,0,0,0,0,0,0,0,0,0,0,0,0,0,0,0,0,0,0,0,0,0,0,0,0,0,0,0,0,0,0,0,0,0,0,0,0,0,0,0,0,0,0
"TGGACAAGTTTCGTCC-1","5",2.86767047168451,0,0,0,0,0,0,0,0,0,0,0,0,0,0,0,0,0,0,0,0,0,1.04521073388255,0,1.04521073388255,2.3243455021931,1.04521073388255,0,0,1.87671215881988,0,0,0,0,0,0,0,0,0,0,0,0,0,1.04521073388255
"TGGACATCAATAGGAG-1","0",1.06572731383972,0,0,0,0,0,0,0,0,0,0,0,0,0,0,0,0,0,0,0,0,1.06572731383972,1.06572731383972,0,0,2.66170234227541,0,0,0,2.15313315695022,0,0,0,0,0,0,1.06572731383972,0,0,0,0,0,0,0
"TGGACGTTCACCTAAG-1","4",1.53841410553969,0,0,0,0,0,0,0,0,0,0,0,0,0,0,0,0,0,0,0,0,1.39814029226526,0.797086474643149,0,0,1.53841410553969,0,0,0,1.53841410553969,0,0,0,0,0,0,0,0,0,0,0,0,0,0
"TGGACGTTCATCGACA-1","0",1.86574554219226,0,0,0,0,0,0,0,0,0,0,0,0,0,0,0,0,0,0,0,0,0,1.31650887915947,0,0,2.47834363578976,1.31650887915947,0,0,0,0,0,0,0,0,0,0,0,0,0,0,0,0,1.31650887915947
"TGGACGTTCCATAGCA-1","1",2.19651378210416,0,0.846840978597417,0,0,0,0,0.510505828432277,0,0,0,0,0,0,0.510505828432277,0,0,0,0,0,0,0.510505828432277,1.09807923961498,0,0,1.84515331814007,1.29870146197969,0.510505828432277,0,1.84515331814007,0,0,0,0,0,0,0,0,0,0,0.846840978597417,0,0,2.19651378210416
"TGGACGTTCTCACAGA-1","3",2.29648787761978,0,0,0,0,0,0,0,0,0,0,0,0,0,1.38121593347645,0,0,0,0,0,0,0,0,0,0,0,0,0,0,0,0,0,0,0,0,0,0,0,0,0,0,0,0,0
"TGGACTATCCAACTGA-1","14",2.18803317369721,0,0,0,0,0,0,1.60116946017492,0,0,0,0,0,0,0,0,0,1.93704846870536,0,0,0,0,0,0,0,0,0,0,0,0,0,0,0,1.09172666824295,0,0,0,0,0,0,0,0,0,0
"TGGACTCAGCCGATAC-1","8",2.25546304997313,0,0,0,0,0,0,0,0,0,0,0,0,0,0,0,0,0,0,0,0,1.4852080087985,1.81218703028486,0,0.617329806280575,1.81218703028486,0.617329806280575,0.617329806280575,0,1.81218703028486,0,0,0,0,0,0,0,0,0,0,0,0,0,1.94273321578699
"TGGACTCAGGTGAACG-1","16",0,0,0,0,0,0,0,0,0,0,0,0,0,0,0,0,0,0,0,0,0,0,0,0,0,1.94368488281696,0,0,0,0,0,0,0,0,0,0,0,0,0,0,1.94368488281696,0,0,0
"TGGAGCAAGAAGCACG-1","1",2.08915070551284,0,0,0,0,0,0,0,0,0,0,0,0,0,0,0,0,0,0,0,0,0.496803311172225,1.58119386228281,0,1.07513132617864,2.303427669527,0,0.827205266707257,1.2736397938245,3.01080693306112,0,0,0,0.496803311172225,0,0,0,0,0,0,0,0,0,1.70551410023418
"TGGAGCAAGTGCCCAG-1","10",0,0,0,2.42280890680479,0,0,0,0,0,0,0,0,0,0,0,0,0,0,0,0,0,0,0,0,0,0,0,0,0,0,0,0,0,0,0,0,0,0,0,0,0,0,0,0
"TGGAGCGGTGACCGAG-1","11",2.52104952205033,0,0,0,0,0,0,0,0,0,0,0,0,0,0,0,0,0,0,0,0,0,0,0,0,0,2.52104952205033,0,0,0,0,0,0,0,0,0,0,0,0,0,0,0,0,0
"TGGAGTAGTTCAAGTC-1","4",2.03456657545104,0,0,0,0,0,0,0,0,0,0,0,0,0,0,0,0,1.09683766530974,0,0,0,1.60730798617628,0.845776947546497,0,0.845776947546497,1.732408415512,0,0,0.509761227710204,1.94362791147285,0,0,0,0,0,0,0.509761227710204,0,0,0,0,0,0,0
"TGGAGTGAGATACTCG-1","4",1.24302751679112,0,0.480277429648287,0,0,0,0,0,0,0,0,0,0,0,0,0,0,0,0,0,0,0.803366403768,1.54737884675845,0,0,1.87926736630699,0,0,0.480277429648287,1.40673748343183,0,0,0,0,0,0,0,0,0,0,0,0,0,1.78039218758404
"TGGATAGGTATGTGGA-1","0",2.20616318433703,0,0,0,0,0,0,0,0,0,0,0,0,0,0,0,0,0,0,0,0,0,0.853053271957824,0,0.853053271957824,2.9884668871978,0,0.853053271957824,0,0.853053271957824,0,0,0,0,0,0,0,0,0,0,0,0,0,1.30660232147253
"TGGATAGGTTAGTGTC-1","2",2.0837408983861,0,0,0,0,0,0,0,0,0,0,0,0,0,0,0,0,0,0,0,0,0,2.2015920289891,0,0,2.2015920289891,0,0,0.695606218759899,1.95012194830194,0,0,0,0,0,0,0,0,0,0,0,0,0,0
"TGGATGGAGCCCTACC-1","8",1.82702941537927,0,0,0,0,0,0,0,0,0,0,0,0,0,0,0,0,0,0,0,0,0.714458066777747,1.98216975419046,0,0,2.11644274883496,0,0,1.12692706157415,2.23480220607384,0,0,0,0,0,0,0,0,0,0,0,0,0,2.60394445615009
"TGGATGGAGCGATAGG-1","0",3.01103498423815,0,0,0,0,0,0,0,0,0,0,0,0,0,0,0,0,0,0,0,0,0,1.01352989079481,0,0,2.27998656502039,1.01352989079481,1.01352989079481,0,2.08209292973292,0,0,0,0,0,0,0,0,0,0,0,0,0,0
"TGGATTGTCATCGAAT-1","0",1.77135981873354,0,0,0,0,0,0,0,0,0,0,0,0,0.965568661275597,0,0,0,0,0,0,0,0.965568661275597,1.44752148189061,0,0,2.21171940461553,0,0,0,0,0,0,0,0,0,0,0,0,0,0,0,0,0,0
"TGGCATGCAGTAAGTC-1","0",2.22125099569313,0,0.776625062896735,0,0,0,0,0,0,0,0,0,0,0,0,0,0,0,0,0,0,1.20843623451355,1.369988606643,0,0.461883986342747,1.8379351942783,0.461883986342747,0.461883986342747,0.776625062896735,0.776625062896735,0,0,0,0,0,0,0,0,0,0,0,0,0,1.01565939771575
"TGGCATGCATAAGTTG-1","2",2.47087272723498,0,0,0,0,0,0,0,0,0,0,0,0,0,0,0,0,0,0,0,0,1.31054450225234,1.62181863846854,0,0.856156849476482,1.85885480693882,0,0,1.31054450225234,1.85885480693882,0,0,0,0,0,0,0,0,0,0,0,0,0,0
"TGGCCATAGGTATCTG-1","6",0,0,0,0,0,0,0,0,0,0,0,0,0,0,0,0,0,0,0,0,0,0,0,0,0,2.81090758654192,0,0,0,0,0,0,0,0,0,0,0,0,0,0,1.98100146886658,0,0,3.72870094830061
"TGGCCTGAGGTGAGCA-1","0",1.519546796596,0,0,0,0,0,0,0,0,0,0,0,0,0,0,0,0,0,0,0,0,0,1.84927813921732,0,0,2.6023590610241,0,1.0242754343282,1.84927813921732,1.0242754343282,0,0,0,0,0,0,0,0,0,0,0,0,0,1.0242754343282
"TGGCGAAAGCAACCAC-1","0",2.07843108727806,0.574859045329929,0.574859045329929,0,0,0,0,0,0,0,0,0,0,0,0,0,0,0.574859045329929,0,0,0,0.937566821891026,1.97616779134565,0,0.574859045329929,2.17120002362077,1.20316452250247,0.574859045329929,0.574859045329929,0.574859045329929,0,0,0,0.574859045329929,0.574859045329929,0,0,0,0,0,0,0,0,0
"TGGCGAAAGCATTAAC-1","8",1.45013910378982,0,0.596596022182852,0,0,0,0,0,0,0,0,0,0,0,0,0,0,0,0,0,0,0,1.45013910378982,0,0,2.12146385990969,1.23773074255654,0,0.596596022182852,0.967688459450668,0,0,0,0.596596022182852,0,0,0,0,0,0,0,0,0,1.77419975552896
"TGGCGATTCGAACCTA-1","13",2.27167755553097,0,0,0,0,0,0,0,0,0,0,0,0,0,0,0,0,0,0,0,0,0,0,0,0,0,0,0,0,2.27167755553097,0,0,0,0,0,0,0,0,0,0,0,0,0,0
"TGGCGCATCACTCCAT-1","11",1.79384584594983,0,0,0,0,0,0,0,0,0,0,0,0,0,1.25455155777562,0,0,0,0,0,0,1.25455155777562,0,0,0,2.60500761332842,2.14227513280625,0,0,0,0,0,1.25455155777562,0,0,0,0,0,0,0,0,0,0,0
"TGGCGCATCATGGCCG-1","0",2.20904472838812,0,0,0,0,0,0,0,0,0,0,0,0,0,0,0,0,0,0,0,0,1.3962767984381,1.10749047450634,0,0,2.09107807325754,0.699813198577994,0.699813198577994,0,0.699813198577994,0,0,0,0,0,0.699813198577994,0,0,0,0,0,0.699813198577994,0,0.699813198577994
"TGGCGGTCAATACAGC-1","0",1.64334873620402,0,0.871636647661803,0,0,0,0,0,0,0,0,0,0,0,0,0,0,0,0,0,0,0,0,0,0,1.88149083400534,0.871636647661803,0,0,0.871636647661803,0,0,0,0,0,0,0,0,0,0,0,0,0,0
"TGGCTAATCAATGTGT-1","0",2.45488485627211,0,0,0,0,0,0,0,0,0,0,0,0,0,0,0,0,1.4335423328387,0,0,0,1.14071938427969,1.14071938427969,0,1.14071938427969,1.99972922083907,0.724892552277551,1.4335423328387,1.4335423328387,0,0,0,0,0,0.724892552277551,0,0,0,0,0,0,0,0,0
"TGGCTAATCACCCTGC-1","8",1.29387834809169,0,1.29387834809169,0,0,0,0,0,0,0,0,0,0,0,0,0,0,0,0,0,0,0,1.83956601435704,0,0,1.29387834809169,0,0,0,0,0,0,0,0,0,0,0,0,0,0,0,0,0,2.82621353421852
"TGGCTATGTCTAACTA-1","0",1.63862513011499,0,0,0,0,0,0,0,0,0,0,0,0,0,0,0,0,1.12299374635269,0,0,0,0.711488777223892,0.711488777223892,0,0,1.63862513011499,0.711488777223892,0,0,0.711488777223892,0,0,0,0,0,0,0,0,0,0,0,0,0,0.711488777223892
"TGGCTATGTGATAGCA-1","0",1.75751372562226,0,0,0,0,0,0,0,0,0,0,0,0,0,0,0,0,0,0,0,0,1.35552645088676,1.07131015839034,0,0,1.57658475395225,1.57658475395225,1.07131015839034,1.07131015839034,0.672740782123634,0,0,0,0.672740782123634,0,0,0,0,0,0,0,0,0,0.672740782123634
"TGGCTATGTTATATCG-1","8",1.67545406935258,0,0,0,0,0,0,0,0,0,0,0,0,0,0,0,0,0,0,0,0,1.15392397991489,0.544378369952192,0,0,2.40960041409107,0,0.544378369952192,1.15392397991489,0.544378369952192,0,0,0,0.89489273671419,0,0,0,0,0,0,0,0,0,2.19264779967629
"TGGCTATGTTTCGATA-1","0",1.4611450375194,0,0,0,0,0,0,0,0,0,0,0,0,0,0,0,0,0.743664873507012,0,0,0,0.743664873507012,0.743664873507012,0,0,1.68908493258692,0.743664873507012,0,0.743664873507012,0.743664873507012,0,0,0,0,0,0,0,0,0,0,0,0,0,0
"TGGCTGACATCCGCTG-1","3",2.62536142998023,0,0,0,0,0,0,0,0,0,0,0,0,0,0,0,0,0,0,0,0,0,0,0,0,0,0,0,0,0,0,0,0,0,0,0,0,0,0,0,0,0,0,0
"TGGGATTCAATAGGTC-1","2",1.46080608124189,0,0,0,0,0,0,0,0,0,0,0,0,0,0,0,0,0.743433349102713,0,0,0,0.743433349102713,2.16584945476847,0,0.743433349102713,1.46080608124189,0,0.743433349102713,1.1651138569465,2.16584945476847,0,0,0,0.743433349102713,0.743433349102713,0,0,0,0,0,0,0,0,0
"TGGGATTCATAGATCA-1","1",1.88820183143467,0,1.05401891312529,0,0,0,0,0.659889958803463,0,0,0,0,0,0,0,0,0,0,0,0,0,1.05401891312529,1.73569995659759,0,0,1.73569995659759,0.659889958803463,1.05401891312529,1.05401891312529,2.42306438663563,0,0,0,0,0,0,0,0,0,0,0,0,0,0
"TGGGCACCACCATTCA-1","1",1.87999906034854,0,0.803843306915219,0,0,0,0,0,0,0,0,0,0,0,0,0,0,0.48060684814386,0,0,0,1.04772811574663,2.12878690157002,0,0,1.78111018175057,0.803843306915219,0.48060684814386,0.48060684814386,2.26579410492125,0,0,0,0.48060684814386,0,0,0,0,0,0,0,0,0,0.48060684814386
"TGGGCACCACTAATCT-1","0",1.91184912822897,0,0.600842938816987,0,0,0,0,0,0,0,0,0,0,0,0,0,0,0,0,0,0,0.600842938816987,0.600842938816987,0,0,2.12976605709338,0,0.973544319140291,0.973544319140291,0,0,0,0,0,0,0,0,0,0,0,0,0,0,0
"TGGGCACCAGGAGCCT-1","5",2.8201336293847,0,0,0,0,0,0,0,0,0,0,0,0,0,0,0,0,0.83937702689576,0,0,0,1.28919099002475,0,0,0,2.44403214822779,0,0.83937702689576,1.28919099002475,1.59833109456711,0,0,0,0.83937702689576,0,0,0,0,0,0,0,0,0,0
"TGGGCAGGTAATTGGG-1","4",1.65224780490187,0,0.611795820822152,0,0,0,0,0,0,0,0,0,0,0,0,0,0,0,0,0,0,0.98860354468388,0.611795820822152,0,0,1.65224780490187,0.611795820822152,0.611795820822152,1.26164295580748,1.47589687702648,0,0,0,0,0,0,0,0,0,0,0,0,0,0.611795820822152
"TGGGCAGGTTCACTCC-1","4",1.98590789913464,0,0,0,0,0,0,0,0,0,0,0,0,0,0,0,0,0,0,0,0,0.394412406659798,1.47809512421339,0,0,1.361251745307,0.394412406659798,0,0.676521977417512,1.47809512421339,0,0.394412406659798,0,0,0,0,0,0,0,0,0,0,0,2.11053841932291
"TGGGCGAGTTAGCGCC-1","2",1.55982441054256,0,0,0,0,0,0,0,0,0,0,0,0,0,0,0,0,0,0,0,0,0.812112586519398,1.79353250084574,0,1.25428290226854,2.27917657355371,1.25428290226854,0,0,2.39982933333435,0,0,0,0,0.812112586519398,0,0,0,0,0,0,0,0,0
"TGGGCTTAGGATCCAC-1","5",1.36583596059311,0,0,0,0,0,0,0,0,0,0,0,0,0,0,0,0,0,0,0,0,0.396424117997037,1.36583596059311,0,0,2.17293122014997,0.679554857172466,0.899957632193521,0,1.48285318056666,0,0,0,0,0,0,0,0,0,0,0,0,0,0
"TGGGCTTAGGTAGCAG-1","4",2.60573324545185,0,0,0,0,0,0,0,0,0,0,0,0,0,0,0,0,0,0,0,0,1.98383542531745,0,0,0,1.41955689380516,0,0,0,2.90384076139012,0,0,0,0.942988681240424,0,0,0,0,0,0,0,0,0,0
"TGGGCTTAGTAAGCAA-1","2",2.1614557857396,0,0.617211823423897,0,0,0,0,0,0,0,0,0,0,0,0,0,0,0,0,0,0,0.617211823423897,1.81197270610111,0,0,1.94251377184723,0,0,0.996027355366898,1.48500986449521,0,0,0,0.617211823423897,0,0,0,0,0,0,0,0,0,0
"TGGGCTTAGTATGAGA-1","1",2.13290755954607,0,0,0,0,0,0,0,0,0,0,0,0,0,0,0,0,0,0,0,0,0,1.69811184550911,0,0,1.69811184550911,0,0.911428461492703,0.911428461492703,2.854549518702,0,0,0,0,0,0,0,0,0,0,0,0,0,1.38021282013001
"TGGGGCTCAAGCGGAG-1","1",2.4292861387887,0.765507960622831,0,0,0,0,0,0,0,0,0,0,0,0,0,0,0,0,0,0,0,0.765507960622831,1.19397474375408,0,0,2.76952912983808,1.19397474375408,0.765507960622831,0.765507960622831,1.49296224491618,0,0,0,0,0,0,0,0,0,0,0,0,0,1.72282820760692
"TGGGGCTCATCCGTTA-1","8",1.56933197569798,0,0,0,0,0,0,0.565704449584502,0,0,0,0,0,0,0,0,0,0.565704449584502,0,0,0,0.565704449584502,1.8444805688076,0,0,1.95805062479198,0,0,1.71633991396968,1.56933197569798,0,0,0,0,0.565704449584502,0,0,0,0,0,0,0,0,1.8444805688076
"TGGGGTAAGCATGCGT-1","5",2.44547431584258,0,0,0,0,0,0,0,0,0,0,0,0,0,0,0,0,0.840274325425812,0,0,0,1.2903353471358,2.18627765716026,0,0,1.83545892136854,0.840274325425812,0,1.2903353471358,1.2903353471358,0,0,0,0,0,0.840274325425812,0,0,0,0,0,0,0,0
"TGGGGTAAGGTTGGAG-1","10",0,0,0,0,0,0,0,0,0,0,0,0,0,0,0,0,0,2.32985368712411,0,0,0,0,0,0,0,0,0,0,0,0,0,0,0,0,0,0,0,0,0,0,0,0,0,0
"TGGGGTTTCGATGCGT-1","3",3.37810762098967,1.74383018970019,0,0,0,0,0,0,0,0,0,0,0,0,0,0,0,0,0,0,0,0,1.74383018970019,0,0,0,0,0,0,0,0,0,0,0,0,0,0,0,0,0,0,0,0,0
"TGGGTCACACCTAACC-1","6",0,0,0,0,0,0,0,0,0,0,0,0,2.21266127605736,0,0,0,0,2.5809750428345,0,0,0,0,0,0,0,0,0,0,0,0,0,0,0,0,0,0,0,0,0,0,0,0,0,1.62334162036491
"TGGGTTATCAATCCGA-1","1",1.69314599868588,0,0,0,0,0,0,0,0,0,0,0,0,0,0,0,0,0,0,0,0,0,3.90805774511375,0,0,1.69314599868588,0,1.69314599868588,0,2.28981535211792,0,0,0,0,0,1.69314599868588,0,0,0,0,0,0,0,0
"TGGGTTATCGACTAAT-1","5",2.61093605621778,0,0,0,0,0,0,0,0,0,0,0,0,0,0.763850733528978,0,0,0,0,0,0,1.19181481021785,1.19181481021785,0,0,2.90130567484305,0.763850733528978,1.19181481021785,0.763850733528978,2.06422081144077,0,0,0,0,0,0,0,0,0,0,0,0,0,0.763850733528978
"TGGGTTATCTGTGCAA-1","0",1.74763718929615,0,0,0,0,0,0,0,0,0,0,0,0,0,0,0,0,0.781732719904764,0,0,0,0,0,0,0,2.09328681886457,0,0.781732719904764,0,1.21506431895552,0,0,0,0,0,0,0,0,0,0,0,0,0,0.781732719904764
"TGGTACGCAATTGACA-1","0",1.54370083335211,0,0,0,0,0,0,0,0,0,0,0,0,0,0,0,0,0,0,0,0,0,1.8753079763645,0,0,2.32284965406869,0,0,1.54370083335211,1.04413588534703,0,0,0,0,0,0,0,0,0,0,0,0,0,1.04413588534703
"TGGTACGCACATGAGT-1","2",1.70988069546495,0,0,0,0,0,0,0,0,0,0,0,0,0,0,0,0,0,0,0,0,0,1.70988069546495,0,0,2.6799871350353,0,0,0.920057214669632,1.95128650609169,0,0,0,0,0,0,0.920057214669632,0,0,0,0,0,0,0.920057214669632
"TGGTACGCATTGGAAC-1","0",2.47568567330196,0,0,0,0,0,0,0,0,0,0,0,0,0,0,0,0,0,0,0,0,0,0.938323748219046,0,0,2.17230204133699,0.938323748219046,0,0,1.73467426183031,0,0,0,0.938323748219046,0,1.41376060629237,0,0,0,0,0,0,0,0
"TGGTAGCTCCAATTCC-1","15",1.58083620284362,0,0,0,0,0,0,0,0,0,0,0,0,0,0,0,0,1.27331549884716,0,0,0,0,2.00575401505617,0,0,2.71798270135374,0.826951882886252,0,0.826951882886252,0,0,0,0,0,0.826951882886252,0,0,0,0,0,0,0,0,0
"TGGTAGGAGCGGATGA-1","4",2.0600848243407,0,0,0,0,0,0,0,0,0,0,0,0,0,0,0,0,0,0,0,0,1.08389841312397,1.36972593477266,0,0,1.59175510246442,0.682132120329268,0,1.08389841312397,2.0600848243407,0,0,0,0,0,0,0,0,0,0,0,0,0,2.17755756942965
"TGGTAGGAGGTCAAGG-1","3",2.5131943767162,0,0,0,0,0,0,0,0,0,0,0,0,0,0,0,0,0,0,0,0,0,0,0,0,0,0,0,0,0,0,0,0,0,0,0,0,0,0,0,0,0,0,0
"TGGTAGGAGTGAAGCG-1","0",1.0102981868934,0,0,0,0,0,0,0,0,0,0,0,0,0,0,0,0,0,0,0,0,0,1.0102981868934,0,1.0102981868934,2.07764985723611,1.5024849469806,0,0,1.5024849469806,0,0,0,0,0,1.0102981868934,0,0,0,0,0,0,0,0
"TGGTATTAGCCTGAGT-1","0",1.99857958340026,0,0,0,0,0,0,0,0,0,0,0,0,0,0,0,0,1.75508269234917,0,0,0,0.953448550596298,1.43252983764731,0,0,2.62155767297543,0,0,0,1.43252983764731,0,0.953448550596298,0,0,0,0,0.953448550596298,0,0,0,0,0,0,1.99857958340026
"TGGTCAATCCTTCAGT-1","3",2.76279949914037,0,0,0,0,0,0,0,0,0,0,0,0,0,0,0,0,1.78306268190063,0,0,0,0,0,0,2.76279949914037,0,0,0,0,0,0,0,0,0,0,0,0,0,0,0,0,0,0,0
"TGGTCAATCGATAGCC-1","9",0,0,0,0,0,0,0,0,0,0,0,0,0,0,0,0,0,0,0,0,0,0,0,0,0,2.96960841540871,0,0,0,0,0,0,0,0,0,0,0,0,0,0,0,0,0,0
"TGGTCACAGGAATTAG-1","0",2.65108801858864,0,0,0,0,0,0,0,0,0,0,0,0,0,0,0,0,0.901490497096284,0,0,0,1.68451117798031,0,0,0,2.11822458449884,0.901490497096284,1.92469928118672,0,0.901490497096284,0,0.901490497096284,0,0,0,0,0,0,0,0,0,0,0,0.901490497096284
"TGGTCACAGGGCTCTG-1","6",0,0,0,0,0,0,0,0,0,0,0,0,0,0,0,0,0,0,0,0,0,0,0,0,0,1.99158139643209,0,0,0,0,0,0,0,0,0,0,0,0,0,0,1.42636947761871,0,0,3.57792315020573
"TGGTCCTCAAATGCAC-1","0",2.0765981356368,0,0,0,0,0,0,0,0,0,0,0,0,0,0,0,0,0,0,0,0,0.573943452501444,1.58438047634582,0,0.573943452501444,2.40498829802771,0,0,0.936292473189608,0.573943452501444,0,0,0,0,0,0.573943452501444,0,0,0,0,0,0,0,0
"TGGTCCTCAAGTTAGC-1","3",2.26352981208458,0,0,0,0,0,0,0,0,0,0,0,0,0,0,0,0,0,0,0,0,1.66930699635023,0,0,0,0,0,1.66930699635023,1.66930699635023,2.26352981208458,0,0,0,0,0,0,0,0,0,0,0,0,0,4.18399200885526
"TGGTCCTCACCAGCTT-1","13",0,0,0,0,0,0,0,0,0,0,0,0,0,0,0,0,0,0,0,0,0,0,2.13698395419608,0,0,3.43060621208361,0,2.13698395419608,0,0,0,0,0,0,0,0,0,0,0,0,0,0,0,0
"TGGTCCTCATCACATT-1","4",1.78476999601985,0,0,0,0,0,0,0,0,0,0,0,0,0,0,0,0,0.882374525285047,0,0,0,0.882374525285047,1.34371626873145,0,0.53550787070812,1.99807429236314,0,0.882374525285047,0.882374525285047,1.5132745567657,0,0,0,0,0,0,0,0,0,0,0,0,0,1.5132745567657
"TGGTCTAAGCATAGGG-1","8",1.01442534408231,0,0,0,0,0,0,0,0,0,0,0,0,0,0,0,0,1.01442534408231,0,0,0,0,1.83630803228806,0,0,2.4463969980028,1.50752839894365,1.01442534408231,0,2.82256886355526,0,0,0,0,0,0,0,0,0,0,0,0,0,1.83630803228806
"TGGTCTAAGGTTCGTA-1","2",1.82764235530237,0,0,0,0,0,0,0,0,0,0,0,0,0,0,0,0,0,0,0,0,0,1.59217069040931,0,0,2.31585778887563,0,0,0,1.28359788827238,0,0,0,0,0,0,0,0,0,0,0,0,0,0.834994629426125
"TGGTGGTTCCCAGGAT-1","4",0,0,0,0,0,0,0,0,0,0,0,0,0,0,0,0,0,0,0,0,0,0,0,0,0,3.18642933057222,0,0,0,1.91699085060714,0,0,0,0,0,0,0,0,0,0,0,0,0,1.91699085060714
"TGGTGTTGTGGAGCAT-1","3",2.59405256144498,1.97296240954775,0,0,0,0,0,0,0,0,0,0,0,0,0,0,0,0,0,0,0,0,0,0,0,0,0,0,0,0,0,0,0,0,0,0,0,0,0,0,0,0,0,0
"TGGTGTTGTTAGACAG-1","7",1.72311168315317,0,0.505261556882405,0,0,0,0,0,0,0,0,0,0,0,0,0,0,0,0,0,0,1.28914335846306,1.59827864652455,0,1.08932156973251,1.93394900724534,1.45560931602923,0.839339683456491,0.505261556882405,2.18481767091638,0,0,0,0,0,0,0,0,0,0,0,0,0,1.08932156973251
"TGGTTAACACTTCAAT-1","4",2.02041377172799,0,0.38338720954852,0,0,0,0,0,0,0,0,0,0,0,0,0,0,0.38338720954852,0,0,0,0.876192706605152,0.659844813238352,0,0.659844813238352,1.8881225220292,0.659844813238352,0.38338720954852,0.876192706605152,1.95645417535092,0,0,0,0,0,0,0,0,0,0,0,0,0,1.64966090504858
"TGGTTACGTTTGACCG-1","12",2.6650719917609,0,0,0,0,0,0,0,0,0,0,0,0,2.03920426922444,0,0,0,2.03920426922444,0,0,0,0,0,0,0,0,0,0,0,0,0,0,0,0,0,0,0,0,0,0,0,0,0,2.6650719917609
"TGGTTATAGCGACTTA-1","5",0.981350384922004,0,0,0,0,0,0,0,0,0,0,0,0,0,0,0,0,0,0,0,0,0,1.4669784233562,0,0,2.23433661255518,0,0,0,2.23433661255518,0,0,0,0,0,0,0,0,0,0,0,0,0,1.4669784233562
"TGGTTCAAGATAGACA-1","0",0.880551593986287,0.880551593986287,0,0,0,0,0,0,0,0,0,0,0,0,0,0,0,0,0,0,0,0.880551593986287,0,0,0,2.2484857037473,0,0.880551593986287,1.34141723431449,2.08705617105674,0,0,0,0,0,0,0,0,0,0,0,0,0,0
"TGGTTCAAGCTATCTC-1","1",0.678524820606966,0,0.678524820606966,0,0,0,0,0,0,0,0,0,0,0,0,0,0,0,0,0,0,1.07906790552671,1.36427985160532,0,1.07906790552671,1.92071077082071,0.678524820606966,0,0,1.76726871670404,0,0,0,0,0,0,0,0,0,0,0,0,0,1.76726871670404
"TGGTTCAAGTTACAGT-1","7",2.00031850770011,0,0,0,0,0,0,0,0,0,0,0,0,0,0,0,0,0,0,0,0,0,1.2687949040676,0,0,2.00031850770011,0,0.82342164533877,0.82342164533877,2.86890214051206,0,0,0,0,0,0,0.82342164533877,0,0,0,0,0,0,2.00031850770011
"TGTAACCGTTACACCG-1","2",1.90132525334375,0.760316066133092,0,0,0,0,0,0,0,0,0,0,0,0,0,0,0,0,0,0,0,1.1872042938122,2.51685108634779,0,0.760316066133092,1.71484398514075,0.760316066133092,0,1.1872042938122,2.31368499175886,0,0,0,0,0,0,0,0,0,0,0,0,0,0
"TGTACCCCAGCTATGG-1","5",1.84882702090996,0,0,0,0,0,0,0,0,0,0,0,0,0,0,0,0,1.84882702090996,0,0,0,1.84882702090996,1.02393231919862,0,0,2.096358303108,1.84882702090996,0,1.02393231919862,2.29461406874668,0,0,0,0,0,0,0,0,0,0,0,0,0,0
"TGTACCCCAGGTAATC-1","0",1.70438818581021,0,0,0,0,0,0,0,0,0,0,0,0,0,0,0,0,0.641645535081112,0,0,0,0,1.02933664446427,0,0,1.98749471708216,0,0.641645535081112,0.641645535081112,1.98749471708216,0,0,0,0,0,0.641645535081112,0,0,0,0,0,0,0,0
"TGTACCCCATTCGCGT-1","0",0.857248766912635,0,0,0,0,0,0,0,0,0,0,0,0,0,0,0,0,0,0,0,0,1.62334162036491,0,0,0,2.21266127605736,0,0.857248766912635,0,0.857248766912635,0,0,0,0,0,0,0,0,0,0,0,0,0,0.857248766912635
"TGTACCGGTCTAGCGC-1","5",2.54074104964204,0,0,0,0,0,0,0,0,0,0,0,0,0,0,0,0,0,0,0,0,1.20531614477267,0,0,0.774223387168404,2.44409886063474,1.20531614477267,0,0.774223387168404,2.2172831090554,0,0,0,0.774223387168404,0,0,0,0,0,0,0,0,0,0
"TGTACCTTCTAACCTC-1","0",2.16098108204032,0,0,0,0,0,0,0,0,0,0,0,0,0,0,0,0,0,0,0,0,0.74055195901775,1.16133209715846,0,0,2.16098108204032,0.74055195901775,0,0,1.45658461700642,0,0,0,0,0,0,0,0,0,0.74055195901775,0,0,0,1.16133209715846
"TGTACGATCCCGTTCA-1","2",1.8713284837782,0,0,0,0,0,0,0,0,0,0,0,0,0,0,0,0,0,0,0,0,0.741644132588294,2.02766208552975,0,0,2.28187968364256,0,1.16276595123645,0,2.1628275481466,0,0,0,0,0,0,0,0,0,0,0,0,0,0.741644132588294
"TGTACTTCATCGGTTC-1","3",0,1.96395366424925,0,0,0,0,0,0,0,0,0,0,0,0,0,0,0,0,0,0,0,0,0,0,0,0,0,0,0,0,0,0,0,0,0,0,0,0,0,0,0,0,0,0
"TGTAGAGGTAACTCCG-1","1",2.55066906718863,0,0,0,0,0,0,0,0,0,0,0,0,0,0,0,0,0,0,0,0,0.838481753554352,1.288048933747,0,0,1.59707348448586,1.288048933747,1.288048933747,0,2.44259245165067,0,0,0,0,0,0,0,0,0,0,0,0,0,1.83280724894354
"TGTAGAGGTATGTCCG-1","0",2.00597669772373,0,0.827096653558469,0,0,0,0,0,0,0,0,0,0,0,0,0,0,0.827096653558469,0,0,0,0.827096653558469,0.827096653558469,0,1.27350078737583,1.58104055588563,1.27350078737583,0.827096653558469,0.827096653558469,1.58104055588563,0,0,0,0.827096653558469,0,0,0,0,0,0,0,0,0,0
"TGTAGAGGTGCGTGTC-1","0",1.51630123991007,0,0,0,0,0,0,0,0,0,0,0,0,0,0,0,0,0,0,0,0,1.21498096527204,0,0,0.781668438674256,2.22956319010563,0,0.781668438674256,0,0,0,0,0,0,0,0,0,0,0,0,0,0,0,0
"TGTAGCATCAATCGGC-1","11",0,0,0,0,0,0,0,0,0,0,0,0,0,0,0,0,0,0,0,0,0,0,0,0,0,0,0,1.54110013432138,0,0,0,0,0,0,0,1.54110013432138,2.12099721194834,0,0,0,0,0,0,2.48567088368076
"TGTAGCCAGATAGGTA-1","3",3.5184832336717,0,0,0,0,0,0,0,0,0,0,0,0,0,0,0,0,3.5184832336717,0,0,0,0,0,0,0,0,0,0,0,0,0,0,0,0,0,0,0,0,0,0,0,0,0,0
"TGTAGCCAGTAATCCG-1","2",1.72702912259629,0,0.932678526775046,0,0,0,0,0,0,0,0,0,0,0,0,0,0,0,0,0,0,0,1.72702912259629,0,0,1.96923989795969,0,1.40673748343183,1.40673748343183,0.932678526775046,0,0,0,0,0.932678526775046,0,0,0,0,0,0,0,0,0
"TGTAGCTGTTGCCTCT-1","6",1.28586639572104,1.28586639572104,0,0,0,0,0,0,0,0,0,0,0,0,0,0,0,1.28586639572104,0,0,0,0,0,0,0,2.43983991154884,0,0,0,0,0,0,0,0,0,0,0,0,0,0,0,0,0,3.81776985839083
"TGTAGTTAGCTAGTCA-1","0",1.90941047959502,0,0,0,0,0,0,0,0,0,0,0,0,0,0,0,0,0.765384944575509,0,0,0,0,1.90941047959502,0,0,1.19381444907762,0.765384944575509,0,0,2.20262689664825,0,0,0,0,0,0,0,0,0,0,0,0,0,1.19381444907762
"TGTAGTTAGGGTCCAT-1","0",1.67840076870527,0,0,0,0,0,0,0,0,0,0,0,0,0,0,0,0,0.545901418578131,0,0,0,0.897037514295788,0.897037514295788,0,0.545901418578131,2.53517340870588,0.897037514295788,0.545901418578131,0,1.15640656589549,0,0,0,0,0.545901418578131,0.545901418578131,0,0,0,0,0,0,0,0
"TGTATCTCAAATGGCT-1","7",2.06702872660313,0,0,0,0,0,0,0,0,0,0,0,0,0,0,0,0,1.00258871896597,0,0,0,0,1.4930514166897,0,0,2.26453415777155,0,1.82066813086218,1.4930514166897,3.15398573515135,0,0,0,0,0,0,0,0,0,0,0,0,0,1.00258871896597
"TGTATTCCAATCCAGG-1","0",1.92532441915549,0,0,0,0,0,0,0,0,0,0,0,0,0,0,0,0,0,0,0,0,0,0,0,0.901925338751984,2.28095886809226,0.901925338751984,0.901925338751984,0,0,0,0,0,0,0,0,0,0,0,0,0,0,0,0
"TGTATTGGTAATCCTA-1","0",0,0,0,0,0,0,0,0,0,0,0,0,0,0,0,0,0,0.970428689693086,0,0,0,1.45352093560121,0,0,0,2.02238194957159,0,0,0,2.21870094551201,0,0,0,0,0,0,0,0,0,0,0,0,0,0.970428689693086
"TGTATTGGTGACTTCG-1","12",2.63632236441527,0,0,0,0,0,0,2.01235061925175,0,0,0,0,0,0,0,0,0,2.01235061925175,0,0,0,0,0,0,0,0,0,2.63632236441527,0,2.01235061925175,0,0,0,0,0,0,0,0,0,0,0,0,0,0
"TGTATTGGTTGAGCAA-1","3",2.9837470406707,0,0,0,0,0,0,0,0,0,0,0,0,0,0,0,0,0,0,0,0,0,0,0,0,0,0,0,0,0,0,0,0,0,0,0,0,0,0,0,0,0,0,0
"TGTCACCCACAACTAA-1","0",1.89495848253636,0,0,0,0,0,0,0,0,0,0,0,0,0,0,0,0,0,0,0,0,0.75633531033843,0,0,0,2.30693915444499,0,0.75633531033843,0,1.89495848253636,0,0,0,0,0,0.75633531033843,0,0,0,0,0,0,0,0
"TGTCACTTCCCCATGC-1","8",1.05731791340542,0,0,0,0,0,0,0,0,0,0,0,0,0,0,0,0,0,0,0,0,1.05731791340542,1.89249725565048,0,0,1.33971619541755,0,0,1.73986944627989,1.89249725565048,0,0,0,0,0,0,0,0,0,0,0,0,0,1.33971619541755
"TGTCACTTCCCTGGCT-1","0",2.3769489653946,0,0,0,0,0,0,0.966475920682752,0,0,0,0,0,0,0,0,0,0,0,0,0,0.966475920682752,0,0,0,2.01685551058656,2.01685551058656,0,0,0,0,0,0,0,0,0.966475920682752,0,0,0,0,0,0,0,0
"TGTCACTTCCGCTGGA-1","0",1.68201298162697,0,0,0,0,0,0,0,0,0,0,0,0,0,0,0,0,0,0,0,0,1.68201298162697,0,0,0,2.27754778205235,0,0,0,1.68201298162697,0,0,0,0,0,0,0,0,0,0,0,0,0,0
"TGTCACTTCCTTCGCA-1","3",3.0013738224041,0,0,0,0,0,0,0,0,0,0,0,0,0,0,0,0,1.57331941606579,0,0,0,0,0,0,0,1.57331941606579,0,0,0,0,0,0,0,0,0,0,0,0,0,0,0,0,0,0
"TGTCAGGCACAGCATG-1","2",1.93990002305534,0,0,0,0,0,0,0,0,0,0,0,0,0,0,0,0,0,0,0,0,0.784636916366884,0,0,0,2.09797698762994,0,0,0,1.52057023346195,0,0,0,0,0,0,0,0,0,0,0,0,0,0
"TGTCAGGCATTACGCC-1","4",1.43087294838113,0,0,0,0,0,0,0,0,0,0,0,0,0,0,0,0,0,0,0,0,0.72308593864263,0.72308593864263,0,0.72308593864263,1.65691892117551,0,0,0.72308593864263,0.72308593864263,0,0,0,0,0,0,0,0,0,0,0,0,0,1.99669792843016
"TGTCATGAGCCTTCCA-1","0",1.21248629616441,0,0,0,0,0,0,0.779745151372124,0,0,0,0,0,0,0,0,0,0,0,0,0,1.93218524275443,0.779745151372124,0,1.21248629616441,2.0900721295608,0.779745151372124,0.779745151372124,0.779745151372124,0,0,0,0,0,0,0,0,0,0,0,0,0,0,0
"TGTCCAAAGCCGCATG-1","2",1.58575824767944,0,0,0,0,0,0,0,0,0,0,0,0,0,0,0,0,1.27777933687209,0,0,0,0,1.27777933687209,0,0,0,0,0,1.82088505852694,1.27777933687209,0,0,0,0,0,0,0,0,0,0,0,0,0,0.830441224072117
"TGTCCAAAGGTTAGCC-1","7",1.8498155495145,0,1.19288035323252,0,0,0,0,0,0,0,0,0,0,0,0,0,0,1.19288035323252,0,0,0,0,1.8498155495145,0,0,2.15816137897409,0.928631025873088,0.56844579527811,0.928631025873088,2.64004654938741,0,0,0,0,0.56844579527811,0,0,0,0,0,0,0,0,0
"TGTCCAGGTCAACTGT-1","2",1.70372611974273,0,0,0,0,0,0,0,0,0,0,0,0,0,0,0,0,0,0,0,0,1.30742138103323,2.30146086578177,0,0,1.85524406439419,1.02881652673257,0.641262345190934,0.641262345190934,2.30146086578177,0,0,0,0,0,0,0,0,0,0,0,0,0,0
"TGTCCAGGTCATGTGT-1","0",2.10108949359098,0,0,0,0,0,0,0,0,0,0,0,0,0,0,0,0,0,0,0,0,0,0.705574762324705,0,0.705574762324705,1.11514831197542,1.11514831197542,1.11514831197542,0,0.705574762324705,0,0,0,0,0,0,0,0,0,0,0,0,0,0
"TGTCCCATCCAGGTAC-1","7",1.75679940136079,0,0,0,0,0,0,0,0,0,0,0,0,0,0,0,0,0,0,0,0,0,1.43411005926523,0,0,1.88598438812413,0,0.95472445007769,0.587218341795144,2.92195121405728,0,0,0.587218341795144,0,0,0,0,0,0,0,0,0,0,0.587218341795144
"TGTCCCATCGACTGCG-1","6",0,0,0,0,0,0,0,0,0,0,0,0,0,0,0,0,0,0,0,0,0,0,0,0,0,0,0,0,0,2.430335559513,0,0,0,0,0,0,0,0,0,0,0,0,0,4.65040109977394
"TGTCCCTGTGGAGCCA-1","10",0,0,0,2.05625384589532,0,0,0,2.05625384589532,0,0,0,0,0,0,0,0,0,0,0,0,0,0,0,0,0,0,0,0,0,0,0,0,0,0,0,0,0,0,0,0,0,0,0,0
"TGTCCGCTCACACACA-1","3",3.62637738518776,0,0,0,0,0,0,0,0,0,0,0,0,0,0,0,0,0,0,0,0,0,0,0,0,0,0,2.11809586296276,0,0,0,0,0,0,0,0,0,0,0,0,0,0,0,0
"TGTCCGGAGCTACCAA-1","5",2.9192338405034,0,0,0,0,0,0,0,0,0,0,0,0,0,0,0,0,0,0,0,0,0,1.43192314015944,0,0,1.99789063329586,1.43192314015944,1.43192314015944,0,1.99789063329586,0,0,0,0,0,0,0,0,0,0,0,0,0,0
"TGTCCTTAGCCAGTCG-1","1",0,0,0,0,0,0,0,0,0,0,0,0,0,0,0,0,0,0,0,0,0,1.30200460322858,1.84897736262192,0,0,1.30200460322858,0,0,1.30200460322858,3.10965347218599,0,0,0,0,0,0,0,0,0,0,0,0,0,1.30200460322858
"TGTCCTTAGCTAAGTT-1","0",0.852281100215496,0,0,0,0,0,0,0,0,0,0,0,0,0,0,0,0,0,0,0,0,0.852281100215496,0.852281100215496,0,0,2.04445529368525,0,0.852281100215496,0.852281100215496,1.30562099059882,0,0,0,0,0,0,0,0,0,0,0,0,0,0.852281100215496
"TGTCCTTAGGAGGATT-1","13",0,0,0,0,0,0,0,0,0,0,0,0,0,0,0,0,0,0,0,0,0,0,0,0,0,0,0,0,0,2.58663650393941,0,0,0,0,0,0,0,0,0,0,0,0,0,0
"TGTCGCCTCAATTGCG-1","1",2.08928603021203,0,0,0,0,0,0,0,0,0,0,0,0,0,0,0,0,0,0,0,0,1.89661723924688,1.89661723924688,0,0,1.65774927696529,1.34329759091583,0,1.34329759091583,2.38975337871679,0,0,0,0,0,0.882042486118343,0,0,0,0,0,0,0,0
"TGTCGTCCACTAGGAT-1","0",0.77033814553213,0,0,0,0,0,0,0,0,0,0,0,0,0,0,0,0,0,0,0,0,1.20026395057355,0.77033814553213,0,0.77033814553213,2.07480332118462,1.49995559776692,1.49995559776692,0,1.20026395057355,0,0,0,0,0,0,0,0,0,0,0,0,0,0
"TGTCTAAGTCTTGCGA-1","2",1.1424606489602,0,0,0,0,0,0,0,0,0,0,0,0,0,0,0,0,0,0,0,0,0,2.25527195914297,0,0,2.8945725746527,0,1.1424606489602,0,1.1424606489602,0,0,0,0,0,0,0,0,0,0,0,0,0,0
"TGTCTCACATAATTCC-1","9",3.15903725254574,0,0,0,0,0,0,0,0,0,0,0,0,0,0,0,0,0,0,0,0,0,0,0,0,0,0,0,0,0,0,0,0,0,0,0,0,0,0,0,0,0,0,0
"TGTCTGTTCAGCGACT-1","0",1.81182985878642,0,0,0,0,0,0,0,0,0,0,0,0,0,0.824355133449976,0,0,0,0,0,0,1.81182985878642,1.26999070439428,0,0,2.29886499377724,0.824355133449976,0.824355133449976,0,0,0,0,0,0,0,0,0,0,0,0,0,0,0,0.824355133449976
"TGTCTGTTCTGGATAT-1","0",2.57914306907628,0,0,0,0,0,0,0,0,0,0,0,0,0,0,0,0,0,0,0,0,1.71733899096815,0.9255395279971,0,0,2.31642640612912,0,0,0.9255395279971,0.9255395279971,0,0,0,0.9255395279971,0,0,0,0,0,0,0,0,0,0
"TGTCTTGCAACATCAA-1","7",1.61748624561693,0,0,0,0,0,0,0,0,0,0,0,0,0,0,0,0,0,0,0,0,0.592265955706165,1.44275106978755,0,0,1.76618262743841,0,0.592265955706165,0.592265955706165,2.6903866983882,0,0,0,0,0,0,0,0,0,0,0,0,0,0
"TGTGAACCAATCTGAA-1","9",0,0,0,0,0,0,0,0,0,0,0,0,0,0,0,0,0,0,0,0,0,0,0,0,0,0,0,0,0,0,0,0,0,0,0,0,0,0,0,0,0,0,0,2.3010565219101
"TGTGAAGGTGGGTCTC-1","1",1.23611116132784,0,0,0,0,0,0,0,0,0,0,0,0,0,0,0,0.595571329579993,0.595571329579993,0,0,0,0,1.6234069684006,0,0,1.6234069684006,0.595571329579993,0.595571329579993,1.23611116132784,2.298048605718,0,0,0,0.595571329579993,0.595571329579993,0,0,0,0,0,0,0,0,1.44839279434473
"TGTGAGGAGATTGAAG-1","7",1.58316446704766,0,0,0,0,0,0,0,0,0,0,0,0,0,0,0,0,0,0,0,0,0,0,0,1.07676596826053,2.27297839410475,0,0,1.07676596826053,2.53457186582555,0,0,0,0.676807346225456,0,0,0,0,0,0,0,0,0,1.58316446704766
"TGTGAGGAGGCACTTA-1","0",1.56909109017273,0,0,0,0,0,0,0,0,0,0,0,0,0,0,0,0,1.56909109017273,0,0,0,0,0,0,0,2.15229261345577,0,0,0,0,0,0,0,0,0,0,0,0,0,0,0,0,0,1.56909109017273
"TGTGATTAGGATTCAT-1","0",2.28524291016718,0,0,0,0,0,0,0,0,0,0,0,0,0,0,0,0,0,0,0,0,1.16534163265356,0.743606978270488,0,0,2.28524291016718,0,0.743606978270488,1.16534163265356,1.16534163265356,0,0,0,0,0,0,0,0,0,0,0,0,0,0
"TGTGATTAGGTCCACG-1","6",0,1.45641635250668,0,0,0,0,0,0,0,0,0,0,0,0,0,0,0,1.45641635250668,0,0,0,0,0,0,0,2.65057816744821,0,0,0,0,0,0,0,0,0,0,0,0,0,0,0,0,0,3.52357904340535
"TGTGCAATCACACACA-1","3",2.80117116971163,0,0,0,0,0,0,0,0,0,0,0,0,0,0,0,0,1.81720613488922,0,0,0,0,0,0,0,1.81720613488922,0,0,0,0,0,0,0,0,0,0,0,0,0,0,0,0,0,1.81720613488922
"TGTGCATGTAGGTTAG-1","0",1.74864934557433,0,0.948672141377195,0,0,0,0,0,0,0,0,0,0,0,0,0,0,0,0,0,0,0.948672141377195,0.948672141377195,0,0,2.35077230266827,0,1.42660989829835,0,1.74864934557433,0,0,0,0,0,0.948672141377195,0,0,0,0,0,0,0,0
"TGTGCCCTCCGGACAT-1","0",1.76297433526868,0,0,0,0,0,0,0,0,0,0,0,0,0,0,0,0,0,0,0,0,1.22814107476221,0,0,0,1.76297433526868,1.22814107476221,0,1.22814107476221,1.76297433526868,0,0,0,0,0,0,0,0,0,0,0,0,0,0
"TGTGCCTCATGGCAAT-1","1",2.62225506891658,0,0.795649338146054,0,0,0,0,0,0,0,0,0,0,0,0,0,0,0,0,0,0,1.23307289055689,1.39617005104704,0,0.474953665316213,2.92478666166133,0,0.474953665316213,0.474953665316213,2.42789305815223,0,0,0,0,0,0,0,0,0,0,0,0,0,0.795649338146054
"TGTGCGCGTAACGAGC-1","1",2.11296423371848,0,0,0,0,0,0,0,0,0,0,0,0,0,0,0,0,0,0,0,0,0,2.11296423371848,0,0,1.23088025724586,0,1.23088025724586,0,1.23088025724586,0,0,0,0,0,0,0,0,0,0,0,0,0,2.36996049546682
"TGTGCTGGTGGCCTAC-1","1",2.09996576663501,0,0,0,0,0,0,0,0,0,0,0,0,0,0,0,0,0,0,0,0,0,1.94184121093787,0,0,2.46375413294012,0.785869952415303,1.22042574551362,1.52234184406307,2.46375413294012,0,0,0,0,0,0,0,0,0,0,0,0,0,1.22042574551362
"TGTGGTCAGTGATCTG-1","3",2.95281466264816,0,0,0,0,0,0,0,0,0,0,0,0,0,0,0,0,0,0,0,0,0,0,0,0,0,0,0,0,0,0,0,0,0,0,0,0,0,0,0,0,0,0,0
"TGTGGTTGTGAGGCTG-1","6",0,0,1.58431885233877,0,0,0,0,0,0,0,0,0,0,0,0,0,0,0,0,0,0,0,0,0,0,2.16927515978799,0,0,0,0,0,0,0,0,0,0,0,0,0,0,1.58431885233877,0,0,3.86097447912406
"TGTGTTAGTAAGTTCC-1","13",1.98283558347127,0,0,0,0,0,0,0,0,0,0,0,0,0,0,0,0,0,0,0,0,0,0,0,0,0.812112586519398,0.812112586519398,0,0.812112586519398,0.812112586519398,0,0,0,0,0,0,0,0,0,0,0,0,0,0
"TGTGTTAGTTAGCAGA-1","5",1.47772199822313,0,0,0,0,0,0,0,0,0,0,0,0,0,0,0,0,0,0,0,0,1.18028442345596,0.75501807366795,0,0.75501807366795,2.50768684743662,0.75501807366795,0,1.18028442345596,1.8928483575478,0,0,0,0,0,0,0,0,0,0,0,0,0,0
"TGTGTTGAGCATATCG-1","3",2.82795832328288,0,0,0,0,0,0,0,0,0,0,0,0,0,0,0,0,2.19226222776456,0,0,0,0,0,0,0,0,0,0,0,0,0,0,0,0,0,0,0,0,0,0,0,0,0,0
"TGTGTTGAGCTAGTAT-1","5",2.39880485990856,0.811486173310762,0,0,0,0,0,0,0,0,0,0,0,0.811486173310762,0,0,0,0,0,0,0,0.811486173310762,0.811486173310762,0,0,2.14094900985007,0.811486173310762,0,0,0.811486173310762,0,0,0,0,0,0,0,0,0,0,0,0,0,0.811486173310762
"TGTGTTGAGGAGGTTG-1","5",2.49361377410879,0,0,0,0,0,0,0,0,0,0,0,0,0,0,0,0,0,0,0,0,0,1.04760794078039,0,0,2.87115566963876,1.04760794078039,1.04760794078039,1.04760794078039,2.32767938904971,0,0,0,0,1.04760794078039,0,0,0,0,0,0,0,0,0
"TGTGTTGAGTCAGCGT-1","7",1.56999486775314,0,0,0,0,0,0,0,0,0,0,0,0,0,0,0,0,0.819283897221553,0,0,0,1.26349065388331,1.26349065388331,0,0.819283897221553,1.56999486775314,0,0,1.56999486775314,1.99393437936761,0,0,0,0.819283897221553,0,0,0,0,0,0,0,0,0,0
"TGTGTTGAGTCATGGC-1","0",1.41908165706639,0,0,0,0,0,0,0,0,0,0,0,0,0,0,0,0,0,0,0,0,0,0,0,0,2.60515269091719,0.942606005564206,0.942606005564206,0.942606005564206,0,0,0,0,0,0,0,0,0,0,0,0,0,0,1.41908165706639
