"cell","cluster","gene","logexpr"
"AAACCAAAGTCAGCTA-1","11","Rbfox3",0
"AAACCAAAGTCTCTGT-1","8","Rbfox3",2.144379391127
"AAACCATTCAGTTACG-1","9","Rbfox3",0
"AAACCATTCGAACCCG-1","1","Rbfox3",1.10776197575024
"AAACCCGCAACCTTCA-1","4","Rbfox3",1.47868013393589
"AAACCCGCAATCGAAC-1","7","Rbfox3",2.09868057008083
"AAACCCGCAGCCTACT-1","14","Rbfox3",0
"AAACCCGCATGACAGT-1","1","Rbfox3",0.604097436275634
"AAACCCTGTAGGTGCG-1","7","Rbfox3",1.25886777432624
"AAACGAATCACTGGCG-1","0","Rbfox3",1.02085547644469
"AAACGATGTGCGGAAT-1","5","Rbfox3",1.53779215552355
"AAACGCCTCCGGTAAC-1","6","Rbfox3",0
"AAACGCCTCGCGACAT-1","3","Rbfox3",0
"AAACGCCTCGTTAGAT-1","9","Rbfox3",0
"AAACGGGTCCGCGATG-1","5","Rbfox3",2.20823324699697
"AAACGTAAGCCACACG-1","0","Rbfox3",0
"AAACGTCCACAGCGAC-1","2","Rbfox3",1.67589526685923
"AAACGTCCACATACGG-1","1","Rbfox3",2.3216498316169
"AAACTTGCAACGGGCT-1","13","Rbfox3",1.7426629433373
"AAAGCAATCCGTATAG-1","8","Rbfox3",1.32112368527576
"AAAGCATGTAAGCAAT-1","8","Rbfox3",1.12862209406096
"AAAGCATGTCATCCCT-1","7","Rbfox3",1.5869945185187
"AAAGCCAGTTAGTCGT-1","3","Rbfox3",0
"AAAGCCAGTTCACCTC-1","1","Rbfox3",2.56149897005758
"AAAGCTGGTTCGGGTC-1","0","Rbfox3",1.12460554416204
"AAAGCTGGTTTCGCCT-1","0","Rbfox3",0
"AAAGGTCAGGATGAGT-1","1","Rbfox3",1.50711797916794
"AAAGGTTGTTCCATCC-1","6","Rbfox3",0
"AAAGTAGTCAATCTCC-1","1","Rbfox3",1.60650039635263
"AAAGTAGTCCAACTGA-1","6","Rbfox3",0
"AAAGTCAAGGAGGACC-1","2","Rbfox3",2.51894771481597
"AAAGTGATCACGCCTC-1","0","Rbfox3",0.815962939470939
"AAAGTGATCCTCTATA-1","0","Rbfox3",1.46531226853977
"AAAGTTGAGCATCAAT-1","0","Rbfox3",0.865294256100035
"AAAGTTGAGCCGCATG-1","0","Rbfox3",1.57727025484293
"AAAGTTGAGCGCCTCT-1","8","Rbfox3",1.24460891899128
"AAATGCAAGTAATCCG-1","0","Rbfox3",1.13646362103836
"AAATGCAAGTAGTGCC-1","2","Rbfox3",1.81281608322026
"AAATGCAAGTTGGCTA-1","6","Rbfox3",0
"AAATGGATCAGCTGGT-1","1","Rbfox3",0.998059895515903
"AAATTCGCAAATGCGT-1","8","Rbfox3",1.31934697174733
"AAATTCGCATTAGTGA-1","3","Rbfox3",0
"AAATTGCTCCCATAGA-1","1","Rbfox3",1.03091977120655
"AACACACCATGAGTTA-1","6","Rbfox3",0
"AACACATTCAATGTCG-1","3","Rbfox3",0
"AACACCATCGCGCGTA-1","3","Rbfox3",0
"AACACCGCATAACGAC-1","6","Rbfox3",0
"AACACCTGTCATGTGT-1","2","Rbfox3",2.43278055265209
"AACACCTGTTGCAGCC-1","6","Rbfox3",0
"AACACGAGTTTAGGAG-1","1","Rbfox3",1.71559154714238
"AACACTTAGGAGTCGA-1","9","Rbfox3",0
"AACACTTAGGCGTACT-1","9","Rbfox3",0
"AACAGCTCACTATCTG-1","4","Rbfox3",0.979823422579291
"AACAGGCGTTGTGACT-1","0","Rbfox3",1.85350210489353
"AACAGTAAGTGTCCTT-1","10","Rbfox3",0
"AACAGTAAGTTACAGT-1","1","Rbfox3",2.02472192465883
"AACATAGAGTAGGCTC-1","0","Rbfox3",0
"AACATAGAGTTAACGT-1","0","Rbfox3",1.54776722184278
"AACATCACAACCAGAT-1","1","Rbfox3",1.49365365488997
"AACATCACATAGGGCC-1","2","Rbfox3",1.4517337835069
"AACATCCGTAGGTAGC-1","6","Rbfox3",0
"AACATTCAGAACCTTG-1","1","Rbfox3",1.45008914089825
"AACATTCAGGTAGGCA-1","13","Rbfox3",1.69951114459015
"AACATTGCAACGTTAA-1","5","Rbfox3",1.71646472012716
"AACATTGCATGATTGA-1","8","Rbfox3",2.07422005308712
"AACCAACCAATAGACC-1","5","Rbfox3",1.49340822943512
"AACCAACCAATCGTCC-1","4","Rbfox3",1.09162804922859
"AACCAACCACCTGCAT-1","1","Rbfox3",2.33013285941581
"AACCAAGGTAAGGTCA-1","0","Rbfox3",1.59300264994819
"AACCAAGGTGGCTTCA-1","0","Rbfox3",0
"AACCAAGGTTGTCTGG-1","0","Rbfox3",0
"AACCACGCAACTAGCG-1","1","Rbfox3",2.14567426170572
"AACCAGGAGCGGTCTG-1","5","Rbfox3",1.61264561366087
"AACCATTAGCTTAGTG-1","0","Rbfox3",0
"AACCATTAGGATTGAA-1","0","Rbfox3",1.65889626189794
"AACCATTAGGTGAACG-1","1","Rbfox3",2.19381850698637
"AACCCAATCACGGATC-1","6","Rbfox3",0
"AACCCAATCACGTAAT-1","5","Rbfox3",2.36506696765009
"AACCCACAGATTCCAG-1","8","Rbfox3",2.65016123912867
"AACCCACAGCTGGTAC-1","0","Rbfox3",1.15563569821089
"AACCCACAGGATCATT-1","5","Rbfox3",1.52759204905123
"AACCCAGCAAATGACC-1","7","Rbfox3",2.00416002237646
"AACCCAGCAACCGTAG-1","8","Rbfox3",2.2560365930113
"AACCCAGCACTTGGCT-1","1","Rbfox3",1.54524692886523
"AACCCTAAGCGGTTAC-1","4","Rbfox3",0.805962496114394
"AACCGATCATAACGCG-1","0","Rbfox3",0.784896164904308
"AACCGGGGTTAACCAC-1","4","Rbfox3",0.617526547808683
"AACCTAACACAGGGCT-1","16","Rbfox3",0
"AACCTAGTCACCATCT-1","3","Rbfox3",0
"AACCTAGTCCATGCAA-1","3","Rbfox3",0
"AACCTAGTCCTCAACT-1","1","Rbfox3",1.39681081892709
"AACCTAGTCGCTAGGT-1","0","Rbfox3",0.871798496991436
"AACCTAGTCTCACTAC-1","0","Rbfox3",1.83357965133283
"AACCTCAAGCCAGACT-1","7","Rbfox3",1.64889693672996
"AACCTTAGTAGCTGCC-1","10","Rbfox3",0
"AACGAACAGTAGACCC-1","3","Rbfox3",0
"AACGAATGTCAGTGCC-1","14","Rbfox3",0
"AACGAATGTTACACAC-1","4","Rbfox3",1.53836624197924
"AACGACTCACCTATCA-1","1","Rbfox3",1.33369831236382
"AACGATCCACTAGCCT-1","4","Rbfox3",1.55544626279892
"AACGATCCAGTTGCCT-1","1","Rbfox3",1.45319447481608
"AACGATGGTGCACCGT-1","0","Rbfox3",0.43756940914165
"AACGCCACAGGATAGA-1","8","Rbfox3",2.16751152407884
"AACGCCACATTAGCGG-1","0","Rbfox3",1.65626108371605
"AACGCGAAGCTATGTG-1","0","Rbfox3",1.36033555427024
"AACGCTTGTTTGACGT-1","0","Rbfox3",0
"AACGGATAGGAGTAAC-1","7","Rbfox3",1.98277386040942
"AACGGGGCAATCCTGC-1","5","Rbfox3",1.85180203188189
"AACGGGGCATGGTGTG-1","5","Rbfox3",1.131673150929
"AACGGTGAGGATATAG-1","2","Rbfox3",2.14371428286693
"AACTCAACACATATAG-1","1","Rbfox3",1.0789397373695
"AACTCGATCCGCCTGT-1","8","Rbfox3",2.27628319357676
"AACTCTTCACTTCGGT-1","4","Rbfox3",2.04492378805145
"AACTGAAAGGGGCATA-1","5","Rbfox3",1.27890084089049
"AACTGAGGTTGCACTG-1","9","Rbfox3",0
"AACTGCATCATGCGCG-1","0","Rbfox3",1.27091228700105
"AACTGGTCACTCAAGG-1","5","Rbfox3",2.24937039673295
"AACTTCCTCGACTGAC-1","3","Rbfox3",1.65170237368734
"AACTTCCTCTGTCAAG-1","0","Rbfox3",0.937062931316124
"AACTTCTCAACCTGGA-1","2","Rbfox3",2.04163084950857
"AACTTTGGTTGGAATG-1","13","Rbfox3",1.12020272072885
"AAGCAAATCCATTCCG-1","0","Rbfox3",1.2727599991359
"AAGCAAATCGTAGTCA-1","5","Rbfox3",0
"AAGCAACAGCGGTCAT-1","14","Rbfox3",0
"AAGCAACAGGGTTAGG-1","5","Rbfox3",2.06222136969842
"AAGCAATGTAACTTCA-1","2","Rbfox3",1.77520320877211
"AAGCACCTCATGCACA-1","3","Rbfox3",0
"AAGCACCTCCAGGGTT-1","6","Rbfox3",0
"AAGCATTTCAATTGGT-1","2","Rbfox3",2.69932057657129
"AAGCATTTCATGGCGT-1","0","Rbfox3",1.18578151735955
"AAGCATTTCCCGTTCA-1","2","Rbfox3",1.77188760466906
"AAGCATTTCGATATAC-1","7","Rbfox3",2.86772016453224
"AAGCCAAGTAAGTTGG-1","4","Rbfox3",1.31625912758294
"AAGCCATCAGGACTGC-1","8","Rbfox3",1.36848710528404
"AAGCCGCCATTCATCG-1","4","Rbfox3",0
"AAGCCGGGTTTACTGA-1","8","Rbfox3",1.36391855024826
"AAGCCTATCCGCGTAG-1","4","Rbfox3",1.0490118544365
"AAGCCTATCGATGGGA-1","3","Rbfox3",0
"AAGCGGATCCGCACAG-1","6","Rbfox3",0
"AAGCGGATCTATGTCC-1","0","Rbfox3",0
"AAGCTAAAGTGATCTG-1","1","Rbfox3",1.77711912690346
"AAGCTAGGTTAGCGTT-1","2","Rbfox3",1.35151616336168
"AAGCTAGGTTGCCTGA-1","4","Rbfox3",1.61670938476558
"AAGCTCGCAAATTACG-1","0","Rbfox3",1.85522889897453
"AAGCTCGCATAGGGTT-1","4","Rbfox3",0.491791599506928
"AAGCTCGCATGAAGCT-1","1","Rbfox3",1.64256384034015
"AAGCTCGCATGAATTG-1","8","Rbfox3",1.49376524336728
"AAGCTCTGTGAGCGAT-1","0","Rbfox3",1.292726848036
"AAGCTCTGTTCGCCAA-1","11","Rbfox3",0
"AAGGAAAGTAGGTGTA-1","2","Rbfox3",0.965669377314345
"AAGGACTAGATACTCG-1","6","Rbfox3",0
"AAGGCCAAGGAGTATA-1","5","Rbfox3",0.892886587957254
"AAGGCCAAGTAAGGTA-1","3","Rbfox3",0
"AAGGCCAAGTAATTGC-1","2","Rbfox3",0
"AAGGCCAAGTATCTCC-1","2","Rbfox3",1.20967283031442
"AAGGCTAGTGAGAGGA-1","0","Rbfox3",1.4770695603503
"AAGGGCATCCGCACGA-1","6","Rbfox3",0
"AAGGGCCAGGTAGCTC-1","2","Rbfox3",0.691352026991195
"AAGGGGTCAAAGGGTA-1","0","Rbfox3",1.82001773905625
"AAGGGGTCACAACGTG-1","8","Rbfox3",1.18268567195544
"AAGGTATGTCAGGAGT-1","4","Rbfox3",1.2782152125176
"AAGGTCAGTGCATCAT-1","0","Rbfox3",0.943084402260131
"AAGGTTAAGCGGAGTA-1","2","Rbfox3",1.52206179063153
"AAGTAACGTGGAAGCT-1","0","Rbfox3",0
"AAGTAACGTTGCCTTC-1","1","Rbfox3",1.22270354457535
"AAGTAAGTCAGCCCGA-1","10","Rbfox3",0
"AAGTACCCAAACCAAC-1","1","Rbfox3",0.630434118049067
"AAGTACGGTCTAAGTC-1","5","Rbfox3",1.86475387505467
"AAGTACGGTGCGAGTG-1","8","Rbfox3",1.52655736826815
"AAGTACGGTTCGTGTG-1","1","Rbfox3",1.18326149703444
"AAGTATGAGCCCGTAG-1","4","Rbfox3",1.13138856328319
"AAGTCAAAGGAGGCTA-1","12","Rbfox3",2.063420415282
"AAGTCAAAGTTACCTC-1","0","Rbfox3",1.81308584581587
"AAGTCACCATGGTGCA-1","2","Rbfox3",2.31619760467783
"AAGTCAGGTGAGACTA-1","2","Rbfox3",2.50206044378575
"AAGTCGCTCACAGCCG-1","5","Rbfox3",0
"AAGTCGCTCGAAGGGC-1","16","Rbfox3",1.95470431999744
"AAGTCGCTCTGGTCGG-1","9","Rbfox3",0
"AAGTGCCTCCGGTAGT-1","5","Rbfox3",1.77183235285563
"AAGTGGACATGGTCGA-1","8","Rbfox3",1.47641779932178
"AAGTGGGTCCCCAATT-1","1","Rbfox3",1.75806981142083
"AAGTGGGTCGTGAACC-1","4","Rbfox3",0.94799398897928
"AAGTGTCCAAATCGCG-1","0","Rbfox3",2.00973497598728
"AAGTGTCCAAGGTCCA-1","0","Rbfox3",1.28204354496308
"AAGTTCCGTTAGTAGG-1","2","Rbfox3",1.58539810438009
"AAGTTGAAGCGGGATA-1","1","Rbfox3",1.22575549025645
"AAGTTGAAGGGGCTAA-1","2","Rbfox3",0.874641236301441
"AAGTTTCAGGCTCCAG-1","0","Rbfox3",0.806442653022431
"AATACGAAGGAATGAC-1","3","Rbfox3",0
"AATACGCCATCCCATA-1","5","Rbfox3",1.15059116719208
"AATACGCCATGGTCTC-1","3","Rbfox3",0
"AATACGGGTGCGTGGA-1","10","Rbfox3",0
"AATACGGGTTGAGCAA-1","0","Rbfox3",0.821989860218762
"AATACGGGTTGTGAGA-1","5","Rbfox3",0
"AATACGTTCCGTGAGT-1","0","Rbfox3",0
"AATACGTTCGTGATTG-1","7","Rbfox3",1.5665371369271
"AATATGCTCTCATCTA-1","2","Rbfox3",2.48561912914037
"AATATGGAGCCCTGCT-1","2","Rbfox3",1.46909957247757
"AATATGGAGCCGCGTA-1","6","Rbfox3",0
"AATATGGAGGATCCAC-1","6","Rbfox3",0
"AATATGGAGGCAATCC-1","9","Rbfox3",0
"AATCAGCCAACTTAGA-1","11","Rbfox3",0
"AATCATCAGTAATGGA-1","2","Rbfox3",0.645331156449197
"AATCCCAAGGTATGGG-1","6","Rbfox3",0
"AATCGAGGTAACGTGA-1","0","Rbfox3",0
"AATCGCATCCTCACAT-1","5","Rbfox3",0.878160844088953
"AATCGCGCAACCAGGC-1","6","Rbfox3",0
"AATCGGTCATGGTGTG-1","3","Rbfox3",1.75640286678226
"AATCGTTAGTAGGATA-1","0","Rbfox3",2.42543554883253
"AATCTGGTCCACCTCA-1","0","Rbfox3",1.57849069006914
"AATCTGGTCCAGGTAC-1","0","Rbfox3",0.458542835394734
"AATCTGGTCTATGAAC-1","0","Rbfox3",1.02438986153742
"AATGACAAGCCAGATC-1","1","Rbfox3",2.48097413751812
"AATGACCCAGGTTCCT-1","1","Rbfox3",1.43071153968444
"AATGAGGCAAATCGTA-1","0","Rbfox3",0
"AATGAGGCAATCAGAC-1","3","Rbfox3",0
"AATGAGGCACTTCACA-1","1","Rbfox3",1.61232414870373
"AATGATGAGCTACCAA-1","1","Rbfox3",0.756455297842595
"AATGATGAGGGCTTCG-1","8","Rbfox3",2.22045585024495
"AATGCACCAATTCGCC-1","1","Rbfox3",1.40337188939668
"AATGCACCATCAATTC-1","0","Rbfox3",1.26449277906455
"AATGCAGGTTGCCTTC-1","16","Rbfox3",0
"AATGCCTGTCATTACA-1","1","Rbfox3",1.75489806496966
"AATGCCTGTGATTCCG-1","1","Rbfox3",1.70544389629534
"AATGCCTGTTAGCCTG-1","0","Rbfox3",1.39054688422801
"AATGCGAGTTAGCCTG-1","12","Rbfox3",0
"AATGCGAGTTGAGGAC-1","0","Rbfox3",1.29157767271088
"AATGCGGAGGTTCAGC-1","7","Rbfox3",1.0295101440722
"AATGGATGTGGAAGGA-1","0","Rbfox3",0
"AATGGCAGTCAATTCA-1","3","Rbfox3",0
"AATGGCAGTCTGGTCA-1","0","Rbfox3",0
"AATGGCCTCATCGACA-1","1","Rbfox3",0
"AATGGCCTCTAGTCGA-1","4","Rbfox3",0.619184298428242
"AATGGCGAGGTGAGTG-1","1","Rbfox3",0.504168755527188
"AATGGCTCAATTCGCC-1","5","Rbfox3",1.46441694531562
"AATGGCTCACCTATAT-1","0","Rbfox3",1.15051734693389
"AATGGGCGTCAACCCA-1","1","Rbfox3",0.96135890776752
"AATGGGCGTGACTCGC-1","0","Rbfox3",0
"AATGGGGTCACGTGCG-1","0","Rbfox3",0.775422273130623
"AATGGGGTCCTGTAAG-1","5","Rbfox3",2.59608626164163
"AATGGGGTCTAGCTGA-1","2","Rbfox3",0.848901067143419
"AATGGGTAGGTGCTCG-1","3","Rbfox3",0
"AATGGTAAGCGATGTC-1","0","Rbfox3",1.60338549290705
"AATGTGAAGCGATACC-1","0","Rbfox3",0.73356207772201
"AATGTGAAGGGTTGAG-1","0","Rbfox3",0
"AATGTGTTCTCATGCT-1","0","Rbfox3",0
"AATGTTGCATCCTTGA-1","5","Rbfox3",0.675572549120116
"AATTCAGCAAGTTAGC-1","0","Rbfox3",1.97656942091212
"AATTCAGCAATCGAAC-1","0","Rbfox3",1.89842446852378
"AATTCAGCATCCATAT-1","7","Rbfox3",0.990248838423203
"AATTCCTCAATTCGTT-1","11","Rbfox3",0
"AATTGGGGTAGCGATA-1","2","Rbfox3",2.25050928221756
"AATTGGTTCACAGCGT-1","3","Rbfox3",0
"ACAACATTCCAACTCT-1","7","Rbfox3",1.45352093560121
"ACAACCGCAGCAGTCA-1","5","Rbfox3",1.1011520574441
"ACAACCGCATCGGTAG-1","1","Rbfox3",2.10378301354696
"ACAACCGCATGGATAC-1","16","Rbfox3",0
"ACAACCTGTTACTGCG-1","6","Rbfox3",1.23622668766573
"ACAACCTGTTATCCTT-1","6","Rbfox3",0
"ACAACCTGTTCCCGAA-1","0","Rbfox3",0.853207884305358
"ACAACCTGTTCCGGTA-1","0","Rbfox3",1.65192958339588
"ACAACCTGTTTACCGG-1","0","Rbfox3",0.852821464764736
"ACAAGCGAGGAGTAGT-1","5","Rbfox3",1.94342854586494
"ACAAGCGAGGCTCCAG-1","6","Rbfox3",1.67035686234729
"ACAATCACAGCCTATC-1","1","Rbfox3",2.11022889314438
"ACAATCACAGGGCTGT-1","1","Rbfox3",0
"ACAATCACATCGAACG-1","8","Rbfox3",0.704228471200484
"ACAATCCGTGCGCAGA-1","3","Rbfox3",0
"ACAATTCAGGTCCAAC-1","9","Rbfox3",0
"ACAATTCAGTTACGCA-1","12","Rbfox3",0
"ACACAACCAGGGCATC-1","0","Rbfox3",1.96430492963723
"ACACAACCATCCCAGT-1","0","Rbfox3",0
"ACACACGCAACCTGCT-1","3","Rbfox3",0
"ACACAGTCAAGGTCCA-1","0","Rbfox3",2.0614729079133
"ACACAGTCATAGACCG-1","0","Rbfox3",1.73965651074505
"ACACAGTCATGGCAAT-1","0","Rbfox3",1.78512374481266
"ACACCAATCGCATCGG-1","2","Rbfox3",1.78810218550259
"ACACCAATCGTTAGGC-1","12","Rbfox3",0
"ACACCAGCATTACGTT-1","3","Rbfox3",0
"ACACCCTCACATGATA-1","3","Rbfox3",0
"ACACCCTCACTTGCCG-1","0","Rbfox3",0.656030686251195
"ACACGAAGTGGAAGTC-1","4","Rbfox3",1.14061075015801
"ACACGAAGTTAAGTGG-1","0","Rbfox3",1.67890297033449
"ACACGATCAACTTCGC-1","2","Rbfox3",1.72652240883088
"ACACGGGGTAGCGGCA-1","3","Rbfox3",0
"ACACGGGGTTGCTATA-1","2","Rbfox3",1.65315214106262
"ACACGGTTCTTGATGG-1","1","Rbfox3",1.93097436563771
"ACACGTTGTGAGCAAC-1","0","Rbfox3",2.27037879501515
"ACACTAGTCCGTGTCC-1","5","Rbfox3",3.97845579871457
"ACACTCCCAATGTCGG-1","3","Rbfox3",0
"ACACTCCCATGGCTGA-1","3","Rbfox3",0
"ACACTCCCATTGCCCG-1","6","Rbfox3",0
"ACACTGATCCGCGGTA-1","0","Rbfox3",0
"ACACTGATCGATCACA-1","7","Rbfox3",1.19767483121325
"ACAGAATGTAGGCGTG-1","6","Rbfox3",0
"ACAGAATGTGGGTCTC-1","16","Rbfox3",0
"ACAGACAGTAAGGTTG-1","3","Rbfox3",0
"ACAGACAGTGCAGCGA-1","2","Rbfox3",2.51913857384479
"ACAGACAGTGGACACG-1","0","Rbfox3",0
"ACAGACTCAACCCTAC-1","0","Rbfox3",1.38998065455509
"ACAGACTCAACTAGGT-1","1","Rbfox3",1.61608423587626
"ACAGACTCACCTGTCG-1","1","Rbfox3",1.17076135998933
"ACAGCAAGTCTTGGTG-1","7","Rbfox3",0.981141860473086
"ACAGCAAGTGATTCCG-1","2","Rbfox3",2.79851231239105
"ACAGCCACACCATCCG-1","3","Rbfox3",0
"ACAGCCCGTTATCGAC-1","7","Rbfox3",2.08328258643773
"ACAGCCCGTTTCGATA-1","3","Rbfox3",0
"ACAGCGAAGTAGGTAA-1","0","Rbfox3",0
"ACAGCGGGTCTCCAGA-1","3","Rbfox3",0
"ACAGCGGGTTGGACCC-1","10","Rbfox3",0
"ACAGCTATCACCCTAT-1","6","Rbfox3",0
"ACAGCTATCCCAGAGT-1","5","Rbfox3",1.41896290566974
"ACAGCTTGTGGACACG-1","1","Rbfox3",2.06763174829063
"ACAGCTTGTTGACGGG-1","1","Rbfox3",1.2277996389431
"ACAGGAACATTGGCAG-1","1","Rbfox3",1.53829445328261
"ACAGGATAGCGGTCAT-1","14","Rbfox3",0
"ACAGGATAGGTTCCGG-1","0","Rbfox3",0.850894917743143
"ACAGGATAGTCATCCT-1","2","Rbfox3",2.38660847126374
"ACAGGATAGTTAATGC-1","6","Rbfox3",0
"ACAGGCAAGCCACGCA-1","2","Rbfox3",1.50330009397771
"ACAGGCAAGTTAGCCA-1","1","Rbfox3",1.96666767257787
"ACAGGCTTCGCTTCGC-1","0","Rbfox3",0
"ACAGGGATCCTCACTG-1","9","Rbfox3",0
"ACAGGGATCTCACTCG-1","5","Rbfox3",0.679578850143391
"ACAGGTAGTGGACAGT-1","1","Rbfox3",0
"ACAGTCGCATGGAGCC-1","4","Rbfox3",0.575573250733757
"ACAGTCGCATTACGCC-1","0","Rbfox3",0
"ACAGTGAGTAGCTGAA-1","1","Rbfox3",1.48217661889704
"ACAGTGAGTTTGGGCC-1","10","Rbfox3",0
"ACATAGCCAACATCGG-1","6","Rbfox3",0
"ACATATCAGCGCATAC-1","0","Rbfox3",1.89582345617356
"ACATATCAGCTTAGTG-1","0","Rbfox3",0
"ACATATCAGTAAGCAA-1","3","Rbfox3",0
"ACATCATAGATAGATG-1","1","Rbfox3",0.913301193025789
"ACATCATAGCGCTTAA-1","13","Rbfox3",0
"ACATCATAGCTATCCT-1","0","Rbfox3",1.02679926404938
"ACATCATAGGTCCACG-1","0","Rbfox3",0.594150102127248
"ACATCCCCAATTGCCC-1","2","Rbfox3",2.17265300376379
"ACATCCCCAGGATTAC-1","5","Rbfox3",1.61732432517537
"ACATCCGGTTAGCGAA-1","0","Rbfox3",0.908855753386637
"ACATCTTCAACGTTCC-1","0","Rbfox3",0.926644394220669
"ACATGAAAGAATCCGC-1","0","Rbfox3",1.08493506336066
"ACATGAAAGTTGGGCT-1","5","Rbfox3",1.38839804333823
"ACATGAGGTGCAATTC-1","2","Rbfox3",1.92454932605901
"ACATGGTCAACCCGAA-1","0","Rbfox3",0.766062046258134
"ACATGTTAGTATCTGG-1","15","Rbfox3",0.851279488924562
"ACATTAGCAACATGAC-1","0","Rbfox3",1.19912967365931
"ACATTAGCAACTAATG-1","6","Rbfox3",0
"ACATTAGCAATACCTT-1","2","Rbfox3",1.91423947697395
"ACATTCCTCACTGTCT-1","0","Rbfox3",1.19491075445817
"ACATTGGTCACTTGAG-1","0","Rbfox3",0
"ACATTTGGTCATGAGA-1","0","Rbfox3",0.788937667770238
"ACCAAACCATTCATCG-1","2","Rbfox3",1.88637987100612
"ACCAAAGGTCTCACAG-1","1","Rbfox3",1.90944312882405
"ACCAAATTCACCTTAC-1","1","Rbfox3",2.00217220642868
"ACCAAATTCGCGAGTT-1","0","Rbfox3",1.70704279903129
"ACCAAATTCGCTCCGT-1","4","Rbfox3",0.883622045003706
"ACCAAATTCTGTAACG-1","2","Rbfox3",1.50857845158431
"ACCAACATCCAGCACG-1","0","Rbfox3",0
"ACCAAGTCAAGTATGC-1","6","Rbfox3",0
"ACCAAGTCATTCCTCT-1","8","Rbfox3",2.53289707357945
"ACCAATTAGCGGGATA-1","6","Rbfox3",1.9940439978935
"ACCAATTAGGATTGCC-1","0","Rbfox3",1.20588954365192
"ACCACACAGTAGGCAG-1","6","Rbfox3",0
"ACCACACAGTCAAGGG-1","1","Rbfox3",0
"ACCACAGCAATCATCT-1","9","Rbfox3",0
"ACCACAGCACTTCACA-1","2","Rbfox3",1.46781316907685
"ACCACCTCAACATAGC-1","5","Rbfox3",1.38648189042189
"ACCACCTCATGCGGAC-1","4","Rbfox3",1.05219581949979
"ACCACTAAGTCGAGCT-1","5","Rbfox3",1.0851296773289
"ACCAGGCCATGGCAAT-1","0","Rbfox3",1.57827695039544
"ACCATAACAGTACCAG-1","16","Rbfox3",0
"ACCATAACATTAACGA-1","0","Rbfox3",1.04527051838276
"ACCATAGTCGACATAT-1","0","Rbfox3",1.24601841841758
"ACCATCAAGCCAGCCA-1","6","Rbfox3",0
"ACCATTAGTCAGTCCA-1","4","Rbfox3",0
"ACCATTAGTGATTGCT-1","1","Rbfox3",1.69896325515062
"ACCATTTCAAGGGTCC-1","0","Rbfox3",0.885207636815767
"ACCATTTCATGGTACG-1","8","Rbfox3",0.666136015498356
"ACCCAAATCAGGAGAT-1","0","Rbfox3",1.3171087241925
"ACCCAATGTTGGATTC-1","2","Rbfox3",1.45616404108038
"ACCCAGACAAGCATTA-1","2","Rbfox3",1.72789138099724
"ACCCAGTAGGATACTT-1","6","Rbfox3",0
"ACCCATTTCCATGTGA-1","3","Rbfox3",0
"ACCCATTTCGAATTAC-1","7","Rbfox3",2.45430120071192
"ACCCCATCAAGTCGTG-1","3","Rbfox3",0
"ACCCCATCAATTCACT-1","0","Rbfox3",0.810721939290576
"ACCCCGAAGCCAACTA-1","0","Rbfox3",0.708318357078746
"ACCCCGAAGCCGATGT-1","3","Rbfox3",0
"ACCCCGTTCATGCGCG-1","1","Rbfox3",1.90638849516667
"ACCCCGTTCCACGGCA-1","7","Rbfox3",1.87481825888999
"ACCCCGTTCCTGCATT-1","5","Rbfox3",1.28510921687254
"ACCCCTGCACAGGCTA-1","4","Rbfox3",0.61025536814582
"ACCCCTTGTCTCAGTG-1","5","Rbfox3",1.09396729026997
"ACCCGAACATGGTGCA-1","0","Rbfox3",1.38434752411412
"ACCCGATAGTACCAAT-1","6","Rbfox3",0
"ACCCGCAAGCGCCTAG-1","0","Rbfox3",0
"ACCCGCAAGTCAACTG-1","0","Rbfox3",1.64061675446598
"ACCCGCAAGTCAAGTT-1","1","Rbfox3",1.78166455833929
"ACCCGTGAGGTGAGTG-1","0","Rbfox3",0.98533060578174
"ACCCGTTCATAACTCT-1","6","Rbfox3",0
"ACCCTAGGTTAGGCAA-1","2","Rbfox3",1.54747591874701
"ACCCTAGGTTTCCATT-1","1","Rbfox3",2.0768694114612
"ACCCTATTCAATCAAC-1","3","Rbfox3",0
"ACCCTATTCGAGTGGA-1","2","Rbfox3",1.62957827162262
"ACCCTCATCATGTCTC-1","2","Rbfox3",1.95549764301048
"ACCCTCATCTTGATCC-1","5","Rbfox3",2.06124851039598
"ACCCTCGCACATTCAT-1","0","Rbfox3",0
"ACCCTCGCATCCAAGG-1","7","Rbfox3",1.95943695878006
"ACCCTCTGTCAACCAT-1","0","Rbfox3",0.744360352387565
"ACCCTCTGTTTGATGC-1","3","Rbfox3",0
"ACCGAAAGTTCCTTGC-1","1","Rbfox3",1.50835003211347
"ACCGAAAGTTTCGAGT-1","0","Rbfox3",1.3668877384202
"ACCGACCGTCAATGCT-1","8","Rbfox3",1.1820843400971
"ACCGACTAGAAGGGCC-1","6","Rbfox3",0
"ACCGAGGGTTGGAGTA-1","0","Rbfox3",1.12124756103307
"ACCGAGGGTTGTGGAA-1","3","Rbfox3",0
"ACCGATTGTTGGAGCG-1","2","Rbfox3",1.67257855721391
"ACCGCAACAATCCCGT-1","0","Rbfox3",1.49100363803842
"ACCGCAACAATCCTCA-1","1","Rbfox3",2.03489691345854
"ACCGCTAGTAAGTCTC-1","1","Rbfox3",1.71049916929745
"ACCGGATTCAATCAAC-1","9","Rbfox3",0
"ACCGGCTGTTGAGTCT-1","2","Rbfox3",1.29176904082314
"ACCGGTTAGCCACGAT-1","14","Rbfox3",0
"ACCGGTTAGGCAATGG-1","4","Rbfox3",1.26317217203009
"ACCTAACGTAGGTGTA-1","6","Rbfox3",0
"ACCTAAGTCCACCGTC-1","0","Rbfox3",1.80740547379679
"ACCTAAGTCCTTCGCA-1","0","Rbfox3",0
"ACCTACCCAAGGGCAG-1","0","Rbfox3",1.27824635938041
"ACCTACTTCATCACCT-1","6","Rbfox3",0
"ACCTACTTCCAGATGC-1","3","Rbfox3",0
"ACCTCCGCAAAGGTCT-1","0","Rbfox3",0.552050720053683
"ACCTCGCTCACCTAGA-1","0","Rbfox3",0.90249130247998
"ACCTCGCTCAGTAATC-1","8","Rbfox3",1.94359942742465
"ACCTCGCTCGCTCTCA-1","3","Rbfox3",0
"ACCTCGCTCTAAGCAT-1","8","Rbfox3",2.28187968364256
"ACCTCTTAGCGAAGTG-1","4","Rbfox3",1.59071727316458
"ACCTCTTAGTTAGCAT-1","0","Rbfox3",2.07048089711089
"ACCTGAATCAGCTGGT-1","3","Rbfox3",0
"ACCTGATGTTCTGTGG-1","6","Rbfox3",0
"ACCTGCCTCATGGATT-1","0","Rbfox3",0.781475661591399
"ACCTGCCTCGATGGGA-1","4","Rbfox3",1.75830826807176
"ACCTGCCTCGCGTTAA-1","1","Rbfox3",1.7378845582923
"ACCTGGACACAACCAG-1","2","Rbfox3",0.774790795156201
"ACCTGGACACCATTGC-1","15","Rbfox3",0
"ACCTGGACATAATCCT-1","0","Rbfox3",1.52819481187007
"ACCTGGGTCGACTAGC-1","2","Rbfox3",1.54757300525478
"ACCTGTCCATCACTTG-1","2","Rbfox3",2.33588513075614
"ACCTGTCCATGGTAGT-1","0","Rbfox3",0
"ACCTTAAGTAAGTTCC-1","2","Rbfox3",1.41493905331401
"ACCTTAAGTCAATCTA-1","1","Rbfox3",0.614355175244532
"ACCTTCACAATGTCGG-1","14","Rbfox3",0
"ACCTTCACATGCGGAC-1","0","Rbfox3",1.29928298413026
"ACCTTCACATTGGCAG-1","0","Rbfox3",0.64641078964292
"ACGAAATGTGAGGTGT-1","3","Rbfox3",0
"ACGAAATGTTCGATTA-1","1","Rbfox3",0.902447739903737
"ACGAAATGTTTGCGTG-1","2","Rbfox3",1.6304032112698
"ACGAAGGTCCCGCAGA-1","6","Rbfox3",0
"ACGAATCCACTTGAGG-1","0","Rbfox3",1.63539796234558
"ACGAATCCAGCAGGCT-1","7","Rbfox3",1.34744518853322
"ACGAATGGTGAGTGTA-1","1","Rbfox3",1.13300332042907
"ACGAATGGTGGACAGT-1","2","Rbfox3",1.76512113539747
"ACGACAAGTAACCGGG-1","6","Rbfox3",0
"ACGACATCAGTTAGCG-1","4","Rbfox3",1.44784496915862
"ACGACATCATGCGGAC-1","4","Rbfox3",0
"ACGAGCAAGCCACATA-1","3","Rbfox3",0
"ACGAGTAGTAGTTACC-1","5","Rbfox3",1.22899559781127
"ACGAGTAGTCAGCGGA-1","8","Rbfox3",1.34193895034882
"ACGAGTGAGCCCTGCT-1","11","Rbfox3",0
"ACGAGTGAGGTATATC-1","0","Rbfox3",1.73387398216862
"ACGAGTGAGTGTCAAT-1","3","Rbfox3",0
"ACGATGGAGATTCCTC-1","2","Rbfox3",1.35449465694658
"ACGATGGAGGAACCAG-1","4","Rbfox3",1.41440846989946
"ACGATGGAGTGATGCC-1","0","Rbfox3",1.08170272335557
"ACGCAATCACTATCTG-1","0","Rbfox3",1.27610125062386
"ACGCACTAGTTGCACA-1","4","Rbfox3",1.04700751631511
"ACGCAGCCACTTAGGG-1","0","Rbfox3",0
"ACGCAGCCAGGGCAAG-1","8","Rbfox3",1.38121593347645
"ACGCCATAGTTACGGC-1","2","Rbfox3",1.86300444153253
"ACGCCCAAGATTGCAT-1","3","Rbfox3",0
"ACGCCCAAGTCGAACC-1","1","Rbfox3",2.29709108706072
"ACGCGAGGTTGCAGCC-1","3","Rbfox3",1.86034229705167
"ACGCGGTCAACCCGTT-1","0","Rbfox3",1.0099096632852
"ACGCGGTCATCATACT-1","1","Rbfox3",1.97301572137582
"ACGCTAATCTATGCCT-1","0","Rbfox3",0.555574519008748
"ACGCTCAGTTTACCGG-1","0","Rbfox3",1.46900943810163
"ACGCTGACACTTCGAC-1","2","Rbfox3",2.21165504350136
"ACGCTGACATCCCGAT-1","13","Rbfox3",0
"ACGCTGACATTACGTT-1","0","Rbfox3",0.90753111829544
"ACGGACAAGTAGTCAT-1","0","Rbfox3",1.11763460137721
"ACGGACCCAACTGTGG-1","3","Rbfox3",0
"ACGGACCCATGCGGAC-1","5","Rbfox3",1.3663434827299
"ACGGATAGTGGCGCTT-1","3","Rbfox3",0
"ACGGATTCATGAGCTG-1","16","Rbfox3",0
"ACGGCACCATCCCATA-1","2","Rbfox3",1.21698499628156
"ACGGCAGGTCATGATC-1","0","Rbfox3",0
"ACGGCAGGTCTAACCG-1","3","Rbfox3",0
"ACGGCCATCACTTCCG-1","16","Rbfox3",0
"ACGGCCATCCGCGCTT-1","2","Rbfox3",1.73855415198566
"ACGGGATGTCATCCAG-1","4","Rbfox3",1.66193362597072
"ACGGGCAGTCAATCAC-1","0","Rbfox3",1.49734649054737
"ACGGGCAGTCTCCAAG-1","1","Rbfox3",0.953595582702773
"ACGGGGACATGACACG-1","0","Rbfox3",0
"ACGGGGTAGGGGTTGA-1","3","Rbfox3",0
"ACGGGTAAGAACCTTG-1","2","Rbfox3",1.85568399876005
"ACGGGTTTCATGATCG-1","2","Rbfox3",1.0658520724787
"ACGGTCACAATACTGA-1","5","Rbfox3",0.613849315065496
"ACGGTCACACCTCGAT-1","0","Rbfox3",0.904456274227152
"ACGGTTATCAGTTCGA-1","1","Rbfox3",1.33400717722993
"ACGTAAGGTTGCTCAG-1","7","Rbfox3",1.03628747524962
"ACGTCCCTCCATCCCA-1","2","Rbfox3",2.19190895020183
"ACGTCCCTCGCGATTA-1","4","Rbfox3",0.642926262157145
"ACGTCCTCAAGCGTGC-1","2","Rbfox3",1.61272600409474
"ACGTCTAAGAATCGTT-1","8","Rbfox3",0
"ACGTCTAAGGAGCTAG-1","2","Rbfox3",2.22148131617333
"ACGTGTTGTATGTCCG-1","8","Rbfox3",2.17575571804209
"ACGTGTTGTGAGCACG-1","4","Rbfox3",0
"ACGTGTTGTTTACGCG-1","3","Rbfox3",2.04621361751363
"ACGTGTTGTTTCGGGC-1","0","Rbfox3",1.68130087784479
"ACGTTCAAGCATAGCC-1","0","Rbfox3",1.3248624886817
"ACGTTCCCAAGCACTG-1","8","Rbfox3",0
"ACGTTTGAGCGATACC-1","5","Rbfox3",0.935350902698608
"ACGTTTGAGCGCCAAT-1","4","Rbfox3",1.37252277050084
"ACGTTTGAGGGGATGC-1","3","Rbfox3",0
"ACGTTTGAGTGCTGTA-1","0","Rbfox3",0.93436443567674
"ACTAAGCCAAACCCAG-1","0","Rbfox3",1.30262850969679
"ACTAATGCAACATTGA-1","0","Rbfox3",0.918969076513818
"ACTAATGCAGGCATAT-1","11","Rbfox3",0.357620326674263
"ACTACAACAATTCGGG-1","4","Rbfox3",1.62740528351973
"ACTACATAGAAGGTCG-1","2","Rbfox3",2.02915279914333
"ACTACCCCAATATGTG-1","10","Rbfox3",0
"ACTACTTCAACGTTAA-1","4","Rbfox3",1.22740156640052
"ACTACTTCACCTTAAT-1","3","Rbfox3",0
"ACTATCCTCCATCCTG-1","1","Rbfox3",1.57812987121538
"ACTATCCTCCCTTGAT-1","0","Rbfox3",0.615174152824935
"ACTATCCTCCGGTGAT-1","2","Rbfox3",2.0007423394257
"ACTATGGTCATGGTCA-1","1","Rbfox3",0
"ACTATGGTCCTCTACG-1","7","Rbfox3",2.07564941524452
"ACTATTGGTAAGGTAT-1","0","Rbfox3",1.5000457585041
"ACTCAATAGGATTACT-1","2","Rbfox3",1.82720448804516
"ACTCACTTCAGCGAAG-1","2","Rbfox3",1.94779823749812
"ACTCACTTCTAGTGTG-1","0","Rbfox3",0.924437478123515
"ACTCAGGCAGTTAATG-1","14","Rbfox3",0
"ACTCCAAAGCATCGAC-1","1","Rbfox3",1.81247289524377
"ACTCCACCAATCTAAG-1","0","Rbfox3",1.65587240098517
"ACTCCCATCCCATGAA-1","0","Rbfox3",0
"ACTCCCATCGATCATG-1","3","Rbfox3",0
"ACTCCCGCAGGATGCC-1","6","Rbfox3",0
"ACTCCCTGTGACTTCG-1","0","Rbfox3",1.29094024361921
"ACTCCGCTCGTCTATC-1","7","Rbfox3",1.70413472768757
"ACTCCTTAGCGAAGCA-1","2","Rbfox3",0.861409356428594
"ACTCGAATCAGCGATC-1","6","Rbfox3",0
"ACTCGATGTCTAGCCA-1","0","Rbfox3",1.13504327007814
"ACTCGATGTGCAACGG-1","0","Rbfox3",0
"ACTCGCCTCAATTCGG-1","4","Rbfox3",1.26460221047655
"ACTCGTCCATGACGGC-1","5","Rbfox3",0.939841539832633
"ACTCGTCCATTCGCAC-1","0","Rbfox3",0.402126537946605
"ACTCTAAGTTAGCACT-1","6","Rbfox3",0
"ACTCTGTTCAGCAATT-1","3","Rbfox3",0
"ACTCTGTTCAGCGATC-1","0","Rbfox3",0
"ACTCTGTTCCCTGTCA-1","1","Rbfox3",0.873054998232517
"ACTCTGTTCCGCATCC-1","2","Rbfox3",2.42927302934122
"ACTGAGGAGGTTGGGA-1","0","Rbfox3",1.35666707983981
"ACTGATTAGCGAAGTG-1","4","Rbfox3",1.87836495183375
"ACTGCAATCGATCAGC-1","1","Rbfox3",1.67633674883342
"ACTGCCCTCGTGAACC-1","0","Rbfox3",0
"ACTGCTAAGATAGGGT-1","2","Rbfox3",1.83539251115683
"ACTGCTGGTGAGGTTA-1","0","Rbfox3",1.15273653060839
"ACTGCTGGTTGCGGCT-1","2","Rbfox3",2.70399030279625
"ACTGGTCAGGCGATAG-1","6","Rbfox3",0
"ACTGGTCAGTAGGAAC-1","9","Rbfox3",0
"ACTGGTTGTCTCACTC-1","2","Rbfox3",2.01583959379351
"ACTGGTTGTGAGTGTA-1","4","Rbfox3",1.04068880095044
"ACTGGTTGTTAGCAAG-1","0","Rbfox3",0
"ACTGGTTGTTGTGGTT-1","5","Rbfox3",1.48944997481487
"ACTGTCAAGGATAGGT-1","1","Rbfox3",1.97819298516635
"ACTGTTAGTTAGCGTT-1","4","Rbfox3",0.596339508876217
"ACTGTTGAGCAGGTTC-1","0","Rbfox3",1.33591546712642
"ACTGTTGAGTAACCCA-1","0","Rbfox3",1.70578796361735
"ACTTAACAGGTACACC-1","0","Rbfox3",1.55664141791924
"ACTTACCTCCGTTACT-1","0","Rbfox3",1.55492887872953
"ACTTAGGTCCAGCGTG-1","0","Rbfox3",0
"ACTTCGCCAAATGGTC-1","0","Rbfox3",1.34410031959691
"ACTTCGCCAACCAGAT-1","1","Rbfox3",2.06733017882435
"ACTTGAGTCCCAGAGT-1","9","Rbfox3",0
"ACTTGCTTCTGGCCCT-1","2","Rbfox3",2.36965288665052
"ACTTGGATCATGGTGC-1","0","Rbfox3",0
"ACTTGGGCAATACTCT-1","0","Rbfox3",1.71447050547872
"ACTTGGGCAGGTTCAG-1","8","Rbfox3",1.67605416758267
"ACTTTAGGTAACTCTA-1","0","Rbfox3",0
"ACTTTAGGTGATGGTA-1","1","Rbfox3",2.66687745784145
"ACTTTCATCACACTGA-1","5","Rbfox3",1.39864534214568
"ACTTTCATCGCTCCGT-1","0","Rbfox3",1.29609191640445
"ACTTTCGCAACTTAGA-1","0","Rbfox3",1.35077388745038
"ACTTTGCTCACACTGA-1","2","Rbfox3",2.25441260773064
"ACTTTGGAGCTTCCAT-1","7","Rbfox3",1.10182256429836
"AGAAGGGGTGAGGATC-1","0","Rbfox3",0.677283516586778
"AGAAGGGGTGATGCGG-1","0","Rbfox3",1.0626186860202
"AGAAGGGGTTCCTCTA-1","0","Rbfox3",1.37356809716363
"AGAAGGGGTTGAAGTG-1","1","Rbfox3",0.92997600618871
"AGAAGGTTCTAGTCTC-1","13","Rbfox3",0
"AGAAGTCAGAACGAGT-1","6","Rbfox3",1.79761673641301
"AGAAGTCAGGCGTCCA-1","0","Rbfox3",0.976681590491645
"AGAAGTCAGGGCTACT-1","0","Rbfox3",0.741932106672801
"AGAAGTTGTCTCACGA-1","0","Rbfox3",1.44277164179743
"AGAAGTTGTGAAGCAC-1","11","Rbfox3",0
"AGAATAGTCCCAATGA-1","2","Rbfox3",2.05720556174952
"AGACAACAGCGCGATT-1","8","Rbfox3",1.90862732886202
"AGACAACAGTAGCTCA-1","2","Rbfox3",2.18071748466944
"AGACACAGTAATCCGT-1","8","Rbfox3",1.73061829504235
"AGACACAGTTCCAGAT-1","6","Rbfox3",0
"AGACACAGTTGAAGGC-1","0","Rbfox3",1.14122664633001
"AGACAGACATCACACC-1","0","Rbfox3",1.44872504554175
"AGACATAAGGTTGGAG-1","0","Rbfox3",1.0066477821154
"AGACATAAGTATCTGG-1","0","Rbfox3",0.62688107612544
"AGACATCCAAGTGCGC-1","5","Rbfox3",1.51685645409857
"AGACATCCAATCGAGT-1","13","Rbfox3",0
"AGACATCCATGATCCC-1","0","Rbfox3",0.693797814951407
"AGACATGGTTTGGAGA-1","4","Rbfox3",1.82245973780195
"AGACGAACAGCCAATG-1","5","Rbfox3",1.45051395385418
"AGACGAACAGGTTAGT-1","14","Rbfox3",0
"AGACGATAGCAAGCTC-1","0","Rbfox3",1.54754873226646
"AGACGCAAGTCGAAGG-1","6","Rbfox3",0
"AGACGCAAGTGCTTAG-1","0","Rbfox3",1.13689480654959
"AGACGCGGTTGGGATA-1","8","Rbfox3",1.89256107993805
"AGACGCGGTTTCGCAG-1","16","Rbfox3",0.999410272554738
"AGACGGATCACGCGCA-1","0","Rbfox3",1.14238797883787
"AGACGGATCACTTGCT-1","0","Rbfox3",0.584077560106685
"AGACGGATCTATCGTC-1","2","Rbfox3",2.01606523651565
"AGACGGGCAATACGGT-1","0","Rbfox3",1.27035915598893
"AGACGTAGTTCAAGTC-1","4","Rbfox3",1.37147927533475
"AGACTCGCATAGATGC-1","0","Rbfox3",0
"AGACTCGCATGGTACG-1","2","Rbfox3",1.95525955821971
"AGACTTACATTACAGA-1","7","Rbfox3",2.15566015291497
"AGAGAATCAGCTATGG-1","0","Rbfox3",1.64402223022955
"AGAGACTAGAATCATC-1","0","Rbfox3",2.10723100359207
"AGAGACTAGTCAGGTC-1","1","Rbfox3",1.45746875309334
"AGAGAGAAGGAGTAGT-1","1","Rbfox3",1.41176246812679
"AGAGATGCAAACCAGT-1","0","Rbfox3",0.723413714776784
"AGAGATGCATTCCTCT-1","0","Rbfox3",1.58601561325983
"AGAGATTGTTTCCGCT-1","3","Rbfox3",0
"AGAGGCATCTAGTTCC-1","2","Rbfox3",1.92145699134186
"AGAGGGTCAAATGGCT-1","0","Rbfox3",1.18847218350703
"AGAGTATGTGAGCGTG-1","0","Rbfox3",0
"AGAGTATGTTAGCGAA-1","3","Rbfox3",0
"AGAGTCAGTTGGACGG-1","9","Rbfox3",0
"AGAGTTGGTGGCTTGC-1","3","Rbfox3",0
"AGAGTTGGTTCACGAT-1","5","Rbfox3",1.2965742662121
"AGAGTTGGTTGCGAGG-1","1","Rbfox3",1.08189606854994
"AGCAAATGTTAGCAAG-1","0","Rbfox3",1.304445605637
"AGCAAATGTTTCGTCC-1","11","Rbfox3",0
"AGCAATCCACCATGAG-1","12","Rbfox3",0
"AGCAATTTCAATCCAG-1","5","Rbfox3",0
"AGCAATTTCGAGTGGA-1","3","Rbfox3",0
"AGCAATTTCGCGTTCC-1","11","Rbfox3",0
"AGCAATTTCGCTAGTA-1","9","Rbfox3",0
"AGCACCACAGGTTCCT-1","13","Rbfox3",2.49667556375011
"AGCACGCCAACCGTCT-1","2","Rbfox3",1.67316441566266
"AGCACGCCACCTGTGT-1","4","Rbfox3",1.09616495822762
"AGCACGTTCCAATTCC-1","0","Rbfox3",1.24566570662461
"AGCACTATCAATTCGG-1","6","Rbfox3",0
"AGCACTATCACCAAGC-1","2","Rbfox3",1.63288411833355
"AGCACTATCCTCTCCT-1","2","Rbfox3",1.93215158075747
"AGCACTATCTGGCTAA-1","2","Rbfox3",2.28575851163312
"AGCACTTGTGAGATTG-1","8","Rbfox3",1.91046414184072
"AGCACTTGTTGACGTT-1","4","Rbfox3",0.548973869254399
"AGCAGCAAGGAGTATA-1","1","Rbfox3",1.23541851269685
"AGCAGCAAGGTTGGAG-1","12","Rbfox3",0
"AGCAGGATCACACCGG-1","1","Rbfox3",2.10695903620444
"AGCAGGATCATCTACC-1","15","Rbfox3",1.51105060760612
"AGCAGGATCGATTCCT-1","0","Rbfox3",0.944714856304272
"AGCAGGATCTGGGACT-1","8","Rbfox3",1.23588018145662
"AGCATCATCGTGAACC-1","3","Rbfox3",0
"AGCATCTGTGCAGGTG-1","1","Rbfox3",1.82977291890123
"AGCATTGTCAGCCCAG-1","0","Rbfox3",1.80777059747919
"AGCATTTAGAACGATA-1","0","Rbfox3",1.55656757939767
"AGCATTTAGCTACTGA-1","7","Rbfox3",2.12967897172803
"AGCATTTAGGGCTCAT-1","4","Rbfox3",0.844205098867826
"AGCCAAAGTGATCCAT-1","7","Rbfox3",1.9407605306074
"AGCCAATCATTACGGG-1","0","Rbfox3",0
"AGCCAGCCAAGCCTAG-1","2","Rbfox3",2.21054103531811
"AGCCAGCCAAGGTGCC-1","10","Rbfox3",0
"AGCCAGCCAAGTAACC-1","1","Rbfox3",1.58611858759507
"AGCCAGCCATCATACT-1","6","Rbfox3",0
"AGCCATTGTCAGCGAG-1","6","Rbfox3",0
"AGCCCCAAGGGTACTC-1","5","Rbfox3",0.931558204004943
"AGCCCCAAGTGAGACG-1","0","Rbfox3",0.916620858976086
"AGCCCGATCACCTGGG-1","4","Rbfox3",0.808334834536251
"AGCCCGATCTGGGACT-1","3","Rbfox3",0
"AGCCCTAGTCATGCTG-1","9","Rbfox3",0
"AGCCGAAAGAATCCGC-1","0","Rbfox3",2.0249665080237
"AGCCGAAAGGATATAG-1","2","Rbfox3",2.10824718370435
"AGCCGATTCCCTGGCT-1","2","Rbfox3",1.31867792992014
"AGCCGATTCGCGCTAG-1","0","Rbfox3",0
"AGCCGTTAGCATGGGA-1","14","Rbfox3",0
"AGCCGTTAGGAACCAG-1","9","Rbfox3",0
"AGCCGTTAGGCAAGGC-1","2","Rbfox3",0
"AGCCTGGTCGATGATT-1","14","Rbfox3",0
"AGCCTTGGTGGACTGG-1","4","Rbfox3",0
"AGCGAACGTGAGTCCC-1","0","Rbfox3",1.71946680562749
"AGCGAACGTTCGATTA-1","0","Rbfox3",0.5742144267489
"AGCGAATAGAAGCATA-1","4","Rbfox3",0.469501675737067
"AGCGAATAGCATTCAG-1","5","Rbfox3",1.03950588865524
"AGCGACCCATTCGGGA-1","0","Rbfox3",1.6714083440343
"AGCGATGAGCCTGCTC-1","0","Rbfox3",0.751568271878963
"AGCGATGAGGTAACGG-1","2","Rbfox3",0.811277595245076
"AGCGATTCAAACCTAA-1","0","Rbfox3",1.70504036171296
"AGCGATTCAATACGGT-1","0","Rbfox3",1.44022592478974
"AGCGATTCATTACGGG-1","0","Rbfox3",0
"AGCGCACCACTTGGGA-1","5","Rbfox3",0.903756572271626
"AGCGCACCATCACGAG-1","8","Rbfox3",1.37338457381178
"AGCGCAGGTAGTTAGG-1","2","Rbfox3",2.63164201201592
"AGCGCAGGTGGCCTAC-1","2","Rbfox3",1.20474335530799
"AGCGCATTCATCTGTC-1","2","Rbfox3",1.38449705659214
"AGCGCATTCGAGTCCG-1","0","Rbfox3",0.909386764444144
"AGCGCCATCCCGTTCA-1","2","Rbfox3",1.9527988100505
"AGCGGGACAATTAGTG-1","0","Rbfox3",0
"AGCGGGACACCAGGGT-1","1","Rbfox3",1.56471042142446
"AGCGGTAAGGATAGTA-1","2","Rbfox3",1.8578267778959
"AGCGGTTTCTTGAGCA-1","0","Rbfox3",0
"AGCGTAAGTCTTGACG-1","13","Rbfox3",0
"AGCGTCCGTCATGTGT-1","0","Rbfox3",1.0157717458978
"AGCTAAGGTTGTCCTC-1","8","Rbfox3",1.16088011620018
"AGCTAATTCCATGCAA-1","7","Rbfox3",1.42496890125436
"AGCTAATTCTAACCTC-1","12","Rbfox3",0
"AGCTACGCATGCTTCA-1","8","Rbfox3",1.28615059875229
"AGCTATGTCAGGTCCG-1","2","Rbfox3",1.15496522521924
"AGCTGAGAGCCTCTGC-1","3","Rbfox3",0
"AGCTTACGTCTGGGTC-1","4","Rbfox3",0.591868960951207
"AGCTTAGTCCGCGGTA-1","0","Rbfox3",0
"AGCTTATAGTAGACTT-1","1","Rbfox3",1.23070865633767
"AGCTTTAGTTAGGCAA-1","2","Rbfox3",1.63865298347006
"AGGAACTAGCGATCCG-1","3","Rbfox3",0
"AGGAATATCCTCAGTT-1","0","Rbfox3",0
"AGGAATATCGAATGGG-1","0","Rbfox3",0
"AGGAATATCGATCGTA-1","5","Rbfox3",1.20441632024726
"AGGAATGCAACTACTT-1","4","Rbfox3",0
"AGGAATGCAATAGGAG-1","5","Rbfox3",2.2430221021591
"AGGACATAGCCACTAA-1","12","Rbfox3",0
"AGGACCAAGCGGTCAT-1","0","Rbfox3",0
"AGGACCAAGTGATCCA-1","3","Rbfox3",0
"AGGACCCCATAAGGCT-1","15","Rbfox3",0
"AGGACTAGTCAGTCGC-1","2","Rbfox3",1.91817920261703
"AGGACTGAGGTTCCTT-1","6","Rbfox3",0
"AGGACTGAGTAAGTCT-1","1","Rbfox3",1.62415892887209
"AGGAGCCAGCAACCCG-1","3","Rbfox3",0
"AGGAGCCAGGGGACAC-1","3","Rbfox3",1.95193426365869
"AGGATCAGTGATCAAG-1","0","Rbfox3",1.29483971295302
"AGGCAAGTCCCAGTAA-1","5","Rbfox3",0.843129213895693
"AGGCAATAGCAAGCTC-1","8","Rbfox3",1.91353563432951
"AGGCACGGTCATCCTC-1","4","Rbfox3",0.468337167698709
"AGGCACGGTGAAGTCA-1","5","Rbfox3",0.877667928750982
"AGGCACGGTGATGGCG-1","14","Rbfox3",0
"AGGCATAGTTTACCAA-1","1","Rbfox3",1.29167334871984
"AGGCATTCAATATCTC-1","0","Rbfox3",1.1667865126477
"AGGCATTCACTTGGTC-1","2","Rbfox3",2.12304534264078
"AGGCCAAAGCATGTCA-1","6","Rbfox3",0
"AGGCCAAAGGTACCGT-1","2","Rbfox3",2.19509408385393
"AGGCCAGGTATTGGAG-1","0","Rbfox3",1.51850178739438
"AGGCCAGGTGGAGACT-1","10","Rbfox3",1.10599983066123
"AGGCCCATCGACCATA-1","7","Rbfox3",1.01870229206066
"AGGCGCAGTAGTGCCC-1","13","Rbfox3",0
"AGGCGGACAGTTAGCG-1","0","Rbfox3",0.859520019880326
"AGGCTCCGTTCCCATC-1","1","Rbfox3",1.3260125488761
"AGGCTTATCCGGTGTG-1","2","Rbfox3",1.68836546637839
"AGGGAACCAAGCCATG-1","0","Rbfox3",0
"AGGGAACCAGGTTCCT-1","0","Rbfox3",0
"AGGGAACCAGGTTGCA-1","0","Rbfox3",1.46633706879343
"AGGGAACCATGCGTCT-1","1","Rbfox3",2.00604033328442
"AGGGAAGGTAGGTTAG-1","2","Rbfox3",1.75838777152377
"AGGGAAGGTTCCCAGA-1","0","Rbfox3",0
"AGGGATTAGATACTCG-1","0","Rbfox3",1.85516824044851
"AGGGCATGTTGGCATT-1","15","Rbfox3",1.28510921687254
"AGGGCTGGTAACCACT-1","3","Rbfox3",0
"AGGGCTGGTTGCACGC-1","6","Rbfox3",0
"AGGGCTGGTTTCACGG-1","10","Rbfox3",0
"AGGGGTTGTAAGTTCC-1","8","Rbfox3",1.65637544449469
"AGGGGTTGTTGCTCGA-1","4","Rbfox3",1.48033854208288
"AGGGTACGTCTGTGAT-1","0","Rbfox3",0.750681444921423
"AGGGTACGTGGAAGCT-1","9","Rbfox3",0
"AGGGTATAGAAGGGCC-1","1","Rbfox3",1.81054550832709
"AGGGTCAAGGTACGAG-1","3","Rbfox3",2.08409291695351
"AGGGTCAAGTACGGCT-1","6","Rbfox3",0
"AGGGTTAGTGAGTCCC-1","6","Rbfox3",0
"AGGGTTGAGTCAGCCG-1","9","Rbfox3",0
"AGGTAAATCCCTGTAT-1","6","Rbfox3",0
"AGGTAACAGGGCTTCG-1","1","Rbfox3",0.8976830867257
"AGGTAACAGTCATGTG-1","0","Rbfox3",0
"AGGTAATGTAATGGTG-1","6","Rbfox3",0
"AGGTAATGTAGCAGTA-1","0","Rbfox3",1.3821090037397
"AGGTAATGTCTCCACT-1","0","Rbfox3",1.42237630264532
"AGGTAGTAGGTATCTG-1","1","Rbfox3",2.16819691742621
"AGGTAGTAGTGAATGA-1","14","Rbfox3",0.971447837622666
"AGGTATGGTTTAGCCG-1","2","Rbfox3",2.3430781975401
"AGGTGATAGTGCGCTG-1","10","Rbfox3",1.60402000419271
"AGGTGCAAGTGCTCGG-1","13","Rbfox3",1.29899214906804
"AGGTGCTTCACTGGGT-1","2","Rbfox3",1.82153623319303
"AGGTGCTTCAGCATCA-1","3","Rbfox3",0
"AGGTGCTTCCCGTTCA-1","1","Rbfox3",1.11144163411271
"AGGTGCTTCTGGATCA-1","1","Rbfox3",1.32669012108392
"AGGTGCTTCTGGCCGA-1","0","Rbfox3",0
"AGGTTAAAGATTAAGG-1","2","Rbfox3",1.57645788773641
"AGGTTAAAGGTAATCT-1","3","Rbfox3",0
"AGGTTAAAGTAGCGGA-1","0","Rbfox3",1.8834977178751
"AGGTTAGGTGCACGCT-1","1","Rbfox3",1.70527192671871
"AGGTTAGGTTAGTCAC-1","1","Rbfox3",0.663066134729304
"AGGTTCATCGTAACCA-1","1","Rbfox3",2.16248384489464
"AGGTTCATCTATCACC-1","0","Rbfox3",0
"AGGTTGGAGATTCACG-1","0","Rbfox3",0
"AGTAACGGTAGGTGCG-1","11","Rbfox3",0
"AGTAACGGTCAGTCAT-1","4","Rbfox3",0.974279538122211
"AGTAACGGTTCTGTCC-1","0","Rbfox3",1.1435519297901
"AGTAATGAGCCATTGA-1","0","Rbfox3",1.41499803556989
"AGTACACCAGGATCTG-1","0","Rbfox3",1.32357982031405
"AGTACCATCCGTGCGA-1","1","Rbfox3",1.58104055588563
"AGTACCATCCTTGATC-1","1","Rbfox3",0.580277725955238
"AGTACTTAGCTAACTG-1","3","Rbfox3",0
"AGTATCACACCTTCAA-1","2","Rbfox3",1.83505317618461
"AGTATCCGTATGTCAC-1","3","Rbfox3",0
"AGTATGAAGATTAGAG-1","0","Rbfox3",1.65820783880945
"AGTATGGGTGAGTCCC-1","5","Rbfox3",0.938797493079768
"AGTATGGGTTATCCGG-1","7","Rbfox3",2.84367896616932
"AGTATGGGTTGAGCAA-1","6","Rbfox3",0
"AGTATGGGTTGCTCGA-1","4","Rbfox3",0.689171032180306
"AGTATGGGTTTAGTGC-1","1","Rbfox3",1.44541052862473
"AGTATGTTCCCGCAGA-1","11","Rbfox3",0
"AGTATGTTCGTAATCG-1","8","Rbfox3",0
"AGTATTCAGATTAGAG-1","0","Rbfox3",0.767420025020439
"AGTATTCAGCTAACTG-1","3","Rbfox3",0
"AGTATTCAGGCTTGGT-1","0","Rbfox3",0.818574923568788
"AGTATTCAGGTGCTTA-1","2","Rbfox3",1.70765874550028
"AGTCAAGGTGATAGGC-1","2","Rbfox3",1.33902331277977
"AGTCACGCAATAGTTG-1","9","Rbfox3",0
"AGTCACGCAGGTTACG-1","0","Rbfox3",0.516543624025476
"AGTCACGCAGTAATTG-1","4","Rbfox3",1.66520084111657
"AGTCAGCTCTGTGCCC-1","5","Rbfox3",0
"AGTCAGGAGGTTAGCC-1","9","Rbfox3",0
"AGTCAGGAGTCGCACG-1","0","Rbfox3",0.88308099251759
"AGTCAGTCATGGCTTC-1","8","Rbfox3",1.99532404965655
"AGTCCAGCAGCACTGA-1","8","Rbfox3",1.49278393904348
"AGTCCCAGTGAGACGT-1","2","Rbfox3",1.59749242299671
"AGTCCCAGTGGCTCAC-1","5","Rbfox3",1.82153623319303
"AGTCCTAAGTGACCCG-1","8","Rbfox3",1.56598758786498
"AGTCGATCAATATGCA-1","7","Rbfox3",2.05328726355058
"AGTCGGGGTTATGGGA-1","12","Rbfox3",0
"AGTCGGTTCCATCGGG-1","9","Rbfox3",0
"AGTCGGTTCCATGAAT-1","0","Rbfox3",0
"AGTCGTTGTGAACCGG-1","6","Rbfox3",0
"AGTCGTTGTGACTTCG-1","7","Rbfox3",1.18546586078629
"AGTCTCAAGATTAAGG-1","3","Rbfox3",0
"AGTCTCAAGCCAGACT-1","8","Rbfox3",1.36579972561463
"AGTCTCAAGCGCATTA-1","3","Rbfox3",0
"AGTCTTGAGCTTCCCA-1","1","Rbfox3",0.652791280550227
"AGTCTTGAGGGCTACT-1","3","Rbfox3",0
"AGTGAATGTAAGCTAG-1","13","Rbfox3",0
"AGTGAATGTCAATCAC-1","4","Rbfox3",0.755257213790087
"AGTGAATGTTCGCGGT-1","4","Rbfox3",0
"AGTGACAGTAGTAGAT-1","4","Rbfox3",0.678237946795839
"AGTGAGGTCAGCGAGA-1","0","Rbfox3",0.530159263860216
"AGTGAGTAGCCAGTCG-1","1","Rbfox3",2.24545979530071
"AGTGAGTAGCGCATTA-1","3","Rbfox3",0
"AGTGATCCATCACAGG-1","0","Rbfox3",1.54486005915627
"AGTGATGGTGAGACTA-1","6","Rbfox3",0
"AGTGATGGTTGGCGTC-1","0","Rbfox3",1.33663915334166
"AGTGCAAGTAGGTATG-1","2","Rbfox3",1.75402832933928
"AGTGCCCGTAGCAGGT-1","4","Rbfox3",0.94251038870959
"AGTGCCCGTAGCGCCT-1","0","Rbfox3",1.18491391219629
"AGTGCGCCAATTGGAC-1","0","Rbfox3",1.13862317219793
"AGTGCGCCATAAGCAC-1","0","Rbfox3",1.07785165271537
"AGTGCGCCATTGACGG-1","8","Rbfox3",1.21498096527204
"AGTGCTCAGGGTCTCG-1","2","Rbfox3",1.79051056185953
"AGTGCTTGTAATCCGT-1","2","Rbfox3",1.85828350101939
"AGTGCTTGTTAAGGAT-1","1","Rbfox3",1.52796870963328
"AGTGCTTGTTGCGAGG-1","9","Rbfox3",0
"AGTGGAACAAGGTAAG-1","12","Rbfox3",0
"AGTGGATAGCTAGTGC-1","2","Rbfox3",2.05313923296695
"AGTGGATAGTACCATG-1","1","Rbfox3",1.79030262283415
"AGTGGATAGTTACGGC-1","0","Rbfox3",1.19125624981008
"AGTGGCGGTTGGCATT-1","0","Rbfox3",1.7575931396333
"AGTGGCTTCCGCGTCT-1","1","Rbfox3",2.07308014163831
"AGTGGTGAGTTACGAT-1","4","Rbfox3",0.505940480699902
"AGTGGTTCAATGCCCT-1","3","Rbfox3",0
"AGTGTAAAGGTACACC-1","3","Rbfox3",0
"AGTGTAAAGTATGTCG-1","1","Rbfox3",1.99864851271644
"AGTGTAAAGTGACCCG-1","0","Rbfox3",0
"AGTGTCATCCGTAGGT-1","7","Rbfox3",1.70084354460472
"AGTGTGAGTAGCTGCC-1","2","Rbfox3",1.88050121460709
"AGTGTTGTCGAATCAT-1","0","Rbfox3",0
"AGTGTTGTCGACCAAC-1","3","Rbfox3",0
"AGTTAGAAGTCAACTG-1","1","Rbfox3",1.08131626001739
"AGTTAGCCACTAGCCT-1","0","Rbfox3",1.92595008179954
"AGTTAGCCACTCAATT-1","8","Rbfox3",2.29831227271978
"AGTTAGCCATTAGCAA-1","11","Rbfox3",0
"AGTTATCAGGCAACGA-1","2","Rbfox3",0
"AGTTATCAGGGTAGAT-1","12","Rbfox3",0
"AGTTGAAAGGAACCTC-1","1","Rbfox3",1.36717821224816
"AGTTGAAAGTTAGCCA-1","0","Rbfox3",1.43386668376264
"AGTTGCATCACGTTGA-1","16","Rbfox3",0
"AGTTGCATCGCTCACC-1","8","Rbfox3",2.03254634709006
"AGTTGGGAGATTCGTG-1","1","Rbfox3",0.837811623242097
"AGTTGGGAGCATGCCG-1","8","Rbfox3",2.05340570844319
"AGTTTCAGTTTCGTAA-1","0","Rbfox3",0.951395204590135
"ATAACCACAGGATTCG-1","3","Rbfox3",0
"ATAACCACATCGGTAG-1","1","Rbfox3",1.62707665519629
"ATAACGAAGAATCCGC-1","0","Rbfox3",0.829638837656132
"ATAACGAAGGATGGGC-1","0","Rbfox3",1.44219588434135
"ATAACGAAGTCAGCGT-1","5","Rbfox3",1.40930321104762
"ATAACGGGTGAGTCCC-1","8","Rbfox3",0
"ATAACGTTCACATGGC-1","5","Rbfox3",0.725496851936225
"ATAACGTTCCATAGTG-1","5","Rbfox3",1.43687506338679
"ATAACGTTCGCGCCTT-1","2","Rbfox3",1.92386657870574
"ATAAGCAAGATAGTTC-1","0","Rbfox3",1.23191099257344
"ATAAGCAAGCAAGTCC-1","0","Rbfox3",0
"ATAAGCTTCGCTGATA-1","2","Rbfox3",2.08532623654161
"ATAAGGATCGTTAGCA-1","0","Rbfox3",1.102628358323
"ATAATCGCAATTCATC-1","6","Rbfox3",0
"ATAATGCTCATATAGC-1","0","Rbfox3",0.807129638100483
"ATAATGCTCCGTAAGC-1","2","Rbfox3",0.833520031057687
"ATACCAACAGCCAATG-1","1","Rbfox3",0.905859153164339
"ATACCCTTCCGCACCT-1","0","Rbfox3",0
"ATACCTAGTGGCCATC-1","2","Rbfox3",1.55725706444744
"ATACGAAAGGAGGCTA-1","1","Rbfox3",0
"ATACGTTAGCCAGGTT-1","6","Rbfox3",0
"ATACGTTAGCCGACCA-1","1","Rbfox3",1.65565692487867
"ATACGTTAGTCAAGTT-1","0","Rbfox3",1.50119643097027
"ATACTCCTCCGCCATC-1","11","Rbfox3",0
"ATACTGACAATCAAGC-1","9","Rbfox3",0
"ATACTGGTCACCAATG-1","14","Rbfox3",0
"ATACTGGTCTATCCAC-1","0","Rbfox3",1.32740242398066
"ATAGCAAAGCGGTACT-1","0","Rbfox3",1.88731405319661
"ATAGCAGGTTTGACTA-1","5","Rbfox3",1.47122793521492
"ATAGCCATCTGGTCAA-1","0","Rbfox3",1.86632271113697
"ATAGGCCTCCGCTACC-1","3","Rbfox3",0
"ATAGGCTCAAACTGTA-1","10","Rbfox3",0
"ATAGGCTCACAAGGCC-1","2","Rbfox3",1.30689704829606
"ATAGGGTAGATTACGT-1","2","Rbfox3",2.42873047812385
"ATAGGGTAGCCTGGAT-1","4","Rbfox3",0.901142945698363
"ATAGGGTAGCTAGGCT-1","1","Rbfox3",2.46162613176911
"ATAGGGTAGGATGCTC-1","3","Rbfox3",0
"ATAGGGTAGTTACGTG-1","5","Rbfox3",1.70507544234228
"ATAGTCACACAGGATT-1","3","Rbfox3",0
"ATAGTCACATCCCTGG-1","0","Rbfox3",1.20349079792613
"ATAGTCACATGAGCCA-1","11","Rbfox3",0
"ATAGTCCGTTTCCGCT-1","8","Rbfox3",1.07118399854078
"ATAGTGAAGTCGAACC-1","1","Rbfox3",0.968042734003545
"ATAGTGAAGTTAACGT-1","2","Rbfox3",2.20166154608901
"ATATCACAGCGGGAAC-1","0","Rbfox3",0.815260013334938
"ATATCACAGGAATGGT-1","2","Rbfox3",1.57069866831917
"ATATCACAGGAGCCAA-1","5","Rbfox3",1.69049606953122
"ATATCACAGGAGTACG-1","1","Rbfox3",1.43875257158447
"ATATCAGCAATAGGCT-1","0","Rbfox3",2.20484593009436
"ATATCCCTCCACCTAT-1","0","Rbfox3",1.17899693365791
"ATATCCTCAAGTGGCC-1","1","Rbfox3",2.15827987589626
"ATATGGCCAGCCTACT-1","4","Rbfox3",1.91586726526476
"ATATGGGGTTAGTACC-1","0","Rbfox3",0.851895569635833
"ATATGGTTCCCGCTAC-1","1","Rbfox3",1.29125886886021
"ATATGGTTCGATGGGA-1","0","Rbfox3",0
"ATATGTCAGGTACGTC-1","7","Rbfox3",1.4168293233109
"ATATTCCCACTAGCTC-1","0","Rbfox3",1.40731965151014
"ATATTCCCATGAGTGT-1","11","Rbfox3",0
"ATCAAGGGTTCCTGCT-1","5","Rbfox3",0.572087592497751
"ATCACAACATCCTATG-1","9","Rbfox3",0
"ATCACCTTCCTGCCTA-1","2","Rbfox3",1.93908418398491
"ATCACGATCCGCACCT-1","0","Rbfox3",0
"ATCACGATCCGTAGTA-1","0","Rbfox3",0.885207636815767
"ATCACTTCAAGGTCGC-1","1","Rbfox3",2.18089481098547
"ATCAGGCTCCTCACGC-1","0","Rbfox3",1.45603792374367
"ATCAGGTCAACCTGTC-1","11","Rbfox3",0
"ATCAGGTCAAGCTCCT-1","4","Rbfox3",0.952029747985131
"ATCAGTTAGCCTGAGT-1","9","Rbfox3",0
"ATCATCAGTGCGATGG-1","2","Rbfox3",2.07338395446424
"ATCATCTCAAGTTCAA-1","13","Rbfox3",1.00725419752479
"ATCATCTCACCATGTC-1","0","Rbfox3",0
"ATCATGGTCCGTCCTA-1","13","Rbfox3",0
"ATCCAAGTCGATCCAA-1","0","Rbfox3",1.90755184501261
"ATCCAATAGGTACTAT-1","8","Rbfox3",2.10019038286184
"ATCCACAAGGATTAGA-1","0","Rbfox3",2.16526367139168
"ATCCATAGTTTGGCAT-1","0","Rbfox3",2.55957547405405
"ATCCATGAGCCCTGCT-1","3","Rbfox3",0
"ATCCCAAAGAATCAGA-1","2","Rbfox3",0.951785585241207
"ATCCCAGGTCTAGTAC-1","3","Rbfox3",0
"ATCCCAGGTTAGTGAG-1","2","Rbfox3",1.44417214769786
"ATCCCAGGTTGGGTAA-1","5","Rbfox3",0.715524797099931
"ATCCCATTCGTTAGAT-1","1","Rbfox3",1.67881431977764
"ATCCCGCTCAATCCTC-1","1","Rbfox3",2.47186503823247
"ATCCCTTAGCTATCTC-1","3","Rbfox3",0
"ATCCGACAGATTGAGA-1","5","Rbfox3",1.2672350011039
"ATCCGACAGCCTGACG-1","8","Rbfox3",1.54903104770509
"ATCCGACAGCTGAGAG-1","2","Rbfox3",1.50370805953802
"ATCCGGGTCATCGAAT-1","10","Rbfox3",0
"ATCCGGGTCCACCGCT-1","0","Rbfox3",0.710645125528311
"ATCCGTAAGATTCAGT-1","0","Rbfox3",1.47572333224911
"ATCCGTAAGGCGTCCA-1","5","Rbfox3",1.01074261074365
"ATCCGTCCAAGGTAAG-1","0","Rbfox3",1.3111381681076
"ATCCTAGAGCCATAGC-1","1","Rbfox3",1.77318418720489
"ATCCTAGAGTCATTGG-1","4","Rbfox3",0.418421799882257
"ATCCTCCGTCAATGCT-1","8","Rbfox3",1.2558668556183
"ATCCTGAAGCTATGCA-1","5","Rbfox3",0.827966403368897
"ATCCTGAAGGCTCTCC-1","8","Rbfox3",1.915084969202
"ATCCTGTTCGCGCGTA-1","3","Rbfox3",0
"ATCCTGTTCGTACCTT-1","0","Rbfox3",1.64737157998589
"ATCGAACCACTCAATT-1","10","Rbfox3",0
"ATCGAACCATGGTTAA-1","1","Rbfox3",1.62705475235813
"ATCGAAGGTAGTAACG-1","6","Rbfox3",0
"ATCGAAGGTTGGCTGC-1","7","Rbfox3",1.56743739535981
"ATCGAGGAGCGCAACT-1","7","Rbfox3",0.92110260337953
"ATCGCCCTCACGGACT-1","0","Rbfox3",1.22711740621255
"ATCGCCTCACCTTAGC-1","7","Rbfox3",1.59272174669332
"ATCGGGCCACTTACTG-1","2","Rbfox3",1.46950748548799
"ATCGGTCAGCAGGCAA-1","0","Rbfox3",1.09120092599847
"ATCGTAGTCATGTCTC-1","1","Rbfox3",2.33780046702649
"ATCGTCAAGTGCTGTA-1","1","Rbfox3",1.26121975459552
"ATCTACCTCACACTGA-1","0","Rbfox3",3.14805883330735
"ATCTACTCAACCGCAA-1","3","Rbfox3",0
"ATCTACTCATCAATTC-1","3","Rbfox3",0
"ATCTCCACAATGAAGG-1","5","Rbfox3",1.01887192192683
"ATCTGAGTCGATGCGT-1","1","Rbfox3",1.04983605327158
"ATCTGCAAGCAGGGTA-1","0","Rbfox3",2.05299123074325
"ATCTGCAAGGATGTGG-1","2","Rbfox3",2.37484097304934
"ATCTGCAAGTAATGGA-1","4","Rbfox3",0.783634025628447
"ATCTGGATCGATGGCT-1","0","Rbfox3",2.21338654529322
"ATCTGGATCGCGCAAT-1","5","Rbfox3",1.91682595179824
"ATCTGTGAGCGGATTC-1","4","Rbfox3",1.01414533068665
"ATCTTAGGTTAGCGAA-1","3","Rbfox3",0
"ATCTTAGGTTAGGTAG-1","3","Rbfox3",0
"ATGAACCCAACGGCAC-1","4","Rbfox3",1.38975431192018
"ATGAACCCAATTACAG-1","4","Rbfox3",1.32514640921964
"ATGAACCCAGCAGGAG-1","2","Rbfox3",1.67164222647986
"ATGAACCCATGGCAGC-1","12","Rbfox3",0
"ATGACAGGTGGCCAGA-1","3","Rbfox3",0
"ATGACCCAGCTGGTGT-1","3","Rbfox3",0
"ATGACGGAGGCTCTGG-1","0","Rbfox3",1.2198367572379
"ATGACGGAGGTCGTAC-1","0","Rbfox3",0
"ATGAGGCGTATTGACC-1","4","Rbfox3",0.479831097110645
"ATGAGTAAGCATGGGA-1","4","Rbfox3",0.791040775409983
"ATGAGTAAGCGACTTA-1","3","Rbfox3",0
"ATGAGTAAGGGGACTA-1","0","Rbfox3",1.40638845061451
"ATGAGTAAGTGAGAGT-1","11","Rbfox3",0
"ATGAGTTTCACCTGGG-1","0","Rbfox3",1.71372414789283
"ATGAGTTTCGTTCCAT-1","0","Rbfox3",0
"ATGATCCGTTAGCAAG-1","0","Rbfox3",0
"ATGATCCGTTCGAGCC-1","0","Rbfox3",1.36870553473165
"ATGATGTTCCCAGTCC-1","7","Rbfox3",0.876274525054935
"ATGATTGCAAGTCGCA-1","7","Rbfox3",0.657954460679603
"ATGATTGCAGTAAGGA-1","6","Rbfox3",0
"ATGCAAGGTTGGCTGC-1","11","Rbfox3",0.970428689693086
"ATGCAAGGTTGGGCAG-1","7","Rbfox3",1.27927517129965
"ATGCAGCTCCAGATTG-1","11","Rbfox3",0
"ATGCAGCTCGCTGACG-1","12","Rbfox3",0
"ATGCCACAGTAGTTAC-1","9","Rbfox3",0
"ATGCCAGCAGTAATGC-1","0","Rbfox3",1.28227877722513
"ATGCCCAGTCAATCTA-1","4","Rbfox3",1.08015868295287
"ATGCCCAGTTCCAGCA-1","0","Rbfox3",1.79705683015357
"ATGCCTAAGGATATGA-1","2","Rbfox3",2.09318291221806
"ATGCCTGGTTGCCTAG-1","3","Rbfox3",0
"ATGCGGTTCCTTGGTT-1","3","Rbfox3",0
"ATGCGGTTCTGGTGAC-1","3","Rbfox3",0
"ATGCTAACAACTGTGG-1","4","Rbfox3",0.729812239621986
"ATGCTAGTCCATAGAT-1","3","Rbfox3",0
"ATGCTCAAGCTAGGGA-1","0","Rbfox3",2.00286504198279
"ATGCTGATCCAGGTCG-1","2","Rbfox3",0.776498269019165
"ATGCTTAGTGCGGTGA-1","8","Rbfox3",2.2754743895163
"ATGGACTCATTCGCTA-1","8","Rbfox3",1.58360033068867
"ATGGAGTAGGAATGTA-1","1","Rbfox3",1.03738400499787
"ATGGCGAAGTCATAGT-1","1","Rbfox3",2.42208074415119
"ATGGCTATCCTCACTG-1","0","Rbfox3",1.44756294517521
"ATGGCTATCTGTCTGT-1","0","Rbfox3",1.72424673944707
"ATGGCTTGTAATGTGG-1","0","Rbfox3",2.10877393835475
"ATGGCTTGTTAGACTC-1","1","Rbfox3",2.02831698764595
"ATGGGATAGTTGGATT-1","9","Rbfox3",0
"ATGGGCAAGCAGGTCT-1","7","Rbfox3",1.79982563420509
"ATGGGCAAGGCTCCTC-1","5","Rbfox3",0.926552214186581
"ATGGGCTTCGATCCTT-1","2","Rbfox3",1.70253232467151
"ATGGGCTTCTATCGGA-1","10","Rbfox3",0
"ATGGGGATCAGCCAAC-1","2","Rbfox3",1.19670712427772
"ATGGGGATCGCGCTTC-1","11","Rbfox3",0
"ATGGGTAGTAGCTGAA-1","5","Rbfox3",0.947897195042191
"ATGGGTAGTCAGTTAC-1","0","Rbfox3",1.75481895374561
"ATGGGTAGTGCGATCC-1","11","Rbfox3",0
"ATGGGTGAGGATCCGT-1","2","Rbfox3",1.69242227936242
"ATGGTAAAGGAACTAA-1","2","Rbfox3",1.7565350202147
"ATGGTAGGTTCGCTAG-1","0","Rbfox3",0
"ATGGTGAGTGAGTGGT-1","6","Rbfox3",0
"ATGGTTACAAGCTGGC-1","3","Rbfox3",0.504194718510062
"ATGGTTACAATTGGAC-1","5","Rbfox3",1.68326094371113
"ATGGTTACACAAGCAT-1","3","Rbfox3",0
"ATGGTTACACCATCTA-1","1","Rbfox3",0.796016458417185
"ATGGTTACATCGCTCG-1","2","Rbfox3",1.31891200648273
"ATGTAGCCAATGCGTG-1","2","Rbfox3",0.953056703076785
"ATGTAGCCACCAACCT-1","0","Rbfox3",0
"ATGTAGCCACCATGTC-1","0","Rbfox3",1.41765816324477
"ATGTAGCCAGGAGCCT-1","0","Rbfox3",1.75061250341533
"ATGTCCTTCCATGCAA-1","14","Rbfox3",0
"ATGTCCTTCCCGCTTA-1","4","Rbfox3",1.04929312953035
"ATGTGAAAGCAATCAT-1","1","Rbfox3",1.67854843687548
"ATGTGAGGTCTTGCTC-1","6","Rbfox3",0
"ATGTGCATCTCACACT-1","7","Rbfox3",2.32748454054026
"ATGTGGGAGCGAAGTG-1","4","Rbfox3",0
"ATGTGGGAGTAGCCCG-1","0","Rbfox3",1.39929640801344
"ATGTGTTAGATAGTTC-1","0","Rbfox3",0
"ATGTGTTAGGAACCTC-1","6","Rbfox3",0
"ATGTGTTAGTTGGGTC-1","6","Rbfox3",0
"ATGTTAGCAACGTGGC-1","2","Rbfox3",1.62637064843476
"ATGTTCCTCTCATCTA-1","13","Rbfox3",2.80141328041454
"ATGTTCTCATGTCGGA-1","0","Rbfox3",3.50554963725861
"ATGTTCTCATTCGGCT-1","8","Rbfox3",1.94112545093198
"ATTAAGCTCACGCTCC-1","0","Rbfox3",1.35831060372315
"ATTAAGCTCCACCAGG-1","7","Rbfox3",1.40702849763023
"ATTACAGCAACTCGCT-1","5","Rbfox3",1.21877258718528
"ATTACTGGTCAGGCTC-1","3","Rbfox3",0
"ATTACTGGTGAGGTAC-1","4","Rbfox3",0.490315494002403
"ATTACTGGTTCCGGGT-1","0","Rbfox3",0
"ATTCAGGTCGATGGCT-1","0","Rbfox3",1.15258828986991
"ATTCAGTAGGGTTGAG-1","10","Rbfox3",0
"ATTCATCCAATCATCT-1","3","Rbfox3",0
"ATTCATGGTAATGGTG-1","0","Rbfox3",0.890932380983486
"ATTCATGGTATGGTCT-1","10","Rbfox3",0
"ATTCATGGTGAAGTGC-1","8","Rbfox3",1.77041569395953
"ATTCATGGTGCGGACA-1","1","Rbfox3",2.32401285607585
"ATTCCATCATCCGCTG-1","10","Rbfox3",0
"ATTCCCACATCACATT-1","2","Rbfox3",2.55924530777171
"ATTCCGCCAAGCTATA-1","2","Rbfox3",1.58275217689907
"ATTCCGGGTCAGCTTG-1","2","Rbfox3",2.11831041057921
"ATTCCTTGTCTAAGCT-1","4","Rbfox3",0.849513504498643
"ATTCGATAGCGCTCAG-1","6","Rbfox3",0
"ATTCGATAGTCAAGCC-1","2","Rbfox3",1.6609657208989
"ATTCGATAGTGAACGG-1","8","Rbfox3",1.94779823749812
"ATTCGCTTCAATCAAC-1","6","Rbfox3",0
"ATTCGCTTCCCGCGTT-1","1","Rbfox3",1.76736073729045
"ATTCGGGCAACTGTGG-1","5","Rbfox3",0
"ATTCGGGCAATCGTAA-1","0","Rbfox3",1.20975537074312
"ATTCGGGCAATTAGGC-1","0","Rbfox3",0
"ATTCGTTCAACTAGGT-1","3","Rbfox3",2.33153014356912
"ATTCGTTCACTTGGTC-1","2","Rbfox3",2.35590580923033
"ATTCGTTCATCGGTCT-1","1","Rbfox3",1.88544235666154
"ATTGAGAAGAATCAGA-1","4","Rbfox3",0
"ATTGAGAAGCCTGCGA-1","2","Rbfox3",1.62410441063977
"ATTGCCCCATGCGTCT-1","5","Rbfox3",2.04644836394959
"ATTGCCTTCAGCTCGG-1","0","Rbfox3",0.785025856692992
"ATTGCCTTCCATGAGC-1","6","Rbfox3",0
"ATTGGATTCACTAACG-1","1","Rbfox3",1.31874479926484
"ATTGGATTCGATCAAT-1","8","Rbfox3",1.50484267150184
"ATTGGCCAGAAGCCCT-1","4","Rbfox3",0.617881008750562
"ATTGGCCAGGCTGTAC-1","8","Rbfox3",1.61473891677557
"ATTGGCCAGTCATACG-1","2","Rbfox3",2.11499149303896
"ATTGGGTCAAGGTACT-1","0","Rbfox3",0
"ATTGTCAGTCCATACG-1","0","Rbfox3",1.07823540807941
"CAAACCATCAGGAGCA-1","2","Rbfox3",2.34478181017887
"CAAACCATCGTTAGCA-1","1","Rbfox3",2.23338932495523
"CAAACCCAGCCAATCA-1","1","Rbfox3",1.72795905416218
"CAAACCGCAACCGTGA-1","0","Rbfox3",1.23251315095604
"CAAACCGCAGGACTGC-1","3","Rbfox3",0
"CAAACCGCATTAGGCG-1","2","Rbfox3",2.04197118176584
"CAAACCTGTATGGCAA-1","2","Rbfox3",1.57491208843651
"CAAACTTAGTCATCAG-1","4","Rbfox3",1.96162440461267
"CAAAGCCTCCCCTTAG-1","10","Rbfox3",0
"CAAAGCCTCGTGCAAC-1","4","Rbfox3",0
"CAAAGCGAGCTAACCA-1","2","Rbfox3",1.18570258565342
"CAAAGCGAGCTGGAAG-1","11","Rbfox3",0
"CAAAGCTCAACTACTT-1","1","Rbfox3",2.27515900418814
"CAAAGCTCAATGTCGG-1","2","Rbfox3",1.85114573209073
"CAAAGCTCACCTTGAC-1","0","Rbfox3",2.02025167330389
"CAAAGGCGTGGGTTGG-1","0","Rbfox3",1.41117602749663
"CAAAGGGTCACTCATC-1","0","Rbfox3",1.86189021015484
"CAAAGGGTCCACCTGC-1","5","Rbfox3",2.60462085903904
"CAAAGGGTCGCTCTAT-1","2","Rbfox3",1.93577895393732
"CAAAGGTAGCAAGGCA-1","12","Rbfox3",0
"CAAAGGTAGGTAAGGT-1","5","Rbfox3",1.59227462818488
"CAAAGGTAGGTAGCCT-1","1","Rbfox3",1.78244552421917
"CAAAGGTAGTCGAGTC-1","2","Rbfox3",2.25045501321866
"CAAAGGTAGTGCTTGA-1","7","Rbfox3",1.62686313299201
"CAAAGTAAGTAATCGT-1","7","Rbfox3",1.29918602266025
"CAAATCACAAACTAGC-1","4","Rbfox3",0.625645238495906
"CAAATCACAACTGTCC-1","4","Rbfox3",1.1428605175687
"CAAATCACAATACGGT-1","2","Rbfox3",1.6827258250093
"CAAATCCGTAGTGCCC-1","5","Rbfox3",1.5199652778558
"CAAATCCGTCATGGCC-1","2","Rbfox3",1.9293796793975
"CAAATGAAGAACCTTG-1","4","Rbfox3",0.908148767898997
"CAAATGTTCCCCAGAG-1","6","Rbfox3",0
"CAAATTCAGTAGTTAC-1","0","Rbfox3",1.35148079565799
"CAACAGTCACTATCTG-1","0","Rbfox3",0.645978488202773
"CAACAGTCAGGTAGGG-1","0","Rbfox3",1.40778578853744
"CAACAGTCATAAGCCG-1","1","Rbfox3",1.31821006104027
"CAACAGTCATGAGCGC-1","9","Rbfox3",0
"CAACCAGCAAGCGAGG-1","0","Rbfox3",1.70024234030123
"CAACCCAGTAGTGTGA-1","5","Rbfox3",1.4337044869163
"CAACCCAGTTTAGCCG-1","0","Rbfox3",0
"CAACCCAGTTTCGCCT-1","2","Rbfox3",2.48268207696337
"CAACCCTCATTACGTT-1","0","Rbfox3",1.53985166233674
"CAACGAAGTGGGTTGG-1","3","Rbfox3",0
"CAACGATCAACTGCGA-1","0","Rbfox3",1.52194980347213
"CAACGATCAAGCTAGT-1","5","Rbfox3",1.07238383111739
"CAACGATCAGCCTACT-1","6","Rbfox3",0
"CAACGATCATGGCGTA-1","0","Rbfox3",1.65249794084751
"CAACTAGTCTATCCAC-1","0","Rbfox3",1.5630478592151
"CAACTCCCAGGCTATG-1","4","Rbfox3",0.874288209707399
"CAACTGATCCCAGGTG-1","4","Rbfox3",1.06560258711581
"CAACTGATCGACCAAC-1","10","Rbfox3",0
"CAAGACAGTTTGACCG-1","1","Rbfox3",1.20528885527339
"CAAGACTCAGGCAAGG-1","4","Rbfox3",0.436192579402778
"CAAGACTCATCCATAT-1","2","Rbfox3",2.43992681040002
"CAAGCATCAAACTGAC-1","1","Rbfox3",1.8041049807576
"CAAGCATCAAGCTCTC-1","3","Rbfox3",0
"CAAGCATCAAGCTGCA-1","1","Rbfox3",1.27433534154027
"CAAGCATCAATAGCGT-1","0","Rbfox3",1.43103439951503
"CAAGCATCATCATCAT-1","5","Rbfox3",0
"CAAGCATCATGCTGTC-1","4","Rbfox3",0.531081588249765
"CAAGCGAAGATAGTTC-1","0","Rbfox3",0
"CAAGCGAAGGTGGAGC-1","1","Rbfox3",1.3037610757724
"CAAGCGCCAATTGCCC-1","8","Rbfox3",2.12639852476761
"CAAGCTATCATGAGCC-1","7","Rbfox3",1.13366970155389
"CAAGCTCAGAACGAAC-1","0","Rbfox3",0.815962939470939
"CAAGCTCAGCAGGTCT-1","4","Rbfox3",1.79919382490398
"CAAGCTCAGCCGACCA-1","1","Rbfox3",1.12977888090653
"CAAGCTGCAAATGAGG-1","8","Rbfox3",1.95739757888473
"CAAGCTGCAATCGACG-1","2","Rbfox3",1.94647362596767
"CAAGCTGCATAAGCGT-1","9","Rbfox3",0
"CAAGGATAGGTACGCT-1","9","Rbfox3",0
"CAAGGATAGTGCCCAG-1","5","Rbfox3",1.76164182994786
"CAAGGCAAGCCTCTCA-1","9","Rbfox3",0
"CAAGGGATCGCTGATA-1","2","Rbfox3",2.33405124906741
"CAAGGGGCAAATGGAG-1","5","Rbfox3",0
"CAAGGGGCATAGATGC-1","0","Rbfox3",0.73182208805007
"CAAGGTAGTTAGTAGG-1","8","Rbfox3",2.02617426230787
"CAAGGTAGTTTGGAAG-1","9","Rbfox3",0
"CAAGTAGGTGAGTATG-1","3","Rbfox3",0
"CAAGTAGGTTCCGCAA-1","7","Rbfox3",0.675477758366298
"CAAGTCGCAAGCTAGT-1","3","Rbfox3",0
"CAAGTCGCACTAGCTC-1","7","Rbfox3",0.911072680526389
"CAAGTTACAATCTGCC-1","8","Rbfox3",1.42546873948763
"CAAGTTACATGGTCGA-1","0","Rbfox3",1.30332145232702
"CAAGTTTAGCATAGGG-1","0","Rbfox3",1.02267636294723
"CAAGTTTAGCTTAGAT-1","0","Rbfox3",0.711172163396812
"CAATAGCCAACGGCTA-1","4","Rbfox3",1.27054347247737
"CAATATCAGGTACACC-1","2","Rbfox3",2.40611750073891
"CAATCATAGTAAGGGT-1","3","Rbfox3",0
"CAATCATAGTCGATCA-1","3","Rbfox3",0
"CAATCCTTCTAGTAAC-1","0","Rbfox3",0
"CAATCGATCTGTGCGG-1","1","Rbfox3",1.15206977988174
"CAATCTTCACCTAACC-1","1","Rbfox3",0.954986626856682
"CAATCTTCATCGGGAC-1","0","Rbfox3",1.70042526017336
"CAATGCATCATGGTCA-1","6","Rbfox3",0
"CAATGCATCGCGCATG-1","7","Rbfox3",0
"CAATGCATCGTGCCTC-1","3","Rbfox3",0
"CAATGGCTCCCCAATT-1","4","Rbfox3",0.768565875749488
"CAATGGGAGGCGTTAC-1","1","Rbfox3",1.86401676145941
"CAATGGGAGGTGATCC-1","1","Rbfox3",0.726212381168574
"CAATTAGCAACTCGGA-1","0","Rbfox3",0
"CAATTAGCAATGACAC-1","2","Rbfox3",2.17370144078554
"CAATTAGCAGGAAGTA-1","6","Rbfox3",0
"CAATTCCTCAATCGCA-1","5","Rbfox3",1.14086426538703
"CACAAGCTCACAGGAG-1","6","Rbfox3",0
"CACAAGCTCCCGCAAG-1","0","Rbfox3",0.633406185203762
"CACAAGTCACTTCAGC-1","8","Rbfox3",0.930750873399595
"CACAATTAGCGAGGAC-1","6","Rbfox3",0
"CACACAGCAGCTATGG-1","13","Rbfox3",1.03667880338413
"CACACAGCAGCTCGAA-1","9","Rbfox3",0
"CACACCTCAATAGCGT-1","10","Rbfox3",0
"CACACTAAGGCGTCTG-1","0","Rbfox3",0
"CACACTAAGGCTGTAC-1","11","Rbfox3",0
"CACATAACACAGGATT-1","8","Rbfox3",1.76397536465063
"CACATAGTCCTCATAC-1","0","Rbfox3",1.46004410292767
"CACATCAAGGAGTAAC-1","2","Rbfox3",1.32195020593735
"CACATCAAGGTTGGTC-1","0","Rbfox3",1.47183121076425
"CACATTAGTAGCTAGA-1","2","Rbfox3",1.99651460118209
"CACATTAGTCATTGGT-1","1","Rbfox3",2.03555801557115
"CACATTAGTCTGGTCA-1","4","Rbfox3",1.3656134092401
"CACATTAGTTGCGGTC-1","0","Rbfox3",0.996081200928622
"CACATTGAGGTGCTCG-1","6","Rbfox3",0
"CACATTGAGTTAATGC-1","1","Rbfox3",1.16483559867603
"CACATTTCATAAGGAG-1","4","Rbfox3",0.799808534293852
"CACATTTCATTAGCGG-1","14","Rbfox3",0
"CACCAGTAGTTGGTAT-1","1","Rbfox3",1.53172380021252
"CACCATAAGGCATCCG-1","0","Rbfox3",0
"CACCCAAGTTTCGGTG-1","2","Rbfox3",2.11659566881349
"CACCCATCATGACCGA-1","8","Rbfox3",0.989186682169348
"CACCCGTTCTATGGTG-1","0","Rbfox3",0
"CACCCTGCAATAGGGA-1","0","Rbfox3",0
"CACCCTTGTCTGTGTG-1","0","Rbfox3",1.3296808648474
"CACCGAACAATGCCCT-1","7","Rbfox3",1.83341406717909
"CACCGAACATAGGCTG-1","8","Rbfox3",1.49860472061541
"CACCGATAGATAGGCG-1","0","Rbfox3",0.824570871281023
"CACCGATAGGCGTACT-1","8","Rbfox3",1.23010847609754
"CACCGCAAGTAATGTC-1","1","Rbfox3",1.90521073610303
"CACCGCTTCACACCAA-1","4","Rbfox3",0.494996134533
"CACCGTAGTAAGTGGC-1","0","Rbfox3",0.592916767006069
"CACCGTAGTCAGTCGC-1","0","Rbfox3",1.37536962250341
"CACCGTTCAAGCACTG-1","3","Rbfox3",0
"CACCGTTCATGCTCAC-1","0","Rbfox3",0.759770652628877
"CACCTATTCGCTCAGG-1","9","Rbfox3",0
"CACCTCTGTAGGTGTA-1","1","Rbfox3",1.85150775541929
"CACCTCTGTGAACGTA-1","6","Rbfox3",0
"CACCTGCTCTCATGCT-1","0","Rbfox3",0.648603089692446
"CACGAAAGTTGCGGTC-1","4","Rbfox3",0.839078377784255
"CACGACCGTTTCGGTG-1","7","Rbfox3",1.05740987409559
"CACGACCGTTTGACGT-1","0","Rbfox3",0
"CACGACTAGCCAGGAA-1","2","Rbfox3",1.45345814135185
"CACGACTAGCCTCTAT-1","15","Rbfox3",1.43687506338679
"CACGACTAGTTAACCG-1","2","Rbfox3",1.96619578950267
"CACGAGGGTCTTGAAC-1","4","Rbfox3",0.893781766465698
"CACGATGCAATTGGCG-1","2","Rbfox3",1.40117694408705
"CACGATGCACCTGCTG-1","0","Rbfox3",0.941269260799731
"CACGCAACACAACCGA-1","0","Rbfox3",0
"CACGCAACACATAGTA-1","5","Rbfox3",0.64984713498533
"CACGCAACACTATGCC-1","0","Rbfox3",0.52064135323689
"CACGCAACAGTACCAG-1","7","Rbfox3",0.851356447369256
"CACGCCAAGCGACTAC-1","0","Rbfox3",0
"CACGCCAAGTAATGGA-1","6","Rbfox3",0
"CACGCCAAGTAGACTT-1","7","Rbfox3",1.71044967109536
"CACGCTAGTAATCCCG-1","16","Rbfox3",0
"CACGCTAGTTATCACA-1","10","Rbfox3",1.42313300341478
"CACGGCTGTAGCCTGC-1","4","Rbfox3",0.571181037663911
"CACGGGTCAATCATAG-1","1","Rbfox3",1.5813472043664
"CACGGTTAGTACGCTA-1","7","Rbfox3",1.98005916726575
"CACGGTTAGTGCCTGG-1","5","Rbfox3",2.45736294507904
"CACGTATGTAACGAGC-1","0","Rbfox3",0
"CACGTATGTGAACTGA-1","1","Rbfox3",0.495271362267797
"CACGTATGTGATGAAT-1","1","Rbfox3",2.0296032287198
"CACGTTGGTGCAAGCG-1","3","Rbfox3",0
"CACGTTGGTTAGTAGG-1","3","Rbfox3",0
"CACTAACGTAGCGAGT-1","6","Rbfox3",0
"CACTACAAGCGCCAAT-1","8","Rbfox3",1.45308150913343
"CACTACAAGGCACAGA-1","3","Rbfox3",0
"CACTACCCAAGGGATA-1","15","Rbfox3",1.17237513571055
"CACTACCCACCATGAG-1","11","Rbfox3",0
"CACTACTTCGACCATA-1","1","Rbfox3",1.42979231952977
"CACTACTTCTATCACC-1","0","Rbfox3",0
"CACTATGAGGTACAGG-1","6","Rbfox3",0
"CACTCAAAGATTGCCA-1","0","Rbfox3",1.24654790809193
"CACTCAAAGGTCGATC-1","6","Rbfox3",0
"CACTCCATCAGTAGTT-1","2","Rbfox3",0
"CACTCCATCGCGCAAT-1","13","Rbfox3",0
"CACTCCATCTAGTAAC-1","0","Rbfox3",1.15896354452784
"CACTCCGCAACCGTCT-1","0","Rbfox3",1.47981436173691
"CACTGCCTCCCCTTGA-1","0","Rbfox3",0.782376143562508
"CACTGGACACATGCTC-1","4","Rbfox3",0.817196142140557
"CACTGGACAGGCAGAG-1","11","Rbfox3",0
"CACTGGACAGGGCAGA-1","1","Rbfox3",1.69141034761881
"CACTGGACATCCTTAG-1","0","Rbfox3",1.73339425326688
"CACTTAGAGTTAATGC-1","8","Rbfox3",2.0549810588936
"CACTTCACACAAGCAT-1","11","Rbfox3",0
"CAGCAAAGTATTGGCT-1","2","Rbfox3",1.67061958112984
"CAGCAAAGTCAAGGCG-1","2","Rbfox3",1.62617922418319
"CAGCACTAGCAATGAA-1","3","Rbfox3",0
"CAGCATATCGATTAAC-1","10","Rbfox3",0
"CAGCATTGTCCCGAGT-1","3","Rbfox3",0
"CAGCCATAGGAGTAAC-1","9","Rbfox3",0
"CAGCCTAGTAGCCATT-1","5","Rbfox3",1.62321094339707
"CAGCCTAGTTGCTCCT-1","7","Rbfox3",1.58083620284362
"CAGCGAGGTTAATTCG-1","8","Rbfox3",1.44466720250658
"CAGCGAGGTTGTCACG-1","4","Rbfox3",0.848901067143419
"CAGCGGTCAAGTTACA-1","1","Rbfox3",1.02628192757566
"CAGCGGTCACTTGGGA-1","4","Rbfox3",1.1294481032945
"CAGCTAATCTGTAACG-1","4","Rbfox3",1.0808443265844
"CAGGAGGCAACCGGAC-1","2","Rbfox3",1.65409187902948
"CAGGATAGTCAGCTTG-1","5","Rbfox3",0.764770485520289
"CAGGATAGTCATGGAA-1","8","Rbfox3",1.66165694123613
"CAGGCCATCATGTCCT-1","4","Rbfox3",1.5551907939815
"CAGGCCATCCTCAGTT-1","4","Rbfox3",1.78520631147058
"CAGGCGAGTGAGGAAG-1","3","Rbfox3",0
"CAGGCGAGTTGGAGCG-1","2","Rbfox3",2.02785304092063
"CAGGCGAGTTTGGGAA-1","0","Rbfox3",1.48825403874962
"CAGGCTTAGATAGCCC-1","1","Rbfox3",2.11841770637128
"CAGGGATGTCCATATA-1","1","Rbfox3",1.45725813051501
"CAGGGATGTGAGCCCT-1","0","Rbfox3",0
"CAGGGCTCAAACCCAG-1","5","Rbfox3",1.70615679695467
"CAGGGCTCAAATGGCT-1","0","Rbfox3",1.57854159070319
"CAGGGCTCAGCCAATG-1","2","Rbfox3",2.20772273519066
"CAGGGGACACGCCATT-1","2","Rbfox3",1.34570908100481
"CAGGGGACAGGTAATC-1","1","Rbfox3",1.26056744404993
"CAGGGGTAGCAAGCTC-1","10","Rbfox3",0
"CAGGTGAAGTAGGACG-1","4","Rbfox3",0.634320100743818
"CAGTAAGGTATAGTCC-1","4","Rbfox3",0.687397189502
"CAGTACGCATCGCGTT-1","1","Rbfox3",1.9480274199031
"CAGTACGCATGATCCC-1","5","Rbfox3",1.25598658244779
"CAGTACGCATGTCGTC-1","0","Rbfox3",0
"CAGTAGGAGGGTGAAT-1","2","Rbfox3",1.47140024039529
"CAGTAGGAGTAGGCAG-1","2","Rbfox3",0
"CAGTAGGAGTATCTGG-1","7","Rbfox3",2.21724144582638
"CAGTAGGAGTGGCCTG-1","9","Rbfox3",0
"CAGTAGTCACTTGCTA-1","1","Rbfox3",1.6746899999433
"CAGTAGTCATCACGCT-1","1","Rbfox3",1.1219918671584
"CAGTATTAGCATGCGT-1","0","Rbfox3",0.944234683245289
"CAGTATTAGCTTAACG-1","5","Rbfox3",2.11525099437655
"CAGTCAATCACTTCCG-1","7","Rbfox3",1.89874621673644
"CAGTCAATCGATCACA-1","4","Rbfox3",1.30748695630875
"CAGTCAATCGATTGGC-1","0","Rbfox3",0.582432842808156
"CAGTCCCTCCGCACCT-1","6","Rbfox3",0
"CAGTCCCTCCTTCAGT-1","0","Rbfox3",1.58345672025256
"CAGTCCCTCGAAGTCC-1","5","Rbfox3",1.60847860306323
"CAGTCCTCATGACGTG-1","0","Rbfox3",0
"CAGTGTTGTTCTGGTG-1","2","Rbfox3",1.33902331277977
"CAGTTAACACCTTGGT-1","11","Rbfox3",0
"CAGTTAACAGGTTCCT-1","10","Rbfox3",0
"CAGTTAACATGACGTG-1","6","Rbfox3",0
"CAGTTACGTCTAGCGC-1","0","Rbfox3",0
"CAGTTAGTCGACCTAA-1","0","Rbfox3",1.19250717142989
"CAGTTATAGGTCACAC-1","0","Rbfox3",1.84882702090996
"CAGTTATAGTCGAGTC-1","0","Rbfox3",0
"CAGTTTAGTAACGCAA-1","3","Rbfox3",0
"CAGTTTAGTAGTAACG-1","12","Rbfox3",0
"CAGTTTAGTATGGACA-1","4","Rbfox3",1.17816368595162
"CAGTTTAGTCTTACCC-1","2","Rbfox3",1.97956604818547
"CAGTTTAGTGGCCAGA-1","8","Rbfox3",2.03387332734529
"CAGTTTAGTTCGTGAT-1","11","Rbfox3",0
"CAGTTTGAGCCACACG-1","3","Rbfox3",1.68415373591483
"CAGTTTGAGCGGTACT-1","2","Rbfox3",1.89409452062965
"CAGTTTGAGTTACCAG-1","0","Rbfox3",0.57872376662217
"CATAAGCCAAGCTGTG-1","11","Rbfox3",0
"CATAAGCCACTAGGCA-1","11","Rbfox3",1.35866849729655
"CATAAGGGTGCGTAGG-1","0","Rbfox3",0
"CATACAACAAGCTAAC-1","1","Rbfox3",1.67648817962451
"CATACCAAGCTAGTGC-1","2","Rbfox3",0.79815952275057
"CATACCAAGCTGGGTT-1","0","Rbfox3",1.36548923081856
"CATACCAAGGCACATC-1","0","Rbfox3",1.77508109139388
"CATACCTTCAGCTCAA-1","0","Rbfox3",1.68016304684143
"CATACTGAGTAATTGC-1","3","Rbfox3",0
"CATACTTCAAACTGAC-1","5","Rbfox3",1.83490568878249
"CATAGAGGTCTAGCTG-1","5","Rbfox3",1.47685223152808
"CATAGAGGTGAGAGTC-1","0","Rbfox3",0
"CATAGAGGTTTGCCTC-1","2","Rbfox3",1.09621803373346
"CATAGATTCATGCCAA-1","1","Rbfox3",0.567451805056141
"CATAGATTCGATCACA-1","4","Rbfox3",1.70894519794595
"CATAGGCTCAGTGCTA-1","7","Rbfox3",1.58542896610621
"CATAGGTCAAGCACAT-1","7","Rbfox3",1.56250123311979
"CATAGTTAGCTTAACG-1","2","Rbfox3",1.89495848253636
"CATAGTTAGGTATATC-1","0","Rbfox3",0
"CATAGTTAGTTAGCAT-1","0","Rbfox3",0.609833144556316
"CATATCCTCGCTCAGG-1","4","Rbfox3",1.02067377478929
"CATATCTCAAATCGAC-1","3","Rbfox3",0
"CATATCTCAGGGCTTA-1","2","Rbfox3",0.855223264956683
"CATATGGTCGACATAT-1","6","Rbfox3",0
"CATATTCCAATGCCGA-1","13","Rbfox3",0
"CATATTGGTTCTGTCC-1","7","Rbfox3",2.23988797976781
"CATCAATAGTCGAGAG-1","10","Rbfox3",0
"CATCACAAGCAGGTCT-1","3","Rbfox3",0
"CATCACTTCCGTGCGA-1","10","Rbfox3",0
"CATCAGGCAACTGGGC-1","3","Rbfox3",0
"CATCAGGCAGTTAGTA-1","0","Rbfox3",1.93908418398491
"CATCATTCAATAGTGC-1","3","Rbfox3",0
"CATCCAAAGCAAGGAT-1","0","Rbfox3",0
"CATCCAAAGGTTCGAC-1","3","Rbfox3",0
"CATCCACCAAATGGGA-1","6","Rbfox3",0
"CATCCAGGTTGAGTTC-1","7","Rbfox3",1.36500311544696
"CATCCCATCCAGGGTT-1","7","Rbfox3",1.946295962555
"CATCCGCTCCATAGCA-1","3","Rbfox3",0
"CATCCGGAGTACGGAG-1","9","Rbfox3",0
"CATCGTCCAAGCTCCT-1","0","Rbfox3",0
"CATCGTCCACCAACCT-1","12","Rbfox3",0
"CATCGTCCACTTGGAG-1","2","Rbfox3",1.9734956971021
"CATCGTTTCCGCCATC-1","1","Rbfox3",1.80855218012457
"CATCTAAGTAGCGATA-1","0","Rbfox3",1.15407260179942
"CATCTCACAAGTGAGA-1","2","Rbfox3",1.48896246831141
"CATCTTGCAACCAACG-1","2","Rbfox3",2.05645202345514
"CATCTTGCATCCACAC-1","1","Rbfox3",0.834477892848759
"CATGAAGGTTGGTAGA-1","2","Rbfox3",1.60922461322783
"CATGATTAGCTGGAAG-1","7","Rbfox3",0.667381479127859
"CATGCCAGTTCCCAAG-1","0","Rbfox3",1.40395083198397
"CATGCCTCAACATGGT-1","9","Rbfox3",0
"CATGCGCGTAGTTGGA-1","0","Rbfox3",1.44623749548403
"CATGCGCGTGAGTTAG-1","3","Rbfox3",0
"CATGCGCGTTTCCTTG-1","7","Rbfox3",2.27605664739401
"CATGCTGGTAACCGAA-1","7","Rbfox3",1.652793675001
"CATGCTGGTCTGGTCA-1","8","Rbfox3",1.73117260578418
"CATGCTGGTGGACACG-1","1","Rbfox3",0.963208326698806
"CATGGGTTCCTTAACC-1","4","Rbfox3",0.772306973032339
"CATGGTTGTTAAGGTG-1","4","Rbfox3",1.30689704829606
"CATGTCAAGTACCACA-1","1","Rbfox3",1.40538126076137
"CATGTTAGTAACGAGC-1","0","Rbfox3",0.67505154134594
"CATGTTAGTTATGGCT-1","2","Rbfox3",2.22821584453596
"CATGTTGAGGTGAGCA-1","0","Rbfox3",1.52444614822839
"CATGTTGAGTAAGGTA-1","5","Rbfox3",1.56429189394366
"CATTAACAGGATTGCC-1","11","Rbfox3",0
"CATTACCTCCTGATAG-1","0","Rbfox3",1.0851296773289
"CATTACCTCCTGCACC-1","1","Rbfox3",0.568412604667937
"CATTACCTCTATGGGC-1","1","Rbfox3",1.68752105384193
"CATTACTCATAGGTCG-1","3","Rbfox3",0
"CATTAGGTCCTTAGCT-1","0","Rbfox3",1.45456844204131
"CATTAGGTCGCGCTTC-1","2","Rbfox3",2.09318291221806
"CATTAGTAGCGCATAC-1","3","Rbfox3",0
"CATTCAAGTTAATCTG-1","8","Rbfox3",1.57476023885181
"CATTCAAGTTCGCGTA-1","0","Rbfox3",0
"CATTCGAAGCCCGTAG-1","5","Rbfox3",1.41777666095699
"CATTCGTTCATCACGA-1","3","Rbfox3",0
"CATTCGTTCGCTATGA-1","1","Rbfox3",1.36373798211223
"CATTCTATCACCATGA-1","0","Rbfox3",2.01106836878836
"CATTCTATCAGCATAT-1","11","Rbfox3",0
"CATTCTATCTATCTGC-1","0","Rbfox3",0.974211095169248
"CATTGCTTCGAAGCCT-1","1","Rbfox3",1.42094511729148
"CATTGGGCACTTAGCC-1","6","Rbfox3",1.46505633091344
"CATTGGGCATAGACAC-1","0","Rbfox3",0
"CATTGGGCATCCTTAG-1","6","Rbfox3",0
"CATTGTGAGCCGCGTA-1","7","Rbfox3",2.65093966737048
"CATTGTGAGGCACTCG-1","6","Rbfox3",0
"CATTTAGGTTGGATAG-1","3","Rbfox3",0
"CATTTCATCGATAGCC-1","1","Rbfox3",2.0324022480863
"CATTTCGCACCTCGCA-1","5","Rbfox3",0.706509953989306
"CATTTGAGTAAGCGTA-1","6","Rbfox3",0
"CATTTGAGTATTGCTA-1","0","Rbfox3",0
"CATTTGCTCATGTCGA-1","1","Rbfox3",2.62972916222918
"CATTTGCTCCGCCACT-1","2","Rbfox3",1.3503501497248
"CATTTGCTCCGTAGGT-1","1","Rbfox3",1.8756977577688
"CATTTGGAGCCACACG-1","0","Rbfox3",0
"CATTTGGAGTTAATGC-1","4","Rbfox3",0.604511512895858
"CCAAAGTCATGGTCGA-1","0","Rbfox3",1.06033102274379
"CCAAATGTCCGCCATC-1","3","Rbfox3",0
"CCAAGGGGTTCGTCCT-1","2","Rbfox3",1.50330009397771
"CCAAGGTTCCGCAACG-1","3","Rbfox3",0
"CCAAGTCAGTGTCCTT-1","8","Rbfox3",2.24375371485314
"CCAATAGTCACGGACT-1","1","Rbfox3",2.08893461060126
"CCAATAGTCCTCGTGC-1","3","Rbfox3",0
"CCAATATAGGAGGATT-1","0","Rbfox3",1.51215242451095
"CCAATCAAGCTACCGG-1","0","Rbfox3",0
"CCAATCCCACAGCGAC-1","0","Rbfox3",1.51843218067683
"CCAATCCCACTAGCTC-1","4","Rbfox3",0.645589928030897
"CCAATTAGTATGTACC-1","2","Rbfox3",2.38374349797674
"CCAATTAGTGGAGCAT-1","5","Rbfox3",0
"CCAATTAGTTCGTCAG-1","1","Rbfox3",0.725680180668307
"CCAATTGAGCAAGCCT-1","1","Rbfox3",0.870102257360332
"CCAATTGAGCTACCTT-1","2","Rbfox3",1.1834186486677
"CCAATTGAGGTACTGC-1","9","Rbfox3",0
"CCAATTGAGTGATTCG-1","0","Rbfox3",0
"CCAATTTCAATACATG-1","0","Rbfox3",1.56598758786498
"CCAATTTCACCTATGC-1","2","Rbfox3",0.607921511545942
"CCAATTTCACCTTACA-1","0","Rbfox3",1.42221711647051
"CCACAACAGAAGCAAC-1","5","Rbfox3",1.27054347247737
"CCACAACAGGTTGGGA-1","0","Rbfox3",0.754301603713276
"CCACAGACACATATAG-1","5","Rbfox3",1.94337728899365
"CCACAGACATCCTTGA-1","0","Rbfox3",0
"CCACAGACATGATATG-1","0","Rbfox3",1.79370656449982
"CCACATAAGAAGGTGT-1","4","Rbfox3",0.523148857480103
"CCACATGGTGGCTAGG-1","0","Rbfox3",0
"CCACATGGTTGCCTGA-1","0","Rbfox3",0.686121969853126
"CCACCATCAACATGGT-1","8","Rbfox3",1.78864128771806
"CCACCGTTCTCACAGA-1","3","Rbfox3",0
"CCACCTCAGCGCTCGA-1","5","Rbfox3",2.31594599675895
"CCACCTCAGTAGAGCG-1","1","Rbfox3",1.5573556218717
"CCACCTGCAACATGAC-1","0","Rbfox3",2.01604911697078
"CCACCTGCACCTAATT-1","0","Rbfox3",0.567154303556804
"CCACCTTGTGAAGTCA-1","2","Rbfox3",1.16747231980682
"CCACGAACAGGCTATG-1","0","Rbfox3",0
"CCACGAACATCGAACG-1","7","Rbfox3",1.68018334871031
"CCACGCAAGATTAGGA-1","3","Rbfox3",0
"CCACGCAAGATTCAAC-1","0","Rbfox3",1.36797774859458
"CCACGTAGTAACCCTG-1","8","Rbfox3",1.28586639572104
"CCACGTTCATAGGCCA-1","8","Rbfox3",1.21381535711746
"CCACTAAAGGTCAACC-1","4","Rbfox3",0.452817849928369
"CCACTAAAGGTCATAT-1","8","Rbfox3",2.21772391012149
"CCACTAAAGGTGAGGC-1","13","Rbfox3",0
"CCACTAAAGTCGCGCA-1","0","Rbfox3",0.997267398218852
"CCACTATTCAATGTGT-1","4","Rbfox3",0.613286098862597
"CCACTCGCAACCTCGT-1","0","Rbfox3",1.72587145981105
"CCACTCGCACCACACT-1","1","Rbfox3",1.74270614009915
"CCACTCGCATTCCTTC-1","4","Rbfox3",1.17468913201792
"CCACTTACAGCAGTAT-1","11","Rbfox3",0
"CCAGAATCAAACCATA-1","8","Rbfox3",1.72880552249059
"CCAGAATCACCACATC-1","9","Rbfox3",0
"CCAGAATCATCGTTGC-1","13","Rbfox3",0
"CCAGACCGTGAGTTAG-1","0","Rbfox3",2.0704520654552
"CCAGACCGTGATAGAT-1","0","Rbfox3",0
"CCAGAGAAGTCGAACC-1","0","Rbfox3",0
"CCAGAGGGTTGGTTCG-1","3","Rbfox3",0
"CCAGATTGTTCCCGTT-1","1","Rbfox3",1.61243128648877
"CCAGATTGTTCGAGCC-1","0","Rbfox3",0.874804273883685
"CCAGCCAAGGCGCTTG-1","1","Rbfox3",1.59959109262016
"CCAGCCTTCCCGCTTA-1","4","Rbfox3",1.12737381579547
"CCAGCCTTCCTTCGTG-1","1","Rbfox3",1.79623775705275
"CCAGCCTTCGTGCGTG-1","0","Rbfox3",1.2432030047402
"CCAGCTAGTTCGGTCA-1","11","Rbfox3",0
"CCAGCTAGTTCTGGGC-1","0","Rbfox3",1.89473439534866
"CCAGCTAGTTGACGAA-1","10","Rbfox3",0
"CCAGCTAGTTTGGCTG-1","0","Rbfox3",1.83845369408867
"CCAGGCATCCGGTAAC-1","10","Rbfox3",0
"CCAGGCATCCTCATTA-1","1","Rbfox3",2.11695259798263
"CCAGGTTAGCCTACCC-1","1","Rbfox3",1.953837580277
"CCAGTATGTGGCCATC-1","0","Rbfox3",1.51654177359612
"CCAGTCCTCCGTGCAG-1","7","Rbfox3",1.75740989001155
"CCAGTTAAGCGACTAC-1","1","Rbfox3",1.8881225220292
"CCAGTTAAGGTCGAGA-1","12","Rbfox3",0
"CCAGTTGGTGGCTCGT-1","0","Rbfox3",0
"CCATAACGTCATGTCG-1","6","Rbfox3",0
"CCATAAGTCCGTTAGA-1","8","Rbfox3",0
"CCATAATAGGATTGAA-1","5","Rbfox3",0.851048702025144
"CCATAATAGTGCCGTG-1","0","Rbfox3",1.6827258250093
"CCATACTTCCTGTGAA-1","3","Rbfox3",0
"CCATACTTCTAGTCTC-1","2","Rbfox3",2.19296925176608
"CCATCAGGTGAAGTCA-1","5","Rbfox3",0.906386431239243
"CCATCCTGTGCAGCCT-1","2","Rbfox3",2.44918944147955
"CCATCCTGTTCGAGTT-1","2","Rbfox3",2.33816458079321
"CCATCCTGTTGTCAGT-1","0","Rbfox3",1.50040652948425
"CCATCGCTCCCCAAGG-1","4","Rbfox3",1.10186729666978
"CCATCGCTCGATTAAC-1","0","Rbfox3",1.51982575374441
"CCATCTTAGCTACTGA-1","6","Rbfox3",0
"CCATCTTAGGTAGCAG-1","2","Rbfox3",1.48204514958969
"CCATGGGTCAGGTAGG-1","4","Rbfox3",2.02172803484756
"CCATGTCCAGGACACC-1","5","Rbfox3",1.14693739710491
"CCATTAGAGCCAATCA-1","0","Rbfox3",0.766123663244379
"CCATTAGAGCTATACG-1","5","Rbfox3",0
"CCATTAGAGGTTAGTT-1","0","Rbfox3",0.910007115552978
"CCATTGAAGCATCACA-1","2","Rbfox3",2.19601660099357
"CCATTGAAGCTACTGA-1","0","Rbfox3",1.47537638654094
"CCATTGAAGGTTCCTT-1","0","Rbfox3",0.746805279567095
"CCATTTGCAATCCTTG-1","5","Rbfox3",1.45126433435574
"CCCAAATGTTGTCACG-1","0","Rbfox3",0.96426140763678
"CCCAACCTCCCCATTG-1","10","Rbfox3",1.68299333222804
"CCCAATCCAGGACATT-1","5","Rbfox3",0
"CCCAATCCATTGACGG-1","5","Rbfox3",1.13309846473928
"CCCAATTTCCTGATTC-1","0","Rbfox3",0.886044594398445
"CCCACGTTCGTGCTAA-1","16","Rbfox3",0
"CCCACTATCACTGGGT-1","0","Rbfox3",0
"CCCACTTGTAAGGTGC-1","0","Rbfox3",2.02915279914333
"CCCACTTGTTGGATGA-1","11","Rbfox3",1.37544326988424
"CCCAGTGAGGCACTGT-1","2","Rbfox3",1.68791618173912
"CCCATAGGTCTGGTAT-1","14","Rbfox3",0
"CCCATAGGTCTGTGTG-1","0","Rbfox3",1.23622668766573
"CCCATAGGTTTGCCAG-1","0","Rbfox3",0.582432842808156
"CCCATATTCCTCTCAG-1","2","Rbfox3",2.14960885591511
"CCCATATTCGTTGCTT-1","10","Rbfox3",0
"CCCATATTCTGGTAAT-1","0","Rbfox3",0.445171693598706
"CCCATCGCAAACCCAG-1","0","Rbfox3",0
"CCCATCGCATCACATT-1","3","Rbfox3",0
"CCCATCTGTATGGCAA-1","9","Rbfox3",0
"CCCATCTGTTGGAGAC-1","2","Rbfox3",0.919331483264979
"CCCATGCTCTCACATC-1","1","Rbfox3",0
"CCCATTGTCGTACAGC-1","3","Rbfox3",0
"CCCATTTAGAAGCGAT-1","3","Rbfox3",0
"CCCGAACGTGATGACA-1","0","Rbfox3",0.766000439662335
"CCCGAATAGCCTCTGC-1","0","Rbfox3",1.65392092078331
"CCCGAATAGGGGATTG-1","8","Rbfox3",1.60613942302312
"CCCGACAAGTGAGGTG-1","2","Rbfox3",1.61103983508343
"CCCGACAAGTGCCGTG-1","3","Rbfox3",0
"CCCGACAAGTTGCAGC-1","4","Rbfox3",1.25051751459413
"CCCGATAGTGGCTTGC-1","8","Rbfox3",1.41276071691446
"CCCGATGAGCCGATTA-1","6","Rbfox3",0
"CCCGATTCATGGCGTA-1","3","Rbfox3",0
"CCCGCATTCTTGATCC-1","5","Rbfox3",2.01516306475125
"CCCGCTTAGGATGTAA-1","0","Rbfox3",1.70556675785926
"CCCGCTTAGGCGTCCA-1","11","Rbfox3",0
"CCCGCTTAGGTAACGG-1","1","Rbfox3",1.52980809352606
"CCCGGTAAGGCGATCT-1","5","Rbfox3",0
"CCCGGTTTCACAGGGA-1","6","Rbfox3",0
"CCCGTAAGTGCAATGA-1","4","Rbfox3",0
"CCCGTAAGTTGCACTG-1","4","Rbfox3",1.35657788879141
"CCCTAACCACCTATCA-1","7","Rbfox3",1.93637112600855
"CCCTAATTCTAATGGT-1","5","Rbfox3",1.9634270728463
"CCCTACGCATGGAATC-1","1","Rbfox3",1.73859280191354
"CCCTAGCTCCCGCTGT-1","2","Rbfox3",1.45515581792763
"CCCTAGCTCTATCGCT-1","2","Rbfox3",1.65552963020748
"CCCTAGTCAACCTACC-1","11","Rbfox3",0
"CCCTCAATCACCACGG-1","2","Rbfox3",1.8633592513639
"CCCTCACAGATAGTAG-1","0","Rbfox3",1.80035256802523
"CCCTCACAGCTGAGAG-1","3","Rbfox3",0
"CCCTCACAGGTGAGTG-1","5","Rbfox3",1.57910175768955
"CCCTCAGCATCCATCA-1","2","Rbfox3",1.70950987568117
"CCCTGAGAGCCGCACA-1","0","Rbfox3",2.34656015530785
"CCCTGTTGTCTCCACT-1","7","Rbfox3",1.79262805262323
"CCCTTAACAAGCTAAC-1","10","Rbfox3",0
"CCCTTAACATAGGGTT-1","0","Rbfox3",1.18365446333576
"CCCTTGATCCGCGACA-1","1","Rbfox3",1.41112913667463
"CCCTTTAGTTGGCTGC-1","9","Rbfox3",0
"CCGAAATCAACCTCGT-1","8","Rbfox3",2.49437818521525
"CCGAAATCAGCACTTC-1","4","Rbfox3",0.387098461824154
"CCGAAATCATGCTCCG-1","5","Rbfox3",0
"CCGAACTAGAATCCGC-1","8","Rbfox3",2.24390920809848
"CCGAACTAGTCGCTCC-1","1","Rbfox3",1.47062524002999
"CCGAATATCAGCTCGG-1","0","Rbfox3",0
"CCGACAACAATGAAGG-1","0","Rbfox3",1.51602381333029
"CCGACAACAGCACTTC-1","5","Rbfox3",0.675146207997279
"CCGACCAAGCGCCTGA-1","8","Rbfox3",1.14948496409249
"CCGACCTTCACCTCGC-1","0","Rbfox3",0.824067668376799
"CCGACCTTCGAACGTC-1","11","Rbfox3",1.24930944692482
"CCGATTAAGAACCTGC-1","9","Rbfox3",0
"CCGATTAAGCATGCAC-1","10","Rbfox3",0
"CCGATTAAGCCCGTAG-1","5","Rbfox3",0
"CCGATTAAGCGCTTCC-1","7","Rbfox3",1.88855089422842
"CCGATTAAGTGAGATA-1","8","Rbfox3",1.74851866290355
"CCGCAAGTCATCTGTC-1","5","Rbfox3",1.98980780126555
"CCGCAAGTCATGGATT-1","0","Rbfox3",1.78092548547528
"CCGCAAGTCGTGCAAC-1","0","Rbfox3",0
"CCGCAAGTCTAGCGCG-1","4","Rbfox3",1.59921284200317
"CCGCATTCACATACGG-1","0","Rbfox3",1.25062423523555
"CCGCCATTCTTGACGA-1","5","Rbfox3",2.34741512404544
"CCGCCTTAGCTGGAAG-1","0","Rbfox3",1.7154980579092
"CCGCGATGTTCGCTTC-1","6","Rbfox3",0
"CCGCTAAGTATAGACG-1","10","Rbfox3",2.47357952050345
"CCGCTAAGTATGGCTT-1","0","Rbfox3",0
"CCGCTCACAATCCTTG-1","2","Rbfox3",1.87829787435069
"CCGCTTATCGACTACA-1","12","Rbfox3",0
"CCGCTTATCGTACGGT-1","7","Rbfox3",1.62661684555831
"CCGGAACCAACATGCG-1","7","Rbfox3",2.01911794411343
"CCGGATTAGGGTTGAG-1","0","Rbfox3",0
"CCGGATTAGGTCAATT-1","1","Rbfox3",0.652394193596045
"CCGGCAATCATGCAGC-1","0","Rbfox3",1.7006997307803
"CCGGCAATCTCACTGT-1","4","Rbfox3",0.475436858073327
"CCGGCTAAGCCCTGGA-1","3","Rbfox3",0
"CCGGTACGTTCCGCTT-1","0","Rbfox3",1.5447150425081
"CCGGTATAGTACCAAT-1","8","Rbfox3",1.97840176896744
"CCGGTTGAGGAGTCAG-1","1","Rbfox3",2.06426085296416
"CCGTAAATCACCATGA-1","2","Rbfox3",1.64144413967767
"CCGTAACAGCATGGGA-1","0","Rbfox3",0
"CCGTAATGTTCCGCAA-1","1","Rbfox3",1.84552733691274
"CCGTACCTCACCACGG-1","5","Rbfox3",0.902186458644107
"CCGTAGTAGCTAGTTG-1","3","Rbfox3",0
"CCGTATGGTAGCTATC-1","1","Rbfox3",0.854834908179868
"CCGTATGGTTGGCGAG-1","4","Rbfox3",1.86846220097024
"CCGTCAAGTAGCCTTG-1","0","Rbfox3",1.54052361714646
"CCGTCCACATCCTAAT-1","0","Rbfox3",0.885625905107508
"CCGTCTATCCCGCGTT-1","9","Rbfox3",0
"CCGTGATAGCGAAGGC-1","0","Rbfox3",0
"CCGTGCAAGGATTCAT-1","9","Rbfox3",0
"CCGTGCAAGTAACGCC-1","2","Rbfox3",0
"CCGTGTGAGGTATGGG-1","4","Rbfox3",1.64847288182441
"CCGTGTGAGTGAGCCT-1","13","Rbfox3",0
"CCGTTAGGTGGCTGTC-1","8","Rbfox3",2.41423610568686
"CCGTTCATCGTGCCGA-1","8","Rbfox3",2.32133810798952
"CCGTTGGAGCGATTGC-1","5","Rbfox3",0
"CCGTTGGAGCGCCTGA-1","10","Rbfox3",0
"CCGTTGGAGTGCTGTA-1","2","Rbfox3",2.2662366553995
"CCTAACCCAAGCGTTG-1","3","Rbfox3",0
"CCTAACCCATTCCTCT-1","0","Rbfox3",1.72966361801712
"CCTAATGAGCTAATGT-1","0","Rbfox3",0
"CCTACCATCCCCTTAG-1","5","Rbfox3",1.67125803328157
"CCTACCGCATAGAGGA-1","0","Rbfox3",1.51912858839039
"CCTACCTGTGCGGACA-1","0","Rbfox3",1.66399500271644
"CCTACCTGTTTGATGC-1","14","Rbfox3",0
"CCTACGAGTCATGCTG-1","6","Rbfox3",0
"CCTACGAGTTCCAGCA-1","12","Rbfox3",0
"CCTACGGAGGTACTAT-1","4","Rbfox3",1.39612430794787
"CCTAGCCTCACGCCGA-1","2","Rbfox3",1.29221581690717
"CCTAGCGAGAAGCATA-1","9","Rbfox3",0
"CCTAGCGAGCCCGTGA-1","0","Rbfox3",1.04736768095746
"CCTAGCGAGTATGACT-1","3","Rbfox3",0
"CCTAGCGAGTGAAGTA-1","0","Rbfox3",1.15056655927319
"CCTAGCGAGTGTCATG-1","9","Rbfox3",0
"CCTAGCTCAACTATCT-1","2","Rbfox3",1.20698342174814
"CCTAGCTCAAGGTCAT-1","14","Rbfox3",0
"CCTAGGTAGGTACTAT-1","6","Rbfox3",0
"CCTAGGTAGGTCGTAC-1","0","Rbfox3",1.88586578465235
"CCTAGGTAGTGACCAC-1","3","Rbfox3",0
"CCTAGTAAGGGTGAGC-1","8","Rbfox3",0.780641447011766
"CCTAGTTTCCAACCGG-1","1","Rbfox3",1.95661467116005
"CCTAGTTTCCCGCGTT-1","8","Rbfox3",1.92795573721486
"CCTATCACACCTCATA-1","0","Rbfox3",0
"CCTATGAAGTAATCAC-1","0","Rbfox3",1.18546586078629
"CCTATGTTCAGCTATG-1","5","Rbfox3",1.23547620008782
"CCTATGTTCCGTGCTC-1","1","Rbfox3",1.70317488144086
"CCTATTATCGTGCCTC-1","3","Rbfox3",0
"CCTATTCAGGTGAGAT-1","1","Rbfox3",1.99371518971757
"CCTCAAGGTCATTCGG-1","0","Rbfox3",0.629163331085575
"CCTCAGCTCACCTAGA-1","2","Rbfox3",2.2122988870065
"CCTCAGCTCCACCGTC-1","0","Rbfox3",1.53412052460914
"CCTCAGTCAAGTTCCC-1","0","Rbfox3",1.30891507404974
"CCTCATTAGTAACGGG-1","0","Rbfox3",0.772275639332779
"CCTCCAGCAACATCCC-1","5","Rbfox3",0.848022325411026
"CCTCCTGGTGGACATA-1","8","Rbfox3",1.59880331357784
"CCTCGAAGTGATCCAT-1","0","Rbfox3",1.09124471662895
"CCTCGAAGTTCCAGAT-1","1","Rbfox3",1.54009156608928
"CCTCGATCATGGATTA-1","2","Rbfox3",2.33858762460645
"CCTCGGTTCCGTAAGC-1","1","Rbfox3",1.7890562590814
"CCTCGTTGTCCCGTAA-1","0","Rbfox3",0
"CCTCGTTGTTAAGTGG-1","2","Rbfox3",2.34838991821788
"CCTCTAACATAACCAA-1","7","Rbfox3",1.61980368333737
"CCTCTCAAGCCCTTGC-1","7","Rbfox3",1.08734066448699
"CCTCTGATCCCTCATG-1","2","Rbfox3",2.21584928515133
"CCTCTTAGTAACTTCA-1","2","Rbfox3",1.90870886849671
"CCTCTTGAGATTAGGA-1","0","Rbfox3",1.05621574520185
"CCTCTTGAGGGTCTAC-1","0","Rbfox3",0
"CCTGAACAGCTAGCCG-1","1","Rbfox3",1.55927341374153
"CCTGAACAGGCTTACA-1","5","Rbfox3",1.55332694264181
"CCTGAATGTTAGAGGC-1","0","Rbfox3",0.847755264626168
"CCTGAGACACTACCGT-1","3","Rbfox3",0
"CCTGAGTAGATTGCAT-1","0","Rbfox3",1.28624536476305
"CCTGATTTCAGCCACG-1","0","Rbfox3",1.52374394698692
"CCTGCAAGTCTGGGCT-1","1","Rbfox3",1.65829385359426
"CCTGCAAGTTCGCACA-1","0","Rbfox3",0
"CCTGCATCACCATCCG-1","8","Rbfox3",1.83304361118156
"CCTGCATCATGAAGGA-1","0","Rbfox3",1.75156332912903
"CCTGCATCATTAGGCG-1","7","Rbfox3",0
"CCTGCCACAATTGCTT-1","0","Rbfox3",0.843808382164073
"CCTGCCACACAGGGTC-1","0","Rbfox3",1.40580717534347
"CCTGCGAAGTGAATGA-1","12","Rbfox3",0
"CCTGCTCAGGTCAATT-1","1","Rbfox3",2.55869531334854
"CCTGGCAAGCTATGTG-1","2","Rbfox3",0.73451993976799
"CCTGGCAAGTCTCTGT-1","1","Rbfox3",1.77720660205478
"CCTGGCTTCCATCCAT-1","0","Rbfox3",1.63756755388896
"CCTGGCTTCGATATGT-1","0","Rbfox3",0.986594770319276
"CCTGGTAGTTGAGCTT-1","0","Rbfox3",1.7820343827526
"CCTGGTGAGAAGGGAA-1","3","Rbfox3",0
"CCTGGTGAGGCTTAAT-1","0","Rbfox3",1.69187998823425
"CCTGGTTCACCTCGTG-1","5","Rbfox3",0
"CCTGGTTCAGCTAGGC-1","3","Rbfox3",0
"CCTGGTTCAGGACTAT-1","10","Rbfox3",0
"CCTGTAAAGGGGTAAT-1","1","Rbfox3",2.39644199540264
"CCTGTAAAGGGTCATC-1","3","Rbfox3",0
"CCTGTCATCGCTAGTA-1","0","Rbfox3",1.22745841616627
"CCTGTCGCAATTACTC-1","1","Rbfox3",1.2442571049076
"CCTGTCGCACCACACT-1","10","Rbfox3",0
"CCTGTGAGTTCACGGC-1","1","Rbfox3",0
"CCTGTGGAGCGAGTTC-1","4","Rbfox3",0.850126878808458
"CCTGTGGAGTGAGAGT-1","4","Rbfox3",0
"CCTGTTGTCACGCTAA-1","0","Rbfox3",0.577658227666841
"CCTGTTGTCGCTATCT-1","3","Rbfox3",0
"CCTTAATCAATAGTCA-1","4","Rbfox3",0.701910945776136
"CCTTAATCAGCAGTAT-1","2","Rbfox3",1.44227810255459
"CCTTAATCATTGCGCT-1","2","Rbfox3",2.16781743020738
"CCTTAGAAGAAGCGAT-1","0","Rbfox3",1.4513894860695
"CCTTAGCCATCAAGGT-1","6","Rbfox3",0
"CCTTATATCATCGAAT-1","0","Rbfox3",0.761348533431524
"CCTTATATCCCGCTTA-1","5","Rbfox3",0
"CCTTATCAGCGGTTAC-1","0","Rbfox3",1.04796855584935
"CCTTCCTTCTCACATC-1","0","Rbfox3",1.28738379373579
"CCTTCGATCATCTGTC-1","3","Rbfox3",0
"CCTTGAAAGCCATTAG-1","1","Rbfox3",1.74729469212021
"CCTTGAAAGTAAGTGA-1","5","Rbfox3",1.34037519508424
"CCTTGAGGTAAGCGGT-1","4","Rbfox3",1.16337085601627
"CCTTGAGGTAAGGTTG-1","2","Rbfox3",1.9140282541557
"CCTTGCATCAGTACGC-1","2","Rbfox3",2.06582408852915
"CCTTGCATCGAAGTCC-1","0","Rbfox3",1.43297513009605
"CCTTGGGAGTCGCGCA-1","9","Rbfox3",0
"CCTTTAATCCAGCCTC-1","0","Rbfox3",1.11384100936993
"CCTTTAGCAATTAGCA-1","7","Rbfox3",1.46905358392906
"CCTTTAGCATGACACG-1","0","Rbfox3",1.40320988462224
"CCTTTCAGTTTCAGGT-1","3","Rbfox3",0
"CCTTTCCTCACCAGAC-1","2","Rbfox3",2.32460696149832
"CCTTTCCTCAGCATTG-1","2","Rbfox3",2.25164977247823
"CCTTTCCTCCAGCCTC-1","0","Rbfox3",1.08286393169997
"CGAACATCAAGGTATC-1","3","Rbfox3",0
"CGAACATCAATTCGTT-1","0","Rbfox3",2.20194960980793
"CGAACCACACCTATCA-1","4","Rbfox3",0.763667061314792
"CGAACGGGTTATCGAC-1","13","Rbfox3",0.891101950202196
"CGAACGGGTTTGCATA-1","8","Rbfox3",1.92231073151714
"CGAACTATCCGCGACA-1","0","Rbfox3",0
"CGAACTATCGTTAGGC-1","5","Rbfox3",1.8803128665695
"CGAACTTGTCAGTGCC-1","2","Rbfox3",2.17755756942965
"CGAAGCAAGCGATCAC-1","0","Rbfox3",0
"CGAAGCAAGCTTCCAT-1","0","Rbfox3",1.34424003685314
"CGAAGGATCACTCCTG-1","8","Rbfox3",1.1164589997038
"CGAAGTGAGGATTAGA-1","1","Rbfox3",1.89697833179407
"CGAAGTGAGTAACCCA-1","10","Rbfox3",0
"CGAAGTGAGTAAGGGT-1","0","Rbfox3",1.11514831197542
"CGAATAGGTTAGACGA-1","3","Rbfox3",0
"CGAATCATCACCTTAC-1","0","Rbfox3",1.60267239065755
"CGAATCTGTGCGCATC-1","0","Rbfox3",0.628387073449026
"CGAATTTAGCATGTGC-1","9","Rbfox3",0
"CGACAATCATTACATC-1","4","Rbfox3",0.498954194125269
"CGACCAACAAGCGGTC-1","1","Rbfox3",0.862396880923315
"CGACCATAGTGCTCAA-1","1","Rbfox3",1.83805367585317
"CGACCCTTCACTTCAC-1","0","Rbfox3",0.95880566254219
"CGACCGATCAAGTCCA-1","1","Rbfox3",1.57218415371826
"CGACCTAGTGCGCAAG-1","1","Rbfox3",1.31645892019763
"CGACCTAGTTAGTTCA-1","3","Rbfox3",0
"CGACCTAGTTTGAGAG-1","0","Rbfox3",1.0004093456371
"CGACGTTAGCAATCCA-1","14","Rbfox3",0
"CGACGTTAGGGTCTCG-1","7","Rbfox3",1.38558228388564
"CGACTAATCAAGTCTG-1","3","Rbfox3",0
"CGACTAATCATGTGTG-1","9","Rbfox3",0
"CGACTAATCTATCGAG-1","2","Rbfox3",2.11128045550386
"CGACTGACACATGAAC-1","13","Rbfox3",2.20844355223624
"CGACTGACACTATGAA-1","0","Rbfox3",0
"CGACTGACATAAGCAC-1","6","Rbfox3",0
"CGACTTGGTTATGTCA-1","1","Rbfox3",1.59373147312847
"CGAGCACCACAACCAG-1","4","Rbfox3",0
"CGAGCAGGTCATCGCA-1","6","Rbfox3",0
"CGAGCCATCCATGTCT-1","0","Rbfox3",1.75442353071454
"CGAGCCATCCTCAATC-1","1","Rbfox3",1.21771049595605
"CGAGCCATCCTCATAC-1","0","Rbfox3",0
"CGAGCGAGTTATCGCG-1","0","Rbfox3",1.66628308665033
"CGAGGAATCCACGGAT-1","1","Rbfox3",2.07056739850575
"CGAGGATGTTGAAGGC-1","6","Rbfox3",0
"CGAGGGACAGCAGGCT-1","8","Rbfox3",1.57503865657382
"CGAGTAAGTTGTGCAT-1","6","Rbfox3",0
"CGAGTAAGTTTACAGC-1","0","Rbfox3",1.41623798386409
"CGAGTCCGTAACCACT-1","2","Rbfox3",1.91176490338651
"CGAGTCCGTTTCAGCG-1","0","Rbfox3",0.687839760050985
"CGAGTGAAGTGAACGG-1","2","Rbfox3",2.40860547065221
"CGATAACCAACGGTCA-1","1","Rbfox3",0.913748294252482
"CGATAACCACCTTAAT-1","0","Rbfox3",1.3248624886817
"CGATAGCTCACAGGGA-1","3","Rbfox3",0
"CGATAGCTCACGCTCC-1","6","Rbfox3",0
"CGATAGTCACATGCGA-1","0","Rbfox3",0.916530799094129
"CGATAGTCATGGCTGA-1","0","Rbfox3",0.541388274176157
"CGATCAATCGCTCGTC-1","0","Rbfox3",0
"CGATCAGCACATAGTA-1","0","Rbfox3",0
"CGATCAGCATGCTTCA-1","0","Rbfox3",1.22933778100909
"CGATCCCTCCTGAGAC-1","2","Rbfox3",1.63570691079478
"CGATCCCTCGCTTGAA-1","0","Rbfox3",0
"CGATCCCTCTGGCTAA-1","1","Rbfox3",1.8366220859992
"CGATCCTCAATGCCAG-1","1","Rbfox3",2.06368712212519
"CGATCCTCACTCGCTG-1","0","Rbfox3",1.19085763552516
"CGATCCTCAGCTACGA-1","5","Rbfox3",1.3455830186986
"CGATCCTCATCCATGC-1","5","Rbfox3",1.59159932424817
"CGATGAGAGGTAGCAG-1","2","Rbfox3",2.74581212479183
"CGATGGGGTAAGTGCA-1","6","Rbfox3",0
"CGATGGGGTAGCTCCA-1","2","Rbfox3",1.90840993364961
"CGATGGGGTTCACCTC-1","15","Rbfox3",1.49376524336728
"CGATGGGGTTTGCGTG-1","0","Rbfox3",0
"CGATGTCAGCGATGGA-1","5","Rbfox3",1.94986340274285
"CGATGTCAGGAGCCTT-1","0","Rbfox3",0.682567674823149
"CGATTAACAAGCCACA-1","13","Rbfox3",0
"CGATTAACATAACTGA-1","0","Rbfox3",0.828256749591384
"CGATTACGTTGCTCAG-1","7","Rbfox3",0.613383129060005
"CGATTAGTCACTGGGT-1","5","Rbfox3",1.11860479462432
"CGATTCCCACTTGGGA-1","9","Rbfox3",0
"CGATTTAGTTCGCCTT-1","4","Rbfox3",1.32496387292034
"CGATTTAGTTTAGTGC-1","2","Rbfox3",1.97012454779038
"CGATTTGAGGCATGGA-1","1","Rbfox3",1.02847009878016
"CGATTTGAGGTCAAGG-1","3","Rbfox3",0
"CGATTTGAGGTCCAGT-1","0","Rbfox3",1.71737023526168
"CGCAAATCAACTGTCC-1","0","Rbfox3",0.539085801596286
"CGCAAATCAATCAAGC-1","9","Rbfox3",0
"CGCAATATCCCATATC-1","1","Rbfox3",1.51283282692452
"CGCACAACAAATGCAC-1","3","Rbfox3",0
"CGCACAACATAGGGCC-1","5","Rbfox3",0.702167664367464
"CGCACAACATGTCGGA-1","0","Rbfox3",1.58339518249613
"CGCACATAGCTAATCG-1","1","Rbfox3",1.57920365747874
"CGCACATAGCTTAGGC-1","7","Rbfox3",2.08691480784886
"CGCACATAGGAGGTGC-1","5","Rbfox3",1.91427468661584
"CGCACCTTCCGGTTAA-1","6","Rbfox3",0
"CGCACTTCAATATCAG-1","2","Rbfox3",1.83716553541325
"CGCAGCTGTTTCGTAA-1","3","Rbfox3",0
"CGCAGTTAGATTAGAG-1","2","Rbfox3",1.74793089111394
"CGCATAATCTGTGATG-1","2","Rbfox3",1.7523511913008
"CGCATAGCAATCCTTG-1","13","Rbfox3",0
"CGCATAGCATAACTTC-1","1","Rbfox3",1.89633651141547
"CGCATAGCATAAGCCG-1","0","Rbfox3",1.94138100099516
"CGCATATGTGCGTACC-1","1","Rbfox3",0.656477035252384
"CGCATCAGTGGCTTCA-1","6","Rbfox3",0
"CGCATCAGTTGGCGAG-1","2","Rbfox3",1.6060332916329
"CGCATCTCAACTGTCC-1","0","Rbfox3",0
"CGCATCTCAAGGTTAC-1","5","Rbfox3",2.25154108510509
"CGCATGGTCGTGAACC-1","5","Rbfox3",2.13068103527316
"CGCCAAGTCCCGTTGC-1","0","Rbfox3",0
"CGCCATAGTGGCGTAG-1","7","Rbfox3",1.1845725166552
"CGCCATAGTTAACGCT-1","15","Rbfox3",2.36919168734576
"CGCCATGAGGGGTCAA-1","7","Rbfox3",1.98342992507697
"CGCCATGAGTGCGCTG-1","1","Rbfox3",1.89987343908586
"CGCCATGAGTTACGTG-1","1","Rbfox3",1.6864548288566
"CGCCATGAGTTAGAGA-1","0","Rbfox3",1.49394382583867
"CGCCCATTCACACTAG-1","0","Rbfox3",1.82510641008722
"CGCCCATTCACAGAGG-1","0","Rbfox3",1.41979465097208
"CGCCTAAGTTGCCCTT-1","0","Rbfox3",0.609871503630907
"CGCCTAGAGGTCACGT-1","6","Rbfox3",0
"CGCCTCACAGGCTACA-1","5","Rbfox3",1.7832685200433
"CGCCTCACATGGTAAC-1","2","Rbfox3",1.6699192220777
"CGCCTGTTCAGGAGTG-1","12","Rbfox3",0
"CGCCTGTTCCATGCAA-1","4","Rbfox3",1.97182091598511
"CGCCTGTTCGATGCTA-1","1","Rbfox3",1.45295601580704
"CGCGAACCAAGCTCCT-1","6","Rbfox3",0
"CGCGAACCACCAATCC-1","0","Rbfox3",0
"CGCGAAGGTCAGCTAT-1","0","Rbfox3",1.76357478287235
"CGCGATTAGAACGATA-1","5","Rbfox3",1.66208931055032
"CGCGATTAGTGAACCC-1","10","Rbfox3",0
"CGCGATTAGTGCGCCA-1","1","Rbfox3",2.05263614105636
"CGCGCATGTCAAGGTA-1","2","Rbfox3",1.06379762792373
"CGCGGTTGTGGGTAGT-1","0","Rbfox3",1.53165274644865
"CGCGTACGTGCAGTCC-1","0","Rbfox3",1.45088903063211
"CGCGTACGTGGACACG-1","10","Rbfox3",1.70427779747763
"CGCGTACGTTGTGAGA-1","0","Rbfox3",1.39281714793794
"CGCTAAATCCAATTCC-1","3","Rbfox3",0
"CGCTAAATCCTCTCCT-1","2","Rbfox3",2.02025167330389
"CGCTAACAGGATCTAT-1","10","Rbfox3",0
"CGCTAACAGGCGATCT-1","1","Rbfox3",1.09370316377667
"CGCTAACAGGGTACGA-1","0","Rbfox3",0
"CGCTAACAGTAGGCTC-1","0","Rbfox3",0
"CGCTAATGTCAACCAT-1","4","Rbfox3",1.96070424953367
"CGCTAATGTGCGGTGA-1","4","Rbfox3",1.3951530864755
"CGCTACTCAAGCTCGA-1","0","Rbfox3",0.711383206652731
"CGCTACTCAAGTGGAA-1","10","Rbfox3",0
"CGCTACTCATTGCCCG-1","13","Rbfox3",3.65737839561055
"CGCTATGGTGACGAGT-1","0","Rbfox3",1.16731984081684
"CGCTATGGTTCGTGAT-1","5","Rbfox3",1.45358373620002
"CGCTCATCAATACGGT-1","0","Rbfox3",0
"CGCTCATCAGGGCTAC-1","0","Rbfox3",1.10034863209887
"CGCTCATCATCCTCAA-1","0","Rbfox3",1.05916045109349
"CGCTCCACATGCTCGT-1","7","Rbfox3",1.35524163777831
"CGCTCCACATTCGCTA-1","1","Rbfox3",2.37464730645494
"CGCTGATAGATTGACT-1","0","Rbfox3",1.58854311860731
"CGCTGATAGGGTAGCA-1","7","Rbfox3",1.37982317438072
"CGCTGATAGGTATCCA-1","2","Rbfox3",2.08934806188263
"CGCTGATAGTCAGGTC-1","4","Rbfox3",1.06485489624934
"CGCTGCAAGCCATTGA-1","1","Rbfox3",1.07593735315205
"CGCTGCAAGCCCTGCT-1","16","Rbfox3",0
"CGCTGCAAGGAATCGG-1","0","Rbfox3",1.21916440762306
"CGCTGCAAGGAATTGA-1","5","Rbfox3",0
"CGCTGCAAGTTACGTG-1","2","Rbfox3",1.4943905024347
"CGCTGTGAGTTGCGTA-1","1","Rbfox3",2.15546733596283
"CGCTGTTCAACGGTGC-1","6","Rbfox3",0
"CGCTGTTCATGCTCTA-1","11","Rbfox3",0
"CGGAACCCAACGGGCT-1","0","Rbfox3",2.05651809393122
"CGGAACCCAAGCATCG-1","15","Rbfox3",1.25622611338413
"CGGAACCCAGTTGGTG-1","0","Rbfox3",1.61479267757176
"CGGACAGGTGAGCCGA-1","9","Rbfox3",0
"CGGACATTCACGCTCC-1","8","Rbfox3",1.69287451487151
"CGGACATTCCATGACA-1","3","Rbfox3",1.85486502345797
"CGGACATTCGCGAATC-1","1","Rbfox3",0.943707097547356
"CGGACTTAGCAACCTA-1","10","Rbfox3",0
"CGGACTTAGCCTCTAT-1","6","Rbfox3",0
"CGGACTTAGGATTCGC-1","2","Rbfox3",1.84897736262192
"CGGATCACAATCTCTG-1","6","Rbfox3",0
"CGGATTCAGCGGTAGA-1","4","Rbfox3",0
"CGGATTCAGTGCCGTG-1","4","Rbfox3",1.11021209502262
"CGGCAAGGTGGCAGTG-1","7","Rbfox3",1.84001142025209
"CGGCAAGGTTAGACAG-1","10","Rbfox3",0
"CGGCATTAGAACCTAT-1","4","Rbfox3",1.32425455517965
"CGGCCAATCCCCAAGG-1","0","Rbfox3",1.560913643669
"CGGCCTAAGCAGGTCT-1","0","Rbfox3",1.68082655222168
"CGGCCTAAGCGAACGA-1","1","Rbfox3",1.66537189830954
"CGGCCTAAGCGCCATG-1","0","Rbfox3",1.25195997775799
"CGGCCTAAGGATCATT-1","12","Rbfox3",0
"CGGCCTAAGTGCCAGT-1","4","Rbfox3",1.01762939099713
"CGGCTAACATTAAGTG-1","0","Rbfox3",1.30171238101293
"CGGCTAGTCCGGGTTG-1","3","Rbfox3",0
"CGGCTAGTCGATACAT-1","0","Rbfox3",1.54408701163472
"CGGCTAGTCGTAATGT-1","2","Rbfox3",2.09801880455388
"CGGCTAGTCTAGGCCG-1","7","Rbfox3",1.65477614282002
"CGGCTCAAGGGTCCAT-1","6","Rbfox3",0
"CGGCTCAAGTCAAGCC-1","8","Rbfox3",1.04947403608071
"CGGCTTGAGGTAGAGT-1","0","Rbfox3",0
"CGGGCAAGTAGGTGAC-1","0","Rbfox3",1.22660628984664
"CGGGCAAGTTCGTATA-1","5","Rbfox3",1.44466720250658
"CGGGCAAGTTGAGCTT-1","0","Rbfox3",1.30650411282277
"CGGGCTTGTCTCAGTG-1","2","Rbfox3",2.00517905221214
"CGGGGAACAATTGCTT-1","0","Rbfox3",0
"CGGGGAACATAGGCAT-1","3","Rbfox3",0
"CGGGGTAGTTAGTGTC-1","7","Rbfox3",1.8904259656809
"CGGGGTAGTTCGATTA-1","0","Rbfox3",1.42697070628122
"CGGGTAAAGCAAGCTC-1","0","Rbfox3",0
"CGGGTAAAGTCATAGT-1","1","Rbfox3",1.2565256720442
"CGGGTAGGTGAGTAAT-1","0","Rbfox3",0
"CGGGTCATCGCTAGAC-1","5","Rbfox3",2.14426850086851
"CGGGTGAGTAAGGTCA-1","1","Rbfox3",1.71111819494611
"CGGGTGAGTAAGTCTC-1","2","Rbfox3",1.9269522353107
"CGGGTGAGTAGTCCGC-1","0","Rbfox3",1.38952805448106
"CGGGTTACAATTACAG-1","7","Rbfox3",1.26504015021883
"CGGGTTTAGGCTACGT-1","0","Rbfox3",0.874071113087262
"CGGTAAAGTCATCCAG-1","0","Rbfox3",1.19093733457458
"CGGTAAAGTCTGTCCT-1","0","Rbfox3",0
"CGGTATATCACGTTGA-1","6","Rbfox3",0
"CGGTATTGTAATGCCT-1","2","Rbfox3",1.17771256661908
"CGGTATTGTGAGTAAT-1","3","Rbfox3",0
"CGGTCAACAGTTGGGC-1","2","Rbfox3",1.43679356223596
"CGGTGAAAGATTGGTT-1","2","Rbfox3",2.08563487182274
"CGGTGAAAGGTTAGTT-1","4","Rbfox3",1.02233440974552
"CGGTGAGGTTCGGTCA-1","3","Rbfox3",0
"CGGTGAGGTTCTGGTG-1","4","Rbfox3",0
"CGGTGTTAGCGCTATA-1","0","Rbfox3",0.64641078964292
"CGGTGTTAGGGGCAAC-1","10","Rbfox3",0
"CGGTGTTAGGTACTTG-1","0","Rbfox3",0
"CGGTTAATCACCATAG-1","0","Rbfox3",1.03049451053739
"CGGTTAGCACCATCGT-1","0","Rbfox3",0
"CGGTTAGCATGACCTC-1","8","Rbfox3",0
"CGGTTCCTCACAGGTC-1","5","Rbfox3",1.02131003794068
"CGTAAACCAACCCTAC-1","5","Rbfox3",1.71456385657671
"CGTAAAGGTGAGGCTG-1","2","Rbfox3",1.75812279482745
"CGTAAAGGTGGCTGAG-1","2","Rbfox3",1.76691991388914
"CGTAAAGGTTCAAGTC-1","5","Rbfox3",0.964412050125772
"CGTAAATTCCTCACAT-1","8","Rbfox3",0.647494166886767
"CGTAACATCAATCCGA-1","7","Rbfox3",2.2503464861359
"CGTAATGTCACCAGCG-1","7","Rbfox3",0.75765736947386
"CGTAATTAGCGATCAC-1","3","Rbfox3",0
"CGTAATTAGGATGACG-1","0","Rbfox3",0.749325889101191
"CGTACAGCAACTGTCC-1","12","Rbfox3",0
"CGTACCTCAAATGGCT-1","0","Rbfox3",0
"CGTACCTCAAGCTGCA-1","1","Rbfox3",1.90174923625569
"CGTACCTCACTTGGTC-1","11","Rbfox3",0
"CGTACCTCATAACGCG-1","11","Rbfox3",0
"CGTACGTAGTCGCGTG-1","0","Rbfox3",1.02301856459932
"CGTACTGGTAGTGCTT-1","1","Rbfox3",1.92480641046686
"CGTAGGCCATAAGCTA-1","0","Rbfox3",0
"CGTAGGGGTGAGCAGT-1","13","Rbfox3",0
"CGTAGGTTCCTGTCTG-1","3","Rbfox3",0
"CGTAGTCAGGAACTGG-1","4","Rbfox3",1.29928298413026
"CGTAGTTGTAGCTTAC-1","0","Rbfox3",0
"CGTAGTTGTTTAGGAG-1","6","Rbfox3",0
"CGTATATAGCAAGTAA-1","0","Rbfox3",0
"CGTATCCCACAGCATG-1","5","Rbfox3",2.56593453877352
"CGTATCCCACTAGGAT-1","3","Rbfox3",0
"CGTATGATCCGCCATC-1","1","Rbfox3",1.84142367777405
"CGTATTAGTAGCGGAT-1","1","Rbfox3",0
"CGTATTAGTTGCCTCT-1","0","Rbfox3",0.731039108319672
"CGTATTGAGCCAGTCG-1","2","Rbfox3",1.58170514142211
"CGTATTGAGCGCAATC-1","5","Rbfox3",2.47198915915551
"CGTATTGAGTTGGCCG-1","0","Rbfox3",0.802278574067055
"CGTCAAATCGTACGGT-1","1","Rbfox3",1.8369880377588
"CGTCAATGTTCGGCAC-1","8","Rbfox3",1.09015110651298
"CGTCACCTCTGGTCCC-1","0","Rbfox3",2.2874265325632
"CGTCAGTAGGATAGCG-1","0","Rbfox3",0
"CGTCAGTAGGATCACC-1","0","Rbfox3",1.13174432255057
"CGTCATCCAATCGCCT-1","7","Rbfox3",1.92295167949941
"CGTCATCCATGGTCCT-1","12","Rbfox3",0
"CGTCATGGTTAAGGAT-1","4","Rbfox3",1.53117925478488
"CGTCATTTCCGTGGAT-1","11","Rbfox3",0
"CGTCATTTCGACTGCG-1","3","Rbfox3",0
"CGTCCATCAAACCATA-1","5","Rbfox3",0.904543818283755
"CGTCCCACATCACGTC-1","0","Rbfox3",1.31202981685134
"CGTCCTGCACAGGCTA-1","1","Rbfox3",2.33453233627024
"CGTCGCTTCCGTGAGT-1","1","Rbfox3",1.06735167034271
"CGTCGTAGTTAGTGTC-1","0","Rbfox3",0
"CGTCGTAGTTTCCAGG-1","10","Rbfox3",0
"CGTCGTTCACCAGCTT-1","5","Rbfox3",0.868011839885382
"CGTCGTTCAGTAAGGA-1","8","Rbfox3",1.97714992913429
"CGTCTATTCGTAGTAT-1","11","Rbfox3",0
"CGTCTCATCAGTGCGT-1","8","Rbfox3",2.02347304902742
"CGTCTCATCATGGCTA-1","3","Rbfox3",0
"CGTCTTGTCCGTGCAG-1","5","Rbfox3",0
"CGTGAAAGTTACACTA-1","0","Rbfox3",0.849436898635953
"CGTGAGAAGCGACTGT-1","8","Rbfox3",2.30986234500091
"CGTGAGAAGGCGTAGA-1","0","Rbfox3",1.63343667528716
"CGTGAGAAGGGGTACA-1","2","Rbfox3",2.59577307189738
"CGTGAGAAGTAGAGGT-1","1","Rbfox3",0
"CGTGAGGGTTGAAGTG-1","9","Rbfox3",0
"CGTGATGCAGCAGTTG-1","2","Rbfox3",0.881213550235244
"CGTGCCTTCAGGCACT-1","0","Rbfox3",1.37776782710181
"CGTGGCTGTATGGTCT-1","2","Rbfox3",0
"CGTGGTTAGGTACCAC-1","1","Rbfox3",1.44361568450215
"CGTGTATGTTGCTTGG-1","2","Rbfox3",0
"CGTGTTAAGATAGTTC-1","1","Rbfox3",1.35620343346073
"CGTGTTAAGGCGTAAG-1","3","Rbfox3",0
"CGTTAATAGGTTCGCG-1","4","Rbfox3",1.07651086098359
"CGTTACCCAATGCCGA-1","0","Rbfox3",1.86324972379017
"CGTTACTTCAATGGTT-1","0","Rbfox3",0.717560759934594
"CGTTATAGTGGACAGT-1","6","Rbfox3",0
"CGTTCACCAACGGTAT-1","14","Rbfox3",0
"CGTTCACCAATAGCAC-1","0","Rbfox3",0.915092409382046
"CGTTCACCACATTAGA-1","7","Rbfox3",1.81776757895188
"CGTTCAGGTTATCCAA-1","9","Rbfox3",0
"CGTTCAGGTTCGCTTC-1","0","Rbfox3",1.96870960512912
"CGTTCATTCAGCAAGG-1","10","Rbfox3",0
"CGTTCCGCAACCAACG-1","5","Rbfox3",0.659258502707919
"CGTTCCTGTTGCGTGC-1","9","Rbfox3",0
"CGTTCCTGTTGGGTCC-1","6","Rbfox3",0
"CGTTGAATCAGGTCCG-1","2","Rbfox3",1.70244057954935
"CGTTGAATCATGTGAT-1","4","Rbfox3",1.15253888568047
"CGTTGCCTCTAGCTTC-1","0","Rbfox3",0.552927366100337
"CGTTGGACAATCCAGG-1","7","Rbfox3",2.60849622829458
"CGTTGGACAGGCAAGG-1","0","Rbfox3",1.00576713362207
"CGTTGTAAGGATACCC-1","5","Rbfox3",0
"CGTTGTAAGGTAGGGC-1","6","Rbfox3",0
"CGTTGTCCAAGCGGAG-1","5","Rbfox3",1.13025179164304
"CGTTGTCCAGGCAAGG-1","7","Rbfox3",2.32856642598717
"CGTTTCACACCTTGCG-1","8","Rbfox3",1.07836339304084
"CGTTTGAAGCGAACGA-1","0","Rbfox3",1.5754438385365
"CTAAAGCCAATTGCTT-1","7","Rbfox3",1.92992484668951
"CTAAAGCCACCAGGAC-1","8","Rbfox3",1.22050993875609
"CTAAAGCCACCTGGAA-1","0","Rbfox3",0
"CTAAAGGGTTAGGCCC-1","10","Rbfox3",1.44673420659482
"CTAACATAGCGCATAC-1","0","Rbfox3",1.2849200801299
"CTAACATAGGATGGTG-1","9","Rbfox3",2.32401285607585
"CTAACCAAGATTACGT-1","0","Rbfox3",1.74838800450288
"CTAACGATCAGCGGAA-1","10","Rbfox3",1.33416167104791
"CTAAGGCTCTGGCTGG-1","0","Rbfox3",1.11728855307234
"CTAATGGTCGATGACC-1","11","Rbfox3",0
"CTAATTGGTCATGCCA-1","0","Rbfox3",0
"CTACAATAGGTACTAT-1","10","Rbfox3",0
"CTACAATAGTACGCTA-1","15","Rbfox3",0
"CTACACAAGATTGAAG-1","1","Rbfox3",1.82234326454052
"CTACACAAGCCTGATA-1","1","Rbfox3",2.2906131819356
"CTACATAGTCAGTAGA-1","0","Rbfox3",1.54239917837169
"CTACCATTCAGTGCGT-1","4","Rbfox3",0.81249589682425
"CTACCCGCACTTGATT-1","0","Rbfox3",1.15925120806582
"CTACCCGCAGGAGCGA-1","0","Rbfox3",0.738434714178175
"CTACCCTGTATTGGAG-1","0","Rbfox3",0.805414482431026
"CTACCGCTCGATTACG-1","3","Rbfox3",0
"CTACGACAGCGCTCGA-1","0","Rbfox3",0
"CTACGACAGTATGTCG-1","3","Rbfox3",0
"CTACGGACAAACCGTG-1","0","Rbfox3",1.22836881710682
"CTACGGACACCTTCGG-1","4","Rbfox3",0.624938419868038
"CTACGGGTCAGGACTC-1","0","Rbfox3",1.32092227378234
"CTACGTAAGCTAGAGG-1","4","Rbfox3",0
"CTACGTAAGTCAATGT-1","10","Rbfox3",0
"CTACGTCCAACCGCAA-1","2","Rbfox3",2.51625299752274
"CTACGTTTCTATGGTG-1","1","Rbfox3",1.2797746648392
"CTACTCACAGGTTCGA-1","0","Rbfox3",1.52382415971111
"CTACTCACATAGGCGC-1","3","Rbfox3",0
"CTACTCCGTTCGCTCT-1","2","Rbfox3",2.2148390520801
"CTACTCCGTTGCCCAA-1","3","Rbfox3",0
"CTACTGTTCCATGAGC-1","2","Rbfox3",1.48905107788722
"CTACTTGCAAATGGAG-1","1","Rbfox3",1.81223466655564
"CTACTTGCACTATGGG-1","6","Rbfox3",0
"CTAGAAGGTGAGACAC-1","1","Rbfox3",1.51268105279043
"CTAGATTAGCTATCGA-1","2","Rbfox3",2.18756465830869
"CTAGATTAGGTTAGCC-1","11","Rbfox3",0
"CTAGCATGTGCATTAC-1","14","Rbfox3",0
"CTAGCATGTTAAGCCT-1","7","Rbfox3",1.30018875199214
"CTAGCCAGTAGTCCCA-1","0","Rbfox3",0
"CTAGCCTCAAATGGAG-1","1","Rbfox3",1.93545285531634
"CTAGCGCGTAAGTGTG-1","12","Rbfox3",0
"CTAGCTGGTGCAGCGA-1","12","Rbfox3",0
"CTAGGTCAGCCAGGTT-1","9","Rbfox3",0
"CTAGGTCAGGTAGTCC-1","6","Rbfox3",0
"CTAGTAACACATACCC-1","0","Rbfox3",1.01157704865225
"CTAGTAACAGGACAGG-1","1","Rbfox3",1.22660628984664
"CTAGTAACATGCTACC-1","11","Rbfox3",0
"CTAGTATAGTATGATC-1","2","Rbfox3",0.792625861354315
"CTAGTCAAGCGCCTCT-1","0","Rbfox3",1.46135697881945
"CTATAGGTCACGCGAT-1","7","Rbfox3",2.2733951023289
"CTATATGGTCCCGATA-1","1","Rbfox3",1.13588926906738
"CTATCAAGTTATCACA-1","6","Rbfox3",0
"CTATCGAAGTGAGGCA-1","1","Rbfox3",1.87957339459944
"CTATCGCCAGGGCTGT-1","0","Rbfox3",1.16984141778559
"CTATCGTTCCATCCGC-1","5","Rbfox3",0.970887021034972
"CTATCGTTCTGGTGAC-1","0","Rbfox3",1.27890084089049
"CTATGCAAGCTAGGTC-1","6","Rbfox3",0
"CTATGCTTCCGGGTCA-1","1","Rbfox3",1.46762043652604
"CTATGCTTCGCATGAC-1","0","Rbfox3",1.63122916416941
"CTATGCTTCTATGGCA-1","1","Rbfox3",1.68737742722951
"CTATGGGCACATGCCT-1","0","Rbfox3",0
"CTATGGGCATTAGAGC-1","2","Rbfox3",1.36623469144535
"CTATGTGAGCTATGCA-1","6","Rbfox3",0
"CTATGTGAGGTAGATA-1","4","Rbfox3",1.79142621365127
"CTATGTGAGGTGATCC-1","0","Rbfox3",1.3817739462121
"CTATTCATCTCATGTC-1","4","Rbfox3",1.41844858312088
"CTATTCGCACAACGTG-1","0","Rbfox3",1.17608241448653
"CTATTGCTCCTGAGCG-1","1","Rbfox3",0.81106913018713
"CTATTGCTCGATCCGG-1","3","Rbfox3",0
"CTCAAAGTCCCGCTGT-1","2","Rbfox3",2.59583686057135
"CTCAAAGTCTAGCCTT-1","4","Rbfox3",0
"CTCAACGGTGGCGTCT-1","1","Rbfox3",1.0605778190049
"CTCAACTTCTCACTCG-1","0","Rbfox3",0.877257615222693
"CTCAATAGTCAACCTG-1","0","Rbfox3",0.82163273486717
"CTCAATTCATCAAGGT-1","8","Rbfox3",1.62008231581562
"CTCACACCAATCTCAT-1","11","Rbfox3",1.14231531894381
"CTCACACCAGGATAGA-1","0","Rbfox3",1.2212682644626
"CTCACATTCCAGCTCC-1","1","Rbfox3",1.60197763192838
"CTCACATTCCAGGTTA-1","2","Rbfox3",1.95430797213659
"CTCACCATCACACTTC-1","2","Rbfox3",1.64438170154027
"CTCACCTGTCATCGCA-1","3","Rbfox3",0
"CTCAGCTCACTTCACA-1","5","Rbfox3",1.90960639652424
"CTCAGGTAGGTGACGA-1","5","Rbfox3",0.795615981243286
"CTCAGGTAGGTTAGCC-1","8","Rbfox3",1.76254575604687
"CTCAGTAAGCCCTGGA-1","8","Rbfox3",1.76726871670404
"CTCAGTAAGGCTTCGG-1","7","Rbfox3",1.96050824650518
"CTCAGTTTCGCTTCGC-1","8","Rbfox3",1.65752011197219
"CTCATAAGTCCATCCT-1","2","Rbfox3",2.19040926080852
"CTCATAAGTGCGGTTC-1","11","Rbfox3",0
"CTCATAAGTGGAGACT-1","0","Rbfox3",1.17376231525182
"CTCATAAGTTCCAGGC-1","1","Rbfox3",1.95996076780361
"CTCATAAGTTGTCCTC-1","0","Rbfox3",0
"CTCATAGAGCCATACA-1","1","Rbfox3",0.967486142188998
"CTCATCACACTCATGC-1","0","Rbfox3",0.757597170866597
"CTCATCCGTAAGCAAT-1","5","Rbfox3",1.18090978872874
"CTCATCCGTTCGTGTG-1","5","Rbfox3",1.3090630131839
"CTCATGAAGCAATTAC-1","2","Rbfox3",1.31375096642264
"CTCATGAAGGAGCTAG-1","0","Rbfox3",1.7118617553295
"CTCATGGGTGCAATCT-1","2","Rbfox3",1.89601581014423
"CTCATTATCTATGGTG-1","0","Rbfox3",0
"CTCATTGCAAATCGTA-1","0","Rbfox3",1.38407845962926
"CTCATTGCAGTTGCAG-1","1","Rbfox3",1.99805592446216
"CTCATTGCATAAGCGT-1","0","Rbfox3",0.59259117746962
"CTCCAACCAAGCGGAG-1","4","Rbfox3",1.57763614771186
"CTCCAACCACATGACG-1","9","Rbfox3",0
"CTCCAACCATGGTGCA-1","6","Rbfox3",0
"CTCCAAGGTGAGACCG-1","5","Rbfox3",1.77223763278726
"CTCCAAGGTTAAGCCT-1","2","Rbfox3",2.12762282574209
"CTCCAGCTCAGCCCAG-1","0","Rbfox3",1.38490846334211
"CTCCAGCTCTTGACTC-1","13","Rbfox3",1.56989438646174
"CTCCCAATCACTCCAT-1","4","Rbfox3",1.71498409178034
"CTCCCAATCCAGCATA-1","9","Rbfox3",0
"CTCCCAATCGATAGGG-1","1","Rbfox3",1.13438464314516
"CTCCCTAAGGATGTAA-1","1","Rbfox3",1.24631251679121
"CTCCCTGGTAGGTGAC-1","5","Rbfox3",0.969411842596071
"CTCCGTTGTAGGTGTA-1","5","Rbfox3",1.1362960354031
"CTCCGTTGTTTGCATA-1","6","Rbfox3",0
"CTCCTAGTCACACACA-1","5","Rbfox3",1.75791088505682
"CTCCTAGTCACACATG-1","15","Rbfox3",1.96659215144957
"CTCCTAGTCCCGCTAC-1","2","Rbfox3",2.1350686518458
"CTCCTCAAGTAATCGT-1","5","Rbfox3",0
"CTCCTCAAGTGGCGTT-1","0","Rbfox3",1.93857473574708
"CTCCTGATCACTAACG-1","7","Rbfox3",1.35318084584017
"CTCCTGATCTAGATAC-1","1","Rbfox3",1.90755184501261
"CTCCTTAGTGAGTATG-1","0","Rbfox3",0
"CTCGAACAGTAGCCAC-1","6","Rbfox3",0
"CTCGAACAGTTAGGTT-1","0","Rbfox3",1.06193744439016
"CTCGAACAGTTGCTCT-1","1","Rbfox3",1.53193700851449
"CTCGCCACAATCAGAC-1","6","Rbfox3",0
"CTCGCGTTCAAGTTCG-1","4","Rbfox3",0
"CTCGCGTTCCTCTAGT-1","0","Rbfox3",0
"CTCGCGTTCTTGACGA-1","2","Rbfox3",2.05364265271825
"CTCGCTGCAACCCGTT-1","16","Rbfox3",0
"CTCGCTGCAACTCGCT-1","0","Rbfox3",0.998998241640189
"CTCGCTGCAGTTAATG-1","0","Rbfox3",0.804047876593387
"CTCGCTGCATTCAACT-1","2","Rbfox3",1.78834173619744
"CTCGCTTGTGGCAGTG-1","2","Rbfox3",2.42468423852617
"CTCGCTTGTTATGCAC-1","5","Rbfox3",1.50330009397771
"CTCGGATAGGAGGATT-1","13","Rbfox3",0
"CTCGTAAAGGGTCTCG-1","3","Rbfox3",0
"CTCGTCTGTATGGTTC-1","0","Rbfox3",0.765938843454237
"CTCGTCTGTATGTGAG-1","5","Rbfox3",1.23311597111157
"CTCGTGAGTTTCAGGT-1","0","Rbfox3",1.71540458124847
"CTCGTTGTCCAGCACG-1","7","Rbfox3",1.880018669314
"CTCTAATCATCCCGTG-1","2","Rbfox3",1.81221561166874
"CTCTAGAAGAACCTGC-1","10","Rbfox3",0
"CTCTATATCATATAGC-1","8","Rbfox3",1.38345111191678
"CTCTATTGTAGCCCGT-1","0","Rbfox3",1.28378658392406
"CTCTATTGTTGCACAT-1","12","Rbfox3",0
"CTCTGACCAAGCGAGG-1","5","Rbfox3",1.38289153461492
"CTCTGACCAGTAATTG-1","4","Rbfox3",1.43404051357987
"CTCTGATTCGAACGCT-1","0","Rbfox3",1.19824013454677
"CTCTGCATCCCGCTGT-1","0","Rbfox3",1.89433440868368
"CTCTGGTCAATCTCCA-1","0","Rbfox3",1.31994977208114
"CTCTGTTAGGTGCAGA-1","1","Rbfox3",1.34802503338647
"CTCTTAATCCACGGAT-1","6","Rbfox3",0
"CTCTTCTCATCCACTA-1","1","Rbfox3",1.96057483640798
"CTGAAAGGTGAGTAGC-1","0","Rbfox3",0.931092253340688
"CTGACAATCGAGTGTC-1","0","Rbfox3",0.833740869679407
"CTGACACAGCCCGTCT-1","0","Rbfox3",2.4330175436958
"CTGACACAGGCGAGAC-1","0","Rbfox3",1.97179049974741
"CTGACACAGTGCAACC-1","9","Rbfox3",0
"CTGACCCTCCTTAGAG-1","10","Rbfox3",0
"CTGACCTCATTGCGTC-1","6","Rbfox3",0
"CTGATAGTCCATCACT-1","5","Rbfox3",0
"CTGATATAGCTACGAC-1","2","Rbfox3",1.83593873141519
"CTGATATAGTGCGCCA-1","1","Rbfox3",0
"CTGATCAAGGTGACAG-1","0","Rbfox3",1.0419933946686
"CTGATTGAGTGAGGTG-1","4","Rbfox3",1.18916021879054
"CTGATTTCAACGGTCA-1","6","Rbfox3",0
"CTGATTTCACAGCAGC-1","0","Rbfox3",1.61039860420601
"CTGATTTCAGCAGGAG-1","0","Rbfox3",0.884956877641055
"CTGCAAATCGAGTCTA-1","5","Rbfox3",0.781411424756642
"CTGCAATGTCCCGATA-1","3","Rbfox3",0
"CTGCACCTCATGCAGC-1","6","Rbfox3",0
"CTGCACCTCGCTTCAT-1","3","Rbfox3",0
"CTGCACCTCGTCTCAT-1","3","Rbfox3",0
"CTGCATGGTGATGACA-1","0","Rbfox3",1.84796315812899
"CTGCATTTCATGGTAT-1","7","Rbfox3",1.99575884287528
"CTGCCATCAAGCTTCC-1","1","Rbfox3",1.50346324880951
"CTGCCATCACAAGGAA-1","0","Rbfox3",0.879643129569817
"CTGCCATCACTCAGCT-1","4","Rbfox3",0
"CTGCCATCAGCACGGT-1","0","Rbfox3",1.70286882759428
"CTGCCATCAGTACTAA-1","1","Rbfox3",0
"CTGCCATCATGGTCAG-1","2","Rbfox3",2.37857577533872
"CTGCCTATCACTCGGG-1","1","Rbfox3",1.31024789892182
"CTGCCTGCACAACCAG-1","0","Rbfox3",1.03363494236714
"CTGCCTGCACTTGCTA-1","12","Rbfox3",0
"CTGCCTGCAGGGCTGT-1","0","Rbfox3",1.93238724659768
"CTGCCTGCATTCCTGA-1","1","Rbfox3",0.942223662984635
"CTGCGCAAGGTATGAA-1","0","Rbfox3",1.0681032005687
"CTGCGGATCCATGCAA-1","14","Rbfox3",0
"CTGCGTAGTCTAGAGA-1","5","Rbfox3",0
"CTGCTAAAGGAGTACG-1","12","Rbfox3",0
"CTGCTCTGTTTGACGT-1","0","Rbfox3",2.0353375850368
"CTGCTTACAGCTCGAA-1","2","Rbfox3",1.48366852514507
"CTGCTTACATCAATTC-1","7","Rbfox3",1.71372414789283
"CTGCTTACATGAGCGC-1","0","Rbfox3",0.960461950187293
"CTGGAAAGTTTACTCT-1","5","Rbfox3",1.04229039011636
"CTGGACTAGATTACGT-1","1","Rbfox3",1.57650863128493
"CTGGACTAGTTACGTG-1","1","Rbfox3",0.795582627283305
"CTGGATGCAAATCGAC-1","2","Rbfox3",2.10135942852241
"CTGGCAACAGTAAGGA-1","5","Rbfox3",1.71372414789283
"CTGGCAACATTGCCGT-1","1","Rbfox3",1.2198367572379
"CTGGCCAAGGTAGGGC-1","4","Rbfox3",0
"CTGGCTAGTTAGCTTA-1","4","Rbfox3",0.408031470065211
"CTGGGGTCACATTACT-1","0","Rbfox3",1.527403801427
"CTGGGGTCAGTTGACG-1","3","Rbfox3",0
"CTGGGGTCATCCAATT-1","6","Rbfox3",0
"CTGGGTTAGCAAGCGA-1","6","Rbfox3",0
"CTGGGTTAGCCCTACC-1","0","Rbfox3",0
"CTGGGTTAGGTGACTC-1","0","Rbfox3",0
"CTGGTAATCTCACTAC-1","10","Rbfox3",0
"CTGGTATGTCAACCAT-1","4","Rbfox3",0.510958992664561
"CTGGTATGTTTGCACG-1","6","Rbfox3",0
"CTGGTCAGTTAGCGCC-1","0","Rbfox3",0.778468471660398
"CTGGTCAGTTCTGTCC-1","1","Rbfox3",1.28347212610316
"CTGGTTAAGAACCTGC-1","1","Rbfox3",2.40758775202725
"CTGGTTAAGTCAGTGC-1","1","Rbfox3",1.59854092820076
"CTGGTTGGTGGCTCAC-1","4","Rbfox3",0.960661118461242
"CTGGTTGGTTAGTAGG-1","5","Rbfox3",1.76367490705145
"CTGGTTGGTTCACCAG-1","3","Rbfox3",0
"CTGTAACGTCAAGCCC-1","10","Rbfox3",0
"CTGTAAGTCCGTTAAG-1","2","Rbfox3",3.59796899518183
"CTGTAAGTCCTTAGTC-1","3","Rbfox3",0
"CTGTAAGTCTCATCAC-1","1","Rbfox3",2.37473571385796
"CTGTACCCAAGGTTAC-1","0","Rbfox3",1.44318322591376
"CTGTACCCAATAGCAC-1","0","Rbfox3",0.689714939023068
"CTGTACTTCAGTTGAT-1","5","Rbfox3",2.65088404219877
"CTGTACTTCGATACAT-1","7","Rbfox3",1.45584879568445
"CTGTATAGTTCGTTAA-1","10","Rbfox3",0
"CTGTCAAAGCATGAGG-1","6","Rbfox3",0
"CTGTCAAAGTACGGTC-1","8","Rbfox3",1.74961715242081
"CTGTCAAAGTGGCTTA-1","9","Rbfox3",0
"CTGTCACCAGGGACCT-1","7","Rbfox3",1.37292967968038
"CTGTCATTCCTTGAGA-1","3","Rbfox3",0
"CTGTCCATCCATCGAA-1","1","Rbfox3",2.1020646981667
"CTGTCGCTCCAGCATA-1","0","Rbfox3",1.17060792460708
"CTGTCGCTCTAGTTGG-1","2","Rbfox3",1.52543052124684
"CTGTGCCTCACCAAGC-1","0","Rbfox3",1.24911427130254
"CTGTGGACACCATGTC-1","0","Rbfox3",1.25724527093487
"CTGTGGACATCGGTCT-1","2","Rbfox3",1.97723927763111
"CTGTGTCCAAACTGAC-1","4","Rbfox3",0.59670602601667
"CTGTTAGAGTTGGTCA-1","0","Rbfox3",0.514776604554721
"CTGTTCCGTTCTGGAT-1","14","Rbfox3",0
"CTGTTGGGTATGGGTA-1","0","Rbfox3",1.01291526016999
"CTTAACCTCAATTGCG-1","0","Rbfox3",0.997321388883502
"CTTAACCTCACACACA-1","1","Rbfox3",1.50502439725568
"CTTAATCCAAGGTCAT-1","0","Rbfox3",0
"CTTACAAGTGCATCCA-1","0","Rbfox3",0
"CTTACATCACATTGCC-1","0","Rbfox3",1.38382445404502
"CTTACATCAGCCATCT-1","0","Rbfox3",1.69266343470216
"CTTACATCATTCGGAG-1","0","Rbfox3",0.465870961959735
"CTTACGAAGTCAGCAC-1","1","Rbfox3",0.7937526794701
"CTTACGCCACCTGCCA-1","1","Rbfox3",1.08849341658268
"CTTACGGGTTAGCGTT-1","0","Rbfox3",0
"CTTACGGGTTGCACTG-1","1","Rbfox3",1.24484358618417
"CTTACTATCTATCGAG-1","2","Rbfox3",2.3738029993365
"CTTACTTGTGAGTTAG-1","1","Rbfox3",2.07453952832238
"CTTAGCAAGCAAGGAT-1","0","Rbfox3",1.5157927163557
"CTTAGCGGTTATGAGG-1","1","Rbfox3",1.07785165271537
"CTTAGCTTCAGTTGGC-1","1","Rbfox3",1.55815695368953
"CTTAGCTTCCTCGTTG-1","0","Rbfox3",0
"CTTAGCTTCGATGCGT-1","1","Rbfox3",2.9744142553829
"CTTAGTAGTAAGTAGT-1","2","Rbfox3",2.51103758707687
"CTTAGTGAGCGGTTCG-1","8","Rbfox3",1.95031591590682
"CTTATAGGTGCGGCTT-1","1","Rbfox3",1.33508949448692
"CTTATAGGTTAGTTGC-1","8","Rbfox3",1.28115055366532
"CTTATCGCACAACTAA-1","11","Rbfox3",0
"CTTATCGCATGAAGCT-1","0","Rbfox3",0
"CTTATCTGTCATGCCA-1","3","Rbfox3",0
"CTTATCTGTTGCTCGA-1","7","Rbfox3",1.02294249830183
"CTTATGAGTCAGGCAG-1","4","Rbfox3",1.23935510409886
"CTTATGAGTTGTAAGG-1","3","Rbfox3",0
"CTTATGGAGCATTCGA-1","5","Rbfox3",1.49236384525832
"CTTATGGAGTAATGTC-1","4","Rbfox3",0.611718607782907
"CTTATGGAGTGCTGTA-1","1","Rbfox3",1.36666997626605
"CTTCAATCATTAGTGA-1","4","Rbfox3",1.14640009004151
"CTTCACTAGGCGATAG-1","0","Rbfox3",1.04342065631738
"CTTCACTAGGTAGGGC-1","0","Rbfox3",1.14537586813011
"CTTCACTAGGTGCGAA-1","0","Rbfox3",0.806854696127832
"CTTCAGCCAATCTCAT-1","0","Rbfox3",1.20270263734381
"CTTCAGCCACTCAACC-1","1","Rbfox3",2.74474094885288
"CTTCATCAGTCAGTTG-1","0","Rbfox3",0.687298920842402
"CTTCATTGTTTCGATA-1","1","Rbfox3",1.72935022288311
"CTTCGATTCACTAACG-1","2","Rbfox3",2.27448997828542
"CTTCGATTCTAGTCGA-1","0","Rbfox3",0.843506386650942
"CTTCGCATCACTCACT-1","7","Rbfox3",1.92550511221444
"CTTCGCGCAGCAGGGA-1","0","Rbfox3",1.35524163777831
"CTTCGCGCAGTTGCGA-1","0","Rbfox3",0.654162863548598
"CTTCGCGCATAACCAA-1","0","Rbfox3",0.986770625817156
"CTTCGGCTCGTGATAT-1","0","Rbfox3",0.979269433634479
"CTTCGGTCAAGTGGTT-1","7","Rbfox3",1.70397125555993
"CTTCGGTCAATCCGTC-1","0","Rbfox3",0
"CTTCGTTAGCTGGACT-1","0","Rbfox3",0
"CTTCGTTAGCTTAGGC-1","2","Rbfox3",0
"CTTCTAATCCGTGCGA-1","2","Rbfox3",1.97083301450523
"CTTCTATGTGAGTCCC-1","0","Rbfox3",0.809474642151347
"CTTCTATGTGGGTCGA-1","10","Rbfox3",0
"CTTCTCCTCGCTTGAA-1","4","Rbfox3",1.11103145476835
"CTTGAATAGCTAAGTT-1","8","Rbfox3",1.65079429530573
"CTTGAATAGGTACTGC-1","8","Rbfox3",1.85714222849091
"CTTGAATAGGTAGAGT-1","5","Rbfox3",0
"CTTGAATAGGTCGTAC-1","7","Rbfox3",1.87291147692855
"CTTGACCCAAGTGATC-1","13","Rbfox3",0
"CTTGACCCAGTTGAGT-1","0","Rbfox3",0.926644394220669
"CTTGACTTCATACTGG-1","0","Rbfox3",0
"CTTGAGGCAGCTACGA-1","2","Rbfox3",0.826590190309798
"CTTGAGGCATAGATCA-1","11","Rbfox3",1.07377679038043
"CTTGATAGTTCGCCTT-1","3","Rbfox3",0
"CTTGATGAGGTGCAAG-1","6","Rbfox3",0
"CTTGCACCATAGACCG-1","4","Rbfox3",1.01983431693427
"CTTGCCTGTGCGGCTT-1","15","Rbfox3",1.68011567815098
"CTTGCGGAGCGCCTCT-1","0","Rbfox3",0
"CTTGCGGAGCTACTTC-1","0","Rbfox3",1.59061357972945
"CTTGCGGAGTGATAGA-1","9","Rbfox3",0
"CTTGCGGAGTGGGTCT-1","6","Rbfox3",0
"CTTGCGGAGTTGGCTA-1","5","Rbfox3",0
"CTTGCTTAGGTTCGCG-1","8","Rbfox3",1.94496788412351
"CTTGCTTAGTGAAGTA-1","6","Rbfox3",0
"CTTGGCGAGCCAATCA-1","12","Rbfox3",0
"CTTGGCGAGTAGGTCC-1","4","Rbfox3",1.83512693114287
"CTTGGGACAAGGTAGA-1","2","Rbfox3",1.81147286458807
"CTTGGGCGTCCATCTC-1","5","Rbfox3",0
"CTTGGGCGTTTAGGTC-1","5","Rbfox3",1.73897941843377
"CTTGGGGTCCAGAGCT-1","4","Rbfox3",1.8889160003239
"CTTGGGGTCGTTACAG-1","2","Rbfox3",0
"CTTGGTAAGGCGCTAT-1","1","Rbfox3",1.92711939190258
"CTTGTGTTCAATTGGT-1","0","Rbfox3",0.844035029075554
"CTTGTGTTCATGAGTT-1","12","Rbfox3",0
"GCAAACCTCCTGCCGT-1","5","Rbfox3",0
"GCAACATCAATGGGCC-1","5","Rbfox3",0
"GCAACCACAAGGGACG-1","7","Rbfox3",2.17392340268025
"GCAACGGGTGATGACA-1","6","Rbfox3",0
"GCAACTATCAGCTGCG-1","0","Rbfox3",0.835068504185039
"GCAACTATCCATTAGG-1","0","Rbfox3",0.876192706605152
"GCAAGCAAGGTGATCC-1","6","Rbfox3",0
"GCAAGCAAGTGTCCTT-1","0","Rbfox3",2.01841021496427
"GCAAGCTTCGATGCTA-1","3","Rbfox3",0
"GCAAGGATCGACATAT-1","4","Rbfox3",0.71206999940209
"GCAAGTGAGCCATGCG-1","14","Rbfox3",0
"GCAAGTGAGCGGTCCA-1","0","Rbfox3",0
"GCAAGTGAGGCAAGGC-1","0","Rbfox3",1.98456587270865
"GCAATAGGTTTCAGCG-1","14","Rbfox3",0
"GCAATATTCCGGAGTT-1","13","Rbfox3",0
"GCAATCGCACTAGGGC-1","11","Rbfox3",0
"GCAATCGCACTCATGC-1","0","Rbfox3",1.75000988601495
"GCAATCTGTGGCCTAC-1","0","Rbfox3",1.19582159209523
"GCAATTTAGGCTCCGA-1","5","Rbfox3",2.22379340547682
"GCACAATCAGGCTCAA-1","2","Rbfox3",1.31531105620893
"GCACAATCATTAGCAA-1","1","Rbfox3",1.82273158186476
"GCACACTAGTCATAGT-1","3","Rbfox3",0
"GCACAGCCACGCCATT-1","12","Rbfox3",0
"GCACAGCCAGGCAGGA-1","0","Rbfox3",1.46173865480454
"GCACAGCCATCGCGTT-1","0","Rbfox3",0
"GCACCATAGAAGCATA-1","5","Rbfox3",1.9445827531252
"GCACCATAGCGCATAC-1","3","Rbfox3",0
"GCACCATAGGATGCAG-1","2","Rbfox3",0.931185403523441
"GCACCGATCTAGTCCT-1","0","Rbfox3",1.05255988776272
"GCACCTAGTGAGACAC-1","1","Rbfox3",1.14592430634268
"GCACCTAGTGCAATGA-1","1","Rbfox3",1.42092526329716
"GCACCTAGTGGGAACT-1","2","Rbfox3",2.31887399299203
"GCACGAAAGGAGGATT-1","0","Rbfox3",0.837216902341797
"GCACGAAAGTACCACA-1","10","Rbfox3",0
"GCACGAAAGTCATAGT-1","0","Rbfox3",0
"GCACGATTCCGCGAAT-1","6","Rbfox3",0
"GCACGGTCAACTTCAT-1","7","Rbfox3",2.04644836394959
"GCACGGTCAGGATACT-1","1","Rbfox3",1.41223202818612
"GCACTAGCAATTCAAG-1","0","Rbfox3",1.67792844425629
"GCACTATGTCATTGCG-1","5","Rbfox3",0.821775545690599
"GCACTGACAGGACTGC-1","5","Rbfox3",0.676094392177226
"GCACTGGTCGACATAT-1","2","Rbfox3",0
"GCAGCCATCACTTCCG-1","5","Rbfox3",0
"GCAGCGAGTTCTGTAA-1","1","Rbfox3",1.68558462127767
"GCAGGCTCATTGCGTC-1","4","Rbfox3",1.00466866647619
"GCAGGGTAGCGATGAG-1","0","Rbfox3",0
"GCAGTAAGTAGCTCGC-1","1","Rbfox3",1.27128134380677
"GCAGTGAAGCGATAGG-1","0","Rbfox3",0
"GCATAAGGTGAGGTGT-1","8","Rbfox3",1.99098063898343
"GCATAAGGTTATGGTC-1","3","Rbfox3",0
"GCATAGTCAAATGCGT-1","1","Rbfox3",1.01717837627417
"GCATAGTCAATTGGCG-1","6","Rbfox3",0
"GCATAGTCAGCAGGGA-1","0","Rbfox3",1.35197613693865
"GCATAGTCAGGTAATC-1","13","Rbfox3",1.2193324171285
"GCATAGTCATGGCGAC-1","0","Rbfox3",2.10859225881115
"GCATCAATCCCTCAGC-1","0","Rbfox3",1.44532789270408
"GCATCACAGAAGGTGT-1","0","Rbfox3",0
"GCATCAGCAGTTGGGC-1","0","Rbfox3",0.785285375433038
"GCATCCTCAACTCGTC-1","6","Rbfox3",0
"GCATCCTCAATATCTC-1","3","Rbfox3",0
"GCATCCTCATTAGTGA-1","1","Rbfox3",1.14098019958773
"GCATCTAAGAACCAGG-1","1","Rbfox3",1.45793237384214
"GCATCTAAGCCCGTTC-1","3","Rbfox3",0
"GCATCTAAGGTTCCGG-1","4","Rbfox3",0.583726820836785
"GCATGGGGTTACACAC-1","0","Rbfox3",1.46212056453962
"GCATGTCAGGTACGCT-1","0","Rbfox3",0.751509081859557
"GCATGTTGTCCATCTC-1","0","Rbfox3",0.94630315345883
"GCATGTTGTCTGGCGT-1","0","Rbfox3",0
"GCATTACGTGAGTGTA-1","3","Rbfox3",0
"GCATTACGTTATCAGC-1","0","Rbfox3",0
"GCATTATAGGCGTACT-1","5","Rbfox3",1.89977675268723
"GCATTCAAGAAGGGCC-1","0","Rbfox3",0.842827732667154
"GCATTCAAGGTCATAT-1","14","Rbfox3",0
"GCATTCCCAACGTGAT-1","0","Rbfox3",0
"GCATTGATCACCCTAT-1","5","Rbfox3",1.60414697912043
"GCATTGATCGATGGAG-1","7","Rbfox3",2.36649551893039
"GCATTTGAGCCATCAA-1","1","Rbfox3",1.4561009792149
"GCCAAATCACAAGCAT-1","3","Rbfox3",0
"GCCAAATCATCAATCT-1","5","Rbfox3",1.21731972188124
"GCCAACTAGGTACACC-1","0","Rbfox3",1.48156333015171
"GCCAACTAGGTCAATT-1","3","Rbfox3",0
"GCCAAGCCACAGGACC-1","10","Rbfox3",0
"GCCAATGCAATCGCAG-1","5","Rbfox3",1.99437294832354
"GCCAATGCACTCAGGA-1","0","Rbfox3",0
"GCCAATGCAGCTCGTT-1","7","Rbfox3",2.25021386168313
"GCCAATGCATAATCGA-1","5","Rbfox3",1.78213714586208
"GCCAATGCATCGACTC-1","0","Rbfox3",0
"GCCAATTGTCAGCTCA-1","1","Rbfox3",2.86916743946995
"GCCAATTGTGACGAGT-1","5","Rbfox3",0.807542421470514
"GCCACAACAGCTAGAT-1","1","Rbfox3",1.3668877384202
"GCCACATAGCCGATAC-1","6","Rbfox3",0
"GCCACATAGGGTCTCG-1","12","Rbfox3",0
"GCCACATAGGGTGAAT-1","2","Rbfox3",2.13576070211712
"GCCACCTTCAATCCAG-1","0","Rbfox3",1.01470552519792
"GCCACCTTCAATGTAC-1","0","Rbfox3",1.13545892598195
"GCCACCTTCTGGTAAT-1","3","Rbfox3",0
"GCCACTTCAAGGTGAA-1","10","Rbfox3",0
"GCCACTTCAAGTGCCA-1","2","Rbfox3",1.73406596585075
"GCCACTTCAAGTTACA-1","4","Rbfox3",0.372856019064809
"GCCATAATCATGCGAC-1","0","Rbfox3",1.23122362036216
"GCCATATGTCTTGCAG-1","4","Rbfox3",2.03145187192258
"GCCATCAGTTCAAGGA-1","8","Rbfox3",1.86586093957915
"GCCATCAGTTTCGGTG-1","0","Rbfox3",1.80787712686339
"GCCATCCTCCACGGAT-1","7","Rbfox3",2.45223733626621
"GCCATCTCAGCTCGTT-1","8","Rbfox3",1.9653094476314
"GCCATCTCATAATCTC-1","5","Rbfox3",1.03078441961396
"GCCATTCCATGGCAAT-1","0","Rbfox3",0
"GCCCAAGTCCCGCGAA-1","14","Rbfox3",0
"GCCCAATAGGTTGGCT-1","4","Rbfox3",1.59638281399608
"GCCCACTTCAATCTCC-1","1","Rbfox3",2.00453042114144
"GCCCACTTCCATCTCG-1","1","Rbfox3",2.75094260489436
"GCCCACTTCCATGCCC-1","6","Rbfox3",0
"GCCCATAGTGAAGCGT-1","1","Rbfox3",2.60899575550247
"GCCCATAGTTAGGCTT-1","6","Rbfox3",0
"GCCCATTCAATCATAG-1","4","Rbfox3",1.41387834840662
"GCCCATTCAGGTATCG-1","12","Rbfox3",0
"GCCCCAAAGCCTATCT-1","0","Rbfox3",0.709068882756828
"GCCCCAAAGGGTGAAT-1","0","Rbfox3",1.21370447742447
"GCCCCATTCTATGCCT-1","13","Rbfox3",1.81720613488922
"GCCCCTTAGCAGGTCT-1","14","Rbfox3",0
"GCCCCTTAGGCGCTCA-1","0","Rbfox3",1.11514831197542
"GCCCCTTAGGCGTCTG-1","4","Rbfox3",0.538609880178097
"GCCCTAGAGTGCTCGG-1","11","Rbfox3",0
"GCCCTAGAGTTGCATG-1","1","Rbfox3",1.42379089864162
"GCCCTCACAATCTGGG-1","0","Rbfox3",1.99866229932862
"GCCCTGAAGCGCTCTC-1","10","Rbfox3",1.40580717534347
"GCCCTGAAGTCAGCTA-1","0","Rbfox3",0.791832484108251
"GCCCTGTTCAATGGCC-1","16","Rbfox3",0
"GCCCTGTTCGCGTGTG-1","6","Rbfox3",0
"GCCGAACCATAAGTGC-1","2","Rbfox3",2.00304990454909
"GCCGAGTCAAACCGAT-1","5","Rbfox3",1.24867094577686
"GCCGAGTCAAGGGCTC-1","1","Rbfox3",1.58093837143959
"GCCGAGTCACCATCGT-1","0","Rbfox3",1.20950778726389
"GCCGAGTCATAGACCG-1","3","Rbfox3",0
"GCCGCTAAGGAACCTC-1","4","Rbfox3",0.816244468087592
"GCCGTACGTCAGTAAG-1","10","Rbfox3",0
"GCCGTCAAGGTTGCCG-1","3","Rbfox3",0
"GCCGTTAGTGATCCTG-1","4","Rbfox3",1.22564215036987
"GCCGTTGAGGGCTTAC-1","1","Rbfox3",3.16693617883945
"GCCTAAATCACTCCAT-1","7","Rbfox3",1.15608315998867
"GCCTAAATCTGGCCCT-1","1","Rbfox3",1.98406079697734
"GCCTAACAGTAATGAG-1","6","Rbfox3",0
"GCCTACCTCGACTGAC-1","0","Rbfox3",1.28738379373579
"GCCTACTCAAATGGGA-1","2","Rbfox3",1.87281826504998
"GCCTATGGTAGTCCCA-1","2","Rbfox3",2.19127344393829
"GCCTATGGTCAGGAAC-1","0","Rbfox3",0.974827455157447
"GCCTATGGTGCAGTAA-1","6","Rbfox3",0
"GCCTATGGTTATGGAG-1","8","Rbfox3",1.1139097306069
"GCCTCCACAAACCAAC-1","4","Rbfox3",1.43623815985104
"GCCTCCACATCACGAG-1","7","Rbfox3",1.78018717939735
"GCCTGCAAGCTTAACG-1","0","Rbfox3",0.911339488424952
"GCCTGCTTCCTCACTG-1","7","Rbfox3",1.54254367760407
"GCCTGGATCTAGTGTG-1","0","Rbfox3",0
"GCCTGTGAGCATTGAT-1","7","Rbfox3",1.3644037770591
"GCCTGTGAGGTAGCTC-1","2","Rbfox3",2.04927090773075
"GCCTGTTCAATCGAGT-1","1","Rbfox3",1.006042156977
"GCCTGTTCACCATCCG-1","1","Rbfox3",0.970123394355334
"GCGAAAGTCAGCGGAA-1","0","Rbfox3",0.810097784635753
"GCGAATTCAAATCGGT-1","14","Rbfox3",0
"GCGAATTCAATAGGCT-1","0","Rbfox3",1.58109165405374
"GCGAATTCAATGTATG-1","1","Rbfox3",1.17825706901868
"GCGAATTCACTTACGC-1","0","Rbfox3",0
"GCGAATTCATCCTGAC-1","4","Rbfox3",0.418546189644017
"GCGACATTCTTGAGCA-1","3","Rbfox3",0
"GCGACTTAGGATGGGC-1","0","Rbfox3",0
"GCGAGGTAGCCTGTCC-1","0","Rbfox3",1.06286664703804
"GCGAGGTAGTGAATGA-1","4","Rbfox3",1.56735398607699
"GCGAGTAAGGTAGCGA-1","0","Rbfox3",0.895106722420111
"GCGAGTTTCACGGAAG-1","0","Rbfox3",0
"GCGATAAGTTGAGCCC-1","8","Rbfox3",1.43338022151079
"GCGATCCGTGAGCGCA-1","7","Rbfox3",1.35834638332939
"GCGATCCGTTAATGGG-1","0","Rbfox3",0
"GCGATCCGTTCCGCTT-1","0","Rbfox3",0
"GCGATCCGTTCGCAAT-1","4","Rbfox3",0
"GCGATGTTCAGCATTG-1","5","Rbfox3",1.22499090216587
"GCGCATTAGGTCCAAC-1","0","Rbfox3",0.536670515177739
"GCGCATTAGTCGCTGG-1","5","Rbfox3",1.75402832933928
"GCGCCTAAGCTAATGT-1","4","Rbfox3",0.895920863927456
"GCGCCTAAGGAACTAA-1","3","Rbfox3",0
"GCGCCTAAGTCATGGC-1","5","Rbfox3",0.732382432476165
"GCGCCTAAGTCGAACC-1","0","Rbfox3",0.900102004524237
"GCGCTAACATTAGTTC-1","3","Rbfox3",0
"GCGCTAGTCACTCACT-1","5","Rbfox3",1.7941802321989
"GCGCTCAAGGAGGTCA-1","0","Rbfox3",1.02852781916606
"GCGCTCAAGTGGCTTA-1","0","Rbfox3",0
"GCGCTTGAGATAGCCC-1","2","Rbfox3",2.06306050665172
"GCGCTTGAGCATCCTT-1","4","Rbfox3",0.619976935477513
"GCGGAGACAATCCGTC-1","3","Rbfox3",0
"GCGGAGTAGATTGAAG-1","6","Rbfox3",0
"GCGGCTATCCGCACGA-1","1","Rbfox3",2.09606774269404
"GCGGGAACATGCTCGT-1","1","Rbfox3",1.21539786183887
"GCGGGTAGTTAGCGAA-1","0","Rbfox3",1.12883436901669
"GCGGGTTCATCATATC-1","0","Rbfox3",1.44806072124512
"GCGGTAAAGGATGAAC-1","0","Rbfox3",0
"GCGGTAGGTAATGTGG-1","5","Rbfox3",1.40603961858142
"GCGGTGAGTTCAATCA-1","0","Rbfox3",0.87350177927701
"GCGTAAAGTTAGCAAG-1","8","Rbfox3",2.03036716565426
"GCGTAATCAGCCATAG-1","4","Rbfox3",1.49298453668202
"GCGTAATCAGCCATCT-1","0","Rbfox3",1.39054688422801
"GCGTACCGTCAGGGAT-1","0","Rbfox3",0
"GCGTACCGTCTAACGT-1","11","Rbfox3",1.27908797507178
"GCGTAGCCAAGCATCG-1","7","Rbfox3",1.8588167059696
"GCGTAGCCAGCTCTCG-1","4","Rbfox3",0.53618422552622
"GCGTATATCGTACCTT-1","3","Rbfox3",0
"GCGTATTGTAGGTACA-1","3","Rbfox3",0
"GCGTCAACAAGCCAAT-1","11","Rbfox3",0
"GCGTGAAAGATACTAC-1","5","Rbfox3",1.29773357211255
"GCGTGAAAGCTATCTC-1","0","Rbfox3",0
"GCGTGAAAGGATGTCC-1","1","Rbfox3",1.76217453073825
"GCGTGAAAGTCATGGC-1","0","Rbfox3",1.72462550250993
"GCGTGAGGTAATGCAG-1","1","Rbfox3",2.3348933362267
"GCGTGAGGTAGTAACG-1","5","Rbfox3",1.11929892727683
"GCGTGAGGTGGAGAGA-1","8","Rbfox3",2.25256332290543
"GCGTGCATCGTGATTG-1","6","Rbfox3",0
"GCGTGTTAGTGAAGCG-1","2","Rbfox3",2.44810060140142
"GCGTTCTCATTACCTG-1","13","Rbfox3",0
"GCTAAACCAAGTGCTG-1","5","Rbfox3",1.53788780119673
"GCTAAACCAGGTATGT-1","12","Rbfox3",0
"GCTAAAGGTTCGCGTA-1","9","Rbfox3",0
"GCTAAAGGTTGACGCC-1","0","Rbfox3",1.7093554259336
"GCTAAATTCTGTCTAC-1","2","Rbfox3",1.87491840179868
"GCTAACATCAGGAAGT-1","0","Rbfox3",0.909209687142782
"GCTAACATCCCGCAAG-1","0","Rbfox3",1.54776722184278
"GCTAATGTCCACCGCT-1","0","Rbfox3",1.41250610572526
"GCTAATGTCCATAGTG-1","4","Rbfox3",1.12732677062514
"GCTACCCTCGATGCTA-1","0","Rbfox3",1.06923266812781
"GCTACCTCACCTATAT-1","7","Rbfox3",1.21943324774905
"GCTACCTCAGGTTCCT-1","4","Rbfox3",1.67814980581045
"GCTACTGGTAGTAGAT-1","2","Rbfox3",2.19987021612181
"GCTACTGGTGGCGTTC-1","0","Rbfox3",0
"GCTAGGGGTGAAGGCT-1","5","Rbfox3",0
"GCTAGGTTCCTGAAGC-1","6","Rbfox3",1.4769391540352
"GCTAGGTTCTAGCCGG-1","0","Rbfox3",1.35070324330345
"GCTAGTCAGCAACCCG-1","0","Rbfox3",1.27266746916375
"GCTAGTCAGGATTACT-1","0","Rbfox3",1.0532077991984
"GCTAGTCAGGCTCTGG-1","1","Rbfox3",1.73334629846116
"GCTAGTTGTGAGATCA-1","0","Rbfox3",0.825074723602493
"GCTAGTTGTTTACTTC-1","4","Rbfox3",1.65329444199529
"GCTATGATCAATCTCC-1","0","Rbfox3",0.709383548401456
"GCTATTGAGGTAACGG-1","8","Rbfox3",1.49698745408964
"GCTCACCTCTGGCTGG-1","7","Rbfox3",1.87827551655027
"GCTCAGGTCCGCGTAG-1","0","Rbfox3",0
"GCTCATAAGCCCTGGA-1","4","Rbfox3",0.540189675913022
"GCTCATAAGTACGCCG-1","10","Rbfox3",0
"GCTCATGGTAGGTGTA-1","0","Rbfox3",1.81752999153237
"GCTCCAAGTATGTACC-1","0","Rbfox3",0.616387244136992
"GCTCCAAGTTTCGAGT-1","5","Rbfox3",1.70507544234228
"GCTCCCACAGCTCGTT-1","4","Rbfox3",1.52322948695903
"GCTCCCACATTGGGCA-1","0","Rbfox3",0.861330458127816
"GCTCCGTTCAATGTGT-1","0","Rbfox3",1.22584051060974
"GCTCCGTTCGATCGGT-1","9","Rbfox3",0
"GCTCCTGCAAGTGATC-1","0","Rbfox3",1.46173865480454
"GCTCCTGCATTGACGG-1","1","Rbfox3",1.57849069006914
"GCTCCTTGTGATGATG-1","10","Rbfox3",0
"GCTCGATAGCCGACTG-1","8","Rbfox3",2.35926157205627
"GCTCGATAGGTTAGCC-1","2","Rbfox3",1.05793131466657
"GCTCGATAGTGCTCGG-1","7","Rbfox3",1.54023555105427
"GCTCGCTTCTAGTAAC-1","0","Rbfox3",1.38166230203466
"GCTCGCTTCTGTGAGC-1","0","Rbfox3",0
"GCTCGTAGTCAGGCGA-1","0","Rbfox3",0
"GCTCGTAGTTGTAGGA-1","10","Rbfox3",0
"GCTCTATTCACCAGCG-1","4","Rbfox3",1.18748138691888
"GCTCTATTCAGCTAAT-1","5","Rbfox3",1.73086672481507
"GCTCTATTCCATGCGG-1","11","Rbfox3",0
"GCTCTCATCATGTCCT-1","7","Rbfox3",1.95797222935648
"GCTCTTGTCTAGCGCG-1","0","Rbfox3",1.68689888837176
"GCTGAAAGTAGCGGAT-1","2","Rbfox3",1.73138297660953
"GCTGAAAGTGGCCTAC-1","4","Rbfox3",0.739520365193324
"GCTGAAAGTTAGCCAT-1","5","Rbfox3",0
"GCTGACTAGCGGACTT-1","0","Rbfox3",0.916981287799094
"GCTGACTAGGTAGTCC-1","1","Rbfox3",0.646670457967002
"GCTGACTAGTGGGTTC-1","3","Rbfox3",0
"GCTGAGAAGGTCATGC-1","10","Rbfox3",0
"GCTGAGAAGGTTCGGT-1","2","Rbfox3",2.18336035173771
"GCTGATGCAACTGCCT-1","9","Rbfox3",0
"GCTGCCTTCACGCACG-1","0","Rbfox3",0
"GCTGCTGAGCCGAGTT-1","0","Rbfox3",2.05047952256025
"GCTGGATTCACAGATT-1","3","Rbfox3",0
"GCTGGCTGTGCGGTTC-1","1","Rbfox3",1.73631609538632
"GCTGGGTCAATTAGGC-1","2","Rbfox3",1.77479623248058
"GCTGTTAAGGTCAACC-1","2","Rbfox3",1.70695045426463
"GCTTAACGTCAGGCAG-1","5","Rbfox3",0
"GCTTAACGTTCGGTAT-1","11","Rbfox3",0
"GCTTAACGTTCGTTGG-1","6","Rbfox3",0
"GCTTAATAGCGGGAAC-1","2","Rbfox3",1.76367490705145
"GCTTACTTCACAGGTC-1","4","Rbfox3",1.24188820281614
"GCTTACTTCAGTATCG-1","1","Rbfox3",0.684705395675737
"GCTTACTTCCGTTGCC-1","3","Rbfox3",0
"GCTTATAGTATGGATG-1","1","Rbfox3",1.07868350106083
"GCTTATGAGGGTATCC-1","2","Rbfox3",1.3122281487223
"GCTTCCATCGCTCGCT-1","6","Rbfox3",0
"GCTTCCATCTAGTGAT-1","2","Rbfox3",0
"GCTTCCGCAACCTGAG-1","0","Rbfox3",0.864101056204325
"GCTTCCGCACCATCGT-1","7","Rbfox3",1.57958228058598
"GCTTCCTGTGCGTGGA-1","0","Rbfox3",1.78121281150837
"GCTTGATGTCAGGGAT-1","0","Rbfox3",0
"GCTTGCCTCACTTCAC-1","3","Rbfox3",0
"GCTTGGACAGCTAGGC-1","4","Rbfox3",1.38349590069056
"GCTTGTAAGCGGTAGA-1","0","Rbfox3",1.12812712839952
"GCTTGTCCAATATCTC-1","5","Rbfox3",1.56212879551226
"GCTTTGAAGCAGGCAA-1","0","Rbfox3",0.771899842902992
"GCTTTGAAGCATGTCA-1","5","Rbfox3",1.34929213876356
"GCTTTGAAGCTGGAAG-1","3","Rbfox3",0
"GCTTTGGGTGAGGAGA-1","3","Rbfox3",0
"GCTTTGGGTGAGTAGC-1","3","Rbfox3",0
"GGAAACTAGTAGCCAC-1","10","Rbfox3",0
"GGAAACTAGTAGTGCC-1","2","Rbfox3",2.06462131982743
"GGAAATGCAAGTGAGA-1","9","Rbfox3",0
"GGAAATTGTAATCGCT-1","0","Rbfox3",0.814628471089097
"GGAACATAGCATCCAA-1","6","Rbfox3",0
"GGAACCAAGCGAGTAG-1","9","Rbfox3",0
"GGAACGATCAATCTGG-1","5","Rbfox3",2.01225704905588
"GGAACTGAGAATCCGC-1","7","Rbfox3",1.61586880276439
"GGAACTGAGTGCCCGA-1","5","Rbfox3",0
"GGAAGATTCACCTGAA-1","1","Rbfox3",1.48402007583878
"GGAAGCATCGACCGAT-1","0","Rbfox3",0.945099372322117
"GGAAGCCAGTTAGTGT-1","0","Rbfox3",0.941269260799731
"GGAAGGCTCCATCCGC-1","0","Rbfox3",0
"GGAAGGTCAAACTTAG-1","8","Rbfox3",2.34091825517627
"GGAAGGTCATCACTGC-1","6","Rbfox3",0
"GGAAGTTAGCGAGCTT-1","2","Rbfox3",1.36460521117742
"GGAAGTTAGCTGAGAG-1","2","Rbfox3",2.41720799370422
"GGAATATGTCCATATA-1","0","Rbfox3",1.3290338320653
"GGAATATGTTATCGCG-1","6","Rbfox3",0
"GGAATCTCATCCAGAG-1","3","Rbfox3",0
"GGAATCTCATTACGAA-1","2","Rbfox3",2.30174980525312
"GGAATTAAGGCTCCGA-1","0","Rbfox3",0.669886951273271
"GGACAATAGCCTTCCA-1","0","Rbfox3",0
"GGACAGGCATCATCTG-1","0","Rbfox3",1.26067610956406
"GGACATAGTAATGAGT-1","2","Rbfox3",1.89794210856257
"GGACATGAGGTAGTCC-1","0","Rbfox3",0.737864655764131
"GGACATTCAGCCAGTA-1","0","Rbfox3",2.19551972876133
"GGACCCTGTCATTCAA-1","0","Rbfox3",2.12196671391844
"GGACCCTGTGCAACGG-1","3","Rbfox3",0
"GGACGAATCAGTATGT-1","0","Rbfox3",1.22848272384311
"GGACGAATCGATGCTA-1","5","Rbfox3",1.06367339419836
"GGACGAATCTCACCGC-1","1","Rbfox3",1.95266041576718
"GGACGATGTCTTACGG-1","2","Rbfox3",1.96448062371802
"GGACGGACATAAGTCA-1","8","Rbfox3",0.916801035515889
"GGACGTAAGAATCAAG-1","0","Rbfox3",0.788282855521318
"GGACGTTTCATAGGCC-1","0","Rbfox3",0
"GGACTTATCTAGTCTC-1","11","Rbfox3",0
"GGACTTGCAATCAGTA-1","0","Rbfox3",1.14992716245165
"GGACTTGCATGACTAA-1","0","Rbfox3",0.955117773295364
"GGACTTGCATGGAGCC-1","3","Rbfox3",0
"GGAGAAGGTAACCCAT-1","2","Rbfox3",2.3049929176523
"GGAGAGGAGTCAGGTC-1","0","Rbfox3",0
"GGAGAGGAGTTGCGGT-1","9","Rbfox3",0
"GGAGCAATCAGCAGGA-1","4","Rbfox3",0
"GGAGCAATCCGTTGCC-1","0","Rbfox3",0.914285433624995
"GGAGCATGTAATGGTG-1","0","Rbfox3",1.19069827311724
"GGAGCCAGTTGGAGTA-1","2","Rbfox3",2.38875370671587
"GGAGCTAAGCGGGATA-1","0","Rbfox3",1.83867602177912
"GGAGCTAAGGGTAGGC-1","0","Rbfox3",0
"GGAGCTAAGTAATCGT-1","6","Rbfox3",0
"GGAGGTTGTAACGCTT-1","6","Rbfox3",0
"GGAGGTTGTTCACGCA-1","8","Rbfox3",2.27402056526025
"GGAGTAACACATTCGC-1","0","Rbfox3",0.753110645327503
"GGAGTATAGCTACTGA-1","11","Rbfox3",0
"GGAGTCAAGCTAACTG-1","2","Rbfox3",2.13290755954607
"GGAGTGATCTGTGCAA-1","1","Rbfox3",1.7519430812375
"GGATAACAGCTTAGGC-1","4","Rbfox3",1.07990181218174
"GGATAGGTCGTACACA-1","2","Rbfox3",1.39236240951403
"GGATAGTAGAAGCCTC-1","0","Rbfox3",2.2353053490982
"GGATATGGTATGTACC-1","5","Rbfox3",1.07441126367457
"GGATATGGTTCGCTAG-1","0","Rbfox3",1.14588772570565
"GGATATGGTTTGACCG-1","1","Rbfox3",1.86770977587311
"GGATCGCCATCCCTGG-1","0","Rbfox3",1.84909013928406
"GGATCGTTCCGCGGTA-1","0","Rbfox3",1.30945770381078
"GGATGCTTCACTGGTA-1","7","Rbfox3",1.46315835689207
"GGATGGATCCGGGTTG-1","0","Rbfox3",1.0040108322407
"GGATGTGAGCCTGGTG-1","2","Rbfox3",2.12835211188205
"GGATGTGAGGCGTAAG-1","6","Rbfox3",0
"GGATGTTCATAAGCTA-1","15","Rbfox3",2.38870375463248
"GGATTAAAGCCCTACC-1","0","Rbfox3",1.3649307493573
"GGATTCATCCCGTTCA-1","3","Rbfox3",0
"GGATTCGCAAATCTAG-1","0","Rbfox3",1.46967931789398
"GGATTCGCAATCCATT-1","1","Rbfox3",1.87148795851723
"GGATTCGCATCCCAGT-1","6","Rbfox3",0
"GGATTGAGTAGCCCGT-1","0","Rbfox3",1.11662019543603
"GGATTGCTCCCCATTG-1","0","Rbfox3",1.24162561788252
"GGCAACCCAAGGTCCA-1","0","Rbfox3",0
"GGCAACCCAGGATGCC-1","2","Rbfox3",0.907090488910934
"GGCAACTTCGAACCGT-1","5","Rbfox3",0
"GGCAAGGCAATCCGTC-1","15","Rbfox3",1.59094545595842
"GGCAAGGCAGGGCTAC-1","0","Rbfox3",2.31409562022533
"GGCAATAGTTCCTGAG-1","5","Rbfox3",1.58756191711346
"GGCACACCAAGTCCTC-1","2","Rbfox3",1.30899725775593
"GGCACACCAATACATG-1","0","Rbfox3",1.29432678317163
"GGCACACCAGGTTAGT-1","3","Rbfox3",0
"GGCACATTCACCTGCC-1","2","Rbfox3",2.38365412646622
"GGCACCATCAGGTGAG-1","14","Rbfox3",0
"GGCACCATCGAAGCCT-1","0","Rbfox3",0.698184974589902
"GGCACCTGTGATGGAC-1","0","Rbfox3",0.615525833004043
"GGCACCTGTTTGACAC-1","1","Rbfox3",1.78795020465719
"GGCACGAGTTAGTGCT-1","0","Rbfox3",1.51912858839039
"GGCATAAGTAAGTGCA-1","2","Rbfox3",0
"GGCATAAGTCAGGAGT-1","6","Rbfox3",0
"GGCATAGAGCATGATT-1","1","Rbfox3",2.05472675279613
"GGCATAGAGGTTCCTT-1","13","Rbfox3",0
"GGCATAGAGTAGTCCA-1","4","Rbfox3",1.54177338735144
"GGCATGGGTCTGTCCT-1","0","Rbfox3",1.2371807071424
"GGCATGGGTTCGTGCA-1","6","Rbfox3",0
"GGCATTATCAGCCACG-1","2","Rbfox3",1.48270277071928
"GGCATTATCCACCGTC-1","0","Rbfox3",0.65046005578076
"GGCATTATCCGTATGA-1","1","Rbfox3",2.63940697996847
"GGCATTCAGATTAGCT-1","7","Rbfox3",2.10939196409841
"GGCATTCAGTATGATC-1","0","Rbfox3",0.893653766724937
"GGCCAATTCCATAGAT-1","0","Rbfox3",1.96219978836635
"GGCCCTAAGCTAGAGG-1","11","Rbfox3",0
"GGCCGAAGTGGCGTTC-1","3","Rbfox3",0
"GGCCTAACACAGGGTC-1","1","Rbfox3",1.48396733073348
"GGCCTAGTCATGCTAG-1","1","Rbfox3",2.09624653631065
"GGCCTAGTCGTAACCA-1","7","Rbfox3",1.56518906670761
"GGCCTCAAGCTAGTGC-1","7","Rbfox3",1.05013794233015
"GGCCTCAAGTCAGGAG-1","2","Rbfox3",0.910184524800963
"GGCCTCAAGTGAATGA-1","1","Rbfox3",1.04768805408596
"GGCCTTGAGCTACCGG-1","3","Rbfox3",0
"GGCGAACAGCGAACGA-1","0","Rbfox3",0.828256749591384
"GGCGAACAGGTGCTGT-1","0","Rbfox3",0.733393314032976
"GGCGAGACAATCGAGT-1","4","Rbfox3",0
"GGCGAGACATGGTACG-1","8","Rbfox3",2.49974845076556
"GGCGATCCATCAAGCG-1","2","Rbfox3",1.80681254349699
"GGCGATCCATTAACGA-1","3","Rbfox3",0
"GGCGATGGTCCCGAGT-1","2","Rbfox3",1.74812676048036
"GGCGCTTGTTCACGGC-1","12","Rbfox3",0
"GGCGCTTGTTGAGTTC-1","1","Rbfox3",1.35502811814116
"GGCGGATAGATTGCGC-1","0","Rbfox3",0
"GGCGGATAGGTGCTTA-1","0","Rbfox3",0
"GGCGGTAGTTTGCAGT-1","5","Rbfox3",0
"GGCGGTTCACTCGCAT-1","1","Rbfox3",1.49144824386036
"GGCGTCTGTCAGGGAT-1","0","Rbfox3",1.59456539718024
"GGCGTGAGTTTCGGAT-1","12","Rbfox3",0
"GGCGTGAGTTTGGGTT-1","13","Rbfox3",0
"GGCGTTACATTAATCC-1","2","Rbfox3",1.37489113605965
"GGCGTTGTCAGCAATT-1","3","Rbfox3",0
"GGCGTTGTCCAGAGAG-1","15","Rbfox3",2.38705701641509
"GGCGTTGTCTAGTGTG-1","0","Rbfox3",0.518021067059243
"GGCTAGAAGGTGATGG-1","1","Rbfox3",1.49519531482676
"GGCTAGAAGTTAGGCC-1","5","Rbfox3",0.904981810022979
"GGCTATATCACGTGTA-1","6","Rbfox3",0
"GGCTATATCCAGGCCA-1","3","Rbfox3",0
"GGCTCAACATAGGTTA-1","0","Rbfox3",0.784118958765672
"GGCTCGATCCGTGCTC-1","0","Rbfox3",1.05207452444201
"GGCTCGATCGAATGGG-1","5","Rbfox3",1.69151869780751
"GGCTCGATCGACCCGA-1","0","Rbfox3",1.39795674245062
"GGCTGAAAGAACGGGC-1","3","Rbfox3",0
"GGCTGAAAGCAGGTCT-1","13","Rbfox3",0
"GGCTGAAAGGTCGAGA-1","2","Rbfox3",2.1001229912177
"GGCTGACCATGGATAC-1","10","Rbfox3",0
"GGCTGAGGTTCGCCTT-1","11","Rbfox3",0
"GGCTGGTCATCGCTCG-1","4","Rbfox3",0.819496842116947
"GGCTTAATCCCAGAGT-1","0","Rbfox3",0
"GGCTTATGTTAGCGTT-1","0","Rbfox3",0.81652620172045
"GGCTTCCTCCCTGGTC-1","5","Rbfox3",1.2717122166499
"GGCTTCTCATCCTACA-1","3","Rbfox3",0
"GGCTTCTCATGGTGTG-1","6","Rbfox3",0
"GGCTTGGTCGACTATG-1","0","Rbfox3",0
"GGCTTGGTCGCTCAGG-1","14","Rbfox3",0
"GGCTTGGTCTATCCAC-1","8","Rbfox3",1.86294313382038
"GGCTTTGGTGAGCGTG-1","2","Rbfox3",0
"GGGAACATCCCATAGA-1","3","Rbfox3",0
"GGGAACATCCCCAGAG-1","1","Rbfox3",1.28995363864205
"GGGAACATCGCGTCGA-1","9","Rbfox3",0
"GGGAATGTCCCAGGAT-1","0","Rbfox3",0
"GGGAATGTCTTGAACG-1","9","Rbfox3",0
"GGGAATTAGGTTGGCT-1","0","Rbfox3",1.47355806158956
"GGGACAATCACAGGGA-1","9","Rbfox3",0
"GGGACAATCAGGTCCG-1","9","Rbfox3",0
"GGGACACAGTATGACT-1","1","Rbfox3",1.86809553834501
"GGGACCAGTAGCTTCG-1","5","Rbfox3",0.71127766871561
"GGGACCAGTGGCGAAT-1","3","Rbfox3",0
"GGGACCAGTTAAGCTC-1","3","Rbfox3",0
"GGGACCAGTTCCGTAG-1","0","Rbfox3",2.30389113474784
"GGGACCTCAAACCGCA-1","13","Rbfox3",2.27245780891882
"GGGACGTAGCTATCGA-1","9","Rbfox3",0
"GGGACGTAGTGAACCC-1","3","Rbfox3",0
"GGGATAGTCACACATG-1","3","Rbfox3",0
"GGGATAGTCATCAGGC-1","0","Rbfox3",0.772965597551819
"GGGATATAGGATGGCA-1","3","Rbfox3",0
"GGGATTAGTGAAGGAG-1","2","Rbfox3",1.90521073610303
"GGGATTGAGGCAAGTG-1","1","Rbfox3",1.83501630152003
"GGGATTGAGTCATGCA-1","4","Rbfox3",0.969818305867544
"GGGCAAATCATGCGTA-1","0","Rbfox3",0
"GGGCAACAGCCATGCG-1","1","Rbfox3",1.11246854280244
"GGGCAGACATCACTCA-1","1","Rbfox3",1.28709897222524
"GGGCATCCATAGATGC-1","10","Rbfox3",0
"GGGCATGGTGCAGCGA-1","0","Rbfox3",0
"GGGCATTTCGTAACTG-1","3","Rbfox3",0
"GGGCCTATCCTGCTCA-1","2","Rbfox3",1.92438690871122
"GGGCCTTGTGAAGTTG-1","0","Rbfox3",0.97282735181874
"GGGCCTTGTGCATCTG-1","3","Rbfox3",0
"GGGCGATAGGCAACCT-1","0","Rbfox3",1.60544987125614
"GGGCGATAGTTAGTGT-1","7","Rbfox3",1.45547071206245
"GGGCGTAGTGGCGTGA-1","3","Rbfox3",0
"GGGCTAGGTGCGGCTT-1","0","Rbfox3",0.479526198485996
"GGGCTAGGTTTACCGG-1","0","Rbfox3",1.31700870672937
"GGGCTCTGTATGTAGG-1","8","Rbfox3",1.39452548178497
"GGGCTCTGTGCACCAC-1","0","Rbfox3",1.065789689169
"GGGCTTACAAGCCTAG-1","9","Rbfox3",0
"GGGGACTAGGAACCTC-1","7","Rbfox3",1.6362062807501
"GGGGACTAGGTCATCA-1","4","Rbfox3",1.03262463665478
"GGGGATGCAAACCAAC-1","0","Rbfox3",1.58331826837611
"GGGGATGCACATTCAT-1","0","Rbfox3",0.810097784635753
"GGGGATGCATCGTTCA-1","4","Rbfox3",0.616897429780513
"GGGGCTAGTATAGTCC-1","0","Rbfox3",1.9956901747898
"GGGGCTAGTCTGTGTG-1","11","Rbfox3",0
"GGGGTAATCCAGGTGT-1","0","Rbfox3",0.770275815500652
"GGGGTAATCCTGCCGT-1","3","Rbfox3",0
"GGGGTATGTAATCGCT-1","12","Rbfox3",0
"GGGGTATGTTAGGTGA-1","12","Rbfox3",0
"GGGGTCAGTGATGCCC-1","1","Rbfox3",0
"GGGGTCAGTGCATTAC-1","0","Rbfox3",1.29381431474515
"GGGGTTAAGCCAGACT-1","1","Rbfox3",2.13130719385401
"GGGGTTGGTGCAACTT-1","8","Rbfox3",0
"GGGTAACGTAAGTCCT-1","4","Rbfox3",1.40969290534688
"GGGTAACGTTAGACGA-1","2","Rbfox3",1.31787610078921
"GGGTAACGTTATCATG-1","11","Rbfox3",0
"GGGTAATAGCCAGACT-1","0","Rbfox3",1.47213306647193
"GGGTAATAGCTGGTGT-1","0","Rbfox3",0
"GGGTACTTCCCATGAA-1","0","Rbfox3",1.70409385603583
"GGGTACTTCCCTCAAT-1","1","Rbfox3",0.695153199286811
"GGGTACTTCGATGTAT-1","4","Rbfox3",1.49385452830835
"GGGTACTTCTAGTCTC-1","2","Rbfox3",2.21447567900599
"GGGTATAGTAGTGCCC-1","8","Rbfox3",1.68744923678657
"GGGTCAAAGGAGTCGA-1","8","Rbfox3",1.13424157512388
"GGGTCAGGTCAGCCTA-1","0","Rbfox3",1.72747279906799
"GGGTCAGGTGATAGAT-1","12","Rbfox3",0
"GGGTCATTCACACCGG-1","0","Rbfox3",1.79719676565528
"GGGTCATTCAGCCTAA-1","0","Rbfox3",1.11336022205085
"GGGTCATTCTAGGCGT-1","6","Rbfox3",0
"GGGTCCATCCTGAGTA-1","3","Rbfox3",0
"GGGTGTCCATGAGCTG-1","2","Rbfox3",1.36761418956058
"GGGTTAAGTTTAAGCC-1","2","Rbfox3",1.78035118122063
"GGGTTCCGTCAGTTCG-1","4","Rbfox3",1.23455392786164
"GGGTTTCAGCAATCCA-1","1","Rbfox3",1.55686298368895
"GGGTTTCAGCTGGCAT-1","1","Rbfox3",1.05891437441574
"GGGTTTCAGGAGCTTC-1","7","Rbfox3",0.698337285682557
"GGGTTTGCATGAGTGT-1","1","Rbfox3",0
"GGTAACAGTTAGTTCA-1","3","Rbfox3",0
"GGTAACAGTTCCCAGA-1","0","Rbfox3",1.08851519239163
"GGTAATCCAGCTCGTT-1","2","Rbfox3",2.2414427878122
"GGTAATCCAGTTAAGC-1","14","Rbfox3",0
"GGTAATGGTAACGCGG-1","2","Rbfox3",0.809820707614771
"GGTAATGGTTCACTCC-1","5","Rbfox3",1.71156423557911
"GGTAATTTCCAACTAG-1","2","Rbfox3",1.28747876602086
"GGTAATTTCCGGAGTT-1","3","Rbfox3",0
"GGTAATTTCCGGTTCC-1","5","Rbfox3",2.06974602432641
"GGTAATTTCGCGCCTT-1","8","Rbfox3",2.23554771511002
"GGTACGAAGGCGTCAT-1","0","Rbfox3",1.00885672944324
"GGTACGCCAGCCAAGC-1","1","Rbfox3",2.2171221494373
"GGTACGGGTAACGGCG-1","1","Rbfox3",1.3937846088648
"GGTACGTTCATAGACT-1","4","Rbfox3",0
"GGTACGTTCCGTTGCC-1","3","Rbfox3",0
"GGTACTATCAGCGGAA-1","0","Rbfox3",0.781925630247104
"GGTAGCTTCAGCCATA-1","8","Rbfox3",1.53860559522609
"GGTAGTAGTAGGTGAC-1","4","Rbfox3",1.14596088956552
"GGTAGTGAGGCAAGGC-1","1","Rbfox3",2.07072961461416
"GGTAGTGAGGGCTCTG-1","6","Rbfox3",0
"GGTATAGGTATGGGTA-1","6","Rbfox3",0
"GGTATAGGTTTCGGTG-1","5","Rbfox3",1.65734828890932
"GGTATATTCCAGGTGT-1","0","Rbfox3",1.81711979769788
"GGTATCGCAGTACCCT-1","2","Rbfox3",2.2043674648486
"GGTATCTGTTACACCG-1","0","Rbfox3",1.82121057238911
"GGTATGGAGCCTGACG-1","0","Rbfox3",0
"GGTATGTCACAGCGAC-1","4","Rbfox3",1.07293210036198
"GGTATGTCAGGCTTAG-1","0","Rbfox3",0
"GGTATTGTCCATAGCA-1","7","Rbfox3",2.07595731438689
"GGTATTGTCTGGTCGG-1","0","Rbfox3",1.21824128213613
"GGTCAATCAACCTTGC-1","0","Rbfox3",0.805756898936108
"GGTCAATCAAGCTAAC-1","3","Rbfox3",0
"GGTCAATCATAAGCAC-1","6","Rbfox3",0
"GGTCAGCCAAAGGATG-1","5","Rbfox3",1.60667033389394
"GGTCAGCCAATCGACG-1","1","Rbfox3",1.27572901997831
"GGTCAGCCATGAGCAT-1","7","Rbfox3",2.21387042235301
"GGTCATCAGCGCCTCT-1","8","Rbfox3",1.0376193042572
"GGTCATCAGGGTCATC-1","5","Rbfox3",1.2481984558191
"GGTCCTGAGATAGAGC-1","2","Rbfox3",0.958045831322502
"GGTCCTGAGTGTCAAT-1","0","Rbfox3",1.39841572165224
"GGTCCTGAGTTGGATT-1","10","Rbfox3",0
"GGTCGATTCCGCCAGA-1","5","Rbfox3",1.27796609948947
"GGTCGATTCCTGAGCG-1","11","Rbfox3",0
"GGTCGATTCGCTCGCT-1","0","Rbfox3",0.681069857659549
"GGTCGCATCCTGTCGC-1","9","Rbfox3",0
"GGTCGCATCTCACATC-1","3","Rbfox3",0
"GGTCGTTAGGCGTCTG-1","0","Rbfox3",2.02995669182773
"GGTCGTTAGGTCACGT-1","8","Rbfox3",0.87890132213096
"GGTCTATGTCATCGTG-1","9","Rbfox3",0
"GGTCTCCTCCTGAGTA-1","5","Rbfox3",1.21348278607822
"GGTCTCCTCGATACGC-1","11","Rbfox3",0
"GGTCTTAAGCAGGCTT-1","0","Rbfox3",1.89229784031723
"GGTCTTAAGTAACGAA-1","1","Rbfox3",2.27767871375797
"GGTGAACGTCATGAAG-1","0","Rbfox3",1.2672350011039
"GGTGAACGTTTAAGCC-1","9","Rbfox3",0
"GGTGAATAGATAGCAA-1","4","Rbfox3",0.51840551928876
"GGTGAGGCATCCACGT-1","0","Rbfox3",1.97616779134565
"GGTGAGGCATCGGTCT-1","10","Rbfox3",0
"GGTGATGAGCATGACC-1","0","Rbfox3",0
"GGTGCAGGTAAGTAGT-1","1","Rbfox3",1.67881431977764
"GGTGCAGGTTGCTGAT-1","3","Rbfox3",0
"GGTGCATTCAGGAGCA-1","5","Rbfox3",1.61694666318667
"GGTGCATTCATGACTG-1","0","Rbfox3",0
"GGTGCATTCGTCTCCA-1","5","Rbfox3",0.695052611613303
"GGTGCCTGTAAGCGTA-1","1","Rbfox3",1.48391459004135
"GGTGCCTGTCAGGATA-1","8","Rbfox3",2.25989197104618
"GGTGCGAGTCAGGACG-1","4","Rbfox3",0.509575424103232
"GGTGCGAGTGAGAGGA-1","0","Rbfox3",0
"GGTGCTTAGCGGTCAT-1","1","Rbfox3",1.28046219047375
"GGTGCTTAGGAGCTGA-1","0","Rbfox3",0.81907106908126
"GGTGCTTAGTAGAGCG-1","14","Rbfox3",0
"GGTGGTAAGCCGATGT-1","3","Rbfox3",0
"GGTGTAAGTAGCCATT-1","1","Rbfox3",1.45888176587252
"GGTGTAAGTTTGCCCT-1","6","Rbfox3",0
"GGTTAAGGTAACGTGA-1","0","Rbfox3",2.06354042199772
"GGTTAAGGTCTAACCG-1","1","Rbfox3",1.70152379705483
"GGTTAATTCACGGCCA-1","2","Rbfox3",1.48653056372397
"GGTTAATTCCATTGCT-1","6","Rbfox3",0
"GGTTAGGAGGCTCTGG-1","3","Rbfox3",0
"GGTTAGTCAATCATCT-1","2","Rbfox3",1.50065467843647
"GGTTAGTCACTTAACT-1","4","Rbfox3",0.934176789969298
"GGTTATGTCTAAGTCG-1","0","Rbfox3",0.885040447228446
"GGTTCAATCAAGTGCC-1","7","Rbfox3",1.14698627085767
"GGTTCCTCAGGTTCCT-1","9","Rbfox3",0
"GGTTCCTCATTGCACC-1","0","Rbfox3",1.33502071618609
"GGTTCCTCATTGCGTC-1","0","Rbfox3",0.667566403063994
"GGTTCTAAGCTGGATC-1","2","Rbfox3",2.4422329126872
"GGTTCTAAGGCTTCCC-1","4","Rbfox3",0.436385966319639
"GGTTGGGGTGGGTATA-1","5","Rbfox3",1.97242949798354
"GGTTTAGTCTATGTCC-1","9","Rbfox3",0
"GGTTTCAAGGCGTTAC-1","6","Rbfox3",0
"GGTTTGATCCACCGCT-1","5","Rbfox3",1.41529303254868
"GGTTTGATCGTGAGTC-1","1","Rbfox3",2.09764253277719
"GTAAACCCAACGTGCA-1","2","Rbfox3",1.7093554259336
"GTAAACCCAATAGGCT-1","0","Rbfox3",1.24028546593621
"GTAAACTTCGACTTGA-1","0","Rbfox3",1.54883645279537
"GTAAAGGCAATAGTTG-1","0","Rbfox3",1.04318248372878
"GTAAAGGCATGATCGG-1","14","Rbfox3",0
"GTAAATGAGCCCGTAG-1","1","Rbfox3",1.5385816559133
"GTAACCCAGTAGCGGA-1","6","Rbfox3",0
"GTAACCTGTGCGGTTC-1","10","Rbfox3",0
"GTAACGGAGGTGGAGC-1","0","Rbfox3",1.84861659466136
"GTAACGGAGTGATCTG-1","2","Rbfox3",1.96712095815354
"GTAAGCCTCCCCATAT-1","2","Rbfox3",2.58374964650076
"GTAAGCGAGCCCTGTC-1","0","Rbfox3",1.08428690240904
"GTAAGCTCATAACTAG-1","6","Rbfox3",0
"GTAAGGCGTCTTGGTG-1","3","Rbfox3",2.38795483309312
"GTAAGGGTCAGGATGG-1","1","Rbfox3",2.58272097080961
"GTAAGGGTCGACCAGT-1","1","Rbfox3",2.29191132097622
"GTAAGGTAGATTCGCA-1","3","Rbfox3",0
"GTAAGGTAGGCATCCG-1","0","Rbfox3",0.826228831778192
"GTAAGGTAGGGTCTCG-1","6","Rbfox3",0
"GTAAGTAAGGTATCGC-1","6","Rbfox3",0
"GTAAGTTTCAGCGGAA-1","4","Rbfox3",0
"GTAAGTTTCAGGCTAC-1","6","Rbfox3",0
"GTAATCACAACGTGGC-1","0","Rbfox3",1.08351022882783
"GTAATGAAGCCACAGT-1","4","Rbfox3",0.466557056956552
"GTAATGAAGTCGCATA-1","0","Rbfox3",1.15382492223124
"GTAATTCAGGTTACAT-1","0","Rbfox3",1.7448433747683
"GTACAAGGTTTACCAA-1","6","Rbfox3",0
"GTACACGCACTTGGGA-1","3","Rbfox3",0
"GTACATTAGAAGCGGC-1","2","Rbfox3",1.13467089886917
"GTACATTAGCCGATTA-1","0","Rbfox3",0
"GTACATTAGTTAGTGT-1","1","Rbfox3",0.798428260092013
"GTACCCAGTGGCAGCA-1","8","Rbfox3",1.86601483106737
"GTACCCTCAACTTACT-1","1","Rbfox3",2.09771093235166
"GTACGAAGTAACCCTG-1","4","Rbfox3",0.647363963266349
"GTACGAAGTCAATGTC-1","11","Rbfox3",1.28814401741195
"GTACGGTTCGATCAAT-1","0","Rbfox3",1.10406408517246
"GTACTAGTCGACCCAG-1","7","Rbfox3",1.65272541721622
"GTACTAGTCGTTAGCA-1","6","Rbfox3",0
"GTACTAGTCTGGCTCC-1","0","Rbfox3",0.800990798611025
"GTAGATGGTAAGCGGT-1","0","Rbfox3",0
"GTAGATGGTTAACGAG-1","2","Rbfox3",1.66983172765656
"GTAGCATCAAGCCGTA-1","8","Rbfox3",1.9112410522889
"GTAGCATCATTCCTCT-1","9","Rbfox3",0
"GTAGCCACAGGAGCGA-1","4","Rbfox3",1.36287202003809
"GTAGCTATCCACCAGG-1","2","Rbfox3",1.78393218123412
"GTAGCTATCCCGCGTT-1","5","Rbfox3",1.17989394452063
"GTAGGAACATCCTGGT-1","0","Rbfox3",2.17726028017625
"GTAGGATAGTGACCTA-1","0","Rbfox3",0.790645545044823
"GTAGGCGGTTATCACA-1","5","Rbfox3",0.721777926611636
"GTAGGCTTCGATTGGC-1","0","Rbfox3",0
"GTAGGCTTCTGTCATC-1","0","Rbfox3",2.23068890523322
"GTAGGGGCATGAGCAT-1","0","Rbfox3",0.691949336535706
"GTAGGTGAGGATGGCA-1","1","Rbfox3",1.67035686234729
"GTAGGTTCAAGTGGCC-1","3","Rbfox3",0
"GTAGGTTCAGGGCAGA-1","2","Rbfox3",1.97216318304985
"GTAGTAAAGGCACATC-1","2","Rbfox3",2.11216543985468
"GTAGTAAAGTGAGTAA-1","5","Rbfox3",0
"GTAGTAGGTAATCGGA-1","1","Rbfox3",1.54741767381181
"GTAGTAGGTGCGCATC-1","8","Rbfox3",1.23857133153586
"GTAGTCATCGTGCTCC-1","1","Rbfox3",1.05199367801219
"GTAGTTACAATACTTC-1","0","Rbfox3",0
"GTAGTTACAATCTCAT-1","4","Rbfox3",0.772557738702346
"GTAGTTGTCGTGCTGG-1","7","Rbfox3",1.17997201729242
"GTATAGAAGCTTAGTG-1","0","Rbfox3",2.06477156386234
"GTATAGAAGGAGTCAG-1","0","Rbfox3",1.26103848076862
"GTATAGCCACTAGTCC-1","7","Rbfox3",1.35026543878542
"GTATATCAGCATGATT-1","6","Rbfox3",0
"GTATCCCCAATCGCTC-1","3","Rbfox3",0
"GTATCCCCACTAGTCC-1","2","Rbfox3",2.10122444941016
"GTATCCCCATCCAACC-1","9","Rbfox3",0
"GTATCCGGTAACCCAT-1","0","Rbfox3",1.439059230031
"GTATCGATCAGCAGGA-1","2","Rbfox3",1.57231019704776
"GTATCGATCGCTCTCA-1","4","Rbfox3",0.559144766452417
"GTATCTTCAAACTTAG-1","9","Rbfox3",0
"GTATCTTCAATACATG-1","1","Rbfox3",2.07536163987238
"GTATGAAAGTGATGAA-1","2","Rbfox3",2.13588607659479
"GTATGAGGTGATTCCG-1","2","Rbfox3",1.86080059627647
"GTATGAGGTTAGACGA-1","13","Rbfox3",0
"GTATGAGGTTATGCTA-1","0","Rbfox3",1.01285942472842
"GTATGCATCAATTAGC-1","1","Rbfox3",1.82632954847501
"GTATGCATCATCGTTC-1","0","Rbfox3",0.698438864824363
"GTATGGCTCACGCCTC-1","0","Rbfox3",0.796718315271395
"GTATGTTAGATTCGGC-1","2","Rbfox3",1.48060079609995
"GTATGTTAGCTTACGA-1","6","Rbfox3",0
"GTATTAGCACTTGCAC-1","0","Rbfox3",0.853594675203149
"GTATTCAGTCTGGTCA-1","2","Rbfox3",2.40803937149262
"GTATTCCTCCCATTAC-1","1","Rbfox3",0.78070555094755
"GTATTCCTCCCGTGTC-1","13","Rbfox3",0
"GTATTCCTCGCTCGCT-1","10","Rbfox3",0
"GTATTGGTCATCGAGC-1","0","Rbfox3",0.910983781641256
"GTATTGGTCGAGGTCT-1","6","Rbfox3",0
"GTATTGGTCTGGCCTC-1","0","Rbfox3",0
"GTATTGGTCTGTGCTT-1","1","Rbfox3",1.93596018130589
"GTCAAACCAAGCGTGC-1","0","Rbfox3",0.780129013270084
"GTCAAAGGTTGAGGAC-1","1","Rbfox3",1.36950713014174
"GTCAAAGGTTTAAGCC-1","4","Rbfox3",1.24840512059772
"GTCAAATTCAGGAGCA-1","0","Rbfox3",1.52759204905123
"GTCAACATCAAGTAAG-1","0","Rbfox3",1.28152637812289
"GTCAACATCGTTAGAT-1","0","Rbfox3",0.466534892748503
"GTCAAGCTCTGGCACG-1","0","Rbfox3",0.743722778171168
"GTCAATGTCATCGACA-1","5","Rbfox3",0.843657355797664
"GTCAATGTCATGGTGC-1","9","Rbfox3",0
"GTCAATGTCCAGGTGT-1","5","Rbfox3",0.748385910867674
"GTCAATGTCCTTAGAG-1","0","Rbfox3",0.984489770616866
"GTCACCCTCTGTAAGT-1","6","Rbfox3",0
"GTCACCTCAAGCGACC-1","10","Rbfox3",0
"GTCACCTCAGTTAAGC-1","2","Rbfox3",1.12453535986295
"GTCACGTAGTTAGGTT-1","0","Rbfox3",0
"GTCATAACACTTAGCC-1","10","Rbfox3",0
"GTCATATAGCCACGCA-1","3","Rbfox3",0
"GTCATCAAGCCTAGCG-1","0","Rbfox3",1.56959303496833
"GTCATCAAGGAGGCTA-1","0","Rbfox3",0
"GTCATCAAGTCGCACG-1","2","Rbfox3",1.74033425742062
"GTCATCAAGTTAGAGA-1","2","Rbfox3",1.51898924628139
"GTCATCCCATTAAGTG-1","0","Rbfox3",0
"GTCATTTCAACTACTT-1","7","Rbfox3",2.13396846080689
"GTCATTTCAGTACCCT-1","1","Rbfox3",1.71921613654863
"GTCCAAATCAGCCCAG-1","0","Rbfox3",0
"GTCCAACAGCTGGCAT-1","0","Rbfox3",0.814628471089097
"GTCCAATGTTAGCCAT-1","0","Rbfox3",1.19876559304048
"GTCCACCTCACCATGA-1","0","Rbfox3",0
"GTCCAGGTCACTCAAG-1","3","Rbfox3",0
"GTCCAGGTCTAGTACG-1","0","Rbfox3",0.804730568336803
"GTCCATAAGGCTCCAG-1","0","Rbfox3",0.929790243630601
"GTCCATGGTTATCCTT-1","0","Rbfox3",1.44914061023381
"GTCCATTTCGATACAT-1","8","Rbfox3",0
"GTCCATTTCGATCAAT-1","0","Rbfox3",0
"GTCCCATCATGGCTTC-1","2","Rbfox3",1.62122126978913
"GTCCCGTTCAATTCGG-1","2","Rbfox3",2.12564010423223
"GTCCCTTGTCTGTGGC-1","14","Rbfox3",0
"GTCCCTTGTTGACGGG-1","0","Rbfox3",1.30142030794683
"GTCCCTTGTTGCATGT-1","0","Rbfox3",1.5754438385365
"GTCCGAACATGGATTA-1","7","Rbfox3",2.23595182032773
"GTCCGATAGGTATGAA-1","6","Rbfox3",0
"GTCCGCAAGGCAATGG-1","7","Rbfox3",1.52496158410302
"GTCCGCAAGGCTATAT-1","3","Rbfox3",0
"GTCCGCAAGGGGTACA-1","4","Rbfox3",1.14428073310277
"GTCCGCTTCACATAGT-1","0","Rbfox3",1.84053140611306
"GTCCGCTTCTAGTCCT-1","6","Rbfox3",0
"GTCCGTGAGTACGGCT-1","0","Rbfox3",1.76137563002303
"GTCCGTGAGTAGGTAA-1","12","Rbfox3",0
"GTCCGTTCAATATACG-1","0","Rbfox3",0.696463599860106
"GTCCTAAAGCCCGTCT-1","0","Rbfox3",0
"GTCCTGCTCTTGATGG-1","1","Rbfox3",2.45497000652818
"GTCGAGGGTTTCGTAA-1","1","Rbfox3",0.86753094978703
"GTCGATGCATTAGATG-1","4","Rbfox3",0
"GTCGATTGTCTCACCT-1","4","Rbfox3",1.46112808532759
"GTCGCAACATGACCAG-1","5","Rbfox3",2.11411592795582
"GTCGCCAAGCCAGCAT-1","0","Rbfox3",0.967283916001554
"GTCGCCAAGCTGGGTT-1","0","Rbfox3",1.7399468934154
"GTCGCTAGTTGAGTAG-1","1","Rbfox3",1.68977512754608
"GTCGGATTCTCACAGA-1","3","Rbfox3",0
"GTCGGGTCATGAGCCA-1","0","Rbfox3",0
"GTCTAACGTCAGTGCC-1","8","Rbfox3",2.02601706500242
"GTCTAACGTGCAGCTC-1","0","Rbfox3",1.1851503914433
"GTCTACAAGCTGGTGT-1","2","Rbfox3",1.34648005064521
"GTCTACAAGGATGCGA-1","1","Rbfox3",1.32934023152993
"GTCTACCCAGTTGAGT-1","11","Rbfox3",0
"GTCTATGAGATTCAGT-1","12","Rbfox3",0
"GTCTATGAGGATTGGG-1","4","Rbfox3",0.749178854673003
"GTCTCAAAGCAACCAC-1","6","Rbfox3",0
"GTCTCAAAGGTGGCAA-1","0","Rbfox3",1.75948185271987
"GTCTCAAAGGTTCGTA-1","0","Rbfox3",1.0259947630299
"GTCTCACCAATAGCGT-1","4","Rbfox3",1.30801182827042
"GTCTCCGCAGCATGAT-1","8","Rbfox3",1.54370083335211
"GTCTGGACAGCCTAAG-1","5","Rbfox3",1.4852520493209
"GTGAAATGTGCGCGAA-1","2","Rbfox3",2.42433229372662
"GTGAAATGTTTGGCAT-1","0","Rbfox3",0
"GTGAACAGTCAGCCTA-1","0","Rbfox3",1.198482589905
"GTGAACAGTGGCGTTC-1","1","Rbfox3",1.76751029624734
"GTGAAGGTCATCAGCA-1","6","Rbfox3",0
"GTGAATCCAAACTTGA-1","2","Rbfox3",2.2401498833274
"GTGAATGGTTGTGCCA-1","0","Rbfox3",0.451072714920636
"GTGACGAAGATTGAGA-1","1","Rbfox3",1.01285942472842
"GTGACGAAGTAGAGAC-1","1","Rbfox3",0
"GTGACGTTCCTGTAAG-1","13","Rbfox3",0
"GTGACTATCACCCTTG-1","4","Rbfox3",1.03254700977058
"GTGACTATCATGGCCG-1","0","Rbfox3",1.25240594039346
"GTGAGCGGTTCGGTCA-1","7","Rbfox3",0.566296650926255
"GTGAGGATCACTTGCT-1","12","Rbfox3",0
"GTGAGGATCATGTAAC-1","9","Rbfox3",0
"GTGATAGGTTGGAGCG-1","4","Rbfox3",1.09639499285946
"GTGATGGAGAAGGGAA-1","7","Rbfox3",2.11931240845578
"GTGATGGAGCGAGGTA-1","2","Rbfox3",1.80098540064175
"GTGATGGAGGTTACTG-1","4","Rbfox3",0
"GTGATGGAGTGCTGGT-1","0","Rbfox3",1.64088498456524
"GTGATTTAGGATGTGG-1","14","Rbfox3",0
"GTGCAATCAATACCGG-1","3","Rbfox3",0
"GTGCAATCATCCAAGG-1","5","Rbfox3",1.28966752543082
"GTGCACTAGTCGCTAA-1","1","Rbfox3",1.41588345537646
"GTGCAGCCAGGATCAT-1","0","Rbfox3",1.4708404217464
"GTGCCATAGATTAAGG-1","3","Rbfox3",0
"GTGCCATAGATTGACT-1","15","Rbfox3",1.8611445094129
"GTGCCATAGCGAATCC-1","0","Rbfox3",0.981767720875517
"GTGCCATAGTAATCGT-1","4","Rbfox3",0.620016622299913
"GTGCCCAAGCCAGATC-1","2","Rbfox3",2.6464593741942
"GTGCGAGGTATGTGCT-1","3","Rbfox3",0
"GTGCGAGGTGCGGATG-1","1","Rbfox3",1.65841429257411
"GTGCGAGGTTCGCGGT-1","0","Rbfox3",0.626678134441205
"GTGCGAGGTTTAGGTC-1","0","Rbfox3",0
"GTGCGAGGTTTCCGCT-1","4","Rbfox3",0.598582502180795
"GTGCGAGGTTTCCTTG-1","0","Rbfox3",0
"GTGCGATTCGATCACA-1","3","Rbfox3",0
"GTGCGCATCACGCACG-1","8","Rbfox3",0
"GTGCGCATCGACCAAC-1","4","Rbfox3",1.06960973801972
"GTGCGGTCAAAGGTCT-1","6","Rbfox3",0
"GTGCTATGTCTAGTCG-1","0","Rbfox3",2.1624384612508
"GTGCTATGTGACGAAC-1","0","Rbfox3",1.46569637169309
"GTGCTCAGTCTGGTTG-1","0","Rbfox3",0.784766518137115
"GTGCTCAGTTGCCTCT-1","0","Rbfox3",0.555226389822974
"GTGGAACGTGGCCTGT-1","0","Rbfox3",1.47563657784546
"GTGGATAGTTGAGTTC-1","0","Rbfox3",1.54529530381241
"GTGGATTCATGCGTCT-1","7","Rbfox3",1.54437679642916
"GTGGCAGGTAGCCCGT-1","1","Rbfox3",1.86595327058951
"GTGGCGAGTAGCTGGG-1","0","Rbfox3",0.856390583407462
"GTGGCGAGTATGGTTC-1","0","Rbfox3",1.01791149560635
"GTGGCGAGTCATCCGA-1","7","Rbfox3",1.96573363028122
"GTGGCGAGTGCATCTG-1","0","Rbfox3",1.0972807305486
"GTGGCGAGTGGCTCTA-1","0","Rbfox3",0
"GTGGGCAGTTCGGTGC-1","4","Rbfox3",0
"GTGGGTAAGCCACAGT-1","0","Rbfox3",1.44219588434135
"GTGGGTAAGGTCGTAC-1","0","Rbfox3",1.50793908316206
"GTGGGTTTCCCGCGAA-1","0","Rbfox3",1.67009424454529
"GTGGGTTTCTATGGAT-1","1","Rbfox3",0.899928763654897
"GTGGTAAGTTCGTAAC-1","0","Rbfox3",0.764709096491339
"GTGGTGAAGCAAGCTC-1","0","Rbfox3",1.30581712252965
"GTGGTGAAGCCTGGAT-1","12","Rbfox3",0
"GTGGTGAAGGCGATTC-1","6","Rbfox3",0
"GTGGTGAAGTTAGCTG-1","8","Rbfox3",1.50126418252338
"GTGGTTATCCCCATTG-1","7","Rbfox3",1.99907207262659
"GTGGTTGCACTTGCTA-1","0","Rbfox3",0
"GTGTAACCAATAGCAC-1","1","Rbfox3",0.616858153803607
"GTGTAACCACCTTGCG-1","3","Rbfox3",0
"GTGTAACCATTCGGGA-1","2","Rbfox3",2.34392956406498
"GTGTAACCATTGCACC-1","1","Rbfox3",1.9269522353107
"GTGTAAGGTGAGGAGA-1","6","Rbfox3",0
"GTGTCCCTCCTCAGTT-1","0","Rbfox3",0.87002165892659
"GTGTCCCTCTATCGGA-1","1","Rbfox3",1.79929908775394
"GTGTCCTCAATCTGAA-1","9","Rbfox3",0
"GTGTCCTCATCCCGAT-1","0","Rbfox3",1.52618153308279
"GTGTCCTCATTACATC-1","8","Rbfox3",1.94631740245829
"GTGTGGCCAAACTCGG-1","8","Rbfox3",1.04634791501752
"GTGTGTTGTGCGGATG-1","2","Rbfox3",1.49224932260373
"GTGTTATAGTCAGTGC-1","0","Rbfox3",1.14425642309435
"GTGTTCAAGCTTAGGC-1","0","Rbfox3",1.56354518906517
"GTGTTCCCAAGTAACC-1","1","Rbfox3",2.43943036663488
"GTGTTCCCAGCCTAGA-1","12","Rbfox3",0
"GTGTTCCCATTGGCGA-1","8","Rbfox3",1.79929908775394
"GTTAACTAGCGATGAG-1","5","Rbfox3",0.849513504498643
"GTTAACTAGGTACCAC-1","1","Rbfox3",2.12332013912706
"GTTAAGCCACTATGGG-1","0","Rbfox3",0.754659660642424
"GTTAATGCAACGGCTA-1","7","Rbfox3",2.1963716988197
"GTTAATGCATAACGCG-1","1","Rbfox3",0.85039552527634
"GTTACCAAGATTCCAG-1","3","Rbfox3",0
"GTTACCCCAAGTTAGC-1","5","Rbfox3",1.28100029381222
"GTTACCCCATCGAAGT-1","2","Rbfox3",2.52791645104193
"GTTACCTTCAGCTCGG-1","7","Rbfox3",1.71090589536375
"GTTACTTCAATATGCA-1","2","Rbfox3",1.97846569388937
"GTTAGAGGTATTGGGA-1","0","Rbfox3",1.93959397920102
"GTTAGAGGTTCGTCCT-1","0","Rbfox3",1.29291860306141
"GTTAGAGGTTGCGACC-1","3","Rbfox3",0
"GTTAGAGGTTTACTGA-1","2","Rbfox3",0.925723476478431
"GTTAGATTCCGTGCTC-1","0","Rbfox3",0
"GTTAGCATCAGTATCG-1","2","Rbfox3",1.76227445684048
"GTTAGCCAGCGATGGA-1","0","Rbfox3",0.897510837222559
"GTTAGCCAGTAGGAAC-1","8","Rbfox3",0
"GTTAGGCTCGCTCATT-1","12","Rbfox3",1.25526860749107
"GTTAGGCTCTAGTCTC-1","6","Rbfox3",0
"GTTAGTTAGTGATTAC-1","3","Rbfox3",0
"GTTATCAGTTCAAGGA-1","0","Rbfox3",1.50457018010423
"GTTATCCTCCCTGTGC-1","0","Rbfox3",0.914778404623819
"GTTCAATAGTAGTCAT-1","2","Rbfox3",0.928769968544593
"GTTCAATAGTCGATTG-1","3","Rbfox3",0
"GTTCACAAGGTAGGTG-1","9","Rbfox3",0
"GTTCACTTCATCAAGT-1","15","Rbfox3",1.65136170177821
"GTTCAGGCACATGCAG-1","3","Rbfox3",0
"GTTCATGAGCATATAC-1","9","Rbfox3",0
"GTTCATTCAATCCCGT-1","5","Rbfox3",1.68935492645687
"GTTCATTCACATGAAC-1","0","Rbfox3",2.01488135418254
"GTTCCAAAGTGCCAGT-1","12","Rbfox3",0
"GTTCCACCATTAGGCG-1","4","Rbfox3",0.959997569503552
"GTTCCAGGTCAATCGT-1","6","Rbfox3",0
"GTTCCAGGTGGGTTGG-1","4","Rbfox3",1.18509783140961
"GTTCCGGAGGATCATT-1","0","Rbfox3",0
"GTTCCGGAGTAGCGTC-1","0","Rbfox3",1.16823537917702
"GTTCGAATCCATCACT-1","3","Rbfox3",0
"GTTCGATGTGATCCCA-1","0","Rbfox3",1.03316838041573
"GTTCGCCTCACTCAGA-1","2","Rbfox3",2.60045493054533
"GTTCGTTTCTGTGGAC-1","1","Rbfox3",2.26977341622356
"GTTCTAAGTGAGGAAG-1","10","Rbfox3",0
"GTTCTCACAGCCAAGC-1","6","Rbfox3",0
"GTTCTCACATTACCTG-1","2","Rbfox3",2.09378056442367
"GTTGATTAGCGAGTAG-1","11","Rbfox3",0
"GTTGCATGTTTACAGC-1","1","Rbfox3",1.76732239392645
"GTTGCCAGTCCCGAGT-1","0","Rbfox3",0
"GTTGCCCTCCGTAAGC-1","7","Rbfox3",2.07072516117029
"GTTGCCCTCTGGTCGG-1","6","Rbfox3",0
"GTTGCCCTCTGTGCCC-1","3","Rbfox3",0
"GTTGCCTCATGCTGTC-1","0","Rbfox3",2.03543401562026
"GTTGCGCGTCTAATTG-1","9","Rbfox3",0
"GTTGCTGGTGGACCCT-1","5","Rbfox3",1.61570727348233
"GTTGCTGGTTAGTACC-1","0","Rbfox3",1.27023631192739
"GTTGGTTGTTGTAGAG-1","10","Rbfox3",0
"GTTGTGATCACATGGC-1","0","Rbfox3",0.863466109988969
"GTTGTGATCGTGAGAG-1","0","Rbfox3",0
"TAAACGGGTTAGCACT-1","0","Rbfox3",1.11432225423592
"TAAACGTTCGAATGGG-1","1","Rbfox3",1.74473939107493
"TAAATCGCAAGCACTG-1","2","Rbfox3",1.63887585171395
"TAAATCGCATCACAGG-1","0","Rbfox3",1.10654137200533
"TAAATCGCATGAGTGT-1","0","Rbfox3",0
"TAAATGCTCAGCCATA-1","11","Rbfox3",0
"TAAATGCTCCGCAGAT-1","7","Rbfox3",2.12041608434106
"TAAATGCTCCTCACGC-1","1","Rbfox3",1.54676901219847
"TAACACTAGCGCTCTC-1","1","Rbfox3",2.01685551058656
"TAACACTAGTAAGTTC-1","2","Rbfox3",2.53231530719311
"TAACCAACAACTAATG-1","12","Rbfox3",0
"TAACCAACACATAGTA-1","2","Rbfox3",1.63713942896479
"TAACCATAGGTACTAT-1","0","Rbfox3",0.999323498649759
"TAACGAGGTGGCGACA-1","0","Rbfox3",0
"TAACGAGGTTCCGTCT-1","4","Rbfox3",0
"TAACGGCTCTAGTACG-1","0","Rbfox3",0
"TAACTAGCACTTGGTC-1","2","Rbfox3",1.52283223181807
"TAACTCCTCACTCTCG-1","1","Rbfox3",1.97216318304985
"TAACTCCTCGATCAAT-1","2","Rbfox3",2.33611120661822
"TAACTCCTCGCTCATT-1","6","Rbfox3",0
"TAACTGACACTTGATT-1","9","Rbfox3",0
"TAAGCAAAGGAGGACC-1","0","Rbfox3",1.68534593336784
"TAAGCAGGTTATGACC-1","2","Rbfox3",2.23721428680343
"TAAGCCTGTAGCCTGC-1","0","Rbfox3",0.567683416745173
"TAAGCCTGTGAGGTCG-1","6","Rbfox3",0
"TAAGCGAGTCATCGCA-1","7","Rbfox3",1.38856740957897
"TAAGCGCTCAGTAGTT-1","0","Rbfox3",0
"TAAGCGGAGGCATGTC-1","0","Rbfox3",0.926736593892474
"TAAGGATGTCATTCGG-1","8","Rbfox3",0
"TAAGGATGTCCATATA-1","7","Rbfox3",1.27424255217057
"TAAGGATGTTAGAGAT-1","9","Rbfox3",0
"TAAGGCGAGATTAGTC-1","9","Rbfox3",0
"TAAGGCTCAATACAGC-1","11","Rbfox3",0
"TAATCAGCAAACTGCG-1","0","Rbfox3",1.40534255609059
"TAATCAGCATAAGCGT-1","7","Rbfox3",1.0875362260689
"TAATCCCTCACCCTAT-1","1","Rbfox3",0.559787270401761
"TAATCCCTCGAGGTCT-1","0","Rbfox3",0.754719371402802
"TAATCCCTCTAATCCC-1","4","Rbfox3",1.49546381293854
"TAATCCTCATAGGTCG-1","9","Rbfox3",0
"TAATGAGAGCGATGGA-1","2","Rbfox3",1.23259922757642
"TAATGAGAGTACCAGC-1","4","Rbfox3",1.3696821674051
"TAATGGGGTCAAGGGT-1","4","Rbfox3",0
"TAATGGTTCACCATAG-1","0","Rbfox3",0
"TAATGGTTCATGCAGC-1","7","Rbfox3",1.30288216604116
"TAATGTCAGCGAGGAC-1","0","Rbfox3",1.96485724893938
"TAATTCCCAACATACA-1","4","Rbfox3",0
"TAATTCCCACCAATCC-1","3","Rbfox3",0
"TACAACTAGTAAGTTC-1","1","Rbfox3",1.20278411768455
"TACAACTAGTTAGTAC-1","2","Rbfox3",1.47504201325404
"TACAAGCCATCCCGAT-1","12","Rbfox3",0
"TACAAGCCATGCTCCG-1","3","Rbfox3",0
"TACAAGGGTTGGAAGC-1","11","Rbfox3",0
"TACACAACAGTACCCT-1","0","Rbfox3",0
"TACACCTTCCAGGCCA-1","2","Rbfox3",1.90521073610303
"TACACTAGTTAGCGAA-1","0","Rbfox3",1.89158039095157
"TACACTAGTTGGGACG-1","8","Rbfox3",1.93147865920373
"TACACTTCAGCATGAT-1","0","Rbfox3",0
"TACAGCCAGAAGGAGA-1","2","Rbfox3",0
"TACAGCCAGCGCATGT-1","1","Rbfox3",1.79839733648116
"TACAGCGCAAACTTAG-1","8","Rbfox3",1.45389783447399
"TACAGCGCAACATCGG-1","0","Rbfox3",0
"TACAGGCTCACGCTAA-1","0","Rbfox3",1.18665053983267
"TACAGGCTCAGCGACT-1","8","Rbfox3",1.45264239341659
"TACAGGCTCATCGAAT-1","1","Rbfox3",1.40252377381008
"TACATAGCAGCTAAGT-1","0","Rbfox3",0
"TACATCAGTAATGACG-1","4","Rbfox3",1.97229632878548
"TACATCCTCCTTAACC-1","1","Rbfox3",1.96483213473832
"TACCAAGTCAGCCAGT-1","0","Rbfox3",1.00417520334744
"TACCAAGTCGTCTCCA-1","0","Rbfox3",1.79789685388939
"TACCACAAGTAATCAC-1","2","Rbfox3",0.819709903868375
"TACCACAAGTACGCAC-1","14","Rbfox3",0
"TACCAGGCACTTCGCG-1","9","Rbfox3",0
"TACCATAGTTAGCGAA-1","1","Rbfox3",1.44293624254268
"TACCATTCACCTACGT-1","0","Rbfox3",0
"TACCATTCACTCATAT-1","0","Rbfox3",0
"TACCCAAAGCGAACCT-1","0","Rbfox3",1.6202449049874
"TACCCAAAGTTAATGC-1","1","Rbfox3",2.26113983794147
"TACCCAGGTCAACGAA-1","0","Rbfox3",1.98613736485255
"TACCCAGGTGATTCCG-1","7","Rbfox3",1.84460866355115
"TACCCAGGTTCGGCTA-1","2","Rbfox3",2.66958067829861
"TACCCAGGTTGACCGC-1","5","Rbfox3",0
"TACCCATTCACGTTGA-1","0","Rbfox3",0
"TACCCATTCCCAGTCC-1","6","Rbfox3",0
"TACCCATTCGTGCTCC-1","9","Rbfox3",0
"TACCCCATCCGTCCTA-1","2","Rbfox3",1.51095887529269
"TACCCCTGTAGTAGCA-1","2","Rbfox3",2.22074870710828
"TACCCCTGTGCAATTC-1","1","Rbfox3",1.78766409483185
"TACCGACAGTTAACGT-1","0","Rbfox3",1.20583490794971
"TACCGGACAACCTGAG-1","15","Rbfox3",1.8996317467803
"TACCGGACACATACGG-1","2","Rbfox3",1.08299312352262
"TACCGGACAGGCAGGA-1","0","Rbfox3",0
"TACCGGACAGTTGGTG-1","2","Rbfox3",1.45072230183774
"TACCGGACATGGAATC-1","0","Rbfox3",0
"TACCGTCCATAGACGT-1","1","Rbfox3",1.25962656140384
"TACCTAAGTAGCTATC-1","4","Rbfox3",0
"TACCTAGAGGGTGAAT-1","1","Rbfox3",2.1124164016929
"TACCTCACAACGTGAT-1","8","Rbfox3",1.18982262953494
"TACCTCACATAACTTC-1","3","Rbfox3",0
"TACCTCACATTACGGG-1","0","Rbfox3",0
"TACCTCCGTCAGCCTA-1","5","Rbfox3",3.4785784754726
"TACCTCCGTTGAAGCA-1","10","Rbfox3",0
"TACCTGAAGTTAGCCA-1","2","Rbfox3",2.39711641612054
"TACCTGTTCAGTTGCA-1","7","Rbfox3",2.45316747213659
"TACGAAGGTTGGGCAG-1","4","Rbfox3",0.994146717892255
"TACGAGGAGAAGCTCC-1","0","Rbfox3",2.00805820937148
"TACGATTAGCCAGCCA-1","3","Rbfox3",1.54254367760407
"TACGCAATCACACCTT-1","0","Rbfox3",0
"TACGCAATCATGGTAT-1","7","Rbfox3",1.25133623120099
"TACGCAATCGTTAGGC-1","3","Rbfox3",0
"TACGCATGTTCCTGCT-1","0","Rbfox3",0
"TACGCATGTTTACTAG-1","9","Rbfox3",0
"TACGCCTCAATCGCAG-1","7","Rbfox3",0.79815952275057
"TACGCCTCAGTACCTC-1","1","Rbfox3",1.88973020281512
"TACGCCTCATCGCGTT-1","0","Rbfox3",1.64711768756943
"TACGCTAAGGAATTAG-1","8","Rbfox3",1.37082116697759
"TACGGTTGTTGGATTC-1","2","Rbfox3",1.24760840952743
"TACGTAGTCCCCAATT-1","5","Rbfox3",1.58532095637843
"TACGTAGTCCCGTAGG-1","3","Rbfox3",1.62170998635977
"TACGTCAAGCAACTGC-1","3","Rbfox3",0
"TACGTCAAGCTATGCA-1","1","Rbfox3",1.24069299359076
"TACGTCAAGGAGTAAC-1","7","Rbfox3",0.603683943644515
"TACGTTGAGCCAGATC-1","1","Rbfox3",1.76839679346435
"TACGTTGAGGATAGCG-1","6","Rbfox3",0
"TACGTTGAGTGCCGTG-1","9","Rbfox3",0
"TACTATGGTATTGCGT-1","13","Rbfox3",2.74105053300711
"TACTCATCAACTCGCT-1","3","Rbfox3",0
"TACTCCACATGGATAC-1","2","Rbfox3",1.08936519503531
"TACTCGCCAAACTGAC-1","11","Rbfox3",0
"TACTGGATCTAGTTCC-1","1","Rbfox3",1.70932454011127
"TACTGTGAGCAGGCAA-1","13","Rbfox3",0
"TACTGTGAGGTAAGCG-1","1","Rbfox3",1.33412733555033
"TAGCACGCAAGCTCTC-1","2","Rbfox3",0.836623073811867
"TAGCACGCAATTAGCA-1","4","Rbfox3",1.06142198704951
"TAGCACGCATCCGCTG-1","10","Rbfox3",0
"TAGCAGTCATGATATG-1","1","Rbfox3",2.08927052306545
"TAGCATTAGAATCAAG-1","1","Rbfox3",1.37732435587479
"TAGCATTAGCCTTCCA-1","15","Rbfox3",0
"TAGCATTAGGCACTGT-1","2","Rbfox3",1.98496295405626
"TAGCATTAGTATGTGT-1","8","Rbfox3",1.47295312262138
"TAGCCAATCTGGCTCC-1","5","Rbfox3",1.92066104936997
"TAGCCAGCATGGTGCA-1","5","Rbfox3",1.67598354048649
"TAGCCCTCACCATCAC-1","0","Rbfox3",0
"TAGCCCTCACCTCGTG-1","7","Rbfox3",1.90172428936013
"TAGCCCTCACTTGACC-1","0","Rbfox3",0.73009069575163
"TAGCCTGGTAGTCCTG-1","3","Rbfox3",0
"TAGCGGTTCAAGTGAA-1","7","Rbfox3",2.14510055730677
"TAGCGGTTCCATCATC-1","0","Rbfox3",1.68236931078481
"TAGCGGTTCCTGTGAA-1","0","Rbfox3",1.10810155833913
"TAGCGGTTCCTTCGCA-1","0","Rbfox3",1.1208990422254
"TAGCGGTTCGCTCCAC-1","1","Rbfox3",1.03468638422899
"TAGCTAGTCACTCAGA-1","5","Rbfox3",0.827241477787004
"TAGCTCCCATCACTGC-1","4","Rbfox3",1.39331016911386
"TAGCTGATCCCGCTGT-1","2","Rbfox3",1.64909491989366
"TAGCTGATCCGTGGCA-1","14","Rbfox3",0
"TAGGAGTAGAAGGGCC-1","2","Rbfox3",1.89006238320279
"TAGGATGGTGATGCGG-1","9","Rbfox3",0
"TAGGATGGTGGGTACG-1","1","Rbfox3",1.30839266060462
"TAGGATGGTTACACGT-1","0","Rbfox3",1.77138681220462
"TAGGCCACATAACTAG-1","0","Rbfox3",0.700017282343822
"TAGGCTGCAGGTAGTT-1","6","Rbfox3",0
"TAGGCTGCATGGTTCC-1","7","Rbfox3",1.51194240801413
"TAGGCTTGTAAGGGTC-1","4","Rbfox3",0.671849182881011
"TAGGCTTGTAGGCGAT-1","2","Rbfox3",1.44491487862476
"TAGGCTTGTAGTTGAG-1","0","Rbfox3",0
"TAGGGGATCTGTCTGT-1","0","Rbfox3",0.510372701074814
"TAGGGTAGTGCACGAG-1","0","Rbfox3",0.956102607170866
"TAGGGTGAGCCACTAA-1","5","Rbfox3",0
"TAGGGTGAGGATGTGG-1","0","Rbfox3",0.893568455267684
"TAGGGTTCAGTTGGAT-1","7","Rbfox3",1.67716161072526
"TAGGTAGGTGACTTCG-1","0","Rbfox3",0.734971603122769
"TAGTACCGTTTCGCAG-1","4","Rbfox3",0.811277595245076
"TAGTAGCCAACCTACC-1","7","Rbfox3",0
"TAGTCCTTCCAATGCA-1","0","Rbfox3",0
"TAGTCCTTCCATCCAT-1","14","Rbfox3",0
"TAGTCCTTCTAGCCGG-1","3","Rbfox3",0
"TAGTCCTTCTGGCACG-1","6","Rbfox3",0
"TAGTGAGGTGAGACCG-1","4","Rbfox3",0.814418186268047
"TAGTGGCTCATGCCGG-1","1","Rbfox3",1.50378968405155
"TAGTGGCTCCCCTGTA-1","0","Rbfox3",1.13985095163261
"TAGTGTTAGGCTCAGT-1","0","Rbfox3",2.28456915372917
"TAGTTAGCAGCCAAGC-1","8","Rbfox3",1.67246144572645
"TAGTTCCTCGCTATGA-1","7","Rbfox3",1.27838654154114
"TAGTTTCCACATTCCA-1","0","Rbfox3",0
"TATACAGCAGTACCCT-1","5","Rbfox3",1.12034190871603
"TATACAGCATTCGGGA-1","4","Rbfox3",0.919694195846523
"TATACCCTCGTCTCGC-1","4","Rbfox3",0.489287585936249
"TATACCTCAATCATCT-1","2","Rbfox3",2.29221118490022
"TATAGGCCAAAGGGTA-1","2","Rbfox3",1.27703290414657
"TATAGGCCAAGCCAAT-1","4","Rbfox3",1.18571837105772
"TATAGGCCAATCGAGT-1","0","Rbfox3",1.59487838953934
"TATAGGCCAATCTGGG-1","3","Rbfox3",0
"TATAGGGGTTTCCGTC-1","0","Rbfox3",1.34908076477946
"TATAGGTTCACATGGC-1","5","Rbfox3",1.32041905155431
"TATATCCCATGGCGAC-1","4","Rbfox3",1.32954458757593
"TATCACCTCCTCTAAC-1","3","Rbfox3",0
"TATCAGGTCACAGCGT-1","4","Rbfox3",0
"TATCAGGTCGCATACA-1","10","Rbfox3",0
"TATCAGGTCTATCTCA-1","0","Rbfox3",1.7632744953478
"TATCAGTAGCATCAAT-1","0","Rbfox3",1.23475554264989
"TATCAGTAGGATGGTG-1","2","Rbfox3",1.48719288207427
"TATCATGGTAGTCATC-1","1","Rbfox3",2.21520258963163
"TATCCAAGTGCAGCGA-1","5","Rbfox3",1.68857523299282
"TATCCCACACCTCAGT-1","4","Rbfox3",1.20096191025497
"TATCCCACAGGCTAAT-1","7","Rbfox3",1.9791180365896
"TATCCGCCATGGTCAG-1","7","Rbfox3",1.31487911952748
"TATCCGTTCTAACTCC-1","0","Rbfox3",1.38839804333823
"TATCCTTGTGGCAGTG-1","5","Rbfox3",0.795016059814998
"TATCCTTGTTCCCAGA-1","9","Rbfox3",0
"TATCGAACAACCAGAT-1","2","Rbfox3",1.54825301765902
"TATCGAACAAGCCATG-1","2","Rbfox3",1.49896467357776
"TATCGAACAAGTATCA-1","5","Rbfox3",0
"TATCGAACATAGAGGA-1","4","Rbfox3",1.21976948486874
"TATCGGGCATGCGCTT-1","4","Rbfox3",1.19101704552486
"TATCGTAGTTGAGCCC-1","3","Rbfox3",0
"TATCGTTCAATTGGTA-1","5","Rbfox3",1.1597518700716
"TATCTCATCGTAACTG-1","8","Rbfox3",1.02199270470377
"TATCTCATCTTGAACG-1","8","Rbfox3",0.774664629072313
"TATCTGCTCAGCATTG-1","2","Rbfox3",1.45356280196152
"TATCTGCTCCGCACCT-1","7","Rbfox3",2.10213269893658
"TATCTGCTCTCACATC-1","0","Rbfox3",1.13274176456874
"TATCTTGTCCGCGTAG-1","6","Rbfox3",0
"TATGACTAGTAGTAAG-1","8","Rbfox3",1.77102248700178
"TATGAGAAGGTTACAT-1","0","Rbfox3",1.62187297113021
"TATGAGGGTTAGCTCG-1","2","Rbfox3",2.2374278566594
"TATGATGCACATAGGT-1","0","Rbfox3",1.15407260179942
"TATGCCCCAAACCAGT-1","3","Rbfox3",0
"TATGCTAGTGAGCGCA-1","3","Rbfox3",0
"TATGCTAGTTAACGTC-1","5","Rbfox3",0.776371518594846
"TATGCTAGTTGCGGCT-1","8","Rbfox3",2.14240786764723
"TATGGCCAGGCACGTT-1","0","Rbfox3",1.6903157632495
"TATGGCCAGTGAACTT-1","11","Rbfox3",0
"TATGGCCAGTGCCGTG-1","0","Rbfox3",1.29330230698421
"TATGGCTGTAGTGATG-1","0","Rbfox3",0
"TATGGGTCAAGCTCAG-1","7","Rbfox3",1.36088201856163
"TATGGGTCAATCCATT-1","0","Rbfox3",1.36117983590511
"TATGGTTAGGAACCAG-1","1","Rbfox3",1.31163335797712
"TATGGTTAGGTTCGGT-1","1","Rbfox3",1.62779984987742
"TATGGTTAGTCGACGT-1","12","Rbfox3",0
"TATGTTGGTTGGAAGC-1","1","Rbfox3",2.19641229146848
"TCAAACTAGGGTACGA-1","0","Rbfox3",0
"TCAACCAAGATTCAAC-1","4","Rbfox3",1.66674743233091
"TCAACCAAGCATCACA-1","0","Rbfox3",0.614822886852919
"TCAACCAAGCGATTGC-1","6","Rbfox3",0
"TCAACCAAGGTACCCG-1","2","Rbfox3",2.03053141664232
"TCAACCAAGGTACTGC-1","3","Rbfox3",0
"TCAACTGAGGCGTAAG-1","11","Rbfox3",0
"TCAATCCTCAGCAGTC-1","1","Rbfox3",1.11501054201186
"TCAATCCTCGATCGCG-1","1","Rbfox3",1.79602215716004
"TCAATCTCATCACGAG-1","13","Rbfox3",0
"TCAATTGGTTAGCCCA-1","4","Rbfox3",1.22819800145991
"TCAATTGGTTTACCGG-1","1","Rbfox3",1.58617008078693
"TCACAATAGCGCTGAT-1","6","Rbfox3",0
"TCACAATAGGTTGGAG-1","4","Rbfox3",1.05934509056244
"TCACACAAGCCCTGGA-1","0","Rbfox3",1.3829474688263
"TCACACCCAAGGGTCC-1","1","Rbfox3",1.69585021069173
"TCACACGGTCATTGCG-1","4","Rbfox3",0.466468412985971
"TCACACGGTTTCACTT-1","0","Rbfox3",1.56899074733126
"TCACAGGCACTAATGA-1","0","Rbfox3",1.81140148701079
"TCACATAGTCTGGTGC-1","3","Rbfox3",0
"TCACATAGTGCAGGAT-1","2","Rbfox3",0.996404406552007
"TCACATGAGCCATCCC-1","3","Rbfox3",0
"TCACATGAGTTGGGCT-1","5","Rbfox3",1.96053737886324
"TCACCATTCACACATG-1","0","Rbfox3",0
"TCACCGCTCATCATCC-1","6","Rbfox3",0
"TCACGAATCCATATCC-1","2","Rbfox3",1.86386328956419
"TCACGACAGGTACGTC-1","0","Rbfox3",0.787629184918103
"TCACGACAGTCGACAC-1","0","Rbfox3",0.633033094416895
"TCACGATGTCAAGGGT-1","0","Rbfox3",0
"TCACGCCTCCACGGAT-1","4","Rbfox3",1.29503218070507
"TCACGCCTCCTTCAGT-1","0","Rbfox3",0.675146207997279
"TCACGGACAGCAGGAG-1","1","Rbfox3",1.51261207646434
"TCACGGGTCCGTAGGT-1","8","Rbfox3",1.31183155328267
"TCACGTCCATGCTGAG-1","1","Rbfox3",0
"TCACGTTTCCGGATAC-1","2","Rbfox3",1.64813382893404
"TCACTCCGTAATCCGT-1","4","Rbfox3",1.32750425289318
"TCACTGTTCCAGATGC-1","16","Rbfox3",0
"TCACTTATCCTTCAAC-1","4","Rbfox3",1.71667278018245
"TCAGAGGAGCAATCCA-1","2","Rbfox3",0
"TCAGCAATCGATATAC-1","3","Rbfox3",0
"TCAGCAATCGTTACTC-1","0","Rbfox3",0.913301193025789
"TCAGCCAGTTACACGT-1","1","Rbfox3",1.17530791500912
"TCAGCGCGTCAGCCAC-1","6","Rbfox3",1.18910726146101
"TCAGCGCGTTGCTCCT-1","5","Rbfox3",0.933801740758446
"TCAGGTCAGCCTGTCC-1","0","Rbfox3",1.63396202476441
"TCAGGTCAGGAATGAC-1","2","Rbfox3",1.72374204183728
"TCAGGTTGTTAGCTGT-1","2","Rbfox3",1.48772323750969
"TCAGTAACACCTTAAT-1","4","Rbfox3",1.65416027438421
"TCAGTAACAGTTGACG-1","7","Rbfox3",1.7011574241077
"TCAGTAACATCCGGTT-1","11","Rbfox3",0
"TCAGTAACATTACCTG-1","0","Rbfox3",0.708702140115139
"TCAGTAGTCAGCAGTC-1","10","Rbfox3",0
"TCAGTAGTCTATCTGC-1","0","Rbfox3",1.15206977988174
"TCAGTCAAGAAGCGGC-1","5","Rbfox3",1.12859851339509
"TCAGTCAAGCTGGATC-1","3","Rbfox3",0
"TCAGTCAAGTATGACT-1","1","Rbfox3",0.831391616318598
"TCAGTTGAGGCGATGA-1","15","Rbfox3",1.07619216291704
"TCAGTTGAGTGCGCTG-1","9","Rbfox3",0
"TCAGTTGAGTGGGTCT-1","4","Rbfox3",1.41505702353782
"TCATAACAGTCATCAG-1","4","Rbfox3",0.899798879672802
"TCATAGGTCCAGCCCT-1","9","Rbfox3",0
"TCATAGGTCCCCTGTA-1","1","Rbfox3",1.3272327487892
"TCATAGGTCCGTAAGC-1","13","Rbfox3",0
"TCATATGGTAGTGAGC-1","6","Rbfox3",0
"TCATATGGTGGCAGCA-1","1","Rbfox3",1.96560163678061
"TCATATGGTTGACGAA-1","2","Rbfox3",2.35310176226947
"TCATCAAGTAGTGCCC-1","3","Rbfox3",0
"TCATCATCAGGACTGC-1","3","Rbfox3",0
"TCATCGTTCCCGCTGT-1","0","Rbfox3",1.00846940579964
"TCATCGTTCTATGTGG-1","8","Rbfox3",1.66616704959864
"TCATCTATCCGCAAGT-1","0","Rbfox3",1.02898983583195
"TCATCTATCGATATGT-1","0","Rbfox3",0
"TCATGCAAGGATGCAG-1","7","Rbfox3",2.04036807337492
"TCATGCAAGTTGGCCG-1","0","Rbfox3",1.13572187058798
"TCATGGATCGTTAGCA-1","0","Rbfox3",0.980620967409757
"TCATGGGCAGCTAACG-1","0","Rbfox3",0
"TCATGGGCAGGATTAC-1","0","Rbfox3",0.689121630308518
"TCATGTGAGGATCCCG-1","8","Rbfox3",1.55863822583583
"TCATGTTCATTCATGT-1","7","Rbfox3",1.51463848202372
"TCATTCGCATTAGCGG-1","15","Rbfox3",2.29944114250408
"TCATTGCTCAGCAACC-1","1","Rbfox3",1.26907063193808
"TCATTGCTCATGCAGC-1","12","Rbfox3",0
"TCCAACTTCCATCGTT-1","1","Rbfox3",1.6424797983952
"TCCAACTTCGAACCGT-1","0","Rbfox3",1.22405785766367
"TCCAAGGCACCAGGAC-1","4","Rbfox3",1.29418580839226
"TCCAATAGTTAGCATC-1","5","Rbfox3",0
"TCCAATAGTTATGGAG-1","4","Rbfox3",0.595754044570011
"TCCAATTCAGTAAGGA-1","1","Rbfox3",1.38625686229172
"TCCACACCAATAGCAC-1","2","Rbfox3",1.80748659635128
"TCCACACCAATGAGTC-1","2","Rbfox3",2.52873649294958
"TCCACACCACTCAATT-1","4","Rbfox3",1.5798357885111
"TCCACACCATCCCAGT-1","7","Rbfox3",2.02637437821052
"TCCACATTCGCGCGTA-1","4","Rbfox3",1.95583257731429
"TCCACCATCTAGTTCC-1","6","Rbfox3",0
"TCCACCGCACCTTACA-1","1","Rbfox3",1.6714083440343
"TCCACCTGTTAAGGGC-1","0","Rbfox3",0.750209365486756
"TCCACTTAGAACCTTG-1","3","Rbfox3",0
"TCCAGCTCACCTGCAT-1","3","Rbfox3",0
"TCCAGCTCACTCAATT-1","2","Rbfox3",2.68839286825371
"TCCAGCTCATTACATC-1","0","Rbfox3",1.70152379705483
"TCCAGGCGTAGTCCTG-1","2","Rbfox3",1.25133623120099
"TCCAGGTAGTTGCACA-1","5","Rbfox3",1.44491487862476
"TCCAGTTTCGTGCTAA-1","6","Rbfox3",0
"TCCATCCGTAGTCAGA-1","1","Rbfox3",1.45551570996276
"TCCATCCGTCTAAGCT-1","4","Rbfox3",0.43688958848152
"TCCATCCGTCTGTGCA-1","5","Rbfox3",1.65409187902948
"TCCATGAAGTAGCAGG-1","2","Rbfox3",1.77365793827803
"TCCATGGGTAGTGCGG-1","7","Rbfox3",2.68860582772415
"TCCATGGGTTTCGGGC-1","0","Rbfox3",1.02393231919862
"TCCATTATCGAACGGA-1","1","Rbfox3",1.30562099059882
"TCCATTATCGATCACA-1","5","Rbfox3",1.58339518249613
"TCCATTATCGTGACCG-1","4","Rbfox3",0.968262186850646
"TCCCAACCAGCTCATC-1","3","Rbfox3",0
"TCCCAAGGTAAGGTCA-1","4","Rbfox3",1.32791174714174
"TCCCAATTCACCAGTA-1","0","Rbfox3",1.60576803715968
"TCCCACGCAAGGTGCC-1","14","Rbfox3",0
"TCCCACGCACATGCCT-1","0","Rbfox3",0.929558152174126
"TCCCACGCACTTCGCG-1","3","Rbfox3",0
"TCCCAGCTCCTTCGTG-1","2","Rbfox3",2.71202588454279
"TCCCATTAGAAGCTAA-1","3","Rbfox3",0
"TCCCATTAGATTGAGA-1","9","Rbfox3",0
"TCCCCAGCAAACTGAC-1","2","Rbfox3",1.62361394587156
"TCCCCAGCATCACTCA-1","0","Rbfox3",0.882873083104735
"TCCCCTGGTGCACCAC-1","0","Rbfox3",0.71249332828381
"TCCCGTTGTAGCGCCT-1","0","Rbfox3",0.825939985138497
"TCCCGTTGTGGGTCCT-1","2","Rbfox3",0.84245120190326
"TCCCGTTGTTCGATTA-1","6","Rbfox3",0
"TCCCTAACAATGCGTG-1","2","Rbfox3",2.3348933362267
"TCCCTAACACAGGATT-1","1","Rbfox3",1.87852596277867
"TCCCTAACAGGGCTAC-1","0","Rbfox3",1.80684800419156
"TCCCTGATCAGGAGTG-1","10","Rbfox3",0
"TCCCTTAGTAACCGGG-1","1","Rbfox3",1.62645270411167
"TCCTAATCAACTTAGA-1","5","Rbfox3",1.24241374783911
"TCCTAGAAGATTAACC-1","3","Rbfox3",0
"TCCTAGAAGGTGAGCA-1","0","Rbfox3",0
"TCCTATTGTTCGTAAC-1","1","Rbfox3",1.33327646155134
"TCCTCGATCCGCTACC-1","2","Rbfox3",1.78396881502874
"TCCTCGATCGTTCATC-1","10","Rbfox3",0
"TCCTCTTCAACCCTAC-1","1","Rbfox3",1.42839883905126
"TCCTCTTCAATATGGC-1","0","Rbfox3",0
"TCCTGACCAAACTGGT-1","1","Rbfox3",1.44764588007413
"TCCTGACCATAACTTC-1","6","Rbfox3",0
"TCCTGCATCTGTAAGT-1","1","Rbfox3",1.58237039796396
"TCCTGTTAGGTCCAGT-1","0","Rbfox3",0.699558267916835
"TCCTGTTAGTACGGAG-1","5","Rbfox3",1.93487347537777
"TCCTTATGTAACGAAT-1","8","Rbfox3",1.53772043055661
"TCCTTCCTCAGCACGT-1","3","Rbfox3",0
"TCCTTCCTCAGGAGAT-1","1","Rbfox3",1.25986163338954
"TCCTTCCTCATCACTC-1","3","Rbfox3",0
"TCCTTCCTCCCATATC-1","2","Rbfox3",2.08687063710498
"TCCTTCCTCTGTCAAG-1","0","Rbfox3",1.3711135697383
"TCCTTCTCAAGGTCGC-1","0","Rbfox3",0
"TCCTTCTCAAGTGAAG-1","14","Rbfox3",0
"TCCTTGGTCCGCCATC-1","14","Rbfox3",0
"TCCTTTGGTTCGTATA-1","9","Rbfox3",0
"TCCTTTGGTTGCCTCT-1","4","Rbfox3",1.64327861914707
"TCGAATGTCCAGCCCT-1","16","Rbfox3",0
"TCGAATTAGGCTCCAG-1","6","Rbfox3",0
"TCGAATTAGGTGACTC-1","0","Rbfox3",0.99618891094063
"TCGACCTCAATGCCAG-1","6","Rbfox3",0
"TCGACCTCACTTGATT-1","4","Rbfox3",0.849283730812611
"TCGACTGGTCTCCAGA-1","4","Rbfox3",1.36179134443228
"TCGAGGTTCGAGTACC-1","2","Rbfox3",2.07368788619427
"TCGAGGTTCGTCTAAG-1","0","Rbfox3",0.832858256654068
"TCGAGGTTCTCACATC-1","3","Rbfox3",0
"TCGATAGTCGCGTCCT-1","2","Rbfox3",2.25134548459715
"TCGATCAAGATACTCG-1","9","Rbfox3",0
"TCGATTAGTTGACCAT-1","0","Rbfox3",1.03049451053739
"TCGATTGAGGTGGCTT-1","7","Rbfox3",1.07542812965238
"TCGATTTCACTCATCA-1","0","Rbfox3",1.05013794233015
"TCGCAAATCCGGAGTT-1","8","Rbfox3",1.7074123012126
"TCGCAAATCTGTGATG-1","0","Rbfox3",1.44277164179743
"TCGCAACAGTCGATAT-1","7","Rbfox3",1.83809811143318
"TCGCAGACATCCATGC-1","0","Rbfox3",1.51261207646434
"TCGCATCCAAACTTGA-1","5","Rbfox3",1.91657867213225
"TCGCATCCATCCAAGG-1","0","Rbfox3",1.46882062720893
"TCGCATGGTGACGAAC-1","2","Rbfox3",2.29221118490022
"TCGCATGGTTGCTCCT-1","3","Rbfox3",0
"TCGCCATCAAATCGTA-1","0","Rbfox3",0.93053377119497
"TCGCCTATCCGCTGGA-1","2","Rbfox3",1.55098020908326
"TCGCCTGCAACCTCAC-1","1","Rbfox3",1.92303480574315
"TCGCCTGCAAGGGACG-1","0","Rbfox3",0.821133309338827
"TCGCCTGCACTAGTCC-1","2","Rbfox3",1.83787596074691
"TCGCGATAGGGTCCAT-1","6","Rbfox3",0
"TCGCGATAGTGCTGTA-1","0","Rbfox3",1.5115094669724
"TCGCTCGCATAGATCA-1","4","Rbfox3",0.967789652254861
"TCGCTCTGTCTGGCTA-1","0","Rbfox3",1.45389783447399
"TCGCTGCTCCCGCAGA-1","3","Rbfox3",0
"TCGCTTACAGCTACTC-1","0","Rbfox3",0
"TCGCTTACAGGTTGCA-1","6","Rbfox3",0
"TCGCTTGTCAATGTAC-1","2","Rbfox3",2.65428371592582
"TCGCTTGTCTAGTTCC-1","6","Rbfox3",0
"TCGGCCAAGCGAAGTG-1","15","Rbfox3",1.07568267543411
"TCGGCTAGTTAAGTGG-1","6","Rbfox3",0
"TCGGGCATCAAGTAGA-1","3","Rbfox3",0
"TCGGGCATCTCACCGC-1","0","Rbfox3",0
"TCGGGCATCTCACTCG-1","0","Rbfox3",0
"TCGGGGTCAATGGGCC-1","1","Rbfox3",0.754063096651859
"TCGGGTTAGTTAACGT-1","2","Rbfox3",0
"TCGGTAATCAGGGCAA-1","1","Rbfox3",1.27436627472913
"TCGGTAATCGATGACC-1","2","Rbfox3",1.77033482744045
"TCGGTAATCGTTCGTT-1","2","Rbfox3",1.38907579497472
"TCGGTAATCTGGCACG-1","5","Rbfox3",1.39437343356709
"TCGGTATGTAGCAGAC-1","0","Rbfox3",0.810028496645488
"TCGGTATGTTATGACC-1","7","Rbfox3",1.44660171131667
"TCGGTATGTTGGCGCT-1","2","Rbfox3",1.47355806158956
"TCGGTCAGTGAAGGAG-1","5","Rbfox3",1.02968370725801
"TCGGTTAAGGTTGGTC-1","0","Rbfox3",1.8921782169751
"TCGGTTGGTTCCAGAT-1","3","Rbfox3",0
"TCGTAATAGATTCGGC-1","6","Rbfox3",0
"TCGTACCCATGGATTA-1","0","Rbfox3",1.93544078032042
"TCGTACGGTAAGCCAA-1","10","Rbfox3",0
"TCGTACGGTCATGGCC-1","0","Rbfox3",0
"TCGTACGGTGAGTGGT-1","2","Rbfox3",1.37060195916394
"TCGTCACCAACCAGTG-1","4","Rbfox3",0.919603489007065
"TCGTCACCATTCAGGG-1","5","Rbfox3",1.68962502627998
"TCGTCATTCTATCCGT-1","0","Rbfox3",0
"TCGTCCATCACGCGAT-1","0","Rbfox3",0
"TCGTCCATCCCTCTAG-1","3","Rbfox3",0
"TCGTCCATCCGTGTAA-1","10","Rbfox3",0
"TCGTGAATCACGCAGT-1","7","Rbfox3",1.71381739875194
"TCGTGAATCTAATGCG-1","1","Rbfox3",1.92484926649069
"TCGTGATGTTTACGCG-1","2","Rbfox3",2.26649492126447
"TCGTGCCTCACATTGG-1","3","Rbfox3",0
"TCGTGCCTCTATGTCC-1","15","Rbfox3",2.15701118679634
"TCGTGGACAATCCCTA-1","1","Rbfox3",0
"TCGTGGACATAACCGG-1","2","Rbfox3",1.60959793163675
"TCGTGGACATTCGGTC-1","3","Rbfox3",0
"TCGTGTCCAATCTGAA-1","13","Rbfox3",0
"TCGTTAAGTAAGCATG-1","0","Rbfox3",1.09002003488162
"TCGTTAAGTGCGGTTC-1","1","Rbfox3",2.0248849715665
"TCGTTAAGTTCCTTGC-1","1","Rbfox3",0.495923143687642
"TCGTTAAGTTCGTGGC-1","0","Rbfox3",0
"TCGTTCCGTATTGGAG-1","4","Rbfox3",1.19357409710504
"TCGTTGGGTGGGAATC-1","2","Rbfox3",1.5617069560663
"TCGTTTCAGCGACTAC-1","1","Rbfox3",2.27886996887794
"TCGTTTCAGGCAACCT-1","0","Rbfox3",0
"TCGTTTGCATAGATGC-1","2","Rbfox3",2.67220893924336
"TCTAACCTCCGTGCGA-1","4","Rbfox3",1.4222967043771
"TCTAACCTCGAATTAC-1","0","Rbfox3",0.402339717991219
"TCTAACCTCGTTCGGG-1","3","Rbfox3",0
"TCTAATCCAAAGGTGA-1","12","Rbfox3",0
"TCTAATCCACTAAGGT-1","0","Rbfox3",1.03087142691662
"TCTAATCCAGTTAGGT-1","0","Rbfox3",0
"TCTACAAGTCAGTCGC-1","7","Rbfox3",1.2144811120352
"TCTACAAGTGCGTACC-1","3","Rbfox3",0
"TCTACATCAGCAGTAT-1","3","Rbfox3",0
"TCTACGAAGATTCGCA-1","2","Rbfox3",1.81699031130776
"TCTACGGGTAACGCAA-1","0","Rbfox3",0
"TCTACGGGTATGGACA-1","4","Rbfox3",1.14566829616876
"TCTACTATCTGTGCAA-1","6","Rbfox3",0
"TCTACTGCACATTGAA-1","0","Rbfox3",0
"TCTAGCGGTGGCTTCA-1","13","Rbfox3",0
"TCTATAGGTAACGAAT-1","0","Rbfox3",1.74178878033879
"TCTATAGGTTTGGTCG-1","0","Rbfox3",0
"TCTATCGCAAATCGTA-1","0","Rbfox3",1.71062293025447
"TCTATCGCAACTTCAT-1","0","Rbfox3",1.0603927100498
"TCTATCGCACTTCGAC-1","5","Rbfox3",1.6998400869192
"TCTATCGCAGTTAGGT-1","1","Rbfox3",1.30252447805443
"TCTATCTGTTTACCAA-1","0","Rbfox3",1.32689354705462
"TCTATGAGTCATTGGT-1","0","Rbfox3",1.05934509056244
"TCTATGAGTCTGGCAC-1","1","Rbfox3",1.44553450320786
"TCTATGAGTGAAGTCA-1","0","Rbfox3",1.50438858395787
"TCTATGAGTTGCGAGG-1","0","Rbfox3",1.40048545489887
"TCTATGAGTTTCACTT-1","2","Rbfox3",0.704849171127834
"TCTATGCTCACCAGAC-1","2","Rbfox3",1.17140115571221
"TCTATGCTCGCGTCGA-1","10","Rbfox3",0
"TCTATGGAGAAGCATA-1","5","Rbfox3",0.846840978597417
"TCTATGGAGCATGCAC-1","0","Rbfox3",1.49051493236098
"TCTATTGTCACCTACT-1","2","Rbfox3",1.5668370855444
"TCTATTGTCGATGCTA-1","0","Rbfox3",0
"TCTCAATCAAGCTATA-1","6","Rbfox3",0
"TCTCAATCACCAACGA-1","2","Rbfox3",1.81850243568804
"TCTCACTAGATAGGAC-1","0","Rbfox3",0
"TCTCACTAGCCTCTCA-1","3","Rbfox3",0
"TCTCACTAGTAGTCGC-1","1","Rbfox3",1.4990321874864
"TCTCACTAGTGATCGC-1","0","Rbfox3",0.841248692602751
"TCTCATATCCCAGGCA-1","1","Rbfox3",2.00584510465415
"TCTCATCAGTCATCTC-1","6","Rbfox3",0
"TCTCATCAGTTACGGC-1","8","Rbfox3",1.38069559066287
"TCTCATTGTAGCGACG-1","9","Rbfox3",0
"TCTCATTGTTAGGCTT-1","4","Rbfox3",0
"TCTCATTGTTCGTGGC-1","4","Rbfox3",1.44976448020721
"TCTCCATAGAAGGTCG-1","15","Rbfox3",2.01610285010804
"TCTCCATAGCCACTAA-1","10","Rbfox3",0
"TCTCCCAAGTGCAATT-1","0","Rbfox3",0
"TCTCGATTCCTCGACC-1","11","Rbfox3",0
"TCTCGCATCACTCAGA-1","3","Rbfox3",0
"TCTCGCATCCGTGCAG-1","0","Rbfox3",1.80126683909127
"TCTCGCATCGAGTACC-1","2","Rbfox3",0
"TCTCGGCTCGCGTTCC-1","5","Rbfox3",1.2146476785902
"TCTCGGCTCGCTGGAT-1","3","Rbfox3",0
"TCTCGGCTCTGTGATG-1","6","Rbfox3",0
"TCTCTAGCAGGTATCG-1","0","Rbfox3",0
"TCTCTAGCATGGTTGG-1","5","Rbfox3",1.56959303496833
"TCTCTATGTAATCGTC-1","0","Rbfox3",1.7000594688291
"TCTCTGGTCCAATTCC-1","6","Rbfox3",0
"TCTGACAAGTAGGTAA-1","2","Rbfox3",2.30166311269509
"TCTGATAGTATAGTCC-1","5","Rbfox3",1.30758533326612
"TCTGATGAGGCGATTC-1","5","Rbfox3",0.718421625888542
"TCTGCAAAGCCAGGTT-1","1","Rbfox3",1.50040652948425
"TCTGCAAAGGAGTCGA-1","4","Rbfox3",1.44121011871601
"TCTGCAAAGGTAGTAA-1","0","Rbfox3",1.57135287446262
"TCTGCACCAAGCTCAG-1","10","Rbfox3",0
"TCTGCACCATCGGCTT-1","0","Rbfox3",0
"TCTGCAGGTAGCTTCG-1","1","Rbfox3",0.697070134844117
"TCTGCAGGTGCACGCT-1","1","Rbfox3",1.81824298891842
"TCTGCCATCACTAGCA-1","3","Rbfox3",0
"TCTGCCATCAGCGGTT-1","6","Rbfox3",0
"TCTGCCATCAGTTAGT-1","2","Rbfox3",1.96571162976039
"TCTGCCTGTCAGCGGA-1","5","Rbfox3",0.790448085557932
"TCTGCGGAGGGCTCAT-1","2","Rbfox3",2.01979798017112
"TCTGCGGAGGTTGCCG-1","5","Rbfox3",1.02708691811169
"TCTGCGGAGTTGGTGC-1","0","Rbfox3",1.68130087784479
"TCTGGATGTATGTAGG-1","2","Rbfox3",1.63603978298393
"TCTGGCCTCGACTTAG-1","2","Rbfox3",1.75074357548191
"TCTGGCTCAAGTTCAA-1","3","Rbfox3",0
"TCTGGGCGTAGCCTGC-1","7","Rbfox3",1.77108994051323
"TCTGTAAGTTCCTGCT-1","3","Rbfox3",0
"TCTGTGTTCGACCCGA-1","0","Rbfox3",0.800314768793322
"TCTGTGTTCGAGTACC-1","0","Rbfox3",1.04306344183494
"TCTGTTGCACATTCCA-1","0","Rbfox3",1.48349282330361
"TGAAACGGTTAGAGAT-1","11","Rbfox3",0
"TGAAACTTCCAGGGTT-1","2","Rbfox3",1.73824502925574
"TGAAAGGCAAGTATCA-1","2","Rbfox3",1.76698697801271
"TGAAAGGCATGGCGAC-1","4","Rbfox3",1.196586283668
"TGAAATGAGTGCCGTG-1","3","Rbfox3",0
"TGAACAGGTTAGTACC-1","0","Rbfox3",0
"TGAACCATCCCAATTC-1","5","Rbfox3",1.59308069978623
"TGAACCCAGCAGGTTC-1","8","Rbfox3",1.7169391879208
"TGAACCGCAATCAGCG-1","0","Rbfox3",1.105594057093
"TGAACCGCACTTGCTA-1","2","Rbfox3",0.898804429293679
"TGAACCGCATTCATAC-1","3","Rbfox3",0
"TGAATAGAGCAATTAC-1","3","Rbfox3",0
"TGAATAGAGCTAATGT-1","15","Rbfox3",0.990834075551782
"TGAATCCGTCAAGTGA-1","0","Rbfox3",1.22244998497117
"TGAATGAAGCCTAGAC-1","2","Rbfox3",1.3649307493573
"TGAATGAAGTAATGGA-1","13","Rbfox3",0.720474840788322
"TGAATGGGTTCCTTCA-1","13","Rbfox3",0
"TGACATTAGGATCCAC-1","10","Rbfox3",0
"TGACCAATCCCTGGAG-1","7","Rbfox3",1.81969276298341
"TGACCAATCTCACATC-1","1","Rbfox3",1.13646362103836
"TGACCAGCAACGTGAT-1","2","Rbfox3",1.7819658822531
"TGACCCAGTGGCTCTA-1","0","Rbfox3",1.75753641442795
"TGACCCTCATTCCTTC-1","0","Rbfox3",0.582118982714672
"TGACCTAAGGTATCTG-1","8","Rbfox3",1.36261968598098
"TGACGAAGTATTGCTA-1","5","Rbfox3",1.16991801825496
"TGACGGGGTTGGGTAA-1","10","Rbfox3",0
"TGACGTTGTATGGCCC-1","5","Rbfox3",2.04545955906009
"TGACGTTGTCTTGCCT-1","2","Rbfox3",2.04146073975674
"TGACTAACAATGGAAG-1","2","Rbfox3",1.07504655811793
"TGACTAACATGATCCC-1","1","Rbfox3",1.26888679830406
"TGACTGATCACTCCGC-1","0","Rbfox3",1.40210016129108
"TGACTGATCAGGCTAC-1","5","Rbfox3",0.989717452431269
"TGAGAATGTGCATCTG-1","1","Rbfox3",1.17505000064498
"TGAGATGGTAGCTTAC-1","16","Rbfox3",0
"TGAGATGGTTGCACCA-1","2","Rbfox3",1.84830106930019
"TGAGCCACAATCCCTA-1","5","Rbfox3",1.66338806773757
"TGAGCCACAATCCTTG-1","15","Rbfox3",1.35374862108525
"TGAGCGAAGTGAGTAA-1","1","Rbfox3",1.95172692046396
"TGAGCGGGTAATCACC-1","2","Rbfox3",1.50031631752831
"TGAGCGGGTGAGCAGT-1","4","Rbfox3",0.990621175591125
"TGAGCTATCCACCGTC-1","1","Rbfox3",1.90084099868064
"TGAGCTGCAACCTCTA-1","0","Rbfox3",1.2020241140284
"TGAGCTGCATGGTAGT-1","0","Rbfox3",1.11902116029932
"TGAGCTTGTAATTCGC-1","7","Rbfox3",1.23133812255704
"TGAGGATAGTATGAAG-1","1","Rbfox3",1.29464731017615
"TGAGGCGGTTGCCTAG-1","0","Rbfox3",0
"TGAGGCGGTTTGGTAC-1","0","Rbfox3",1.89201874934151
"TGAGGCTTCACGTAAT-1","2","Rbfox3",2.50978404308453
"TGAGGTGAGATAGACA-1","0","Rbfox3",0
"TGAGGTTCACCTTCAA-1","5","Rbfox3",1.93181504419683
"TGAGTAAAGGGGCAGT-1","2","Rbfox3",2.10545585495684
"TGAGTCGCAAGCCTCT-1","0","Rbfox3",1.65469057212603
"TGAGTCTGTCTAAGGA-1","7","Rbfox3",1.75648215587125
"TGAGTCTGTTGCATAC-1","3","Rbfox3",0
"TGAGTTACAGGGACTC-1","5","Rbfox3",1.0641497957314
"TGAGTTACATGGTACG-1","2","Rbfox3",2.01122853245675
"TGAGTTGTCACCTGGG-1","10","Rbfox3",0
"TGATAGAAGGATCCAC-1","5","Rbfox3",0.734971603122769
"TGATAGCCACATTAGA-1","8","Rbfox3",1.45373029562903
"TGATAGCCATTGCCCG-1","0","Rbfox3",1.22979435825063
"TGATAGCCATTGCGCT-1","2","Rbfox3",0.770962028338167
"TGATCCCCAGCTACTC-1","0","Rbfox3",0
"TGATGAGGTAGTTGAG-1","5","Rbfox3",0.834699268550882
"TGATGAGGTGCATCAT-1","7","Rbfox3",1.49189316238568
"TGATGAGGTTACACTA-1","5","Rbfox3",1.32709704431859
"TGATGGCTCCATCTCG-1","2","Rbfox3",1.8116156410013
"TGATGGCTCCCTGACC-1","2","Rbfox3",1.44510070083079
"TGATTAGCAGGACTTG-1","12","Rbfox3",0
"TGATTGGTCCCGTTCA-1","15","Rbfox3",1.50793908316206
"TGATTTCCATCCATCA-1","1","Rbfox3",0.997087474988011
"TGATTTCCATCGTTCA-1","0","Rbfox3",0.732494608912677
"TGATTTGGTGAACGAC-1","3","Rbfox3",0
"TGCAAACCAATCCCGT-1","2","Rbfox3",1.95914029533816
"TGCAATGTCACAGCTA-1","0","Rbfox3",1.0099096632852
"TGCAATGTCGTAGTTG-1","1","Rbfox3",1.65209192265456
"TGCAATTAGCGAGCAA-1","1","Rbfox3",1.12073648185236
"TGCACAATCAGGCAGA-1","9","Rbfox3",0
"TGCACCCTCCATCTGT-1","0","Rbfox3",0
"TGCACCTCAATATACG-1","16","Rbfox3",0
"TGCACCTCAGGACTGC-1","9","Rbfox3",0
"TGCACCTCATGGCAAT-1","2","Rbfox3",1.797774289004
"TGCACTAAGTTAGCAT-1","0","Rbfox3",1.53193700851449
"TGCAGGCCAAATGACC-1","2","Rbfox3",1.66904478179844
"TGCAGGCCAGGGCTAC-1","1","Rbfox3",1.10021485311365
"TGCAGGCCATGACTAA-1","4","Rbfox3",0.63171021884338
"TGCAGGTTCCAGATCA-1","4","Rbfox3",1.41836949503572
"TGCATAGTCCGCCTAC-1","1","Rbfox3",2.30510898111946
"TGCATAGTCCGTTGGG-1","8","Rbfox3",0
"TGCATCAAGTGAACTT-1","0","Rbfox3",0.437783511186951
"TGCCAGACATCCATAT-1","0","Rbfox3",0.96597166119224
"TGCCAGTAGCCACATA-1","2","Rbfox3",2.59049014305173
"TGCCATAAGCGCTCAG-1","8","Rbfox3",1.86701591506303
"TGCCATAAGGTCACGT-1","2","Rbfox3",1.75948185271987
"TGCCATAAGTTAATGC-1","0","Rbfox3",0
"TGCCATCCAGGTTCGA-1","15","Rbfox3",0
"TGCCATCCATAACGGT-1","8","Rbfox3",1.05223625796436
"TGCCATCCATCCGCTG-1","1","Rbfox3",1.89574103408516
"TGCCATGGTAGTTGGA-1","1","Rbfox3",2.25929435895987
"TGCCATGGTTTACCAA-1","2","Rbfox3",1.18767939887082
"TGCCATGGTTTGGCAT-1","2","Rbfox3",1.66790968088943
"TGCCATTTCATCTCTA-1","0","Rbfox3",0
"TGCCATTTCCCATAGA-1","4","Rbfox3",0.974365106391837
"TGCCCAAGTATGGCAA-1","0","Rbfox3",0.895106722420111
"TGCCCAAGTGCGCGTT-1","6","Rbfox3",0
"TGCCCATCACCAATCC-1","3","Rbfox3",0
"TGCCCGAAGCGCTCTC-1","1","Rbfox3",1.39258973578925
"TGCCCGTTCCGGTTCC-1","9","Rbfox3",0
"TGCCCTCAGCTACTCT-1","0","Rbfox3",2.09881375155805
"TGCCCTCAGTAAGTAG-1","2","Rbfox3",1.93489157420611
"TGCCCTTGTATGTCAC-1","7","Rbfox3",2.59280343708452
"TGCCCTTGTTTGAGGA-1","0","Rbfox3",0
"TGCCGAACATAATCGA-1","0","Rbfox3",0.764647717792679
"TGCCGATAGAACCAGG-1","7","Rbfox3",1.84614756327503
"TGCCGATAGATTGACT-1","0","Rbfox3",0.829347466855935
"TGCCGATAGGTGGATG-1","0","Rbfox3",0
"TGCCGATAGGTTCATG-1","0","Rbfox3",0
"TGCCGCTTCTATGCAG-1","0","Rbfox3",1.55295970702046
"TGCCGTGAGGATCTGC-1","0","Rbfox3",1.33467694627456
"TGCCGTGAGTGAGTAA-1","0","Rbfox3",1.02125319372549
"TGCCGTTCACTAATGA-1","14","Rbfox3",0
"TGCCTAGGTTTAGCAC-1","7","Rbfox3",0.954331474881432
"TGCCTATTCATGCGGT-1","11","Rbfox3",0
"TGCCTATTCCCTCACA-1","6","Rbfox3",0
"TGCCTCATCATGTCGA-1","2","Rbfox3",2.11381717816088
"TGCCTCATCGTTAGGC-1","5","Rbfox3",1.36385906290446
"TGCCTCGCAGGATAGA-1","2","Rbfox3",2.24214074338914
"TGCCTCGCAGTTGGGC-1","0","Rbfox3",1.12862209406096
"TGCCTCTGTATAGCGA-1","4","Rbfox3",1.17915282646199
"TGCCTCTGTGCATCAT-1","3","Rbfox3",0
"TGCCTCTGTTAGTACC-1","2","Rbfox3",1.88337951425159
"TGCCTCTGTTCCGGTA-1","7","Rbfox3",1.97616779134565
"TGCCTGCTCATAGGTT-1","2","Rbfox3",1.36103604330487
"TGCCTGCTCCCGTGAG-1","0","Rbfox3",1.38967888331027
"TGCGAAAGTAATGGCA-1","2","Rbfox3",1.85759852342962
"TGCGAAAGTGAACCTT-1","10","Rbfox3",0
"TGCGACCGTTCCCAGA-1","0","Rbfox3",1.72500447137959
"TGCGACCGTTCTGGTG-1","0","Rbfox3",1.19896782955741
"TGCGACTAGGATGGGC-1","6","Rbfox3",0
"TGCGAGGGTTTGCGAT-1","7","Rbfox3",1.5199931863225
"TGCGATGCACTTCAGC-1","8","Rbfox3",1.96448062371802
"TGCGGCTGTCAGGCAG-1","0","Rbfox3",1.77325184657207
"TGCGGCTGTGATGGTA-1","0","Rbfox3",1.09807923961498
"TGCGGCTGTGGGTTAA-1","4","Rbfox3",1.62606986339941
"TGCGGCTGTTACACTA-1","1","Rbfox3",0.780129013270084
"TGCGGGTCACGCCATT-1","0","Rbfox3",1.28941332347108
"TGCGGTTAGCTACAGC-1","3","Rbfox3",0
"TGCGGTTAGCTGGATC-1","0","Rbfox3",2.08941009848859
"TGCGTATGTCAGCACC-1","2","Rbfox3",1.79426385320667
"TGCGTATGTGACGAGT-1","8","Rbfox3",1.96430492963723
"TGCGTATGTTAAGGTG-1","7","Rbfox3",1.01521027437673
"TGCGTATGTTCACGCA-1","1","Rbfox3",2.17051203719344
"TGCTAAGTCCATCTCG-1","0","Rbfox3",0
"TGCTAAGTCTAGTGTG-1","16","Rbfox3",2.28557338641084
"TGCTAAGTCTGGCATA-1","0","Rbfox3",0
"TGCTACAAGCCCTGCT-1","7","Rbfox3",1.91512835371943
"TGCTACAAGCGCTGCA-1","1","Rbfox3",0.949254244742589
"TGCTACCCAACCAGTG-1","8","Rbfox3",1.63139447652873
"TGCTACCCATCACGTC-1","4","Rbfox3",1.21966859190947
"TGCTACTTCCTCGTTG-1","3","Rbfox3",0
"TGCTCAAAGGCGATAG-1","2","Rbfox3",1.76718820849755
"TGCTCAAAGTGGCGAA-1","3","Rbfox3",0
"TGCTCACCATGGCTTC-1","7","Rbfox3",1.6615186410171
"TGCTCACCATGGTCGA-1","6","Rbfox3",0
"TGCTCGCTCCTTCGTG-1","2","Rbfox3",1.99844174348819
"TGCTGATGTATTGCCG-1","1","Rbfox3",1.67563051423948
"TGCTGCCTCAGGCATC-1","0","Rbfox3",0.827458814616259
"TGCTGCCTCCAGCTCC-1","0","Rbfox3",0.936198224703182
"TGCTGCCTCCGGGCTA-1","0","Rbfox3",0.946062133944738
"TGCTGCCTCTCACCAT-1","5","Rbfox3",0.848748103938779
"TGCTGGACAAGTAAGG-1","11","Rbfox3",0
"TGCTGGACACCTGTGT-1","12","Rbfox3",0
"TGCTGGGTCGTACCTT-1","6","Rbfox3",0
"TGCTGTCCAAAGGAAT-1","0","Rbfox3",0
"TGCTGTCCATGAGTGT-1","12","Rbfox3",0
"TGCTTAAGTAGCGGTG-1","1","Rbfox3",1.48448178385582
"TGCTTAAGTGACGAGT-1","11","Rbfox3",0
"TGCTTAAGTGGGTCGA-1","1","Rbfox3",1.92946352537567
"TGCTTCACATCACGGA-1","0","Rbfox3",0
"TGGAACCTCAGCCAGT-1","2","Rbfox3",0.714937684918821
"TGGAATGGTCTGTGCA-1","7","Rbfox3",0
"TGGACAAGTAGCTAGA-1","3","Rbfox3",0
"TGGACAAGTTTCGTCC-1","5","Rbfox3",1.04521073388255
"TGGACATCAATAGGAG-1","0","Rbfox3",1.06572731383972
"TGGACGTTCACCTAAG-1","4","Rbfox3",0.797086474643149
"TGGACGTTCATCGACA-1","0","Rbfox3",1.31650887915947
"TGGACGTTCCATAGCA-1","1","Rbfox3",1.09807923961498
"TGGACGTTCTCACAGA-1","3","Rbfox3",0
"TGGACTATCCAACTGA-1","14","Rbfox3",0
"TGGACTCAGCCGATAC-1","8","Rbfox3",1.81218703028486
"TGGACTCAGGTGAACG-1","16","Rbfox3",0
"TGGAGCAAGAAGCACG-1","1","Rbfox3",1.58119386228281
"TGGAGCAAGTGCCCAG-1","10","Rbfox3",0
"TGGAGCGGTGACCGAG-1","11","Rbfox3",0
"TGGAGTAGTTCAAGTC-1","4","Rbfox3",0.845776947546497
"TGGAGTGAGATACTCG-1","4","Rbfox3",1.54737884675845
"TGGATAGGTATGTGGA-1","0","Rbfox3",0.853053271957824
"TGGATAGGTTAGTGTC-1","2","Rbfox3",2.2015920289891
"TGGATGGAGCCCTACC-1","8","Rbfox3",1.98216975419046
"TGGATGGAGCGATAGG-1","0","Rbfox3",1.01352989079481
"TGGATTGTCATCGAAT-1","0","Rbfox3",1.44752148189061
"TGGCATGCAGTAAGTC-1","0","Rbfox3",1.369988606643
"TGGCATGCATAAGTTG-1","2","Rbfox3",1.62181863846854
"TGGCCATAGGTATCTG-1","6","Rbfox3",0
"TGGCCTGAGGTGAGCA-1","0","Rbfox3",1.84927813921732
"TGGCGAAAGCAACCAC-1","0","Rbfox3",1.97616779134565
"TGGCGAAAGCATTAAC-1","8","Rbfox3",1.45013910378982
"TGGCGATTCGAACCTA-1","13","Rbfox3",0
"TGGCGCATCACTCCAT-1","11","Rbfox3",0
"TGGCGCATCATGGCCG-1","0","Rbfox3",1.10749047450634
"TGGCGGTCAATACAGC-1","0","Rbfox3",0
"TGGCTAATCAATGTGT-1","0","Rbfox3",1.14071938427969
"TGGCTAATCACCCTGC-1","8","Rbfox3",1.83956601435704
"TGGCTATGTCTAACTA-1","0","Rbfox3",0.711488777223892
"TGGCTATGTGATAGCA-1","0","Rbfox3",1.07131015839034
"TGGCTATGTTATATCG-1","8","Rbfox3",0.544378369952192
"TGGCTATGTTTCGATA-1","0","Rbfox3",0.743664873507012
"TGGCTGACATCCGCTG-1","3","Rbfox3",0
"TGGGATTCAATAGGTC-1","2","Rbfox3",2.16584945476847
"TGGGATTCATAGATCA-1","1","Rbfox3",1.73569995659759
"TGGGCACCACCATTCA-1","1","Rbfox3",2.12878690157002
"TGGGCACCACTAATCT-1","0","Rbfox3",0.600842938816987
"TGGGCACCAGGAGCCT-1","5","Rbfox3",0
"TGGGCAGGTAATTGGG-1","4","Rbfox3",0.611795820822152
"TGGGCAGGTTCACTCC-1","4","Rbfox3",1.47809512421339
"TGGGCGAGTTAGCGCC-1","2","Rbfox3",1.79353250084574
"TGGGCTTAGGATCCAC-1","5","Rbfox3",1.36583596059311
"TGGGCTTAGGTAGCAG-1","4","Rbfox3",0
"TGGGCTTAGTAAGCAA-1","2","Rbfox3",1.81197270610111
"TGGGCTTAGTATGAGA-1","1","Rbfox3",1.69811184550911
"TGGGGCTCAAGCGGAG-1","1","Rbfox3",1.19397474375408
"TGGGGCTCATCCGTTA-1","8","Rbfox3",1.8444805688076
"TGGGGTAAGCATGCGT-1","5","Rbfox3",2.18627765716026
"TGGGGTAAGGTTGGAG-1","10","Rbfox3",0
"TGGGGTTTCGATGCGT-1","3","Rbfox3",1.74383018970019
"TGGGTCACACCTAACC-1","6","Rbfox3",0
"TGGGTTATCAATCCGA-1","1","Rbfox3",3.90805774511375
"TGGGTTATCGACTAAT-1","5","Rbfox3",1.19181481021785
"TGGGTTATCTGTGCAA-1","0","Rbfox3",0
"TGGTACGCAATTGACA-1","0","Rbfox3",1.8753079763645
"TGGTACGCACATGAGT-1","2","Rbfox3",1.70988069546495
"TGGTACGCATTGGAAC-1","0","Rbfox3",0.938323748219046
"TGGTAGCTCCAATTCC-1","15","Rbfox3",2.00575401505617
"TGGTAGGAGCGGATGA-1","4","Rbfox3",1.36972593477266
"TGGTAGGAGGTCAAGG-1","3","Rbfox3",0
"TGGTAGGAGTGAAGCG-1","0","Rbfox3",1.0102981868934
"TGGTATTAGCCTGAGT-1","0","Rbfox3",1.43252983764731
"TGGTCAATCCTTCAGT-1","3","Rbfox3",0
"TGGTCAATCGATAGCC-1","9","Rbfox3",0
"TGGTCACAGGAATTAG-1","0","Rbfox3",0
"TGGTCACAGGGCTCTG-1","6","Rbfox3",0
"TGGTCCTCAAATGCAC-1","0","Rbfox3",1.58438047634582
"TGGTCCTCAAGTTAGC-1","3","Rbfox3",0
"TGGTCCTCACCAGCTT-1","13","Rbfox3",2.13698395419608
"TGGTCCTCATCACATT-1","4","Rbfox3",1.34371626873145
"TGGTCTAAGCATAGGG-1","8","Rbfox3",1.83630803228806
"TGGTCTAAGGTTCGTA-1","2","Rbfox3",1.59217069040931
"TGGTGGTTCCCAGGAT-1","4","Rbfox3",0
"TGGTGTTGTGGAGCAT-1","3","Rbfox3",0
"TGGTGTTGTTAGACAG-1","7","Rbfox3",1.59827864652455
"TGGTTAACACTTCAAT-1","4","Rbfox3",0.659844813238352
"TGGTTACGTTTGACCG-1","12","Rbfox3",0
"TGGTTATAGCGACTTA-1","5","Rbfox3",1.4669784233562
"TGGTTCAAGATAGACA-1","0","Rbfox3",0
"TGGTTCAAGCTATCTC-1","1","Rbfox3",1.36427985160532
"TGGTTCAAGTTACAGT-1","7","Rbfox3",1.2687949040676
"TGTAACCGTTACACCG-1","2","Rbfox3",2.51685108634779
"TGTACCCCAGCTATGG-1","5","Rbfox3",1.02393231919862
"TGTACCCCAGGTAATC-1","0","Rbfox3",1.02933664446427
"TGTACCCCATTCGCGT-1","0","Rbfox3",0
"TGTACCGGTCTAGCGC-1","5","Rbfox3",0
"TGTACCTTCTAACCTC-1","0","Rbfox3",1.16133209715846
"TGTACGATCCCGTTCA-1","2","Rbfox3",2.02766208552975
"TGTACTTCATCGGTTC-1","3","Rbfox3",0
"TGTAGAGGTAACTCCG-1","1","Rbfox3",1.288048933747
"TGTAGAGGTATGTCCG-1","0","Rbfox3",0.827096653558469
"TGTAGAGGTGCGTGTC-1","0","Rbfox3",0
"TGTAGCATCAATCGGC-1","11","Rbfox3",0
"TGTAGCCAGATAGGTA-1","3","Rbfox3",0
"TGTAGCCAGTAATCCG-1","2","Rbfox3",1.72702912259629
"TGTAGCTGTTGCCTCT-1","6","Rbfox3",0
"TGTAGTTAGCTAGTCA-1","0","Rbfox3",1.90941047959502
"TGTAGTTAGGGTCCAT-1","0","Rbfox3",0.897037514295788
"TGTATCTCAAATGGCT-1","7","Rbfox3",1.4930514166897
"TGTATTCCAATCCAGG-1","0","Rbfox3",0
"TGTATTGGTAATCCTA-1","0","Rbfox3",0
"TGTATTGGTGACTTCG-1","12","Rbfox3",0
"TGTATTGGTTGAGCAA-1","3","Rbfox3",0
"TGTCACCCACAACTAA-1","0","Rbfox3",0
"TGTCACTTCCCCATGC-1","8","Rbfox3",1.89249725565048
"TGTCACTTCCCTGGCT-1","0","Rbfox3",0
"TGTCACTTCCGCTGGA-1","0","Rbfox3",0
"TGTCACTTCCTTCGCA-1","3","Rbfox3",0
"TGTCAGGCACAGCATG-1","2","Rbfox3",0
"TGTCAGGCATTACGCC-1","4","Rbfox3",0.72308593864263
"TGTCATGAGCCTTCCA-1","0","Rbfox3",0.779745151372124
"TGTCCAAAGCCGCATG-1","2","Rbfox3",1.27777933687209
"TGTCCAAAGGTTAGCC-1","7","Rbfox3",1.8498155495145
"TGTCCAGGTCAACTGT-1","2","Rbfox3",2.30146086578177
"TGTCCAGGTCATGTGT-1","0","Rbfox3",0.705574762324705
"TGTCCCATCCAGGTAC-1","7","Rbfox3",1.43411005926523
"TGTCCCATCGACTGCG-1","6","Rbfox3",0
"TGTCCCTGTGGAGCCA-1","10","Rbfox3",0
"TGTCCGCTCACACACA-1","3","Rbfox3",0
"TGTCCGGAGCTACCAA-1","5","Rbfox3",1.43192314015944
"TGTCCTTAGCCAGTCG-1","1","Rbfox3",1.84897736262192
"TGTCCTTAGCTAAGTT-1","0","Rbfox3",0.852281100215496
"TGTCCTTAGGAGGATT-1","13","Rbfox3",0
"TGTCGCCTCAATTGCG-1","1","Rbfox3",1.89661723924688
"TGTCGTCCACTAGGAT-1","0","Rbfox3",0.77033814553213
"TGTCTAAGTCTTGCGA-1","2","Rbfox3",2.25527195914297
"TGTCTCACATAATTCC-1","9","Rbfox3",0
"TGTCTGTTCAGCGACT-1","0","Rbfox3",1.26999070439428
"TGTCTGTTCTGGATAT-1","0","Rbfox3",0.9255395279971
"TGTCTTGCAACATCAA-1","7","Rbfox3",1.44275106978755
"TGTGAACCAATCTGAA-1","9","Rbfox3",0
"TGTGAAGGTGGGTCTC-1","1","Rbfox3",1.6234069684006
"TGTGAGGAGATTGAAG-1","7","Rbfox3",0
"TGTGAGGAGGCACTTA-1","0","Rbfox3",0
"TGTGATTAGGATTCAT-1","0","Rbfox3",0.743606978270488
"TGTGATTAGGTCCACG-1","6","Rbfox3",0
"TGTGCAATCACACACA-1","3","Rbfox3",0
"TGTGCATGTAGGTTAG-1","0","Rbfox3",0.948672141377195
"TGTGCCCTCCGGACAT-1","0","Rbfox3",0
"TGTGCCTCATGGCAAT-1","1","Rbfox3",1.39617005104704
"TGTGCGCGTAACGAGC-1","1","Rbfox3",2.11296423371848
"TGTGCTGGTGGCCTAC-1","1","Rbfox3",1.94184121093787
"TGTGGTCAGTGATCTG-1","3","Rbfox3",0
"TGTGGTTGTGAGGCTG-1","6","Rbfox3",0
"TGTGTTAGTAAGTTCC-1","13","Rbfox3",0
"TGTGTTAGTTAGCAGA-1","5","Rbfox3",0.75501807366795
"TGTGTTGAGCATATCG-1","3","Rbfox3",0
"TGTGTTGAGCTAGTAT-1","5","Rbfox3",0.811486173310762
"TGTGTTGAGGAGGTTG-1","5","Rbfox3",1.04760794078039
"TGTGTTGAGTCAGCGT-1","7","Rbfox3",1.26349065388331
"TGTGTTGAGTCATGGC-1","0","Rbfox3",0
