"cell","cluster","gene","logexpr"
"AAACCAAAGTCAGCTA-1","11","Syp",0
"AAACCAAAGTCTCTGT-1","8","Syp",1.25625606199872
"AAACCATTCAGTTACG-1","9","Syp",0
"AAACCATTCGAACCCG-1","1","Syp",0
"AAACCCGCAACCTTCA-1","4","Syp",0
"AAACCCGCAATCGAAC-1","7","Syp",0
"AAACCCGCAGCCTACT-1","14","Syp",0
"AAACCCGCATGACAGT-1","1","Syp",0.604097436275634
"AAACCCTGTAGGTGCG-1","7","Syp",0
"AAACGAATCACTGGCG-1","0","Syp",0
"AAACGATGTGCGGAAT-1","5","Syp",0
"AAACGCCTCCGGTAAC-1","6","Syp",0
"AAACGCCTCGCGACAT-1","3","Syp",0
"AAACGCCTCGTTAGAT-1","9","Syp",0
"AAACGGGTCCGCGATG-1","5","Syp",1.10688013169162
"AAACGTAAGCCACACG-1","0","Syp",1.23709390968863
"AAACGTCCACAGCGAC-1","2","Syp",0
"AAACGTCCACATACGG-1","1","Syp",0.534803969096886
"AAACTTGCAACGGGCT-1","13","Syp",0
"AAAGCAATCCGTATAG-1","8","Syp",0
"AAAGCATGTAAGCAAT-1","8","Syp",1.12862209406096
"AAAGCATGTCATCCCT-1","7","Syp",0.499666888728181
"AAAGCCAGTTAGTCGT-1","3","Syp",0
"AAAGCCAGTTCACCTC-1","1","Syp",0.735650187210555
"AAAGCTGGTTCGGGTC-1","0","Syp",1.12460554416204
"AAAGCTGGTTTCGCCT-1","0","Syp",0
"AAAGGTCAGGATGAGT-1","1","Syp",0
"AAAGGTTGTTCCATCC-1","6","Syp",0
"AAAGTAGTCAATCTCC-1","1","Syp",0.586155776947788
"AAAGTAGTCCAACTGA-1","6","Syp",0
"AAAGTCAAGGAGGACC-1","2","Syp",0
"AAAGTGATCACGCCTC-1","0","Syp",0.815962939470939
"AAAGTGATCCTCTATA-1","0","Syp",0.979996682819599
"AAAGTTGAGCATCAAT-1","0","Syp",0
"AAAGTTGAGCCGCATG-1","0","Syp",1.27008279463044
"AAAGTTGAGCGCCTCT-1","8","Syp",0
"AAATGCAAGTAATCCG-1","0","Syp",0
"AAATGCAAGTAGTGCC-1","2","Syp",0.705834279123739
"AAATGCAAGTTGGCTA-1","6","Syp",0
"AAATGGATCAGCTGGT-1","1","Syp",0.451715157954389
"AAATTCGCAAATGCGT-1","8","Syp",0
"AAATTCGCATTAGTGA-1","3","Syp",0
"AAATTGCTCCCATAGA-1","1","Syp",0
"AACACACCATGAGTTA-1","6","Syp",0
"AACACATTCAATGTCG-1","3","Syp",0
"AACACCATCGCGCGTA-1","3","Syp",0
"AACACCGCATAACGAC-1","6","Syp",0
"AACACCTGTCATGTGT-1","2","Syp",0.623730558627824
"AACACCTGTTGCAGCC-1","6","Syp",0
"AACACGAGTTTAGGAG-1","1","Syp",0
"AACACTTAGGAGTCGA-1","9","Syp",0
"AACACTTAGGCGTACT-1","9","Syp",0
"AACAGCTCACTATCTG-1","4","Syp",0.441258115918865
"AACAGGCGTTGTGACT-1","0","Syp",1.02748992809504
"AACAGTAAGTGTCCTT-1","10","Syp",2.10977392952907
"AACAGTAAGTTACAGT-1","1","Syp",0.662246381323502
"AACATAGAGTAGGCTC-1","0","Syp",1.30424994222532
"AACATAGAGTTAACGT-1","0","Syp",0
"AACATCACAACCAGAT-1","1","Syp",0
"AACATCACATAGGGCC-1","2","Syp",0
"AACATCCGTAGGTAGC-1","6","Syp",0
"AACATTCAGAACCTTG-1","1","Syp",0
"AACATTCAGGTAGGCA-1","13","Syp",1.17422552020476
"AACATTGCAACGTTAA-1","5","Syp",0
"AACATTGCATGATTGA-1","8","Syp",0.625827258742395
"AACCAACCAATAGACC-1","5","Syp",0.454492700023057
"AACCAACCAATCGTCC-1","4","Syp",0
"AACCAACCACCTGCAT-1","1","Syp",0.934739969572993
"AACCAAGGTAAGGTCA-1","0","Syp",0
"AACCAAGGTGGCTTCA-1","0","Syp",0
"AACCAAGGTTGTCTGG-1","0","Syp",0
"AACCACGCAACTAGCG-1","1","Syp",0.609028751368045
"AACCAGGAGCGGTCTG-1","5","Syp",0
"AACCATTAGCTTAGTG-1","0","Syp",0
"AACCATTAGGATTGAA-1","0","Syp",0
"AACCATTAGGTGAACG-1","1","Syp",1.43216574727883
"AACCCAATCACGGATC-1","6","Syp",0
"AACCCAATCACGTAAT-1","5","Syp",0.958376033535095
"AACCCACAGATTCCAG-1","8","Syp",0.786650812772129
"AACCCACAGCTGGTAC-1","0","Syp",0.736216674760138
"AACCCACAGGATCATT-1","5","Syp",0.78952797749153
"AACCCAGCAAATGACC-1","7","Syp",1.14420780650704
"AACCCAGCAACCGTAG-1","8","Syp",0
"AACCCAGCACTTGGCT-1","1","Syp",0
"AACCCTAAGCGGTTAC-1","4","Syp",0.805962496114394
"AACCGATCATAACGCG-1","0","Syp",0
"AACCGGGGTTAACCAC-1","4","Syp",0.617526547808683
"AACCTAACACAGGGCT-1","16","Syp",0
"AACCTAGTCACCATCT-1","3","Syp",0
"AACCTAGTCCATGCAA-1","3","Syp",0
"AACCTAGTCCTCAACT-1","1","Syp",0.924712727184823
"AACCTAGTCGCTAGGT-1","0","Syp",0
"AACCTAGTCTCACTAC-1","0","Syp",0.83900375063452
"AACCTCAAGCCAGACT-1","7","Syp",0.717990923877402
"AACCTTAGTAGCTGCC-1","10","Syp",0
"AACGAACAGTAGACCC-1","3","Syp",0
"AACGAATGTCAGTGCC-1","14","Syp",0
"AACGAATGTTACACAC-1","4","Syp",1.234885191245
"AACGACTCACCTATCA-1","1","Syp",0.529900450488512
"AACGATCCACTAGCCT-1","4","Syp",0.914240646234737
"AACGATCCAGTTGCCT-1","1","Syp",0
"AACGATGGTGCACCGT-1","0","Syp",1.16182218425684
"AACGCCACAGGATAGA-1","8","Syp",0
"AACGCCACATTAGCGG-1","0","Syp",0.534511235547053
"AACGCGAAGCTATGTG-1","0","Syp",0
"AACGCTTGTTTGACGT-1","0","Syp",0
"AACGGATAGGAGTAAC-1","7","Syp",0.63905759167797
"AACGGGGCAATCCTGC-1","5","Syp",0
"AACGGGGCATGGTGTG-1","5","Syp",0
"AACGGTGAGGATATAG-1","2","Syp",0.813228731552206
"AACTCAACACATATAG-1","1","Syp",0
"AACTCGATCCGCCTGT-1","8","Syp",0.678620501200876
"AACTCTTCACTTCGGT-1","4","Syp",1.30601332154422
"AACTGAAAGGGGCATA-1","5","Syp",0
"AACTGAGGTTGCACTG-1","9","Syp",0
"AACTGCATCATGCGCG-1","0","Syp",0
"AACTGGTCACTCAAGG-1","5","Syp",0
"AACTTCCTCGACTGAC-1","3","Syp",0
"AACTTCCTCTGTCAAG-1","0","Syp",0.41705844666918
"AACTTCTCAACCTGGA-1","2","Syp",0
"AACTTTGGTTGGAATG-1","13","Syp",0
"AAGCAAATCCATTCCG-1","0","Syp",0
"AAGCAAATCGTAGTCA-1","5","Syp",1.22025739809044
"AAGCAACAGCGGTCAT-1","14","Syp",0
"AAGCAACAGGGTTAGG-1","5","Syp",0.762627998260509
"AAGCAATGTAACTTCA-1","2","Syp",0
"AAGCACCTCATGCACA-1","3","Syp",0
"AAGCACCTCCAGGGTT-1","6","Syp",0
"AAGCATTTCAATTGGT-1","2","Syp",0
"AAGCATTTCATGGCGT-1","0","Syp",1.18578151735955
"AAGCATTTCCCGTTCA-1","2","Syp",0
"AAGCATTTCGATATAC-1","7","Syp",0
"AAGCCAAGTAAGTTGG-1","4","Syp",0
"AAGCCATCAGGACTGC-1","8","Syp",0
"AAGCCGCCATTCATCG-1","4","Syp",0.995578887030665
"AAGCCGGGTTTACTGA-1","8","Syp",0.678285741610034
"AAGCCTATCCGCGTAG-1","4","Syp",1.0490118544365
"AAGCCTATCGATGGGA-1","3","Syp",0
"AAGCGGATCCGCACAG-1","6","Syp",0
"AAGCGGATCTATGTCC-1","0","Syp",0.76348348165784
"AAGCTAAAGTGATCTG-1","1","Syp",0
"AAGCTAGGTTAGCGTT-1","2","Syp",0
"AAGCTAGGTTGCCTGA-1","4","Syp",0
"AAGCTCGCAAATTACG-1","0","Syp",0.731710126590938
"AAGCTCGCATAGGGTT-1","4","Syp",0.819994168154347
"AAGCTCGCATGAAGCT-1","1","Syp",2.23396433114977
"AAGCTCGCATGAATTG-1","8","Syp",1.7236789803146
"AAGCTCTGTGAGCGAT-1","0","Syp",1.60222379245605
"AAGCTCTGTTCGCCAA-1","11","Syp",0
"AAGGAAAGTAGGTGTA-1","2","Syp",0
"AAGGACTAGATACTCG-1","6","Syp",0
"AAGGCCAAGGAGTATA-1","5","Syp",0
"AAGGCCAAGTAAGGTA-1","3","Syp",0
"AAGGCCAAGTAATTGC-1","2","Syp",0
"AAGGCCAAGTATCTCC-1","2","Syp",0
"AAGGCTAGTGAGAGGA-1","0","Syp",0
"AAGGGCATCCGCACGA-1","6","Syp",0
"AAGGGCCAGGTAGCTC-1","2","Syp",1.09621803373346
"AAGGGGTCAAAGGGTA-1","0","Syp",0
"AAGGGGTCACAACGTG-1","8","Syp",1.18268567195544
"AAGGTATGTCAGGAGT-1","4","Syp",1.00313516924085
"AAGGTCAGTGCATCAT-1","0","Syp",0.943084402260131
"AAGGTTAAGCGGAGTA-1","2","Syp",0
"AAGTAACGTGGAAGCT-1","0","Syp",0
"AAGTAACGTTGCCTTC-1","1","Syp",0
"AAGTAAGTCAGCCCGA-1","10","Syp",0
"AAGTACCCAAACCAAC-1","1","Syp",0.630434118049067
"AAGTACGGTCTAAGTC-1","5","Syp",0
"AAGTACGGTGCGAGTG-1","8","Syp",0
"AAGTACGGTTCGTGTG-1","1","Syp",0
"AAGTATGAGCCCGTAG-1","4","Syp",0.717829549400285
"AAGTCAAAGGAGGCTA-1","12","Syp",0
"AAGTCAAAGTTACCTC-1","0","Syp",0
"AAGTCACCATGGTGCA-1","2","Syp",0
"AAGTCAGGTGAGACTA-1","2","Syp",0
"AAGTCGCTCACAGCCG-1","5","Syp",0.663385496024034
"AAGTCGCTCGAAGGGC-1","16","Syp",0
"AAGTCGCTCTGGTCGG-1","9","Syp",0
"AAGTGCCTCCGGTAGT-1","5","Syp",0
"AAGTGGACATGGTCGA-1","8","Syp",0
"AAGTGGGTCCCCAATT-1","1","Syp",0
"AAGTGGGTCGTGAACC-1","4","Syp",0
"AAGTGTCCAAATCGCG-1","0","Syp",1.14860169653534
"AAGTGTCCAAGGTCCA-1","0","Syp",0
"AAGTTCCGTTAGTAGG-1","2","Syp",0
"AAGTTGAAGCGGGATA-1","1","Syp",0.471056023539663
"AAGTTGAAGGGGCTAA-1","2","Syp",0
"AAGTTTCAGGCTCCAG-1","0","Syp",0
"AATACGAAGGAATGAC-1","3","Syp",1.73186132764699
"AATACGCCATCCCATA-1","5","Syp",0
"AATACGCCATGGTCTC-1","3","Syp",0
"AATACGGGTGCGTGGA-1","10","Syp",0
"AATACGGGTTGAGCAA-1","0","Syp",0.821989860218762
"AATACGGGTTGTGAGA-1","5","Syp",0
"AATACGTTCCGTGAGT-1","0","Syp",0
"AATACGTTCGTGATTG-1","7","Syp",0
"AATATGCTCTCATCTA-1","2","Syp",0
"AATATGGAGCCCTGCT-1","2","Syp",0.607769114349757
"AATATGGAGCCGCGTA-1","6","Syp",1.46326769867346
"AATATGGAGGATCCAC-1","6","Syp",0
"AATATGGAGGCAATCC-1","9","Syp",0
"AATCAGCCAACTTAGA-1","11","Syp",0
"AATCATCAGTAATGGA-1","2","Syp",0.645331156449197
"AATCCCAAGGTATGGG-1","6","Syp",0
"AATCGAGGTAACGTGA-1","0","Syp",0
"AATCGCATCCTCACAT-1","5","Syp",0.878160844088953
"AATCGCGCAACCAGGC-1","6","Syp",0
"AATCGGTCATGGTGTG-1","3","Syp",0
"AATCGTTAGTAGGATA-1","0","Syp",0
"AATCTGGTCCACCTCA-1","0","Syp",0
"AATCTGGTCCAGGTAC-1","0","Syp",0.771743374280802
"AATCTGGTCTATGAAC-1","0","Syp",0.638003183063265
"AATGACAAGCCAGATC-1","1","Syp",0
"AATGACCCAGGTTCCT-1","1","Syp",0
"AATGAGGCAAATCGTA-1","0","Syp",1.07339649984047
"AATGAGGCAATCAGAC-1","3","Syp",1.85805510374601
"AATGAGGCACTTCACA-1","1","Syp",0.589391157825558
"AATGATGAGCTACCAA-1","1","Syp",0
"AATGATGAGGGCTTCG-1","8","Syp",0
"AATGCACCAATTCGCC-1","1","Syp",0.92997600618871
"AATGCACCATCAATTC-1","0","Syp",0
"AATGCAGGTTGCCTTC-1","16","Syp",0
"AATGCCTGTCATTACA-1","1","Syp",0.671193782093091
"AATGCCTGTGATTCCG-1","1","Syp",0.916801035515889
"AATGCCTGTTAGCCTG-1","0","Syp",0
"AATGCGAGTTAGCCTG-1","12","Syp",0
"AATGCGAGTTGAGGAC-1","0","Syp",0.841248692602751
"AATGCGGAGGTTCAGC-1","7","Syp",1.0295101440722
"AATGGATGTGGAAGGA-1","0","Syp",0.910273257134524
"AATGGCAGTCAATTCA-1","3","Syp",0
"AATGGCAGTCTGGTCA-1","0","Syp",0
"AATGGCCTCATCGACA-1","1","Syp",0.697677769734208
"AATGGCCTCTAGTCGA-1","4","Syp",0.619184298428242
"AATGGCGAGGTGAGTG-1","1","Syp",0
"AATGGCTCAATTCGCC-1","5","Syp",0
"AATGGCTCACCTATAT-1","0","Syp",0
"AATGGGCGTCAACCCA-1","1","Syp",0
"AATGGGCGTGACTCGC-1","0","Syp",1.24690118287777
"AATGGGGTCACGTGCG-1","0","Syp",0
"AATGGGGTCCTGTAAG-1","5","Syp",0
"AATGGGGTCTAGCTGA-1","2","Syp",0.288383791692645
"AATGGGTAGGTGCTCG-1","3","Syp",0
"AATGGTAAGCGATGTC-1","0","Syp",0
"AATGTGAAGCGATACC-1","0","Syp",0
"AATGTGAAGGGTTGAG-1","0","Syp",0.862436431884645
"AATGTGTTCTCATGCT-1","0","Syp",0.922515633369867
"AATGTTGCATCCTTGA-1","5","Syp",0
"AATTCAGCAAGTTAGC-1","0","Syp",0
"AATTCAGCAATCGAAC-1","0","Syp",0.883289006162438
"AATTCAGCATCCATAT-1","7","Syp",1.26352099495019
"AATTCCTCAATTCGTT-1","11","Syp",0
"AATTGGGGTAGCGATA-1","2","Syp",1.13883962658502
"AATTGGTTCACAGCGT-1","3","Syp",0
"ACAACATTCCAACTCT-1","7","Syp",0.435902825260153
"ACAACCGCAGCAGTCA-1","5","Syp",1.61248486183065
"ACAACCGCATCGGTAG-1","1","Syp",0.95526535932685
"ACAACCGCATGGATAC-1","16","Syp",0
"ACAACCTGTTACTGCG-1","6","Syp",1.23622668766573
"ACAACCTGTTATCCTT-1","6","Syp",0
"ACAACCTGTTCCCGAA-1","0","Syp",1.30679878920438
"ACAACCTGTTCCGGTA-1","0","Syp",0
"ACAACCTGTTTACCGG-1","0","Syp",0.852821464764736
"ACAAGCGAGGAGTAGT-1","5","Syp",0.914554256481976
"ACAAGCGAGGCTCCAG-1","6","Syp",0
"ACAATCACAGCCTATC-1","1","Syp",0.417305658282378
"ACAATCACAGGGCTGT-1","1","Syp",1.00775094455129
"ACAATCACATCGAACG-1","8","Syp",1.4028705865657
"ACAATCCGTGCGCAGA-1","3","Syp",0
"ACAATTCAGGTCCAAC-1","9","Syp",0
"ACAATTCAGTTACGCA-1","12","Syp",0
"ACACAACCAGGGCATC-1","0","Syp",0
"ACACAACCATCCCAGT-1","0","Syp",0
"ACACACGCAACCTGCT-1","3","Syp",0
"ACACAGTCAAGGTCCA-1","0","Syp",0.998564921747797
"ACACAGTCATAGACCG-1","0","Syp",0
"ACACAGTCATGGCAAT-1","0","Syp",0
"ACACCAATCGCATCGG-1","2","Syp",0
"ACACCAATCGTTAGGC-1","12","Syp",0
"ACACCAGCATTACGTT-1","3","Syp",0
"ACACCCTCACATGATA-1","3","Syp",0
"ACACCCTCACTTGCCG-1","0","Syp",0.656030686251195
"ACACGAAGTGGAAGTC-1","4","Syp",0.426684806496585
"ACACGAAGTTAAGTGG-1","0","Syp",0
"ACACGATCAACTTCGC-1","2","Syp",0
"ACACGGGGTAGCGGCA-1","3","Syp",0
"ACACGGGGTTGCTATA-1","2","Syp",0.72069168088952
"ACACGGTTCTTGATGG-1","1","Syp",0.611024593556569
"ACACGTTGTGAGCAAC-1","0","Syp",0
"ACACTAGTCCGTGTCC-1","5","Syp",0
"ACACTCCCAATGTCGG-1","3","Syp",0
"ACACTCCCATGGCTGA-1","3","Syp",2.1713376923595
"ACACTCCCATTGCCCG-1","6","Syp",0
"ACACTGATCCGCGGTA-1","0","Syp",0
"ACACTGATCGATCACA-1","7","Syp",0
"ACAGAATGTAGGCGTG-1","6","Syp",0
"ACAGAATGTGGGTCTC-1","16","Syp",0
"ACAGACAGTAAGGTTG-1","3","Syp",0
"ACAGACAGTGCAGCGA-1","2","Syp",0
"ACAGACAGTGGACACG-1","0","Syp",0
"ACAGACTCAACCCTAC-1","0","Syp",0.695606218759899
"ACAGACTCAACTAGGT-1","1","Syp",0
"ACAGACTCACCTGTCG-1","1","Syp",0.747741105729472
"ACAGCAAGTCTTGGTG-1","7","Syp",0.606363164142425
"ACAGCAAGTGATTCCG-1","2","Syp",0
"ACAGCCACACCATCCG-1","3","Syp",1.26103848076862
"ACAGCCCGTTATCGAC-1","7","Syp",0
"ACAGCCCGTTTCGATA-1","3","Syp",0
"ACAGCGAAGTAGGTAA-1","0","Syp",0
"ACAGCGGGTCTCCAGA-1","3","Syp",0
"ACAGCGGGTTGGACCC-1","10","Syp",0
"ACAGCTATCACCCTAT-1","6","Syp",0
"ACAGCTATCCCAGAGT-1","5","Syp",0
"ACAGCTTGTGGACACG-1","1","Syp",0
"ACAGCTTGTTGACGGG-1","1","Syp",0
"ACAGGAACATTGGCAG-1","1","Syp",0.649279063672526
"ACAGGATAGCGGTCAT-1","14","Syp",0
"ACAGGATAGGTTCCGG-1","0","Syp",0.850894917743143
"ACAGGATAGTCATCCT-1","2","Syp",0
"ACAGGATAGTTAATGC-1","6","Syp",0
"ACAGGCAAGCCACGCA-1","2","Syp",0
"ACAGGCAAGTTAGCCA-1","1","Syp",1.01386548484944
"ACAGGCTTCGCTTCGC-1","0","Syp",0.998564921747797
"ACAGGGATCCTCACTG-1","9","Syp",0
"ACAGGGATCTCACTCG-1","5","Syp",0
"ACAGGTAGTGGACAGT-1","1","Syp",0.754898563058971
"ACAGTCGCATGGAGCC-1","4","Syp",0.93856055654259
"ACAGTCGCATTACGCC-1","0","Syp",0
"ACAGTGAGTAGCTGAA-1","1","Syp",0.519093494121707
"ACAGTGAGTTTGGGCC-1","10","Syp",0
"ACATAGCCAACATCGG-1","6","Syp",0
"ACATATCAGCGCATAC-1","0","Syp",0.756875568264215
"ACATATCAGCTTAGTG-1","0","Syp",0
"ACATATCAGTAAGCAA-1","3","Syp",0
"ACATCATAGATAGATG-1","1","Syp",0.55748131540679
"ACATCATAGCGCTTAA-1","13","Syp",0
"ACATCATAGCTATCCT-1","0","Syp",0.639776650036934
"ACATCATAGGTCCACG-1","0","Syp",0
"ACATCCCCAATTGCCC-1","2","Syp",1.13855104095273
"ACATCCCCAGGATTAC-1","5","Syp",0.408758675192304
"ACATCCGGTTAGCGAA-1","0","Syp",0.908855753386637
"ACATCTTCAACGTTCC-1","0","Syp",0
"ACATGAAAGAATCCGC-1","0","Syp",1.59300264994819
"ACATGAAAGTTGGGCT-1","5","Syp",0
"ACATGAGGTGCAATTC-1","2","Syp",0
"ACATGGTCAACCCGAA-1","0","Syp",0.766062046258134
"ACATGTTAGTATCTGG-1","15","Syp",1.30434776558138
"ACATTAGCAACATGAC-1","0","Syp",0
"ACATTAGCAACTAATG-1","6","Syp",0
"ACATTAGCAATACCTT-1","2","Syp",0.602110502727369
"ACATTCCTCACTGTCT-1","0","Syp",0
"ACATTGGTCACTTGAG-1","0","Syp",0
"ACATTTGGTCATGAGA-1","0","Syp",0
"ACCAAACCATTCATCG-1","2","Syp",0.658853227317342
"ACCAAAGGTCTCACAG-1","1","Syp",1.07036475103979
"ACCAAATTCACCTTAC-1","1","Syp",0
"ACCAAATTCGCGAGTT-1","0","Syp",0
"ACCAAATTCGCTCCGT-1","4","Syp",0.665997928064875
"ACCAAATTCTGTAACG-1","2","Syp",0
"ACCAACATCCAGCACG-1","0","Syp",0
"ACCAAGTCAAGTATGC-1","6","Syp",0
"ACCAAGTCATTCCTCT-1","8","Syp",0
"ACCAATTAGCGGGATA-1","6","Syp",0
"ACCAATTAGGATTGCC-1","0","Syp",0
"ACCACACAGTAGGCAG-1","6","Syp",0
"ACCACACAGTCAAGGG-1","1","Syp",0
"ACCACAGCAATCATCT-1","9","Syp",0
"ACCACAGCACTTCACA-1","2","Syp",0.98202875040974
"ACCACCTCAACATAGC-1","5","Syp",0
"ACCACCTCATGCGGAC-1","4","Syp",0.483235060344605
"ACCACTAAGTCGAGCT-1","5","Syp",1.59323682706959
"ACCAGGCCATGGCAAT-1","0","Syp",0
"ACCATAACAGTACCAG-1","16","Syp",0
"ACCATAACATTAACGA-1","0","Syp",0
"ACCATAGTCGACATAT-1","0","Syp",0.601849083561455
"ACCATCAAGCCAGCCA-1","6","Syp",0
"ACCATTAGTCAGTCCA-1","4","Syp",0
"ACCATTAGTGATTGCT-1","1","Syp",0
"ACCATTTCAAGGGTCC-1","0","Syp",0.885207636815767
"ACCATTTCATGGTACG-1","8","Syp",0
"ACCCAAATCAGGAGAT-1","0","Syp",0
"ACCCAATGTTGGATTC-1","2","Syp",0
"ACCCAGACAAGCATTA-1","2","Syp",0.655317833760242
"ACCCAGTAGGATACTT-1","6","Syp",0
"ACCCATTTCCATGTGA-1","3","Syp",0
"ACCCATTTCGAATTAC-1","7","Syp",0.536037043112487
"ACCCCATCAAGTCGTG-1","3","Syp",0
"ACCCCATCAATTCACT-1","0","Syp",0
"ACCCCGAAGCCAACTA-1","0","Syp",0.522980922293621
"ACCCCGAAGCCGATGT-1","3","Syp",0
"ACCCCGTTCATGCGCG-1","1","Syp",0
"ACCCCGTTCCACGGCA-1","7","Syp",0.581387993115299
"ACCCCGTTCCTGCATT-1","5","Syp",0.626840476932007
"ACCCCTGCACAGGCTA-1","4","Syp",0.61025536814582
"ACCCCTTGTCTCAGTG-1","5","Syp",1.09396729026997
"ACCCGAACATGGTGCA-1","0","Syp",0
"ACCCGATAGTACCAAT-1","6","Syp",0
"ACCCGCAAGCGCCTAG-1","0","Syp",1.44479102816585
"ACCCGCAAGTCAACTG-1","0","Syp",0
"ACCCGCAAGTCAAGTT-1","1","Syp",0.401439364344192
"ACCCGTGAGGTGAGTG-1","0","Syp",0
"ACCCGTTCATAACTCT-1","6","Syp",0
"ACCCTAGGTTAGGCAA-1","2","Syp",0.803434496296785
"ACCCTAGGTTTCCATT-1","1","Syp",0
"ACCCTATTCAATCAAC-1","3","Syp",0
"ACCCTATTCGAGTGGA-1","2","Syp",0.861725103066393
"ACCCTCATCATGTCTC-1","2","Syp",0
"ACCCTCATCTTGATCC-1","5","Syp",1.48792223569775
"ACCCTCGCACATTCAT-1","0","Syp",0
"ACCCTCGCATCCAAGG-1","7","Syp",0
"ACCCTCTGTCAACCAT-1","0","Syp",0
"ACCCTCTGTTTGATGC-1","3","Syp",0
"ACCGAAAGTTCCTTGC-1","1","Syp",0
"ACCGAAAGTTTCGAGT-1","0","Syp",1.3668877384202
"ACCGACCGTCAATGCT-1","8","Syp",0.75639529910735
"ACCGACTAGAAGGGCC-1","6","Syp",0
"ACCGAGGGTTGGAGTA-1","0","Syp",1.63653939971336
"ACCGAGGGTTGTGGAA-1","3","Syp",0
"ACCGATTGTTGGAGCG-1","2","Syp",0
"ACCGCAACAATCCCGT-1","0","Syp",0.76415705976732
"ACCGCAACAATCCTCA-1","1","Syp",0.885960822828054
"ACCGCTAGTAAGTCTC-1","1","Syp",0
"ACCGGATTCAATCAAC-1","9","Syp",0
"ACCGGCTGTTGAGTCT-1","2","Syp",0
"ACCGGTTAGCCACGAT-1","14","Syp",0
"ACCGGTTAGGCAATGG-1","4","Syp",0.491126231676101
"ACCTAACGTAGGTGTA-1","6","Syp",1.66165694123613
"ACCTAAGTCCACCGTC-1","0","Syp",0.546850102387319
"ACCTAAGTCCTTCGCA-1","0","Syp",0.814698591483459
"ACCTACCCAAGGGCAG-1","0","Syp",0
"ACCTACTTCATCACCT-1","6","Syp",0
"ACCTACTTCCAGATGC-1","3","Syp",0
"ACCTCCGCAAAGGTCT-1","0","Syp",0.905683539298597
"ACCTCGCTCACCTAGA-1","0","Syp",0
"ACCTCGCTCAGTAATC-1","8","Syp",0
"ACCTCGCTCGCTCTCA-1","3","Syp",0
"ACCTCGCTCTAAGCAT-1","8","Syp",0
"ACCTCTTAGCGAAGTG-1","4","Syp",0.83396183206015
"ACCTCTTAGTTAGCAT-1","0","Syp",0
"ACCTGAATCAGCTGGT-1","3","Syp",0
"ACCTGATGTTCTGTGG-1","6","Syp",0
"ACCTGCCTCATGGATT-1","0","Syp",1.21473098105932
"ACCTGCCTCGATGGGA-1","4","Syp",0.67321103171929
"ACCTGCCTCGCGTTAA-1","1","Syp",0.577109848138556
"ACCTGGACACAACCAG-1","2","Syp",0
"ACCTGGACACCATTGC-1","15","Syp",0.667335264740566
"ACCTGGACATAATCCT-1","0","Syp",0.543468712983578
"ACCTGGGTCGACTAGC-1","2","Syp",0
"ACCTGTCCATCACTTG-1","2","Syp",0
"ACCTGTCCATGGTAGT-1","0","Syp",0
"ACCTTAAGTAAGTTCC-1","2","Syp",0.712334518508112
"ACCTTAAGTCAATCTA-1","1","Syp",0
"ACCTTCACAATGTCGG-1","14","Syp",0
"ACCTTCACATGCGGAC-1","0","Syp",0
"ACCTTCACATTGGCAG-1","0","Syp",0.64641078964292
"ACGAAATGTGAGGTGT-1","3","Syp",0
"ACGAAATGTTCGATTA-1","1","Syp",0.397798226791268
"ACGAAATGTTTGCGTG-1","2","Syp",1.11611375288214
"ACGAAGGTCCCGCAGA-1","6","Syp",0
"ACGAATCCACTTGAGG-1","0","Syp",0
"ACGAATCCAGCAGGCT-1","7","Syp",0.537601398797561
"ACGAATGGTGAGTGTA-1","1","Syp",0
"ACGAATGGTGGACAGT-1","2","Syp",0
"ACGACAAGTAACCGGG-1","6","Syp",0
"ACGACATCAGTTAGCG-1","4","Syp",1.28180841049401
"ACGACATCATGCGGAC-1","4","Syp",0
"ACGAGCAAGCCACATA-1","3","Syp",0
"ACGAGTAGTAGTTACC-1","5","Syp",0
"ACGAGTAGTCAGCGGA-1","8","Syp",1.34193895034882
"ACGAGTGAGCCCTGCT-1","11","Syp",1.14289688461987
"ACGAGTGAGGTATATC-1","0","Syp",0
"ACGAGTGAGTGTCAAT-1","3","Syp",0
"ACGATGGAGATTCCTC-1","2","Syp",0
"ACGATGGAGGAACCAG-1","4","Syp",0.938844895782589
"ACGATGGAGTGATGCC-1","0","Syp",0
"ACGCAATCACTATCTG-1","0","Syp",0.621050323135403
"ACGCACTAGTTGCACA-1","4","Syp",0.379995566567707
"ACGCAGCCACTTAGGG-1","0","Syp",0
"ACGCAGCCAGGGCAAG-1","8","Syp",0
"ACGCCATAGTTACGGC-1","2","Syp",0
"ACGCCCAAGATTGCAT-1","3","Syp",0
"ACGCCCAAGTCGAACC-1","1","Syp",0.557003358757918
"ACGCGAGGTTGCAGCC-1","3","Syp",0
"ACGCGGTCAACCCGTT-1","0","Syp",1.0099096632852
"ACGCGGTCATCATACT-1","1","Syp",0
"ACGCTAATCTATGCCT-1","0","Syp",0
"ACGCTCAGTTTACCGG-1","0","Syp",0
"ACGCTGACACTTCGAC-1","2","Syp",0
"ACGCTGACATCCCGAT-1","13","Syp",0
"ACGCTGACATTACGTT-1","0","Syp",0
"ACGGACAAGTAGTCAT-1","0","Syp",0
"ACGGACCCAACTGTGG-1","3","Syp",0
"ACGGACCCATGCGGAC-1","5","Syp",1.3663434827299
"ACGGATAGTGGCGCTT-1","3","Syp",0
"ACGGATTCATGAGCTG-1","16","Syp",0
"ACGGCACCATCCCATA-1","2","Syp",0
"ACGGCAGGTCATGATC-1","0","Syp",0
"ACGGCAGGTCTAACCG-1","3","Syp",0
"ACGGCCATCACTTCCG-1","16","Syp",0
"ACGGCCATCCGCGCTT-1","2","Syp",0.661564856245425
"ACGGGATGTCATCCAG-1","4","Syp",1.27023631192739
"ACGGGCAGTCAATCAC-1","0","Syp",1.19791703111223
"ACGGGCAGTCTCCAAG-1","1","Syp",0
"ACGGGGACATGACACG-1","0","Syp",0.962357643740535
"ACGGGGTAGGGGTTGA-1","3","Syp",0
"ACGGGTAAGAACCTTG-1","2","Syp",0
"ACGGGTTTCATGATCG-1","2","Syp",0
"ACGGTCACAATACTGA-1","5","Syp",0.991420060633016
"ACGGTCACACCTCGAT-1","0","Syp",0.551176919289558
"ACGGTTATCAGTTCGA-1","1","Syp",0.874681989640781
"ACGTAAGGTTGCTCAG-1","7","Syp",0
"ACGTCCCTCCATCCCA-1","2","Syp",0
"ACGTCCCTCGCGATTA-1","4","Syp",0.642926262157145
"ACGTCCTCAAGCGTGC-1","2","Syp",0
"ACGTCTAAGAATCGTT-1","8","Syp",0.727869237784397
"ACGTCTAAGGAGCTAG-1","2","Syp",0
"ACGTGTTGTATGTCCG-1","8","Syp",0
"ACGTGTTGTGAGCACG-1","4","Syp",0
"ACGTGTTGTTTACGCG-1","3","Syp",0
"ACGTGTTGTTTCGGGC-1","0","Syp",0.738662995369728
"ACGTTCAAGCATAGCC-1","0","Syp",1.0441955359795
"ACGTTCCCAAGCACTG-1","8","Syp",0
"ACGTTTGAGCGATACC-1","5","Syp",0.935350902698608
"ACGTTTGAGCGCCAAT-1","4","Syp",0.5517695459091
"ACGTTTGAGGGGATGC-1","3","Syp",0
"ACGTTTGAGTGCTGTA-1","0","Syp",1.4088359077262
"ACTAAGCCAAACCCAG-1","0","Syp",0.958343002299275
"ACTAATGCAACATTGA-1","0","Syp",0.918969076513818
"ACTAATGCAGGCATAT-1","11","Syp",0
"ACTACAACAATTCGGG-1","4","Syp",0
"ACTACATAGAAGGTCG-1","2","Syp",0.842225454318861
"ACTACCCCAATATGTG-1","10","Syp",0
"ACTACTTCAACGTTAA-1","4","Syp",0
"ACTACTTCACCTTAAT-1","3","Syp",0
"ACTATCCTCCATCCTG-1","1","Syp",0.717292180242651
"ACTATCCTCCCTTGAT-1","0","Syp",0.615174152824935
"ACTATCCTCCGGTGAT-1","2","Syp",0
"ACTATGGTCATGGTCA-1","1","Syp",0
"ACTATGGTCCTCTACG-1","7","Syp",0
"ACTATTGGTAAGGTAT-1","0","Syp",1.20034506210263
"ACTCAATAGGATTACT-1","2","Syp",0
"ACTCACTTCAGCGAAG-1","2","Syp",0
"ACTCACTTCTAGTGTG-1","0","Syp",0
"ACTCAGGCAGTTAATG-1","14","Syp",0
"ACTCCAAAGCATCGAC-1","1","Syp",0
"ACTCCACCAATCTAAG-1","0","Syp",0
"ACTCCCATCCCATGAA-1","0","Syp",0.905859153164339
"ACTCCCATCGATCATG-1","3","Syp",0
"ACTCCCGCAGGATGCC-1","6","Syp",0
"ACTCCCTGTGACTTCG-1","0","Syp",1.0143133186067
"ACTCCGCTCGTCTATC-1","7","Syp",1.09811253853277
"ACTCCTTAGCGAAGCA-1","2","Syp",0
"ACTCGAATCAGCGATC-1","6","Syp",0
"ACTCGATGTCTAGCCA-1","0","Syp",0
"ACTCGATGTGCAACGG-1","0","Syp",0
"ACTCGCCTCAATTCGG-1","4","Syp",0.411007535273398
"ACTCGTCCATGACGGC-1","5","Syp",0.576494198603947
"ACTCGTCCATTCGCAC-1","0","Syp",0.402126537946605
"ACTCTAAGTTAGCACT-1","6","Syp",0
"ACTCTGTTCAGCAATT-1","3","Syp",0
"ACTCTGTTCAGCGATC-1","0","Syp",0
"ACTCTGTTCCCTGTCA-1","1","Syp",0.873054998232517
"ACTCTGTTCCGCATCC-1","2","Syp",0
"ACTGAGGAGGTTGGGA-1","0","Syp",0.673493509012171
"ACTGATTAGCGAAGTG-1","4","Syp",0.949205706827386
"ACTGCAATCGATCAGC-1","1","Syp",0
"ACTGCCCTCGTGAACC-1","0","Syp",0
"ACTGCTAAGATAGGGT-1","2","Syp",0.719554786407743
"ACTGCTGGTGAGGTTA-1","0","Syp",0.734012511085928
"ACTGCTGGTTGCGGCT-1","2","Syp",0
"ACTGGTCAGGCGATAG-1","6","Syp",0
"ACTGGTCAGTAGGAAC-1","9","Syp",0
"ACTGGTTGTCTCACTC-1","2","Syp",0
"ACTGGTTGTGAGTGTA-1","4","Syp",0
"ACTGGTTGTTAGCAAG-1","0","Syp",1.09409940604215
"ACTGGTTGTTGTGGTT-1","5","Syp",0
"ACTGTCAAGGATAGGT-1","1","Syp",0.526020728458948
"ACTGTTAGTTAGCGTT-1","4","Syp",0.596339508876217
"ACTGTTGAGCAGGTTC-1","0","Syp",0.876192706605152
"ACTGTTGAGTAACCCA-1","0","Syp",0.64245604876026
"ACTTAACAGGTACACC-1","0","Syp",0
"ACTTACCTCCGTTACT-1","0","Syp",1.1232596918834
"ACTTAGGTCCAGCGTG-1","0","Syp",0
"ACTTCGCCAAATGGTC-1","0","Syp",0
"ACTTCGCCAACCAGAT-1","1","Syp",0
"ACTTGAGTCCCAGAGT-1","9","Syp",0
"ACTTGCTTCTGGCCCT-1","2","Syp",0
"ACTTGGATCATGGTGC-1","0","Syp",0
"ACTTGGGCAATACTCT-1","0","Syp",0
"ACTTGGGCAGGTTCAG-1","8","Syp",0.625342114207942
"ACTTTAGGTAACTCTA-1","0","Syp",0.754480587700414
"ACTTTAGGTGATGGTA-1","1","Syp",0.512672420500943
"ACTTTCATCACACTGA-1","5","Syp",1.19006129893698
"ACTTTCATCGCTCCGT-1","0","Syp",0
"ACTTTCGCAACTTAGA-1","0","Syp",0.669607602435825
"ACTTTGCTCACACTGA-1","2","Syp",0
"ACTTTGGAGCTTCCAT-1","7","Syp",0
"AGAAGGGGTGAGGATC-1","0","Syp",0.677283516586778
"AGAAGGGGTGATGCGG-1","0","Syp",0
"AGAAGGGGTTCCTCTA-1","0","Syp",0
"AGAAGGGGTTGAAGTG-1","1","Syp",0
"AGAAGGTTCTAGTCTC-1","13","Syp",0
"AGAAGTCAGAACGAGT-1","6","Syp",0
"AGAAGTCAGGCGTCCA-1","0","Syp",0
"AGAAGTCAGGGCTACT-1","0","Syp",0.741932106672801
"AGAAGTTGTCTCACGA-1","0","Syp",0
"AGAAGTTGTGAAGCAC-1","11","Syp",0
"AGAATAGTCCCAATGA-1","2","Syp",0.860699823350883
"AGACAACAGCGCGATT-1","8","Syp",0.671568134320715
"AGACAACAGTAGCTCA-1","2","Syp",0.538758513154515
"AGACACAGTAATCCGT-1","8","Syp",0.77058757150916
"AGACACAGTTCCAGAT-1","6","Syp",0
"AGACACAGTTGAAGGC-1","0","Syp",1.14122664633001
"AGACAGACATCACACC-1","0","Syp",0
"AGACATAAGGTTGGAG-1","0","Syp",1.0066477821154
"AGACATAAGTATCTGG-1","0","Syp",0.62688107612544
"AGACATCCAAGTGCGC-1","5","Syp",0
"AGACATCCAATCGAGT-1","13","Syp",3.0774935228
"AGACATCCATGATCCC-1","0","Syp",0.693797814951407
"AGACATGGTTTGGAGA-1","4","Syp",0.499794374365541
"AGACGAACAGCCAATG-1","5","Syp",1.45051395385418
"AGACGAACAGGTTAGT-1","14","Syp",0
"AGACGATAGCAAGCTC-1","0","Syp",0.65491755876064
"AGACGCAAGTCGAAGG-1","6","Syp",0
"AGACGCAAGTGCTTAG-1","0","Syp",0
"AGACGCGGTTGGGATA-1","8","Syp",1.18005010156907
"AGACGCGGTTTCGCAG-1","16","Syp",0.864299680223583
"AGACGGATCACGCGCA-1","0","Syp",1.43540969054218
"AGACGGATCACTTGCT-1","0","Syp",0
"AGACGGATCTATCGTC-1","2","Syp",1.2819024525508
"AGACGGGCAATACGGT-1","0","Syp",0.617369144240031
"AGACGTAGTTCAAGTC-1","4","Syp",0.777704568588008
"AGACTCGCATAGATGC-1","0","Syp",0
"AGACTCGCATGGTACG-1","2","Syp",0
"AGACTTACATTACAGA-1","7","Syp",0
"AGAGAATCAGCTATGG-1","0","Syp",0.872122387326556
"AGAGACTAGAATCATC-1","0","Syp",0
"AGAGACTAGTCAGGTC-1","1","Syp",1.16212400460754
"AGAGAGAAGGAGTAGT-1","1","Syp",2.16996207632236
"AGAGATGCAAACCAGT-1","0","Syp",0
"AGAGATGCATTCCTCT-1","0","Syp",1.36435213830562
"AGAGATTGTTTCCGCT-1","3","Syp",0
"AGAGGCATCTAGTTCC-1","2","Syp",0
"AGAGGGTCAAATGGCT-1","0","Syp",1.18847218350703
"AGAGTATGTGAGCGTG-1","0","Syp",0.966072467765882
"AGAGTATGTTAGCGAA-1","3","Syp",0
"AGAGTCAGTTGGACGG-1","9","Syp",0
"AGAGTTGGTGGCTTGC-1","3","Syp",2.52526876846663
"AGAGTTGGTTCACGAT-1","5","Syp",1.2965742662121
"AGAGTTGGTTGCGAGG-1","1","Syp",0.68063628513031
"AGCAAATGTTAGCAAG-1","0","Syp",0
"AGCAAATGTTTCGTCC-1","11","Syp",0
"AGCAATCCACCATGAG-1","12","Syp",0
"AGCAATTTCAATCCAG-1","5","Syp",1.00291651177343
"AGCAATTTCGAGTGGA-1","3","Syp",0
"AGCAATTTCGCGTTCC-1","11","Syp",0
"AGCAATTTCGCTAGTA-1","9","Syp",0
"AGCACCACAGGTTCCT-1","13","Syp",0
"AGCACGCCAACCGTCT-1","2","Syp",0
"AGCACGCCACCTGTGT-1","4","Syp",0.786455444820588
"AGCACGTTCCAATTCC-1","0","Syp",0
"AGCACTATCAATTCGG-1","6","Syp",1.43703809804781
"AGCACTATCACCAAGC-1","2","Syp",0
"AGCACTATCCTCTCCT-1","2","Syp",1.08792758076695
"AGCACTATCTGGCTAA-1","2","Syp",0
"AGCACTTGTGAGATTG-1","8","Syp",0
"AGCACTTGTTGACGTT-1","4","Syp",0.548973869254399
"AGCAGCAAGGAGTATA-1","1","Syp",0.595133283943352
"AGCAGCAAGGTTGGAG-1","12","Syp",0
"AGCAGGATCACACCGG-1","1","Syp",1.11964634983025
"AGCAGGATCATCTACC-1","15","Syp",1.21025087816307
"AGCAGGATCGATTCCT-1","0","Syp",0
"AGCAGGATCTGGGACT-1","8","Syp",0
"AGCATCATCGTGAACC-1","3","Syp",0
"AGCATCTGTGCAGGTG-1","1","Syp",0.558183842489362
"AGCATTGTCAGCCCAG-1","0","Syp",0
"AGCATTTAGAACGATA-1","0","Syp",1.55656757939767
"AGCATTTAGCTACTGA-1","7","Syp",0.401553727951328
"AGCATTTAGGGCTCAT-1","4","Syp",0.286330166099683
"AGCCAAAGTGATCCAT-1","7","Syp",0.99473694755476
"AGCCAATCATTACGGG-1","0","Syp",1.78306268190063
"AGCCAGCCAAGCCTAG-1","2","Syp",0.770151187173319
"AGCCAGCCAAGGTGCC-1","10","Syp",1.90569785768983
"AGCCAGCCAAGTAACC-1","1","Syp",0.499233933670251
"AGCCAGCCATCATACT-1","6","Syp",0
"AGCCATTGTCAGCGAG-1","6","Syp",0
"AGCCCCAAGGGTACTC-1","5","Syp",0
"AGCCCCAAGTGAGACG-1","0","Syp",0
"AGCCCGATCACCTGGG-1","4","Syp",1.0530052334322
"AGCCCGATCTGGGACT-1","3","Syp",0
"AGCCCTAGTCATGCTG-1","9","Syp",0
"AGCCGAAAGAATCCGC-1","0","Syp",1.33978552885309
"AGCCGAAAGGATATAG-1","2","Syp",0
"AGCCGATTCCCTGGCT-1","2","Syp",0
"AGCCGATTCGCGCTAG-1","0","Syp",0.626637562383626
"AGCCGTTAGCATGGGA-1","14","Syp",0
"AGCCGTTAGGAACCAG-1","9","Syp",0
"AGCCGTTAGGCAAGGC-1","2","Syp",0
"AGCCTGGTCGATGATT-1","14","Syp",0
"AGCCTTGGTGGACTGG-1","4","Syp",0
"AGCGAACGTGAGTCCC-1","0","Syp",0
"AGCGAACGTTCGATTA-1","0","Syp",0
"AGCGAATAGAAGCATA-1","4","Syp",0.787727162851552
"AGCGAATAGCATTCAG-1","5","Syp",0
"AGCGACCCATTCGGGA-1","0","Syp",0
"AGCGATGAGCCTGCTC-1","0","Syp",1.17577247844446
"AGCGATGAGGTAACGG-1","2","Syp",0
"AGCGATTCAAACCTAA-1","0","Syp",0.49657667802447
"AGCGATTCAATACGGT-1","0","Syp",0.95966616462541
"AGCGATTCATTACGGG-1","0","Syp",0.842150233577543
"AGCGCACCACTTGGGA-1","5","Syp",0.903756572271626
"AGCGCACCATCACGAG-1","8","Syp",0.68455920023207
"AGCGCAGGTAGTTAGG-1","2","Syp",0
"AGCGCAGGTGGCCTAC-1","2","Syp",0
"AGCGCATTCATCTGTC-1","2","Syp",0.691949336535706
"AGCGCATTCGAGTCCG-1","0","Syp",0
"AGCGCCATCCCGTTCA-1","2","Syp",0.697171330859671
"AGCGGGACAATTAGTG-1","0","Syp",0.809336303239149
"AGCGGGACACCAGGGT-1","1","Syp",0
"AGCGGTAAGGATAGTA-1","2","Syp",0
"AGCGGTTTCTTGAGCA-1","0","Syp",1.41070728197409
"AGCGTAAGTCTTGACG-1","13","Syp",0
"AGCGTCCGTCATGTGT-1","0","Syp",0
"AGCTAAGGTTGTCCTC-1","8","Syp",1.16088011620018
"AGCTAATTCCATGCAA-1","7","Syp",0.422838702790183
"AGCTAATTCTAACCTC-1","12","Syp",0
"AGCTACGCATGCTTCA-1","8","Syp",0
"AGCTATGTCAGGTCCG-1","2","Syp",0.735706794978741
"AGCTGAGAGCCTCTGC-1","3","Syp",0
"AGCTTACGTCTGGGTC-1","4","Syp",0
"AGCTTAGTCCGCGGTA-1","0","Syp",1.07861946280794
"AGCTTATAGTAGACTT-1","1","Syp",0.793819067856151
"AGCTTTAGTTAGGCAA-1","2","Syp",0
"AGGAACTAGCGATCCG-1","3","Syp",0
"AGGAATATCCTCAGTT-1","0","Syp",0
"AGGAATATCGAATGGG-1","0","Syp",0
"AGGAATATCGATCGTA-1","5","Syp",0
"AGGAATGCAACTACTT-1","4","Syp",1.09661628002139
"AGGAATGCAATAGGAG-1","5","Syp",0
"AGGACATAGCCACTAA-1","12","Syp",0
"AGGACCAAGCGGTCAT-1","0","Syp",0
"AGGACCAAGTGATCCA-1","3","Syp",2.63752653956798
"AGGACCCCATAAGGCT-1","15","Syp",0
"AGGACTAGTCAGTCGC-1","2","Syp",0
"AGGACTGAGGTTCCTT-1","6","Syp",0
"AGGACTGAGTAAGTCT-1","1","Syp",0
"AGGAGCCAGCAACCCG-1","3","Syp",0
"AGGAGCCAGGGGACAC-1","3","Syp",0
"AGGATCAGTGATCAAG-1","0","Syp",1.29483971295302
"AGGCAAGTCCCAGTAA-1","5","Syp",0.843129213895693
"AGGCAATAGCAAGCTC-1","8","Syp",0
"AGGCACGGTCATCCTC-1","4","Syp",0
"AGGCACGGTGAAGTCA-1","5","Syp",0
"AGGCACGGTGATGGCG-1","14","Syp",0
"AGGCATAGTTTACCAA-1","1","Syp",1.29167334871984
"AGGCATTCAATATCTC-1","0","Syp",0
"AGGCATTCACTTGGTC-1","2","Syp",0.80024723188201
"AGGCCAAAGCATGTCA-1","6","Syp",0
"AGGCCAAAGGTACCGT-1","2","Syp",0
"AGGCCAGGTATTGGAG-1","0","Syp",0
"AGGCCAGGTGGAGACT-1","10","Syp",0
"AGGCCCATCGACCATA-1","7","Syp",0
"AGGCGCAGTAGTGCCC-1","13","Syp",0
"AGGCGGACAGTTAGCG-1","0","Syp",0
"AGGCTCCGTTCCCATC-1","1","Syp",0
"AGGCTTATCCGGTGTG-1","2","Syp",0
"AGGGAACCAAGCCATG-1","0","Syp",0
"AGGGAACCAGGTTCCT-1","0","Syp",0.699252606090047
"AGGGAACCAGGTTGCA-1","0","Syp",0.747214401830221
"AGGGAACCATGCGTCT-1","1","Syp",0
"AGGGAAGGTAGGTTAG-1","2","Syp",0
"AGGGAAGGTTCCCAGA-1","0","Syp",0
"AGGGATTAGATACTCG-1","0","Syp",0
"AGGGCATGTTGGCATT-1","15","Syp",1.28510921687254
"AGGGCTGGTAACCACT-1","3","Syp",0
"AGGGCTGGTTGCACGC-1","6","Syp",0
"AGGGCTGGTTTCACGG-1","10","Syp",0
"AGGGGTTGTAAGTTCC-1","8","Syp",0.881047961927552
"AGGGGTTGTTGCTCGA-1","4","Syp",0.992220339351969
"AGGGTACGTCTGTGAT-1","0","Syp",0
"AGGGTACGTGGAAGCT-1","9","Syp",0
"AGGGTATAGAAGGGCC-1","1","Syp",1.26888679830406
"AGGGTCAAGGTACGAG-1","3","Syp",0
"AGGGTCAAGTACGGCT-1","6","Syp",0
"AGGGTTAGTGAGTCCC-1","6","Syp",0
"AGGGTTGAGTCAGCCG-1","9","Syp",0
"AGGTAAATCCCTGTAT-1","6","Syp",0
"AGGTAACAGGGCTTCG-1","1","Syp",0
"AGGTAACAGTCATGTG-1","0","Syp",0
"AGGTAATGTAATGGTG-1","6","Syp",0
"AGGTAATGTAGCAGTA-1","0","Syp",1.09489283698372
"AGGTAATGTCTCCACT-1","0","Syp",1.13074881868607
"AGGTAGTAGGTATCTG-1","1","Syp",0.744824761237213
"AGGTAGTAGTGAATGA-1","14","Syp",0.599321696768257
"AGGTATGGTTTAGCCG-1","2","Syp",0
"AGGTGATAGTGCGCTG-1","10","Syp",0
"AGGTGCAAGTGCTCGG-1","13","Syp",0.847069354245107
"AGGTGCTTCACTGGGT-1","2","Syp",0
"AGGTGCTTCAGCATCA-1","3","Syp",0
"AGGTGCTTCCCGTTCA-1","1","Syp",0.702784587133188
"AGGTGCTTCTGGATCA-1","1","Syp",0
"AGGTGCTTCTGGCCGA-1","0","Syp",1.21966859190947
"AGGTTAAAGATTAAGG-1","2","Syp",0
"AGGTTAAAGGTAATCT-1","3","Syp",0
"AGGTTAAAGTAGCGGA-1","0","Syp",0
"AGGTTAGGTGCACGCT-1","1","Syp",0.64215719221051
"AGGTTAGGTTAGTCAC-1","1","Syp",1.05829972849083
"AGGTTCATCGTAACCA-1","1","Syp",0.413993182262679
"AGGTTCATCTATCACC-1","0","Syp",0.689072235796805
"AGGTTGGAGATTCACG-1","0","Syp",0.650723102606646
"AGTAACGGTAGGTGCG-1","11","Syp",0
"AGTAACGGTCAGTCAT-1","4","Syp",0.974279538122211
"AGTAACGGTTCTGTCC-1","0","Syp",0.727039824303559
"AGTAATGAGCCATTGA-1","0","Syp",0.576118632313859
"AGTACACCAGGATCTG-1","0","Syp",0.651777495804185
"AGTACCATCCGTGCGA-1","1","Syp",1.27350078737583
"AGTACCATCCTTGATC-1","1","Syp",0.580277725955238
"AGTACTTAGCTAACTG-1","3","Syp",0
"AGTATCACACCTTCAA-1","2","Syp",0.629982587171133
"AGTATCCGTATGTCAC-1","3","Syp",0
"AGTATGAAGATTAGAG-1","0","Syp",1.13941728346886
"AGTATGGGTGAGTCCC-1","5","Syp",0
"AGTATGGGTTATCCGG-1","7","Syp",0
"AGTATGGGTTGAGCAA-1","6","Syp",0
"AGTATGGGTTGCTCGA-1","4","Syp",0.402816099936587
"AGTATGGGTTTAGTGC-1","1","Syp",0.59382311742421
"AGTATGTTCCCGCAGA-1","11","Syp",0
"AGTATGTTCGTAATCG-1","8","Syp",0
"AGTATTCAGATTAGAG-1","0","Syp",1.19646547030396
"AGTATTCAGCTAACTG-1","3","Syp",0
"AGTATTCAGGCTTGGT-1","0","Syp",0
"AGTATTCAGGTGCTTA-1","2","Syp",0
"AGTCAAGGTGATAGGC-1","2","Syp",0
"AGTCACGCAATAGTTG-1","9","Syp",0
"AGTCACGCAGGTTACG-1","0","Syp",0.516543624025476
"AGTCACGCAGTAATTG-1","4","Syp",0
"AGTCAGCTCTGTGCCC-1","5","Syp",0
"AGTCAGGAGGTTAGCC-1","9","Syp",0
"AGTCAGGAGTCGCACG-1","0","Syp",0.88308099251759
"AGTCAGTCATGGCTTC-1","8","Syp",0.722267852274782
"AGTCCAGCAGCACTGA-1","8","Syp",1.00237031924276
"AGTCCCAGTGAGACGT-1","2","Syp",0.838779953426083
"AGTCCCAGTGGCTCAC-1","5","Syp",1.00324453668265
"AGTCCTAAGTGACCCG-1","8","Syp",1.56598758786498
"AGTCGATCAATATGCA-1","7","Syp",0.480936727523724
"AGTCGGGGTTATGGGA-1","12","Syp",0
"AGTCGGTTCCATCGGG-1","9","Syp",0
"AGTCGGTTCCATGAAT-1","0","Syp",0
"AGTCGTTGTGAACCGG-1","6","Syp",0
"AGTCGTTGTGACTTCG-1","7","Syp",0
"AGTCTCAAGATTAAGG-1","3","Syp",0
"AGTCTCAAGCCAGACT-1","8","Syp",0
"AGTCTCAAGCGCATTA-1","3","Syp",0
"AGTCTTGAGCTTCCCA-1","1","Syp",0.652791280550227
"AGTCTTGAGGGCTACT-1","3","Syp",1.72918676816664
"AGTGAATGTAAGCTAG-1","13","Syp",0
"AGTGAATGTCAATCAC-1","4","Syp",0.990372917207519
"AGTGAATGTTCGCGGT-1","4","Syp",0.703763692536909
"AGTGACAGTAGTAGAT-1","4","Syp",0.678237946795839
"AGTGAGGTCAGCGAGA-1","0","Syp",0.874804273883685
"AGTGAGTAGCCAGTCG-1","1","Syp",0.878572056880504
"AGTGAGTAGCGCATTA-1","3","Syp",0
"AGTGATCCATCACAGG-1","0","Syp",0
"AGTGATGGTGAGACTA-1","6","Syp",0
"AGTGATGGTTGGCGTC-1","0","Syp",1.33663915334166
"AGTGCAAGTAGGTATG-1","2","Syp",0
"AGTGCCCGTAGCAGGT-1","4","Syp",0.94251038870959
"AGTGCCCGTAGCGCCT-1","0","Syp",1.18491391219629
"AGTGCGCCAATTGGAC-1","0","Syp",0
"AGTGCGCCATAAGCAC-1","0","Syp",1.07785165271537
"AGTGCGCCATTGACGG-1","8","Syp",0.582258433145006
"AGTGCTCAGGGTCTCG-1","2","Syp",0
"AGTGCTTGTAATCCGT-1","2","Syp",0
"AGTGCTTGTTAAGGAT-1","1","Syp",1.03119059034626
"AGTGCTTGTTGCGAGG-1","9","Syp",2.4890417349358
"AGTGGAACAAGGTAAG-1","12","Syp",0
"AGTGGATAGCTAGTGC-1","2","Syp",0
"AGTGGATAGTACCATG-1","1","Syp",0
"AGTGGATAGTTACGGC-1","0","Syp",0
"AGTGGCGGTTGGCATT-1","0","Syp",0
"AGTGGCTTCCGCGTCT-1","1","Syp",1.00697845608354
"AGTGGTGAGTTACGAT-1","4","Syp",0
"AGTGGTTCAATGCCCT-1","3","Syp",0
"AGTGTAAAGGTACACC-1","3","Syp",0
"AGTGTAAAGTATGTCG-1","1","Syp",0.953497555884277
"AGTGTAAAGTGACCCG-1","0","Syp",0
"AGTGTCATCCGTAGGT-1","7","Syp",0.82399583518436
"AGTGTGAGTAGCTGCC-1","2","Syp",0
"AGTGTTGTCGAATCAT-1","0","Syp",0.900102004524237
"AGTGTTGTCGACCAAC-1","3","Syp",0
"AGTTAGAAGTCAACTG-1","1","Syp",0
"AGTTAGCCACTAGCCT-1","0","Syp",0
"AGTTAGCCACTCAATT-1","8","Syp",0.63960730936781
"AGTTAGCCATTAGCAA-1","11","Syp",0
"AGTTATCAGGCAACGA-1","2","Syp",0
"AGTTATCAGGGTAGAT-1","12","Syp",0
"AGTTGAAAGGAACCTC-1","1","Syp",0
"AGTTGAAAGTTAGCCA-1","0","Syp",0.954527919007657
"AGTTGCATCACGTTGA-1","16","Syp",0
"AGTTGCATCGCTCACC-1","8","Syp",1.16663423259724
"AGTTGGGAGATTCGTG-1","1","Syp",0.837811623242097
"AGTTGGGAGCATGCCG-1","8","Syp",0.85818704994195
"AGTTTCAGTTTCGTAA-1","0","Syp",0.951395204590135
"ATAACCACAGGATTCG-1","3","Syp",0
"ATAACCACATCGGTAG-1","1","Syp",0.969107235886361
"ATAACGAAGAATCCGC-1","0","Syp",0
"ATAACGAAGGATGGGC-1","0","Syp",1.44219588434135
"ATAACGAAGTCAGCGT-1","5","Syp",0.934739969572993
"ATAACGGGTGAGTCCC-1","8","Syp",0.846688800604386
"ATAACGTTCACATGGC-1","5","Syp",0
"ATAACGTTCCATAGTG-1","5","Syp",0
"ATAACGTTCGCGCCTT-1","2","Syp",0
"ATAAGCAAGATAGTTC-1","0","Syp",0
"ATAAGCAAGCAAGTCC-1","0","Syp",1.24005272818704
"ATAAGCTTCGCTGATA-1","2","Syp",0.879395712479259
"ATAAGGATCGTTAGCA-1","0","Syp",1.102628358323
"ATAATCGCAATTCATC-1","6","Syp",0
"ATAATGCTCATATAGC-1","0","Syp",0
"ATAATGCTCCGTAAGC-1","2","Syp",0.833520031057687
"ATACCAACAGCCAATG-1","1","Syp",0.905859153164339
"ATACCCTTCCGCACCT-1","0","Syp",0.894593339860598
"ATACCTAGTGGCCATC-1","2","Syp",0
"ATACGAAAGGAGGCTA-1","1","Syp",0
"ATACGTTAGCCAGGTT-1","6","Syp",0
"ATACGTTAGCCGACCA-1","1","Syp",0.473258931422923
"ATACGTTAGTCAAGTT-1","0","Syp",1.28517227648564
"ATACTCCTCCGCCATC-1","11","Syp",0
"ATACTGACAATCAAGC-1","9","Syp",0
"ATACTGGTCACCAATG-1","14","Syp",0
"ATACTGGTCTATCCAC-1","0","Syp",0
"ATAGCAAAGCGGTACT-1","0","Syp",0
"ATAGCAGGTTTGACTA-1","5","Syp",1.1744572752172
"ATAGCCATCTGGTCAA-1","0","Syp",0.861251575161069
"ATAGGCCTCCGCTACC-1","3","Syp",0
"ATAGGCTCAAACTGTA-1","10","Syp",0
"ATAGGCTCACAAGGCC-1","2","Syp",0
"ATAGGGTAGATTACGT-1","2","Syp",0
"ATAGGGTAGCCTGGAT-1","4","Syp",0.901142945698363
"ATAGGGTAGCTAGGCT-1","1","Syp",0
"ATAGGGTAGGATGCTC-1","3","Syp",0
"ATAGGGTAGTTACGTG-1","5","Syp",0
"ATAGTCACACAGGATT-1","3","Syp",0
"ATAGTCACATCCCTGG-1","0","Syp",0
"ATAGTCACATGAGCCA-1","11","Syp",0
"ATAGTCCGTTTCCGCT-1","8","Syp",0
"ATAGTGAAGTCGAACC-1","1","Syp",0.596852762776472
"ATAGTGAAGTTAACGT-1","2","Syp",0
"ATATCACAGCGGGAAC-1","0","Syp",0.815260013334938
"ATATCACAGGAATGGT-1","2","Syp",0.819780950437654
"ATATCACAGGAGCCAA-1","5","Syp",0
"ATATCACAGGAGTACG-1","1","Syp",0
"ATATCAGCAATAGGCT-1","0","Syp",0.852203964516949
"ATATCCCTCCACCTAT-1","0","Syp",0
"ATATCCTCAAGTGGCC-1","1","Syp",0.671427701485704
"ATATGGCCAGCCTACT-1","4","Syp",0
"ATATGGGGTTAGTACC-1","0","Syp",0
"ATATGGTTCCCGCTAC-1","1","Syp",0.63080404998581
"ATATGGTTCGATGGGA-1","0","Syp",0
"ATATGTCAGGTACGTC-1","7","Syp",0
"ATATTCCCACTAGCTC-1","0","Syp",0
"ATATTCCCATGAGTGT-1","11","Syp",0
"ATCAAGGGTTCCTGCT-1","5","Syp",0.933708028874514
"ATCACAACATCCTATG-1","9","Syp",0
"ATCACCTTCCTGCCTA-1","2","Syp",0.993503693908454
"ATCACGATCCGCACCT-1","0","Syp",0
"ATCACGATCCGTAGTA-1","0","Syp",1.34728714830546
"ATCACTTCAAGGTCGC-1","1","Syp",0.579655114015029
"ATCAGGCTCCTCACGC-1","0","Syp",0.437064194471326
"ATCAGGTCAACCTGTC-1","11","Syp",0
"ATCAGGTCAAGCTCCT-1","4","Syp",0.952029747985131
"ATCAGTTAGCCTGAGT-1","9","Syp",0
"ATCATCAGTGCGATGG-1","2","Syp",0
"ATCATCTCAAGTTCAA-1","13","Syp",0
"ATCATCTCACCATGTC-1","0","Syp",0
"ATCATGGTCCGTCCTA-1","13","Syp",0
"ATCCAAGTCGATCCAA-1","0","Syp",0.764218355921596
"ATCCAATAGGTACTAT-1","8","Syp",0
"ATCCACAAGGATTAGA-1","0","Syp",0.743086344989574
"ATCCATAGTTTGGCAT-1","0","Syp",0
"ATCCATGAGCCCTGCT-1","3","Syp",0
"ATCCCAAAGAATCAGA-1","2","Syp",0
"ATCCCAGGTCTAGTAC-1","3","Syp",0
"ATCCCAGGTTAGTGAG-1","2","Syp",0
"ATCCCAGGTTGGGTAA-1","5","Syp",0.715524797099931
"ATCCCATTCGTTAGAT-1","1","Syp",0.89733865818624
"ATCCCGCTCAATCCTC-1","1","Syp",0.856780440837952
"ATCCCTTAGCTATCTC-1","3","Syp",0
"ATCCGACAGATTGAGA-1","5","Syp",1.80862327528006
"ATCCGACAGCCTGACG-1","8","Syp",0
"ATCCGACAGCTGAGAG-1","2","Syp",0
"ATCCGGGTCATCGAAT-1","10","Syp",0
"ATCCGGGTCCACCGCT-1","0","Syp",0
"ATCCGTAAGATTCAGT-1","0","Syp",0
"ATCCGTAAGGCGTCCA-1","5","Syp",0
"ATCCGTCCAAGGTAAG-1","0","Syp",0
"ATCCTAGAGCCATAGC-1","1","Syp",0.596046628724302
"ATCCTAGAGTCATTGG-1","4","Syp",0.712519803753252
"ATCCTCCGTCAATGCT-1","8","Syp",0.608112118842866
"ATCCTGAAGCTATGCA-1","5","Syp",0.827966403368897
"ATCCTGAAGGCTCTCC-1","8","Syp",0
"ATCCTGTTCGCGCGTA-1","3","Syp",1.52430564655175
"ATCCTGTTCGTACCTT-1","0","Syp",1.13032276596364
"ATCGAACCACTCAATT-1","10","Syp",0
"ATCGAACCATGGTTAA-1","1","Syp",0.859912906271893
"ATCGAAGGTAGTAACG-1","6","Syp",0
"ATCGAAGGTTGGCTGC-1","7","Syp",1.06373550709797
"ATCGAGGAGCGCAACT-1","7","Syp",0
"ATCGCCCTCACGGACT-1","0","Syp",1.22711740621255
"ATCGCCTCACCTTAGC-1","7","Syp",0.330534203525611
"ATCGGGCCACTTACTG-1","2","Syp",0.749384719783047
"ATCGGTCAGCAGGCAA-1","0","Syp",1.09120092599847
"ATCGTAGTCATGTCTC-1","1","Syp",1.1248161550629
"ATCGTCAAGTGCTGTA-1","1","Syp",0
"ATCTACCTCACACTGA-1","0","Syp",1.48825403874962
"ATCTACTCAACCGCAA-1","3","Syp",0
"ATCTACTCATCAATTC-1","3","Syp",0
"ATCTCCACAATGAAGG-1","5","Syp",0.633945897029354
"ATCTGAGTCGATGCGT-1","1","Syp",1.04983605327158
"ATCTGCAAGCAGGGTA-1","0","Syp",0.992433982885129
"ATCTGCAAGGATGTGG-1","2","Syp",0
"ATCTGCAAGTAATGGA-1","4","Syp",0.783634025628447
"ATCTGGATCGATGGCT-1","0","Syp",1.11075818697022
"ATCTGGATCGCGCAAT-1","5","Syp",1.07606474152173
"ATCTGTGAGCGGATTC-1","4","Syp",0
"ATCTTAGGTTAGCGAA-1","3","Syp",0
"ATCTTAGGTTAGGTAG-1","3","Syp",0
"ATGAACCCAACGGCAC-1","4","Syp",1.10168839113384
"ATGAACCCAATTACAG-1","4","Syp",0.97743916127672
"ATGAACCCAGCAGGAG-1","2","Syp",0
"ATGAACCCATGGCAGC-1","12","Syp",0
"ATGACAGGTGGCCAGA-1","3","Syp",0
"ATGACCCAGCTGGTGT-1","3","Syp",0
"ATGACGGAGGCTCTGG-1","0","Syp",0
"ATGACGGAGGTCGTAC-1","0","Syp",0
"ATGAGGCGTATTGACC-1","4","Syp",0.802720130492127
"ATGAGTAAGCATGGGA-1","4","Syp",0.791040775409983
"ATGAGTAAGCGACTTA-1","3","Syp",0
"ATGAGTAAGGGGACTA-1","0","Syp",0
"ATGAGTAAGTGAGAGT-1","11","Syp",0
"ATGAGTTTCACCTGGG-1","0","Syp",0
"ATGAGTTTCGTTCCAT-1","0","Syp",0
"ATGATCCGTTAGCAAG-1","0","Syp",0
"ATGATCCGTTCGAGCC-1","0","Syp",0.681455737272177
"ATGATGTTCCCAGTCC-1","7","Syp",0
"ATGATTGCAAGTCGCA-1","7","Syp",0.657954460679603
"ATGATTGCAGTAAGGA-1","6","Syp",0
"ATGCAAGGTTGGCTGC-1","11","Syp",0.970428689693086
"ATGCAAGGTTGGGCAG-1","7","Syp",1.00406561613619
"ATGCAGCTCCAGATTG-1","11","Syp",0
"ATGCAGCTCGCTGACG-1","12","Syp",2.56642755433085
"ATGCCACAGTAGTTAC-1","9","Syp",0
"ATGCCAGCAGTAATGC-1","0","Syp",0
"ATGCCCAGTCAATCTA-1","4","Syp",0
"ATGCCCAGTTCCAGCA-1","0","Syp",0
"ATGCCTAAGGATATGA-1","2","Syp",0
"ATGCCTGGTTGCCTAG-1","3","Syp",0
"ATGCGGTTCCTTGGTT-1","3","Syp",0
"ATGCGGTTCTGGTGAC-1","3","Syp",1.97030160217947
"ATGCTAACAACTGTGG-1","4","Syp",1.14720625983418
"ATGCTAGTCCATAGAT-1","3","Syp",0
"ATGCTCAAGCTAGGGA-1","0","Syp",0.825074723602493
"ATGCTGATCCAGGTCG-1","2","Syp",0.776498269019165
"ATGCTTAGTGCGGTGA-1","8","Syp",0.809820707614771
"ATGGACTCATTCGCTA-1","8","Syp",0.828910815902662
"ATGGAGTAGGAATGTA-1","1","Syp",0
"ATGGCGAAGTCATAGT-1","1","Syp",1.18847218350703
"ATGGCTATCCTCACTG-1","0","Syp",0.734407114517141
"ATGGCTATCTGTCTGT-1","0","Syp",0
"ATGGCTTGTAATGTGG-1","0","Syp",1.12103842107813
"ATGGCTTGTTAGACTC-1","1","Syp",0
"ATGGGATAGTTGGATT-1","9","Syp",0
"ATGGGCAAGCAGGTCT-1","7","Syp",0.816314882266355
"ATGGGCAAGGCTCCTC-1","5","Syp",0
"ATGGGCTTCGATCCTT-1","2","Syp",1.1767804358176
"ATGGGCTTCTATCGGA-1","10","Syp",0
"ATGGGGATCAGCCAAC-1","2","Syp",0.767605595202427
"ATGGGGATCGCGCTTC-1","11","Syp",0
"ATGGGTAGTAGCTGAA-1","5","Syp",0.947897195042191
"ATGGGTAGTCAGTTAC-1","0","Syp",0
"ATGGGTAGTGCGATCC-1","11","Syp",1.41070728197409
"ATGGGTGAGGATCCGT-1","2","Syp",0
"ATGGTAAAGGAACTAA-1","2","Syp",0
"ATGGTAGGTTCGCTAG-1","0","Syp",0
"ATGGTGAGTGAGTGGT-1","6","Syp",0
"ATGGTTACAAGCTGGC-1","3","Syp",0
"ATGGTTACAATTGGAC-1","5","Syp",0
"ATGGTTACACAAGCAT-1","3","Syp",0
"ATGGTTACACCATCTA-1","1","Syp",0.593950234116146
"ATGGTTACATCGCTCG-1","2","Syp",0
"ATGTAGCCAATGCGTG-1","2","Syp",0
"ATGTAGCCACCAACCT-1","0","Syp",0
"ATGTAGCCACCATGTC-1","0","Syp",0
"ATGTAGCCAGGAGCCT-1","0","Syp",0
"ATGTCCTTCCATGCAA-1","14","Syp",0
"ATGTCCTTCCCGCTTA-1","4","Syp",0
"ATGTGAAAGCAATCAT-1","1","Syp",0
"ATGTGAGGTCTTGCTC-1","6","Syp",0
"ATGTGCATCTCACACT-1","7","Syp",1.40708671722808
"ATGTGGGAGCGAAGTG-1","4","Syp",0
"ATGTGGGAGTAGCCCG-1","0","Syp",0.411264676293473
"ATGTGTTAGATAGTTC-1","0","Syp",0.609564770240166
"ATGTGTTAGGAACCTC-1","6","Syp",0
"ATGTGTTAGTTGGGTC-1","6","Syp",0
"ATGTTAGCAACGTGGC-1","2","Syp",0
"ATGTTCCTCTCATCTA-1","13","Syp",0
"ATGTTCTCATGTCGGA-1","0","Syp",2.00954848663315
"ATGTTCTCATTCGGCT-1","8","Syp",0.690358889568046
"ATTAAGCTCACGCTCC-1","0","Syp",1.35831060372315
"ATTAAGCTCCACCAGG-1","7","Syp",1.57995820659407
"ATTACAGCAACTCGCT-1","5","Syp",0.584639645341016
"ATTACTGGTCAGGCTC-1","3","Syp",0
"ATTACTGGTGAGGTAC-1","4","Syp",0.817867243467458
"ATTACTGGTTCCGGGT-1","0","Syp",0.87350177927701
"ATTCAGGTCGATGGCT-1","0","Syp",0.733899848587053
"ATTCAGTAGGGTTGAG-1","10","Syp",0
"ATTCATCCAATCATCT-1","3","Syp",1.57605208029777
"ATTCATGGTAATGGTG-1","0","Syp",0
"ATTCATGGTATGGTCT-1","10","Syp",0
"ATTCATGGTGAAGTGC-1","8","Syp",0.796751769515507
"ATTCATGGTGCGGACA-1","1","Syp",0.608608274827384
"ATTCCATCATCCGCTG-1","10","Syp",0
"ATTCCCACATCACATT-1","2","Syp",1.94061461225251
"ATTCCGCCAAGCTATA-1","2","Syp",0.301338572347785
"ATTCCGGGTCAGCTTG-1","2","Syp",0
"ATTCCTTGTCTAAGCT-1","4","Syp",1.10119672999613
"ATTCGATAGCGCTCAG-1","6","Syp",0
"ATTCGATAGTCAAGCC-1","2","Syp",0
"ATTCGATAGTGAACGG-1","8","Syp",0
"ATTCGCTTCAATCAAC-1","6","Syp",0
"ATTCGCTTCCCGCGTT-1","1","Syp",0.526871545183247
"ATTCGGGCAACTGTGG-1","5","Syp",0
"ATTCGGGCAATCGTAA-1","0","Syp",0
"ATTCGGGCAATTAGGC-1","0","Syp",0
"ATTCGTTCAACTAGGT-1","3","Syp",0
"ATTCGTTCACTTGGTC-1","2","Syp",0
"ATTCGTTCATCGGTCT-1","1","Syp",0
"ATTGAGAAGAATCAGA-1","4","Syp",1.00062682151205
"ATTGAGAAGCCTGCGA-1","2","Syp",0.857795834066516
"ATTGCCCCATGCGTCT-1","5","Syp",0
"ATTGCCTTCAGCTCGG-1","0","Syp",0
"ATTGCCTTCCATGAGC-1","6","Syp",0
"ATTGGATTCACTAACG-1","1","Syp",1.03879754512904
"ATTGGATTCGATCAAT-1","8","Syp",1.20466157792761
"ATTGGCCAGAAGCCCT-1","4","Syp",0.617881008750562
"ATTGGCCAGGCTGTAC-1","8","Syp",1.1030317414218
"ATTGGCCAGTCATACG-1","2","Syp",0
"ATTGGGTCAAGGTACT-1","0","Syp",0.922241781805305
"ATTGTCAGTCCATACG-1","0","Syp",0.677903578765491
"CAAACCATCAGGAGCA-1","2","Syp",0
"CAAACCATCGTTAGCA-1","1","Syp",1.56590769188359
"CAAACCCAGCCAATCA-1","1","Syp",1.27305619738177
"CAAACCGCAACCGTGA-1","0","Syp",1.23251315095604
"CAAACCGCAGGACTGC-1","3","Syp",0
"CAAACCGCATTAGGCG-1","2","Syp",0.984489770616866
"CAAACCTGTATGGCAA-1","2","Syp",0
"CAAACTTAGTCATCAG-1","4","Syp",0.627531402538029
"CAAAGCCTCCCCTTAG-1","10","Syp",0
"CAAAGCCTCGTGCAAC-1","4","Syp",0
"CAAAGCGAGCTAACCA-1","2","Syp",0
"CAAAGCGAGCTGGAAG-1","11","Syp",0
"CAAAGCTCAACTACTT-1","1","Syp",0
"CAAAGCTCAATGTCGG-1","2","Syp",0
"CAAAGCTCACCTTGAC-1","0","Syp",0
"CAAAGGCGTGGGTTGG-1","0","Syp",1.41117602749663
"CAAAGGGTCACTCATC-1","0","Syp",0.518487977819587
"CAAAGGGTCCACCTGC-1","5","Syp",1.12742086529988
"CAAAGGGTCGCTCTAT-1","2","Syp",0
"CAAAGGTAGCAAGGCA-1","12","Syp",0
"CAAAGGTAGGTAAGGT-1","5","Syp",0.835068504185039
"CAAAGGTAGGTAGCCT-1","1","Syp",0.804730568336803
"CAAAGGTAGTCGAGTC-1","2","Syp",0
"CAAAGGTAGTGCTTGA-1","7","Syp",1.62686313299201
"CAAAGTAAGTAATCGT-1","7","Syp",1.29918602266025
"CAAATCACAAACTAGC-1","4","Syp",0
"CAAATCACAACTGTCC-1","4","Syp",0.427833940815573
"CAAATCACAATACGGT-1","2","Syp",0.739577597150501
"CAAATCCGTAGTGCCC-1","5","Syp",0
"CAAATCCGTCATGGCC-1","2","Syp",1.08577894373345
"CAAATGAAGAACCTTG-1","4","Syp",0.908148767898997
"CAAATGTTCCCCAGAG-1","6","Syp",0
"CAAATTCAGTAGTTAC-1","0","Syp",0
"CAACAGTCACTATCTG-1","0","Syp",0
"CAACAGTCAGGTAGGG-1","0","Syp",0.933520665560773
"CAACAGTCATAAGCCG-1","1","Syp",0
"CAACAGTCATGAGCGC-1","9","Syp",0
"CAACCAGCAAGCGAGG-1","0","Syp",0
"CAACCCAGTAGTGTGA-1","5","Syp",0.725002346801163
"CAACCCAGTTTAGCCG-1","0","Syp",0
"CAACCCAGTTTCGCCT-1","2","Syp",0.740666766288471
"CAACCCTCATTACGTT-1","0","Syp",0
"CAACGAAGTGGGTTGG-1","3","Syp",0
"CAACGATCAACTGCGA-1","0","Syp",0.540129888669498
"CAACGATCAAGCTAGT-1","5","Syp",0
"CAACGATCAGCCTACT-1","6","Syp",0
"CAACGATCATGGCGTA-1","0","Syp",0
"CAACTAGTCTATCCAC-1","0","Syp",0
"CAACTCCCAGGCTATG-1","4","Syp",0.874288209707399
"CAACTGATCCCAGGTG-1","4","Syp",0
"CAACTGATCGACCAAC-1","10","Syp",0
"CAAGACAGTTTGACCG-1","1","Syp",0.57618687969104
"CAAGACTCAGGCAAGG-1","4","Syp",1.15915113321375
"CAAGACTCATCCATAT-1","2","Syp",1.06610168555477
"CAAGCATCAAACTGAC-1","1","Syp",0
"CAAGCATCAAGCTCTC-1","3","Syp",0
"CAAGCATCAAGCTGCA-1","1","Syp",1.27433534154027
"CAAGCATCAATAGCGT-1","0","Syp",1.13847891981227
"CAAGCATCATCATCAT-1","5","Syp",0
"CAAGCATCATGCTGTC-1","4","Syp",0
"CAAGCGAAGATAGTTC-1","0","Syp",0.603496185159205
"CAAGCGAAGGTGGAGC-1","1","Syp",1.3037610757724
"CAAGCGCCAATTGCCC-1","8","Syp",0
"CAAGCTATCATGAGCC-1","7","Syp",0
"CAAGCTCAGAACGAAC-1","0","Syp",0
"CAAGCTCAGCAGGTCT-1","4","Syp",0.815892589323028
"CAAGCTCAGCCGACCA-1","1","Syp",0
"CAAGCTGCAAATGAGG-1","8","Syp",0
"CAAGCTGCAATCGACG-1","2","Syp",0
"CAAGCTGCATAAGCGT-1","9","Syp",0
"CAAGGATAGGTACGCT-1","9","Syp",0
"CAAGGATAGTGCCCAG-1","5","Syp",0.589820545764883
"CAAGGCAAGCCTCTCA-1","9","Syp",0
"CAAGGGATCGCTGATA-1","2","Syp",0.937377794849692
"CAAGGGGCAAATGGAG-1","5","Syp",0
"CAAGGGGCATAGATGC-1","0","Syp",0
"CAAGGTAGTTAGTAGG-1","8","Syp",0.840274325425812
"CAAGGTAGTTTGGAAG-1","9","Syp",0
"CAAGTAGGTGAGTATG-1","3","Syp",0
"CAAGTAGGTTCCGCAA-1","7","Syp",0
"CAAGTCGCAAGCTAGT-1","3","Syp",0
"CAAGTCGCACTAGCTC-1","7","Syp",0.55589138884444
"CAAGTTACAATCTGCC-1","8","Syp",0.582188699344729
"CAAGTTACATGGTCGA-1","0","Syp",0
"CAAGTTTAGCATAGGG-1","0","Syp",0
"CAAGTTTAGCTTAGAT-1","0","Syp",1.12257411502391
"CAATAGCCAACGGCTA-1","4","Syp",0.617487189154794
"CAATATCAGGTACACC-1","2","Syp",1.61667703513962
"CAATCATAGTAAGGGT-1","3","Syp",0
"CAATCATAGTCGATCA-1","3","Syp",0
"CAATCCTTCTAGTAAC-1","0","Syp",0.924620958008098
"CAATCGATCTGTGCGG-1","1","Syp",0.733505814146228
"CAATCTTCACCTAACC-1","1","Syp",1.29866271487476
"CAATCTTCATCGGGAC-1","0","Syp",0
"CAATGCATCATGGTCA-1","6","Syp",0
"CAATGCATCGCGCATG-1","7","Syp",0
"CAATGCATCGTGCCTC-1","3","Syp",0
"CAATGGCTCCCCAATT-1","4","Syp",0.456370842585382
"CAATGGGAGGCGTTAC-1","1","Syp",0
"CAATGGGAGGTGATCC-1","1","Syp",0.726212381168574
"CAATTAGCAACTCGGA-1","0","Syp",0
"CAATTAGCAATGACAC-1","2","Syp",0
"CAATTAGCAGGAAGTA-1","6","Syp",0
"CAATTCCTCAATCGCA-1","5","Syp",0
"CACAAGCTCACAGGAG-1","6","Syp",0
"CACAAGCTCCCGCAAG-1","0","Syp",1.0181373014995
"CACAAGTCACTTCAGC-1","8","Syp",0
"CACAATTAGCGAGGAC-1","6","Syp",0
"CACACAGCAGCTATGG-1","13","Syp",1.03667880338413
"CACACAGCAGCTCGAA-1","9","Syp",0
"CACACCTCAATAGCGT-1","10","Syp",0
"CACACTAAGGCGTCTG-1","0","Syp",1.14144419716619
"CACACTAAGGCTGTAC-1","11","Syp",0
"CACATAACACAGGATT-1","8","Syp",1.76397536465063
"CACATAGTCCTCATAC-1","0","Syp",0
"CACATCAAGGAGTAAC-1","2","Syp",0
"CACATCAAGGTTGGTC-1","0","Syp",0.750976810444783
"CACATTAGTAGCTAGA-1","2","Syp",0.722976748777436
"CACATTAGTCATTGGT-1","1","Syp",0.668307162659387
"CACATTAGTCTGGTCA-1","4","Syp",0.348453815835032
"CACATTAGTTGCGGTC-1","0","Syp",1.48507590567967
"CACATTGAGGTGCTCG-1","6","Syp",0
"CACATTGAGTTAATGC-1","1","Syp",0
"CACATTTCATAAGGAG-1","4","Syp",0.799808534293852
"CACATTTCATTAGCGG-1","14","Syp",0
"CACCAGTAGTTGGTAT-1","1","Syp",0
"CACCATAAGGCATCCG-1","0","Syp",0.747565451472245
"CACCCAAGTTTCGGTG-1","2","Syp",0
"CACCCATCATGACCGA-1","8","Syp",0
"CACCCGTTCTATGGTG-1","0","Syp",1.10735477878263
"CACCCTGCAATAGGGA-1","0","Syp",0
"CACCCTTGTCTGTGTG-1","0","Syp",1.04844979707599
"CACCGAACAATGCCCT-1","7","Syp",1.08879836489856
"CACCGAACATAGGCTG-1","8","Syp",0
"CACCGATAGATAGGCG-1","0","Syp",0
"CACCGATAGGCGTACT-1","8","Syp",0
"CACCGCAAGTAATGTC-1","1","Syp",0
"CACCGCTTCACACCAA-1","4","Syp",0.824606839180123
"CACCGTAGTAAGTGGC-1","0","Syp",0.962607676724938
"CACCGTAGTCAGTCGC-1","0","Syp",0.685877298636827
"CACCGTTCAAGCACTG-1","3","Syp",0
"CACCGTTCATGCTCAC-1","0","Syp",1.18649243015559
"CACCTATTCGCTCAGG-1","9","Syp",0
"CACCTCTGTAGGTGTA-1","1","Syp",0
"CACCTCTGTGAACGTA-1","6","Syp",0
"CACCTGCTCTCATGCT-1","0","Syp",0.648603089692446
"CACGAAAGTTGCGGTC-1","4","Syp",0
"CACGACCGTTTCGGTG-1","7","Syp",1.20855153042476
"CACGACCGTTTGACGT-1","0","Syp",1.14801368623333
"CACGACTAGCCAGGAA-1","2","Syp",0.970377792762683
"CACGACTAGCCTCTAT-1","15","Syp",0.7271502987658
"CACGACTAGTTAACCG-1","2","Syp",0
"CACGAGGGTCTTGAAC-1","4","Syp",0.543589820586508
"CACGATGCAATTGGCG-1","2","Syp",0
"CACGATGCACCTGCTG-1","0","Syp",0
"CACGCAACACAACCGA-1","0","Syp",0.8689753207849
"CACGCAACACATAGTA-1","5","Syp",0
"CACGCAACACTATGCC-1","0","Syp",0
"CACGCAACAGTACCAG-1","7","Syp",0
"CACGCCAAGCGACTAC-1","0","Syp",0
"CACGCCAAGTAATGGA-1","6","Syp",0
"CACGCCAAGTAGACTT-1","7","Syp",0.373730052770521
"CACGCTAGTAATCCCG-1","16","Syp",0
"CACGCTAGTTATCACA-1","10","Syp",1.21270757998187
"CACGGCTGTAGCCTGC-1","4","Syp",0
"CACGGGTCAATCATAG-1","1","Syp",1.27377883461922
"CACGGTTAGTACGCTA-1","7","Syp",0
"CACGGTTAGTGCCTGG-1","5","Syp",0.926183690294158
"CACGTATGTAACGAGC-1","0","Syp",0
"CACGTATGTGAACTGA-1","1","Syp",0.82500270488912
"CACGTATGTGATGAAT-1","1","Syp",0
"CACGTTGGTGCAAGCG-1","3","Syp",0
"CACGTTGGTTAGTAGG-1","3","Syp",0
"CACTAACGTAGCGAGT-1","6","Syp",0
"CACTACAAGCGCCAAT-1","8","Syp",0.598324227442353
"CACTACAAGGCACAGA-1","3","Syp",0
"CACTACCCAAGGGATA-1","15","Syp",0
"CACTACCCACCATGAG-1","11","Syp",0
"CACTACTTCGACCATA-1","1","Syp",0.491989098855748
"CACTACTTCTATCACC-1","0","Syp",0
"CACTATGAGGTACAGG-1","6","Syp",0
"CACTCAAAGATTGCCA-1","0","Syp",0.602185236888185
"CACTCAAAGGTCGATC-1","6","Syp",0
"CACTCCATCAGTAGTT-1","2","Syp",0.707656477703205
"CACTCCATCGCGCAAT-1","13","Syp",0
"CACTCCATCTAGTAAC-1","0","Syp",0.970768149610124
"CACTCCGCAACCGTCT-1","0","Syp",1.11030306930079
"CACTGCCTCCCCTTGA-1","0","Syp",0.782376143562508
"CACTGGACACATGCTC-1","4","Syp",0
"CACTGGACAGGCAGAG-1","11","Syp",0
"CACTGGACAGGGCAGA-1","1","Syp",1.01915477462922
"CACTGGACATCCTTAG-1","0","Syp",0
"CACTTAGAGTTAATGC-1","8","Syp",1.08003023083742
"CACTTCACACAAGCAT-1","11","Syp",0
"CAGCAAAGTATTGGCT-1","2","Syp",1.14985343655275
"CAGCAAAGTCAAGGCG-1","2","Syp",0
"CAGCACTAGCAATGAA-1","3","Syp",0
"CAGCATATCGATTAAC-1","10","Syp",0
"CAGCATTGTCCCGAGT-1","3","Syp",0
"CAGCCATAGGAGTAAC-1","9","Syp",0
"CAGCCTAGTAGCCATT-1","5","Syp",0.595461755952345
"CAGCCTAGTTGCTCCT-1","7","Syp",0
"CAGCGAGGTTAATTCG-1","8","Syp",0
"CAGCGAGGTTGTCACG-1","4","Syp",0
"CAGCGGTCAAGTTACA-1","1","Syp",1.30454346239692
"CAGCGGTCACTTGGGA-1","4","Syp",0
"CAGCTAATCTGTAACG-1","4","Syp",0
"CAGGAGGCAACCGGAC-1","2","Syp",0.879395712479259
"CAGGATAGTCAGCTTG-1","5","Syp",1.19301369561876
"CAGGATAGTCATGGAA-1","8","Syp",0.726102203895433
"CAGGCCATCATGTCCT-1","4","Syp",0.484069863178083
"CAGGCCATCCTCAGTT-1","4","Syp",0.689220441413874
"CAGGCGAGTGAGGAAG-1","3","Syp",0
"CAGGCGAGTTGGAGCG-1","2","Syp",0
"CAGGCGAGTTTGGGAA-1","0","Syp",1.81548135419864
"CAGGCTTAGATAGCCC-1","1","Syp",1.04009697868097
"CAGGGATGTCCATATA-1","1","Syp",0
"CAGGGATGTGAGCCCT-1","0","Syp",0
"CAGGGCTCAAACCCAG-1","5","Syp",0
"CAGGGCTCAAATGGCT-1","0","Syp",1.07293210036198
"CAGGGCTCAGCCAATG-1","2","Syp",0
"CAGGGGACACGCCATT-1","2","Syp",0
"CAGGGGACAGGTAATC-1","1","Syp",0.40911477788694
"CAGGGGTAGCAAGCTC-1","10","Syp",0
"CAGGTGAAGTAGGACG-1","4","Syp",0
"CAGTAAGGTATAGTCC-1","4","Syp",0
"CAGTACGCATCGCGTT-1","1","Syp",0
"CAGTACGCATGATCCC-1","5","Syp",0.608188396258493
"CAGTACGCATGTCGTC-1","0","Syp",0
"CAGTAGGAGGGTGAAT-1","2","Syp",0
"CAGTAGGAGTAGGCAG-1","2","Syp",0
"CAGTAGGAGTATCTGG-1","7","Syp",0.969411842596071
"CAGTAGGAGTGGCCTG-1","9","Syp",0
"CAGTAGTCACTTGCTA-1","1","Syp",0.894336883874707
"CAGTAGTCATCACGCT-1","1","Syp",0
"CAGTATTAGCATGCGT-1","0","Syp",0.944234683245289
"CAGTATTAGCTTAACG-1","5","Syp",1.12601126285622
"CAGTCAATCACTTCCG-1","7","Syp",0
"CAGTCAATCGATCACA-1","4","Syp",0.962457640160746
"CAGTCAATCGATTGGC-1","0","Syp",0.582432842808156
"CAGTCCCTCCGCACCT-1","6","Syp",0
"CAGTCCCTCCTTCAGT-1","0","Syp",0
"CAGTCCCTCGAAGTCC-1","5","Syp",0
"CAGTCCTCATGACGTG-1","0","Syp",0
"CAGTGTTGTTCTGGTG-1","2","Syp",0.661882720306253
"CAGTTAACACCTTGGT-1","11","Syp",0
"CAGTTAACAGGTTCCT-1","10","Syp",0
"CAGTTAACATGACGTG-1","6","Syp",0
"CAGTTACGTCTAGCGC-1","0","Syp",0
"CAGTTAGTCGACCTAA-1","0","Syp",0.928306999357571
"CAGTTATAGGTCACAC-1","0","Syp",0
"CAGTTATAGTCGAGTC-1","0","Syp",0.816808140604734
"CAGTTTAGTAACGCAA-1","3","Syp",0
"CAGTTTAGTAGTAACG-1","12","Syp",0
"CAGTTTAGTATGGACA-1","4","Syp",0.641517752511125
"CAGTTTAGTCTTACCC-1","2","Syp",0
"CAGTTTAGTGGCCAGA-1","8","Syp",0
"CAGTTTAGTTCGTGAT-1","11","Syp",0
"CAGTTTGAGCCACACG-1","3","Syp",0
"CAGTTTGAGCGGTACT-1","2","Syp",0
"CAGTTTGAGTTACCAG-1","0","Syp",0
"CATAAGCCAAGCTGTG-1","11","Syp",0
"CATAAGCCACTAGGCA-1","11","Syp",0
"CATAAGGGTGCGTAGG-1","0","Syp",0.583201523283046
"CATACAACAAGCTAAC-1","1","Syp",1.24813942289712
"CATACCAAGCTAGTGC-1","2","Syp",0
"CATACCAAGCTGGGTT-1","0","Syp",0.606287357758806
"CATACCAAGGCACATC-1","0","Syp",0
"CATACCTTCAGCTCAA-1","0","Syp",0
"CATACTGAGTAATTGC-1","3","Syp",0
"CATACTTCAAACTGAC-1","5","Syp",0.629900562411216
"CATAGAGGTCTAGCTG-1","5","Syp",0
"CATAGAGGTGAGAGTC-1","0","Syp",0
"CATAGAGGTTTGCCTC-1","2","Syp",0
"CATAGATTCATGCCAA-1","1","Syp",1.39996735657037
"CATAGATTCGATCACA-1","4","Syp",0.829565974675939
"CATAGGCTCAGTGCTA-1","7","Syp",0.937094407463986
"CATAGGTCAAGCACAT-1","7","Syp",0.664070916478436
"CATAGTTAGCTTAACG-1","2","Syp",0
"CATAGTTAGGTATATC-1","0","Syp",0
"CATAGTTAGTTAGCAT-1","0","Syp",0
"CATATCCTCGCTCAGG-1","4","Syp",0.536508318309395
"CATATCTCAAATCGAC-1","3","Syp",0
"CATATCTCAGGGCTTA-1","2","Syp",0
"CATATGGTCGACATAT-1","6","Syp",0
"CATATTCCAATGCCGA-1","13","Syp",0
"CATATTGGTTCTGTCC-1","7","Syp",0.787955877709421
"CATCAATAGTCGAGAG-1","10","Syp",0
"CATCACAAGCAGGTCT-1","3","Syp",0
"CATCACTTCCGTGCGA-1","10","Syp",0
"CATCAGGCAACTGGGC-1","3","Syp",0
"CATCAGGCAGTTAGTA-1","0","Syp",0
"CATCATTCAATAGTGC-1","3","Syp",0
"CATCCAAAGCAAGGAT-1","0","Syp",1.11763460137721
"CATCCAAAGGTTCGAC-1","3","Syp",0
"CATCCACCAAATGGGA-1","6","Syp",0
"CATCCAGGTTGAGTTC-1","7","Syp",0.679003503867239
"CATCCCATCCAGGGTT-1","7","Syp",0.916560816952596
"CATCCGCTCCATAGCA-1","3","Syp",0
"CATCCGGAGTACGGAG-1","9","Syp",0
"CATCGTCCAAGCTCCT-1","0","Syp",0.843581864073982
"CATCGTCCACCAACCT-1","12","Syp",0
"CATCGTCCACTTGGAG-1","2","Syp",0
"CATCGTTTCCGCCATC-1","1","Syp",0.615330403945256
"CATCTAAGTAGCGATA-1","0","Syp",0
"CATCTCACAAGTGAGA-1","2","Syp",0
"CATCTTGCAACCAACG-1","2","Syp",0
"CATCTTGCATCCACAC-1","1","Syp",0
"CATGAAGGTTGGTAGA-1","2","Syp",0
"CATGATTAGCTGGAAG-1","7","Syp",0.667381479127859
"CATGCCAGTTCCCAAG-1","0","Syp",0.704952731877905
"CATGCCTCAACATGGT-1","9","Syp",0
"CATGCGCGTAGTTGGA-1","0","Syp",0.733505814146228
"CATGCGCGTGAGTTAG-1","3","Syp",0
"CATGCGCGTTTCCTTG-1","7","Syp",0
"CATGCTGGTAACCGAA-1","7","Syp",0.989027570986987
"CATGCTGGTCTGGTCA-1","8","Syp",0
"CATGCTGGTGGACACG-1","1","Syp",1.23259922757642
"CATGGGTTCCTTAACC-1","4","Syp",0.458928313729256
"CATGGTTGTTAAGGTG-1","4","Syp",0.640922129033445
"CATGTCAAGTACCACA-1","1","Syp",0.413993182262679
"CATGTTAGTAACGAGC-1","0","Syp",0
"CATGTTAGTTATGGCT-1","2","Syp",0
"CATGTTGAGGTGAGCA-1","0","Syp",1.52444614822839
"CATGTTGAGTAAGGTA-1","5","Syp",0
"CATTAACAGGATTGCC-1","11","Syp",0
"CATTACCTCCTGATAG-1","0","Syp",0
"CATTACCTCCTGCACC-1","1","Syp",1.19282702559049
"CATTACCTCTATGGGC-1","1","Syp",1.01610895224401
"CATTACTCATAGGTCG-1","3","Syp",0
"CATTAGGTCCTTAGCT-1","0","Syp",0.739177167765872
"CATTAGGTCGCGCTTC-1","2","Syp",0
"CATTAGTAGCGCATAC-1","3","Syp",1.93857473574708
"CATTCAAGTTAATCTG-1","8","Syp",1.35381963146139
"CATTCAAGTTCGCGTA-1","0","Syp",0
"CATTCGAAGCCCGTAG-1","5","Syp",0
"CATTCGTTCATCACGA-1","3","Syp",0
"CATTCGTTCGCTATGA-1","1","Syp",0.546788795022458
"CATTCTATCACCATGA-1","0","Syp",0.654650989937369
"CATTCTATCAGCATAT-1","11","Syp",1.32304059743168
"CATTCTATCTATCTGC-1","0","Syp",0.974211095169248
"CATTGCTTCGAAGCCT-1","1","Syp",0.716380574965752
"CATTGGGCACTTAGCC-1","6","Syp",0
"CATTGGGCATAGACAC-1","0","Syp",0
"CATTGGGCATCCTTAG-1","6","Syp",0
"CATTGTGAGCCGCGTA-1","7","Syp",0.787107068321838
"CATTGTGAGGCACTCG-1","6","Syp",0
"CATTTAGGTTGGATAG-1","3","Syp",0
"CATTTCATCGATAGCC-1","1","Syp",0
"CATTTCGCACCTCGCA-1","5","Syp",0.706509953989306
"CATTTGAGTAAGCGTA-1","6","Syp",0
"CATTTGAGTATTGCTA-1","0","Syp",0
"CATTTGCTCATGTCGA-1","1","Syp",0
"CATTTGCTCCGCCACT-1","2","Syp",0
"CATTTGCTCCGTAGGT-1","1","Syp",0
"CATTTGGAGCCACACG-1","0","Syp",0
"CATTTGGAGTTAATGC-1","4","Syp",0
"CCAAAGTCATGGTCGA-1","0","Syp",0.664574491929642
"CCAAATGTCCGCCATC-1","3","Syp",0
"CCAAGGGGTTCGTCCT-1","2","Syp",0
"CCAAGGTTCCGCAACG-1","3","Syp",0
"CCAAGTCAGTGTCCTT-1","8","Syp",0.790316503506941
"CCAATAGTCACGGACT-1","1","Syp",0.779042433873423
"CCAATAGTCCTCGTGC-1","3","Syp",0
"CCAATATAGGAGGATT-1","0","Syp",0
"CCAATCAAGCTACCGG-1","0","Syp",1.08975799532538
"CCAATCCCACAGCGAC-1","0","Syp",0
"CCAATCCCACTAGCTC-1","4","Syp",1.3140825470269
"CCAATTAGTATGTACC-1","2","Syp",1.08825394573895
"CCAATTAGTGGAGCAT-1","5","Syp",0
"CCAATTAGTTCGTCAG-1","1","Syp",0.725680180668307
"CCAATTGAGCAAGCCT-1","1","Syp",1.32821755550296
"CCAATTGAGCTACCTT-1","2","Syp",0
"CCAATTGAGGTACTGC-1","9","Syp",0
"CCAATTGAGTGATTCG-1","0","Syp",0
"CCAATTTCAATACATG-1","0","Syp",0.816455749079109
"CCAATTTCACCTATGC-1","2","Syp",0.607921511545942
"CCAATTTCACCTTACA-1","0","Syp",0
"CCACAACAGAAGCAAC-1","5","Syp",0
"CCACAACAGGTTGGGA-1","0","Syp",0
"CCACAGACACATATAG-1","5","Syp",0
"CCACAGACATCCTTGA-1","0","Syp",0
"CCACAGACATGATATG-1","0","Syp",0.607198325489921
"CCACATAAGAAGGTGT-1","4","Syp",1.32157711757212
"CCACATGGTGGCTAGG-1","0","Syp",0
"CCACATGGTTGCCTGA-1","0","Syp",0.686121969853126
"CCACCATCAACATGGT-1","8","Syp",0.604436182743066
"CCACCGTTCTCACAGA-1","3","Syp",0
"CCACCTCAGCGCTCGA-1","5","Syp",0
"CCACCTCAGTAGAGCG-1","1","Syp",0.810375061591512
"CCACCTGCAACATGAC-1","0","Syp",0
"CCACCTGCACCTAATT-1","0","Syp",0.567154303556804
"CCACCTTGTGAAGTCA-1","2","Syp",0.745231616417739
"CCACGAACAGGCTATG-1","0","Syp",0.646540596830535
"CCACGAACATCGAACG-1","7","Syp",1.25138076129204
"CCACGCAAGATTAGGA-1","3","Syp",0
"CCACGCAAGATTCAAC-1","0","Syp",0.901664380069031
"CCACGTAGTAACCCTG-1","8","Syp",0
"CCACGTTCATAGGCCA-1","8","Syp",0
"CCACTAAAGGTCAACC-1","4","Syp",1.35162227922205
"CCACTAAAGGTCATAT-1","8","Syp",0
"CCACTAAAGGTGAGGC-1","13","Syp",0
"CCACTAAAGTCGCGCA-1","0","Syp",0.997267398218852
"CCACTATTCAATGTGT-1","4","Syp",0.35293918982573
"CCACTCGCAACCTCGT-1","0","Syp",0.506595051618014
"CCACTCGCACCACACT-1","1","Syp",0.421103821426238
"CCACTCGCATTCCTTC-1","4","Syp",0.639142100038486
"CCACTTACAGCAGTAT-1","11","Syp",0
"CCAGAATCAAACCATA-1","8","Syp",0.655852322599878
"CCAGAATCACCACATC-1","9","Syp",0
"CCAGAATCATCGTTGC-1","13","Syp",0
"CCAGACCGTGAGTTAG-1","0","Syp",0
"CCAGACCGTGATAGAT-1","0","Syp",1.43973441589081
"CCAGAGAAGTCGAACC-1","0","Syp",0
"CCAGAGGGTTGGTTCG-1","3","Syp",0
"CCAGATTGTTCCCGTT-1","1","Syp",0.849436898635953
"CCAGATTGTTCGAGCC-1","0","Syp",0.874804273883685
"CCAGCCAAGGCGCTTG-1","1","Syp",0
"CCAGCCTTCCCGCTTA-1","4","Syp",0.714795505887442
"CCAGCCTTCCTTCGTG-1","1","Syp",0
"CCAGCCTTCGTGCGTG-1","0","Syp",0.803502600983959
"CCAGCTAGTTCGGTCA-1","11","Syp",0
"CCAGCTAGTTCTGGGC-1","0","Syp",1.05903739714841
"CCAGCTAGTTGACGAA-1","10","Syp",0
"CCAGCTAGTTTGGCTG-1","0","Syp",0.842300689284088
"CCAGGCATCCGGTAAC-1","10","Syp",0
"CCAGGCATCCTCATTA-1","1","Syp",0.594295547662211
"CCAGGTTAGCCTACCC-1","1","Syp",1.10478349151056
"CCAGTATGTGGCCATC-1","0","Syp",0
"CCAGTCCTCCGTGCAG-1","7","Syp",0.745309165354589
"CCAGTTAAGCGACTAC-1","1","Syp",0
"CCAGTTAAGGTCGAGA-1","12","Syp",0
"CCAGTTGGTGGCTCGT-1","0","Syp",0.992220339351969
"CCATAACGTCATGTCG-1","6","Syp",0
"CCATAAGTCCGTTAGA-1","8","Syp",0
"CCATAATAGGATTGAA-1","5","Syp",0
"CCATAATAGTGCCGTG-1","0","Syp",0
"CCATACTTCCTGTGAA-1","3","Syp",0
"CCATACTTCTAGTCTC-1","2","Syp",1.18625535367541
"CCATCAGGTGAAGTCA-1","5","Syp",0
"CCATCCTGTGCAGCCT-1","2","Syp",0
"CCATCCTGTTCGAGTT-1","2","Syp",0
"CCATCCTGTTGTCAGT-1","0","Syp",0.770649954480286
"CCATCGCTCCCCAAGG-1","4","Syp",0.850088515421389
"CCATCGCTCGATTAAC-1","0","Syp",0.784118958765672
"CCATCTTAGCTACTGA-1","6","Syp",0
"CCATCTTAGGTAGCAG-1","2","Syp",0
"CCATGGGTCAGGTAGG-1","4","Syp",1.59550481813018
"CCATGTCCAGGACACC-1","5","Syp",0.540100000130374
"CCATTAGAGCCAATCA-1","0","Syp",0.766123663244379
"CCATTAGAGCTATACG-1","5","Syp",0.915721110656852
"CCATTAGAGGTTAGTT-1","0","Syp",0.910007115552978
"CCATTGAAGCATCACA-1","2","Syp",0
"CCATTGAAGCTACTGA-1","0","Syp",1.17817924865194
"CCATTGAAGGTTCCTT-1","0","Syp",1.16953512736791
"CCATTTGCAATCCTTG-1","5","Syp",0.968600015934391
"CCCAAATGTTGTCACG-1","0","Syp",0
"CCCAACCTCCCCATTG-1","10","Syp",1.16027808192857
"CCCAATCCAGGACATT-1","5","Syp",0
"CCCAATCCATTGACGG-1","5","Syp",0
"CCCAATTTCCTGATTC-1","0","Syp",0
"CCCACGTTCGTGCTAA-1","16","Syp",0
"CCCACTATCACTGGGT-1","0","Syp",0
"CCCACTTGTAAGGTGC-1","0","Syp",0
"CCCACTTGTTGGATGA-1","11","Syp",0
"CCCAGTGAGGCACTGT-1","2","Syp",0
"CCCATAGGTCTGGTAT-1","14","Syp",0
"CCCATAGGTCTGTGTG-1","0","Syp",0
"CCCATAGGTTTGCCAG-1","0","Syp",0.948090804145707
"CCCATATTCCTCTCAG-1","2","Syp",0
"CCCATATTCGTTGCTT-1","10","Syp",0
"CCCATATTCTGGTAAT-1","0","Syp",0.752131064171471
"CCCATCGCAAACCCAG-1","0","Syp",0
"CCCATCGCATCACATT-1","3","Syp",0
"CCCATCTGTATGGCAA-1","9","Syp",0
"CCCATCTGTTGGAGAC-1","2","Syp",0
"CCCATGCTCTCACATC-1","1","Syp",0
"CCCATTGTCGTACAGC-1","3","Syp",0
"CCCATTTAGAAGCGAT-1","3","Syp",0
"CCCGAACGTGATGACA-1","0","Syp",1.19461640319719
"CCCGAATAGCCTCTGC-1","0","Syp",0
"CCCGAATAGGGGATTG-1","8","Syp",0.844942907252522
"CCCGACAAGTGAGGTG-1","2","Syp",0
"CCCGACAAGTGCCGTG-1","3","Syp",0
"CCCGACAAGTTGCAGC-1","4","Syp",0.404417857046238
"CCCGATAGTGGCTTGC-1","8","Syp",0
"CCCGATGAGCCGATTA-1","6","Syp",0
"CCCGATTCATGGCGTA-1","3","Syp",0
"CCCGCATTCTTGATCC-1","5","Syp",1.05001716399479
"CCCGCTTAGGATGTAA-1","0","Syp",0.560044696370049
"CCCGCTTAGGCGTCCA-1","11","Syp",0
"CCCGCTTAGGTAACGG-1","1","Syp",0.791073730031229
"CCCGGTAAGGCGATCT-1","5","Syp",0
"CCCGGTTTCACAGGGA-1","6","Syp",0
"CCCGTAAGTGCAATGA-1","4","Syp",0
"CCCGTAAGTTGCACTG-1","4","Syp",0
"CCCTAACCACCTATCA-1","7","Syp",1.78248665142711
"CCCTAATTCTAATGGT-1","5","Syp",0.799639939250737
"CCCTACGCATGGAATC-1","1","Syp",0
"CCCTAGCTCCCGCTGT-1","2","Syp",0
"CCCTAGCTCTATCGCT-1","2","Syp",0
"CCCTAGTCAACCTACC-1","11","Syp",0.521557912440059
"CCCTCAATCACCACGG-1","2","Syp",0
"CCCTCACAGATAGTAG-1","0","Syp",0
"CCCTCACAGCTGAGAG-1","3","Syp",0
"CCCTCACAGGTGAGTG-1","5","Syp",0.825723490103917
"CCCTCAGCATCCATCA-1","2","Syp",0
"CCCTGAGAGCCGCACA-1","0","Syp",1.2126522505497
"CCCTGTTGTCTCCACT-1","7","Syp",0.98148076127635
"CCCTTAACAAGCTAAC-1","10","Syp",0
"CCCTTAACATAGGGTT-1","0","Syp",0.757597170866597
"CCCTTGATCCGCGACA-1","1","Syp",0.806579951447535
"CCCTTTAGTTGGCTGC-1","9","Syp",1.86770977587311
"CCGAAATCAACCTCGT-1","8","Syp",0
"CCGAAATCAGCACTTC-1","4","Syp",0.387098461824154
"CCGAAATCATGCTCCG-1","5","Syp",0
"CCGAACTAGAATCCGC-1","8","Syp",1.05548235836034
"CCGAACTAGTCGCTCC-1","1","Syp",0
"CCGAATATCAGCTCGG-1","0","Syp",0
"CCGACAACAATGAAGG-1","0","Syp",0
"CCGACAACAGCACTTC-1","5","Syp",0.675146207997279
"CCGACCAAGCGCCTGA-1","8","Syp",0
"CCGACCTTCACCTCGC-1","0","Syp",0.824067668376799
"CCGACCTTCGAACGTC-1","11","Syp",0
"CCGATTAAGAACCTGC-1","9","Syp",0
"CCGATTAAGCATGCAC-1","10","Syp",0
"CCGATTAAGCCCGTAG-1","5","Syp",1.16276595123645
"CCGATTAAGCGCTTCC-1","7","Syp",1.1767804358176
"CCGATTAAGTGAGATA-1","8","Syp",1.21581507902271
"CCGCAAGTCATCTGTC-1","5","Syp",0
"CCGCAAGTCATGGATT-1","0","Syp",0.686660885445151
"CCGCAAGTCGTGCAAC-1","0","Syp",0
"CCGCAAGTCTAGCGCG-1","4","Syp",0
"CCGCATTCACATACGG-1","0","Syp",0
"CCGCCATTCTTGACGA-1","5","Syp",0
"CCGCCTTAGCTGGAAG-1","0","Syp",0.760740844195978
"CCGCGATGTTCGCTTC-1","6","Syp",0
"CCGCTAAGTATAGACG-1","10","Syp",1.15466751402072
"CCGCTAAGTATGGCTT-1","0","Syp",0
"CCGCTCACAATCCTTG-1","2","Syp",0
"CCGCTTATCGACTACA-1","12","Syp",0
"CCGCTTATCGTACGGT-1","7","Syp",0
"CCGGAACCAACATGCG-1","7","Syp",0.50269336488744
"CCGGATTAGGGTTGAG-1","0","Syp",0
"CCGGATTAGGTCAATT-1","1","Syp",1.04389735703126
"CCGGCAATCATGCAGC-1","0","Syp",0.75115414655051
"CCGGCAATCTCACTGT-1","4","Syp",0.79635051361126
"CCGGCTAAGCCCTGGA-1","3","Syp",0
"CCGGTACGTTCCGCTT-1","0","Syp",1.04497167036493
"CCGGTATAGTACCAAT-1","8","Syp",0.712228686297565
"CCGGTTGAGGAGTCAG-1","1","Syp",0.865373927159306
"CCGTAAATCACCATGA-1","2","Syp",0
"CCGTAACAGCATGGGA-1","0","Syp",0
"CCGTAATGTTCCGCAA-1","1","Syp",0
"CCGTACCTCACCACGG-1","5","Syp",0
"CCGTAGTAGCTAGTTG-1","3","Syp",0
"CCGTATGGTAGCTATC-1","1","Syp",0
"CCGTATGGTTGGCGAG-1","4","Syp",0.521641399664049
"CCGTCAAGTAGCCTTG-1","0","Syp",1.23683359946975
"CCGTCCACATCCTAAT-1","0","Syp",0
"CCGTCTATCCCGCGTT-1","9","Syp",0
"CCGTGATAGCGAAGGC-1","0","Syp",0.99489805080823
"CCGTGCAAGGATTCAT-1","9","Syp",2.53270310735032
"CCGTGCAAGTAACGCC-1","2","Syp",0
"CCGTGTGAGGTATGGG-1","4","Syp",1.13124632873323
"CCGTGTGAGTGAGCCT-1","13","Syp",0
"CCGTTAGGTGGCTGTC-1","8","Syp",1.39979475577479
"CCGTTCATCGTGCCGA-1","8","Syp",0
"CCGTTGGAGCGATTGC-1","5","Syp",0.99489805080823
"CCGTTGGAGCGCCTGA-1","10","Syp",0
"CCGTTGGAGTGCTGTA-1","2","Syp",0
"CCTAACCCAAGCGTTG-1","3","Syp",0
"CCTAACCCATTCCTCT-1","0","Syp",0.769964323979181
"CCTAATGAGCTAATGT-1","0","Syp",0
"CCTACCATCCCCTTAG-1","5","Syp",0.480559760164331
"CCTACCGCATAGAGGA-1","0","Syp",1.02393231919862
"CCTACCTGTGCGGACA-1","0","Syp",0
"CCTACCTGTTTGATGC-1","14","Syp",0
"CCTACGAGTCATGCTG-1","6","Syp",0
"CCTACGAGTTCCAGCA-1","12","Syp",0
"CCTACGGAGGTACTAT-1","4","Syp",1.10735477878263
"CCTAGCCTCACGCCGA-1","2","Syp",0.631421600798989
"CCTAGCGAGAAGCATA-1","9","Syp",2.44655756790555
"CCTAGCGAGCCCGTGA-1","0","Syp",1.54762155395452
"CCTAGCGAGTATGACT-1","3","Syp",0
"CCTAGCGAGTGAAGTA-1","0","Syp",0.542320942009336
"CCTAGCGAGTGTCATG-1","9","Syp",0
"CCTAGCTCAACTATCT-1","2","Syp",0
"CCTAGCTCAAGGTCAT-1","14","Syp",0
"CCTAGGTAGGTACTAT-1","6","Syp",0
"CCTAGGTAGGTCGTAC-1","0","Syp",2.23944174894334
"CCTAGGTAGTGACCAC-1","3","Syp",0
"CCTAGTAAGGGTGAGC-1","8","Syp",0.780641447011766
"CCTAGTTTCCAACCGG-1","1","Syp",0
"CCTAGTTTCCCGCGTT-1","8","Syp",0
"CCTATCACACCTCATA-1","0","Syp",0
"CCTATGAAGTAATCAC-1","0","Syp",0
"CCTATGTTCAGCTATG-1","5","Syp",1.23547620008782
"CCTATGTTCCGTGCTC-1","1","Syp",0.558792033816875
"CCTATTATCGTGCCTC-1","3","Syp",0
"CCTATTCAGGTGAGAT-1","1","Syp",0
"CCTCAAGGTCATTCGG-1","0","Syp",0.629163331085575
"CCTCAGCTCACCTAGA-1","2","Syp",0
"CCTCAGCTCCACCGTC-1","0","Syp",1.23105191191143
"CCTCAGTCAAGTTCCC-1","0","Syp",1.10744523853329
"CCTCATTAGTAACGGG-1","0","Syp",0
"CCTCCAGCAACATCCC-1","5","Syp",0
"CCTCCTGGTGGACATA-1","8","Syp",0.686513821253514
"CCTCGAAGTGATCCAT-1","0","Syp",0
"CCTCGAAGTTCCAGAT-1","1","Syp",0.650372422412357
"CCTCGATCATGGATTA-1","2","Syp",0
"CCTCGGTTCCGTAAGC-1","1","Syp",0
"CCTCGTTGTCCCGTAA-1","0","Syp",1.37478077060808
"CCTCGTTGTTAAGTGG-1","2","Syp",1.13274176456874
"CCTCTAACATAACCAA-1","7","Syp",0
"CCTCTCAAGCCCTTGC-1","7","Syp",1.08734066448699
"CCTCTGATCCCTCATG-1","2","Syp",0.645892099687347
"CCTCTTAGTAACTTCA-1","2","Syp",0
"CCTCTTGAGATTAGGA-1","0","Syp",1.89106266656642
"CCTCTTGAGGGTCTAC-1","0","Syp",0.952958795268657
"CCTGAACAGCTAGCCG-1","1","Syp",0.728978200086872
"CCTGAACAGGCTTACA-1","5","Syp",1.55332694264181
"CCTGAATGTTAGAGGC-1","0","Syp",0
"CCTGAGACACTACCGT-1","3","Syp",0
"CCTGAGTAGATTGCAT-1","0","Syp",0
"CCTGATTTCAGCCACG-1","0","Syp",0
"CCTGCAAGTCTGGGCT-1","1","Syp",0
"CCTGCAAGTTCGCACA-1","0","Syp",0
"CCTGCATCACCATCCG-1","8","Syp",0
"CCTGCATCATGAAGGA-1","0","Syp",0
"CCTGCATCATTAGGCG-1","7","Syp",1.03938775839069
"CCTGCCACAATTGCTT-1","0","Syp",0
"CCTGCCACACAGGGTC-1","0","Syp",0.570812545917347
"CCTGCGAAGTGAATGA-1","12","Syp",0
"CCTGCTCAGGTCAATT-1","1","Syp",0
"CCTGGCAAGCTATGTG-1","2","Syp",0.73451993976799
"CCTGGCAAGTCTCTGT-1","1","Syp",0
"CCTGGCTTCCATCCAT-1","0","Syp",0.867470878307599
"CCTGGCTTCGATATGT-1","0","Syp",0
"CCTGGTAGTTGAGCTT-1","0","Syp",0.600842938816987
"CCTGGTGAGAAGGGAA-1","3","Syp",0
"CCTGGTGAGGCTTAAT-1","0","Syp",0.745464313879164
"CCTGGTTCACCTCGTG-1","5","Syp",1.38502071419739
"CCTGGTTCAGCTAGGC-1","3","Syp",0
"CCTGGTTCAGGACTAT-1","10","Syp",0
"CCTGTAAAGGGGTAAT-1","1","Syp",0
"CCTGTAAAGGGTCATC-1","3","Syp",0
"CCTGTCATCGCTAGTA-1","0","Syp",1.22745841616627
"CCTGTCGCAATTACTC-1","1","Syp",0
"CCTGTCGCACCACACT-1","10","Syp",1.69206070452363
"CCTGTGAGTTCACGGC-1","1","Syp",1.48121314745549
"CCTGTGGAGCGAGTTC-1","4","Syp",0.850126878808458
"CCTGTGGAGTGAGAGT-1","4","Syp",0.719771049272117
"CCTGTTGTCACGCTAA-1","0","Syp",0.941459975265805
"CCTGTTGTCGCTATCT-1","3","Syp",0
"CCTTAATCAATAGTCA-1","4","Syp",0
"CCTTAATCAGCAGTAT-1","2","Syp",1.14852815876456
"CCTTAATCATTGCGCT-1","2","Syp",0
"CCTTAGAAGAAGCGAT-1","0","Syp",0
"CCTTAGCCATCAAGGT-1","6","Syp",0
"CCTTATATCATCGAAT-1","0","Syp",0
"CCTTATATCCCGCTTA-1","5","Syp",0
"CCTTATCAGCGGTTAC-1","0","Syp",1.04796855584935
"CCTTCCTTCTCACATC-1","0","Syp",1.01118745854386
"CCTTCGATCATCTGTC-1","3","Syp",0
"CCTTGAAAGCCATTAG-1","1","Syp",0.465230988224658
"CCTTGAAAGTAAGTGA-1","5","Syp",0
"CCTTGAGGTAAGCGGT-1","4","Syp",0
"CCTTGAGGTAAGGTTG-1","2","Syp",0
"CCTTGCATCAGTACGC-1","2","Syp",0.764831884882253
"CCTTGCATCGAAGTCC-1","0","Syp",1.14021262077521
"CCTTGGGAGTCGCGCA-1","9","Syp",0
"CCTTTAATCCAGCCTC-1","0","Syp",0
"CCTTTAGCAATTAGCA-1","7","Syp",0.670773152941782
"CCTTTAGCATGACACG-1","0","Syp",0
"CCTTTCAGTTTCAGGT-1","3","Syp",0
"CCTTTCCTCACCAGAC-1","2","Syp",0
"CCTTTCCTCAGCATTG-1","2","Syp",0.615369479517261
"CCTTTCCTCCAGCCTC-1","0","Syp",1.08286393169997
"CGAACATCAAGGTATC-1","3","Syp",0
"CGAACATCAATTCGTT-1","0","Syp",1.10215815442923
"CGAACCACACCTATCA-1","4","Syp",0
"CGAACGGGTTATCGAC-1","13","Syp",0.541688775534882
"CGAACGGGTTTGCATA-1","8","Syp",0.606401074659975
"CGAACTATCCGCGACA-1","0","Syp",1.33189985609846
"CGAACTATCGTTAGGC-1","5","Syp",1.17007125265025
"CGAACTTGTCAGTGCC-1","2","Syp",0
"CGAAGCAAGCGATCAC-1","0","Syp",0
"CGAAGCAAGCTTCCAT-1","0","Syp",0.882789948505998
"CGAAGGATCACTCCTG-1","8","Syp",0
"CGAAGTGAGGATTAGA-1","1","Syp",1.34361157123749
"CGAAGTGAGTAACCCA-1","10","Syp",0
"CGAAGTGAGTAAGGGT-1","0","Syp",0
"CGAATAGGTTAGACGA-1","3","Syp",0
"CGAATCATCACCTTAC-1","0","Syp",0
"CGAATCTGTGCGCATC-1","0","Syp",0.628387073449026
"CGAATTTAGCATGTGC-1","9","Syp",0
"CGACAATCATTACATC-1","4","Syp",0.830295213654656
"CGACCAACAAGCGGTC-1","1","Syp",1.11620579569752
"CGACCATAGTGCTCAA-1","1","Syp",0.721180069190841
"CGACCCTTCACTTCAC-1","0","Syp",0.728700628943606
"CGACCGATCAAGTCCA-1","1","Syp",1.06766466738848
"CGACCTAGTGCGCAAG-1","1","Syp",1.11436811096911
"CGACCTAGTTAGTTCA-1","3","Syp",0
"CGACCTAGTTTGAGAG-1","0","Syp",0
"CGACGTTAGCAATCCA-1","14","Syp",0
"CGACGTTAGGGTCTCG-1","7","Syp",0
"CGACTAATCAAGTCTG-1","3","Syp",0
"CGACTAATCATGTGTG-1","9","Syp",0
"CGACTAATCTATCGAG-1","2","Syp",0.506752406115782
"CGACTGACACATGAAC-1","13","Syp",1.02974157578819
"CGACTGACACTATGAA-1","0","Syp",0.898545392849084
"CGACTGACATAAGCAC-1","6","Syp",0
"CGACTTGGTTATGTCA-1","1","Syp",0.8361042042107
"CGAGCACCACAACCAG-1","4","Syp",0
"CGAGCAGGTCATCGCA-1","6","Syp",0
"CGAGCCATCCATGTCT-1","0","Syp",0
"CGAGCCATCCTCAATC-1","1","Syp",0
"CGAGCCATCCTCATAC-1","0","Syp",0
"CGAGCGAGTTATCGCG-1","0","Syp",0.888228591304786
"CGAGGAATCCACGGAT-1","1","Syp",0.688085888556687
"CGAGGATGTTGAAGGC-1","6","Syp",0
"CGAGGGACAGCAGGCT-1","8","Syp",0.822848299783109
"CGAGTAAGTTGTGCAT-1","6","Syp",0
"CGAGTAAGTTTACAGC-1","0","Syp",0
"CGAGTCCGTAACCACT-1","2","Syp",1.19574116171415
"CGAGTCCGTTTCAGCG-1","0","Syp",0
"CGAGTGAAGTGAACGG-1","2","Syp",0
"CGATAACCAACGGTCA-1","1","Syp",0.40405344086107
"CGATAACCACCTTAAT-1","0","Syp",0.867450856444284
"CGATAGCTCACAGGGA-1","3","Syp",0
"CGATAGCTCACGCTCC-1","6","Syp",0
"CGATAGTCACATGCGA-1","0","Syp",0
"CGATAGTCATGGCTGA-1","0","Syp",0.541388274176157
"CGATCAATCGCTCGTC-1","0","Syp",0.874885816906033
"CGATCAGCACATAGTA-1","0","Syp",0.961857996810632
"CGATCAGCATGCTTCA-1","0","Syp",0
"CGATCCCTCCTGAGAC-1","2","Syp",0
"CGATCCCTCGCTTGAA-1","0","Syp",1.18699327199418
"CGATCCCTCTGGCTAA-1","1","Syp",0
"CGATCCTCAATGCCAG-1","1","Syp",0.567517960022328
"CGATCCTCACTCGCTG-1","0","Syp",0
"CGATCCTCAGCTACGA-1","5","Syp",0.759014492383224
"CGATCCTCATCCATGC-1","5","Syp",0
"CGATGAGAGGTAGCAG-1","2","Syp",0
"CGATGGGGTAAGTGCA-1","6","Syp",0
"CGATGGGGTAGCTCCA-1","2","Syp",0
"CGATGGGGTTCACCTC-1","15","Syp",1.19469666475939
"CGATGGGGTTTGCGTG-1","0","Syp",0
"CGATGTCAGCGATGGA-1","5","Syp",1.38975431192018
"CGATGTCAGGAGCCTT-1","0","Syp",0.682567674823149
"CGATTAACAAGCCACA-1","13","Syp",3.94498718096712
"CGATTAACATAACTGA-1","0","Syp",0
"CGATTACGTTGCTCAG-1","7","Syp",0.613383129060005
"CGATTAGTCACTGGGT-1","5","Syp",0.708178906917258
"CGATTCCCACTTGGGA-1","9","Syp",0
"CGATTTAGTTCGCCTT-1","4","Syp",0.378670362773273
"CGATTTAGTTTAGTGC-1","2","Syp",0
"CGATTTGAGGCATGGA-1","1","Syp",0
"CGATTTGAGGTCAAGG-1","3","Syp",0
"CGATTTGAGGTCCAGT-1","0","Syp",0
"CGCAAATCAACTGTCC-1","0","Syp",1.14527842883708
"CGCAAATCAATCAAGC-1","9","Syp",0
"CGCAATATCCCATATC-1","1","Syp",0.882042486118343
"CGCACAACAAATGCAC-1","3","Syp",0
"CGCACAACATAGGGCC-1","5","Syp",0.702167664367464
"CGCACAACATGTCGGA-1","0","Syp",1.07695738560509
"CGCACATAGCTAATCG-1","1","Syp",0.825795641795087
"CGCACATAGCTTAGGC-1","7","Syp",0
"CGCACATAGGAGGTGC-1","5","Syp",0.894251433366846
"CGCACCTTCCGGTTAA-1","6","Syp",1.85714222849091
"CGCACTTCAATATCAG-1","2","Syp",0.720637458103521
"CGCAGCTGTTTCGTAA-1","3","Syp",0
"CGCAGTTAGATTAGAG-1","2","Syp",0.781925630247104
"CGCATAATCTGTGATG-1","2","Syp",0
"CGCATAGCAATCCTTG-1","13","Syp",0
"CGCATAGCATAACTTC-1","1","Syp",0
"CGCATAGCATAAGCCG-1","0","Syp",0
"CGCATATGTGCGTACC-1","1","Syp",1.55010236289611
"CGCATCAGTGGCTTCA-1","6","Syp",0
"CGCATCAGTTGGCGAG-1","2","Syp",1.29618835374121
"CGCATCTCAACTGTCC-1","0","Syp",0
"CGCATCTCAAGGTTAC-1","5","Syp",0.795082670740779
"CGCATGGTCGTGAACC-1","5","Syp",0
"CGCCAAGTCCCGTTGC-1","0","Syp",0
"CGCCATAGTGGCGTAG-1","7","Syp",0
"CGCCATAGTTAACGCT-1","15","Syp",0
"CGCCATGAGGGGTCAA-1","7","Syp",0
"CGCCATGAGTGCGCTG-1","1","Syp",1.3461294843628
"CGCCATGAGTTACGTG-1","1","Syp",0.487729673975226
"CGCCATGAGTTAGAGA-1","0","Syp",0
"CGCCCATTCACACTAG-1","0","Syp",0
"CGCCCATTCACAGAGG-1","0","Syp",0.578896006224445
"CGCCTAAGTTGCCCTT-1","0","Syp",0.985962250527596
"CGCCTAGAGGTCACGT-1","6","Syp",0
"CGCCTCACAGGCTACA-1","5","Syp",0
"CGCCTCACATGGTAAC-1","2","Syp",0.73137445674432
"CGCCTGTTCAGGAGTG-1","12","Syp",0
"CGCCTGTTCCATGCAA-1","4","Syp",0
"CGCCTGTTCGATGCTA-1","1","Syp",0.598250476805487
"CGCGAACCAAGCTCCT-1","6","Syp",0
"CGCGAACCACCAATCC-1","0","Syp",0
"CGCGAAGGTCAGCTAT-1","0","Syp",1.44034886322302
"CGCGATTAGAACGATA-1","5","Syp",0.726377712518601
"CGCGATTAGTGAACCC-1","10","Syp",1.59801646847874
"CGCGATTAGTGCGCCA-1","1","Syp",0.51810340059952
"CGCGCATGTCAAGGTA-1","2","Syp",0.667150473533983
"CGCGGTTGTGGGTAGT-1","0","Syp",0
"CGCGTACGTGCAGTCC-1","0","Syp",0
"CGCGTACGTGGACACG-1","10","Syp",1.17825706901868
"CGCGTACGTTGTGAGA-1","0","Syp",0.921512360628546
"CGCTAAATCCAATTCC-1","3","Syp",0
"CGCTAAATCCTCTCCT-1","2","Syp",0
"CGCTAACAGGATCTAT-1","10","Syp",0
"CGCTAACAGGCGATCT-1","1","Syp",0.68946759806815
"CGCTAACAGGGTACGA-1","0","Syp",0
"CGCTAACAGTAGGCTC-1","0","Syp",0.414986551936944
"CGCTAATGTCAACCAT-1","4","Syp",0
"CGCTAATGTGCGGTGA-1","4","Syp",0.923383979198217
"CGCTACTCAAGCTCGA-1","0","Syp",0.711383206652731
"CGCTACTCAAGTGGAA-1","10","Syp",0
"CGCTACTCATTGCCCG-1","13","Syp",0
"CGCTATGGTGACGAGT-1","0","Syp",0
"CGCTATGGTTCGTGAT-1","5","Syp",0.598619417315584
"CGCTCATCAATACGGT-1","0","Syp",0
"CGCTCATCAGGGCTAC-1","0","Syp",0
"CGCTCATCATCCTCAA-1","0","Syp",0
"CGCTCCACATGCTCGT-1","7","Syp",1.35524163777831
"CGCTCCACATTCGCTA-1","1","Syp",0.500663040874364
"CGCTGATAGATTGACT-1","0","Syp",1.82381998301804
"CGCTGATAGGGTAGCA-1","7","Syp",0.911117136919732
"CGCTGATAGGTATCCA-1","2","Syp",0
"CGCTGATAGTCAGGTC-1","4","Syp",1.06485489624934
"CGCTGCAAGCCATTGA-1","1","Syp",1.36074856286881
"CGCTGCAAGCCCTGCT-1","16","Syp",0
"CGCTGCAAGGAATCGG-1","0","Syp",0
"CGCTGCAAGGAATTGA-1","5","Syp",1.49573242484409
"CGCTGCAAGTTACGTG-1","2","Syp",0
"CGCTGTGAGTTGCGTA-1","1","Syp",1.45180684086289
"CGCTGTTCAACGGTGC-1","6","Syp",0
"CGCTGTTCATGCTCTA-1","11","Syp",0
"CGGAACCCAACGGGCT-1","0","Syp",0
"CGGAACCCAAGCATCG-1","15","Syp",0.983860160109317
"CGGAACCCAGTTGGTG-1","0","Syp",1.61479267757176
"CGGACAGGTGAGCCGA-1","9","Syp",0
"CGGACATTCACGCTCC-1","8","Syp",0
"CGGACATTCCATGACA-1","3","Syp",0
"CGGACATTCGCGAATC-1","1","Syp",0
"CGGACTTAGCAACCTA-1","10","Syp",0
"CGGACTTAGCCTCTAT-1","6","Syp",0
"CGGACTTAGGATTCGC-1","2","Syp",0.849436898635953
"CGGATCACAATCTCTG-1","6","Syp",0
"CGGATTCAGCGGTAGA-1","4","Syp",0
"CGGATTCAGTGCCGTG-1","4","Syp",0
"CGGCAAGGTGGCAGTG-1","7","Syp",0.722376818874884
"CGGCAAGGTTAGACAG-1","10","Syp",0
"CGGCATTAGAACCTAT-1","4","Syp",0
"CGGCCAATCCCCAAGG-1","0","Syp",1.25526860749107
"CGGCCTAAGCAGGTCT-1","0","Syp",0
"CGGCCTAAGCGAACGA-1","1","Syp",0.477798114974052
"CGGCCTAAGCGCCATG-1","0","Syp",0
"CGGCCTAAGGATCATT-1","12","Syp",0
"CGGCCTAAGTGCCAGT-1","4","Syp",0
"CGGCTAACATTAAGTG-1","0","Syp",0
"CGGCTAGTCCGGGTTG-1","3","Syp",0
"CGGCTAGTCGATACAT-1","0","Syp",1.24005272818704
"CGGCTAGTCGTAATGT-1","2","Syp",0.887891845830239
"CGGCTAGTCTAGGCCG-1","7","Syp",0
"CGGCTCAAGGGTCCAT-1","6","Syp",0
"CGGCTCAAGTCAAGCC-1","8","Syp",0.6565217047517
"CGGCTTGAGGTAGAGT-1","0","Syp",1.18593941591454
"CGGGCAAGTAGGTGAC-1","0","Syp",1.22660628984664
"CGGGCAAGTTCGTATA-1","5","Syp",0.732438516209013
"CGGGCAAGTTGAGCTT-1","0","Syp",0.852975988054207
"CGGGCTTGTCTCAGTG-1","2","Syp",0.728146148065575
"CGGGGAACAATTGCTT-1","0","Syp",0.899236510835915
"CGGGGAACATAGGCAT-1","3","Syp",0
"CGGGGTAGTTAGTGTC-1","7","Syp",0.661156638426923
"CGGGGTAGTTCGATTA-1","0","Syp",0.94896309719237
"CGGGTAAAGCAAGCTC-1","0","Syp",0.872203399871944
"CGGGTAAAGTCATAGT-1","1","Syp",0.81385798609388
"CGGGTAGGTGAGTAAT-1","0","Syp",0
"CGGGTCATCGCTAGAC-1","5","Syp",0
"CGGGTGAGTAAGGTCA-1","1","Syp",0.757898264138534
"CGGGTGAGTAAGTCTC-1","2","Syp",0.682132120329268
"CGGGTGAGTAGTCCGC-1","0","Syp",1.38952805448106
"CGGGTTACAATTACAG-1","7","Syp",0
"CGGGTTTAGGCTACGT-1","0","Syp",1.64672293297308
"CGGTAAAGTCATCCAG-1","0","Syp",0.763177721047326
"CGGTAAAGTCTGTCCT-1","0","Syp",0.725771881295418
"CGGTATATCACGTTGA-1","6","Syp",0
"CGGTATTGTAATGCCT-1","2","Syp",0.753051200742025
"CGGTATTGTGAGTAAT-1","3","Syp",0
"CGGTCAACAGTTGGGC-1","2","Syp",0
"CGGTGAAAGATTGGTT-1","2","Syp",0.777005705482724
"CGGTGAAAGGTTAGTT-1","4","Syp",1.02233440974552
"CGGTGAGGTTCGGTCA-1","3","Syp",0
"CGGTGAGGTTCTGGTG-1","4","Syp",0
"CGGTGTTAGCGCTATA-1","0","Syp",0
"CGGTGTTAGGGGCAAC-1","10","Syp",0
"CGGTGTTAGGTACTTG-1","0","Syp",0
"CGGTTAATCACCATAG-1","0","Syp",1.03049451053739
"CGGTTAGCACCATCGT-1","0","Syp",0
"CGGTTAGCATGACCTC-1","8","Syp",1.26424967474026
"CGGTTCCTCACAGGTC-1","5","Syp",0
"CGTAAACCAACCCTAC-1","5","Syp",0
"CGTAAAGGTGAGGCTG-1","2","Syp",0
"CGTAAAGGTGGCTGAG-1","2","Syp",0
"CGTAAAGGTTCAAGTC-1","5","Syp",0
"CGTAAATTCCTCACAT-1","8","Syp",0
"CGTAACATCAATCCGA-1","7","Syp",1.53450102219499
"CGTAATGTCACCAGCG-1","7","Syp",0.448930930110498
"CGTAATTAGCGATCAC-1","3","Syp",0
"CGTAATTAGGATGACG-1","0","Syp",0.749325889101191
"CGTACAGCAACTGTCC-1","12","Syp",0
"CGTACCTCAAATGGCT-1","0","Syp",0
"CGTACCTCAAGCTGCA-1","1","Syp",0
"CGTACCTCACTTGGTC-1","11","Syp",0
"CGTACCTCATAACGCG-1","11","Syp",0
"CGTACGTAGTCGCGTG-1","0","Syp",0
"CGTACTGGTAGTGCTT-1","1","Syp",0
"CGTAGGCCATAAGCTA-1","0","Syp",1.16961168325868
"CGTAGGGGTGAGCAGT-1","13","Syp",0
"CGTAGGTTCCTGTCTG-1","3","Syp",0
"CGTAGTCAGGAACTGG-1","4","Syp",1.02165124753198
"CGTAGTTGTAGCTTAC-1","0","Syp",0.90401882507364
"CGTAGTTGTTTAGGAG-1","6","Syp",0
"CGTATATAGCAAGTAA-1","0","Syp",0
"CGTATCCCACAGCATG-1","5","Syp",0
"CGTATCCCACTAGGAT-1","3","Syp",0
"CGTATGATCCGCCATC-1","1","Syp",0
"CGTATTAGTAGCGGAT-1","1","Syp",0
"CGTATTAGTTGCCTCT-1","0","Syp",0.731039108319672
"CGTATTGAGCCAGTCG-1","2","Syp",0
"CGTATTGAGCGCAATC-1","5","Syp",1.31143523089555
"CGTATTGAGTTGGCCG-1","0","Syp",0
"CGTCAAATCGTACGGT-1","1","Syp",1.13495731428951
"CGTCAATGTTCGGCAC-1","8","Syp",0.840049810536434
"CGTCACCTCTGGTCCC-1","0","Syp",1.69097711722387
"CGTCAGTAGGATAGCG-1","0","Syp",0
"CGTCAGTAGGATCACC-1","0","Syp",1.13174432255057
"CGTCATCCAATCGCCT-1","7","Syp",0
"CGTCATCCATGGTCCT-1","12","Syp",0
"CGTCATGGTTAAGGAT-1","4","Syp",0
"CGTCATTTCCGTGGAT-1","11","Syp",0
"CGTCATTTCGACTGCG-1","3","Syp",0
"CGTCCATCAAACCATA-1","5","Syp",0.904543818283755
"CGTCCCACATCACGTC-1","0","Syp",0
"CGTCCTGCACAGGCTA-1","1","Syp",0.510452568975904
"CGTCGCTTCCGTGAGT-1","1","Syp",0.669793808139144
"CGTCGTAGTTAGTGTC-1","0","Syp",1.34633979900985
"CGTCGTAGTTTCCAGG-1","10","Syp",0
"CGTCGTTCACCAGCTT-1","5","Syp",0
"CGTCGTTCAGTAAGGA-1","8","Syp",0.711488777223892
"CGTCTATTCGTAGTAT-1","11","Syp",0
"CGTCTCATCAGTGCGT-1","8","Syp",0
"CGTCTCATCATGGCTA-1","3","Syp",0
"CGTCTTGTCCGTGCAG-1","5","Syp",0
"CGTGAAAGTTACACTA-1","0","Syp",0
"CGTGAGAAGCGACTGT-1","8","Syp",0.921148112711816
"CGTGAGAAGGCGTAGA-1","0","Syp",0.864498401194864
"CGTGAGAAGGGGTACA-1","2","Syp",0
"CGTGAGAAGTAGAGGT-1","1","Syp",0
"CGTGAGGGTTGAAGTG-1","9","Syp",0
"CGTGATGCAGCAGTTG-1","2","Syp",0
"CGTGCCTTCAGGCACT-1","0","Syp",0
"CGTGGCTGTATGGTCT-1","2","Syp",0
"CGTGGTTAGGTACCAC-1","1","Syp",0
"CGTGTATGTTGCTTGG-1","2","Syp",1.8718867971682
"CGTGTTAAGATAGTTC-1","1","Syp",1.35620343346073
"CGTGTTAAGGCGTAAG-1","3","Syp",0
"CGTTAATAGGTTCGCG-1","4","Syp",0
"CGTTACCCAATGCCGA-1","0","Syp",0
"CGTTACTTCAATGGTT-1","0","Syp",0
"CGTTATAGTGGACAGT-1","6","Syp",0
"CGTTCACCAACGGTAT-1","14","Syp",0
"CGTTCACCAATAGCAC-1","0","Syp",0
"CGTTCACCACATTAGA-1","7","Syp",0.415949661327797
"CGTTCAGGTTATCCAA-1","9","Syp",0
"CGTTCAGGTTCGCTTC-1","0","Syp",0
"CGTTCATTCAGCAAGG-1","10","Syp",0
"CGTTCCGCAACCAACG-1","5","Syp",0.659258502707919
"CGTTCCTGTTGCGTGC-1","9","Syp",0
"CGTTCCTGTTGGGTCC-1","6","Syp",0
"CGTTGAATCAGGTCCG-1","2","Syp",0
"CGTTGAATCATGTGAT-1","4","Syp",0
"CGTTGCCTCTAGCTTC-1","0","Syp",1.16782827630106
"CGTTGGACAATCCAGG-1","7","Syp",0.94481095382257
"CGTTGGACAGGCAAGG-1","0","Syp",1.00576713362207
"CGTTGTAAGGATACCC-1","5","Syp",0.663111738259426
"CGTTGTAAGGTAGGGC-1","6","Syp",1.68989523212849
"CGTTGTCCAAGCGGAG-1","5","Syp",0.716970161154441
"CGTTGTCCAGGCAAGG-1","7","Syp",0.885877068119148
"CGTTTCACACCTTGCG-1","8","Syp",0
"CGTTTGAAGCGAACGA-1","0","Syp",1.07036475103979
"CTAAAGCCAATTGCTT-1","7","Syp",0.683853502100889
"CTAAAGCCACCAGGAC-1","8","Syp",0.785934961879794
"CTAAAGCCACCTGGAA-1","0","Syp",0.847221677166521
"CTAAAGGGTTAGGCCC-1","10","Syp",0.733843530882739
"CTAACATAGCGCATAC-1","0","Syp",0
"CTAACATAGGATGGTG-1","9","Syp",0
"CTAACCAAGATTACGT-1","0","Syp",0
"CTAACGATCAGCGGAA-1","10","Syp",0
"CTAAGGCTCTGGCTGG-1","0","Syp",0
"CTAATGGTCGATGACC-1","11","Syp",0
"CTAATTGGTCATGCCA-1","0","Syp",1.25240594039346
"CTACAATAGGTACTAT-1","10","Syp",0
"CTACAATAGTACGCTA-1","15","Syp",0
"CTACACAAGATTGAAG-1","1","Syp",0.554405314899323
"CTACACAAGCCTGATA-1","1","Syp",1.06576889650594
"CTACATAGTCAGTAGA-1","0","Syp",0
"CTACCATTCAGTGCGT-1","4","Syp",0
"CTACCCGCACTTGATT-1","0","Syp",0.899495972495943
"CTACCCGCAGGAGCGA-1","0","Syp",0
"CTACCCTGTATTGGAG-1","0","Syp",1.24566570662461
"CTACCGCTCGATTACG-1","3","Syp",0
"CTACGACAGCGCTCGA-1","0","Syp",1.25986163338954
"CTACGACAGTATGTCG-1","3","Syp",0
"CTACGGACAAACCGTG-1","0","Syp",0.959517112708603
"CTACGGACACCTTCGG-1","4","Syp",0
"CTACGGGTCAGGACTC-1","0","Syp",0
"CTACGTAAGCTAGAGG-1","4","Syp",0
"CTACGTAAGTCAATGT-1","10","Syp",0
"CTACGTCCAACCGCAA-1","2","Syp",0.594987416087701
"CTACGTTTCTATGGTG-1","1","Syp",1.00450412043194
"CTACTCACAGGTTCGA-1","0","Syp",0
"CTACTCACATAGGCGC-1","3","Syp",0
"CTACTCCGTTCGCTCT-1","2","Syp",0
"CTACTCCGTTGCCCAA-1","3","Syp",0
"CTACTGTTCCATGAGC-1","2","Syp",0
"CTACTTGCAAATGGAG-1","1","Syp",0.760194792242896
"CTACTTGCACTATGGG-1","6","Syp",1.52262201975748
"CTAGAAGGTGAGACAC-1","1","Syp",1.51268105279043
"CTAGATTAGCTATCGA-1","2","Syp",0.841098634334844
"CTAGATTAGGTTAGCC-1","11","Syp",0
"CTAGCATGTGCATTAC-1","14","Syp",0
"CTAGCATGTTAAGCCT-1","7","Syp",0
"CTAGCCAGTAGTCCCA-1","0","Syp",0
"CTAGCCTCAAATGGAG-1","1","Syp",0
"CTAGCGCGTAAGTGTG-1","12","Syp",0
"CTAGCTGGTGCAGCGA-1","12","Syp",0
"CTAGGTCAGCCAGGTT-1","9","Syp",0
"CTAGGTCAGGTAGTCC-1","6","Syp",0
"CTAGTAACACATACCC-1","0","Syp",0
"CTAGTAACAGGACAGG-1","1","Syp",0
"CTAGTAACATGCTACC-1","11","Syp",0
"CTAGTATAGTATGATC-1","2","Syp",0.792625861354315
"CTAGTCAAGCGCCTCT-1","0","Syp",0
"CTATAGGTCACGCGAT-1","7","Syp",1.50072237224822
"CTATATGGTCCCGATA-1","1","Syp",0
"CTATCAAGTTATCACA-1","6","Syp",0
"CTATCGAAGTGAGGCA-1","1","Syp",0
"CTATCGCCAGGGCTGT-1","0","Syp",0.747039006312881
"CTATCGTTCCATCCGC-1","5","Syp",1.24139231392751
"CTATCGTTCTGGTGAC-1","0","Syp",1.27890084089049
"CTATGCAAGCTAGGTC-1","6","Syp",0
"CTATGCTTCCGGGTCA-1","1","Syp",1.17122193455617
"CTATGCTTCGCATGAC-1","0","Syp",0
"CTATGCTTCTATGGCA-1","1","Syp",0.55055451004785
"CTATGGGCACATGCCT-1","0","Syp",0.564654780420571
"CTATGGGCATTAGAGC-1","2","Syp",0
"CTATGTGAGCTATGCA-1","6","Syp",0
"CTATGTGAGGTAGATA-1","4","Syp",0.692947240541285
"CTATGTGAGGTGATCC-1","0","Syp",0.557035196379935
"CTATTCATCTCATGTC-1","4","Syp",1.127244452004
"CTATTCGCACAACGTG-1","0","Syp",0.75180512957618
"CTATTGCTCCTGAGCG-1","1","Syp",0
"CTATTGCTCGATCCGG-1","3","Syp",0
"CTCAAAGTCCCGCTGT-1","2","Syp",0.866530910450147
"CTCAAAGTCTAGCCTT-1","4","Syp",0
"CTCAACGGTGGCGTCT-1","1","Syp",0.664757806608852
"CTCAACTTCTCACTCG-1","0","Syp",1.33726017054875
"CTCAATAGTCAACCTG-1","0","Syp",0
"CTCAATTCATCAAGGT-1","8","Syp",1.62008231581562
"CTCACACCAATCTCAT-1","11","Syp",0
"CTCACACCAGGATAGA-1","0","Syp",0.786520556137654
"CTCACATTCCAGCTCC-1","1","Syp",0.364862024160146
"CTCACATTCCAGGTTA-1","2","Syp",0.623569874496795
"CTCACCATCACACTTC-1","2","Syp",1.2546710018924
"CTCACCTGTCATCGCA-1","3","Syp",0
"CTCAGCTCACTTCACA-1","5","Syp",0.672130475569031
"CTCAGGTAGGTGACGA-1","5","Syp",0.795615981243286
"CTCAGGTAGGTTAGCC-1","8","Syp",0.86677069655873
"CTCAGTAAGCCCTGGA-1","8","Syp",1.07906790552671
"CTCAGTAAGGCTTCGG-1","7","Syp",0.5176645972779
"CTCAGTTTCGCTTCGC-1","8","Syp",0.992701177173036
"CTCATAAGTCCATCCT-1","2","Syp",0
"CTCATAAGTGCGGTTC-1","11","Syp",1.48086315944951
"CTCATAAGTGGAGACT-1","0","Syp",0
"CTCATAAGTTCCAGGC-1","1","Syp",0
"CTCATAAGTTGTCCTC-1","0","Syp",0
"CTCATAGAGCCATACA-1","1","Syp",0
"CTCATCACACTCATGC-1","0","Syp",0
"CTCATCCGTAAGCAAT-1","5","Syp",1.7074123012126
"CTCATCCGTTCGTGTG-1","5","Syp",0
"CTCATGAAGCAATTAC-1","2","Syp",0
"CTCATGAAGGAGCTAG-1","0","Syp",0
"CTCATGGGTGCAATCT-1","2","Syp",0.592482729383103
"CTCATTATCTATGGTG-1","0","Syp",0.738720088716841
"CTCATTGCAAATCGTA-1","0","Syp",0.468896292277721
"CTCATTGCAGTTGCAG-1","1","Syp",0.821954132936097
"CTCATTGCATAAGCGT-1","0","Syp",0.962157717958317
"CTCCAACCAAGCGGAG-1","4","Syp",0.931138825936463
"CTCCAACCACATGACG-1","9","Syp",0
"CTCCAACCATGGTGCA-1","6","Syp",0
"CTCCAAGGTGAGACCG-1","5","Syp",1.53965980337245
"CTCCAAGGTTAAGCCT-1","2","Syp",0.720962922520246
"CTCCAGCTCAGCCCAG-1","0","Syp",0
"CTCCAGCTCTTGACTC-1","13","Syp",1.26339964055808
"CTCCCAATCACTCCAT-1","4","Syp",0.760407048158563
"CTCCCAATCCAGCATA-1","9","Syp",0
"CTCCCAATCGATAGGG-1","1","Syp",0
"CTCCCTAAGGATGTAA-1","1","Syp",0.602035787670853
"CTCCCTGGTAGGTGAC-1","5","Syp",0.969411842596071
"CTCCGTTGTAGGTGTA-1","5","Syp",0
"CTCCGTTGTTTGCATA-1","6","Syp",0
"CTCCTAGTCACACACA-1","5","Syp",1.07162570027986
"CTCCTAGTCACACATG-1","15","Syp",0.801668032063864
"CTCCTAGTCCCGCTAC-1","2","Syp",0.51758240622887
"CTCCTCAAGTAATCGT-1","5","Syp",0.829201862536856
"CTCCTCAAGTGGCGTT-1","0","Syp",0
"CTCCTGATCACTAACG-1","7","Syp",0
"CTCCTGATCTAGATAC-1","1","Syp",0.764218355921596
"CTCCTTAGTGAGTATG-1","0","Syp",0
"CTCGAACAGTAGCCAC-1","6","Syp",0
"CTCGAACAGTTAGGTT-1","0","Syp",0.665767914183811
"CTCGAACAGTTGCTCT-1","1","Syp",0
"CTCGCCACAATCAGAC-1","6","Syp",0
"CTCGCGTTCAAGTTCG-1","4","Syp",1.69667205264326
"CTCGCGTTCCTCTAGT-1","0","Syp",0.675335623981959
"CTCGCGTTCTTGACGA-1","2","Syp",0.858343642288617
"CTCGCTGCAACCCGTT-1","16","Syp",0
"CTCGCTGCAACTCGCT-1","0","Syp",0
"CTCGCTGCAGTTAATG-1","0","Syp",0
"CTCGCTGCATTCAACT-1","2","Syp",0.44036943963237
"CTCGCTTGTGGCAGTG-1","2","Syp",0
"CTCGCTTGTTATGCAC-1","5","Syp",0.62814235025095
"CTCGGATAGGAGGATT-1","13","Syp",0
"CTCGTAAAGGGTCTCG-1","3","Syp",0
"CTCGTCTGTATGGTTC-1","0","Syp",0.765938843454237
"CTCGTCTGTATGTGAG-1","5","Syp",0
"CTCGTGAGTTTCAGGT-1","0","Syp",1.18767939887082
"CTCGTTGTCCAGCACG-1","7","Syp",1.12577670717398
"CTCTAATCATCCCGTG-1","2","Syp",0
"CTCTAGAAGAACCTGC-1","10","Syp",0
"CTCTATATCATATAGC-1","8","Syp",0
"CTCTATTGTAGCCCGT-1","0","Syp",1.00802714452773
"CTCTATTGTTGCACAT-1","12","Syp",2.30510898111946
"CTCTGACCAAGCGAGG-1","5","Syp",0.913569397638907
"CTCTGACCAGTAATTG-1","4","Syp",0.376047816054448
"CTCTGATTCGAACGCT-1","0","Syp",1.19824013454677
"CTCTGCATCCCGCTGT-1","0","Syp",0
"CTCTGGTCAATCTCCA-1","0","Syp",0.649410065806196
"CTCTGTTAGGTGCAGA-1","1","Syp",0.451052021889501
"CTCTTAATCCACGGAT-1","6","Syp",0
"CTCTTCTCATCCACTA-1","1","Syp",0.361832082509686
"CTGAAAGGTGAGTAGC-1","0","Syp",1.4047622824753
"CTGACAATCGAGTGTC-1","0","Syp",0.833740869679407
"CTGACACAGCCCGTCT-1","0","Syp",0
"CTGACACAGGCGAGAC-1","0","Syp",1.24513706032741
"CTGACACAGTGCAACC-1","9","Syp",0
"CTGACCCTCCTTAGAG-1","10","Syp",0
"CTGACCTCATTGCGTC-1","6","Syp",0
"CTGATAGTCCATCACT-1","5","Syp",0.711224911979902
"CTGATATAGCTACGAC-1","2","Syp",0
"CTGATATAGTGCGCCA-1","1","Syp",0.878983679461344
"CTGATCAAGGTGACAG-1","0","Syp",0
"CTGATTGAGTGAGGTG-1","4","Syp",0
"CTGATTTCAACGGTCA-1","6","Syp",0
"CTGATTTCACAGCAGC-1","0","Syp",1.61039860420601
"CTGATTTCAGCAGGAG-1","0","Syp",1.66177221288011
"CTGCAAATCGAGTCTA-1","5","Syp",0.781411424756642
"CTGCAATGTCCCGATA-1","3","Syp",0
"CTGCACCTCATGCAGC-1","6","Syp",0
"CTGCACCTCGCTTCAT-1","3","Syp",0
"CTGCACCTCGTCTCAT-1","3","Syp",0
"CTGCATGGTGATGACA-1","0","Syp",0
"CTGCATTTCATGGTAT-1","7","Syp",0.584850714225336
"CTGCCATCAAGCTTCC-1","1","Syp",0.530303160887935
"CTGCCATCACAAGGAA-1","0","Syp",1.13624816382698
"CTGCCATCACTCAGCT-1","4","Syp",0
"CTGCCATCAGCACGGT-1","0","Syp",0
"CTGCCATCAGTACTAA-1","1","Syp",0
"CTGCCATCATGGTCAG-1","2","Syp",0
"CTGCCTATCACTCGGG-1","1","Syp",0
"CTGCCTGCACAACCAG-1","0","Syp",0
"CTGCCTGCACTTGCTA-1","12","Syp",0
"CTGCCTGCAGGGCTGT-1","0","Syp",0.779873061251704
"CTGCCTGCATTCCTGA-1","1","Syp",0.578207679249016
"CTGCGCAAGGTATGAA-1","0","Syp",0
"CTGCGGATCCATGCAA-1","14","Syp",0
"CTGCGTAGTCTAGAGA-1","5","Syp",0
"CTGCTAAAGGAGTACG-1","12","Syp",0
"CTGCTCTGTTTGACGT-1","0","Syp",1.16884662524313
"CTGCTTACAGCTCGAA-1","2","Syp",0
"CTGCTTACATCAATTC-1","7","Syp",0
"CTGCTTACATGAGCGC-1","0","Syp",0.960461950187293
"CTGGAAAGTTTACTCT-1","5","Syp",0.651205927503296
"CTGGACTAGATTACGT-1","1","Syp",0
"CTGGACTAGTTACGTG-1","1","Syp",0.474907699135716
"CTGGATGCAAATCGAC-1","2","Syp",0
"CTGGCAACAGTAAGGA-1","5","Syp",0.922881039592554
"CTGGCAACATTGCCGT-1","1","Syp",1.2198367572379
"CTGGCCAAGGTAGGGC-1","4","Syp",0
"CTGGCTAGTTAGCTTA-1","4","Syp",1.10373844322426
"CTGGGGTCACATTACT-1","0","Syp",1.22499090216587
"CTGGGGTCAGTTGACG-1","3","Syp",0
"CTGGGGTCATCCAATT-1","6","Syp",0
"CTGGGTTAGCAAGCGA-1","6","Syp",0
"CTGGGTTAGCCCTACC-1","0","Syp",0
"CTGGGTTAGGTGACTC-1","0","Syp",0
"CTGGTAATCTCACTAC-1","10","Syp",0
"CTGGTATGTCAACCAT-1","4","Syp",0
"CTGGTATGTTTGCACG-1","6","Syp",0
"CTGGTCAGTTAGCGCC-1","0","Syp",0.778468471660398
"CTGGTCAGTTCTGTCC-1","1","Syp",1.00775094455129
"CTGGTTAAGAACCTGC-1","1","Syp",0
"CTGGTTAAGTCAGTGC-1","1","Syp",0.839526435817536
"CTGGTTGGTGGCTCAC-1","4","Syp",0
"CTGGTTGGTTAGTAGG-1","5","Syp",0
"CTGGTTGGTTCACCAG-1","3","Syp",0
"CTGTAACGTCAAGCCC-1","10","Syp",0
"CTGTAAGTCCGTTAAG-1","2","Syp",0
"CTGTAAGTCCTTAGTC-1","3","Syp",0
"CTGTAAGTCTCATCAC-1","1","Syp",0.964964839640045
"CTGTACCCAAGGTTAC-1","0","Syp",0
"CTGTACCCAATAGCAC-1","0","Syp",0.689714939023068
"CTGTACTTCAGTTGAT-1","5","Syp",0
"CTGTACTTCGATACAT-1","7","Syp",0
"CTGTATAGTTCGTTAA-1","10","Syp",1.89890714335483
"CTGTCAAAGCATGAGG-1","6","Syp",0
"CTGTCAAAGTACGGTC-1","8","Syp",0
"CTGTCAAAGTGGCTTA-1","9","Syp",0
"CTGTCACCAGGGACCT-1","7","Syp",0.46334361519857
"CTGTCATTCCTTGAGA-1","3","Syp",1.71335126959398
"CTGTCCATCCATCGAA-1","1","Syp",1.22211208890726
"CTGTCGCTCCAGCATA-1","0","Syp",0
"CTGTCGCTCTAGTTGG-1","2","Syp",0.587431330439821
"CTGTGCCTCACCAAGC-1","0","Syp",0
"CTGTGGACACCATGTC-1","0","Syp",0.814418186268047
"CTGTGGACATCGGTCT-1","2","Syp",0
"CTGTGTCCAAACTGAC-1","4","Syp",0.967840257203891
"CTGTTAGAGTTGGTCA-1","0","Syp",0
"CTGTTCCGTTCTGGAT-1","14","Syp",0
"CTGTTGGGTATGGGTA-1","0","Syp",0
"CTTAACCTCAATTGCG-1","0","Syp",0.997321388883502
"CTTAACCTCACACACA-1","1","Syp",0.773845599456613
"CTTAATCCAAGGTCAT-1","0","Syp",0.819567849711764
"CTTACAAGTGCATCCA-1","0","Syp",1.20967283031442
"CTTACATCACATTGCC-1","0","Syp",1.09641711716198
"CTTACATCAGCCATCT-1","0","Syp",0.907442955857149
"CTTACATCATTCGGAG-1","0","Syp",0.782440547129916
"CTTACGAAGTCAGCAC-1","1","Syp",0
"CTTACGCCACCTGCCA-1","1","Syp",1.08849341658268
"CTTACGGGTTAGCGTT-1","0","Syp",0
"CTTACGGGTTGCACTG-1","1","Syp",0
"CTTACTATCTATCGAG-1","2","Syp",0
"CTTACTTGTGAGTTAG-1","1","Syp",0
"CTTAGCAAGCAAGGAT-1","0","Syp",1.02119635637817
"CTTAGCGGTTATGAGG-1","1","Syp",0
"CTTAGCTTCAGTTGGC-1","1","Syp",0
"CTTAGCTTCCTCGTTG-1","0","Syp",0
"CTTAGCTTCGATGCGT-1","1","Syp",0
"CTTAGTAGTAAGTAGT-1","2","Syp",0
"CTTAGTGAGCGGTTCG-1","8","Syp",0
"CTTATAGGTGCGGCTT-1","1","Syp",1.13148340826502
"CTTATAGGTTAGTTGC-1","8","Syp",0
"CTTATCGCACAACTAA-1","11","Syp",0
"CTTATCGCATGAAGCT-1","0","Syp",0
"CTTATCTGTCATGCCA-1","3","Syp",0
"CTTATCTGTTGCTCGA-1","7","Syp",0
"CTTATGAGTCAGGCAG-1","4","Syp",0
"CTTATGAGTTGTAAGG-1","3","Syp",0
"CTTATGGAGCATTCGA-1","5","Syp",0
"CTTATGGAGTAATGTC-1","4","Syp",0.611718607782907
"CTTATGGAGTGCTGTA-1","1","Syp",0.900622154269734
"CTTCAATCATTAGTGA-1","4","Syp",0
"CTTCACTAGGCGATAG-1","0","Syp",0
"CTTCACTAGGTAGGGC-1","0","Syp",0
"CTTCACTAGGTGCGAA-1","0","Syp",1.55234810787672
"CTTCAGCCAATCTCAT-1","0","Syp",0.458864021551839
"CTTCAGCCACTCAACC-1","1","Syp",0.712970200620773
"CTTCATCAGTCAGTTG-1","0","Syp",1.09080698379488
"CTTCATTGTTTCGATA-1","1","Syp",0
"CTTCGATTCACTAACG-1","2","Syp",0
"CTTCGATTCTAGTCGA-1","0","Syp",0.843506386650942
"CTTCGCATCACTCACT-1","7","Syp",0.501355063236218
"CTTCGCGCAGCAGGGA-1","0","Syp",0
"CTTCGCGCAGTTGCGA-1","0","Syp",1.04628799616369
"CTTCGCGCATAACCAA-1","0","Syp",0.44523214366275
"CTTCGGCTCGTGATAT-1","0","Syp",0
"CTTCGGTCAAGTGGTT-1","7","Syp",0.915721110656852
"CTTCGGTCAATCCGTC-1","0","Syp",0
"CTTCGTTAGCTGGACT-1","0","Syp",1.31202981685134
"CTTCGTTAGCTTAGGC-1","2","Syp",0.805482941202306
"CTTCTAATCCGTGCGA-1","2","Syp",1.40813562644129
"CTTCTATGTGAGTCCC-1","0","Syp",0
"CTTCTATGTGGGTCGA-1","10","Syp",0
"CTTCTCCTCGCTTGAA-1","4","Syp",0.857952275012787
"CTTGAATAGCTAAGTT-1","8","Syp",0.877011622855285
"CTTGAATAGGTACTGC-1","8","Syp",0.73288750920946
"CTTGAATAGGTAGAGT-1","5","Syp",0.852667000802262
"CTTGAATAGGTCGTAC-1","7","Syp",0
"CTTGACCCAAGTGATC-1","13","Syp",0
"CTTGACCCAGTTGAGT-1","0","Syp",0.926644394220669
"CTTGACTTCATACTGG-1","0","Syp",0
"CTTGAGGCAGCTACGA-1","2","Syp",0.826590190309798
"CTTGAGGCATAGATCA-1","11","Syp",0
"CTTGATAGTTCGCCTT-1","3","Syp",0
"CTTGATGAGGTGCAAG-1","6","Syp",0
"CTTGCACCATAGACCG-1","4","Syp",0.780161019678948
"CTTGCCTGTGCGGCTT-1","15","Syp",0
"CTTGCGGAGCGCCTCT-1","0","Syp",0
"CTTGCGGAGCTACTTC-1","0","Syp",0.83388816417548
"CTTGCGGAGTGATAGA-1","9","Syp",0
"CTTGCGGAGTGGGTCT-1","6","Syp",0
"CTTGCGGAGTTGGCTA-1","5","Syp",0
"CTTGCTTAGGTTCGCG-1","8","Syp",0.69259763392208
"CTTGCTTAGTGAAGTA-1","6","Syp",0
"CTTGGCGAGCCAATCA-1","12","Syp",0
"CTTGGCGAGTAGGTCC-1","4","Syp",1.01352989079481
"CTTGGGACAAGGTAGA-1","2","Syp",0.995650612617781
"CTTGGGCGTCCATCTC-1","5","Syp",0
"CTTGGGCGTTTAGGTC-1","5","Syp",0.776054832488817
"CTTGGGGTCCAGAGCT-1","4","Syp",0.660296557085901
"CTTGGGGTCGTTACAG-1","2","Syp",1.00697845608354
"CTTGGTAAGGCGCTAT-1","1","Syp",1.08402787564548
"CTTGTGTTCAATTGGT-1","0","Syp",0
"CTTGTGTTCATGAGTT-1","12","Syp",0
"GCAAACCTCCTGCCGT-1","5","Syp",0.70397018196662
"GCAACATCAATGGGCC-1","5","Syp",0
"GCAACCACAAGGGACG-1","7","Syp",0.396790669238167
"GCAACGGGTGATGACA-1","6","Syp",0
"GCAACTATCAGCTGCG-1","0","Syp",0
"GCAACTATCCATTAGG-1","0","Syp",1.64966090504858
"GCAAGCAAGGTGATCC-1","6","Syp",0
"GCAAGCAAGTGTCCTT-1","0","Syp",0
"GCAAGCTTCGATGCTA-1","3","Syp",0
"GCAAGGATCGACATAT-1","4","Syp",0.71206999940209
"GCAAGTGAGCCATGCG-1","14","Syp",0
"GCAAGTGAGCGGTCCA-1","0","Syp",0
"GCAAGTGAGGCAAGGC-1","0","Syp",0
"GCAATAGGTTTCAGCG-1","14","Syp",0
"GCAATATTCCGGAGTT-1","13","Syp",0
"GCAATCGCACTAGGGC-1","11","Syp",0
"GCAATCGCACTCATGC-1","0","Syp",0.668307162659387
"GCAATCTGTGGCCTAC-1","0","Syp",0.570277428733181
"GCAATTTAGGCTCCGA-1","5","Syp",0
"GCACAATCAGGCTCAA-1","2","Syp",0
"GCACAATCATTAGCAA-1","1","Syp",0
"GCACACTAGTCATAGT-1","3","Syp",0
"GCACAGCCACGCCATT-1","12","Syp",0
"GCACAGCCAGGCAGGA-1","0","Syp",0
"GCACAGCCATCGCGTT-1","0","Syp",0.738263600026138
"GCACCATAGAAGCATA-1","5","Syp",0
"GCACCATAGCGCATAC-1","3","Syp",0
"GCACCATAGGATGCAG-1","2","Syp",0
"GCACCGATCTAGTCCT-1","0","Syp",0.658808228578829
"GCACCTAGTGAGACAC-1","1","Syp",0.429400894229757
"GCACCTAGTGCAATGA-1","1","Syp",0
"GCACCTAGTGGGAACT-1","2","Syp",0.65046005578076
"GCACGAAAGGAGGATT-1","0","Syp",0
"GCACGAAAGTACCACA-1","10","Syp",3.03882603952304
"GCACGAAAGTCATAGT-1","0","Syp",0
"GCACGATTCCGCGAAT-1","6","Syp",0
"GCACGGTCAACTTCAT-1","7","Syp",0.853594675203149
"GCACGGTCAGGATACT-1","1","Syp",1.41223202818612
"GCACTAGCAATTCAAG-1","0","Syp",0
"GCACTATGTCATTGCG-1","5","Syp",0
"GCACTGACAGGACTGC-1","5","Syp",0
"GCACTGGTCGACATAT-1","2","Syp",0.718044732181673
"GCAGCCATCACTTCCG-1","5","Syp",0
"GCAGCGAGTTCTGTAA-1","1","Syp",0.74141392152978
"GCAGGCTCATTGCGTC-1","4","Syp",1.00466866647619
"GCAGGGTAGCGATGAG-1","0","Syp",0
"GCAGTAAGTAGCTCGC-1","1","Syp",0.825362931298481
"GCAGTGAAGCGATAGG-1","0","Syp",0.864816556596177
"GCATAAGGTGAGGTGT-1","8","Syp",0
"GCATAAGGTTATGGTC-1","3","Syp",0
"GCATAGTCAAATGCGT-1","1","Syp",1.29419862283994
"GCATAGTCAATTGGCG-1","6","Syp",0
"GCATAGTCAGCAGGGA-1","0","Syp",0.670399719153159
"GCATAGTCAGGTAATC-1","13","Syp",0
"GCATAGTCATGGCGAC-1","0","Syp",0
"GCATCAATCCCTCAGC-1","0","Syp",1.44532789270408
"GCATCACAGAAGGTGT-1","0","Syp",0
"GCATCAGCAGTTGGGC-1","0","Syp",0
"GCATCCTCAACTCGTC-1","6","Syp",0
"GCATCCTCAATATCTC-1","3","Syp",0
"GCATCCTCATTAGTGA-1","1","Syp",0.616230439004853
"GCATCTAAGAACCAGG-1","1","Syp",0
"GCATCTAAGCCCGTTC-1","3","Syp",0
"GCATCTAAGGTTCCGG-1","4","Syp",0.583726820836785
"GCATGGGGTTACACAC-1","0","Syp",0
"GCATGTCAGGTACGCT-1","0","Syp",0
"GCATGTTGTCCATCTC-1","0","Syp",1.21320579939111
"GCATGTTGTCTGGCGT-1","0","Syp",0.729923595459317
"GCATTACGTGAGTGTA-1","3","Syp",0
"GCATTACGTTATCAGC-1","0","Syp",1.18910726146101
"GCATTATAGGCGTACT-1","5","Syp",1.48402007583878
"GCATTCAAGAAGGGCC-1","0","Syp",0.842827732667154
"GCATTCAAGGTCATAT-1","14","Syp",0
"GCATTCCCAACGTGAT-1","0","Syp",0
"GCATTGATCACCCTAT-1","5","Syp",0
"GCATTGATCGATGGAG-1","7","Syp",0
"GCATTTGAGCCATCAA-1","1","Syp",1.24326151311803
"GCCAAATCACAAGCAT-1","3","Syp",0
"GCCAAATCATCAATCT-1","5","Syp",0
"GCCAACTAGGTACACC-1","0","Syp",0.75765736947386
"GCCAACTAGGTCAATT-1","3","Syp",0
"GCCAAGCCACAGGACC-1","10","Syp",0
"GCCAATGCAATCGCAG-1","5","Syp",0
"GCCAATGCACTCAGGA-1","0","Syp",0
"GCCAATGCAGCTCGTT-1","7","Syp",0
"GCCAATGCATAATCGA-1","5","Syp",1.24452094447272
"GCCAATGCATCGACTC-1","0","Syp",0.898372790323619
"GCCAATTGTCAGCTCA-1","1","Syp",0
"GCCAATTGTGACGAGT-1","5","Syp",0
"GCCACAACAGCTAGAT-1","1","Syp",0.900795680052388
"GCCACATAGCCGATAC-1","6","Syp",0
"GCCACATAGGGTCTCG-1","12","Syp",0
"GCCACATAGGGTGAAT-1","2","Syp",0
"GCCACCTTCAATCCAG-1","0","Syp",0
"GCCACCTTCAATGTAC-1","0","Syp",1.42765281254532
"GCCACCTTCTGGTAAT-1","3","Syp",0
"GCCACTTCAAGGTGAA-1","10","Syp",0
"GCCACTTCAAGTGCCA-1","2","Syp",0
"GCCACTTCAAGTTACA-1","4","Syp",0.372856019064809
"GCCATAATCATGCGAC-1","0","Syp",0
"GCCATATGTCTTGCAG-1","4","Syp",0.508331459874831
"GCCATCAGTTCAAGGA-1","8","Syp",1.03691375465367
"GCCATCAGTTTCGGTG-1","0","Syp",0
"GCCATCCTCCACGGAT-1","7","Syp",0.844488709825823
"GCCATCTCAGCTCGTT-1","8","Syp",0
"GCCATCTCATAATCTC-1","5","Syp",0.642712440580873
"GCCATTCCATGGCAAT-1","0","Syp",0
"GCCCAAGTCCCGCGAA-1","14","Syp",0
"GCCCAATAGGTTGGCT-1","4","Syp",0.580554883898
"GCCCACTTCAATCTCC-1","1","Syp",0
"GCCCACTTCCATCTCG-1","1","Syp",0
"GCCCACTTCCATGCCC-1","6","Syp",0
"GCCCATAGTGAAGCGT-1","1","Syp",1.02887428938297
"GCCCATAGTTAGGCTT-1","6","Syp",0
"GCCCATTCAATCATAG-1","4","Syp",1.20414394262944
"GCCCATTCAGGTATCG-1","12","Syp",0
"GCCCCAAAGCCTATCT-1","0","Syp",0
"GCCCCAAAGGGTGAAT-1","0","Syp",0
"GCCCCATTCTATGCCT-1","13","Syp",0
"GCCCCTTAGCAGGTCT-1","14","Syp",0
"GCCCCTTAGGCGCTCA-1","0","Syp",0
"GCCCCTTAGGCGTCTG-1","4","Syp",0
"GCCCTAGAGTGCTCGG-1","11","Syp",0
"GCCCTAGAGTTGCATG-1","1","Syp",0
"GCCCTCACAATCTGGG-1","0","Syp",0
"GCCCTGAAGCGCTCTC-1","10","Syp",0
"GCCCTGAAGTCAGCTA-1","0","Syp",0
"GCCCTGTTCAATGGCC-1","16","Syp",0
"GCCCTGTTCGCGTGTG-1","6","Syp",0
"GCCGAACCATAAGTGC-1","2","Syp",0
"GCCGAGTCAAACCGAT-1","5","Syp",0
"GCCGAGTCAAGGGCTC-1","1","Syp",0.827024261529772
"GCCGAGTCACCATCGT-1","0","Syp",0
"GCCGAGTCATAGACCG-1","3","Syp",0
"GCCGCTAAGGAACCTC-1","4","Syp",0
"GCCGTACGTCAGTAAG-1","10","Syp",0
"GCCGTCAAGGTTGCCG-1","3","Syp",0
"GCCGTTAGTGATCCTG-1","4","Syp",1.43709924717233
"GCCGTTGAGGGCTTAC-1","1","Syp",0
"GCCTAAATCACTCCAT-1","7","Syp",0.309622517802776
"GCCTAAATCTGGCCCT-1","1","Syp",0
"GCCTAACAGTAATGAG-1","6","Syp",0
"GCCTACCTCGACTGAC-1","0","Syp",1.28738379373579
"GCCTACTCAAATGGGA-1","2","Syp",0
"GCCTATGGTAGTCCCA-1","2","Syp",0
"GCCTATGGTCAGGAAC-1","0","Syp",0.974827455157447
"GCCTATGGTGCAGTAA-1","6","Syp",0
"GCCTATGGTTATGGAG-1","8","Syp",0.704642144626978
"GCCTCCACAAACCAAC-1","4","Syp",0.459132026615377
"GCCTCCACATCACGAG-1","7","Syp",0.480183394592701
"GCCTGCAAGCTTAACG-1","0","Syp",0
"GCCTGCTTCCTCACTG-1","7","Syp",0
"GCCTGGATCTAGTGTG-1","0","Syp",1.00675798063351
"GCCTGTGAGCATTGAT-1","7","Syp",0.98012667138578
"GCCTGTGAGGTAGCTC-1","2","Syp",0
"GCCTGTTCAATCGAGT-1","1","Syp",1.006042156977
"GCCTGTTCACCATCCG-1","1","Syp",0.738206580390043
"GCGAAAGTCAGCGGAA-1","0","Syp",0
"GCGAATTCAAATCGGT-1","14","Syp",0
"GCGAATTCAATAGGCT-1","0","Syp",0
"GCGAATTCAATGTATG-1","1","Syp",0
"GCGAATTCACTTACGC-1","0","Syp",0
"GCGAATTCATCCTGAC-1","4","Syp",0.712705189459602
"GCGACATTCTTGAGCA-1","3","Syp",0
"GCGACTTAGGATGGGC-1","0","Syp",0
"GCGAGGTAGCCTGTCC-1","0","Syp",0
"GCGAGGTAGTGAATGA-1","4","Syp",0.611448520309116
"GCGAGTAAGGTAGCGA-1","0","Syp",0.895106722420111
"GCGAGTTTCACGGAAG-1","0","Syp",1.93535626080875
"GCGATAAGTTGAGCCC-1","8","Syp",0.724782792446439
"GCGATCCGTGAGCGCA-1","7","Syp",0.893995186226763
"GCGATCCGTTAATGGG-1","0","Syp",0
"GCGATCCGTTCCGCTT-1","0","Syp",0
"GCGATCCGTTCGCAAT-1","4","Syp",1.72216721270861
"GCGATGTTCAGCATTG-1","5","Syp",0
"GCGCATTAGGTCCAAC-1","0","Syp",0.884017875944132
"GCGCATTAGTCGCTGG-1","5","Syp",1.22050993875609
"GCGCCTAAGCTAATGT-1","4","Syp",0
"GCGCCTAAGGAACTAA-1","3","Syp",0
"GCGCCTAAGTCATGGC-1","5","Syp",1.15059116719208
"GCGCCTAAGTCGAACC-1","0","Syp",0
"GCGCTAACATTAGTTC-1","3","Syp",0
"GCGCTAGTCACTCACT-1","5","Syp",0
"GCGCTCAAGGAGGTCA-1","0","Syp",1.02852781916606
"GCGCTCAAGTGGCTTA-1","0","Syp",0
"GCGCTTGAGATAGCCC-1","2","Syp",0
"GCGCTTGAGCATCCTT-1","4","Syp",0.619976935477513
"GCGGAGACAATCCGTC-1","3","Syp",0
"GCGGAGTAGATTGAAG-1","6","Syp",0
"GCGGCTATCCGCACGA-1","1","Syp",1.1113048706232
"GCGGGAACATGCTCGT-1","1","Syp",0.781989955921532
"GCGGGTAGTTAGCGAA-1","0","Syp",1.12883436901669
"GCGGGTTCATCATATC-1","0","Syp",0.734745698938763
"GCGGTAAAGGATGAAC-1","0","Syp",0
"GCGGTAGGTAATGTGG-1","5","Syp",0.706353909494712
"GCGGTGAGTTCAATCA-1","0","Syp",0
"GCGTAAAGTTAGCAAG-1","8","Syp",0
"GCGTAATCAGCCATAG-1","4","Syp",1.27753041618933
"GCGTAATCAGCCATCT-1","0","Syp",0.562048015051652
"GCGTACCGTCAGGGAT-1","0","Syp",0
"GCGTACCGTCTAACGT-1","11","Syp",1.27908797507178
"GCGTAGCCAAGCATCG-1","7","Syp",1.03153901375363
"GCGTAGCCAGCTCTCG-1","4","Syp",0.88333062140654
"GCGTATATCGTACCTT-1","3","Syp",0
"GCGTATTGTAGGTACA-1","3","Syp",0
"GCGTCAACAAGCCAAT-1","11","Syp",0
"GCGTGAAAGATACTAC-1","5","Syp",0.846080667387933
"GCGTGAAAGCTATCTC-1","0","Syp",1.43325866605789
"GCGTGAAAGGATGTCC-1","1","Syp",1.530138796342
"GCGTGAAAGTCATGGC-1","0","Syp",0
"GCGTGAGGTAATGCAG-1","1","Syp",0
"GCGTGAGGTAGTAACG-1","5","Syp",0
"GCGTGAGGTGGAGAGA-1","8","Syp",0
"GCGTGCATCGTGATTG-1","6","Syp",0
"GCGTGTTAGTGAAGCG-1","2","Syp",0
"GCGTTCTCATTACCTG-1","13","Syp",0
"GCTAAACCAAGTGCTG-1","5","Syp",0.796718315271395
"GCTAAACCAGGTATGT-1","12","Syp",0
"GCTAAAGGTTCGCGTA-1","9","Syp",0
"GCTAAAGGTTGACGCC-1","0","Syp",1.18255488967298
"GCTAAATTCTGTCTAC-1","2","Syp",0
"GCTAACATCAGGAAGT-1","0","Syp",1.37743519281115
"GCTAACATCCCGCAAG-1","0","Syp",0
"GCTAATGTCCACCGCT-1","0","Syp",0.710697792693087
"GCTAATGTCCATAGTG-1","4","Syp",0.528153063134976
"GCTACCCTCGATGCTA-1","0","Syp",1.06923266812781
"GCTACCTCACCTATAT-1","7","Syp",0.390049371370288
"GCTACCTCAGGTTCCT-1","4","Syp",0
"GCTACTGGTAGTAGAT-1","2","Syp",0
"GCTACTGGTGGCGTTC-1","0","Syp",0
"GCTAGGGGTGAAGGCT-1","5","Syp",0.858500295260349
"GCTAGGTTCCTGAAGC-1","6","Syp",0
"GCTAGGTTCTAGCCGG-1","0","Syp",0.669561067785595
"GCTAGTCAGCAACCCG-1","0","Syp",0.826445606839018
"GCTAGTCAGGATTACT-1","0","Syp",0
"GCTAGTCAGGCTCTGG-1","1","Syp",0.458971185365887
"GCTAGTTGTGAGATCA-1","0","Syp",0
"GCTAGTTGTTTACTTC-1","4","Syp",1.33923109137963
"GCTATGATCAATCTCC-1","0","Syp",0.709383548401456
"GCTATTGAGGTAACGG-1","8","Syp",1.19759412221696
"GCTCACCTCTGGCTGG-1","7","Syp",1.32736848497661
"GCTCAGGTCCGCGTAG-1","0","Syp",0
"GCTCATAAGCCCTGGA-1","4","Syp",0.88898726410892
"GCTCATAAGTACGCCG-1","10","Syp",0
"GCTCATGGTAGGTGTA-1","0","Syp",0.828184142867963
"GCTCCAAGTATGTACC-1","0","Syp",0.616387244136992
"GCTCCAAGTTTCGAGT-1","5","Syp",0
"GCTCCCACAGCTCGTT-1","4","Syp",0
"GCTCCCACATTGGGCA-1","0","Syp",0.861330458127816
"GCTCCGTTCAATGTGT-1","0","Syp",0.790053477547623
"GCTCCGTTCGATCGGT-1","9","Syp",0
"GCTCCTGCAAGTGATC-1","0","Syp",0.744070404270821
"GCTCCTGCATTGACGG-1","1","Syp",0
"GCTCCTTGTGATGATG-1","10","Syp",0
"GCTCGATAGCCGACTG-1","8","Syp",0.787498587519971
"GCTCGATAGGTTAGCC-1","2","Syp",1.34040989984853
"GCTCGATAGTGCTCGG-1","7","Syp",2.12002890457067
"GCTCGCTTCTAGTAAC-1","0","Syp",0.912586802673966
"GCTCGCTTCTGTGAGC-1","0","Syp",0
"GCTCGTAGTCAGGCGA-1","0","Syp",1.44137430372661
"GCTCGTAGTTGTAGGA-1","10","Syp",0
"GCTCTATTCACCAGCG-1","4","Syp",0
"GCTCTATTCAGCTAAT-1","5","Syp",1.05019834285839
"GCTCTATTCCATGCGG-1","11","Syp",0
"GCTCTCATCATGTCCT-1","7","Syp",0.796150045099641
"GCTCTTGTCTAGCGCG-1","0","Syp",0
"GCTGAAAGTAGCGGAT-1","2","Syp",0.771086932135083
"GCTGAAAGTGGCCTAC-1","4","Syp",0
"GCTGAAAGTTAGCCAT-1","5","Syp",0.891695984385454
"GCTGACTAGCGGACTT-1","0","Syp",0
"GCTGACTAGGTAGTCC-1","1","Syp",0
"GCTGACTAGTGGGTTC-1","3","Syp",0
"GCTGAGAAGGTCATGC-1","10","Syp",0
"GCTGAGAAGGTTCGGT-1","2","Syp",0
"GCTGATGCAACTGCCT-1","9","Syp",0
"GCTGCCTTCACGCACG-1","0","Syp",0
"GCTGCTGAGCCGAGTT-1","0","Syp",0.990621175591125
"GCTGGATTCACAGATT-1","3","Syp",1.75126810787332
"GCTGGCTGTGCGGTTC-1","1","Syp",0.660251353864596
"GCTGGGTCAATTAGGC-1","2","Syp",0.683003807363761
"GCTGTTAAGGTCAACC-1","2","Syp",0
"GCTTAACGTCAGGCAG-1","5","Syp",0.77058757150916
"GCTTAACGTTCGGTAT-1","11","Syp",0
"GCTTAACGTTCGTTGG-1","6","Syp",0
"GCTTAATAGCGGGAAC-1","2","Syp",0
"GCTTACTTCACAGGTC-1","4","Syp",0.479666871845333
"GCTTACTTCAGTATCG-1","1","Syp",0.684705395675737
"GCTTACTTCCGTTGCC-1","3","Syp",0
"GCTTATAGTATGGATG-1","1","Syp",0.678237946795839
"GCTTATGAGGGTATCC-1","2","Syp",0.857483133622985
"GCTTCCATCGCTCGCT-1","6","Syp",0
"GCTTCCATCTAGTGAT-1","2","Syp",0
"GCTTCCGCAACCTGAG-1","0","Syp",0.864101056204325
"GCTTCCGCACCATCGT-1","7","Syp",0.742335663410549
"GCTTCCTGTGCGTGGA-1","0","Syp",0
"GCTTGATGTCAGGGAT-1","0","Syp",0
"GCTTGCCTCACTTCAC-1","3","Syp",0
"GCTTGGACAGCTAGGC-1","4","Syp",0.786422893410744
"GCTTGTAAGCGGTAGA-1","0","Syp",1.12812712839952
"GCTTGTCCAATATCTC-1","5","Syp",0.663842279937363
"GCTTTGAAGCAGGCAA-1","0","Syp",0.771899842902992
"GCTTTGAAGCATGTCA-1","5","Syp",1.34929213876356
"GCTTTGAAGCTGGAAG-1","3","Syp",0
"GCTTTGGGTGAGGAGA-1","3","Syp",0
"GCTTTGGGTGAGTAGC-1","3","Syp",0
"GGAAACTAGTAGCCAC-1","10","Syp",0
"GGAAACTAGTAGTGCC-1","2","Syp",1.32253553135578
"GGAAATGCAAGTGAGA-1","9","Syp",0
"GGAAATTGTAATCGCT-1","0","Syp",0.814628471089097
"GGAACATAGCATCCAA-1","6","Syp",0
"GGAACCAAGCGAGTAG-1","9","Syp",0
"GGAACGATCAATCTGG-1","5","Syp",0
"GGAACTGAGAATCCGC-1","7","Syp",0
"GGAACTGAGTGCCCGA-1","5","Syp",0
"GGAAGATTCACCTGAA-1","1","Syp",1.48402007583878
"GGAAGCATCGACCGAT-1","0","Syp",0.945099372322117
"GGAAGCCAGTTAGTGT-1","0","Syp",0
"GGAAGGCTCCATCCGC-1","0","Syp",0
"GGAAGGTCAAACTTAG-1","8","Syp",0.776498269019165
"GGAAGGTCATCACTGC-1","6","Syp",0
"GGAAGTTAGCGAGCTT-1","2","Syp",0
"GGAAGTTAGCTGAGAG-1","2","Syp",0
"GGAATATGTCCATATA-1","0","Syp",0
"GGAATATGTTATCGCG-1","6","Syp",0
"GGAATCTCATCCAGAG-1","3","Syp",0
"GGAATCTCATTACGAA-1","2","Syp",0
"GGAATTAAGGCTCCGA-1","0","Syp",1.06747684508368
"GGACAATAGCCTTCCA-1","0","Syp",0.913122483415919
"GGACAGGCATCATCTG-1","0","Syp",1.26067610956406
"GGACATAGTAATGAGT-1","2","Syp",0
"GGACATGAGGTAGTCC-1","0","Syp",1.45264239341659
"GGACATTCAGCCAGTA-1","0","Syp",0.954331474881432
"GGACCCTGTCATTCAA-1","0","Syp",0
"GGACCCTGTGCAACGG-1","3","Syp",0
"GGACGAATCAGTATGT-1","0","Syp",0
"GGACGAATCGATGCTA-1","5","Syp",0
"GGACGAATCTCACCGC-1","1","Syp",0.792758253503231
"GGACGATGTCTTACGG-1","2","Syp",0
"GGACGGACATAAGTCA-1","8","Syp",0.916801035515889
"GGACGTAAGAATCAAG-1","0","Syp",0.788282855521318
"GGACGTTTCATAGGCC-1","0","Syp",0
"GGACTTATCTAGTCTC-1","11","Syp",0
"GGACTTGCAATCAGTA-1","0","Syp",0
"GGACTTGCATGACTAA-1","0","Syp",0
"GGACTTGCATGGAGCC-1","3","Syp",1.83512693114287
"GGAGAAGGTAACCCAT-1","2","Syp",0
"GGAGAGGAGTCAGGTC-1","0","Syp",1.06898144966356
"GGAGAGGAGTTGCGGT-1","9","Syp",0
"GGAGCAATCAGCAGGA-1","4","Syp",1.15184771954717
"GGAGCAATCCGTTGCC-1","0","Syp",0
"GGAGCATGTAATGGTG-1","0","Syp",1.48931698119315
"GGAGCCAGTTGGAGTA-1","2","Syp",0
"GGAGCTAAGCGGGATA-1","0","Syp",0
"GGAGCTAAGGGTAGGC-1","0","Syp",0
"GGAGCTAAGTAATCGT-1","6","Syp",0
"GGAGGTTGTAACGCTT-1","6","Syp",0
"GGAGGTTGTTCACGCA-1","8","Syp",0
"GGAGTAACACATTCGC-1","0","Syp",0.753110645327503
"GGAGTATAGCTACTGA-1","11","Syp",0
"GGAGTCAAGCTAACTG-1","2","Syp",0
"GGAGTGATCTGTGCAA-1","1","Syp",0
"GGATAACAGCTTAGGC-1","4","Syp",0.67914724560108
"GGATAGGTCGTACACA-1","2","Syp",0
"GGATAGTAGAAGCCTC-1","0","Syp",0.607008307978704
"GGATATGGTATGTACC-1","5","Syp",0.67505154134594
"GGATATGGTTCGCTAG-1","0","Syp",0
"GGATATGGTTTGACCG-1","1","Syp",0
"GGATCGCCATCCCTGG-1","0","Syp",0.849513504498643
"GGATCGTTCCGCGGTA-1","0","Syp",1.30945770381078
"GGATGCTTCACTGGTA-1","7","Syp",0
"GGATGGATCCGGGTTG-1","0","Syp",1.0040108322407
"GGATGTGAGCCTGGTG-1","2","Syp",0
"GGATGTGAGGCGTAAG-1","6","Syp",0
"GGATGTTCATAAGCTA-1","15","Syp",0
"GGATTAAAGCCCTACC-1","0","Syp",1.3649307493573
"GGATTCATCCCGTTCA-1","3","Syp",0
"GGATTCGCAAATCTAG-1","0","Syp",0.749502410149984
"GGATTCGCAATCCATT-1","1","Syp",1.21082954466379
"GGATTCGCATCCCAGT-1","6","Syp",0
"GGATTGAGTAGCCCGT-1","0","Syp",0.521669234812699
"GGATTGCTCCCCATTG-1","0","Syp",1.24162561788252
"GGCAACCCAAGGTCCA-1","0","Syp",0
"GGCAACCCAGGATGCC-1","2","Syp",0
"GGCAACTTCGAACCGT-1","5","Syp",0.727095057155056
"GGCAAGGCAATCCGTC-1","15","Syp",0
"GGCAAGGCAGGGCTAC-1","0","Syp",0.923979119172879
"GGCAATAGTTCCTGAG-1","5","Syp",0
"GGCACACCAAGTCCTC-1","2","Syp",0
"GGCACACCAATACATG-1","0","Syp",0.632784619396879
"GGCACACCAGGTTAGT-1","3","Syp",0
"GGCACATTCACCTGCC-1","2","Syp",0
"GGCACCATCAGGTGAG-1","14","Syp",0
"GGCACCATCGAAGCCT-1","0","Syp",0.698184974589902
"GGCACCTGTGATGGAC-1","0","Syp",0.993717935306196
"GGCACCTGTTTGACAC-1","1","Syp",0.604059821923769
"GGCACGAGTTAGTGCT-1","0","Syp",0
"GGCATAAGTAAGTGCA-1","2","Syp",0
"GGCATAAGTCAGGAGT-1","6","Syp",0
"GGCATAGAGCATGATT-1","1","Syp",1.0798376153969
"GGCATAGAGGTTCCTT-1","13","Syp",0
"GGCATAGAGTAGTCCA-1","4","Syp",0.47756556307235
"GGCATGGGTCTGTCCT-1","0","Syp",0
"GGCATGGGTTCGTGCA-1","6","Syp",0
"GGCATTATCAGCCACG-1","2","Syp",0
"GGCATTATCCACCGTC-1","0","Syp",0
"GGCATTATCCGTATGA-1","1","Syp",1.19240059590462
"GGCATTCAGATTAGCT-1","7","Syp",0
"GGCATTCAGTATGATC-1","0","Syp",0
"GGCCAATTCCATAGAT-1","0","Syp",0
"GGCCCTAAGCTAGAGG-1","11","Syp",0
"GGCCGAAGTGGCGTTC-1","3","Syp",0
"GGCCTAACACAGGGTC-1","1","Syp",0.520032141458286
"GGCCTAGTCATGCTAG-1","1","Syp",0
"GGCCTAGTCGTAACCA-1","7","Syp",1.25913865123065
"GGCCTCAAGCTAGTGC-1","7","Syp",0.482023874166845
"GGCCTCAAGTCAGGAG-1","2","Syp",0
"GGCCTCAAGTGAATGA-1","1","Syp",0.48058330297855
"GGCCTTGAGCTACCGG-1","3","Syp",0
"GGCGAACAGCGAACGA-1","0","Syp",0
"GGCGAACAGGTGCTGT-1","0","Syp",0
"GGCGAGACAATCGAGT-1","4","Syp",0
"GGCGAGACATGGTACG-1","8","Syp",1.88551008878341
"GGCGATCCATCAAGCG-1","2","Syp",0
"GGCGATCCATTAACGA-1","3","Syp",0
"GGCGATGGTCCCGAGT-1","2","Syp",0.782054292714474
"GGCGCTTGTTCACGGC-1","12","Syp",0
"GGCGCTTGTTGAGTTC-1","1","Syp",0.672412012714142
"GGCGGATAGATTGCGC-1","0","Syp",0.99489805080823
"GGCGGATAGGTGCTTA-1","0","Syp",0.76859689449553
"GGCGGTAGTTTGCAGT-1","5","Syp",0
"GGCGGTTCACTCGCAT-1","1","Syp",1.27610125062386
"GGCGTCTGTCAGGGAT-1","0","Syp",0
"GGCGTGAGTTTCGGAT-1","12","Syp",0
"GGCGTGAGTTTGGGTT-1","13","Syp",0
"GGCGTTACATTAATCC-1","2","Syp",0.907178578238502
"GGCGTTGTCAGCAATT-1","3","Syp",0
"GGCGTTGTCCAGAGAG-1","15","Syp",0
"GGCGTTGTCTAGTGTG-1","0","Syp",1.11057609062746
"GGCTAGAAGGTGATGG-1","1","Syp",0
"GGCTAGAAGTTAGGCC-1","5","Syp",0.904981810022979
"GGCTATATCACGTGTA-1","6","Syp",0
"GGCTATATCCAGGCCA-1","3","Syp",0
"GGCTCAACATAGGTTA-1","0","Syp",0.784118958765672
"GGCTCGATCCGTGCTC-1","0","Syp",0
"GGCTCGATCGAATGGG-1","5","Syp",0.745231616417739
"GGCTCGATCGACCCGA-1","0","Syp",0
"GGCTGAAAGAACGGGC-1","3","Syp",0
"GGCTGAAAGCAGGTCT-1","13","Syp",0
"GGCTGAAAGGTCGAGA-1","2","Syp",1.02668425142892
"GGCTGACCATGGATAC-1","10","Syp",0
"GGCTGAGGTTCGCCTT-1","11","Syp",0
"GGCTGGTCATCGCTCG-1","4","Syp",0.613150309753009
"GGCTTAATCCCAGAGT-1","0","Syp",1.64796436611636
"GGCTTATGTTAGCGTT-1","0","Syp",0.81652620172045
"GGCTTCCTCCCTGGTC-1","5","Syp",0.61823588973525
"GGCTTCTCATCCTACA-1","3","Syp",1.50766526428627
"GGCTTCTCATGGTGTG-1","6","Syp",0
"GGCTTGGTCGACTATG-1","0","Syp",0.838258250809479
"GGCTTGGTCGCTCAGG-1","14","Syp",0
"GGCTTGGTCTATCCAC-1","8","Syp",0
"GGCTTTGGTGAGCGTG-1","2","Syp",0
"GGGAACATCCCATAGA-1","3","Syp",0
"GGGAACATCCCCAGAG-1","1","Syp",1.09006372158314
"GGGAACATCGCGTCGA-1","9","Syp",0
"GGGAATGTCCCAGGAT-1","0","Syp",1.06697633859196
"GGGAATGTCTTGAACG-1","9","Syp",0
"GGGAATTAGGTTGGCT-1","0","Syp",0.752160709258007
"GGGACAATCACAGGGA-1","9","Syp",0
"GGGACAATCAGGTCCG-1","9","Syp",0
"GGGACACAGTATGACT-1","1","Syp",0.64849419801455
"GGGACCAGTAGCTTCG-1","5","Syp",0
"GGGACCAGTGGCGAAT-1","3","Syp",0
"GGGACCAGTTAAGCTC-1","3","Syp",0
"GGGACCAGTTCCGTAG-1","0","Syp",0
"GGGACCTCAAACCGCA-1","13","Syp",0
"GGGACGTAGCTATCGA-1","9","Syp",0
"GGGACGTAGTGAACCC-1","3","Syp",0
"GGGATAGTCACACATG-1","3","Syp",0
"GGGATAGTCATCAGGC-1","0","Syp",1.20368121662887
"GGGATATAGGATGGCA-1","3","Syp",0
"GGGATTAGTGAAGGAG-1","2","Syp",0
"GGGATTGAGGCAAGTG-1","1","Syp",0.83997500044854
"GGGATTGAGTCATGCA-1","4","Syp",0.598139885943985
"GGGCAAATCATGCGTA-1","0","Syp",1.10249396935516
"GGGCAACAGCCATGCG-1","1","Syp",0
"GGGCAGACATCACTCA-1","1","Syp",1.01093717945217
"GGGCATCCATAGATGC-1","10","Syp",0
"GGGCATGGTGCAGCGA-1","0","Syp",0
"GGGCATTTCGTAACTG-1","3","Syp",0
"GGGCCTATCCTGCTCA-1","2","Syp",0.901273243965961
"GGGCCTTGTGAAGTTG-1","0","Syp",0.600322596883366
"GGGCCTTGTGCATCTG-1","3","Syp",0
"GGGCGATAGGCAACCT-1","0","Syp",0
"GGGCGATAGTTAGTGT-1","7","Syp",0
"GGGCGTAGTGGCGTGA-1","3","Syp",0
"GGGCTAGGTGCGGCTT-1","0","Syp",1.04588872814124
"GGGCTAGGTTTACCGG-1","0","Syp",1.31700870672937
"GGGCTCTGTATGTAGG-1","8","Syp",0.69864211536522
"GGGCTCTGTGCACCAC-1","0","Syp",0
"GGGCTTACAAGCCTAG-1","9","Syp",0
"GGGGACTAGGAACCTC-1","7","Syp",0
"GGGGACTAGGTCATCA-1","4","Syp",0.471757771314233
"GGGGATGCAAACCAAC-1","0","Syp",0.676902524695987
"GGGGATGCACATTCAT-1","0","Syp",0
"GGGGATGCATCGTTCA-1","4","Syp",0
"GGGGCTAGTATAGTCC-1","0","Syp",0
"GGGGCTAGTCTGTGTG-1","11","Syp",0
"GGGGTAATCCAGGTGT-1","0","Syp",1.2001828512909
"GGGGTAATCCTGCCGT-1","3","Syp",0
"GGGGTATGTAATCGCT-1","12","Syp",0
"GGGGTATGTTAGGTGA-1","12","Syp",0
"GGGGTCAGTGATGCCC-1","1","Syp",0
"GGGGTCAGTGCATTAC-1","0","Syp",0
"GGGGTTAAGCCAGACT-1","1","Syp",0.425541921258661
"GGGGTTGGTGCAACTT-1","8","Syp",0
"GGGTAACGTAAGTCCT-1","4","Syp",0.295542576846458
"GGGTAACGTTAGACGA-1","2","Syp",0.64805900938503
"GGGTAACGTTATCATG-1","11","Syp",0
"GGGTAATAGCCAGACT-1","0","Syp",0
"GGGTAATAGCTGGTGT-1","0","Syp",0
"GGGTACTTCCCATGAA-1","0","Syp",1.17810143972635
"GGGTACTTCCCTCAAT-1","1","Syp",0
"GGGTACTTCGATGTAT-1","4","Syp",0.867811400220307
"GGGTACTTCTAGTCTC-1","2","Syp",0
"GGGTATAGTAGTGCCC-1","8","Syp",0
"GGGTCAAAGGAGTCGA-1","8","Syp",1.13424157512388
"GGGTCAGGTCAGCCTA-1","0","Syp",0.768534859629062
"GGGTCAGGTGATAGAT-1","12","Syp",2.14227513280625
"GGGTCATTCACACCGG-1","0","Syp",0.814558363424167
"GGGTCATTCAGCCTAA-1","0","Syp",1.11336022205085
"GGGTCATTCTAGGCGT-1","6","Syp",0
"GGGTCCATCCTGAGTA-1","3","Syp",0
"GGGTGTCCATGAGCTG-1","2","Syp",0
"GGGTTAAGTTTAAGCC-1","2","Syp",0
"GGGTTCCGTCAGTTCG-1","4","Syp",0
"GGGTTTCAGCAATCCA-1","1","Syp",0.660613159286261
"GGGTTTCAGCTGGCAT-1","1","Syp",0.487196475628616
"GGGTTTCAGGAGCTTC-1","7","Syp",1.10552646000009
"GGGTTTGCATGAGTGT-1","1","Syp",1.1008171402328
"GGTAACAGTTAGTTCA-1","3","Syp",0
"GGTAACAGTTCCCAGA-1","0","Syp",1.37492792908305
"GGTAATCCAGCTCGTT-1","2","Syp",0
"GGTAATCCAGTTAAGC-1","14","Syp",0
"GGTAATGGTAACGCGG-1","2","Syp",0.809820707614771
"GGTAATGGTTCACTCC-1","5","Syp",0
"GGTAATTTCCAACTAG-1","2","Syp",0.838034874076096
"GGTAATTTCCGGAGTT-1","3","Syp",0
"GGTAATTTCCGGTTCC-1","5","Syp",0
"GGTAATTTCGCGCCTT-1","8","Syp",0.714884360874381
"GGTACGAAGGCGTCAT-1","0","Syp",0
"GGTACGCCAGCCAAGC-1","1","Syp",0.556018240602792
"GGTACGGGTAACGGCG-1","1","Syp",0
"GGTACGTTCATAGACT-1","4","Syp",0.864101056204325
"GGTACGTTCCGTTGCC-1","3","Syp",0
"GGTACTATCAGCGGAA-1","0","Syp",0
"GGTAGCTTCAGCCATA-1","8","Syp",0.797220439573996
"GGTAGTAGTAGGTGAC-1","4","Syp",0
"GGTAGTGAGGCAAGGC-1","1","Syp",0.623971745163515
"GGTAGTGAGGGCTCTG-1","6","Syp",0
"GGTATAGGTATGGGTA-1","6","Syp",1.59082098285834
"GGTATAGGTTTCGGTG-1","5","Syp",1.13869531355017
"GGTATATTCCAGGTGT-1","0","Syp",0
"GGTATCGCAGTACCCT-1","2","Syp",0
"GGTATCTGTTACACCG-1","0","Syp",0
"GGTATGGAGCCTGACG-1","0","Syp",0
"GGTATGTCACAGCGAC-1","4","Syp",0.495496780991919
"GGTATGTCAGGCTTAG-1","0","Syp",0
"GGTATTGTCCATAGCA-1","7","Syp",0
"GGTATTGTCTGGTCGG-1","0","Syp",0.784183664168466
"GGTCAATCAACCTTGC-1","0","Syp",0
"GGTCAATCAAGCTAAC-1","3","Syp",0
"GGTCAATCATAAGCAC-1","6","Syp",0
"GGTCAGCCAAAGGATG-1","5","Syp",0.845321800462413
"GGTCAGCCAATCGACG-1","1","Syp",0.620811461217666
"GGTCAGCCATGAGCAT-1","7","Syp",0.858030518183242
"GGTCATCAGCGCCTCT-1","8","Syp",0
"GGTCATCAGGGTCATC-1","5","Syp",1.2481984558191
"GGTCCTGAGATAGAGC-1","2","Syp",0.428877283179523
"GGTCCTGAGTGTCAAT-1","0","Syp",0.925999546001116
"GGTCCTGAGTTGGATT-1","10","Syp",0
"GGTCGATTCCGCCAGA-1","5","Syp",1.27796609948947
"GGTCGATTCCTGAGCG-1","11","Syp",0
"GGTCGATTCGCTCGCT-1","0","Syp",0
"GGTCGCATCCTGTCGC-1","9","Syp",0
"GGTCGCATCTCACATC-1","3","Syp",1.56101275503263
"GGTCGTTAGGCGTCTG-1","0","Syp",1.4602133509429
"GGTCGTTAGGTCACGT-1","8","Syp",0.87890132213096
"GGTCTATGTCATCGTG-1","9","Syp",0
"GGTCTCCTCCTGAGTA-1","5","Syp",0
"GGTCTCCTCGATACGC-1","11","Syp",0
"GGTCTTAAGCAGGCTT-1","0","Syp",0
"GGTCTTAAGTAACGAA-1","1","Syp",0.459701252188796
"GGTGAACGTCATGAAG-1","0","Syp",0.822204292789547
"GGTGAACGTTTAAGCC-1","9","Syp",0
"GGTGAATAGATAGCAA-1","4","Syp",0
"GGTGAGGCATCCACGT-1","0","Syp",1.12222468635753
"GGTGAGGCATCGGTCT-1","10","Syp",0
"GGTGATGAGCATGACC-1","0","Syp",1.09668268530141
"GGTGCAGGTAAGTAGT-1","1","Syp",0
"GGTGCAGGTTGCTGAT-1","3","Syp",0
"GGTGCATTCAGGAGCA-1","5","Syp",0
"GGTGCATTCATGACTG-1","0","Syp",0
"GGTGCATTCGTCTCCA-1","5","Syp",0.695052611613303
"GGTGCCTGTAAGCGTA-1","1","Syp",1.31590965685716
"GGTGCCTGTCAGGATA-1","8","Syp",0
"GGTGCGAGTCAGGACG-1","4","Syp",0
"GGTGCGAGTGAGAGGA-1","0","Syp",0
"GGTGCTTAGCGGTCAT-1","1","Syp",0.623851127833259
"GGTGCTTAGGAGCTGA-1","0","Syp",0
"GGTGCTTAGTAGAGCG-1","14","Syp",0
"GGTGGTAAGCCGATGT-1","3","Syp",0
"GGTGTAAGTAGCCATT-1","1","Syp",0.974776059716213
"GGTGTAAGTTTGCCCT-1","6","Syp",0
"GGTTAAGGTAACGTGA-1","0","Syp",0
"GGTTAAGGTCTAACCG-1","1","Syp",1.17592742374242
"GGTTAATTCACGGCCA-1","2","Syp",0.997267398218852
"GGTTAATTCCATTGCT-1","6","Syp",0
"GGTTAGGAGGCTCTGG-1","3","Syp",0
"GGTTAGTCAATCATCT-1","2","Syp",0
"GGTTAGTCACTTAACT-1","4","Syp",0.572424104101074
"GGTTATGTCTAAGTCG-1","0","Syp",0
"GGTTCAATCAAGTGCC-1","7","Syp",0
"GGTTCCTCAGGTTCCT-1","9","Syp",0
"GGTTCCTCATTGCACC-1","0","Syp",1.05316727924473
"GGTTCCTCATTGCGTC-1","0","Syp",1.06435707230216
"GGTTCTAAGCTGGATC-1","2","Syp",0.838258250809479
"GGTTCTAAGGCTTCCC-1","4","Syp",0
"GGTTGGGGTGGGTATA-1","5","Syp",0
"GGTTTAGTCTATGTCC-1","9","Syp",0
"GGTTTCAAGGCGTTAC-1","6","Syp",0
"GGTTTGATCCACCGCT-1","5","Syp",0
"GGTTTGATCGTGAGTC-1","1","Syp",1.90472393454897
"GTAAACCCAACGTGCA-1","2","Syp",0
"GTAAACCCAATAGGCT-1","0","Syp",0
"GTAAACTTCGACTTGA-1","0","Syp",0
"GTAAAGGCAATAGTTG-1","0","Syp",0.477937756921156
"GTAAAGGCATGATCGG-1","14","Syp",0
"GTAAATGAGCCCGTAG-1","1","Syp",0.649453745342375
"GTAACCCAGTAGCGGA-1","6","Syp",0
"GTAACCTGTGCGGTTC-1","10","Syp",0
"GTAACGGAGGTGGAGC-1","0","Syp",0.727647867786566
"GTAACGGAGTGATCTG-1","2","Syp",0.80200710120704
"GTAAGCCTCCCCATAT-1","2","Syp",0
"GTAAGCGAGCCCTGTC-1","0","Syp",1.08428690240904
"GTAAGCTCATAACTAG-1","6","Syp",0
"GTAAGGCGTCTTGGTG-1","3","Syp",0
"GTAAGGGTCAGGATGG-1","1","Syp",0
"GTAAGGGTCGACCAGT-1","1","Syp",0
"GTAAGGTAGATTCGCA-1","3","Syp",0
"GTAAGGTAGGCATCCG-1","0","Syp",0
"GTAAGGTAGGGTCTCG-1","6","Syp",0
"GTAAGTAAGGTATCGC-1","6","Syp",0
"GTAAGTTTCAGCGGAA-1","4","Syp",0.754241962140028
"GTAAGTTTCAGGCTAC-1","6","Syp",0
"GTAATCACAACGTGGC-1","0","Syp",0
"GTAATGAAGCCACAGT-1","4","Syp",0
"GTAATGAAGTCGCATA-1","0","Syp",0
"GTAATTCAGGTTACAT-1","0","Syp",1.06125715610402
"GTACAAGGTTTACCAA-1","6","Syp",0
"GTACACGCACTTGGGA-1","3","Syp",0
"GTACATTAGAAGCGGC-1","2","Syp",0
"GTACATTAGCCGATTA-1","0","Syp",0.557864286964344
"GTACATTAGTTAGTGT-1","1","Syp",0.798428260092013
"GTACCCAGTGGCAGCA-1","8","Syp",0.647320574098903
"GTACCCTCAACTTACT-1","1","Syp",0
"GTACGAAGTAACCCTG-1","4","Syp",0
"GTACGAAGTCAATGTC-1","11","Syp",0
"GTACGGTTCGATCAAT-1","0","Syp",0
"GTACTAGTCGACCCAG-1","7","Syp",0
"GTACTAGTCGTTAGCA-1","6","Syp",0
"GTACTAGTCTGGCTCC-1","0","Syp",1.54399044548818
"GTAGATGGTAAGCGGT-1","0","Syp",0
"GTAGATGGTTAACGAG-1","2","Syp",0.731318543032224
"GTAGCATCAAGCCGTA-1","8","Syp",0
"GTAGCATCATTCCTCT-1","9","Syp",0
"GTAGCCACAGGAGCGA-1","4","Syp",0
"GTAGCTATCCACCAGG-1","2","Syp",0
"GTAGCTATCCCGCGTT-1","5","Syp",0
"GTAGGAACATCCTGGT-1","0","Syp",0
"GTAGGATAGTGACCTA-1","0","Syp",0.790645545044823
"GTAGGCGGTTATCACA-1","5","Syp",0
"GTAGGCTTCGATTGGC-1","0","Syp",0
"GTAGGCTTCTGTCATC-1","0","Syp",0.562534900487463
"GTAGGGGCATGAGCAT-1","0","Syp",0.691949336535706
"GTAGGTGAGGATGGCA-1","1","Syp",0
"GTAGGTTCAAGTGGCC-1","3","Syp",0
"GTAGGTTCAGGGCAGA-1","2","Syp",0
"GTAGTAAAGGCACATC-1","2","Syp",0
"GTAGTAAAGTGAGTAA-1","5","Syp",0
"GTAGTAGGTAATCGGA-1","1","Syp",0.553806871687965
"GTAGTAGGTGCGCATC-1","8","Syp",0
"GTAGTCATCGTGCTCC-1","1","Syp",0
"GTAGTTACAATACTTC-1","0","Syp",0
"GTAGTTACAATCTCAT-1","4","Syp",0.459099849189874
"GTAGTTGTCGTGCTGG-1","7","Syp",0
"GTATAGAAGCTTAGTG-1","0","Syp",0
"GTATAGAAGGAGTCAG-1","0","Syp",1.26103848076862
"GTATAGCCACTAGTCC-1","7","Syp",0.452151419708685
"GTATATCAGCATGATT-1","6","Syp",0
"GTATCCCCAATCGCTC-1","3","Syp",0
"GTATCCCCACTAGTCC-1","2","Syp",0
"GTATCCCCATCCAACC-1","9","Syp",0
"GTATCCGGTAACCCAT-1","0","Syp",0
"GTATCGATCAGCAGGA-1","2","Syp",0
"GTATCGATCGCTCTCA-1","4","Syp",0
"GTATCTTCAAACTTAG-1","9","Syp",0
"GTATCTTCAATACATG-1","1","Syp",0
"GTATGAAAGTGATGAA-1","2","Syp",1.24938043691933
"GTATGAGGTGATTCCG-1","2","Syp",1.3122281487223
"GTATGAGGTTAGACGA-1","13","Syp",0
"GTATGAGGTTATGCTA-1","0","Syp",0
"GTATGCATCAATTAGC-1","1","Syp",0.556430919215394
"GTATGCATCATCGTTC-1","0","Syp",0.698438864824363
"GTATGGCTCACGCCTC-1","0","Syp",0
"GTATGTTAGATTCGGC-1","2","Syp",0
"GTATGTTAGCTTACGA-1","6","Syp",0
"GTATTAGCACTTGCAC-1","0","Syp",0.853594675203149
"GTATTCAGTCTGGTCA-1","2","Syp",0
"GTATTCCTCCCATTAC-1","1","Syp",0
"GTATTCCTCCCGTGTC-1","13","Syp",2.12911315147707
"GTATTCCTCGCTCGCT-1","10","Syp",0
"GTATTGGTCATCGAGC-1","0","Syp",0
"GTATTGGTCGAGGTCT-1","6","Syp",0
"GTATTGGTCTGGCCTC-1","0","Syp",0.882374525285047
"GTATTGGTCTGTGCTT-1","1","Syp",0.991206888512138
"GTCAAACCAAGCGTGC-1","0","Syp",0
"GTCAAAGGTTGAGGAC-1","1","Syp",0.681987063747083
"GTCAAAGGTTTAAGCC-1","4","Syp",0
"GTCAAATTCAGGAGCA-1","0","Syp",0
"GTCAACATCAAGTAAG-1","0","Syp",0
"GTCAACATCGTTAGAT-1","0","Syp",0
"GTCAAGCTCTGGCACG-1","0","Syp",0.743722778171168
"GTCAATGTCATCGACA-1","5","Syp",0
"GTCAATGTCATGGTGC-1","9","Syp",0
"GTCAATGTCCAGGTGT-1","5","Syp",0
"GTCAATGTCCTTAGAG-1","0","Syp",0.984489770616866
"GTCACCCTCTGTAAGT-1","6","Syp",0
"GTCACCTCAAGCGACC-1","10","Syp",0
"GTCACCTCAGTTAAGC-1","2","Syp",0
"GTCACGTAGTTAGGTT-1","0","Syp",0
"GTCATAACACTTAGCC-1","10","Syp",0
"GTCATATAGCCACGCA-1","3","Syp",0
"GTCATCAAGCCTAGCG-1","0","Syp",0.81900015229598
"GTCATCAAGGAGGCTA-1","0","Syp",1.20245827033806
"GTCATCAAGTCGCACG-1","2","Syp",0
"GTCATCAAGTTAGAGA-1","2","Syp",0
"GTCATCCCATTAAGTG-1","0","Syp",1.42709102283036
"GTCATTTCAACTACTT-1","7","Syp",0
"GTCATTTCAGTACCCT-1","1","Syp",0
"GTCCAAATCAGCCCAG-1","0","Syp",1.05891437441574
"GTCCAACAGCTGGCAT-1","0","Syp",0.814628471089097
"GTCCAATGTTAGCCAT-1","0","Syp",0.769186750000987
"GTCCACCTCACCATGA-1","0","Syp",0
"GTCCAGGTCACTCAAG-1","3","Syp",0
"GTCCAGGTCTAGTACG-1","0","Syp",0
"GTCCATAAGGCTCCAG-1","0","Syp",0
"GTCCATGGTTATCCTT-1","0","Syp",0
"GTCCATTTCGATACAT-1","8","Syp",0
"GTCCATTTCGATCAAT-1","0","Syp",0.791172611222276
"GTCCCATCATGGCTTC-1","2","Syp",0
"GTCCCGTTCAATTCGG-1","2","Syp",1.24110082267967
"GTCCCTTGTCTGTGGC-1","14","Syp",0
"GTCCCTTGTTGACGGG-1","0","Syp",1.30142030794683
"GTCCCTTGTTGCATGT-1","0","Syp",0.823134867147023
"GTCCGAACATGGATTA-1","7","Syp",0.87236547295165
"GTCCGATAGGTATGAA-1","6","Syp",0
"GTCCGCAAGGCAATGG-1","7","Syp",0.469479225742689
"GTCCGCAAGGCTATAT-1","3","Syp",0
"GTCCGCAAGGGGTACA-1","4","Syp",1.30161500675832
"GTCCGCTTCACATAGT-1","0","Syp",1.01762939099713
"GTCCGCTTCTAGTCCT-1","6","Syp",0
"GTCCGTGAGTACGGCT-1","0","Syp",0.790777242346667
"GTCCGTGAGTAGGTAA-1","12","Syp",0
"GTCCGTTCAATATACG-1","0","Syp",0.696463599860106
"GTCCTAAAGCCCGTCT-1","0","Syp",0.832637911976519
"GTCCTGCTCTTGATGG-1","1","Syp",0.846194621890217
"GTCGAGGGTTTCGTAA-1","1","Syp",0
"GTCGATGCATTAGATG-1","4","Syp",1.01689671222387
"GTCGATTGTCTCACCT-1","4","Syp",0.508120338857021
"GTCGCAACATGACCAG-1","5","Syp",0
"GTCGCCAAGCCAGCAT-1","0","Syp",0
"GTCGCCAAGCTGGGTT-1","0","Syp",0
"GTCGCTAGTTGAGTAG-1","1","Syp",0
"GTCGGATTCTCACAGA-1","3","Syp",0
"GTCGGGTCATGAGCCA-1","0","Syp",1.00543732045494
"GTCTAACGTCAGTGCC-1","8","Syp",0.973032083472495
"GTCTAACGTGCAGCTC-1","0","Syp",0
"GTCTACAAGCTGGTGT-1","2","Syp",0.666781209258061
"GTCTACAAGGATGCGA-1","1","Syp",0.870989888331866
"GTCTACCCAGTTGAGT-1","11","Syp",0
"GTCTATGAGATTCAGT-1","12","Syp",0
"GTCTATGAGGATTGGG-1","4","Syp",1.17264457944041
"GTCTCAAAGCAACCAC-1","6","Syp",0
"GTCTCAAAGGTGGCAA-1","0","Syp",0.78952797749153
"GTCTCAAAGGTTCGTA-1","0","Syp",1.52164193952807
"GTCTCACCAATAGCGT-1","4","Syp",1.02933664446427
"GTCTCCGCAGCATGAT-1","8","Syp",0
"GTCTGGACAGCCTAAG-1","5","Syp",0.760194792242896
"GTGAAATGTGCGCGAA-1","2","Syp",0
"GTGAAATGTTTGGCAT-1","0","Syp",0
"GTGAACAGTCAGCCTA-1","0","Syp",1.4979752937155
"GTGAACAGTGGCGTTC-1","1","Syp",0.678668352003155
"GTGAAGGTCATCAGCA-1","6","Syp",0
"GTGAATCCAAACTTGA-1","2","Syp",0
"GTGAATGGTTGTGCCA-1","0","Syp",0
"GTGACGAAGATTGAGA-1","1","Syp",0.629531723827837
"GTGACGAAGTAGAGAC-1","1","Syp",0
"GTGACGTTCCTGTAAG-1","13","Syp",0.539861013722923
"GTGACTATCACCCTTG-1","4","Syp",0.471712433009897
"GTGACTATCATGGCCG-1","0","Syp",0
"GTGAGCGGTTCGGTCA-1","7","Syp",0.925631492455476
"GTGAGGATCACTTGCT-1","12","Syp",0
"GTGAGGATCATGTAAC-1","9","Syp",0
"GTGATAGGTTGGAGCG-1","4","Syp",0.509495836335989
"GTGATGGAGAAGGGAA-1","7","Syp",0.966173296993602
"GTGATGGAGCGAGGTA-1","2","Syp",0
"GTGATGGAGGTTACTG-1","4","Syp",0.632826017904375
"GTGATGGAGTGCTGGT-1","0","Syp",0
"GTGATTTAGGATGTGG-1","14","Syp",0
"GTGCAATCAATACCGG-1","3","Syp",0
"GTGCAATCATCCAAGG-1","5","Syp",0
"GTGCACTAGTCGCTAA-1","1","Syp",0.576630892941406
"GTGCAGCCAGGATCAT-1","0","Syp",0
"GTGCCATAGATTAAGG-1","3","Syp",0
"GTGCCATAGATTGACT-1","15","Syp",0
"GTGCCATAGCGAATCC-1","0","Syp",0.981767720875517
"GTGCCATAGTAATCGT-1","4","Syp",0
"GTGCCCAAGCCAGATC-1","2","Syp",0
"GTGCGAGGTATGTGCT-1","3","Syp",0
"GTGCGAGGTGCGGATG-1","1","Syp",0
"GTGCGAGGTTCGCGGT-1","0","Syp",0.626678134441205
"GTGCGAGGTTTAGGTC-1","0","Syp",0
"GTGCGAGGTTTCCGCT-1","4","Syp",0.598582502180795
"GTGCGAGGTTTCCTTG-1","0","Syp",0.940412070393592
"GTGCGATTCGATCACA-1","3","Syp",1.57757515142955
"GTGCGCATCACGCACG-1","8","Syp",0.730425136085575
"GTGCGCATCGACCAAC-1","4","Syp",0
"GTGCGGTCAAAGGTCT-1","6","Syp",0
"GTGCTATGTCTAGTCG-1","0","Syp",1.07263680226485
"GTGCTATGTGACGAAC-1","0","Syp",0
"GTGCTCAGTCTGGTTG-1","0","Syp",0
"GTGCTCAGTTGCCTCT-1","0","Syp",0.910140165562721
"GTGGAACGTGGCCTGT-1","0","Syp",1.47563657784546
"GTGGATAGTTGAGTTC-1","0","Syp",0
"GTGGATTCATGCGTCT-1","7","Syp",0.801261547367345
"GTGGCAGGTAGCCCGT-1","1","Syp",0.738320628867977
"GTGGCGAGTAGCTGGG-1","0","Syp",1.62214470053618
"GTGGCGAGTATGGTTC-1","0","Syp",0
"GTGGCGAGTCATCCGA-1","7","Syp",1.57641729571747
"GTGGCGAGTGCATCTG-1","0","Syp",0.692148678230356
"GTGGCGAGTGGCTCTA-1","0","Syp",0
"GTGGGCAGTTCGGTGC-1","4","Syp",1.33166048093407
"GTGGGTAAGCCACAGT-1","0","Syp",0
"GTGGGTAAGGTCGTAC-1","0","Syp",0
"GTGGGTTTCCCGCGAA-1","0","Syp",0.731486310955894
"GTGGGTTTCTATGGAT-1","1","Syp",0
"GTGGTAAGTTCGTAAC-1","0","Syp",0
"GTGGTGAAGCAAGCTC-1","0","Syp",1.30581712252965
"GTGGTGAAGCCTGGAT-1","12","Syp",0
"GTGGTGAAGGCGATTC-1","6","Syp",0
"GTGGTGAAGTTAGCTG-1","8","Syp",1.28523534311701
"GTGGTTATCCCCATTG-1","7","Syp",0
"GTGGTTGCACTTGCTA-1","0","Syp",0.911784539435766
"GTGTAACCAATAGCAC-1","1","Syp",1.48441580486201
"GTGTAACCACCTTGCG-1","3","Syp",0
"GTGTAACCATTCGGGA-1","2","Syp",0
"GTGTAACCATTGCACC-1","1","Syp",0.903058024607581
"GTGTAAGGTGAGGAGA-1","6","Syp",0
"GTGTCCCTCCTCAGTT-1","0","Syp",0
"GTGTCCCTCTATCGGA-1","1","Syp",0.986489289504398
"GTGTCCTCAATCTGAA-1","9","Syp",1.95975120046718
"GTGTCCTCATCCCGAT-1","0","Syp",0
"GTGTCCTCATTACATC-1","8","Syp",0.559819435368829
"GTGTGGCCAAACTCGG-1","8","Syp",0.654207207528118
"GTGTGTTGTGCGGATG-1","2","Syp",1.00193382860133
"GTGTTATAGTCAGTGC-1","0","Syp",0
"GTGTTCAAGCTTAGGC-1","0","Syp",0
"GTGTTCCCAAGTAACC-1","1","Syp",0.914375022476016
"GTGTTCCCAGCCTAGA-1","12","Syp",0
"GTGTTCCCATTGGCGA-1","8","Syp",0
"GTTAACTAGCGATGAG-1","5","Syp",0.849513504498643
"GTTAACTAGGTACCAC-1","1","Syp",0.849283730812611
"GTTAAGCCACTATGGG-1","0","Syp",0.754659660642424
"GTTAATGCAACGGCTA-1","7","Syp",0.587360316569078
"GTTAATGCATAACGCG-1","1","Syp",0.51299499630246
"GTTACCAAGATTCCAG-1","3","Syp",0
"GTTACCCCAAGTTAGC-1","5","Syp",0.418741810942864
"GTTACCCCATCGAAGT-1","2","Syp",0
"GTTACCTTCAGCTCGG-1","7","Syp",0
"GTTACTTCAATATGCA-1","2","Syp",0
"GTTAGAGGTATTGGGA-1","0","Syp",0.911873605370375
"GTTAGAGGTTCGTCCT-1","0","Syp",0
"GTTAGAGGTTGCGACC-1","3","Syp",0
"GTTAGAGGTTTACTGA-1","2","Syp",0
"GTTAGATTCCGTGCTC-1","0","Syp",0
"GTTAGCATCAGTATCG-1","2","Syp",0
"GTTAGCCAGCGATGGA-1","0","Syp",0.897510837222559
"GTTAGCCAGTAGGAAC-1","8","Syp",0
"GTTAGGCTCGCTCATT-1","12","Syp",0
"GTTAGGCTCTAGTCTC-1","6","Syp",0
"GTTAGTTAGTGATTAC-1","3","Syp",0
"GTTATCAGTTCAAGGA-1","0","Syp",0.773531071784562
"GTTATCCTCCCTGTGC-1","0","Syp",0.558535787616585
"GTTCAATAGTAGTCAT-1","2","Syp",0
"GTTCAATAGTCGATTG-1","3","Syp",0
"GTTCACAAGGTAGGTG-1","9","Syp",0
"GTTCACTTCATCAAGT-1","15","Syp",0
"GTTCAGGCACATGCAG-1","3","Syp",0
"GTTCATGAGCATATAC-1","9","Syp",0
"GTTCATTCAATCCCGT-1","5","Syp",0.743838615791974
"GTTCATTCACATGAAC-1","0","Syp",0.965065420120255
"GTTCCAAAGTGCCAGT-1","12","Syp",0
"GTTCCACCATTAGGCG-1","4","Syp",0.429982122780624
"GTTCCAGGTCAATCGT-1","6","Syp",0
"GTTCCAGGTGGGTTGG-1","4","Syp",0
"GTTCCGGAGGATCATT-1","0","Syp",0.93314618055636
"GTTCCGGAGTAGCGTC-1","0","Syp",0
"GTTCGAATCCATCACT-1","3","Syp",0
"GTTCGATGTGATCCCA-1","0","Syp",0
"GTTCGCCTCACTCAGA-1","2","Syp",0.605039366125648
"GTTCGTTTCTGTGGAC-1","1","Syp",0.67505154134594
"GTTCTAAGTGAGGAAG-1","10","Syp",0
"GTTCTCACAGCCAAGC-1","6","Syp",0
"GTTCTCACATTACCTG-1","2","Syp",0
"GTTGATTAGCGAGTAG-1","11","Syp",0
"GTTGCATGTTTACAGC-1","1","Syp",0
"GTTGCCAGTCCCGAGT-1","0","Syp",0
"GTTGCCCTCCGTAAGC-1","7","Syp",0
"GTTGCCCTCTGGTCGG-1","6","Syp",0
"GTTGCCCTCTGTGCCC-1","3","Syp",0
"GTTGCCTCATGCTGTC-1","0","Syp",0
"GTTGCGCGTCTAATTG-1","9","Syp",0
"GTTGCTGGTGGACCCT-1","5","Syp",0
"GTTGCTGGTTAGTACC-1","0","Syp",1.48514195378036
"GTTGGTTGTTGTAGAG-1","10","Syp",0
"GTTGTGATCACATGGC-1","0","Syp",0
"GTTGTGATCGTGAGAG-1","0","Syp",0
"TAAACGGGTTAGCACT-1","0","Syp",1.48444219563099
"TAAACGTTCGAATGGG-1","1","Syp",0
"TAAATCGCAAGCACTG-1","2","Syp",0
"TAAATCGCATCACAGG-1","0","Syp",0.854098059477802
"TAAATCGCATGAGTGT-1","0","Syp",0
"TAAATGCTCAGCCATA-1","11","Syp",0
"TAAATGCTCCGCAGAT-1","7","Syp",0
"TAAATGCTCCTCACGC-1","1","Syp",0.949383705251185
"TAACACTAGCGCTCTC-1","1","Syp",0
"TAACACTAGTAAGTTC-1","2","Syp",0.719284648319506
"TAACCAACAACTAATG-1","12","Syp",0
"TAACCAACACATAGTA-1","2","Syp",1.24825749503244
"TAACCATAGGTACTAT-1","0","Syp",0
"TAACGAGGTGGCGACA-1","0","Syp",0.949545584229791
"TAACGAGGTTCCGTCT-1","4","Syp",1.32784381158099
"TAACGGCTCTAGTACG-1","0","Syp",0
"TAACTAGCACTTGGTC-1","2","Syp",0
"TAACTCCTCACTCTCG-1","1","Syp",0
"TAACTCCTCGATCAAT-1","2","Syp",0
"TAACTCCTCGCTCATT-1","6","Syp",0
"TAACTGACACTTGATT-1","9","Syp",0
"TAAGCAAAGGAGGACC-1","0","Syp",0
"TAAGCAGGTTATGACC-1","2","Syp",0
"TAAGCCTGTAGCCTGC-1","0","Syp",0.567683416745173
"TAAGCCTGTGAGGTCG-1","6","Syp",0
"TAAGCGAGTCATCGCA-1","7","Syp",1.38856740957897
"TAAGCGCTCAGTAGTT-1","0","Syp",0
"TAAGCGGAGGCATGTC-1","0","Syp",0
"TAAGGATGTCATTCGG-1","8","Syp",0
"TAAGGATGTCCATATA-1","7","Syp",0.497131043109233
"TAAGGATGTTAGAGAT-1","9","Syp",0
"TAAGGCGAGATTAGTC-1","9","Syp",0
"TAAGGCTCAATACAGC-1","11","Syp",0
"TAATCAGCAAACTGCG-1","0","Syp",1.96765013569172
"TAATCAGCATAAGCGT-1","7","Syp",0
"TAATCCCTCACCCTAT-1","1","Syp",0.559787270401761
"TAATCCCTCGAGGTCT-1","0","Syp",0.754719371402802
"TAATCCCTCTAATCCC-1","4","Syp",0
"TAATCCTCATAGGTCG-1","9","Syp",0
"TAATGAGAGCGATGGA-1","2","Syp",1.23259922757642
"TAATGAGAGTACCAGC-1","4","Syp",0
"TAATGGGGTCAAGGGT-1","4","Syp",0
"TAATGGTTCACCATAG-1","0","Syp",0
"TAATGGTTCATGCAGC-1","7","Syp",0.369249092162816
"TAATGTCAGCGAGGAC-1","0","Syp",0
"TAATTCCCAACATACA-1","4","Syp",0
"TAATTCCCACCAATCC-1","3","Syp",0
"TACAACTAGTAAGTTC-1","1","Syp",0.57462138135221
"TACAACTAGTTAGTAC-1","2","Syp",0
"TACAAGCCATCCCGAT-1","12","Syp",0
"TACAAGCCATGCTCCG-1","3","Syp",0
"TACAAGGGTTGGAAGC-1","11","Syp",0
"TACACAACAGTACCCT-1","0","Syp",0.760073558878511
"TACACCTTCCAGGCCA-1","2","Syp",0
"TACACTAGTTAGCGAA-1","0","Syp",0
"TACACTAGTTGGGACG-1","8","Syp",0
"TACACTTCAGCATGAT-1","0","Syp",0.905507998099365
"TACAGCCAGAAGGAGA-1","2","Syp",0.765446447417648
"TACAGCCAGCGCATGT-1","1","Syp",0.542320942009336
"TACAGCGCAAACTTAG-1","8","Syp",0
"TACAGCGCAACATCGG-1","0","Syp",0.543680687584582
"TACAGGCTCACGCTAA-1","0","Syp",1.71419052741374
"TACAGGCTCAGCGACT-1","8","Syp",0
"TACAGGCTCATCGAAT-1","1","Syp",0.9292952651569
"TACATAGCAGCTAAGT-1","0","Syp",0
"TACATCAGTAATGACG-1","4","Syp",0.415809290962288
"TACATCCTCCTTAACC-1","1","Syp",0.704228471200484
"TACCAAGTCAGCCAGT-1","0","Syp",0
"TACCAAGTCGTCTCCA-1","0","Syp",0
"TACCACAAGTAATCAC-1","2","Syp",0.819709903868375
"TACCACAAGTACGCAC-1","14","Syp",0
"TACCAGGCACTTCGCG-1","9","Syp",0
"TACCATAGTTAGCGAA-1","1","Syp",0
"TACCATTCACCTACGT-1","0","Syp",1.84777549747121
"TACCATTCACTCATAT-1","0","Syp",0
"TACCCAAAGCGAACCT-1","0","Syp",1.10762620682353
"TACCCAAAGTTAATGC-1","1","Syp",0
"TACCCAGGTCAACGAA-1","0","Syp",0.716809264612823
"TACCCAGGTGATTCCG-1","7","Syp",0
"TACCCAGGTTCGGCTA-1","2","Syp",0
"TACCCAGGTTGACCGC-1","5","Syp",0.680732585039889
"TACCCATTCACGTTGA-1","0","Syp",1.10350276535422
"TACCCATTCCCAGTCC-1","6","Syp",0
"TACCCATTCGTGCTCC-1","9","Syp",0
"TACCCCATCCGTCCTA-1","2","Syp",0
"TACCCCTGTAGTAGCA-1","2","Syp",0.971856142896383
"TACCCCTGTGCAATTC-1","1","Syp",0
"TACCGACAGTTAACGT-1","0","Syp",0.576528365944761
"TACCGGACAACCTGAG-1","15","Syp",0
"TACCGGACACATACGG-1","2","Syp",0.681455737272177
"TACCGGACAGGCAGGA-1","0","Syp",0
"TACCGGACAGTTGGTG-1","2","Syp",0
"TACCGGACATGGAATC-1","0","Syp",1.01915477462922
"TACCGTCCATAGACGT-1","1","Syp",0.922059310713215
"TACCTAAGTAGCTATC-1","4","Syp",0
"TACCTAGAGGGTGAAT-1","1","Syp",0
"TACCTCACAACGTGAT-1","8","Syp",0.762322955177336
"TACCTCACATAACTTC-1","3","Syp",0
"TACCTCACATTACGGG-1","0","Syp",0.996081200928622
"TACCTCCGTCAGCCTA-1","5","Syp",0
"TACCTCCGTTGAAGCA-1","10","Syp",0
"TACCTGAAGTTAGCCA-1","2","Syp",0
"TACCTGTTCAGTTGCA-1","7","Syp",0.63415373164177
"TACGAAGGTTGGGCAG-1","4","Syp",0.994146717892255
"TACGAGGAGAAGCTCC-1","0","Syp",0
"TACGATTAGCCAGCCA-1","3","Syp",0.511894570954896
"TACGCAATCACACCTT-1","0","Syp",0
"TACGCAATCATGGTAT-1","7","Syp",0
"TACGCAATCGTTAGGC-1","3","Syp",0
"TACGCATGTTCCTGCT-1","0","Syp",0
"TACGCATGTTTACTAG-1","9","Syp",0
"TACGCCTCAATCGCAG-1","7","Syp",0
"TACGCCTCAGTACCTC-1","1","Syp",0
"TACGCCTCATCGCGTT-1","0","Syp",0
"TACGCTAAGGAATTAG-1","8","Syp",0
"TACGGTTGTTGGATTC-1","2","Syp",0
"TACGTAGTCCCCAATT-1","5","Syp",0
"TACGTAGTCCCGTAGG-1","3","Syp",0
"TACGTCAAGCAACTGC-1","3","Syp",0
"TACGTCAAGCTATGCA-1","1","Syp",0.598471784899142
"TACGTCAAGGAGTAAC-1","7","Syp",0
"TACGTTGAGCCAGATC-1","1","Syp",2.11531206598792
"TACGTTGAGGATAGCG-1","6","Syp",0
"TACGTTGAGTGCCGTG-1","9","Syp",0
"TACTATGGTATTGCGT-1","13","Syp",0
"TACTCATCAACTCGCT-1","3","Syp",0
"TACTCCACATGGATAC-1","2","Syp",0
"TACTCGCCAAACTGAC-1","11","Syp",0
"TACTGGATCTAGTTCC-1","1","Syp",0.56201558677235
"TACTGTGAGCAGGCAA-1","13","Syp",0.95580692783618
"TACTGTGAGGTAAGCG-1","1","Syp",0
"TAGCACGCAAGCTCTC-1","2","Syp",0
"TAGCACGCAATTAGCA-1","4","Syp",0.488677820057592
"TAGCACGCATCCGCTG-1","10","Syp",0
"TAGCAGTCATGATATG-1","1","Syp",1.01875882853953
"TAGCATTAGAATCAAG-1","1","Syp",0
"TAGCATTAGCCTTCCA-1","15","Syp",0
"TAGCATTAGGCACTGT-1","2","Syp",0
"TAGCATTAGTATGTGT-1","8","Syp",0
"TAGCCAATCTGGCTCC-1","5","Syp",0
"TAGCCAGCATGGTGCA-1","5","Syp",0.73525418749937
"TAGCCCTCACCATCAC-1","0","Syp",0.684315685213544
"TAGCCCTCACCTCGTG-1","7","Syp",0.289038481692426
"TAGCCCTCACTTGACC-1","0","Syp",0
"TAGCCTGGTAGTCCTG-1","3","Syp",0
"TAGCGGTTCAAGTGAA-1","7","Syp",1.05977618945391
"TAGCGGTTCCATCATC-1","0","Syp",1.36579972561463
"TAGCGGTTCCTGTGAA-1","0","Syp",0.700272561289123
"TAGCGGTTCCTTCGCA-1","0","Syp",0
"TAGCGGTTCGCTCCAC-1","1","Syp",1.5322213959964
"TAGCTAGTCACTCAGA-1","5","Syp",0
"TAGCTCCCATCACTGC-1","4","Syp",0
"TAGCTGATCCCGCTGT-1","2","Syp",0.875783857890112
"TAGCTGATCCGTGGCA-1","14","Syp",0
"TAGGAGTAGAAGGGCC-1","2","Syp",0
"TAGGATGGTGATGCGG-1","9","Syp",0
"TAGGATGGTGGGTACG-1","1","Syp",0.732410473221377
"TAGGATGGTTACACGT-1","0","Syp",0.68097345864839
"TAGGCCACATAACTAG-1","0","Syp",0.700017282343822
"TAGGCTGCAGGTAGTT-1","6","Syp",0
"TAGGCTGCATGGTTCC-1","7","Syp",0
"TAGGCTTGTAAGGGTC-1","4","Syp",1.07011295053899
"TAGGCTTGTAGGCGAT-1","2","Syp",0.732606821241411
"TAGGCTTGTAGTTGAG-1","0","Syp",0.607046301675646
"TAGGGGATCTGTCTGT-1","0","Syp",0.510372701074814
"TAGGGTAGTGCACGAG-1","0","Syp",0.5882136503911
"TAGGGTGAGCCACTAA-1","5","Syp",0.995650612617781
"TAGGGTGAGGATGTGG-1","0","Syp",1.67363346399332
"TAGGGTTCAGTTGGAT-1","7","Syp",0.896135374162459
"TAGGTAGGTGACTTCG-1","0","Syp",1.15399828555234
"TAGTACCGTTTCGCAG-1","4","Syp",0.811277595245076
"TAGTAGCCAACCTACC-1","7","Syp",0.680925269767706
"TAGTCCTTCCAATGCA-1","0","Syp",0
"TAGTCCTTCCATCCAT-1","14","Syp",0
"TAGTCCTTCTAGCCGG-1","3","Syp",0
"TAGTCCTTCTGGCACG-1","6","Syp",0
"TAGTGAGGTGAGACCG-1","4","Syp",0.814418186268047
"TAGTGGCTCATGCCGG-1","1","Syp",0.875252960571228
"TAGTGGCTCCCCTGTA-1","0","Syp",0
"TAGTGTTAGGCTCAGT-1","0","Syp",1.8394176064442
"TAGTTAGCAGCCAAGC-1","8","Syp",1.67246144572645
"TAGTTCCTCGCTATGA-1","7","Syp",0
"TAGTTTCCACATTCCA-1","0","Syp",0
"TATACAGCAGTACCCT-1","5","Syp",0
"TATACAGCATTCGGGA-1","4","Syp",0
"TATACCCTCGTCTCGC-1","4","Syp",0.489287585936249
"TATACCTCAATCATCT-1","2","Syp",0
"TATAGGCCAAAGGGTA-1","2","Syp",0
"TATAGGCCAAGCCAAT-1","4","Syp",0.374736067981334
"TATAGGCCAATCGAGT-1","0","Syp",1.0864941214069
"TATAGGCCAATCTGGG-1","3","Syp",0
"TATAGGGGTTTCCGTC-1","0","Syp",0
"TATAGGTTCACATGGC-1","5","Syp",0.863942226744074
"TATATCCCATGGCGAC-1","4","Syp",0
"TATCACCTCCTCTAAC-1","3","Syp",0
"TATCAGGTCACAGCGT-1","4","Syp",0
"TATCAGGTCGCATACA-1","10","Syp",0
"TATCAGGTCTATCTCA-1","0","Syp",0.792030671777798
"TATCAGTAGCATCAAT-1","0","Syp",0
"TATCAGTAGGATGGTG-1","2","Syp",0
"TATCATGGTAGTCATC-1","1","Syp",0
"TATCCAAGTGCAGCGA-1","5","Syp",0
"TATCCCACACCTCAGT-1","4","Syp",0.3816247877593
"TATCCCACAGGCTAAT-1","7","Syp",0.939651527936557
"TATCCGCCATGGTCAG-1","7","Syp",0
"TATCCGTTCTAACTCC-1","0","Syp",1.38839804333823
"TATCCTTGTGGCAGTG-1","5","Syp",0
"TATCCTTGTTCCCAGA-1","9","Syp",0
"TATCGAACAACCAGAT-1","2","Syp",0
"TATCGAACAAGCCATG-1","2","Syp",0
"TATCGAACAAGTATCA-1","5","Syp",0.786455444820588
"TATCGAACATAGAGGA-1","4","Syp",0.390203510192801
"TATCGGGCATGCGCTT-1","4","Syp",0.763238852633598
"TATCGTAGTTGAGCCC-1","3","Syp",0
"TATCGTTCAATTGGTA-1","5","Syp",0.739348724854567
"TATCTCATCGTAACTG-1","8","Syp",0
"TATCTCATCTTGAACG-1","8","Syp",0.774664629072313
"TATCTGCTCAGCATTG-1","2","Syp",0
"TATCTGCTCCGCACCT-1","7","Syp",0.352461558639033
"TATCTGCTCTCACATC-1","0","Syp",0
"TATCTTGTCCGCGTAG-1","6","Syp",0
"TATGACTAGTAGTAAG-1","8","Syp",0.797153451185296
"TATGAGAAGGTTACAT-1","0","Syp",0
"TATGAGGGTTAGCTCG-1","2","Syp",0
"TATGATGCACATAGGT-1","0","Syp",0.735028101844139
"TATGCCCCAAACCAGT-1","3","Syp",0
"TATGCTAGTGAGCGCA-1","3","Syp",0
"TATGCTAGTTAACGTC-1","5","Syp",0.776371518594846
"TATGCTAGTTGCGGCT-1","8","Syp",0
"TATGGCCAGGCACGTT-1","0","Syp",0.552081979762561
"TATGGCCAGTGAACTT-1","11","Syp",0
"TATGGCCAGTGCCGTG-1","0","Syp",0
"TATGGCTGTAGTGATG-1","0","Syp",0
"TATGGGTCAAGCTCAG-1","7","Syp",0.603477415927898
"TATGGGTCAATCCATT-1","0","Syp",0
"TATGGTTAGGAACCAG-1","1","Syp",0.643997581039229
"TATGGTTAGGTTCGGT-1","1","Syp",0.598029337173068
"TATGGTTAGTCGACGT-1","12","Syp",0
"TATGTTGGTTGGAAGC-1","1","Syp",0.76165275970754
"TCAAACTAGGGTACGA-1","0","Syp",0
"TCAACCAAGATTCAAC-1","4","Syp",0.888565608903622
"TCAACCAAGCATCACA-1","0","Syp",0
"TCAACCAAGCGATTGC-1","6","Syp",0
"TCAACCAAGGTACCCG-1","2","Syp",0
"TCAACCAAGGTACTGC-1","3","Syp",0
"TCAACTGAGGCGTAAG-1","11","Syp",0
"TCAATCCTCAGCAGTC-1","1","Syp",1.11501054201186
"TCAATCCTCGATCGCG-1","1","Syp",0.695706973159051
"TCAATCTCATCACGAG-1","13","Syp",0
"TCAATTGGTTAGCCCA-1","4","Syp",0
"TCAATTGGTTTACCGG-1","1","Syp",0.499259380414568
"TCACAATAGCGCTGAT-1","6","Syp",0
"TCACAATAGGTTGGAG-1","4","Syp",1.3420085476202
"TCACACAAGCCCTGGA-1","0","Syp",0.557704649906645
"TCACACCCAAGGGTCC-1","1","Syp",0
"TCACACGGTCATTGCG-1","4","Syp",0.466468412985971
"TCACACGGTTTCACTT-1","0","Syp",0.49080652392207
"TCACAGGCACTAATGA-1","0","Syp",0.824067668376799
"TCACATAGTCTGGTGC-1","3","Syp",0
"TCACATAGTGCAGGAT-1","2","Syp",0
"TCACATGAGCCATCCC-1","3","Syp",0
"TCACATGAGTTGGGCT-1","5","Syp",1.39910484519709
"TCACCATTCACACATG-1","0","Syp",0
"TCACCGCTCATCATCC-1","6","Syp",1.1039742318095
"TCACGAATCCATATCC-1","2","Syp",0
"TCACGACAGGTACGTC-1","0","Syp",0.787629184918103
"TCACGACAGTCGACAC-1","0","Syp",1.29471143721789
"TCACGATGTCAAGGGT-1","0","Syp",0
"TCACGCCTCCACGGAT-1","4","Syp",0.508489918276896
"TCACGCCTCCTTCAGT-1","0","Syp",0
"TCACGGACAGCAGGAG-1","1","Syp",0.779106262318108
"TCACGGGTCCGTAGGT-1","8","Syp",0.517746815015246
"TCACGTCCATGCTGAG-1","1","Syp",0.666965788404635
"TCACGTTTCCGGATAC-1","2","Syp",0
"TCACTCCGTAATCCGT-1","4","Syp",0.869538401219051
"TCACTGTTCCAGATGC-1","16","Syp",0
"TCACTTATCCTTCAAC-1","4","Syp",0.925049381036176
"TCAGAGGAGCAATCCA-1","2","Syp",0
"TCAGCAATCGATATAC-1","3","Syp",0
"TCAGCAATCGTTACTC-1","0","Syp",0.913301193025789
"TCAGCCAGTTACACGT-1","1","Syp",1.17530791500912
"TCAGCGCGTCAGCCAC-1","6","Syp",0
"TCAGCGCGTTGCTCCT-1","5","Syp",0
"TCAGGTCAGCCTGTCC-1","0","Syp",0
"TCAGGTCAGGAATGAC-1","2","Syp",0
"TCAGGTTGTTAGCTGT-1","2","Syp",1.1892661492317
"TCAGTAACACCTTAAT-1","4","Syp",0.612878917455206
"TCAGTAACAGTTGACG-1","7","Syp",0.557736569820248
"TCAGTAACATCCGGTT-1","11","Syp",0
"TCAGTAACATTACCTG-1","0","Syp",0.708702140115139
"TCAGTAGTCAGCAGTC-1","10","Syp",0
"TCAGTAGTCTATCTGC-1","0","Syp",0
"TCAGTCAAGAAGCGGC-1","5","Syp",0.873054998232517
"TCAGTCAAGCTGGATC-1","3","Syp",0
"TCAGTCAAGTATGACT-1","1","Syp",0
"TCAGTTGAGGCGATGA-1","15","Syp",0
"TCAGTTGAGTGCGCTG-1","9","Syp",0
"TCAGTTGAGTGGGTCT-1","4","Syp",0.418350753691168
"TCATAACAGTCATCAG-1","4","Syp",1.15960162109072
"TCATAGGTCCAGCCCT-1","9","Syp",0
"TCATAGGTCCCCTGTA-1","1","Syp",0.654162863548598
"TCATAGGTCCGTAAGC-1","13","Syp",0
"TCATATGGTAGTGAGC-1","6","Syp",0
"TCATATGGTGGCAGCA-1","1","Syp",0
"TCATATGGTTGACGAA-1","2","Syp",0
"TCATCAAGTAGTGCCC-1","3","Syp",0
"TCATCATCAGGACTGC-1","3","Syp",0
"TCATCGTTCCCGCTGT-1","0","Syp",0.626313181085897
"TCATCGTTCTATGTGG-1","8","Syp",0.999431968578476
"TCATCTATCCGCAAGT-1","0","Syp",1.02898983583195
"TCATCTATCGATATGT-1","0","Syp",0
"TCATGCAAGGATGCAG-1","7","Syp",0.849590125001239
"TCATGCAAGTTGGCCG-1","0","Syp",0.533256210320347
"TCATGGATCGTTAGCA-1","0","Syp",1.4660807111218
"TCATGGGCAGCTAACG-1","0","Syp",0.790908985793254
"TCATGGGCAGGATTAC-1","0","Syp",0
"TCATGTGAGGATCCCG-1","8","Syp",0
"TCATGTTCATTCATGT-1","7","Syp",0
"TCATTCGCATTAGCGG-1","15","Syp",0
"TCATTGCTCAGCAACC-1","1","Syp",0.616544131602954
"TCATTGCTCATGCAGC-1","12","Syp",0
"TCCAACTTCCATCGTT-1","1","Syp",0.713925943661426
"TCCAACTTCGAACCGT-1","0","Syp",0
"TCCAAGGCACCAGGAC-1","4","Syp",0
"TCCAATAGTTAGCATC-1","5","Syp",1.27306854236078
"TCCAATAGTTATGGAG-1","4","Syp",0
"TCCAATTCAGTAAGGA-1","1","Syp",0
"TCCACACCAATAGCAC-1","2","Syp",0.61474488392259
"TCCACACCAATGAGTC-1","2","Syp",0
"TCCACACCACTCAATT-1","4","Syp",0.326000357181022
"TCCACACCATCCCAGT-1","7","Syp",0.506005860045106
"TCCACATTCGCGCGTA-1","4","Syp",0.794783014020278
"TCCACCATCTAGTTCC-1","6","Syp",0
"TCCACCGCACCTTACA-1","1","Syp",0.891950828852708
"TCCACCTGTTAAGGGC-1","0","Syp",0.750209365486756
"TCCACTTAGAACCTTG-1","3","Syp",0
"TCCAGCTCACCTGCAT-1","3","Syp",0
"TCCAGCTCACTCAATT-1","2","Syp",0
"TCCAGCTCATTACATC-1","0","Syp",0
"TCCAGGCGTAGTCCTG-1","2","Syp",0
"TCCAGGTAGTTGCACA-1","5","Syp",0
"TCCAGTTTCGTGCTAA-1","6","Syp",0
"TCCATCCGTAGTCAGA-1","1","Syp",0.66220090105109
"TCCATCCGTCTAAGCT-1","4","Syp",0.73992118342214
"TCCATCCGTCTGTGCA-1","5","Syp",0
"TCCATGAAGTAGCAGG-1","2","Syp",0.798899009077392
"TCCATGGGTAGTGCGG-1","7","Syp",0
"TCCATGGGTTTCGGGC-1","0","Syp",0
"TCCATTATCGAACGGA-1","1","Syp",0.852281100215496
"TCCATTATCGATCACA-1","5","Syp",0.676950124351062
"TCCATTATCGTGACCG-1","4","Syp",0.434670921577096
"TCCCAACCAGCTCATC-1","3","Syp",0
"TCCCAAGGTAAGGTCA-1","4","Syp",0.869860509635282
"TCCCAATTCACCAGTA-1","0","Syp",0
"TCCCACGCAAGGTGCC-1","14","Syp",0
"TCCCACGCACATGCCT-1","0","Syp",0
"TCCCACGCACTTCGCG-1","3","Syp",0
"TCCCAGCTCCTTCGTG-1","2","Syp",0
"TCCCATTAGAAGCTAA-1","3","Syp",0
"TCCCATTAGATTGAGA-1","9","Syp",0
"TCCCCAGCAAACTGAC-1","2","Syp",0
"TCCCCAGCATCACTCA-1","0","Syp",0.882873083104735
"TCCCCTGGTGCACCAC-1","0","Syp",0.71249332828381
"TCCCGTTGTAGCGCCT-1","0","Syp",0.825939985138497
"TCCCGTTGTGGGTCCT-1","2","Syp",0
"TCCCGTTGTTCGATTA-1","6","Syp",0
"TCCCTAACAATGCGTG-1","2","Syp",0
"TCCCTAACACAGGATT-1","1","Syp",0.441080089202828
"TCCCTAACAGGGCTAC-1","0","Syp",1.2657098870653
"TCCCTGATCAGGAGTG-1","10","Syp",0
"TCCCTTAGTAACCGGG-1","1","Syp",0
"TCCTAATCAACTTAGA-1","5","Syp",1.24241374783911
"TCCTAGAAGATTAACC-1","3","Syp",0
"TCCTAGAAGGTGAGCA-1","0","Syp",1.24127569894205
"TCCTATTGTTCGTAAC-1","1","Syp",0.98434978200786
"TCCTCGATCCGCTACC-1","2","Syp",0
"TCCTCGATCGTTCATC-1","10","Syp",0
"TCCTCTTCAACCCTAC-1","1","Syp",0.85842196119403
"TCCTCTTCAATATGGC-1","0","Syp",0
"TCCTGACCAAACTGGT-1","1","Syp",0.965669377314345
"TCCTGACCATAACTTC-1","6","Syp",0
"TCCTGCATCTGTAAGT-1","1","Syp",0
"TCCTGTTAGGTCCAGT-1","0","Syp",0
"TCCTGTTAGTACGGAG-1","5","Syp",0
"TCCTTATGTAACGAAT-1","8","Syp",0.648929991901209
"TCCTTCCTCAGCACGT-1","3","Syp",0
"TCCTTCCTCAGGAGAT-1","1","Syp",0.816455749079109
"TCCTTCCTCATCACTC-1","3","Syp",0
"TCCTTCCTCCCATATC-1","2","Syp",0
"TCCTTCCTCTGTCAAG-1","0","Syp",0
"TCCTTCTCAAGGTCGC-1","0","Syp",0
"TCCTTCTCAAGTGAAG-1","14","Syp",0
"TCCTTGGTCCGCCATC-1","14","Syp",0
"TCCTTTGGTTCGTATA-1","9","Syp",0
"TCCTTTGGTTGCCTCT-1","4","Syp",0
"TCGAATGTCCAGCCCT-1","16","Syp",0
"TCGAATTAGGCTCCAG-1","6","Syp",0
"TCGAATTAGGTGACTC-1","0","Syp",0
"TCGACCTCAATGCCAG-1","6","Syp",0
"TCGACCTCACTTGATT-1","4","Syp",0.512216147040639
"TCGACTGGTCTCCAGA-1","4","Syp",0.676878727473697
"TCGAGGTTCGAGTACC-1","2","Syp",0
"TCGAGGTTCGTCTAAG-1","0","Syp",0
"TCGAGGTTCTCACATC-1","3","Syp",0
"TCGATAGTCGCGTCCT-1","2","Syp",0
"TCGATCAAGATACTCG-1","9","Syp",0
"TCGATTAGTTGACCAT-1","0","Syp",1.03049451053739
"TCGATTGAGGTGGCTT-1","7","Syp",0
"TCGATTTCACTCATCA-1","0","Syp",0
"TCGCAAATCCGGAGTT-1","8","Syp",1.38873682358354
"TCGCAAATCTGTGATG-1","0","Syp",0.731150855444003
"TCGCAACAGTCGATAT-1","7","Syp",0.42425901292844
"TCGCAGACATCCATGC-1","0","Syp",0.779106262318108
"TCGCATCCAAACTTGA-1","5","Syp",0
"TCGCATCCATCCAAGG-1","0","Syp",0
"TCGCATGGTGACGAAC-1","2","Syp",0
"TCGCATGGTTGCTCCT-1","3","Syp",0
"TCGCCATCAAATCGTA-1","0","Syp",0
"TCGCCTATCCGCTGGA-1","2","Syp",0
"TCGCCTGCAACCTCAC-1","1","Syp",0.67986690305448
"TCGCCTGCAAGGGACG-1","0","Syp",0.821133309338827
"TCGCCTGCACTAGTCC-1","2","Syp",0
"TCGCGATAGGGTCCAT-1","6","Syp",0
"TCGCGATAGTGCTGTA-1","0","Syp",0
"TCGCTCGCATAGATCA-1","4","Syp",1.23784660957458
"TCGCTCTGTCTGGCTA-1","0","Syp",0
"TCGCTGCTCCCGCAGA-1","3","Syp",0
"TCGCTTACAGCTACTC-1","0","Syp",0.876029118427685
"TCGCTTACAGGTTGCA-1","6","Syp",0
"TCGCTTGTCAATGTAC-1","2","Syp",1.22456659325814
"TCGCTTGTCTAGTTCC-1","6","Syp",0
"TCGGCCAAGCGAAGTG-1","15","Syp",0
"TCGGCTAGTTAAGTGG-1","6","Syp",1.60148558424361
"TCGGGCATCAAGTAGA-1","3","Syp",0
"TCGGGCATCTCACCGC-1","0","Syp",1.50425242084253
"TCGGGCATCTCACTCG-1","0","Syp",0
"TCGGGGTCAATGGGCC-1","1","Syp",0
"TCGGGTTAGTTAACGT-1","2","Syp",0.878983679461344
"TCGGTAATCAGGGCAA-1","1","Syp",0.619937253897112
"TCGGTAATCGATGACC-1","2","Syp",0.680347555063942
"TCGGTAATCGTTCGTT-1","2","Syp",0
"TCGGTAATCTGGCACG-1","5","Syp",0.698540474713755
"TCGGTATGTAGCAGAC-1","0","Syp",0
"TCGGTATGTTATGACC-1","7","Syp",0.500611857528054
"TCGGTATGTTGGCGCT-1","2","Syp",1.17654765961443
"TCGGTCAGTGAAGGAG-1","5","Syp",0
"TCGGTTAAGGTTGGTC-1","0","Syp",0.754599959773609
"TCGGTTGGTTCCAGAT-1","3","Syp",0
"TCGTAATAGATTCGGC-1","6","Syp",0
"TCGTACCCATGGATTA-1","0","Syp",1.09047893694879
"TCGTACGGTAAGCCAA-1","10","Syp",0
"TCGTACGGTCATGGCC-1","0","Syp",0.845397622285714
"TCGTACGGTGAGTGGT-1","2","Syp",0
"TCGTCACCAACCAGTG-1","4","Syp",0
"TCGTCACCATTCAGGG-1","5","Syp",0
"TCGTCATTCTATCCGT-1","0","Syp",0.689912944627125
"TCGTCCATCACGCGAT-1","0","Syp",0
"TCGTCCATCCCTCTAG-1","3","Syp",0
"TCGTCCATCCGTGTAA-1","10","Syp",0
"TCGTGAATCACGCAGT-1","7","Syp",0.759649560937974
"TCGTGAATCTAATGCG-1","1","Syp",0
"TCGTGATGTTTACGCG-1","2","Syp",0
"TCGTGCCTCACATTGG-1","3","Syp",0
"TCGTGCCTCTATGTCC-1","15","Syp",1.26650242824608
"TCGTGGACAATCCCTA-1","1","Syp",0
"TCGTGGACATAACCGG-1","2","Syp",0
"TCGTGGACATTCGGTC-1","3","Syp",0
"TCGTGTCCAATCTGAA-1","13","Syp",0
"TCGTTAAGTAAGCATG-1","0","Syp",0
"TCGTTAAGTGCGGTTC-1","1","Syp",0.662337361292833
"TCGTTAAGTTCCTTGC-1","1","Syp",0.495923143687642
"TCGTTAAGTTCGTGGC-1","0","Syp",0
"TCGTTCCGTATTGGAG-1","4","Syp",0
"TCGTTGGGTGGGAATC-1","2","Syp",0
"TCGTTTCAGCGACTAC-1","1","Syp",0.586049737939203
"TCGTTTCAGGCAACCT-1","0","Syp",0.84676488235993
"TCGTTTGCATAGATGC-1","2","Syp",1.07314313651703
"TCTAACCTCCGTGCGA-1","4","Syp",0.580346989936255
"TCTAACCTCGAATTAC-1","0","Syp",0.402339717991219
"TCTAACCTCGTTCGGG-1","3","Syp",0
"TCTAATCCAAAGGTGA-1","12","Syp",0
"TCTAATCCACTAAGGT-1","0","Syp",1.30975389972735
"TCTAATCCAGTTAGGT-1","0","Syp",1.11611375288214
"TCTACAAGTCAGTCGC-1","7","Syp",0.884233310919959
"TCTACAAGTGCGTACC-1","3","Syp",0
"TCTACATCAGCAGTAT-1","3","Syp",0
"TCTACGAAGATTCGCA-1","2","Syp",0
"TCTACGGGTAACGCAA-1","0","Syp",0.870263501828717
"TCTACGGGTATGGACA-1","4","Syp",1.66564512701192
"TCTACTATCTGTGCAA-1","6","Syp",0
"TCTACTGCACATTGAA-1","0","Syp",0
"TCTAGCGGTGGCTTCA-1","13","Syp",0
"TCTATAGGTAACGAAT-1","0","Syp",0
"TCTATAGGTTTGGTCG-1","0","Syp",1.33902331277977
"TCTATCGCAAATCGTA-1","0","Syp",0.9206023180086
"TCTATCGCAACTTCAT-1","0","Syp",1.0603927100498
"TCTATCGCACTTCGAC-1","5","Syp",0.639015346160756
"TCTATCGCAGTTAGGT-1","1","Syp",1.51982575374441
"TCTATCTGTTTACCAA-1","0","Syp",0.526105683617458
"TCTATGAGTCATTGGT-1","0","Syp",1.3420085476202
"TCTATGAGTCTGGCAC-1","1","Syp",0
"TCTATGAGTGAAGTCA-1","0","Syp",0
"TCTATGAGTTGCGAGG-1","0","Syp",0
"TCTATGAGTTTCACTT-1","2","Syp",0
"TCTATGCTCACCAGAC-1","2","Syp",0
"TCTATGCTCGCGTCGA-1","10","Syp",0
"TCTATGGAGAAGCATA-1","5","Syp",0
"TCTATGGAGCATGCAC-1","0","Syp",0
"TCTATTGTCACCTACT-1","2","Syp",0
"TCTATTGTCGATGCTA-1","0","Syp",0
"TCTCAATCAAGCTATA-1","6","Syp",0
"TCTCAATCACCAACGA-1","2","Syp",0
"TCTCACTAGATAGGAC-1","0","Syp",0.879643129569817
"TCTCACTAGCCTCTCA-1","3","Syp",0
"TCTCACTAGTAGTCGC-1","1","Syp",0
"TCTCACTAGTGATCGC-1","0","Syp",1.29157767271088
"TCTCATATCCCAGGCA-1","1","Syp",0.774506982097113
"TCTCATCAGTCATCTC-1","6","Syp",0
"TCTCATCAGTTACGGC-1","8","Syp",0
"TCTCATTGTAGCGACG-1","9","Syp",0
"TCTCATTGTTAGGCTT-1","4","Syp",1.2445502677564
"TCTCATTGTTCGTGGC-1","4","Syp",0
"TCTCCATAGAAGGTCG-1","15","Syp",0
"TCTCCATAGCCACTAA-1","10","Syp",0
"TCTCCCAAGTGCAATT-1","0","Syp",1.47998903999921
"TCTCGATTCCTCGACC-1","11","Syp",1.0915951805686
"TCTCGCATCACTCAGA-1","3","Syp",0
"TCTCGCATCCGTGCAG-1","0","Syp",0
"TCTCGCATCGAGTACC-1","2","Syp",0
"TCTCGGCTCGCGTTCC-1","5","Syp",1.2146476785902
"TCTCGGCTCGCTGGAT-1","3","Syp",0
"TCTCGGCTCTGTGATG-1","6","Syp",0
"TCTCTAGCAGGTATCG-1","0","Syp",0
"TCTCTAGCATGGTTGG-1","5","Syp",0
"TCTCTATGTAATCGTC-1","0","Syp",0
"TCTCTGGTCCAATTCC-1","6","Syp",0
"TCTGACAAGTAGGTAA-1","2","Syp",0
"TCTGATAGTATAGTCC-1","5","Syp",0
"TCTGATGAGGCGATTC-1","5","Syp",0.718421625888542
"TCTGCAAAGCCAGGTT-1","1","Syp",0
"TCTGCAAAGGAGTCGA-1","4","Syp",1.14757311586381
"TCTGCAAAGGTAGTAA-1","0","Syp",0
"TCTGCACCAAGCTCAG-1","10","Syp",0
"TCTGCACCATCGGCTT-1","0","Syp",0.608875781538047
"TCTGCAGGTAGCTTCG-1","1","Syp",0
"TCTGCAGGTGCACGCT-1","1","Syp",0.709121306837964
"TCTGCCATCACTAGCA-1","3","Syp",0
"TCTGCCATCAGCGGTT-1","6","Syp",0
"TCTGCCATCAGTTAGT-1","2","Syp",0
"TCTGCCTGTCAGCGGA-1","5","Syp",0
"TCTGCGGAGGGCTCAT-1","2","Syp",0.8361042042107
"TCTGCGGAGGTTGCCG-1","5","Syp",0.639988456287535
"TCTGCGGAGTTGGTGC-1","0","Syp",0
"TCTGGATGTATGTAGG-1","2","Syp",0
"TCTGGCCTCGACTTAG-1","2","Syp",0.950226123924791
"TCTGGCTCAAGTTCAA-1","3","Syp",0
"TCTGGGCGTAGCCTGC-1","7","Syp",0.965367297030145
"TCTGTAAGTTCCTGCT-1","3","Syp",0
"TCTGTGTTCGACCCGA-1","0","Syp",0.800314768793322
"TCTGTGTTCGAGTACC-1","0","Syp",0
"TCTGTTGCACATTCCA-1","0","Syp",0
"TGAAACGGTTAGAGAT-1","11","Syp",0
"TGAAACTTCCAGGGTT-1","2","Syp",0
"TGAAAGGCAAGTATCA-1","2","Syp",1.23156719873043
"TGAAAGGCATGGCGAC-1","4","Syp",0
"TGAAATGAGTGCCGTG-1","3","Syp",0
"TGAACAGGTTAGTACC-1","0","Syp",0
"TGAACCATCCCAATTC-1","5","Syp",0.682955319609998
"TGAACCCAGCAGGTTC-1","8","Syp",0
"TGAACCGCAATCAGCG-1","0","Syp",1.95487778790561
"TGAACCGCACTTGCTA-1","2","Syp",0
"TGAACCGCATTCATAC-1","3","Syp",0
"TGAATAGAGCAATTAC-1","3","Syp",0
"TGAATAGAGCTAATGT-1","15","Syp",0.990834075551782
"TGAATCCGTCAAGTGA-1","0","Syp",0
"TGAATGAAGCCTAGAC-1","2","Syp",0
"TGAATGAAGTAATGGA-1","13","Syp",1.13488569545494
"TGAATGGGTTCCTTCA-1","13","Syp",2.00954848663315
"TGACATTAGGATCCAC-1","10","Syp",0
"TGACCAATCCCTGGAG-1","7","Syp",0
"TGACCAATCTCACATC-1","1","Syp",1.13646362103836
"TGACCAGCAACGTGAT-1","2","Syp",0
"TGACCCAGTGGCTCTA-1","0","Syp",0.522031368373641
"TGACCCTCATTCCTTC-1","0","Syp",0
"TGACCTAAGGTATCTG-1","8","Syp",0
"TGACGAAGTATTGCTA-1","5","Syp",1.16991801825496
"TGACGGGGTTGGGTAA-1","10","Syp",0
"TGACGTTGTATGGCCC-1","5","Syp",1.07282661633621
"TGACGTTGTCTTGCCT-1","2","Syp",0.984122392151173
"TGACTAACAATGGAAG-1","2","Syp",0
"TGACTAACATGATCCC-1","1","Syp",0
"TGACTGATCACTCCGC-1","0","Syp",1.40210016129108
"TGACTGATCAGGCTAC-1","5","Syp",0.989717452431269
"TGAGAATGTGCATCTG-1","1","Syp",1.17505000064498
"TGAGATGGTAGCTTAC-1","16","Syp",0
"TGAGATGGTTGCACCA-1","2","Syp",0
"TGAGCCACAATCCCTA-1","5","Syp",0
"TGAGCCACAATCCTTG-1","15","Syp",0.890339429706402
"TGAGCGAAGTGAGTAA-1","1","Syp",0.792162854869046
"TGAGCGGGTAATCACC-1","2","Syp",1.00852471802139
"TGAGCGGGTGAGCAGT-1","4","Syp",0
"TGAGCTATCCACCGTC-1","1","Syp",0.537335094801432
"TGAGCTGCAACCTCTA-1","0","Syp",0
"TGAGCTGCATGGTAGT-1","0","Syp",1.63387904759325
"TGAGCTTGTAATTCGC-1","7","Syp",0.592555023568213
"TGAGGATAGTATGAAG-1","1","Syp",0
"TGAGGCGGTTGCCTAG-1","0","Syp",0.987862442831866
"TGAGGCGGTTTGGTAC-1","0","Syp",0
"TGAGGCTTCACGTAAT-1","2","Syp",0
"TGAGGTGAGATAGACA-1","0","Syp",0
"TGAGGTTCACCTTCAA-1","5","Syp",1.08766664332135
"TGAGTAAAGGGGCAGT-1","2","Syp",0
"TGAGTCGCAAGCCTCT-1","0","Syp",0.721669148372433
"TGAGTCTGTCTAAGGA-1","7","Syp",0
"TGAGTCTGTTGCATAC-1","3","Syp",0
"TGAGTTACAGGGACTC-1","5","Syp",0
"TGAGTTACATGGTACG-1","2","Syp",0
"TGAGTTGTCACCTGGG-1","10","Syp",0
"TGATAGAAGGATCCAC-1","5","Syp",0
"TGATAGCCACATTAGA-1","8","Syp",0.738605911244632
"TGATAGCCATTGCCCG-1","0","Syp",1.44157959641422
"TGATAGCCATTGCGCT-1","2","Syp",0
"TGATCCCCAGCTACTC-1","0","Syp",1.62040753364451
"TGATGAGGTAGTTGAG-1","5","Syp",0
"TGATGAGGTGCATCAT-1","7","Syp",0
"TGATGAGGTTACACTA-1","5","Syp",0.86921654609485
"TGATGGCTCCATCTCG-1","2","Syp",0
"TGATGGCTCCCTGACC-1","2","Syp",0
"TGATTAGCAGGACTTG-1","12","Syp",0
"TGATTGGTCCCGTTCA-1","15","Syp",1.01476158156167
"TGATTTCCATCCATCA-1","1","Syp",0.760923044214326
"TGATTTCCATCGTTCA-1","0","Syp",0.732494608912677
"TGATTTGGTGAACGAC-1","3","Syp",0
"TGCAAACCAATCCCGT-1","2","Syp",0
"TGCAATGTCACAGCTA-1","0","Syp",1.28592953963906
"TGCAATGTCGTAGTTG-1","1","Syp",0.471599126069587
"TGCAATTAGCGAGCAA-1","1","Syp",0.524158789582454
"TGCACAATCAGGCAGA-1","9","Syp",0
"TGCACCCTCCATCTGT-1","0","Syp",0
"TGCACCTCAATATACG-1","16","Syp",0
"TGCACCTCAGGACTGC-1","9","Syp",0
"TGCACCTCATGGCAAT-1","2","Syp",0
"TGCACTAAGTTAGCAT-1","0","Syp",1.22908112355724
"TGCAGGCCAAATGACC-1","2","Syp",0
"TGCAGGCCAGGGCTAC-1","1","Syp",1.30103110898363
"TGCAGGCCATGACTAA-1","4","Syp",0.63171021884338
"TGCAGGTTCCAGATCA-1","4","Syp",0
"TGCATAGTCCGCCTAC-1","1","Syp",0.971141851160424
"TGCATAGTCCGTTGGG-1","8","Syp",0
"TGCATCAAGTGAACTT-1","0","Syp",0
"TGCCAGACATCCATAT-1","0","Syp",0
"TGCCAGTAGCCACATA-1","2","Syp",0
"TGCCATAAGCGCTCAG-1","8","Syp",0
"TGCCATAAGGTCACGT-1","2","Syp",0
"TGCCATAAGTTAATGC-1","0","Syp",0.838929137527694
"TGCCATCCAGGTTCGA-1","15","Syp",0.886379849402615
"TGCCATCCATAACGGT-1","8","Syp",0.483258871119615
"TGCCATCCATCCGCTG-1","1","Syp",0.5923381954591
"TGCCATGGTAGTTGGA-1","1","Syp",0
"TGCCATGGTTTACCAA-1","2","Syp",0
"TGCCATGGTTTGGCAT-1","2","Syp",0
"TGCCATTTCATCTCTA-1","0","Syp",0.68514437146021
"TGCCATTTCCCATAGA-1","4","Syp",0
"TGCCCAAGTATGGCAA-1","0","Syp",0.895106722420111
"TGCCCAAGTGCGCGTT-1","6","Syp",0
"TGCCCATCACCAATCC-1","3","Syp",0
"TGCCCGAAGCGCTCTC-1","1","Syp",0
"TGCCCGTTCCGGTTCC-1","9","Syp",0
"TGCCCTCAGCTACTCT-1","0","Syp",0
"TGCCCTCAGTAAGTAG-1","2","Syp",0
"TGCCCTTGTATGTCAC-1","7","Syp",0.753437766241148
"TGCCCTTGTTTGAGGA-1","0","Syp",0
"TGCCGAACATAATCGA-1","0","Syp",0.764647717792679
"TGCCGATAGAACCAGG-1","7","Syp",0
"TGCCGATAGATTGACT-1","0","Syp",1.27638058504104
"TGCCGATAGGTGGATG-1","0","Syp",0.823636867485443
"TGCCGATAGGTTCATG-1","0","Syp",0
"TGCCGCTTCTATGCAG-1","0","Syp",0
"TGCCGTGAGGATCTGC-1","0","Syp",1.33467694627456
"TGCCGTGAGTGAGTAA-1","0","Syp",0
"TGCCGTTCACTAATGA-1","14","Syp",0
"TGCCTAGGTTTAGCAC-1","7","Syp",0.954331474881432
"TGCCTATTCATGCGGT-1","11","Syp",0
"TGCCTATTCCCTCACA-1","6","Syp",0
"TGCCTCATCATGTCGA-1","2","Syp",0.59269966641979
"TGCCTCATCGTTAGGC-1","5","Syp",0.414590949206867
"TGCCTCGCAGGATAGA-1","2","Syp",0
"TGCCTCGCAGTTGGGC-1","0","Syp",0.715738541711769
"TGCCTCTGTATAGCGA-1","4","Syp",0
"TGCCTCTGTGCATCAT-1","3","Syp",0
"TGCCTCTGTTAGTACC-1","2","Syp",0
"TGCCTCTGTTCCGGTA-1","7","Syp",0
"TGCCTGCTCATAGGTT-1","2","Syp",0
"TGCCTGCTCCCGTGAG-1","0","Syp",0
"TGCGAAAGTAATGGCA-1","2","Syp",0
"TGCGAAAGTGAACCTT-1","10","Syp",0
"TGCGACCGTTCCCAGA-1","0","Syp",0.931185403523441
"TGCGACCGTTCTGGTG-1","0","Syp",0
"TGCGACTAGGATGGGC-1","6","Syp",0
"TGCGAGGGTTTGCGAT-1","7","Syp",0.887429264490572
"TGCGATGCACTTCAGC-1","8","Syp",0
"TGCGGCTGTCAGGCAG-1","0","Syp",1.36965299094958
"TGCGGCTGTGATGGTA-1","0","Syp",0
"TGCGGCTGTGGGTTAA-1","4","Syp",0.859205984864788
"TGCGGCTGTTACACTA-1","1","Syp",0.780129013270084
"TGCGGGTCACGCCATT-1","0","Syp",0
"TGCGGTTAGCTACAGC-1","3","Syp",0
"TGCGGTTAGCTGGATC-1","0","Syp",0.882125470980308
"TGCGTATGTCAGCACC-1","2","Syp",0
"TGCGTATGTGACGAGT-1","8","Syp",0.703918547785037
"TGCGTATGTTAAGGTG-1","7","Syp",0.631256798485582
"TGCGTATGTTCACGCA-1","1","Syp",1.41223202818612
"TGCTAAGTCCATCTCG-1","0","Syp",1.4619932353074
"TGCTAAGTCTAGTGTG-1","16","Syp",0.904981810022979
"TGCTAAGTCTGGCATA-1","0","Syp",0
"TGCTACAAGCCCTGCT-1","7","Syp",0.368258896842515
"TGCTACAAGCGCTGCA-1","1","Syp",0.949254244742589
"TGCTACCCAACCAGTG-1","8","Syp",1.11694274081209
"TGCTACCCATCACGTC-1","4","Syp",0.951932066738336
"TGCTACTTCCTCGTTG-1","3","Syp",0
"TGCTCAAAGGCGATAG-1","2","Syp",0
"TGCTCAAAGTGGCGAA-1","3","Syp",0
"TGCTCACCATGGCTTC-1","7","Syp",1.6615186410171
"TGCTCACCATGGTCGA-1","6","Syp",0
"TGCTCGCTCCTTCGTG-1","2","Syp",0
"TGCTGATGTATTGCCG-1","1","Syp",0.482616818620727
"TGCTGCCTCAGGCATC-1","0","Syp",0
"TGCTGCCTCCAGCTCC-1","0","Syp",0.936198224703182
"TGCTGCCTCCGGGCTA-1","0","Syp",0.946062133944738
"TGCTGCCTCTCACCAT-1","5","Syp",0
"TGCTGGACAAGTAAGG-1","11","Syp",0
"TGCTGGACACCTGTGT-1","12","Syp",0
"TGCTGGGTCGTACCTT-1","6","Syp",0
"TGCTGTCCAAAGGAAT-1","0","Syp",0
"TGCTGTCCATGAGTGT-1","12","Syp",0
"TGCTTAAGTAGCGGTG-1","1","Syp",0.616897429780513
"TGCTTAAGTGACGAGT-1","11","Syp",0
"TGCTTAAGTGGGTCGA-1","1","Syp",1.21025087816307
"TGCTTCACATCACGGA-1","0","Syp",1.01297110228558
"TGGAACCTCAGCCAGT-1","2","Syp",0
"TGGAATGGTCTGTGCA-1","7","Syp",0
"TGGACAAGTAGCTAGA-1","3","Syp",0
"TGGACAAGTTTCGTCC-1","5","Syp",0
"TGGACATCAATAGGAG-1","0","Syp",0
"TGGACGTTCACCTAAG-1","4","Syp",0
"TGGACGTTCATCGACA-1","0","Syp",0
"TGGACGTTCCATAGCA-1","1","Syp",0.510505828432277
"TGGACGTTCTCACAGA-1","3","Syp",0
"TGGACTATCCAACTGA-1","14","Syp",0
"TGGACTCAGCCGATAC-1","8","Syp",0.617329806280575
"TGGACTCAGGTGAACG-1","16","Syp",0
"TGGAGCAAGAAGCACG-1","1","Syp",0.827205266707257
"TGGAGCAAGTGCCCAG-1","10","Syp",0
"TGGAGCGGTGACCGAG-1","11","Syp",0
"TGGAGTAGTTCAAGTC-1","4","Syp",0
"TGGAGTGAGATACTCG-1","4","Syp",0
"TGGATAGGTATGTGGA-1","0","Syp",0.853053271957824
"TGGATAGGTTAGTGTC-1","2","Syp",0
"TGGATGGAGCCCTACC-1","8","Syp",0
"TGGATGGAGCGATAGG-1","0","Syp",1.01352989079481
"TGGATTGTCATCGAAT-1","0","Syp",0
"TGGCATGCAGTAAGTC-1","0","Syp",0.461883986342747
"TGGCATGCATAAGTTG-1","2","Syp",0
"TGGCCATAGGTATCTG-1","6","Syp",0
"TGGCCTGAGGTGAGCA-1","0","Syp",1.0242754343282
"TGGCGAAAGCAACCAC-1","0","Syp",0.574859045329929
"TGGCGAAAGCATTAAC-1","8","Syp",0
"TGGCGATTCGAACCTA-1","13","Syp",0
"TGGCGCATCACTCCAT-1","11","Syp",0
"TGGCGCATCATGGCCG-1","0","Syp",0.699813198577994
"TGGCGGTCAATACAGC-1","0","Syp",0
"TGGCTAATCAATGTGT-1","0","Syp",1.4335423328387
"TGGCTAATCACCCTGC-1","8","Syp",0
"TGGCTATGTCTAACTA-1","0","Syp",0
"TGGCTATGTGATAGCA-1","0","Syp",1.07131015839034
"TGGCTATGTTATATCG-1","8","Syp",0.544378369952192
"TGGCTATGTTTCGATA-1","0","Syp",0
"TGGCTGACATCCGCTG-1","3","Syp",0
"TGGGATTCAATAGGTC-1","2","Syp",0.743433349102713
"TGGGATTCATAGATCA-1","1","Syp",1.05401891312529
"TGGGCACCACCATTCA-1","1","Syp",0.48060684814386
"TGGGCACCACTAATCT-1","0","Syp",0.973544319140291
"TGGGCACCAGGAGCCT-1","5","Syp",0.83937702689576
"TGGGCAGGTAATTGGG-1","4","Syp",0.611795820822152
"TGGGCAGGTTCACTCC-1","4","Syp",0
"TGGGCGAGTTAGCGCC-1","2","Syp",0
"TGGGCTTAGGATCCAC-1","5","Syp",0.899957632193521
"TGGGCTTAGGTAGCAG-1","4","Syp",0
"TGGGCTTAGTAAGCAA-1","2","Syp",0
"TGGGCTTAGTATGAGA-1","1","Syp",0.911428461492703
"TGGGGCTCAAGCGGAG-1","1","Syp",0.765507960622831
"TGGGGCTCATCCGTTA-1","8","Syp",0
"TGGGGTAAGCATGCGT-1","5","Syp",0
"TGGGGTAAGGTTGGAG-1","10","Syp",0
"TGGGGTTTCGATGCGT-1","3","Syp",0
"TGGGTCACACCTAACC-1","6","Syp",0
"TGGGTTATCAATCCGA-1","1","Syp",1.69314599868588
"TGGGTTATCGACTAAT-1","5","Syp",1.19181481021785
"TGGGTTATCTGTGCAA-1","0","Syp",0.781732719904764
"TGGTACGCAATTGACA-1","0","Syp",0
"TGGTACGCACATGAGT-1","2","Syp",0
"TGGTACGCATTGGAAC-1","0","Syp",0
"TGGTAGCTCCAATTCC-1","15","Syp",0
"TGGTAGGAGCGGATGA-1","4","Syp",0
"TGGTAGGAGGTCAAGG-1","3","Syp",0
"TGGTAGGAGTGAAGCG-1","0","Syp",0
"TGGTATTAGCCTGAGT-1","0","Syp",0
"TGGTCAATCCTTCAGT-1","3","Syp",0
"TGGTCAATCGATAGCC-1","9","Syp",0
"TGGTCACAGGAATTAG-1","0","Syp",1.92469928118672
"TGGTCACAGGGCTCTG-1","6","Syp",0
"TGGTCCTCAAATGCAC-1","0","Syp",0
"TGGTCCTCAAGTTAGC-1","3","Syp",1.66930699635023
"TGGTCCTCACCAGCTT-1","13","Syp",2.13698395419608
"TGGTCCTCATCACATT-1","4","Syp",0.882374525285047
"TGGTCTAAGCATAGGG-1","8","Syp",1.01442534408231
"TGGTCTAAGGTTCGTA-1","2","Syp",0
"TGGTGGTTCCCAGGAT-1","4","Syp",0
"TGGTGTTGTGGAGCAT-1","3","Syp",0
"TGGTGTTGTTAGACAG-1","7","Syp",0.839339683456491
"TGGTTAACACTTCAAT-1","4","Syp",0.38338720954852
"TGGTTACGTTTGACCG-1","12","Syp",0
"TGGTTATAGCGACTTA-1","5","Syp",0
"TGGTTCAAGATAGACA-1","0","Syp",0.880551593986287
"TGGTTCAAGCTATCTC-1","1","Syp",0
"TGGTTCAAGTTACAGT-1","7","Syp",0.82342164533877
"TGTAACCGTTACACCG-1","2","Syp",0
"TGTACCCCAGCTATGG-1","5","Syp",0
"TGTACCCCAGGTAATC-1","0","Syp",0.641645535081112
"TGTACCCCATTCGCGT-1","0","Syp",0.857248766912635
"TGTACCGGTCTAGCGC-1","5","Syp",0
"TGTACCTTCTAACCTC-1","0","Syp",0
"TGTACGATCCCGTTCA-1","2","Syp",1.16276595123645
"TGTACTTCATCGGTTC-1","3","Syp",0
"TGTAGAGGTAACTCCG-1","1","Syp",1.288048933747
"TGTAGAGGTATGTCCG-1","0","Syp",0.827096653558469
"TGTAGAGGTGCGTGTC-1","0","Syp",0.781668438674256
"TGTAGCATCAATCGGC-1","11","Syp",1.54110013432138
"TGTAGCCAGATAGGTA-1","3","Syp",0
"TGTAGCCAGTAATCCG-1","2","Syp",1.40673748343183
"TGTAGCTGTTGCCTCT-1","6","Syp",0
"TGTAGTTAGCTAGTCA-1","0","Syp",0
"TGTAGTTAGGGTCCAT-1","0","Syp",0.545901418578131
"TGTATCTCAAATGGCT-1","7","Syp",1.82066813086218
"TGTATTCCAATCCAGG-1","0","Syp",0.901925338751984
"TGTATTGGTAATCCTA-1","0","Syp",0
"TGTATTGGTGACTTCG-1","12","Syp",2.63632236441527
"TGTATTGGTTGAGCAA-1","3","Syp",0
"TGTCACCCACAACTAA-1","0","Syp",0.75633531033843
"TGTCACTTCCCCATGC-1","8","Syp",0
"TGTCACTTCCCTGGCT-1","0","Syp",0
"TGTCACTTCCGCTGGA-1","0","Syp",0
"TGTCACTTCCTTCGCA-1","3","Syp",0
"TGTCAGGCACAGCATG-1","2","Syp",0
"TGTCAGGCATTACGCC-1","4","Syp",0
"TGTCATGAGCCTTCCA-1","0","Syp",0.779745151372124
"TGTCCAAAGCCGCATG-1","2","Syp",0
"TGTCCAAAGGTTAGCC-1","7","Syp",0.56844579527811
"TGTCCAGGTCAACTGT-1","2","Syp",0.641262345190934
"TGTCCAGGTCATGTGT-1","0","Syp",1.11514831197542
"TGTCCCATCCAGGTAC-1","7","Syp",0.95472445007769
"TGTCCCATCGACTGCG-1","6","Syp",0
"TGTCCCTGTGGAGCCA-1","10","Syp",0
"TGTCCGCTCACACACA-1","3","Syp",2.11809586296276
"TGTCCGGAGCTACCAA-1","5","Syp",1.43192314015944
"TGTCCTTAGCCAGTCG-1","1","Syp",0
"TGTCCTTAGCTAAGTT-1","0","Syp",0.852281100215496
"TGTCCTTAGGAGGATT-1","13","Syp",0
"TGTCGCCTCAATTGCG-1","1","Syp",0
"TGTCGTCCACTAGGAT-1","0","Syp",1.49995559776692
"TGTCTAAGTCTTGCGA-1","2","Syp",1.1424606489602
"TGTCTCACATAATTCC-1","9","Syp",0
"TGTCTGTTCAGCGACT-1","0","Syp",0.824355133449976
"TGTCTGTTCTGGATAT-1","0","Syp",0
"TGTCTTGCAACATCAA-1","7","Syp",0.592265955706165
"TGTGAACCAATCTGAA-1","9","Syp",0
"TGTGAAGGTGGGTCTC-1","1","Syp",0.595571329579993
"TGTGAGGAGATTGAAG-1","7","Syp",0
"TGTGAGGAGGCACTTA-1","0","Syp",0
"TGTGATTAGGATTCAT-1","0","Syp",0.743606978270488
"TGTGATTAGGTCCACG-1","6","Syp",0
"TGTGCAATCACACACA-1","3","Syp",0
"TGTGCATGTAGGTTAG-1","0","Syp",1.42660989829835
"TGTGCCCTCCGGACAT-1","0","Syp",0
"TGTGCCTCATGGCAAT-1","1","Syp",0.474953665316213
"TGTGCGCGTAACGAGC-1","1","Syp",1.23088025724586
"TGTGCTGGTGGCCTAC-1","1","Syp",1.22042574551362
"TGTGGTCAGTGATCTG-1","3","Syp",0
"TGTGGTTGTGAGGCTG-1","6","Syp",0
"TGTGTTAGTAAGTTCC-1","13","Syp",0
"TGTGTTAGTTAGCAGA-1","5","Syp",0
"TGTGTTGAGCATATCG-1","3","Syp",0
"TGTGTTGAGCTAGTAT-1","5","Syp",0
"TGTGTTGAGGAGGTTG-1","5","Syp",1.04760794078039
"TGTGTTGAGTCAGCGT-1","7","Syp",0
"TGTGTTGAGTCATGGC-1","0","Syp",0.942606005564206
