"cell","cluster","gene","logexpr"
"AAACCAAAGTCAGCTA-1","11","Tubb3",0
"AAACCAAAGTCTCTGT-1","8","Tubb3",0.813648120504884
"AAACCATTCAGTTACG-1","9","Tubb3",0
"AAACCATTCGAACCCG-1","1","Tubb3",0
"AAACCCGCAACCTTCA-1","4","Tubb3",0
"AAACCCGCAATCGAAC-1","7","Tubb3",0.501072892591218
"AAACCCGCAGCCTACT-1","14","Tubb3",0
"AAACCCGCATGACAGT-1","1","Tubb3",0
"AAACCCTGTAGGTGCG-1","7","Tubb3",0.815681615635644
"AAACGAATCACTGGCG-1","0","Tubb3",0
"AAACGATGTGCGGAAT-1","5","Tubb3",0
"AAACGCCTCCGGTAAC-1","6","Tubb3",0
"AAACGCCTCGCGACAT-1","3","Tubb3",0
"AAACGCCTCGTTAGAT-1","9","Tubb3",0
"AAACGGGTCCGCGATG-1","5","Tubb3",0
"AAACGTAAGCCACACG-1","0","Tubb3",0
"AAACGTCCACAGCGAC-1","2","Tubb3",0
"AAACGTCCACATACGG-1","1","Tubb3",0
"AAACTTGCAACGGGCT-1","13","Tubb3",0
"AAAGCAATCCGTATAG-1","8","Tubb3",0.864498401194864
"AAAGCATGTAAGCAAT-1","8","Tubb3",0.715738541711769
"AAAGCATGTCATCCCT-1","7","Tubb3",0
"AAAGCCAGTTAGTCGT-1","3","Tubb3",2.3010565219101
"AAAGCCAGTTCACCTC-1","1","Tubb3",0.735650187210555
"AAAGCTGGTTCGGGTC-1","0","Tubb3",0
"AAAGCTGGTTTCGCCT-1","0","Tubb3",0.928214464821765
"AAAGGTCAGGATGAGT-1","1","Tubb3",0.77529589111787
"AAAGGTTGTTCCATCC-1","6","Tubb3",0
"AAAGTAGTCAATCTCC-1","1","Tubb3",0
"AAAGTAGTCCAACTGA-1","6","Tubb3",0
"AAAGTCAAGGAGGACC-1","2","Tubb3",0
"AAAGTGATCACGCCTC-1","0","Tubb3",0
"AAAGTGATCCTCTATA-1","0","Tubb3",0
"AAAGTTGAGCATCAAT-1","0","Tubb3",0
"AAAGTTGAGCCGCATG-1","0","Tubb3",0
"AAAGTTGAGCGCCTCT-1","8","Tubb3",0
"AAATGCAAGTAATCCG-1","0","Tubb3",0
"AAATGCAAGTAGTGCC-1","2","Tubb3",0.705834279123739
"AAATGCAAGTTGGCTA-1","6","Tubb3",0
"AAATGGATCAGCTGGT-1","1","Tubb3",0.761744077277499
"AAATTCGCAAATGCGT-1","8","Tubb3",1.0393287042165
"AAATTCGCATTAGTGA-1","3","Tubb3",0
"AAATTGCTCCCATAGA-1","1","Tubb3",0
"AACACACCATGAGTTA-1","6","Tubb3",0
"AACACATTCAATGTCG-1","3","Tubb3",0
"AACACCATCGCGCGTA-1","3","Tubb3",0
"AACACCGCATAACGAC-1","6","Tubb3",0
"AACACCTGTCATGTGT-1","2","Tubb3",0
"AACACCTGTTGCAGCC-1","6","Tubb3",0
"AACACGAGTTTAGGAG-1","1","Tubb3",0.76080156737653
"AACACTTAGGAGTCGA-1","9","Tubb3",0
"AACACTTAGGCGTACT-1","9","Tubb3",0
"AACAGCTCACTATCTG-1","4","Tubb3",0.441258115918865
"AACAGGCGTTGTGACT-1","0","Tubb3",1.02748992809504
"AACAGTAAGTGTCCTT-1","10","Tubb3",0
"AACAGTAAGTTACAGT-1","1","Tubb3",0
"AACATAGAGTAGGCTC-1","0","Tubb3",0
"AACATAGAGTTAACGT-1","0","Tubb3",0
"AACATCACAACCAGAT-1","1","Tubb3",0
"AACATCACATAGGGCC-1","2","Tubb3",0
"AACATCCGTAGGTAGC-1","6","Tubb3",0
"AACATTCAGAACCTTG-1","1","Tubb3",0
"AACATTCAGGTAGGCA-1","13","Tubb3",0
"AACATTGCAACGTTAA-1","5","Tubb3",1.39703982962797
"AACATTGCATGATTGA-1","8","Tubb3",0
"AACCAACCAATAGACC-1","5","Tubb3",0
"AACCAACCAATCGTCC-1","4","Tubb3",0
"AACCAACCACCTGCAT-1","1","Tubb3",0
"AACCAAGGTAAGGTCA-1","0","Tubb3",0
"AACCAAGGTGGCTTCA-1","0","Tubb3",0
"AACCAAGGTTGTCTGG-1","0","Tubb3",1.58973284135477
"AACCACGCAACTAGCG-1","1","Tubb3",0
"AACCAGGAGCGGTCTG-1","5","Tubb3",1.61264561366087
"AACCATTAGCTTAGTG-1","0","Tubb3",0
"AACCATTAGGATTGAA-1","0","Tubb3",0
"AACCATTAGGTGAACG-1","1","Tubb3",0.953154632505979
"AACCCAATCACGGATC-1","6","Tubb3",0
"AACCCAATCACGTAAT-1","5","Tubb3",0.958376033535095
"AACCCACAGATTCCAG-1","8","Tubb3",0
"AACCCACAGCTGGTAC-1","0","Tubb3",1.15563569821089
"AACCCACAGGATCATT-1","5","Tubb3",0
"AACCCAGCAAATGACC-1","7","Tubb3",0
"AACCCAGCAACCGTAG-1","8","Tubb3",0
"AACCCAGCACTTGGCT-1","1","Tubb3",0
"AACCCTAAGCGGTTAC-1","4","Tubb3",0
"AACCGATCATAACGCG-1","0","Tubb3",0
"AACCGGGGTTAACCAC-1","4","Tubb3",0.355691974865846
"AACCTAACACAGGGCT-1","16","Tubb3",0
"AACCTAGTCACCATCT-1","3","Tubb3",0
"AACCTAGTCCATGCAA-1","3","Tubb3",0
"AACCTAGTCCTCAACT-1","1","Tubb3",0
"AACCTAGTCGCTAGGT-1","0","Tubb3",1.33036273056308
"AACCTAGTCTCACTAC-1","0","Tubb3",0
"AACCTCAAGCCAGACT-1","7","Tubb3",0
"AACCTTAGTAGCTGCC-1","10","Tubb3",0
"AACGAACAGTAGACCC-1","3","Tubb3",0
"AACGAATGTCAGTGCC-1","14","Tubb3",0
"AACGAATGTTACACAC-1","4","Tubb3",0
"AACGACTCACCTATCA-1","1","Tubb3",0
"AACGATCCACTAGCCT-1","4","Tubb3",0.558151870038051
"AACGATCCAGTTGCCT-1","1","Tubb3",0
"AACGATGGTGCACCGT-1","0","Tubb3",0.43756940914165
"AACGCCACAGGATAGA-1","8","Tubb3",0
"AACGCCACATTAGCGG-1","0","Tubb3",1.13778226927972
"AACGCGAAGCTATGTG-1","0","Tubb3",0.544864797264364
"AACGCTTGTTTGACGT-1","0","Tubb3",0
"AACGGATAGGAGTAAC-1","7","Tubb3",0.63905759167797
"AACGGGGCAATCCTGC-1","5","Tubb3",0
"AACGGGGCATGGTGTG-1","5","Tubb3",0
"AACGGTGAGGATATAG-1","2","Tubb3",0
"AACTCAACACATATAG-1","1","Tubb3",0
"AACTCGATCCGCCTGT-1","8","Tubb3",0
"AACTCTTCACTTCGGT-1","4","Tubb3",0
"AACTGAAAGGGGCATA-1","5","Tubb3",0
"AACTGAGGTTGCACTG-1","9","Tubb3",0
"AACTGCATCATGCGCG-1","0","Tubb3",0
"AACTGGTCACTCAAGG-1","5","Tubb3",0
"AACTTCCTCGACTGAC-1","3","Tubb3",0
"AACTTCCTCTGTCAAG-1","0","Tubb3",0.41705844666918
"AACTTCTCAACCTGGA-1","2","Tubb3",0.750091442695871
"AACTTTGGTTGGAATG-1","13","Tubb3",1.12020272072885
"AAGCAAATCCATTCCG-1","0","Tubb3",0
"AAGCAAATCGTAGTCA-1","5","Tubb3",0
"AAGCAACAGCGGTCAT-1","14","Tubb3",0
"AAGCAACAGGGTTAGG-1","5","Tubb3",0
"AAGCAATGTAACTTCA-1","2","Tubb3",0
"AAGCACCTCATGCACA-1","3","Tubb3",0
"AAGCACCTCCAGGGTT-1","6","Tubb3",0
"AAGCATTTCAATTGGT-1","2","Tubb3",0
"AAGCATTTCATGGCGT-1","0","Tubb3",0
"AAGCATTTCCCGTTCA-1","2","Tubb3",0.635320212756372
"AAGCATTTCGATATAC-1","7","Tubb3",0
"AAGCCAAGTAAGTTGG-1","4","Tubb3",0.520198145513234
"AAGCCATCAGGACTGC-1","8","Tubb3",1.36848710528404
"AAGCCGCCATTCATCG-1","4","Tubb3",0.450287734623159
"AAGCCGGGTTTACTGA-1","8","Tubb3",1.07874754764167
"AAGCCTATCCGCGTAG-1","4","Tubb3",0.481361536959658
"AAGCCTATCGATGGGA-1","3","Tubb3",0
"AAGCGGATCCGCACAG-1","6","Tubb3",0
"AAGCGGATCTATGTCC-1","0","Tubb3",1.49002660410662
"AAGCTAAAGTGATCTG-1","1","Tubb3",0
"AAGCTAGGTTAGCGTT-1","2","Tubb3",0
"AAGCTAGGTTGCCTGA-1","4","Tubb3",0.591832897673682
"AAGCTCGCAAATTACG-1","0","Tubb3",1.4435950843722
"AAGCTCGCATAGGGTT-1","4","Tubb3",0
"AAGCTCGCATGAAGCT-1","1","Tubb3",1.64256384034015
"AAGCTCGCATGAATTG-1","8","Tubb3",0
"AAGCTCTGTGAGCGAT-1","0","Tubb3",0
"AAGCTCTGTTCGCCAA-1","11","Tubb3",0
"AAGGAAAGTAGGTGTA-1","2","Tubb3",0
"AAGGACTAGATACTCG-1","6","Tubb3",0
"AAGGCCAAGGAGTATA-1","5","Tubb3",0
"AAGGCCAAGTAAGGTA-1","3","Tubb3",0
"AAGGCCAAGTAATTGC-1","2","Tubb3",0
"AAGGCCAAGTATCTCC-1","2","Tubb3",0.777577404412528
"AAGGCTAGTGAGAGGA-1","0","Tubb3",0
"AAGGGCATCCGCACGA-1","6","Tubb3",0
"AAGGGCCAGGTAGCTC-1","2","Tubb3",0
"AAGGGGTCAAAGGGTA-1","0","Tubb3",0
"AAGGGGTCACAACGTG-1","8","Tubb3",0
"AAGGTATGTCAGGAGT-1","4","Tubb3",0
"AAGGTCAGTGCATCAT-1","0","Tubb3",0.943084402260131
"AAGGTTAAGCGGAGTA-1","2","Tubb3",0
"AAGTAACGTGGAAGCT-1","0","Tubb3",1.81951228398675
"AAGTAACGTTGCCTTC-1","1","Tubb3",0
"AAGTAAGTCAGCCCGA-1","10","Tubb3",0
"AAGTACCCAAACCAAC-1","1","Tubb3",0.630434118049067
"AAGTACGGTCTAAGTC-1","5","Tubb3",0
"AAGTACGGTGCGAGTG-1","8","Tubb3",0.788806613838527
"AAGTACGGTTCGTGTG-1","1","Tubb3",0
"AAGTATGAGCCCGTAG-1","4","Tubb3",0
"AAGTCAAAGGAGGCTA-1","12","Tubb3",0
"AAGTCAAAGTTACCTC-1","0","Tubb3",0
"AAGTCACCATGGTGCA-1","2","Tubb3",0.700732551949202
"AAGTCAGGTGAGACTA-1","2","Tubb3",0.875865595178959
"AAGTCGCTCACAGCCG-1","5","Tubb3",0
"AAGTCGCTCGAAGGGC-1","16","Tubb3",0
"AAGTCGCTCTGGTCGG-1","9","Tubb3",0
"AAGTGCCTCCGGTAGT-1","5","Tubb3",0
"AAGTGGACATGGTCGA-1","8","Tubb3",0
"AAGTGGGTCCCCAATT-1","1","Tubb3",0
"AAGTGGGTCGTGAACC-1","4","Tubb3",0
"AAGTGTCCAAATCGCG-1","0","Tubb3",0
"AAGTGTCCAAGGTCCA-1","0","Tubb3",0.833777688145534
"AAGTTCCGTTAGTAGG-1","2","Tubb3",0
"AAGTTGAAGCGGGATA-1","1","Tubb3",0
"AAGTTGAAGGGGCTAA-1","2","Tubb3",0.874641236301441
"AAGTTTCAGGCTCCAG-1","0","Tubb3",0
"AATACGAAGGAATGAC-1","3","Tubb3",0
"AATACGCCATCCCATA-1","5","Tubb3",0.732382432476165
"AATACGCCATGGTCTC-1","3","Tubb3",0
"AATACGGGTGCGTGGA-1","10","Tubb3",0
"AATACGGGTTGAGCAA-1","0","Tubb3",0.821989860218762
"AATACGGGTTGTGAGA-1","5","Tubb3",0
"AATACGTTCCGTGAGT-1","0","Tubb3",0
"AATACGTTCGTGATTG-1","7","Tubb3",1.06299067496005
"AATATGCTCTCATCTA-1","2","Tubb3",0.613460776015945
"AATATGGAGCCCTGCT-1","2","Tubb3",1.25532840337116
"AATATGGAGCCGCGTA-1","6","Tubb3",0
"AATATGGAGGATCCAC-1","6","Tubb3",0
"AATATGGAGGCAATCC-1","9","Tubb3",0
"AATCAGCCAACTTAGA-1","11","Tubb3",0
"AATCATCAGTAATGGA-1","2","Tubb3",0.645331156449197
"AATCCCAAGGTATGGG-1","6","Tubb3",0
"AATCGAGGTAACGTGA-1","0","Tubb3",0
"AATCGCATCCTCACAT-1","5","Tubb3",2.08347698886162
"AATCGCGCAACCAGGC-1","6","Tubb3",0
"AATCGGTCATGGTGTG-1","3","Tubb3",0
"AATCGTTAGTAGGATA-1","0","Tubb3",0
"AATCTGGTCCACCTCA-1","0","Tubb3",0
"AATCTGGTCCAGGTAC-1","0","Tubb3",0
"AATCTGGTCTATGAAC-1","0","Tubb3",0
"AATGACAAGCCAGATC-1","1","Tubb3",0.739692088845284
"AATGACCCAGGTTCCT-1","1","Tubb3",0
"AATGAGGCAAATCGTA-1","0","Tubb3",0
"AATGAGGCAATCAGAC-1","3","Tubb3",0
"AATGAGGCACTTCACA-1","1","Tubb3",0
"AATGATGAGCTACCAA-1","1","Tubb3",0
"AATGATGAGGGCTTCG-1","8","Tubb3",0
"AATGCACCAATTCGCC-1","1","Tubb3",0
"AATGCACCATCAATTC-1","0","Tubb3",0
"AATGCAGGTTGCCTTC-1","16","Tubb3",0
"AATGCCTGTCATTACA-1","1","Tubb3",0
"AATGCCTGTGATTCCG-1","1","Tubb3",0
"AATGCCTGTTAGCCTG-1","0","Tubb3",0
"AATGCGAGTTAGCCTG-1","12","Tubb3",0
"AATGCGAGTTGAGGAC-1","0","Tubb3",0
"AATGCGGAGGTTCAGC-1","7","Tubb3",0.641773370302437
"AATGGATGTGGAAGGA-1","0","Tubb3",0.910273257134524
"AATGGCAGTCAATTCA-1","3","Tubb3",0
"AATGGCAGTCTGGTCA-1","0","Tubb3",0
"AATGGCCTCATCGACA-1","1","Tubb3",0
"AATGGCCTCTAGTCGA-1","4","Tubb3",0
"AATGGCGAGGTGAGTG-1","1","Tubb3",0.504168755527188
"AATGGCTCAATTCGCC-1","5","Tubb3",0.979269433634479
"AATGGCTCACCTATAT-1","0","Tubb3",0
"AATGGGCGTCAACCCA-1","1","Tubb3",0
"AATGGGCGTGACTCGC-1","0","Tubb3",0
"AATGGGGTCACGTGCG-1","0","Tubb3",0
"AATGGGGTCCTGTAAG-1","5","Tubb3",0
"AATGGGGTCTAGCTGA-1","2","Tubb3",0
"AATGGGTAGGTGCTCG-1","3","Tubb3",0
"AATGGTAAGCGATGTC-1","0","Tubb3",0
"AATGTGAAGCGATACC-1","0","Tubb3",0
"AATGTGAAGGGTTGAG-1","0","Tubb3",0
"AATGTGTTCTCATGCT-1","0","Tubb3",0.922515633369867
"AATGTTGCATCCTTGA-1","5","Tubb3",0
"AATTCAGCAAGTTAGC-1","0","Tubb3",0
"AATTCAGCAATCGAAC-1","0","Tubb3",0.883289006162438
"AATTCAGCATCCATAT-1","7","Tubb3",0
"AATTCCTCAATTCGTT-1","11","Tubb3",0
"AATTGGGGTAGCGATA-1","2","Tubb3",1.65752011197219
"AATTGGTTCACAGCGT-1","3","Tubb3",0
"ACAACATTCCAACTCT-1","7","Tubb3",0.435902825260153
"ACAACCGCAGCAGTCA-1","5","Tubb3",0
"ACAACCGCATCGGTAG-1","1","Tubb3",0
"ACAACCGCATGGATAC-1","16","Tubb3",0
"ACAACCTGTTACTGCG-1","6","Tubb3",0
"ACAACCTGTTATCCTT-1","6","Tubb3",0
"ACAACCTGTTCCCGAA-1","0","Tubb3",0
"ACAACCTGTTCCGGTA-1","0","Tubb3",0
"ACAACCTGTTTACCGG-1","0","Tubb3",0
"ACAAGCGAGGAGTAGT-1","5","Tubb3",0
"ACAAGCGAGGCTCCAG-1","6","Tubb3",0
"ACAATCACAGCCTATC-1","1","Tubb3",0
"ACAATCACAGGGCTGT-1","1","Tubb3",0
"ACAATCACATCGAACG-1","8","Tubb3",0
"ACAATCCGTGCGCAGA-1","3","Tubb3",1.15855108644011
"ACAATTCAGGTCCAAC-1","9","Tubb3",0
"ACAATTCAGTTACGCA-1","12","Tubb3",0
"ACACAACCAGGGCATC-1","0","Tubb3",1.11294848226797
"ACACAACCATCCCAGT-1","0","Tubb3",0
"ACACACGCAACCTGCT-1","3","Tubb3",0
"ACACAGTCAAGGTCCA-1","0","Tubb3",0.61906558319193
"ACACAGTCATAGACCG-1","0","Tubb3",0
"ACACAGTCATGGCAAT-1","0","Tubb3",0
"ACACCAATCGCATCGG-1","2","Tubb3",0
"ACACCAATCGTTAGGC-1","12","Tubb3",0
"ACACCAGCATTACGTT-1","3","Tubb3",1.60243485978039
"ACACCCTCACATGATA-1","3","Tubb3",0
"ACACCCTCACTTGCCG-1","0","Tubb3",0
"ACACGAAGTGGAAGTC-1","4","Tubb3",0
"ACACGAAGTTAAGTGG-1","0","Tubb3",0.737124953312686
"ACACGATCAACTTCGC-1","2","Tubb3",0
"ACACGGGGTAGCGGCA-1","3","Tubb3",0
"ACACGGGGTTGCTATA-1","2","Tubb3",0
"ACACGGTTCTTGATGG-1","1","Tubb3",0
"ACACGTTGTGAGCAAC-1","0","Tubb3",0.89493552513091
"ACACTAGTCCGTGTCC-1","5","Tubb3",0
"ACACTCCCAATGTCGG-1","3","Tubb3",0
"ACACTCCCATGGCTGA-1","3","Tubb3",0
"ACACTCCCATTGCCCG-1","6","Tubb3",0
"ACACTGATCCGCGGTA-1","0","Tubb3",0
"ACACTGATCGATCACA-1","7","Tubb3",0
"ACAGAATGTAGGCGTG-1","6","Tubb3",0
"ACAGAATGTGGGTCTC-1","16","Tubb3",0
"ACAGACAGTAAGGTTG-1","3","Tubb3",0
"ACAGACAGTGCAGCGA-1","2","Tubb3",0
"ACAGACAGTGGACACG-1","0","Tubb3",0
"ACAGACTCAACCCTAC-1","0","Tubb3",0
"ACAGACTCAACTAGGT-1","1","Tubb3",0.514154307178819
"ACAGACTCACCTGTCG-1","1","Tubb3",0
"ACAGCAAGTCTTGGTG-1","7","Tubb3",0
"ACAGCAAGTGATTCCG-1","2","Tubb3",0
"ACAGCCACACCATCCG-1","3","Tubb3",1.26103848076862
"ACAGCCCGTTATCGAC-1","7","Tubb3",0
"ACAGCCCGTTTCGATA-1","3","Tubb3",0
"ACAGCGAAGTAGGTAA-1","0","Tubb3",0
"ACAGCGGGTCTCCAGA-1","3","Tubb3",2.12846078679514
"ACAGCGGGTTGGACCC-1","10","Tubb3",0
"ACAGCTATCACCCTAT-1","6","Tubb3",0
"ACAGCTATCCCAGAGT-1","5","Tubb3",0
"ACAGCTTGTGGACACG-1","1","Tubb3",0
"ACAGCTTGTTGACGGG-1","1","Tubb3",0
"ACAGGAACATTGGCAG-1","1","Tubb3",0.649279063672526
"ACAGGATAGCGGTCAT-1","14","Tubb3",0
"ACAGGATAGGTTCCGG-1","0","Tubb3",0
"ACAGGATAGTCATCCT-1","2","Tubb3",0
"ACAGGATAGTTAATGC-1","6","Tubb3",0
"ACAGGCAAGCCACGCA-1","2","Tubb3",1.01096498160935
"ACAGGCAAGTTAGCCA-1","1","Tubb3",0.840349191944833
"ACAGGCTTCGCTTCGC-1","0","Tubb3",0.998564921747797
"ACAGGGATCCTCACTG-1","9","Tubb3",0
"ACAGGGATCTCACTCG-1","5","Tubb3",0.679578850143391
"ACAGGTAGTGGACAGT-1","1","Tubb3",0
"ACAGTCGCATGGAGCC-1","4","Tubb3",0.575573250733757
"ACAGTCGCATTACGCC-1","0","Tubb3",0.644943401186668
"ACAGTGAGTAGCTGAA-1","1","Tubb3",0.519093494121707
"ACAGTGAGTTTGGGCC-1","10","Tubb3",0
"ACATAGCCAACATCGG-1","6","Tubb3",0
"ACATATCAGCGCATAC-1","0","Tubb3",0
"ACATATCAGCTTAGTG-1","0","Tubb3",0
"ACATATCAGTAAGCAA-1","3","Tubb3",0
"ACATCATAGATAGATG-1","1","Tubb3",0
"ACATCATAGCGCTTAA-1","13","Tubb3",0
"ACATCATAGCTATCCT-1","0","Tubb3",0.370203096139784
"ACATCATAGGTCCACG-1","0","Tubb3",0
"ACATCCCCAATTGCCC-1","2","Tubb3",0.534979766839365
"ACATCCCCAGGATTAC-1","5","Tubb3",0
"ACATCCGGTTAGCGAA-1","0","Tubb3",0
"ACATCTTCAACGTTCC-1","0","Tubb3",0
"ACATGAAAGAATCCGC-1","0","Tubb3",0
"ACATGAAAGTTGGGCT-1","5","Tubb3",0
"ACATGAGGTGCAATTC-1","2","Tubb3",0
"ACATGGTCAACCCGAA-1","0","Tubb3",0
"ACATGTTAGTATCTGG-1","15","Tubb3",0
"ACATTAGCAACATGAC-1","0","Tubb3",0
"ACATTAGCAACTAATG-1","6","Tubb3",0
"ACATTAGCAATACCTT-1","2","Tubb3",0
"ACATTCCTCACTGTCT-1","0","Tubb3",0
"ACATTGGTCACTTGAG-1","0","Tubb3",0
"ACATTTGGTCATGAGA-1","0","Tubb3",1.22439696201942
"ACCAAACCATTCATCG-1","2","Tubb3",1.0526205925234
"ACCAAAGGTCTCACAG-1","1","Tubb3",1.07036475103979
"ACCAAATTCACCTTAC-1","1","Tubb3",0
"ACCAAATTCGCGAGTT-1","0","Tubb3",0
"ACCAAATTCGCTCCGT-1","4","Tubb3",0.387447749795072
"ACCAAATTCTGTAACG-1","2","Tubb3",0.776308159670357
"ACCAACATCCAGCACG-1","0","Tubb3",0.848213192258892
"ACCAAGTCAAGTATGC-1","6","Tubb3",0
"ACCAAGTCATTCCTCT-1","8","Tubb3",0
"ACCAATTAGCGGGATA-1","6","Tubb3",0
"ACCAATTAGGATTGCC-1","0","Tubb3",1.20588954365192
"ACCACACAGTAGGCAG-1","6","Tubb3",0
"ACCACACAGTCAAGGG-1","1","Tubb3",0
"ACCACAGCAATCATCT-1","9","Tubb3",0
"ACCACAGCACTTCACA-1","2","Tubb3",0
"ACCACCTCAACATAGC-1","5","Tubb3",0
"ACCACCTCATGCGGAC-1","4","Tubb3",0
"ACCACTAAGTCGAGCT-1","5","Tubb3",0
"ACCAGGCCATGGCAAT-1","0","Tubb3",0.570595030222264
"ACCATAACAGTACCAG-1","16","Tubb3",0
"ACCATAACATTAACGA-1","0","Tubb3",1.04527051838276
"ACCATAGTCGACATAT-1","0","Tubb3",0.601849083561455
"ACCATCAAGCCAGCCA-1","6","Tubb3",0
"ACCATTAGTCAGTCCA-1","4","Tubb3",0
"ACCATTAGTGATTGCT-1","1","Tubb3",0
"ACCATTTCAAGGGTCC-1","0","Tubb3",0
"ACCATTTCATGGTACG-1","8","Tubb3",0
"ACCCAAATCAGGAGAT-1","0","Tubb3",1.62902887371702
"ACCCAATGTTGGATTC-1","2","Tubb3",0
"ACCCAGACAAGCATTA-1","2","Tubb3",0
"ACCCAGTAGGATACTT-1","6","Tubb3",0
"ACCCATTTCCATGTGA-1","3","Tubb3",1.77162979968438
"ACCCATTTCGAATTAC-1","7","Tubb3",0
"ACCCCATCAAGTCGTG-1","3","Tubb3",0
"ACCCCATCAATTCACT-1","0","Tubb3",0
"ACCCCGAAGCCAACTA-1","0","Tubb3",0.295296431009891
"ACCCCGAAGCCGATGT-1","3","Tubb3",0
"ACCCCGTTCATGCGCG-1","1","Tubb3",0
"ACCCCGTTCCACGGCA-1","7","Tubb3",0
"ACCCCGTTCCTGCATT-1","5","Tubb3",0
"ACCCCTGCACAGGCTA-1","4","Tubb3",0
"ACCCCTTGTCTCAGTG-1","5","Tubb3",1.09396729026997
"ACCCGAACATGGTGCA-1","0","Tubb3",0
"ACCCGATAGTACCAAT-1","6","Tubb3",0
"ACCCGCAAGCGCCTAG-1","0","Tubb3",0
"ACCCGCAAGTCAACTG-1","0","Tubb3",0.605228115389633
"ACCCGCAAGTCAAGTT-1","1","Tubb3",0.401439364344192
"ACCCGTGAGGTGAGTG-1","0","Tubb3",0
"ACCCGTTCATAACTCT-1","6","Tubb3",0
"ACCCTAGGTTAGGCAA-1","2","Tubb3",0
"ACCCTAGGTTTCCATT-1","1","Tubb3",0.574078906775751
"ACCCTATTCAATCAAC-1","3","Tubb3",0
"ACCCTATTCGAGTGGA-1","2","Tubb3",0
"ACCCTCATCATGTCTC-1","2","Tubb3",0
"ACCCTCATCTTGATCC-1","5","Tubb3",0
"ACCCTCGCACATTCAT-1","0","Tubb3",0.516025829481558
"ACCCTCGCATCCAAGG-1","7","Tubb3",0
"ACCCTCTGTCAACCAT-1","0","Tubb3",1.16632980492851
"ACCCTCTGTTTGATGC-1","3","Tubb3",0
"ACCGAAAGTTCCTTGC-1","1","Tubb3",0
"ACCGAAAGTTTCGAGT-1","0","Tubb3",0
"ACCGACCGTCAATGCT-1","8","Tubb3",0
"ACCGACTAGAAGGGCC-1","6","Tubb3",0
"ACCGAGGGTTGGAGTA-1","0","Tubb3",1.12124756103307
"ACCGAGGGTTGTGGAA-1","3","Tubb3",0
"ACCGATTGTTGGAGCG-1","2","Tubb3",0
"ACCGCAACAATCCCGT-1","0","Tubb3",0
"ACCGCAACAATCCTCA-1","1","Tubb3",0
"ACCGCTAGTAAGTCTC-1","1","Tubb3",0.562632381474848
"ACCGGATTCAATCAAC-1","9","Tubb3",1.60306846414862
"ACCGGCTGTTGAGTCT-1","2","Tubb3",0.841398807546044
"ACCGGTTAGCCACGAT-1","14","Tubb3",0
"ACCGGTTAGGCAATGG-1","4","Tubb3",0.491126231676101
"ACCTAACGTAGGTGTA-1","6","Tubb3",0
"ACCTAAGTCCACCGTC-1","0","Tubb3",0.546850102387319
"ACCTAAGTCCTTCGCA-1","0","Tubb3",0
"ACCTACCCAAGGGCAG-1","0","Tubb3",0
"ACCTACTTCATCACCT-1","6","Tubb3",0
"ACCTACTTCCAGATGC-1","3","Tubb3",1.39749811192432
"ACCTCCGCAAAGGTCT-1","0","Tubb3",0.552050720053683
"ACCTCGCTCACCTAGA-1","0","Tubb3",0
"ACCTCGCTCAGTAATC-1","8","Tubb3",0
"ACCTCGCTCGCTCTCA-1","3","Tubb3",0
"ACCTCGCTCTAAGCAT-1","8","Tubb3",0.58753788436969
"ACCTCTTAGCGAAGTG-1","4","Tubb3",0
"ACCTCTTAGTTAGCAT-1","0","Tubb3",0
"ACCTGAATCAGCTGGT-1","3","Tubb3",0
"ACCTGATGTTCTGTGG-1","6","Tubb3",0
"ACCTGCCTCATGGATT-1","0","Tubb3",0
"ACCTGCCTCGATGGGA-1","4","Tubb3",0
"ACCTGCCTCGCGTTAA-1","1","Tubb3",0
"ACCTGGACACAACCAG-1","2","Tubb3",0
"ACCTGGACACCATTGC-1","15","Tubb3",0.667335264740566
"ACCTGGACATAATCCT-1","0","Tubb3",0
"ACCTGGGTCGACTAGC-1","2","Tubb3",0
"ACCTGTCCATCACTTG-1","2","Tubb3",0
"ACCTGTCCATGGTAGT-1","0","Tubb3",0
"ACCTTAAGTAAGTTCC-1","2","Tubb3",0
"ACCTTAAGTCAATCTA-1","1","Tubb3",0.614355175244532
"ACCTTCACAATGTCGG-1","14","Tubb3",0
"ACCTTCACATGCGGAC-1","0","Tubb3",0
"ACCTTCACATTGGCAG-1","0","Tubb3",0.64641078964292
"ACGAAATGTGAGGTGT-1","3","Tubb3",0
"ACGAAATGTTCGATTA-1","1","Tubb3",0.681624702419612
"ACGAAATGTTTGCGTG-1","2","Tubb3",1.11611375288214
"ACGAAGGTCCCGCAGA-1","6","Tubb3",0
"ACGAATCCACTTGAGG-1","0","Tubb3",0
"ACGAATCCAGCAGGCT-1","7","Tubb3",0
"ACGAATGGTGAGTGTA-1","1","Tubb3",0
"ACGAATGGTGGACAGT-1","2","Tubb3",0
"ACGACAAGTAACCGGG-1","6","Tubb3",0
"ACGACATCAGTTAGCG-1","4","Tubb3",0.501252418199795
"ACGACATCATGCGGAC-1","4","Tubb3",0
"ACGAGCAAGCCACATA-1","3","Tubb3",0
"ACGAGTAGTAGTTACC-1","5","Tubb3",0
"ACGAGTAGTCAGCGGA-1","8","Tubb3",0
"ACGAGTGAGCCCTGCT-1","11","Tubb3",2.25584536688784
"ACGAGTGAGGTATATC-1","0","Tubb3",1.2033548257956
"ACGAGTGAGTGTCAAT-1","3","Tubb3",0
"ACGATGGAGATTCCTC-1","2","Tubb3",0
"ACGATGGAGGAACCAG-1","4","Tubb3",1.20463432155924
"ACGATGGAGTGATGCC-1","0","Tubb3",0
"ACGCAATCACTATCTG-1","0","Tubb3",0.621050323135403
"ACGCACTAGTTGCACA-1","4","Tubb3",0.379995566567707
"ACGCAGCCACTTAGGG-1","0","Tubb3",0.946254939009823
"ACGCAGCCAGGGCAAG-1","8","Tubb3",0
"ACGCCATAGTTACGGC-1","2","Tubb3",0.736500260492154
"ACGCCCAAGATTGCAT-1","3","Tubb3",0
"ACGCCCAAGTCGAACC-1","1","Tubb3",0
"ACGCGAGGTTGCAGCC-1","3","Tubb3",0
"ACGCGGTCAACCCGTT-1","0","Tubb3",0
"ACGCGGTCATCATACT-1","1","Tubb3",0.481952820615017
"ACGCTAATCTATGCCT-1","0","Tubb3",0
"ACGCTCAGTTTACCGG-1","0","Tubb3",0.512216147040639
"ACGCTGACACTTCGAC-1","2","Tubb3",0
"ACGCTGACATCCCGAT-1","13","Tubb3",0
"ACGCTGACATTACGTT-1","0","Tubb3",0
"ACGGACAAGTAGTCAT-1","0","Tubb3",1.11763460137721
"ACGGACCCAACTGTGG-1","3","Tubb3",0
"ACGGACCCATGCGGAC-1","5","Tubb3",0
"ACGGATAGTGGCGCTT-1","3","Tubb3",0
"ACGGATTCATGAGCTG-1","16","Tubb3",0
"ACGGCACCATCCCATA-1","2","Tubb3",1.21698499628156
"ACGGCAGGTCATGATC-1","0","Tubb3",0.827313909994654
"ACGGCAGGTCTAACCG-1","3","Tubb3",0
"ACGGCCATCACTTCCG-1","16","Tubb3",0
"ACGGCCATCCGCGCTT-1","2","Tubb3",0
"ACGGGATGTCATCCAG-1","4","Tubb3",0
"ACGGGCAGTCAATCAC-1","0","Tubb3",1.19791703111223
"ACGGGCAGTCTCCAAG-1","1","Tubb3",0
"ACGGGGACATGACACG-1","0","Tubb3",0
"ACGGGGTAGGGGTTGA-1","3","Tubb3",0
"ACGGGTAAGAACCTTG-1","2","Tubb3",0
"ACGGGTTTCATGATCG-1","2","Tubb3",1.0658520724787
"ACGGTCACAATACTGA-1","5","Tubb3",0.353304578710295
"ACGGTCACACCTCGAT-1","0","Tubb3",0
"ACGGTTATCAGTTCGA-1","1","Tubb3",1.33400717722993
"ACGTAAGGTTGCTCAG-1","7","Tubb3",0
"ACGTCCCTCCATCCCA-1","2","Tubb3",0
"ACGTCCCTCGCGATTA-1","4","Tubb3",0.642926262157145
"ACGTCCTCAAGCGTGC-1","2","Tubb3",0
"ACGTCTAAGAATCGTT-1","8","Tubb3",0
"ACGTCTAAGGAGCTAG-1","2","Tubb3",0
"ACGTGTTGTATGTCCG-1","8","Tubb3",0
"ACGTGTTGTGAGCACG-1","4","Tubb3",0.928723649373909
"ACGTGTTGTTTACGCG-1","3","Tubb3",0
"ACGTGTTGTTTCGGGC-1","0","Tubb3",0
"ACGTTCAAGCATAGCC-1","0","Tubb3",0
"ACGTTCCCAAGCACTG-1","8","Tubb3",0
"ACGTTTGAGCGATACC-1","5","Tubb3",0
"ACGTTTGAGCGCCAAT-1","4","Tubb3",0
"ACGTTTGAGGGGATGC-1","3","Tubb3",0
"ACGTTTGAGTGCTGTA-1","0","Tubb3",0.93436443567674
"ACTAAGCCAAACCCAG-1","0","Tubb3",0.728312399823654
"ACTAATGCAACATTGA-1","0","Tubb3",0
"ACTAATGCAGGCATAT-1","11","Tubb3",0.357620326674263
"ACTACAACAATTCGGG-1","4","Tubb3",0
"ACTACATAGAAGGTCG-1","2","Tubb3",0
"ACTACCCCAATATGTG-1","10","Tubb3",0
"ACTACTTCAACGTTAA-1","4","Tubb3",0.958673424885804
"ACTACTTCACCTTAAT-1","3","Tubb3",1.35609648983678
"ACTATCCTCCATCCTG-1","1","Tubb3",0.299827443149273
"ACTATCCTCCCTTGAT-1","0","Tubb3",0.615174152824935
"ACTATCCTCCGGTGAT-1","2","Tubb3",0.725496851936225
"ACTATGGTCATGGTCA-1","1","Tubb3",0
"ACTATGGTCCTCTACG-1","7","Tubb3",0
"ACTATTGGTAAGGTAT-1","0","Tubb3",0.770400486145903
"ACTCAATAGGATTACT-1","2","Tubb3",0
"ACTCACTTCAGCGAAG-1","2","Tubb3",0
"ACTCACTTCTAGTGTG-1","0","Tubb3",1.39646746577879
"ACTCAGGCAGTTAATG-1","14","Tubb3",0
"ACTCCAAAGCATCGAC-1","1","Tubb3",0
"ACTCCACCAATCTAAG-1","0","Tubb3",0
"ACTCCCATCCCATGAA-1","0","Tubb3",0
"ACTCCCATCGATCATG-1","3","Tubb3",0
"ACTCCCGCAGGATGCC-1","6","Tubb3",0
"ACTCCCTGTGACTTCG-1","0","Tubb3",0.630598476898714
"ACTCCGCTCGTCTATC-1","7","Tubb3",0.692772391374473
"ACTCCTTAGCGAAGCA-1","2","Tubb3",0
"ACTCGAATCAGCGATC-1","6","Tubb3",0
"ACTCGATGTCTAGCCA-1","0","Tubb3",0.352248304125097
"ACTCGATGTGCAACGG-1","0","Tubb3",0
"ACTCGCCTCAATTCGG-1","4","Tubb3",0
"ACTCGTCCATGACGGC-1","5","Tubb3",0
"ACTCGTCCATTCGCAC-1","0","Tubb3",0.402126537946605
"ACTCTAAGTTAGCACT-1","6","Tubb3",0
"ACTCTGTTCAGCAATT-1","3","Tubb3",0
"ACTCTGTTCAGCGATC-1","0","Tubb3",0
"ACTCTGTTCCCTGTCA-1","1","Tubb3",1.12859851339509
"ACTCTGTTCCGCATCC-1","2","Tubb3",0.830222228791509
"ACTGAGGAGGTTGGGA-1","0","Tubb3",0
"ACTGATTAGCGAAGTG-1","4","Tubb3",0
"ACTGCAATCGATCAGC-1","1","Tubb3",0
"ACTGCCCTCGTGAACC-1","0","Tubb3",0
"ACTGCTAAGATAGGGT-1","2","Tubb3",0.719554786407743
"ACTGCTGGTGAGGTTA-1","0","Tubb3",0
"ACTGCTGGTTGCGGCT-1","2","Tubb3",0
"ACTGGTCAGGCGATAG-1","6","Tubb3",0
"ACTGGTCAGTAGGAAC-1","9","Tubb3",0
"ACTGGTTGTCTCACTC-1","2","Tubb3",0
"ACTGGTTGTGAGTGTA-1","4","Tubb3",0
"ACTGGTTGTTAGCAAG-1","0","Tubb3",0
"ACTGGTTGTTGTGGTT-1","5","Tubb3",0
"ACTGTCAAGGATAGGT-1","1","Tubb3",0
"ACTGTTAGTTAGCGTT-1","4","Tubb3",0.596339508876217
"ACTGTTGAGCAGGTTC-1","0","Tubb3",0.876192706605152
"ACTGTTGAGTAACCCA-1","0","Tubb3",0
"ACTTAACAGGTACACC-1","0","Tubb3",0
"ACTTACCTCCGTTACT-1","0","Tubb3",0.604285580449384
"ACTTAGGTCCAGCGTG-1","0","Tubb3",1.68893498174818
"ACTTCGCCAAATGGTC-1","0","Tubb3",0
"ACTTCGCCAACCAGAT-1","1","Tubb3",1.49331900739504
"ACTTGAGTCCCAGAGT-1","9","Tubb3",0
"ACTTGCTTCTGGCCCT-1","2","Tubb3",0
"ACTTGGATCATGGTGC-1","0","Tubb3",0
"ACTTGGGCAATACTCT-1","0","Tubb3",0
"ACTTGGGCAGGTTCAG-1","8","Tubb3",0
"ACTTTAGGTAACTCTA-1","0","Tubb3",0.754480587700414
"ACTTTAGGTGATGGTA-1","1","Tubb3",0
"ACTTTCATCACACTGA-1","5","Tubb3",0.56669215947313
"ACTTTCATCGCTCCGT-1","0","Tubb3",0
"ACTTTCGCAACTTAGA-1","0","Tubb3",0
"ACTTTGCTCACACTGA-1","2","Tubb3",0.725716858017311
"ACTTTGGAGCTTCCAT-1","7","Tubb3",0
"AGAAGGGGTGAGGATC-1","0","Tubb3",0.677283516586778
"AGAAGGGGTGATGCGG-1","0","Tubb3",0
"AGAAGGGGTTCCTCTA-1","0","Tubb3",0
"AGAAGGGGTTGAAGTG-1","1","Tubb3",0
"AGAAGGTTCTAGTCTC-1","13","Tubb3",0
"AGAAGTCAGAACGAGT-1","6","Tubb3",0
"AGAAGTCAGGCGTCCA-1","0","Tubb3",0.976681590491645
"AGAAGTCAGGGCTACT-1","0","Tubb3",0
"AGAAGTTGTCTCACGA-1","0","Tubb3",1.14896954190212
"AGAAGTTGTGAAGCAC-1","11","Tubb3",0
"AGAATAGTCCCAATGA-1","2","Tubb3",0.860699823350883
"AGACAACAGCGCGATT-1","8","Tubb3",1.06973549262296
"AGACAACAGTAGCTCA-1","2","Tubb3",0.886967196072938
"AGACACAGTAATCCGT-1","8","Tubb3",0
"AGACACAGTTCCAGAT-1","6","Tubb3",0
"AGACACAGTTGAAGGC-1","0","Tubb3",0
"AGACAGACATCACACC-1","0","Tubb3",0
"AGACATAAGGTTGGAG-1","0","Tubb3",0
"AGACATAAGTATCTGG-1","0","Tubb3",1.00924437556721
"AGACATCCAAGTGCGC-1","5","Tubb3",0
"AGACATCCAATCGAGT-1","13","Tubb3",0
"AGACATCCATGATCCC-1","0","Tubb3",0.693797814951407
"AGACATGGTTTGGAGA-1","4","Tubb3",0.499794374365541
"AGACGAACAGCCAATG-1","5","Tubb3",0
"AGACGAACAGGTTAGT-1","14","Tubb3",0
"AGACGATAGCAAGCTC-1","0","Tubb3",0
"AGACGCAAGTCGAAGG-1","6","Tubb3",0
"AGACGCAAGTGCTTAG-1","0","Tubb3",1.13689480654959
"AGACGCGGTTGGGATA-1","8","Tubb3",0
"AGACGCGGTTTCGCAG-1","16","Tubb3",0.522757180155948
"AGACGGATCACGCGCA-1","0","Tubb3",0
"AGACGGATCACTTGCT-1","0","Tubb3",0.584077560106685
"AGACGGATCTATCGTC-1","2","Tubb3",0
"AGACGGGCAATACGGT-1","0","Tubb3",0
"AGACGTAGTTCAAGTC-1","4","Tubb3",0.462623521948113
"AGACTCGCATAGATGC-1","0","Tubb3",0
"AGACTCGCATGGTACG-1","2","Tubb3",0.794417089474992
"AGACTTACATTACAGA-1","7","Tubb3",0
"AGAGAATCAGCTATGG-1","0","Tubb3",0
"AGAGACTAGAATCATC-1","0","Tubb3",0.894080584548499
"AGAGACTAGTCAGGTC-1","1","Tubb3",0
"AGAGAGAAGGAGTAGT-1","1","Tubb3",0
"AGAGATGCAAACCAGT-1","0","Tubb3",0.723413714776784
"AGAGATGCATTCCTCT-1","0","Tubb3",0.678572657402677
"AGAGATTGTTTCCGCT-1","3","Tubb3",0
"AGAGGCATCTAGTTCC-1","2","Tubb3",0
"AGAGGGTCAAATGGCT-1","0","Tubb3",0
"AGAGTATGTGAGCGTG-1","0","Tubb3",0
"AGAGTATGTTAGCGAA-1","3","Tubb3",0
"AGAGTCAGTTGGACGG-1","9","Tubb3",0
"AGAGTTGGTGGCTTGC-1","3","Tubb3",0
"AGAGTTGGTTCACGAT-1","5","Tubb3",0
"AGAGTTGGTTGCGAGG-1","1","Tubb3",0
"AGCAAATGTTAGCAAG-1","0","Tubb3",0.851356447369256
"AGCAAATGTTTCGTCC-1","11","Tubb3",0
"AGCAATCCACCATGAG-1","12","Tubb3",0
"AGCAATTTCAATCCAG-1","5","Tubb3",0
"AGCAATTTCGAGTGGA-1","3","Tubb3",0
"AGCAATTTCGCGTTCC-1","11","Tubb3",0
"AGCAATTTCGCTAGTA-1","9","Tubb3",0
"AGCACCACAGGTTCCT-1","13","Tubb3",1.8826706909194
"AGCACGCCAACCGTCT-1","2","Tubb3",0
"AGCACGCCACCTGTGT-1","4","Tubb3",0.335424114031641
"AGCACGTTCCAATTCC-1","0","Tubb3",1.24566570662461
"AGCACTATCAATTCGG-1","6","Tubb3",0
"AGCACTATCACCAAGC-1","2","Tubb3",0
"AGCACTATCCTCTCCT-1","2","Tubb3",0.68514437146021
"AGCACTATCTGGCTAA-1","2","Tubb3",0.633033094416895
"AGCACTTGTGAGATTG-1","8","Tubb3",0
"AGCACTTGTTGACGTT-1","4","Tubb3",0
"AGCAGCAAGGAGTATA-1","1","Tubb3",0
"AGCAGCAAGGTTGGAG-1","12","Tubb3",0
"AGCAGGATCACACCGG-1","1","Tubb3",0.70896405881062
"AGCAGGATCATCTACC-1","15","Tubb3",0.778022670160522
"AGCAGGATCGATTCCT-1","0","Tubb3",1.21138123177887
"AGCAGGATCTGGGACT-1","8","Tubb3",0
"AGCATCATCGTGAACC-1","3","Tubb3",0
"AGCATCTGTGCAGGTG-1","1","Tubb3",0
"AGCATTGTCAGCCCAG-1","0","Tubb3",0
"AGCATTTAGAACGATA-1","0","Tubb3",0
"AGCATTTAGCTACTGA-1","7","Tubb3",0
"AGCATTTAGGGCTCAT-1","4","Tubb3",0.286330166099683
"AGCCAAAGTGATCCAT-1","7","Tubb3",0.616269632572741
"AGCCAATCATTACGGG-1","0","Tubb3",0
"AGCCAGCCAAGCCTAG-1","2","Tubb3",0
"AGCCAGCCAAGGTGCC-1","10","Tubb3",0
"AGCCAGCCAAGTAACC-1","1","Tubb3",0
"AGCCAGCCATCATACT-1","6","Tubb3",0
"AGCCATTGTCAGCGAG-1","6","Tubb3",0
"AGCCCCAAGGGTACTC-1","5","Tubb3",0
"AGCCCCAAGTGAGACG-1","0","Tubb3",0
"AGCCCGATCACCTGGG-1","4","Tubb3",0.483711730763153
"AGCCCGATCTGGGACT-1","3","Tubb3",0
"AGCCCTAGTCATGCTG-1","9","Tubb3",0
"AGCCGAAAGAATCCGC-1","0","Tubb3",0.662382860992611
"AGCCGAAAGGATATAG-1","2","Tubb3",0
"AGCCGATTCCCTGGCT-1","2","Tubb3",1.31867792992014
"AGCCGATTCGCGCTAG-1","0","Tubb3",1.00891208770718
"AGCCGTTAGCATGGGA-1","14","Tubb3",0
"AGCCGTTAGGAACCAG-1","9","Tubb3",0
"AGCCGTTAGGCAAGGC-1","2","Tubb3",0
"AGCCTGGTCGATGATT-1","14","Tubb3",0
"AGCCTTGGTGGACTGG-1","4","Tubb3",0.629941572033342
"AGCGAACGTGAGTCCC-1","0","Tubb3",0
"AGCGAACGTTCGATTA-1","0","Tubb3",0
"AGCGAATAGAAGCATA-1","4","Tubb3",0
"AGCGAATAGCATTCAG-1","5","Tubb3",0
"AGCGACCCATTCGGGA-1","0","Tubb3",0
"AGCGATGAGCCTGCTC-1","0","Tubb3",0
"AGCGATGAGGTAACGG-1","2","Tubb3",0
"AGCGATTCAAACCTAA-1","0","Tubb3",0.49657667802447
"AGCGATTCAATACGGT-1","0","Tubb3",0
"AGCGATTCATTACGGG-1","0","Tubb3",0
"AGCGCACCACTTGGGA-1","5","Tubb3",0
"AGCGCACCATCACGAG-1","8","Tubb3",0
"AGCGCAGGTAGTTAGG-1","2","Tubb3",0
"AGCGCAGGTGGCCTAC-1","2","Tubb3",0
"AGCGCATTCATCTGTC-1","2","Tubb3",0.691949336535706
"AGCGCATTCGAGTCCG-1","0","Tubb3",0.909386764444144
"AGCGCCATCCCGTTCA-1","2","Tubb3",0.697171330859671
"AGCGGGACAATTAGTG-1","0","Tubb3",0.809336303239149
"AGCGGGACACCAGGGT-1","1","Tubb3",0
"AGCGGTAAGGATAGTA-1","2","Tubb3",1.30965515079819
"AGCGGTTTCTTGAGCA-1","0","Tubb3",0
"AGCGTAAGTCTTGACG-1","13","Tubb3",0
"AGCGTCCGTCATGTGT-1","0","Tubb3",0
"AGCTAAGGTTGTCCTC-1","8","Tubb3",0
"AGCTAATTCCATGCAA-1","7","Tubb3",0.422838702790183
"AGCTAATTCTAACCTC-1","12","Tubb3",0
"AGCTACGCATGCTTCA-1","8","Tubb3",0
"AGCTATGTCAGGTCCG-1","2","Tubb3",0.735706794978741
"AGCTGAGAGCCTCTGC-1","3","Tubb3",0
"AGCTTACGTCTGGGTC-1","4","Tubb3",0
"AGCTTAGTCCGCGGTA-1","0","Tubb3",0
"AGCTTATAGTAGACTT-1","1","Tubb3",0.793819067856151
"AGCTTTAGTTAGGCAA-1","2","Tubb3",0.868252497324157
"AGGAACTAGCGATCCG-1","3","Tubb3",0
"AGGAATATCCTCAGTT-1","0","Tubb3",1.46301259764646
"AGGAATATCGAATGGG-1","0","Tubb3",1.14794023182334
"AGGAATATCGATCGTA-1","5","Tubb3",0
"AGGAATGCAACTACTT-1","4","Tubb3",0
"AGGAATGCAATAGGAG-1","5","Tubb3",0
"AGGACATAGCCACTAA-1","12","Tubb3",0
"AGGACCAAGCGGTCAT-1","0","Tubb3",0.822633512469048
"AGGACCAAGTGATCCA-1","3","Tubb3",0
"AGGACCCCATAAGGCT-1","15","Tubb3",0
"AGGACTAGTCAGTCGC-1","2","Tubb3",0
"AGGACTGAGGTTCCTT-1","6","Tubb3",0
"AGGACTGAGTAAGTCT-1","1","Tubb3",0
"AGGAGCCAGCAACCCG-1","3","Tubb3",0
"AGGAGCCAGGGGACAC-1","3","Tubb3",1.95193426365869
"AGGATCAGTGATCAAG-1","0","Tubb3",0.843808382164073
"AGGCAAGTCCCAGTAA-1","5","Tubb3",0
"AGGCAATAGCAAGCTC-1","8","Tubb3",0.893739095543858
"AGGCACGGTCATCCTC-1","4","Tubb3",0.786032497273612
"AGGCACGGTGAAGTCA-1","5","Tubb3",0
"AGGCACGGTGATGGCG-1","14","Tubb3",0
"AGGCATAGTTTACCAA-1","1","Tubb3",0.841323742987862
"AGGCATTCAATATCTC-1","0","Tubb3",0
"AGGCATTCACTTGGTC-1","2","Tubb3",0
"AGGCCAAAGCATGTCA-1","6","Tubb3",0
"AGGCCAAAGGTACCGT-1","2","Tubb3",0.691949336535706
"AGGCCAGGTATTGGAG-1","0","Tubb3",1.02341811426194
"AGGCCAGGTGGAGACT-1","10","Tubb3",0
"AGGCCCATCGACCATA-1","7","Tubb3",0
"AGGCGCAGTAGTGCCC-1","13","Tubb3",0
"AGGCGGACAGTTAGCG-1","0","Tubb3",0.859520019880326
"AGGCTCCGTTCCCATC-1","1","Tubb3",0
"AGGCTTATCCGGTGTG-1","2","Tubb3",0
"AGGGAACCAAGCCATG-1","0","Tubb3",0
"AGGGAACCAGGTTCCT-1","0","Tubb3",0.699252606090047
"AGGGAACCAGGTTGCA-1","0","Tubb3",0.747214401830221
"AGGGAACCATGCGTCT-1","1","Tubb3",0.651865521586641
"AGGGAAGGTAGGTTAG-1","2","Tubb3",0
"AGGGAAGGTTCCCAGA-1","0","Tubb3",0.763055488659631
"AGGGATTAGATACTCG-1","0","Tubb3",0
"AGGGCATGTTGGCATT-1","15","Tubb3",0.836178286762046
"AGGGCTGGTAACCACT-1","3","Tubb3",0
"AGGGCTGGTTGCACGC-1","6","Tubb3",0
"AGGGCTGGTTTCACGG-1","10","Tubb3",0
"AGGGGTTGTAAGTTCC-1","8","Tubb3",0
"AGGGGTTGTTGCTCGA-1","4","Tubb3",0
"AGGGTACGTCTGTGAT-1","0","Tubb3",0
"AGGGTACGTGGAAGCT-1","9","Tubb3",0
"AGGGTATAGAAGGGCC-1","1","Tubb3",0
"AGGGTCAAGGTACGAG-1","3","Tubb3",0
"AGGGTCAAGTACGGCT-1","6","Tubb3",0
"AGGGTTAGTGAGTCCC-1","6","Tubb3",0
"AGGGTTGAGTCAGCCG-1","9","Tubb3",0
"AGGTAAATCCCTGTAT-1","6","Tubb3",0
"AGGTAACAGGGCTTCG-1","1","Tubb3",0
"AGGTAACAGTCATGTG-1","0","Tubb3",0
"AGGTAATGTAATGGTG-1","6","Tubb3",0
"AGGTAATGTAGCAGTA-1","0","Tubb3",0.690358889568046
"AGGTAATGTCTCCACT-1","0","Tubb3",0.717345879411394
"AGGTAGTAGGTATCTG-1","1","Tubb3",0
"AGGTAGTAGTGAATGA-1","14","Tubb3",0.971447837622666
"AGGTATGGTTTAGCCG-1","2","Tubb3",0
"AGGTGATAGTGCGCTG-1","10","Tubb3",0
"AGGTGCAAGTGCTCGG-1","13","Tubb3",0.847069354245107
"AGGTGCTTCACTGGGT-1","2","Tubb3",0
"AGGTGCTTCAGCATCA-1","3","Tubb3",1.95713651911897
"AGGTGCTTCCCGTTCA-1","1","Tubb3",0
"AGGTGCTTCTGGATCA-1","1","Tubb3",0
"AGGTGCTTCTGGCCGA-1","0","Tubb3",0.785285375433038
"AGGTTAAAGATTAAGG-1","2","Tubb3",0
"AGGTTAAAGGTAATCT-1","3","Tubb3",0
"AGGTTAAAGTAGCGGA-1","0","Tubb3",0
"AGGTTAGGTGCACGCT-1","1","Tubb3",0.64215719221051
"AGGTTAGGTTAGTCAC-1","1","Tubb3",0
"AGGTTCATCGTAACCA-1","1","Tubb3",0
"AGGTTCATCTATCACC-1","0","Tubb3",0
"AGGTTGGAGATTCACG-1","0","Tubb3",0.650723102606646
"AGTAACGGTAGGTGCG-1","11","Tubb3",0
"AGTAACGGTCAGTCAT-1","4","Tubb3",0
"AGTAACGGTTCTGTCC-1","0","Tubb3",0
"AGTAATGAGCCATTGA-1","0","Tubb3",0.576118632313859
"AGTACACCAGGATCTG-1","0","Tubb3",0.651777495804185
"AGTACCATCCGTGCGA-1","1","Tubb3",1.27350078737583
"AGTACCATCCTTGATC-1","1","Tubb3",0
"AGTACTTAGCTAACTG-1","3","Tubb3",0
"AGTATCACACCTTCAA-1","2","Tubb3",0
"AGTATCCGTATGTCAC-1","3","Tubb3",0
"AGTATGAAGATTAGAG-1","0","Tubb3",1.13941728346886
"AGTATGGGTGAGTCCC-1","5","Tubb3",0
"AGTATGGGTTATCCGG-1","7","Tubb3",0
"AGTATGGGTTGAGCAA-1","6","Tubb3",0
"AGTATGGGTTGCTCGA-1","4","Tubb3",0
"AGTATGGGTTTAGTGC-1","1","Tubb3",0.59382311742421
"AGTATGTTCCCGCAGA-1","11","Tubb3",0
"AGTATGTTCGTAATCG-1","8","Tubb3",0
"AGTATTCAGATTAGAG-1","0","Tubb3",0
"AGTATTCAGCTAACTG-1","3","Tubb3",0
"AGTATTCAGGCTTGGT-1","0","Tubb3",0
"AGTATTCAGGTGCTTA-1","2","Tubb3",0
"AGTCAAGGTGATAGGC-1","2","Tubb3",0
"AGTCACGCAATAGTTG-1","9","Tubb3",0
"AGTCACGCAGGTTACG-1","0","Tubb3",0.855456458653133
"AGTCACGCAGTAATTG-1","4","Tubb3",0
"AGTCAGCTCTGTGCCC-1","5","Tubb3",0
"AGTCAGGAGGTTAGCC-1","9","Tubb3",0
"AGTCAGGAGTCGCACG-1","0","Tubb3",0.88308099251759
"AGTCAGTCATGGCTTC-1","8","Tubb3",0
"AGTCCAGCAGCACTGA-1","8","Tubb3",0
"AGTCCCAGTGAGACGT-1","2","Tubb3",0
"AGTCCCAGTGGCTCAC-1","5","Tubb3",0
"AGTCCTAAGTGACCCG-1","8","Tubb3",0
"AGTCGATCAATATGCA-1","7","Tubb3",0.804320806828655
"AGTCGGGGTTATGGGA-1","12","Tubb3",0
"AGTCGGTTCCATCGGG-1","9","Tubb3",0
"AGTCGGTTCCATGAAT-1","0","Tubb3",0.772338309399777
"AGTCGTTGTGAACCGG-1","6","Tubb3",0
"AGTCGTTGTGACTTCG-1","7","Tubb3",0
"AGTCTCAAGATTAAGG-1","3","Tubb3",0
"AGTCTCAAGCCAGACT-1","8","Tubb3",0
"AGTCTCAAGCGCATTA-1","3","Tubb3",0
"AGTCTTGAGCTTCCCA-1","1","Tubb3",0.652791280550227
"AGTCTTGAGGGCTACT-1","3","Tubb3",0
"AGTGAATGTAAGCTAG-1","13","Tubb3",0
"AGTGAATGTCAATCAC-1","4","Tubb3",0.447297422408377
"AGTGAATGTTCGCGGT-1","4","Tubb3",0.703763692536909
"AGTGACAGTAGTAGAT-1","4","Tubb3",0
"AGTGAGGTCAGCGAGA-1","0","Tubb3",1.13063043513267
"AGTGAGTAGCCAGTCG-1","1","Tubb3",0
"AGTGAGTAGCGCATTA-1","3","Tubb3",2.03398882528649
"AGTGATCCATCACAGG-1","0","Tubb3",0
"AGTGATGGTGAGACTA-1","6","Tubb3",0
"AGTGATGGTTGGCGTC-1","0","Tubb3",0
"AGTGCAAGTAGGTATG-1","2","Tubb3",0
"AGTGCCCGTAGCAGGT-1","4","Tubb3",0
"AGTGCCCGTAGCGCCT-1","0","Tubb3",0
"AGTGCGCCAATTGGAC-1","0","Tubb3",0
"AGTGCGCCATAAGCAC-1","0","Tubb3",1.07785165271537
"AGTGCGCCATTGACGG-1","8","Tubb3",0
"AGTGCTCAGGGTCTCG-1","2","Tubb3",0
"AGTGCTTGTAATCCGT-1","2","Tubb3",0.642969044130248
"AGTGCTTGTTAAGGAT-1","1","Tubb3",0.643011831992228
"AGTGCTTGTTGCGAGG-1","9","Tubb3",0
"AGTGGAACAAGGTAAG-1","12","Tubb3",0
"AGTGGATAGCTAGTGC-1","2","Tubb3",0
"AGTGGATAGTACCATG-1","1","Tubb3",0
"AGTGGATAGTTACGGC-1","0","Tubb3",0
"AGTGGCGGTTGGCATT-1","0","Tubb3",0
"AGTGGCTTCCGCGTCT-1","1","Tubb3",0
"AGTGGTGAGTTACGAT-1","4","Tubb3",0
"AGTGGTTCAATGCCCT-1","3","Tubb3",0
"AGTGTAAAGGTACACC-1","3","Tubb3",0
"AGTGTAAAGTATGTCG-1","1","Tubb3",0.586332596357911
"AGTGTAAAGTGACCCG-1","0","Tubb3",0
"AGTGTCATCCGTAGGT-1","7","Tubb3",0.494571395942594
"AGTGTGAGTAGCTGCC-1","2","Tubb3",0
"AGTGTTGTCGAATCAT-1","0","Tubb3",0
"AGTGTTGTCGACCAAC-1","3","Tubb3",0
"AGTTAGAAGTCAACTG-1","1","Tubb3",0
"AGTTAGCCACTAGCCT-1","0","Tubb3",0
"AGTTAGCCACTCAATT-1","8","Tubb3",0
"AGTTAGCCATTAGCAA-1","11","Tubb3",0
"AGTTATCAGGCAACGA-1","2","Tubb3",0
"AGTTATCAGGGTAGAT-1","12","Tubb3",0
"AGTTGAAAGGAACCTC-1","1","Tubb3",0.680443770155239
"AGTTGAAAGTTAGCCA-1","0","Tubb3",0
"AGTTGCATCACGTTGA-1","16","Tubb3",0
"AGTTGCATCGCTCACC-1","8","Tubb3",0.744592481083309
"AGTTGGGAGATTCGTG-1","1","Tubb3",1.0875362260689
"AGTTGGGAGCATGCCG-1","8","Tubb3",0
"AGTTTCAGTTTCGTAA-1","0","Tubb3",0.951395204590135
"ATAACCACAGGATTCG-1","3","Tubb3",1.78698381180541
"ATAACCACATCGGTAG-1","1","Tubb3",0.597624351389087
"ATAACGAAGAATCCGC-1","0","Tubb3",1.81969276298341
"ATAACGAAGGATGGGC-1","0","Tubb3",0
"ATAACGAAGTCAGCGT-1","5","Tubb3",0
"ATAACGGGTGAGTCCC-1","8","Tubb3",0
"ATAACGTTCACATGGC-1","5","Tubb3",0
"ATAACGTTCCATAGTG-1","5","Tubb3",1.1436976082489
"ATAACGTTCGCGCCTT-1","2","Tubb3",1.08150945386074
"ATAAGCAAGATAGTTC-1","0","Tubb3",0.794749733497585
"ATAAGCAAGCAAGTCC-1","0","Tubb3",0
"ATAAGCTTCGCTGATA-1","2","Tubb3",0
"ATAAGGATCGTTAGCA-1","0","Tubb3",0
"ATAATCGCAATTCATC-1","6","Tubb3",0
"ATAATGCTCATATAGC-1","0","Tubb3",0.807129638100483
"ATAATGCTCCGTAAGC-1","2","Tubb3",0
"ATACCAACAGCCAATG-1","1","Tubb3",0.905859153164339
"ATACCCTTCCGCACCT-1","0","Tubb3",0
"ATACCTAGTGGCCATC-1","2","Tubb3",0
"ATACGAAAGGAGGCTA-1","1","Tubb3",0
"ATACGTTAGCCAGGTT-1","6","Tubb3",0
"ATACGTTAGCCGACCA-1","1","Tubb3",0
"ATACGTTAGTCAAGTT-1","0","Tubb3",0
"ATACTCCTCCGCCATC-1","11","Tubb3",0
"ATACTGACAATCAAGC-1","9","Tubb3",0
"ATACTGGTCACCAATG-1","14","Tubb3",0
"ATACTGGTCTATCCAC-1","0","Tubb3",0
"ATAGCAAAGCGGTACT-1","0","Tubb3",0
"ATAGCAGGTTTGACTA-1","5","Tubb3",0.750563366782098
"ATAGCCATCTGGTCAA-1","0","Tubb3",0.520613630132154
"ATAGGCCTCCGCTACC-1","3","Tubb3",0
"ATAGGCTCAAACTGTA-1","10","Tubb3",0
"ATAGGCTCACAAGGCC-1","2","Tubb3",0
"ATAGGGTAGATTACGT-1","2","Tubb3",0.710224080764049
"ATAGGGTAGCCTGGAT-1","4","Tubb3",0.901142945698363
"ATAGGGTAGCTAGGCT-1","1","Tubb3",0
"ATAGGGTAGGATGCTC-1","3","Tubb3",0
"ATAGGGTAGTTACGTG-1","5","Tubb3",0.916530799094129
"ATAGTCACACAGGATT-1","3","Tubb3",0
"ATAGTCACATCCCTGG-1","0","Tubb3",0
"ATAGTCACATGAGCCA-1","11","Tubb3",0
"ATAGTCCGTTTCCGCT-1","8","Tubb3",0.672646813977836
"ATAGTGAAGTCGAACC-1","1","Tubb3",0
"ATAGTGAAGTTAACGT-1","2","Tubb3",0.638340202283476
"ATATCACAGCGGGAAC-1","0","Tubb3",0
"ATATCACAGGAATGGT-1","2","Tubb3",0.819780950437654
"ATATCACAGGAGCCAA-1","5","Tubb3",0
"ATATCACAGGAGTACG-1","1","Tubb3",0
"ATATCAGCAATAGGCT-1","0","Tubb3",0
"ATATCCCTCCACCTAT-1","0","Tubb3",0.446464924624569
"ATATCCTCAAGTGGCC-1","1","Tubb3",0
"ATATGGCCAGCCTACT-1","4","Tubb3",0.423056583542001
"ATATGGGGTTAGTACC-1","0","Tubb3",1.30513095401268
"ATATGGTTCCCGCTAC-1","1","Tubb3",0
"ATATGGTTCGATGGGA-1","0","Tubb3",1.28501464060932
"ATATGTCAGGTACGTC-1","7","Tubb3",0.577178337061719
"ATATTCCCACTAGCTC-1","0","Tubb3",0
"ATATTCCCATGAGTGT-1","11","Tubb3",0
"ATCAAGGGTTCCTGCT-1","5","Tubb3",1.19872515488138
"ATCACAACATCCTATG-1","9","Tubb3",0
"ATCACCTTCCTGCCTA-1","2","Tubb3",0.993503693908454
"ATCACGATCCGCACCT-1","0","Tubb3",1.29773357211255
"ATCACGATCCGTAGTA-1","0","Tubb3",0
"ATCACTTCAAGGTCGC-1","1","Tubb3",0
"ATCAGGCTCCTCACGC-1","0","Tubb3",0.740179092182775
"ATCAGGTCAACCTGTC-1","11","Tubb3",0
"ATCAGGTCAAGCTCCT-1","4","Tubb3",0.585273322516925
"ATCAGTTAGCCTGAGT-1","9","Tubb3",0
"ATCATCAGTGCGATGG-1","2","Tubb3",0
"ATCATCTCAAGTTCAA-1","13","Tubb3",0
"ATCATCTCACCATGTC-1","0","Tubb3",0
"ATCATGGTCCGTCCTA-1","13","Tubb3",0
"ATCCAAGTCGATCCAA-1","0","Tubb3",0
"ATCCAATAGGTACTAT-1","8","Tubb3",0
"ATCCACAAGGATTAGA-1","0","Tubb3",0
"ATCCATAGTTTGGCAT-1","0","Tubb3",1.21966859190947
"ATCCATGAGCCCTGCT-1","3","Tubb3",0
"ATCCCAAAGAATCAGA-1","2","Tubb3",0.951785585241207
"ATCCCAGGTCTAGTAC-1","3","Tubb3",0
"ATCCCAGGTTAGTGAG-1","2","Tubb3",0
"ATCCCAGGTTGGGTAA-1","5","Tubb3",0
"ATCCCATTCGTTAGAT-1","1","Tubb3",0
"ATCCCGCTCAATCCTC-1","1","Tubb3",0
"ATCCCTTAGCTATCTC-1","3","Tubb3",0
"ATCCGACAGATTGAGA-1","5","Tubb3",0
"ATCCGACAGCCTGACG-1","8","Tubb3",0
"ATCCGACAGCTGAGAG-1","2","Tubb3",1.01129873681236
"ATCCGGGTCATCGAAT-1","10","Tubb3",0
"ATCCGGGTCCACCGCT-1","0","Tubb3",0.710645125528311
"ATCCGTAAGATTCAGT-1","0","Tubb3",0
"ATCCGTAAGGCGTCCA-1","5","Tubb3",0
"ATCCGTCCAAGGTAAG-1","0","Tubb3",0
"ATCCTAGAGCCATAGC-1","1","Tubb3",0
"ATCCTAGAGTCATTGG-1","4","Tubb3",0.939493247624212
"ATCCTCCGTCAATGCT-1","8","Tubb3",0
"ATCCTGAAGCTATGCA-1","5","Tubb3",0
"ATCCTGAAGGCTCTCC-1","8","Tubb3",1.24713682472764
"ATCCTGTTCGCGCGTA-1","3","Tubb3",0
"ATCCTGTTCGTACCTT-1","0","Tubb3",1.42189886841487
"ATCGAACCACTCAATT-1","10","Tubb3",0
"ATCGAACCATGGTTAA-1","1","Tubb3",0
"ATCGAAGGTAGTAACG-1","6","Tubb3",0
"ATCGAAGGTTGGCTGC-1","7","Tubb3",0
"ATCGAGGAGCGCAACT-1","7","Tubb3",0
"ATCGCCCTCACGGACT-1","0","Tubb3",0
"ATCGCCTCACCTTAGC-1","7","Tubb3",0
"ATCGGGCCACTTACTG-1","2","Tubb3",0
"ATCGGTCAGCAGGCAA-1","0","Tubb3",0
"ATCGTAGTCATGTCTC-1","1","Tubb3",0
"ATCGTCAAGTGCTGTA-1","1","Tubb3",0
"ATCTACCTCACACTGA-1","0","Tubb3",0
"ATCTACTCAACCGCAA-1","3","Tubb3",0
"ATCTACTCATCAATTC-1","3","Tubb3",0
"ATCTCCACAATGAAGG-1","5","Tubb3",0
"ATCTGAGTCGATGCGT-1","1","Tubb3",0.656789854017254
"ATCTGCAAGCAGGGTA-1","0","Tubb3",0.992433982885129
"ATCTGCAAGGATGTGG-1","2","Tubb3",0
"ATCTGCAAGTAATGGA-1","4","Tubb3",0
"ATCTGGATCGATGGCT-1","0","Tubb3",0
"ATCTGGATCGCGCAAT-1","5","Tubb3",0
"ATCTGTGAGCGGATTC-1","4","Tubb3",0
"ATCTTAGGTTAGCGAA-1","3","Tubb3",0
"ATCTTAGGTTAGGTAG-1","3","Tubb3",0
"ATGAACCCAACGGCAC-1","4","Tubb3",0.695455144054953
"ATGAACCCAATTACAG-1","4","Tubb3",0
"ATGAACCCAGCAGGAG-1","2","Tubb3",0
"ATGAACCCATGGCAGC-1","12","Tubb3",0
"ATGACAGGTGGCCAGA-1","3","Tubb3",0
"ATGACCCAGCTGGTGT-1","3","Tubb3",0
"ATGACGGAGGCTCTGG-1","0","Tubb3",0
"ATGACGGAGGTCGTAC-1","0","Tubb3",0
"ATGAGGCGTATTGACC-1","4","Tubb3",0.479831097110645
"ATGAGTAAGCATGGGA-1","4","Tubb3",0
"ATGAGTAAGCGACTTA-1","3","Tubb3",0
"ATGAGTAAGGGGACTA-1","0","Tubb3",1.40638845061451
"ATGAGTAAGTGAGAGT-1","11","Tubb3",0
"ATGAGTTTCACCTGGG-1","0","Tubb3",0
"ATGAGTTTCGTTCCAT-1","0","Tubb3",0
"ATGATCCGTTAGCAAG-1","0","Tubb3",0
"ATGATCCGTTCGAGCC-1","0","Tubb3",0.681455737272177
"ATGATGTTCCCAGTCC-1","7","Tubb3",0
"ATGATTGCAAGTCGCA-1","7","Tubb3",0.657954460679603
"ATGATTGCAGTAAGGA-1","6","Tubb3",0
"ATGCAAGGTTGGCTGC-1","11","Tubb3",0
"ATGCAAGGTTGGGCAG-1","7","Tubb3",0
"ATGCAGCTCCAGATTG-1","11","Tubb3",1.32831952739886
"ATGCAGCTCGCTGACG-1","12","Tubb3",0
"ATGCCACAGTAGTTAC-1","9","Tubb3",0
"ATGCCAGCAGTAATGC-1","0","Tubb3",0.83396183206015
"ATGCCCAGTCAATCTA-1","4","Tubb3",0
"ATGCCCAGTTCCAGCA-1","0","Tubb3",0.609028751368045
"ATGCCTAAGGATATGA-1","2","Tubb3",0
"ATGCCTGGTTGCCTAG-1","3","Tubb3",0
"ATGCGGTTCCTTGGTT-1","3","Tubb3",0
"ATGCGGTTCTGGTGAC-1","3","Tubb3",0
"ATGCTAACAACTGTGG-1","4","Tubb3",0.43005723640786
"ATGCTAGTCCATAGAT-1","3","Tubb3",0
"ATGCTCAAGCTAGGGA-1","0","Tubb3",0
"ATGCTGATCCAGGTCG-1","2","Tubb3",1.20827156875706
"ATGCTTAGTGCGGTGA-1","8","Tubb3",0
"ATGGACTCATTCGCTA-1","8","Tubb3",0
"ATGGAGTAGGAATGTA-1","1","Tubb3",1.03738400499787
"ATGGCGAAGTCATAGT-1","1","Tubb3",0
"ATGGCTATCCTCACTG-1","0","Tubb3",0
"ATGGCTATCTGTCTGT-1","0","Tubb3",0
"ATGGCTTGTAATGTGG-1","0","Tubb3",0
"ATGGCTTGTTAGACTC-1","1","Tubb3",0
"ATGGGATAGTTGGATT-1","9","Tubb3",0
"ATGGGCAAGCAGGTCT-1","7","Tubb3",0
"ATGGGCAAGGCTCCTC-1","5","Tubb3",0
"ATGGGCTTCGATCCTT-1","2","Tubb3",0.752338631157737
"ATGGGCTTCTATCGGA-1","10","Tubb3",0
"ATGGGGATCAGCCAAC-1","2","Tubb3",0.767605595202427
"ATGGGGATCGCGCTTC-1","11","Tubb3",0
"ATGGGTAGTAGCTGAA-1","5","Tubb3",0.947897195042191
"ATGGGTAGTCAGTTAC-1","0","Tubb3",0
"ATGGGTAGTGCGATCC-1","11","Tubb3",0
"ATGGGTGAGGATCCGT-1","2","Tubb3",0
"ATGGTAAAGGAACTAA-1","2","Tubb3",0
"ATGGTAGGTTCGCTAG-1","0","Tubb3",0.801396994030928
"ATGGTGAGTGAGTGGT-1","6","Tubb3",0
"ATGGTTACAAGCTGGC-1","3","Tubb3",0
"ATGGTTACAATTGGAC-1","5","Tubb3",0
"ATGGTTACACAAGCAT-1","3","Tubb3",0
"ATGGTTACACCATCTA-1","1","Tubb3",0
"ATGGTTACATCGCTCG-1","2","Tubb3",0
"ATGTAGCCAATGCGTG-1","2","Tubb3",0
"ATGTAGCCACCAACCT-1","0","Tubb3",0
"ATGTAGCCACCATGTC-1","0","Tubb3",0
"ATGTAGCCAGGAGCCT-1","0","Tubb3",0
"ATGTCCTTCCATGCAA-1","14","Tubb3",0
"ATGTCCTTCCCGCTTA-1","4","Tubb3",0
"ATGTGAAAGCAATCAT-1","1","Tubb3",0
"ATGTGAGGTCTTGCTC-1","6","Tubb3",0
"ATGTGCATCTCACACT-1","7","Tubb3",0
"ATGTGGGAGCGAAGTG-1","4","Tubb3",0
"ATGTGGGAGTAGCCCG-1","0","Tubb3",0.411264676293473
"ATGTGTTAGATAGTTC-1","0","Tubb3",1.25814607856977
"ATGTGTTAGGAACCTC-1","6","Tubb3",0
"ATGTGTTAGTTGGGTC-1","6","Tubb3",0
"ATGTTAGCAACGTGGC-1","2","Tubb3",0
"ATGTTCCTCTCATCTA-1","13","Tubb3",0
"ATGTTCTCATGTCGGA-1","0","Tubb3",0
"ATGTTCTCATTCGGCT-1","8","Tubb3",0
"ATTAAGCTCACGCTCC-1","0","Tubb3",0.674578621001465
"ATTAAGCTCCACCAGG-1","7","Tubb3",0
"ATTACAGCAACTCGCT-1","5","Tubb3",0.584639645341016
"ATTACTGGTCAGGCTC-1","3","Tubb3",0
"ATTACTGGTGAGGTAC-1","4","Tubb3",0.817867243467458
"ATTACTGGTTCCGGGT-1","0","Tubb3",0
"ATTCAGGTCGATGGCT-1","0","Tubb3",0.733899848587053
"ATTCAGTAGGGTTGAG-1","10","Tubb3",0
"ATTCATCCAATCATCT-1","3","Tubb3",0
"ATTCATGGTAATGGTG-1","0","Tubb3",0
"ATTCATGGTATGGTCT-1","10","Tubb3",0
"ATTCATGGTGAAGTGC-1","8","Tubb3",0
"ATTCATGGTGCGGACA-1","1","Tubb3",0
"ATTCCATCATCCGCTG-1","10","Tubb3",0
"ATTCCCACATCACATT-1","2","Tubb3",0
"ATTCCGCCAAGCTATA-1","2","Tubb3",0.532587390824883
"ATTCCGGGTCAGCTTG-1","2","Tubb3",0
"ATTCCTTGTCTAAGCT-1","4","Tubb3",1.10119672999613
"ATTCGATAGCGCTCAG-1","6","Tubb3",0
"ATTCGATAGTCAAGCC-1","2","Tubb3",0
"ATTCGATAGTGAACGG-1","8","Tubb3",0
"ATTCGCTTCAATCAAC-1","6","Tubb3",0
"ATTCGCTTCCCGCGTT-1","1","Tubb3",0.526871545183247
"ATTCGGGCAACTGTGG-1","5","Tubb3",0
"ATTCGGGCAATCGTAA-1","0","Tubb3",0
"ATTCGGGCAATTAGGC-1","0","Tubb3",1.0603927100498
"ATTCGTTCAACTAGGT-1","3","Tubb3",0
"ATTCGTTCACTTGGTC-1","2","Tubb3",1.21992085939819
"ATTCGTTCATCGGTCT-1","1","Tubb3",0
"ATTGAGAAGAATCAGA-1","4","Tubb3",0.620572788823129
"ATTGAGAAGCCTGCGA-1","2","Tubb3",0.857795834066516
"ATTGCCCCATGCGTCT-1","5","Tubb3",0.853594675203149
"ATTGCCTTCAGCTCGG-1","0","Tubb3",0.785025856692992
"ATTGCCTTCCATGAGC-1","6","Tubb3",0
"ATTGGATTCACTAACG-1","1","Tubb3",0.648624872569244
"ATTGGATTCGATCAAT-1","8","Tubb3",0
"ATTGGCCAGAAGCCCT-1","4","Tubb3",0
"ATTGGCCAGGCTGTAC-1","8","Tubb3",1.1030317414218
"ATTGGCCAGTCATACG-1","2","Tubb3",0.795215927830821
"ATTGGGTCAAGGTACT-1","0","Tubb3",0
"ATTGTCAGTCCATACG-1","0","Tubb3",0
"CAAACCATCAGGAGCA-1","2","Tubb3",0
"CAAACCATCGTTAGCA-1","1","Tubb3",0.563837504160166
"CAAACCCAGCCAATCA-1","1","Tubb3",0.707395563989
"CAAACCGCAACCGTGA-1","0","Tubb3",0
"CAAACCGCAGGACTGC-1","3","Tubb3",0
"CAAACCGCATTAGGCG-1","2","Tubb3",0
"CAAACCTGTATGGCAA-1","2","Tubb3",0
"CAAACTTAGTCATCAG-1","4","Tubb3",0
"CAAAGCCTCCCCTTAG-1","10","Tubb3",0
"CAAAGCCTCGTGCAAC-1","4","Tubb3",0
"CAAAGCGAGCTAACCA-1","2","Tubb3",0
"CAAAGCGAGCTGGAAG-1","11","Tubb3",0
"CAAAGCTCAACTACTT-1","1","Tubb3",0
"CAAAGCTCAATGTCGG-1","2","Tubb3",0
"CAAAGCTCACCTTGAC-1","0","Tubb3",0
"CAAAGGCGTGGGTTGG-1","0","Tubb3",0
"CAAAGGGTCACTCATC-1","0","Tubb3",0
"CAAAGGGTCCACCTGC-1","5","Tubb3",0
"CAAAGGGTCGCTCTAT-1","2","Tubb3",0
"CAAAGGTAGCAAGGCA-1","12","Tubb3",0
"CAAAGGTAGGTAAGGT-1","5","Tubb3",0
"CAAAGGTAGGTAGCCT-1","1","Tubb3",1.24478491004575
"CAAAGGTAGTCGAGTC-1","2","Tubb3",0
"CAAAGGTAGTGCTTGA-1","7","Tubb3",0
"CAAAGTAAGTAATCGT-1","7","Tubb3",0
"CAAATCACAAACTAGC-1","4","Tubb3",0
"CAAATCACAACTGTCC-1","4","Tubb3",0.427833940815573
"CAAATCACAATACGGT-1","2","Tubb3",0.739577597150501
"CAAATCCGTAGTGCCC-1","5","Tubb3",1.02461879926998
"CAAATCCGTCATGGCC-1","2","Tubb3",0
"CAAATGAAGAACCTTG-1","4","Tubb3",0.553806871687965
"CAAATGTTCCCCAGAG-1","6","Tubb3",0
"CAAATTCAGTAGTTAC-1","0","Tubb3",0.670073318166597
"CAACAGTCACTATCTG-1","0","Tubb3",0
"CAACAGTCAGGTAGGG-1","0","Tubb3",0
"CAACAGTCATAAGCCG-1","1","Tubb3",0
"CAACAGTCATGAGCGC-1","9","Tubb3",0
"CAACCAGCAAGCGAGG-1","0","Tubb3",0
"CAACCCAGTAGTGTGA-1","5","Tubb3",1.14086426538703
"CAACCCAGTTTAGCCG-1","0","Tubb3",0
"CAACCCAGTTTCGCCT-1","2","Tubb3",0
"CAACCCTCATTACGTT-1","0","Tubb3",0
"CAACGAAGTGGGTTGG-1","3","Tubb3",0
"CAACGATCAACTGCGA-1","0","Tubb3",0.8889028989759
"CAACGATCAAGCTAGT-1","5","Tubb3",0.673540612474275
"CAACGATCAGCCTACT-1","6","Tubb3",0
"CAACGATCATGGCGTA-1","0","Tubb3",0
"CAACTAGTCTATCCAC-1","0","Tubb3",0.487899577668494
"CAACTCCCAGGCTATG-1","4","Tubb3",0.658268739940538
"CAACTGATCCCAGGTG-1","4","Tubb3",0.491150842178479
"CAACTGATCGACCAAC-1","10","Tubb3",0
"CAAGACAGTTTGACCG-1","1","Tubb3",0.939414128911811
"CAAGACTCAGGCAAGG-1","4","Tubb3",0.436192579402778
"CAAGACTCATCCATAT-1","2","Tubb3",0.668863852061275
"CAAGCATCAAACTGAC-1","1","Tubb3",0.491224688783163
"CAAGCATCAAGCTCTC-1","3","Tubb3",0
"CAAGCATCAAGCTGCA-1","1","Tubb3",0.827748784794205
"CAAGCATCAATAGCGT-1","0","Tubb3",1.43103439951503
"CAAGCATCATCATCAT-1","5","Tubb3",0
"CAAGCATCATGCTGTC-1","4","Tubb3",0
"CAAGCGAAGATAGTTC-1","0","Tubb3",0.603496185159205
"CAAGCGAAGGTGGAGC-1","1","Tubb3",0.63888864424663
"CAAGCGCCAATTGCCC-1","8","Tubb3",0
"CAAGCTATCATGAGCC-1","7","Tubb3",0.532007202864614
"CAAGCTCAGAACGAAC-1","0","Tubb3",0
"CAAGCTCAGCAGGTCT-1","4","Tubb3",1.25913865123065
"CAAGCTCAGCCGACCA-1","1","Tubb3",1.12977888090653
"CAAGCTGCAAATGAGG-1","8","Tubb3",0
"CAAGCTGCAATCGACG-1","2","Tubb3",0
"CAAGCTGCATAAGCGT-1","9","Tubb3",0
"CAAGGATAGGTACGCT-1","9","Tubb3",0
"CAAGGATAGTGCCCAG-1","5","Tubb3",0
"CAAGGCAAGCCTCTCA-1","9","Tubb3",0
"CAAGGGATCGCTGATA-1","2","Tubb3",0
"CAAGGGGCAAATGGAG-1","5","Tubb3",1.22848272384311
"CAAGGGGCATAGATGC-1","0","Tubb3",0
"CAAGGTAGTTAGTAGG-1","8","Tubb3",0
"CAAGGTAGTTTGGAAG-1","9","Tubb3",0
"CAAGTAGGTGAGTATG-1","3","Tubb3",0
"CAAGTAGGTTCCGCAA-1","7","Tubb3",0.675477758366298
"CAAGTCGCAAGCTAGT-1","3","Tubb3",0
"CAAGTCGCACTAGCTC-1","7","Tubb3",0.55589138884444
"CAAGTTACAATCTGCC-1","8","Tubb3",0
"CAAGTTACATGGTCGA-1","0","Tubb3",0.850472314456156
"CAAGTTTAGCATAGGG-1","0","Tubb3",0
"CAAGTTTAGCTTAGAT-1","0","Tubb3",0
"CAATAGCCAACGGCTA-1","4","Tubb3",0.996404406552007
"CAATATCAGGTACACC-1","2","Tubb3",1.10464852429996
"CAATCATAGTAAGGGT-1","3","Tubb3",2.11552585406241
"CAATCATAGTCGATCA-1","3","Tubb3",0
"CAATCCTTCTAGTAAC-1","0","Tubb3",0
"CAATCGATCTGTGCGG-1","1","Tubb3",0
"CAATCTTCACCTAACC-1","1","Tubb3",0
"CAATCTTCATCGGGAC-1","0","Tubb3",0
"CAATGCATCATGGTCA-1","6","Tubb3",0
"CAATGCATCGCGCATG-1","7","Tubb3",0
"CAATGCATCGTGCCTC-1","3","Tubb3",0
"CAATGGCTCCCCAATT-1","4","Tubb3",0.456370842585382
"CAATGGGAGGCGTTAC-1","1","Tubb3",0
"CAATGGGAGGTGATCC-1","1","Tubb3",0
"CAATTAGCAACTCGGA-1","0","Tubb3",1.05365374326552
"CAATTAGCAATGACAC-1","2","Tubb3",0.748092673448243
"CAATTAGCAGGAAGTA-1","6","Tubb3",0
"CAATTCCTCAATCGCA-1","5","Tubb3",0
"CACAAGCTCACAGGAG-1","6","Tubb3",0
"CACAAGCTCCCGCAAG-1","0","Tubb3",0
"CACAAGTCACTTCAGC-1","8","Tubb3",0.413524320308416
"CACAATTAGCGAGGAC-1","6","Tubb3",0
"CACACAGCAGCTATGG-1","13","Tubb3",0
"CACACAGCAGCTCGAA-1","9","Tubb3",0
"CACACCTCAATAGCGT-1","10","Tubb3",0
"CACACTAAGGCGTCTG-1","0","Tubb3",0.72544187216305
"CACACTAAGGCTGTAC-1","11","Tubb3",1.28966752543082
"CACATAACACAGGATT-1","8","Tubb3",0
"CACATAGTCCTCATAC-1","0","Tubb3",0.742912969914948
"CACATCAAGGAGTAAC-1","2","Tubb3",0.438348983691274
"CACATCAAGGTTGGTC-1","0","Tubb3",0
"CACATTAGTAGCTAGA-1","2","Tubb3",0.722976748777436
"CACATTAGTCATTGGT-1","1","Tubb3",0
"CACATTAGTCTGGTCA-1","4","Tubb3",0
"CACATTAGTTGCGGTC-1","0","Tubb3",0.996081200928622
"CACATTGAGGTGCTCG-1","6","Tubb3",0
"CACATTGAGTTAATGC-1","1","Tubb3",0
"CACATTTCATAAGGAG-1","4","Tubb3",0.477821382857544
"CACATTTCATTAGCGG-1","14","Tubb3",0
"CACCAGTAGTTGGTAT-1","1","Tubb3",0
"CACCATAAGGCATCCG-1","0","Tubb3",0
"CACCCAAGTTTCGGTG-1","2","Tubb3",0.796216856135181
"CACCCATCATGACCGA-1","8","Tubb3",0
"CACCCGTTCTATGGTG-1","0","Tubb3",0
"CACCCTGCAATAGGGA-1","0","Tubb3",0
"CACCCTTGTCTGTGTG-1","0","Tubb3",0
"CACCGAACAATGCCCT-1","7","Tubb3",0
"CACCGAACATAGGCTG-1","8","Tubb3",0
"CACCGATAGATAGGCG-1","0","Tubb3",0
"CACCGATAGGCGTACT-1","8","Tubb3",0
"CACCGCAAGTAATGTC-1","1","Tubb3",0
"CACCGCTTCACACCAA-1","4","Tubb3",0
"CACCGTAGTAAGTGGC-1","0","Tubb3",0
"CACCGTAGTCAGTCGC-1","0","Tubb3",0.685877298636827
"CACCGTTCAAGCACTG-1","3","Tubb3",0
"CACCGTTCATGCTCAC-1","0","Tubb3",0.759770652628877
"CACCTATTCGCTCAGG-1","9","Tubb3",0
"CACCTCTGTAGGTGTA-1","1","Tubb3",0
"CACCTCTGTGAACGTA-1","6","Tubb3",0
"CACCTGCTCTCATGCT-1","0","Tubb3",0
"CACGAAAGTTGCGGTC-1","4","Tubb3",0.839078377784255
"CACGACCGTTTCGGTG-1","7","Tubb3",0
"CACGACCGTTTGACGT-1","0","Tubb3",0
"CACGACTAGCCAGGAA-1","2","Tubb3",0
"CACGACTAGCCTCTAT-1","15","Tubb3",0
"CACGACTAGTTAACCG-1","2","Tubb3",0
"CACGAGGGTCTTGAAC-1","4","Tubb3",0.543589820586508
"CACGATGCAATTGGCG-1","2","Tubb3",0
"CACGATGCACCTGCTG-1","0","Tubb3",0
"CACGCAACACAACCGA-1","0","Tubb3",0
"CACGCAACACATAGTA-1","5","Tubb3",0.64984713498533
"CACGCAACACTATGCC-1","0","Tubb3",0.52064135323689
"CACGCAACAGTACCAG-1","7","Tubb3",0
"CACGCCAAGCGACTAC-1","0","Tubb3",0
"CACGCCAAGTAATGGA-1","6","Tubb3",0
"CACGCCAAGTAGACTT-1","7","Tubb3",0
"CACGCTAGTAATCCCG-1","16","Tubb3",0
"CACGCTAGTTATCACA-1","10","Tubb3",0.580832314130689
"CACGGCTGTAGCCTGC-1","4","Tubb3",0.571181037663911
"CACGGGTCAATCATAG-1","1","Tubb3",0
"CACGGTTAGTACGCTA-1","7","Tubb3",0
"CACGGTTAGTGCCTGG-1","5","Tubb3",0
"CACGTATGTAACGAGC-1","0","Tubb3",0.397189874203477
"CACGTATGTGAACTGA-1","1","Tubb3",1.07255246404154
"CACGTATGTGATGAAT-1","1","Tubb3",0.411144636559766
"CACGTTGGTGCAAGCG-1","3","Tubb3",0
"CACGTTGGTTAGTAGG-1","3","Tubb3",2.14626690973484
"CACTAACGTAGCGAGT-1","6","Tubb3",0
"CACTACAAGCGCCAAT-1","8","Tubb3",0.598324227442353
"CACTACAAGGCACAGA-1","3","Tubb3",0
"CACTACCCAAGGGATA-1","15","Tubb3",0
"CACTACCCACCATGAG-1","11","Tubb3",0
"CACTACTTCGACCATA-1","1","Tubb3",0
"CACTACTTCTATCACC-1","0","Tubb3",0
"CACTATGAGGTACAGG-1","6","Tubb3",0
"CACTCAAAGATTGCCA-1","0","Tubb3",0.602185236888185
"CACTCAAAGGTCGATC-1","6","Tubb3",0
"CACTCCATCAGTAGTT-1","2","Tubb3",1.11791161014963
"CACTCCATCGCGCAAT-1","13","Tubb3",0
"CACTCCATCTAGTAAC-1","0","Tubb3",0
"CACTCCGCAACCGTCT-1","0","Tubb3",0.517856480203151
"CACTGCCTCCCCTTGA-1","0","Tubb3",0
"CACTGGACACATGCTC-1","4","Tubb3",0.48984994286852
"CACTGGACAGGCAGAG-1","11","Tubb3",0
"CACTGGACAGGGCAGA-1","1","Tubb3",1.01915477462922
"CACTGGACATCCTTAG-1","0","Tubb3",1.20294711539271
"CACTTAGAGTTAATGC-1","8","Tubb3",0
"CACTTCACACAAGCAT-1","11","Tubb3",1.13682291718166
"CAGCAAAGTATTGGCT-1","2","Tubb3",0
"CAGCAAAGTCAAGGCG-1","2","Tubb3",0
"CAGCACTAGCAATGAA-1","3","Tubb3",0
"CAGCATATCGATTAAC-1","10","Tubb3",0
"CAGCATTGTCCCGAGT-1","3","Tubb3",0
"CAGCCATAGGAGTAAC-1","9","Tubb3",0
"CAGCCTAGTAGCCATT-1","5","Tubb3",0
"CAGCCTAGTTGCTCCT-1","7","Tubb3",0
"CAGCGAGGTTAATTCG-1","8","Tubb3",0
"CAGCGAGGTTGTCACG-1","4","Tubb3",0
"CAGCGGTCAAGTTACA-1","1","Tubb3",0
"CAGCGGTCACTTGGGA-1","4","Tubb3",0
"CAGCTAATCTGTAACG-1","4","Tubb3",0.832087589105086
"CAGGAGGCAACCGGAC-1","2","Tubb3",0
"CAGGATAGTCAGCTTG-1","5","Tubb3",0
"CAGGATAGTCATGGAA-1","8","Tubb3",0.726102203895433
"CAGGCCATCATGTCCT-1","4","Tubb3",0.484069863178083
"CAGGCCATCCTCAGTT-1","4","Tubb3",0.402848996010918
"CAGGCGAGTGAGGAAG-1","3","Tubb3",0
"CAGGCGAGTTGGAGCG-1","2","Tubb3",0
"CAGGCGAGTTTGGGAA-1","0","Tubb3",0.998673213593908
"CAGGCTTAGATAGCCC-1","1","Tubb3",0
"CAGGGATGTCCATATA-1","1","Tubb3",0
"CAGGGATGTGAGCCCT-1","0","Tubb3",0
"CAGGGCTCAAACCCAG-1","5","Tubb3",1.03072642361444
"CAGGGCTCAAATGGCT-1","0","Tubb3",0
"CAGGGCTCAGCCAATG-1","2","Tubb3",0
"CAGGGGACACGCCATT-1","2","Tubb3",0
"CAGGGGACAGGTAATC-1","1","Tubb3",0.40911477788694
"CAGGGGTAGCAAGCTC-1","10","Tubb3",0
"CAGGTGAAGTAGGACG-1","4","Tubb3",0
"CAGTAAGGTATAGTCC-1","4","Tubb3",0
"CAGTACGCATCGCGTT-1","1","Tubb3",0
"CAGTACGCATGATCCC-1","5","Tubb3",0
"CAGTACGCATGTCGTC-1","0","Tubb3",0
"CAGTAGGAGGGTGAAT-1","2","Tubb3",0.750681444921423
"CAGTAGGAGTAGGCAG-1","2","Tubb3",0
"CAGTAGGAGTATCTGG-1","7","Tubb3",0
"CAGTAGGAGTGGCCTG-1","9","Tubb3",0
"CAGTAGTCACTTGCTA-1","1","Tubb3",0
"CAGTAGTCATCACGCT-1","1","Tubb3",0
"CAGTATTAGCATGCGT-1","0","Tubb3",0
"CAGTATTAGCTTAACG-1","5","Tubb3",0
"CAGTCAATCACTTCCG-1","7","Tubb3",0
"CAGTCAATCGATCACA-1","4","Tubb3",0.731766102848511
"CAGTCAATCGATTGGC-1","0","Tubb3",0
"CAGTCCCTCCGCACCT-1","6","Tubb3",0
"CAGTCCCTCCTTCAGT-1","0","Tubb3",0.573436083267159
"CAGTCCCTCGAAGTCC-1","5","Tubb3",0
"CAGTCCTCATGACGTG-1","0","Tubb3",0
"CAGTGTTGTTCTGGTG-1","2","Tubb3",0
"CAGTTAACACCTTGGT-1","11","Tubb3",0
"CAGTTAACAGGTTCCT-1","10","Tubb3",0
"CAGTTAACATGACGTG-1","6","Tubb3",0
"CAGTTACGTCTAGCGC-1","0","Tubb3",0
"CAGTTAGTCGACCTAA-1","0","Tubb3",0
"CAGTTATAGGTCACAC-1","0","Tubb3",0
"CAGTTATAGTCGAGTC-1","0","Tubb3",0
"CAGTTTAGTAACGCAA-1","3","Tubb3",0
"CAGTTTAGTAGTAACG-1","12","Tubb3",1.61813431960429
"CAGTTTAGTATGGACA-1","4","Tubb3",0
"CAGTTTAGTCTTACCC-1","2","Tubb3",0.712917181960949
"CAGTTTAGTGGCCAGA-1","8","Tubb3",0
"CAGTTTAGTTCGTGAT-1","11","Tubb3",0
"CAGTTTGAGCCACACG-1","3","Tubb3",0
"CAGTTTGAGCGGTACT-1","2","Tubb3",0
"CAGTTTGAGTTACCAG-1","0","Tubb3",0
"CATAAGCCAAGCTGTG-1","11","Tubb3",0
"CATAAGCCACTAGGCA-1","11","Tubb3",0
"CATAAGGGTGCGTAGG-1","0","Tubb3",0.583201523283046
"CATACAACAAGCTAAC-1","1","Tubb3",0.80733597418721
"CATACCAAGCTAGTGC-1","2","Tubb3",0
"CATACCAAGCTGGGTT-1","0","Tubb3",0.348404761365802
"CATACCAAGGCACATC-1","0","Tubb3",0.799842262284023
"CATACCTTCAGCTCAA-1","0","Tubb3",0
"CATACTGAGTAATTGC-1","3","Tubb3",0
"CATACTTCAAACTGAC-1","5","Tubb3",1.01336218407497
"CATAGAGGTCTAGCTG-1","5","Tubb3",0
"CATAGAGGTGAGAGTC-1","0","Tubb3",0
"CATAGAGGTTTGCCTC-1","2","Tubb3",0
"CATAGATTCATGCCAA-1","1","Tubb3",0
"CATAGATTCGATCACA-1","4","Tubb3",0.498446395670853
"CATAGGCTCAGTGCTA-1","7","Tubb3",0
"CATAGGTCAAGCACAT-1","7","Tubb3",0
"CATAGTTAGCTTAACG-1","2","Tubb3",0
"CATAGTTAGGTATATC-1","0","Tubb3",0
"CATAGTTAGTTAGCAT-1","0","Tubb3",0.985909580070354
"CATATCCTCGCTCAGG-1","4","Tubb3",0
"CATATCTCAAATCGAC-1","3","Tubb3",0
"CATATCTCAGGGCTTA-1","2","Tubb3",0
"CATATGGTCGACATAT-1","6","Tubb3",0
"CATATTCCAATGCCGA-1","13","Tubb3",0
"CATATTGGTTCTGTCC-1","7","Tubb3",0.787955877709421
"CATCAATAGTCGAGAG-1","10","Tubb3",0
"CATCACAAGCAGGTCT-1","3","Tubb3",0
"CATCACTTCCGTGCGA-1","10","Tubb3",0
"CATCAGGCAACTGGGC-1","3","Tubb3",0
"CATCAGGCAGTTAGTA-1","0","Tubb3",1.60306846414862
"CATCATTCAATAGTGC-1","3","Tubb3",0
"CATCCAAAGCAAGGAT-1","0","Tubb3",1.11763460137721
"CATCCAAAGGTTCGAC-1","3","Tubb3",0
"CATCCACCAAATGGGA-1","6","Tubb3",0
"CATCCAGGTTGAGTTC-1","7","Tubb3",0
"CATCCCATCCAGGGTT-1","7","Tubb3",0.916560816952596
"CATCCGCTCCATAGCA-1","3","Tubb3",0
"CATCCGGAGTACGGAG-1","9","Tubb3",0
"CATCGTCCAAGCTCCT-1","0","Tubb3",0
"CATCGTCCACCAACCT-1","12","Tubb3",0
"CATCGTCCACTTGGAG-1","2","Tubb3",0
"CATCGTTTCCGCCATC-1","1","Tubb3",0
"CATCTAAGTAGCGATA-1","0","Tubb3",0
"CATCTCACAAGTGAGA-1","2","Tubb3",0
"CATCTTGCAACCAACG-1","2","Tubb3",0
"CATCTTGCATCCACAC-1","1","Tubb3",0
"CATGAAGGTTGGTAGA-1","2","Tubb3",0
"CATGATTAGCTGGAAG-1","7","Tubb3",0
"CATGCCAGTTCCCAAG-1","0","Tubb3",1.11432225423592
"CATGCCTCAACATGGT-1","9","Tubb3",0
"CATGCGCGTAGTTGGA-1","0","Tubb3",0
"CATGCGCGTGAGTTAG-1","3","Tubb3",0
"CATGCGCGTTTCCTTG-1","7","Tubb3",0
"CATGCTGGTAACCGAA-1","7","Tubb3",0
"CATGCTGGTCTGGTCA-1","8","Tubb3",0
"CATGCTGGTGGACACG-1","1","Tubb3",0
"CATGGGTTCCTTAACC-1","4","Tubb3",0
"CATGGTTGTTAAGGTG-1","4","Tubb3",0
"CATGTCAAGTACCACA-1","1","Tubb3",0
"CATGTTAGTAACGAGC-1","0","Tubb3",0
"CATGTTAGTTATGGCT-1","2","Tubb3",0.710697792693087
"CATGTTGAGGTGAGCA-1","0","Tubb3",0
"CATGTTGAGTAAGGTA-1","5","Tubb3",1.06113356958146
"CATTAACAGGATTGCC-1","11","Tubb3",0
"CATTACCTCCTGATAG-1","0","Tubb3",0
"CATTACCTCCTGCACC-1","1","Tubb3",0
"CATTACCTCTATGGGC-1","1","Tubb3",0
"CATTACTCATAGGTCG-1","3","Tubb3",0
"CATTAGGTCCTTAGCT-1","0","Tubb3",0
"CATTAGGTCGCGCTTC-1","2","Tubb3",0.781668438674256
"CATTAGTAGCGCATAC-1","3","Tubb3",0
"CATTCAAGTTAATCTG-1","8","Tubb3",0
"CATTCAAGTTCGCGTA-1","0","Tubb3",0
"CATTCGAAGCCCGTAG-1","5","Tubb3",0
"CATTCGTTCATCACGA-1","3","Tubb3",0
"CATTCGTTCGCTATGA-1","1","Tubb3",0
"CATTCTATCACCATGA-1","0","Tubb3",0
"CATTCTATCAGCATAT-1","11","Tubb3",0
"CATTCTATCTATCTGC-1","0","Tubb3",1.24519577385394
"CATTGCTTCGAAGCCT-1","1","Tubb3",0
"CATTGGGCACTTAGCC-1","6","Tubb3",0
"CATTGGGCATAGACAC-1","0","Tubb3",1.0218788581197
"CATTGGGCATCCTTAG-1","6","Tubb3",0
"CATTGTGAGCCGCGTA-1","7","Tubb3",0
"CATTGTGAGGCACTCG-1","6","Tubb3",0
"CATTTAGGTTGGATAG-1","3","Tubb3",0
"CATTTCATCGATAGCC-1","1","Tubb3",0.977611513238687
"CATTTCGCACCTCGCA-1","5","Tubb3",0
"CATTTGAGTAAGCGTA-1","6","Tubb3",0
"CATTTGAGTATTGCTA-1","0","Tubb3",1.32913594727994
"CATTTGCTCATGTCGA-1","1","Tubb3",0
"CATTTGCTCCGCCACT-1","2","Tubb3",0
"CATTTGCTCCGTAGGT-1","1","Tubb3",0.652791280550227
"CATTTGGAGCCACACG-1","0","Tubb3",0
"CATTTGGAGTTAATGC-1","4","Tubb3",0.978595172497325
"CCAAAGTCATGGTCGA-1","0","Tubb3",1.06033102274379
"CCAAATGTCCGCCATC-1","3","Tubb3",1.82066813086218
"CCAAGGGGTTCGTCCT-1","2","Tubb3",0
"CCAAGGTTCCGCAACG-1","3","Tubb3",0
"CCAAGTCAGTGTCCTT-1","8","Tubb3",0
"CCAATAGTCACGGACT-1","1","Tubb3",1.21157445524591
"CCAATAGTCCTCGTGC-1","3","Tubb3",0
"CCAATATAGGAGGATT-1","0","Tubb3",0.778787229874946
"CCAATCAAGCTACCGG-1","0","Tubb3",0
"CCAATCCCACAGCGAC-1","0","Tubb3",0
"CCAATCCCACTAGCTC-1","4","Tubb3",0
"CCAATTAGTATGTACC-1","2","Tubb3",0.685388499648758
"CCAATTAGTGGAGCAT-1","5","Tubb3",0
"CCAATTAGTTCGTCAG-1","1","Tubb3",0.304080866183993
"CCAATTGAGCAAGCCT-1","1","Tubb3",0
"CCAATTGAGCTACCTT-1","2","Tubb3",0.757416635144406
"CCAATTGAGGTACTGC-1","9","Tubb3",0
"CCAATTGAGTGATTCG-1","0","Tubb3",0
"CCAATTTCAATACATG-1","0","Tubb3",1.25986163338954
"CCAATTTCACCTATGC-1","2","Tubb3",0.607921511545942
"CCAATTTCACCTTACA-1","0","Tubb3",0.717238489454652
"CCACAACAGAAGCAAC-1","5","Tubb3",0
"CCACAACAGGTTGGGA-1","0","Tubb3",0
"CCACAGACACATATAG-1","5","Tubb3",0
"CCACAGACATCCTTGA-1","0","Tubb3",0
"CCACAGACATGATATG-1","0","Tubb3",0.607198325489921
"CCACATAAGAAGGTGT-1","4","Tubb3",0.523148857480103
"CCACATGGTGGCTAGG-1","0","Tubb3",0.99624277539328
"CCACATGGTTGCCTGA-1","0","Tubb3",0
"CCACCATCAACATGGT-1","8","Tubb3",0
"CCACCGTTCTCACAGA-1","3","Tubb3",0
"CCACCTCAGCGCTCGA-1","5","Tubb3",0.76165275970754
"CCACCTCAGTAGAGCG-1","1","Tubb3",0
"CCACCTGCAACATGAC-1","0","Tubb3",0
"CCACCTGCACCTAATT-1","0","Tubb3",0.567154303556804
"CCACCTTGTGAAGTCA-1","2","Tubb3",0
"CCACGAACAGGCTATG-1","0","Tubb3",0
"CCACGAACATCGAACG-1","7","Tubb3",0.484763787771926
"CCACGCAAGATTAGGA-1","3","Tubb3",0
"CCACGCAAGATTCAAC-1","0","Tubb3",0
"CCACGTAGTAACCCTG-1","8","Tubb3",0
"CCACGTTCATAGGCCA-1","8","Tubb3",0.464724694124213
"CCACTAAAGGTCAACC-1","4","Tubb3",0.763361146604486
"CCACTAAAGGTCATAT-1","8","Tubb3",0.48841001381371
"CCACTAAAGGTGAGGC-1","13","Tubb3",0
"CCACTAAAGTCGCGCA-1","0","Tubb3",0.451259039122303
"CCACTATTCAATGTGT-1","4","Tubb3",0.819662546708659
"CCACTCGCAACCTCGT-1","0","Tubb3",0
"CCACTCGCACCACACT-1","1","Tubb3",0.421103821426238
"CCACTCGCATTCCTTC-1","4","Tubb3",0.369787699887332
"CCACTTACAGCAGTAT-1","11","Tubb3",0
"CCAGAATCAAACCATA-1","8","Tubb3",0
"CCAGAATCACCACATC-1","9","Tubb3",0
"CCAGAATCATCGTTGC-1","13","Tubb3",0
"CCAGACCGTGAGTTAG-1","0","Tubb3",1.19678769982568
"CCAGACCGTGATAGAT-1","0","Tubb3",0.959268803479621
"CCAGAGAAGTCGAACC-1","0","Tubb3",0
"CCAGAGGGTTGGTTCG-1","3","Tubb3",0
"CCAGATTGTTCCCGTT-1","1","Tubb3",0
"CCAGATTGTTCGAGCC-1","0","Tubb3",0.874804273883685
"CCAGCCAAGGCGCTTG-1","1","Tubb3",0
"CCAGCCTTCCCGCTTA-1","4","Tubb3",0.29856481522033
"CCAGCCTTCCTTCGTG-1","1","Tubb3",0.890466419907585
"CCAGCCTTCGTGCGTG-1","0","Tubb3",0
"CCAGCTAGTTCGGTCA-1","11","Tubb3",0
"CCAGCTAGTTCTGGGC-1","0","Tubb3",1.05903739714841
"CCAGCTAGTTGACGAA-1","10","Tubb3",0
"CCAGCTAGTTTGGCTG-1","0","Tubb3",0
"CCAGGCATCCGGTAAC-1","10","Tubb3",0
"CCAGGCATCCTCATTA-1","1","Tubb3",0.964512506600328
"CCAGGTTAGCCTACCC-1","1","Tubb3",0
"CCAGTATGTGGCCATC-1","0","Tubb3",0.884831554752736
"CCAGTCCTCCGTGCAG-1","7","Tubb3",0.314103135380247
"CCAGTTAAGCGACTAC-1","1","Tubb3",0
"CCAGTTAAGGTCGAGA-1","12","Tubb3",0
"CCAGTTGGTGGCTCGT-1","0","Tubb3",0.614433076211129
"CCATAACGTCATGTCG-1","6","Tubb3",0
"CCATAAGTCCGTTAGA-1","8","Tubb3",0.710276682935072
"CCATAATAGGATTGAA-1","5","Tubb3",0.851048702025144
"CCATAATAGTGCCGTG-1","0","Tubb3",0
"CCATACTTCCTGTGAA-1","3","Tubb3",0.375291002904656
"CCATACTTCTAGTCTC-1","2","Tubb3",1.18625535367541
"CCATCAGGTGAAGTCA-1","5","Tubb3",0
"CCATCCTGTGCAGCCT-1","2","Tubb3",1.07276333681275
"CCATCCTGTTCGAGTT-1","2","Tubb3",1.20613547284867
"CCATCCTGTTGTCAGT-1","0","Tubb3",0
"CCATCGCTCCCCAAGG-1","4","Tubb3",0.512779899699851
"CCATCGCTCGATTAAC-1","0","Tubb3",0
"CCATCTTAGCTACTGA-1","6","Tubb3",0
"CCATCTTAGGTAGCAG-1","2","Tubb3",0
"CCATGGGTCAGGTAGG-1","4","Tubb3",0
"CCATGTCCAGGACACC-1","5","Tubb3",0
"CCATTAGAGCCAATCA-1","0","Tubb3",0
"CCATTAGAGCTATACG-1","5","Tubb3",0
"CCATTAGAGGTTAGTT-1","0","Tubb3",0
"CCATTGAAGCATCACA-1","2","Tubb3",0
"CCATTGAAGCTACTGA-1","0","Tubb3",0
"CCATTGAAGGTTCCTT-1","0","Tubb3",0
"CCATTTGCAATCCTTG-1","5","Tubb3",0
"CCCAAATGTTGTCACG-1","0","Tubb3",0
"CCCAACCTCCCCATTG-1","10","Tubb3",0
"CCCAATCCAGGACATT-1","5","Tubb3",0
"CCCAATCCATTGACGG-1","5","Tubb3",0
"CCCAATTTCCTGATTC-1","0","Tubb3",0
"CCCACGTTCGTGCTAA-1","16","Tubb3",0
"CCCACTATCACTGGGT-1","0","Tubb3",1.01107620681292
"CCCACTTGTAAGGTGC-1","0","Tubb3",0
"CCCACTTGTTGGATGA-1","11","Tubb3",0
"CCCAGTGAGGCACTGT-1","2","Tubb3",0
"CCCATAGGTCTGGTAT-1","14","Tubb3",0
"CCCATAGGTCTGTGTG-1","0","Tubb3",0
"CCCATAGGTTTGCCAG-1","0","Tubb3",0.948090804145707
"CCCATATTCCTCTCAG-1","2","Tubb3",1.26049501212322
"CCCATATTCGTTGCTT-1","10","Tubb3",0
"CCCATATTCTGGTAAT-1","0","Tubb3",0
"CCCATCGCAAACCCAG-1","0","Tubb3",0
"CCCATCGCATCACATT-1","3","Tubb3",0
"CCCATCTGTATGGCAA-1","9","Tubb3",0
"CCCATCTGTTGGAGAC-1","2","Tubb3",0
"CCCATGCTCTCACATC-1","1","Tubb3",0
"CCCATTGTCGTACAGC-1","3","Tubb3",0
"CCCATTTAGAAGCGAT-1","3","Tubb3",0
"CCCGAACGTGATGACA-1","0","Tubb3",0.766000439662335
"CCCGAATAGCCTCTGC-1","0","Tubb3",0
"CCCGAATAGGGGATTG-1","8","Tubb3",0
"CCCGACAAGTGAGGTG-1","2","Tubb3",0
"CCCGACAAGTGCCGTG-1","3","Tubb3",0
"CCCGACAAGTTGCAGC-1","4","Tubb3",0
"CCCGATAGTGGCTTGC-1","8","Tubb3",0
"CCCGATGAGCCGATTA-1","6","Tubb3",0
"CCCGATTCATGGCGTA-1","3","Tubb3",0
"CCCGCATTCTTGATCC-1","5","Tubb3",0
"CCCGCTTAGGATGTAA-1","0","Tubb3",0.560044696370049
"CCCGCTTAGGCGTCCA-1","11","Tubb3",0
"CCCGCTTAGGTAACGG-1","1","Tubb3",0
"CCCGGTAAGGCGATCT-1","5","Tubb3",0
"CCCGGTTTCACAGGGA-1","6","Tubb3",0
"CCCGTAAGTGCAATGA-1","4","Tubb3",0
"CCCGTAAGTTGCACTG-1","4","Tubb3",0
"CCCTAACCACCTATCA-1","7","Tubb3",0
"CCCTAATTCTAATGGT-1","5","Tubb3",0
"CCCTACGCATGGAATC-1","1","Tubb3",0
"CCCTAGCTCCCGCTGT-1","2","Tubb3",0.739577597150501
"CCCTAGCTCTATCGCT-1","2","Tubb3",0
"CCCTAGTCAACCTACC-1","11","Tubb3",0
"CCCTCAATCACCACGG-1","2","Tubb3",0
"CCCTCACAGATAGTAG-1","0","Tubb3",0
"CCCTCACAGCTGAGAG-1","3","Tubb3",0
"CCCTCACAGGTGAGTG-1","5","Tubb3",0
"CCCTCAGCATCCATCA-1","2","Tubb3",0
"CCCTGAGAGCCGCACA-1","0","Tubb3",0
"CCCTGTTGTCTCCACT-1","7","Tubb3",0.348613339267705
"CCCTTAACAAGCTAAC-1","10","Tubb3",0
"CCCTTAACATAGGGTT-1","0","Tubb3",0
"CCCTTGATCCGCGACA-1","1","Tubb3",0.806579951447535
"CCCTTTAGTTGGCTGC-1","9","Tubb3",0
"CCGAAATCAACCTCGT-1","8","Tubb3",0
"CCGAAATCAGCACTTC-1","4","Tubb3",0
"CCGAAATCATGCTCCG-1","5","Tubb3",0
"CCGAACTAGAATCCGC-1","8","Tubb3",0.660975375791515
"CCGAACTAGTCGCTCC-1","1","Tubb3",0.750150399241671
"CCGAATATCAGCTCGG-1","0","Tubb3",0.81907106908126
"CCGACAACAATGAAGG-1","0","Tubb3",0
"CCGACAACAGCACTTC-1","5","Tubb3",0
"CCGACCAAGCGCCTGA-1","8","Tubb3",0
"CCGACCTTCACCTCGC-1","0","Tubb3",0
"CCGACCTTCGAACGTC-1","11","Tubb3",0
"CCGATTAAGAACCTGC-1","9","Tubb3",0
"CCGATTAAGCATGCAC-1","10","Tubb3",0
"CCGATTAAGCCCGTAG-1","5","Tubb3",0
"CCGATTAAGCGCTTCC-1","7","Tubb3",0
"CCGATTAAGTGAGATA-1","8","Tubb3",0.782311751131728
"CCGCAAGTCATCTGTC-1","5","Tubb3",0
"CCGCAAGTCATGGATT-1","0","Tubb3",0
"CCGCAAGTCGTGCAAC-1","0","Tubb3",0
"CCGCAAGTCTAGCGCG-1","4","Tubb3",0.947655303029037
"CCGCATTCACATACGG-1","0","Tubb3",0
"CCGCCATTCTTGACGA-1","5","Tubb3",0
"CCGCCTTAGCTGGAAG-1","0","Tubb3",0
"CCGCGATGTTCGCTTC-1","6","Tubb3",0
"CCGCTAAGTATAGACG-1","10","Tubb3",0
"CCGCTAAGTATGGCTT-1","0","Tubb3",1.49207121743652
"CCGCTCACAATCCTTG-1","2","Tubb3",0.583201523283046
"CCGCTTATCGACTACA-1","12","Tubb3",0
"CCGCTTATCGTACGGT-1","7","Tubb3",0
"CCGGAACCAACATGCG-1","7","Tubb3",0.835660000270703
"CCGGATTAGGGTTGAG-1","0","Tubb3",0
"CCGGATTAGGTCAATT-1","1","Tubb3",1.04389735703126
"CCGGCAATCATGCAGC-1","0","Tubb3",0
"CCGGCAATCTCACTGT-1","4","Tubb3",0.79635051361126
"CCGGCTAAGCCCTGGA-1","3","Tubb3",0
"CCGGTACGTTCCGCTT-1","0","Tubb3",0
"CCGGTATAGTACCAAT-1","8","Tubb3",0
"CCGGTTGAGGAGTCAG-1","1","Tubb3",0.865373927159306
"CCGTAAATCACCATGA-1","2","Tubb3",0
"CCGTAACAGCATGGGA-1","0","Tubb3",0
"CCGTAATGTTCCGCAA-1","1","Tubb3",0
"CCGTACCTCACCACGG-1","5","Tubb3",0
"CCGTAGTAGCTAGTTG-1","3","Tubb3",0
"CCGTATGGTAGCTATC-1","1","Tubb3",0
"CCGTATGGTTGGCGAG-1","4","Tubb3",0
"CCGTCAAGTAGCCTTG-1","0","Tubb3",0
"CCGTCCACATCCTAAT-1","0","Tubb3",0
"CCGTCTATCCCGCGTT-1","9","Tubb3",0
"CCGTGATAGCGAAGGC-1","0","Tubb3",0
"CCGTGCAAGGATTCAT-1","9","Tubb3",0
"CCGTGCAAGTAACGCC-1","2","Tubb3",0.858500295260349
"CCGTGTGAGGTATGGG-1","4","Tubb3",0.717722008424811
"CCGTGTGAGTGAGCCT-1","13","Tubb3",0
"CCGTTAGGTGGCTGTC-1","8","Tubb3",0.702167664367464
"CCGTTCATCGTGCCGA-1","8","Tubb3",0
"CCGTTGGAGCGATTGC-1","5","Tubb3",0
"CCGTTGGAGCGCCTGA-1","10","Tubb3",0
"CCGTTGGAGTGCTGTA-1","2","Tubb3",0
"CCTAACCCAAGCGTTG-1","3","Tubb3",0
"CCTAACCCATTCCTCT-1","0","Tubb3",0
"CCTAATGAGCTAATGT-1","0","Tubb3",0
"CCTACCATCCCCTTAG-1","5","Tubb3",0.480559760164331
"CCTACCGCATAGAGGA-1","0","Tubb3",0
"CCTACCTGTGCGGACA-1","0","Tubb3",0
"CCTACCTGTTTGATGC-1","14","Tubb3",0
"CCTACGAGTCATGCTG-1","6","Tubb3",0
"CCTACGAGTTCCAGCA-1","12","Tubb3",0
"CCTACGGAGGTACTAT-1","4","Tubb3",0.699711203118335
"CCTAGCCTCACGCCGA-1","2","Tubb3",0
"CCTAGCGAGAAGCATA-1","9","Tubb3",0
"CCTAGCGAGCCCGTGA-1","0","Tubb3",1.04736768095746
"CCTAGCGAGTATGACT-1","3","Tubb3",0
"CCTAGCGAGTGAAGTA-1","0","Tubb3",0.89199331802026
"CCTAGCGAGTGTCATG-1","9","Tubb3",0
"CCTAGCTCAACTATCT-1","2","Tubb3",0
"CCTAGCTCAAGGTCAT-1","14","Tubb3",0
"CCTAGGTAGGTACTAT-1","6","Tubb3",0
"CCTAGGTAGGTCGTAC-1","0","Tubb3",0
"CCTAGGTAGTGACCAC-1","3","Tubb3",0
"CCTAGTAAGGGTGAGC-1","8","Tubb3",0
"CCTAGTTTCCAACCGG-1","1","Tubb3",0
"CCTAGTTTCCCGCGTT-1","8","Tubb3",0
"CCTATCACACCTCATA-1","0","Tubb3",0
"CCTATGAAGTAATCAC-1","0","Tubb3",1.18546586078629
"CCTATGTTCAGCTATG-1","5","Tubb3",0
"CCTATGTTCCGTGCTC-1","1","Tubb3",0
"CCTATTATCGTGCCTC-1","3","Tubb3",0
"CCTATTCAGGTGAGAT-1","1","Tubb3",0
"CCTCAAGGTCATTCGG-1","0","Tubb3",0
"CCTCAGCTCACCTAGA-1","2","Tubb3",0
"CCTCAGCTCCACCGTC-1","0","Tubb3",0
"CCTCAGTCAAGTTCCC-1","0","Tubb3",0
"CCTCATTAGTAACGGG-1","0","Tubb3",0
"CCTCCAGCAACATCCC-1","5","Tubb3",0
"CCTCCTGGTGGACATA-1","8","Tubb3",1.08975799532538
"CCTCGAAGTGATCCAT-1","0","Tubb3",0.506411597463007
"CCTCGAAGTTCCAGAT-1","1","Tubb3",0.650372422412357
"CCTCGATCATGGATTA-1","2","Tubb3",0
"CCTCGGTTCCGTAAGC-1","1","Tubb3",0
"CCTCGTTGTCCCGTAA-1","0","Tubb3",0
"CCTCGTTGTTAAGTGG-1","2","Tubb3",0
"CCTCTAACATAACCAA-1","7","Tubb3",0
"CCTCTCAAGCCCTTGC-1","7","Tubb3",0
"CCTCTGATCCCTCATG-1","2","Tubb3",1.31454708055574
"CCTCTTAGTAACTTCA-1","2","Tubb3",0
"CCTCTTGAGATTAGGA-1","0","Tubb3",1.05621574520185
"CCTCTTGAGGGTCTAC-1","0","Tubb3",0
"CCTGAACAGCTAGCCG-1","1","Tubb3",0
"CCTGAACAGGCTTACA-1","5","Tubb3",0
"CCTGAATGTTAGAGGC-1","0","Tubb3",0
"CCTGAGACACTACCGT-1","3","Tubb3",0
"CCTGAGTAGATTGCAT-1","0","Tubb3",0
"CCTGATTTCAGCCACG-1","0","Tubb3",1.02772037383065
"CCTGCAAGTCTGGGCT-1","1","Tubb3",0
"CCTGCAAGTTCGCACA-1","0","Tubb3",0
"CCTGCATCACCATCCG-1","8","Tubb3",0.559851604128513
"CCTGCATCATGAAGGA-1","0","Tubb3",0
"CCTGCATCATTAGGCG-1","7","Tubb3",0
"CCTGCCACAATTGCTT-1","0","Tubb3",0
"CCTGCCACACAGGGTC-1","0","Tubb3",0.570812545917347
"CCTGCGAAGTGAATGA-1","12","Tubb3",0
"CCTGCTCAGGTCAATT-1","1","Tubb3",0
"CCTGGCAAGCTATGTG-1","2","Tubb3",0
"CCTGGCAAGTCTCTGT-1","1","Tubb3",0.877052611395927
"CCTGGCTTCCATCCAT-1","0","Tubb3",1.12210826344008
"CCTGGCTTCGATATGT-1","0","Tubb3",0
"CCTGGTAGTTGAGCTT-1","0","Tubb3",0.600842938816987
"CCTGGTGAGAAGGGAA-1","3","Tubb3",0
"CCTGGTGAGGCTTAAT-1","0","Tubb3",0
"CCTGGTTCACCTCGTG-1","5","Tubb3",0
"CCTGGTTCAGCTAGGC-1","3","Tubb3",0
"CCTGGTTCAGGACTAT-1","10","Tubb3",0
"CCTGTAAAGGGGTAAT-1","1","Tubb3",0
"CCTGTAAAGGGTCATC-1","3","Tubb3",0
"CCTGTCATCGCTAGTA-1","0","Tubb3",0.791304493255571
"CCTGTCGCAATTACTC-1","1","Tubb3",0
"CCTGTCGCACCACACT-1","10","Tubb3",1.69206070452363
"CCTGTGAGTTCACGGC-1","1","Tubb3",0
"CCTGTGGAGCGAGTTC-1","4","Tubb3",0
"CCTGTGGAGTGAGAGT-1","4","Tubb3",0
"CCTGTTGTCACGCTAA-1","0","Tubb3",0.941459975265805
"CCTGTTGTCGCTATCT-1","3","Tubb3",0
"CCTTAATCAATAGTCA-1","4","Tubb3",0
"CCTTAATCAGCAGTAT-1","2","Tubb3",0
"CCTTAATCATTGCGCT-1","2","Tubb3",0
"CCTTAGAAGAAGCGAT-1","0","Tubb3",0.968701414173608
"CCTTAGCCATCAAGGT-1","6","Tubb3",0
"CCTTATATCATCGAAT-1","0","Tubb3",0
"CCTTATATCCCGCTTA-1","5","Tubb3",0.663933714969707
"CCTTATCAGCGGTTAC-1","0","Tubb3",0
"CCTTCCTTCTCACATC-1","0","Tubb3",0
"CCTTCGATCATCTGTC-1","3","Tubb3",0
"CCTTGAAAGCCATTAG-1","1","Tubb3",0
"CCTTGAAAGTAAGTGA-1","5","Tubb3",0
"CCTTGAGGTAAGCGGT-1","4","Tubb3",0.742105003376765
"CCTTGAGGTAAGGTTG-1","2","Tubb3",0
"CCTTGCATCAGTACGC-1","2","Tubb3",0
"CCTTGCATCGAAGTCC-1","0","Tubb3",0
"CCTTGGGAGTCGCGCA-1","9","Tubb3",0
"CCTTTAATCCAGCCTC-1","0","Tubb3",0.704590407782288
"CCTTTAGCAATTAGCA-1","7","Tubb3",0
"CCTTTAGCATGACACG-1","0","Tubb3",0.800787863437158
"CCTTTCAGTTTCAGGT-1","3","Tubb3",0
"CCTTTCCTCACCAGAC-1","2","Tubb3",0
"CCTTTCCTCAGCATTG-1","2","Tubb3",0.615369479517261
"CCTTTCCTCCAGCCTC-1","0","Tubb3",0
"CGAACATCAAGGTATC-1","3","Tubb3",0
"CGAACATCAATTCGTT-1","0","Tubb3",0
"CGAACCACACCTATCA-1","4","Tubb3",0
"CGAACGGGTTATCGAC-1","13","Tubb3",0
"CGAACGGGTTTGCATA-1","8","Tubb3",0.606401074659975
"CGAACTATCCGCGACA-1","0","Tubb3",0
"CGAACTATCGTTAGGC-1","5","Tubb3",0
"CGAACTTGTCAGTGCC-1","2","Tubb3",0
"CGAAGCAAGCGATCAC-1","0","Tubb3",0
"CGAAGCAAGCTTCCAT-1","0","Tubb3",0
"CGAAGGATCACTCCTG-1","8","Tubb3",0
"CGAAGTGAGGATTAGA-1","1","Tubb3",0
"CGAAGTGAGTAACCCA-1","10","Tubb3",0
"CGAAGTGAGTAAGGGT-1","0","Tubb3",1.62924857899404
"CGAATAGGTTAGACGA-1","3","Tubb3",0
"CGAATCATCACCTTAC-1","0","Tubb3",0.68892409640507
"CGAATCTGTGCGCATC-1","0","Tubb3",0
"CGAATTTAGCATGTGC-1","9","Tubb3",0
"CGACAATCATTACATC-1","4","Tubb3",0
"CGACCAACAAGCGGTC-1","1","Tubb3",0.862396880923315
"CGACCATAGTGCTCAA-1","1","Tubb3",0
"CGACCCTTCACTTCAC-1","0","Tubb3",0.429307297070924
"CGACCGATCAAGTCCA-1","1","Tubb3",0
"CGACCTAGTGCGCAAG-1","1","Tubb3",0.860817992729154
"CGACCTAGTTAGTTCA-1","3","Tubb3",0
"CGACCTAGTTTGAGAG-1","0","Tubb3",0
"CGACGTTAGCAATCCA-1","14","Tubb3",0
"CGACGTTAGGGTCTCG-1","7","Tubb3",0
"CGACTAATCAAGTCTG-1","3","Tubb3",0
"CGACTAATCATGTGTG-1","9","Tubb3",0
"CGACTAATCTATCGAG-1","2","Tubb3",0.506752406115782
"CGACTGACACATGAAC-1","13","Tubb3",0.641943899224348
"CGACTGACACTATGAA-1","0","Tubb3",0
"CGACTGACATAAGCAC-1","6","Tubb3",0
"CGACTTGGTTATGTCA-1","1","Tubb3",0
"CGAGCACCACAACCAG-1","4","Tubb3",0
"CGAGCAGGTCATCGCA-1","6","Tubb3",0
"CGAGCCATCCATGTCT-1","0","Tubb3",0.670913301886704
"CGAGCCATCCTCAATC-1","1","Tubb3",0.583972292826648
"CGAGCCATCCTCATAC-1","0","Tubb3",0
"CGAGCGAGTTATCGCG-1","0","Tubb3",0
"CGAGGAATCCACGGAT-1","1","Tubb3",0
"CGAGGATGTTGAAGGC-1","6","Tubb3",0
"CGAGGGACAGCAGGCT-1","8","Tubb3",0
"CGAGTAAGTTGTGCAT-1","6","Tubb3",0
"CGAGTAAGTTTACAGC-1","0","Tubb3",0.940316930375861
"CGAGTCCGTAACCACT-1","2","Tubb3",0
"CGAGTCCGTTTCAGCG-1","0","Tubb3",0
"CGAGTGAAGTGAACGG-1","2","Tubb3",1.02446616176942
"CGATAACCAACGGTCA-1","1","Tubb3",0.40405344086107
"CGATAACCACCTTAAT-1","0","Tubb3",0.524975251085429
"CGATAGCTCACAGGGA-1","3","Tubb3",0
"CGATAGCTCACGCTCC-1","6","Tubb3",0
"CGATAGTCACATGCGA-1","0","Tubb3",0.916530799094129
"CGATAGTCATGGCTGA-1","0","Tubb3",0
"CGATCAATCGCTCGTC-1","0","Tubb3",0
"CGATCAGCACATAGTA-1","0","Tubb3",0
"CGATCAGCATGCTTCA-1","0","Tubb3",0
"CGATCCCTCCTGAGAC-1","2","Tubb3",0
"CGATCCCTCGCTTGAA-1","0","Tubb3",0.564785770356369
"CGATCCCTCTGGCTAA-1","1","Tubb3",0.506463999087779
"CGATCCTCAATGCCAG-1","1","Tubb3",0.927336370889382
"CGATCCTCACTCGCTG-1","0","Tubb3",0
"CGATCCTCAGCTACGA-1","5","Tubb3",0
"CGATCCTCATCCATGC-1","5","Tubb3",0
"CGATGAGAGGTAGCAG-1","2","Tubb3",1.53564386274411
"CGATGGGGTAAGTGCA-1","6","Tubb3",0
"CGATGGGGTAGCTCCA-1","2","Tubb3",0
"CGATGGGGTTCACCTC-1","15","Tubb3",0
"CGATGGGGTTTGCGTG-1","0","Tubb3",0
"CGATGTCAGCGATGGA-1","5","Tubb3",0
"CGATGTCAGGAGCCTT-1","0","Tubb3",1.08448126154394
"CGATTAACAAGCCACA-1","13","Tubb3",0
"CGATTAACATAACTGA-1","0","Tubb3",0.497535011767406
"CGATTACGTTGCTCAG-1","7","Tubb3",0
"CGATTAGTCACTGGGT-1","5","Tubb3",0
"CGATTCCCACTTGGGA-1","9","Tubb3",0
"CGATTTAGTTCGCCTT-1","4","Tubb3",1.19443987012362
"CGATTTAGTTTAGTGC-1","2","Tubb3",0
"CGATTTGAGGCATGGA-1","1","Tubb3",0
"CGATTTGAGGTCAAGG-1","3","Tubb3",2.09588898999699
"CGATTTGAGGTCCAGT-1","0","Tubb3",0.761957240867484
"CGCAAATCAACTGTCC-1","0","Tubb3",1.14527842883708
"CGCAAATCAATCAAGC-1","9","Tubb3",0
"CGCAATATCCCATATC-1","1","Tubb3",0.535273026156461
"CGCACAACAAATGCAC-1","3","Tubb3",0
"CGCACAACATAGGGCC-1","5","Tubb3",0.702167664367464
"CGCACAACATGTCGGA-1","0","Tubb3",0
"CGCACATAGCTAATCG-1","1","Tubb3",0
"CGCACATAGCTTAGGC-1","7","Tubb3",0
"CGCACATAGGAGGTGC-1","5","Tubb3",0.894251433366846
"CGCACCTTCCGGTTAA-1","6","Tubb3",0
"CGCACTTCAATATCAG-1","2","Tubb3",0.720637458103521
"CGCAGCTGTTTCGTAA-1","3","Tubb3",0
"CGCAGTTAGATTAGAG-1","2","Tubb3",1.21531445688914
"CGCATAATCTGTGATG-1","2","Tubb3",0
"CGCATAGCAATCCTTG-1","13","Tubb3",0
"CGCATAGCATAACTTC-1","1","Tubb3",0
"CGCATAGCATAAGCCG-1","0","Tubb3",1.38233247965278
"CGCATATGTGCGTACC-1","1","Tubb3",0
"CGCATCAGTGGCTTCA-1","6","Tubb3",0
"CGCATCAGTTGGCGAG-1","2","Tubb3",0
"CGCATCTCAACTGTCC-1","0","Tubb3",0
"CGCATCTCAAGGTTAC-1","5","Tubb3",0
"CGCATGGTCGTGAACC-1","5","Tubb3",0
"CGCCAAGTCCCGTTGC-1","0","Tubb3",1.12306371855129
"CGCCATAGTGGCGTAG-1","7","Tubb3",0
"CGCCATAGTTAACGCT-1","15","Tubb3",0
"CGCCATGAGGGGTCAA-1","7","Tubb3",0
"CGCCATGAGTGCGCTG-1","1","Tubb3",0
"CGCCATGAGTTACGTG-1","1","Tubb3",0.814137984548998
"CGCCATGAGTTAGAGA-1","0","Tubb3",0
"CGCCCATTCACACTAG-1","0","Tubb3",0
"CGCCCATTCACAGAGG-1","0","Tubb3",0.578896006224445
"CGCCTAAGTTGCCCTT-1","0","Tubb3",0
"CGCCTAGAGGTCACGT-1","6","Tubb3",0
"CGCCTCACAGGCTACA-1","5","Tubb3",0
"CGCCTCACATGGTAAC-1","2","Tubb3",0
"CGCCTGTTCAGGAGTG-1","12","Tubb3",0
"CGCCTGTTCCATGCAA-1","4","Tubb3",0.633074526522607
"CGCCTGTTCGATGCTA-1","1","Tubb3",0
"CGCGAACCAAGCTCCT-1","6","Tubb3",0
"CGCGAACCACCAATCC-1","0","Tubb3",0.678524820606966
"CGCGAAGGTCAGCTAT-1","0","Tubb3",0
"CGCGATTAGAACGATA-1","5","Tubb3",0
"CGCGATTAGTGAACCC-1","10","Tubb3",0
"CGCGATTAGTGCGCCA-1","1","Tubb3",0.8576785430589
"CGCGCATGTCAAGGTA-1","2","Tubb3",1.06379762792373
"CGCGGTTGTGGGTAGT-1","0","Tubb3",1.03421878964667
"CGCGTACGTGCAGTCC-1","0","Tubb3",0
"CGCGTACGTGGACACG-1","10","Tubb3",0
"CGCGTACGTTGTGAGA-1","0","Tubb3",0
"CGCTAAATCCAATTCC-1","3","Tubb3",0
"CGCTAAATCCTCTCCT-1","2","Tubb3",0
"CGCTAACAGGATCTAT-1","10","Tubb3",0
"CGCTAACAGGCGATCT-1","1","Tubb3",0.68946759806815
"CGCTAACAGGGTACGA-1","0","Tubb3",0
"CGCTAACAGTAGGCTC-1","0","Tubb3",0
"CGCTAATGTCAACCAT-1","4","Tubb3",0.441436288728669
"CGCTAATGTGCGGTGA-1","4","Tubb3",0
"CGCTACTCAAGCTCGA-1","0","Tubb3",0
"CGCTACTCAAGTGGAA-1","10","Tubb3",0
"CGCTACTCATTGCCCG-1","13","Tubb3",0
"CGCTATGGTGACGAGT-1","0","Tubb3",0
"CGCTATGGTTCGTGAT-1","5","Tubb3",0.598619417315584
"CGCTCATCAATACGGT-1","0","Tubb3",0
"CGCTCATCAGGGCTAC-1","0","Tubb3",1.10034863209887
"CGCTCATCATCCTCAA-1","0","Tubb3",0
"CGCTCCACATGCTCGT-1","7","Tubb3",0
"CGCTCCACATTCGCTA-1","1","Tubb3",0
"CGCTGATAGATTGACT-1","0","Tubb3",0
"CGCTGATAGGGTAGCA-1","7","Tubb3",0
"CGCTGATAGGTATCCA-1","2","Tubb3",0
"CGCTGATAGTCAGGTC-1","4","Tubb3",0.667936569901672
"CGCTGCAAGCCATTGA-1","1","Tubb3",0.676189362636736
"CGCTGCAAGCCCTGCT-1","16","Tubb3",0
"CGCTGCAAGGAATCGG-1","0","Tubb3",0
"CGCTGCAAGGAATTGA-1","5","Tubb3",0
"CGCTGCAAGTTACGTG-1","2","Tubb3",0
"CGCTGTGAGTTGCGTA-1","1","Tubb3",0.737295516301727
"CGCTGTTCAACGGTGC-1","6","Tubb3",1.27368613693915
"CGCTGTTCATGCTCTA-1","11","Tubb3",0
"CGGAACCCAACGGGCT-1","0","Tubb3",0.922378685840067
"CGGAACCCAAGCATCG-1","15","Tubb3",0
"CGGAACCCAGTTGGTG-1","0","Tubb3",0
"CGGACAGGTGAGCCGA-1","9","Tubb3",0
"CGGACATTCACGCTCC-1","8","Tubb3",0
"CGGACATTCCATGACA-1","3","Tubb3",0
"CGGACATTCGCGAATC-1","1","Tubb3",0
"CGGACTTAGCAACCTA-1","10","Tubb3",0
"CGGACTTAGCCTCTAT-1","6","Tubb3",0
"CGGACTTAGGATTCGC-1","2","Tubb3",0.849436898635953
"CGGATCACAATCTCTG-1","6","Tubb3",0
"CGGATTCAGCGGTAGA-1","4","Tubb3",0.73463280123581
"CGGATTCAGTGCCGTG-1","4","Tubb3",0
"CGGCAAGGTGGCAGTG-1","7","Tubb3",0
"CGGCAAGGTTAGACAG-1","10","Tubb3",0
"CGGCATTAGAACCTAT-1","4","Tubb3",0
"CGGCCAATCCCCAAGG-1","0","Tubb3",0
"CGGCCTAAGCAGGTCT-1","0","Tubb3",0.898804429293679
"CGGCCTAAGCGAACGA-1","1","Tubb3",0.477798114974052
"CGGCCTAAGCGCCATG-1","0","Tubb3",0
"CGGCCTAAGGATCATT-1","12","Tubb3",0
"CGGCCTAAGTGCCAGT-1","4","Tubb3",0
"CGGCTAACATTAAGTG-1","0","Tubb3",0.849207168843124
"CGGCTAGTCCGGGTTG-1","3","Tubb3",0
"CGGCTAGTCGATACAT-1","0","Tubb3",0
"CGGCTAGTCGTAATGT-1","2","Tubb3",0
"CGGCTAGTCTAGGCCG-1","7","Tubb3",0
"CGGCTCAAGGGTCCAT-1","6","Tubb3",0
"CGGCTCAAGTCAAGCC-1","8","Tubb3",0
"CGGCTTGAGGTAGAGT-1","0","Tubb3",1.18593941591454
"CGGGCAAGTAGGTGAC-1","0","Tubb3",0
"CGGGCAAGTTCGTATA-1","5","Tubb3",0
"CGGGCAAGTTGAGCTT-1","0","Tubb3",0
"CGGGCTTGTCTCAGTG-1","2","Tubb3",0
"CGGGGAACAATTGCTT-1","0","Tubb3",0.899236510835915
"CGGGGAACATAGGCAT-1","3","Tubb3",0
"CGGGGTAGTTAGTGTC-1","7","Tubb3",0
"CGGGGTAGTTCGATTA-1","0","Tubb3",0
"CGGGTAAAGCAAGCTC-1","0","Tubb3",0
"CGGGTAAAGTCATAGT-1","1","Tubb3",0
"CGGGTAGGTGAGTAAT-1","0","Tubb3",0
"CGGGTCATCGCTAGAC-1","5","Tubb3",0.73070408083672
"CGGGTGAGTAAGGTCA-1","1","Tubb3",0
"CGGGTGAGTAAGTCTC-1","2","Tubb3",0
"CGGGTGAGTAGTCCGC-1","0","Tubb3",1.94960494617835
"CGGGTTACAATTACAG-1","7","Tubb3",0
"CGGGTTTAGGCTACGT-1","0","Tubb3",0.874071113087262
"CGGTAAAGTCATCCAG-1","0","Tubb3",0
"CGGTAAAGTCTGTCCT-1","0","Tubb3",0
"CGGTATATCACGTTGA-1","6","Tubb3",0
"CGGTATTGTAATGCCT-1","2","Tubb3",0
"CGGTATTGTGAGTAAT-1","3","Tubb3",0
"CGGTCAACAGTTGGGC-1","2","Tubb3",0
"CGGTGAAAGATTGGTT-1","2","Tubb3",0.777005705482724
"CGGTGAAAGGTTAGTT-1","4","Tubb3",0
"CGGTGAGGTTCGGTCA-1","3","Tubb3",0
"CGGTGAGGTTCTGGTG-1","4","Tubb3",0
"CGGTGTTAGCGCTATA-1","0","Tubb3",0
"CGGTGTTAGGGGCAAC-1","10","Tubb3",0
"CGGTGTTAGGTACTTG-1","0","Tubb3",0
"CGGTTAATCACCATAG-1","0","Tubb3",0
"CGGTTAGCACCATCGT-1","0","Tubb3",0
"CGGTTAGCATGACCTC-1","8","Tubb3",0
"CGGTTCCTCACAGGTC-1","5","Tubb3",0
"CGTAAACCAACCCTAC-1","5","Tubb3",0
"CGTAAAGGTGAGGCTG-1","2","Tubb3",0
"CGTAAAGGTGGCTGAG-1","2","Tubb3",0
"CGTAAAGGTTCAAGTC-1","5","Tubb3",0
"CGTAAATTCCTCACAT-1","8","Tubb3",0.647494166886767
"CGTAACATCAATCCGA-1","7","Tubb3",0
"CGTAATGTCACCAGCG-1","7","Tubb3",0.448930930110498
"CGTAATTAGCGATCAC-1","3","Tubb3",1.76277429930554
"CGTAATTAGGATGACG-1","0","Tubb3",0
"CGTACAGCAACTGTCC-1","12","Tubb3",0
"CGTACCTCAAATGGCT-1","0","Tubb3",0
"CGTACCTCAAGCTGCA-1","1","Tubb3",0
"CGTACCTCACTTGGTC-1","11","Tubb3",0
"CGTACCTCATAACGCG-1","11","Tubb3",0
"CGTACGTAGTCGCGTG-1","0","Tubb3",0
"CGTACTGGTAGTGCTT-1","1","Tubb3",0
"CGTAGGCCATAAGCTA-1","0","Tubb3",1.16961168325868
"CGTAGGGGTGAGCAGT-1","13","Tubb3",0
"CGTAGGTTCCTGTCTG-1","3","Tubb3",0
"CGTAGTCAGGAACTGG-1","4","Tubb3",0.635988766719997
"CGTAGTTGTAGCTTAC-1","0","Tubb3",0
"CGTAGTTGTTTAGGAG-1","6","Tubb3",0
"CGTATATAGCAAGTAA-1","0","Tubb3",0.901403582437125
"CGTATCCCACAGCATG-1","5","Tubb3",0
"CGTATCCCACTAGGAT-1","3","Tubb3",0
"CGTATGATCCGCCATC-1","1","Tubb3",0
"CGTATTAGTAGCGGAT-1","1","Tubb3",0
"CGTATTAGTTGCCTCT-1","0","Tubb3",0
"CGTATTGAGCCAGTCG-1","2","Tubb3",0
"CGTATTGAGCGCAATC-1","5","Tubb3",0
"CGTATTGAGTTGGCCG-1","0","Tubb3",0.802278574067055
"CGTCAAATCGTACGGT-1","1","Tubb3",0.720529038055004
"CGTCAATGTTCGGCAC-1","8","Tubb3",0
"CGTCACCTCTGGTCCC-1","0","Tubb3",0
"CGTCAGTAGGATAGCG-1","0","Tubb3",0
"CGTCAGTAGGATCACC-1","0","Tubb3",0.718098548895305
"CGTCATCCAATCGCCT-1","7","Tubb3",0
"CGTCATCCATGGTCCT-1","12","Tubb3",0
"CGTCATGGTTAAGGAT-1","4","Tubb3",0.472461651851522
"CGTCATTTCCGTGGAT-1","11","Tubb3",0
"CGTCATTTCGACTGCG-1","3","Tubb3",0
"CGTCCATCAAACCATA-1","5","Tubb3",0
"CGTCCCACATCACGTC-1","0","Tubb3",0
"CGTCCTGCACAGGCTA-1","1","Tubb3",0
"CGTCGCTTCCGTGAGT-1","1","Tubb3",0.669793808139144
"CGTCGTAGTTAGTGTC-1","0","Tubb3",0
"CGTCGTAGTTTCCAGG-1","10","Tubb3",0
"CGTCGTTCACCAGCTT-1","5","Tubb3",0
"CGTCGTTCAGTAAGGA-1","8","Tubb3",0
"CGTCTATTCGTAGTAT-1","11","Tubb3",0
"CGTCTCATCAGTGCGT-1","8","Tubb3",0
"CGTCTCATCATGGCTA-1","3","Tubb3",0
"CGTCTTGTCCGTGCAG-1","5","Tubb3",0
"CGTGAAAGTTACACTA-1","0","Tubb3",0
"CGTGAGAAGCGACTGT-1","8","Tubb3",0
"CGTGAGAAGGCGTAGA-1","0","Tubb3",0
"CGTGAGAAGGGGTACA-1","2","Tubb3",0
"CGTGAGAAGTAGAGGT-1","1","Tubb3",1.84224255763287
"CGTGAGGGTTGAAGTG-1","9","Tubb3",0
"CGTGATGCAGCAGTTG-1","2","Tubb3",0
"CGTGCCTTCAGGCACT-1","0","Tubb3",0
"CGTGGCTGTATGGTCT-1","2","Tubb3",0.840124634725812
"CGTGGTTAGGTACCAC-1","1","Tubb3",0.592772015100323
"CGTGTATGTTGCTTGG-1","2","Tubb3",0
"CGTGTTAAGATAGTTC-1","1","Tubb3",0
"CGTGTTAAGGCGTAAG-1","3","Tubb3",0
"CGTTAATAGGTTCGCG-1","4","Tubb3",1.07651086098359
"CGTTACCCAATGCCGA-1","0","Tubb3",0
"CGTTACTTCAATGGTT-1","0","Tubb3",0
"CGTTATAGTGGACAGT-1","6","Tubb3",0
"CGTTCACCAACGGTAT-1","14","Tubb3",0
"CGTTCACCAATAGCAC-1","0","Tubb3",0
"CGTTCACCACATTAGA-1","7","Tubb3",0.708833074263013
"CGTTCAGGTTATCCAA-1","9","Tubb3",0
"CGTTCAGGTTCGCTTC-1","0","Tubb3",0
"CGTTCATTCAGCAAGG-1","10","Tubb3",0
"CGTTCCGCAACCAACG-1","5","Tubb3",0
"CGTTCCTGTTGCGTGC-1","9","Tubb3",0
"CGTTCCTGTTGGGTCC-1","6","Tubb3",0
"CGTTGAATCAGGTCCG-1","2","Tubb3",0
"CGTTGAATCATGTGAT-1","4","Tubb3",0
"CGTTGCCTCTAGCTTC-1","0","Tubb3",0.552927366100337
"CGTTGGACAATCCAGG-1","7","Tubb3",0
"CGTTGGACAGGCAAGG-1","0","Tubb3",0
"CGTTGTAAGGATACCC-1","5","Tubb3",1.05836115802931
"CGTTGTAAGGTAGGGC-1","6","Tubb3",0
"CGTTGTCCAAGCGGAG-1","5","Tubb3",0
"CGTTGTCCAGGCAAGG-1","7","Tubb3",0
"CGTTTCACACCTTGCG-1","8","Tubb3",1.07836339304084
"CGTTTGAAGCGAACGA-1","0","Tubb3",1.07036475103979
"CTAAAGCCAATTGCTT-1","7","Tubb3",0.399278929295716
"CTAAAGCCACCAGGAC-1","8","Tubb3",0.785934961879794
"CTAAAGCCACCTGGAA-1","0","Tubb3",0
"CTAAAGGGTTAGGCCC-1","10","Tubb3",0.733843530882739
"CTAACATAGCGCATAC-1","0","Tubb3",0
"CTAACATAGGATGGTG-1","9","Tubb3",0
"CTAACCAAGATTACGT-1","0","Tubb3",0
"CTAACGATCAGCGGAA-1","10","Tubb3",0
"CTAAGGCTCTGGCTGG-1","0","Tubb3",1.11728855307234
"CTAATGGTCGATGACC-1","11","Tubb3",0
"CTAATTGGTCATGCCA-1","0","Tubb3",0.810652538709199
"CTACAATAGGTACTAT-1","10","Tubb3",0
"CTACAATAGTACGCTA-1","15","Tubb3",0.848442352643748
"CTACACAAGATTGAAG-1","1","Tubb3",0.554405314899323
"CTACACAAGCCTGATA-1","1","Tubb3",0
"CTACATAGTCAGTAGA-1","0","Tubb3",0
"CTACCATTCAGTGCGT-1","4","Tubb3",0
"CTACCCGCACTTGATT-1","0","Tubb3",0
"CTACCCGCAGGAGCGA-1","0","Tubb3",0.738434714178175
"CTACCCTGTATTGGAG-1","0","Tubb3",0
"CTACCGCTCGATTACG-1","3","Tubb3",0
"CTACGACAGCGCTCGA-1","0","Tubb3",0.816455749079109
"CTACGACAGTATGTCG-1","3","Tubb3",0
"CTACGGACAAACCGTG-1","0","Tubb3",0
"CTACGGACACCTTCGG-1","4","Tubb3",0
"CTACGGGTCAGGACTC-1","0","Tubb3",0
"CTACGTAAGCTAGAGG-1","4","Tubb3",0
"CTACGTAAGTCAATGT-1","10","Tubb3",0
"CTACGTCCAACCGCAA-1","2","Tubb3",0.594987416087701
"CTACGTTTCTATGGTG-1","1","Tubb3",0
"CTACTCACAGGTTCGA-1","0","Tubb3",0.705886206337375
"CTACTCACATAGGCGC-1","3","Tubb3",0
"CTACTCCGTTCGCTCT-1","2","Tubb3",0.70309347183331
"CTACTCCGTTGCCCAA-1","3","Tubb3",0
"CTACTGTTCCATGAGC-1","2","Tubb3",0
"CTACTTGCAAATGGAG-1","1","Tubb3",0.45065922079549
"CTACTTGCACTATGGG-1","6","Tubb3",0
"CTAGAAGGTGAGACAC-1","1","Tubb3",0
"CTAGATTAGCTATCGA-1","2","Tubb3",0
"CTAGATTAGGTTAGCC-1","11","Tubb3",0
"CTAGCATGTGCATTAC-1","14","Tubb3",0
"CTAGCATGTTAAGCCT-1","7","Tubb3",0
"CTAGCCAGTAGTCCCA-1","0","Tubb3",0
"CTAGCCTCAAATGGAG-1","1","Tubb3",0
"CTAGCGCGTAAGTGTG-1","12","Tubb3",0
"CTAGCTGGTGCAGCGA-1","12","Tubb3",0
"CTAGGTCAGCCAGGTT-1","9","Tubb3",0
"CTAGGTCAGGTAGTCC-1","6","Tubb3",0
"CTAGTAACACATACCC-1","0","Tubb3",0.628591159925484
"CTAGTAACAGGACAGG-1","1","Tubb3",0.589569991277547
"CTAGTAACATGCTACC-1","11","Tubb3",0
"CTAGTATAGTATGATC-1","2","Tubb3",0
"CTAGTCAAGCGCCTCT-1","0","Tubb3",0
"CTATAGGTCACGCGAT-1","7","Tubb3",0
"CTATATGGTCCCGATA-1","1","Tubb3",1.13588926906738
"CTATCAAGTTATCACA-1","6","Tubb3",0
"CTATCGAAGTGAGGCA-1","1","Tubb3",0
"CTATCGCCAGGGCTGT-1","0","Tubb3",0
"CTATCGTTCCATCCGC-1","5","Tubb3",0.598914907262464
"CTATCGTTCTGGTGAC-1","0","Tubb3",0
"CTATGCAAGCTAGGTC-1","6","Tubb3",0
"CTATGCTTCCGGGTCA-1","1","Tubb3",0
"CTATGCTTCGCATGAC-1","0","Tubb3",0
"CTATGCTTCTATGGCA-1","1","Tubb3",0.55055451004785
"CTATGGGCACATGCCT-1","0","Tubb3",0
"CTATGGGCATTAGAGC-1","2","Tubb3",0
"CTATGTGAGCTATGCA-1","6","Tubb3",1.62661684555831
"CTATGTGAGGTAGATA-1","4","Tubb3",0.692947240541285
"CTATGTGAGGTGATCC-1","0","Tubb3",0.912676036158041
"CTATTCATCTCATGTC-1","4","Tubb3",0.419883661373083
"CTATTCGCACAACGTG-1","0","Tubb3",0
"CTATTGCTCCTGAGCG-1","1","Tubb3",0
"CTATTGCTCGATCCGG-1","3","Tubb3",0
"CTCAAAGTCCCGCTGT-1","2","Tubb3",0
"CTCAAAGTCTAGCCTT-1","4","Tubb3",0
"CTCAACGGTGGCGTCT-1","1","Tubb3",0.664757806608852
"CTCAACTTCTCACTCG-1","0","Tubb3",0
"CTCAATAGTCAACCTG-1","0","Tubb3",0
"CTCAATTCATCAAGGT-1","8","Tubb3",0.699813198577994
"CTCACACCAATCTCAT-1","11","Tubb3",0
"CTCACACCAGGATAGA-1","0","Tubb3",0.786520556137654
"CTCACATTCCAGCTCC-1","1","Tubb3",0.364862024160146
"CTCACATTCCAGGTTA-1","2","Tubb3",1.00472352812908
"CTCACCATCACACTTC-1","2","Tubb3",0.982498981234021
"CTCACCTGTCATCGCA-1","3","Tubb3",0
"CTCAGCTCACTTCACA-1","5","Tubb3",0
"CTCAGGTAGGTGACGA-1","5","Tubb3",0
"CTCAGGTAGGTTAGCC-1","8","Tubb3",0
"CTCAGTAAGCCCTGGA-1","8","Tubb3",1.07906790552671
"CTCAGTAAGGCTTCGG-1","7","Tubb3",0
"CTCAGTTTCGCTTCGC-1","8","Tubb3",0
"CTCATAAGTCCATCCT-1","2","Tubb3",0
"CTCATAAGTGCGGTTC-1","11","Tubb3",0
"CTCATAAGTGGAGACT-1","0","Tubb3",0
"CTCATAAGTTCCAGGC-1","1","Tubb3",0
"CTCATAAGTTGTCCTC-1","0","Tubb3",0
"CTCATAGAGCCATACA-1","1","Tubb3",0
"CTCATCACACTCATGC-1","0","Tubb3",0.757597170866597
"CTCATCCGTAAGCAAT-1","5","Tubb3",0.561012211171096
"CTCATCCGTTCGTGTG-1","5","Tubb3",0
"CTCATGAAGCAATTAC-1","2","Tubb3",0.645374270142557
"CTCATGAAGGAGCTAG-1","0","Tubb3",0
"CTCATGGGTGCAATCT-1","2","Tubb3",0
"CTCATTATCTATGGTG-1","0","Tubb3",0
"CTCATTGCAAATCGTA-1","0","Tubb3",0.786846282771176
"CTCATTGCAGTTGCAG-1","1","Tubb3",0.821954132936097
"CTCATTGCATAAGCGT-1","0","Tubb3",0
"CTCCAACCAAGCGGAG-1","4","Tubb3",0
"CTCCAACCACATGACG-1","9","Tubb3",0
"CTCCAACCATGGTGCA-1","6","Tubb3",0
"CTCCAAGGTGAGACCG-1","5","Tubb3",0.797958094665053
"CTCCAAGGTTAAGCCT-1","2","Tubb3",0
"CTCCAGCTCAGCCCAG-1","0","Tubb3",0
"CTCCAGCTCTTGACTC-1","13","Tubb3",0
"CTCCCAATCACTCCAT-1","4","Tubb3",0
"CTCCCAATCCAGCATA-1","9","Tubb3",0
"CTCCCAATCGATAGGG-1","1","Tubb3",0
"CTCCCTAAGGATGTAA-1","1","Tubb3",0
"CTCCCTGGTAGGTGAC-1","5","Tubb3",0
"CTCCGTTGTAGGTGTA-1","5","Tubb3",0.533605842657103
"CTCCGTTGTTTGCATA-1","6","Tubb3",0
"CTCCTAGTCACACACA-1","5","Tubb3",0
"CTCCTAGTCACACATG-1","15","Tubb3",0
"CTCCTAGTCCCGCTAC-1","2","Tubb3",0
"CTCCTCAAGTAATCGT-1","5","Tubb3",1.27619434671465
"CTCCTCAAGTGGCGTT-1","0","Tubb3",0
"CTCCTGATCACTAACG-1","7","Tubb3",0.671193782093091
"CTCCTGATCTAGATAC-1","1","Tubb3",0
"CTCCTTAGTGAGTATG-1","0","Tubb3",0
"CTCGAACAGTAGCCAC-1","6","Tubb3",0
"CTCGAACAGTTAGGTT-1","0","Tubb3",0
"CTCGAACAGTTGCTCT-1","1","Tubb3",0
"CTCGCCACAATCAGAC-1","6","Tubb3",0
"CTCGCGTTCAAGTTCG-1","4","Tubb3",0
"CTCGCGTTCCTCTAGT-1","0","Tubb3",0
"CTCGCGTTCTTGACGA-1","2","Tubb3",0.858343642288617
"CTCGCTGCAACCCGTT-1","16","Tubb3",0
"CTCGCTGCAACTCGCT-1","0","Tubb3",0.61938226158283
"CTCGCTGCAGTTAATG-1","0","Tubb3",0
"CTCGCTGCATTCAACT-1","2","Tubb3",0
"CTCGCTTGTGGCAGTG-1","2","Tubb3",0
"CTCGCTTGTTATGCAC-1","5","Tubb3",0.62814235025095
"CTCGGATAGGAGGATT-1","13","Tubb3",0
"CTCGTAAAGGGTCTCG-1","3","Tubb3",2.02081916795289
"CTCGTCTGTATGGTTC-1","0","Tubb3",1.1945361536712
"CTCGTCTGTATGTGAG-1","5","Tubb3",0
"CTCGTGAGTTTCAGGT-1","0","Tubb3",0
"CTCGTTGTCCAGCACG-1","7","Tubb3",0
"CTCTAATCATCCCGTG-1","2","Tubb3",0
"CTCTAGAAGAACCTGC-1","10","Tubb3",0
"CTCTATATCATATAGC-1","8","Tubb3",0.691252579604329
"CTCTATTGTAGCCCGT-1","0","Tubb3",0.625989146338517
"CTCTATTGTTGCACAT-1","12","Tubb3",0
"CTCTGACCAAGCGAGG-1","5","Tubb3",0
"CTCTGACCAGTAATTG-1","4","Tubb3",0.648690230285008
"CTCTGATTCGAACGCT-1","0","Tubb3",0
"CTCTGCATCCCGCTGT-1","0","Tubb3",0.880468923834244
"CTCTGGTCAATCTCCA-1","0","Tubb3",0
"CTCTGTTAGGTGCAGA-1","1","Tubb3",0
"CTCTTAATCCACGGAT-1","6","Tubb3",0
"CTCTTCTCATCCACTA-1","1","Tubb3",0
"CTGAAAGGTGAGTAGC-1","0","Tubb3",0
"CTGACAATCGAGTGTC-1","0","Tubb3",0.833740869679407
"CTGACACAGCCCGTCT-1","0","Tubb3",1.00510774142654
"CTGACACAGGCGAGAC-1","0","Tubb3",0.805003987099709
"CTGACACAGTGCAACC-1","9","Tubb3",0
"CTGACCCTCCTTAGAG-1","10","Tubb3",0
"CTGACCTCATTGCGTC-1","6","Tubb3",0
"CTGATAGTCCATCACT-1","5","Tubb3",0
"CTGATATAGCTACGAC-1","2","Tubb3",0
"CTGATATAGTGCGCCA-1","1","Tubb3",0
"CTGATCAAGGTGACAG-1","0","Tubb3",1.0419933946686
"CTGATTGAGTGAGGTG-1","4","Tubb3",0
"CTGATTTCAACGGTCA-1","6","Tubb3",0
"CTGATTTCACAGCAGC-1","0","Tubb3",0
"CTGATTTCAGCAGGAG-1","0","Tubb3",0.884956877641055
"CTGCAAATCGAGTCTA-1","5","Tubb3",0
"CTGCAATGTCCCGATA-1","3","Tubb3",0
"CTGCACCTCATGCAGC-1","6","Tubb3",0
"CTGCACCTCGCTTCAT-1","3","Tubb3",0
"CTGCACCTCGTCTCAT-1","3","Tubb3",0
"CTGCATGGTGATGACA-1","0","Tubb3",0
"CTGCATTTCATGGTAT-1","7","Tubb3",0.584850714225336
"CTGCCATCAAGCTTCC-1","1","Tubb3",0.875008161742856
"CTGCCATCACAAGGAA-1","0","Tubb3",0
"CTGCCATCACTCAGCT-1","4","Tubb3",1.58802651512561
"CTGCCATCAGCACGGT-1","0","Tubb3",0.914912949884855
"CTGCCATCAGTACTAA-1","1","Tubb3",0
"CTGCCATCATGGTCAG-1","2","Tubb3",0.799168270941781
"CTGCCTATCACTCGGG-1","1","Tubb3",0.64309742538784
"CTGCCTGCACAACCAG-1","0","Tubb3",1.03363494236714
"CTGCCTGCACTTGCTA-1","12","Tubb3",0
"CTGCCTGCAGGGCTGT-1","0","Tubb3",0
"CTGCCTGCATTCCTGA-1","1","Tubb3",0.578207679249016
"CTGCGCAAGGTATGAA-1","0","Tubb3",0
"CTGCGGATCCATGCAA-1","14","Tubb3",0
"CTGCGTAGTCTAGAGA-1","5","Tubb3",1.26540536191054
"CTGCTAAAGGAGTACG-1","12","Tubb3",0
"CTGCTCTGTTTGACGT-1","0","Tubb3",0.746279953320418
"CTGCTTACAGCTCGAA-1","2","Tubb3",0
"CTGCTTACATCAATTC-1","7","Tubb3",0.832858256654068
"CTGCTTACATGAGCGC-1","0","Tubb3",0.960461950187293
"CTGGAAAGTTTACTCT-1","5","Tubb3",0.651205927503296
"CTGGACTAGATTACGT-1","1","Tubb3",0
"CTGGACTAGTTACGTG-1","1","Tubb3",0
"CTGGATGCAAATCGAC-1","2","Tubb3",0
"CTGGCAACAGTAAGGA-1","5","Tubb3",0.922881039592554
"CTGGCAACATTGCCGT-1","1","Tubb3",0.467913140206091
"CTGGCCAAGGTAGGGC-1","4","Tubb3",0
"CTGGCTAGTTAGCTTA-1","4","Tubb3",0
"CTGGGGTCACATTACT-1","0","Tubb3",0
"CTGGGGTCAGTTGACG-1","3","Tubb3",0
"CTGGGGTCATCCAATT-1","6","Tubb3",0
"CTGGGTTAGCAAGCGA-1","6","Tubb3",0
"CTGGGTTAGCCCTACC-1","0","Tubb3",0
"CTGGGTTAGGTGACTC-1","0","Tubb3",0
"CTGGTAATCTCACTAC-1","10","Tubb3",0
"CTGGTATGTCAACCAT-1","4","Tubb3",0
"CTGGTATGTTTGCACG-1","6","Tubb3",0
"CTGGTCAGTTAGCGCC-1","0","Tubb3",0
"CTGGTCAGTTCTGTCC-1","1","Tubb3",0
"CTGGTTAAGAACCTGC-1","1","Tubb3",0
"CTGGTTAAGTCAGTGC-1","1","Tubb3",0
"CTGGTTGGTGGCTCAC-1","4","Tubb3",0.591508531561145
"CTGGTTGGTTAGTAGG-1","5","Tubb3",0
"CTGGTTGGTTCACCAG-1","3","Tubb3",0
"CTGTAACGTCAAGCCC-1","10","Tubb3",0
"CTGTAAGTCCGTTAAG-1","2","Tubb3",0
"CTGTAAGTCCTTAGTC-1","3","Tubb3",0
"CTGTAAGTCTCATCAC-1","1","Tubb3",0.964964839640045
"CTGTACCCAAGGTTAC-1","0","Tubb3",0.379820277378661
"CTGTACCCAATAGCAC-1","0","Tubb3",0
"CTGTACTTCAGTTGAT-1","5","Tubb3",0
"CTGTACTTCGATACAT-1","7","Tubb3",0
"CTGTATAGTTCGTTAA-1","10","Tubb3",0
"CTGTCAAAGCATGAGG-1","6","Tubb3",0
"CTGTCAAAGTACGGTC-1","8","Tubb3",0
"CTGTCAAAGTGGCTTA-1","9","Tubb3",0
"CTGTCACCAGGGACCT-1","7","Tubb3",0
"CTGTCATTCCTTGAGA-1","3","Tubb3",0
"CTGTCCATCCATCGAA-1","1","Tubb3",0.787172293102566
"CTGTCGCTCCAGCATA-1","0","Tubb3",0
"CTGTCGCTCTAGTTGG-1","2","Tubb3",0.587431330439821
"CTGTGCCTCACCAAGC-1","0","Tubb3",0.483544787108753
"CTGTGGACACCATGTC-1","0","Tubb3",0.814418186268047
"CTGTGGACATCGGTCT-1","2","Tubb3",0
"CTGTGTCCAAACTGAC-1","4","Tubb3",0.967840257203891
"CTGTTAGAGTTGGTCA-1","0","Tubb3",0
"CTGTTCCGTTCTGGAT-1","14","Tubb3",0
"CTGTTGGGTATGGGTA-1","0","Tubb3",0
"CTTAACCTCAATTGCG-1","0","Tubb3",0
"CTTAACCTCACACACA-1","1","Tubb3",0.45998102034546
"CTTAATCCAAGGTCAT-1","0","Tubb3",0
"CTTACAAGTGCATCCA-1","0","Tubb3",0.777577404412528
"CTTACATCACATTGCC-1","0","Tubb3",0
"CTTACATCAGCCATCT-1","0","Tubb3",0
"CTTACATCATTCGGAG-1","0","Tubb3",0
"CTTACGAAGTCAGCAC-1","1","Tubb3",0
"CTTACGCCACCTGCCA-1","1","Tubb3",0
"CTTACGGGTTAGCGTT-1","0","Tubb3",0
"CTTACGGGTTGCACTG-1","1","Tubb3",0.601103458322487
"CTTACTATCTATCGAG-1","2","Tubb3",0
"CTTACTTGTGAGTTAG-1","1","Tubb3",0
"CTTAGCAAGCAAGGAT-1","0","Tubb3",0
"CTTAGCGGTTATGAGG-1","1","Tubb3",0
"CTTAGCTTCAGTTGGC-1","1","Tubb3",0.384416685677944
"CTTAGCTTCCTCGTTG-1","0","Tubb3",0
"CTTAGCTTCGATGCGT-1","1","Tubb3",1.24619485868139
"CTTAGTAGTAAGTAGT-1","2","Tubb3",0
"CTTAGTGAGCGGTTCG-1","8","Tubb3",0
"CTTATAGGTGCGGCTT-1","1","Tubb3",0.530677667535986
"CTTATAGGTTAGTTGC-1","8","Tubb3",0
"CTTATCGCACAACTAA-1","11","Tubb3",0
"CTTATCGCATGAAGCT-1","0","Tubb3",0.767296363825837
"CTTATCTGTCATGCCA-1","3","Tubb3",0
"CTTATCTGTTGCTCGA-1","7","Tubb3",0
"CTTATGAGTCAGGCAG-1","4","Tubb3",0.800517451557117
"CTTATGAGTTGTAAGG-1","3","Tubb3",0
"CTTATGGAGCATTCGA-1","5","Tubb3",0
"CTTATGGAGTAATGTC-1","4","Tubb3",0.611718607782907
"CTTATGGAGTGCTGTA-1","1","Tubb3",0.900622154269734
"CTTCAATCATTAGTGA-1","4","Tubb3",0.539771449654649
"CTTCACTAGGCGATAG-1","0","Tubb3",0
"CTTCACTAGGTAGGGC-1","0","Tubb3",0
"CTTCACTAGGTGCGAA-1","0","Tubb3",0
"CTTCAGCCAATCTCAT-1","0","Tubb3",0.458864021551839
"CTTCAGCCACTCAACC-1","1","Tubb3",0
"CTTCATCAGTCAGTTG-1","0","Tubb3",0
"CTTCATTGTTTCGATA-1","1","Tubb3",0
"CTTCGATTCACTAACG-1","2","Tubb3",0
"CTTCGATTCTAGTCGA-1","0","Tubb3",0.843506386650942
"CTTCGCATCACTCACT-1","7","Tubb3",0
"CTTCGCGCAGCAGGGA-1","0","Tubb3",0
"CTTCGCGCAGTTGCGA-1","0","Tubb3",1.04628799616369
"CTTCGCGCATAACCAA-1","0","Tubb3",0
"CTTCGGCTCGTGATAT-1","0","Tubb3",0
"CTTCGGTCAAGTGGTT-1","7","Tubb3",0
"CTTCGGTCAATCCGTC-1","0","Tubb3",0
"CTTCGTTAGCTGGACT-1","0","Tubb3",0
"CTTCGTTAGCTTAGGC-1","2","Tubb3",0.805482941202306
"CTTCTAATCCGTGCGA-1","2","Tubb3",0
"CTTCTATGTGAGTCCC-1","0","Tubb3",0
"CTTCTATGTGGGTCGA-1","10","Tubb3",0
"CTTCTCCTCGCTTGAA-1","4","Tubb3",0
"CTTGAATAGCTAAGTT-1","8","Tubb3",0
"CTTGAATAGGTACTGC-1","8","Tubb3",0
"CTTGAATAGGTAGAGT-1","5","Tubb3",1.30611144621984
"CTTGAATAGGTCGTAC-1","7","Tubb3",0
"CTTGACCCAAGTGATC-1","13","Tubb3",2.15229261345577
"CTTGACCCAGTTGAGT-1","0","Tubb3",0.926644394220669
"CTTGACTTCATACTGG-1","0","Tubb3",0
"CTTGAGGCAGCTACGA-1","2","Tubb3",0
"CTTGAGGCATAGATCA-1","11","Tubb3",0
"CTTGATAGTTCGCCTT-1","3","Tubb3",2.4369772841275
"CTTGATGAGGTGCAAG-1","6","Tubb3",0
"CTTGCACCATAGACCG-1","4","Tubb3",0
"CTTGCCTGTGCGGCTT-1","15","Tubb3",0
"CTTGCGGAGCGCCTCT-1","0","Tubb3",1.64728693860102
"CTTGCGGAGCTACTTC-1","0","Tubb3",0
"CTTGCGGAGTGATAGA-1","9","Tubb3",0
"CTTGCGGAGTGGGTCT-1","6","Tubb3",0
"CTTGCGGAGTTGGCTA-1","5","Tubb3",0
"CTTGCTTAGGTTCGCG-1","8","Tubb3",0
"CTTGCTTAGTGAAGTA-1","6","Tubb3",0
"CTTGGCGAGCCAATCA-1","12","Tubb3",0
"CTTGGCGAGTAGGTCC-1","4","Tubb3",0
"CTTGGGACAAGGTAGA-1","2","Tubb3",0.995650612617781
"CTTGGGCGTCCATCTC-1","5","Tubb3",0
"CTTGGGCGTTTAGGTC-1","5","Tubb3",0.776054832488817
"CTTGGGGTCCAGAGCT-1","4","Tubb3",0
"CTTGGGGTCGTTACAG-1","2","Tubb3",0
"CTTGGTAAGGCGCTAT-1","1","Tubb3",0
"CTTGTGTTCAATTGGT-1","0","Tubb3",0
"CTTGTGTTCATGAGTT-1","12","Tubb3",0
"GCAAACCTCCTGCCGT-1","5","Tubb3",0
"GCAACATCAATGGGCC-1","5","Tubb3",0
"GCAACCACAAGGGACG-1","7","Tubb3",0
"GCAACGGGTGATGACA-1","6","Tubb3",0
"GCAACTATCAGCTGCG-1","0","Tubb3",0
"GCAACTATCCATTAGG-1","0","Tubb3",0
"GCAAGCAAGGTGATCC-1","6","Tubb3",0
"GCAAGCAAGTGTCCTT-1","0","Tubb3",0
"GCAAGCTTCGATGCTA-1","3","Tubb3",0
"GCAAGGATCGACATAT-1","4","Tubb3",0
"GCAAGTGAGCCATGCG-1","14","Tubb3",0
"GCAAGTGAGCGGTCCA-1","0","Tubb3",0
"GCAAGTGAGGCAAGGC-1","0","Tubb3",0.813228731552206
"GCAATAGGTTTCAGCG-1","14","Tubb3",0
"GCAATATTCCGGAGTT-1","13","Tubb3",0
"GCAATCGCACTAGGGC-1","11","Tubb3",0
"GCAATCGCACTCATGC-1","0","Tubb3",0.668307162659387
"GCAATCTGTGGCCTAC-1","0","Tubb3",0
"GCAATTTAGGCTCCGA-1","5","Tubb3",0
"GCACAATCAGGCTCAA-1","2","Tubb3",0
"GCACAATCATTAGCAA-1","1","Tubb3",0
"GCACACTAGTCATAGT-1","3","Tubb3",0
"GCACAGCCACGCCATT-1","12","Tubb3",0
"GCACAGCCAGGCAGGA-1","0","Tubb3",0.744070404270821
"GCACAGCCATCGCGTT-1","0","Tubb3",0.738263600026138
"GCACCATAGAAGCATA-1","5","Tubb3",0
"GCACCATAGCGCATAC-1","3","Tubb3",0
"GCACCATAGGATGCAG-1","2","Tubb3",0
"GCACCGATCTAGTCCT-1","0","Tubb3",0
"GCACCTAGTGAGACAC-1","1","Tubb3",0
"GCACCTAGTGCAATGA-1","1","Tubb3",0.579551478845554
"GCACCTAGTGGGAACT-1","2","Tubb3",0
"GCACGAAAGGAGGATT-1","0","Tubb3",0.837216902341797
"GCACGAAAGTACCACA-1","10","Tubb3",0
"GCACGAAAGTCATAGT-1","0","Tubb3",1.1932537957628
"GCACGATTCCGCGAAT-1","6","Tubb3",0
"GCACGGTCAACTTCAT-1","7","Tubb3",0
"GCACGGTCAGGATACT-1","1","Tubb3",0
"GCACTAGCAATTCAAG-1","0","Tubb3",0
"GCACTATGTCATTGCG-1","5","Tubb3",0
"GCACTGACAGGACTGC-1","5","Tubb3",0.676094392177226
"GCACTGGTCGACATAT-1","2","Tubb3",0
"GCAGCCATCACTTCCG-1","5","Tubb3",1.03165521177946
"GCAGCGAGTTCTGTAA-1","1","Tubb3",0
"GCAGGCTCATTGCGTC-1","4","Tubb3",0
"GCAGGGTAGCGATGAG-1","0","Tubb3",1.63045824324928
"GCAGTAAGTAGCTCGC-1","1","Tubb3",0
"GCAGTGAAGCGATAGG-1","0","Tubb3",0.864816556596177
"GCATAAGGTGAGGTGT-1","8","Tubb3",0
"GCATAAGGTTATGGTC-1","3","Tubb3",0
"GCATAGTCAAATGCGT-1","1","Tubb3",0
"GCATAGTCAATTGGCG-1","6","Tubb3",0
"GCATAGTCAGCAGGGA-1","0","Tubb3",0
"GCATAGTCAGGTAATC-1","13","Tubb3",0.785025856692992
"GCATAGTCATGGCGAC-1","0","Tubb3",0
"GCATCAATCCCTCAGC-1","0","Tubb3",0
"GCATCACAGAAGGTGT-1","0","Tubb3",0
"GCATCAGCAGTTGGGC-1","0","Tubb3",0
"GCATCCTCAACTCGTC-1","6","Tubb3",1.01588412103959
"GCATCCTCAATATCTC-1","3","Tubb3",0
"GCATCCTCATTAGTGA-1","1","Tubb3",0
"GCATCTAAGAACCAGG-1","1","Tubb3",0.601177935209529
"GCATCTAAGCCCGTTC-1","3","Tubb3",0
"GCATCTAAGGTTCCGG-1","4","Tubb3",0
"GCATGGGGTTACACAC-1","0","Tubb3",0
"GCATGTCAGGTACGCT-1","0","Tubb3",0
"GCATGTTGTCCATCTC-1","0","Tubb3",0
"GCATGTTGTCTGGCGT-1","0","Tubb3",0
"GCATTACGTGAGTGTA-1","3","Tubb3",0
"GCATTACGTTATCAGC-1","0","Tubb3",0
"GCATTATAGGCGTACT-1","5","Tubb3",0
"GCATTCAAGAAGGGCC-1","0","Tubb3",1.29359025470687
"GCATTCAAGGTCATAT-1","14","Tubb3",0
"GCATTCCCAACGTGAT-1","0","Tubb3",0.984804902197937
"GCATTGATCACCCTAT-1","5","Tubb3",0
"GCATTGATCGATGGAG-1","7","Tubb3",0.675999449399167
"GCATTTGAGCCATCAA-1","1","Tubb3",0
"GCCAAATCACAAGCAT-1","3","Tubb3",0
"GCCAAATCATCAATCT-1","5","Tubb3",1.21731972188124
"GCCAACTAGGTACACC-1","0","Tubb3",0
"GCCAACTAGGTCAATT-1","3","Tubb3",0
"GCCAAGCCACAGGACC-1","10","Tubb3",0
"GCCAATGCAATCGCAG-1","5","Tubb3",0
"GCCAATGCACTCAGGA-1","0","Tubb3",0
"GCCAATGCAGCTCGTT-1","7","Tubb3",0
"GCCAATGCATAATCGA-1","5","Tubb3",0
"GCCAATGCATCGACTC-1","0","Tubb3",0
"GCCAATTGTCAGCTCA-1","1","Tubb3",0
"GCCAATTGTGACGAGT-1","5","Tubb3",0
"GCCACAACAGCTAGAT-1","1","Tubb3",0
"GCCACATAGCCGATAC-1","6","Tubb3",0
"GCCACATAGGGTCTCG-1","12","Tubb3",0
"GCCACATAGGGTGAAT-1","2","Tubb3",0.725716858017311
"GCCACCTTCAATCCAG-1","0","Tubb3",0
"GCCACCTTCAATGTAC-1","0","Tubb3",0.720908657160387
"GCCACCTTCTGGTAAT-1","3","Tubb3",0
"GCCACTTCAAGGTGAA-1","10","Tubb3",0
"GCCACTTCAAGTGCCA-1","2","Tubb3",0
"GCCACTTCAAGTTACA-1","4","Tubb3",0.372856019064809
"GCCATAATCATGCGAC-1","0","Tubb3",0.794217643638574
"GCCATATGTCTTGCAG-1","4","Tubb3",0
"GCCATCAGTTCAAGGA-1","8","Tubb3",0
"GCCATCAGTTTCGGTG-1","0","Tubb3",0
"GCCATCCTCCACGGAT-1","7","Tubb3",1.29570633004373
"GCCATCTCAGCTCGTT-1","8","Tubb3",0
"GCCATCTCATAATCTC-1","5","Tubb3",0
"GCCATTCCATGGCAAT-1","0","Tubb3",0.953056703076785
"GCCCAAGTCCCGCGAA-1","14","Tubb3",0
"GCCCAATAGGTTGGCT-1","4","Tubb3",0.945484224465857
"GCCCACTTCAATCTCC-1","1","Tubb3",0.727758535214855
"GCCCACTTCCATCTCG-1","1","Tubb3",1.04104424639853
"GCCCACTTCCATGCCC-1","6","Tubb3",0
"GCCCATAGTGAAGCGT-1","1","Tubb3",0.641304898472968
"GCCCATAGTTAGGCTT-1","6","Tubb3",0
"GCCCATTCAATCATAG-1","4","Tubb3",0.575471109775427
"GCCCATTCAGGTATCG-1","12","Tubb3",0
"GCCCCAAAGCCTATCT-1","0","Tubb3",0
"GCCCCAAAGGGTGAAT-1","0","Tubb3",0
"GCCCCATTCTATGCCT-1","13","Tubb3",0
"GCCCCTTAGCAGGTCT-1","14","Tubb3",0
"GCCCCTTAGGCGCTCA-1","0","Tubb3",0
"GCCCCTTAGGCGTCTG-1","4","Tubb3",0.886757334290999
"GCCCTAGAGTGCTCGG-1","11","Tubb3",0
"GCCCTAGAGTTGCATG-1","1","Tubb3",0
"GCCCTCACAATCTGGG-1","0","Tubb3",0
"GCCCTGAAGCGCTCTC-1","10","Tubb3",0
"GCCCTGAAGTCAGCTA-1","0","Tubb3",0
"GCCCTGTTCAATGGCC-1","16","Tubb3",0
"GCCCTGTTCGCGTGTG-1","6","Tubb3",0
"GCCGAACCATAAGTGC-1","2","Tubb3",0.726874178282872
"GCCGAGTCAAACCGAT-1","5","Tubb3",0
"GCCGAGTCAAGGGCTC-1","1","Tubb3",0
"GCCGAGTCACCATCGT-1","0","Tubb3",1.20950778726389
"GCCGAGTCATAGACCG-1","3","Tubb3",0
"GCCGCTAAGGAACCTC-1","4","Tubb3",0
"GCCGTACGTCAGTAAG-1","10","Tubb3",0
"GCCGTCAAGGTTGCCG-1","3","Tubb3",0
"GCCGTTAGTGATCCTG-1","4","Tubb3",0
"GCCGTTGAGGGCTTAC-1","1","Tubb3",0
"GCCTAAATCACTCCAT-1","7","Tubb3",0
"GCCTAAATCTGGCCCT-1","1","Tubb3",0.528810527557219
"GCCTAACAGTAATGAG-1","6","Tubb3",0
"GCCTACCTCGACTGAC-1","0","Tubb3",0
"GCCTACTCAAATGGGA-1","2","Tubb3",0
"GCCTATGGTAGTCCCA-1","2","Tubb3",0
"GCCTATGGTCAGGAAC-1","0","Tubb3",0.974827455157447
"GCCTATGGTGCAGTAA-1","6","Tubb3",0
"GCCTATGGTTATGGAG-1","8","Tubb3",0
"GCCTCCACAAACCAAC-1","4","Tubb3",0.459132026615377
"GCCTCCACATCACGAG-1","7","Tubb3",0
"GCCTGCAAGCTTAACG-1","0","Tubb3",0.911339488424952
"GCCTGCTTCCTCACTG-1","7","Tubb3",0
"GCCTGGATCTAGTGTG-1","0","Tubb3",0
"GCCTGTGAGCATTGAT-1","7","Tubb3",0
"GCCTGTGAGGTAGCTC-1","2","Tubb3",0
"GCCTGTTCAATCGAGT-1","1","Tubb3",0
"GCCTGTTCACCATCCG-1","1","Tubb3",0.738206580390043
"GCGAAAGTCAGCGGAA-1","0","Tubb3",0
"GCGAATTCAAATCGGT-1","14","Tubb3",0
"GCGAATTCAATAGGCT-1","0","Tubb3",0.675525150292407
"GCGAATTCAATGTATG-1","1","Tubb3",0
"GCGAATTCACTTACGC-1","0","Tubb3",0
"GCGAATTCATCCTGAC-1","4","Tubb3",0
"GCGACATTCTTGAGCA-1","3","Tubb3",0
"GCGACTTAGGATGGGC-1","0","Tubb3",1.3563103964635
"GCGAGGTAGCCTGTCC-1","0","Tubb3",0
"GCGAGGTAGTGAATGA-1","4","Tubb3",0.351747555748705
"GCGAGTAAGGTAGCGA-1","0","Tubb3",0.895106722420111
"GCGAGTTTCACGGAAG-1","0","Tubb3",1.93535626080875
"GCGATAAGTTGAGCCC-1","8","Tubb3",0
"GCGATCCGTGAGCGCA-1","7","Tubb3",0.893995186226763
"GCGATCCGTTAATGGG-1","0","Tubb3",0
"GCGATCCGTTCCGCTT-1","0","Tubb3",0
"GCGATCCGTTCGCAAT-1","4","Tubb3",0
"GCGATGTTCAGCATTG-1","5","Tubb3",1.22499090216587
"GCGCATTAGGTCCAAC-1","0","Tubb3",0.303913235613684
"GCGCATTAGTCGCTGG-1","5","Tubb3",0
"GCGCCTAAGCTAATGT-1","4","Tubb3",0
"GCGCCTAAGGAACTAA-1","3","Tubb3",0
"GCGCCTAAGTCATGGC-1","5","Tubb3",0
"GCGCCTAAGTCGAACC-1","0","Tubb3",1.15995226926747
"GCGCTAACATTAGTTC-1","3","Tubb3",0
"GCGCTAGTCACTCACT-1","5","Tubb3",0.69460034144002
"GCGCTCAAGGAGGTCA-1","0","Tubb3",1.52472724380445
"GCGCTCAAGTGGCTTA-1","0","Tubb3",0
"GCGCTTGAGATAGCCC-1","2","Tubb3",0
"GCGCTTGAGCATCCTT-1","4","Tubb3",0.999811814037493
"GCGGAGACAATCCGTC-1","3","Tubb3",0
"GCGGAGTAGATTGAAG-1","6","Tubb3",0
"GCGGCTATCCGCACGA-1","1","Tubb3",0
"GCGGGAACATGCTCGT-1","1","Tubb3",0
"GCGGGTAGTTAGCGAA-1","0","Tubb3",0
"GCGGGTTCATCATATC-1","0","Tubb3",0
"GCGGTAAAGGATGAAC-1","0","Tubb3",0
"GCGGTAGGTAATGTGG-1","5","Tubb3",0.706353909494712
"GCGGTGAGTTCAATCA-1","0","Tubb3",0
"GCGTAAAGTTAGCAAG-1","8","Tubb3",0
"GCGTAATCAGCCATAG-1","4","Tubb3",1.27753041618933
"GCGTAATCAGCCATCT-1","0","Tubb3",0
"GCGTACCGTCAGGGAT-1","0","Tubb3",0
"GCGTACCGTCTAACGT-1","11","Tubb3",0
"GCGTAGCCAAGCATCG-1","7","Tubb3",0
"GCGTAGCCAGCTCTCG-1","4","Tubb3",0.53618422552622
"GCGTATATCGTACCTT-1","3","Tubb3",0
"GCGTATTGTAGGTACA-1","3","Tubb3",0
"GCGTCAACAAGCCAAT-1","11","Tubb3",0
"GCGTGAAAGATACTAC-1","5","Tubb3",0
"GCGTGAAAGCTATCTC-1","0","Tubb3",0
"GCGTGAAAGGATGTCC-1","1","Tubb3",0.791304493255571
"GCGTGAAAGTCATGGC-1","0","Tubb3",0.930906012852557
"GCGTGAGGTAATGCAG-1","1","Tubb3",0
"GCGTGAGGTAGTAACG-1","5","Tubb3",0
"GCGTGAGGTGGAGAGA-1","8","Tubb3",0
"GCGTGCATCGTGATTG-1","6","Tubb3",0
"GCGTGTTAGTGAAGCG-1","2","Tubb3",0
"GCGTTCTCATTACCTG-1","13","Tubb3",2.2906131819356
"GCTAAACCAAGTGCTG-1","5","Tubb3",0.796718315271395
"GCTAAACCAGGTATGT-1","12","Tubb3",0
"GCTAAAGGTTCGCGTA-1","9","Tubb3",0
"GCTAAAGGTTGACGCC-1","0","Tubb3",0
"GCTAAATTCTGTCTAC-1","2","Tubb3",0.867130640057247
"GCTAACATCAGGAAGT-1","0","Tubb3",0
"GCTAACATCCCGCAAG-1","0","Tubb3",0
"GCTAATGTCCACCGCT-1","0","Tubb3",0
"GCTAATGTCCATAGTG-1","4","Tubb3",0
"GCTACCCTCGATGCTA-1","0","Tubb3",0.671193782093091
"GCTACCTCACCTATAT-1","7","Tubb3",0
"GCTACCTCAGGTTCCT-1","4","Tubb3",0.736642138972895
"GCTACTGGTAGTAGAT-1","2","Tubb3",0
"GCTACTGGTGGCGTTC-1","0","Tubb3",0
"GCTAGGGGTGAAGGCT-1","5","Tubb3",0
"GCTAGGTTCCTGAAGC-1","6","Tubb3",0
"GCTAGGTTCTAGCCGG-1","0","Tubb3",1.06703887384427
"GCTAGTCAGCAACCCG-1","0","Tubb3",1.27266746916375
"GCTAGTCAGGATTACT-1","0","Tubb3",0.483831048195989
"GCTAGTCAGGCTCTGG-1","1","Tubb3",0
"GCTAGTTGTGAGATCA-1","0","Tubb3",0
"GCTAGTTGTTTACTTC-1","4","Tubb3",0
"GCTATGATCAATCTCC-1","0","Tubb3",0.709383548401456
"GCTATTGAGGTAACGG-1","8","Tubb3",0.768286825146037
"GCTCACCTCTGGCTGG-1","7","Tubb3",0
"GCTCAGGTCCGCGTAG-1","0","Tubb3",0
"GCTCATAAGCCCTGGA-1","4","Tubb3",0
"GCTCATAAGTACGCCG-1","10","Tubb3",0
"GCTCATGGTAGGTGTA-1","0","Tubb3",0
"GCTCCAAGTATGTACC-1","0","Tubb3",0
"GCTCCAAGTTTCGAGT-1","5","Tubb3",0
"GCTCCCACAGCTCGTT-1","4","Tubb3",0
"GCTCCCACATTGGGCA-1","0","Tubb3",0.861330458127816
"GCTCCGTTCAATGTGT-1","0","Tubb3",1.22584051060974
"GCTCCGTTCGATCGGT-1","9","Tubb3",0
"GCTCCTGCAAGTGATC-1","0","Tubb3",0
"GCTCCTGCATTGACGG-1","1","Tubb3",0
"GCTCCTTGTGATGATG-1","10","Tubb3",0
"GCTCGATAGCCGACTG-1","8","Tubb3",0.787498587519971
"GCTCGATAGGTTAGCC-1","2","Tubb3",0.66279265000163
"GCTCGATAGTGCTCGG-1","7","Tubb3",0
"GCTCGCTTCTAGTAAC-1","0","Tubb3",0
"GCTCGCTTCTGTGAGC-1","0","Tubb3",0
"GCTCGTAGTCAGGCGA-1","0","Tubb3",0.730202140329799
"GCTCGTAGTTGTAGGA-1","10","Tubb3",0
"GCTCTATTCACCAGCG-1","4","Tubb3",0.760528393019987
"GCTCTATTCAGCTAAT-1","5","Tubb3",0
"GCTCTATTCCATGCGG-1","11","Tubb3",1.14318791325681
"GCTCTCATCATGTCCT-1","7","Tubb3",0
"GCTCTTGTCTAGCGCG-1","0","Tubb3",0
"GCTGAAAGTAGCGGAT-1","2","Tubb3",0.771086932135083
"GCTGAAAGTGGCCTAC-1","4","Tubb3",0
"GCTGAAAGTTAGCCAT-1","5","Tubb3",0
"GCTGACTAGCGGACTT-1","0","Tubb3",1.38715748154124
"GCTGACTAGGTAGTCC-1","1","Tubb3",1.03615058632535
"GCTGACTAGTGGGTTC-1","3","Tubb3",0
"GCTGAGAAGGTCATGC-1","10","Tubb3",0
"GCTGAGAAGGTTCGGT-1","2","Tubb3",1.28795386600675
"GCTGATGCAACTGCCT-1","9","Tubb3",0
"GCTGCCTTCACGCACG-1","0","Tubb3",0
"GCTGCTGAGCCGAGTT-1","0","Tubb3",0
"GCTGGATTCACAGATT-1","3","Tubb3",0
"GCTGGCTGTGCGGTTC-1","1","Tubb3",1.55627230894315
"GCTGGGTCAATTAGGC-1","2","Tubb3",0.683003807363761
"GCTGTTAAGGTCAACC-1","2","Tubb3",0
"GCTTAACGTCAGGCAG-1","5","Tubb3",0.77058757150916
"GCTTAACGTTCGGTAT-1","11","Tubb3",0
"GCTTAACGTTCGTTGG-1","6","Tubb3",0
"GCTTAATAGCGGGAAC-1","2","Tubb3",1.22873910073906
"GCTTACTTCACAGGTC-1","4","Tubb3",0
"GCTTACTTCAGTATCG-1","1","Tubb3",0
"GCTTACTTCCGTTGCC-1","3","Tubb3",0
"GCTTATAGTATGGATG-1","1","Tubb3",0
"GCTTATGAGGGTATCC-1","2","Tubb3",0
"GCTTCCATCGCTCGCT-1","6","Tubb3",0
"GCTTCCATCTAGTGAT-1","2","Tubb3",0
"GCTTCCGCAACCTGAG-1","0","Tubb3",0
"GCTTCCGCACCATCGT-1","7","Tubb3",0.438524777049494
"GCTTCCTGTGCGTGGA-1","0","Tubb3",1.24372980340365
"GCTTGATGTCAGGGAT-1","0","Tubb3",0
"GCTTGCCTCACTTCAC-1","3","Tubb3",0
"GCTTGGACAGCTAGGC-1","4","Tubb3",0.468605377953347
"GCTTGTAAGCGGTAGA-1","0","Tubb3",0
"GCTTGTCCAATATCTC-1","5","Tubb3",1.3420085476202
"GCTTTGAAGCAGGCAA-1","0","Tubb3",0.771899842902992
"GCTTTGAAGCATGTCA-1","5","Tubb3",0
"GCTTTGAAGCTGGAAG-1","3","Tubb3",0
"GCTTTGGGTGAGGAGA-1","3","Tubb3",0
"GCTTTGGGTGAGTAGC-1","3","Tubb3",0
"GGAAACTAGTAGCCAC-1","10","Tubb3",0
"GGAAACTAGTAGTGCC-1","2","Tubb3",0
"GGAAATGCAAGTGAGA-1","9","Tubb3",0
"GGAAATTGTAATCGCT-1","0","Tubb3",0
"GGAACATAGCATCCAA-1","6","Tubb3",0
"GGAACCAAGCGAGTAG-1","9","Tubb3",0
"GGAACGATCAATCTGG-1","5","Tubb3",0.732382432476165
"GGAACTGAGAATCCGC-1","7","Tubb3",0
"GGAACTGAGTGCCCGA-1","5","Tubb3",0
"GGAAGATTCACCTGAA-1","1","Tubb3",0
"GGAAGCATCGACCGAT-1","0","Tubb3",0.945099372322117
"GGAAGCCAGTTAGTGT-1","0","Tubb3",0.941269260799731
"GGAAGGCTCCATCCGC-1","0","Tubb3",0
"GGAAGGTCAAACTTAG-1","8","Tubb3",0
"GGAAGGTCATCACTGC-1","6","Tubb3",0
"GGAAGTTAGCGAGCTT-1","2","Tubb3",0.89897720876155
"GGAAGTTAGCTGAGAG-1","2","Tubb3",0
"GGAATATGTCCATATA-1","0","Tubb3",0
"GGAATATGTTATCGCG-1","6","Tubb3",0
"GGAATCTCATCCAGAG-1","3","Tubb3",0
"GGAATCTCATTACGAA-1","2","Tubb3",0.826156600114457
"GGAATTAAGGCTCCGA-1","0","Tubb3",1.06747684508368
"GGACAATAGCCTTCCA-1","0","Tubb3",0
"GGACAGGCATCATCTG-1","0","Tubb3",0
"GGACATAGTAATGAGT-1","2","Tubb3",0
"GGACATGAGGTAGTCC-1","0","Tubb3",1.15780199642954
"GGACATTCAGCCAGTA-1","0","Tubb3",0
"GGACCCTGTCATTCAA-1","0","Tubb3",0
"GGACCCTGTGCAACGG-1","3","Tubb3",1.79468210501893
"GGACGAATCAGTATGT-1","0","Tubb3",0.792096757523469
"GGACGAATCGATGCTA-1","5","Tubb3",0
"GGACGAATCTCACCGC-1","1","Tubb3",0
"GGACGATGTCTTACGG-1","2","Tubb3",0
"GGACGGACATAAGTCA-1","8","Tubb3",0
"GGACGTAAGAATCAAG-1","0","Tubb3",0
"GGACGTTTCATAGGCC-1","0","Tubb3",0
"GGACTTATCTAGTCTC-1","11","Tubb3",0
"GGACTTGCAATCAGTA-1","0","Tubb3",0.731878082197845
"GGACTTGCATGACTAA-1","0","Tubb3",0
"GGACTTGCATGGAGCC-1","3","Tubb3",0
"GGAGAAGGTAACCCAT-1","2","Tubb3",0.828184142867963
"GGAGAGGAGTCAGGTC-1","0","Tubb3",0
"GGAGAGGAGTTGCGGT-1","9","Tubb3",1.9534911639984
"GGAGCAATCAGCAGGA-1","4","Tubb3",0
"GGAGCAATCCGTTGCC-1","0","Tubb3",0.914285433624995
"GGAGCATGTAATGGTG-1","0","Tubb3",0.762994387852812
"GGAGCCAGTTGGAGTA-1","2","Tubb3",0.741932106672801
"GGAGCTAAGCGGGATA-1","0","Tubb3",0
"GGAGCTAAGGGTAGGC-1","0","Tubb3",0
"GGAGCTAAGTAATCGT-1","6","Tubb3",0
"GGAGGTTGTAACGCTT-1","6","Tubb3",0
"GGAGGTTGTTCACGCA-1","8","Tubb3",0
"GGAGTAACACATTCGC-1","0","Tubb3",0
"GGAGTATAGCTACTGA-1","11","Tubb3",0
"GGAGTCAAGCTAACTG-1","2","Tubb3",0
"GGAGTGATCTGTGCAA-1","1","Tubb3",0.859362971939046
"GGATAACAGCTTAGGC-1","4","Tubb3",0
"GGATAGGTCGTACACA-1","2","Tubb3",0.921148112711816
"GGATAGTAGAAGCCTC-1","0","Tubb3",0
"GGATATGGTATGTACC-1","5","Tubb3",0.67505154134594
"GGATATGGTTCGCTAG-1","0","Tubb3",0
"GGATATGGTTTGACCG-1","1","Tubb3",0.739405929047696
"GGATCGCCATCCCTGG-1","0","Tubb3",0
"GGATCGTTCCGCGGTA-1","0","Tubb3",0
"GGATGCTTCACTGGTA-1","7","Tubb3",0
"GGATGGATCCGGGTTG-1","0","Tubb3",0
"GGATGTGAGCCTGGTG-1","2","Tubb3",0
"GGATGTGAGGCGTAAG-1","6","Tubb3",0
"GGATGTTCATAAGCTA-1","15","Tubb3",0
"GGATTAAAGCCCTACC-1","0","Tubb3",0
"GGATTCATCCCGTTCA-1","3","Tubb3",0
"GGATTCGCAAATCTAG-1","0","Tubb3",0.749502410149984
"GGATTCGCAATCCATT-1","1","Tubb3",0
"GGATTCGCATCCCAGT-1","6","Tubb3",0
"GGATTGAGTAGCCCGT-1","0","Tubb3",1.11662019543603
"GGATTGCTCCCCATTG-1","0","Tubb3",0
"GGCAACCCAAGGTCCA-1","0","Tubb3",0
"GGCAACCCAGGATGCC-1","2","Tubb3",0.907090488910934
"GGCAACTTCGAACCGT-1","5","Tubb3",0
"GGCAAGGCAATCCGTC-1","15","Tubb3",0
"GGCAAGGCAGGGCTAC-1","0","Tubb3",0
"GGCAATAGTTCCTGAG-1","5","Tubb3",1.08041568761965
"GGCACACCAAGTCCTC-1","2","Tubb3",1.30899725775593
"GGCACACCAATACATG-1","0","Tubb3",0
"GGCACACCAGGTTAGT-1","3","Tubb3",0
"GGCACATTCACCTGCC-1","2","Tubb3",0
"GGCACCATCAGGTGAG-1","14","Tubb3",0
"GGCACCATCGAAGCCT-1","0","Tubb3",0.698184974589902
"GGCACCTGTGATGGAC-1","0","Tubb3",0.615525833004043
"GGCACCTGTTTGACAC-1","1","Tubb3",0
"GGCACGAGTTAGTGCT-1","0","Tubb3",0
"GGCATAAGTAAGTGCA-1","2","Tubb3",0
"GGCATAAGTCAGGAGT-1","6","Tubb3",1.72766303247411
"GGCATAGAGCATGATT-1","1","Tubb3",0
"GGCATAGAGGTTCCTT-1","13","Tubb3",0
"GGCATAGAGTAGTCCA-1","4","Tubb3",0
"GGCATGGGTCTGTCCT-1","0","Tubb3",0
"GGCATGGGTTCGTGCA-1","6","Tubb3",1.44516265397505
"GGCATTATCAGCCACG-1","2","Tubb3",0
"GGCATTATCCACCGTC-1","0","Tubb3",0
"GGCATTATCCGTATGA-1","1","Tubb3",0
"GGCATTCAGATTAGCT-1","7","Tubb3",0.895535021246702
"GGCATTCAGTATGATC-1","0","Tubb3",0
"GGCCAATTCCATAGAT-1","0","Tubb3",0
"GGCCCTAAGCTAGAGG-1","11","Tubb3",0
"GGCCGAAGTGGCGTTC-1","3","Tubb3",0
"GGCCTAACACAGGGTC-1","1","Tubb3",0
"GGCCTAGTCATGCTAG-1","1","Tubb3",0
"GGCCTAGTCGTAACCA-1","7","Tubb3",0
"GGCCTCAAGCTAGTGC-1","7","Tubb3",0
"GGCCTCAAGTCAGGAG-1","2","Tubb3",0
"GGCCTCAAGTGAATGA-1","1","Tubb3",0.48058330297855
"GGCCTTGAGCTACCGG-1","3","Tubb3",0
"GGCGAACAGCGAACGA-1","0","Tubb3",0
"GGCGAACAGGTGCTGT-1","0","Tubb3",0
"GGCGAGACAATCGAGT-1","4","Tubb3",0
"GGCGAGACATGGTACG-1","8","Tubb3",0
"GGCGATCCATCAAGCG-1","2","Tubb3",0
"GGCGATCCATTAACGA-1","3","Tubb3",2.61395115317969
"GGCGATGGTCCCGAGT-1","2","Tubb3",0
"GGCGCTTGTTCACGGC-1","12","Tubb3",0
"GGCGCTTGTTGAGTTC-1","1","Tubb3",0.672412012714142
"GGCGGATAGATTGCGC-1","0","Tubb3",0
"GGCGGATAGGTGCTTA-1","0","Tubb3",0
"GGCGGTAGTTTGCAGT-1","5","Tubb3",0
"GGCGGTTCACTCGCAT-1","1","Tubb3",0
"GGCGTCTGTCAGGGAT-1","0","Tubb3",0.944090733461634
"GGCGTGAGTTTCGGAT-1","12","Tubb3",0
"GGCGTGAGTTTGGGTT-1","13","Tubb3",0
"GGCGTTACATTAATCC-1","2","Tubb3",0
"GGCGTTGTCAGCAATT-1","3","Tubb3",0
"GGCGTTGTCCAGAGAG-1","15","Tubb3",0.880303633058633
"GGCGTTGTCTAGTGTG-1","0","Tubb3",0.518021067059243
"GGCTAGAAGGTGATGG-1","1","Tubb3",0
"GGCTAGAAGTTAGGCC-1","5","Tubb3",0.904981810022979
"GGCTATATCACGTGTA-1","6","Tubb3",0
"GGCTATATCCAGGCCA-1","3","Tubb3",1.90132525334375
"GGCTCAACATAGGTTA-1","0","Tubb3",0.784118958765672
"GGCTCGATCCGTGCTC-1","0","Tubb3",0
"GGCTCGATCGAATGGG-1","5","Tubb3",0.745231616417739
"GGCTCGATCGACCCGA-1","0","Tubb3",0
"GGCTGAAAGAACGGGC-1","3","Tubb3",0
"GGCTGAAAGCAGGTCT-1","13","Tubb3",0
"GGCTGAAAGGTCGAGA-1","2","Tubb3",1.02668425142892
"GGCTGACCATGGATAC-1","10","Tubb3",0
"GGCTGAGGTTCGCCTT-1","11","Tubb3",0
"GGCTGGTCATCGCTCG-1","4","Tubb3",0.352851106883734
"GGCTTAATCCCAGAGT-1","0","Tubb3",0
"GGCTTATGTTAGCGTT-1","0","Tubb3",0
"GGCTTCCTCCCTGGTC-1","5","Tubb3",0
"GGCTTCTCATCCTACA-1","3","Tubb3",0
"GGCTTCTCATGGTGTG-1","6","Tubb3",0
"GGCTTGGTCGACTATG-1","0","Tubb3",0.838258250809479
"GGCTTGGTCGCTCAGG-1","14","Tubb3",0
"GGCTTGGTCTATCCAC-1","8","Tubb3",0
"GGCTTTGGTGAGCGTG-1","2","Tubb3",0
"GGGAACATCCCATAGA-1","3","Tubb3",0
"GGGAACATCCCCAGAG-1","1","Tubb3",0.505705257849081
"GGGAACATCGCGTCGA-1","9","Tubb3",0
"GGGAATGTCCCAGGAT-1","0","Tubb3",0
"GGGAATGTCTTGAACG-1","9","Tubb3",0
"GGGAATTAGGTTGGCT-1","0","Tubb3",0.752160709258007
"GGGACAATCACAGGGA-1","9","Tubb3",0
"GGGACAATCAGGTCCG-1","9","Tubb3",0
"GGGACACAGTATGACT-1","1","Tubb3",0
"GGGACCAGTAGCTTCG-1","5","Tubb3",0
"GGGACCAGTGGCGAAT-1","3","Tubb3",0
"GGGACCAGTTAAGCTC-1","3","Tubb3",0
"GGGACCAGTTCCGTAG-1","0","Tubb3",0
"GGGACCTCAAACCGCA-1","13","Tubb3",0
"GGGACGTAGCTATCGA-1","9","Tubb3",0
"GGGACGTAGTGAACCC-1","3","Tubb3",0
"GGGATAGTCACACATG-1","3","Tubb3",0
"GGGATAGTCATCAGGC-1","0","Tubb3",1.20368121662887
"GGGATATAGGATGGCA-1","3","Tubb3",0
"GGGATTAGTGAAGGAG-1","2","Tubb3",0
"GGGATTGAGGCAAGTG-1","1","Tubb3",0
"GGGATTGAGTCATGCA-1","4","Tubb3",0.598139885943985
"GGGCAAATCATGCGTA-1","0","Tubb3",0
"GGGCAACAGCCATGCG-1","1","Tubb3",0
"GGGCAGACATCACTCA-1","1","Tubb3",0.362588111500587
"GGGCATCCATAGATGC-1","10","Tubb3",0
"GGGCATGGTGCAGCGA-1","0","Tubb3",0
"GGGCATTTCGTAACTG-1","3","Tubb3",0
"GGGCCTATCCTGCTCA-1","2","Tubb3",0.901273243965961
"GGGCCTTGTGAAGTTG-1","0","Tubb3",0.600322596883366
"GGGCCTTGTGCATCTG-1","3","Tubb3",0
"GGGCGATAGGCAACCT-1","0","Tubb3",0
"GGGCGATAGTTAGTGT-1","7","Tubb3",0
"GGGCGTAGTGGCGTGA-1","3","Tubb3",0
"GGGCTAGGTGCGGCTT-1","0","Tubb3",0
"GGGCTAGGTTTACCGG-1","0","Tubb3",0
"GGGCTCTGTATGTAGG-1","8","Tubb3",0
"GGGCTCTGTGCACCAC-1","0","Tubb3",0
"GGGCTTACAAGCCTAG-1","9","Tubb3",0
"GGGGACTAGGAACCTC-1","7","Tubb3",0
"GGGGACTAGGTCATCA-1","4","Tubb3",1.22707479492156
"GGGGATGCAAACCAAC-1","0","Tubb3",0
"GGGGATGCACATTCAT-1","0","Tubb3",0
"GGGGATGCATCGTTCA-1","4","Tubb3",0
"GGGGCTAGTATAGTCC-1","0","Tubb3",0
"GGGGCTAGTCTGTGTG-1","11","Tubb3",0
"GGGGTAATCCAGGTGT-1","0","Tubb3",0.770275815500652
"GGGGTAATCCTGCCGT-1","3","Tubb3",0
"GGGGTATGTAATCGCT-1","12","Tubb3",0
"GGGGTATGTTAGGTGA-1","12","Tubb3",0
"GGGGTCAGTGATGCCC-1","1","Tubb3",0
"GGGGTCAGTGCATTAC-1","0","Tubb3",0.632453632680471
"GGGGTTAAGCCAGACT-1","1","Tubb3",0.723113241485114
"GGGGTTGGTGCAACTT-1","8","Tubb3",0
"GGGTAACGTAAGTCCT-1","4","Tubb3",0.523372942717417
"GGGTAACGTTAGACGA-1","2","Tubb3",0.64805900938503
"GGGTAACGTTATCATG-1","11","Tubb3",0
"GGGTAATAGCCAGACT-1","0","Tubb3",0
"GGGTAATAGCTGGTGT-1","0","Tubb3",0
"GGGTACTTCCCATGAA-1","0","Tubb3",0
"GGGTACTTCCCTCAAT-1","1","Tubb3",0.695153199286811
"GGGTACTTCGATGTAT-1","4","Tubb3",0
"GGGTACTTCTAGTCTC-1","2","Tubb3",0.70288751730833
"GGGTATAGTAGTGCCC-1","8","Tubb3",0
"GGGTCAAAGGAGTCGA-1","8","Tubb3",0
"GGGTCAGGTCAGCCTA-1","0","Tubb3",0
"GGGTCAGGTGATAGAT-1","12","Tubb3",0
"GGGTCATTCACACCGG-1","0","Tubb3",0
"GGGTCATTCAGCCTAA-1","0","Tubb3",0
"GGGTCATTCTAGGCGT-1","6","Tubb3",0
"GGGTCCATCCTGAGTA-1","3","Tubb3",0
"GGGTGTCCATGAGCTG-1","2","Tubb3",0
"GGGTTAAGTTTAAGCC-1","2","Tubb3",0
"GGGTTCCGTCAGTTCG-1","4","Tubb3",0.594586658723795
"GGGTTTCAGCAATCCA-1","1","Tubb3",0.660613159286261
"GGGTTTCAGCTGGCAT-1","1","Tubb3",0
"GGGTTTCAGGAGCTTC-1","7","Tubb3",0
"GGGTTTGCATGAGTGT-1","1","Tubb3",0.694801274819441
"GGTAACAGTTAGTTCA-1","3","Tubb3",0
"GGTAACAGTTCCCAGA-1","0","Tubb3",0
"GGTAATCCAGCTCGTT-1","2","Tubb3",0
"GGTAATCCAGTTAAGC-1","14","Tubb3",0
"GGTAATGGTAACGCGG-1","2","Tubb3",0
"GGTAATGGTTCACTCC-1","5","Tubb3",0.645805735072203
"GGTAATTTCCAACTAG-1","2","Tubb3",0
"GGTAATTTCCGGAGTT-1","3","Tubb3",1.89361497818834
"GGTAATTTCCGGTTCC-1","5","Tubb3",0.869015515126961
"GGTAATTTCGCGCCTT-1","8","Tubb3",0
"GGTACGAAGGCGTCAT-1","0","Tubb3",0
"GGTACGCCAGCCAAGC-1","1","Tubb3",0.556018240602792
"GGTACGGGTAACGGCG-1","1","Tubb3",0
"GGTACGTTCATAGACT-1","4","Tubb3",1.32062028792711
"GGTACGTTCCGTTGCC-1","3","Tubb3",0
"GGTACTATCAGCGGAA-1","0","Tubb3",0.781925630247104
"GGTAGCTTCAGCCATA-1","8","Tubb3",0
"GGTAGTAGTAGGTGAC-1","4","Tubb3",0
"GGTAGTGAGGCAAGGC-1","1","Tubb3",0
"GGTAGTGAGGGCTCTG-1","6","Tubb3",0
"GGTATAGGTATGGGTA-1","6","Tubb3",0
"GGTATAGGTTTCGGTG-1","5","Tubb3",0
"GGTATATTCCAGGTGT-1","0","Tubb3",1.11895174229635
"GGTATCGCAGTACCCT-1","2","Tubb3",1.02679926404938
"GGTATCTGTTACACCG-1","0","Tubb3",0
"GGTATGGAGCCTGACG-1","0","Tubb3",0
"GGTATGTCACAGCGAC-1","4","Tubb3",1.07293210036198
"GGTATGTCAGGCTTAG-1","0","Tubb3",0
"GGTATTGTCCATAGCA-1","7","Tubb3",0
"GGTATTGTCTGGTCGG-1","0","Tubb3",0.784183664168466
"GGTCAATCAACCTTGC-1","0","Tubb3",1.24610663151579
"GGTCAATCAAGCTAAC-1","3","Tubb3",0
"GGTCAATCATAAGCAC-1","6","Tubb3",0
"GGTCAGCCAAAGGATG-1","5","Tubb3",0
"GGTCAGCCAATCGACG-1","1","Tubb3",0
"GGTCAGCCATGAGCAT-1","7","Tubb3",0
"GGTCATCAGCGCCTCT-1","8","Tubb3",0
"GGTCATCAGGGTCATC-1","5","Tubb3",0
"GGTCCTGAGATAGAGC-1","2","Tubb3",0.428877283179523
"GGTCCTGAGTGTCAAT-1","0","Tubb3",0.925999546001116
"GGTCCTGAGTTGGATT-1","10","Tubb3",0
"GGTCGATTCCGCCAGA-1","5","Tubb3",0
"GGTCGATTCCTGAGCG-1","11","Tubb3",0
"GGTCGATTCGCTCGCT-1","0","Tubb3",0
"GGTCGCATCCTGTCGC-1","9","Tubb3",0
"GGTCGCATCTCACATC-1","3","Tubb3",0
"GGTCGTTAGGCGTCTG-1","0","Tubb3",0
"GGTCGTTAGGTCACGT-1","8","Tubb3",0
"GGTCTATGTCATCGTG-1","9","Tubb3",0
"GGTCTCCTCCTGAGTA-1","5","Tubb3",0
"GGTCTCCTCGATACGC-1","11","Tubb3",0
"GGTCTTAAGCAGGCTT-1","0","Tubb3",0
"GGTCTTAAGTAACGAA-1","1","Tubb3",0
"GGTGAACGTCATGAAG-1","0","Tubb3",0
"GGTGAACGTTTAAGCC-1","9","Tubb3",0
"GGTGAATAGATAGCAA-1","4","Tubb3",0.51840551928876
"GGTGAGGCATCCACGT-1","0","Tubb3",0
"GGTGAGGCATCGGTCT-1","10","Tubb3",0
"GGTGATGAGCATGACC-1","0","Tubb3",0
"GGTGCAGGTAAGTAGT-1","1","Tubb3",0
"GGTGCAGGTTGCTGAT-1","3","Tubb3",0
"GGTGCATTCAGGAGCA-1","5","Tubb3",0
"GGTGCATTCATGACTG-1","0","Tubb3",0.735989970396477
"GGTGCATTCGTCTCCA-1","5","Tubb3",0
"GGTGCCTGTAAGCGTA-1","1","Tubb3",0
"GGTGCCTGTCAGGATA-1","8","Tubb3",0
"GGTGCGAGTCAGGACG-1","4","Tubb3",0
"GGTGCGAGTGAGAGGA-1","0","Tubb3",0
"GGTGCTTAGCGGTCAT-1","1","Tubb3",0
"GGTGCTTAGGAGCTGA-1","0","Tubb3",0
"GGTGCTTAGTAGAGCG-1","14","Tubb3",0
"GGTGGTAAGCCGATGT-1","3","Tubb3",2.59176388297683
"GGTGTAAGTAGCCATT-1","1","Tubb3",0
"GGTGTAAGTTTGCCCT-1","6","Tubb3",0
"GGTTAAGGTAACGTGA-1","0","Tubb3",0
"GGTTAAGGTCTAACCG-1","1","Tubb3",0
"GGTTAATTCACGGCCA-1","2","Tubb3",0.997267398218852
"GGTTAATTCCATTGCT-1","6","Tubb3",0
"GGTTAGGAGGCTCTGG-1","3","Tubb3",0
"GGTTAGTCAATCATCT-1","2","Tubb3",0
"GGTTAGTCACTTAACT-1","4","Tubb3",0
"GGTTATGTCTAAGTCG-1","0","Tubb3",0
"GGTTCAATCAAGTGCC-1","7","Tubb3",0
"GGTTCCTCAGGTTCCT-1","9","Tubb3",1.68737742722951
"GGTTCCTCATTGCACC-1","0","Tubb3",0.659258502707919
"GGTTCCTCATTGCGTC-1","0","Tubb3",0
"GGTTCTAAGCTGGATC-1","2","Tubb3",0
"GGTTCTAAGGCTTCCC-1","4","Tubb3",0.739177167765872
"GGTTGGGGTGGGTATA-1","5","Tubb3",0
"GGTTTAGTCTATGTCC-1","9","Tubb3",0
"GGTTTCAAGGCGTTAC-1","6","Tubb3",0
"GGTTTGATCCACCGCT-1","5","Tubb3",0
"GGTTTGATCGTGAGTC-1","1","Tubb3",0
"GTAAACCCAACGTGCA-1","2","Tubb3",0
"GTAAACCCAATAGGCT-1","0","Tubb3",0
"GTAAACTTCGACTTGA-1","0","Tubb3",0
"GTAAAGGCAATAGTTG-1","0","Tubb3",0.477937756921156
"GTAAAGGCATGATCGG-1","14","Tubb3",0
"GTAAATGAGCCCGTAG-1","1","Tubb3",0
"GTAACCCAGTAGCGGA-1","6","Tubb3",0
"GTAACCTGTGCGGTTC-1","10","Tubb3",0
"GTAACGGAGGTGGAGC-1","0","Tubb3",1.43760905938797
"GTAACGGAGTGATCTG-1","2","Tubb3",0
"GTAAGCCTCCCCATAT-1","2","Tubb3",0
"GTAAGCGAGCCCTGTC-1","0","Tubb3",0
"GTAAGCTCATAACTAG-1","6","Tubb3",0
"GTAAGGCGTCTTGGTG-1","3","Tubb3",0
"GTAAGGGTCAGGATGG-1","1","Tubb3",0.747682544715977
"GTAAGGGTCGACCAGT-1","1","Tubb3",0.747506919237092
"GTAAGGTAGATTCGCA-1","3","Tubb3",0
"GTAAGGTAGGCATCCG-1","0","Tubb3",0
"GTAAGGTAGGGTCTCG-1","6","Tubb3",0
"GTAAGTAAGGTATCGC-1","6","Tubb3",0
"GTAAGTTTCAGCGGAA-1","4","Tubb3",0
"GTAAGTTTCAGGCTAC-1","6","Tubb3",0
"GTAATCACAACGTGGC-1","0","Tubb3",0
"GTAATGAAGCCACAGT-1","4","Tubb3",0
"GTAATGAAGTCGCATA-1","0","Tubb3",0.894807172962505
"GTAATTCAGGTTACAT-1","0","Tubb3",0
"GTACAAGGTTTACCAA-1","6","Tubb3",0
"GTACACGCACTTGGGA-1","3","Tubb3",2.55814567195098
"GTACATTAGAAGCGGC-1","2","Tubb3",0
"GTACATTAGCCGATTA-1","0","Tubb3",0
"GTACATTAGTTAGTGT-1","1","Tubb3",0.798428260092013
"GTACCCAGTGGCAGCA-1","8","Tubb3",0
"GTACCCTCAACTTACT-1","1","Tubb3",0
"GTACGAAGTAACCCTG-1","4","Tubb3",0
"GTACGAAGTCAATGTC-1","11","Tubb3",0
"GTACGGTTCGATCAAT-1","0","Tubb3",0.514100267018623
"GTACTAGTCGACCCAG-1","7","Tubb3",0
"GTACTAGTCGTTAGCA-1","6","Tubb3",1.32547106008767
"GTACTAGTCTGGCTCC-1","0","Tubb3",0
"GTAGATGGTAAGCGGT-1","0","Tubb3",0
"GTAGATGGTTAACGAG-1","2","Tubb3",0.731318543032224
"GTAGCATCAAGCCGTA-1","8","Tubb3",0
"GTAGCATCATTCCTCT-1","9","Tubb3",0
"GTAGCCACAGGAGCGA-1","4","Tubb3",0
"GTAGCTATCCACCAGG-1","2","Tubb3",0
"GTAGCTATCCCGCGTT-1","5","Tubb3",0.754719371402802
"GTAGGAACATCCTGGT-1","0","Tubb3",0
"GTAGGATAGTGACCTA-1","0","Tubb3",0
"GTAGGCGGTTATCACA-1","5","Tubb3",0.721777926611636
"GTAGGCTTCGATTGGC-1","0","Tubb3",0
"GTAGGCTTCTGTCATC-1","0","Tubb3",0
"GTAGGGGCATGAGCAT-1","0","Tubb3",0.691949336535706
"GTAGGTGAGGATGGCA-1","1","Tubb3",0
"GTAGGTTCAAGTGGCC-1","3","Tubb3",0
"GTAGGTTCAGGGCAGA-1","2","Tubb3",0
"GTAGTAAAGGCACATC-1","2","Tubb3",0.64619456412232
"GTAGTAAAGTGAGTAA-1","5","Tubb3",0
"GTAGTAGGTAATCGGA-1","1","Tubb3",0.553806871687965
"GTAGTAGGTGCGCATC-1","8","Tubb3",0
"GTAGTCATCGTGCTCC-1","1","Tubb3",0
"GTAGTTACAATACTTC-1","0","Tubb3",0
"GTAGTTACAATCTCAT-1","4","Tubb3",0
"GTAGTTGTCGTGCTGG-1","7","Tubb3",0.560431291124597
"GTATAGAAGCTTAGTG-1","0","Tubb3",0
"GTATAGAAGGAGTCAG-1","0","Tubb3",0
"GTATAGCCACTAGTCC-1","7","Tubb3",0.762383943333565
"GTATATCAGCATGATT-1","6","Tubb3",0
"GTATCCCCAATCGCTC-1","3","Tubb3",0
"GTATCCCCACTAGTCC-1","2","Tubb3",0
"GTATCCCCATCCAACC-1","9","Tubb3",0
"GTATCCGGTAACCCAT-1","0","Tubb3",0
"GTATCGATCAGCAGGA-1","2","Tubb3",0
"GTATCGATCGCTCTCA-1","4","Tubb3",0.559144766452417
"GTATCTTCAAACTTAG-1","9","Tubb3",0
"GTATCTTCAATACATG-1","1","Tubb3",0
"GTATGAAAGTGATGAA-1","2","Tubb3",1.24938043691933
"GTATGAGGTGATTCCG-1","2","Tubb3",0
"GTATGAGGTTAGACGA-1","13","Tubb3",0
"GTATGAGGTTATGCTA-1","0","Tubb3",0
"GTATGCATCAATTAGC-1","1","Tubb3",0
"GTATGCATCATCGTTC-1","0","Tubb3",0
"GTATGGCTCACGCCTC-1","0","Tubb3",0
"GTATGTTAGATTCGGC-1","2","Tubb3",0
"GTATGTTAGCTTACGA-1","6","Tubb3",0
"GTATTAGCACTTGCAC-1","0","Tubb3",0.853594675203149
"GTATTCAGTCTGGTCA-1","2","Tubb3",0
"GTATTCCTCCCATTAC-1","1","Tubb3",1.21373219522094
"GTATTCCTCCCGTGTC-1","13","Tubb3",0
"GTATTCCTCGCTCGCT-1","10","Tubb3",0
"GTATTGGTCATCGAGC-1","0","Tubb3",0.910983781641256
"GTATTGGTCGAGGTCT-1","6","Tubb3",0
"GTATTGGTCTGGCCTC-1","0","Tubb3",0.882374525285047
"GTATTGGTCTGTGCTT-1","1","Tubb3",0
"GTCAAACCAAGCGTGC-1","0","Tubb3",0
"GTCAAAGGTTGAGGAC-1","1","Tubb3",0
"GTCAAAGGTTTAAGCC-1","4","Tubb3",0
"GTCAAATTCAGGAGCA-1","0","Tubb3",0
"GTCAACATCAAGTAAG-1","0","Tubb3",0
"GTCAACATCGTTAGAT-1","0","Tubb3",0
"GTCAAGCTCTGGCACG-1","0","Tubb3",0.743722778171168
"GTCAATGTCATCGACA-1","5","Tubb3",0
"GTCAATGTCATGGTGC-1","9","Tubb3",0
"GTCAATGTCCAGGTGT-1","5","Tubb3",0
"GTCAATGTCCTTAGAG-1","0","Tubb3",0.608799326319972
"GTCACCCTCTGTAAGT-1","6","Tubb3",0
"GTCACCTCAAGCGACC-1","10","Tubb3",0
"GTCACCTCAGTTAAGC-1","2","Tubb3",0
"GTCACGTAGTTAGGTT-1","0","Tubb3",0
"GTCATAACACTTAGCC-1","10","Tubb3",0
"GTCATATAGCCACGCA-1","3","Tubb3",0
"GTCATCAAGCCTAGCG-1","0","Tubb3",0
"GTCATCAAGGAGGCTA-1","0","Tubb3",0
"GTCATCAAGTCGCACG-1","2","Tubb3",0
"GTCATCAAGTTAGAGA-1","2","Tubb3",0
"GTCATCCCATTAAGTG-1","0","Tubb3",0
"GTCATTTCAACTACTT-1","7","Tubb3",0.482854412970887
"GTCATTTCAGTACCCT-1","1","Tubb3",0
"GTCCAAATCAGCCCAG-1","0","Tubb3",0
"GTCCAACAGCTGGCAT-1","0","Tubb3",0.814628471089097
"GTCCAATGTTAGCCAT-1","0","Tubb3",0
"GTCCACCTCACCATGA-1","0","Tubb3",0
"GTCCAGGTCACTCAAG-1","3","Tubb3",0
"GTCCAGGTCTAGTACG-1","0","Tubb3",0
"GTCCATAAGGCTCCAG-1","0","Tubb3",0
"GTCCATGGTTATCCTT-1","0","Tubb3",0
"GTCCATTTCGATACAT-1","8","Tubb3",0
"GTCCATTTCGATCAAT-1","0","Tubb3",0
"GTCCCATCATGGCTTC-1","2","Tubb3",0.700528034045759
"GTCCCGTTCAATTCGG-1","2","Tubb3",0
"GTCCCTTGTCTGTGGC-1","14","Tubb3",0
"GTCCCTTGTTGACGGG-1","0","Tubb3",1.02353233355849
"GTCCCTTGTTGCATGT-1","0","Tubb3",0
"GTCCGAACATGGATTA-1","7","Tubb3",0
"GTCCGATAGGTATGAA-1","6","Tubb3",0
"GTCCGCAAGGCAATGG-1","7","Tubb3",0.787694500693447
"GTCCGCAAGGCTATAT-1","3","Tubb3",0
"GTCCGCAAGGGGTACA-1","4","Tubb3",0.428560008525802
"GTCCGCTTCACATAGT-1","0","Tubb3",0
"GTCCGCTTCTAGTCCT-1","6","Tubb3",0
"GTCCGTGAGTACGGCT-1","0","Tubb3",0.790777242346667
"GTCCGTGAGTAGGTAA-1","12","Tubb3",0
"GTCCGTTCAATATACG-1","0","Tubb3",0
"GTCCTAAAGCCCGTCT-1","0","Tubb3",0
"GTCCTGCTCTTGATGG-1","1","Tubb3",0.51005348463609
"GTCGAGGGTTTCGTAA-1","1","Tubb3",0
"GTCGATGCATTAGATG-1","4","Tubb3",0
"GTCGATTGTCTCACCT-1","4","Tubb3",0
"GTCGCAACATGACCAG-1","5","Tubb3",0
"GTCGCCAAGCCAGCAT-1","0","Tubb3",0
"GTCGCCAAGCTGGGTT-1","0","Tubb3",0
"GTCGCTAGTTGAGTAG-1","1","Tubb3",0.905332529518845
"GTCGGATTCTCACAGA-1","3","Tubb3",0
"GTCGGGTCATGAGCCA-1","0","Tubb3",0
"GTCTAACGTCAGTGCC-1","8","Tubb3",0
"GTCTAACGTGCAGCTC-1","0","Tubb3",0.563641719039231
"GTCTACAAGCTGGTGT-1","2","Tubb3",0
"GTCTACAAGGATGCGA-1","1","Tubb3",0
"GTCTACCCAGTTGAGT-1","11","Tubb3",0
"GTCTATGAGATTCAGT-1","12","Tubb3",0
"GTCTATGAGGATTGGG-1","4","Tubb3",0
"GTCTCAAAGCAACCAC-1","6","Tubb3",0
"GTCTCAAAGGTGGCAA-1","0","Tubb3",0
"GTCTCAAAGGTTCGTA-1","0","Tubb3",1.0259947630299
"GTCTCACCAATAGCGT-1","4","Tubb3",1.02933664446427
"GTCTCCGCAGCATGAT-1","8","Tubb3",0
"GTCTGGACAGCCTAAG-1","5","Tubb3",0
"GTGAAATGTGCGCGAA-1","2","Tubb3",0
"GTGAAATGTTTGGCAT-1","0","Tubb3",1.26004252540555
"GTGAACAGTCAGCCTA-1","0","Tubb3",0
"GTGAACAGTGGCGTTC-1","1","Tubb3",0
"GTGAAGGTCATCAGCA-1","6","Tubb3",0
"GTGAATCCAAACTTGA-1","2","Tubb3",0
"GTGAATGGTTGTGCCA-1","0","Tubb3",0.451072714920636
"GTGACGAAGATTGAGA-1","1","Tubb3",0
"GTGACGAAGTAGAGAC-1","1","Tubb3",0
"GTGACGTTCCTGTAAG-1","13","Tubb3",0
"GTGACTATCACCCTTG-1","4","Tubb3",0.790941928867993
"GTGACTATCATGGCCG-1","0","Tubb3",0.810652538709199
"GTGAGCGGTTCGGTCA-1","7","Tubb3",0.925631492455476
"GTGAGGATCACTTGCT-1","12","Tubb3",0
"GTGAGGATCATGTAAC-1","9","Tubb3",0
"GTGATAGGTTGGAGCG-1","4","Tubb3",0
"GTGATGGAGAAGGGAA-1","7","Tubb3",0
"GTGATGGAGCGAGGTA-1","2","Tubb3",0.987756669089544
"GTGATGGAGGTTACTG-1","4","Tubb3",0.632826017904375
"GTGATGGAGTGCTGGT-1","0","Tubb3",0
"GTGATTTAGGATGTGG-1","14","Tubb3",0
"GTGCAATCAATACCGG-1","3","Tubb3",1.99733992184537
"GTGCAATCATCCAAGG-1","5","Tubb3",0
"GTGCACTAGTCGCTAA-1","1","Tubb3",0
"GTGCAGCCAGGATCAT-1","0","Tubb3",0.608799326319972
"GTGCCATAGATTAAGG-1","3","Tubb3",0
"GTGCCATAGATTGACT-1","15","Tubb3",1.31252577468129
"GTGCCATAGCGAATCC-1","0","Tubb3",0.981767720875517
"GTGCCATAGTAATCGT-1","4","Tubb3",0
"GTGCCCAAGCCAGATC-1","2","Tubb3",0
"GTGCGAGGTATGTGCT-1","3","Tubb3",0
"GTGCGAGGTGCGGATG-1","1","Tubb3",1.26711283911011
"GTGCGAGGTTCGCGGT-1","0","Tubb3",0
"GTGCGAGGTTTAGGTC-1","0","Tubb3",0
"GTGCGAGGTTTCCGCT-1","4","Tubb3",0
"GTGCGAGGTTTCCTTG-1","0","Tubb3",0
"GTGCGATTCGATCACA-1","3","Tubb3",0
"GTGCGCATCACGCACG-1","8","Tubb3",0
"GTGCGCATCGACCAAC-1","4","Tubb3",0
"GTGCGGTCAAAGGTCT-1","6","Tubb3",0
"GTGCTATGTCTAGTCG-1","0","Tubb3",0
"GTGCTATGTGACGAAC-1","0","Tubb3",0
"GTGCTCAGTCTGGTTG-1","0","Tubb3",0
"GTGCTCAGTTGCCTCT-1","0","Tubb3",0
"GTGGAACGTGGCCTGT-1","0","Tubb3",0
"GTGGATAGTTGAGTTC-1","0","Tubb3",0
"GTGGATTCATGCGTCT-1","7","Tubb3",0
"GTGGCAGGTAGCCCGT-1","1","Tubb3",0
"GTGGCGAGTAGCTGGG-1","0","Tubb3",0
"GTGGCGAGTATGGTTC-1","0","Tubb3",0
"GTGGCGAGTCATCCGA-1","7","Tubb3",0
"GTGGCGAGTGCATCTG-1","0","Tubb3",0
"GTGGCGAGTGGCTCTA-1","0","Tubb3",0
"GTGGGCAGTTCGGTGC-1","4","Tubb3",1.33166048093407
"GTGGGTAAGCCACAGT-1","0","Tubb3",0
"GTGGGTAAGGTCGTAC-1","0","Tubb3",0
"GTGGGTTTCCCGCGAA-1","0","Tubb3",0
"GTGGGTTTCTATGGAT-1","1","Tubb3",0
"GTGGTAAGTTCGTAAC-1","0","Tubb3",0
"GTGGTGAAGCAAGCTC-1","0","Tubb3",0
"GTGGTGAAGCCTGGAT-1","12","Tubb3",0
"GTGGTGAAGGCGATTC-1","6","Tubb3",0
"GTGGTGAAGTTAGCTG-1","8","Tubb3",0.62692168074941
"GTGGTTATCCCCATTG-1","7","Tubb3",0
"GTGGTTGCACTTGCTA-1","0","Tubb3",0
"GTGTAACCAATAGCAC-1","1","Tubb3",0
"GTGTAACCACCTTGCG-1","3","Tubb3",0
"GTGTAACCATTCGGGA-1","2","Tubb3",0
"GTGTAACCATTGCACC-1","1","Tubb3",0
"GTGTAAGGTGAGGAGA-1","6","Tubb3",0
"GTGTCCCTCCTCAGTT-1","0","Tubb3",0
"GTGTCCCTCTATCGGA-1","1","Tubb3",0
"GTGTCCTCAATCTGAA-1","9","Tubb3",0
"GTGTCCTCATCCCGAT-1","0","Tubb3",0.788544643248152
"GTGTCCTCATTACATC-1","8","Tubb3",0
"GTGTGGCCAAACTCGG-1","8","Tubb3",0
"GTGTGTTGTGCGGATG-1","2","Tubb3",0
"GTGTTATAGTCAGTGC-1","0","Tubb3",0
"GTGTTCAAGCTTAGGC-1","0","Tubb3",0
"GTGTTCCCAAGTAACC-1","1","Tubb3",0
"GTGTTCCCAGCCTAGA-1","12","Tubb3",0
"GTGTTCCCATTGGCGA-1","8","Tubb3",0
"GTTAACTAGCGATGAG-1","5","Tubb3",0
"GTTAACTAGGTACCAC-1","1","Tubb3",0
"GTTAAGCCACTATGGG-1","0","Tubb3",0
"GTTAATGCAACGGCTA-1","7","Tubb3",0.587360316569078
"GTTAATGCATAACGCG-1","1","Tubb3",0.51299499630246
"GTTACCAAGATTCCAG-1","3","Tubb3",0
"GTTACCCCAAGTTAGC-1","5","Tubb3",0
"GTTACCCCATCGAAGT-1","2","Tubb3",0
"GTTACCTTCAGCTCGG-1","7","Tubb3",0.499386653863445
"GTTACTTCAATATGCA-1","2","Tubb3",0.636700700540224
"GTTAGAGGTATTGGGA-1","0","Tubb3",0.911873605370375
"GTTAGAGGTTCGTCCT-1","0","Tubb3",1.29291860306141
"GTTAGAGGTTGCGACC-1","3","Tubb3",1.11721937174511
"GTTAGAGGTTTACTGA-1","2","Tubb3",0
"GTTAGATTCCGTGCTC-1","0","Tubb3",0.884789788852023
"GTTAGCATCAGTATCG-1","2","Tubb3",0
"GTTAGCCAGCGATGGA-1","0","Tubb3",0.897510837222559
"GTTAGCCAGTAGGAAC-1","8","Tubb3",0
"GTTAGGCTCGCTCATT-1","12","Tubb3",0
"GTTAGGCTCTAGTCTC-1","6","Tubb3",0
"GTTAGTTAGTGATTAC-1","3","Tubb3",0
"GTTATCAGTTCAAGGA-1","0","Tubb3",0
"GTTATCCTCCCTGTGC-1","0","Tubb3",0.914778404623819
"GTTCAATAGTAGTCAT-1","2","Tubb3",0.928769968544593
"GTTCAATAGTCGATTG-1","3","Tubb3",1.82895755035911
"GTTCACAAGGTAGGTG-1","9","Tubb3",0
"GTTCACTTCATCAAGT-1","15","Tubb3",0
"GTTCAGGCACATGCAG-1","3","Tubb3",0
"GTTCATGAGCATATAC-1","9","Tubb3",0
"GTTCATTCAATCCCGT-1","5","Tubb3",0
"GTTCATTCACATGAAC-1","0","Tubb3",0
"GTTCCAAAGTGCCAGT-1","12","Tubb3",0
"GTTCCACCATTAGGCG-1","4","Tubb3",0
"GTTCCAGGTCAATCGT-1","6","Tubb3",0
"GTTCCAGGTGGGTTGG-1","4","Tubb3",0
"GTTCCGGAGGATCATT-1","0","Tubb3",0.93314618055636
"GTTCCGGAGTAGCGTC-1","0","Tubb3",0
"GTTCGAATCCATCACT-1","3","Tubb3",0
"GTTCGATGTGATCCCA-1","0","Tubb3",0
"GTTCGCCTCACTCAGA-1","2","Tubb3",0
"GTTCGTTTCTGTGGAC-1","1","Tubb3",0
"GTTCTAAGTGAGGAAG-1","10","Tubb3",0
"GTTCTCACAGCCAAGC-1","6","Tubb3",0
"GTTCTCACATTACCTG-1","2","Tubb3",1.29973568864321
"GTTGATTAGCGAGTAG-1","11","Tubb3",0
"GTTGCATGTTTACAGC-1","1","Tubb3",0
"GTTGCCAGTCCCGAGT-1","0","Tubb3",0
"GTTGCCCTCCGTAAGC-1","7","Tubb3",0.341943459627241
"GTTGCCCTCTGGTCGG-1","6","Tubb3",0
"GTTGCCCTCTGTGCCC-1","3","Tubb3",0
"GTTGCCTCATGCTGTC-1","0","Tubb3",0.605379202187472
"GTTGCGCGTCTAATTG-1","9","Tubb3",0
"GTTGCTGGTGGACCCT-1","5","Tubb3",0
"GTTGCTGGTTAGTACC-1","0","Tubb3",0
"GTTGGTTGTTGTAGAG-1","10","Tubb3",0
"GTTGTGATCACATGGC-1","0","Tubb3",0.863466109988969
"GTTGTGATCGTGAGAG-1","0","Tubb3",0.927659672153522
"TAAACGGGTTAGCACT-1","0","Tubb3",1.11432225423592
"TAAACGTTCGAATGGG-1","1","Tubb3",0.945773084438662
"TAAATCGCAAGCACTG-1","2","Tubb3",0
"TAAATCGCATCACAGG-1","0","Tubb3",0.515590614206431
"TAAATCGCATGAGTGT-1","0","Tubb3",0
"TAAATGCTCAGCCATA-1","11","Tubb3",0
"TAAATGCTCCGCAGAT-1","7","Tubb3",0
"TAAATGCTCCTCACGC-1","1","Tubb3",0.423985124753581
"TAACACTAGCGCTCTC-1","1","Tubb3",1.44864196603702
"TAACACTAGTAAGTTC-1","2","Tubb3",1.13331260399843
"TAACCAACAACTAATG-1","12","Tubb3",0
"TAACCAACACATAGTA-1","2","Tubb3",0
"TAACCATAGGTACTAT-1","0","Tubb3",0.619619989837543
"TAACGAGGTGGCGACA-1","0","Tubb3",1.42769296008964
"TAACGAGGTTCCGTCT-1","4","Tubb3",0.6545621835882
"TAACGGCTCTAGTACG-1","0","Tubb3",0
"TAACTAGCACTTGGTC-1","2","Tubb3",0.639903716390138
"TAACTCCTCACTCTCG-1","1","Tubb3",0
"TAACTCCTCGATCAAT-1","2","Tubb3",0
"TAACTCCTCGCTCATT-1","6","Tubb3",0
"TAACTGACACTTGATT-1","9","Tubb3",0
"TAAGCAAAGGAGGACC-1","0","Tubb3",0.902099400758166
"TAAGCAGGTTATGACC-1","2","Tubb3",0
"TAAGCCTGTAGCCTGC-1","0","Tubb3",0.927567275737277
"TAAGCCTGTGAGGTCG-1","6","Tubb3",0
"TAAGCGAGTCATCGCA-1","7","Tubb3",0
"TAAGCGCTCAGTAGTT-1","0","Tubb3",0
"TAAGCGGAGGCATGTC-1","0","Tubb3",0
"TAAGGATGTCATTCGG-1","8","Tubb3",0.787563880527983
"TAAGGATGTCCATATA-1","7","Tubb3",0.497131043109233
"TAAGGATGTTAGAGAT-1","9","Tubb3",0
"TAAGGCGAGATTAGTC-1","9","Tubb3",0
"TAAGGCTCAATACAGC-1","11","Tubb3",1.53421562797288
"TAATCAGCAAACTGCG-1","0","Tubb3",0
"TAATCAGCATAAGCGT-1","7","Tubb3",0
"TAATCCCTCACCCTAT-1","1","Tubb3",0.559787270401761
"TAATCCCTCGAGGTCT-1","0","Tubb3",0
"TAATCCCTCTAATCCC-1","4","Tubb3",1.00455896262885
"TAATCCTCATAGGTCG-1","9","Tubb3",0
"TAATGAGAGCGATGGA-1","2","Tubb3",0.795282574001593
"TAATGAGAGTACCAGC-1","4","Tubb3",0
"TAATGGGGTCAAGGGT-1","4","Tubb3",0
"TAATGGTTCACCATAG-1","0","Tubb3",0
"TAATGGTTCATGCAGC-1","7","Tubb3",0.369249092162816
"TAATGTCAGCGAGGAC-1","0","Tubb3",0.629286079179881
"TAATTCCCAACATACA-1","4","Tubb3",0.565737316301389
"TAATTCCCACCAATCC-1","3","Tubb3",0
"TACAACTAGTAAGTTC-1","1","Tubb3",0
"TACAACTAGTTAGTAC-1","2","Tubb3",0.393124457229825
"TACAAGCCATCCCGAT-1","12","Tubb3",0
"TACAAGCCATGCTCCG-1","3","Tubb3",0
"TACAAGGGTTGGAAGC-1","11","Tubb3",0
"TACACAACAGTACCCT-1","0","Tubb3",0
"TACACCTTCCAGGCCA-1","2","Tubb3",0.669607602435825
"TACACTAGTTAGCGAA-1","0","Tubb3",0
"TACACTAGTTGGGACG-1","8","Tubb3",0
"TACACTTCAGCATGAT-1","0","Tubb3",0.905507998099365
"TACAGCCAGAAGGAGA-1","2","Tubb3",0
"TACAGCCAGCGCATGT-1","1","Tubb3",0.542320942009336
"TACAGCGCAAACTTAG-1","8","Tubb3",0
"TACAGCGCAACATCGG-1","0","Tubb3",0.893909805289157
"TACAGGCTCACGCTAA-1","0","Tubb3",0.759891784771456
"TACAGGCTCAGCGACT-1","8","Tubb3",0
"TACAGGCTCATCGAAT-1","1","Tubb3",0
"TACATAGCAGCTAAGT-1","0","Tubb3",1.01836321611125
"TACATCAGTAATGACG-1","4","Tubb3",0.415809290962288
"TACATCCTCCTTAACC-1","1","Tubb3",0
"TACCAAGTCAGCCAGT-1","0","Tubb3",0
"TACCAAGTCGTCTCCA-1","0","Tubb3",0
"TACCACAAGTAATCAC-1","2","Tubb3",0
"TACCACAAGTACGCAC-1","14","Tubb3",0
"TACCAGGCACTTCGCG-1","9","Tubb3",0
"TACCATAGTTAGCGAA-1","1","Tubb3",0.592374322136518
"TACCATTCACCTACGT-1","0","Tubb3",1.02313268707815
"TACCATTCACTCATAT-1","0","Tubb3",0.858343642288617
"TACCCAAAGCGAACCT-1","0","Tubb3",0
"TACCCAAAGTTAATGC-1","1","Tubb3",0
"TACCCAGGTCAACGAA-1","0","Tubb3",0.716809264612823
"TACCCAGGTGATTCCG-1","7","Tubb3",0.565770186938867
"TACCCAGGTTCGGCTA-1","2","Tubb3",0
"TACCCAGGTTGACCGC-1","5","Tubb3",0
"TACCCATTCACGTTGA-1","0","Tubb3",0.696817278442862
"TACCCATTCCCAGTCC-1","6","Tubb3",0
"TACCCATTCGTGCTCC-1","9","Tubb3",0
"TACCCCATCCGTCCTA-1","2","Tubb3",0
"TACCCCTGTAGTAGCA-1","2","Tubb3",0
"TACCCCTGTGCAATTC-1","1","Tubb3",0.536950910044553
"TACCGACAGTTAACGT-1","0","Tubb3",0
"TACCGGACAACCTGAG-1","15","Tubb3",0
"TACCGGACACATACGG-1","2","Tubb3",0.681455737272177
"TACCGGACAGGCAGGA-1","0","Tubb3",0
"TACCGGACAGTTGGTG-1","2","Tubb3",0
"TACCGGACATGGAATC-1","0","Tubb3",1.01915477462922
"TACCGTCCATAGACGT-1","1","Tubb3",0.40867398145676
"TACCTAAGTAGCTATC-1","4","Tubb3",0
"TACCTAGAGGGTGAAT-1","1","Tubb3",0.712122886847169
"TACCTCACAACGTGAT-1","8","Tubb3",0.762322955177336
"TACCTCACATAACTTC-1","3","Tubb3",0
"TACCTCACATTACGGG-1","0","Tubb3",0
"TACCTCCGTCAGCCTA-1","5","Tubb3",2.43983991154884
"TACCTCCGTTGAAGCA-1","10","Tubb3",0
"TACCTGAAGTTAGCCA-1","2","Tubb3",1.34929213876356
"TACCTGTTCAGTTGCA-1","7","Tubb3",0
"TACGAAGGTTGGGCAG-1","4","Tubb3",0
"TACGAGGAGAAGCTCC-1","0","Tubb3",0
"TACGATTAGCCAGCCA-1","3","Tubb3",0
"TACGCAATCACACCTT-1","0","Tubb3",0
"TACGCAATCATGGTAT-1","7","Tubb3",0.605228115389633
"TACGCAATCGTTAGGC-1","3","Tubb3",0
"TACGCATGTTCCTGCT-1","0","Tubb3",0.717345879411394
"TACGCATGTTTACTAG-1","9","Tubb3",0
"TACGCCTCAATCGCAG-1","7","Tubb3",0
"TACGCCTCAGTACCTC-1","1","Tubb3",0.877298628217252
"TACGCCTCATCGCGTT-1","0","Tubb3",0
"TACGCTAAGGAATTAG-1","8","Tubb3",0.682858365549233
"TACGGTTGTTGGATTC-1","2","Tubb3",0
"TACGTAGTCCCCAATT-1","5","Tubb3",0
"TACGTAGTCCCGTAGG-1","3","Tubb3",0
"TACGTCAAGCAACTGC-1","3","Tubb3",0
"TACGTCAAGCTATGCA-1","1","Tubb3",0
"TACGTCAAGGAGTAAC-1","7","Tubb3",0
"TACGTTGAGCCAGATC-1","1","Tubb3",0
"TACGTTGAGGATAGCG-1","6","Tubb3",0
"TACGTTGAGTGCCGTG-1","9","Tubb3",0
"TACTATGGTATTGCGT-1","13","Tubb3",0
"TACTCATCAACTCGCT-1","3","Tubb3",0
"TACTCCACATGGATAC-1","2","Tubb3",0
"TACTCGCCAAACTGAC-1","11","Tubb3",0
"TACTGGATCTAGTTCC-1","1","Tubb3",0.56201558677235
"TACTGTGAGCAGGCAA-1","13","Tubb3",0
"TACTGTGAGGTAAGCG-1","1","Tubb3",0
"TAGCACGCAAGCTCTC-1","2","Tubb3",0
"TAGCACGCAATTAGCA-1","4","Tubb3",0.488677820057592
"TAGCACGCATCCGCTG-1","10","Tubb3",0
"TAGCAGTCATGATATG-1","1","Tubb3",0.633862802592134
"TAGCATTAGAATCAAG-1","1","Tubb3",0
"TAGCATTAGCCTTCCA-1","15","Tubb3",0
"TAGCATTAGGCACTGT-1","2","Tubb3",0.716112915252836
"TAGCATTAGTATGTGT-1","8","Tubb3",0
"TAGCCAATCTGGCTCC-1","5","Tubb3",0
"TAGCCAGCATGGTGCA-1","5","Tubb3",0
"TAGCCCTCACCATCAC-1","0","Tubb3",0
"TAGCCCTCACCTCGTG-1","7","Tubb3",0.289038481692426
"TAGCCCTCACTTGACC-1","0","Tubb3",0
"TAGCCTGGTAGTCCTG-1","3","Tubb3",0
"TAGCGGTTCAAGTGAA-1","7","Tubb3",0
"TAGCGGTTCCATCATC-1","0","Tubb3",0
"TAGCGGTTCCTGTGAA-1","0","Tubb3",0.700272561289123
"TAGCGGTTCCTTCGCA-1","0","Tubb3",0.709908638093719
"TAGCGGTTCGCTCCAC-1","1","Tubb3",0.472962479265284
"TAGCTAGTCACTCAGA-1","5","Tubb3",0.827241477787004
"TAGCTCCCATCACTGC-1","4","Tubb3",0.697829850680903
"TAGCTGATCCCGCTGT-1","2","Tubb3",0.875783857890112
"TAGCTGATCCGTGGCA-1","14","Tubb3",0
"TAGGAGTAGAAGGGCC-1","2","Tubb3",0.589355404527884
"TAGGATGGTGATGCGG-1","9","Tubb3",0
"TAGGATGGTGGGTACG-1","1","Tubb3",0.431811171616816
"TAGGATGGTTACACGT-1","0","Tubb3",0
"TAGGCCACATAACTAG-1","0","Tubb3",0.700017282343822
"TAGGCTGCAGGTAGTT-1","6","Tubb3",0
"TAGGCTGCATGGTTCC-1","7","Tubb3",0
"TAGGCTTGTAAGGGTC-1","4","Tubb3",0
"TAGGCTTGTAGGCGAT-1","2","Tubb3",0
"TAGGCTTGTAGTTGAG-1","0","Tubb3",0
"TAGGGGATCTGTCTGT-1","0","Tubb3",0
"TAGGGTAGTGCACGAG-1","0","Tubb3",0
"TAGGGTGAGCCACTAA-1","5","Tubb3",0
"TAGGGTGAGGATGTGG-1","0","Tubb3",0
"TAGGGTTCAGTTGGAT-1","7","Tubb3",0
"TAGGTAGGTGACTTCG-1","0","Tubb3",0
"TAGTACCGTTTCGCAG-1","4","Tubb3",0.485748321807536
"TAGTAGCCAACCTACC-1","7","Tubb3",0
"TAGTCCTTCCAATGCA-1","0","Tubb3",1.21232039262598
"TAGTCCTTCCATCCAT-1","14","Tubb3",0
"TAGTCCTTCTAGCCGG-1","3","Tubb3",0
"TAGTCCTTCTGGCACG-1","6","Tubb3",0
"TAGTGAGGTGAGACCG-1","4","Tubb3",0
"TAGTGGCTCATGCCGG-1","1","Tubb3",0
"TAGTGGCTCCCCTGTA-1","0","Tubb3",1.13985095163261
"TAGTGTTAGGCTCAGT-1","0","Tubb3",0
"TAGTTAGCAGCCAAGC-1","8","Tubb3",0
"TAGTTCCTCGCTATGA-1","7","Tubb3",0.499386653863445
"TAGTTTCCACATTCCA-1","0","Tubb3",0
"TATACAGCAGTACCCT-1","5","Tubb3",0
"TATACAGCATTCGGGA-1","4","Tubb3",0
"TATACCCTCGTCTCGC-1","4","Tubb3",0
"TATACCTCAATCATCT-1","2","Tubb3",0.747682544715977
"TATAGGCCAAAGGGTA-1","2","Tubb3",0.82985750777271
"TATAGGCCAAGCCAAT-1","4","Tubb3",0.646692106737212
"TATAGGCCAATCGAGT-1","0","Tubb3",1.0864941214069
"TATAGGCCAATCTGGG-1","3","Tubb3",0
"TATAGGGGTTTCCGTC-1","0","Tubb3",0
"TATAGGTTCACATGGC-1","5","Tubb3",0
"TATATCCCATGGCGAC-1","4","Tubb3",0
"TATCACCTCCTCTAAC-1","3","Tubb3",0
"TATCAGGTCACAGCGT-1","4","Tubb3",0.581631446523953
"TATCAGGTCGCATACA-1","10","Tubb3",0
"TATCAGGTCTATCTCA-1","0","Tubb3",0
"TATCAGTAGCATCAAT-1","0","Tubb3",0
"TATCAGTAGGATGGTG-1","2","Tubb3",0
"TATCATGGTAGTCATC-1","1","Tubb3",0
"TATCCAAGTGCAGCGA-1","5","Tubb3",0.904456274227152
"TATCCCACACCTCAGT-1","4","Tubb3",0.872960288930168
"TATCCCACAGGCTAAT-1","7","Tubb3",0.576357570843553
"TATCCGCCATGGTCAG-1","7","Tubb3",0
"TATCCGTTCTAACTCC-1","0","Tubb3",0
"TATCCTTGTGGCAGTG-1","5","Tubb3",0
"TATCCTTGTTCCCAGA-1","9","Tubb3",0
"TATCGAACAACCAGAT-1","2","Tubb3",0
"TATCGAACAAGCCATG-1","2","Tubb3",0
"TATCGAACAAGTATCA-1","5","Tubb3",0
"TATCGAACATAGAGGA-1","4","Tubb3",0.390203510192801
"TATCGGGCATGCGCTT-1","4","Tubb3",0
"TATCGTAGTTGAGCCC-1","3","Tubb3",0
"TATCGTTCAATTGGTA-1","5","Tubb3",0.739348724854567
"TATCTCATCGTAACTG-1","8","Tubb3",0.636239849515867
"TATCTCATCTTGAACG-1","8","Tubb3",0
"TATCTGCTCAGCATTG-1","2","Tubb3",0
"TATCTGCTCCGCACCT-1","7","Tubb3",0.612549702507485
"TATCTGCTCTCACATC-1","0","Tubb3",1.13274176456874
"TATCTTGTCCGCGTAG-1","6","Tubb3",0
"TATGACTAGTAGTAAG-1","8","Tubb3",0
"TATGAGAAGGTTACAT-1","0","Tubb3",0
"TATGAGGGTTAGCTCG-1","2","Tubb3",0.786455444820588
"TATGATGCACATAGGT-1","0","Tubb3",0
"TATGCCCCAAACCAGT-1","3","Tubb3",0
"TATGCTAGTGAGCGCA-1","3","Tubb3",0
"TATGCTAGTTAACGTC-1","5","Tubb3",0.776371518594846
"TATGCTAGTTGCGGCT-1","8","Tubb3",0
"TATGGCCAGGCACGTT-1","0","Tubb3",0.552081979762561
"TATGGCCAGTGAACTT-1","11","Tubb3",0
"TATGGCCAGTGCCGTG-1","0","Tubb3",0.842601771469063
"TATGGCTGTAGTGATG-1","0","Tubb3",0
"TATGGGTCAAGCTCAG-1","7","Tubb3",0
"TATGGGTCAATCCATT-1","0","Tubb3",0.676474440229375
"TATGGTTAGGAACCAG-1","1","Tubb3",0.643997581039229
"TATGGTTAGGTTCGGT-1","1","Tubb3",0.598029337173068
"TATGGTTAGTCGACGT-1","12","Tubb3",0
"TATGTTGGTTGGAAGC-1","1","Tubb3",0
"TCAAACTAGGGTACGA-1","0","Tubb3",0
"TCAACCAAGATTCAAC-1","4","Tubb3",0.539890875177423
"TCAACCAAGCATCACA-1","0","Tubb3",0.614822886852919
"TCAACCAAGCGATTGC-1","6","Tubb3",0
"TCAACCAAGGTACCCG-1","2","Tubb3",0
"TCAACCAAGGTACTGC-1","3","Tubb3",1.81548135419864
"TCAACTGAGGCGTAAG-1","11","Tubb3",0
"TCAATCCTCAGCAGTC-1","1","Tubb3",0.705471011228637
"TCAATCCTCGATCGCG-1","1","Tubb3",0
"TCAATCTCATCACGAG-1","13","Tubb3",2.64296612938031
"TCAATTGGTTAGCCCA-1","4","Tubb3",0.59057352559429
"TCAATTGGTTTACCGG-1","1","Tubb3",0.830733407783066
"TCACAATAGCGCTGAT-1","6","Tubb3",0
"TCACAATAGGTTGGAG-1","4","Tubb3",0
"TCACACAAGCCCTGGA-1","0","Tubb3",1.17556595537011
"TCACACCCAAGGGTCC-1","1","Tubb3",0
"TCACACGGTCATTGCG-1","4","Tubb3",1.02355137279936
"TCACACGGTTTCACTT-1","0","Tubb3",0.818574923568788
"TCACAGGCACTAATGA-1","0","Tubb3",0.824067668376799
"TCACATAGTCTGGTGC-1","3","Tubb3",0
"TCACATAGTGCAGGAT-1","2","Tubb3",0
"TCACATGAGCCATCCC-1","3","Tubb3",0
"TCACATGAGTTGGGCT-1","5","Tubb3",0.926552214186581
"TCACCATTCACACATG-1","0","Tubb3",0
"TCACCGCTCATCATCC-1","6","Tubb3",0
"TCACGAATCCATATCC-1","2","Tubb3",0
"TCACGACAGGTACGTC-1","0","Tubb3",0.787629184918103
"TCACGACAGTCGACAC-1","0","Tubb3",0
"TCACGATGTCAAGGGT-1","0","Tubb3",1.29802376685789
"TCACGCCTCCACGGAT-1","4","Tubb3",0
"TCACGCCTCCTTCAGT-1","0","Tubb3",0
"TCACGGACAGCAGGAG-1","1","Tubb3",0
"TCACGGGTCCGTAGGT-1","8","Tubb3",0
"TCACGTCCATGCTGAG-1","1","Tubb3",0
"TCACGTTTCCGGATAC-1","2","Tubb3",0.717507027222477
"TCACTCCGTAATCCGT-1","4","Tubb3",0
"TCACTGTTCCAGATGC-1","16","Tubb3",0
"TCACTTATCCTTCAAC-1","4","Tubb3",0
"TCAGAGGAGCAATCCA-1","2","Tubb3",0
"TCAGCAATCGATATAC-1","3","Tubb3",0
"TCAGCAATCGTTACTC-1","0","Tubb3",0
"TCAGCCAGTTACACGT-1","1","Tubb3",0
"TCAGCGCGTCAGCCAC-1","6","Tubb3",0
"TCAGCGCGTTGCTCCT-1","5","Tubb3",0
"TCAGGTCAGCCTGTCC-1","0","Tubb3",0
"TCAGGTCAGGAATGAC-1","2","Tubb3",0.930254799141195
"TCAGGTTGTTAGCTGT-1","2","Tubb3",0.76189632422873
"TCAGTAACACCTTAAT-1","4","Tubb3",0
"TCAGTAACAGTTGACG-1","7","Tubb3",0
"TCAGTAACATCCGGTT-1","11","Tubb3",0
"TCAGTAACATTACCTG-1","0","Tubb3",0.708702140115139
"TCAGTAGTCAGCAGTC-1","10","Tubb3",0
"TCAGTAGTCTATCTGC-1","0","Tubb3",0
"TCAGTCAAGAAGCGGC-1","5","Tubb3",0
"TCAGTCAAGCTGGATC-1","3","Tubb3",0
"TCAGTCAAGTATGACT-1","1","Tubb3",0
"TCAGTTGAGGCGATGA-1","15","Tubb3",1.07619216291704
"TCAGTTGAGTGCGCTG-1","9","Tubb3",0
"TCAGTTGAGTGGGTCT-1","4","Tubb3",0
"TCATAACAGTCATCAG-1","4","Tubb3",0.547863711931851
"TCATAGGTCCAGCCCT-1","9","Tubb3",0
"TCATAGGTCCCCTGTA-1","1","Tubb3",0
"TCATAGGTCCGTAAGC-1","13","Tubb3",0
"TCATATGGTAGTGAGC-1","6","Tubb3",0
"TCATATGGTGGCAGCA-1","1","Tubb3",0
"TCATATGGTTGACGAA-1","2","Tubb3",0
"TCATCAAGTAGTGCCC-1","3","Tubb3",0
"TCATCATCAGGACTGC-1","3","Tubb3",0
"TCATCGTTCCCGCTGT-1","0","Tubb3",1.00846940579964
"TCATCGTTCTATGTGG-1","8","Tubb3",0.619699274436789
"TCATCTATCCGCAAGT-1","0","Tubb3",0
"TCATCTATCGATATGT-1","0","Tubb3",0
"TCATGCAAGGATGCAG-1","7","Tubb3",0.849590125001239
"TCATGCAAGTTGGCCG-1","0","Tubb3",0
"TCATGGATCGTTAGCA-1","0","Tubb3",0
"TCATGGGCAGCTAACG-1","0","Tubb3",0
"TCATGGGCAGGATTAC-1","0","Tubb3",0.689121630308518
"TCATGTGAGGATCCCG-1","8","Tubb3",0
"TCATGTTCATTCATGT-1","7","Tubb3",0.464548854662656
"TCATTCGCATTAGCGG-1","15","Tubb3",0
"TCATTGCTCAGCAACC-1","1","Tubb3",0.616544131602954
"TCATTGCTCATGCAGC-1","12","Tubb3",0
"TCCAACTTCCATCGTT-1","1","Tubb3",0
"TCCAACTTCGAACCGT-1","0","Tubb3",0.58796449800622
"TCCAAGGCACCAGGAC-1","4","Tubb3",0
"TCCAATAGTTAGCATC-1","5","Tubb3",0
"TCCAATAGTTATGGAG-1","4","Tubb3",0.966526377809191
"TCCAATTCAGTAAGGA-1","1","Tubb3",0
"TCCACACCAATAGCAC-1","2","Tubb3",0
"TCCACACCAATGAGTC-1","2","Tubb3",0
"TCCACACCACTCAATT-1","4","Tubb3",0.326000357181022
"TCCACACCATCCCAGT-1","7","Tubb3",0.28467244349744
"TCCACATTCGCGCGTA-1","4","Tubb3",0
"TCCACCATCTAGTTCC-1","6","Tubb3",0
"TCCACCGCACCTTACA-1","1","Tubb3",0
"TCCACCTGTTAAGGGC-1","0","Tubb3",0.750209365486756
"TCCACTTAGAACCTTG-1","3","Tubb3",0
"TCCAGCTCACCTGCAT-1","3","Tubb3",0
"TCCAGCTCACTCAATT-1","2","Tubb3",0
"TCCAGCTCATTACATC-1","0","Tubb3",0.49489612908787
"TCCAGGCGTAGTCCTG-1","2","Tubb3",0
"TCCAGGTAGTTGCACA-1","5","Tubb3",0
"TCCAGTTTCGTGCTAA-1","6","Tubb3",0
"TCCATCCGTAGTCAGA-1","1","Tubb3",0
"TCCATCCGTCTAAGCT-1","4","Tubb3",0.73992118342214
"TCCATCCGTCTGTGCA-1","5","Tubb3",0
"TCCATGAAGTAGCAGG-1","2","Tubb3",0
"TCCATGGGTAGTGCGG-1","7","Tubb3",1.39795674245062
"TCCATGGGTTTCGGGC-1","0","Tubb3",0
"TCCATTATCGAACGGA-1","1","Tubb3",0.852281100215496
"TCCATTATCGATCACA-1","5","Tubb3",0
"TCCATTATCGTGACCG-1","4","Tubb3",0.434670921577096
"TCCCAACCAGCTCATC-1","3","Tubb3",2.01066810647351
"TCCCAAGGTAAGGTCA-1","4","Tubb3",0
"TCCCAATTCACCAGTA-1","0","Tubb3",1.09555499531238
"TCCCACGCAAGGTGCC-1","14","Tubb3",0
"TCCCACGCACATGCCT-1","0","Tubb3",0
"TCCCACGCACTTCGCG-1","3","Tubb3",0
"TCCCAGCTCCTTCGTG-1","2","Tubb3",0
"TCCCATTAGAAGCTAA-1","3","Tubb3",0
"TCCCATTAGATTGAGA-1","9","Tubb3",0
"TCCCCAGCAAACTGAC-1","2","Tubb3",0
"TCCCCAGCATCACTCA-1","0","Tubb3",0
"TCCCCTGGTGCACCAC-1","0","Tubb3",1.12432486493893
"TCCCGTTGTAGCGCCT-1","0","Tubb3",0
"TCCCGTTGTGGGTCCT-1","2","Tubb3",0
"TCCCGTTGTTCGATTA-1","6","Tubb3",0
"TCCCTAACAATGCGTG-1","2","Tubb3",0
"TCCCTAACACAGGATT-1","1","Tubb3",0
"TCCCTAACAGGGCTAC-1","0","Tubb3",0.614394123181311
"TCCCTGATCAGGAGTG-1","10","Tubb3",0
"TCCCTTAGTAACCGGG-1","1","Tubb3",0.703815303072055
"TCCTAATCAACTTAGA-1","5","Tubb3",0
"TCCTAGAAGATTAACC-1","3","Tubb3",0
"TCCTAGAAGGTGAGCA-1","0","Tubb3",0
"TCCTATTGTTCGTAAC-1","1","Tubb3",0.4438460005267
"TCCTCGATCCGCTACC-1","2","Tubb3",0
"TCCTCGATCGTTCATC-1","10","Tubb3",0
"TCCTCTTCAACCCTAC-1","1","Tubb3",0
"TCCTCTTCAATATGGC-1","0","Tubb3",0
"TCCTGACCAAACTGGT-1","1","Tubb3",1.44764588007413
"TCCTGACCATAACTTC-1","6","Tubb3",0
"TCCTGCATCTGTAAGT-1","1","Tubb3",0
"TCCTGTTAGGTCCAGT-1","0","Tubb3",0
"TCCTGTTAGTACGGAG-1","5","Tubb3",0
"TCCTTATGTAACGAAT-1","8","Tubb3",0
"TCCTTCCTCAGCACGT-1","3","Tubb3",0
"TCCTTCCTCAGGAGAT-1","1","Tubb3",0.816455749079109
"TCCTTCCTCATCACTC-1","3","Tubb3",0
"TCCTTCCTCCCATATC-1","2","Tubb3",0
"TCCTTCCTCTGTCAAG-1","0","Tubb3",0
"TCCTTCTCAAGGTCGC-1","0","Tubb3",0
"TCCTTCTCAAGTGAAG-1","14","Tubb3",0
"TCCTTGGTCCGCCATC-1","14","Tubb3",0
"TCCTTTGGTTCGTATA-1","9","Tubb3",0
"TCCTTTGGTTGCCTCT-1","4","Tubb3",0
"TCGAATGTCCAGCCCT-1","16","Tubb3",0
"TCGAATTAGGCTCCAG-1","6","Tubb3",0
"TCGAATTAGGTGACTC-1","0","Tubb3",0.99618891094063
"TCGACCTCAATGCCAG-1","6","Tubb3",0
"TCGACCTCACTTGATT-1","4","Tubb3",0.512216147040639
"TCGACTGGTCTCCAGA-1","4","Tubb3",1.07686166761992
"TCGAGGTTCGAGTACC-1","2","Tubb3",0
"TCGAGGTTCGTCTAAG-1","0","Tubb3",0
"TCGAGGTTCTCACATC-1","3","Tubb3",0
"TCGATAGTCGCGTCCT-1","2","Tubb3",0
"TCGATCAAGATACTCG-1","9","Tubb3",0
"TCGATTAGTTGACCAT-1","0","Tubb3",1.52712153324676
"TCGATTGAGGTGGCTT-1","7","Tubb3",0
"TCGATTTCACTCATCA-1","0","Tubb3",1.05013794233015
"TCGCAAATCCGGAGTT-1","8","Tubb3",0
"TCGCAAATCTGTGATG-1","0","Tubb3",0
"TCGCAACAGTCGATAT-1","7","Tubb3",0.42425901292844
"TCGCAGACATCCATGC-1","0","Tubb3",0
"TCGCATCCAAACTTGA-1","5","Tubb3",1.07587367134748
"TCGCATCCATCCAAGG-1","0","Tubb3",0
"TCGCATGGTGACGAAC-1","2","Tubb3",0
"TCGCATGGTTGCTCCT-1","3","Tubb3",0
"TCGCCATCAAATCGTA-1","0","Tubb3",0
"TCGCCTATCCGCTGGA-1","2","Tubb3",0
"TCGCCTGCAACCTCAC-1","1","Tubb3",0
"TCGCCTGCAAGGGACG-1","0","Tubb3",0
"TCGCCTGCACTAGTCC-1","2","Tubb3",0
"TCGCGATAGGGTCCAT-1","6","Tubb3",0
"TCGCGATAGTGCTGTA-1","0","Tubb3",1.01768579834757
"TCGCTCGCATAGATCA-1","4","Tubb3",0.596669353432046
"TCGCTCTGTCTGGCTA-1","0","Tubb3",0
"TCGCTGCTCCCGCAGA-1","3","Tubb3",0
"TCGCTTACAGCTACTC-1","0","Tubb3",0
"TCGCTTACAGGTTGCA-1","6","Tubb3",0
"TCGCTTGTCAATGTAC-1","2","Tubb3",0
"TCGCTTGTCTAGTTCC-1","6","Tubb3",0
"TCGGCCAAGCGAAGTG-1","15","Tubb3",1.07568267543411
"TCGGCTAGTTAAGTGG-1","6","Tubb3",0
"TCGGGCATCAAGTAGA-1","3","Tubb3",0
"TCGGGCATCTCACCGC-1","0","Tubb3",1.01174411546567
"TCGGGCATCTCACTCG-1","0","Tubb3",0
"TCGGGGTCAATGGGCC-1","1","Tubb3",0
"TCGGGTTAGTTAACGT-1","2","Tubb3",0
"TCGGTAATCAGGGCAA-1","1","Tubb3",0
"TCGGTAATCGATGACC-1","2","Tubb3",1.08150945386074
"TCGGTAATCGTTCGTT-1","2","Tubb3",0
"TCGGTAATCTGGCACG-1","5","Tubb3",0
"TCGGTATGTAGCAGAC-1","0","Tubb3",0.810028496645488
"TCGGTATGTTATGACC-1","7","Tubb3",0.500611857528054
"TCGGTATGTTGGCGCT-1","2","Tubb3",0
"TCGGTCAGTGAAGGAG-1","5","Tubb3",1.52613456912865
"TCGGTTAAGGTTGGTC-1","0","Tubb3",0
"TCGGTTGGTTCCAGAT-1","3","Tubb3",0
"TCGTAATAGATTCGGC-1","6","Tubb3",0
"TCGTACCCATGGATTA-1","0","Tubb3",0.687053376867617
"TCGTACGGTAAGCCAA-1","10","Tubb3",0
"TCGTACGGTCATGGCC-1","0","Tubb3",0
"TCGTACGGTGAGTGGT-1","2","Tubb3",0
"TCGTCACCAACCAGTG-1","4","Tubb3",0
"TCGTCACCATTCAGGG-1","5","Tubb3",0
"TCGTCATTCTATCCGT-1","0","Tubb3",0.689912944627125
"TCGTCCATCACGCGAT-1","0","Tubb3",0.611834434878418
"TCGTCCATCCCTCTAG-1","3","Tubb3",0
"TCGTCCATCCGTGTAA-1","10","Tubb3",0
"TCGTGAATCACGCAGT-1","7","Tubb3",0
"TCGTGAATCTAATGCG-1","1","Tubb3",0.775106399151706
"TCGTGATGTTTACGCG-1","2","Tubb3",0
"TCGTGCCTCACATTGG-1","3","Tubb3",0
"TCGTGCCTCTATGTCC-1","15","Tubb3",0
"TCGTGGACAATCCCTA-1","1","Tubb3",1.44839279434473
"TCGTGGACATAACCGG-1","2","Tubb3",0
"TCGTGGACATTCGGTC-1","3","Tubb3",1.76237439706831
"TCGTGTCCAATCTGAA-1","13","Tubb3",0
"TCGTTAAGTAAGCATG-1","0","Tubb3",1.09002003488162
"TCGTTAAGTGCGGTTC-1","1","Tubb3",0.662337361292833
"TCGTTAAGTTCCTTGC-1","1","Tubb3",0
"TCGTTAAGTTCGTGGC-1","0","Tubb3",0
"TCGTTCCGTATTGGAG-1","4","Tubb3",0
"TCGTTGGGTGGGAATC-1","2","Tubb3",0
"TCGTTTCAGCGACTAC-1","1","Tubb3",0.586049737939203
"TCGTTTCAGGCAACCT-1","0","Tubb3",0.84676488235993
"TCGTTTGCATAGATGC-1","2","Tubb3",0
"TCTAACCTCCGTGCGA-1","4","Tubb3",0
"TCTAACCTCGAATTAC-1","0","Tubb3",0
"TCTAACCTCGTTCGGG-1","3","Tubb3",0
"TCTAATCCAAAGGTGA-1","12","Tubb3",0
"TCTAATCCACTAAGGT-1","0","Tubb3",0.855534219851053
"TCTAATCCAGTTAGGT-1","0","Tubb3",0
"TCTACAAGTCAGTCGC-1","7","Tubb3",0.387782449049316
"TCTACAAGTGCGTACC-1","3","Tubb3",0
"TCTACATCAGCAGTAT-1","3","Tubb3",0
"TCTACGAAGATTCGCA-1","2","Tubb3",0.827821310889598
"TCTACGGGTAACGCAA-1","0","Tubb3",0
"TCTACGGGTATGGACA-1","4","Tubb3",0
"TCTACTATCTGTGCAA-1","6","Tubb3",0
"TCTACTGCACATTGAA-1","0","Tubb3",0
"TCTAGCGGTGGCTTCA-1","13","Tubb3",0
"TCTATAGGTAACGAAT-1","0","Tubb3",0
"TCTATAGGTTTGGTCG-1","0","Tubb3",0.87865434859282
"TCTATCGCAAATCGTA-1","0","Tubb3",0.9206023180086
"TCTATCGCAACTTCAT-1","0","Tubb3",0
"TCTATCGCACTTCGAC-1","5","Tubb3",0.639015346160756
"TCTATCGCAGTTAGGT-1","1","Tubb3",0
"TCTATCTGTTTACCAA-1","0","Tubb3",0.526105683617458
"TCTATGAGTCATTGGT-1","0","Tubb3",0
"TCTATGAGTCTGGCAC-1","1","Tubb3",0
"TCTATGAGTGAAGTCA-1","0","Tubb3",0
"TCTATGAGTTGCGAGG-1","0","Tubb3",0.927659672153522
"TCTATGAGTTTCACTT-1","2","Tubb3",0
"TCTATGCTCACCAGAC-1","2","Tubb3",0
"TCTATGCTCGCGTCGA-1","10","Tubb3",0
"TCTATGGAGAAGCATA-1","5","Tubb3",0
"TCTATGGAGCATGCAC-1","0","Tubb3",0
"TCTATTGTCACCTACT-1","2","Tubb3",0.666735081020168
"TCTATTGTCGATGCTA-1","0","Tubb3",0
"TCTCAATCAAGCTATA-1","6","Tubb3",0
"TCTCAATCACCAACGA-1","2","Tubb3",0
"TCTCACTAGATAGGAC-1","0","Tubb3",0.879643129569817
"TCTCACTAGCCTCTCA-1","3","Tubb3",0
"TCTCACTAGTAGTCGC-1","1","Tubb3",0
"TCTCACTAGTGATCGC-1","0","Tubb3",0
"TCTCATATCCCAGGCA-1","1","Tubb3",1.01315729088858
"TCTCATCAGTCATCTC-1","6","Tubb3",0
"TCTCATCAGTTACGGC-1","8","Tubb3",0
"TCTCATTGTAGCGACG-1","9","Tubb3",2.10343203031649
"TCTCATTGTTAGGCTT-1","4","Tubb3",0
"TCTCATTGTTCGTGGC-1","4","Tubb3",0.434172478464351
"TCTCCATAGAAGGTCG-1","15","Tubb3",0
"TCTCCATAGCCACTAA-1","10","Tubb3",0
"TCTCCCAAGTGCAATT-1","0","Tubb3",0
"TCTCGATTCCTCGACC-1","11","Tubb3",0
"TCTCGCATCACTCAGA-1","3","Tubb3",0
"TCTCGCATCCGTGCAG-1","0","Tubb3",0
"TCTCGCATCGAGTACC-1","2","Tubb3",0
"TCTCGGCTCGCGTTCC-1","5","Tubb3",0
"TCTCGGCTCGCTGGAT-1","3","Tubb3",0
"TCTCGGCTCTGTGATG-1","6","Tubb3",0
"TCTCTAGCAGGTATCG-1","0","Tubb3",0
"TCTCTAGCATGGTTGG-1","5","Tubb3",0.81900015229598
"TCTCTATGTAATCGTC-1","0","Tubb3",0
"TCTCTGGTCCAATTCC-1","6","Tubb3",0
"TCTGACAAGTAGGTAA-1","2","Tubb3",0.753229563976584
"TCTGATAGTATAGTCC-1","5","Tubb3",0
"TCTGATGAGGCGATTC-1","5","Tubb3",0
"TCTGCAAAGCCAGGTT-1","1","Tubb3",0.770649954480286
"TCTGCAAAGGAGTCGA-1","4","Tubb3",0.73009069575163
"TCTGCAAAGGTAGTAA-1","0","Tubb3",1.06697633859196
"TCTGCACCAAGCTCAG-1","10","Tubb3",0
"TCTGCACCATCGGCTT-1","0","Tubb3",0
"TCTGCAGGTAGCTTCG-1","1","Tubb3",0
"TCTGCAGGTGCACGCT-1","1","Tubb3",0
"TCTGCCATCACTAGCA-1","3","Tubb3",0
"TCTGCCATCAGCGGTT-1","6","Tubb3",0
"TCTGCCATCAGTTAGT-1","2","Tubb3",0
"TCTGCCTGTCAGCGGA-1","5","Tubb3",0
"TCTGCGGAGGGCTCAT-1","2","Tubb3",0
"TCTGCGGAGGTTGCCG-1","5","Tubb3",0
"TCTGCGGAGTTGGTGC-1","0","Tubb3",0
"TCTGGATGTATGTAGG-1","2","Tubb3",0
"TCTGGCCTCGACTTAG-1","2","Tubb3",0.583972292826648
"TCTGGCTCAAGTTCAA-1","3","Tubb3",0
"TCTGGGCGTAGCCTGC-1","7","Tubb3",0
"TCTGTAAGTTCCTGCT-1","3","Tubb3",0
"TCTGTGTTCGACCCGA-1","0","Tubb3",0
"TCTGTGTTCGAGTACC-1","0","Tubb3",1.04306344183494
"TCTGTTGCACATTCCA-1","0","Tubb3",0
"TGAAACGGTTAGAGAT-1","11","Tubb3",0
"TGAAACTTCCAGGGTT-1","2","Tubb3",0
"TGAAAGGCAAGTATCA-1","2","Tubb3",0
"TGAAAGGCATGGCGAC-1","4","Tubb3",0
"TGAAATGAGTGCCGTG-1","3","Tubb3",0
"TGAACAGGTTAGTACC-1","0","Tubb3",0
"TGAACCATCCCAATTC-1","5","Tubb3",0
"TGAACCCAGCAGGTTC-1","8","Tubb3",0
"TGAACCGCAATCAGCG-1","0","Tubb3",0
"TGAACCGCACTTGCTA-1","2","Tubb3",0
"TGAACCGCATTCATAC-1","3","Tubb3",0
"TGAATAGAGCAATTAC-1","3","Tubb3",0
"TGAATAGAGCTAATGT-1","15","Tubb3",0
"TGAATCCGTCAAGTGA-1","0","Tubb3",0
"TGAATGAAGCCTAGAC-1","2","Tubb3",0
"TGAATGAAGTAATGGA-1","13","Tubb3",0
"TGAATGGGTTCCTTCA-1","13","Tubb3",0
"TGACATTAGGATCCAC-1","10","Tubb3",0
"TGACCAATCCCTGGAG-1","7","Tubb3",0
"TGACCAATCTCACATC-1","1","Tubb3",0.721669148372433
"TGACCAGCAACGTGAT-1","2","Tubb3",0
"TGACCCAGTGGCTCTA-1","0","Tubb3",0
"TGACCCTCATTCCTTC-1","0","Tubb3",0
"TGACCTAAGGTATCTG-1","8","Tubb3",0.677426503337154
"TGACGAAGTATTGCTA-1","5","Tubb3",0.747097461913817
"TGACGGGGTTGGGTAA-1","10","Tubb3",0
"TGACGTTGTATGGCCC-1","5","Tubb3",0
"TGACGTTGTCTTGCCT-1","2","Tubb3",0
"TGACTAACAATGGAAG-1","2","Tubb3",0
"TGACTAACATGATCCC-1","1","Tubb3",0
"TGACTGATCACTCCGC-1","0","Tubb3",0
"TGACTGATCAGGCTAC-1","5","Tubb3",0.612607772761533
"TGAGAATGTGCATCTG-1","1","Tubb3",0
"TGAGATGGTAGCTTAC-1","16","Tubb3",0
"TGAGATGGTTGCACCA-1","2","Tubb3",0
"TGAGCCACAATCCCTA-1","5","Tubb3",0.538164484709983
"TGAGCCACAATCCTTG-1","15","Tubb3",0.890339429706402
"TGAGCGAAGTGAGTAA-1","1","Tubb3",0
"TGAGCGGGTAATCACC-1","2","Tubb3",0.626353709784395
"TGAGCGGGTGAGCAGT-1","4","Tubb3",0
"TGAGCTATCCACCGTC-1","1","Tubb3",1.51670834988554
"TGAGCTGCAACCTCTA-1","0","Tubb3",0.574146658546905
"TGAGCTGCATGGTAGT-1","0","Tubb3",0
"TGAGCTTGTAATTCGC-1","7","Tubb3",0.962107750477393
"TGAGGATAGTATGAAG-1","1","Tubb3",0
"TGAGGCGGTTGCCTAG-1","0","Tubb3",0
"TGAGGCGGTTTGGTAC-1","0","Tubb3",0
"TGAGGCTTCACGTAAT-1","2","Tubb3",0.813508273511391
"TGAGGTGAGATAGACA-1","0","Tubb3",0
"TGAGGTTCACCTTCAA-1","5","Tubb3",0
"TGAGTAAAGGGGCAGT-1","2","Tubb3",0
"TGAGTCGCAAGCCTCT-1","0","Tubb3",0
"TGAGTCTGTCTAAGGA-1","7","Tubb3",0
"TGAGTCTGTTGCATAC-1","3","Tubb3",0
"TGAGTTACAGGGACTC-1","5","Tubb3",0.490290968810485
"TGAGTTACATGGTACG-1","2","Tubb3",0
"TGAGTTGTCACCTGGG-1","10","Tubb3",0
"TGATAGAAGGATCCAC-1","5","Tubb3",0
"TGATAGCCACATTAGA-1","8","Tubb3",0.738605911244632
"TGATAGCCATTGCCCG-1","0","Tubb3",0
"TGATAGCCATTGCGCT-1","2","Tubb3",0
"TGATCCCCAGCTACTC-1","0","Tubb3",0
"TGATGAGGTAGTTGAG-1","5","Tubb3",0
"TGATGAGGTGCATCAT-1","7","Tubb3",0
"TGATGAGGTTACACTA-1","5","Tubb3",0
"TGATGGCTCCATCTCG-1","2","Tubb3",0
"TGATGGCTCCCTGACC-1","2","Tubb3",0
"TGATTAGCAGGACTTG-1","12","Tubb3",0
"TGATTGGTCCCGTTCA-1","15","Tubb3",0
"TGATTTCCATCCATCA-1","1","Tubb3",0.451155506356472
"TGATTTCCATCGTTCA-1","0","Tubb3",0
"TGATTTGGTGAACGAC-1","3","Tubb3",0
"TGCAAACCAATCCCGT-1","2","Tubb3",0
"TGCAATGTCACAGCTA-1","0","Tubb3",0.627368690350045
"TGCAATGTCGTAGTTG-1","1","Tubb3",0.471599126069587
"TGCAATTAGCGAGCAA-1","1","Tubb3",0
"TGCACAATCAGGCAGA-1","9","Tubb3",0
"TGCACCCTCCATCTGT-1","0","Tubb3",0.670866578822798
"TGCACCTCAATATACG-1","16","Tubb3",0
"TGCACCTCAGGACTGC-1","9","Tubb3",0
"TGCACCTCATGGCAAT-1","2","Tubb3",0.488288382632385
"TGCACTAAGTTAGCAT-1","0","Tubb3",1.22908112355724
"TGCAGGCCAAATGACC-1","2","Tubb3",0.730815721033788
"TGCAGGCCAGGGCTAC-1","1","Tubb3",0
"TGCAGGCCATGACTAA-1","4","Tubb3",0
"TGCAGGTTCCAGATCA-1","4","Tubb3",0
"TGCATAGTCCGCCTAC-1","1","Tubb3",0
"TGCATAGTCCGTTGGG-1","8","Tubb3",0
"TGCATCAAGTGAACTT-1","0","Tubb3",0
"TGCCAGACATCCATAT-1","0","Tubb3",0
"TGCCAGTAGCCACATA-1","2","Tubb3",1.06398403797423
"TGCCATAAGCGCTCAG-1","8","Tubb3",0
"TGCCATAAGGTCACGT-1","2","Tubb3",0
"TGCCATAAGTTAATGC-1","0","Tubb3",0
"TGCCATCCAGGTTCGA-1","15","Tubb3",0
"TGCCATCCATAACGGT-1","8","Tubb3",0.483258871119615
"TGCCATCCATCCGCTG-1","1","Tubb3",0
"TGCCATGGTAGTTGGA-1","1","Tubb3",0
"TGCCATGGTTTACCAA-1","2","Tubb3",0
"TGCCATGGTTTGGCAT-1","2","Tubb3",0
"TGCCATTTCATCTCTA-1","0","Tubb3",0
"TGCCATTTCCCATAGA-1","4","Tubb3",0.974365106391837
"TGCCCAAGTATGGCAA-1","0","Tubb3",0.895106722420111
"TGCCCAAGTGCGCGTT-1","6","Tubb3",0
"TGCCCATCACCAATCC-1","3","Tubb3",0
"TGCCCGAAGCGCTCTC-1","1","Tubb3",0
"TGCCCGTTCCGGTTCC-1","9","Tubb3",0
"TGCCCTCAGCTACTCT-1","0","Tubb3",0.785155593527713
"TGCCCTCAGTAAGTAG-1","2","Tubb3",0
"TGCCCTTGTATGTCAC-1","7","Tubb3",0.446059970196867
"TGCCCTTGTTTGAGGA-1","0","Tubb3",0
"TGCCGAACATAATCGA-1","0","Tubb3",0
"TGCCGATAGAACCAGG-1","7","Tubb3",0
"TGCCGATAGATTGACT-1","0","Tubb3",0.829347466855935
"TGCCGATAGGTGGATG-1","0","Tubb3",1.26907063193808
"TGCCGATAGGTTCATG-1","0","Tubb3",0
"TGCCGCTTCTATGCAG-1","0","Tubb3",1.0517714201829
"TGCCGTGAGGATCTGC-1","0","Tubb3",0
"TGCCGTGAGTGAGTAA-1","0","Tubb3",0
"TGCCGTTCACTAATGA-1","14","Tubb3",0
"TGCCTAGGTTTAGCAC-1","7","Tubb3",0
"TGCCTATTCATGCGGT-1","11","Tubb3",0
"TGCCTATTCCCTCACA-1","6","Tubb3",0
"TGCCTCATCATGTCGA-1","2","Tubb3",0
"TGCCTCATCGTTAGGC-1","5","Tubb3",0.294534248985434
"TGCCTCGCAGGATAGA-1","2","Tubb3",0
"TGCCTCGCAGTTGGGC-1","0","Tubb3",1.64534310224916
"TGCCTCTGTATAGCGA-1","4","Tubb3",0.989062924248981
"TGCCTCTGTGCATCAT-1","3","Tubb3",1.69932846649554
"TGCCTCTGTTAGTACC-1","2","Tubb3",0
"TGCCTCTGTTCCGGTA-1","7","Tubb3",0
"TGCCTGCTCATAGGTT-1","2","Tubb3",0
"TGCCTGCTCCCGTGAG-1","0","Tubb3",0
"TGCGAAAGTAATGGCA-1","2","Tubb3",0
"TGCGAAAGTGAACCTT-1","10","Tubb3",0
"TGCGACCGTTCCCAGA-1","0","Tubb3",0
"TGCGACCGTTCTGGTG-1","0","Tubb3",0.76934213299189
"TGCGACTAGGATGGGC-1","6","Tubb3",0
"TGCGAGGGTTTGCGAT-1","7","Tubb3",0.539085801596286
"TGCGATGCACTTCAGC-1","8","Tubb3",0
"TGCGGCTGTCAGGCAG-1","0","Tubb3",0
"TGCGGCTGTGATGGTA-1","0","Tubb3",1.6087982194649
"TGCGGCTGTGGGTTAA-1","4","Tubb3",0
"TGCGGCTGTTACACTA-1","1","Tubb3",0.780129013270084
"TGCGGGTCACGCCATT-1","0","Tubb3",0
"TGCGGTTAGCTACAGC-1","3","Tubb3",0
"TGCGGTTAGCTGGATC-1","0","Tubb3",0.882125470980308
"TGCGTATGTCAGCACC-1","2","Tubb3",0
"TGCGTATGTGACGAGT-1","8","Tubb3",0.703918547785037
"TGCGTATGTTAAGGTG-1","7","Tubb3",0.631256798485582
"TGCGTATGTTCACGCA-1","1","Tubb3",0.937094407463986
"TGCTAAGTCCATCTCG-1","0","Tubb3",0.97730132688389
"TGCTAAGTCTAGTGTG-1","16","Tubb3",0.904981810022979
"TGCTAAGTCTGGCATA-1","0","Tubb3",2.05863533509489
"TGCTACAAGCCCTGCT-1","7","Tubb3",0.636805535659074
"TGCTACAAGCGCTGCA-1","1","Tubb3",0.949254244742589
"TGCTACCCAACCAGTG-1","8","Tubb3",0
"TGCTACCCATCACGTC-1","4","Tubb3",0
"TGCTACTTCCTCGTTG-1","3","Tubb3",0
"TGCTCAAAGGCGATAG-1","2","Tubb3",0
"TGCTCAAAGTGGCGAA-1","3","Tubb3",0
"TGCTCACCATGGCTTC-1","7","Tubb3",0
"TGCTCACCATGGTCGA-1","6","Tubb3",0
"TGCTCGCTCCTTCGTG-1","2","Tubb3",0
"TGCTGATGTATTGCCG-1","1","Tubb3",0
"TGCTGCCTCAGGCATC-1","0","Tubb3",0
"TGCTGCCTCCAGCTCC-1","0","Tubb3",0.57387574998604
"TGCTGCCTCCGGGCTA-1","0","Tubb3",0
"TGCTGCCTCTCACCAT-1","5","Tubb3",0
"TGCTGGACAAGTAAGG-1","11","Tubb3",0
"TGCTGGACACCTGTGT-1","12","Tubb3",0
"TGCTGGGTCGTACCTT-1","6","Tubb3",0
"TGCTGTCCAAAGGAAT-1","0","Tubb3",0.873258020297855
"TGCTGTCCATGAGTGT-1","12","Tubb3",0
"TGCTTAAGTAGCGGTG-1","1","Tubb3",0.995596817379873
"TGCTTAAGTGACGAGT-1","11","Tubb3",0
"TGCTTAAGTGGGTCGA-1","1","Tubb3",0
"TGCTTCACATCACGGA-1","0","Tubb3",0
"TGGAACCTCAGCCAGT-1","2","Tubb3",0.714937684918821
"TGGAATGGTCTGTGCA-1","7","Tubb3",0
"TGGACAAGTAGCTAGA-1","3","Tubb3",0
"TGGACAAGTTTCGTCC-1","5","Tubb3",1.04521073388255
"TGGACATCAATAGGAG-1","0","Tubb3",0
"TGGACGTTCACCTAAG-1","4","Tubb3",0
"TGGACGTTCATCGACA-1","0","Tubb3",0
"TGGACGTTCCATAGCA-1","1","Tubb3",0
"TGGACGTTCTCACAGA-1","3","Tubb3",0
"TGGACTATCCAACTGA-1","14","Tubb3",0
"TGGACTCAGCCGATAC-1","8","Tubb3",0.617329806280575
"TGGACTCAGGTGAACG-1","16","Tubb3",0
"TGGAGCAAGAAGCACG-1","1","Tubb3",1.07513132617864
"TGGAGCAAGTGCCCAG-1","10","Tubb3",0
"TGGAGCGGTGACCGAG-1","11","Tubb3",0
"TGGAGTAGTTCAAGTC-1","4","Tubb3",0.845776947546497
"TGGAGTGAGATACTCG-1","4","Tubb3",0
"TGGATAGGTATGTGGA-1","0","Tubb3",0.853053271957824
"TGGATAGGTTAGTGTC-1","2","Tubb3",0
"TGGATGGAGCCCTACC-1","8","Tubb3",0
"TGGATGGAGCGATAGG-1","0","Tubb3",0
"TGGATTGTCATCGAAT-1","0","Tubb3",0
"TGGCATGCAGTAAGTC-1","0","Tubb3",0.461883986342747
"TGGCATGCATAAGTTG-1","2","Tubb3",0.856156849476482
"TGGCCATAGGTATCTG-1","6","Tubb3",0
"TGGCCTGAGGTGAGCA-1","0","Tubb3",0
"TGGCGAAAGCAACCAC-1","0","Tubb3",0.574859045329929
"TGGCGAAAGCATTAAC-1","8","Tubb3",0
"TGGCGATTCGAACCTA-1","13","Tubb3",0
"TGGCGCATCACTCCAT-1","11","Tubb3",0
"TGGCGCATCATGGCCG-1","0","Tubb3",0
"TGGCGGTCAATACAGC-1","0","Tubb3",0
"TGGCTAATCAATGTGT-1","0","Tubb3",1.14071938427969
"TGGCTAATCACCCTGC-1","8","Tubb3",0
"TGGCTATGTCTAACTA-1","0","Tubb3",0
"TGGCTATGTGATAGCA-1","0","Tubb3",0
"TGGCTATGTTATATCG-1","8","Tubb3",0
"TGGCTATGTTTCGATA-1","0","Tubb3",0
"TGGCTGACATCCGCTG-1","3","Tubb3",0
"TGGGATTCAATAGGTC-1","2","Tubb3",0.743433349102713
"TGGGATTCATAGATCA-1","1","Tubb3",0
"TGGGCACCACCATTCA-1","1","Tubb3",0
"TGGGCACCACTAATCT-1","0","Tubb3",0
"TGGGCACCAGGAGCCT-1","5","Tubb3",0
"TGGGCAGGTAATTGGG-1","4","Tubb3",0
"TGGGCAGGTTCACTCC-1","4","Tubb3",0
"TGGGCGAGTTAGCGCC-1","2","Tubb3",1.25428290226854
"TGGGCTTAGGATCCAC-1","5","Tubb3",0
"TGGGCTTAGGTAGCAG-1","4","Tubb3",0
"TGGGCTTAGTAAGCAA-1","2","Tubb3",0
"TGGGCTTAGTATGAGA-1","1","Tubb3",0
"TGGGGCTCAAGCGGAG-1","1","Tubb3",0
"TGGGGCTCATCCGTTA-1","8","Tubb3",0
"TGGGGTAAGCATGCGT-1","5","Tubb3",0
"TGGGGTAAGGTTGGAG-1","10","Tubb3",0
"TGGGGTTTCGATGCGT-1","3","Tubb3",0
"TGGGTCACACCTAACC-1","6","Tubb3",0
"TGGGTTATCAATCCGA-1","1","Tubb3",0
"TGGGTTATCGACTAAT-1","5","Tubb3",0
"TGGGTTATCTGTGCAA-1","0","Tubb3",0
"TGGTACGCAATTGACA-1","0","Tubb3",0
"TGGTACGCACATGAGT-1","2","Tubb3",0
"TGGTACGCATTGGAAC-1","0","Tubb3",0
"TGGTAGCTCCAATTCC-1","15","Tubb3",0
"TGGTAGGAGCGGATGA-1","4","Tubb3",0
"TGGTAGGAGGTCAAGG-1","3","Tubb3",0
"TGGTAGGAGTGAAGCG-1","0","Tubb3",1.0102981868934
"TGGTATTAGCCTGAGT-1","0","Tubb3",0
"TGGTCAATCCTTCAGT-1","3","Tubb3",2.76279949914037
"TGGTCAATCGATAGCC-1","9","Tubb3",0
"TGGTCACAGGAATTAG-1","0","Tubb3",0
"TGGTCACAGGGCTCTG-1","6","Tubb3",0
"TGGTCCTCAAATGCAC-1","0","Tubb3",0.573943452501444
"TGGTCCTCAAGTTAGC-1","3","Tubb3",0
"TGGTCCTCACCAGCTT-1","13","Tubb3",0
"TGGTCCTCATCACATT-1","4","Tubb3",0.53550787070812
"TGGTCTAAGCATAGGG-1","8","Tubb3",0
"TGGTCTAAGGTTCGTA-1","2","Tubb3",0
"TGGTGGTTCCCAGGAT-1","4","Tubb3",0
"TGGTGTTGTGGAGCAT-1","3","Tubb3",0
"TGGTGTTGTTAGACAG-1","7","Tubb3",1.08932156973251
"TGGTTAACACTTCAAT-1","4","Tubb3",0.659844813238352
"TGGTTACGTTTGACCG-1","12","Tubb3",0
"TGGTTATAGCGACTTA-1","5","Tubb3",0
"TGGTTCAAGATAGACA-1","0","Tubb3",0
"TGGTTCAAGCTATCTC-1","1","Tubb3",1.07906790552671
"TGGTTCAAGTTACAGT-1","7","Tubb3",0
"TGTAACCGTTACACCG-1","2","Tubb3",0.760316066133092
"TGTACCCCAGCTATGG-1","5","Tubb3",0
"TGTACCCCAGGTAATC-1","0","Tubb3",0
"TGTACCCCATTCGCGT-1","0","Tubb3",0
"TGTACCGGTCTAGCGC-1","5","Tubb3",0.774223387168404
"TGTACCTTCTAACCTC-1","0","Tubb3",0
"TGTACGATCCCGTTCA-1","2","Tubb3",0
"TGTACTTCATCGGTTC-1","3","Tubb3",0
"TGTAGAGGTAACTCCG-1","1","Tubb3",0
"TGTAGAGGTATGTCCG-1","0","Tubb3",1.27350078737583
"TGTAGAGGTGCGTGTC-1","0","Tubb3",0.781668438674256
"TGTAGCATCAATCGGC-1","11","Tubb3",0
"TGTAGCCAGATAGGTA-1","3","Tubb3",0
"TGTAGCCAGTAATCCG-1","2","Tubb3",0
"TGTAGCTGTTGCCTCT-1","6","Tubb3",0
"TGTAGTTAGCTAGTCA-1","0","Tubb3",0
"TGTAGTTAGGGTCCAT-1","0","Tubb3",0.545901418578131
"TGTATCTCAAATGGCT-1","7","Tubb3",0
"TGTATTCCAATCCAGG-1","0","Tubb3",0.901925338751984
"TGTATTGGTAATCCTA-1","0","Tubb3",0
"TGTATTGGTGACTTCG-1","12","Tubb3",0
"TGTATTGGTTGAGCAA-1","3","Tubb3",0
"TGTCACCCACAACTAA-1","0","Tubb3",0
"TGTCACTTCCCCATGC-1","8","Tubb3",0
"TGTCACTTCCCTGGCT-1","0","Tubb3",0
"TGTCACTTCCGCTGGA-1","0","Tubb3",0
"TGTCACTTCCTTCGCA-1","3","Tubb3",0
"TGTCAGGCACAGCATG-1","2","Tubb3",0
"TGTCAGGCATTACGCC-1","4","Tubb3",0.72308593864263
"TGTCATGAGCCTTCCA-1","0","Tubb3",1.21248629616441
"TGTCCAAAGCCGCATG-1","2","Tubb3",0
"TGTCCAAAGGTTAGCC-1","7","Tubb3",0
"TGTCCAGGTCAACTGT-1","2","Tubb3",0
"TGTCCAGGTCATGTGT-1","0","Tubb3",0.705574762324705
"TGTCCCATCCAGGTAC-1","7","Tubb3",0
"TGTCCCATCGACTGCG-1","6","Tubb3",0
"TGTCCCTGTGGAGCCA-1","10","Tubb3",0
"TGTCCGCTCACACACA-1","3","Tubb3",0
"TGTCCGGAGCTACCAA-1","5","Tubb3",0
"TGTCCTTAGCCAGTCG-1","1","Tubb3",0
"TGTCCTTAGCTAAGTT-1","0","Tubb3",0
"TGTCCTTAGGAGGATT-1","13","Tubb3",0
"TGTCGCCTCAATTGCG-1","1","Tubb3",0
"TGTCGTCCACTAGGAT-1","0","Tubb3",0.77033814553213
"TGTCTAAGTCTTGCGA-1","2","Tubb3",0
"TGTCTCACATAATTCC-1","9","Tubb3",0
"TGTCTGTTCAGCGACT-1","0","Tubb3",0
"TGTCTGTTCTGGATAT-1","0","Tubb3",0
"TGTCTTGCAACATCAA-1","7","Tubb3",0
"TGTGAACCAATCTGAA-1","9","Tubb3",0
"TGTGAAGGTGGGTCTC-1","1","Tubb3",0
"TGTGAGGAGATTGAAG-1","7","Tubb3",1.07676596826053
"TGTGAGGAGGCACTTA-1","0","Tubb3",0
"TGTGATTAGGATTCAT-1","0","Tubb3",0
"TGTGATTAGGTCCACG-1","6","Tubb3",0
"TGTGCAATCACACACA-1","3","Tubb3",0
"TGTGCATGTAGGTTAG-1","0","Tubb3",0
"TGTGCCCTCCGGACAT-1","0","Tubb3",0
"TGTGCCTCATGGCAAT-1","1","Tubb3",0.474953665316213
"TGTGCGCGTAACGAGC-1","1","Tubb3",0
"TGTGCTGGTGGCCTAC-1","1","Tubb3",0
"TGTGGTCAGTGATCTG-1","3","Tubb3",0
"TGTGGTTGTGAGGCTG-1","6","Tubb3",0
"TGTGTTAGTAAGTTCC-1","13","Tubb3",0
"TGTGTTAGTTAGCAGA-1","5","Tubb3",0.75501807366795
"TGTGTTGAGCATATCG-1","3","Tubb3",0
"TGTGTTGAGCTAGTAT-1","5","Tubb3",0
"TGTGTTGAGGAGGTTG-1","5","Tubb3",0
"TGTGTTGAGTCAGCGT-1","7","Tubb3",0.819283897221553
"TGTGTTGAGTCATGGC-1","0","Tubb3",0
