"","myAUC","avg_diff","power","avg_log2FC","pct.1","pct.2"
"Usp29",0.874,1.18988428295587,0.748,2.25033534675037,0.942,0.488
"Meg3",0.852,0.719222069523858,0.704,1.05276077005766,1,0.904
"Snhg11",0.838,0.644108126381065,0.676,0.96823258737068,0.998,0.811
"Dpp6",0.822,0.882282524511033,0.644,1.37719271109755,0.996,0.735
"Nhs",0.8,0.946334300281547,0.6,2.29621529184935,0.763,0.208
"Lhfpl3",0.797,0.697170382242066,0.594,1.16242650688275,0.884,0.492
"Snhg14",0.784,0.55563219275932,0.568,0.880556613492404,0.991,0.758
"5330434G04Rik",0.775,0.65399770124495,0.55,1.27916927169682,0.893,0.555
"Grip1",0.77,0.495712552721532,0.54,0.781072088124668,0.953,0.674
"Rian",0.768,0.573992686113743,0.536,0.93868928473474,0.991,0.722
"C130073E24Rik",0.763,1.15914364499829,0.526,2.69298027494589,0.654,0.165
"Snrpn",0.763,0.702110122548913,0.526,1.77033874793113,0.763,0.339
"Galnt13",0.761,0.729430680200486,0.522,1.2341229082267,0.946,0.666
"Cep112",0.76,1.01924625361776,0.52,2.05119201631364,0.743,0.366
"Grb10",0.759,0.600575358089741,0.518,1.44488941287859,0.797,0.403
"Cdh18",0.75,0.840505203410478,0.5,1.34469493390535,0.893,0.574
"A230006K03Rik",0.749,0.621823714636873,0.498,1.08176326318487,0.922,0.574
"Dscam",0.747,0.519621129785375,0.494,0.828501926589485,0.942,0.673
"Xkr6",0.746,0.562638549311951,0.492,1.06855750772848,0.917,0.58
"Rit2",0.745,0.644808512674353,0.49,1.23073190999937,0.902,0.601
"Vat1l",0.745,0.748056274309971,0.49,2.32559309086006,0.609,0.153
"Kcnip1",0.744,0.939170348810495,0.488,2.18133297653301,0.634,0.147
"A230057D06Rik",0.744,0.544949537469164,0.488,0.902522998426531,0.971,0.769
"Rmst",0.743,1.24138330463872,0.486,2.40212815599413,0.643,0.204
"Rbms3",0.743,0.876406240542903,0.486,1.49494275530471,0.857,0.518
"Agbl4",0.743,0.554454752315801,0.486,0.890315777633522,0.962,0.703
"Cntnap2",0.742,0.642294630375817,0.484,0.951194244591469,0.993,0.803
"Cdr1os",0.741,0.500662351121202,0.482,0.816485565232147,0.982,0.744
"B830012L14Rik",0.74,0.564619585421513,0.48,1.15197533874351,0.875,0.571
"Ank1",0.74,0.625610053565885,0.48,1.87840710307066,0.665,0.243
"Camk2d",0.737,0.564089638609422,0.474,1.0703804141634,0.875,0.465
"C530008M17Rik",0.736,0.602140321426082,0.472,1.37812356958601,0.788,0.398
"Inpp4b",0.735,0.820568523223711,0.47,1.38397563003143,0.821,0.442
"A330076H08Rik",0.735,0.552506702962194,0.47,1.1175276699976,0.888,0.602
"Dner",0.728,0.613171001293246,0.456,1.32391625355427,0.766,0.363
"Ttc3",0.726,0.433565597583336,0.452,0.710249404790579,0.998,0.833
"Ahi1",0.726,0.578969805793821,0.452,1.00968192739857,0.944,0.721
"Galntl6",0.726,0.691604529111524,0.452,1.05242416671423,0.908,0.577
"Grid2",0.724,0.743123700471898,0.448,1.13677940880899,0.931,0.81
"Syn3",0.722,0.530213489419891,0.444,1.06661838795215,0.864,0.529
"Nova1",0.72,0.625654467140333,0.44,1.35103482322258,0.775,0.471
"Cacna2d2",0.719,0.650099699038536,0.438,2.35045742958452,0.556,0.138
"Tenm1",0.718,0.690937985999214,0.436,1.16018266562246,0.879,0.619
"Slc8a3",0.716,0.520971357140804,0.432,1.11444666978777,0.824,0.459
"Zfhx3",0.716,0.859980489918361,0.432,1.57258054847048,0.665,0.275
"Camta1",0.715,0.478360433164719,0.43,0.812393795825732,0.971,0.779
"Gnas",0.715,0.550207128331715,0.43,1.21528356894652,0.761,0.457
"Tro",0.714,0.50975325894481,0.428,1.55000544281893,0.681,0.328
"Frmd4a",0.714,0.344197227536783,0.428,0.527579545163027,0.996,0.857
"Ankrd55",0.713,0.648291576480596,0.426,2.97123049509515,0.496,0.076
"Fam155a",0.712,0.511338014493698,0.424,0.761925218308131,0.998,0.794
"Peg3",0.712,0.47552358836102,0.424,0.97926433111514,0.844,0.564
"Gap43",0.711,0.555789284912723,0.422,1.50634383357119,0.679,0.337
"Ccser1",0.711,0.460089636774427,0.422,0.71129064464569,0.991,0.822
"Robo1",0.708,0.641418017806136,0.416,0.990818988725461,0.935,0.729
"Asic2",0.706,0.83123383955967,0.412,1.25625696213169,0.946,0.768
"Ccdc85a",0.706,0.493933531785914,0.412,0.908192987179015,0.884,0.594
"Rab3c",0.705,0.654956576500267,0.41,1.3007561776508,0.754,0.474
"Kif26b",0.704,0.66330543844165,0.408,1.81084345777464,0.623,0.275
"Slc35f1",0.703,0.552472075279415,0.406,0.931838233405278,0.917,0.634
"Atp1a3",0.703,0.461674740203002,0.406,1.04470206328204,0.812,0.537
"Osbpl9",0.703,0.39285848873997,0.406,0.791685622291884,0.879,0.609
"Grin3a",0.702,0.590888451094833,0.404,1.40838293039217,0.607,0.211
"Btbd11",0.7,0.562283819738043,0.4,1.74109052435536,0.531,0.123
"Tenm3",0.7,0.672060876692255,0.4,1.08993273895845,0.882,0.653
"Rnpc3",0.698,0.39807542982729,0.396,0.965090080003504,0.775,0.45
"Gabrg3",0.696,0.588198675533728,0.392,0.93735041898079,0.873,0.626
"Mtss1",0.695,0.300027340353065,0.39,0.70710250274089,0.739,0.357
"Map2",0.695,0.360852844884852,0.39,0.59814971812496,0.98,0.814
"Cplane1",0.692,0.388148680662465,0.384,0.730163836399851,0.946,0.711
"Pcdh15",0.691,0.6453287157788,0.382,1.02094403705803,0.837,0.573
"Lingo2",0.691,0.498944981396192,0.382,0.748381646361147,0.958,0.733
"Nkain3",0.69,0.686847539266314,0.38,1.28839319034346,0.694,0.372
"Upp2",0.69,0.432099451907392,0.38,0.798559395301494,0.926,0.679
"Alk",0.689,0.727316791394995,0.378,1.74242587632101,0.54,0.169
"Olfm3",0.688,0.642208703729338,0.376,1.31099267351268,0.661,0.345
"Scn9a",0.688,0.619235111546244,0.376,2.82474179128145,0.46,0.104
"Celf4",0.686,0.403974688331397,0.372,0.679320532383802,0.949,0.684
"Rims2",0.686,0.390992259835087,0.372,0.616869000614289,0.989,0.799
"Fstl5",0.686,0.938335712994702,0.372,2.06727943422444,0.589,0.29
"Kcnn2",0.685,0.436070181651487,0.37,0.853264301788577,0.826,0.547
"Cntnap4",0.684,0.579964930463232,0.368,1.29896186254203,0.603,0.258
"Mdga2",0.683,0.335966299149022,0.366,0.503671211434964,0.996,0.919
"Ptprn2",0.682,0.4025254645898,0.364,0.640934487293818,0.996,0.755
"Epb41l3",0.681,0.390957523158226,0.362,0.725783624712984,0.897,0.662
"Kcnc2",0.681,0.242050699236207,0.362,0.424183561834387,0.772,0.437
"Arhgap18",0.681,0.502373792700656,0.362,1.46916645151306,0.58,0.257
"Gria4",0.681,0.363332674770593,0.362,0.571463324808108,0.967,0.781
"Osbpl6",0.68,0.425552737384284,0.36,0.813394844117341,0.866,0.654
"Nxph1",0.679,0.491557916817652,0.358,0.833834292728243,0.598,0.239
"Gad2",0.679,0.587814202180825,0.358,1.71472579772124,0.52,0.171
"Lsamp",0.678,0.398299875750754,0.356,0.582227395620619,1,0.926
"Fchsd2",0.678,0.224393678288603,0.356,0.452223526341422,0.837,0.563
"Nalcn",0.677,0.351350476374814,0.354,0.63322092488092,0.962,0.731
"Traf3",0.677,0.394408508895576,0.354,1.06575727160785,0.65,0.345
"Mirg",0.676,0.396646334572787,0.352,1.15893247663975,0.652,0.367
"Sgcd",0.676,0.722063443607904,0.352,1.19154364920281,0.812,0.54
"Lin28b",0.676,0.45654249807761,0.352,1.45441918713161,0.587,0.282
"Tmem130",0.676,0.469285545181179,0.352,1.83625550503851,0.516,0.205
"Patj",0.676,0.432475286526239,0.352,1.30819069773287,0.605,0.302
"Elavl4",0.675,0.463858136609341,0.35,1.09158493034271,0.694,0.414
"Ablim3",0.673,0.442726252407313,0.346,1.45564143182206,0.569,0.267
"Parp8",0.673,0.315215189848187,0.346,0.704885200300206,0.761,0.476
"Cntnap5a",0.673,0.559831821913572,0.346,0.912611868820202,0.824,0.534
"Rasgrf1",0.672,0.402886297822635,0.344,0.750233944306525,0.855,0.637
"Ttc28",0.672,0.162068264511226,0.344,0.37918818483649,0.69,0.317
"Cacna1b",0.672,0.371950458500498,0.344,0.743587002665211,0.862,0.606
"Sdk1",0.671,0.557388496571238,0.342,1.06696505715158,0.67,0.359
"Elavl2",0.671,0.640091086298984,0.342,1.26220415442247,0.714,0.466
"Plcb4",0.671,0.3416748107446,0.342,0.666763537346407,0.766,0.46
"Aff2",0.669,0.510533878175259,0.338,1.09814956935112,0.719,0.468
"Snap91",0.669,0.334836845529452,0.338,0.633147125147437,0.902,0.685
"Cdh8",0.669,0.564762915156752,0.338,0.971973778038018,0.808,0.565
"Gm45323",0.669,0.697112555513072,0.338,2.76807948230624,0.411,0.08
"Unc5d",0.669,0.593130981517794,0.338,0.94651958735976,0.812,0.539
"Dzank1",0.669,0.399220276901331,0.338,1.02960658845655,0.71,0.456
"Mgat4c",0.668,0.670224854659957,0.336,1.06913326162403,0.815,0.607
"Tshz2",0.668,0.218266262716234,0.336,0.422194924006829,0.583,0.229
"Klf12",0.667,0.292404351982043,0.334,0.50421675644904,0.938,0.737
"Spock3",0.667,0.308738875421457,0.334,0.534649276324358,0.855,0.558
"Ctnna2",0.667,0.390656698492935,0.334,0.58843015197067,0.998,0.89
"Dpysl5",0.667,0.428414856622664,0.334,1.93735277976567,0.46,0.137
"Gm10125",0.666,0.373317541521294,0.332,1.07037847717873,0.605,0.311
"Csmd3",0.666,0.370674091993604,0.332,0.564594305726077,0.969,0.87
"Pbx3",0.666,0.827143045015377,0.332,1.67490617226379,0.576,0.287
"Pld5",0.666,0.794418287580719,0.332,1.95823342036375,0.498,0.182
"Ece2",0.665,0.407616341369684,0.33,1.90360333960414,0.455,0.146
"6330411D24Rik",0.664,0.811425928973188,0.328,2.70806724318032,0.388,0.064
"Cdh4",0.664,0.685471734834887,0.328,1.67510312674068,0.549,0.276
"Slc24a3",0.664,0.443277704019337,0.328,0.791557254144103,0.81,0.577
"Gmds",0.663,0.294319139228678,0.326,0.589330311091443,0.853,0.631
"Tnrc6a",0.663,0.263728778726448,0.326,0.518298197993216,0.879,0.691
"Amy1",0.663,0.318276389086098,0.326,0.907441590944228,0.629,0.347
"Gabra3",0.662,0.412236573104941,0.324,1.18558878688643,0.609,0.334
"Tmem117",0.662,0.283920401067157,0.324,0.62620849234528,0.766,0.486
"Pde4d",0.662,0.32187352385328,0.324,0.492931817512555,0.989,0.807
"Zfp618",0.662,0.437291607730835,0.324,1.82562176974747,0.46,0.16
"Zfhx4",0.661,0.503569545762257,0.322,1.31419215357137,0.556,0.263
"Htr2c",0.66,0.684329746262295,0.32,1.33675194626547,0.525,0.254
"Pak3",0.659,0.360706340854703,0.318,0.660827586833177,0.911,0.689
"Tmem91",0.659,0.393578498195519,0.318,2.2918889839147,0.406,0.103
"Tmx4",0.659,0.325595920347252,0.318,0.84880547225103,0.692,0.442
"Ksr2",0.658,0.331772555130692,0.316,0.636825874745515,0.902,0.657
"Stau2",0.658,0.314302935314935,0.316,0.610628323053907,0.893,0.678
"Dclk2",0.657,0.301454156875625,0.314,0.703171491405133,0.754,0.502
"Pgap1",0.657,0.339513873892483,0.314,0.976350247648675,0.614,0.339
"Fndc3a",0.656,0.341557879998713,0.312,0.770285964655911,0.75,0.518
"Arhgap24",0.656,0.62682365101217,0.312,1.78961048821073,0.438,0.132
"Pclo",0.656,0.320413901526889,0.312,0.541227926144022,0.962,0.773
"Scn3a",0.655,0.402379696343373,0.31,0.915690819271032,0.75,0.517
"Rgs17",0.654,0.379044173619183,0.308,0.971169939735081,0.674,0.414
"Tox2",0.654,0.380456654156057,0.308,1.61048143554266,0.444,0.142
"Nipal2",0.653,0.36175329447514,0.306,1.06114932156067,0.598,0.332
"Cox16",0.653,0.287879362487886,0.306,0.550450776193657,0.911,0.709
"Rev3l",0.653,0.258650904099773,0.306,0.506907988878667,0.868,0.679
"Sgcz",0.653,0.559170725212019,0.306,0.842628279293997,0.913,0.718
"Zcchc18",0.652,0.360930069018275,0.304,1.36792536828684,0.511,0.248
"Plcxd3",0.651,0.491866082577338,0.302,1.29202845544612,0.536,0.245
"Atp8a2",0.651,0.317441969040863,0.302,0.586981126259026,0.879,0.669
"Ankfn1",0.651,0.85359158973029,0.302,2.50374869427246,0.402,0.112
"Sgsm1",0.651,0.401651385957781,0.302,1.39524633929049,0.529,0.269
"Bend6",0.651,0.412507976386347,0.302,1.22206537782567,0.583,0.338
"Akap6",0.65,0.264679623220146,0.3,0.435539558497382,0.98,0.839
"Vsnl1",0.65,0.362055035703323,0.3,0.724715815699135,0.804,0.563
"Hs3st5",0.65,0.586727400368284,0.3,1.334684863117,0.589,0.34
"Zkscan16",0.65,0.371232096983268,0.3,1.40392460505256,0.502,0.246
"Trpm3",0.649,0.267409349313,0.298,0.409792994097075,0.79,0.557
"Samd4",0.649,0.179547518334112,0.298,0.426507580788124,0.647,0.354
"Grid1",0.649,0.356479506552087,0.298,0.589480687524393,0.938,0.762
"Abat",0.647,0.295965425023113,0.294,0.926213915123135,0.56,0.272
"Dgkb",0.647,0.342536240620306,0.294,0.549372553203567,0.917,0.654
"Acadsb",0.647,0.280079225244136,0.294,0.765879261556192,0.643,0.402
"Zfp804b",0.647,0.888621056061052,0.294,1.52509132012174,0.585,0.345
"Stmn2",0.647,0.309225900389559,0.294,0.889969302992679,0.621,0.363
"Dzip3",0.646,0.28505103926805,0.292,0.6288383174873,0.799,0.596
"Pkia",0.646,0.316864307514674,0.292,0.737262472245553,0.734,0.536
"Map1b",0.645,0.282353291194364,0.29,0.51009990107875,0.924,0.695
"Wsb1",0.645,0.279194497694477,0.29,0.748254857173854,0.629,0.381
"Zfp423",0.645,0.361852729054434,0.29,1.27579738850381,0.446,0.162
"Ralyl",0.645,0.370103328083307,0.29,0.568998574611,0.964,0.748
"Bicd1",0.644,0.267102446736494,0.288,0.503930864356616,0.922,0.723
"Clstn3",0.644,0.286948064752199,0.288,0.924471958290474,0.598,0.353
"Mast2",0.644,0.295812886312396,0.288,0.679105919532124,0.754,0.543
"Vwc2l",0.644,0.663315137470523,0.288,1.6636749351943,0.438,0.161
"Prepl",0.643,0.284716791068037,0.286,0.778518384088997,0.681,0.44
"Gm45341",0.643,0.510826979242899,0.286,2.71307056677163,0.342,0.059
"Akap9",0.643,0.231048034831711,0.286,0.48170627501207,0.828,0.62
"Fgf12",0.642,0.262525874637296,0.284,0.401205113237806,0.993,0.817
"Map2k4",0.642,0.281747326306701,0.284,0.574926822966698,0.855,0.652
"Ranbp17",0.642,0.269053195398461,0.284,0.674658570822736,0.674,0.438
"Gm9801",0.642,0.282768661150412,0.284,0.720615142968347,0.708,0.489
"Esrrg",0.642,0.398562498201902,0.284,0.740113125488211,0.783,0.541
"Kif1a",0.642,0.224763049948333,0.284,0.483081321343761,0.853,0.617
"A330008L17Rik",0.641,0.676843036042013,0.282,1.58420831146611,0.54,0.305
"Gtf2ird1",0.641,0.260434421727436,0.282,0.765844585108412,0.614,0.361
"Dtd1",0.641,0.286571802960164,0.282,0.691647119082305,0.719,0.488
"Astn1",0.641,0.291089404854055,0.282,0.524998274169031,0.933,0.732
"Apex2",0.64,0.267390952247883,0.28,0.706361081392618,0.683,0.457
"Nexmif",0.64,0.387780035949406,0.28,1.05103361520071,0.605,0.378
"Ftx",0.64,0.274434613140141,0.28,0.550326692040889,0.873,0.656
"Baiap3",0.64,0.478701639110242,0.28,4.00860503563675,0.297,0.017
"Insyn2b",0.64,0.467819737066975,0.28,3.25821694124768,0.317,0.04
"Hmgcll1",0.64,0.325686783352122,0.28,0.736892462042418,0.757,0.537
"Jazf1",0.64,0.32273987298825,0.28,0.622932921618235,0.853,0.647
"Tmem255a",0.639,0.383890438761606,0.278,2.91607486403786,0.321,0.046
"Gaa",0.639,0.321675595295578,0.278,1.56153283942841,0.417,0.158
"Kif5a",0.639,0.298960949380374,0.278,0.79792218863293,0.661,0.45
"9330182L06Rik",0.639,0.274598951778195,0.278,0.701037259161088,0.658,0.432
"Gm26691",0.639,0.352790150319241,0.278,0.877710713574716,0.641,0.383
"Kctd8",0.638,0.813620097717277,0.276,1.78833606970574,0.489,0.23
"Frmd3",0.638,0.360806097583486,0.276,1.12121789411567,0.554,0.326
"Nrxn2",0.637,0.236754405751992,0.274,0.606661769638458,0.667,0.442
"Jakmip2",0.637,0.26246144313555,0.274,0.522133534318684,0.893,0.665
"Vwc2",0.637,0.529492755582619,0.274,1.59391709957458,0.408,0.142
"Scn1a",0.637,0.306355782042045,0.274,0.575910835705983,0.879,0.65
"Dcc",0.636,0.386488850199404,0.272,0.594743827323978,0.895,0.735
"Mblac2",0.636,0.310987878934646,0.272,0.911023601887932,0.594,0.378
"Xpr1",0.636,0.272090715542449,0.272,0.579273229259418,0.808,0.6
"Zwint",0.635,0.299305561816356,0.27,0.866702280092932,0.603,0.391
"Klhdc10",0.635,0.275535753341218,0.27,0.602988697308631,0.786,0.598
"Sfmbt2",0.635,0.435969285480814,0.27,2.07149786196135,0.375,0.118
"Sntg1",0.635,0.348214017181379,0.27,0.551511549778254,0.975,0.752
"Sncaip",0.634,0.251612836298561,0.268,0.831119314086725,0.455,0.185
"Lrch1",0.634,0.119854278734052,0.268,0.258327674672867,0.743,0.515
"Rapgef6",0.634,0.233743342370448,0.268,0.466479456787206,0.844,0.672
"Iqsec3",0.634,0.37748719699466,0.268,1.34159735663647,0.489,0.269
"Cntn6",0.634,0.466457937354691,0.268,0.970489427033121,0.605,0.393
"Zranb2",0.634,0.2446059411782,0.268,0.471327042206804,0.891,0.719
"Sec24b",0.634,0.261934428802941,0.268,0.614852643893467,0.743,0.55
"Tenm2",0.633,0.360173084489122,0.266,0.533568993162689,0.98,0.823
"Slco3a1",0.633,0.261083211210539,0.266,0.58594177715636,0.694,0.488
"Gprasp2",0.632,0.31756561362703,0.264,1.69921227496608,0.386,0.141
"Hs6st2",0.632,0.388514812706865,0.264,0.9361990635797,0.609,0.391
"Pdzrn4",0.632,0.546129880048968,0.264,1.01017730354553,0.683,0.478
"Gng2",0.632,0.235290816747754,0.264,0.626257890717957,0.632,0.396
"Gabrb3",0.632,0.28221980119047,0.264,0.454686700068616,0.989,0.753
"Klhl32",0.632,0.31314372722973,0.264,0.727985114478579,0.663,0.456
"Lrrc49",0.631,0.259640772370883,0.262,0.641173452512479,0.692,0.491
"Cntn5",0.631,0.433882877179796,0.262,0.666243717137915,0.884,0.686
"Dync2h1",0.631,0.254412538528917,0.262,0.560435603447369,0.79,0.584
"Tcerg1l",0.631,0.45807678165356,0.262,2.13459495809366,0.355,0.101
"Ptpro",0.631,0.354345988750574,0.262,1.00770381965394,0.518,0.272
"Gm13629",0.631,0.453790053726953,0.262,1.56259349014237,0.429,0.184
"Nav1",0.631,0.228866317624843,0.262,0.495928023638795,0.743,0.54
"Thsd7b",0.631,0.530444824102931,0.262,1.01611915226222,0.576,0.324
"Pdzd4",0.63,0.276150930815377,0.26,0.822419549991007,0.609,0.402
"Ctif",0.63,0.229432752715176,0.26,0.517553012799879,0.741,0.543
"Rab27b",0.63,0.40412431144883,0.26,1.17851287557676,0.54,0.31
"Nrxn3",0.63,0.313596029594049,0.26,0.459843692615335,0.964,0.869
"Myt1l",0.63,0.242196082573083,0.26,0.388967381141971,0.98,0.747
"Hap1",0.63,0.36739320649445,0.26,1.85676913710735,0.375,0.135
"Arhgap44",0.63,0.248115940043136,0.26,0.571278294992597,0.754,0.534
"Tmem178b",0.63,0.19515960076208,0.26,0.312186513293168,0.987,0.822
"Gm1043",0.63,0.263801103418223,0.26,0.767167671800276,0.632,0.407
"Enah",0.63,0.198250861001877,0.26,0.379826698456043,0.873,0.68
"Gprasp1",0.629,0.235956214555347,0.258,0.513630098496262,0.815,0.62
"Eml6",0.629,0.265013101202002,0.258,0.465868203775087,0.935,0.77
"Srgap1",0.629,0.198167036903157,0.258,0.430349559543582,0.654,0.38
"Pcdh19",0.628,0.41167882080652,0.256,1.36136223382641,0.44,0.202
"Nek1",0.628,0.19146540228204,0.256,0.460805592545178,0.746,0.533
"Kcnq1ot1",0.628,0.241393462996933,0.256,0.414489225823008,0.953,0.797
"Astn2",0.628,0.288077683439081,0.256,0.478883501346161,0.853,0.633
"Smyd3",0.628,0.205426648395621,0.256,0.359901695584299,0.942,0.764
"Nyap2",0.628,0.244522803109448,0.256,0.468357821063912,0.848,0.587
"Gnal",0.627,0.18070933833166,0.254,0.438471572032889,0.654,0.397
"Gm26917",0.627,0.202175019333986,0.254,0.341043934845358,0.96,0.865
"Rtn1",0.627,0.232804480385252,0.254,0.425907191836451,0.951,0.728
"Ube3a",0.627,0.247520529175295,0.254,0.495803818323254,0.875,0.69
"Chrm2",0.627,0.73330330531305,0.254,1.9822879911022,0.415,0.181
"A530058N18Rik",0.627,0.333851834556306,0.254,2.2879529281728,0.317,0.064
"Slc9a7",0.626,0.248033682696813,0.252,0.688836445014261,0.629,0.426
"Lrfn5",0.626,0.255784932683023,0.252,0.403497730348704,0.962,0.742
"Klhl1",0.625,0.676013665234163,0.25,2.40906486468003,0.364,0.132
"Grik2",0.625,0.346377311303722,0.25,0.53086901911435,0.971,0.882
"Cdh13",0.625,0.496936740291391,0.25,0.897950429378525,0.638,0.43
"Epha10",0.625,0.307228016167963,0.25,1.07369563504697,0.496,0.27
"Slc7a14",0.625,0.293727299319222,0.25,0.741295848800863,0.643,0.421
"Nf1",0.624,0.169726536371305,0.248,0.314796561350311,0.924,0.774
"Kmt2a",0.624,0.193503296470824,0.248,0.386241165257923,0.882,0.706
"N4bp2",0.624,0.299439975124647,0.248,1.41253275013361,0.366,0.122
"Dock7",0.624,0.224387857818104,0.248,0.466929302097202,0.815,0.622
"Epb41l1",0.624,0.230955665543993,0.248,0.563382155938954,0.719,0.511
"Hacd1",0.624,0.299307957450693,0.248,1.01214755836955,0.504,0.291
"1700025G04Rik",0.624,0.230067252229255,0.248,0.506561493650614,0.75,0.559
"Dpysl3",0.623,0.284316516492307,0.246,1.17612057506957,0.415,0.184
"Rbfox2",0.623,0.231056868659061,0.246,0.404856665855199,0.964,0.79
"Scg5",0.623,0.240507147865137,0.246,0.614763254636124,0.688,0.494
"Greb1l",0.622,0.323247865262873,0.244,0.976897961386664,0.516,0.293
"Unc79",0.622,0.252483592462685,0.244,0.452420684424518,0.944,0.72
"Ankrd24",0.622,0.298398414352104,0.244,1.42130466203974,0.397,0.168
"Lrp8",0.622,0.242500713231409,0.244,0.909522448826456,0.48,0.259
"Cntnap5b",0.622,0.556565473049826,0.244,1.04240331875768,0.638,0.466
"Erbb4",0.622,0.237632746344007,0.244,0.363958435416099,0.694,0.499
"Lonrf2",0.622,0.26341096140585,0.244,0.863676882242815,0.549,0.36
"Fhl1",0.621,0.226578133067529,0.242,0.905454615242684,0.44,0.213
"Slc38a1",0.621,0.245867718853814,0.242,0.745451752888553,0.551,0.351
"Spock2",0.621,0.16238161488529,0.242,0.466523903002907,0.587,0.389
"Samd5",0.621,0.342385829843513,0.242,0.773736002283413,0.612,0.392
"Cmip",0.621,0.191787599985445,0.242,0.398100318041535,0.83,0.653
"Gabra2",0.621,0.304596362836378,0.242,0.552667131432475,0.837,0.627
"Focad",0.621,0.284345225682882,0.242,0.542791604608463,0.864,0.676
"Epb41l4b",0.621,0.281894095122184,0.242,0.709957246491091,0.632,0.419
"Csrnp3",0.621,0.24482091787213,0.242,0.453864180994394,0.879,0.695
"Dennd1b",0.621,0.191909808329456,0.242,0.433783121625893,0.748,0.553
"Grik1",0.62,0.385663201048475,0.24,0.728367737285965,0.502,0.261
"Elavl3",0.62,0.19432519586954,0.24,0.426491569898441,0.783,0.597
"Rerg",0.62,0.367025252490273,0.24,1.59731920451786,0.353,0.113
"Grm8",0.62,0.471758017342576,0.24,0.801728488102926,0.685,0.48
"Zfp462",0.62,0.170232985528192,0.24,0.3700330328096,0.725,0.492
"Sclt1",0.62,0.206284938019701,0.24,0.44122012977236,0.79,0.614
"Macrod2",0.62,0.240142531438672,0.24,0.365206214919382,0.998,0.865
"Brinp3",0.62,0.21699017183271,0.24,0.361960495834626,0.799,0.582
"Usp9x",0.619,0.186074103208443,0.238,0.385411958682646,0.833,0.661
"Stk38",0.619,0.171875523597372,0.238,0.46803912715609,0.643,0.437
"Glra3",0.619,0.467766336833269,0.238,2.61762821745486,0.308,0.079
"Ankrd17",0.619,0.201662170253213,0.238,0.366741057082874,0.938,0.792
"Hspa4l",0.619,0.247416827664778,0.238,0.726212839003093,0.58,0.38
"Ralgapa2",0.619,0.242877662394991,0.238,0.454447412235718,0.844,0.709
"Casc4",0.619,0.208226399844693,0.238,0.467652018154054,0.783,0.589
"Nrp2",0.619,0.398451261021732,0.238,1.21244009302004,0.444,0.23
"Map7d2",0.618,0.268950817760101,0.236,0.708708036908315,0.643,0.469
"Evl",0.618,0.207949476268864,0.236,0.530963030554133,0.67,0.483
"Vezt",0.618,0.19110827871963,0.236,0.437169499267811,0.775,0.58
"Wwox",0.618,0.172952653164391,0.236,0.301859761697279,0.866,0.699
"Gm17276",0.617,0.256216045371137,0.234,1.28137652566316,0.388,0.166
"Dip2c",0.617,0.209244813451059,0.234,0.344921095817181,0.982,0.841
"Helz",0.617,0.193914741409066,0.234,0.437207336519267,0.775,0.585
"Cers4",0.617,0.239365167286092,0.234,0.780602155122893,0.542,0.346
"Syt9",0.617,0.679779743191538,0.234,2.52315943447366,0.353,0.131
"Copg2",0.617,0.215607874859938,0.234,0.536569345842507,0.69,0.499
"Mtus2",0.617,0.285387855497088,0.234,0.56084393337639,0.81,0.63
"Gabrg1",0.617,0.353934243749261,0.234,1.87796198587681,0.308,0.076
"Frmpd3",0.616,0.278875581044913,0.232,1.13025882998047,0.422,0.201
"9630014M24Rik",0.616,0.360575717759143,0.232,1.16042297406197,0.433,0.214
"Atxn10",0.616,0.20397814153467,0.232,0.461351738438977,0.775,0.588
"Adarb2",0.616,0.286056806393906,0.232,0.450425409471042,0.565,0.368
"Gm26871",0.616,0.366276913894193,0.232,0.600092604285143,0.85,0.681
"Gkap1",0.615,0.164603790346652,0.23,0.599260664946138,0.451,0.224
"Gm45847",0.615,0.256774856342246,0.23,1.40298334779932,0.353,0.129
"Chd5",0.615,0.241144934333239,0.23,0.81458679753909,0.542,0.346
"A330023F24Rik",0.615,0.188899419561276,0.23,0.360380619306316,0.911,0.726
"Susd4",0.615,0.213905687629108,0.23,0.485590178272023,0.752,0.556
"Kifap3",0.615,0.215193530309395,0.23,0.454546564674764,0.815,0.65
"Ralgps2",0.615,0.225835409011276,0.23,0.619510909976527,0.621,0.435
"Pcdh17",0.614,0.298646949568175,0.228,0.670708044241867,0.629,0.43
"Gm48893",0.614,0.314431987682288,0.228,1.74097294568848,0.35,0.137
"Oprm1",0.614,0.482732304559846,0.228,2.2452913169141,0.328,0.113
"Gse1",0.614,0.180732812237765,0.228,0.486886207691824,0.609,0.413
"Ubn2",0.614,0.169197170999663,0.228,0.311207778969984,0.92,0.786
"Lmbr1",0.614,0.213658152907529,0.228,0.56057534771526,0.641,0.461
"Trp53bp1",0.614,0.215915055616514,0.228,0.570420758071201,0.652,0.474
"Gad1",0.614,0.350993988748217,0.228,1.22946625614791,0.391,0.164
"Unc13c",0.613,0.514541288319708,0.226,1.02688961044204,0.504,0.29
"Ryr3",0.613,0.163477976042883,0.226,0.27456485475909,0.837,0.59
"Sms",0.612,0.254580233605874,0.224,1.05828439768483,0.444,0.243
"Srrm2",0.612,0.154517367934539,0.224,0.26174093996053,0.975,0.873
"Xpo6",0.612,0.166868218825994,0.224,0.447489301411102,0.661,0.463
"St7",0.612,0.185835707642751,0.224,0.406824754038311,0.797,0.6
"Rufy3",0.612,0.158494378857805,0.224,0.348315213407685,0.79,0.62
"Zmym4",0.612,0.162842389693987,0.224,0.335381489857563,0.855,0.678
"Ptbp2",0.612,0.193145492856726,0.224,0.408589900254525,0.828,0.659
"Plekha6",0.612,0.223335857507682,0.224,0.548241226236733,0.688,0.501
"Prkg1",0.611,0.368351323512526,0.222,0.581174574185195,0.81,0.682
"Tango2",0.611,0.223638308077276,0.222,0.630711399218474,0.6,0.422
"Cntn1",0.611,0.193678699485266,0.222,0.319893133831767,0.98,0.794
"Prlr",0.611,0.459394026544709,0.222,2.82415689227615,0.252,0.032
"Nap1l5",0.611,0.260682571691154,0.222,1.16183167403099,0.388,0.182
"Zfp521",0.61,0.25820029333672,0.22,0.76734922317657,0.382,0.153
"Vwa8",0.61,0.179787838698962,0.22,0.371420570342221,0.777,0.644
"Wnk2",0.61,0.192972352245468,0.22,0.433982650243566,0.763,0.571
"Pitpnm3",0.61,0.281699458971116,0.22,0.969611372969511,0.493,0.312
"Dnajc6",0.61,0.192999314025183,0.22,0.364634869806158,0.864,0.707
"Abhd18",0.61,0.195813007266401,0.22,0.529471685599283,0.634,0.451
"Sorcs3",0.609,0.375573388844346,0.218,0.666509955899854,0.701,0.527
"Impact",0.609,0.193444280497219,0.218,0.517758220588132,0.632,0.454
"E230016M11Rik",0.609,0.238616534517065,0.218,0.79909823935421,0.471,0.274
"Elovl6",0.609,0.147451448860563,0.218,0.396515706895566,0.609,0.422
"Cntnap5c",0.608,0.359960986985897,0.216,0.778259601989906,0.502,0.296
"Dnmt3a",0.608,0.15596417579834,0.216,0.318386259341273,0.857,0.677
"Lrrtm4",0.608,0.169406302718616,0.216,0.251826254740978,0.967,0.792
"Adgrl3",0.608,0.22497891550725,0.216,0.344163388681033,0.993,0.873
"Ccdc30",0.608,0.276386117040073,0.216,0.831537529096085,0.549,0.379
"Sgip1",0.608,0.171724154570342,0.216,0.284864759223825,0.984,0.824
"Zmynd8",0.608,0.153205540717078,0.216,0.307700435596546,0.844,0.683
"Cep170",0.608,0.162609855013494,0.216,0.388440478890826,0.696,0.538
"Cstf2",0.607,0.241960647245794,0.214,0.797325234125572,0.527,0.346
"Fam120b",0.607,0.16963925088819,0.214,0.503936469684165,0.587,0.398
"Gpc6",0.607,0.351445675658666,0.214,0.584364373462913,0.694,0.492
"Slc4a7",0.607,0.190067895442524,0.214,0.564569749848766,0.556,0.369
"Crppa",0.607,0.1348383988817,0.214,0.368786732415274,0.571,0.372
"Nktr",0.607,0.166140579051799,0.214,0.324866116413509,0.882,0.726
"Podxl2",0.607,0.283560087802762,0.214,1.641068683477,0.333,0.132
"Ntng1",0.607,0.348224524679333,0.214,0.621717024960946,0.574,0.387
"Adar",0.607,0.216992476835067,0.214,0.563916197364684,0.672,0.498
"Pdss1",0.607,0.229639942842991,0.214,0.795905307149535,0.493,0.323
"Rtl4",0.606,0.40567136860489,0.212,0.826361729521358,0.585,0.426
"Slc17a6",0.606,0.371618976202331,0.212,1.97368889853074,0.297,0.093
"Ubr4",0.606,0.18257737077684,0.212,0.550170398292995,0.56,0.38
"Zfyve9",0.606,0.192880572634348,0.212,0.406295008569078,0.801,0.65
"Mdn1",0.606,0.19006194901083,0.212,0.491412767681712,0.647,0.492
"Kcnmb2",0.606,0.292067782149999,0.212,0.728697544951888,0.355,0.135
"Unc80",0.606,0.19472198279754,0.212,0.3379055635888,0.964,0.728
"Vwa5b2",0.605,0.260259401807981,0.21,1.07275272577404,0.433,0.246
"Tsc22d1",0.605,0.179299073976473,0.21,0.381577977529876,0.79,0.626
"Ubap1l",0.605,0.28025026878797,0.21,2.44591845175768,0.259,0.052
"Cep164",0.605,0.175370028744835,0.21,0.64096143841365,0.482,0.289
"Chd6",0.605,0.132797512562891,0.21,0.259953455303154,0.9,0.732
"Usp11",0.604,0.222740967869167,0.208,0.879662299962115,0.435,0.247
"Gm9866",0.604,0.280618370341341,0.208,1.01765788704216,0.444,0.263
"Pdcd7",0.604,0.220302458158623,0.208,1.41065643471668,0.308,0.106
"Tcaf1",0.604,0.163589654150367,0.208,0.3953364667041,0.719,0.546
"Ptprf",0.604,0.217425132547069,0.208,0.973203368302682,0.391,0.192
"Cxxc4",0.604,0.236816454781421,0.208,1.02899183310379,0.404,0.215
"Tmem131l",0.604,0.308899778651403,0.208,0.950567945367696,0.491,0.318
"Dchs2",0.604,0.344026657461476,0.208,1.54570130059971,0.321,0.117
"Prpf6",0.604,0.174100148269783,0.208,0.604553814271336,0.507,0.317
"Zfp804a",0.604,0.384106858865885,0.208,0.698719330073931,0.667,0.504
"Clasp1",0.604,0.173210706480993,0.208,0.350904467861284,0.833,0.677
"Cdh7",0.604,0.282523931971144,0.208,0.877295988326115,0.453,0.26
"Rnf25",0.604,0.209902727075115,0.208,0.956160970585387,0.395,0.202
"Prkn",0.603,0.166144186409023,0.206,0.268001757540623,0.967,0.88
"Gm1604a",0.603,0.227094487049692,0.206,0.941284968894136,0.386,0.18
"Cacna1g",0.603,0.25755941404267,0.206,1.22169023633971,0.368,0.177
"Gria1",0.603,0.202259149600955,0.206,0.315793089701712,0.922,0.754
"Dop1a",0.603,0.161521096778159,0.206,0.386492883017157,0.723,0.554
"Ptpn5",0.603,0.233919971633739,0.206,0.616576531994037,0.634,0.455
"Gabrb1",0.603,0.161487579215317,0.206,0.2543513852138,0.942,0.793
"Adam22",0.603,0.184072700347719,0.206,0.329137209936077,0.933,0.764
"Gm13052",0.603,0.260333838537872,0.206,1.01392536675523,0.415,0.221
"Usp45",0.603,0.174134000853845,0.206,0.504946441123919,0.598,0.421
"Usp33",0.603,0.1745523637959,0.206,0.454900335057113,0.645,0.493
"Scn2a",0.603,0.184723080596439,0.206,0.336967927570987,0.931,0.718
"Trip12",0.603,0.137174534660714,0.206,0.267881400663036,0.877,0.734
"Chm",0.602,0.137194263293516,0.204,0.35839998658067,0.665,0.481
"Afdn",0.602,0.157201709293833,0.204,0.321664506760483,0.848,0.666
"Pced1b",0.602,0.199898269245127,0.204,0.691684550709882,0.449,0.262
"Dzip1",0.602,0.188738911305598,0.204,0.588204425209679,0.54,0.365
"Mtmr7",0.602,0.217125411989171,0.204,0.613149873573301,0.616,0.445
"Cfap46",0.602,0.265664651809917,0.204,2.19888083615454,0.259,0.058
"Col25a1",0.602,0.77276857637563,0.204,1.60316573070136,0.444,0.291
"Zdbf2",0.602,0.319177593843865,0.204,1.77872743346046,0.319,0.13
"Kcnb2",0.602,0.229478700764028,0.204,0.37223158869434,0.882,0.683
"Rragb",0.601,0.197942912774097,0.202,0.737461467947864,0.455,0.275
"Pcdh11x",0.601,0.501675140296977,0.202,0.986955996037413,0.571,0.426
"Htr7",0.601,0.370709518402097,0.202,1.75351245406139,0.312,0.121
"Apc",0.601,0.146141875226769,0.202,0.256285559684124,0.955,0.834
"Chd8",0.601,0.165074322902931,0.202,0.457881353869968,0.621,0.45
"Slc35f4",0.601,0.241331832677885,0.202,0.474061622120823,0.741,0.534
"Cacna1d",0.601,0.17130276186566,0.202,0.305107499582268,0.931,0.738
"Eps15l1",0.601,0.133562990504548,0.202,0.353310589739434,0.645,0.472
"Zfp398",0.601,0.193670623589606,0.202,0.63308150640292,0.509,0.344
"Ephb2",0.601,0.205759981137544,0.202,0.8406752548779,0.417,0.229
"Sv2a",0.601,0.174907800001016,0.202,0.628801749021097,0.478,0.302
"Usp13",0.601,0.211441990980186,0.202,0.784679959675385,0.475,0.295
"Kif5c",0.601,0.200034243304593,0.202,0.41275284656685,0.826,0.648
"Dcx",0.6,0.210081963375462,0.2,0.551667663437462,0.614,0.429
"Spata7",0.6,0.192672880001283,0.2,0.568564674532261,0.576,0.417
"Scaper",0.6,0.130546263370622,0.2,0.258930501534619,0.871,0.714
"Ica1",0.6,0.176469477551525,0.2,0.353663491942778,0.855,0.654
"Srrm3",0.6,0.195189479244363,0.2,0.471658317535123,0.723,0.548
"Magi3",0.6,0.163933712806666,0.2,0.377954726637107,0.665,0.481
"Dpm1",0.6,0.173920605366914,0.2,0.452756008409262,0.65,0.493
"H13",0.6,0.213034392395591,0.2,0.815688613633727,0.446,0.275
"Mir670hg",0.6,0.276262575983359,0.2,1.09483139283133,0.368,0.176
"Mbd5",0.6,0.161645652927255,0.2,0.273554846893029,0.971,0.848
"Nmnat2",0.6,0.160735076242104,0.2,0.351621456646324,0.779,0.581
"Nbeal1",0.6,0.132601642047027,0.2,0.301294754114321,0.73,0.564
"Gpr45",0.6,0.22173918822688,0.2,0.67602062015271,0.542,0.367
"Prune2",0.599,0.206117443685094,0.198,0.685200451027026,0.487,0.32
"Kdm2a",0.599,0.109726827332956,0.198,0.26087964197183,0.717,0.555
"Htr4",0.599,0.231329235940074,0.198,0.723783116370859,0.415,0.208
"March3",0.599,0.299477790734613,0.198,1.02297607766486,0.366,0.173
"Itsn1",0.599,0.142673818018651,0.198,0.306545898314568,0.775,0.633
"Fgf14",0.599,0.185239035244289,0.198,0.274659914147134,0.998,0.859
"E130307A14Rik",0.599,0.168315586808521,0.198,0.356404468194179,0.775,0.628
"Clvs2",0.599,0.205671967865435,0.198,0.601997986939132,0.574,0.4
"Srgap3",0.599,0.166161456085499,0.198,0.302347426650025,0.913,0.723
"Stx16",0.599,0.17128733013221,0.198,0.511281334463156,0.551,0.373
"Slc25a12",0.599,0.1631430125792,0.198,0.357130870830826,0.775,0.624
"Acbd6",0.599,0.186845958894247,0.198,0.448531685413532,0.694,0.543
"Tmem163",0.599,0.383578973736441,0.198,1.11731645691241,0.359,0.167
"Glra2",0.598,0.387042139302004,0.196,1.74686619853666,0.306,0.12
"Map4k2",0.598,0.177904732610942,0.196,0.746360328611376,0.402,0.226
"Ptprs",0.598,0.208678406793467,0.196,0.43085982282934,0.815,0.642
"Pspc1",0.598,0.14228065510998,0.196,0.381088879838876,0.643,0.48
"Carmil1",0.598,0.13146449731088,0.196,0.281630728474776,0.746,0.582
"Dync1i1",0.598,0.182600057073979,0.196,0.330847490476133,0.877,0.683
"Klhl7",0.598,0.20647176538684,0.196,0.478202465955236,0.721,0.572
"Slc12a5",0.598,0.210137389506412,0.196,0.601086758422349,0.6,0.446
"Dock11",0.597,0.170595009511335,0.194,0.613978196598425,0.384,0.183
"Arhgap12",0.597,0.103295746276472,0.194,0.298709617873807,0.533,0.338
"Myh10",0.597,0.20474047327461,0.194,0.491349908800683,0.701,0.538
"Lrrtm3",0.597,0.236075757876033,0.194,0.414269775394368,0.837,0.641
"Cpne4",0.597,0.740665190084241,0.194,1.43923585334252,0.518,0.355
"Micu3",0.597,0.173759957952295,0.194,0.399084263698745,0.732,0.592
"Kcnc1",0.597,0.205424535220224,0.194,0.689460248940023,0.493,0.32
"Plppr1",0.597,0.204315567064979,0.194,0.479556599518018,0.56,0.37
"Arhgef11",0.597,0.141435096922961,0.194,0.37250500062723,0.629,0.461
"Kantr",0.596,0.178403107831864,0.192,0.682507078212934,0.44,0.264
"Paxbp1",0.596,0.139566920072205,0.192,0.358427714011549,0.661,0.505
"Hira",0.596,0.183759425458453,0.192,0.480418023692131,0.645,0.482
"Dlg5",0.596,0.195434356595545,0.192,0.820625377556569,0.379,0.199
"Cadps",0.596,0.179674506192165,0.192,0.281153609861033,0.978,0.803
"Ndufs4",0.596,0.179327687129023,0.192,0.455402608663879,0.663,0.514
"Ttc8",0.596,0.171705544941686,0.192,0.465939727083162,0.618,0.465
"Rab27a",0.596,0.2429584925725,0.192,1.493463620341,0.29,0.104
"Zfp612",0.596,0.241443184621399,0.192,1.23000030072933,0.348,0.169
"Sergef",0.596,0.200067678387927,0.192,0.552123072372799,0.6,0.436
"Eml2",0.596,0.151563071846579,0.192,0.475876519513102,0.536,0.371
"Clvs1",0.596,0.20621806514287,0.192,0.455078746320733,0.717,0.553
"Lrrc4c",0.596,0.266985793628168,0.192,0.400421124161014,0.958,0.887
"Sec61a2",0.596,0.153477367865896,0.192,0.445407225697596,0.603,0.439
"Atp1b1",0.596,0.161498279456362,0.192,0.344609640287816,0.772,0.63
"Scg2",0.596,0.318341162653052,0.192,1.94118444369852,0.281,0.101
"Nrg2",0.595,0.160392411140432,0.19,0.355441645114145,0.741,0.554
"Fhod3",0.595,0.12626362127279,0.19,0.279525731917938,0.681,0.444
"Lrpprc",0.595,0.123788092840782,0.19,0.328612489296787,0.654,0.486
"Fgd4",0.595,0.147414614823316,0.19,0.373372467423406,0.636,0.468
"Cdc14b",0.595,0.19319705311203,0.19,0.645233286404676,0.475,0.311
"Cadm1",0.595,0.158962193286681,0.19,0.253448811743108,0.953,0.853
"Msantd2",0.595,0.128370431656035,0.19,0.415369360693729,0.5,0.333
"Wdfy3",0.595,0.137147959625644,0.19,0.254743477674842,0.92,0.783
"Ppfia4",0.595,0.214490324816086,0.19,1.06933776714039,0.364,0.186
"Pam",0.595,0.254901295927001,0.19,0.451141674073207,0.837,0.696
"Afg3l2",0.594,0.177063798583347,0.188,0.617250124552186,0.496,0.338
"Ap1b1",0.594,0.159349837049638,0.188,0.552081704380888,0.487,0.329
"Scml4",0.594,0.321135371993068,0.188,2.20661851570753,0.254,0.073
"Gm28905",0.594,0.353146318341481,0.188,0.80427718938999,0.538,0.375
"Ephb1",0.594,0.196977318500432,0.188,0.395449989182705,0.643,0.486
"Hacd3",0.594,0.145451852259706,0.188,0.40639651696586,0.614,0.454
"Gm32647",0.594,0.997065574426803,0.188,2.03802161581894,0.337,0.165
"Nell1",0.594,0.286260726102168,0.188,0.512286574003779,0.605,0.422
"Epha5",0.594,0.278610977963162,0.188,0.467177448251518,0.859,0.71
"Myt1",0.594,0.147650775984601,0.188,0.691327293964269,0.357,0.177
"1110051M20Rik",0.594,0.127327974129785,0.188,0.282787342777367,0.781,0.618
"March4",0.594,0.281858205572093,0.188,1.15241979052153,0.397,0.229
"Arhgap26",0.593,0.156856793343041,0.186,0.286883763191432,0.879,0.7
"Dnm1l",0.593,0.171325171591551,0.186,0.450613822811681,0.629,0.493
"Carmil3",0.593,0.222518994426724,0.186,1.73822881608018,0.272,0.093
"Eml5",0.593,0.209232846970025,0.186,0.409030524636332,0.853,0.688
"Stat5b",0.593,0.111989116194764,0.186,0.382108943775921,0.449,0.267
"Xpo1",0.593,0.118096749959572,0.186,0.392776631017202,0.504,0.33
"Rfx7",0.593,0.155192621202941,0.186,0.333903817765234,0.786,0.627
"Ap3b2",0.593,0.20276399946951,0.186,0.740066938699419,0.471,0.318
"Nsun7",0.593,0.243527375138685,0.186,1.1412901646565,0.357,0.184
"Mir124-2hg",0.593,0.220970413500951,0.186,0.707641600148679,0.489,0.337
"Slc4a3",0.593,0.171570245058383,0.186,0.590675035228394,0.5,0.346
"Las1l",0.592,0.197479303458384,0.184,0.858352374204266,0.393,0.23
"Tcf20",0.592,0.151765825645628,0.184,0.321383559285825,0.808,0.647
"Cacng2",0.592,0.209497999683562,0.184,0.715517720246033,0.491,0.33
"Tial1",0.592,0.112744856339358,0.184,0.287818626240498,0.654,0.502
"St8sia1",0.592,0.206378019589845,0.184,0.814188361181522,0.422,0.253
"Pds5b",0.592,0.126122516356663,0.184,0.305862518335663,0.679,0.511
"Col11a1",0.592,0.442107781679593,0.184,1.81855170671818,0.283,0.109
"Med12l",0.592,0.17770629943516,0.184,0.347243549690448,0.853,0.681
"Tasp1",0.592,0.150850009710265,0.184,0.350840740700788,0.732,0.574
"Resp18",0.592,0.243035246324461,0.184,2.1524449485279,0.241,0.061
"Eda",0.591,0.322405967776239,0.182,0.969968781237154,0.406,0.238
"Taz",0.591,0.138526072442555,0.182,0.504622112255366,0.46,0.293
"Rpgr",0.591,0.139347404723092,0.182,0.450730200168712,0.527,0.364
"Tmem196",0.591,0.227468573132487,0.182,0.945045864373093,0.375,0.203
"Ptprr",0.591,0.255692230132475,0.182,0.594690467937422,0.641,0.493
"Rufy2",0.591,0.174370684786996,0.182,0.450002124749872,0.647,0.51
"Fam184a",0.591,0.164935561412368,0.182,0.459692418028221,0.571,0.406
"Ncoa7",0.591,0.135803613343717,0.182,0.301908012245018,0.766,0.602
"Grik4",0.591,0.15896453001528,0.182,0.36087914131488,0.621,0.439
"Usp47",0.591,0.140332603695943,0.182,0.341068558249801,0.685,0.537
"Gas2",0.591,0.1964255120413,0.182,0.651787938608906,0.473,0.308
"Sptbn4",0.591,0.173982779919969,0.182,0.396542449746539,0.743,0.584
"Lcorl",0.591,0.225103907583342,0.182,0.483510423137056,0.674,0.514
"Uty",0.59,0.129163512485778,0.18,0.29229200375378,0.748,0.596
"Uggt2",0.59,0.162955478106718,0.18,0.383151701488651,0.73,0.57
"Hecw1",0.59,0.156086634046332,0.18,0.283289954746984,0.888,0.669
"Abca5",0.59,0.155491441888573,0.18,0.463929232581679,0.571,0.412
"0610010F05Rik",0.59,0.153823089743067,0.18,0.405249332581218,0.65,0.489
"Crtc3",0.59,0.136481151381443,0.18,0.377874351211996,0.569,0.421
"Rundc3b",0.59,0.166192304291965,0.18,0.442920731399583,0.627,0.478
"Hook1",0.59,0.160287755808245,0.18,0.420702417873359,0.667,0.505
"Fbxo10",0.59,0.189363808714355,0.18,0.979512500328267,0.342,0.176
"Cdh22",0.59,0.287765836046637,0.18,1.68313990792781,0.29,0.121
"Armc9",0.59,0.177865979741792,0.18,0.489641135207575,0.603,0.463
"Tmem241",0.589,0.17566368786,0.178,0.749440056842088,0.375,0.207
"Usp14",0.589,0.157086894551466,0.178,0.490536145730476,0.533,0.382
"Samd12",0.589,0.192673861498763,0.178,0.32000113458838,0.962,0.743
"Rasgrf2",0.589,0.144315015610648,0.178,0.340669939004938,0.583,0.376
"Mest",0.589,0.252113195207787,0.178,1.17831254750098,0.35,0.185
"Dlx6os1",0.589,0.266608758795926,0.178,0.93242729411135,0.31,0.13
"Nfx1",0.589,0.142662767270899,0.178,0.365398543071661,0.656,0.514
"Nol4l",0.589,0.18981942852354,0.178,0.598330775582116,0.52,0.376
"Ttc21b",0.589,0.187865326758885,0.178,0.648869498323183,0.478,0.332
"Gm16083",0.589,0.210934913853231,0.178,0.992501261552962,0.339,0.17
"Arhgap6",0.588,0.306684952996192,0.176,0.922391032775493,0.35,0.181
"Apoo",0.588,0.196278488750574,0.176,0.82997982620773,0.402,0.244
"Dok6",0.588,0.164695153741813,0.176,0.282333938656988,0.933,0.731
"Ptchd4",0.588,0.186677999801132,0.176,0.393038592042641,0.612,0.446
"2610037D02Rik",0.588,0.142223878350205,0.176,0.396965515134329,0.583,0.43
"Ep300",0.588,0.101857970970406,0.176,0.257811824623679,0.676,0.517
"Sybu",0.588,0.144671732234582,0.176,0.292228547285775,0.826,0.665
"Pabpn1",0.588,0.14353987956322,0.176,0.467144038259915,0.511,0.365
"Timp2",0.588,0.136905601937385,0.176,0.661564207843562,0.326,0.152
"Atp6v0a1",0.588,0.141479551275829,0.176,0.291696481237378,0.826,0.676
"Canx",0.588,0.142305138456065,0.176,0.430013856946777,0.507,0.361
"Zfp941",0.588,0.234172034966403,0.176,1.40741501749811,0.301,0.139
"Grip2",0.588,0.202616652934064,0.176,1.76087982632338,0.252,0.078
"G3bp2",0.588,0.158775496500142,0.176,0.55229522398327,0.469,0.316
"Srrm1",0.588,0.119303686866757,0.176,0.273198883141373,0.732,0.593
"Fam219a",0.588,0.138323405573906,0.176,0.328737813069718,0.71,0.556
"Setx",0.588,0.149133199406241,0.176,0.434056760243113,0.569,0.415
"Wnk3",0.587,0.214877321268493,0.174,1.14948039527244,0.328,0.168
"Pkd1",0.587,0.131026385440263,0.174,0.342034468078885,0.663,0.509
"Rps6ka2",0.587,0.250563365225686,0.174,0.767503848805706,0.5,0.354
"Slc22a17",0.587,0.171364444217264,0.174,0.631777443545781,0.449,0.3
"Cwc27",0.587,0.132295959589349,0.174,0.321320084280264,0.681,0.545
"Mipol1",0.587,0.135842377362864,0.174,0.483711139506844,0.431,0.265
"Ogdh",0.587,0.118114302494703,0.174,0.284523861997544,0.694,0.551
"Thsd4",0.587,0.206596375822884,0.174,0.655078133026817,0.393,0.231
"Mast1",0.587,0.219321694533286,0.174,1.20562749905341,0.33,0.174
"Tecr",0.587,0.144398366235608,0.174,0.480929777654676,0.498,0.345
"Vps35l",0.587,0.0964686901187644,0.174,0.279274465006295,0.562,0.407
"Tenm4",0.587,0.204310898172576,0.174,0.331507295693583,0.922,0.716
"March8",0.587,0.168254540838712,0.174,0.570310072378462,0.44,0.289
"Ift81",0.587,0.135787395533222,0.174,0.472000404814357,0.478,0.325
"Tm9sf4",0.587,0.130395577365202,0.174,0.478596192509983,0.458,0.303
"2700054A10Rik",0.586,0.208344820376117,0.172,0.764603564299559,0.4,0.25
"Efcab1",0.586,0.273413077136779,0.172,1.85974960536053,0.252,0.089
"March11",0.586,0.311552669460959,0.172,1.082724505294,0.415,0.281
"A330102I10Rik",0.586,0.237224278397775,0.172,0.720003753019707,0.498,0.356
"Acat1",0.586,0.170713464537589,0.172,0.565541816970724,0.482,0.34
"Kirrel3",0.586,0.190048751986073,0.172,0.294316805239053,0.844,0.704
"Fam168a",0.586,0.143573391266932,0.172,0.275812688847997,0.882,0.74
"Map6",0.586,0.147687589096237,0.172,0.438333402550128,0.565,0.424
"Kdm5a",0.586,0.11695916315226,0.172,0.318167527914389,0.614,0.46
"Prkacb",0.586,0.126424033214233,0.172,0.301178107555304,0.676,0.534
"Atp2b4",0.586,0.276319825812581,0.172,0.928041525727753,0.411,0.255
"Trpc5",0.585,0.328359908598587,0.17,0.893458497412356,0.444,0.296
"Zbtb7c",0.585,0.316011330894833,0.17,1.40061318376206,0.288,0.128
"Ttc39c",0.585,0.199534043357895,0.17,0.838891175242698,0.386,0.233
"Kif2a",0.585,0.135544883897921,0.17,0.365514590872808,0.607,0.472
"Gng4",0.585,0.256249060333797,0.17,2.21775178889409,0.228,0.062
"Gm32442",0.585,0.313606279220704,0.17,1.61393335873329,0.292,0.134
"Trim37",0.585,0.133302220082724,0.17,0.353745057606825,0.634,0.494
"Soga3",0.585,0.129479628988343,0.17,0.293012968226889,0.759,0.616
"Grm1",0.585,0.196093148961091,0.17,0.349180731617184,0.732,0.555
"Sacm1l",0.585,0.135997326625083,0.17,0.366025314176378,0.612,0.475
"Cep70",0.585,0.193255076324434,0.17,0.559023923027051,0.565,0.431
"Mcph1",0.585,0.142267361280405,0.17,0.409847204438678,0.565,0.426
"Gm38393",0.585,0.157882686502064,0.17,0.588998301872227,0.478,0.323
"Limk1",0.585,0.197248570785539,0.17,1.42141673356646,0.268,0.103
"Hectd4",0.585,0.155718705064379,0.17,0.333258792109728,0.795,0.649
"Nop56",0.585,0.158412124966922,0.17,0.619093292324313,0.435,0.291
"St8sia6",0.585,0.269452037745643,0.17,2.48408981484109,0.199,0.031
"Pacs1",0.584,0.10921501591109,0.168,0.254961700410714,0.714,0.564
"Spink10",0.584,0.228207739357381,0.168,1.03090166251693,0.371,0.223
"Ano6",0.584,0.152819471585476,0.168,0.378372939340791,0.634,0.491
"Lrrc3b",0.584,0.29068736183251,0.168,1.01623959465632,0.422,0.281
"Simc1",0.584,0.168093517592785,0.168,0.696391110791037,0.395,0.241
"Zzef1",0.584,0.125009910192273,0.168,0.291907336188515,0.732,0.587
"Ccdc82",0.584,0.160729211481469,0.168,0.801660782475755,0.321,0.158
"Zkscan2",0.584,0.167086022802919,0.168,0.724625992191702,0.386,0.239
"Chd2",0.584,0.122198737555828,0.168,0.25029969638058,0.79,0.657
"B130024G19Rik",0.584,0.349968258261805,0.168,1.46323841272507,0.272,0.109
"Gmcl1",0.584,0.134831958754541,0.168,0.376465979421564,0.609,0.472
"Zmym6",0.584,0.130057797872096,0.168,0.484510187631044,0.455,0.299
"Psmb2",0.584,0.128356012810968,0.168,0.406983563473611,0.516,0.38
"Cachd1",0.584,0.151635269820682,0.168,0.528886093783035,0.348,0.18
"Glrb",0.584,0.102828017765731,0.168,0.267669398335835,0.643,0.496
"Myef2",0.584,0.140321956960513,0.168,0.348113068969305,0.688,0.544
"Sestd1",0.584,0.145995989573601,0.168,0.384995500810133,0.616,0.473
"Catspere2",0.584,0.18603729179262,0.168,0.513618502255276,0.569,0.42
"Fgf13",0.583,0.230431455901375,0.166,0.435525125030437,0.594,0.474
"Efna5",0.583,0.192069594994493,0.166,0.353972274709071,0.685,0.521
"Ddx39b",0.583,0.144098145480465,0.166,0.504262605900983,0.458,0.32
"Caskin1",0.583,0.109029176160882,0.166,0.435452011875876,0.42,0.257
"Iqcb1",0.583,0.167681759483545,0.166,0.640671285314033,0.426,0.276
"Tnks",0.583,0.12263327666735,0.166,0.280038123594518,0.705,0.59
"Crmp1",0.583,0.186895183882315,0.166,0.718382686542957,0.446,0.304
"Htt",0.583,0.111212341262162,0.166,0.257149576244493,0.73,0.587
"Gmps",0.583,0.128522619634735,0.166,0.514653748743179,0.411,0.26
"Cds2",0.583,0.124112990466349,0.166,0.43993690369539,0.471,0.326
"Lrch2",0.582,0.178570342691637,0.164,0.646364218698154,0.438,0.305
"Dennd6b",0.582,0.164043033413708,0.164,0.831026737156386,0.355,0.207
"Tbc1d4",0.582,0.0855287087080018,0.164,0.360392960430815,0.312,0.145
"Galnt16",0.582,0.189731037381375,0.164,0.587310017855166,0.478,0.334
"Pnn",0.582,0.0997566676045409,0.164,0.262793820411318,0.629,0.491
"Bckdhb",0.582,0.125000775737785,0.164,0.312495936102992,0.623,0.488
"Dlat",0.582,0.17006957231964,0.164,0.597350031772472,0.453,0.308
"Pcnx2",0.582,0.139881815936128,0.164,0.360872802613595,0.658,0.489
"Ano5",0.582,0.242947688426894,0.164,2.15735805350444,0.221,0.06
"C2cd5",0.582,0.139635802817311,0.164,0.294315408217058,0.821,0.664
"Slit2",0.582,0.252260867505969,0.164,0.50680815916813,0.556,0.409
"Mapre3",0.582,0.145715036169565,0.164,0.462809885260947,0.522,0.386
"Sars",0.582,0.152475140824058,0.164,0.58647618615338,0.442,0.296
"Kcnn3",0.582,0.22653861114314,0.164,0.835302311303835,0.379,0.231
"Disp1",0.582,0.145452109770832,0.164,0.776086421022782,0.328,0.167
"Fam117b",0.582,0.0944150742109505,0.164,0.268213193382275,0.576,0.437
"Khdrbs2",0.582,0.143307493389278,0.164,0.254137614689546,0.779,0.59
"Sos1",0.581,0.11233306471333,0.162,0.291151854747437,0.625,0.488
"Mapk8ip3",0.581,0.11864429822146,0.162,0.357489579030119,0.549,0.424
"Chga",0.581,0.19420656975447,0.162,1.45475023282539,0.259,0.105
"Nemf",0.581,0.1089568031565,0.162,0.331399298295572,0.549,0.401
"Plxnc1",0.581,0.199349135477924,0.162,0.646682061481022,0.455,0.321
"Ddhd2",0.581,0.103712352935063,0.162,0.253917223460808,0.685,0.55
"Lnx1",0.581,0.161895682688133,0.162,0.679106034857128,0.386,0.239
"Tbc1d19",0.581,0.129553472440903,0.162,0.370204059526884,0.585,0.446
"Psip1",0.581,0.153097981477164,0.162,0.397424793348318,0.636,0.514
"Optn",0.581,0.15298481570572,0.162,0.971411582171539,0.279,0.117
"Eprs",0.581,0.123577968213511,0.162,0.374939603385181,0.538,0.391
"Ltbp3",0.58,0.179746050534731,0.16,1.61496081067765,0.225,0.066
"Nsg2",0.58,0.167468794198548,0.16,0.467816098430303,0.567,0.438
"Rnf217",0.58,0.14365613014891,0.16,0.436272520126288,0.538,0.397
"Arfgef3",0.58,0.137651616788061,0.16,0.298219472690944,0.783,0.612
"Prkar2a",0.58,0.164984249427445,0.16,0.728934992463162,0.353,0.206
"Qrich1",0.58,0.119950070969981,0.16,0.310560150460383,0.658,0.516
"Clmp",0.58,0.174785786942285,0.16,0.728721073892307,0.366,0.216
"Stim1",0.58,0.0996224107456855,0.16,0.260643948920784,0.603,0.47
"Acer3",0.58,0.0941833752537776,0.16,0.264915228161054,0.571,0.432
"Cfap69",0.58,0.156222750358247,0.16,0.570865264131712,0.422,0.287
"Foxj3",0.58,0.118476967098839,0.16,0.365530605470316,0.533,0.395
"Lekr1",0.58,0.182490623522156,0.16,0.589420660146352,0.462,0.33
"Disp2",0.58,0.2117009328652,0.16,1.09254656255073,0.333,0.19
"Dnajc10",0.58,0.121023286191741,0.16,0.377682934753259,0.536,0.403
"Miga2",0.58,0.152140829490399,0.16,0.647175542163907,0.393,0.256
"Tcerg1",0.579,0.11557572709795,0.158,0.31093876476349,0.605,0.477
"Usp49",0.579,0.144777504718245,0.158,0.682164812340357,0.362,0.215
"Axin1",0.579,0.124464652725666,0.158,0.51496322967678,0.4,0.261
"Lmbrd2",0.579,0.159201730245225,0.158,0.578980199481269,0.446,0.316
"Pxk",0.579,0.0904519110815853,0.158,0.305129829496988,0.478,0.328
"Flnb",0.579,0.12809263371798,0.158,0.330286372778626,0.623,0.493
"Gm40841",0.579,0.153266544388756,0.158,0.438022983621905,0.56,0.422
"Zdhhc2",0.579,0.187234381644641,0.158,0.589626676381856,0.473,0.34
"Ankrd10",0.579,0.0873699701095939,0.158,0.26984313826363,0.536,0.388
"Myo16",0.579,0.177113113241422,0.158,0.394902163348633,0.583,0.43
"Shank2",0.579,0.138268874529612,0.158,0.300568611786932,0.743,0.584
"Grin2d",0.579,0.176149739393123,0.158,1.73463942789666,0.219,0.062
"Caprin2",0.579,0.196386502830074,0.158,1.18501931074587,0.279,0.13
"Reep1",0.579,0.144740389282566,0.158,0.347330795778972,0.679,0.544
"5330417C22Rik",0.579,0.165583265401163,0.158,0.480689797003459,0.56,0.432
"Gm14204",0.579,0.214498354849394,0.158,2.35458408987216,0.199,0.042
"Ccdc148",0.579,0.182004411068637,0.158,0.480029047647604,0.558,0.431
"Ptprn",0.579,0.172446740100164,0.158,0.588357378947154,0.498,0.36
"Spats2l",0.579,0.226099449417342,0.158,0.599305051338602,0.516,0.383
"Mta3",0.578,0.103259490905758,0.156,0.278468367499022,0.574,0.447
"Flywch1",0.578,0.144400108659327,0.156,0.574238427836569,0.417,0.282
"Map3k4",0.578,0.0926198480634391,0.156,0.296639523753811,0.522,0.372
"Ly6h",0.578,0.248260332994621,0.156,1.0663369036332,0.362,0.234
"Sacs",0.578,0.109231921178401,0.156,0.340712104363546,0.533,0.4
"Arid5b",0.578,0.141549912231332,0.156,0.316757504828095,0.665,0.525
"Tmem266",0.578,0.233332379139027,0.156,1.33012361630334,0.299,0.155
"Mcf2l",0.578,0.0878393986397478,0.156,0.275657428686883,0.554,0.408
"Tacr1",0.578,0.488874687679454,0.156,3.66870954619134,0.176,0.022
"Prkar1b",0.578,0.164494983295424,0.156,0.500879749748861,0.538,0.41
"Epb41",0.578,0.133447680662726,0.156,0.32711630340149,0.594,0.449
"Ralgapb",0.578,0.10469470683345,0.156,0.253604600601329,0.692,0.56
"Nr6a1",0.578,0.150038644833983,0.156,0.346158000020344,0.674,0.556
"Syt14",0.578,0.138786748385819,0.156,0.334656621181749,0.683,0.537
"Ipo9",0.578,0.12640691680862,0.156,0.460561808189603,0.46,0.329
"Il1rapl2",0.577,0.69818398698584,0.154,1.25612296016445,0.373,0.245
"Thoc1",0.577,0.107547942353032,0.154,0.344565794594155,0.527,0.39
"Spast",0.577,0.0993053884997531,0.154,0.301593542199923,0.525,0.395
"Lrfn2",0.577,0.132023205681959,0.154,0.355480476166483,0.592,0.431
"Ube2o",0.577,0.154071222232117,0.154,0.622007986847987,0.417,0.289
"Rnf157",0.577,0.137382247220547,0.154,0.373257888415696,0.598,0.48
"Bbs4",0.577,0.184726033810675,0.154,0.93787067262313,0.333,0.196
"Tbc1d9",0.577,0.095558562083671,0.154,0.320097221582105,0.455,0.323
"Ptcd3",0.577,0.13480741598095,0.154,0.505112887203163,0.438,0.303
"2210408F21Rik",0.577,0.119069516455442,0.154,0.293352331406886,0.656,0.506
"Gm7854",0.577,0.209674965278467,0.154,1.2175362999784,0.279,0.132
"Jakmip1",0.577,0.15051098161201,0.154,0.476567830851498,0.529,0.395
"Rsbn1",0.577,0.0821148082968564,0.154,0.284325085821833,0.471,0.332
"Gm36388",0.577,0.208788017134472,0.154,1.47125298541845,0.261,0.114
"Psd2",0.576,0.0984892207485944,0.152,0.58257008093351,0.243,0.087
"Bmerb1",0.576,0.174424106158089,0.152,0.450652017371183,0.614,0.492
"Fam169a",0.576,0.188107606380788,0.152,0.884452606624368,0.362,0.228
"Lgals8",0.576,0.123931377454213,0.152,0.716795221033715,0.283,0.135
"Hdac9",0.576,0.224037151385093,0.152,0.367928625851023,0.871,0.749
"Klhl29",0.576,0.185621758509302,0.152,0.335645272672838,0.824,0.656
"Prmt2",0.576,0.189227558326914,0.152,1.11670322373207,0.281,0.14
"Dhx30",0.576,0.119445802588641,0.152,0.371401771637929,0.529,0.402
"Itfg1",0.576,0.143922653847113,0.152,0.348232958281266,0.645,0.531
"Plekha7",0.576,0.112180943243299,0.152,0.394266890090671,0.438,0.281
"Chl1",0.576,0.174696892654491,0.152,0.370147371024023,0.672,0.551
"Ddah1",0.576,0.109312248265362,0.152,0.502316782377485,0.283,0.123
"Plekhb2",0.576,0.153709793124731,0.152,0.859982881340749,0.306,0.163
"Fam120c",0.575,0.117889072866261,0.15,0.304293190306586,0.638,0.505
"Zmat1",0.575,0.127475848931977,0.15,0.498913421817873,0.391,0.253
"Bicral",0.575,0.102122602445697,0.15,0.266314202844732,0.623,0.499
"Abca3",0.575,0.131192629064163,0.15,0.488524837795096,0.438,0.307
"Golgb1",0.575,0.117030705194513,0.15,0.318643648942254,0.594,0.471
"Zfyve16",0.575,0.102972182770586,0.15,0.404288291491622,0.411,0.277
"Dync1h1",0.575,0.103993542602541,0.15,0.268172128224778,0.638,0.514
"Ddx24",0.575,0.117913509686954,0.15,0.407436822434416,0.48,0.346
"Rhbdl3",0.575,0.202861402133085,0.15,1.23544537997218,0.266,0.121
"Slc6a15",0.575,0.161922327418544,0.15,0.693966893163081,0.382,0.247
"Ube4a",0.575,0.0862089973556056,0.15,0.26588797513124,0.54,0.41
"Runx1t1",0.575,0.241653926808407,0.15,0.484651926719685,0.676,0.557
"Mttp",0.575,0.152929255100239,0.15,1.02956192801128,0.259,0.114
"Ndst4",0.575,0.322721618462882,0.15,1.00101432185578,0.277,0.127
"Lrrcc1",0.575,0.166069194856619,0.15,0.5915142674517,0.455,0.331
"Atp9a",0.575,0.12631621174523,0.15,0.364148490642819,0.562,0.445
"Apba1",0.574,0.190893197693545,0.148,0.349707456491261,0.839,0.714
"Adamts16",0.574,0.146641315977308,0.148,0.950068428231361,0.25,0.102
"Pnpt1",0.574,0.0965105249534147,0.148,0.403323866635731,0.415,0.275
"Ddx50",0.574,0.115235601780743,0.148,0.289642329682629,0.632,0.531
"Stac",0.574,0.365469096105248,0.148,2.61784892213578,0.194,0.047
"Neto2",0.574,0.209456643646506,0.148,0.589803927330763,0.46,0.323
"Gprin3",0.574,0.0934957005391016,0.148,0.359285991639808,0.357,0.205
"Phtf2",0.574,0.148416802220874,0.148,0.446526737290202,0.511,0.397
"Atf2",0.574,0.120030415497058,0.148,0.287140348894327,0.699,0.571
"Stxbp1",0.574,0.107086111197474,0.148,0.263034104424751,0.701,0.552
"Syp",0.573,0.177967057134168,0.146,0.598338834376925,0.475,0.364
"Sema4g",0.573,0.174906848008022,0.146,1.74449125206396,0.199,0.055
"Gabbr1",0.573,0.109510497577649,0.146,0.265103391997047,0.665,0.543
"Rhbdl1",0.573,0.17617505060049,0.146,1.1552509246325,0.283,0.149
"Trpc7",0.573,0.238690226724874,0.146,2.10974159876647,0.194,0.051
"Gtpbp4",0.573,0.146113659950534,0.146,0.738166260739307,0.328,0.197
"Synj2bp",0.573,0.110161417779332,0.146,0.332359755903551,0.529,0.417
"Psmd11",0.573,0.115029572906882,0.146,0.385908668597428,0.46,0.338
"Sgsm2",0.573,0.146945461503844,0.146,0.588548029747756,0.411,0.291
"Uhrf1bp1l",0.573,0.12427818163968,0.146,0.396014429416639,0.516,0.389
"Mrap2",0.573,0.197727532472092,0.146,2.30748310812713,0.19,0.046
"Rp9",0.573,0.120914159417863,0.146,0.424952972239115,0.442,0.312
"Miat",0.573,0.130901984062611,0.146,0.324947480876067,0.643,0.496
"Phc2",0.573,0.112583826634892,0.146,0.27680890435748,0.645,0.523
"Znhit6",0.573,0.134428078310427,0.146,0.696907078983949,0.33,0.198
"Fnbp1l",0.573,0.137606987961701,0.146,0.314184408065675,0.661,0.519
"Ppip5k1",0.573,0.108994661720566,0.146,0.316048039111424,0.589,0.453
"Atp2b3",0.572,0.146308380838138,0.144,0.490027195112926,0.487,0.368
"Sap130",0.572,0.0893290074182752,0.144,0.288986003972698,0.496,0.373
"Airn",0.572,0.132151251078065,0.144,0.569881948834857,0.259,0.117
"Faim2",0.572,0.153602927741138,0.144,0.734787175991768,0.342,0.215
"Kifc2",0.572,0.144355300935654,0.144,0.612677346318515,0.408,0.277
"Sdc2",0.572,0.121633073187408,0.144,0.470851795571336,0.364,0.228
"Gm26782",0.572,0.115849088353414,0.144,0.795467986972941,0.257,0.113
"Sp4",0.572,0.105497164878372,0.144,0.322235244559231,0.507,0.384
"Bzw2",0.572,0.141423531475068,0.144,0.444867437364137,0.498,0.375
"Gm11508",0.572,0.196616461382672,0.144,1.45537449076598,0.225,0.086
"Rufy1",0.572,0.108161066089744,0.144,0.399572426447124,0.426,0.298
"Hdgfl3",0.572,0.121221489133823,0.144,0.30214560871302,0.643,0.527
"Gpi1",0.572,0.124454796394296,0.144,0.379224697820586,0.529,0.406
"Zfand4",0.572,0.166401934011014,0.144,0.935755819813327,0.299,0.165
"Gm5577",0.572,0.155643817663095,0.144,0.727780011533136,0.357,0.229
"Ache",0.572,0.161412499642017,0.144,1.99415935655286,0.192,0.051
"Rad23b",0.572,0.0989203999237328,0.144,0.322739281028323,0.502,0.383
"Kirrel",0.572,0.238808532726985,0.144,1.75977166281698,0.192,0.049
"Snph",0.572,0.160670093666435,0.144,0.418820569850226,0.612,0.507
"Cadm3",0.572,0.182509761658772,0.144,0.690559620545728,0.417,0.3
"Slc2a13",0.571,0.166334332179182,0.142,0.305400940598912,0.806,0.638
"Capn7",0.571,0.0853050582255352,0.142,0.309380125094229,0.44,0.311
"Dcaf7",0.571,0.131474161767497,0.142,0.51704112179601,0.415,0.289
"Cfap36",0.571,0.116474051569148,0.142,0.42760149060191,0.442,0.322
"Slc41a2",0.571,0.154110737270159,0.142,0.704560559794658,0.366,0.237
"Vps37a",0.571,0.129372963085041,0.142,0.46002380578494,0.438,0.32
"N4bp2l1",0.571,0.127672021476946,0.142,0.479279377282633,0.422,0.297
"Rimbp2",0.571,0.13061717338951,0.142,0.282688091211058,0.734,0.581
"Kdm2b",0.571,0.0761590343470743,0.142,0.297246057149367,0.384,0.253
"Uba6",0.571,0.141551955355314,0.142,0.495801368549368,0.453,0.331
"Igsf3",0.571,0.134840662523721,0.142,1.00222551620025,0.228,0.085
"Ndufaf5",0.571,0.136631859083047,0.142,0.624480073807128,0.362,0.236
"Gfra1",0.57,0.379666916165976,0.14,1.12388390796799,0.301,0.168
"Ide",0.57,0.108661724142608,0.14,0.323940604668338,0.545,0.423
"Ppargc1b",0.57,0.156959941749402,0.14,0.535958136727804,0.482,0.36
"Ythdc2",0.57,0.104107349130065,0.14,0.314408748288706,0.542,0.422
"Mpp7",0.57,0.0891773084161313,0.14,0.316035515157183,0.364,0.225
"Slf1",0.57,0.0880853533041026,0.14,0.26082049899234,0.554,0.43
"Papola",0.57,0.12390726554452,0.14,0.258056657411222,0.779,0.687
"Gm31508",0.57,0.190541307054539,0.14,0.908527981928789,0.328,0.204
"Arih2",0.57,0.0916796177977497,0.14,0.326570140536954,0.449,0.32
"Phlpp2",0.57,0.13377393586411,0.14,0.462885107000619,0.467,0.351
"Ogfod1",0.57,0.146657891489524,0.14,0.591347494771436,0.402,0.281
"4930555F03Rik",0.57,0.222242790307174,0.14,2.41482271689973,0.174,0.034
"Bcat1",0.57,0.149281717677229,0.14,0.84569409754678,0.297,0.165
"Trit1",0.57,0.149505561103431,0.14,0.756267447990942,0.333,0.208
"Ggt7",0.57,0.118293012718135,0.14,0.48692144573568,0.413,0.288
"Kiz",0.57,0.0867011653547514,0.14,0.34354667564623,0.366,0.233
"Gpr176",0.57,0.155088263007395,0.14,0.723504577976346,0.317,0.18
"Tcp11l1",0.57,0.107688355551701,0.14,0.373980127910871,0.444,0.318
"Fbxo3",0.57,0.0896354061646898,0.14,0.297394551971549,0.484,0.359
"Zfp451",0.57,0.0982766510110086,0.14,0.298913445469351,0.525,0.409
"Zbtb11",0.569,0.12422096129381,0.138,0.420147854584352,0.484,0.366
"Ripor2",0.569,0.201071864754998,0.138,0.534258597828612,0.522,0.412
"Usp36",0.569,0.104717436946258,0.138,0.473387969250539,0.373,0.243
"Vps53",0.569,0.12626929892617,0.138,0.457457018207506,0.444,0.329
"Ppp1r14c",0.569,0.166607970644102,0.138,0.553360138931537,0.431,0.313
"Celf6",0.569,0.178792168729119,0.138,1.51423403427083,0.223,0.091
"Rcn2",0.569,0.142587132835604,0.138,0.698011090205478,0.312,0.183
"Shfl",0.569,0.145915723293817,0.138,0.765753199513576,0.335,0.211
"Hs3st4",0.569,0.235296204423366,0.138,0.3973390924435,0.587,0.46
"Slc4a1ap",0.569,0.102067702064369,0.138,0.444293532297263,0.371,0.245
"Pdhx",0.569,0.115026284169393,0.138,0.490997864987964,0.382,0.259
"Hsd17b12",0.569,0.13274686597459,0.138,0.628284690134587,0.324,0.189
"Syt2",0.569,0.271758435528545,0.138,2.09334820759056,0.194,0.061
"Eif5b",0.569,0.0919945270457906,0.138,0.323011371596944,0.473,0.341
"Kcnh8",0.568,0.315237825215403,0.136,1.63863588189243,0.188,0.052
"Cryzl1",0.568,0.117509420894336,0.136,0.352962930644074,0.54,0.418
"Dnajc15",0.568,0.143857607443289,0.136,0.718361367605913,0.317,0.196
"Nup153",0.568,0.0681990193338808,0.136,0.251835920482918,0.444,0.318
"Vstm2a",0.568,0.122731676378732,0.136,0.416086859501692,0.426,0.297
"Lin7a",0.568,0.143171858681829,0.136,0.324795233293266,0.6,0.48
"Metap2",0.568,0.117375665189335,0.136,0.413624092694619,0.458,0.345
"Chfr",0.568,0.105320448994359,0.136,0.320931144210644,0.529,0.424
"Hnrnpd",0.568,0.100879111304158,0.136,0.353123447872537,0.458,0.334
"Otof",0.568,0.289818367170684,0.136,2.04814253710897,0.196,0.066
"Dnm1",0.568,0.108793337847856,0.136,0.284501771661674,0.645,0.525
"Tmem29",0.567,0.151040934042174,0.134,0.661907980278875,0.366,0.245
"Zmym3",0.567,0.141188467897409,0.134,0.659459322071507,0.359,0.239
"Grk5",0.567,0.148311105538418,0.134,0.531022587128926,0.362,0.241
"Fbxw4",0.567,0.0987913397750544,0.134,0.287509601464029,0.538,0.435
"Pitpnm1",0.567,0.160108593382664,0.134,1.14523602521891,0.254,0.129
"Diaph1",0.567,0.104946988173435,0.134,0.381290647737505,0.424,0.303
"Pde9a",0.567,0.140133484544122,0.134,0.772618506201513,0.297,0.166
"Hlcs",0.567,0.0949507490014906,0.134,0.308923193205053,0.469,0.345
"Fyttd1",0.567,0.0905959032856886,0.134,0.291468627059426,0.491,0.375
"Prkar2b",0.567,0.186019537458105,0.134,0.550798032702778,0.504,0.372
"Erlec1",0.567,0.112849386995272,0.134,0.400501845852604,0.442,0.322
"Vac14",0.567,0.0850482802911434,0.134,0.515521186589911,0.279,0.148
"Chchd6",0.567,0.117209963774469,0.134,0.323932839811567,0.592,0.466
"Plxna1",0.567,0.172633119164784,0.134,1.30111417636652,0.239,0.112
"Alms1",0.567,0.123715858193521,0.134,0.450845770822309,0.406,0.294
"Radil",0.567,0.143207992317917,0.134,0.994158470309005,0.27,0.146
"9530036O11Rik",0.567,0.241938907277435,0.134,1.56950320513559,0.237,0.111
"Ctnnal1",0.567,0.096693223474265,0.134,0.341359046923744,0.435,0.316
"Slc22a15",0.567,0.150192563680924,0.134,0.881865768376019,0.275,0.15
"Pdia3",0.567,0.100176484573716,0.134,0.421007214156941,0.366,0.247
"Rnf152",0.567,0.124095855417028,0.134,0.607479055106736,0.268,0.131
"Farsb",0.567,0.125547576619223,0.134,0.389903279334033,0.509,0.412
"Klhl13",0.566,0.184365254200738,0.132,0.94653243889047,0.263,0.132
"Slc6a7",0.566,0.14025363054456,0.132,0.864616177420734,0.286,0.162
"Exoc3",0.566,0.0761986315123868,0.132,0.255775682903277,0.467,0.354
"Psma3",0.566,0.0881785300027585,0.132,0.257695056689108,0.556,0.451
"Chd3",0.566,0.105974518914603,0.132,0.36716019500487,0.473,0.352
"Gm12239",0.566,0.0726497046942381,0.132,0.317540446475373,0.208,0.074
"Glra1",0.566,0.197778420135315,0.132,3.68190779578455,0.145,0.014
"Pcbp3",0.566,0.147699517981909,0.132,0.398181342124994,0.569,0.454
"Parp6",0.566,0.101108587820217,0.132,0.38065029852936,0.435,0.332
"Ric3",0.566,0.116236693347137,0.132,0.521217350119861,0.375,0.254
"Idh2",0.566,0.112204413732899,0.132,0.724181037658058,0.243,0.111
"Col16a1",0.566,0.198067492733044,0.132,1.88330961088597,0.185,0.055
"Ebf4",0.566,0.153924419341913,0.132,0.976051944523739,0.25,0.123
"St8sia4",0.566,0.116453053076258,0.132,0.534363577437929,0.268,0.136
"Psmd1",0.566,0.0966728481619238,0.132,0.274813020177107,0.556,0.448
"Snx12",0.565,0.0903536082226724,0.13,0.394300286078082,0.342,0.213
"Arl3",0.565,0.0889170124423851,0.13,0.312279420171615,0.46,0.337
"Sv2c",0.565,0.25507489339775,0.13,0.911879224537823,0.292,0.165
"Klhdc2",0.565,0.131322798137644,0.13,0.652796776715737,0.326,0.212
"Flot2",0.565,0.137113885452892,0.13,0.753553993009386,0.295,0.175
"Blmh",0.565,0.102782740959791,0.13,0.413952697402503,0.391,0.269
"Amotl1",0.565,0.1066277612013,0.13,0.739744275956554,0.217,0.083
"Anapc10",0.565,0.0785995427614243,0.13,0.311927805332423,0.406,0.288
"Fam13a",0.565,0.137136276361075,0.13,0.454784003173301,0.438,0.324
"Nsg1",0.565,0.147877559674951,0.13,0.917951223203494,0.272,0.149
"Ptpn12",0.565,0.0954490100502478,0.13,0.256841407360927,0.589,0.468
"Kcnd3",0.565,0.161255356158993,0.13,0.345242176053385,0.647,0.527
"Stmn3",0.565,0.123039435577684,0.13,0.498810501584275,0.402,0.289
"Ctnnbl1",0.565,0.116537097867729,0.13,0.475838583622062,0.377,0.258
"Mff",0.565,0.0817895857947829,0.13,0.258273302903914,0.496,0.385
"Taf1",0.564,0.0771206996430222,0.128,0.254444671552462,0.473,0.368
"E430024P14Rik",0.564,0.171597096062243,0.128,1.15425960286462,0.23,0.107
"Usp7",0.564,0.0970543508828874,0.128,0.27673350254325,0.556,0.458
"Armh4",0.564,0.155998414849929,0.128,0.670878114810768,0.326,0.205
"Mettl16",0.564,0.100129328092353,0.128,0.402326402259755,0.388,0.281
"Olfm2",0.564,0.136680104200329,0.128,0.499868041865888,0.413,0.293
"Arrb1",0.564,0.0996669802196304,0.128,0.42712003128005,0.362,0.244
"Shank1",0.564,0.108179811833965,0.128,0.35607556215259,0.511,0.386
"Ccdc174",0.564,0.084379376592815,0.128,0.411158080357445,0.339,0.217
"Slain2",0.564,0.0597887680184578,0.128,0.253673522800383,0.388,0.27
"Rims3",0.564,0.16388667362162,0.128,0.936228066814951,0.27,0.148
"Mccc1",0.564,0.114873673774449,0.128,0.444793195357955,0.404,0.291
"Uqcc1",0.564,0.11755933678495,0.128,0.437218047524955,0.402,0.286
"Mmp24",0.564,0.1580955090425,0.128,0.87809213938992,0.31,0.196
"Fbn1",0.564,0.121134429279802,0.128,0.502397086190316,0.362,0.24
"Mapkbp1",0.564,0.105185758681301,0.128,0.431100608815477,0.373,0.259
"Hjurp",0.564,0.0759909293045828,0.128,0.385917801264255,0.315,0.19
"Gnl3l",0.563,0.125016090264462,0.126,0.56260962827339,0.375,0.266
"Capn15",0.563,0.102189713432993,0.126,0.42537358997766,0.377,0.268
"Tfg",0.563,0.106161383112075,0.126,0.484863903079861,0.353,0.237
"Sucla2",0.563,0.0709879592614856,0.126,0.314313148540828,0.359,0.243
"Psma2",0.563,0.127109271054644,0.126,0.754763295688931,0.281,0.164
"Kcnk10",0.563,0.117811235789377,0.126,0.420915832549294,0.417,0.293
"Cdkl1",0.563,0.150807224541614,0.126,0.83667571338366,0.304,0.188
"Dlg4",0.563,0.123849202254154,0.126,0.418922586900784,0.482,0.374
"Rad54l2",0.563,0.0712494397343238,0.126,0.265119857468369,0.435,0.324
"Lrrc1",0.563,0.0895709594149476,0.126,0.392491935436391,0.304,0.174
"Igdcc4",0.563,0.109448806995182,0.126,0.570372270995485,0.286,0.163
"Fgfr1",0.563,0.0626008985077912,0.126,0.31549075029885,0.254,0.124
"Gm29683",0.563,0.124478801836767,0.126,0.754259941138743,0.176,0.047
"Nova2",0.563,0.123423370973132,0.126,0.385344564123521,0.513,0.416
"Eno2",0.563,0.139506798107718,0.126,0.684290043989267,0.35,0.243
"Tmem132c",0.563,0.325099742406438,0.126,1.59816696309175,0.194,0.068
"Grik3",0.563,0.130913486011796,0.126,0.33841108738831,0.462,0.331
"D3Ertd751e",0.563,0.0981274266039002,0.126,0.466095320682335,0.31,0.189
"Cep250",0.563,0.0745202088167133,0.126,0.403742951794898,0.308,0.185
"Napb",0.563,0.112577465135751,0.126,0.390186170570571,0.467,0.355
"Vamp4",0.563,0.0854432351909682,0.126,0.320487818610911,0.413,0.3
"Ndufs1",0.563,0.0870167494010384,0.126,0.288897041476143,0.471,0.362
"Ctps2",0.562,0.0874844865704649,0.124,0.303738200245419,0.44,0.332
"Araf",0.562,0.118432014480127,0.124,0.401283838818413,0.422,0.315
"Pcgf5",0.562,0.0997067171040159,0.124,0.300940519328908,0.493,0.381
"Ankrd13d",0.562,0.136014961258307,0.124,0.850619774538366,0.277,0.166
"Hdac3",0.562,0.119146519460283,0.124,0.605740446919816,0.326,0.211
"Spaca6",0.562,0.0903876594378191,0.124,0.366590993255686,0.4,0.291
"Sec22a",0.562,0.0991394494045256,0.124,0.39550928802701,0.386,0.283
"Ndufaf2",0.562,0.0677551144237117,0.124,0.265488685154273,0.375,0.258
"Pfkp",0.562,0.114669573825552,0.124,0.278243126608321,0.658,0.542
"Dcaf5",0.562,0.10341309107254,0.124,0.277126826253615,0.578,0.483
"Tet1",0.562,0.085694363479774,0.124,0.41621074560562,0.297,0.176
"Cpne7",0.562,0.181194081784536,0.124,0.848170792366571,0.27,0.148
"Slc2a3",0.562,0.140714280973603,0.124,0.540977100745839,0.413,0.311
"Bms1",0.562,0.0829275414357157,0.124,0.394699214286026,0.342,0.228
"Ago1",0.562,0.100124260198366,0.124,0.384897122303176,0.408,0.303
"Pik3r3",0.562,0.0951528083046775,0.124,0.282420775241484,0.473,0.372
"Idh3b",0.562,0.103523714433902,0.124,0.515531262204544,0.335,0.219
"Lypd6b",0.562,0.249089894941476,0.124,1.4312088118635,0.208,0.087
"Pnkd",0.562,0.104717785072291,0.124,0.433381431862969,0.368,0.258
"Txlng",0.561,0.100059810339686,0.122,0.365055668664706,0.435,0.331
"L1cam",0.561,0.147654518704535,0.122,0.806800725421673,0.308,0.202
"Ndufv2",0.561,0.107158971682093,0.122,0.507648542828715,0.342,0.228
"Sod2",0.561,0.128249331271116,0.122,0.486531950148406,0.415,0.317
"Psmc6",0.561,0.0797719138047179,0.122,0.285265858561132,0.433,0.33
"Klhl3",0.561,0.133502576260419,0.122,0.378775708457628,0.56,0.439
"Cltb",0.561,0.120099113528371,0.122,0.596796117241152,0.333,0.223
"Me1",0.561,0.113473349046018,0.122,0.515562128466703,0.346,0.234
"Rpgrip1l",0.561,0.128604218087612,0.122,0.490560464190389,0.393,0.291
"Ankrd42",0.561,0.128629690757496,0.122,0.637570720329249,0.339,0.233
"Acot7",0.561,0.0794291446529978,0.122,0.324777407625702,0.384,0.269
"Atp13a2",0.561,0.105434880326577,0.122,0.761379825060983,0.246,0.127
"Ttc4",0.561,0.12856468805519,0.122,0.581350322477554,0.342,0.234
"Whrn",0.561,0.116641615587906,0.122,0.704572096279733,0.221,0.097
"Slc44a5",0.561,0.147291331867318,0.122,0.373919637928331,0.462,0.353
"Kansl3",0.561,0.0690641602348598,0.122,0.293521023072788,0.366,0.254
"Gpc3",0.56,0.353264855282775,0.12,2.2089680426476,0.165,0.047
"B4galt6",0.56,0.0850416108915942,0.12,0.339731942294037,0.395,0.284
"Atp6v1a",0.56,0.124033134061615,0.12,0.389988745117996,0.489,0.391
"Tfrc",0.56,0.0865603316148835,0.12,0.396707538251333,0.319,0.212
"Cers5",0.56,0.113277814859395,0.12,0.366360751478303,0.462,0.369
"Thoc7",0.56,0.111309333002037,0.12,0.51827156863123,0.33,0.226
"Nol11",0.56,0.0999061462269801,0.12,0.502820720895976,0.319,0.206
"G3bp1",0.56,0.0611546405387183,0.12,0.25905757500563,0.382,0.269
"Bcr",0.56,0.085977367480979,0.12,0.289402603850618,0.462,0.345
"Scn5a",0.56,0.21893852509712,0.12,3.23771742392336,0.138,0.019
"Cdyl2",0.56,0.133806805436957,0.12,0.477300995843076,0.411,0.312
"Frg1",0.56,0.0964324113320841,0.12,0.52460703150343,0.29,0.176
"Uqcrc2",0.56,0.0815156286233151,0.12,0.321152387199599,0.402,0.296
"Tmem145",0.56,0.129386527308688,0.12,1.0922992302603,0.223,0.106
"Ankrd26",0.56,0.0997051767065309,0.12,0.518903019735875,0.304,0.193
"Gfpt1",0.56,0.0978000862761806,0.12,0.488319606230661,0.315,0.204
"Adcyap1r1",0.56,0.112983522005417,0.12,0.626674846839359,0.275,0.16
"Nipsnap2",0.56,0.0888724275825554,0.12,0.343786490799549,0.393,0.282
"Bicdl1",0.56,0.111682897484236,0.12,0.308043376659225,0.589,0.48
"Ssh1",0.56,0.098809991942597,0.12,0.606508884279021,0.263,0.147
"Chchd7",0.56,0.139953008454873,0.12,0.922030293774637,0.246,0.13
"Plch1",0.56,0.174768058859256,0.12,1.09412571652676,0.201,0.083
"Odf2",0.56,0.102011723321822,0.12,0.262546424824035,0.605,0.528
"B230217O12Rik",0.559,0.17207262550736,0.118,0.981712352681325,0.275,0.167
"Tmem63c",0.559,0.152200344428562,0.118,0.629384186199358,0.393,0.3
"Ncbp3",0.559,0.0942716171534529,0.118,0.459312395822803,0.312,0.202
"Gm12296",0.559,0.141331770387918,0.118,1.12381446886526,0.205,0.09
"Lemd3",0.559,0.0734040053014915,0.118,0.273127666956044,0.417,0.312
"Pgr",0.559,0.162202793901711,0.118,0.76339527997895,0.342,0.238
"Spg7",0.559,0.0823991847729929,0.118,0.370387704646244,0.362,0.251
"Plpp4",0.559,0.162300221860195,0.118,1.07835681431459,0.185,0.066
"Lhfpl4",0.559,0.122559765975101,0.118,0.643562648473354,0.308,0.2
"Smarcd3",0.559,0.140183123041408,0.118,0.696975463158754,0.312,0.205
"Rimkla",0.559,0.134492971334166,0.118,1.1491680054309,0.214,0.099
"Miga1",0.559,0.092713460695572,0.118,0.307373034926283,0.487,0.388
"Larp1b",0.559,0.0857551227906004,0.118,0.278769758669749,0.462,0.351
"Arfgef2",0.559,0.0985623864793302,0.118,0.293010695440681,0.502,0.408
"Rcor3",0.559,0.0781309677588706,0.118,0.275000232920949,0.444,0.345
"Efcab2",0.559,0.126906306192144,0.118,0.847593259149371,0.237,0.125
"Fam20b",0.559,0.107412756334774,0.118,0.625916243806422,0.277,0.165
"Xrcc5",0.559,0.0983224174005238,0.118,0.41281159602318,0.344,0.233
"Dnah7b",0.559,0.0818931945901621,0.118,0.481613981230204,0.208,0.087
"Cd99l2",0.558,0.0817894819820575,0.116,0.334171406150017,0.375,0.27
"Syn1",0.558,0.102849060864187,0.116,0.269651478994826,0.614,0.501
"Sf3b2",0.558,0.0851919955323686,0.116,0.316086018903335,0.42,0.32
"Clip4",0.558,0.0970399623293337,0.116,0.356920685821938,0.433,0.316
"Cd200",0.558,0.112602064042463,0.116,0.609128796552136,0.268,0.161
"Lmln",0.558,0.107002892821467,0.116,0.637723937379868,0.277,0.168
"Ube2v2",0.558,0.086596991709153,0.116,0.339114978150778,0.386,0.29
"Hsp90aa1",0.558,0.0762909537694051,0.116,0.337913029263127,0.339,0.229
"Atl1",0.558,0.0998247352779246,0.116,0.309782681729068,0.509,0.418
"Taf1b",0.558,0.0966224747348665,0.116,0.295649333065069,0.511,0.416
"Nbr1",0.558,0.0784546355750119,0.116,0.310070286386354,0.395,0.295
"Clpx",0.558,0.0836173374443948,0.116,0.353185123530123,0.377,0.273
"Sin3b",0.558,0.117949736690592,0.116,0.677680152679767,0.283,0.175
"Phkg2",0.558,0.0925493918942807,0.116,0.533492895194424,0.286,0.18
"Mrpl1",0.558,0.086213813835248,0.116,0.345061664739357,0.406,0.299
"Paxip1",0.558,0.0948118751087491,0.116,0.559583235538537,0.277,0.167
"Ptpru",0.558,0.143718474298538,0.116,1.01838665531218,0.219,0.104
"Trpc3",0.558,0.241808799477732,0.116,0.937474527529579,0.281,0.169
"Ube2f",0.558,0.0760480021328848,0.116,0.355546449261832,0.337,0.229
"Irs1",0.558,0.0577226984977054,0.116,0.273453575472815,0.321,0.205
"Phf6",0.557,0.101002698105308,0.114,0.45701946487056,0.346,0.248
"Gm5820",0.557,0.163741278416797,0.114,0.947068146941509,0.252,0.146
"Srsf7",0.557,0.0835550837845034,0.114,0.250452264423826,0.529,0.432
"Lclat1",0.557,0.0814229236654125,0.114,0.26503259282711,0.491,0.395
"Gas6",0.557,0.0902875063332065,0.114,0.353109245021772,0.384,0.285
"Kcnd2",0.557,0.191239440629724,0.114,0.285526304155247,0.984,0.829
"Pcdh7",0.557,0.194308092749416,0.114,0.304914790522035,0.837,0.771
"Anapc4",0.557,0.0947925174968412,0.114,0.329167645931492,0.438,0.347
"Eif2b3",0.557,0.0820992483474635,0.114,0.441351011827814,0.288,0.183
"Nfatc2",0.557,0.0761039751357503,0.114,0.482464742994804,0.228,0.116
"Qser1",0.557,0.102508626339892,0.114,0.457260474359004,0.342,0.24
"Tor1aip2",0.557,0.103207571032894,0.114,0.413329858656762,0.384,0.277
"Ina",0.556,0.146043072587768,0.112,0.995179840033638,0.239,0.135
"Asxl3",0.556,0.0862202669222628,0.112,0.272194464040326,0.471,0.375
"Cxadr",0.556,0.137378740190103,0.112,0.630897578518798,0.353,0.258
"Mroh1",0.556,0.106388129093393,0.112,0.554000235485209,0.29,0.187
"Lncenc1",0.556,0.184741752916611,0.112,4.6935681572563,0.118,0.006
"Rala",0.556,0.0845684512116454,0.112,0.310640291998456,0.411,0.314
"Wdr60",0.556,0.109276628962486,0.112,0.462730630625575,0.366,0.275
"Mafg",0.556,0.0758331897749497,0.112,0.352184859564309,0.335,0.232
"Slc1a6",0.556,0.144781112091805,0.112,1.66072592069591,0.163,0.055
"AW551984",0.556,0.183468123813393,0.112,3.78848384731811,0.121,0.009
"Vstm5",0.556,0.13129051897388,0.112,1.10060699725543,0.214,0.104
"Lrrc29",0.556,0.103464960811154,0.112,0.745994554073529,0.239,0.132
"1700012D14Rik",0.556,0.0598288874782331,0.112,0.301540384714955,0.281,0.172
"Foxp2",0.556,0.661194135570299,0.112,1.27470289040449,0.357,0.271
"Flt3",0.556,0.150502215800084,0.112,1.08350624830047,0.225,0.119
"Faxc",0.556,0.124661946941454,0.112,0.49129146715824,0.404,0.31
"2610316D01Rik",0.556,0.17310479264363,0.112,0.604715454974513,0.362,0.265
"Ro60",0.556,0.0683560529646761,0.112,0.327545922984447,0.339,0.231
"Als2",0.556,0.0981683271270602,0.112,0.415949993648003,0.346,0.246
"Slc9a6",0.555,0.10175143918301,0.11,0.548557205684166,0.292,0.189
"Hprt",0.555,0.076672154256615,0.11,0.348721576522977,0.342,0.241
"Dgkk",0.555,0.212886402938945,0.11,5.30988875379864,0.114,0.005
"Psd",0.555,0.150700498452808,0.11,0.929152475234047,0.263,0.166
"Stambpl1",0.555,0.0833262352737758,0.11,0.407261662461905,0.306,0.202
"Ap3s1",0.555,0.0959175677016721,0.11,0.323335043027722,0.455,0.37
"Larp4",0.555,0.0690873187866103,0.11,0.256096008356284,0.426,0.328
"Trim23",0.555,0.0773914672063335,0.11,0.320437086643575,0.382,0.288
"Zscan26",0.555,0.081925300168704,0.11,0.399918474654368,0.321,0.218
"Sntg2",0.555,0.245564303118135,0.11,0.87614602389157,0.315,0.218
"Gosr1",0.555,0.100353602446336,0.11,0.533078166130277,0.283,0.18
"Slc16a11",0.555,0.136043030310923,0.11,1.21105175399362,0.196,0.092
"Gid4",0.555,0.121922982599155,0.11,0.825526809616305,0.239,0.132
"Galnt10",0.555,0.100855400664115,0.11,0.543806388967014,0.254,0.147
"Cdkl3",0.555,0.109790827924215,0.11,0.500984328726305,0.308,0.208
"Hdac2",0.555,0.101592480990921,0.11,0.453064680663761,0.346,0.249
"Tmem25",0.555,0.115006507997094,0.11,0.963727269766772,0.219,0.112
"Col4a2",0.555,0.0910927148546767,0.11,0.394070531685475,0.353,0.254
"Agk",0.555,0.107600642440533,0.11,0.400832323339491,0.4,0.309
"9330158H04Rik",0.555,0.244795382335844,0.11,2.77624183509982,0.134,0.024
"Iqce",0.555,0.0965633963601785,0.11,0.401550474670948,0.375,0.285
"Wdr78",0.555,0.108477464023126,0.11,0.493570333811486,0.324,0.227
"B4galt5",0.555,0.108658435523787,0.11,0.565670679767456,0.306,0.208
"Galk2",0.555,0.0644586748593213,0.11,0.260920757136652,0.364,0.264
"Hdx",0.554,0.141758466954799,0.108,0.5111184587914,0.404,0.318
"A330040F15Rik",0.554,0.130461032829713,0.108,1.23536221303667,0.19,0.084
"Klhl22",0.554,0.105523288768535,0.108,0.459575065243333,0.371,0.278
"Slc4a8",0.554,0.0930783125902699,0.108,0.408010941897854,0.373,0.275
"St13",0.554,0.0645805159753514,0.108,0.257750366106591,0.397,0.299
"Dach1",0.554,0.168163350446608,0.108,0.371415185911362,0.344,0.23
"Serpinb6a",0.554,0.0805940203530217,0.108,0.300845279428962,0.402,0.307
"Usp10",0.554,0.0594935248176708,0.108,0.274819662455815,0.35,0.249
"Prmt7",0.554,0.112886342958285,0.108,0.555781810517015,0.319,0.226
"Vdac3",0.554,0.0922185205144029,0.108,0.546478007407906,0.263,0.16
"Spcs2",0.554,0.0806224687555285,0.108,0.55780184397099,0.237,0.133
"Cops4",0.554,0.1025216937516,0.108,0.543742029215559,0.277,0.174
"Guf1",0.554,0.105849548359436,0.108,0.440024704274101,0.373,0.28
"Depdc5",0.554,0.0937149341188531,0.108,0.258874760738365,0.529,0.452
"Nub1",0.554,0.100920597249226,0.108,0.41300954826988,0.373,0.283
"Casz1",0.554,0.15827163634287,0.108,2.44852010117752,0.129,0.021
"Fktn",0.554,0.0664874155917797,0.108,0.25551066646702,0.402,0.303
"Fbxl4",0.554,0.0744459365727915,0.108,0.337426017944397,0.335,0.232
"Trpc4",0.554,0.269454381260749,0.108,0.731009468097906,0.379,0.292
"Usp20",0.554,0.10379974553644,0.108,0.589966703684222,0.281,0.18
"Kcnma1",0.446,0.176451170146836,0.108,0.269819718468856,0.989,0.824
"Zcchc12",0.553,0.132374937908645,0.106,2.56897379607461,0.125,0.019
"Slc5a3",0.553,0.112330465684233,0.106,0.853084504389751,0.212,0.111
"Arhgef40",0.553,0.03455215954605,0.106,0.281400688193088,0.174,0.066
"Fancc",0.553,0.099007712435272,0.106,0.447007220082652,0.324,0.228
"Lrrc45",0.553,0.101606696895885,0.106,0.587815397704403,0.281,0.188
"Tspoap1",0.553,0.0922965773206817,0.106,0.267230244894492,0.565,0.47
"Coro6",0.553,0.121478995918491,0.106,0.938583343022412,0.214,0.11
"Mrpl3",0.553,0.0632261084891065,0.106,0.259402651846673,0.393,0.297
"Zfp949",0.553,0.0971972775936402,0.106,0.544810494823104,0.283,0.183
"Tex9",0.553,0.0879280246562621,0.106,0.588154538096882,0.243,0.14
"Alkbh8",0.553,0.0820691558859039,0.106,0.318646791240459,0.4,0.311
"Gfod2",0.553,0.134345944015213,0.106,0.76048449636139,0.268,0.173
"Eif4e3",0.553,0.116661061666142,0.106,0.5513510938835,0.326,0.235
"A430033K04Rik",0.553,0.114058608966576,0.106,0.73827882515677,0.241,0.141
"Svop",0.553,0.105440008580556,0.106,0.343699409605049,0.5,0.41
"Ttc39a",0.553,0.134216521610886,0.106,2.60834852720859,0.129,0.025
"Erich3",0.553,0.110529247281896,0.106,0.721997561456858,0.246,0.147
"Zmat3",0.553,0.11345225982692,0.106,0.558971928382927,0.319,0.226
"Nceh1",0.553,0.0716166269911969,0.106,0.275866213127576,0.406,0.316
"Mtx2",0.553,0.100151992052963,0.106,0.369587312230572,0.4,0.309
"Sumo1",0.553,0.0782158694069631,0.106,0.257350226067571,0.46,0.368
"Ap1s2",0.552,0.0805514189272575,0.104,0.517436073706427,0.201,0.094
"Hdac6",0.552,0.131385461354398,0.104,0.985809034958998,0.223,0.128
"Wdr43",0.552,0.109568644327884,0.104,0.464060242486015,0.357,0.269
"Tmem191c",0.552,0.116951120523617,0.104,0.466904561077082,0.4,0.312
"Tatdn1",0.552,0.0791906798932863,0.104,0.435698681605521,0.295,0.199
"Sfta3-ps",0.552,0.305383096805099,0.104,3.4851147557087,0.112,0.008
"Ccdc47",0.552,0.0622363347660862,0.104,0.250577033878985,0.373,0.281
"Limk2",0.552,0.0678182657420685,0.104,0.309912161488691,0.321,0.224
"Atcay",0.552,0.11225015405456,0.104,0.463990962077711,0.379,0.293
"Cbarp",0.552,0.159134665738901,0.104,1.27187767366254,0.208,0.11
"Nphp3",0.552,0.0576438370762719,0.104,0.334422691470893,0.25,0.145
"Hcrtr2",0.552,0.168779976688949,0.104,1.53202191130898,0.15,0.046
"Bmper",0.552,0.149149205035677,0.104,0.610175611352685,0.295,0.196
"Tubb3",0.552,0.10509642576987,0.104,0.547450789430521,0.304,0.212
"Zfp961",0.552,0.0940475216970716,0.104,0.431227917216734,0.326,0.234
"Fbxl19",0.552,0.110388249612987,0.104,0.74279693154115,0.248,0.151
"Nup210",0.552,0.133167592163464,0.104,0.636946349625352,0.328,0.238
"Zfp800",0.552,0.0846143498045668,0.104,0.414548377830407,0.297,0.201
"Slc25a40",0.552,0.0815994237853847,0.104,0.523009503854595,0.246,0.144
"Fbxo42",0.552,0.068571075799994,0.104,0.264443456422404,0.402,0.314
"Micos10",0.552,0.0653159567746269,0.104,0.335883567383247,0.306,0.208
"Tmem67",0.552,0.123352357948679,0.104,0.670164591424224,0.279,0.191
"Dcun1d1",0.552,0.0635126719380735,0.104,0.276107276689488,0.353,0.255
"Tcea2",0.552,0.123012111349279,0.104,1.01072770801935,0.217,0.119
"Vstm2l",0.552,0.167808359676621,0.104,1.42970557834674,0.19,0.092
"Psmb7",0.552,0.0775145851131381,0.104,0.395148300803808,0.308,0.212
"Epb41l5",0.552,0.0657813045192785,0.104,0.345482372455503,0.259,0.155
"Ica1l",0.552,0.106977426481249,0.104,0.482832737717096,0.353,0.261
"Gm15246",0.551,0.0859838446198993,0.102,0.589998988485391,0.223,0.123
"Pcsk1n",0.551,0.121110697197766,0.102,1.20371622207646,0.176,0.078
"Dgcr8",0.551,0.0729624208901628,0.102,0.319955058196771,0.353,0.265
"Ero1l",0.551,0.081509689540884,0.102,0.393145964613906,0.328,0.231
"Dnal1",0.551,0.0935903345732033,0.102,0.396242962997304,0.371,0.283
"Cntnap1",0.551,0.114400498593296,0.102,0.909586144581001,0.217,0.12
"Itga3",0.551,0.108119022082626,0.102,1.29289766551653,0.158,0.057
"Heatr6",0.551,0.0825426184138672,0.102,0.345478478181734,0.364,0.275
"Morc2a",0.551,0.0747762020733171,0.102,0.309782278909192,0.357,0.268
"Pwp1",0.551,0.102202099183061,0.102,0.977341000428182,0.179,0.08
"4930598N05Rik",0.551,0.189502301216381,0.102,1.33273296978091,0.196,0.099
"Lztfl1",0.551,0.0870646298021691,0.102,0.328326467298847,0.393,0.307
"Oaz2",0.551,0.087412382218186,0.102,0.516622496062729,0.257,0.163
"Ilf3",0.551,0.0734444350902378,0.102,0.282704621174566,0.415,0.318
"Tox3",0.551,0.143051502565033,0.102,0.448762618473173,0.335,0.236
"Sugp2",0.551,0.0873973480096728,0.102,0.355477807896411,0.388,0.305
"Letm2",0.551,0.0851368662345788,0.102,0.363582921200359,0.342,0.252
"Fbxo25",0.551,0.0986462353633788,0.102,0.555654799493834,0.275,0.179
"9530052E02Rik",0.551,0.139889143322846,0.102,0.903424612849484,0.239,0.148
"Caly",0.551,0.136586168764197,0.102,0.812416437960707,0.263,0.175
"Psma1",0.551,0.0894547634939806,0.102,0.553609795896707,0.263,0.167
"Sec11a",0.551,0.0617700175816591,0.102,0.258370974413702,0.377,0.276
"Hdac11",0.551,0.0855770840413982,0.102,0.536874303719611,0.246,0.15
"Fbxo41",0.551,0.124374667091882,0.102,0.504247751813214,0.393,0.312
"Ywhag",0.551,0.104427952496461,0.102,0.390647701251782,0.4,0.324
"Cep135",0.551,0.0927450611282658,0.102,0.477571226670062,0.295,0.203
"Cyp51",0.551,0.104318242225575,0.102,0.462478180241929,0.321,0.232
"Iffo2",0.551,0.103157604340511,0.102,0.864581422801921,0.217,0.12
"Ccnc",0.551,0.0827295475410028,0.102,0.325469110427106,0.388,0.307
"Phtf1",0.551,0.0878744530205539,0.102,0.256359530255866,0.536,0.457
"Sema6d",0.551,0.179809678849146,0.102,0.303531182281159,0.766,0.711
"Gm10516",0.551,0.109376821793087,0.102,0.823492396105775,0.223,0.127
"Gpc1",0.551,0.124602068669523,0.102,1.40744847811768,0.165,0.066
"Sgpp2",0.551,0.10885968655757,0.102,0.545217869850451,0.272,0.173
"Pgrmc1",0.55,0.0770590295715025,0.1,0.488761576153742,0.228,0.134
"Elp2",0.55,0.0697538500825833,0.1,0.288289549906619,0.379,0.297
"Arhgef33",0.55,0.159926137767973,0.1,1.40603397582994,0.181,0.083
"Heatr5b",0.55,0.0681614690862533,0.1,0.268582704567565,0.386,0.298
"Adamts10",0.55,0.068753389134283,0.1,0.466526010151291,0.217,0.123
"Pcnp",0.55,0.0755757201395832,0.1,0.33349311041924,0.353,0.263
"Plpp1",0.55,0.0539220495630853,0.1,0.324683269676762,0.254,0.159
"Riok1",0.55,0.0783216329040067,0.1,0.347261544761954,0.339,0.25
"Begain",0.55,0.12743887433395,0.1,1.21571858697148,0.183,0.089
"Sptb",0.55,0.097328664275372,0.1,0.412996935987938,0.371,0.283
"Gdpd1",0.55,0.0805745943939808,0.1,0.316678157231446,0.388,0.305
"Snap47",0.55,0.0974405528962689,0.1,0.493147040811426,0.319,0.23
"Zfp692",0.55,0.0765976242636696,0.1,0.359716244636057,0.321,0.232
"1500009L16Rik",0.55,0.128573789697596,0.1,1.43989482698464,0.163,0.066
"Plppr3",0.55,0.115793164654848,0.1,1.16568066525296,0.179,0.083
"Minar1",0.55,0.140449772237099,0.1,2.74459161643898,0.118,0.017
"Psmd7",0.55,0.077477220204828,0.1,0.416823392015552,0.292,0.201
"Cyb5b",0.55,0.0632706933079338,0.1,0.25007499348277,0.379,0.289
"Cmtm4",0.55,0.0813690258385152,0.1,0.38432650554207,0.321,0.237
"C2cd3",0.55,0.0620368995112379,0.1,0.266539525605384,0.337,0.246
"Ubap2",0.55,0.0681865723940077,0.1,0.25251889489066,0.42,0.334
"Gdap2",0.55,0.0888981058339582,0.1,0.51733265169229,0.272,0.183
"Stard7",0.55,0.0740917665737751,0.1,0.29119096789671,0.384,0.305
"Madd",0.55,0.0732344350353537,0.1,0.265526266866036,0.462,0.372
"Kcnt1",0.55,0.121713060591834,0.1,0.557946732228051,0.337,0.25
"Acbd3",0.55,0.0599540402783685,0.1,0.303939892687484,0.301,0.205
"Nop58",0.55,0.0853800850181693,0.1,0.450066214175528,0.304,0.212
"Bclaf3",0.549,0.0716172325959815,0.0980000000000001,0.365008800401964,0.297,0.206
"Mid2",0.549,0.0904043538764371,0.0980000000000001,0.410007044610867,0.312,0.224
"Eef1g",0.549,0.0831049147443777,0.0980000000000001,0.464196953163227,0.281,0.191
"Hspa9",0.549,0.0881177226028779,0.0980000000000001,0.381987163195036,0.337,0.255
"Cul2",0.549,0.0693922070596025,0.0980000000000001,0.274019225504406,0.402,0.319
"Mapk8ip2",0.549,0.0994884882788576,0.0980000000000001,0.758823890525667,0.239,0.148
"Serp2",0.549,0.0857716236680906,0.0980000000000001,0.458857353363636,0.304,0.219
"Sfxn1",0.549,0.0604174607485481,0.0980000000000001,0.302625566274022,0.304,0.214
"Ptpdc1",0.549,0.0587676156177041,0.0980000000000001,0.269121794805671,0.299,0.205
"Mfap3",0.549,0.0565379248669085,0.0980000000000001,0.258282729926978,0.337,0.247
"Ap3d1",0.549,0.0637094539096201,0.0980000000000001,0.275636191877682,0.362,0.277
"Zic1",0.549,0.133449406773994,0.0980000000000001,1.37237547085209,0.132,0.033
"Scn3b",0.549,0.126297168855222,0.0980000000000001,0.668378228657085,0.283,0.196
"Abcb10",0.549,0.0775429619044222,0.0980000000000001,0.603846194919255,0.199,0.103
"Aktip",0.549,0.0666525957000633,0.0980000000000001,0.430413489618471,0.243,0.147
"Clgn",0.549,0.120896605286043,0.0980000000000001,1.07981329581164,0.196,0.103
"Nr2f2",0.549,0.0948222587317374,0.0980000000000001,0.768247676929053,0.156,0.059
"Zim1",0.549,0.123765122501362,0.0980000000000001,3.15353909543305,0.109,0.011
"Mboat7",0.549,0.126711433346335,0.0980000000000001,0.911541367658576,0.223,0.133
"Rph3a",0.549,0.106602272509875,0.0980000000000001,0.336728350446621,0.44,0.356
"Helq",0.549,0.0959025414025733,0.0980000000000001,0.432267099054692,0.342,0.26
"Crocc",0.549,0.0958004783617892,0.0980000000000001,0.439789324449419,0.342,0.258
"Mme",0.549,0.120277232694063,0.0980000000000001,0.901217868644355,0.185,0.086
"Slc27a2",0.549,0.13836262214351,0.0980000000000001,1.77084495101569,0.147,0.051
"Gm13483",0.549,0.0601224216954626,0.0980000000000001,0.378111182334168,0.219,0.121
"Phf8",0.548,0.0754961053501285,0.0960000000000001,0.254861770333484,0.438,0.359
"Chic1",0.548,0.0719295773162394,0.0960000000000001,0.273007319611574,0.408,0.323
"Pnma3",0.548,0.136057144267453,0.0960000000000001,1.88677168306722,0.143,0.05
"Pdzd8",0.548,0.0712842303956515,0.0960000000000001,0.272586258825761,0.384,0.301
"Cemip2",0.548,0.102978844978848,0.0960000000000001,0.499049478526982,0.279,0.196
"Rttn",0.548,0.0581060743834513,0.0960000000000001,0.275683631722577,0.31,0.217
"Rnf138",0.548,0.0596843499328488,0.0960000000000001,0.276288193059038,0.33,0.241
"Mrps10",0.548,0.0979668854434235,0.0960000000000001,0.611981622990775,0.234,0.141
"Mtch1",0.548,0.0882649202693535,0.0960000000000001,0.45239838663837,0.304,0.219
"Scyl2",0.548,0.0794587381775316,0.0960000000000001,0.335847784081319,0.357,0.269
"Bean1",0.548,0.13782549574153,0.0960000000000001,1.32942868041322,0.174,0.082
"Prkaca",0.548,0.0848605833643036,0.0960000000000001,0.436415100241034,0.295,0.209
"Rnf170",0.548,0.0712721952035886,0.0960000000000001,0.361527418078833,0.299,0.213
"Tfdp1",0.548,0.095182543168513,0.0960000000000001,0.479076288574273,0.308,0.222
"Bcl7c",0.548,0.0960284909960779,0.0960000000000001,0.803038973805146,0.188,0.095
"Stk33",0.548,0.11901841876484,0.0960000000000001,1.1762601447402,0.141,0.044
"Elfn1",0.548,0.105752060341382,0.0960000000000001,1.23117269718122,0.141,0.044
"Cplx1",0.548,0.133247260935223,0.0960000000000001,0.821961700003713,0.257,0.171
"Rpl11",0.548,0.0744898968342656,0.0960000000000001,0.565767508444143,0.196,0.101
"Elp1",0.548,0.0692022926880334,0.0960000000000001,0.282876130567074,0.366,0.289
"Impad1",0.548,0.0848631869490209,0.0960000000000001,0.489305124703295,0.248,0.158
"2700069I18Rik",0.548,0.156239532927617,0.0960000000000001,2.44549963941395,0.123,0.028
"Zc3h15",0.548,0.0803868703239831,0.0960000000000001,0.331516371228059,0.373,0.293
"Bbs5",0.548,0.124171629782886,0.0960000000000001,0.803983154183883,0.248,0.162
"Gm14634",0.547,0.0969487428662149,0.0940000000000001,0.859570023142249,0.179,0.085
"Ankrd29",0.547,0.0968919283374731,0.0940000000000001,0.993666450734997,0.17,0.077
"Ttbk1",0.547,0.102682846922937,0.0940000000000001,0.512590364371341,0.312,0.235
"Hsf1",0.547,0.0504320571314343,0.0940000000000001,0.314083478821062,0.259,0.17
"Gstz1",0.547,0.0877805045605025,0.0940000000000001,0.47020200242175,0.286,0.201
"Lpin1",0.547,0.0582812158920454,0.0940000000000001,0.333551814149401,0.259,0.171
"Tmtc3",0.547,0.0722505533442687,0.0940000000000001,0.486062795069473,0.232,0.144
"Gm4924",0.547,0.0860827098135412,0.0940000000000001,0.361649510667266,0.353,0.27
"Matk",0.547,0.13184464429755,0.0940000000000001,0.490107934379675,0.413,0.348
"Akap12",0.547,0.0590385113329815,0.0940000000000001,0.564975714601991,0.154,0.06
"Gm29478",0.547,0.243038363304633,0.0940000000000001,1.84806407851672,0.116,0.022
"Hspa8",0.547,0.0832288359181314,0.0940000000000001,0.439276815272909,0.286,0.199
"Slc7a6",0.547,0.0809460921042222,0.0940000000000001,0.337996786795365,0.379,0.3
"Ano1",0.547,0.212104203619559,0.0940000000000001,1.42869365860707,0.114,0.019
"Tubgcp2",0.547,0.0756568889064447,0.0940000000000001,0.500016293765488,0.248,0.158
"Gga2",0.547,0.120393806553898,0.0940000000000001,0.621993195393549,0.295,0.214
"Tomm40",0.547,0.0702969590570617,0.0940000000000001,0.419415487653145,0.279,0.19
"Rimklb",0.547,0.0805215329382394,0.0940000000000001,0.505674401362337,0.221,0.129
"Krba1",0.547,0.0985770543632596,0.0940000000000001,0.550115723022689,0.275,0.19
"Rnf11",0.547,0.0747178297650132,0.0940000000000001,0.389662491256581,0.299,0.213
"Gm30382",0.547,0.22486362689068,0.0940000000000001,0.630151663136941,0.379,0.302
"Pde11a",0.547,0.202926509496754,0.0940000000000001,1.08306903202282,0.15,0.055
"Capn2",0.547,0.0612062714469447,0.0940000000000001,0.358585360770574,0.248,0.156
"Tdrd5",0.547,0.128694830059044,0.0940000000000001,1.03241613808618,0.208,0.12
"Sept6",0.546,0.0634076612643356,0.0920000000000001,0.258924191598008,0.377,0.293
"Snx32",0.546,0.0689738378465137,0.0920000000000001,0.322786922504029,0.326,0.244
"Txnl1",0.546,0.0857282073956175,0.0920000000000001,0.35878480276634,0.364,0.29
"Rrp1b",0.546,0.110953644812301,0.0920000000000001,0.945568405739341,0.185,0.098
"Zfp251",0.546,0.0740780142160089,0.0920000000000001,0.507404993825043,0.237,0.151
"Siah3",0.546,0.168415947487572,0.0920000000000001,1.35278080393202,0.176,0.087
"Ercc6",0.546,0.0783474864144795,0.0920000000000001,0.310964619097183,0.391,0.314
"Atg2b",0.546,0.0819176729578434,0.0920000000000001,0.345205872563688,0.348,0.269
"Gm12258",0.546,0.0748744392871115,0.0920000000000001,0.523930179840846,0.228,0.139
"Mdh1",0.546,0.0751516752311059,0.0920000000000001,0.370107067720049,0.319,0.236
"Cfap54",0.546,0.113046735439462,0.0920000000000001,0.453560675119044,0.321,0.245
"Fbxl2",0.546,0.102173652479937,0.0920000000000001,0.383939392649225,0.422,0.346
"Slc35g2",0.546,0.10542339321383,0.0920000000000001,1.46191362039411,0.141,0.05
"Zfp810",0.546,0.0964715830829697,0.0920000000000001,0.494802382312815,0.29,0.211
"Afg3l1",0.546,0.0703378122229674,0.0920000000000001,0.331672576651105,0.308,0.222
"Slc9a5",0.546,0.127213454850108,0.0920000000000001,1.2168814331616,0.183,0.097
"Tubgcp3",0.546,0.0675011892214036,0.0920000000000001,0.311034212564863,0.317,0.239
"Gpatch1",0.546,0.0796009740004254,0.0920000000000001,0.363385783332443,0.328,0.248
"A430010J10Rik",0.546,0.144290624945445,0.0920000000000001,1.81126711617984,0.141,0.05
"Nup205",0.546,0.0609238094855688,0.0920000000000001,0.281642338223253,0.328,0.242
"Wipi2",0.546,0.0596183236766505,0.0920000000000001,0.298321533622221,0.308,0.222
"Ccdc92",0.546,0.118955334540625,0.0920000000000001,0.771698339350841,0.246,0.162
"Cdc7",0.546,0.10575216602368,0.0920000000000001,0.931047836402794,0.188,0.1
"Hfm1",0.546,0.132625231867851,0.0920000000000001,0.986206407396252,0.205,0.12
"Uchl1",0.546,0.114746612104066,0.0920000000000001,0.586367622822382,0.312,0.237
"Vwa5b1",0.546,0.161242347014387,0.0920000000000001,2.79398411440731,0.103,0.011
"Prdm11",0.546,0.09510294257815,0.0920000000000001,0.612913964988593,0.237,0.149
"Gpsm1",0.546,0.0843747416754289,0.0920000000000001,0.645723848692322,0.201,0.113
"Ccdc187",0.546,0.118214282390236,0.0920000000000001,1.00994329628426,0.152,0.061
"Carf",0.546,0.0699210273814759,0.0920000000000001,0.341138143283118,0.315,0.232
"Gdap1",0.546,0.0879338894103192,0.0920000000000001,0.355956085733925,0.391,0.316
"Atp6ap1",0.545,0.0715590335817544,0.0900000000000001,0.425677840020542,0.259,0.175
"Atp6ap2",0.545,0.0584590111006117,0.0900000000000001,0.306540237045321,0.295,0.207
"Fam204a",0.545,0.0682465986159311,0.0900000000000001,0.368782105216577,0.272,0.187
"Slc3a2",0.545,0.059428554249471,0.0900000000000001,0.272541383279747,0.328,0.249
"Epb41l4a",0.545,0.0654338461425028,0.0900000000000001,0.449556116665167,0.163,0.07
"Unkl",0.545,0.0709194758535208,0.0900000000000001,0.40112671287783,0.272,0.187
"Rangap1",0.545,0.0907363450230155,0.0900000000000001,0.501385556308651,0.288,0.21
"Uchl3",0.545,0.0600426984123599,0.0900000000000001,0.257355348617084,0.355,0.272
"Nek4",0.545,0.0877724560607975,0.0900000000000001,0.564294908128807,0.246,0.162
"Nek10",0.545,0.186550280243009,0.0900000000000001,1.05043050544828,0.203,0.118
"Habp4",0.545,0.0875329801361348,0.0900000000000001,0.469455470166285,0.295,0.214
"Tmed8",0.545,0.0728131355684489,0.0900000000000001,0.390447404011451,0.288,0.206
"Nol10",0.545,0.0693377578641895,0.0900000000000001,0.300698194910422,0.35,0.275
"Bahcc1",0.545,0.0578104475359772,0.0900000000000001,0.43296427964979,0.208,0.119
"Mrnip",0.545,0.121908886058143,0.0900000000000001,1.13674439244206,0.172,0.087
"Aldh1l2",0.545,0.110652194756735,0.0900000000000001,1.27367395363538,0.136,0.047
"Ppib",0.545,0.0923862229022925,0.0900000000000001,0.407482135202587,0.353,0.282
"Slc44a2",0.545,0.0687886093373484,0.0900000000000001,0.439160864405889,0.237,0.152
"Adat1",0.545,0.0797255654010147,0.0900000000000001,0.508419589166608,0.234,0.152
"D030068K23Rik",0.545,0.132865709465575,0.0900000000000001,2.10726113210469,0.125,0.037
"Tango6",0.545,0.057639087139013,0.0900000000000001,0.302903075791428,0.268,0.181
"Med26",0.545,0.0567921201701235,0.0900000000000001,0.325905269264448,0.268,0.183
"Gm35256",0.545,0.117840316328489,0.0900000000000001,1.64901487198128,0.132,0.042
"Atxn2l",0.545,0.0809118875837022,0.0900000000000001,0.324709753311329,0.379,0.309
"Gramd1a",0.545,0.0578095448085863,0.0900000000000001,0.326935471518178,0.281,0.2
"Pde3a",0.545,0.141174321362498,0.0900000000000001,0.739096902647466,0.145,0.054
"Camk1",0.545,0.045612831815611,0.0900000000000001,0.280398309176031,0.237,0.148
"Por",0.545,0.0632651065768501,0.0900000000000001,0.335097263467531,0.248,0.165
"Rnft2",0.545,0.0925326324989589,0.0900000000000001,0.583421911042356,0.257,0.177
"Gm28050",0.545,0.12409878005754,0.0900000000000001,1.12261900244177,0.185,0.102
"Nfxl1",0.545,0.04805811141913,0.0900000000000001,0.27247496853772,0.259,0.173
"Hadhb",0.545,0.0597084107947076,0.0900000000000001,0.356773772701203,0.248,0.163
"Rcan3",0.545,0.080096108507686,0.0900000000000001,0.790582058250969,0.163,0.074
"Trappc3",0.545,0.0839821630547939,0.0900000000000001,0.566923103282463,0.241,0.154
"Fam92a",0.545,0.0786605321719958,0.0900000000000001,0.402836887349707,0.304,0.226
"Dap3",0.545,0.0661269416706371,0.0900000000000001,0.332926484601442,0.304,0.218
"Slc32a1",0.545,0.118866875072343,0.0900000000000001,1.73494586668613,0.127,0.037
"Fign",0.545,0.265343245153949,0.0900000000000001,0.797781168542202,0.25,0.163
"Gm10862",0.545,0.105775266353624,0.0900000000000001,0.644515336321755,0.272,0.194
"Rassf5",0.545,0.105955041987488,0.0900000000000001,1.18399198866876,0.163,0.077
"Sorcs1",0.544,0.297336923800231,0.0880000000000001,0.508870720643276,0.627,0.589
"Bscl2",0.544,0.0812883263683037,0.0880000000000001,0.508949716030404,0.257,0.173
"Klc2",0.544,0.08760100354886,0.0880000000000001,0.492093535450901,0.286,0.21
"Pggt1b",0.544,0.0514002277381453,0.0880000000000001,0.25376382001867,0.306,0.227
"Kctd20",0.544,0.0569867162088089,0.0880000000000001,0.40857995736443,0.223,0.138
"Cfap44",0.544,0.112310490968392,0.0880000000000001,0.885502667111738,0.158,0.075
"Snx4",0.544,0.060315449583367,0.0880000000000001,0.266143573514509,0.337,0.265
"Map3k13",0.544,0.100431964559198,0.0880000000000001,0.362588813352295,0.391,0.317
"Acvr1b",0.544,0.0852770317467692,0.0880000000000001,0.483333644874358,0.275,0.199
"Shank3",0.544,0.078283998618399,0.0880000000000001,0.277499074535639,0.431,0.366
"Ghr",0.544,0.185706792412244,0.0880000000000001,0.444234959295749,0.478,0.412
"Tmtc4",0.544,0.103920239984243,0.0880000000000001,0.768124773698693,0.174,0.089
"Dbn1",0.544,0.107311512557596,0.0880000000000001,0.431870992709734,0.384,0.325
"4930447C04Rik",0.544,0.125365110615725,0.0880000000000001,0.602230809393883,0.286,0.2
"Tmem132e",0.544,0.122794613873793,0.0880000000000001,1.67301265647297,0.138,0.053
"5330438D12Rik",0.544,0.0530154379283227,0.0880000000000001,0.298130156904194,0.263,0.181
"Nrg4",0.544,0.136029551024781,0.0880000000000001,1.36831353499599,0.161,0.074
"Sc5d",0.544,0.0606853448688608,0.0880000000000001,0.449418931673762,0.217,0.131
"Trmt1",0.544,0.0653362282216122,0.0880000000000001,0.284092185425653,0.362,0.29
"Trim66",0.544,0.117075789711054,0.0880000000000001,1.04989534757333,0.19,0.108
"St8sia2",0.544,0.15518090740988,0.0880000000000001,1.96747986892829,0.118,0.03
"Gm44643",0.544,0.130732518608194,0.0880000000000001,0.855291990441722,0.239,0.164
"Tmem150c",0.544,0.115014406011905,0.0880000000000001,0.549781817005048,0.297,0.22
"Stk32b",0.544,0.154591707882679,0.0880000000000001,2.85650089913089,0.105,0.017
"Aldh4a1",0.544,0.0548422891888368,0.0880000000000001,0.478476512101812,0.176,0.091
"Rusc1",0.544,0.0847745613604473,0.0880000000000001,0.636315635847996,0.237,0.153
"Nmd3",0.544,0.0637117422790435,0.0880000000000001,0.322985728700705,0.304,0.224
"Dnttip1",0.544,0.0735553999455575,0.0880000000000001,0.369305072034253,0.301,0.223
"Lrsam1",0.544,0.0861511171854239,0.0880000000000001,0.759253691956554,0.19,0.105
"Maged1",0.543,0.11224959840383,0.0860000000000001,0.72433923946145,0.228,0.15
"Gm14827",0.543,0.0982490272323184,0.0860000000000001,1.1406428171146,0.163,0.078
"Akap17b",0.543,0.0853795336027964,0.0860000000000001,0.360282567999904,0.346,0.275
"Cdc5l",0.543,0.0494007363417853,0.0860000000000001,0.28500829653211,0.277,0.193
"Zfp799",0.543,0.058207640578523,0.0860000000000001,0.288273448559732,0.312,0.237
"Phf1",0.543,0.066670268067726,0.0860000000000001,0.658221770532717,0.17,0.085
"Rnps1",0.543,0.101103956707693,0.0860000000000001,0.433129597178326,0.362,0.289
"Igf2r",0.543,0.0743855247067101,0.0860000000000001,0.423467697075775,0.263,0.188
"Isl1",0.543,0.174906056385466,0.0860000000000001,3.68858530485029,0.098,0.012
"Hpcal1",0.543,0.0739408322890772,0.0860000000000001,0.560056492158328,0.154,0.068
"Adcy3",0.543,0.0917450711677864,0.0860000000000001,0.509595582965033,0.283,0.209
"Nfe2l1",0.543,0.0508599501786734,0.0860000000000001,0.29903804770613,0.257,0.175
"Dnah9",0.543,0.0647731780097167,0.0860000000000001,0.316798476164569,0.239,0.15
"Ntn4",0.543,0.0848675785490383,0.0860000000000001,0.754904246931357,0.158,0.071
"Rab36",0.543,0.11287834819365,0.0860000000000001,0.732490009444854,0.239,0.164
"Ccdc28a",0.543,0.0790075917148,0.0860000000000001,0.493221015086979,0.248,0.17
"Azi2",0.543,0.060707839066285,0.0860000000000001,0.328592644233776,0.281,0.203
"Ttc13",0.543,0.0663556544684443,0.0860000000000001,0.27294823837521,0.371,0.298
"Zdhhc1",0.543,0.0841399218317603,0.0860000000000001,0.509572979432879,0.254,0.178
"Pbx4",0.543,0.10936551749641,0.0860000000000001,0.895583240730951,0.205,0.127
"Asb7",0.543,0.073030891145796,0.0860000000000001,0.394042123259372,0.283,0.204
"Ddx55",0.543,0.0853803490431889,0.0860000000000001,0.419207499495589,0.308,0.238
"Rpl6",0.543,0.0705126031602764,0.0860000000000001,0.370478775608487,0.281,0.206
"Parm1",0.543,0.0986630829401329,0.0860000000000001,0.419292118151996,0.257,0.171
"Selenoi",0.543,0.0696820356371471,0.0860000000000001,0.293507293200861,0.353,0.279
"Tmem234",0.543,0.0487433635851025,0.0860000000000001,0.261037096724669,0.277,0.192
"Tmem246",0.543,0.0807354039409028,0.0860000000000001,0.596635452373705,0.21,0.129
"Bbs7",0.543,0.0886856283977984,0.0860000000000001,0.475064678057289,0.279,0.204
"Zgpat",0.543,0.0890840002943262,0.0860000000000001,0.65501220410167,0.212,0.133
"Brd3",0.543,0.0731505736705635,0.0860000000000001,0.394508517748064,0.275,0.198
"Traf3ip1",0.543,0.0709454461682982,0.0860000000000001,0.562436340160513,0.21,0.127
"Tmem169",0.543,0.0946742823581556,0.0860000000000001,0.748089381947655,0.21,0.129
"Dnah7a",0.543,0.120778254596205,0.0860000000000001,2.14124511357206,0.107,0.021
"Ofd1",0.542,0.060919594211368,0.0840000000000001,0.346130725644358,0.261,0.185
"Smarca1",0.542,0.0915930974907777,0.0840000000000001,0.318385604778225,0.429,0.362
"Fsd1",0.542,0.103746590156393,0.0840000000000001,1.04112564340033,0.174,0.093
"Psmb1",0.542,0.0594359534937074,0.0840000000000001,0.322817414278888,0.279,0.2
"Abhd10",0.542,0.0808956021665115,0.0840000000000001,0.639584467985807,0.196,0.118
"Tnk2",0.542,0.0658108180368811,0.0840000000000001,0.324543348193041,0.315,0.24
"Dgkg",0.542,0.132470826444416,0.0840000000000001,0.292158897799308,0.558,0.472
"Zfp385a",0.542,0.0806197146723236,0.0840000000000001,0.616752826780575,0.201,0.122
"Mterf3",0.542,0.0858458898342978,0.0840000000000001,0.532944962595575,0.228,0.15
"Adck1",0.542,0.0649149960374108,0.0840000000000001,0.281396739402081,0.346,0.271
"Smoc1",0.542,0.0384246477931281,0.0840000000000001,0.293212450334999,0.152,0.064
"Fam57a",0.542,0.0664461802351732,0.0840000000000001,0.387876008170861,0.272,0.195
"6330403K07Rik",0.542,0.104072049150288,0.0840000000000001,1.50606587341196,0.129,0.047
"P4ha2",0.542,0.0811821009672518,0.0840000000000001,0.851810422375987,0.158,0.078
"Uba5",0.542,0.0621150548483382,0.0840000000000001,0.29997655288248,0.304,0.231
"Ice2",0.542,0.0667932456787057,0.0840000000000001,0.336713749039806,0.286,0.209
"Prdm10",0.542,0.0628636959340271,0.0840000000000001,0.255082393858327,0.364,0.294
"Zfp846",0.542,0.084267823424431,0.0840000000000001,0.472864606471271,0.266,0.187
"Gm45321",0.542,0.12370946158295,0.0840000000000001,2.72621305600418,0.098,0.015
"Kmt2b",0.542,0.0604183509685008,0.0840000000000001,0.378865269644223,0.25,0.17
"Pnmal2",0.542,0.0843982252285222,0.0840000000000001,0.822531495329923,0.167,0.086
"Mdh2",0.542,0.0672771221865848,0.0840000000000001,0.447123085622879,0.237,0.157
"Rhbdd2",0.542,0.0879501543048989,0.0840000000000001,0.859587194402459,0.167,0.086
"Cox18",0.542,0.080098060223047,0.0840000000000001,0.708472619703374,0.19,0.108
"Maea",0.542,0.0443993937403989,0.0840000000000001,0.251619893727853,0.277,0.195
"Gm13112",0.542,0.105802113836159,0.0840000000000001,4.178361647623,0.089,0.005
"Azin2",0.542,0.0922867122525123,0.0840000000000001,0.603614169367882,0.243,0.167
"Nnat",0.542,0.0814806040046587,0.0840000000000001,0.537234460165777,0.147,0.064
"Sec16a",0.542,0.0701582219735425,0.0840000000000001,0.323062939519862,0.317,0.247
"Brox",0.542,0.069393079709896,0.0840000000000001,0.373115824714827,0.277,0.2
"Grem2",0.542,0.0559692091512303,0.0840000000000001,0.368985223012643,0.223,0.139
"Ankrd45",0.542,0.117160596954365,0.0840000000000001,0.659255648153288,0.266,0.194
"Stk25",0.542,0.0667556758974251,0.0840000000000001,0.28303251210931,0.366,0.292
"Bivm",0.542,0.0844403060740645,0.0840000000000001,0.685473364520825,0.196,0.115
"Gm44593",0.541,0.190985521578553,0.0820000000000001,1.18685609377019,0.165,0.085
"Pcgf6",0.541,0.102195888031251,0.0820000000000001,0.541432137760092,0.279,0.21
"Cmtr1",0.541,0.0597755011192136,0.0820000000000001,0.292133525966582,0.308,0.238
"Gm32509",0.541,0.120874689771816,0.0820000000000001,1.16384981214886,0.163,0.085
"Tfcp2",0.541,0.0515603802907879,0.0820000000000001,0.258289982536388,0.297,0.22
"Fam227a",0.541,0.106524808597622,0.0820000000000001,0.587925035295671,0.268,0.196
"Spin1",0.541,0.0573687425793429,0.0820000000000001,0.269172407161748,0.33,0.261
"Dpf3",0.541,0.093750966147322,0.0820000000000001,0.409012688097115,0.214,0.129
"Cep112it",0.541,0.0991372530121,0.0820000000000001,2.02632536096849,0.105,0.023
"Nt5m",0.541,0.062151004147546,0.0820000000000001,0.395366491731511,0.248,0.17
"Izumo4",0.541,0.0643577567461014,0.0820000000000001,0.433088531191235,0.21,0.132
"Slc35f3",0.541,0.132339512335979,0.0820000000000001,0.270960169276545,0.618,0.532
"Sox1ot",0.541,0.131691876517091,0.0820000000000001,0.883087901067464,0.152,0.069
"Stx1b",0.541,0.0948626706304667,0.0820000000000001,0.549509464223998,0.27,0.198
"Gsdme",0.541,0.111722194167132,0.0820000000000001,0.631095519492698,0.248,0.175
"Nyap1",0.541,0.107400222231489,0.0820000000000001,1.0598010364236,0.181,0.104
"Ugdh",0.541,0.0666132225183186,0.0820000000000001,0.43208049642541,0.221,0.142
"Kcnh2",0.541,0.0994737415994935,0.0820000000000001,2.16196937485994,0.109,0.029
"Atad3a",0.541,0.0668425996150772,0.0820000000000001,0.408199998386255,0.254,0.177
"Mrps15",0.541,0.0761214522003426,0.0820000000000001,0.507828301805559,0.225,0.149
"Atp5f1",0.541,0.061691046526862,0.0820000000000001,0.338887381723358,0.27,0.195
"Nrsn2",0.541,0.108901481878834,0.0820000000000001,1.64731342419875,0.123,0.042
"Ttbk2",0.541,0.0735110196234716,0.0820000000000001,0.735980998464906,0.161,0.08
"Golga2",0.541,0.0689642516807159,0.0820000000000001,0.456747080004899,0.237,0.16
"Flvcr1",0.541,0.0641629373930142,0.0820000000000001,0.335690100805311,0.288,0.216
"Wdr12",0.541,0.0711100776499404,0.0820000000000001,0.421230405239814,0.254,0.181
"Rnf128",0.54,0.112311351741552,0.0800000000000001,1.08011260262388,0.161,0.082
"Rlim",0.54,0.0481273429150303,0.0800000000000001,0.26877414594711,0.25,0.176
"Pard6g",0.54,0.0483896655872671,0.0800000000000001,0.45946074968598,0.17,0.089
"Srfbp1",0.54,0.0619677654126513,0.0800000000000001,0.51412272294067,0.19,0.11
"Rell2",0.54,0.0837785627826868,0.0800000000000001,0.991907031541674,0.156,0.079
"Hars2",0.54,0.0584082166730546,0.0800000000000001,0.44646748502737,0.208,0.128
"Cdc23",0.54,0.0580457558366251,0.0800000000000001,0.280998779543735,0.31,0.244
"Tnfrsf21",0.54,0.0789364367458363,0.0800000000000001,0.401646542952512,0.283,0.209
"Zfp160",0.54,0.0607611186176435,0.0800000000000001,0.278048138175285,0.319,0.251
"Wrb",0.54,0.0829664148230519,0.0800000000000001,0.869699049900599,0.161,0.083
"Mrps6",0.54,0.054468861521813,0.0800000000000001,0.440304569855776,0.205,0.126
"Tvp23a",0.54,0.0914922986258579,0.0800000000000001,0.8557167372575,0.174,0.099
"Elp3",0.54,0.0476756434292613,0.0800000000000001,0.25501611974962,0.281,0.206
"Mettl17",0.54,0.0885867898317264,0.0800000000000001,0.541612246253425,0.248,0.179
"Sncb",0.54,0.0613714922342054,0.0800000000000001,0.41668572796275,0.225,0.152
"Ankmy2",0.54,0.0776021355019947,0.0800000000000001,0.398271572135218,0.286,0.213
"Sox11",0.54,0.1066859636267,0.0800000000000001,0.848773036216949,0.188,0.113
"Sdk2",0.54,0.0801981199312546,0.0800000000000001,0.266030128710916,0.355,0.278
"Dcakd",0.54,0.0510466450843255,0.0800000000000001,0.302902417969354,0.243,0.171
"Dhrs13",0.54,0.0984211779446585,0.0800000000000001,2.3149700113826,0.098,0.019
"Zfr2",0.54,0.0755730909417552,0.0800000000000001,0.36619278506655,0.319,0.251
"Megf11",0.54,0.13178229091514,0.0800000000000001,0.560962719467699,0.196,0.118
"D230025D16Rik",0.54,0.0558416128066557,0.0800000000000001,0.348560772687056,0.25,0.176
"Setd1a",0.54,0.0840230772151139,0.0800000000000001,0.610758120320842,0.214,0.139
"Gm44644",0.54,0.141283909600737,0.0800000000000001,1.36681821879136,0.165,0.093
"Megf8",0.54,0.0892444127922299,0.0800000000000001,0.533312077820872,0.246,0.173
"Brsk1",0.54,0.0555163790622668,0.0800000000000001,0.258696525983476,0.337,0.271
"Cmas",0.54,0.0494651546474926,0.0800000000000001,0.267659380765208,0.27,0.198
"Castor2",0.54,0.0609471800394942,0.0800000000000001,0.312240210942383,0.29,0.221
"Fam184b",0.54,0.124159466648848,0.0800000000000001,0.616546991501934,0.263,0.187
"Nom1",0.54,0.06597404102666,0.0800000000000001,0.453045038550247,0.23,0.155
"Mfn2",0.54,0.0632252402929354,0.0800000000000001,0.440933148493734,0.225,0.149
"Stx12",0.54,0.0826053885771619,0.0800000000000001,0.425002252726709,0.286,0.22
"Cpne3",0.54,0.0438510528920986,0.0800000000000001,0.267241082525654,0.237,0.16
"Celf3",0.54,0.0990615376510056,0.0800000000000001,0.430159490540011,0.348,0.288
"Cct3",0.54,0.0587804144043641,0.0800000000000001,0.400172841818474,0.228,0.152
"Hspa5",0.54,0.0824057147121445,0.0800000000000001,0.471155958792172,0.221,0.149
"BC005624",0.54,0.0585036059683217,0.0800000000000001,0.451277680949995,0.205,0.13
"Nup188",0.54,0.0560926417300807,0.0800000000000001,0.28918878703903,0.295,0.224
"Dhtkd1",0.54,0.0588521547094245,0.0800000000000001,0.412301028982073,0.217,0.137
"Aida",0.54,0.0468935990866214,0.0800000000000001,0.309061546537498,0.212,0.135
"Nbdy",0.539,0.06058314472152,0.0780000000000001,0.533224675378385,0.181,0.103
"Armcx1",0.539,0.119331309868632,0.0780000000000001,0.981193005914202,0.192,0.123
"Mpp1",0.539,0.0651425191288627,0.0780000000000001,0.578148648819012,0.179,0.101
"Haghl",0.539,0.0520214063747982,0.0780000000000001,0.456426401096405,0.185,0.108
"Fndc1",0.539,0.108833416011576,0.0780000000000001,1.22382685231979,0.143,0.066
"Pfkm",0.539,0.0819740285978385,0.0780000000000001,0.354427247638575,0.348,0.286
"Pick1",0.539,0.0731794079651973,0.0780000000000001,0.388684142473097,0.279,0.207
"Nup155",0.539,0.0519937097070417,0.0780000000000001,0.291120517141567,0.263,0.193
"Adra1a",0.539,0.0678924875833559,0.0780000000000001,0.304141111818556,0.234,0.155
"Wdr35",0.539,0.0616156667701886,0.0780000000000001,0.306880981309068,0.292,0.22
"Gga3",0.539,0.0750691613536961,0.0780000000000001,0.440649925903145,0.257,0.189
"Tpd52l1",0.539,0.0887503569001011,0.0780000000000001,0.51546476694092,0.225,0.155
"Acvr2b",0.539,0.0455444534919035,0.0780000000000001,0.347592215883141,0.194,0.117
"Trim67",0.539,0.0971901218141247,0.0780000000000001,2.10489083267013,0.1,0.022
"Spire2",0.539,0.0830842500444173,0.0780000000000001,0.862997534107597,0.174,0.099
"Cotl1",0.539,0.0545209345870305,0.0780000000000001,0.661127634649549,0.138,0.061
"B020031H02Rik",0.539,0.187363691332298,0.0780000000000001,4.77032298089065,0.08,0.003
"Dhcr7",0.539,0.076896474668171,0.0780000000000001,0.822432776055946,0.154,0.077
"Ebf3",0.539,0.310476376469666,0.0780000000000001,2.75629928780679,0.089,0.012
"Dnhd1",0.539,0.0821059986811097,0.0780000000000001,0.641545968704407,0.194,0.119
"Whamm",0.539,0.0741453192994796,0.0780000000000001,0.511361601936806,0.225,0.152
"Itfg2",0.539,0.0403663437212246,0.0780000000000001,0.329082960677077,0.179,0.1
"Slc25a26",0.539,0.0742028079867779,0.0780000000000001,0.273157093241039,0.397,0.341
"Polr1a",0.539,0.0572293637238772,0.0780000000000001,0.35606668355178,0.243,0.169
"Rnf34",0.539,0.0715622814705514,0.0780000000000001,0.462180306090974,0.241,0.169
"Pptc7",0.539,0.049939219451063,0.0780000000000001,0.29806380884883,0.252,0.179
"Cdkl2",0.539,0.0921875502768184,0.0780000000000001,0.433176638174677,0.328,0.269
"Mthfd2l",0.539,0.0753088296932027,0.0780000000000001,0.554665735163955,0.194,0.119
"Ppm1g",0.539,0.0656878717335421,0.0780000000000001,0.44293680347631,0.228,0.154
"Clcn6",0.539,0.046404683409715,0.0780000000000001,0.307042115872808,0.232,0.157
"Gstcd",0.539,0.0674791573350376,0.0780000000000001,0.49072415286905,0.199,0.123
"Pofut1",0.539,0.0633744077009346,0.0780000000000001,0.379298153270122,0.25,0.178
"Ass1",0.539,0.0782239681193791,0.0780000000000001,1.47268140404585,0.105,0.026
"Rps6ka6",0.538,0.148950308803129,0.0760000000000001,2.01725401343413,0.121,0.045
"Tab3",0.538,0.053437920319077,0.0760000000000001,0.341363919694893,0.241,0.17
"Gab3",0.538,0.100382477460723,0.0760000000000001,0.632321703984776,0.208,0.138
"Cdk16",0.538,0.0685686787386029,0.0760000000000001,0.52721924334386,0.199,0.127
"Neurl1a",0.538,0.0818731482711174,0.0760000000000001,0.380441494652067,0.33,0.268
"Prpf19",0.538,0.074654743809658,0.0760000000000001,0.676611246137431,0.179,0.107
"Pfdn1",0.538,0.0640147645038544,0.0760000000000001,0.325665947276181,0.283,0.216
"Mdga1",0.538,0.150703188652111,0.0760000000000001,1.37791726253217,0.136,0.062
"Actr8",0.538,0.0430714023763087,0.0760000000000001,0.251052899726433,0.263,0.193
"Emb",0.538,0.0975848369043763,0.0760000000000001,0.571472725861594,0.257,0.192
"Cntnap3",0.538,0.120709763488518,0.0760000000000001,0.537940550544761,0.214,0.136
"Tmx1",0.538,0.0400623129907564,0.0760000000000001,0.323391832245653,0.183,0.108
"Ap4s1",0.538,0.0685710774677845,0.0760000000000001,0.299758584382104,0.321,0.259
"Nup88",0.538,0.0694553615911969,0.0760000000000001,0.355060894662381,0.297,0.227
"Nlgn2",0.538,0.0590151719084702,0.0760000000000001,0.414783990106166,0.228,0.156
"Nipsnap1",0.538,0.0787118892100434,0.0760000000000001,0.466409630749809,0.268,0.203
"Gls2",0.538,0.0919896163939943,0.0760000000000001,0.847111249504594,0.179,0.107
"Slc22a14",0.538,0.10525710000715,0.0760000000000001,0.913455980926448,0.179,0.108
"Idh3a",0.538,0.0742576971245965,0.0760000000000001,0.560046592591584,0.21,0.139
"Zc3h12c",0.538,0.0587887148341832,0.0760000000000001,0.272664867951141,0.306,0.237
"Trappc4",0.538,0.0852614363440735,0.0760000000000001,0.975972916132828,0.141,0.066
"Nob1",0.538,0.0626607300542807,0.0760000000000001,0.431663260394839,0.225,0.155
"Nae1",0.538,0.063956383012429,0.0760000000000001,0.30389004751593,0.315,0.248
"Ppp2r2d",0.538,0.0552243145181121,0.0760000000000001,0.277028121101064,0.277,0.21
"Pstk",0.538,0.0792593989511903,0.0760000000000001,0.382231206519034,0.308,0.245
"Ccdc90b",0.538,0.0877554335498626,0.0760000000000001,0.780107130195681,0.17,0.096
"Zfp974",0.538,0.0831070439586532,0.0760000000000001,0.61382809547885,0.194,0.121
"Lig1",0.538,0.0673732921361076,0.0760000000000001,0.938063010205882,0.125,0.049
"Crbn",0.538,0.0557495680704677,0.0760000000000001,0.337518879238976,0.243,0.176
"Gars",0.538,0.0721258007712202,0.0760000000000001,0.334283431491421,0.312,0.249
"Snx8",0.538,0.0448328971738327,0.0760000000000001,0.522620552800479,0.132,0.054
"Bri3bp",0.538,0.0659555240801455,0.0760000000000001,0.594215650808637,0.179,0.104
"Nrbp1",0.538,0.0609743751048505,0.0760000000000001,0.464985232061859,0.194,0.123
"Pus7",0.538,0.0563128582504411,0.0760000000000001,0.268527500633557,0.326,0.26
"Ctnnbip1",0.538,0.0559210650999143,0.0760000000000001,0.377363033274254,0.212,0.139
"Atpif1",0.538,0.0606368705749924,0.0760000000000001,0.40522337560616,0.234,0.163
"Cyp4x1",0.538,0.108933827060662,0.0760000000000001,0.877087373467753,0.192,0.123
"Vav3",0.538,0.342603537884147,0.0760000000000001,0.790021031385021,0.364,0.291
"Sys1",0.538,0.0770303532528264,0.0760000000000001,0.598081994409991,0.203,0.132
"Ccdc34",0.538,0.0564022405787741,0.0760000000000001,0.337707314945199,0.243,0.171
"Mapk8ip1",0.538,0.0583956208165268,0.0760000000000001,0.349152564758348,0.234,0.164
"Gad1os",0.538,0.0960264141565854,0.0760000000000001,1.69545415046255,0.103,0.027
"Bend7",0.538,0.0782778331062474,0.0760000000000001,0.74405583425997,0.143,0.066
"Fbxo36",0.538,0.045642624383716,0.0760000000000001,0.331492805162527,0.201,0.127
"Gm28756",0.538,0.099359834626914,0.0760000000000001,0.993387279434393,0.161,0.087
"Mospd2",0.537,0.0492930212427226,0.0740000000000001,0.26867047090328,0.263,0.193
"A230072E10Rik",0.537,0.122169594082727,0.0740000000000001,1.49357921628301,0.123,0.049
"Shd",0.537,0.0775182999473933,0.0740000000000001,1.5010241685323,0.105,0.031
"Trap1",0.537,0.0471298807428381,0.0740000000000001,0.279158144023863,0.246,0.179
"Tkt",0.537,0.0345471178040987,0.0740000000000001,0.257554423441645,0.196,0.123
"Pomt2",0.537,0.0576052336159459,0.0740000000000001,0.407342284860991,0.212,0.142
"Trappc6b",0.537,0.058241807590542,0.0740000000000001,0.323550102983594,0.25,0.185
"Samd14",0.537,0.089148916349994,0.0740000000000001,1.88524745043131,0.1,0.027
"Polr2a",0.537,0.0673560747851427,0.0740000000000001,0.426319234361763,0.221,0.155
"Ahsa2",0.537,0.0764161181118052,0.0740000000000001,0.645180922681644,0.174,0.103
"Esr1",0.537,0.164425461466593,0.0740000000000001,1.85454773439921,0.107,0.035
"Rmnd1",0.537,0.0524486794474333,0.0740000000000001,0.281775369792443,0.277,0.209
"Oxsr1",0.537,0.0526010333350005,0.0740000000000001,0.412455941066323,0.205,0.135
"9330159M07Rik",0.537,0.0688505620852438,0.0740000000000001,0.823070280642195,0.132,0.06
"Pigb",0.537,0.0689791583239578,0.0740000000000001,0.449311336080959,0.225,0.156
"Hook2",0.537,0.0948157889372117,0.0740000000000001,0.629716293628728,0.217,0.151
"Rtbdn",0.537,0.0949417898342209,0.0740000000000001,2.0464714062255,0.103,0.03
"Ssbp4",0.537,0.0603094797658088,0.0740000000000001,0.408542768951403,0.232,0.162
"Insyn2a",0.537,0.103917935156645,0.0740000000000001,0.963449651357496,0.161,0.09
"Lmtk3",0.537,0.0977445527227802,0.0740000000000001,0.404725101886817,0.364,0.308
"Nagk",0.537,0.0999840698572364,0.0740000000000001,0.69780561409927,0.208,0.14
"Suclg1",0.537,0.0576770740901844,0.0740000000000001,0.311885253843192,0.277,0.209
"Uvssa",0.537,0.0380303171153135,0.0740000000000001,0.269302021083749,0.208,0.136
"Strip1",0.537,0.0543716880030719,0.0740000000000001,0.404554416094478,0.194,0.122
"Lix1l",0.537,0.0432010713469017,0.0740000000000001,0.40694336561501,0.163,0.09
"Cgn",0.537,0.0849584691103719,0.0740000000000001,1.72782152512304,0.103,0.029
"Noct",0.537,0.0762761037227515,0.0740000000000001,0.467890145149888,0.241,0.175
"Gnasas1",0.537,0.0925890188866461,0.0740000000000001,1.74622686709106,0.098,0.024
"Zdhhc5",0.537,0.052913557478163,0.0740000000000001,0.478347633509691,0.176,0.103
"Tmx2",0.537,0.06800658695533,0.0740000000000001,0.518613957340551,0.196,0.128
"Kyat1",0.537,0.0707750068936484,0.0740000000000001,0.947064280707768,0.129,0.056
"Crb1",0.537,0.13497887932825,0.0740000000000001,1.8840195710519,0.112,0.04
"Insig2",0.537,0.0823234706443736,0.0740000000000001,0.566853140148178,0.214,0.147
"Eif4e2",0.537,0.0631257095425508,0.0740000000000001,0.389480035290559,0.246,0.176
"Ptchd1",0.536,0.118399202848054,0.0720000000000001,0.577273370793544,0.27,0.212
"Ar",0.536,0.142771023815499,0.0720000000000001,0.711392782677665,0.263,0.206
"Crem",0.536,0.0399509696372751,0.0720000000000001,0.272318192411043,0.203,0.133
"Letmd1",0.536,0.0579068674910374,0.0720000000000001,0.524239845320694,0.179,0.11
"Gm31282",0.536,0.0914299303154753,0.0720000000000001,1.13617465340355,0.138,0.07
"Cgrrf1",0.536,0.0591861119138959,0.0720000000000001,0.522672382970134,0.167,0.098
"Ccdc66",0.536,0.0491714577917141,0.0720000000000001,0.256676763910178,0.275,0.21
"A730081D07Rik",0.536,0.0361262657033282,0.0720000000000001,0.272137415806117,0.196,0.126
"Gm26777",0.536,0.0827764268654125,0.0720000000000001,1.4910331263264,0.114,0.044
"Gm40437",0.536,0.112373011200425,0.0720000000000001,1.16349211599821,0.147,0.078
"Dld",0.536,0.0473572508879041,0.0720000000000001,0.310947480699885,0.234,0.166
"Aspscr1",0.536,0.0488984190910542,0.0720000000000001,0.482101981155672,0.165,0.094
"Rxylt1",0.536,0.0461481507038717,0.0720000000000001,0.322688166902521,0.208,0.141
"Lgr5",0.536,0.124536560724415,0.0720000000000001,1.71216393515669,0.105,0.034
"Glb1",0.536,0.0434243687620416,0.0720000000000001,0.272717613052317,0.243,0.175
"Cox7a2",0.536,0.0764078884141715,0.0720000000000001,0.723122714778009,0.154,0.083
"Stt3a",0.536,0.0583698408037714,0.0720000000000001,0.322789254815779,0.25,0.186
"Cep57",0.536,0.0687682925352147,0.0720000000000001,0.468956006340928,0.203,0.137
"Rab4a",0.536,0.0737537448906467,0.0720000000000001,0.572804593155545,0.199,0.129
"Usp38",0.536,0.0635479327088724,0.0720000000000001,0.369845116761456,0.246,0.179
"Colgalt1",0.536,0.0559835628537735,0.0720000000000001,0.29569858458188,0.277,0.212
"Gm2516",0.536,0.115300651708008,0.0720000000000001,2.57986827902632,0.089,0.018
"Fam160a2",0.536,0.0611692719595998,0.0720000000000001,0.278735490276581,0.339,0.276
"Prmt1",0.536,0.0767253850428875,0.0720000000000001,1.06088705092787,0.129,0.06
"Clptm1",0.536,0.0423165075791508,0.0720000000000001,0.284672223919646,0.237,0.169
"Lamtor4",0.536,0.0782417337913937,0.0720000000000001,0.987495391136732,0.145,0.074
"Gm12905",0.536,0.0579800325362763,0.0720000000000001,0.436236208455533,0.217,0.148
"Cdc26",0.536,0.0535469015324757,0.0720000000000001,0.418540952097137,0.181,0.109
"Pnrc1",0.536,0.0897708442316309,0.0720000000000001,0.99702891201362,0.125,0.054
"Gfm1",0.536,0.0566339476911338,0.0720000000000001,0.337933520124882,0.254,0.189
"Gpr149",0.536,0.159042760427056,0.0720000000000001,1.65534080187968,0.114,0.041
"Tmem189",0.536,0.0565319982030575,0.0720000000000001,0.290732214539046,0.272,0.208
"Dhx35",0.536,0.0547450051242048,0.0720000000000001,0.310909695737463,0.261,0.197
"Psmd5",0.536,0.0713399232085515,0.0720000000000001,0.504236469020907,0.208,0.141
"Fam199x",0.535,0.0577767017129532,0.0700000000000001,0.50653452343067,0.179,0.109
"Stx3",0.535,0.0697422407679248,0.0700000000000001,0.34077458922172,0.315,0.26
"Slc39a6",0.535,0.0768760386571964,0.0700000000000001,0.839067390720585,0.143,0.075
"Morn2",0.535,0.0608903362522723,0.0700000000000001,0.640994018783408,0.154,0.086
"Ndufaf7",0.535,0.051789453514359,0.0700000000000001,0.285776390382792,0.268,0.202
"Dus3l",0.535,0.0491812507038833,0.0700000000000001,0.401603079311423,0.192,0.122
"Pigq",0.535,0.0660596579450962,0.0700000000000001,0.470452014689253,0.21,0.144
"Gm1604b",0.535,0.101730828068756,0.0700000000000001,1.22659178545784,0.127,0.059
"Plcxd2",0.535,0.103203249114237,0.0700000000000001,1.02138596776809,0.154,0.086
"Sgsm3",0.535,0.0861011965996213,0.0700000000000001,0.515950269731647,0.257,0.195
"Gga1",0.535,0.0442610844247162,0.0700000000000001,0.368711197864005,0.19,0.122
"Gfra2",0.535,0.101451484371293,0.0700000000000001,0.631728540521078,0.208,0.144
"Vdac2",0.535,0.0370981197314809,0.0700000000000001,0.253754879838892,0.219,0.154
"Anxa7",0.535,0.0598324937495228,0.0700000000000001,0.419858282645128,0.208,0.142
"A230087F16Rik",0.535,0.089477406597465,0.0700000000000001,2.57818623990405,0.087,0.017
"Srp68",0.535,0.0571715300957451,0.0700000000000001,0.506837714142981,0.181,0.112
"Nt5c3b",0.535,0.089519214664158,0.0700000000000001,0.746685671688837,0.183,0.117
"Papolg",0.535,0.0619847609541654,0.0700000000000001,0.328400948015521,0.275,0.214
"4930432B10Rik",0.535,0.071878995556602,0.0700000000000001,0.671342174414303,0.163,0.095
"Ip6k2",0.535,0.0568496314681515,0.0700000000000001,0.252213621170618,0.324,0.267
"Gnb5",0.535,0.0709513411114171,0.0700000000000001,0.285436089672864,0.366,0.312
"Ccdc15",0.535,0.043856364712812,0.0700000000000001,0.368290495453172,0.172,0.102
"A330074K22Rik",0.535,0.0738855427263757,0.0700000000000001,1.47004816180382,0.098,0.028
"Deaf1",0.535,0.0605486644343307,0.0700000000000001,0.319382913211799,0.29,0.228
"Ptdss2",0.535,0.0679845654747794,0.0700000000000001,0.550595306650854,0.185,0.119
"Tmem41b",0.535,0.0510791457386156,0.0700000000000001,0.349583047220988,0.212,0.145
"Nrip3",0.535,0.112759423522884,0.0700000000000001,0.897766244978005,0.179,0.111
"Atg16l2",0.535,0.0630782217849633,0.0700000000000001,0.387487344918873,0.237,0.174
"Rpn1",0.535,0.069309837909865,0.0700000000000001,0.607307314462619,0.172,0.106
"Dgkq",0.535,0.0774585553101584,0.0700000000000001,0.591814456668886,0.19,0.124
"Nup54",0.535,0.0616920225425591,0.0700000000000001,0.389024502496325,0.228,0.161
"Steap2",0.535,0.0722062008462496,0.0700000000000001,0.941635759281223,0.107,0.037
"Trim62",0.535,0.0643362744664947,0.0700000000000001,1.0126408277334,0.112,0.041
"Sec24d",0.535,0.0615878358234728,0.0700000000000001,0.321672471581294,0.241,0.174
"Tmem56",0.535,0.0747041323342755,0.0700000000000001,0.404911559673324,0.252,0.191
"Atp8b2",0.535,0.0786737438962125,0.0700000000000001,0.427033913790964,0.279,0.22
"Thap4",0.535,0.0795907277361143,0.0700000000000001,0.68392029143645,0.188,0.125
"Morf4l2",0.534,0.0530850890482334,0.0680000000000001,0.295417426304987,0.266,0.206
"Cldn34c1",0.534,0.0404441323586873,0.0680000000000001,0.559088514583395,0.114,0.046
"Gm3448",0.534,0.0840697645361703,0.0680000000000001,0.91943683774171,0.147,0.082
"Arvcf",0.534,0.0748928973788978,0.0680000000000001,0.588530735107984,0.185,0.121
"Rpl30",0.534,0.0415418430266551,0.0680000000000001,0.408534726316273,0.165,0.097
"Fbxo16",0.534,0.0996021831552802,0.0680000000000001,0.726020022941733,0.208,0.149
"Nynrin",0.534,0.0741510913146256,0.0680000000000001,1.55703437797211,0.089,0.02
"Tox4",0.534,0.0486559561965587,0.0680000000000001,0.270939095726032,0.248,0.187
"Nrsn1",0.534,0.0869174466077701,0.0680000000000001,0.599388083331369,0.208,0.146
"Actr10",0.534,0.0526952890326227,0.0680000000000001,0.27598514641121,0.272,0.21
"Mrpl38",0.534,0.0755109520008042,0.0680000000000001,0.737153294592559,0.158,0.095
"Krt222",0.534,0.07473241267084,0.0680000000000001,0.55256214441195,0.21,0.148
"Tspyl4",0.534,0.0843071042042716,0.0680000000000001,0.679410088961719,0.174,0.111
"Pfkfb4",0.534,0.0458764674150613,0.0680000000000001,0.320854841815112,0.208,0.145
"Pygo1",0.534,0.0504341166849119,0.0680000000000001,0.401387914693395,0.176,0.109
"Slc7a6os",0.534,0.0739838208511033,0.0680000000000001,0.560603147923144,0.19,0.126
"Dus2",0.534,0.0580150456546411,0.0680000000000001,0.465883170096239,0.185,0.12
"Abce1",0.534,0.0556734361955483,0.0680000000000001,0.260515910880392,0.317,0.257
"Tpcn2",0.534,0.0390104827599834,0.0680000000000001,0.550785453454223,0.114,0.045
"B4galnt4",0.534,0.099418833753945,0.0680000000000001,0.718243600582643,0.214,0.157
"Gpr139",0.534,0.115750074466257,0.0680000000000001,2.65017960116992,0.085,0.017
"Gm45159",0.534,0.119224798249696,0.0680000000000001,0.386431786781895,0.435,0.376
"Nox4",0.534,0.122506935923424,0.0680000000000001,3.07406502097278,0.076,0.008
"Vps33b",0.534,0.0673086046976525,0.0680000000000001,0.549909254241776,0.185,0.122
"Uevld",0.534,0.048611845689905,0.0680000000000001,0.33991501741477,0.21,0.146
"Nrip2",0.534,0.0798103881198955,0.0680000000000001,1.41910225677023,0.103,0.036
"Smyd5",0.534,0.0613214878860941,0.0680000000000001,0.741363199519162,0.147,0.08
"Vps37d",0.534,0.0930791147581624,0.0680000000000001,0.986401860286274,0.152,0.089
"Gtf2ird2",0.534,0.062662454324932,0.0680000000000001,0.417528696170989,0.214,0.152
"Naa25",0.534,0.0542616905540877,0.0680000000000001,0.319781741146143,0.257,0.195
"Bend4",0.534,0.0648828390039651,0.0680000000000001,0.762639698487364,0.147,0.08
"Ift172",0.534,0.069599240836591,0.0680000000000001,0.385002693476415,0.266,0.21
"Rnf32",0.534,0.0863879192938383,0.0680000000000001,0.474461479319949,0.263,0.206
"Slc45a1",0.534,0.0959019362304091,0.0680000000000001,0.626917953107252,0.23,0.171
"Npr2",0.534,0.0747864881997604,0.0680000000000001,0.66593884273045,0.174,0.111
"Srsf12",0.534,0.0674602286769802,0.0680000000000001,0.587864214446549,0.19,0.126
"Gm14296",0.534,0.0422191361731981,0.0680000000000001,0.312848052465214,0.212,0.145
"Zfp64",0.534,0.047705040090238,0.0680000000000001,0.258972005943465,0.252,0.19
"Ypel4",0.534,0.0853047966116349,0.0680000000000001,0.634678188149469,0.212,0.149
"Rbm18",0.534,0.0532922637413648,0.0680000000000001,0.462965641859296,0.172,0.107
"Vav2",0.534,0.0384415596664526,0.0680000000000001,0.320022512596274,0.127,0.057
"Dph7",0.534,0.075802914813274,0.0680000000000001,0.656413025948184,0.176,0.114
"Gm38085",0.534,0.0770690537689482,0.0680000000000001,0.882524748538044,0.152,0.087
"Slc35f5",0.534,0.051260065678675,0.0680000000000001,0.367191619124277,0.199,0.136
"Chst10",0.534,0.0525403322994892,0.0680000000000001,0.350271412348697,0.223,0.158
"F8",0.533,0.0668188381220834,0.0660000000000001,0.632456222125112,0.161,0.097
"Rela",0.533,0.0563320222903886,0.0660000000000001,0.693485977989935,0.127,0.063
"Lmnb1",0.533,0.0740629878963555,0.0660000000000001,0.602079860053108,0.176,0.112
"Igip",0.533,0.050675117854555,0.0660000000000001,0.531111827008824,0.152,0.088
"Enpp5",0.533,0.0482609013729678,0.0660000000000001,0.314073194847778,0.228,0.166
"Ndufv3",0.533,0.0645708924314807,0.0660000000000001,0.71150769313051,0.147,0.082
"Syngr3",0.533,0.089602915193048,0.0660000000000001,1.02270458619941,0.141,0.079
"Riok2",0.533,0.0377412003178661,0.0660000000000001,0.26778172183542,0.214,0.15
"Tcte2",0.533,0.0728788603008413,0.0660000000000001,0.328561753032155,0.312,0.256
"Dynlt1a",0.533,0.0701724586931723,0.0660000000000001,0.895948588595745,0.132,0.067
"Gramd4",0.533,0.0525034891267682,0.0660000000000001,0.290872531549478,0.261,0.2
"Dis3",0.533,0.0419829280831524,0.0660000000000001,0.312436767704217,0.205,0.145
"Nufip1",0.533,0.0549060937635451,0.0660000000000001,0.380834645807044,0.21,0.151
"Pck2",0.533,0.0655559804959178,0.0660000000000001,0.938795787590804,0.121,0.056
"D830030K20Rik",0.533,0.0822391319395663,0.0660000000000001,2.80241382252234,0.078,0.012
"Nsa2",0.533,0.0634173749850066,0.0660000000000001,0.523282422072075,0.158,0.096
"Grk6",0.533,0.0591741166547513,0.0660000000000001,0.402082549945771,0.219,0.158
"L2hgdh",0.533,0.0797197127647693,0.0660000000000001,0.631768000956368,0.19,0.126
"Lrrn3",0.533,0.0657223029489013,0.0660000000000001,0.325422882792907,0.279,0.221
"Cacng5",0.533,0.108988692515515,0.0660000000000001,1.58084592137102,0.109,0.045
"Rnf227",0.533,0.0619088502327713,0.0660000000000001,0.718221721638267,0.147,0.083
"Gck",0.533,0.107387356541759,0.0660000000000001,3.41841644916332,0.074,0.008
"Rnf215",0.533,0.0515771567190282,0.0660000000000001,0.619496015835087,0.136,0.071
"Rnf185",0.533,0.054295123513608,0.0660000000000001,0.341484248407768,0.232,0.171
"Pkib",0.533,0.106997919807988,0.0660000000000001,0.88833522482384,0.167,0.107
"Rwdd1",0.533,0.0517548421586023,0.0660000000000001,0.403145044599278,0.203,0.141
"Ei24",0.533,0.0427502273637134,0.0660000000000001,0.250313104304514,0.259,0.198
"Hapln4",0.533,0.0794331403520545,0.0660000000000001,1.84037544794254,0.094,0.028
"Gm9962",0.533,0.0811039905816781,0.0660000000000001,0.946952656082312,0.134,0.069
"Kcnc3",0.533,0.075715111663402,0.0660000000000001,0.396006709873142,0.268,0.214
"Snrpa",0.533,0.0610316497613548,0.0660000000000001,0.525838759925276,0.165,0.103
"Hspbp1",0.533,0.0747690576732399,0.0660000000000001,0.741747321038782,0.167,0.104
"Fkbp4",0.533,0.0768368934794458,0.0660000000000001,1.14488149927075,0.118,0.054
"Impdh1",0.533,0.0821616615319627,0.0660000000000001,0.991607665528182,0.127,0.063
"Atp5j2",0.533,0.0457060890321515,0.0660000000000001,0.493275736852203,0.161,0.096
"Gm30003",0.533,0.102241347382489,0.0660000000000001,1.71233868949295,0.098,0.033
"Ndufaf6",0.533,0.0629117669523652,0.0660000000000001,0.445359403649614,0.21,0.151
"Tdrkh",0.533,0.0510918682522131,0.0660000000000001,0.521964928166093,0.158,0.094
"Ss18l1",0.533,0.0727774606648821,0.0660000000000001,0.557086470672959,0.214,0.155
"Esf1",0.533,0.081220226856505,0.0660000000000001,0.462908776728424,0.243,0.186
"Ecel1",0.533,0.10048042247212,0.0660000000000001,4.4432621509762,0.069,0.003
"Inha",0.533,0.0913536198490339,0.0660000000000001,0.931334012229124,0.163,0.103
"Slc6a8",0.532,0.0453418646714472,0.0640000000000001,0.465514912214906,0.145,0.082
"Prrg3",0.532,0.0734213479706398,0.0640000000000001,1.02273939485803,0.127,0.065
"Fra10ac1",0.532,0.0487724833557645,0.0640000000000001,0.304377353832861,0.237,0.173
"L3mbtl4",0.532,0.176948075554626,0.0640000000000001,1.34576968950943,0.136,0.075
"Rrn3",0.532,0.0475572547589715,0.0640000000000001,0.303462347224031,0.228,0.17
"Shisal1",0.532,0.0884013647741189,0.0640000000000001,0.787289125521535,0.163,0.101
"Aard",0.532,0.0831888835737893,0.0640000000000001,2.61695429788794,0.078,0.015
"Ggact",0.532,0.0280058683794694,0.0640000000000001,0.26619189681297,0.156,0.093
"Wdhd1",0.532,0.0602012594256806,0.0640000000000001,0.593086768456603,0.163,0.102
"9330162012Rik",0.532,0.0852603257520652,0.0640000000000001,1.14458361718997,0.127,0.065
"Dlk1",0.532,0.17076067434805,0.0640000000000001,3.95460591657326,0.074,0.009
"Pcnx4",0.532,0.060436373637497,0.0640000000000001,0.375299196461944,0.23,0.172
"Gm33680",0.532,0.0321213281061694,0.0640000000000001,0.297498008635012,0.116,0.051
"Ndufa12",0.532,0.0588937817635704,0.0640000000000001,0.536888755889387,0.17,0.108
"Trpm2",0.532,0.0604688028108344,0.0640000000000001,0.391135752191655,0.225,0.17
"Sim1",0.532,0.191875394143184,0.0640000000000001,4.14382717302705,0.067,0.004
"Tcaim",0.532,0.0466751083533793,0.0640000000000001,0.296153710031327,0.228,0.167
"Glce",0.532,0.075899891411174,0.0640000000000001,0.293804748353717,0.353,0.306
"Zfp1",0.532,0.0670759255708562,0.0640000000000001,0.38741021635904,0.257,0.199
"Adcy7",0.532,0.0551163285782315,0.0640000000000001,1.05413461382929,0.083,0.019
"Copg1",0.532,0.0627767297279788,0.0640000000000001,0.394329227312786,0.232,0.174
"Rabgef1",0.532,0.0510381175916145,0.0640000000000001,0.331175301672376,0.225,0.165
"Dtx1",0.532,0.071195656984841,0.0640000000000001,0.563599770852346,0.176,0.118
"Drc1",0.532,0.0821492798125954,0.0640000000000001,0.883589237508822,0.143,0.082
"Trnau1ap",0.532,0.0657961400639809,0.0640000000000001,0.72526566864309,0.145,0.084
"Fndc5",0.532,0.071278236408502,0.0640000000000001,1.04530660662598,0.118,0.054
"Pabpc4",0.532,0.0669272414473923,0.0640000000000001,0.696520840823768,0.152,0.09
"3110021N24Rik",0.532,0.0440870176484089,0.0640000000000001,0.344109779508109,0.183,0.121
"Cnbd2",0.532,0.0563563982600332,0.0640000000000001,0.538878106701162,0.158,0.096
"Ergic3",0.532,0.0475731693303336,0.0640000000000001,0.4898173902287,0.152,0.09
"Rbm45",0.532,0.0611530372098364,0.0640000000000001,0.483997906544686,0.192,0.133
"Scly",0.532,0.0523903265891398,0.0640000000000001,0.538717272393583,0.141,0.077
"Retreg2",0.532,0.0553271035664994,0.0640000000000001,0.408174535374883,0.201,0.141
"2610002M06Rik",0.531,0.0429309128969216,0.062,0.398409981989426,0.152,0.092
"Nlgn3",0.531,0.048538365601561,0.062,0.297796864070843,0.248,0.192
"Gm14966",0.531,0.0519776426042067,0.062,0.459831938679505,0.161,0.102
"Rbbp8",0.531,0.0503234356492596,0.062,0.408879514807305,0.165,0.103
"Prrc2a",0.531,0.0451154155627611,0.062,0.277767685572844,0.225,0.173
"Vars",0.531,0.0557835284686939,0.062,0.569124968056419,0.154,0.094
"Donson",0.531,0.0703870967995302,0.062,0.673851223931883,0.161,0.101
"Dvl3",0.531,0.0385937102972693,0.062,0.34531990029124,0.176,0.115
"Sqle",0.531,0.0596731658659372,0.062,0.5576861662668,0.154,0.093
"Zfp219",0.531,0.0338386617218532,0.062,0.387713881460086,0.127,0.065
"Otx2os1",0.531,0.0961500494921096,0.062,0.556211522576851,0.076,0.014
"Tert",0.531,0.0790214108695471,0.062,1.90978754478821,0.085,0.023
"Gm5441",0.531,0.105226607170694,0.062,1.21707968492921,0.136,0.078
"L3hypdh",0.531,0.0717296863381623,0.062,2.1997742452392,0.078,0.016
"Ccdc57",0.531,0.0637850887065952,0.062,0.281011183850307,0.326,0.277
"Acly",0.531,0.0657930901049158,0.062,0.41916363211634,0.19,0.132
"Flii",0.531,0.0361735448747663,0.062,0.279724037331272,0.174,0.114
"Slc22a21",0.531,0.0746803291938443,0.062,1.4837962805582,0.087,0.025
"Zmiz2",0.531,0.0618909078361451,0.062,0.400290414567983,0.225,0.17
"Prep",0.531,0.0333945192601195,0.062,0.253872398880023,0.21,0.148
"Lyrm1",0.531,0.0604242318805947,0.062,0.436495376315601,0.208,0.151
"Gm44899",0.531,0.041100577013985,0.062,0.421040601356493,0.163,0.102
"Pianp",0.531,0.076749489174532,0.062,0.774167112129536,0.156,0.097
"Lgi2",0.531,0.0750755852060289,0.062,0.461117709068418,0.23,0.175
"Nipal3",0.531,0.0536978578559535,0.062,0.437916747485295,0.181,0.122
"Ubxn11",0.531,0.101986554439454,0.062,0.752025881856213,0.196,0.142
"Lrrc41",0.531,0.0354071105026907,0.062,0.2994898501618,0.188,0.129
"Uqcrh",0.531,0.0642505004852156,0.062,0.532703422151981,0.176,0.117
"Slc35a1",0.531,0.061107275636442,0.062,0.484419509289226,0.199,0.141
"Syt6",0.531,0.173220961381668,0.062,0.931580031893908,0.179,0.118
"Oprl1",0.531,0.0889281024903272,0.062,1.74196648672803,0.096,0.036
"Gm20721",0.531,0.0565836019769387,0.062,0.786686563618334,0.109,0.047
"Cbln4",0.531,0.0901440630878579,0.062,3.65035321325767,0.069,0.008
"Capn10",0.531,0.0712022788811172,0.062,0.672193346277155,0.158,0.1
"Atic",0.531,0.0554230476380826,0.062,0.540860775012384,0.156,0.096
"Mob4",0.531,0.0508287992034482,0.062,0.25085832621407,0.268,0.22
"Actr1b",0.531,0.074237211975918,0.062,0.426040049447572,0.248,0.197
"Tceal3",0.53,0.0895787674453996,0.06,0.801484907709807,0.152,0.095
"Lipo3",0.53,0.0487193389477255,0.06,0.551842362019435,0.134,0.075
"Rps6kb2",0.53,0.059343339395428,0.06,0.468204484500887,0.201,0.145
"Minar2",0.53,0.0756439110440646,0.06,0.74183567768695,0.156,0.1
"Six3os1",0.53,0.0713548497479961,0.06,1.63451249230192,0.076,0.015
"Gpatch11",0.53,0.0609730775086261,0.06,0.701408795875748,0.134,0.075
"Zfp57",0.53,0.0789497547701075,0.06,1.26939578073412,0.1,0.041
"2310061I04Rik",0.53,0.0646785437029172,0.06,1.06522017682654,0.109,0.05
"Slc37a1",0.53,0.0858123532666294,0.06,1.02185231729982,0.132,0.074
"Vps26c",0.53,0.0252548016007995,0.06,0.260370609223156,0.154,0.094
"Crkl",0.53,0.0433954213673352,0.06,0.269179027078066,0.23,0.174
"Rsl1d1",0.53,0.0446844786724436,0.06,0.36336081160921,0.174,0.117
"Gm41414",0.53,0.135222485105219,0.06,0.958184807382809,0.145,0.089
"Zfp641",0.53,0.0528211828945138,0.06,0.540298095925945,0.15,0.092
"Xrcc6",0.53,0.0606838759350849,0.06,0.410301242304228,0.217,0.163
"Gm32618",0.53,0.0455874136484078,0.06,0.404762295461548,0.165,0.108
"Tunar",0.53,0.0821064514733506,0.06,2.20893479742524,0.08,0.022
"Erg28",0.53,0.0514923327996914,0.06,0.382244618607531,0.192,0.136
"Pdia6",0.53,0.0720839721413673,0.06,0.550718119733049,0.185,0.128
"Nup85",0.53,0.0633123058274923,0.06,0.611273279589186,0.156,0.098
"Psmb3",0.53,0.0463660161620643,0.06,0.468441871884746,0.15,0.092
"Myo19",0.53,0.0858596976271413,0.06,0.853092803413388,0.147,0.093
"Ift20",0.53,0.0572883579780652,0.06,0.454943621735802,0.185,0.13
"Kdm6b",0.53,0.0611220393039609,0.06,0.705964391606376,0.125,0.066
"Coq10a",0.53,0.0399381127909514,0.06,0.389679713877259,0.154,0.096
"Uqcrc1",0.53,0.046642822054345,0.06,0.359596337474469,0.19,0.134
"Slc25a20",0.53,0.0570752229798114,0.06,0.832237535784999,0.112,0.052
"Zic4",0.53,0.0763082615651192,0.06,1.03042435853289,0.08,0.02
"Ube2cbp",0.53,0.0848675405130828,0.06,0.883146571971034,0.134,0.075
"Cox5a",0.53,0.034900162331306,0.06,0.31045873773731,0.17,0.112
"Alg9",0.53,0.0582658810505015,0.06,0.382151107792265,0.214,0.16
"Atp5l",0.53,0.0400538619043533,0.06,0.259998931527976,0.228,0.171
"Cpne2",0.53,0.0516581132302071,0.06,0.451554770924271,0.127,0.065
"Scoc",0.53,0.0259593339966992,0.06,0.250690008945428,0.145,0.087
"Dpysl4",0.53,0.0690108848160265,0.06,0.865806177691254,0.141,0.081
"Gys1",0.53,0.0366868569927993,0.06,0.299380948567917,0.192,0.134
"Vstm2b",0.53,0.0850551779724608,0.06,0.704467836863844,0.167,0.111
"Cacng8",0.53,0.0618716561380683,0.06,0.309851554370721,0.288,0.237
"Tsen2",0.53,0.0462011762241505,0.06,0.298585091648352,0.221,0.166
"Paip2b",0.53,0.045181308621299,0.06,0.336112331460114,0.188,0.131
"Fam20c",0.53,0.0682691240633946,0.06,0.524004072244408,0.185,0.129
"Map11",0.53,0.0489859987383721,0.06,0.616481659237686,0.123,0.065
"Nos1",0.53,0.0771316482004951,0.06,0.909477158821024,0.112,0.053
"Paqr3",0.53,0.0750703689566609,0.06,0.542406568108159,0.205,0.155
"Mecr",0.53,0.0913344414021322,0.06,0.433071373628492,0.299,0.251
"Utp11",0.53,0.0339882195463989,0.06,0.304582233156248,0.17,0.112
"Ttc39aos1",0.53,0.0699904306888699,0.06,3.06050272337505,0.071,0.011
"4930412C18Rik",0.53,0.0844067622686163,0.06,1.38144021919393,0.096,0.038
"Gucy1a1",0.53,0.0771485300562835,0.06,0.357208428931105,0.25,0.194
"Arfrp1",0.53,0.0611727529544971,0.06,0.579959580644145,0.147,0.091
"Fastkd1",0.53,0.0410651226241956,0.06,0.315592068051333,0.19,0.133
"Pomt1",0.53,0.0796624784886444,0.06,1.21047665746823,0.107,0.049
"Ankrd16",0.53,0.0459796861544832,0.06,0.342377148200269,0.203,0.149
"Hhat",0.53,0.0554400376938285,0.06,0.577920590933892,0.145,0.085
"Lhx9",0.53,0.11284728244161,0.06,2.79830535483513,0.076,0.017
"Lypd1",0.53,0.11432034986135,0.06,0.810203947982082,0.163,0.107
"3010001F23Rik",0.529,0.0615050027631032,0.058,0.482795600645091,0.188,0.133
"Tspyl2",0.529,0.0438567217799266,0.058,0.292132473296103,0.223,0.172
"Trmt2b",0.529,0.0324823485072592,0.058,0.271031768898317,0.15,0.092
"Cfap47",0.529,0.0349548314875762,0.058,0.3029562519899,0.15,0.094
"Trub1",0.529,0.0543927514265013,0.058,0.310887334839028,0.257,0.206
"Tmem138",0.529,0.0679875438336233,0.058,0.746618846044298,0.147,0.092
"Rpl17",0.529,0.0489367428956205,0.058,0.444515713765509,0.154,0.098
"Tmem181a",0.529,0.0657029622900148,0.058,0.272677131493453,0.348,0.302
"Setd4",0.529,0.0648188545144155,0.058,0.388998453760066,0.248,0.2
"Impg2",0.529,0.0723399305595137,0.058,1.44740797477245,0.087,0.029
"Plxnb2",0.529,0.0354252123656325,0.058,0.404294197321539,0.121,0.064
"Samm50",0.529,0.0517574620996406,0.058,0.379688751600019,0.208,0.155
"Nudcd1",0.529,0.0409912078222798,0.058,0.257466865328426,0.243,0.19
"Ercc8",0.529,0.0588967030103754,0.058,0.475682997022126,0.179,0.124
"Mrps27",0.529,0.0452910626412269,0.058,0.294340532842361,0.225,0.172
"AW209491",0.529,0.0673927509552546,0.058,1.46041141541765,0.092,0.035
"Slc39a9",0.529,0.0459686716861957,0.058,0.305444984765826,0.21,0.157
"Snapc1",0.529,0.0677632202561286,0.058,0.355120418276162,0.263,0.218
"Utp18",0.529,0.0458783833606513,0.058,0.258098973219781,0.266,0.212
"Cenpv",0.529,0.0532248605215943,0.058,0.275284123692075,0.283,0.234
"Hint1",0.529,0.049996254624738,0.058,0.509273722849364,0.143,0.086
"Pex13",0.529,0.046497688620212,0.058,0.273976341028855,0.232,0.18
"Eef2",0.529,0.0441819601524857,0.058,0.356722353608561,0.181,0.125
"Wdr6",0.529,0.0771636878940987,0.058,1.13998649255376,0.112,0.055
"Gm27188",0.529,0.0854595598437116,0.058,1.0492826404236,0.127,0.073
"Ddx25",0.529,0.0891889141032846,0.058,1.14535395962887,0.127,0.072
"Zfp560",0.529,0.0641977357328332,0.058,0.567967018094656,0.158,0.101
"Got2",0.529,0.0506814073002835,0.058,0.265173640009484,0.281,0.233
"P4ha3",0.529,0.0686505577535492,0.058,1.87165725624876,0.076,0.018
"Gm26944",0.529,0.0650309807598585,0.058,0.627626435005102,0.145,0.09
"Nucb1",0.529,0.0430673250425878,0.058,0.420370519558967,0.147,0.091
"Smim17",0.529,0.0712596566093255,0.058,1.11033224139112,0.114,0.057
"Shisa7",0.529,0.0927939265470251,0.058,0.453883855323276,0.29,0.253
"Sdhaf3",0.529,0.0465412922349085,0.058,0.378484925952577,0.181,0.128
"Katnal1",0.529,0.0550502915916596,0.058,0.386892882870158,0.201,0.15
"Tctn2",0.529,0.0625824759163491,0.058,0.485067244206396,0.196,0.142
"Btf3l4",0.529,0.0544488976717059,0.058,0.35304061060733,0.221,0.164
"Gm29865",0.529,0.107401991517808,0.058,1.76181268026138,0.092,0.034
"Cog6",0.529,0.0444125257112329,0.058,0.265521900970688,0.252,0.201
"Ssrp1",0.529,0.0451600625602572,0.058,0.307051620877374,0.232,0.178
"Trdmt1",0.529,0.0478676019800985,0.058,0.433245687600819,0.154,0.097
"Camk1g",0.529,0.0737032618289153,0.058,1.08435201023922,0.121,0.064
"Taf1a",0.529,0.0392093736189384,0.058,0.269608528697225,0.214,0.16
"Hspe1",0.529,0.0566855432875054,0.058,0.897057696881998,0.109,0.053
"Rtl5",0.528,0.0772842883715683,0.056,2.30031635651244,0.071,0.015
"Smndc1",0.528,0.0242405726671946,0.056,0.263285902867303,0.143,0.088
"Atg2a",0.528,0.0311889084981607,0.056,0.263256970221722,0.185,0.132
"Slc29a1",0.528,0.0870748773173436,0.056,1.01514465863526,0.121,0.067
"Rhot2",0.528,0.0457907145645148,0.056,0.362544536108835,0.188,0.136
"Map3k12",0.528,0.0594292688626013,0.056,0.354966046657221,0.252,0.207
"Mrpl13",0.528,0.0550965002439816,0.056,0.567976588969767,0.143,0.09
"Nedd8",0.528,0.0275348678783287,0.056,0.289270530855635,0.152,0.096
"Mettl3",0.528,0.0452195400670005,0.056,0.461322166826454,0.15,0.095
"Shld2",0.528,0.0573514114965704,0.056,0.32617752133594,0.219,0.172
"E2f6",0.528,0.0431840460869637,0.056,0.404780219238488,0.154,0.097
"Arhgef15",0.528,0.0635426136510852,0.056,0.971817891410729,0.103,0.048
"Sh3bp5l",0.528,0.0497159215337429,0.056,0.67496743166382,0.118,0.064
"Fbxl12",0.528,0.0762447340042722,0.056,0.374553121386697,0.263,0.216
"Kbtbd3",0.528,0.0620434156645507,0.056,0.529740428448428,0.167,0.116
"Chid1",0.528,0.0766175492006052,0.056,0.642240010775399,0.176,0.128
"Ndufc2",0.528,0.0378684561449683,0.056,0.435827062555544,0.127,0.074
"Syt3",0.528,0.0589636090004923,0.056,0.688823067509023,0.143,0.088
"Zfp975",0.528,0.034810065056337,0.056,0.290995624247173,0.181,0.127
"Spred3",0.528,0.0525791717505877,0.056,0.579131883133901,0.147,0.092
"Dmac2",0.528,0.0348522857243914,0.056,0.35522495944273,0.152,0.097
"Rad9b",0.528,0.0473018789894434,0.056,0.62309445607795,0.118,0.063
"Cox6a1",0.528,0.0695712184470148,0.056,0.801336407372077,0.138,0.084
"1500011B03Rik",0.528,0.0538119896577109,0.056,0.47923606414629,0.174,0.121
"Wdr19",0.528,0.0600621299428665,0.056,0.386434215070469,0.225,0.178
"4932441J04Rik",0.528,0.0688806036484312,0.056,0.785627462242569,0.134,0.08
"Ints11",0.528,0.0598343723759972,0.056,0.576210041760905,0.158,0.107
"Dvl1",0.528,0.0400164387139081,0.056,0.306271897517943,0.194,0.141
"Mrgbp",0.528,0.0345289242744959,0.056,0.432647858253572,0.132,0.076
"Taf4",0.528,0.0400069327228328,0.056,0.272706709685059,0.21,0.161
"Blcap",0.528,0.0537513547728866,0.056,0.383529000199274,0.199,0.147
"Slc12a1",0.528,0.0847574222921798,0.056,3.53204901589215,0.065,0.008
"Tspan18",0.528,0.0636030966364883,0.056,0.57786835878554,0.1,0.044
"Wdr5",0.528,0.0588859004866607,0.056,0.494245339110654,0.176,0.126
"Gm16894",0.528,0.0623840302002036,0.056,0.631775260931787,0.154,0.103
"Nwd2",0.472,0.61187044061945,0.056,1.23096100843437,0.346,0.398
"Klf8",0.527,0.0711743916729081,0.054,0.325996047795522,0.286,0.246
"Fgd1",0.527,0.041241770261666,0.054,0.388335509951738,0.167,0.116
"Pim2",0.527,0.0581410099072245,0.054,0.70775328683861,0.129,0.076
"Trmt61b",0.527,0.0738764218649,0.054,0.607924484578996,0.176,0.127
"Fam124a",0.527,0.0707892440956307,0.054,0.49237534943826,0.203,0.154
"Gm41077",0.527,0.0496786498925738,0.054,0.636466609626375,0.114,0.06
"Hrh2",0.527,0.0504239617280945,0.054,0.492494166411213,0.154,0.103
"Asb13",0.527,0.0474615742705793,0.054,0.355402072828717,0.194,0.145
"Lrrc9",0.527,0.0352841986557424,0.054,0.490472341834963,0.087,0.033
"Dmac2l",0.527,0.0357565775634787,0.054,0.391475035090245,0.134,0.081
"1110002L01Rik",0.527,0.040309262464739,0.054,0.421363156562562,0.138,0.085
"Atp5g1",0.527,0.061854334868027,0.054,1.08428743187179,0.103,0.049
"Lhx1os",0.527,0.0763133577375234,0.054,7.5138609335472,0.054,0
"Tmem200a",0.527,0.0643809438036744,0.054,0.284045041981825,0.254,0.205
"Zdhhc3",0.527,0.038698714014883,0.054,0.250795048778437,0.219,0.168
"Celsr3",0.527,0.0726719544206304,0.054,0.676677324859375,0.174,0.128
"Smco4",0.527,0.0453351920256548,0.054,0.978891833242394,0.076,0.022
"Cfap300",0.527,0.0926563925244126,0.054,0.736961482715091,0.176,0.13
"4931428F04Rik",0.527,0.0707899250973426,0.054,1.05036609598167,0.112,0.058
"Cers1",0.527,0.0447275458199368,0.054,0.357196245955884,0.201,0.148
"4930590J08Rik",0.527,0.0792872266629207,0.054,1.3235963727652,0.1,0.049
"Actl6b",0.527,0.0843023019064923,0.054,0.492013741840916,0.259,0.218
"Erp29",0.527,0.0344284483486128,0.054,0.29140236519116,0.17,0.118
"Plekhn1",0.527,0.0303871710720376,0.054,0.265156066463708,0.176,0.125
"Tmem39b",0.527,0.0740118210620981,0.054,0.851114881245279,0.129,0.08
"Gm12940",0.527,0.0502405417243748,0.054,0.292697880970956,0.243,0.196
"Lrp8os3",0.527,0.0707268834844012,0.054,2.85870126042571,0.065,0.01
"Triqk",0.527,0.0509206397329439,0.054,0.679315868685279,0.123,0.068
"Riiad1",0.527,0.0445008365508967,0.054,0.827644071039443,0.092,0.038
"Polr3k",0.527,0.0639618882017593,0.054,0.863586695826871,0.116,0.065
"Ckmt1",0.527,0.0726519635652337,0.054,0.922039217690132,0.134,0.082
"Cdan1",0.527,0.0558916850051428,0.054,0.524964691098475,0.156,0.105
"Acp2",0.527,0.0394901819249324,0.054,0.329214670046016,0.172,0.119
"C230014O12Rik",0.527,0.0890534918822683,0.054,1.67933286577408,0.089,0.036
"Ncs1",0.527,0.0572327483070715,0.054,0.289306626665924,0.29,0.247
"Gm37814",0.527,0.0559803845225954,0.054,0.733857574804076,0.143,0.089
"3632454L22Rik",0.526,0.0699400484537023,0.052,2.40012755308026,0.065,0.014
"Plxna3",0.526,0.0561215841300774,0.052,0.990555901272496,0.094,0.043
"Jade3",0.526,0.0520759735630249,0.052,0.35745109903984,0.217,0.173
"Peli3",0.526,0.0884197487740604,0.052,0.933950949298932,0.138,0.09
"Ssh3",0.526,0.0514094166744532,0.052,0.71525474240901,0.123,0.072
"Mbd1",0.526,0.0436039608878556,0.052,0.323049049577806,0.194,0.146
"Six3",0.526,0.094445462566492,0.052,2.22424654371019,0.071,0.019
"Uhrf1bp1",0.526,0.0517751397569777,0.052,0.561796701136128,0.136,0.087
"Fam173a",0.526,0.0434256984891154,0.052,0.397881117591801,0.156,0.108
"Zfp946",0.526,0.0402650721617005,0.052,0.464492604205218,0.123,0.072
"Gnb1l",0.526,0.0595353722731962,0.052,0.883403891514957,0.105,0.053
"Glis2",0.526,0.0480049076500662,0.052,0.707541880321565,0.109,0.059
"Rabl2",0.526,0.0543693373671846,0.052,0.491303649307417,0.165,0.118
"Kctd9",0.526,0.0463135150423184,0.052,0.502721942245718,0.136,0.085
"Pdcd6",0.526,0.0496957746528709,0.052,0.624406929753437,0.127,0.076
"Gm15892",0.526,0.0532254548966855,0.052,1.20379219834446,0.083,0.031
"Doc2b",0.526,0.0698232540096699,0.052,0.914814599659846,0.118,0.068
"Tvp23b",0.526,0.0301189759428117,0.052,0.371689614692778,0.125,0.074
"Kcnj12",0.526,0.0570468262995283,0.052,1.08037553864122,0.098,0.048
"Slc22a4",0.526,0.0417666432244476,0.052,0.434492637462021,0.134,0.084
"Zfp354c",0.526,0.067184704693404,0.052,0.498270044487646,0.19,0.142
"Txnrd1",0.526,0.0474443504908188,0.052,0.314473235296036,0.21,0.162
"Tfam",0.526,0.0668587050990157,0.052,0.962507961523095,0.107,0.057
"Zcwpw2",0.526,0.0644768337952089,0.052,0.320730550196393,0.272,0.226
"Dis3l",0.526,0.0451094193444283,0.052,0.435992020717013,0.143,0.094
"9530077C05Rik",0.526,0.039458449352982,0.052,0.373256451284137,0.156,0.107
"Zfp653",0.526,0.0367121858145104,0.052,0.311700222446138,0.172,0.121
"Zfp30",0.526,0.0602599781168836,0.052,0.565077151785701,0.152,0.102
"Crebl2",0.526,0.0462417727974579,0.052,0.363661187443727,0.183,0.137
"Xpc",0.526,0.0340923426565664,0.052,0.286462476266266,0.179,0.13
"Sh2b2",0.526,0.0379753998908547,0.052,0.673193061835772,0.08,0.029
"Prkrip1",0.526,0.0297481867655855,0.052,0.308737012178319,0.143,0.092
"Zbtb49",0.526,0.0577478952788459,0.052,0.64269518926163,0.134,0.086
"Kif17",0.526,0.0657139950368407,0.052,0.444900092466536,0.219,0.175
"Tmem38b",0.526,0.0504889783263209,0.052,0.405036247019802,0.174,0.127
"4930570G19Rik",0.526,0.0762601848015058,0.052,0.451786368304524,0.234,0.192
"Gm17494",0.526,0.0866278794403482,0.052,0.585296796094745,0.203,0.159
"Hcn3",0.526,0.0643125118643823,0.052,1.37925481345739,0.087,0.035
"Bbs12",0.526,0.0512511483308977,0.052,0.762733902919467,0.109,0.059
"Zbtb46",0.526,0.0292441467059199,0.052,0.284782102085512,0.145,0.094
"Snx21",0.526,0.0392928715017294,0.052,0.399289225626732,0.147,0.096
"Xkr7",0.526,0.0668601462146757,0.052,1.32157537227916,0.089,0.037
"Ubox5",0.526,0.0436811504785224,0.052,0.378179833899861,0.167,0.117
"Emc4",0.526,0.0499768846393031,0.052,0.628403011363325,0.127,0.077
"Eif3m",0.526,0.0475214040955689,0.052,0.282072927239277,0.234,0.188
"Nat10",0.526,0.0436877825704571,0.052,0.30960082007893,0.205,0.157
"Arpc5l",0.526,0.0617970128704666,0.052,0.626775878428175,0.136,0.086
"Dpm2",0.526,0.0446716844054774,0.052,0.492540284590168,0.152,0.102
"Cacybp",0.526,0.0602885203913289,0.052,0.882429875616873,0.105,0.053
"Ankrd39",0.526,0.0540029349644802,0.052,0.723704962215103,0.109,0.059
"Mcf2",0.525,0.0653027416624697,0.05,0.728995853144882,0.132,0.083
"Pdzd7",0.525,0.0599775068784165,0.05,1.42049069792986,0.085,0.036
"Erlin1",0.525,0.0516255727861695,0.05,0.291057814603431,0.254,0.21
"Arl2",0.525,0.0585211416173803,0.05,0.733270255012863,0.114,0.065
"Gm45871",0.525,0.0507580939254138,0.05,0.74392329074305,0.103,0.054
"Rmc1",0.525,0.0475123948037257,0.05,0.555668386703343,0.141,0.092
"A930029G22Rik",0.525,0.0433783724529944,0.05,1.14148223826306,0.078,0.028
"Ring1",0.525,0.0639521904682815,0.05,0.573751544299775,0.156,0.11
"Gm26549",0.525,0.0308421830537263,0.05,0.32694913472031,0.147,0.099
"Mettl26",0.525,0.0549527591527272,0.05,0.897226135093333,0.1,0.052
"Drd3",0.525,0.134152525323325,0.05,2.67553548768408,0.065,0.014
"Tctex1d2",0.525,0.0508017755321307,0.05,0.694002171926018,0.105,0.055
"Dgat1",0.525,0.0273781773795552,0.05,0.29456727809466,0.145,0.096
"Nefm",0.525,0.0660958653105235,0.05,0.822213144619115,0.118,0.07
"Gprin2",0.525,0.0761234264647905,0.05,4.38361218681008,0.054,0.003
"Txndc5",0.525,0.0413215761500515,0.05,0.524720757326044,0.118,0.07
"Tmem229b",0.525,0.0524218140776457,0.05,0.447193485420411,0.174,0.128
"Cep131",0.525,0.0540213772220471,0.05,0.518686575113452,0.161,0.114
"Aarsd1",0.525,0.0363566631466655,0.05,0.293347208642489,0.183,0.136
"Ints2",0.525,0.0522888983165111,0.05,0.34338816508479,0.217,0.174
"4933439C10Rik",0.525,0.0447135490603021,0.05,0.502378117970312,0.136,0.087
"Gemin5",0.525,0.044269818328518,0.05,0.347407840697664,0.194,0.148
"Phykpl",0.525,0.0473853215312194,0.05,0.546119351116118,0.121,0.072
"Mpg",0.525,0.0524165897211285,0.05,0.883109802907898,0.094,0.045
"Atp23",0.525,0.0483366039259983,0.05,0.753420776155624,0.107,0.058
"Apc2",0.525,0.0715997957538951,0.05,0.613718771763027,0.163,0.118
"Wdr18",0.525,0.045137068107658,0.05,0.646354587460894,0.114,0.065
"Hddc2",0.525,0.0591589037347834,0.05,0.875755857628536,0.105,0.057
"Gm9856",0.525,0.0336492542066218,0.05,0.345214031423932,0.147,0.098
"Pomgnt2",0.525,0.0686195650281576,0.05,1.27743618040881,0.096,0.047
"Gm16126",0.525,0.066033087090668,0.05,1.13924191028398,0.096,0.046
"Senp8",0.525,0.0357430114999482,0.05,0.389264852335181,0.138,0.09
"Fxyd6",0.525,0.0802291651263009,0.05,1.28029692979441,0.094,0.045
"Gm29724",0.525,0.0699085666512925,0.05,1.04776099256336,0.109,0.06
"Arv1",0.525,0.0492520998083516,0.05,0.592594811943742,0.129,0.082
"Capns1",0.525,0.0278709015557042,0.05,0.355983300831198,0.121,0.071
"Gabarapl1",0.525,0.0337484029839507,0.05,0.285255443261122,0.17,0.124
"Gm26638",0.525,0.0472544594940204,0.05,0.548541854270984,0.134,0.087
"Tspan33",0.525,0.0697932224043486,0.05,0.73415718649097,0.145,0.099
"Sbds",0.525,0.0362937301559794,0.05,0.310040593622,0.163,0.116
"Unc119b",0.525,0.0560238419815967,0.05,0.722767302880246,0.118,0.07
"C130026L21Rik",0.525,0.0867282552857104,0.05,1.34263760610588,0.105,0.058
"Szrd1",0.525,0.0331444673980573,0.05,0.292274159617181,0.158,0.11
"Cda",0.525,0.0779144848592175,0.05,1.85562834590545,0.08,0.031
"Sgms2",0.525,0.019755619768289,0.05,0.306734932273347,0.076,0.025
"Ampd2",0.525,0.0334777992219316,0.05,0.476774790613828,0.109,0.059
"Ubqln4",0.525,0.0449287899896557,0.05,0.379439214949582,0.179,0.133
"Gm15952",0.525,0.0452840103435445,0.05,0.552278016966909,0.116,0.067
"Snx16",0.525,0.0576174923056883,0.05,0.378271909369949,0.219,0.177
"Rmdn3",0.525,0.0671501751294425,0.05,0.484727053971922,0.201,0.156
"Spout1",0.525,0.0531879441151946,0.05,0.685876050159653,0.125,0.076
"Usp21",0.525,0.0356465924342837,0.05,0.329118539963626,0.161,0.113
"Eif1ax",0.524,0.0432307585026568,0.048,0.456908954166663,0.138,0.092
"Slc7a3",0.524,0.0546288559457028,0.048,1.55295140465926,0.069,0.021
"Gdpd2",0.524,0.0538566492501658,0.048,1.59419007099956,0.06,0.011
"Vegfb",0.524,0.0312168297109219,0.048,0.410170238766036,0.116,0.068
"Katnal2",0.524,0.0638692487514466,0.048,0.484779080911397,0.172,0.13
"Tbc1d24",0.524,0.0467536764709613,0.048,0.279207433851816,0.252,0.212
"Zfp52",0.524,0.0378283834533656,0.048,0.487356003968192,0.118,0.072
"Tmem186",0.524,0.0528372424414793,0.048,0.499917550094977,0.156,0.112
"Panx2",0.524,0.0566858531958799,0.048,0.823248191473051,0.121,0.073
"Rpl3",0.524,0.0276121891258918,0.048,0.29602095183512,0.136,0.088
"Scrib",0.524,0.0335784152287224,0.048,0.438131822690773,0.114,0.068
"Nrg3os",0.524,0.0619626286659362,0.048,0.305431069519789,0.301,0.266
"Gm3248",0.524,0.0500937457946684,0.048,1.45001750480998,0.062,0.015
"Srek1ip1",0.524,0.033684233009653,0.048,0.280733056440193,0.176,0.13
"Jmjd6",0.524,0.0274255434443639,0.048,0.299525555695871,0.136,0.088
"5530401A14Rik",0.524,0.0611581623512754,0.048,1.05231703291189,0.1,0.053
"Pigl",0.524,0.0344317197813733,0.048,0.31512170179156,0.156,0.11
"Trim7",0.524,0.0181162501541445,0.048,0.327350861909715,0.085,0.037
"Ddc",0.524,0.0547390410724094,0.048,0.709472414774639,0.071,0.022
"Gm15397",0.524,0.0594441876338581,0.048,1.87691155516327,0.069,0.023
"Gm15398",0.524,0.0708088245884702,0.048,1.00066173960978,0.105,0.058
"Supv3l1",0.524,0.065903940009682,0.048,0.471252641457901,0.196,0.156
"Pxylp1",0.524,0.0723374295114005,0.048,0.603387341682667,0.161,0.118
"9230112J17Rik",0.524,0.0625044619773789,0.048,1.89667870112849,0.071,0.024
"Hyou1",0.524,0.0412987828666409,0.048,0.428265932177832,0.145,0.099
"Cox4i1",0.524,0.0340969230334932,0.048,0.314608148561049,0.154,0.107
"Smim19",0.524,0.0228346410287334,0.048,0.281725856779079,0.121,0.073
"Naxd",0.524,0.0361901745717967,0.048,0.280534672838533,0.188,0.141
"Tnfsf13b",0.524,0.0417660290306568,0.048,1.11097936946127,0.069,0.022
"Capn5",0.524,0.0374272791099718,0.048,0.573057290404332,0.1,0.053
"Mesd",0.524,0.065039620706419,0.048,0.864462123387097,0.105,0.058
"Gm26633",0.524,0.0739638200993195,0.048,2.25843740684361,0.06,0.013
"Gm44812",0.524,0.0715704983853163,0.048,1.8551780183407,0.067,0.018
"Iglon5",0.524,0.0709534356770438,0.048,0.650175403486031,0.161,0.117
"Zfp715",0.524,0.0280245812645722,0.048,0.354136311032192,0.118,0.072
"Ube2m",0.524,0.0532863604898351,0.048,0.706434381589683,0.118,0.072
"Nfu1",0.524,0.0301030336288937,0.048,0.273348529511878,0.165,0.118
"Igf2bp3",0.524,0.0459349616278177,0.048,0.533097144613222,0.129,0.083
"Ndufb2",0.524,0.0435583288974535,0.048,0.491481247920531,0.132,0.086
"Fam3c",0.524,0.0530840422712154,0.048,0.324377618999221,0.219,0.174
"Pom121",0.524,0.0333734512894156,0.048,0.284315694359653,0.17,0.124
"Tctn1",0.524,0.0472659131278531,0.048,0.58907824473059,0.127,0.081
"Klhl8",0.524,0.0414560602347083,0.048,0.256536845306021,0.232,0.19
"Tnip2",0.524,0.0334953052293337,0.048,0.288496087300487,0.152,0.106
"Atraid",0.524,0.0310343034207664,0.048,0.278862253004698,0.165,0.12
"Ajap1",0.524,0.0731640966319176,0.048,0.339915177199636,0.29,0.248
"Nudc",0.524,0.042168404534295,0.048,0.543124048414862,0.127,0.08
"Kank4",0.524,0.0517236228623311,0.048,1.35039918765339,0.069,0.022
"Eef1a2",0.524,0.0509999612251906,0.048,0.435684491245106,0.188,0.142
"Ddx27",0.524,0.0452375631969973,0.048,0.352511445374662,0.19,0.146
"Sord",0.524,0.038179455540742,0.048,0.541754893522846,0.109,0.062
"Syt13",0.524,0.0591017741448944,0.048,0.339133972637971,0.25,0.214
"D330023K18Rik",0.524,0.0478986512326986,0.048,0.666584481057536,0.112,0.064
"Qsox2",0.524,0.036017590442714,0.048,0.356724235652123,0.161,0.114
"Rbm17",0.524,0.0267170212663602,0.048,0.258287860135038,0.152,0.106
"Phyh",0.524,0.0221926027538895,0.048,0.253845064471969,0.123,0.075
"Sephs1",0.524,0.040416685262004,0.048,0.467712797073294,0.129,0.083
"Aldh9a1",0.524,0.0320841333630932,0.048,0.413699945751028,0.114,0.066
"Qsox1",0.524,0.0306628959196599,0.048,0.284764123037257,0.154,0.108
"Lman2l",0.524,0.0387526508295956,0.048,0.250763289101917,0.225,0.185
"Oprk1",0.524,0.0652654704067193,0.048,0.970039758375396,0.092,0.043
"Rai2",0.523,0.0513533019586524,0.046,0.394235410893133,0.176,0.134
"Dach2",0.523,0.055866150164972,0.046,0.558317478451704,0.076,0.03
"Slitrk4",0.523,0.0378531409964021,0.046,0.309170779800502,0.172,0.13
"Lancl3",0.523,0.0675534655117908,0.046,1.18294763777275,0.071,0.025
"Suv39h1",0.523,0.0366839671831041,0.046,0.641918982818304,0.087,0.042
"Morn4",0.523,0.0684759030425957,0.046,1.01294379263004,0.105,0.062
"Tshz1",0.523,0.184483170301126,0.046,0.723183822957292,0.237,0.199
"Elac1",0.523,0.0315046332348325,0.046,0.298594990082336,0.15,0.107
"Eif1a",0.523,0.0521251420826613,0.046,0.591779506722252,0.127,0.085
"AC156546.1",0.523,0.0604609291030756,0.046,1.30806594085445,0.083,0.038
"Spdya",0.523,0.0673655741091042,0.046,1.15809220326892,0.085,0.04
"Zfp948",0.523,0.0416326173885145,0.046,0.336162488082044,0.174,0.13
"Oxa1l",0.523,0.0371579236151788,0.046,0.396186889928002,0.134,0.089
"4930452B06Rik",0.523,0.0873406181326664,0.046,0.548965008549909,0.21,0.172
"Dimt1",0.523,0.0314997954259997,0.046,0.252033483257411,0.188,0.144
"Prxl2c",0.523,0.0393259270669595,0.046,0.265949872170707,0.192,0.151
"Tspan17",0.523,0.0476778997442688,0.046,0.796237311676166,0.098,0.053
"Fam8a1",0.523,0.0359786896958391,0.046,0.284979785319345,0.179,0.137
"4933412O06Rik",0.523,0.084049983174439,0.046,0.543390798034639,0.208,0.169
"Wdr89",0.523,0.0607161120654375,0.046,0.793026262860036,0.109,0.065
"Eif4a3",0.523,0.0396546635683768,0.046,0.528431557224704,0.116,0.07
"Mybbp1a",0.523,0.039635359513616,0.046,0.386769169983636,0.145,0.101
"Zfp2",0.523,0.0340022371883237,0.046,0.264543906762949,0.192,0.15
"Mrpl42",0.523,0.0461757301349912,0.046,0.459734628311816,0.141,0.097
"Actr6",0.523,0.0298779586889119,0.046,0.295489755157317,0.158,0.115
"Rtn4ip1",0.523,0.032236639037283,0.046,0.405711068888514,0.123,0.078
"Aste1",0.523,0.0500545959165502,0.046,0.671979122459422,0.118,0.075
"Mto1",0.523,0.0354977664930896,0.046,0.270611356140816,0.179,0.135
"Adamts18",0.523,0.087256074068141,0.046,0.925912617829864,0.114,0.07
"Gm19744",0.523,0.0731980855548463,0.046,1.4612036686694,0.08,0.035
"Casp3",0.523,0.0448522253603808,0.046,0.794221698012684,0.085,0.04
"Bag4",0.523,0.0358574516397279,0.046,0.292048952350676,0.176,0.135
"Ctbp2",0.523,0.0422678228357499,0.046,0.975123535820511,0.071,0.025
"Wdr73",0.523,0.038401351000426,0.046,0.401041870087365,0.143,0.1
"2410002F23Rik",0.523,0.0385386040925941,0.046,0.385781830518731,0.134,0.09
"Zfp14",0.523,0.0324546901307299,0.046,0.39588275618669,0.114,0.068
"Ddx47",0.523,0.0380516445156102,0.046,0.377163575994685,0.154,0.11
"Gm10069",0.523,0.0459159906516736,0.046,0.848740110192388,0.087,0.04
"0610040F04Rik",0.523,0.0504073811559791,0.046,0.66089415342844,0.123,0.077
"Repin1",0.523,0.0425887550366494,0.046,0.83090115985276,0.092,0.045
"Asns",0.523,0.0509758051600102,0.046,0.710545006541886,0.121,0.077
"Fam216a",0.523,0.0647104003528765,0.046,0.516585996599216,0.174,0.132
"Sirt4",0.523,0.0383904890528241,0.046,0.361504162121519,0.156,0.114
"Epha8",0.523,0.0635455966858675,0.046,1.70341865021786,0.074,0.029
"Gm43696",0.523,0.0303355788505344,0.046,0.349135603224974,0.136,0.093
"Dnajc17",0.523,0.0402871090816546,0.046,0.447426169437558,0.127,0.082
"Emc7",0.523,0.0462021997801623,0.046,0.352141281327532,0.174,0.134
"BC035947",0.523,0.0602226021342299,0.046,3.48992574979643,0.051,0.005
"Stradb",0.523,0.0409747903610975,0.046,0.260167589375442,0.21,0.17
"Gm15834",0.523,0.0517080197075295,0.046,0.73569615083934,0.107,0.062
"Robo3",0.477,0.0279632077531575,0.046,0.29386837343646,0.056,0.105
"Adgrg2",0.522,0.0632467348389397,0.044,2.14938298176087,0.054,0.01
"Morc4",0.522,0.0699599181048015,0.044,0.878861707872892,0.116,0.075
"Gm45194",0.522,0.122272954499963,0.044,5.1563258581202,0.047,0.003
"Gspt2",0.522,0.050471872056104,0.044,0.60075336955447,0.125,0.083
"Pdcd11",0.522,0.040209174581374,0.044,0.320611720991076,0.163,0.124
"Aldh18a1",0.522,0.0555339281581373,0.044,0.661378023648037,0.132,0.09
"Dpy30",0.522,0.0368436357829128,0.044,0.392252366922897,0.125,0.083
"Tmem242",0.522,0.0399726025414614,0.044,0.727388556571821,0.092,0.048
"2510002D24Rik",0.522,0.044994986226927,0.044,0.499448553583206,0.129,0.086
"Zfp597",0.522,0.0349766421470875,0.044,0.322860280389047,0.156,0.115
"Fam118a",0.522,0.0343867203238307,0.044,0.426465366528929,0.121,0.077
"Chadl",0.522,0.0621876017117782,0.044,1.37009475794171,0.071,0.029
"Gm41361",0.522,0.0612575744231746,0.044,0.392020384755355,0.234,0.198
"Skp2",0.522,0.0470695644153303,0.044,0.40533648188116,0.163,0.122
"Spryd7",0.522,0.0512402119930906,0.044,0.564758643955444,0.127,0.086
"Rec8",0.522,0.0588632896801239,0.044,2.52703155225047,0.056,0.011
"Ror2",0.522,0.0748312640409785,0.044,0.883129281910215,0.08,0.037
"Phf2os1",0.522,0.0485491301392576,0.044,0.761190531420715,0.1,0.057
"Trim27",0.522,0.0424282959414332,0.044,0.625295263131442,0.105,0.062
"Heatr1",0.522,0.0380010661613457,0.044,0.279027478587242,0.194,0.156
"Fkbp3",0.522,0.0446440716243846,0.044,0.261695303237659,0.232,0.196
"Mrpl58",0.522,0.0557882635820395,0.044,0.708598081458709,0.109,0.067
"Adam11",0.522,0.0605040274486355,0.044,0.447394672126335,0.201,0.164
"Uqcr10",0.522,0.0526711102521799,0.044,1.56427152391248,0.067,0.023
"Ccdc157",0.522,0.0323214794249479,0.044,0.376174404304929,0.123,0.081
"Selenom",0.522,0.0610890581735957,0.044,1.3140415133244,0.074,0.03
"Elp6",0.522,0.0429003859485306,0.044,0.681059496358147,0.103,0.059
"Abhd14b",0.522,0.030840983283526,0.044,0.515519199099391,0.092,0.048
"Adpgk",0.522,0.0357224127261174,0.044,0.465189972112861,0.125,0.083
"Abcg4",0.522,0.0471523203859066,0.044,0.677152371948305,0.109,0.068
"Qtrt1",0.522,0.0451409291837383,0.044,0.47146872715861,0.143,0.102
"1700084C06Rik",0.522,0.0254436420494275,0.044,0.320271330503245,0.125,0.082
"Cep126",0.522,0.0713046835319984,0.044,0.277672448606937,0.35,0.322
"Def8",0.522,0.0449120984956792,0.044,0.605357527483445,0.112,0.069
"Necab2",0.522,0.0813242161810629,0.044,0.905706377786985,0.125,0.084
"Mlycd",0.522,0.0367950868407339,0.044,0.438613920778874,0.121,0.079
"Gm45708",0.522,0.0480271929950881,0.044,1.1162997545508,0.071,0.028
"Dcaf15",0.522,0.0310393211247758,0.044,0.418399087475201,0.116,0.072
"Leprotl1",0.522,0.0316040000416137,0.044,0.347246744281975,0.141,0.098
"Pcid2",0.522,0.0399590015967339,0.044,0.305099689852256,0.183,0.143
"Hikeshi",0.522,0.0535382926263207,0.044,0.460591952258314,0.163,0.12
"Qrfprl",0.522,0.120350675151619,0.044,5.03403365880578,0.047,0.004
"Gm14532",0.522,0.0529553767544345,0.044,0.504378861700947,0.158,0.118
"Cftr",0.522,0.0695878142133849,0.044,1.32939094421362,0.078,0.033
"Kdelr2",0.522,0.0218056354662971,0.044,0.352655619346554,0.094,0.05
"Naaa",0.522,0.0525535991192704,0.044,0.895382062159725,0.087,0.044
"Gpr153",0.522,0.0365878766655905,0.044,0.857037380501315,0.076,0.032
"Hmgn2",0.522,0.0321167352857325,0.044,0.61580578836044,0.085,0.041
"Ppp1r8",0.522,0.0310264291262269,0.044,0.320823047311062,0.138,0.095
"Zbtb8os",0.522,0.0618806026029934,0.044,0.70925206972757,0.118,0.076
"Igfbpl1",0.522,0.0592018717695942,0.044,2.1733133633407,0.049,0.005
"Fam214b",0.522,0.0218292165428784,0.044,0.294865096356173,0.116,0.073
"Egf",0.522,0.0610637213011957,0.044,0.777603993201725,0.107,0.065
"B3galnt1",0.522,0.0482421832323483,0.044,0.478794374216864,0.145,0.106
"Rpl22l1",0.522,0.0378092744081361,0.044,0.665761264305689,0.094,0.05
"Dlx1",0.522,0.0656920981565569,0.044,1.82127484852249,0.06,0.016
"Rnd3",0.522,0.0329384430574994,0.044,0.438808379589618,0.105,0.061
"Crat",0.522,0.0275586287874722,0.044,0.287222671348304,0.152,0.11
"Timm17a",0.522,0.0349343365125799,0.044,0.282410144635725,0.174,0.133
"Fastkd2",0.522,0.0257030519215946,0.044,0.328521255081745,0.118,0.076
"Rnf149",0.522,0.0411237566486422,0.044,0.268001989715376,0.214,0.175
"Tpgs2",0.521,0.0317169243338404,0.042,0.289025102135466,0.165,0.125
"Klhl14",0.521,0.067089904907039,0.042,1.8670346081242,0.056,0.015
"Togaram2",0.521,0.0619090937043805,0.042,1.33926192241857,0.074,0.032
"Lemd2",0.521,0.0266935867766153,0.042,0.286979875794994,0.141,0.101
"Spag6l",0.521,0.040229167646169,0.042,0.3357969717826,0.167,0.129
"Mettl22",0.521,0.0459455371784594,0.042,0.657232537547331,0.112,0.071
"Nlrc3",0.521,0.0529785669421478,0.042,1.50265177944929,0.062,0.02
"Csdc2",0.521,0.0308656300494152,0.042,0.422920224426044,0.107,0.065
"Elfn2",0.521,0.038158850325836,0.042,0.343729444026922,0.167,0.128
"D130009I18Rik",0.521,0.245444591420623,0.042,3.97725102784276,0.049,0.008
"D130079A08Rik",0.521,0.382696920056846,0.042,6.0248758405942,0.047,0.004
"Mss51",0.521,0.0641827300354378,0.042,1.09633764276643,0.085,0.043
"Rfesd",0.521,0.0346194425692551,0.042,0.565738826768896,0.098,0.057
"Tbc1d7",0.521,0.0425275961758851,0.042,0.711570473718242,0.096,0.056
"Tmem179",0.521,0.0424944985978902,0.042,0.606038016117497,0.109,0.07
"Erh",0.521,0.041548413651559,0.042,0.454583217250192,0.127,0.087
"2810032G03Rik",0.521,0.043313871952764,0.042,0.502240675861765,0.138,0.097
"Aanat",0.521,0.0521512287211508,0.042,3.04958370329168,0.049,0.008
"Klhl11",0.521,0.0575817823471533,0.042,0.752000825179073,0.109,0.068
"Stac2",0.521,0.0604100644334005,0.042,1.10795118758765,0.089,0.048
"Tbkbp1",0.521,0.0437556891056739,0.042,0.79001002200775,0.087,0.045
"Nme1",0.521,0.0424013516168531,0.042,0.586238793962294,0.112,0.071
"Rad51d",0.521,0.0210894221253358,0.042,0.283913812969302,0.107,0.066
"Poldip2",0.521,0.0357375851167607,0.042,0.38393748802364,0.129,0.09
"Eral1",0.521,0.0206338555910349,0.042,0.258718011152763,0.123,0.082
"Acadvl",0.521,0.0392335754771106,0.042,0.951208106052295,0.076,0.033
"Dvl2",0.521,0.0281103280762968,0.042,0.271608582206455,0.152,0.111
"Tmed4",0.521,0.0408132716515249,0.042,0.462669659825439,0.121,0.081
"Qrsl1",0.521,0.0568711344958783,0.042,0.577280973405588,0.136,0.098
"Gm48748",0.521,0.0740466453536941,0.042,1.61369521976078,0.074,0.033
"Thy1",0.521,0.0408573021726981,0.042,0.251544242577575,0.239,0.205
"Gas8",0.521,0.0382303017648536,0.042,0.362720413332923,0.156,0.121
"Ctu2",0.521,0.0420048980581809,0.042,0.862534130098516,0.083,0.041
"Vps4a",0.521,0.0260044271685154,0.042,0.285793506596832,0.138,0.096
"Ripor1",0.521,0.041582305657971,0.042,0.392237942217533,0.154,0.115
"Rfx1",0.521,0.0600622458806417,0.042,0.444573737206614,0.199,0.165
"Dusp26",0.521,0.0178033008747676,0.042,0.273242188567845,0.096,0.055
"Mrpl23",0.521,0.0412279098789625,0.042,0.696649393359233,0.092,0.05
"Doc2a",0.521,0.0696734781636252,0.042,2.24089323993677,0.06,0.019
"Sbk1",0.521,0.0482512552215209,0.042,0.608637361064904,0.114,0.072
"Pgpep1l",0.521,0.0662830049818705,0.042,2.72481820195145,0.051,0.01
"Snrpa1",0.521,0.0314669564293586,0.042,0.381086839811902,0.123,0.083
"Egln2",0.521,0.0307408687615194,0.042,0.567738519298667,0.087,0.045
"Meis3",0.521,0.0383659581524311,0.042,0.533364021002238,0.114,0.074
"Zfp444",0.521,0.0384469387934109,0.042,0.3958258358915,0.141,0.102
"A230083G16Rik",0.521,0.043587271861077,0.042,1.01636380158806,0.074,0.032
"Creld1",0.521,0.044974763414754,0.042,0.361238550377887,0.188,0.151
"Tpra1",0.521,0.03962691050757,0.042,0.65240306974739,0.087,0.046
"Taf6",0.521,0.0362783987316656,0.042,0.332969521285963,0.152,0.113
"Crcp",0.521,0.0502287963445203,0.042,0.480325435563793,0.156,0.119
"Iscu",0.521,0.0408968269553666,0.042,0.781266631978814,0.083,0.042
"Grsf1",0.521,0.0377292353154224,0.042,0.312391327719194,0.176,0.135
"Cgref1",0.521,0.0495697441306551,0.042,1.72276687795751,0.06,0.019
"Sdhb",0.521,0.035594561804693,0.042,0.269130270191488,0.181,0.144
"Ncmap",0.521,0.0351818110585411,0.042,0.894149127225662,0.067,0.025
"Ccne2",0.521,0.060163316453942,0.042,1.14609173805475,0.085,0.044
"H2afz",0.521,0.0368160337781442,0.042,0.534601698013856,0.109,0.067
"Rtca",0.521,0.0409361397142323,0.042,0.292850427639969,0.199,0.163
"Pmvk",0.521,0.0249566371354396,0.042,0.377650086575917,0.096,0.054
"Fdps",0.521,0.0233314666757246,0.042,0.35653805637292,0.098,0.055
"Pgrmc2",0.521,0.0302636181612597,0.042,0.32768320077746,0.132,0.092
"Mrpl47",0.521,0.0378401293910351,0.042,0.546282909746576,0.105,0.065
"Rims4",0.521,0.0740157933489833,0.042,0.431356570237132,0.243,0.208
"Tbc1d20",0.521,0.0298533622621807,0.042,0.271306400833262,0.163,0.123
"Atp5g3",0.521,0.0519131214002179,0.042,0.852178349032041,0.089,0.048
"Cnih4",0.521,0.0291826176663127,0.042,0.305963475946663,0.134,0.093
"Rxrg",0.521,0.0604190212792132,0.042,0.799988238300159,0.098,0.057
"Dsel",0.521,0.0604786251752525,0.042,0.456160357496942,0.174,0.139
"B230216N24Rik",0.521,0.063593990594705,0.042,0.542803436273338,0.158,0.122
"Arl4c",0.521,0.0440302634151208,0.042,0.772045991786931,0.08,0.039
"Scube1",0.479,0.209197173648518,0.042,0.947723506802778,0.121,0.167
"Zfp711",0.52,0.045364664521053,0.04,0.505990539138303,0.138,0.102
"C330007P06Rik",0.52,0.0429430033366069,0.04,0.282954122603908,0.208,0.174
"Dynlt3",0.52,0.0345304643326899,0.04,0.463367823338322,0.109,0.07
"Cox15",0.52,0.0165383959116847,0.04,0.309642310511959,0.092,0.05
"Fads3",0.52,0.0393767451644033,0.04,0.692694527161455,0.089,0.051
"Prdx5",0.52,0.0255973753985759,0.04,0.399981059134491,0.096,0.057
"Ppp2r5b",0.52,0.0374569385827776,0.04,0.433345478621125,0.125,0.087
"Srp19",0.52,0.0342715422029945,0.04,0.401101089476847,0.118,0.081
"Gm9993",0.52,0.0349226994410858,0.04,0.38918774491885,0.132,0.095
"Telo2",0.52,0.0343382782936237,0.04,0.485038622810255,0.109,0.071
"Gpr156",0.52,0.0517099977877045,0.04,1.06477982942066,0.062,0.022
"Gm21691",0.52,0.0500366315570407,0.04,1.38466076265933,0.069,0.029
"Eef1d",0.52,0.0301299331721319,0.04,0.44134991588976,0.109,0.069
"Cdh6",0.52,0.0878791544498718,0.04,0.2782316363144,0.319,0.286
"Chmp7",0.52,0.0280547131445055,0.04,0.457885213648687,0.096,0.056
"Klhl33",0.52,0.0440570525755434,0.04,1.01794605979133,0.078,0.039
"Fbxl21",0.52,0.0444324914442572,0.04,1.19707380518775,0.071,0.031
"Rab24",0.52,0.058820654482158,0.04,0.69005373259769,0.112,0.073
"Nol7",0.52,0.0348668438840213,0.04,0.4843270328227,0.1,0.06
"Ccdc85c",0.52,0.036326362212649,0.04,0.530529516523613,0.103,0.063
"Esrrb",0.52,0.0475813454627083,0.04,1.59325413513307,0.056,0.016
"Plekhd1",0.52,0.0559839327922395,0.04,1.90689218406319,0.056,0.016
"Lhx1",0.52,0.0562904822433685,0.04,6.60043796608399,0.04,0
"Sarm1",0.52,0.0462287204167781,0.04,0.634223464004372,0.116,0.079
"Ctdnep1",0.52,0.0292219153127575,0.04,0.430137724046483,0.103,0.064
"Tmem11",0.52,0.0507343346500938,0.04,0.657469074279074,0.112,0.074
"Tsfm",0.52,0.0413137374919004,0.04,0.681146482861893,0.094,0.054
"Btbd2",0.52,0.0317579033608571,0.04,0.399374055429803,0.121,0.083
"Gnaz",0.52,0.074241133149619,0.04,0.512494963702153,0.212,0.181
"Ptpn23",0.52,0.0353815986758268,0.04,0.311509197975266,0.165,0.13
"Ppm1m",0.52,0.0332109004775868,0.04,0.603778143383673,0.087,0.047
"Hcn4",0.52,0.0506931782298639,0.04,2.17372822354788,0.054,0.013
"Man2c1os",0.52,0.0399396352644928,0.04,0.352391446602931,0.147,0.11
"Dpagt1",0.52,0.0435441512735382,0.04,0.71524949552487,0.096,0.056
"Calb2",0.52,0.0624407472284042,0.04,2.12343721740164,0.049,0.01
"Gm45464",0.52,0.0335537753560505,0.04,0.645612884288531,0.08,0.041
"Cc2d1a",0.52,0.0408645111694139,0.04,0.571121299179773,0.105,0.066
"Zfp330",0.52,0.0409766685357868,0.04,0.490868280552482,0.114,0.075
"Tex15",0.52,0.0930834014073994,0.04,2.38738513635388,0.058,0.019
"Tti2",0.52,0.040717656646701,0.04,0.691498799484235,0.087,0.048
"Gm17484",0.52,0.038323767750027,0.04,0.646532856429232,0.087,0.049
"Fam57b",0.52,0.0501185626320465,0.04,0.468487669486189,0.161,0.123
"Kdelr1",0.52,0.045427519663768,0.04,0.540619035913839,0.121,0.082
"Spint2",0.52,0.0452749844642723,0.04,0.731857003290616,0.094,0.054
"Nectin2",0.52,0.0414586076443482,0.04,1.0910865691168,0.056,0.016
"Zfp956",0.52,0.031612234598802,0.04,0.311649130936365,0.152,0.115
"Rfc3",0.52,0.031383190806087,0.04,0.623931669476,0.078,0.039
"Vgf",0.52,0.0646080264943963,0.04,0.983119298269205,0.098,0.059
"Nat8l",0.52,0.0248749848780413,0.04,0.268709913596819,0.145,0.107
"Gm16008",0.52,0.0537766143320909,0.04,0.802143889423295,0.1,0.062
"Coro2a",0.52,0.037409947176203,0.04,0.368905512619283,0.143,0.106
"Rabggtb",0.52,0.032964005668499,0.04,0.428586739917219,0.116,0.079
"Zbbx",0.52,0.0504765770727647,0.04,0.639964033941896,0.092,0.054
"L3mbtl1",0.52,0.0709857920377081,0.04,0.727252156672046,0.145,0.11
"Stk35",0.52,0.0404931104245699,0.04,0.393856711836731,0.143,0.107
"Slc30a4",0.52,0.047474485615965,0.04,0.403206041916186,0.15,0.112
"Gm13936",0.52,0.0702423572146866,0.04,1.4802421681361,0.067,0.027
"Slc27a4",0.52,0.0500671603107117,0.04,0.546492138876392,0.136,0.1
"Cpa6",0.52,0.158413143591595,0.04,1.7795019566327,0.074,0.035
"Bex1",0.519,0.0466381363826055,0.038,1.26979771889985,0.067,0.03
"Lage3",0.519,0.0233093943282078,0.038,0.32489899397963,0.114,0.075
"Cwf19l1",0.519,0.0333857754607099,0.038,0.417830726834639,0.116,0.079
"Fxn",0.519,0.0217260504110219,0.038,0.451821368805605,0.076,0.038
"Kat5",0.519,0.0238957610813658,0.038,0.437263864155946,0.087,0.049
"Rbm14",0.519,0.0317701677582521,0.038,0.318750334804944,0.136,0.1
"Snrpd1",0.519,0.0327639810729282,0.038,0.264712523077719,0.163,0.13
"Qpct",0.519,0.0441768684235395,0.038,1.27134540822073,0.058,0.019
"Morc2b",0.519,0.0440165698544031,0.038,0.347625582437306,0.199,0.167
"Wdr4",0.519,0.0238725399247796,0.038,0.340051251954746,0.107,0.069
"Hagh",0.519,0.0326180000802446,0.038,0.275953110020475,0.17,0.134
"Gm41496",0.519,0.0383529594233912,0.038,1.26431141339963,0.056,0.019
"B130034C11Rik",0.519,0.0463455755278805,0.038,0.821728040721821,0.087,0.05
"Camk2n2",0.519,0.0421749999702498,0.038,1.56013742567341,0.056,0.018
"Atp5g2",0.519,0.0258984064344846,0.038,0.320817530651461,0.114,0.077
"Asic1",0.519,0.0359656209038882,0.038,0.369834301334588,0.145,0.109
"1700088E04Rik",0.519,0.0432888240607245,0.038,0.73278701090362,0.089,0.052
"Eif3l",0.519,0.0261557910359547,0.038,0.505465670153592,0.085,0.048
"Ankrd54",0.519,0.0363013316382357,0.038,0.73413941882416,0.078,0.04
"Scrt1",0.519,0.036652046990365,0.038,0.775346802144446,0.08,0.044
"Cyc1",0.519,0.0213924769492236,0.038,0.361491805677226,0.098,0.06
"Gm29266",0.519,0.0246914774808866,0.038,0.584794291919285,0.06,0.023
"Eaf1",0.519,0.0184686650412553,0.038,0.309450903530368,0.089,0.052
"Gm26973",0.519,0.0526491924917569,0.038,4.68842406315587,0.04,0.002
"Afmid",0.519,0.0332016656522138,0.038,0.895561196433111,0.056,0.018
"Cog1",0.519,0.043229296863317,0.038,0.557265218820146,0.112,0.075
"Gosr2",0.519,0.0467075446132779,0.038,0.673353270279783,0.103,0.066
"Lsm12",0.519,0.0312755650249204,0.038,0.318941680512222,0.136,0.102
"2310033P09Rik",0.519,0.0361131265369157,0.038,0.738807573676776,0.08,0.042
"Skp1a",0.519,0.031253904883094,0.038,0.275753069501377,0.145,0.11
"Lgalsl",0.519,0.0461350039075258,0.038,0.614382834766606,0.107,0.071
"Wdr92",0.519,0.0422219265054816,0.038,0.421284164138089,0.141,0.104
"AU041133",0.519,0.0306315941736778,0.038,0.357947918011542,0.127,0.089
"Ncln",0.519,0.036542451733028,0.038,0.58713522763369,0.1,0.063
"Shc2",0.519,0.0687643231956232,0.038,0.501016386934444,0.194,0.162
"Aifm2",0.519,0.0351146384651452,0.038,1.12889575776528,0.056,0.017
"Fbxo30",0.519,0.0161012267120248,0.038,0.262641246060056,0.087,0.048
"Manf",0.519,0.0361614842974757,0.038,0.428113661682839,0.121,0.085
"Esyt3",0.519,0.0520654031899008,0.038,2.44735763726947,0.049,0.01
"Mthfsl",0.519,0.0297186269101033,0.038,0.271654151631968,0.158,0.123
"Acsf3",0.519,0.063793947910169,0.038,0.938777655245614,0.094,0.057
"Cmc2",0.519,0.0402008072495403,0.038,0.689184335113118,0.096,0.059
"Gm15680",0.519,0.0501582805721039,0.038,1.54950607323277,0.065,0.027
"Nacc1",0.519,0.027436133709876,0.038,0.288556134040379,0.138,0.102
"Kat8",0.519,0.023358900277849,0.038,0.300010714679533,0.114,0.076
"Nomo1",0.519,0.0229416302850173,0.038,0.256608727847029,0.127,0.091
"Zfp976",0.519,0.0258625777330199,0.038,0.277548044915871,0.129,0.093
"2310022A10Rik",0.519,0.029015587341637,0.038,0.412131926980383,0.109,0.072
"Gm42372",0.519,0.0200634613627728,0.038,0.291054069659688,0.105,0.068
"Ndufa9",0.519,0.025074801716081,0.038,0.251564589308533,0.15,0.112
"Rpia",0.519,0.0311103301182002,0.038,0.331913919262655,0.134,0.097
"Zan",0.519,0.0415500330259952,0.038,2.12410117498516,0.045,0.006
"Ddx51",0.519,0.0464659879229331,0.038,1.11613589466938,0.071,0.033
"Zfp518b",0.519,0.0438065633179224,0.038,1.05136961773321,0.076,0.038
"Rnf4",0.519,0.0307118094213841,0.038,0.260171593626321,0.165,0.13
"Icmt",0.519,0.0361137921772192,0.038,0.768064476031174,0.074,0.037
"4933421O10Rik",0.519,0.0232360748394467,0.038,0.394869792743026,0.096,0.059
"Lhx8",0.519,0.0893757839355899,0.038,4.48657656197173,0.04,0.002
"Slc50a1",0.519,0.0396615803179525,0.038,0.439297381859614,0.127,0.093
"Uckl1",0.519,0.0179507828841505,0.038,0.263768515800531,0.098,0.061
"Dynlrb1",0.519,0.039060662941209,0.038,0.505335849443221,0.112,0.075
"Gzf1",0.519,0.0237974887182291,0.038,0.306408565320766,0.109,0.072
"Gata3",0.519,0.0680682134330638,0.038,8.1307764207064,0.038,0
"Sertad4",0.519,0.0505362158056463,0.038,1.33544554054034,0.069,0.032
"Lmx1a",0.519,0.0762404652511061,0.038,1.68699452387533,0.047,0.008
"Gm38190",0.519,0.034816100507861,0.038,0.567457629563561,0.094,0.056
"Meis2",0.481,0.23050666303094,0.038,0.410102317946375,0.359,0.447
"Map3k15",0.518,0.0544646381682016,0.036,1.3303811807331,0.06,0.024
"9530051G07Rik",0.518,0.0369816046730223,0.036,0.684603512259672,0.08,0.044
"Rab9b",0.518,0.0617758975137513,0.036,1.76895903788435,0.06,0.024
"Pnck",0.518,0.0456096489162365,0.036,0.903601027226156,0.085,0.05
"Gpr101",0.518,0.0618445307757398,0.036,2.67780789196645,0.042,0.006
"Csf2ra",0.518,0.0333166166658546,0.036,0.397560077754237,0.123,0.089
"Sfxn3",0.518,0.0559009327834194,0.036,0.690904665635081,0.123,0.089
"Hps1",0.518,0.029884835098388,0.036,0.311550427507983,0.141,0.107
"Zfyve27",0.518,0.0328847341771011,0.036,0.257274856599108,0.185,0.155
"Efemp2",0.518,0.0383146656266569,0.036,1.39925259758172,0.051,0.016
"Hars",0.518,0.0284861693580438,0.036,0.257629192766519,0.158,0.127
"Slc5a7",0.518,0.126385790584271,0.036,3.67187872316605,0.04,0.004
"Cul7",0.518,0.0457376734148239,0.036,0.776528057340096,0.085,0.05
"Gtf2h5",0.518,0.0287049113387379,0.036,0.258637917357049,0.161,0.126
"Spryd3",0.518,0.0317386427001721,0.036,0.331419755557456,0.138,0.106
"Chkb",0.518,0.0217733759930796,0.036,0.341022619639602,0.089,0.055
"Pnpla3",0.518,0.0390183461103382,0.036,0.576189691063692,0.109,0.074
"Lrrc24",0.518,0.0436099250381237,0.036,0.941028027370007,0.076,0.042
"Trhr",0.518,0.0536326932100517,0.036,1.24192301913365,0.062,0.027
"Atpsckmt",0.518,0.0245033285958492,0.036,0.341977360175575,0.103,0.067
"Ebf2",0.518,0.304605023564248,0.036,2.91722112683812,0.045,0.008
"Pnma2",0.518,0.038113798929286,0.036,0.50863690299211,0.118,0.084
"Saysd1",0.518,0.0454162516784839,0.036,0.844344934741436,0.078,0.043
"Psmd6",0.518,0.0275426049906451,0.036,0.328965331262847,0.123,0.089
"Zbed3",0.518,0.0408934896120757,0.036,0.557935799639417,0.098,0.064
"Catsper3",0.518,0.0455324190132801,0.036,1.48339827309488,0.056,0.019
"Kif26a",0.518,0.0277670622748457,0.036,0.895139625688592,0.047,0.01
"Hhipl1",0.518,0.0364005598258397,0.036,0.584696528026105,0.096,0.062
"Abcd4",0.518,0.0353298920339544,0.036,0.381153059212991,0.136,0.101
"Srp54a",0.518,0.02979086198514,0.036,0.447449559370105,0.098,0.064
"Iah1",0.518,0.0302162879827139,0.036,0.525504933718376,0.096,0.06
"Hs3st3b1",0.518,0.0627418688805188,0.036,2.02440753146738,0.045,0.008
"Rnf187",0.518,0.0261527160097111,0.036,0.286849698037157,0.123,0.09
"Ikzf4",0.518,0.0483623633993144,0.036,0.388366211980331,0.174,0.144
"1500026H17Rik",0.518,0.0350415235339133,0.036,0.699561137672202,0.08,0.044
"Ppa1",0.518,0.0490719814449059,0.036,0.529804502957937,0.138,0.105
"Traf3ip2",0.518,0.0224824963386658,0.036,0.333704808078096,0.094,0.058
"Hykk",0.518,0.0246025988214756,0.036,0.429887257613273,0.08,0.045
"Gldn",0.518,0.0659832395832613,0.036,2.09647531755512,0.056,0.019
"Foxred1",0.518,0.037910136621206,0.036,0.58245755181375,0.103,0.068
"Kdm4d",0.518,0.0445673277711224,0.036,0.621470822028021,0.105,0.07
"Klhdc4",0.518,0.0242088523853687,0.036,0.268410281372043,0.129,0.096
"6430548M08Rik",0.518,0.0496667330548569,0.036,0.333237200168482,0.208,0.178
"Ddx19b",0.518,0.0600954544092884,0.036,0.505116787503769,0.158,0.128
"Gtpbp3",0.518,0.0265128983766379,0.036,0.456817776629019,0.094,0.059
"Fam149a",0.518,0.0470386244934004,0.036,1.34254813470842,0.058,0.023
"Nadsyn1",0.518,0.0169355515207292,0.036,0.396613966168585,0.069,0.034
"Uros",0.518,0.0233346125719901,0.036,0.365796970411674,0.1,0.064
"Gm9934",0.518,0.0401221301992922,0.036,1.73958661292678,0.047,0.01
"Tmem126b",0.518,0.0303121516743593,0.036,0.406314995985616,0.107,0.073
"Tm2d3",0.518,0.0414097528880139,0.036,0.705016701978788,0.092,0.058
"Dhdh",0.518,0.0245918462804118,0.036,0.439416020111427,0.08,0.045
"Zfp719",0.518,0.0285162596102055,0.036,0.378214844195681,0.112,0.076
"Gemin7",0.518,0.0347042673998047,0.036,1.40267412166505,0.051,0.016
"Prpf31",0.518,0.0249128624017423,0.036,0.28597270078955,0.118,0.085
"Rad18",0.518,0.0490783013867296,0.036,0.353250352031036,0.188,0.155
"Txnrd3",0.518,0.0369346584948277,0.036,1.35227667529227,0.051,0.015
"Rab11fip5",0.518,0.0329030714383174,0.036,0.327050972427374,0.136,0.104
"Tex261",0.518,0.0237180888737091,0.036,0.340988824609464,0.103,0.067
"Zc3hc1",0.518,0.0423498509572724,0.036,0.765679851255995,0.087,0.053
"Enoph1",0.518,0.0268921302630969,0.036,0.299259919435374,0.129,0.095
"Pank4",0.518,0.0280452097894486,0.036,0.370121664010144,0.121,0.087
"Rab3b",0.518,0.0504442520527502,0.036,0.473547115021439,0.118,0.081
"Glis1",0.518,0.0571755607294934,0.036,0.711457602904978,0.107,0.072
"Rragd",0.518,0.0380641589493522,0.036,0.382786147401921,0.141,0.106
"Tacr3",0.518,0.0878289251557965,0.036,2.98518687358475,0.047,0.011
"Fam189b",0.518,0.0621988061490052,0.036,0.635829895857716,0.147,0.114
"Samd10",0.518,0.034852520268688,0.036,0.784819286005975,0.078,0.043
"Pip5kl1",0.518,0.0387392508907827,0.036,1.46363216387329,0.06,0.025
"Bpnt1",0.518,0.0271187297689089,0.036,0.297262712742525,0.141,0.106
"Etnk2",0.518,0.0392343211186813,0.036,0.749374235913779,0.078,0.044
"Egfl6",0.517,0.0361386506831888,0.034,1.22885541593989,0.049,0.016
"Rab9",0.517,0.0326759296604415,0.034,0.420246081892715,0.107,0.076
"Maged2",0.517,0.0377626602410088,0.034,1.2466987141168,0.054,0.019
"Tceal5",0.517,0.0333857219356136,0.034,0.362130245843585,0.138,0.107
"Uprt",0.517,0.0427537587232309,0.034,0.879263056888757,0.074,0.039
"Gsto1",0.517,0.0384904281206277,0.034,1.11746978666652,0.06,0.027
"Cbln2",0.517,0.0459409553906758,0.034,1.05551018396395,0.06,0.027
"Cdo1",0.517,0.0216915984907476,0.034,0.357072204791357,0.085,0.051
"Reep2",0.517,0.0557336861672702,0.034,0.397412041603999,0.205,0.177
"4933408B17Rik",0.517,0.0397480947584493,0.034,0.731040968279226,0.078,0.045
"Dsc2",0.517,0.056452652445123,0.034,2.61012005908301,0.045,0.011
"Cox7a2l",0.517,0.0226747585529491,0.034,0.283409103970971,0.116,0.083
"Gpr108",0.517,0.0192162909355667,0.034,0.333879848288479,0.087,0.055
"Spats1",0.517,0.036450950683101,0.034,0.743536495504879,0.078,0.046
"Lhfpl5",0.517,0.0418507214154478,0.034,3.6971114299965,0.038,0.004
"Txnrd2",0.517,0.0378780357556996,0.034,0.501221823339638,0.105,0.073
"Mapk11",0.517,0.0475418370890174,0.034,0.5160719520897,0.136,0.107
"Trabd",0.517,0.0260516241769954,0.034,0.298637664100649,0.127,0.095
"Gm49179",0.517,0.0295024930084342,0.034,0.53312239504427,0.087,0.053
"Mrpl52",0.517,0.0375261490258743,0.034,0.868753333736104,0.067,0.033
"Ankrd34b",0.517,0.0499874738677476,0.034,1.33320701774043,0.062,0.029
"Cdk20",0.517,0.0377627439696054,0.034,1.2900806549252,0.056,0.023
"Cd83",0.517,0.0349718753008881,0.034,1.08459059675462,0.051,0.017
"G630018N14Rik",0.517,0.0462621600952687,0.034,1.87175107337798,0.047,0.013
"Atp5mpl",0.517,0.0199843728765387,0.034,0.406322080397172,0.085,0.05
"Rtl1",0.517,0.0403001350475808,0.034,1.15780355837745,0.065,0.032
"Gpr68",0.517,0.0312630647546121,0.034,0.616847326693672,0.083,0.048
"Sh3yl1",0.517,0.049453619722748,0.034,0.632577499104936,0.112,0.081
"Slc26a11",0.517,0.0161885253159544,0.034,0.338751308704451,0.071,0.038
"Mxra7",0.517,0.0313245671261832,0.034,0.918036828294022,0.054,0.02
"Plekhh3",0.517,0.0306244219738907,0.034,0.570626787971809,0.076,0.044
"Pcgf2",0.517,0.036185997094562,0.034,0.445983943642039,0.125,0.093
"Skap1",0.517,0.0305493071313913,0.034,0.279387355168705,0.116,0.082
"Mrm3",0.517,0.0433775268122892,0.034,0.834895509269682,0.08,0.048
"2410006H16Rik",0.517,0.0320632048329536,0.034,0.76603727382491,0.074,0.039
"2810021J22Rik",0.517,0.0266390700559765,0.034,0.499972484790796,0.083,0.05
"Gpr75",0.517,0.0421125635555735,0.034,1.57112725902792,0.054,0.019
"Gm26543",0.517,0.0541155063056878,0.034,1.54669750747021,0.06,0.028
"Gm48749",0.517,0.050975376104843,0.034,1.12327411858259,0.076,0.043
"Onecut1",0.517,0.0587458076447062,0.034,2.83287649698572,0.04,0.006
"2300009A05Rik",0.517,0.0256787148147569,0.034,0.293127694016212,0.121,0.088
"Scn2b",0.517,0.0263349347102204,0.034,0.277519446943046,0.15,0.117
"Npsr1",0.517,0.147853125106947,0.034,0.962394115898313,0.065,0.031
"Deup1",0.517,0.0509169833976475,0.034,3.46795658217506,0.036,0.003
"Gm39244",0.517,0.0409656572961433,0.034,3.14542851986165,0.038,0.004
"Gm2694",0.517,0.066297385471816,0.034,1.19506354144975,0.078,0.045
"Uba52",0.517,0.0327033165137848,0.034,0.939250630454794,0.062,0.03
"Chrnb3",0.517,0.05894562883345,0.034,3.18728223411026,0.04,0.007
"Osbpl5",0.517,0.0296971443245294,0.034,0.442236706820916,0.107,0.074
"Lrrc27",0.517,0.0457146400398867,0.034,1.48202431305316,0.056,0.023
"Catsperg1",0.517,0.0459596185424122,0.034,1.38559903703328,0.051,0.018
"Tmc4",0.517,0.0498158066644422,0.034,1.3594893354436,0.06,0.027
"Zfp9",0.517,0.0388601379455209,0.034,0.537489312326628,0.107,0.074
"Zfp248",0.517,0.0228246085120526,0.034,0.292812142015872,0.116,0.084
"Lrrtm1",0.517,0.0522794541611306,0.034,0.522235344535649,0.134,0.104
"Lrguk",0.517,0.041527090880601,0.034,0.52041184129751,0.105,0.072
"Rbak",0.517,0.0281985261219374,0.034,0.401876648780615,0.096,0.063
"Gm27199",0.517,0.0481339327952567,0.034,4.94488597824158,0.036,0.001
"Srsf9",0.517,0.0517451742023152,0.034,0.501293443797911,0.143,0.114
"Gm13830",0.517,0.0563472982428173,0.034,0.99590235128849,0.078,0.046
"Gm42851",0.517,0.0349416563026058,0.034,1.11880954479064,0.06,0.027
"Megf6",0.517,0.017027286315463,0.034,0.526496938533898,0.047,0.013
"Park7",0.517,0.0240060066703598,0.034,0.354645068955117,0.098,0.066
"Tmem53",0.517,0.0279151157473985,0.034,0.793008540613335,0.056,0.022
"Ssx2ip",0.517,0.0542524479484269,0.034,0.317548110406346,0.221,0.199
"Gm42659",0.517,0.0380117758301536,0.034,0.894705667611154,0.067,0.034
"Rbm8a",0.517,0.0293897256816851,0.034,0.465958288869267,0.092,0.058
"Gm14410",0.517,0.0339840706329939,0.034,0.319504381694298,0.161,0.129
"Rbl1",0.517,0.029599159672002,0.034,0.596499319016998,0.071,0.037
"Ctxn2",0.517,0.0495343331516764,0.034,2.40185691307908,0.045,0.01
"Accs",0.517,0.0143443623396761,0.034,0.390984795874686,0.056,0.021
"Tmem9",0.517,0.0289161426845877,0.034,0.362113263159543,0.121,0.087
"Slc16a14",0.517,0.0492517334467111,0.034,0.70122997132533,0.105,0.072
"Scml2",0.516,0.0268400729472147,0.032,0.892453030001082,0.054,0.022
"Il13ra1",0.516,0.0153961545114752,0.032,0.414103322556216,0.049,0.017
"Pprc1",0.516,0.0276672314264136,0.032,0.369704277699201,0.112,0.081
"Gm17018",0.516,0.0404437744644365,0.032,0.430338127127825,0.138,0.108
"Noc3l",0.516,0.0343613756809671,0.032,0.290826999490648,0.154,0.127
"Myo5b",0.516,0.264847591811479,0.032,1.24521429741963,0.163,0.138
"Adcyap1",0.516,0.0485464146416232,0.032,2.18590886877705,0.042,0.011
"Hspa13",0.516,0.0408680964058307,0.032,0.515398075308711,0.105,0.074
"Psmd2",0.516,0.0208440360642192,0.032,0.26516131116008,0.118,0.087
"A730060N03Rik",0.516,0.0578680080738284,0.032,0.722238411911307,0.118,0.089
"Sdr39u1",0.516,0.0272103633754894,0.032,0.604774527106007,0.074,0.041
"Clptm1l",0.516,0.0262592191113243,0.032,0.26432415864919,0.134,0.105
"Akt1",0.516,0.0172465707282851,0.032,0.314900737701797,0.083,0.051
"4732463B04Rik",0.516,0.0506987271481724,0.032,0.879357479896153,0.089,0.058
"Srp54c",0.516,0.0304396684564493,0.032,0.574779416252547,0.078,0.047
"Rab37",0.516,0.0186191934856526,0.032,0.485327146125563,0.062,0.03
"Kcnh6",0.516,0.0370831017554138,0.032,1.71369206297971,0.047,0.015
"Tubg2",0.516,0.0401351361115988,0.032,1.26903729258598,0.058,0.027
"Tubg1",0.516,0.03027663388309,0.032,0.802896150477402,0.06,0.028
"Dhrs11",0.516,0.0237020213915195,0.032,0.746641259049885,0.056,0.024
"2810001G20Rik",0.516,0.0253782674370856,0.032,0.551899451502263,0.071,0.04
"Zfp354b",0.516,0.0384994312207259,0.032,1.37941349983957,0.054,0.022
"Ddx56",0.516,0.029337777831514,0.032,0.819162308683601,0.065,0.033
"Mtfp1",0.516,0.0343183721164896,0.032,1.06233153100901,0.051,0.019
"Ddit3",0.516,0.0232122002688425,0.032,0.82694682024983,0.051,0.019
"Apba3",0.516,0.0236775435590607,0.032,0.64926821916487,0.06,0.028
"Abca7",0.516,0.0354310050864566,0.032,0.573028656038667,0.096,0.066
"Cfap410",0.516,0.0285387976440363,0.032,0.636697603088719,0.074,0.043
"Gm16153",0.516,0.035849063436595,0.032,1.19913063729192,0.054,0.022
"4930593C16Rik",0.516,0.0420091564609406,0.032,3.45950296242616,0.036,0.004
"Entpd3",0.516,0.0393977173077425,0.032,0.810980804174656,0.08,0.048
"A330041J22Rik",0.516,0.0461162542776412,0.032,1.71681530310462,0.051,0.02
"Parp16",0.516,0.0270386848271424,0.032,0.553123128800153,0.074,0.041
"Rpl4",0.516,0.0202151714585879,0.032,0.312153003252713,0.092,0.06
"1110032A03Rik",0.516,0.0532921158140173,0.032,0.543032302767741,0.121,0.09
"Tarbp1",0.516,0.033887966664121,0.032,0.25744964445426,0.183,0.156
"Pmfbp1",0.516,0.0997332427227355,0.032,4.84216952123716,0.036,0.003
"Prdx2",0.516,0.0224975218205182,0.032,0.322003915076935,0.1,0.069
"Tmem59l",0.516,0.0404383202881326,0.032,0.369915938078636,0.154,0.126
"Erich1",0.516,0.0202598841607105,0.032,0.275357976479972,0.103,0.071
"Bnip3",0.516,0.0311504327645709,0.032,0.452066817348107,0.105,0.074
"Ears2",0.516,0.056634730260964,0.032,1.01741448770403,0.074,0.042
"Nucb2",0.516,0.0440988633567016,0.032,0.38892668920057,0.15,0.122
"Myo7a",0.516,0.0314091384391218,0.032,0.839287766450655,0.054,0.022
"Gm2115",0.516,0.0338153754845826,0.032,0.369280402551926,0.087,0.054
"Magel2",0.516,0.0386956609129216,0.032,4.01784230934498,0.033,0.001
"AW146154",0.516,0.0418079863484404,0.032,0.551768990999042,0.096,0.065
"Paf1",0.516,0.02945185274146,0.032,0.330820606331711,0.125,0.097
"Tmem86b",0.516,0.030845077170846,0.032,0.781857226403045,0.065,0.034
"Pex26",0.516,0.0505331857540558,0.032,0.827021937646761,0.087,0.056
"Fam220a.1",0.516,0.0404483665118036,0.032,0.929649738901055,0.069,0.038
"Rasa4",0.516,0.0177196925704472,0.032,0.348833395659951,0.065,0.033
"Setd1b",0.516,0.0270519184150186,0.032,0.290076810440278,0.123,0.094
"Sdsl",0.516,0.0272077456345277,0.032,2.12793269180771,0.036,0.004
"Npffr2",0.516,0.0923252109357331,0.032,5.48993604561913,0.033,0.002
"Sh2d5",0.516,0.044538857947586,0.032,0.480028862815926,0.134,0.105
"Snhg12",0.516,0.0233160435155342,0.032,0.259854421738647,0.123,0.093
"Pef1",0.516,0.0228273386487152,0.032,0.332579572947758,0.103,0.071
"P3h1",0.516,0.0211334818404302,0.032,0.384549681199282,0.089,0.057
"Trim32",0.516,0.0342474345670364,0.032,0.587906411239952,0.092,0.061
"Pappa",0.516,0.104254494937389,0.032,2.03747469307012,0.051,0.019
"Stoml2",0.516,0.0321793118549656,0.032,1.05766217464741,0.056,0.024
"Bag1",0.516,0.0241618975990376,0.032,0.561213179307955,0.071,0.04
"Tstd3",0.516,0.0300657273307977,0.032,0.77841534722423,0.067,0.036
"Ovgp1",0.516,0.0491743016228673,0.032,0.780232059660577,0.085,0.053
"Gm42702",0.516,0.0278904912588329,0.032,0.769865155617501,0.065,0.034
"Lamtor2",0.516,0.021036493608425,0.032,0.373854360348212,0.089,0.057
"Naxe",0.516,0.0312767422685652,0.032,0.415209062093536,0.105,0.075
"Smad9",0.516,0.0330175183984644,0.032,0.500399163342614,0.092,0.061
"Cables2",0.516,0.0282164544689303,0.032,0.562126856695573,0.078,0.047
"Pfdn4",0.516,0.0294763581252362,0.032,0.532924689310351,0.092,0.061
"Gm45447",0.516,0.0360580360273926,0.032,1.43807627573851,0.049,0.018
"Mfap1b",0.516,0.0241377984979573,0.032,0.52737948483567,0.069,0.038
"Gtf3c4",0.516,0.020009819357441,0.032,0.324776160436584,0.089,0.06
"Rxra",0.516,0.0118987640785454,0.032,0.353117034710552,0.051,0.02
"Ackr1",0.516,0.0587653244617873,0.032,1.04701770248644,0.085,0.054
"Bex2",0.515,0.0285870508901523,0.03,0.372260671797501,0.114,0.087
"Armcx4",0.515,0.0291559315387186,0.03,0.53879281492548,0.083,0.053
"Rpl36a",0.515,0.0316146487997174,0.03,0.967532142851621,0.051,0.022
"Fam50a",0.515,0.0290298001454664,0.03,0.419412767850719,0.098,0.07
"Zic3",0.515,0.031479914915397,0.03,1.77179356641396,0.033,0.004
"Zfp449",0.515,0.03256951379097,0.03,0.743806729825788,0.069,0.041
"5730405O15Rik",0.515,0.0251634219556264,0.03,0.879173930595989,0.049,0.019
"Ppp1r3f",0.515,0.0491683024116931,0.03,0.79689493483037,0.078,0.049
"Cuedc2",0.515,0.029215062533262,0.03,0.368881497596019,0.116,0.088
"Ppp1r14b",0.515,0.0186384072425841,0.03,0.327229563008814,0.08,0.051
"Isoc1",0.515,0.0265087868808786,0.03,0.847487922353822,0.051,0.022
"Pcdhgc4",0.515,0.0315762732870191,0.03,0.850876634927681,0.056,0.026
"Apbb3",0.515,0.0278700174834456,0.03,0.354693971793907,0.114,0.085
"Mpnd",0.515,0.0435516658366829,0.03,0.618998392843237,0.098,0.07
"E130008D07Rik",0.515,0.0351683092850989,0.03,1.77493897920398,0.042,0.012
"Rpp21",0.515,0.0462816967885478,0.03,0.78169147465107,0.083,0.055
"Wdr27",0.515,0.0374150295930517,0.03,0.593130187723764,0.085,0.055
"Pnldc1",0.515,0.0285893107510445,0.03,0.556542998584326,0.076,0.046
"Atp5o",0.515,0.0269141462219736,0.03,0.422163499630076,0.089,0.06
"8030451O07Rik",0.515,0.033172184888172,0.03,3.02952667131011,0.031,0.002
"Adprh",0.515,0.0240925720552351,0.03,0.373850998563182,0.087,0.058
"Amigo2",0.515,0.0436183889104985,0.03,2.57146266985617,0.036,0.007
"Pvalb",0.515,0.0358958654499532,0.03,1.71439822095821,0.045,0.014
"Gpaa1",0.515,0.0142846869751759,0.03,0.356211376547794,0.067,0.036
"Ipo4",0.515,0.0566591155789155,0.03,0.614561694707485,0.125,0.099
"Haus4",0.515,0.037688976658476,0.03,1.65084632830213,0.042,0.013
"Chat",0.515,0.115616959257929,0.03,4.2867813447652,0.033,0.004
"Comtd1",0.515,0.0248587942044758,0.03,0.996213087014746,0.042,0.012
"Gm8237",0.515,0.0423315386592089,0.03,3.46874564457534,0.033,0.004
"Ctsl",0.515,0.0194458545006889,0.03,0.271678384988835,0.098,0.069
"Idnk",0.515,0.0145783243141537,0.03,0.330202388279709,0.074,0.044
"B4galt7",0.515,0.0367843662128218,0.03,0.858272269146483,0.067,0.037
"Rdh14",0.515,0.0284391021908313,0.03,0.667715491796724,0.067,0.037
"Arl16",0.515,0.0365095946870651,0.03,1.17120427117925,0.056,0.027
"Xylt2",0.515,0.0355870727899768,0.03,0.549613381615367,0.094,0.065
"Lrrc59",0.515,0.025118973882515,0.03,0.410155585852188,0.089,0.061
"Atpaf2",0.515,0.0208757751766874,0.03,0.359621696521197,0.096,0.066
"Gm12082",0.515,0.0568946396141312,0.03,5.30285184580621,0.031,0.001
"Fzr1",0.515,0.015892888182163,0.03,0.285988710557218,0.087,0.058
"Fgf22",0.515,0.0272510327757977,0.03,0.938702956475944,0.049,0.019
"Sec22c",0.515,0.0280271410853773,0.03,0.438495584155369,0.094,0.065
"Leo1",0.515,0.0237380197983943,0.03,0.349947100694323,0.098,0.069
"Rsl24d1",0.515,0.0394726566718263,0.03,1.15028221718606,0.056,0.026
"Gm28379",0.515,0.0333221050542953,0.03,0.911436134376441,0.062,0.033
"Cib2",0.515,0.0341910261004473,0.03,1.37305548684496,0.047,0.017
"Thyn1",0.515,0.0319144262299376,0.03,0.44469585973153,0.1,0.072
"Zfp558",0.515,0.041212968055136,0.03,1.37597601573806,0.049,0.02
"Hsdl1",0.515,0.0175736595945558,0.03,0.376877544725981,0.069,0.039
"Nudt7",0.515,0.0122448915493589,0.03,0.381430894722139,0.054,0.024
"Ldhd",0.515,0.0375013048446934,0.03,1.36359587438337,0.051,0.021
"Ces5a",0.515,0.0406181683582627,0.03,1.81416238491353,0.042,0.013
"Haus8",0.515,0.0156560336914191,0.03,0.479776031424387,0.06,0.03
"Rab3a",0.515,0.0274418668651552,0.03,0.424633297882316,0.1,0.072
"Coprs",0.515,0.0435452545715797,0.03,1.1405437621653,0.06,0.031
"Champ1",0.515,0.0202865478534083,0.03,0.43002967631597,0.071,0.042
"Dusp8",0.515,0.0198167972688641,0.03,0.272751048282018,0.118,0.089
"Gm26935",0.515,0.0390791308111864,0.03,0.653858953132148,0.087,0.059
"Tmem147",0.515,0.0366205794025754,0.03,0.703292570420944,0.074,0.045
"Fam98c",0.515,0.0256424352555751,0.03,0.465011052086266,0.08,0.051
"Snrpd2",0.515,0.0232602866808407,0.03,0.772336788050433,0.051,0.021
"Psg16",0.515,0.0437871218454405,0.03,0.862228962445574,0.08,0.051
"Tada3",0.515,0.0249827158859542,0.03,0.255657535261992,0.129,0.102
"Tmsb10",0.515,0.0331976243171679,0.03,0.725520455388414,0.069,0.04
"Uncx",0.515,0.045528244180271,0.03,6.22619663117636,0.031,0.001
"Polr2j",0.515,0.0246884012325964,0.03,0.446356434606172,0.08,0.05
"2210016L21Rik",0.515,0.0251070663955308,0.03,0.251546588661668,0.136,0.108
"Fndc4",0.515,0.033823182075871,0.03,0.447742445433217,0.116,0.088
"Plk3",0.515,0.0268278618898355,0.03,0.548882694937189,0.069,0.04
"Bend5",0.515,0.0352176927187142,0.03,0.970803493615835,0.062,0.033
"Galnt12",0.515,0.0190062241779491,0.03,0.488780405937482,0.056,0.025
"Dctn3",0.515,0.0197402683489774,0.03,0.466955445638164,0.074,0.044
"Gm12367",0.515,0.0414868879831667,0.03,1.19594742209641,0.058,0.03
"Cyp2u1",0.515,0.0259258978758226,0.03,0.437277477217252,0.089,0.059
"Pla2g12a",0.515,0.0212223649891833,0.03,0.315248268730041,0.105,0.076
"Pitx2",0.515,0.047698600582739,0.03,7.6223529088922,0.029,0
"Adam15",0.515,0.0321625999731247,0.03,0.317998308888931,0.129,0.103
"Gm26771",0.515,0.0343046466741052,0.03,4.15025276214687,0.031,0.002
"Gm5148",0.515,0.0317514420498621,0.03,0.760254167714222,0.067,0.038
"Gm38505",0.515,0.050844010714851,0.03,0.797175281414914,0.062,0.033
"Zswim3",0.515,0.0390195448180392,0.03,0.430818300635123,0.125,0.097
"Gdap1l1",0.515,0.0284985757516231,0.03,0.375029199843993,0.118,0.089
"Mroh8",0.515,0.0435352859431845,0.03,1.01532715734864,0.065,0.036
"Map1lc3a",0.515,0.0233214315147749,0.03,0.568404360674185,0.065,0.036
"6820408C15Rik",0.515,0.043353847879806,0.03,1.06775638680823,0.06,0.031
"Lcmt2",0.515,0.0315560794213418,0.03,0.842427062825712,0.058,0.029
"Haus2",0.515,0.0285277599979437,0.03,0.469250108526629,0.087,0.057
"Rpap1",0.515,0.0220392972585692,0.03,0.250971911420944,0.125,0.097
"G630016G05Rik",0.515,0.0499908633580713,0.03,0.517785150955639,0.118,0.091
"Wdr34",0.515,0.0331294318373048,0.03,0.311079674967411,0.147,0.121
"Mrpl41",0.515,0.0232430056079417,0.03,0.278871183317367,0.123,0.095
"Vash2",0.515,0.033247032697979,0.03,1.1412839655307,0.049,0.02
"Pappa2",0.515,0.122142746105863,0.03,3.80302807038026,0.036,0.006
"Colgalt2",0.515,0.038952038939386,0.03,0.492289751056105,0.083,0.053
"Tsen15",0.515,0.0310811127572807,0.03,0.302633910912367,0.138,0.113
"Stk16",0.515,0.0224719903861712,0.03,0.34408937712002,0.087,0.057
"Slco5a1",0.515,0.0520559047952003,0.03,0.464872312028905,0.129,0.102
"Bex4",0.514,0.0349191466922781,0.028,1.67523058126248,0.042,0.016
"Armcx2",0.514,0.0243490651150788,0.028,0.596349898425047,0.065,0.038
"Pgk1",0.514,0.0248351815073115,0.028,0.301649797832948,0.121,0.094
"Gpr165",0.514,0.0387747358484844,0.028,2.54477816084334,0.031,0.003
"G6pdx",0.514,0.0142024762734655,0.028,0.33025996557166,0.065,0.037
"Zfp92",0.514,0.036453366507685,0.028,1.70606844239151,0.042,0.014
"Gabrq",0.514,0.0407252255956796,0.028,5.41365047755575,0.029,0.001
"Rmdn2",0.514,0.0207013441220445,0.028,0.285243826276322,0.092,0.064
"Gm31645",0.514,0.0307135274011735,0.028,2.10714551190132,0.036,0.009
"Abcc10",0.514,0.0212687263878271,0.028,0.364527385897027,0.083,0.056
"Rsph9",0.514,0.0375033500681293,0.028,0.91390962630775,0.06,0.033
"Znrd1",0.514,0.0173943114519659,0.028,0.531230261351014,0.058,0.031
"Dhx16",0.514,0.0268842607055618,0.028,0.348615792317667,0.105,0.078
"Nelfe",0.514,0.0233454617169778,0.028,0.574555498337325,0.065,0.038
"4732491K20Rik",0.514,0.0250427407805624,0.028,0.845536788230872,0.051,0.023
"Rpl35a",0.514,0.0167897873480473,0.028,0.28453593142483,0.078,0.05
"Gm46563",0.514,0.0366053081094282,0.028,2.5430874092873,0.033,0.006
"Tekt5",0.514,0.0319801454979976,0.028,1.96158595645454,0.038,0.01
"Nudt16l1",0.514,0.0452651559769174,0.028,1.04083902074342,0.069,0.041
"Foxred2",0.514,0.0265503521169519,0.028,0.392670580655094,0.087,0.06
"Gm6999",0.514,0.0409797907986606,0.028,0.769757293921864,0.06,0.033
"Polr3d",0.514,0.0164354807654124,0.028,0.341401219711284,0.076,0.048
"Fgf9",0.514,0.0572676201681852,0.028,0.520633782825211,0.147,0.122
"Gm2897",0.514,0.0285819404325817,0.028,1.6878456373979,0.036,0.008
"3830408C21Rik",0.514,0.0232714423238882,0.028,0.307868720135866,0.103,0.075
"Mrps36",0.514,0.0169567787677769,0.028,0.468821987564853,0.062,0.034
"Dhfr",0.514,0.0242794197018732,0.028,0.528624525015423,0.069,0.041
"Zscan12",0.514,0.027589775657054,0.028,0.554990410020828,0.069,0.043
"Cdca7l",0.514,0.0486480810551821,0.028,1.75335152625041,0.045,0.017
"Gm34081",0.514,0.0334725473903578,0.028,1.38120226826395,0.047,0.018
"Samd15",0.514,0.0307582420370077,0.028,1.16777810526805,0.051,0.023
"Esr2",0.514,0.0333759818701155,0.028,2.58098691174871,0.033,0.006
"Ttc6",0.514,0.102351996798183,0.028,3.38133379530275,0.036,0.009
"Greb1",0.514,0.0521214612461638,0.028,1.9933474346791,0.036,0.008
"Wdcp",0.514,0.0191222720926196,0.028,0.361649290647156,0.078,0.05
"Tsen54",0.514,0.0305319214035261,0.028,1.12818957710781,0.049,0.021
"Arf2",0.514,0.0248795671209853,0.028,0.369710723736617,0.098,0.071
"Ube2z",0.514,0.0251819792792468,0.028,0.263926001720738,0.116,0.089
"Tmem199",0.514,0.0192104096889466,0.028,0.318241680075724,0.089,0.061
"Cntrob",0.514,0.0322246238387239,0.028,0.286741106482008,0.15,0.126
"Guk1",0.514,0.0304012330572919,0.028,0.708761203830923,0.069,0.041
"Fgf18",0.514,0.0274650949324224,0.028,1.72457097567032,0.036,0.008
"Pold2",0.514,0.0403982174445169,0.028,1.9996148487611,0.04,0.011
"Tspan31",0.514,0.0206380372052671,0.028,0.503582774360873,0.069,0.042
"Cdh23",0.514,0.106897694980266,0.028,1.63326507559853,0.042,0.014
"A830082N09Rik",0.514,0.0363016074727167,0.028,0.411861848169473,0.121,0.094
"Ankdd1a",0.514,0.050304891055534,0.028,1.34807084552381,0.054,0.027
"Neil1",0.514,0.013746402679754,0.028,0.251611620554599,0.083,0.055
"Chrna3",0.514,0.0544989145845677,0.028,3.62845876541861,0.031,0.003
"Chek1",0.514,0.0288713057319063,0.028,1.25331308547453,0.045,0.017
"A130014A01Rik",0.514,0.0204999280159932,0.028,0.421082979418105,0.076,0.049
"Lncbate1",0.514,0.0345539977383947,0.028,2.74983810336489,0.031,0.004
"Terb1",0.514,0.0327626024903885,0.028,0.463266775777942,0.105,0.078
"Wdr83",0.514,0.0321170109992033,0.028,0.482078552439899,0.103,0.077
"Zfp930",0.514,0.0362608467635811,0.028,0.534019260118633,0.094,0.066
"Zfp958",0.514,0.0240278795954408,0.028,0.346247565959509,0.103,0.075
"Tgfbr3l",0.514,0.0299787137612566,0.028,0.934575710985214,0.049,0.022
"Xab2",0.514,0.0254197200074463,0.028,0.492872418905525,0.071,0.044
"Gm32786",0.514,0.0385417713067144,0.028,0.771529519696795,0.08,0.054
"BC017158",0.514,0.0368354229077911,0.028,0.554590990996546,0.089,0.063
"Asphd1",0.514,0.0349158988470857,0.028,0.879882229346232,0.065,0.038
"Alg8",0.514,0.0278781262134971,0.028,0.424208806425205,0.096,0.069
"Fuz",0.514,0.0190633917888249,0.028,0.448962865239229,0.058,0.031
"Lrp3",0.514,0.0181439768159411,0.028,0.262419874740492,0.105,0.076
"Lrfn1",0.514,0.0364252222756763,0.028,0.457273173168422,0.123,0.097
"Vmn2r29",0.514,0.0367589169631331,0.028,0.524093756166,0.096,0.07
"Syt5",0.514,0.0415192537736965,0.028,0.385068212697793,0.143,0.12
"Gm30524",0.514,0.031022214140547,0.028,1.43922738767662,0.033,0.005
"P3h3",0.514,0.0369609997300157,0.028,0.559951190663408,0.094,0.067
"Zfp239",0.514,0.0422007490706936,0.028,0.486518575976285,0.114,0.089
"Gm19265",0.514,0.0331232293613865,0.028,0.716871315962767,0.071,0.044
"Htra2",0.514,0.0202046658665499,0.028,0.46665693211097,0.069,0.043
"Clcn1",0.514,0.0387586292318093,0.028,0.629450665514546,0.094,0.067
"Clec2l",0.514,0.036488673209242,0.028,0.807550761805279,0.071,0.045
"Peg10",0.514,0.0553640370285654,0.028,3.10302213803187,0.033,0.006
"Gm7467",0.514,0.0401418859363556,0.028,2.06925990633025,0.04,0.013
"Mfsd10",0.514,0.0210169898558556,0.028,0.348884841482004,0.089,0.062
"Slbp",0.514,0.0146230895681465,0.028,0.254981105235212,0.078,0.051
"Gpn1",0.514,0.0406607127317535,0.028,0.548645984327749,0.098,0.072
"Kcnk3",0.514,0.0329620843322242,0.028,0.400776581136541,0.123,0.096
"Rnf207",0.514,0.0296904469727334,0.028,0.514497513497625,0.098,0.072
"Mad2l2",0.514,0.0186147553179575,0.028,0.69813453719554,0.045,0.016
"Mrto4",0.514,0.0267982975524471,0.028,0.916204367642702,0.054,0.026
"Ebna1bp2",0.514,0.0293308907547511,0.028,0.376327849501185,0.112,0.085
"Gm12655",0.514,0.0316644990805377,0.028,0.589622573881547,0.078,0.05
"Txn1",0.514,0.021019460224476,0.028,0.448854738684337,0.074,0.046
"Mllt11",0.514,0.0324951761538698,0.028,0.335498927019753,0.141,0.116
"Sema6c",0.514,0.0153198903956112,0.028,0.453520145057935,0.06,0.033
"Ndufb5",0.514,0.0238558142272977,0.028,0.263665944777789,0.123,0.097
"Gm14399",0.514,0.0300714472089327,0.028,0.261142266017386,0.163,0.141
"Zfp442",0.514,0.0291109772412293,0.028,0.592788744146529,0.076,0.048
"4930473A02Rik",0.514,0.025362933847946,0.028,0.777436198781975,0.051,0.024
"Pak6",0.514,0.0471823235851095,0.028,0.358712227050277,0.183,0.162
"Fsip1",0.514,0.0356768929111063,0.028,1.34541302216122,0.042,0.014
"Commd9",0.514,0.0281141342939012,0.028,0.827064935293714,0.054,0.025
"Gm13481",0.514,0.0678067470263038,0.028,1.12913891234995,0.065,0.037
"Gm36988",0.514,0.0305837173347872,0.028,0.733024831140799,0.065,0.036
"Gm32569",0.514,0.0438447651156702,0.028,1.87031002664123,0.038,0.01
"Eef1aknmt",0.514,0.0235121240437395,0.028,0.411314947262682,0.087,0.059
"Lemd1",0.514,0.0336558964613124,0.028,1.09573094575073,0.054,0.025
"Gm29488",0.514,0.0117481593667486,0.028,0.283512170194962,0.067,0.04
"2900009J06Rik",0.514,0.0392935662261414,0.028,1.11219289604867,0.054,0.026
"Gm33533",0.514,0.0317398316849866,0.028,1.04714755561986,0.056,0.029
"Efhc2",0.513,0.0426373988653006,0.026,0.593693079709096,0.092,0.067
"Praf2",0.513,0.0321815559440703,0.026,1.42349556605427,0.04,0.014
"Wdr45",0.513,0.0174874416901953,0.026,0.343423266057882,0.076,0.051
"Slc18a2",0.513,0.0926915806188213,0.026,3.13266190232852,0.036,0.009
"Ccnj",0.513,0.024206777156425,0.026,0.427975103839445,0.087,0.063
"Gm41804",0.513,0.0565686370083899,0.026,0.749020006284898,0.098,0.075
"B4gat1",0.513,0.020659586434453,0.026,0.558481010197186,0.06,0.035
"Mrpl14",0.513,0.0186378215990125,0.026,0.478497459768157,0.062,0.037
"Gm10501",0.513,0.0225130543852381,0.026,0.737490215714137,0.051,0.026
"Grm4",0.513,0.0352130446631405,0.026,0.266551894033814,0.172,0.148
"Psmg1",0.513,0.0284877749203481,0.026,0.787000734194691,0.058,0.033
"Sod1",0.513,0.0291061099011997,0.026,0.307019828801327,0.123,0.1
"Ndufb4",0.513,0.023612603124634,0.026,0.384150877346199,0.087,0.062
"Slx4",0.513,0.0218744555411562,0.026,0.363125753050046,0.087,0.062
"Cpne8",0.513,0.0853909083065721,0.026,0.274545501341249,0.315,0.299
"Prr5",0.513,0.0146909240594474,0.026,0.570052164091289,0.038,0.013
"Eif3d",0.513,0.0280119502311389,0.026,0.721714457960881,0.06,0.034
"Vps28",0.513,0.0316363559433821,0.026,0.905668885434239,0.056,0.03
"Med30",0.513,0.0169995617361997,0.026,0.539465364409498,0.051,0.026
"Zic5",0.513,0.021590930301999,0.026,0.940117093658923,0.036,0.01
"R3hcc1",0.513,0.0216403051101605,0.026,0.679364411898346,0.051,0.025
"Rps23",0.513,0.0167648740217093,0.026,0.317551947289218,0.074,0.048
"Gm40999",0.513,0.0603536233272461,0.026,4.65466897335115,0.027,0.001
"Eef1e1",0.513,0.0170986660748894,0.026,0.475273681391537,0.056,0.03
"Gpr137b",0.513,0.0280024799403409,0.026,0.546019299770415,0.078,0.053
"Coq6",0.513,0.0197685311249346,0.026,0.509133117568425,0.067,0.04
"Phb",0.513,0.028718857728954,0.026,0.518349743964642,0.083,0.058
"4930527B05Rik",0.513,0.0363684648686739,0.026,1.92177517348103,0.04,0.015
"Rpain",0.513,0.0270306293868191,0.026,0.554589315230149,0.078,0.052
"Nudcd2",0.513,0.0286700474662819,0.026,0.518012927341784,0.08,0.056
"Nxph4",0.513,0.0312126816129782,0.026,3.39398859759199,0.029,0.003
"Gm47033",0.513,0.0374792848809345,0.026,2.72365922791569,0.031,0.006
"Gm15608",0.513,0.0394231961978296,0.026,1.14582388793923,0.056,0.03
"Mknk2",0.513,0.0164511551817062,0.026,0.413968568211042,0.058,0.033
"H2afy2",0.513,0.0335416543897309,0.026,0.355522580865035,0.127,0.104
"Npffr1",0.513,0.0458290457729647,0.026,2.32364420838389,0.033,0.009
"1700021F05Rik",0.513,0.0194589139389807,0.026,0.305585432903773,0.1,0.075
"Apeh",0.513,0.0126300745588272,0.026,0.400599082632124,0.056,0.029
"Kcnj5",0.513,0.0361540243155019,0.026,3.0951499669297,0.029,0.003
"Ankrd49",0.513,0.0367699851881184,0.026,0.880415016710541,0.06,0.035
"Gm46102",0.513,0.0722984305088823,0.026,0.456027803275104,0.161,0.139
"Pla2g15",0.513,0.0197159088036615,0.026,0.418045847729073,0.069,0.043
"Gm17435",0.513,0.0243511919594383,0.026,0.624683582536744,0.056,0.03
"Plvap",0.513,0.0382095228107472,0.026,1.3191814073609,0.047,0.02
"Gm39185",0.513,0.0539624567606624,0.026,1.01202877970757,0.069,0.045
"Cfap97d2",0.513,0.014712464381593,0.026,0.454544118065194,0.04,0.015
"Rrm1",0.513,0.0263177733370622,0.026,0.59988525365441,0.062,0.037
"Zfp940",0.513,0.0293509168762248,0.026,0.623901207961603,0.076,0.051
"Zfp446",0.513,0.0116310855262694,0.026,0.288349997076405,0.062,0.037
"Tafa4",0.513,0.102877916565429,0.026,1.51169873293859,0.056,0.031
"Mrps25",0.513,0.0247071642264092,0.026,0.296351854350029,0.109,0.086
"Sema4f",0.513,0.0329607829211815,0.026,0.358060854391939,0.141,0.118
"Fkbp14",0.513,0.0247808697266331,0.026,0.697223388361567,0.051,0.026
"Cycs",0.513,0.0283716816005692,0.026,0.901440048155194,0.056,0.029
"Get4",0.513,0.0223309244460598,0.026,0.330641825826005,0.089,0.064
"Bud23",0.513,0.0215982023509682,0.026,0.36646893227355,0.089,0.064
"Tmem132cos",0.513,0.0514037343840495,0.026,2.11128644048696,0.038,0.011
"Atp5k",0.513,0.0317603938722766,0.026,1.04975020266523,0.049,0.024
"Gnpda2",0.513,0.0212532083504625,0.026,0.299242797513139,0.098,0.074
"Tmem240",0.513,0.0335474452745069,0.026,0.577532090450827,0.089,0.064
"Vamp3",0.513,0.0155173097677499,0.026,0.395000294016223,0.062,0.037
"Ubiad1",0.513,0.0399551397591187,0.026,1.02489128804879,0.06,0.036
"Pithd1",0.513,0.0249067731078174,0.026,0.517237090377304,0.071,0.045
"C77080",0.513,0.0215395997008558,0.026,0.663913922648206,0.051,0.026
"Nsun4",0.513,0.0150235599453899,0.026,0.277354795788825,0.083,0.057
"Rraga",0.513,0.0323550754436792,0.026,1.07800405620555,0.045,0.019
"Rasef",0.513,0.035781278981631,0.026,2.15429506106227,0.031,0.006
"Atp8b5",0.513,0.0266112273109509,0.026,1.02080609807276,0.038,0.011
"Slc9b2",0.513,0.0354477653758352,0.026,0.836121054479516,0.062,0.038
"Gm42567",0.513,0.0231166678954769,0.026,0.643505770446933,0.058,0.032
"AI504432",0.513,0.0482207570626704,0.026,0.53631456843618,0.116,0.093
"Sptssb",0.513,0.0259379689171014,0.026,0.970803983876177,0.049,0.023
"1110015O18Rik",0.513,0.0362435981150116,0.026,2.37780459133636,0.031,0.005
"Gm14342",0.513,0.0358091833069878,0.026,1.44532170156605,0.042,0.017
"Adrm1",0.513,0.0178885942969768,0.026,0.482060389771316,0.058,0.032
"2900093K20Rik",0.513,0.0193669787939168,0.026,0.380669519642889,0.074,0.049
"Fahd2a",0.513,0.0256634892913402,0.026,0.620508452952814,0.065,0.04
"Gm14004",0.513,0.0296129727145326,0.026,1.4780036668812,0.042,0.016
"Nop10",0.513,0.0226184483716111,0.026,0.652152013843497,0.056,0.029
"Sp9",0.513,0.0489913961047718,0.026,1.84811019953699,0.042,0.017
"Phospho2",0.513,0.0198311741852648,0.026,0.356456888824357,0.078,0.053
"C79798",0.513,0.0278692229083279,0.026,1.96775830453173,0.031,0.005
"Dipk1b",0.513,0.030992931749042,0.026,0.535264145988542,0.089,0.066
"0610009E02Rik",0.513,0.0354293012033937,0.026,0.55421804478995,0.087,0.062
"Bmyc",0.513,0.0157854103667991,0.026,0.290782611076405,0.078,0.053
"Gm38348",0.513,0.0436031736764793,0.026,1.28572597296205,0.056,0.03
"Gm9929",0.513,0.0174127565671243,0.026,0.361680800735975,0.067,0.042
"Fam163a",0.513,0.034219346835017,0.026,0.395450351980978,0.087,0.061
"Gm28791",0.513,0.0205906921176683,0.026,0.332918028506461,0.089,0.065
"Ppil3",0.513,0.0284993238367849,0.026,0.35350396886519,0.105,0.081
"Pdcl3",0.513,0.0226629259501673,0.026,0.527441810021749,0.065,0.039
"mt-Nd6",0.512,0.0227149673736748,0.024,0.92868393450863,0.036,0.011
"Kir3dl2",0.512,0.0215728531635237,0.024,2.8078701867433,0.027,0.003
"A330032B11Rik",0.512,0.0245501227841223,0.024,0.539266080742603,0.062,0.038
"Otub1",0.512,0.0367133417489239,0.024,0.662518241290344,0.071,0.049
"Drap1",0.512,0.017543928931745,0.024,0.374444186506327,0.065,0.041
"Gm41760",0.512,0.0335055900478175,0.024,1.04821966669518,0.047,0.023
"Gm4107",0.512,0.0145170110260044,0.024,0.266565478913194,0.067,0.043
"Taf4b",0.512,0.0319436933842312,0.024,0.354952556263424,0.118,0.095
"Pkdcc",0.512,0.0258852377459204,0.024,0.604904250165245,0.065,0.041
"Akain1",0.512,0.019917691152282,0.024,0.313697863898568,0.087,0.063
"Catsperd",0.512,0.0264048329326121,0.024,0.950156081700752,0.045,0.021
"Lonp1",0.512,0.025763715941398,0.024,0.290114582655019,0.118,0.098
"Mydgf",0.512,0.0222043198385203,0.024,0.408172737845859,0.069,0.046
"Klc4",0.512,0.014022763562442,0.024,0.38451641054331,0.06,0.037
"Polr1c",0.512,0.0146435528443432,0.024,0.456038126976494,0.058,0.034
"Scube3",0.512,0.0399215965170303,0.024,1.68861393752169,0.04,0.016
"Zbtb9",0.512,0.0323508595403485,0.024,0.330147692035642,0.127,0.106
"Cuta",0.512,0.0118337516117946,0.024,0.434648493794212,0.047,0.023
"Rnaset2b",0.512,0.0165972520296674,0.024,0.599157250402572,0.042,0.018
"Lca5l",0.512,0.0438723164758237,0.024,0.737867404432875,0.078,0.055
"Smim11",0.512,0.0189449529256594,0.024,0.552814964922028,0.056,0.031
"4930500H12Rik",0.512,0.0324510454623991,0.024,2.7140723584848,0.029,0.005
"Ydjc",0.512,0.0277207014066372,0.024,0.517185452579112,0.08,0.059
"Cox14",0.512,0.0121809796505423,0.024,0.308682294827383,0.06,0.036
"Col2a1",0.512,0.0334963612805301,0.024,3.24020177220014,0.027,0.003
"Pdxp",0.512,0.023322316157953,0.024,0.717550359445271,0.056,0.033
"Pcdh8",0.512,0.0456567406281837,0.024,1.45073668070719,0.045,0.022
"Fam167a",0.512,0.0366293506240592,0.024,2.06116080002004,0.031,0.007
"Sap18",0.512,0.0186690027373656,0.024,0.28897137807235,0.089,0.066
"Phf7",0.512,0.0201206604590521,0.024,0.37839043180855,0.069,0.046
"Ppif",0.512,0.0325856635661921,0.024,0.733679164412331,0.069,0.045
"Cfap70",0.512,0.0260049241095476,0.024,0.528267972620148,0.06,0.037
"Gm3667",0.512,0.0259570174051056,0.024,2.50930019744241,0.029,0.006
"Gm3173",0.512,0.0518724399008077,0.024,2.24971116752452,0.033,0.009
"1700110I01Rik",0.512,0.0354366521409516,0.024,3.76695635931436,0.027,0.003
"Gm26803",0.512,0.0361323474304302,0.024,1.59264376541486,0.04,0.016
"Lysmd3",0.512,0.0266316091532765,0.024,0.405887402891025,0.087,0.065
"Glrx5",0.512,0.0311323837610986,0.024,0.962549749993895,0.051,0.028
"Vcpkmt",0.512,0.0453754832184471,0.024,0.949625805032195,0.067,0.043
"Cmpk2",0.512,0.0262182261286166,0.024,1.29063269458493,0.042,0.018
"Gm49692",0.512,0.0354840748334074,0.024,2.20732604291227,0.031,0.008
"Rac3",0.512,0.050257185178611,0.024,1.19687015107106,0.058,0.034
"Mrps23",0.512,0.0316803148294471,0.024,1.0543790615836,0.047,0.023
"Lyrm9",0.512,0.0345915663017072,0.024,0.431184685266211,0.107,0.086
"Unc119",0.512,0.02408528417768,0.024,1.20468787707459,0.038,0.015
"B9d1",0.512,0.0222211209955356,0.024,0.415501543311723,0.087,0.064
"Med9",0.512,0.0256044267641686,0.024,1.30559706971951,0.038,0.013
"Sec61g",0.512,0.0210804522602508,0.024,0.360505915880067,0.083,0.059
"Zpbp",0.512,0.050008477657003,0.024,0.790483558127362,0.078,0.056
"AC135859.1",0.512,0.0274426987366447,0.024,1.05544815282268,0.049,0.025
"Dram1",0.512,0.0331656042436944,0.024,0.410051931997899,0.112,0.09
"BC024063",0.512,0.016068511435958,0.024,0.363282503214013,0.074,0.051
"Tmem26",0.512,0.0289109212455957,0.024,2.75353400854516,0.027,0.003
"Rpf2",0.512,0.023050309221031,0.024,0.332399090750888,0.103,0.081
"Gm46210",0.512,0.0330308304869444,0.024,0.820016507956675,0.062,0.038
"4930520O04Rik",0.512,0.0270344736516028,0.024,1.31567637591045,0.038,0.015
"Hemk1",0.512,0.0193527705961319,0.024,0.352073744516758,0.087,0.063
"Ky",0.512,0.0162593857436512,0.024,0.374831621269838,0.06,0.036
"Elovl4",0.512,0.0349373565420449,0.024,0.330122763119586,0.141,0.12
"Spg21",0.512,0.0166264207417701,0.024,0.255295861995034,0.089,0.066
"Gm1715",0.512,0.0293330431694111,0.024,0.585041426525866,0.078,0.055
"Sdhd",0.512,0.0171131233718058,0.024,0.757481774153609,0.045,0.02
"Tmem231",0.512,0.0276760119676119,0.024,0.497718047024497,0.083,0.06
"Agrp",0.512,0.0298548253757595,0.024,0.842798756870401,0.058,0.034
"Katnb1",0.512,0.022607844651822,0.024,0.392637606139319,0.085,0.061
"D8Ertd738e",0.512,0.0230700512663106,0.024,0.63093922441112,0.06,0.036
"Zfp709",0.512,0.0311919138358247,0.024,0.763771964129341,0.054,0.029
"Fcho1",0.512,0.0414943959037362,0.024,0.290330651430844,0.208,0.191
"Armc6",0.512,0.019059672025534,0.024,0.417693916049737,0.071,0.048
"Camsap3",0.512,0.0248834605406119,0.024,0.540440041428055,0.078,0.054
"Usp35",0.512,0.0186586836737722,0.024,0.250883776565852,0.105,0.082
"Ngrn",0.512,0.0265712067196717,0.024,0.603747533977411,0.065,0.042
"Gm42397",0.512,0.0299446912482858,0.024,1.57675278311206,0.029,0.006
"Zfp619",0.512,0.0238052992420499,0.024,0.53164659820616,0.058,0.034
"Mypop",0.512,0.030163292351474,0.024,0.653994656236172,0.067,0.044
"Pnmal1",0.512,0.0331062794867818,0.024,0.500991101703906,0.096,0.073
"Zim3",0.512,0.0276639693642685,0.024,2.18104011608367,0.029,0.005
"Fiz1",0.512,0.0272016677245311,0.024,0.787539122794792,0.054,0.03
"Styk1",0.512,0.0279466048232371,0.024,2.44055843875843,0.029,0.005
"Magohb",0.512,0.0203440729560372,0.024,0.807970787778734,0.042,0.019
"Mrpl51",0.512,0.0158279774148463,0.024,0.501938373270878,0.054,0.029
"Phb2",0.512,0.0189085039094707,0.024,0.257606269571225,0.107,0.086
"Jagn1",0.512,0.0161273970006099,0.024,0.380874258585402,0.06,0.037
"Ruvbl1",0.512,0.0326279613562352,0.024,0.441184829173239,0.105,0.082
"Calcr",0.512,0.0925236662951105,0.024,4.39156200136508,0.027,0.002
"Zfp316",0.512,0.0166338246852137,0.024,0.377831667423229,0.074,0.049
"Gm43122",0.512,0.0488460153325783,0.024,5.23683563723279,0.025,0.001
"Gpat3",0.512,0.0318631764796212,0.024,0.827066476702612,0.062,0.039
"Tada2b",0.512,0.0265699916399331,0.024,0.943625152100351,0.045,0.022
"Atg9b",0.512,0.0330705277106814,0.024,2.58776358057365,0.031,0.006
"Lrrc47",0.512,0.0174843681274503,0.024,0.346482260247911,0.069,0.046
"Taf12",0.512,0.0205036852612331,0.024,0.289081198334828,0.096,0.072
"Cfap57",0.512,0.0251286514131708,0.024,1.60073129010258,0.031,0.006
"6430628N08Rik",0.512,0.0306553413608539,0.024,4.35939546861942,0.025,0.001
"Lrp8os2",0.512,0.0358251825089793,0.024,1.24132858751445,0.047,0.022
"Rpl34",0.512,0.0249551913265573,0.024,0.397717061495587,0.078,0.054
"Tram1l1",0.512,0.0153291084386148,0.024,0.486911777799999,0.054,0.03
"Gm42722",0.512,0.0299024149108653,0.024,0.385619136341411,0.098,0.075
"9530097N15Rik",0.512,0.0125390722847528,0.024,0.575554310505584,0.042,0.019
"Mtmr11",0.512,0.0121897452621269,0.024,0.500015025779589,0.045,0.02
"6330562C20Rik",0.512,0.0147440016786874,0.024,0.434270334342817,0.051,0.027
"Vps72",0.512,0.0162590393702799,0.024,0.271274490697523,0.085,0.062
"Msto1",0.512,0.0236142057937892,0.024,0.408352929473395,0.078,0.055
"Ndufc1",0.512,0.0170250928381327,0.024,0.406855169844774,0.06,0.037
"Zfp335os",0.512,0.0218692549201192,0.024,0.275742033829607,0.112,0.089
"Spag4",0.512,0.0364607376497701,0.024,2.35295232350121,0.031,0.008
"AV039307",0.512,0.0292671429857021,0.024,0.784028052505691,0.054,0.03
"Grem1",0.512,0.0434678673368361,0.024,1.65502481543199,0.042,0.018
"Lrrc55",0.512,0.0396945064859532,0.024,0.966437523302161,0.06,0.036
"Gm13944",0.512,0.0275081994111236,0.024,0.779409957967149,0.065,0.041
"Ly75",0.512,0.0260299319629964,0.024,1.32562268302809,0.029,0.005
"Lyplal1",0.512,0.0291590575237492,0.024,0.680204662797746,0.067,0.043
"Mgst3",0.512,0.0246825513248678,0.024,0.304467253084002,0.118,0.097
"Gm10550",0.512,0.0258209325972418,0.024,1.44328387840299,0.036,0.011
"Asb1",0.512,0.0133186858774531,0.024,0.30114443253728,0.067,0.043
"Gpr1",0.512,0.0301762128057343,0.024,0.939769960224614,0.054,0.031
"Mpp4",0.512,0.0229350980589613,0.024,0.85927013354538,0.04,0.016
"Gm15261",0.511,0.0189967151502227,0.022,1.40323802680831,0.029,0.008
"Ndufb8",0.511,0.0123421743663303,0.022,0.263730884021465,0.071,0.049
"Hells",0.511,0.025138970263438,0.022,0.422221939826634,0.078,0.056
"Bbs1",0.511,0.0229584563183845,0.022,0.292346532749997,0.114,0.093
"Galr1",0.511,0.02878241609361,0.022,3.29457083077163,0.025,0.002
"Piezo2",0.511,0.0406247280879215,0.022,0.479391881289668,0.049,0.026
"1500015A07Rik",0.511,0.0237801588554563,0.022,0.438239048575155,0.076,0.055
"Sema6b",0.511,0.0212896833383121,0.022,0.268101203528357,0.118,0.098
"Efhb",0.511,0.0128155749808362,0.022,0.460150333373122,0.036,0.013
"Aars2",0.511,0.0238986214204042,0.022,0.59017446311073,0.067,0.045
"H2-T22",0.511,0.0127192175785248,0.022,0.603854112774278,0.04,0.019
"Vars2",0.511,0.0253546590715703,0.022,0.53340892109197,0.071,0.05
"Daxx",0.511,0.0269659904554361,0.022,0.655978278236107,0.062,0.04
"Eme2",0.511,0.0187286318797787,0.022,0.767026908387165,0.04,0.018
"Ntn3",0.511,0.0299835207660693,0.022,0.713439967004496,0.06,0.039
"Rnaset2a",0.511,0.0126260652059345,0.022,0.45892083040552,0.038,0.016
"Dynlt1c",0.511,0.01702921397158,0.022,0.762384837012829,0.036,0.013
"Cbr1",0.511,0.018168784419702,0.022,0.561189215358726,0.051,0.029
"Eva1c",0.511,0.012225182112258,0.022,0.253754465673889,0.058,0.037
"Gm49595",0.511,0.0238821640090971,0.022,0.804613818779712,0.051,0.029
"Dazap2",0.511,0.017628209695718,0.022,0.42789703948986,0.062,0.042
"Ndufb9",0.511,0.0302210508440978,0.022,0.358262708772232,0.121,0.101
"Zfp622",0.511,0.0268465681442475,0.022,0.54366760040637,0.071,0.051
"Mtrf1",0.511,0.028237783137621,0.022,0.466931515967873,0.078,0.057
"Pnoc",0.511,0.0409300138226485,0.022,1.88659465913993,0.033,0.011
"Rnf31",0.511,0.0221284986795171,0.022,0.324822065658058,0.092,0.071
"Dnah1",0.511,0.0319663383745567,0.022,1.45321558927584,0.036,0.015
"2810402E24Rik",0.511,0.00563950339246918,0.022,0.317437868233633,0.033,0.012
"2810429I04Rik",0.511,0.0116491348886584,0.022,0.306084274793421,0.054,0.032
"Siva1",0.511,0.0296879213266138,0.022,1.26893917914368,0.04,0.018
"Asb2",0.511,0.0142776790741638,0.022,0.622441497970629,0.033,0.012
"Gm48226",0.511,0.0164453576332147,0.022,0.597801766697192,0.047,0.026
"Gm46332",0.511,0.0238334369341937,0.022,1.08332182842634,0.038,0.016
"Fam171a2",0.511,0.0329762366700453,0.022,0.396251368568232,0.121,0.102
"Coil",0.511,0.0239326341384285,0.022,0.294674681980223,0.116,0.095
"Rasl10b",0.511,0.0350142609802527,0.022,0.580137662564071,0.092,0.071
"Gm11418",0.511,0.0391604125774654,0.022,1.06505364548787,0.056,0.034
"Rph3al",0.511,0.0275187844971552,0.022,0.587577577471458,0.06,0.038
"Cdkn2aipnl",0.511,0.0224203154039485,0.022,0.633348789658416,0.051,0.029
"Lsm11",0.511,0.02848397118572,0.022,1.15275206432435,0.04,0.019
"4930505A04Rik",0.511,0.0192874808699764,0.022,0.663465640804692,0.051,0.03
"Vmn2r84",0.511,0.0336547459128206,0.022,0.788573353209699,0.067,0.046
"Nabp2",0.511,0.0231929338247631,0.022,0.341518336002347,0.096,0.076
"Sycp3",0.511,0.0119152033981844,0.022,0.484210800182199,0.045,0.022
"Susd2",0.511,0.0280148527235402,0.022,2.46355640132641,0.027,0.006
"Stox1",0.511,0.0460352969893535,0.022,0.677041930636127,0.092,0.072
"9030612E09Rik",0.511,0.0249799893407853,0.022,1.04529115176496,0.045,0.023
"Tmie",0.511,0.0275577959466773,0.022,2.16126558824503,0.027,0.005
"Srprb",0.511,0.0141798545645833,0.022,0.277520692813073,0.069,0.048
"9430037G07Rik",0.511,0.0205174184159621,0.022,0.712860603307724,0.045,0.023
"Tmem136",0.511,0.0262763924071802,0.022,0.360958533250436,0.103,0.082
"Timm29",0.511,0.0222238018002891,0.022,0.770252035684317,0.047,0.025
"Ubl5",0.511,0.0218415584035876,0.022,0.862250882090111,0.042,0.021
"Jph3",0.511,0.0536363202180203,0.022,0.372685822822979,0.19,0.178
"Edc4",0.511,0.0253171100418404,0.022,0.263773939359889,0.134,0.114
"Hsf4",0.511,0.0313350365918912,0.022,1.18430058378418,0.047,0.025
"Gm39214",0.511,0.019772748957456,0.022,0.911203952028631,0.04,0.019
"Mvb12a",0.511,0.0133945777972318,0.022,0.303297341573295,0.076,0.053
"Adam32",0.511,0.0187190571037103,0.022,0.330091777049552,0.074,0.053
"4932443L11Rik",0.511,0.00977357928112012,0.022,0.250287987264039,0.062,0.04
"Inafm1",0.511,0.028251872731641,0.022,0.839446978953033,0.047,0.025
"Chmp2a",0.511,0.0206009344329606,0.022,0.473575630044875,0.067,0.045
"Zfp28",0.511,0.016126671783996,0.022,0.387427361867648,0.065,0.042
"Zfp583",0.511,0.0366882891714477,0.022,0.697629790473164,0.076,0.054
"Zfp667",0.511,0.0441208305606496,0.022,0.61289076382582,0.094,0.074
"Ccdc106",0.511,0.0169985532358324,0.022,0.31011561836925,0.085,0.063
"Eps8l1",0.511,0.0183824104519123,0.022,0.478992541521416,0.051,0.03
"4921507P07Rik",0.511,0.0308963213348592,0.022,1.37650047139412,0.038,0.017
"Kctd7",0.511,0.018126003223861,0.022,0.925499451180649,0.038,0.017
"Ran",0.511,0.0234739429754593,0.022,0.488043031000079,0.069,0.047
"Gtf2h3",0.511,0.0255361701544511,0.022,0.459363239135805,0.087,0.065
"Lhx5",0.511,0.0276430375006289,0.022,4.51584596045247,0.022,0.001
"Acads",0.511,0.015712643097053,0.022,1.12320934304862,0.029,0.006
"Mmel1",0.511,0.0332747232112499,0.022,1.57342410614805,0.04,0.018
"Gm12709",0.511,0.021535145236247,0.022,0.613562366993961,0.056,0.034
"Msantd3",0.511,0.0321058812056152,0.022,0.514205696325627,0.083,0.062
"Pdp1",0.511,0.0282058483904383,0.022,0.269425525130784,0.143,0.124
"Tspan2os",0.511,0.00905813097873336,0.022,0.530853548548959,0.031,0.009
"Gm43774",0.511,0.0236230170693808,0.022,0.832560467196513,0.047,0.025
"Fgf2",0.511,0.0146704640716138,0.022,0.418331218887554,0.047,0.025
"Gm30340",0.511,0.0261895827317382,0.022,1.76027440321934,0.033,0.012
"Fam210b",0.511,0.0248808419578027,0.022,0.707753832197035,0.047,0.025
"Acot8",0.511,0.018327325155264,0.022,0.345394276225489,0.078,0.057
"Gm14114",0.511,0.0203062173699844,0.022,1.53702454448386,0.029,0.006
"Ankef1",0.511,0.0201118301423622,0.022,0.643795199545115,0.049,0.027
"1700037H04Rik",0.511,0.0247102332018039,0.022,1.00904984193421,0.042,0.021
"Cpxm1",0.511,0.0249632714906359,0.022,1.12700401834133,0.04,0.018
"Mtln",0.511,0.025054719984313,0.022,1.01871580824262,0.042,0.021
"Gm13791",0.511,0.0395346626898293,0.022,1.43888182357027,0.042,0.021
"Gm13630",0.511,0.0250916767471767,0.022,0.642986045842673,0.065,0.044
"Lmx1b",0.511,0.041183601732136,0.022,2.27793187690035,0.027,0.005
"Cacfd1",0.511,0.0270326013231495,0.022,0.416563021586751,0.092,0.071
"Arrdc1",0.511,0.0207476883849915,0.022,0.658958651809352,0.049,0.027
"2310009B15Rik",0.511,0.0276920271201821,0.022,0.753321275534422,0.054,0.032
"Gm29088",0.511,0.0393845135002204,0.022,1.02593277148302,0.06,0.039
"Tsr2",0.51,0.0162150098702269,0.02,0.401140912371623,0.056,0.037
"Arxes2",0.51,0.0225259463074321,0.02,1.27469800518101,0.031,0.01
"Magee1",0.51,0.0256060347010616,0.02,1.2564409723583,0.036,0.016
"Gm39526",0.51,0.0156796896263492,0.02,0.472609603189064,0.051,0.032
"Naa10",0.51,0.0106447596023408,0.02,0.269806678579925,0.062,0.042
"Slc25a43",0.51,0.0234188025488884,0.02,1.57900959684026,0.029,0.009
"Gm50431",0.51,0.0190549373952501,0.02,0.81555480179949,0.04,0.02
"Mrpl11",0.51,0.0218386890465956,0.02,0.911067309291844,0.04,0.02
"Gm960",0.51,0.017552765661175,0.02,0.265582298655186,0.096,0.076
"Gm30018",0.51,0.025347377607737,0.02,1.67438853260482,0.031,0.012
"Ctxn3",0.51,0.0191347075382913,0.02,1.36412781942911,0.025,0.005
"Pcdhb21",0.51,0.0141085442750111,0.02,0.272970470044113,0.076,0.058
"Pcdha11.1",0.51,0.0363341652536077,0.02,0.714059987237883,0.074,0.055
"Gm41664",0.51,0.0275280608891168,0.02,1.37058185246804,0.036,0.016
"Micos13",0.51,0.0183154173972524,0.02,0.687133638856921,0.045,0.025
"Tmem8",0.51,0.0128841673796282,0.02,0.359774270704826,0.058,0.039
"Cacna1h",0.51,0.0334712657698193,0.02,0.376286314509293,0.112,0.095
"Maats1",0.51,0.00825691213377621,0.02,0.313494425552186,0.038,0.017
"Ranbp1",0.51,0.020998181012426,0.02,0.27674946488369,0.109,0.092
"Ifitm7",0.51,0.0236020691060792,0.02,0.735688375582889,0.051,0.032
"Rhebl1",0.51,0.0214928396676035,0.02,0.594458567728589,0.056,0.036
"Ift27",0.51,0.0136302802563454,0.02,0.4138295143613,0.045,0.025
"Gm46515",0.51,0.0242891798264692,0.02,0.71901876799964,0.047,0.027
"4930570B17Rik",0.51,0.017696271236559,0.02,0.464862078521391,0.062,0.042
"Gm16835",0.51,0.0507460313421477,0.02,0.357982429258256,0.185,0.172
"Pou4f1",0.51,0.0334626060293079,0.02,4.59147374712503,0.02,0.001
"Stc1",0.51,0.0260037611827503,0.02,1.53515710600467,0.029,0.009
"Mrpl57",0.51,0.0332738738292689,0.02,1.3201100889441,0.036,0.016
"Gm16973",0.51,0.0183723356593471,0.02,0.490963565943048,0.058,0.038
"Spcs1",0.51,0.00815912879509256,0.02,0.266276776651664,0.049,0.029
"Gm3002",0.51,0.018558473922596,0.02,1.42524822517667,0.027,0.007
"Gzmk",0.51,0.031464362093506,0.02,0.822928082715604,0.054,0.034
"Zcchc9",0.51,0.0199984622151816,0.02,0.315453153016735,0.085,0.065
"Gm47882",0.51,0.0339747427367489,0.02,2.66472879925262,0.027,0.006
"Gm10421",0.51,0.0257125537597251,0.02,0.864416424208934,0.042,0.023
"4930595D18Rik",0.51,0.0358245785755569,0.02,1.93504849263216,0.029,0.01
"Slirp",0.51,0.0166872575422117,0.02,0.53318035244818,0.049,0.029
"6530401F13Rik",0.51,0.0206856578907322,0.02,0.367564194582722,0.083,0.064
"Ccdc177",0.51,0.0275712293946242,0.02,0.865479238452448,0.051,0.031
"2410018L13Rik",0.51,0.0277048300702295,0.02,0.947384217513693,0.045,0.024
"Gm48693",0.51,0.0198908854205549,0.02,0.413318673180262,0.076,0.055
"Gm35725",0.51,0.0197995855854812,0.02,2.61185620752732,0.022,0.002
"Oxld1",0.51,0.0259272022150206,0.02,1.61792034523187,0.029,0.01
"Cygb",0.51,0.0171417346266101,0.02,0.601977311030918,0.051,0.032
"D11Wsu47e",0.51,0.0153793760126095,0.02,0.315417803836581,0.069,0.049
"Cyb561",0.51,0.0304478454059286,0.02,0.632944354881171,0.069,0.049
"Spata32",0.51,0.0299111120685801,0.02,1.11722556175574,0.042,0.024
"G6pc3",0.51,0.0131859985411013,0.02,0.291721568493657,0.062,0.043
"Vat1",0.51,0.0166439299147741,0.02,0.975112108699578,0.029,0.01
"Klhl10",0.51,0.0269168096633257,0.02,1.25777344599816,0.038,0.017
"Mycbpap",0.51,0.0202582932609117,0.02,1.20766172382978,0.031,0.011
"Cct6b",0.51,0.0296944353907536,0.02,1.37886527585098,0.033,0.013
"Dph1",0.51,0.0393690698848592,0.02,0.991694562463993,0.06,0.041
"Spag7",0.51,0.0186162366589002,0.02,0.490494474945683,0.054,0.033
"Pemt",0.51,0.0284681917525675,0.02,1.42451463252376,0.036,0.017
"Fndc9",0.51,0.0251886446256701,0.02,0.677559279201193,0.058,0.038
"Nacad",0.51,0.0355105479693735,0.02,1.58752396455832,0.036,0.015
"Tac2",0.51,0.0429954346666856,0.02,2.17297196306527,0.025,0.005
"Slc17a8",0.51,0.0442196908731352,0.02,1.62063281156171,0.027,0.007
"Gas2l3",0.51,0.0262378121068428,0.02,0.960415549615559,0.045,0.024
"Sirt6",0.51,0.0251767489554799,0.02,0.847183441621521,0.045,0.026
"Gm35721",0.51,0.0396177780930178,0.02,2.43855024106684,0.027,0.007
"Chchd10",0.51,0.00530830588731449,0.02,0.266683303024847,0.038,0.018
"Dnajc12",0.51,0.0247250318099182,0.02,0.618932990875968,0.056,0.036
"Gm2449",0.51,0.0298411307697524,0.02,1.38503374144411,0.036,0.017
"Gm17399",0.51,0.0241773738976312,0.02,0.90016282626858,0.047,0.027
"Cdc25a",0.51,0.0177107238182491,0.02,0.624286001626121,0.045,0.025
"Gm32743",0.51,0.0216603093645483,0.02,1.29210644886914,0.036,0.015
"Rwdd2a",0.51,0.0301279097283263,0.02,2.4039885410669,0.027,0.008
"Bud13",0.51,0.0120222066133894,0.02,0.264048888096641,0.065,0.046
"Prkcsh",0.51,0.0188428337519329,0.02,0.263419521544981,0.105,0.087
"Gcsh",0.51,0.0189944365160117,0.02,0.72366001766575,0.042,0.023
"Nip7",0.51,0.0110933211116211,0.02,0.330191762753054,0.058,0.039
"Ccdc130",0.51,0.0284342656344599,0.02,0.477107196101623,0.074,0.054
"Zfp964",0.51,0.0118599780012866,0.02,0.432305248109493,0.045,0.025
"Cdkn2aip",0.51,0.0157016879487263,0.02,0.273915470998418,0.087,0.068
"Gm45570",0.51,0.014614337604894,0.02,0.687456734743258,0.038,0.018
"Nek3",0.51,0.0137610239220232,0.02,0.325437718282954,0.06,0.04
"Bet1l",0.51,0.0112758735643116,0.02,0.250764219056327,0.067,0.048
"Zfp668",0.51,0.0242970727294814,0.02,0.456832942029074,0.083,0.063
"Gm28198",0.51,0.0205426694875802,0.02,0.848482028346459,0.04,0.021
"Sgf29",0.51,0.0214929309257645,0.02,0.285764547991175,0.103,0.085
"Dchs1",0.51,0.0162621180862088,0.02,0.471117318812682,0.049,0.029
"Gm26708",0.51,0.0251827450885449,0.02,1.14676534323421,0.031,0.012
"Gm35842",0.51,0.038429272562746,0.02,1.90419060892931,0.033,0.013
"Zfp977",0.51,0.0254122607387533,0.02,1.0540648089725,0.04,0.02
"Alkbh6",0.51,0.0229735939135254,0.02,0.820078328489351,0.049,0.029
"Zfp146",0.51,0.0118426700913952,0.02,0.251652795885078,0.067,0.048
"Selenov",0.51,0.024716707513592,0.02,2.07896896796429,0.025,0.005
"Shkbp1",0.51,0.0207321392171509,0.02,0.266432428628418,0.114,0.096
"Dedd2",0.51,0.0168865143567257,0.02,0.491352001434416,0.054,0.034
"Gpr27",0.51,0.0306190508713121,0.02,1.19357025835432,0.038,0.018
"Mrpl19",0.51,0.0168653470317599,0.02,0.427179919605778,0.06,0.041
"Zfp212",0.51,0.0227383446127995,0.02,0.605325470166049,0.058,0.039
"Iqub",0.51,0.0168223200114753,0.02,0.373837999082146,0.065,0.045
"Gm43598",0.51,0.0181566888173521,0.02,0.581237637515171,0.049,0.029
"Rxfp2",0.51,0.042764281000047,0.02,2.24152968118387,0.029,0.009
"Wdr95",0.51,0.0416132588008062,0.02,0.813210056370108,0.056,0.037
"Ints1",0.51,0.0144877870945273,0.02,0.283561517604018,0.085,0.066
"6330418K02Rik",0.51,0.0108052423185797,0.02,0.312175045357157,0.051,0.031
"Cops6",0.51,0.0163970342742013,0.02,0.475115682946412,0.054,0.033
"Zfp113",0.51,0.0135314744826735,0.02,0.300469377537498,0.062,0.044
"Lrwd1",0.51,0.0139460211888809,0.02,0.38922739732369,0.058,0.039
"Mettl27",0.51,0.0223874297500802,0.02,0.710874359512562,0.049,0.029
"Gm20629",0.51,0.0270723022156544,0.02,1.25781309291303,0.038,0.018
"Barhl2",0.51,0.0240575319691826,0.02,4.136945403443,0.02,0.001
"Rassf6",0.51,0.0333995248251207,0.02,2.72859871516994,0.027,0.007
"Dck",0.51,0.0203873391448787,0.02,0.522509045979959,0.062,0.043
"Tyms",0.51,0.00733833964844936,0.02,0.272313569835956,0.047,0.027
"Rer1",0.51,0.0156076455244621,0.02,0.354704687982462,0.062,0.043
"A430005L14Rik",0.51,0.00888105505928721,0.02,0.309845300547757,0.051,0.031
"Zfp982",0.51,0.0123629670834898,0.02,0.39121819946236,0.042,0.022
"Mycbp",0.51,0.0291592252270334,0.02,0.650702495625762,0.062,0.043
"Ccdc17",0.51,0.0172822434403153,0.02,1.24793550936928,0.029,0.01
"Zfp37",0.51,0.025998406903209,0.02,0.371587640960554,0.094,0.075
"Col15a1",0.51,0.0186361185199908,0.02,0.36559905010389,0.049,0.03
"Gm11817",0.51,0.0244477901460693,0.02,1.52869225306456,0.033,0.013
"Tyw3",0.51,0.0119504484361222,0.02,0.300728542254613,0.067,0.047
"Col24a1",0.51,0.0298144539564489,0.02,0.524736774311314,0.054,0.034
"4930534D22Rik",0.51,0.0202092820675588,0.02,1.46895079391799,0.031,0.012
"Rwdd3",0.51,0.0257150384512716,0.02,0.511739159655565,0.069,0.05
"Gm42664",0.51,0.0187107525581646,0.02,0.449007314552821,0.06,0.041
"Atxn7l2",0.51,0.0310558712628616,0.02,0.58369589170658,0.074,0.055
"Tuft1",0.51,0.00949255778052534,0.02,0.378850141965938,0.04,0.019
"Gm37245",0.51,0.045076007117698,0.02,1.34413612648492,0.049,0.031
"Ube2q1",0.51,0.0205650295842047,0.02,0.346282112944491,0.085,0.066
"Chrnb2",0.51,0.0173391167635265,0.02,0.473057674167299,0.06,0.041
"Fhdc1",0.51,0.0102916925527701,0.02,0.250922160788541,0.056,0.037
"Gm43376",0.51,0.0256999310837614,0.02,0.45415664818232,0.087,0.069
"Qrfpr",0.51,0.0504792229732038,0.02,1.05578264983125,0.054,0.034
"Chrna4",0.51,0.0147887980021257,0.02,0.351481126686227,0.067,0.047
"9430021M05Rik",0.51,0.0204668746867991,0.02,1.05760396172904,0.036,0.016
"Cfap61",0.51,0.0172201111151869,0.02,0.318459673625088,0.06,0.041
"Trp53i11",0.51,0.00906284053839897,0.02,0.273087734507731,0.051,0.032
"Ptpmt1",0.51,0.0191385395999713,0.02,0.379781896698391,0.069,0.05
"Myo3b",0.51,0.0254088261082693,0.02,0.281786538827153,0.08,0.061
"Scn7a",0.51,0.0347118803540809,0.02,1.14413521434277,0.04,0.02
"Rbm43",0.51,0.0144703319622526,0.02,0.424416315824974,0.054,0.034
"Olah",0.51,0.0260886737731931,0.02,1.32985939409608,0.038,0.019
"Lamb3",0.51,0.0150008496817541,0.02,0.864403956720644,0.033,0.014
"Tomm40l",0.51,0.0161136552631356,0.02,0.327867229965722,0.076,0.057
"Gm28294",0.51,0.0224939521101109,0.02,1.29688956784069,0.033,0.015
"Gm28153",0.51,0.0347420686177126,0.02,1.29741026877353,0.04,0.02
"Capn6",0.509,0.0165071897568926,0.018,0.34598530783963,0.065,0.047
"Pwwp3b",0.509,0.00980441793177478,0.018,0.391347018100008,0.036,0.017
"Srpx2",0.509,0.0260237627405095,0.018,1.8614190951391,0.027,0.01
"Zfp275",0.509,0.0101608752849018,0.018,0.305905238996492,0.049,0.032
"Rpl39",0.509,0.00869799307708008,0.018,0.431167608473962,0.038,0.019
"Pgam1",0.509,0.018480468899853,0.018,0.32157470145963,0.074,0.056
"Nudt8",0.509,0.0174294923613659,0.018,1.54470253351011,0.027,0.008
"Gm16279",0.509,0.0110776797225271,0.018,0.392174153943757,0.038,0.021
"Gm50240",0.509,0.0202786387543962,0.018,0.810446520341903,0.038,0.02
"Ppil1",0.509,0.0382841902414093,0.018,0.953706594601778,0.049,0.032
"Kifc5b",0.509,0.020317619934122,0.018,0.841249885214102,0.038,0.021
"Jpt2",0.509,0.0135562676475676,0.018,0.52189527625305,0.038,0.02
"Gm16310",0.509,0.0200836374398692,0.018,1.34705904950876,0.029,0.012
"Plaat1",0.509,0.036590059746414,0.018,1.14879120905003,0.047,0.03
"Tmem41a",0.509,0.0206660725806809,0.018,1.07329655962609,0.036,0.018
"Ubald1",0.509,0.0161568730320129,0.018,0.527601784152695,0.047,0.029
"Syt10",0.509,0.0758592271859432,0.018,0.640678629514099,0.109,0.094
"Acr",0.509,0.0225560328709298,0.018,0.693495909987737,0.054,0.035
"Tonsl",0.509,0.0124320257432171,0.018,0.80150620531853,0.031,0.013
"Iqank1",0.509,0.0164811757400615,0.018,0.610804239794914,0.04,0.023
"Cmbl",0.509,0.0171353429832766,0.018,0.659672038907627,0.036,0.019
"C030047K22Rik",0.509,0.0177032513708383,0.018,0.257760590907077,0.08,0.063
"Gdnf",0.509,0.0246208084190032,0.018,2.37354985805641,0.022,0.005
"Gm49768",0.509,0.025017954061638,0.018,0.590452232835668,0.065,0.047
"Dph3",0.509,0.0187882183811244,0.018,0.423510781995941,0.058,0.04
"Gm10248",0.509,0.0321793326357965,0.018,3.41408336982368,0.02,0.003
"Rmi1",0.509,0.0078614419501211,0.018,0.254347396024939,0.047,0.029
"Lman2",0.509,0.0152610396000329,0.018,0.254221044500058,0.083,0.065
"Mrpl32",0.509,0.0168625682049417,0.018,0.610008485363709,0.042,0.025
"Efcab11",0.509,0.0191769336730524,0.018,1.07951726802347,0.027,0.009
"Angel1",0.509,0.00837036255096602,0.018,0.368142870831544,0.04,0.023
"Adam21",0.509,0.0155383782872976,0.018,1.1540793207198,0.027,0.008
"Gm3693",0.509,0.0305664991182897,0.018,1.41747984950679,0.038,0.02
"B230217J21Rik",0.509,0.0245894014944775,0.018,2.34474641830213,0.022,0.004
"Dnajb9",0.509,0.0102469776671586,0.018,0.297019879705071,0.049,0.031
"Alyref",0.509,0.0180983197434155,0.018,0.872942423755105,0.036,0.018
"Cant1",0.509,0.0134061867882254,0.018,0.42307437476975,0.045,0.028
"Rpl38",0.509,0.0140442227076533,0.018,0.37685528728886,0.058,0.041
"Psmc5",0.509,0.0270934423636359,0.018,0.442348405081217,0.078,0.062
"Tefm",0.509,0.0281069913891784,0.018,1.26576467897185,0.036,0.017
"Slc16a13",0.509,0.0114307594437179,0.018,0.51517936170446,0.036,0.018
"Fgf11",0.509,0.015430519805977,0.018,0.913953437534587,0.031,0.014
"Zfp354a",0.509,0.0232520624564048,0.018,0.531529357108062,0.065,0.046
"Zfp454",0.509,0.0098297334634666,0.018,0.381874772435384,0.047,0.03
"Wif1",0.509,0.0434494500571715,0.018,2.50530734597309,0.025,0.006
"Grip1os1",0.509,0.0180652701712966,0.018,1.8119306814703,0.025,0.007
"Gm48485",0.509,0.0251111483103953,0.018,2.96080802807782,0.022,0.003
"Mob3a",0.509,0.01387240473628,0.018,0.474151884956809,0.038,0.02
"Gm30400",0.509,0.022654624637512,0.018,0.923738339978489,0.045,0.026
"Gatd3a",0.509,0.0219941605529439,0.018,0.825806784446179,0.04,0.022
"Dna2",0.509,0.0155004584713698,0.018,0.574638544940671,0.045,0.027
"Fam241b",0.509,0.0302423650660854,0.018,1.14657653665405,0.042,0.025
"Bend3",0.509,0.0242363517730639,0.018,0.651287574476911,0.054,0.036
"Tube1",0.509,0.00626978840311238,0.018,0.275893014016872,0.042,0.024
"Ss18l2",0.509,0.0180857261437793,0.018,0.444938282789184,0.06,0.042
"Anapc13",0.509,0.0137432575621626,0.018,0.598623977935754,0.033,0.016
"Tpbg",0.509,0.0289732203629184,0.018,1.79239809472373,0.027,0.009
"Polr2m",0.509,0.0173794413489738,0.018,0.331197439260412,0.069,0.052
"B230323A14Rik",0.509,0.0732009209493025,0.018,0.942790611832664,0.031,0.012
"Gm48796",0.509,0.0183283159082626,0.018,1.11073697916643,0.029,0.011
"Tmem205",0.509,0.0118066250952406,0.018,0.262376123208117,0.067,0.048
"Dbndd1",0.509,0.0306533185624442,0.018,0.855677304122793,0.051,0.034
"Galns",0.509,0.0264243760328258,0.018,0.404637620340512,0.089,0.074
"Mvd",0.509,0.0261585687766729,0.018,0.83236351506314,0.042,0.025
"Klhl36",0.509,0.0109308567174438,0.018,0.329833106694057,0.047,0.029
"Cmtr2",0.509,0.0271385475854423,0.018,1.79542242807077,0.025,0.007
"Zfp882",0.509,0.0282682991251341,0.018,0.906411656474895,0.042,0.025
"Borcs8",0.509,0.0208929395733413,0.018,0.713555709028786,0.049,0.031
"Lrp2bp",0.509,0.018730436320958,0.018,1.22415954783665,0.025,0.008
"Grtp1",0.509,0.0121527023430572,0.018,0.414158663090046,0.038,0.02
"Gm20501",0.509,0.0215071967489804,0.018,1.59751958564832,0.029,0.011
"Fank1",0.509,0.0261814967761878,0.018,0.442867646517012,0.083,0.066
"Otoa",0.509,0.0137156460922928,0.018,0.989569086356266,0.025,0.006
"Rps3",0.509,0.0218594236301946,0.018,0.707401090257372,0.042,0.024
"Gm7580",0.509,0.0240108625284708,0.018,2.54751110227694,0.025,0.006
"1700112J16Rik",0.509,0.0204605789405957,0.018,1.36893490345938,0.029,0.01
"Ndn",0.509,0.0237368770428962,0.018,1.1351522293977,0.029,0.011
"Nudt19",0.509,0.0101207739377046,0.018,0.254490690637237,0.058,0.041
"Rtn2",0.509,0.0100961217888032,0.018,0.307303918753566,0.058,0.04
"Etfbkmt",0.509,0.0191286925870327,0.018,0.91347020156689,0.027,0.01
"Tigar",0.509,0.0283375587647551,0.018,0.643510654687093,0.062,0.045
"Gm15624",0.509,0.0232273150100738,0.018,0.642264522052297,0.058,0.041
"Pcgf1",0.509,0.0152404240718989,0.018,0.39925204830557,0.058,0.041
"Sh2d6",0.509,0.0266210819285415,0.018,2.2473703751206,0.025,0.006
"A730020E08Rik",0.509,0.0189297815284008,0.018,1.03863923888442,0.036,0.017
"E130309D02Rik",0.509,0.0294920196840807,0.018,0.822662700845779,0.054,0.037
"Alkbh2",0.509,0.026718953330762,0.018,0.610703848448501,0.067,0.05
"Srrd",0.509,0.021213533253929,0.018,0.572876584249936,0.054,0.035
"Ppef2",0.509,0.0167431727762288,0.018,1.18525964691115,0.027,0.009
"Noa1",0.509,0.0173318548889106,0.018,0.441221857637932,0.06,0.043
"Gm26756",0.509,0.031758407578926,0.018,1.20471943650177,0.042,0.024
"Tmem128",0.509,0.0221772073721885,0.018,0.472078709944509,0.065,0.048
"Grpel1",0.509,0.0143329312429259,0.018,0.526342142448831,0.045,0.027
"Gm42948",0.509,0.0169343139262284,0.018,1.23299772229188,0.027,0.009
"Gm27200",0.509,0.0235534599620109,0.018,1.01464900688947,0.04,0.022
"1700121C08Rik",0.509,0.0229850543309547,0.018,0.979879939328152,0.04,0.022
"Tmem69",0.509,0.020288613333823,0.018,0.786438085366507,0.04,0.022
"Rps6",0.509,0.0187449121597193,0.018,0.446977349606146,0.062,0.044
"Tmem8b",0.509,0.0259704167309291,0.018,0.410727686437495,0.089,0.073
"1700013F07Rik",0.509,0.0196582825204879,0.018,1.28323007705304,0.031,0.013
"Gm42658",0.509,0.0148683035043365,0.018,1.04035654552352,0.027,0.009
"A530041M06Rik",0.509,0.0237924385111967,0.018,0.495029031252177,0.069,0.052
"Gm43773",0.509,0.0233718468369413,0.018,1.2004993841343,0.036,0.018
"Tchh",0.509,0.0249880570207276,0.018,1.22209499443167,0.029,0.011
"Nup210l",0.509,0.0237958102935396,0.018,1.38730039489185,0.031,0.013
"Gm19710",0.509,0.0309955439280807,0.018,0.916409322793738,0.04,0.022
"Gm16093",0.509,0.0119009418966336,0.018,0.410145060977038,0.047,0.03
"Nelfcd",0.509,0.0147651812790762,0.018,0.386819021917841,0.054,0.037
"A530013C23Rik",0.509,0.00916632790229348,0.018,0.575655822932054,0.029,0.012
"A730017L22Rik",0.509,0.018911568865196,0.018,0.311884100186419,0.085,0.069
"Dtwd1",0.509,0.0241472376208529,0.018,0.382778077827926,0.085,0.067
"Gm13589",0.509,0.0412138000491926,0.018,2.22213769113894,0.029,0.011
"9330198N18Rik",0.509,0.0250042726677122,0.018,1.44095875648305,0.031,0.012
"Klhdc9",0.509,0.0213752406796956,0.018,1.27237577097964,0.031,0.013
"Shcbp1l",0.509,0.0145096180408255,0.018,0.471001230676396,0.049,0.031
"Klhdc8a",0.509,0.0229893580800039,0.018,2.08702602830673,0.025,0.006
"Ankmy1",0.509,0.0173496465616449,0.018,1.47408078141864,0.025,0.007
"Gm29480",0.509,0.0270231098242615,0.018,2.25776999546534,0.025,0.006
"Obsl1",0.509,0.0237849145170637,0.018,0.421789292011806,0.078,0.062
"Asic4",0.509,0.0266910443036006,0.018,1.07552396088224,0.038,0.02
"Dnah7c",0.509,0.0100764270294596,0.018,0.265511398719018,0.062,0.045
"Bag2",0.509,0.0307827359813518,0.018,0.813808852474167,0.054,0.037
"2600014E21Rik",0.491,0.020748096904262,0.018,0.371223494456945,0.031,0.051
"Irs4",0.508,0.0189690257996223,0.016,4.90646566460695,0.016,0.001
"Tmem35a",0.508,0.00943482704502016,0.016,0.354840921808495,0.047,0.031
"Xk",0.508,0.016945760769211,0.016,0.445589009322377,0.054,0.039
"Twnk",0.508,0.00924228655464795,0.016,0.479836368517322,0.038,0.021
"Cutc",0.508,0.0348019013709495,0.016,0.685473438413555,0.065,0.049
"Golga7b",0.508,0.026005199150704,0.016,0.539676277414863,0.074,0.059
"Tmem258",0.508,0.0205870328524078,0.016,0.872503266361152,0.033,0.019
"Tmem134",0.508,0.00885133825178255,0.016,0.320908045134164,0.045,0.029
"Doc2g",0.508,0.0241109659953291,0.016,1.53151896853925,0.027,0.01
"2310026I22Rik",0.508,0.0194218369407302,0.016,0.52916861616922,0.051,0.036
"Gm26682",0.508,0.0156943502109915,0.016,1.27133659075744,0.025,0.008
"Slc3a1",0.508,0.00723467249633956,0.016,0.524237590002204,0.027,0.012
"Alkbh7",0.508,0.0151209963027208,0.016,0.646900595152306,0.033,0.018
"Frs3",0.508,0.0126353619387912,0.016,0.475481032583088,0.04,0.024
"Nthl1",0.508,0.00722852518527085,0.016,0.543453641093246,0.027,0.01
"Slc22a3",0.508,0.0277802409424651,0.016,0.792168528233778,0.047,0.031
"1700010I14Rik",0.508,0.014153296806477,0.016,1.00636959122864,0.025,0.009
"Tagap1",0.508,0.00819835228580564,0.016,0.415904379982597,0.036,0.02
"Dynlt1b",0.508,0.0236423814575512,0.016,1.61301785824478,0.025,0.008
"Gm10785",0.508,0.0142782579428844,0.016,0.340713346393843,0.062,0.047
"Mrpl40",0.508,0.0181235502946456,0.016,0.583458110714631,0.045,0.028
"Gm15879",0.508,0.0261768489110761,0.016,0.811189238392631,0.045,0.029
"Cacnb3",0.508,0.0354075538594208,0.016,0.418167395920191,0.109,0.097
"Mapk12",0.508,0.00855485347187426,0.016,0.353390477537145,0.04,0.023
"Ttll1",0.508,0.0301258793261487,0.016,0.376942727902783,0.109,0.096
"Dnal4",0.508,0.0163634390214314,0.016,0.40067190941076,0.062,0.047
"Hgh1",0.508,0.0248238847494411,0.016,1.17170951783426,0.031,0.016
"9130401M01Rik",0.508,0.0289950531876024,0.016,0.910482248204145,0.047,0.031
"Mrps16",0.508,0.0104069200244783,0.016,0.400749411104696,0.045,0.03
"Gm10406",0.508,0.0272161929120307,0.016,1.30349858552121,0.033,0.017
"Gm3252",0.508,0.0212406824466625,0.016,1.70502120799559,0.02,0.004
"Pcsk1",0.508,0.0475488696400706,0.016,0.333851504760225,0.163,0.154
"Gm30655",0.508,0.0199165290434968,0.016,0.627983161749171,0.04,0.024
"Gm32834",0.508,0.0203532538223307,0.016,0.289681459165853,0.089,0.075
"Tshr",0.508,0.0303082271140663,0.016,1.0056007147662,0.025,0.009
"Ngb",0.508,0.0241058539219026,0.016,3.36801896886079,0.018,0.002
"Gm34868",0.508,0.0207741458193993,0.016,0.889577653011544,0.033,0.018
"4930512B01Rik",0.508,0.00968842759468908,0.016,0.307976287885372,0.047,0.031
"Gm32828",0.508,0.140525584900698,0.016,1.92724834878553,0.051,0.037
"Slc25a10",0.508,0.0192393946033384,0.016,1.19629718810876,0.025,0.01
"Tha1",0.508,0.0157343786826124,0.016,0.59705091682063,0.04,0.025
"Prcd",0.508,0.0169914970581829,0.016,1.17301911843908,0.029,0.012
"Evpl",0.508,0.0235248203038848,0.016,1.48030408944469,0.025,0.009
"1700052K11Rik",0.508,0.0213127698409839,0.016,1.14676756686559,0.031,0.015
"Rnd2",0.508,0.0161052680781617,0.016,1.01119207501297,0.027,0.011
"Rad51c",0.508,0.0110236137696045,0.016,0.472765405011867,0.038,0.023
"Zfp3",0.508,0.0181068887070476,0.016,0.334954997447803,0.071,0.057
"Ybx2",0.508,0.0124252660659574,0.016,0.54604613144103,0.04,0.025
"Alox8",0.508,0.0180169149418934,0.016,2.34492529489613,0.02,0.004
"Odf4",0.508,0.0183609586750864,0.016,2.65381469868787,0.02,0.004
"A530017D24Rik",0.508,0.0118778180308131,0.016,0.378709233297611,0.047,0.031
"Pld6",0.508,0.0186678092358325,0.016,2.10168604313458,0.02,0.004
"Bod1",0.508,0.0314319122534743,0.016,0.67213454410811,0.056,0.041
"Grip1os2",0.508,0.020126463208486,0.016,1.08560392238556,0.031,0.016
"Col18a1",0.508,0.013777565919217,0.016,0.561793526367103,0.029,0.013
"Gm32364",0.508,0.0201999939219316,0.016,1.82308235733821,0.025,0.009
"Sowahc",0.508,0.0139479653368517,0.016,1.19561577808187,0.022,0.006
"Mfsd4b1",0.508,0.0220585712054467,0.016,0.93173592871582,0.038,0.022
"Tmem158",0.508,0.0204107160347066,0.016,0.388731998901088,0.071,0.056
"Gm35501",0.508,0.0175338655811218,0.016,0.522394507326382,0.062,0.046
"Dlec1",0.508,0.0159150974165329,0.016,0.78175397048915,0.036,0.02
"4930579K19Rik",0.508,0.0181049627283139,0.016,0.640317242318418,0.047,0.031
"Gm27253",0.508,0.0268940335927214,0.016,0.508195351864839,0.071,0.056
"Fdx1",0.508,0.00838309460179985,0.016,0.263300575788811,0.054,0.038
"Gm39326",0.508,0.0191603497747367,0.016,0.747470435636593,0.04,0.025
"Jhy",0.508,0.0178973017074686,0.016,0.881140021008653,0.027,0.012
"1700110K17Rik",0.508,0.0296245249125738,0.016,1.25695234908843,0.033,0.017
"Msantd4",0.508,0.0221618838520763,0.016,0.639553268858428,0.047,0.032
"Usb1",0.508,0.00905958541701744,0.016,0.338521412120237,0.045,0.03
"Rbmxl1",0.508,0.0140783944575552,0.016,0.280402544513035,0.067,0.053
"Ocel1",0.508,0.0139614658815035,0.016,0.277949571661654,0.071,0.056
"B830042I05Rik",0.508,0.0250124653623586,0.016,2.25988650160803,0.022,0.007
"Fuom",0.508,0.0176991705379953,0.016,0.503074379939734,0.049,0.032
"Gm28258",0.508,0.0144411822174186,0.016,2.0541743655056,0.018,0.003
"Kctd15",0.508,0.0149800408882575,0.016,0.74930604273537,0.033,0.018
"Exosc5",0.508,0.0123445412346025,0.016,0.452379801376116,0.042,0.026
"Gm19345",0.508,0.0279399494265312,0.016,3.01471376835878,0.02,0.004
"Qpctl",0.508,0.0203839914644614,0.016,0.655480339837386,0.045,0.03
"Oscar",0.508,0.0156442614499837,0.016,0.720418777371376,0.038,0.022
"Bid",0.508,0.0149369508577303,0.016,0.62395186297806,0.042,0.026
"Efcc1",0.508,0.0207281484021758,0.016,0.500220524086916,0.056,0.041
"Spr",0.508,0.0196563749675144,0.016,0.960771459613563,0.029,0.014
"Ccdc126",0.508,0.0193997984709047,0.016,0.480012428510143,0.054,0.038
"Atp6v0e2",0.508,0.0179687337902202,0.016,0.336787020722814,0.071,0.055
"Gm44696",0.508,0.0217785375119289,0.016,0.696836743015474,0.049,0.033
"Fmc1",0.508,0.00866476698040968,0.016,0.389393434930126,0.036,0.021
"Gpr85",0.508,0.0248315000071635,0.016,0.411255394458848,0.083,0.068
"Dlx5",0.508,0.0175875039368993,0.016,1.10242494253044,0.027,0.012
"Zfp12",0.508,0.0127814063536592,0.016,0.263581756305491,0.069,0.055
"Psmg3",0.508,0.0160765795922241,0.016,0.719087470407995,0.036,0.021
"Gm49027",0.508,0.0149618243798813,0.016,0.928117959849304,0.033,0.017
"Rhof",0.508,0.0138817991334584,0.016,0.323987548817629,0.065,0.049
"Pheta1",0.508,0.0180873619609917,0.016,0.988396012225813,0.033,0.018
"Rita1",0.508,0.01101266058221,0.016,0.33595664230254,0.054,0.037
"2410131K14Rik",0.508,0.0113677704842971,0.016,0.379617413982415,0.049,0.033
"Gm13832",0.508,0.0201315263629987,0.016,0.45351852333215,0.067,0.051
"Gatc",0.508,0.00751635031056673,0.016,0.482925438766773,0.036,0.02
"Slc10a4",0.508,0.0152416490269504,0.016,5.40542281685625,0.016,0
"Clnkos",0.508,0.0214215773336438,0.016,4.01134442439082,0.018,0.002
"Tacc3",0.508,0.0189429785224887,0.016,0.765485543812384,0.038,0.022
"Samd11",0.508,0.0209146204059482,0.016,1.52393327347792,0.025,0.01
"Zbtb48",0.508,0.0235137576039745,0.016,0.749444453079941,0.045,0.029
"Ube4bos1",0.508,0.0181051724235323,0.016,0.763527455202627,0.04,0.024
"Casp9",0.508,0.0148769603886821,0.016,0.272606568183784,0.076,0.06
"Fam131c",0.508,0.0157683885275901,0.016,2.07163568184238,0.02,0.004
"Selenon",0.508,0.0111534539934141,0.016,0.299179528968098,0.058,0.043
"Hcrtr1",0.508,0.0133516209630574,0.016,1.86541628215009,0.018,0.002
"Maneal",0.508,0.0180135327013414,0.016,0.524463238545898,0.058,0.041
"Col9a2",0.508,0.00923580014655234,0.016,0.444442418189886,0.031,0.014
"Toe1",0.508,0.00987814940619748,0.016,0.487486302764842,0.038,0.022
"Eqtn",0.508,0.0235634368321939,0.016,0.460124065692337,0.08,0.065
"Galt",0.508,0.0171578708135958,0.016,0.349260730715287,0.067,0.053
"Ndufb6",0.508,0.016222364123008,0.016,0.419927500470386,0.058,0.041
"Pm20d2",0.508,0.0234838720936616,0.016,0.928621191068835,0.038,0.022
"Gem",0.508,0.0189273835486513,0.016,1.4232322374933,0.022,0.006
"Bcl10",0.508,0.0162069283116309,0.016,0.266325772729784,0.076,0.061
"Slc25a24",0.508,0.00506517834146189,0.016,0.379354462649277,0.029,0.012
"Gm27008",0.508,0.0332798912526249,0.016,0.483343840716258,0.083,0.069
"Chia1",0.508,0.0237502099199734,0.016,1.54646649520351,0.027,0.011
"Ddx20",0.508,0.00659770671286228,0.016,0.277059120321262,0.045,0.03
"Gm43256",0.508,0.013565835484802,0.016,0.890951536341898,0.029,0.014
"Gm42939",0.508,0.0144882541605041,0.016,1.40966667773029,0.02,0.005
"Psmb4",0.508,0.00827835587452221,0.016,0.360667107402445,0.042,0.027
"Npr1",0.508,0.0244275722400408,0.016,1.5915378686337,0.02,0.004
"Rab13",0.508,0.0104028239543439,0.016,0.582935638522208,0.029,0.013
"Eif5a2",0.508,0.00701948501864946,0.016,0.32222846482646,0.04,0.024
"Hnf4g",0.508,0.0233814094794911,0.016,2.77484774018223,0.02,0.003
"Gm14391",0.508,0.0152041896315613,0.016,0.493183631561083,0.045,0.03
"Slc35c2",0.508,0.0203837577855982,0.016,0.459060427568629,0.062,0.047
"Necab3",0.508,0.0482285184823119,0.016,0.443530393292012,0.138,0.125
"Ttll9",0.508,0.0161778435991884,0.016,1.29635521072506,0.025,0.009
"Tmem74b",0.508,0.00830636433010124,0.016,0.561548107742346,0.031,0.015
"5330413P13Rik",0.508,0.0283633284896329,0.016,1.53471293561262,0.029,0.014
"Ciao1",0.508,0.0234554070651556,0.016,0.44381924430071,0.069,0.055
"Gm27003",0.508,0.0179225685049867,0.016,0.255499992710833,0.096,0.081
"Pax6os1",0.508,0.0214891043918556,0.016,1.69437247959944,0.02,0.004
"Nxph2",0.508,0.0311529309642912,0.016,0.637974936811962,0.042,0.026
"Gm37107",0.508,0.00894460287525956,0.016,0.284397656056254,0.058,0.042
"A430105J06Rik",0.508,0.0134351275912597,0.016,0.585998254957536,0.036,0.019
"Cfap45",0.508,0.0204397314028457,0.016,0.743844974909506,0.042,0.026
"Gm4793",0.508,0.00982565520144489,0.016,0.424780044905272,0.038,0.022
"Sept2",0.508,0.0104319425789269,0.016,0.327096097088373,0.047,0.032
"Col6a3",0.508,0.0254676562924825,0.016,1.02663222294401,0.022,0.006
"Asb18",0.508,0.0131358789139264,0.016,0.544074344015288,0.045,0.028
"Gm29374",0.508,0.0162743299596728,0.016,4.1454947776287,0.018,0.001
"4933407L21Rik",0.508,0.0234329937521548,0.016,1.47737481628979,0.027,0.011
"D630023F18Rik",0.508,0.0233289153148025,0.016,0.746046512647824,0.049,0.035
"Mettl21a",0.508,0.0133074906039887,0.016,0.30428040475072,0.065,0.05
"Tex30",0.508,0.0139301231439669,0.016,0.703035752044619,0.033,0.018
"Mrpl30",0.508,0.0148963804901587,0.016,0.355120009854692,0.062,0.046
"Gm38115",0.508,0.0372294335960036,0.016,0.752523950794481,0.069,0.054
"4933409K07Rik",0.507,0.0289610830739849,0.014,0.964061523670252,0.045,0.031
"Pfkfb1",0.507,0.0249999378570986,0.014,1.2594811471953,0.029,0.016
"Arxes1",0.507,0.0199504554714679,0.014,1.51228385682147,0.025,0.01
"Nap1l3",0.507,0.012070560060821,0.014,0.31849662457328,0.054,0.04
"Tent5d",0.507,0.00973367638113488,0.014,0.665081810201565,0.027,0.014
"Ubl4a",0.507,0.00871368983298279,0.014,0.334225892288117,0.04,0.026
"Vma21",0.507,0.0094601118822218,0.014,0.250981829317523,0.058,0.045
"Cdr1",0.507,0.0217011663783987,0.014,1.50548307648883,0.027,0.013
"Ccdc160",0.507,0.00650561324877206,0.014,0.490274935203784,0.027,0.013
"Glod5",0.507,0.0154735879676857,0.014,1.63665899441119,0.02,0.006
"2010204K13Rik",0.507,0.0136816461562603,0.014,0.97032860369378,0.025,0.01
"Npm3",0.507,0.00685652694750008,0.014,0.375836986760424,0.033,0.02
"Gm27151",0.507,0.0116695258969341,0.014,0.497002803951505,0.031,0.018
"Ccdc86",0.507,0.0203745525873863,0.014,0.66270900001128,0.047,0.033
"Vwce",0.507,0.0213427245836479,0.014,2.35930300843319,0.02,0.005
"Gng3",0.507,0.0136677853010273,0.014,0.274345944804218,0.078,0.065
"Slc29a2",0.507,0.0098959528127777,0.014,0.375720676821178,0.04,0.027
"Gm7276",0.507,0.0156456939450297,0.014,0.858427018350942,0.033,0.02
"Cfap53",0.507,0.00358507530896671,0.014,0.296542895604643,0.025,0.011
"Spink13",0.507,0.0154804532843852,0.014,1.91032551500631,0.018,0.004
"Gm10544",0.507,0.0267953242775753,0.014,1.68962773091052,0.027,0.013
"Gm49980",0.507,0.015974152749344,0.014,1.56867772387023,0.02,0.007
"Cabyr",0.507,0.0220951603738402,0.014,0.65259725077198,0.045,0.03
"Nudt12",0.507,0.016218996386793,0.014,0.727064691297794,0.031,0.017
"Tmem151b",0.507,0.0238013070781464,0.014,0.466971995692858,0.074,0.061
"Rsph1",0.507,0.011210495557881,0.014,0.465383614742349,0.038,0.025
"Glp1r",0.507,0.0298816602455336,0.014,4.71180675842558,0.016,0.001
"Spdef",0.507,0.0214579510242041,0.014,2.09980007451509,0.02,0.006
"Gm49741",0.507,0.0166782690550764,0.014,1.58186182890165,0.02,0.007
"Ndufb10",0.507,0.0141991223728891,0.014,0.350863876806994,0.062,0.048
"Flywch2",0.507,0.013903752015618,0.014,0.678602163631602,0.036,0.022
"Zfp213",0.507,0.0206069580036325,0.014,0.993445164743477,0.031,0.017
"Has1",0.507,0.0184258013911311,0.014,1.67728978285815,0.022,0.009
"1700093J21Rik",0.507,0.0157225438021473,0.014,0.699328745991089,0.036,0.022
"Chodl",0.507,0.0133828083725915,0.014,2.34364036053917,0.016,0.002
"Gm28750",0.507,0.0183221480907844,0.014,1.02051197176472,0.031,0.017
"Sst",0.507,0.0168148500611346,0.014,0.375132854398144,0.049,0.036
"Slc7a4",0.507,0.0113903905372009,0.014,0.343443993465737,0.056,0.042
"Yars2",0.507,0.0129693247179022,0.014,0.278333851434567,0.067,0.052
"Gm36560",0.507,0.0207399178062086,0.014,0.709255337577036,0.047,0.033
"Lmf2",0.507,0.0103827968192316,0.014,0.616040651877328,0.027,0.014
"Gm29666",0.507,0.0230673544460232,0.014,0.696153902758499,0.047,0.033
"Lrrc14",0.507,0.0160906924444486,0.014,0.453666479072733,0.054,0.041
"Peg13",0.507,0.0118073964442779,0.014,0.380212057753006,0.049,0.035
"Gm49249",0.507,0.0111180065669769,0.014,1.89849453455928,0.018,0.004
"9930012K11Rik",0.507,0.0195240505301479,0.014,2.78509923857071,0.016,0.002
"Neil2",0.507,0.0088848551392518,0.014,0.395636711956612,0.036,0.023
"Dleu7",0.507,0.0151163331681988,0.014,2.35285398251444,0.018,0.003
"3110083C13Rik",0.507,0.0120396753424177,0.014,0.732726682550332,0.031,0.017
"Rabggta",0.507,0.0139586751881719,0.014,0.407498737446525,0.051,0.039
"Psme2",0.507,0.00721435466343577,0.014,0.318370883655014,0.031,0.017
"Dydc2",0.507,0.0088387710971266,0.014,0.976975612150167,0.02,0.007
"AC163638.2",0.507,0.0119785094005263,0.014,0.795308182134013,0.022,0.009
"Gm48860",0.507,0.0157218826284819,0.014,1.43419698796915,0.022,0.009
"Gm3739",0.507,0.00983384136131767,0.014,0.431453554675674,0.027,0.012
"Gm3696",0.507,0.0163371523616552,0.014,1.09083211765469,0.029,0.015
"Tmem267",0.507,0.0128941918349358,0.014,0.330398101389489,0.065,0.052
"Ftl1-ps1",0.507,0.0178233809477508,0.014,0.434901744499628,0.058,0.045
"Slc9a3",0.507,0.0215763970980744,0.014,1.6737505759482,0.022,0.009
"Irx2",0.507,0.0142038724370448,0.014,2.26031222547748,0.016,0.002
"Med10",0.507,0.0129542825684688,0.014,0.328311928521574,0.06,0.048
"Zfp58",0.507,0.0179135953214467,0.014,0.52981479358252,0.047,0.033
"Uqcrb",0.507,0.0137313835543803,0.014,0.428111978920658,0.045,0.03
"1810034E14Rik",0.507,0.0080343293661987,0.014,0.4595577350295,0.031,0.018
"Higd2a",0.507,0.0125300079910379,0.014,0.332344026764889,0.058,0.045
"Rbm24",0.507,0.029849268995513,0.014,0.257205211584127,0.156,0.148
"Sfrp4",0.507,0.0234129064239249,0.014,1.57533887416073,0.025,0.011
"Cdca4",0.507,0.0137725886546574,0.014,0.797067508213735,0.029,0.016
"Adam4",0.507,0.00847702278274891,0.014,0.467308283980477,0.031,0.018
"Fam71d",0.507,0.011900089674325,0.014,0.5213852979013,0.038,0.024
"Mgat2",0.507,0.0100387594832779,0.014,0.672290899837823,0.027,0.013
"Nkx2-1",0.507,0.0190499444014799,0.014,4.34761323901893,0.016,0.001
"C1qtnf1",0.507,0.00885378668135177,0.014,1.0331045318242,0.018,0.004
"Dnah17",0.507,0.0191774244173771,0.014,1.53655941814593,0.022,0.008
"Snhg16",0.507,0.0259050577503093,0.014,0.817186583482473,0.04,0.026
"Mrps7",0.507,0.0106160985606625,0.014,0.276114863370556,0.06,0.047
"Gm11520",0.507,0.0122630756487896,0.014,0.514408283861351,0.042,0.029
"Zfp830",0.507,0.0102384640626907,0.014,0.371497888279446,0.038,0.024
"Gm11417",0.507,0.0175173394021932,0.014,1.082370484768,0.031,0.017
"Tsr1",0.507,0.0126007443650766,0.014,0.329238965720787,0.06,0.047
"Itgae",0.507,0.00936319104932255,0.014,1.02943818877137,0.018,0.004
"4930563E22Rik",0.507,0.0171950333667836,0.014,0.670947469064813,0.04,0.027
"Gm43951",0.507,0.0193288029762331,0.014,0.895549300652541,0.038,0.024
"Slc25a11",0.507,0.0122233701234169,0.014,0.321006349126013,0.047,0.032
"Gpx3",0.507,0.0177058136243999,0.014,2.43644008889612,0.016,0.002
"N4bp3",0.507,0.0119005910337526,0.014,1.42590019705501,0.02,0.005
"Gm12130",0.507,0.031627464766536,0.014,3.46924966764059,0.018,0.003
"Gm12120",0.507,0.0193152091733378,0.014,2.51047985515921,0.018,0.003
"Myl6b",0.507,0.0182555631476832,0.014,2.09209917191031,0.02,0.007
"Shmt2",0.507,0.0123349048542664,0.014,0.571030875937023,0.036,0.022
"4930532I03Rik",0.507,0.0353469376588525,0.014,0.862227959265496,0.054,0.04
"Gm20757",0.507,0.0314041785642447,0.014,2.65975348418386,0.016,0.002
"Dohh",0.507,0.00671669757331296,0.014,0.405898703833564,0.031,0.017
"Cactin",0.507,0.00804007494737728,0.014,0.286452661815798,0.042,0.028
"Dapk3",0.507,0.0149732342986811,0.014,0.441090843940744,0.049,0.036
"Sf3a2",0.507,0.0107012356529673,0.014,0.400139396881232,0.042,0.029
"Lrrc75b",0.507,0.0185518159519895,0.014,0.907320292205731,0.029,0.014
"Gm47018",0.507,0.0138324156381252,0.014,0.585872725825832,0.04,0.027
"Gm48727",0.507,0.0110145030931519,0.014,0.536471872324598,0.033,0.02
"Impdh2",0.507,0.0112992396111768,0.014,0.395710998095829,0.042,0.029
"Col6a6",0.507,0.0121375470507559,0.014,0.839658102423278,0.018,0.004
"Gm47757",0.507,0.0266040879760337,0.014,6.81504349801758,0.013,0
"Ccnb2",0.507,0.00982822082013992,0.014,0.551165048832013,0.033,0.019
"Pclaf",0.507,0.023249849463686,0.014,1.63577360832462,0.022,0.009
"2310030G06Rik",0.507,0.0262419686557625,0.014,1.62951030420041,0.027,0.012
"Gm49380",0.507,0.0162955594387384,0.014,0.725268820970443,0.033,0.02
"Gm30015",0.507,0.0106988756818235,0.014,0.805366311354951,0.025,0.01
"Rpusd4",0.507,0.00836569446525718,0.014,0.421879885569087,0.033,0.02
"Ccdc159",0.507,0.011602339239046,0.014,0.259204884922138,0.067,0.054
"Fbxl12os",0.507,0.0124175087754851,0.014,0.640250962281402,0.031,0.018
"Coa6",0.507,0.0104883951672692,0.014,0.527499391270816,0.031,0.016
"Hsd17b2",0.507,0.0104109196018947,0.014,1.84197122071665,0.016,0.002
"Pard6a",0.507,0.0185719358513262,0.014,1.09782039472059,0.027,0.014
"Nanos3",0.507,0.0151398023858065,0.014,0.902111936354792,0.031,0.018
"Frem3",0.507,0.0158217305037054,0.014,1.70641215174303,0.02,0.006
"Ankrd37",0.507,0.0279130957733172,0.014,1.26875990963665,0.029,0.016
"Gm45304",0.507,0.0218409359392036,0.014,1.05078750511544,0.033,0.02
"Snapc2",0.507,0.018314612241991,0.014,0.786689759295843,0.036,0.021
"Slc25a22",0.507,0.0194415806885411,0.014,0.355381198200299,0.078,0.065
"Zfp689",0.507,0.0113374244316227,0.014,0.478974252536253,0.031,0.018
"Ern2",0.507,0.0190950692203382,0.014,5.64390886427445,0.013,0
"Relt",0.507,0.0178817104181131,0.014,0.88006285849526,0.033,0.019
"C230038L03Rik",0.507,0.0189236628382641,0.014,1.33296561090469,0.025,0.01
"Acan",0.507,0.0134428400349216,0.014,0.83027742831618,0.025,0.011
"Gm14377",0.507,0.0199514765201288,0.014,1.70287526970487,0.022,0.009
"Gm28307",0.507,0.0106957189605421,0.014,0.790921297928808,0.025,0.011
"Tbcb",0.507,0.0087473205582665,0.014,0.278560414005881,0.049,0.036
"Gm26604",0.507,0.0335397138311556,0.014,3.1390386612081,0.018,0.004
"Gsk3a",0.507,0.0256056898197464,0.014,0.402465279203142,0.085,0.071
"Gm3854",0.507,0.00877388397471534,0.014,0.32778682974577,0.042,0.03
"Gm15706",0.507,0.0170697017062228,0.014,0.646433865028189,0.04,0.026
"Ret",0.507,0.0146323341381209,0.014,1.36873363730956,0.02,0.007
"Rpusd3",0.507,0.0138038871961004,0.014,0.731251153519989,0.031,0.018
"A430078I02Rik",0.507,0.0221558755706359,0.014,5.4918271512399,0.013,0
"Ccdc142",0.507,0.0145014017818245,0.014,0.379228550814406,0.056,0.043
"Mrpl35",0.507,0.0249464384910807,0.014,0.716143373615036,0.045,0.031
"Crhr2",0.507,0.016063215371518,0.014,1.024561945231,0.022,0.009
"Lrrc61",0.507,0.00470699709249596,0.014,0.283408741603913,0.033,0.02
"Zfp786",0.507,0.0147377760599385,0.014,0.550699681775646,0.047,0.032
"Dlx6",0.507,0.0144374654311501,0.014,0.845726192871338,0.029,0.015
"Gm20635",0.507,0.011615681147915,0.014,0.727451167427187,0.027,0.013
"Ufsp1",0.507,0.0120390852704153,0.014,1.479805689139,0.018,0.004
"Abhd11",0.507,0.0192572553707669,0.014,0.814655569733223,0.033,0.02
"Mapkapk5",0.507,0.0145609739327528,0.014,0.74199341995267,0.031,0.017
"Triap1",0.507,0.00871006571286607,0.014,0.621039806716386,0.025,0.01
"Mmab",0.507,0.016442524171405,0.014,0.426228141683349,0.054,0.039
"Crlf2",0.507,0.0195363894023869,0.014,0.882002307523914,0.036,0.022
"Gm10135",0.507,0.0136684487057874,0.014,0.952976645908353,0.027,0.013
"Gm15614",0.507,0.0193649902766251,0.014,0.450269762520012,0.054,0.039
"Khk",0.507,0.00929934326832407,0.014,0.700027504938834,0.025,0.011
"Masp2",0.507,0.0151782029436968,0.014,1.2194217669017,0.022,0.009
"Cplane2",0.507,0.0126292324602582,0.014,0.542733321928914,0.038,0.024
"Fabp3",0.507,0.0161704304763392,0.014,0.445688524787083,0.06,0.047
"Lck",0.507,0.0186406602120559,0.014,2.67397324533089,0.018,0.003
"Sync",0.507,0.0172732468940059,0.014,1.44702378396343,0.022,0.008
"1700086P04Rik",0.507,0.0160182604642875,0.014,1.51244470191224,0.022,0.008
"Gm12930",0.507,0.0139423996967303,0.014,0.962720063571166,0.027,0.013
"Gm12811",0.507,0.0161715176599973,0.014,1.62078064980354,0.02,0.006
"Alad",0.507,0.0189365091393414,0.014,0.707281563575707,0.036,0.021
"Wdr31",0.507,0.0171950735568457,0.014,0.414085341230854,0.056,0.043
"Fancg",0.507,0.0139619124365999,0.014,0.35019287311931,0.058,0.044
"1110017D15Rik",0.507,0.00873074399325842,0.014,0.403295459315289,0.038,0.024
"Gm9916",0.507,0.0205351680877957,0.014,0.823864005912963,0.042,0.028
"Chil5",0.507,0.0175478201168736,0.014,1.42960876373848,0.022,0.008
"Gm43847",0.507,0.0250061770097835,0.014,0.453692652652539,0.074,0.06
"Gm43387",0.507,0.0150844544808722,0.014,0.954490612559839,0.027,0.014
"Nhlh2",0.507,0.0228531208517273,0.014,3.31942043081802,0.018,0.003
"Itga10",0.507,0.00414294784724001,0.014,0.304825721980455,0.031,0.016
"Anxa9",0.507,0.0231021685155182,0.014,1.94881307182949,0.02,0.006
"Zswim1",0.507,0.0226357913942097,0.014,0.980504884858631,0.033,0.021
"Fitm2",0.507,0.00756731179787604,0.014,0.46121937498904,0.033,0.019
"2500004C02Rik",0.507,0.00658476516152178,0.014,0.368258573746735,0.033,0.02
"Gm14211",0.507,0.00763848708213053,0.014,0.596453129714313,0.02,0.007
"Rcn1",0.507,0.00974156622201924,0.014,0.296119998299175,0.049,0.035
"Selenoh",0.507,0.0131470823226501,0.014,1.71110215947333,0.018,0.004
"Slc2a8",0.507,0.0100555547036614,0.014,0.250604303262923,0.065,0.052
"Prdm12",0.507,0.0166492106069987,0.014,5.00132326930419,0.013,0
"Hmcn2",0.507,0.032994645173089,0.014,2.42496272337271,0.018,0.004
"Tor1a",0.507,0.0177238929917161,0.014,0.420377499366508,0.062,0.048
"Ppp1r26",0.507,0.0187953206798394,0.014,1.07385553194981,0.029,0.015
"Ssna1",0.507,0.0120067765171929,0.014,0.434565850883186,0.045,0.032
"Rpp38",0.507,0.0155811552418409,0.014,1.01909106161563,0.025,0.011
"Gm16897",0.507,0.0121816276064959,0.014,1.09927372629935,0.022,0.009
"Gm38251",0.507,0.0150136280179271,0.014,0.815195127220893,0.031,0.018
"Gm10138",0.507,0.0204765463462064,0.014,0.733669312635649,0.038,0.025
"Rabif",0.507,0.0196205570195316,0.014,0.463057687072881,0.06,0.047
"Gm38394",0.507,0.0122624263718909,0.014,0.267996101363064,0.062,0.049
"Gm19461",0.507,0.0167347617542629,0.014,0.872737653724479,0.033,0.019
"C130036L24Rik",0.507,0.0154255701467342,0.014,0.466626004427059,0.047,0.034
"Stk11ip",0.507,0.0119911750251086,0.014,0.312933348759108,0.056,0.042
"Tmem198",0.507,0.0284802107411155,0.014,0.588832274707972,0.065,0.051
"Rpl31",0.507,0.0127167684225967,0.014,0.284066701222935,0.058,0.044
"Mybl1",0.507,0.00835933600658748,0.014,0.413369943978016,0.033,0.019
"Usp51",0.506,0.0165350406927691,0.012,2.04130870948614,0.016,0.004
"Tceal1",0.506,0.0128158603641029,0.012,1.60535914594788,0.018,0.006
"Taf9b",0.506,0.00607740484434399,0.012,0.306205296888637,0.038,0.026
"Slc10a3",0.506,0.00919232881039096,0.012,0.83986017979372,0.02,0.008
"Gabre",0.506,0.0138938875007842,0.012,2.20933622999205,0.013,0.001
"Arhgap36",0.506,0.0148438300323085,0.012,3.27375626206981,0.013,0.001
"Ndufb11",0.506,0.012626463430829,0.012,0.555146273615253,0.033,0.021
"Gm16299",0.506,0.00459962500178938,0.012,0.264781285440031,0.036,0.023
"Cstf2t",0.506,0.014499168276551,0.012,0.8048169844266,0.029,0.017
"Mrpl16",0.506,0.00516902045806988,0.012,0.276395011799511,0.031,0.02
"Trpt1",0.506,0.00873468281787588,0.012,0.715707735725486,0.025,0.013
"Bad",0.506,0.00789505284568918,0.012,0.297466759912195,0.04,0.028
"Cd226",0.506,0.0170707511142388,0.012,1.63606467313089,0.018,0.005
"Rbfa",0.506,0.00911152517250554,0.012,0.315792001094053,0.042,0.031
"Fchsd1",0.506,0.0132946613287435,0.012,0.765853353560693,0.027,0.014
"Taf7",0.506,0.0104092843519644,0.012,0.317108978134775,0.04,0.028
"Pcdhac2",0.506,0.00426605547813507,0.012,0.385597082433013,0.027,0.015
"Ndufa2",0.506,0.0183671528529481,0.012,0.84728639577605,0.031,0.02
"Hbegf",0.506,0.00577712271000739,0.012,0.294700127204236,0.031,0.019
"Gm15328",0.506,0.0075230696823681,0.012,0.251540809108772,0.047,0.036
"Gm6225",0.506,0.0167920698365779,0.012,0.423633113130073,0.06,0.048
"Gm33373",0.506,0.00765945038154346,0.012,0.281654480022339,0.04,0.028
"Gm26749",0.506,0.0118933869761735,0.012,0.30010974671183,0.056,0.044
"Zbtb14",0.506,0.0129978052331235,0.012,0.277576114820183,0.065,0.055
"Gm38593",0.506,0.0111353182725087,0.012,0.921492990850738,0.022,0.009
"Crip3",0.506,0.0128345190339948,0.012,1.61845213726755,0.018,0.005
"Gm50050",0.506,0.00478948855494811,0.012,0.753408639845724,0.02,0.008
"Dnah8",0.506,0.00918266252084713,0.012,0.896569876414755,0.018,0.006
"Gm26885",0.506,0.0131301618571647,0.012,1.48612109972771,0.018,0.006
"Pi16",0.506,0.0183467852165439,0.012,3.15787585757745,0.013,0.001
"Arhgdig",0.506,0.0141667186181862,0.012,0.55769070994602,0.042,0.031
"Gfer",0.506,0.0154325090518509,0.012,0.783895576703885,0.029,0.017
"Rab26",0.506,0.0180270763501748,0.012,0.299173585048109,0.087,0.077
"9530082P21Rik",0.506,0.00306779073577401,0.012,0.299746917384553,0.022,0.01
"Gm49959",0.506,0.0134599884217661,0.012,2.19552052302128,0.013,0.002
"Gm49907",0.506,0.0155750438305928,0.012,2.08766278434605,0.018,0.006
"Gm49961",0.506,0.0170038668528034,0.012,0.879677949304321,0.031,0.019
"4632428C04Rik",0.506,0.00374915896957759,0.012,0.424365015038959,0.02,0.008
"6330408M09Rik",0.506,0.0152932386767066,0.012,1.25184566396202,0.02,0.008
"Slc25a1",0.506,0.0155848198281215,0.012,0.665307684697058,0.036,0.023
"Tfap4",0.506,0.0079416178426794,0.012,0.636855206187089,0.022,0.011
"Csrnp2",0.506,0.0239820096156948,0.012,0.260150101928404,0.125,0.116
"Gm15609",0.506,0.00806923115383078,0.012,1.16945213665367,0.016,0.004
"Mov10l1",0.506,0.0140271153234954,0.012,2.89885010843894,0.013,0.002
"Nol12",0.506,0.0127574667351925,0.012,0.419943651241874,0.045,0.032
"1700109K24Rik",0.506,0.0150383062764461,0.012,0.362056480802039,0.062,0.051
"Top1mt",0.506,0.0166460186839549,0.012,0.447277871464594,0.054,0.041
"Lynx1",0.506,0.022087230613708,0.012,0.269986257988473,0.109,0.1
"Gm41333",0.506,0.00631559346767344,0.012,0.311511521702839,0.031,0.019
"Tmem74",0.506,0.0097926724312525,0.012,0.60471016823097,0.029,0.018
"Gm49085",0.506,0.0123967186734459,0.012,1.04884707645237,0.02,0.009
"Gm15918",0.506,0.0169064363031569,0.012,0.999497679595744,0.029,0.017
"Psme1",0.506,0.0123309705689442,0.012,0.819043818435994,0.027,0.014
"Homez",0.506,0.00973293844710136,0.012,0.509467543120306,0.033,0.022
"Cdh24",0.506,0.0166401707780481,0.012,0.331445398579463,0.065,0.054
"Gm26590",0.506,0.00994539038662378,0.012,0.742690468135224,0.025,0.013
"Ptger2",0.506,0.00754946902145556,0.012,1.00220173388258,0.018,0.006
"Gm48914",0.506,0.011109840867941,0.012,1.99251775932363,0.013,0.001
"Colq",0.506,0.0252440600941065,0.012,1.4704398797518,0.018,0.005
"Gm11100",0.506,0.016736068027525,0.012,2.17648509504566,0.016,0.004
"Gm3558",0.506,0.018147407686329,0.012,2.18626736908064,0.018,0.005
"Fastkd3",0.506,0.012840068154451,0.012,0.495747248958278,0.042,0.031
"4930415C11Rik",0.506,0.0111386437117956,0.012,0.334250104930261,0.058,0.047
"Gprin1",0.506,0.0233125215037487,0.012,0.741808586915276,0.049,0.039
"Zfp184",0.506,0.0118841127999101,0.012,0.597599534220374,0.029,0.017
"Otub2",0.506,0.0140932110661146,0.012,0.449652343483509,0.047,0.034
"Acyp1",0.506,0.0079136666759703,0.012,0.322125580610176,0.036,0.024
"Gm31513",0.506,0.0142066257384171,0.012,1.35176012510246,0.02,0.007
"Tomm20l",0.506,0.0181827396982409,0.012,2.30499521947103,0.016,0.004
"Atxn7l1os1",0.506,0.0104939651317246,0.012,0.675899389699278,0.029,0.017
"Gm5784",0.506,0.0147791675219434,0.012,0.822938566305651,0.029,0.018
"Pfn4",0.506,0.0121115971878521,0.012,1.02233757993628,0.022,0.011
"0610009L18Rik",0.506,0.0134148828789704,0.012,1.23878522204141,0.02,0.008
"Limd2",0.506,0.00693012397189319,0.012,0.295102085849509,0.036,0.024
"1700023F06Rik",0.506,0.0116427197876817,0.012,0.824496041710696,0.029,0.018
"Ormdl3",0.506,0.0105335239883445,0.012,0.257169504623797,0.065,0.052
"Pnpo",0.506,0.0198000946620821,0.012,0.751494174489608,0.042,0.03
"4833417C18Rik",0.506,0.0127208768542285,0.012,1.91347115953001,0.013,0.002
"Pctp",0.506,0.0105129988150829,0.012,1.17181005730393,0.016,0.003
"Tmem97",0.506,0.00696762078766246,0.012,0.428171250377795,0.031,0.018
"Eno3",0.506,0.0123671483667994,0.012,0.696685111091829,0.029,0.018
"Gucy2e",0.506,0.00617842302225427,0.012,0.614452436654413,0.018,0.006
"Borcs6",0.506,0.0111481811208798,0.012,0.839469076058368,0.022,0.009
"Gm45605",0.506,0.0151343932214222,0.012,0.7528083058283,0.033,0.021
"Jmjd4",0.506,0.0125552287543957,0.012,0.570107255487165,0.036,0.024
"Gm12147",0.506,0.0144099543235311,0.012,2.74274854896153,0.013,0.002
"Gas2l1",0.506,0.0107518813796736,0.012,0.342738702208957,0.049,0.038
"4930484H19Rik",0.506,0.0117142113075147,0.012,1.01142700236038,0.02,0.009
"Ptprq",0.506,0.0280446666013338,0.012,1.71274907893363,0.02,0.008
"Nts",0.506,0.017607312128597,0.012,1.27148763958726,0.018,0.006
"Parpbp",0.506,0.0154293955833592,0.012,0.772324509161882,0.033,0.022
"Polr2e",0.506,0.00341899345708238,0.012,0.250660161805276,0.031,0.02
"Mfsd4b4",0.506,0.0134439424336052,0.012,0.38980902008405,0.049,0.038
"Cdcp1",0.506,0.0159694089909542,0.012,1.57465051402692,0.018,0.006
"Kif15",0.506,0.0154609295461911,0.012,0.857636586529254,0.027,0.015
"Zfp105",0.506,0.00835701707489048,0.012,0.31609195511672,0.033,0.022
"Crtap",0.506,0.0147335079299346,0.012,1.00782223780064,0.02,0.009
"Gpx1",0.506,0.0145184787391045,0.012,2.09248683179991,0.016,0.003
"Nprl2",0.506,0.0114395365407977,0.012,0.28610374622071,0.065,0.053
"Dbr1",0.506,0.00929290481140079,0.012,0.421383854595616,0.038,0.025
"Gm36539",0.506,0.0205962801468459,0.012,1.861166200926,0.02,0.009
"Gm10658",0.506,0.00764622783450438,0.012,0.713723275355925,0.02,0.008
"Hmbs",0.506,0.0153528964132411,0.012,0.455144985181281,0.047,0.035
"Gm47557",0.506,0.0199371860675759,0.012,1.2920552278847,0.025,0.013
"Fanca",0.506,0.0135263706465208,0.012,0.720770447367507,0.025,0.012
"Tppp3",0.506,0.00823742593240939,0.012,0.400594524043717,0.033,0.021
"Cngb1",0.506,0.0140047573672188,0.012,3.05308415875066,0.013,0.002
"Cbln1",0.506,0.023507708056641,0.012,3.39996437940903,0.016,0.003
"D830024N08Rik",0.506,0.0174083468270979,0.012,0.496654517753453,0.049,0.037
"Rex1bd",0.506,0.0127336010612643,0.012,0.751400506588534,0.027,0.015
"Brf2",0.506,0.0097566413690798,0.012,0.388712162456022,0.038,0.026
"Ing1",0.506,0.00928262175161444,0.012,0.271686131253747,0.051,0.039
"Gm44788",0.506,0.0176402076158635,0.012,2.32059655174984,0.016,0.003
"Zfp358",0.506,0.0118029760829905,0.012,1.05161102960319,0.022,0.01
"Tgfb1i1",0.506,0.00616311689855004,0.012,0.267499450688756,0.038,0.027
"Armc5",0.506,0.00697444414374879,0.012,0.780216117220114,0.018,0.006
"Bckdk",0.506,0.014071428368936,0.012,0.431338415191462,0.042,0.03
"Gm44777",0.506,0.0139768923626392,0.012,0.460847626599097,0.038,0.026
"Olfr690",0.506,0.0101300491261692,0.012,0.591185822000858,0.031,0.019
"Gm15414",0.506,0.0154939886947551,0.012,0.443223649915939,0.058,0.048
"Ccdc81",0.506,0.0152858777535637,0.012,0.838442771082421,0.029,0.017
"5430400D12Rik",0.506,0.007262416553421,0.012,0.295011883415225,0.042,0.031
"Mrps11",0.506,0.0201708390818404,0.012,0.695777726110331,0.042,0.03
"Nell1os",0.506,0.0144365201687479,0.012,0.95733057212558,0.029,0.017
"1700008O03Rik",0.506,0.0123514009196719,0.012,0.725656324704618,0.031,0.02
"Lin37",0.506,0.0125534574308827,0.012,0.394102389182801,0.051,0.039
"Zfp607b",0.506,0.0238828193452486,0.012,0.583172489780137,0.054,0.042
"B9d2",0.506,0.00771741078229168,0.012,0.572942287876804,0.027,0.016
"Pafah1b3",0.506,0.0115053556710339,0.012,1.38698499330887,0.016,0.004
"Trappc6a",0.506,0.0221746604274465,0.012,1.20057273582164,0.027,0.014
"Gm44026",0.506,0.00443973682522354,0.012,0.297650939836306,0.027,0.014
"2810432F15Rik",0.506,0.0106187270774322,0.012,0.582822553542672,0.031,0.02
"Gm15903",0.506,0.0127045115210108,0.012,0.810699536112891,0.025,0.012
"Mrps18c",0.506,0.0102918717722028,0.012,0.301558835250643,0.054,0.043
"Msantd1",0.506,0.0161790375582979,0.012,0.821374782767592,0.029,0.017
"Gm15461",0.506,0.0165168490788732,0.012,1.89541658001567,0.016,0.004
"Gbx1",0.506,0.0190514658560722,0.012,2.44144979729988,0.016,0.003
"Gm43113",0.506,0.0164572967205052,0.012,0.651425696744922,0.038,0.027
"Mterf1a",0.506,0.012842093933277,0.012,0.43129405886264,0.04,0.029
"Pusl1",0.506,0.00778623694215685,0.012,0.308172885495174,0.045,0.032
"Xkr8",0.506,0.0155665373835169,0.012,2.21168905523818,0.016,0.004
"Dmap1",0.506,0.00777190025828608,0.012,0.278897573510688,0.042,0.031
"Gm12648",0.506,0.0100096297803423,0.012,1.22211534559483,0.018,0.006
"Polr1e",0.506,0.0143149685396119,0.012,0.658464833213208,0.033,0.022
"C230012O17Rik",0.506,0.0150727290705824,0.012,1.57638149141376,0.02,0.008
"Gm11837",0.506,0.015114594331226,0.012,1.34600861607145,0.018,0.006
"Gm5149",0.506,0.0199707820485142,0.012,1.71961218011492,0.022,0.01
"Stpg2",0.506,0.0182173468779448,0.012,0.392272434560854,0.054,0.042
"Arhgef38",0.506,0.0170466316853358,0.012,4.92982923878268,0.013,0.001
"Gm42997",0.506,0.00462559062915006,0.012,0.276448136226735,0.029,0.017
"Gm43066",0.506,0.0159495421438148,0.012,0.940369867851355,0.027,0.015
"Oaz3",0.506,0.013434396518393,0.012,1.93463526455998,0.016,0.004
"Rps27",0.506,0.012636705866634,0.012,0.386891892662669,0.042,0.031
"Scamp3",0.506,0.0307127756787026,0.012,0.621603757449927,0.056,0.045
"Npy2r",0.506,0.0169703208737268,0.012,1.12679053569784,0.025,0.012
"Igsf10",0.506,0.0123053284313731,0.012,0.612913957333156,0.025,0.012
"Pcdh18",0.506,0.00474266469178323,0.012,0.472682995897696,0.018,0.006
"Cetn4",0.506,0.0103543506352264,0.012,0.360152957521871,0.04,0.029
"B230312C02Rik",0.506,0.0119914775445219,0.012,1.74640921040812,0.018,0.005
"Gm14169",0.506,0.0196125818012186,0.012,0.71520858097182,0.042,0.03
"Gm14164",0.506,0.0147042968617432,0.012,1.87113216126189,0.016,0.003
"Zfp937",0.506,0.0169022630744518,0.012,0.746531812840552,0.031,0.02
"Macrod2os1",0.506,0.0222201854003765,0.012,0.656334371030306,0.049,0.038
"AV099323",0.506,0.00571200329147364,0.012,0.426170661237382,0.025,0.013
"Cenpb",0.506,0.00576868083844672,0.012,0.358111292649619,0.029,0.017
"Sptbn5",0.506,0.00766334382601118,0.012,0.805967934578537,0.02,0.008
"Bub1b",0.506,0.0265614260724291,0.012,0.718025094274313,0.038,0.027
"Ccdc73",0.506,0.0116049962750548,0.012,0.549307484995022,0.031,0.02
"Slc43a3",0.506,0.0217858083876563,0.012,1.76514916755091,0.013,0.001
"Lrp2",0.506,0.0243243006166278,0.012,2.41262950357434,0.016,0.003
"6330409D20Rik",0.506,0.0141643752489041,0.012,1.66925352015948,0.018,0.007
"Exosc2",0.506,0.013429693559408,0.012,0.53701398083485,0.04,0.028
"Dnlz",0.506,0.00518011968308515,0.012,0.316017920775018,0.033,0.021
"Uap1l1",0.506,0.00504097842884627,0.012,0.496273564378304,0.02,0.008
"Cubn",0.506,0.00492419129036148,0.012,0.261670298073262,0.018,0.006
"Gm45902",0.506,0.00721552148688549,0.012,0.282488553072794,0.042,0.031
"1700034H15Rik",0.506,0.0179513709787425,0.012,0.508361634587276,0.049,0.038
"Gm36536",0.506,0.0165304712597715,0.012,3.52885720692214,0.013,0.002
"Rbm8a2",0.506,0.0151519642994143,0.012,2.46813358085425,0.016,0.003
"Hsd17b7",0.506,0.0172472780401293,0.012,0.317846871553793,0.069,0.058
"4930568G15Rik",0.506,0.018342975060157,0.012,1.47872587689742,0.022,0.011
"Phlda3",0.506,0.0069704285353387,0.012,0.644605758241429,0.02,0.008
"Gpr39",0.506,0.0262247698327081,0.012,3.27267222329798,0.016,0.003
"Gm28403",0.506,0.0233508459413938,0.012,0.356176889151246,0.074,0.062
"Slco4c1",0.506,0.0177562277181694,0.012,0.267094940732943,0.1,0.089
"4933400F21Rik",0.506,0.0145829583884222,0.012,0.637816265044083,0.029,0.017
"Ap1s3",0.506,0.0290545743020769,0.012,0.598598755865764,0.065,0.054
"Abcb6",0.506,0.0135763808050063,0.012,0.471173254788827,0.045,0.032
"Stk36",0.506,0.0118341944141408,0.012,0.620796760118267,0.029,0.017
"Gm29358",0.506,0.00999658345156177,0.012,0.401332550311005,0.04,0.029
"Mreg",0.506,0.0197714341141681,0.012,0.453509706647653,0.062,0.051
"Bard1",0.506,0.0133378014281311,0.012,0.79796817764743,0.022,0.009
"Cdk15",0.506,0.0046459327316183,0.012,0.696390578083913,0.018,0.006
"mt-Atp8",0.505,0.0200990411450853,0.01,0.827692876770368,0.029,0.019
"Fancb",0.505,0.00733542782425388,0.01,0.250265842508121,0.042,0.033
"Nap1l2",0.505,0.00476313330383063,0.01,0.300933090834594,0.031,0.022
"Gm4779",0.505,0.0249458048566241,0.01,2.55557406855014,0.013,0.004
"Tmem28",0.505,0.0139256763627744,0.01,0.399018059665272,0.054,0.043
"Cetn2",0.505,0.0134447353411554,0.01,0.696412060304587,0.029,0.019
"Gm16189",0.505,0.00264034917264007,0.01,0.299214970173463,0.022,0.012
"Smim10l2a",0.505,0.00591538365963522,0.01,0.398821803349234,0.029,0.018
"Ndufa1",0.505,0.00550544435111607,0.01,0.507506351578283,0.02,0.011
"Gm6938",0.505,0.0167071740360281,0.01,1.80697298114196,0.016,0.005
"Mid1ip1",0.505,0.00360795379261352,0.01,0.279451451222736,0.02,0.01
"Nudt11",0.505,0.0179285020193932,0.01,1.25368165977674,0.022,0.013
"Gm34299",0.505,0.00791057920203453,0.01,0.842262848954395,0.02,0.011
"4931403E22Rik",0.505,0.011433023984394,0.01,0.977176360707016,0.018,0.007
"Best1",0.505,0.021116696460591,0.01,2.46316346012139,0.013,0.004
"Nudt22",0.505,0.00326591805801002,0.01,0.481798271778094,0.016,0.006
"Cnih2",0.505,0.0154816488122281,0.01,0.369646922837505,0.06,0.051
"Gm50368",0.505,0.0135020302182815,0.01,1.30355852650418,0.018,0.008
"Gm33732",0.505,0.0155531235688678,0.01,4.23405078901697,0.011,0.001
"Pcdhb9",0.505,0.0104050244827423,0.01,0.918430491596868,0.022,0.012
"A830052D11Rik",0.505,0.00641488052029932,0.01,0.391657111280418,0.029,0.019
"A230051N06Rik",0.505,0.0155455186317374,0.01,1.17432455749037,0.025,0.014
"Mrps18b",0.505,0.00816637951337217,0.01,0.292436657947763,0.038,0.027
"Zbtb12",0.505,0.0105576115366683,0.01,0.922260921717058,0.02,0.01
"C2",0.505,0.0107483199622918,0.01,1.26064988373315,0.016,0.006
"Olfr1564",0.505,0.0179182721210434,0.01,0.395805123446621,0.067,0.059
"C230013L11Rik",0.505,0.0118100355983643,0.01,0.295711556320227,0.065,0.056
"Gm26724",0.505,0.0142837880203285,0.01,0.651365817978754,0.029,0.018
"Mrpl28",0.505,0.013892927695548,0.01,0.649585360963658,0.031,0.022
"1520401A03Rik",0.505,0.00872541384972579,0.01,2.14150355292419,0.011,0.002
"6330415G19Rik",0.505,0.0117169289773175,0.01,1.02266230960436,0.022,0.013
"Zfp677",0.505,0.0173900290020701,0.01,0.95123598136527,0.025,0.014
"Dll1",0.505,0.00920628760126478,0.01,0.625440688740892,0.02,0.01
"Gm49719",0.505,0.0153078271909187,0.01,2.65319343387657,0.011,0.002
"Sh3bgr",0.505,0.0127053532735937,0.01,1.7723327720213,0.016,0.006
"Sim2",0.505,0.0129419863985029,0.01,3.29273259191276,0.011,0.002
"Rbm11",0.505,0.0132029457916309,0.01,0.620730524913751,0.033,0.024
"Gm36903",0.505,0.0101016489291524,0.01,1.96593241452681,0.013,0.003
"Alg3",0.505,0.0123812939412006,0.01,0.850304833384746,0.025,0.014
"Gm16861",0.505,0.0139810421167798,0.01,1.55301328460921,0.016,0.006
"Nckap5los",0.505,0.0183753557073483,0.01,2.15671641750721,0.016,0.005
"1700027A07Rik",0.505,0.00669121739285001,0.01,2.2072057820299,0.011,0.002
"Ccdc166",0.505,0.013271091333815,0.01,2.89448299493514,0.011,0.002
"Rhpn1",0.505,0.00825423601651605,0.01,0.541357065948231,0.025,0.015
"4930544F09Rik",0.505,0.007591192258051,0.01,1.84153916643811,0.011,0.002
"Utp23",0.505,0.00555209119942374,0.01,0.470668934689863,0.025,0.013
"Gm49271",0.505,0.00791475354729646,0.01,1.21582169833487,0.016,0.005
"Gm48960",0.505,0.0122337745903031,0.01,0.525827127490086,0.036,0.025
"Tspyl5",0.505,0.0121054167855041,0.01,0.431981484318334,0.042,0.033
"Ropn1l",0.505,0.0112887957265224,0.01,1.78453443755148,0.013,0.004
"Gm4681",0.505,0.011946143388079,0.01,0.46313165307359,0.04,0.03
"Gm49542",0.505,0.012266659002745,0.01,1.53023384150322,0.016,0.006
"Rnf17",0.505,0.0324610720697509,0.01,0.719884594708714,0.038,0.029
"1700123O20Rik",0.505,0.00379027052227432,0.01,0.359881395116942,0.018,0.009
"Cdkn3",0.505,0.00742518007834677,0.01,1.31211589055156,0.013,0.004
"Gm45645",0.505,0.0165105976425017,0.01,0.688156381219848,0.038,0.027
"Gm8281",0.505,0.0139142879057292,0.01,1.8536823277208,0.016,0.006
"Gm3164",0.505,0.0106241730742768,0.01,2.34194162121463,0.011,0.001
"Gm5796",0.505,0.0104287575426261,0.01,3.46370240814857,0.011,0.001
"Gm17509",0.505,0.0140863265095524,0.01,1.62750169785605,0.018,0.008
"Gm47914",0.505,0.0134211807758327,0.01,2.43574417188992,0.011,0.002
"Itga2",0.505,0.0103489420464205,0.01,1.43544412469533,0.013,0.004
"Gm48837",0.505,0.0132982820856532,0.01,2.53434180392079,0.013,0.003
"Gm47851",0.505,0.0129505518225991,0.01,2.16279786107901,0.013,0.004
"Gm47849",0.505,0.0132988196831258,0.01,0.872361749347979,0.022,0.012
"Cartpt",0.505,0.0130080555161167,0.01,1.89550426139895,0.016,0.005
"Gm9828",0.505,0.0176331343003351,0.01,0.373606427916368,0.062,0.054
"Gm3772",0.505,0.0194276435198134,0.01,2.0038623855172,0.016,0.006
"4930525G20Rik",0.505,0.0119615377164985,0.01,0.74955580074406,0.027,0.018
"Zfp85os",0.505,0.0134163967236275,0.01,0.532867438371315,0.036,0.027
"Zfp87",0.505,0.00647253476052453,0.01,0.277530215788503,0.038,0.029
"Zfp712",0.505,0.0123610356524432,0.01,0.471433968589549,0.036,0.026
"Gm19792",0.505,0.0121147457909454,0.01,1.64614356804768,0.016,0.006
"Gm26555",0.505,0.00395307112702892,0.01,0.444384617373595,0.02,0.011
"Nop16",0.505,0.013258216188857,0.01,1.01862174883578,0.025,0.014
"Nfil3",0.505,0.00998770063145495,0.01,0.598607726131211,0.027,0.017
"Gm48648",0.505,0.0137668076038451,0.01,1.60116505195925,0.013,0.004
"Gm49144",0.505,0.00913629008913031,0.01,1.54871611527331,0.013,0.004
"Vmn1r206",0.505,0.00820130529308943,0.01,2.83324240410563,0.011,0.001
"Gm47661",0.505,0.00944180690563911,0.01,1.1228311118556,0.018,0.009
"Pou6f2",0.505,0.227106341678187,0.01,0.69273017515755,0.225,0.224
"Tdrd9",0.505,0.0127547944731236,0.01,0.905196731351181,0.018,0.007
"3200001D21Rik",0.505,0.0110640787287906,0.01,1.27815847596099,0.016,0.006
"Gm47863",0.505,0.0105768057981277,0.01,1.2169113644711,0.016,0.006
"Fam161b",0.505,0.0126824251276826,0.01,0.261335383992121,0.069,0.059
"Plek2",0.505,0.00135996700169197,0.01,0.604619755100388,0.011,0.001
"Gm48653",0.505,0.0190823341966056,0.01,0.719043850600721,0.033,0.024
"Prps1l3",0.505,0.00151463723961663,0.01,0.325630961763425,0.016,0.006
"Gm48779",0.505,0.0155960010432621,0.01,2.8507241261433,0.011,0.002
"Gm40375",0.505,0.00906851783249277,0.01,1.13963005183889,0.018,0.008
"Gm31333",0.505,0.0196632186575629,0.01,0.505041595741159,0.058,0.049
"Cbx8",0.505,0.0120560346736987,0.01,0.86045774514577,0.025,0.016
"Lgals3bp",0.505,0.00903331652911097,0.01,1.26437555990751,0.013,0.003
"Recql5os1",0.505,0.0107774066763275,0.01,2.44345372667595,0.011,0.002
"Gm11650",0.505,0.00986753276336803,0.01,2.08613240446257,0.011,0.002
"Serpinf1",0.505,0.00915109272612315,0.01,1.62333462653305,0.013,0.003
"Eif5a",0.505,0.0187527256639869,0.01,0.513674499203947,0.047,0.038
"4931440F15Rik",0.505,0.017631650271931,0.01,1.0646214242962,0.029,0.018
"Gm12059",0.505,0.0158566410339582,0.01,2.38207420781384,0.013,0.004
"Tmem17",0.505,0.01357305248187,0.01,0.552315420306557,0.033,0.024
"Pkd1l1",0.505,0.0083401100157432,0.01,1.38799386458781,0.011,0.002
"Grip1os3",0.505,0.0177640307114102,0.01,0.804282677637161,0.029,0.02
"Caps2",0.505,0.00782933720972744,0.01,1.1603738411698,0.013,0.003
"Onecut3",0.505,0.0171181184378785,0.01,4.7632297535268,0.011,0.001
"Prtn3",0.505,0.0181334290269743,0.01,2.29007354581803,0.016,0.005
"Pfkl",0.505,0.0384355075936837,0.01,0.333541148977829,0.141,0.137
"Pofut2",0.505,0.00898458747359808,0.01,0.444092799264349,0.036,0.026
"A930033H14Rik",0.505,0.00673313694180202,0.01,0.413090246018563,0.027,0.016
"Gm31763",0.505,0.0129281895053811,0.01,0.679062846670984,0.029,0.02
"Hk1os",0.505,0.00934100043113462,0.01,0.716184984396325,0.022,0.013
"Gm47815",0.505,0.0120287459778691,0.01,1.59213946809151,0.016,0.006
"Gtf3c6",0.505,0.00963898986774334,0.01,0.429313724222263,0.033,0.023
"4930455C13Rik",0.505,0.0101021850132001,0.01,0.487162444171628,0.031,0.022
"Txlnb",0.505,0.00320018362576146,0.01,0.263482690988536,0.02,0.01
"Adgb",0.505,0.0074969170834111,0.01,0.346615790174232,0.022,0.013
"6430571L13Rik",0.505,0.010433496459374,0.01,0.889993459361067,0.022,0.012
"C430002N11Rik",0.505,0.0102961377986707,0.01,1.95861875765896,0.013,0.004
"Gm47409",0.505,0.00485947926034002,0.01,0.993481844205774,0.013,0.004
"4933433G15Rik",0.505,0.00792162518243567,0.01,0.47082766028023,0.025,0.015
"Khdc3",0.505,0.015143309380944,0.01,2.37503290489814,0.013,0.004
"Rps27l",0.505,0.00868963122120329,0.01,0.852239219619662,0.018,0.008
"Gm47270",0.505,0.00669112294762186,0.01,0.462006407119236,0.027,0.017
"Cd276",0.505,0.0207995986160611,0.01,0.395844857890987,0.071,0.062
"Ulk3",0.505,0.0123696331605627,0.01,0.335683517143186,0.047,0.037
"Chrnb4",0.505,0.032878799679362,0.01,4.76035539023373,0.011,0.001
"H2afx",0.505,0.0112565390735136,0.01,1.07019400209897,0.02,0.011
"Zfp599",0.505,0.00924787704609671,0.01,0.649684132230708,0.027,0.016
"Gm32710",0.505,0.0157356937731633,0.01,1.80927706164642,0.016,0.006
"Gm26994",0.505,0.0123406257638781,0.01,1.20456492730624,0.018,0.008
"Marveld3",0.505,0.00591295832157894,0.01,1.41297320994652,0.013,0.004
"Nqo1",0.505,0.0136302030580146,0.01,0.97970119765381,0.022,0.012
"Carmil2",0.505,0.0105048152447062,0.01,0.519173024304054,0.036,0.025
"Fbxw9",0.505,0.0167170991619328,0.01,0.457184702090013,0.054,0.045
"Gm45435",0.505,0.0133110749266911,0.01,1.11086216799875,0.02,0.009
"Fam129c",0.505,0.00713325719007227,0.01,0.638091329611514,0.02,0.01
"Cenpu",0.505,0.00636688391392377,0.01,0.337672710451267,0.036,0.026
"Gm6213",0.505,0.00780669688420732,0.01,1.51983730864534,0.013,0.004
"Gm15418",0.505,0.013618193164996,0.01,0.769112845599755,0.027,0.018
"Zfp747",0.505,0.012002664909255,0.01,2.26121655748539,0.013,0.003
"Smpd1",0.505,0.0115596444167746,0.01,0.398168822170359,0.036,0.025
"Olfr691",0.505,0.0160361933808527,0.01,1.33531703189092,0.022,0.012
"Rsf1os2",0.505,0.0082406764830049,0.01,0.341536058189611,0.036,0.025
"BC046251",0.505,0.0109989979632944,0.01,0.729789476464416,0.027,0.016
"Gm32031",0.505,0.00424277924031248,0.01,0.387184995120454,0.022,0.012
"Gm44646",0.505,0.0104234859380006,0.01,1.24860265170839,0.013,0.004
"Clec11a",0.505,0.00964547408896678,0.01,1.14054946699674,0.018,0.008
"Syne4",0.505,0.00909668283893193,0.01,0.828298839041832,0.022,0.011
"Map4k1",0.505,0.00542865148596443,0.01,0.542627033990667,0.018,0.008
"Cyp2s1",0.505,0.010687682601152,0.01,0.715841295604904,0.027,0.018
"Ethe1",0.505,0.0127014535268829,0.01,0.38537862590322,0.047,0.037
"Npas1",0.505,0.00574091979493708,0.01,0.269036760960398,0.029,0.018
"Tmem160",0.505,0.00774254725470193,0.01,0.835820598836993,0.018,0.008
"Zfp772",0.505,0.0114391901013195,0.01,0.502242969286494,0.036,0.026
"Zfp78",0.505,0.00681263018009211,0.01,0.393891423942556,0.029,0.019
"Sox5os4",0.505,0.0127359510786082,0.01,0.726026263990598,0.027,0.018
"Fxyd4",0.505,0.0147155468370232,0.01,1.34182342471466,0.02,0.01
"Fam221a",0.505,0.0150168372011328,0.01,1.38254635050948,0.018,0.008
"Gm16272",0.505,0.0114673072434346,0.01,1.10273422714963,0.018,0.008
"Kcp",0.505,0.0146577788584051,0.01,1.12661420961043,0.013,0.004
"Prrt4",0.505,0.0122349776221795,0.01,0.841423226638716,0.025,0.014
"Gm26597",0.505,0.0120154536989918,0.01,1.45619914497752,0.016,0.005
"B230303O12Rik",0.505,0.00445850968369737,0.01,0.318854422217281,0.025,0.016
"Gm15672",0.505,0.0149423525707922,0.01,0.949457393917678,0.029,0.019
"Alkbh4",0.505,0.00308246603252579,0.01,0.276368142699172,0.027,0.017
"Wbscr25",0.505,0.0124392511599364,0.01,1.71223456828545,0.016,0.006
"Myo1h",0.505,0.0150869863414074,0.01,1.95682503312437,0.016,0.005
"Gm9958",0.505,0.01118795902774,0.01,1.77312133171182,0.013,0.004
"4930432L08Rik",0.505,0.0108639160867121,0.01,2.40993356004853,0.011,0.002
"Uchl1os",0.505,0.014642731700732,0.01,0.462650013213521,0.047,0.036
"N4bp2os",0.505,0.00995008139660185,0.01,0.927353190076491,0.018,0.008
"Cckar",0.505,0.0131085960187687,0.01,5.02176493611811,0.011,0
"D5Ertd615e",0.505,0.0459583656758839,0.01,1.8291758733482,0.025,0.015
"Lyar",0.505,0.0151392154445149,0.01,0.466085037182054,0.042,0.033
"Cad",0.505,0.00551011792243136,0.01,0.40974805157984,0.027,0.016
"Shh",0.505,0.0175363099474124,0.01,1.89475384466311,0.016,0.005
"Gm43577",0.505,0.021167854164428,0.01,1.30939894733442,0.025,0.015
"Fndc10",0.505,0.0106618136952118,0.01,0.678328379036837,0.027,0.017
"Lrrc38",0.505,0.0180329073074264,0.01,1.1710384668902,0.018,0.007
"Tekt2",0.505,0.0155749683835563,0.01,2.17194194396578,0.013,0.004
"2610028E06Rik",0.505,0.0144429604628839,0.01,2.79547262340141,0.013,0.003
"Hpcal4",0.505,0.0235967683717747,0.01,0.311719621353999,0.105,0.098
"Orc1",0.505,0.00458656998019384,0.01,0.329631997470727,0.022,0.012
"Mroh7",0.505,0.00938705890001794,0.01,0.483829653187189,0.029,0.02
"Gm12526",0.505,0.0130771850584312,0.01,1.83787620427832,0.016,0.005
"Mrpl50",0.505,0.0113410593529045,0.01,0.381306490709227,0.038,0.028
"Gm12473",0.505,0.00894884748149766,0.01,0.91204706245352,0.02,0.011
"Smim8",0.505,0.00812389444132179,0.01,0.252824041247773,0.051,0.042
"Lyrm2",0.505,0.00637607958455479,0.01,0.282780539104847,0.033,0.024
"Gm11867",0.505,0.0152877879647528,0.01,0.767163764524936,0.031,0.022
"Gm43192",0.505,0.0130838560058505,0.01,0.794005998523643,0.027,0.016
"Gpr61",0.505,0.00757098773918842,0.01,0.305584134656663,0.04,0.031
"Ttf2",0.505,0.00589894828465932,0.01,0.676585818771272,0.016,0.006
"Pdzk1",0.505,0.00927376208910821,0.01,1.57559988476946,0.013,0.004
"4632404H12Rik",0.505,0.0228474796163672,0.01,0.521374357685391,0.06,0.051
"Pmf1",0.505,0.00645686381760893,0.01,0.635141986636674,0.018,0.009
"Arfip1",0.505,0.0104057510160809,0.01,0.832437878432133,0.02,0.01
"Gm37305",0.505,0.00759494426070775,0.01,0.48413370732596,0.027,0.016
"Gm37035",0.505,0.0135164457909644,0.01,2.12225883618105,0.013,0.003
"Gm43570",0.505,0.00883357121216978,0.01,0.92877186021604,0.018,0.009
"C230034O21Rik",0.505,0.021829375869401,0.01,1.11252224297234,0.029,0.019
"Mccc1os",0.505,0.00290525600687223,0.01,0.349902205040354,0.02,0.011
"Gm43140",0.505,0.0114044080755883,0.01,1.71030270831015,0.013,0.004
"1700112D23Rik",0.505,0.0243131318671771,0.01,0.359695667818739,0.083,0.075
"Gm37573",0.505,0.0148830634591284,0.01,0.891823403701375,0.029,0.019
"Gm14341",0.505,0.0111758912358021,0.01,2.64956274921141,0.011,0.002
"Srxn1",0.505,0.010329087942142,0.01,0.704552581719623,0.025,0.016
"Ncaph",0.505,0.00281615792493666,0.01,0.394237134398606,0.016,0.005
"Pla2g4b",0.505,0.015390823520276,0.01,1.19845720121636,0.02,0.01
"C130080G10Rik",0.505,0.0129353424145793,0.01,2.66529126511983,0.011,0.001
"Gjd2",0.505,0.0116095917999837,0.01,2.43119852355697,0.013,0.003
"Cdca7",0.505,0.0165389584457597,0.01,1.17086110066049,0.018,0.008
"Ak8",0.505,0.0130914960569038,0.01,0.398084192748328,0.042,0.032
"Suv39h2",0.505,0.0116653465659075,0.01,0.788457049996627,0.027,0.016
"Gm36992",0.505,0.0147666289094302,0.01,1.77657929553281,0.016,0.005
"4933439K11Rik",0.505,0.0117407304590525,0.01,1.15496477637129,0.018,0.007
"Gm16701",0.505,0.0123828415698922,0.01,0.375624249901507,0.056,0.045
"Pigc",0.505,0.00855334070636052,0.01,0.298202477305852,0.045,0.036
"Angptl1",0.505,0.00720634843266042,0.01,0.703619253937355,0.018,0.008
"Apobec4",0.505,0.00496762606272379,0.01,0.299197540704253,0.033,0.023
"5033417F24Rik",0.505,0.0108322916433836,0.01,1.1022327569184,0.02,0.01
"Gbx2",0.505,0.011670613897965,0.01,3.25307314468132,0.011,0.001
"Gmppa",0.505,0.0138259103127531,0.01,0.257146623952293,0.074,0.065
"Tfap2b",0.505,0.0108349111811847,0.01,1.66328282067883,0.011,0.001
"Tfap2d",0.505,0.0175795728397305,0.01,1.0993029746831,0.02,0.011
"4930444P10Rik",0.505,0.0212621806435278,0.01,0.483733669128518,0.056,0.047
"Sbspon",0.505,0.0194666005219798,0.01,1.50265609805747,0.018,0.007
"B530045E10Rik",0.495,0.00710192133056841,0.01,0.503328255297019,0.007,0.017
"Trpc5os",0.504,0.00962588363848946,0.00800000000000001,1.97768335746304,0.011,0.004
"Prps1",0.504,0.0167881818917945,0.00800000000000001,0.65895237797524,0.036,0.028
"Radx",0.504,0.00828784313999665,0.00800000000000001,1.1924369643092,0.013,0.004
"Armcx6",0.504,0.00731756448622131,0.00800000000000001,0.64890391195201,0.018,0.011
"Tspan6",0.504,0.00637299765162266,0.00800000000000001,0.71278321166172,0.018,0.01
"4930502E18Rik",0.504,0.0108197214843781,0.00800000000000001,2.63743935302462,0.011,0.003
"Rtl8b",0.504,0.00932446827867833,0.00800000000000001,1.13150878087158,0.013,0.005
"Igsf1",0.504,0.00391440531171197,0.00800000000000001,0.482056478180082,0.016,0.007
"Gm14820",0.504,0.00750085085722267,0.00800000000000001,1.42823167612937,0.011,0.003
"E330013P04Rik",0.504,0.009668466695393,0.00800000000000001,1.18018216115415,0.013,0.006
"6720468P15Rik",0.504,0.0114197980723288,0.00800000000000001,2.59628123956943,0.011,0.003
"Kazald1",0.504,0.0110518885051334,0.00800000000000001,1.91884682475146,0.011,0.004
"Gm35867",0.504,0.00457434785463665,0.00800000000000001,0.339983193011157,0.029,0.022
"Gm35554",0.504,0.0104158720232658,0.00800000000000001,1.74546922405992,0.011,0.003
"Zfpl1",0.504,0.00806847691884963,0.00800000000000001,0.336620056938592,0.036,0.028
"Pold4",0.504,0.00704747901518926,0.00800000000000001,0.501794035558716,0.022,0.015
"Lvrn",0.504,0.00790159315570384,0.00800000000000001,1.57203810003893,0.011,0.003
"Gm4013",0.504,0.00474477316566226,0.00800000000000001,0.708549268288748,0.013,0.005
"Pcdhga1",0.504,0.00615251823273796,0.00800000000000001,0.468555304360799,0.02,0.012
"Pcdha4",0.504,0.00712198590872765,0.00800000000000001,0.691380059624137,0.02,0.011
"Polr2d",0.504,0.0107257368195902,0.00800000000000001,0.643010891025776,0.025,0.017
"AC103362.1",0.504,0.00772883447309214,0.00800000000000001,0.946773985806923,0.013,0.006
"1110020A21Rik",0.504,0.00670602851868217,0.00800000000000001,0.57992068212518,0.02,0.011
"Prr22",0.504,0.00588113989163159,0.00800000000000001,1.24389953015401,0.013,0.005
"Gm49906",0.504,0.128061682009364,0.00800000000000001,0.642709347254833,0.116,0.111
"Gm16758",0.504,0.0143968719117808,0.00800000000000001,1.71541242736989,0.013,0.005
"Gm4356",0.504,0.0100756518306563,0.00800000000000001,0.36748488156145,0.038,0.031
"Mcrip2",0.504,0.00388277871626816,0.00800000000000001,0.362731563597706,0.022,0.014
"Msrb1",0.504,0.0126834277496701,0.00800000000000001,1.16203483435716,0.016,0.008
"Noxo1",0.504,0.00334250017252513,0.00800000000000001,0.448227110441827,0.016,0.008
"Zfp820",0.504,0.00353707620083158,0.00800000000000001,0.620816625884112,0.013,0.005
"1700110C19Rik",0.504,0.00408588412252199,0.00800000000000001,0.321300751189529,0.022,0.015
"1700102H20Rik",0.504,0.00903519913055913,0.00800000000000001,1.52812193653387,0.011,0.003
"Csnka2ip",0.504,0.00720083493000285,0.00800000000000001,1.08185605878903,0.013,0.006
"Trmt10c",0.504,0.017204594385234,0.00800000000000001,0.787809520712527,0.029,0.022
"Gm32679",0.504,0.01057578930483,0.00800000000000001,1.84246297297909,0.013,0.005
"4930483P17Rik",0.504,0.0135044141892551,0.00800000000000001,1.45982928674771,0.016,0.008
"Ccdc74a",0.504,0.0129292542261812,0.00800000000000001,0.460178771908502,0.038,0.031
"Gm15558",0.504,0.00999490393651087,0.00800000000000001,1.36765260073437,0.013,0.006
"Gm30371",0.504,0.0169332851708565,0.00800000000000001,0.585843395661819,0.04,0.033
"Krt1",0.504,0.0101887590854211,0.00800000000000001,1.95038928262459,0.011,0.003
"Gm17597",0.504,0.0071266586340369,0.00800000000000001,1.51338331333929,0.011,0.004
"Parp10",0.504,0.00175277998812728,0.00800000000000001,0.312030137209866,0.013,0.006
"Zfp41",0.504,0.00835930187303004,0.00800000000000001,0.790251471443692,0.016,0.008
"Trmt12",0.504,0.00800518816256523,0.00800000000000001,0.889813565181297,0.018,0.01
"1700015H07Rik",0.504,0.0128045598134604,0.00800000000000001,0.972031082520669,0.02,0.013
"Gm19303",0.504,0.0302084031694482,0.00800000000000001,1.47804640809669,0.02,0.012
"Slitrk6",0.504,0.0160365812136335,0.00800000000000001,1.19212592410619,0.02,0.011
"Fgf10",0.504,0.0164763684429917,0.00800000000000001,0.320511228368334,0.06,0.052
"Shld3",0.504,0.00763708709222134,0.00800000000000001,1.06696474814044,0.016,0.007
"Gm4241",0.504,0.00769360813307422,0.00800000000000001,1.45045301612154,0.011,0.004
"Glrx",0.504,0.04087089986941,0.00800000000000001,0.721686398293759,0.065,0.057
"A530065N20Rik",0.504,0.0136706490721556,0.00800000000000001,1.37473875291068,0.016,0.008
"Gm34557",0.504,0.00744053395724108,0.00800000000000001,0.71587298728028,0.02,0.013
"Sycp2l",0.504,0.00968160464220294,0.00800000000000001,1.50303873740244,0.011,0.003
"A530046M15Rik",0.504,0.0214975871810157,0.00800000000000001,0.702995659209292,0.042,0.036
"Tex22",0.504,0.0055327002032614,0.00800000000000001,0.943616432964961,0.011,0.004
"Ahnak2",0.504,0.00174812506503413,0.00800000000000001,0.342674447120441,0.013,0.004
"Amn",0.504,0.0140243344247367,0.00800000000000001,2.01063260625702,0.013,0.005
"Ankrd9",0.504,0.0121882710056981,0.00800000000000001,0.637335740031929,0.027,0.02
"Moap1",0.504,0.00359734349259956,0.00800000000000001,0.645499506323446,0.013,0.006
"Gm26531",0.504,0.00859792690487508,0.00800000000000001,1.24854025327286,0.013,0.005
"Gm29587",0.504,0.00696268111487446,0.00800000000000001,0.869659958503387,0.016,0.007
"Tpo",0.504,0.00555414094104354,0.00800000000000001,0.860452802261555,0.016,0.009
"Gm16497",0.504,0.00882328696776527,0.00800000000000001,1.13956091434834,0.016,0.008
"2900045O20Rik",0.504,0.00540105458892486,0.00800000000000001,0.862173770146166,0.013,0.006
"Metrnl",0.504,0.00202151824995127,0.00800000000000001,0.398129762223821,0.013,0.006
"Ogfod3",0.504,0.00371483769694025,0.00800000000000001,0.250674975681118,0.025,0.017
"Mrpl12",0.504,0.0102208292065517,0.00800000000000001,0.745887999202479,0.022,0.015
"Ndufaf8",0.504,0.00755477379548036,0.00800000000000001,1.0538064645661,0.013,0.006
"Gm11750",0.504,0.0102695247129082,0.00800000000000001,1.94549743120975,0.011,0.004
"Birc5",0.504,0.00756311698050279,0.00800000000000001,1.73033481945409,0.011,0.003
"Hexim2",0.504,0.00514210999711659,0.00800000000000001,1.18776551581436,0.011,0.004
"Tmem106a",0.504,0.00565061839795172,0.00800000000000001,0.547952106270513,0.02,0.012
"Gm15893",0.504,0.00689267087457166,0.00800000000000001,1.27286069451352,0.011,0.003
"Gm12576",0.504,0.0327280896559493,0.00800000000000001,0.851919614572743,0.047,0.04
"Ccnq",0.504,0.010912816363607,0.00800000000000001,1.40280133764911,0.013,0.006
"Slc46a1",0.504,0.00543769358732161,0.00800000000000001,1.08796759247306,0.011,0.004
"4931413K12Rik",0.504,0.0152662813138909,0.00800000000000001,2.62328795746882,0.011,0.003
"Tnfsf13os",0.504,0.0115620633382343,0.00800000000000001,1.20401293240063,0.016,0.007
"Gm16062",0.504,0.00516608179691781,0.00800000000000001,0.996376792744373,0.011,0.003
"Hist3h2ba",0.504,0.0122701445657224,0.00800000000000001,0.506362752765257,0.031,0.024
"Vmn2r85",0.504,0.0212002490206537,0.00800000000000001,0.298593028324902,0.098,0.094
"Eef1akmt3",0.504,0.0122908352541786,0.00800000000000001,1.32356985240859,0.016,0.008
"Gm48877",0.504,0.0231835669424221,0.00800000000000001,2.08177954385371,0.016,0.007
"Gm47027",0.504,0.0089459659309652,0.00800000000000001,0.60831601734268,0.025,0.016
"Kcnmb4os2",0.504,0.00321297478252608,0.00800000000000001,0.48712227854914,0.018,0.011
"Gm48689",0.504,0.00913211321653521,0.00800000000000001,1.51509986127799,0.011,0.004
"Gm47962",0.504,0.00697675302941875,0.00800000000000001,0.295350084433931,0.038,0.03
"Mrpl54",0.504,0.00762807029856297,0.00800000000000001,0.568272189426978,0.022,0.014
"Fstl3",0.504,0.00834134180511955,0.00800000000000001,0.716313614404615,0.022,0.015
"Tpgs1",0.504,0.0114994716431122,0.00800000000000001,0.848827281856037,0.022,0.015
"Upb1",0.504,0.00231599423912451,0.00800000000000001,0.375273249710714,0.016,0.009
"Rsph4a",0.504,0.00379055513290422,0.00800000000000001,0.723325531074739,0.011,0.004
"Gm20149",0.504,0.0116056323992674,0.00800000000000001,1.43045205420409,0.016,0.008
"Mtfr2",0.504,0.00747642897849625,0.00800000000000001,0.488248595486223,0.022,0.014
"Gm47760",0.504,0.012582425186093,0.00800000000000001,0.935485936813405,0.022,0.015
"Gm48281",0.504,0.00873736937031431,0.00800000000000001,0.685881874250602,0.022,0.013
"A530083I20Rik",0.504,0.00688543244165041,0.00800000000000001,0.524236689521876,0.02,0.012
"1700048O20Rik",0.504,0.0102459197809812,0.00800000000000001,0.443570077703018,0.033,0.026
"Xylb",0.504,0.0113815574988699,0.00800000000000001,0.780566220092171,0.027,0.019
"Sema3f",0.504,0.00667425597635546,0.00800000000000001,0.407572260605517,0.031,0.022
"Trim43c",0.504,0.00175419435156155,0.00800000000000001,0.677889699577521,0.011,0.004
"Trim43a",0.504,0.0112383864131715,0.00800000000000001,1.53345584446551,0.013,0.005
"Gm36120",0.504,0.0209149895515506,0.00800000000000001,2.65714684177208,0.011,0.002
"Gm39383",0.504,0.00706636023638912,0.00800000000000001,1.3158954650438,0.011,0.003
"Ccpg1os",0.504,0.00820127186289139,0.00800000000000001,0.802105467782064,0.018,0.009
"Cln6",0.504,0.00432818728242387,0.00800000000000001,0.303494051177265,0.025,0.016
"Itga11",0.504,0.0177876179942453,0.00800000000000001,0.403120312109805,0.049,0.041
"Fam219b",0.504,0.0114755735864226,0.00800000000000001,0.466502504432623,0.038,0.03
"C030014I23Rik",0.504,0.0101966129637871,0.00800000000000001,1.35436909658653,0.013,0.005
"Gm48393",0.504,0.0143885162628879,0.00800000000000001,1.04235037405804,0.025,0.017
"Gm47565",0.504,0.00777547668428856,0.00800000000000001,1.80296065470909,0.011,0.004
"4732419C18Rik",0.504,0.0134275695927908,0.00800000000000001,1.6576953889147,0.013,0.005
"Aprt",0.504,0.0136229071955285,0.00800000000000001,0.754645507855504,0.029,0.02
"Gm17344",0.504,0.0116973481339037,0.00800000000000001,1.70133994135499,0.013,0.005
"Thap11",0.504,0.00290768450467354,0.00800000000000001,0.346688737059858,0.016,0.008
"Enkd1",0.504,0.00887209493942519,0.00800000000000001,0.528694411558872,0.025,0.018
"4930513N10Rik",0.504,0.00927753122507425,0.00800000000000001,1.86533053311072,0.011,0.003
"Syce2",0.504,0.0056178674271487,0.00800000000000001,0.800224442087525,0.013,0.005
"Gadd45gip1",0.504,0.00458303297802258,0.00800000000000001,0.428275822044989,0.02,0.011
"4930432K21Rik",0.504,0.011169022843966,0.00800000000000001,0.372931896727962,0.042,0.035
"Cyp4f18",0.504,0.00858989263765575,0.00800000000000001,1.005520097379,0.013,0.005
"Jak3",0.504,0.00633309446356248,0.00800000000000001,0.938185160640135,0.013,0.004
"1700026F02Rik",0.504,0.00978614995912459,0.00800000000000001,1.94718988406592,0.011,0.004
"Slc18a1",0.504,0.00609219882054131,0.00800000000000001,1.08603938023067,0.013,0.006
"Gm15346",0.504,0.0061503423377698,0.00800000000000001,0.993676494841793,0.011,0.004
"Gm15319",0.504,0.00424387012567536,0.00800000000000001,0.742914623125356,0.013,0.006
"Gm44995",0.504,0.0116638080731197,0.00800000000000001,2.68720552396198,0.011,0.002
"Gm44649",0.504,0.0064430572232881,0.00800000000000001,0.917658782427575,0.016,0.008
"Mrpl46",0.504,0.00907879196465967,0.00800000000000001,0.332554002313685,0.04,0.032
"Htatip2",0.504,0.0128686212545226,0.00800000000000001,0.400428220363398,0.051,0.044
"Grwd1",0.504,0.0136825680907369,0.00800000000000001,1.4803205972046,0.016,0.008
"Gm44832",0.504,0.00967381676751874,0.00800000000000001,2.24264988801995,0.011,0.003
"Vsig10l",0.504,0.00595847840646039,0.00800000000000001,1.10883717200369,0.013,0.006
"Gm26810",0.504,0.012518599789441,0.00800000000000001,2.92056170531261,0.011,0.002
"Catsperg2",0.504,0.0171002930084138,0.00800000000000001,3.33961056413176,0.011,0.002
"Gm44618",0.504,0.0163137286627726,0.00800000000000001,1.31762898209456,0.02,0.012
"Cxcl17",0.504,0.0105779858198949,0.00800000000000001,1.15260769414896,0.016,0.008
"Zfp575",0.504,0.00809566177123856,0.00800000000000001,1.49155392325463,0.013,0.005
"Gm29443",0.504,0.012005956745941,0.00800000000000001,0.42852315595883,0.04,0.033
"Slc27a5",0.504,0.00697658648408291,0.00800000000000001,1.21740993774125,0.011,0.004
"Gm36371",0.504,0.00472336766894374,0.00800000000000001,0.313121707463472,0.029,0.02
"Gm15510",0.504,0.0096617654949224,0.00800000000000001,0.545853533957138,0.029,0.021
"Sbk3",0.504,0.00668322659983118,0.00800000000000001,1.69792775203131,0.011,0.003
"E330012B07Rik",0.504,0.0135575888656178,0.00800000000000001,2.40929505105291,0.011,0.003
"Fgf23",0.504,0.0133058107589978,0.00800000000000001,3.02303524081667,0.011,0.002
"H1fx",0.504,0.0110398595109865,0.00800000000000001,1.55944910055084,0.013,0.005
"Gm44127",0.504,0.00794155474970837,0.00800000000000001,1.86321573256402,0.011,0.004
"Tmem176a",0.504,0.0123506809465079,0.00800000000000001,2.08395648493449,0.011,0.002
"AI854703",0.504,0.0108166952001452,0.00800000000000001,0.862940937186792,0.02,0.012
"Cep41",0.504,0.0105380335492759,0.00800000000000001,0.462384514836398,0.031,0.023
"A430035B10Rik",0.504,0.0117874910467066,0.00800000000000001,1.07217194911253,0.018,0.011
"Gm16043",0.504,0.0116675232843034,0.00800000000000001,1.09465251313496,0.018,0.011
"Mrm2",0.504,0.00546693241828607,0.00800000000000001,0.54134883439291,0.02,0.012
"Gm42884",0.504,0.00845376822527447,0.00800000000000001,1.70950746119646,0.011,0.003
"Asl",0.504,0.0109974934399853,0.00800000000000001,0.601677482308125,0.029,0.021
"Gm16552",0.504,0.0108806996511125,0.00800000000000001,0.572125930926927,0.029,0.02
"4930458D05Rik",0.504,0.00218215854480084,0.00800000000000001,0.470135923958856,0.016,0.008
"Jchain",0.504,0.0101486399859451,0.00800000000000001,1.5811075809965,0.013,0.005
"Corin",0.504,0.0357845215852276,0.00800000000000001,1.35811968530962,0.016,0.009
"Gm26608",0.504,0.00280931723962667,0.00800000000000001,0.320303204601458,0.022,0.015
"Htr5a",0.504,0.0121447557032026,0.00800000000000001,0.819796491018691,0.022,0.015
"Gm10484",0.504,0.00920639167539946,0.00800000000000001,0.411874623110342,0.036,0.029
"Mterf1b",0.504,0.0082387357727088,0.00800000000000001,0.613950473845239,0.022,0.014
"Pex10",0.504,0.00871054314547534,0.00800000000000001,0.677546809185148,0.022,0.015
"Gm13067",0.504,0.014628476427307,0.00800000000000001,1.39604566320307,0.018,0.01
"Gm13205",0.504,0.00761531915660197,0.00800000000000001,0.998676040742035,0.018,0.01
"Gm13054",0.504,0.00426469184267447,0.00800000000000001,0.662932089406692,0.016,0.007
"Gm29367",0.504,0.0126726848621597,0.00800000000000001,1.5697671210119,0.013,0.006
"AB041806",0.504,0.0120415306424858,0.00800000000000001,1.64841729222094,0.013,0.005
"Htr1d",0.504,0.00842502854163666,0.00800000000000001,0.626219452568644,0.025,0.016
"Rspo1",0.504,0.00648269969147895,0.00800000000000001,0.51194289282522,0.022,0.013
"1700125G02Rik",0.504,0.00861721422690788,0.00800000000000001,1.48365966630046,0.011,0.003
"Nt5c1a",0.504,0.0100061115227874,0.00800000000000001,1.04607114567911,0.016,0.008
"Frg2f1",0.504,0.00815520257892536,0.00800000000000001,0.302432679869966,0.038,0.029
"Gm12841",0.504,0.00700235425925753,0.00800000000000001,1.43977066338058,0.011,0.004
"Stil",0.504,0.00285056328377186,0.00800000000000001,0.384612594289574,0.02,0.012
"Insl5",0.504,0.00951271496194477,0.00800000000000001,1.43565409964105,0.016,0.007
"Gm12649",0.504,0.0108425048205421,0.00800000000000001,2.48777780691839,0.011,0.002
"Gm11872",0.504,0.0122281736295286,0.00800000000000001,2.53178914340035,0.011,0.002
"Henmt1",0.504,0.00899479904427404,0.00800000000000001,1.73770824378907,0.011,0.004
"Gm42699",0.504,0.00905498868622776,0.00800000000000001,0.785777288251689,0.02,0.012
"Bcl2l15",0.504,0.0119170014416785,0.00800000000000001,0.778170553589092,0.027,0.019
"Ecm1",0.504,0.00463140314535792,0.00800000000000001,0.48856574289131,0.018,0.01
"Gm43768",0.504,0.00786459770673786,0.00800000000000001,0.41463470659353,0.029,0.021
"1700040D17Rik",0.504,0.0101536984104125,0.00800000000000001,0.829712276092786,0.02,0.012
"Gm37584",0.504,0.00797356018144566,0.00800000000000001,1.63497894873614,0.011,0.004
"Slco4a1",0.504,0.00659776670802178,0.00800000000000001,0.70494366789463,0.018,0.01
"Hrh3",0.504,0.0192798329168223,0.00800000000000001,0.376087160811403,0.067,0.061
"4921531C22Rik",0.504,0.00257658493543063,0.00800000000000001,0.324544731142497,0.02,0.013
"Prelid3b",0.504,0.0130305589577735,0.00800000000000001,0.612453245894709,0.029,0.02
"Gm14168",0.504,0.00965480763382518,0.00800000000000001,0.90205292499697,0.016,0.009
"Gssos1",0.504,0.00587184390050302,0.00800000000000001,0.79403365679073,0.016,0.008
"Zcchc3",0.504,0.0100839386268483,0.00800000000000001,0.621630859957853,0.022,0.014
"Gm10130",0.504,0.00689628824723959,0.00800000000000001,0.281712919880205,0.033,0.026
"Ap5s1",0.504,0.0104806683643923,0.00800000000000001,0.765957994410796,0.02,0.011
"Gm14022",0.504,0.010845101151865,0.00800000000000001,2.11200876390741,0.011,0.004
"Gm14002",0.504,0.012854320362607,0.00800000000000001,2.02652244210911,0.013,0.005
"Tgm7",0.504,0.00442643167909356,0.00800000000000001,0.456744272319845,0.018,0.01
"Jmjd7",0.504,0.00884272799593119,0.00800000000000001,0.882533641806148,0.016,0.008
"Pax6",0.504,0.0114533237684505,0.00800000000000001,0.308447677260175,0.027,0.018
"Cd59b",0.504,0.0159098077921188,0.00800000000000001,1.24062457814349,0.022,0.014
"Gm13780",0.504,0.00976774669194818,0.00800000000000001,1.96859659198175,0.011,0.004
"Ttn",0.504,0.0525646626644807,0.00800000000000001,1.04914199091107,0.027,0.019
"Ttc30a1",0.504,0.0148778289412263,0.00800000000000001,2.59425856060299,0.011,0.002
"Dlx2",0.504,0.0103173619656323,0.00800000000000001,1.28597199618509,0.013,0.006
"Rpl35",0.504,0.0120558131664963,0.00800000000000001,0.460688785834547,0.038,0.029
"1700001O22Rik",0.504,0.0218541932788044,0.00800000000000001,1.33640985609262,0.022,0.014
"Gm13421",0.504,0.00823511477824648,0.00800000000000001,1.02982377822048,0.013,0.005
"Brd3os",0.504,0.00166604368812791,0.00800000000000001,0.305440031594382,0.016,0.009
"4931423N10Rik",0.504,0.0174884956782245,0.00800000000000001,0.48116516714326,0.042,0.036
"A930004D18Rik",0.504,0.00977884399701099,0.00800000000000001,1.45034165186385,0.013,0.005
"Malrd1",0.504,0.00833365570698126,0.00800000000000001,1.47298884763871,0.011,0.003
"A230108P19Rik",0.504,0.00700847541722047,0.00800000000000001,0.979061379429654,0.013,0.005
"Gm2061",0.504,0.00261756614354316,0.00800000000000001,0.422947323380312,0.013,0.006
"Coq8a",0.504,0.0125752562319224,0.00800000000000001,0.426490096845694,0.042,0.036
"Alyref2",0.504,0.00356751474685588,0.00800000000000001,0.691837819970302,0.011,0.004
"Gm15584",0.504,0.00801151738028633,0.00800000000000001,0.69051517499955,0.02,0.012
"Lax1",0.504,0.0101520017645793,0.00800000000000001,1.85614161142083,0.011,0.003
"Htr5b",0.504,0.0115595055751679,0.00800000000000001,2.22061411160409,0.011,0.004
"Ccdc150",0.504,0.00362559459361421,0.00800000000000001,0.327138345721339,0.018,0.01
"Il1r2",0.504,0.00678245502472043,0.00800000000000001,0.818187980922763,0.018,0.01
"Zap70",0.504,0.0117582776660802,0.00800000000000001,1.67889761200044,0.016,0.007
"1700034P13Rik",0.504,0.00436526041053468,0.00800000000000001,0.830726767702418,0.013,0.004
"Samd3",0.496,0.00363458030752335,0.00800000000000001,0.344311747706765,0.011,0.019
"Hipk4",0.496,0.00653658270742716,0.00800000000000001,0.521052396648569,0.011,0.019
"Grpr",0.503,0.0143896405840528,0.006,1.30588467367586,0.011,0.005
"Gja6",0.503,0.00471934374119807,0.006,0.620061436634468,0.013,0.008
"Gm15169",0.503,0.000931161705983398,0.006,0.306241866621714,0.013,0.007
"Hsd17b10",0.503,0.00500113150380339,0.006,0.57904809340776,0.016,0.01
"Gm15138",0.503,0.00843389977125692,0.006,0.808230218377397,0.016,0.009
"Tmsb15b2",0.503,0.00383961184921161,0.006,0.264169246800309,0.027,0.021
"Pin4",0.503,0.00482669777416962,0.006,0.270848625718769,0.033,0.027
"Xlr3b",0.503,0.00964397619741542,0.006,0.772302068360596,0.016,0.009
"Zfp300",0.503,0.00512074219187915,0.006,0.414408517019665,0.02,0.015
"B630019K06Rik",0.503,0.00898404262941748,0.006,1.09864707831957,0.013,0.006
"Nanos1",0.503,0.0114698929006709,0.006,0.964702986004468,0.018,0.011
"Gm50270",0.503,0.0118587242198014,0.006,1.99052868081601,0.011,0.005
"Fbxl15",0.503,0.0138884347269806,0.006,0.463149739960627,0.04,0.035
"Mrpl43",0.503,0.0157762132069643,0.006,0.503949241864365,0.036,0.03
"Hpse2",0.503,0.00228726939319141,0.006,0.390757068193516,0.013,0.007
"Gm20616",0.503,0.0106686759308815,0.006,1.19804991267477,0.013,0.007
"Gm4952",0.503,0.00754801299599517,0.006,0.986606523014827,0.013,0.007
"Capn1",0.503,0.00850243050205889,0.006,0.295350208236815,0.051,0.045
"Znrd2",0.503,0.00712979593974529,0.006,0.728369989874825,0.016,0.01
"Gal3st3",0.503,0.0134203659961247,0.006,0.355504517338121,0.06,0.054
"Aip",0.503,0.00814330862182333,0.006,0.331554823324905,0.033,0.027
"Txnl4a",0.503,0.0104140110949147,0.006,0.610303957705932,0.025,0.018
"Gm26910",0.503,0.00530997541661119,0.006,0.268576573708434,0.031,0.026
"Gm15345",0.503,0.0034549482210828,0.006,0.745514488949785,0.011,0.005
"Pcdhgb7",0.503,0.00541619200097495,0.006,0.557848102757287,0.016,0.011
"Pcdhga10",0.503,0.00494186145003362,0.006,0.341340584402663,0.025,0.019
"Pcdhgb1",0.503,0.0064505668921932,0.006,0.885436255002372,0.013,0.006
"Pcdhb11",0.503,0.0119268191793702,0.006,0.745030159158483,0.025,0.018
"Pcdhb6",0.503,0.00832711727361869,0.006,0.993828749200258,0.013,0.007
"Pcdha8",0.503,0.00749737993279276,0.006,0.588398258077476,0.022,0.016
"4930471G03Rik",0.503,0.011683593859265,0.006,1.26155399990119,0.016,0.009
"Gm49876",0.503,0.0120519004340199,0.006,1.20623525101056,0.016,0.01
"Gm49871",0.503,0.00830147947209365,0.006,1.19525655416197,0.011,0.005
"Gm17168",0.503,0.00643910715869906,0.006,1.02114100237679,0.011,0.006
"Tomm6os",0.503,0.0046093419795871,0.006,0.56968922335333,0.016,0.01
"Dlk2",0.503,0.0192796116837479,0.006,0.26305382961901,0.103,0.1
"Lrrc73",0.503,0.0064883691544737,0.006,0.328326229207843,0.033,0.029
"Tdrd6",0.503,0.0021045382200042,0.006,0.323932580530497,0.016,0.009
"Gm49857",0.503,0.00656208417936628,0.006,1.3208236843116,0.011,0.005
"Gm26693",0.503,0.00481232333121686,0.006,0.803152232052383,0.011,0.006
"Gm50138",0.503,0.00559919470586424,0.006,0.678490327266051,0.016,0.01
"Gm15458",0.503,0.00474334450815747,0.006,0.66566484642007,0.016,0.009
"Hmga1",0.503,0.00162830657327835,0.006,0.37906549395732,0.016,0.01
"9030025P20Rik",0.503,0.00469344819951658,0.006,0.366078565663237,0.02,0.015
"Gm30881",0.503,0.00133568726900274,0.006,0.45014418018032,0.011,0.005
"Gm49227",0.503,0.0056881131584673,0.006,1.2784726541377,0.011,0.005
"Fam43a",0.503,0.00589220944571981,0.006,0.813518369484999,0.011,0.005
"Gm33696",0.503,0.00887921436715507,0.006,1.6856762679585,0.011,0.005
"Racgap1",0.503,0.00650058781234362,0.006,0.353138891749334,0.031,0.025
"Fam186b",0.503,0.00911095112925421,0.006,1.01213039252503,0.016,0.01
"Gm41396",0.503,0.0100730152626895,0.006,0.894878099313012,0.018,0.012
"Ttll12",0.503,0.0136043470871025,0.006,0.670697538722132,0.027,0.02
"8430426J06Rik",0.503,0.0008704313292819,0.006,0.28473339721669,0.011,0.006
"Gm49527",0.503,0.0086638384469018,0.006,0.657997459585557,0.02,0.013
"Them6",0.503,0.00724641952558791,0.006,0.660783071337786,0.018,0.012
"Gm15632",0.503,0.00312231822426213,0.006,0.502725159190827,0.013,0.008
"1700024B18Rik",0.503,0.00870485034742358,0.006,0.384753525861973,0.036,0.03
"1700087I21Rik",0.503,0.0172168179161212,0.006,0.261907893686047,0.087,0.082
"Dok2",0.503,0.00633862536553444,0.006,0.938992455065961,0.016,0.009
"Serpine3",0.503,0.0078025396796989,0.006,1.10411650751334,0.011,0.005
"Ap1g2",0.503,0.0123633082535096,0.006,0.608314305825016,0.027,0.021
"Slc39a2",0.503,0.0219728048731211,0.006,0.494393783225267,0.06,0.054
"Gm36146",0.503,0.00307841965656501,0.006,0.691406066956918,0.011,0.006
"2610042L04Rik",0.503,0.00276863009364289,0.006,0.538396831248819,0.011,0.005
"Acot12",0.503,0.0036937584733086,0.006,0.494826970645954,0.016,0.01
"A230107N01Rik",0.503,0.00218162229318806,0.006,0.355966006170477,0.018,0.012
"Gm17259",0.503,0.00566281702565632,0.006,1.0464831369453,0.011,0.006
"Cks2",0.503,0.00502873949969595,0.006,0.67882923354589,0.016,0.009
"Ninj1",0.503,0.00191467228976324,0.006,0.313904537404735,0.013,0.008
"Agtr1a",0.503,0.0112469663324684,0.006,1.53332701383578,0.011,0.006
"Sox4",0.503,0.00490730058947565,0.006,0.256637516668072,0.031,0.025
"Btbd6",0.503,0.00126963770153504,0.006,0.273246087113595,0.018,0.011
"D430019H16Rik",0.503,0.0226553841590855,0.006,0.32726705099296,0.087,0.083
"Gm6566",0.503,0.00347432705283063,0.006,0.51921278603312,0.013,0.008
"Zdhhc22",0.503,0.0224795855009134,0.006,0.734971208971511,0.04,0.036
"Zc2hc1c",0.503,0.00852547313165826,0.006,1.12976713725155,0.013,0.007
"Gm29361",0.503,0.00500388083666438,0.006,0.970042717841468,0.011,0.005
"Gm28370",0.503,0.011191810107076,0.006,1.45791462721365,0.011,0.006
"1300014J16Rik",0.503,0.00941459393905125,0.006,1.48353748389754,0.011,0.005
"9530018F02Rik",0.503,0.00825386494724306,0.006,1.06749407335278,0.013,0.006
"Gm34552",0.503,0.00320755751987978,0.006,0.392112204328178,0.016,0.01
"Gm48715",0.503,0.00822764392005105,0.006,1.34451553698543,0.011,0.005
"Gm16267",0.503,0.00376521988091282,0.006,0.9656854577359,0.011,0.006
"Atp6v1c2",0.503,0.019294893746727,0.006,1.14675249571734,0.022,0.016
"Dnmt3aos",0.503,0.0112952184980635,0.006,1.45142017305245,0.011,0.006
"Ccdc40",0.503,0.00816812628899253,0.006,0.691643259083097,0.018,0.012
"Gm11714",0.503,0.00368573509977796,0.006,0.727238969625703,0.011,0.005
"Ghdc",0.503,0.0081095725666132,0.006,1.2399315264567,0.013,0.007
"Gm12359",0.503,0.00283006794789426,0.006,0.477779946799853,0.011,0.006
"Emc6",0.503,0.00705036396244269,0.006,0.530693678566561,0.018,0.011
"Snrnp25",0.503,0.00123282946514743,0.006,0.366288985486666,0.016,0.009
"Gm12068",0.503,0.0401703918296311,0.006,1.12326116898417,0.036,0.03
"Snhg15",0.503,0.0127257682092486,0.006,1.25900237629019,0.016,0.009
"Tespa1",0.503,0.00789448715639138,0.006,1.21731025031279,0.011,0.005
"Gm47438",0.503,0.010311376997689,0.006,1.83657911144764,0.011,0.005
"D930020B18Rik",0.503,0.00288262466069785,0.006,0.348073376958739,0.016,0.009
"Gm15723",0.503,0.0124768583493678,0.006,0.39231971868874,0.047,0.041
"Gm47578",0.503,0.00658257351482279,0.006,1.06668120914116,0.011,0.005
"Ckap4",0.503,0.0245342986529125,0.006,0.855496114872423,0.029,0.023
"4930404N11Rik",0.503,0.0049344615926922,0.006,0.895171868324245,0.011,0.006
"Plk5",0.503,0.0115252508123284,0.006,0.3034645792124,0.051,0.045
"Reep6",0.503,0.00451419116992118,0.006,0.719928162244948,0.013,0.007
"E130317F20Rik",0.503,0.00974601462685656,0.006,0.939133055034628,0.013,0.008
"Popdc3",0.503,0.00839495887541019,0.006,0.928521641713775,0.016,0.009
"Sf3b5",0.503,0.00176894404418448,0.006,0.263629367045214,0.018,0.012
"Gm48279",0.503,0.00632907345483941,0.006,1.22444164824689,0.011,0.005
"Tcta",0.503,0.00580583069266204,0.006,0.283376836625767,0.033,0.028
"4930447F24Rik",0.503,0.0134787203767667,0.006,1.6330730976854,0.013,0.007
"Ifrd2",0.503,0.0121469820974887,0.006,0.495099104359708,0.036,0.029
"Cish",0.503,0.00366001381469352,0.006,0.789772336536182,0.011,0.006
"9630041A04Rik",0.503,0.0112122086424998,0.006,1.12607186698045,0.013,0.008
"4930422M22Rik",0.503,0.00596034936860413,0.006,1.00738509391452,0.011,0.005
"2310009A05Rik",0.503,0.00827619510907691,0.006,0.742211738396082,0.016,0.01
"Gm10684",0.503,2.41142354826286e-05,0.006,0.296600328717619,0.011,0.006
"Mpzl3",0.503,0.0140363215584655,0.006,0.677838349411941,0.029,0.024
"Gm47232",0.503,0.00159365994045329,0.006,0.359375493860091,0.011,0.005
"AB124611",0.503,0.00372646502772847,0.006,0.642243660543413,0.011,0.005
"Ap1m2",0.503,0.00453537359586972,0.006,0.845383324105761,0.013,0.007
"Zglp1",0.503,0.00228751429627796,0.006,0.276471668068954,0.02,0.014
"Gm26759",0.503,0.00263028018007779,0.006,0.483844784061999,0.011,0.006
"A730098A19Rik",0.503,0.0068526825861219,0.006,1.11184051723454,0.013,0.007
"Exoc8",0.503,0.01442701185247,0.006,1.05914042143101,0.018,0.013
"Cenpn",0.503,0.00167269552241409,0.006,0.252734354819981,0.016,0.01
"Mon1b",0.503,0.00592217110773566,0.006,0.486467406948159,0.022,0.016
"Has3",0.503,0.00147448344997588,0.006,0.299706840619585,0.013,0.007
"Nol3",0.503,0.00633394516302205,0.006,0.601683745579735,0.018,0.012
"Wdr83os",0.503,0.0122621073488361,0.006,0.828450491435764,0.02,0.014
"A230103J11Rik",0.503,0.0140768472288977,0.006,1.04893314374796,0.018,0.012
"Gm30504",0.503,0.0165336015262731,0.006,0.798547053462739,0.029,0.023
"B930018H19Rik",0.503,0.0191706788133252,0.006,1.03926415918253,0.022,0.017
"Smim18",0.503,0.00645664545500676,0.006,1.04790467567683,0.011,0.004
"D830025C05Rik",0.503,0.00970310888865544,0.006,0.655455474247112,0.02,0.013
"Gm31045",0.503,0.00589673788895526,0.006,1.08302618642764,0.011,0.005
"4931415C17Rik",0.503,0.00638398203871797,0.006,0.771438833614733,0.016,0.011
"Cd151",0.503,0.00406550136596371,0.006,0.42798065120579,0.018,0.011
"Adam8",0.503,0.00506423700537854,0.006,0.605361461461677,0.018,0.011
"Gm27040",0.503,0.00724220891424875,0.006,0.54788622571349,0.02,0.015
"Lmo1",0.503,0.0137534361171578,0.006,0.527062199704041,0.031,0.026
"B3gnt6",0.503,0.00431998737214999,0.006,0.892092993061465,0.011,0.005
"Gm15413",0.503,0.00619842714874439,0.006,1.08705618197624,0.011,0.006
"Zscan2",0.503,0.00773932703382808,0.006,0.437440917546129,0.027,0.021
"Gm29296",0.503,0.0119276198964132,0.006,1.77915217796746,0.011,0.005
"Slc6a16",0.503,0.00870656303433004,0.006,1.55087539605214,0.011,0.005
"Pih1d1",0.503,0.00410223142736413,0.006,0.265994648447112,0.027,0.02
"Vmn2r57",0.503,0.00269770830350663,0.006,0.273636689906259,0.02,0.014
"Ccne1",0.503,0.00611959725295286,0.006,0.331046602599406,0.031,0.026
"Nfkbid",0.503,0.00573159338958601,0.006,0.508001141156539,0.025,0.018
"Pak4",0.503,0.00196713005871329,0.006,0.308515309900677,0.013,0.008
"Zfp109",0.503,0.0039458483589264,0.006,0.309298555498587,0.025,0.019
"Ppp1r13l",0.503,0.00729262771127307,0.006,0.800725435373494,0.018,0.011
"Vmn2r55",0.503,0.00825652473571578,0.006,1.08434168504814,0.016,0.009
"Vmn2r53",0.503,0.0092580038863982,0.006,1.78431926262193,0.011,0.005
"Gm45148",0.503,0.0070683495851663,0.006,1.17981334475803,0.011,0.005
"1700126G02Rik",0.503,0.00674434358695157,0.006,0.653663428480834,0.018,0.012
"Plcz1",0.503,0.0101047151862334,0.006,1.25648956688362,0.013,0.008
"2810454H06Rik",0.503,0.00355142267444866,0.006,0.354545336981187,0.018,0.011
"Cpne9",0.503,0.067661777061833,0.006,0.421396847809253,0.154,0.151
"Slc41a3",0.503,0.00348385549277524,0.006,0.529590607232922,0.016,0.009
"6430584L05Rik",0.503,0.00749576902659331,0.006,0.524013074710862,0.027,0.02
"Cpa2",0.503,0.00674365157771496,0.006,1.05440971097922,0.011,0.005
"Fam71f2",0.503,0.00809394542574487,0.006,1.34353555256354,0.011,0.005
"Rpa3",0.503,0.00766030883542863,0.006,0.356064893130273,0.036,0.03
"Tac1",0.503,0.0108455683920746,0.006,0.276697547830086,0.045,0.04
"Gm20618",0.503,0.00880248436586153,0.006,1.46785907621901,0.011,0.005
"Tex26",0.503,0.00652543493180423,0.006,0.930677106740271,0.013,0.008
"Gm43625",0.503,0.00221538650678786,0.006,0.373368837610205,0.013,0.008
"6330403L08Rik",0.503,0.00433267504318379,0.006,0.384865591752511,0.02,0.014
"Mospd3",0.503,0.0111666890416511,0.006,0.397537188171182,0.038,0.032
"Gm15627",0.503,0.00886325446460348,0.006,1.42240655460406,0.011,0.005
"Gm34086",0.503,0.0099177647610335,0.006,1.40232336613577,0.013,0.007
"Ficd",0.503,0.00192767962210961,0.006,0.452456411311254,0.011,0.005
"E130006D01Rik",0.503,0.00934576527409783,0.006,0.647183228573986,0.022,0.017
"Gm43138",0.503,0.00565156988784612,0.006,0.402427261688139,0.022,0.017
"Plcxd1",0.503,0.00715957159508911,0.006,0.555738507626344,0.022,0.017
"9630001P10Rik",0.503,0.00810488284043906,0.006,0.648562940090356,0.018,0.012
"Clnk",0.503,0.00597499319820871,0.006,1.05086307850418,0.011,0.006
"Gm1673",0.503,0.00675747528889948,0.006,0.447687104684668,0.025,0.018
"Gm15587",0.503,0.00124089984983094,0.006,0.271025113622499,0.016,0.01
"Fzd1",0.503,0.00560741391875171,0.006,0.581195865985453,0.011,0.006
"Gm43017",0.503,0.000577566134375684,0.006,0.387712206155952,0.011,0.004
"1500002C15Rik",0.503,0.00529941680498024,0.006,1.0002194492201,0.011,0.005
"Tnfrsf8",0.503,0.00976115130591397,0.006,1.40486874050151,0.013,0.007
"Agmat",0.503,0.004751828129446,0.006,1.05205481976439,0.011,0.005
"Mfap2",0.503,0.00927192662093239,0.006,0.775879210383594,0.02,0.015
"Rpa2",0.503,0.00532297991494924,0.006,0.295005552238472,0.02,0.015
"Lsm10",0.503,0.00404702897896984,0.006,0.64405895385445,0.013,0.008
"Urod",0.503,0.00723981339642804,0.006,0.603594114849697,0.02,0.013
"Mmachc",0.503,0.00674026194747219,0.006,1.01528995912966,0.011,0.005
"Dmac1",0.503,0.0106051361146561,0.006,0.875457449187281,0.018,0.013
"Cfap206",0.503,0.0220877385123304,0.006,0.70150164410285,0.036,0.03
"A830012C17Rik",0.503,0.0190556096293079,0.006,0.769494215740618,0.029,0.023
"Mcub",0.503,0.0202586464617196,0.006,1.25250087779744,0.016,0.009
"Gstm4",0.503,0.00555433279948603,0.006,1.05004577528208,0.011,0.005
"Gm42700",0.503,0.00557854455646713,0.006,0.656691912496269,0.018,0.012
"Gm43465",0.503,0.00459454167266684,0.006,0.955485151666701,0.011,0.005
"Ankrd35",0.503,0.0102145643573848,0.006,0.31932702675301,0.045,0.038
"Gm15265",0.503,0.00233374322273638,0.006,0.261954299818668,0.018,0.012
"Gm38186",0.503,0.00766088257533937,0.006,1.2442160216551,0.011,0.005
"Mindy4b-ps",0.503,0.00774894007517182,0.006,0.964751070142337,0.016,0.01
"Gm15496",0.503,0.0049939588755203,0.006,0.484006839133516,0.02,0.014
"Slc2a2",0.503,0.00559287962679222,0.006,1.26642333019041,0.011,0.004
"Gm14418",0.503,0.00666840585602064,0.006,0.312631910933424,0.033,0.028
"Gm16796",0.503,0.00721140307122897,0.006,1.44145249125861,0.011,0.005
"Gm11457",0.503,0.0053620076509336,0.006,0.484750158917203,0.02,0.013
"BC029722",0.503,0.00315728116027108,0.006,0.425751700619317,0.016,0.01
"Gm14066",0.503,0.0054820563060959,0.006,0.250268032289492,0.036,0.029
"Prokr2",0.503,0.00730365057500983,0.006,1.21560528325684,0.011,0.006
"Fam227b",0.503,0.00539637951102476,0.006,0.678450609952718,0.013,0.007
"Nusap1",0.503,0.00981381201847586,0.006,0.913356731708345,0.016,0.01
"Rpusd2",0.503,0.00914725273043735,0.006,1.1586850565333,0.013,0.007
"Prrg4",0.503,0.0143361043613328,0.006,2.05799933415447,0.011,0.004
"Kbtbd4",0.503,0.00600452349159416,0.006,0.363243073567688,0.027,0.02
"P2rx3",0.503,0.0186461507558801,0.006,1.23895882421427,0.016,0.009
"Timm10",0.503,0.0048216599657109,0.006,0.491303138736232,0.018,0.011
"Ak1",0.503,0.00826217043624245,0.006,0.260930948904616,0.045,0.039
"Gm13327",0.503,0.00747091648068194,0.006,0.831403856758674,0.018,0.011
"Mcm10",0.503,0.0114395604324561,0.006,0.939844282555319,0.016,0.01
"1700080N15Rik",0.503,0.00838334973582243,0.006,0.686353975706213,0.02,0.015
"A130010J15Rik",0.503,0.00307288395704038,0.006,0.477111988841677,0.011,0.006
"Gm37571",0.503,0.0106952778266476,0.006,1.13780783112395,0.016,0.011
"Gm15445",0.503,0.00397709349218532,0.006,0.433567423451097,0.013,0.008
"Tmem185b",0.503,0.00861561533916804,0.006,1.10241652019788,0.011,0.006
"Gm28535",0.503,0.00742876156528298,0.006,1.01845130167961,0.013,0.008
"9430060I03Rik",0.503,0.00421998722935898,0.006,0.356481140732495,0.02,0.013
"Gm17090",0.503,0.0027239702923087,0.006,0.522655534315093,0.011,0.006
"Gm29536",0.503,0.00795884178607473,0.006,1.42293309735016,0.011,0.005
"Fzd5",0.503,0.00234420550453131,0.006,0.339187474349687,0.011,0.006
"Gm12027",0.497,0.0122867176550249,0.006,0.658036623558193,0.016,0.022
"Pqbp1",0.502,0.0123257982487876,0.004,0.353657546446071,0.04,0.037
"Ppnr",0.502,0.00299202512177054,0.004,0.484279527631021,0.011,0.007
"Ifit1bl2",0.502,0.0137712018605579,0.004,0.606018876502779,0.031,0.027
"1700105P06Rik",0.502,0.00205106065095539,0.004,0.500464617248276,0.011,0.008
"AC109619.1",0.502,0.00347349465525686,0.004,0.304160478063096,0.02,0.017
"Gm50209",0.502,0.00392099387264746,0.004,0.790971829076479,0.011,0.008
"Cidea",0.502,0.00332160665166738,0.004,0.604686856201658,0.011,0.007
"Pcdha12",0.502,0.00642405109939654,0.004,0.469383306702106,0.022,0.019
"Pcdha7",0.502,0.00612043129696339,0.004,0.975720483116388,0.011,0.008
"Dnd1",0.502,0.004910530080138,0.004,0.772549812067573,0.011,0.006
"Gm26533",0.502,0.00262609249201919,0.004,0.254574655226436,0.018,0.014
"Gm15956",0.502,0.00660331785360528,0.004,0.619121160145916,0.013,0.009
"Gm50069",0.502,0.00466889565465328,0.004,0.810527085414482,0.011,0.008
"Gm10308",0.502,0.00230894366112007,0.004,0.540381324374945,0.011,0.007
"Cebpzos",0.502,0.00391704761292296,0.004,0.33226616374528,0.018,0.014
"Gm49915",0.502,0.0014549459213284,0.004,0.360250339139517,0.011,0.008
"Prickle4",0.502,0.00603651701172371,0.004,0.890007093438019,0.011,0.006
"Nme4",0.502,0.00490125708997205,0.004,0.373664970455859,0.025,0.021
"Btla",0.502,0.0162234687284254,0.004,0.794484633144071,0.027,0.023
"Wdr5b",0.502,0.00224457482343756,0.004,0.362837820520112,0.011,0.007
"Ccdc116",0.502,0.00688442809044948,0.004,0.595735802734717,0.018,0.014
"Gm49494",0.502,0.00621480558797828,0.004,0.728243577813965,0.011,0.006
"Gm17058",0.502,0.00770338447218456,0.004,0.836543338225407,0.011,0.007
"9330020H09Rik",0.502,0.0032322085994429,0.004,0.527766833068086,0.011,0.007
"Rtl6",0.502,0.00138242094858764,0.004,0.290355547824851,0.013,0.01
"1500009C09Rik",0.502,0.00345238827575215,0.004,0.280601383559345,0.02,0.016
"Gm16059",0.502,0.0025711891686579,0.004,0.435686352641834,0.011,0.007
"Col14a1",0.502,0.0500749960086017,0.004,1.17296983177596,0.018,0.013
"Ptger4",0.502,0.00762850756952954,0.004,0.647470581816529,0.016,0.012
"Gm49194",0.502,0.0084230840460667,0.004,0.553595152912768,0.022,0.017
"Gm20641",0.502,0.00389300200094947,0.004,0.577890298870035,0.016,0.012
"Gm46447",0.502,0.00458494348666963,0.004,0.575734584041438,0.013,0.009
"Oxsm",0.502,0.00352279643535667,0.004,0.337174051978466,0.02,0.015
"Gm34471",0.502,0.0128915572135442,0.004,0.38631023853531,0.042,0.039
"Ddx4",0.502,0.0106297851916035,0.004,0.466827504435331,0.033,0.03
"Htr1a",0.502,0.000119054152233164,0.004,0.292305814619775,0.011,0.008
"Trip13",0.502,0.00157069237210682,0.004,0.407465536348556,0.011,0.008
"Zfp85",0.502,0.00940246272162981,0.004,1.0505323384564,0.011,0.008
"9430065F17Rik",0.502,0.00372176025404922,0.004,0.484475071140788,0.016,0.011
"Gm49064",0.502,0.00123250731249797,0.004,0.297912723763742,0.013,0.01
"Hist1h4d",0.502,0.00366021877886076,0.004,0.449294159004431,0.013,0.009
"Gm35558.1",0.502,0.00807483777051195,0.004,0.911711400997458,0.016,0.012
"Acot4",0.502,0.00180274246141659,0.004,0.318857849814822,0.013,0.01
"Gm29530",0.502,0.00761132133646058,0.004,0.993124075388007,0.013,0.009
"Rdh12",0.502,0.00708064306243086,0.004,0.602022123121339,0.016,0.011
"Gpr135",0.502,0.00344272886022519,0.004,0.372208329423798,0.018,0.014
"Ccdc71l",0.502,0.00495228492420758,0.004,0.322883535890822,0.022,0.019
"Zfp750",0.502,0.00245597088733035,0.004,0.472287295519414,0.011,0.008
"Chmp6",0.502,0.00469021803092636,0.004,0.607363083247714,0.013,0.009
"Gm11762",0.502,0.00418619117395755,0.004,0.625463090051657,0.013,0.009
"Nat9",0.502,0.00340464455184827,0.004,0.273530752916913,0.022,0.019
"Itga2b",0.502,0.00476773633302278,0.004,0.793339118841469,0.011,0.006
"Mien1",0.502,0.0024105684084993,0.004,0.417420735457879,0.011,0.008
"Myo15",0.502,0.00660536294574407,0.004,0.441557346102755,0.022,0.019
"Gm12153",0.502,0.00584300182774553,0.004,0.827911414230369,0.011,0.007
"1700093K21Rik",0.502,0.00655621180615435,0.004,0.673711315428229,0.016,0.012
"Suox",0.502,0.00121456418712947,0.004,0.326182872715489,0.011,0.008
"Hmga2",0.502,0.00880515236375616,0.004,0.896216828055795,0.011,0.007
"C2cd4c",0.502,0.00611174678328148,0.004,0.821135460172925,0.011,0.008
"Ddt",0.502,0.00367843595310707,0.004,0.555114555183498,0.011,0.008
"Gm16364.1",0.502,0.00155677601087993,0.004,0.304758414167797,0.011,0.006
"Nmbr",0.502,0.00790248224537903,0.004,0.60459573788078,0.02,0.015
"Gm48728",0.502,0.00477051193871542,0.004,0.788431625608673,0.013,0.009
"Fbxo5",0.502,0.00696834581400566,0.004,0.499230425198466,0.016,0.012
"Gm47181",0.502,0.00265579342113362,0.004,0.560637660616492,0.011,0.006
"A730085K08Rik",0.502,0.0032622603004861,0.004,0.565914200316797,0.011,0.008
"Trim71",0.502,0.00727319542441567,0.004,0.466995501773217,0.027,0.022
"Gm47950",0.502,0.00635924893334332,0.004,0.807400236541137,0.013,0.009
"Gm47106",0.502,0.00765356843237049,0.004,1.27316407369319,0.011,0.006
"Slco2a1",0.502,0.00421656887754546,0.004,0.260390994941723,0.025,0.022
"Gm10634",0.502,0.00363369548036063,0.004,0.486442450147353,0.013,0.01
"Gm26903",0.502,0.00658369852646974,0.004,0.627609798865543,0.016,0.012
"Arhgap20os",0.502,0.00954968470566668,0.004,0.527062340059966,0.029,0.025
"Hyls1",0.502,0.00581981992960382,0.004,0.335888818289285,0.031,0.027
"Ccdc151",0.502,0.00791336766914993,0.004,0.345722620186076,0.036,0.031
"Col5a3",0.502,0.014456038967999,0.004,0.759576532543143,0.013,0.01
"Spata33",0.502,0.00430321626647187,0.004,0.287515516883933,0.025,0.021
"Trappc2l",0.502,0.00981570970848159,0.004,0.315577799486837,0.038,0.035
"4831440D22Rik",0.502,0.00407016691598486,0.004,0.336506340355202,0.02,0.016
"5330439A09Rik",0.502,0.0106027385491849,0.004,0.453148952295932,0.033,0.03
"Ido2",0.502,0.00463007147386387,0.004,0.826541398936442,0.011,0.008
"Gm16553",0.502,0.00720345555134238,0.004,0.993957586058409,0.013,0.009
"Il18bp",0.502,0.0104816741428371,0.004,0.345681415491076,0.042,0.038
"Gm34821",0.502,0.0104210031551136,0.004,0.539643934419495,0.029,0.026
"Xrra1",0.502,0.00789449093313595,0.004,1.02680180512085,0.013,0.01
"Gm39027",0.502,0.00380734083151458,0.004,0.441299315050073,0.018,0.013
"Gm45311",0.502,0.00492679137965474,0.004,0.662442504220516,0.013,0.01
"Cyth2",0.502,0.0365944971156563,0.004,0.788535512458664,0.049,0.047
"Nup62",0.502,0.000800914444838758,0.004,0.277169407460877,0.011,0.008
"Ctu1",0.502,0.00393421366838717,0.004,0.60635788980586,0.011,0.006
"Zfp114",0.502,0.0030095614376121,0.004,0.373902402984759,0.013,0.01
"Gm44151",0.502,0.0103816479219938,0.004,0.378569653776262,0.038,0.034
"A830011K09Rik",0.502,0.00251784198581661,0.004,0.36586353599833,0.016,0.011
"A2ml1",0.502,0.00626377130390358,0.004,0.825893334277213,0.011,0.007
"1700124L16Rik",0.502,0.00439028094054291,0.004,0.689181732002361,0.013,0.009
"Ccdc142os",0.502,0.00411090085237553,0.004,0.445597829902925,0.016,0.012
"Hepacam2",0.502,0.00552374272456733,0.004,0.932275847083982,0.011,0.007
"Gpr12",0.502,0.0134327478873998,0.004,0.420782678340732,0.045,0.04
"Epo",0.502,0.00452137171420433,0.004,0.666308535850836,0.013,0.009
"Gm14507",0.502,0.00343515447532495,0.004,0.626107177067973,0.011,0.008
"Crybb3",0.502,0.00485320778262089,0.004,0.638135127464047,0.013,0.01
"Gm15788",0.502,0.00429976808702623,0.004,0.624366669265727,0.011,0.008
"Gm35315",0.502,0.010046971154562,0.004,0.768344244993782,0.018,0.014
"Gm42517",0.502,0.00685667445660497,0.004,0.873216687890908,0.013,0.009
"Gm19619",0.502,0.0102617144574575,0.004,1.14094515393583,0.013,0.009
"Gm30835",0.502,0.0100218208270654,0.004,0.858750929478385,0.011,0.006
"1700015F17Rik",0.502,0.0139310848116725,0.004,1.3991705044908,0.013,0.009
"Gm43623",0.502,0.011429117950036,0.004,0.920861992309749,0.02,0.016
"2510017J16Rik",0.502,0.00821674173037482,0.004,0.699092476807193,0.016,0.011
"Gm10563",0.502,0.0046309777206176,0.004,0.439396898341544,0.018,0.014
"Cenps",0.502,0.0063584394602969,0.004,0.937933267133065,0.011,0.008
"Fam43b",0.502,0.00682723712998625,0.004,1.11377758000461,0.011,0.006
"Ppcs",0.502,0.00310760708426166,0.004,0.401489246422205,0.018,0.013
"Ppp3r2",0.502,0.00369444101101467,0.004,0.564741065421197,0.011,0.007
"Aldob",0.502,0.0137831560512439,0.004,0.738139326490088,0.027,0.022
"Gm3892",0.502,0.00562789782935799,0.004,0.680001331435073,0.016,0.011
"Gm28448",0.502,0.00582358482590707,0.004,1.21118690887002,0.011,0.006
"Gm11802",0.502,0.00695746934173641,0.004,0.956965402576496,0.013,0.009
"Gm15577",0.502,0.00451307798577727,0.004,0.530879042741851,0.018,0.014
"Gm10287",0.502,0.00527574816481197,0.004,0.401624415763527,0.025,0.021
"Slc9b1",0.502,0.00447820978729222,0.004,0.520078263540866,0.013,0.009
"Kcnd3os",0.502,0.0108603757370268,0.004,0.539056678109151,0.029,0.025
"Trim45",0.502,0.00158633319640752,0.004,0.344689835878472,0.013,0.009
"Lysmd1",0.502,0.0036112834361745,0.004,0.347738996508411,0.02,0.015
"Efna3",0.502,0.00779151005476366,0.004,0.37181115440981,0.033,0.03
"Tmem79",0.502,0.00312241667805973,0.004,0.592876928247827,0.011,0.006
"Chmp4c",0.502,0.000707158796855836,0.004,0.309971742778602,0.011,0.007
"Gcnt7",0.502,0.00479970328684699,0.004,0.547941740693412,0.016,0.011
"Pard6b",0.502,0.0129947027909019,0.004,0.766106610181175,0.022,0.018
"1110018N20Rik",0.502,0.00838959242988852,0.004,0.403959469188932,0.031,0.029
"Trp53rka",0.502,0.0094094429766741,0.004,0.626555552473137,0.02,0.017
"1700003F12Rik",0.502,0.00452033996980053,0.004,0.612567612022596,0.013,0.009
"Chchd5",0.502,0.00261922429147391,0.004,0.655755552882806,0.011,0.007
"4930417H01Rik",0.502,0.00895602910675728,0.004,0.765709709902017,0.018,0.015
"Gm13912",0.502,0.0258350401479227,0.004,2.16546875743617,0.011,0.008
"Gm13883",0.502,0.00791506496217951,0.004,0.554209466342464,0.025,0.021
"Gm13713",0.502,0.00393373908256981,0.004,0.771535632155332,0.011,0.008
"Rapgef4os2",0.502,0.00240037689213069,0.004,0.476685645536613,0.013,0.01
"Gm13619",0.502,0.00732469752169942,0.004,1.0706068623891,0.011,0.008
"Fibcd1",0.502,0.01269846766867,0.004,1.17684924254519,0.016,0.011
"Dolpp1",0.502,0.0200955238145611,0.004,0.508113456322692,0.04,0.037
"Mrps2",0.502,0.00392590138652808,0.004,0.476546567204223,0.016,0.012
"Tmem141",0.502,0.00350175439885198,0.004,0.514379378896068,0.013,0.009
"Gm26879",0.502,0.00697947338929738,0.004,0.505860369204748,0.02,0.016
"Catspere1",0.502,0.00271584684462275,0.004,0.670867741723107,0.011,0.008
"Kmo",0.502,0.00255497776311765,0.004,0.364437920512378,0.016,0.012
"Igsf9",0.502,0.0111274492077375,0.004,0.335747418330412,0.038,0.033
"Mrps14",0.502,0.00733654594063259,0.004,0.280232014379863,0.036,0.032
"C1ql2",0.502,0.00511838611254748,0.004,0.587155980758464,0.013,0.009
"Gm29055",0.502,0.00713943799983555,0.004,0.576208691675216,0.02,0.016
"Amer3",0.502,0.00547964142641042,0.004,0.358468781082085,0.027,0.024
"Gm29570",0.502,0.00225481910815126,0.004,0.47177482510867,0.011,0.006
"Gm26672",0.498,0.00583684550734832,0.004,0.277672600287684,0.022,0.026
"Gm16075",0.498,0.00392745048019539,0.004,0.575939356539999,0.007,0.011
"Ripply2",0.498,0.00234787243252573,0.004,0.421041362175152,0.009,0.013
"9330154J02Rik",0.498,0.00876531165056729,0.004,0.440979432128224,0.022,0.026
"Gm19531",0.498,0.00159412275796607,0.004,0.338560403638318,0.009,0.013
"Rfc5",0.498,0.00318250116582822,0.004,0.254080585019799,0.016,0.02
"Gm29650",0.501,0.00176384307818884,0.002,0.376241832526813,0.013,0.011
"Alas2",0.501,0.00561793452411259,0.002,0.308620649487734,0.029,0.026
"Gm15046",0.501,0.010758782164909,0.002,1.29878085425283,0.011,0.009
"Mageb16",0.501,0.00938878585028522,0.002,0.482238020978441,0.031,0.03
"Tmem185a",0.501,0.0116279095061394,0.002,0.302108198749289,0.045,0.042
"Rtl8a",0.501,0.00324603277019438,0.002,0.378728513690352,0.013,0.011
"Gm14703",0.501,0.000634870033007703,0.002,0.264242998251637,0.013,0.012
"Gm46652",0.501,0.00122758433489342,0.002,0.378370081773817,0.011,0.01
"Banf1",0.501,0.00360063290502569,0.002,0.412249758367872,0.016,0.014
"Tbc1d10c",0.501,0.00204583402480606,0.002,0.415092745015278,0.013,0.011
"Pcdhb15",0.501,0.00292802680207748,0.002,0.379449583471758,0.013,0.012
"Eif4ebp3",0.501,0.00601986060753734,0.002,0.316396320957735,0.029,0.028
"Gm3227",0.501,0.00739085320927874,0.002,0.789017601903147,0.013,0.012
"Stpg4",0.501,0.00657697474357047,0.002,0.80801291621052,0.011,0.009
"Gm50020",0.501,0.00393624822598396,0.002,0.730611008704504,0.011,0.009
"Gm19585",0.501,0.0126360114436049,0.002,0.637514946306082,0.02,0.018
"Tsr3",0.501,0.00695647854675878,0.002,0.261673485387213,0.04,0.038
"Umps",0.501,0.0166213200587317,0.002,0.49565931265382,0.038,0.037
"Rfc4",0.501,0.00662494485304268,0.002,0.578204534922668,0.013,0.012
"Gm41409",0.501,0.00478434518049774,0.002,0.454906285859474,0.016,0.014
"Smc1b",0.501,0.00676431652467838,0.002,0.597986447576986,0.011,0.009
"Cenpm",0.501,0.00377613843511596,0.002,0.648527037133494,0.011,0.009
"Jrk",0.501,0.00217642214639264,0.002,0.400479370951527,0.011,0.009
"Mroh5",0.501,0.00880093134660727,0.002,0.515736604313621,0.025,0.023
"Gm49685",0.501,0.0155346430565876,0.002,0.383467512471115,0.051,0.051
"Gm34759",0.501,0.00256626564414541,0.002,0.379118305189461,0.013,0.012
"1700006F04Rik",0.501,0.00207966807635706,0.002,0.582510914142996,0.011,0.009
"Gm4285",0.501,0.00169379235212148,0.002,0.340989839745204,0.011,0.009
"Myh7",0.501,0.00457702282734788,0.002,0.546656445115131,0.013,0.012
"B230110C06Rik",0.501,0.00690618877877075,0.002,0.387672839016552,0.029,0.027
"2610204G07Rik",0.501,0.00546684924787425,0.002,0.664927019280134,0.011,0.01
"Gpr150",0.501,0.00238287577567739,0.002,0.377813923187314,0.013,0.012
"1700037F03Rik",0.501,0.00864590557370824,0.002,0.704833307518403,0.018,0.016
"Zfp72",0.501,0.0283652904967191,0.002,0.457611038236285,0.065,0.062
"Gm47460",0.501,0.00152106381214821,0.002,0.266665709936956,0.016,0.015
"Abt1",0.501,0.00599251164414835,0.002,0.46504407615009,0.016,0.014
"Gm47167",0.501,0.00768536948303189,0.002,0.368827970119878,0.025,0.022
"Tmem251",0.501,0.00762472847146463,0.002,0.833117203981888,0.013,0.011
"D130020L05Rik",0.501,0.00527032921260724,0.002,0.598572829146871,0.013,0.011
"Gm10432",0.501,0.00872908260374878,0.002,0.70975989440923,0.018,0.017
"Papln",0.501,0.00640481369023613,0.002,0.587564946700204,0.016,0.013
"2310002D06Rik",0.501,0.00114430710627958,0.002,0.292244593512372,0.011,0.009
"Six4",0.501,0.00102104941013051,0.002,0.273974356768954,0.013,0.011
"Gm47515",0.501,0.00572046574943477,0.002,0.59673851089972,0.016,0.013
"Gm49700",0.501,0.00315223946842414,0.002,0.49089218901663,0.013,0.011
"Gm48619",0.501,0.00178245301584509,0.002,0.387414249143045,0.011,0.01
"Fkbp1b",0.501,0.0063068114387795,0.002,0.64257316161284,0.016,0.014
"Gm48512",0.501,0.0196046820370785,0.002,0.282606613870534,0.076,0.077
"Tmem101",0.501,0.00265337433212129,0.002,0.380919858644392,0.013,0.011
"Fbxo47",0.501,0.0019972448048152,0.002,0.297253202202201,0.016,0.013
"Ovca2",0.501,0.00187949312036542,0.002,0.252862040725467,0.016,0.014
"Sowaha",0.501,0.0079720695761709,0.002,0.572188553215781,0.02,0.018
"Otogl",0.501,0.0127954868449876,0.002,1.20075540235201,0.011,0.009
"Gzmm",0.501,0.00601237784527705,0.002,0.437501795426545,0.018,0.017
"Rsph14",0.501,0.00359666790370889,0.002,0.255147092759056,0.025,0.023
"Trdn",0.501,0.0406142091665451,0.002,2.12684572681135,0.013,0.011
"Gm17477",0.501,0.00727099838869241,0.002,0.607722882138861,0.016,0.013
"BC049352",0.501,0.00363869713181807,0.002,0.385313248376399,0.016,0.015
"Gm26787",0.501,0.002265422027857,0.002,0.444523800715227,0.011,0.009
"Gm16754",0.501,0.0114935234168982,0.002,1.269852725752,0.011,0.009
"Gm45904",0.501,0.0177178658454342,0.002,0.658571017608132,0.029,0.028
"Zfp791",0.501,0.00417643035422692,0.002,0.296917972744315,0.022,0.021
"Gm44982",0.501,0.00984872894179441,0.002,0.878059815221603,0.013,0.011
"Tufm",0.501,0.00596977469053453,0.002,0.453910094020302,0.02,0.018
"Scube2",0.501,0.0256373962778039,0.002,0.56883779252418,0.042,0.041
"Hpn",0.501,0.00405586346647129,0.002,0.447472559239711,0.016,0.014
"Fxyd7",0.501,0.0270682104986047,0.002,0.486507329124347,0.065,0.065
"Lrfn3",0.501,0.0082916961134264,0.002,0.5154934880258,0.027,0.025
"Fbxo27",0.501,0.00490100574834503,0.002,0.33253052846548,0.025,0.022
"Ceacam2",0.501,0.00252405931045268,0.002,0.40647081863264,0.013,0.011
"Vmn2r56",0.501,0.00889651604976063,0.002,0.51730296316135,0.025,0.022
"Gm15704",0.501,0.00233687961637196,0.002,0.430679439613366,0.013,0.011
"D6Ertd474e",0.501,0.00170183525950911,0.002,0.33661767196967,0.013,0.012
"Smyd1",0.501,0.00304219071225004,0.002,0.452345400319079,0.011,0.009
"Gm16630",0.501,0.00438556062515324,0.002,0.701017452803644,0.011,0.01
"BC030343",0.501,0.00766454220281231,0.002,0.526253899153049,0.022,0.02
"Trip6",0.501,0.00265808255974219,0.002,0.372348814108086,0.013,0.011
"Lrrc43",0.501,0.00835687684544954,0.002,1.14221737647297,0.011,0.008
"Gm42829",0.501,0.00323221702053926,0.002,0.509448587176955,0.013,0.011
"Gm15477",0.501,0.0104170594782315,0.002,0.754054476550989,0.018,0.016
"Ppp2r2cos",0.501,0.00476033267950578,0.002,0.686453351521769,0.011,0.009
"1500035N22Rik",0.501,0.0118437054376742,0.002,0.380036523281949,0.042,0.041
"Tomm7",0.501,0.00186300296680781,0.002,0.26059389992142,0.018,0.016
"Gm16287",0.501,0.00516151829633446,0.002,0.81313981163552,0.011,0.009
"Rab42",0.501,0.00250471554568973,0.002,0.375317123271438,0.013,0.011
"Slc27a3",0.501,0.00540588153566169,0.002,0.67060235375218,0.013,0.011
"Ccdc169",0.501,0.00299611217291964,0.002,0.515192960052681,0.011,0.009
"Ect2",0.501,0.00402865191675961,0.002,0.414846902405361,0.011,0.009
"A830092H15Rik",0.501,0.00733280435577207,0.002,0.863257958264614,0.013,0.012
"Gm43672",0.501,0.00254107688656618,0.002,0.283499780373258,0.018,0.015
"4930405A21Rik",0.501,0.00289558461488274,0.002,0.406116711522881,0.013,0.011
"Spef1",0.501,0.00366764292025633,0.002,0.468945411028322,0.013,0.011
"Rad51",0.501,0.00576263737917434,0.002,0.625356964100441,0.011,0.008
"Gm13524",0.501,0.00587047824264991,0.002,0.312855263691183,0.031,0.029
"Ttc16",0.501,0.00298002328560993,0.002,0.524340089402953,0.011,0.009
"Tmem203",0.501,0.00515202335813638,0.002,0.742186261267611,0.011,0.008
"Gm37896",0.501,0.00380197936450339,0.002,0.360474768432127,0.018,0.016
"Gm26620",0.501,0.00128127886880316,0.002,0.348202519388863,0.011,0.008
"Sec16b",0.501,0.00249549756450079,0.002,0.487513269476756,0.011,0.009
"Gm28792",0.501,0.00710403262996431,0.002,0.909050151162921,0.013,0.011
"Tnnt2",0.501,0.0045678560542951,0.002,0.538218488897369,0.016,0.014
"4933436I20Rik",0.501,0.00417117125122704,0.002,0.322933231884391,0.02,0.019
"4933424G06Rik",0.501,0.00477527782301622,0.002,0.564598723531648,0.016,0.013
"Pcdha5",0.499,0.00911938132743895,0.002,0.456739432504226,0.025,0.026
"Gm48913",0.499,0.00190904114287399,0.002,0.432771807561139,0.009,0.01
"Gm35823",0.499,0.00598363328364938,0.002,0.361510305561221,0.025,0.027
"4930519K11Rik",0.499,0.00135705914795888,0.002,0.346684390514481,0.011,0.012
"Gm34667",0.499,0.00537828771770259,0.002,0.710541957673845,0.009,0.01
"1700016P03Rik",0.499,0.0142013288128428,0.002,0.483088905782298,0.027,0.03
"Tmem107",0.499,0.00199439222984196,0.002,0.281962936256196,0.013,0.016
"Gm15939",0.499,0.00607472599406694,0.002,0.736241193091374,0.009,0.011
"Col6a4",0.499,0.00357232117610208,0.002,0.373851642769912,0.016,0.017
"Clec18a",0.499,0.0268936461848218,0.002,1.00433195347648,0.025,0.026
"Psmb10",0.499,0.00152679349322059,0.002,0.326749253629523,0.009,0.01
"2810404M03Rik",0.499,0.00649198869393618,0.002,0.450902654467134,0.016,0.017
"Gm35021",0.499,0.00190582112386948,0.002,0.345981309445627,0.011,0.013
"Gm45885",0.499,0.00119260527936666,0.002,0.296337785047057,0.011,0.013
"Gm44698",0.499,0.00243282136142451,0.002,0.360560477284645,0.011,0.013
"Gm45579",0.499,0.0039225775693854,0.002,0.5894962610204,0.009,0.011
"Dph2",0.499,0.00121215459625084,0.002,0.307537783253659,0.009,0.01
"Gpr63",0.499,0.00248924368692438,0.002,0.401552919055492,0.009,0.01
"Gm14393",0.499,0.00244168928085475,0.002,0.42530632990553,0.011,0.012
"2900042K21Rik",0.499,0.00194700880951286,0.002,0.304774746593892,0.011,0.012
"Chst9",0.5,0.136445680595124,0,0.669818777693813,0.105,0.106
"1110038B12Rik",0.5,0.00318551635964428,0,0.325903654284431,0.016,0.016
"Gm15965",0.5,0.0046964017111956,0,0.679843615154542,0.009,0.01
"Krt77",0.5,0.0039601427456968,0,0.606416140008768,0.013,0.013
"Ccdc184",0.5,0.00258859722599778,0,0.438120210427007,0.011,0.01
"1700001L19Rik",0.5,0.00293125614368389,0,0.33632711277513,0.016,0.017
"Gm47802",0.5,0.00427140311614652,0,0.402751452100224,0.018,0.017
"Arg2",0.5,0.0127457583719789,0,0.388605718483837,0.038,0.039
"Dact1",0.5,0.00492431947626142,0,0.504276662081793,0.013,0.013
"Egln3",0.5,0.002447501247437,0,0.310992747238723,0.011,0.011
"Trappc1",0.5,0.00625380345853164,0,0.293322626607052,0.022,0.023
"Spata48",0.5,0.00353560377643223,0,0.306987559658675,0.018,0.018
"Vmn2r87",0.5,0.0219995007817088,0,0.301100356180128,0.096,0.097
"Gm34574",0.5,0.0030933649248104,0,0.517072411108498,0.011,0.012
"Gm16105",0.5,0.000610338525581608,0,0.28795586483533,0.011,0.011
"Ybey",0.5,0.00538245975679849,0,0.279623386053074,0.025,0.025
"Bves",0.5,0.0216756300547466,0,0.635230294201279,0.033,0.034
"4930567K20Rik",0.5,0.00402893857921222,0,0.286157889245263,0.025,0.025
"Vill",0.5,0.00163267480093111,0,0.352365638373869,0.011,0.011
"Slc26a6",0.5,0.00297839596491601,0,0.39333333029213,0.011,0.011
"Gm38163",0.5,0.00487827508569582,0,0.52884870679864,0.011,0.011
"Ackr4",0.5,0.00146824197224317,0,0.317771249142601,0.013,0.012
"Pigyl",0.5,0.00519045481105352,0,0.528824777660179,0.011,0.011
"Setd6",0.5,0.0115961076650895,0,0.42905252865744,0.033,0.033
"Lsm4",0.5,0.0034439707754259,0,0.287751388606456,0.018,0.018
"A930016O22Rik",0.5,0.00261767546376073,0,0.393088905997864,0.016,0.015
"Nptx2",0.5,0.00639439292904646,0,0.282088524881593,0.029,0.03
"Gm14508",0.5,0.00663625146046655,0,0.517575737773425,0.018,0.017
"Prxl2b",0.5,0.00249338023712901,0,0.404434911864337,0.013,0.012
"9530080O11Rik",0.5,6.95898238838814e-05,0,0.276433690006561,0.009,0.01
"Gm42303",0.5,0.0550706662941545,0,0.754476293173847,0.076,0.08
"Shox2",0.5,0.00303115899821506,0,0.425624779719532,0.013,0.013
"Gm21954",0.5,0.00261877552120821,0,0.348026156578483,0.016,0.016
"Gm42609",0.5,0.00388221809881403,0,0.340278732834468,0.022,0.022
"Exd1",0.5,0.00149478500048189,0,0.266897360686835,0.013,0.012
"2810002D19Rik",0.5,0.00380578160304006,0,0.27793052956835,0.013,0.013
"Gm14033",0.5,0.000828433559530193,0,0.254160674094489,0.013,0.014
"Tex35",0.5,0.00247811723977916,0,0.476562147963604,0.011,0.011
"Cdk5r2",0.5,0.00389702010100755,0,0.37657335059138,0.016,0.016
