"","myAUC","avg_diff","power","avg_log2FC","pct.1","pct.2"
"Snhg11",0.877,0.722065685988527,0.754,1.07900465195852,1,0.805
"Meg3",0.844,0.696499577717508,0.688,1.01830919278748,1,0.902
"Grip1",0.822,1.20538770840187,0.644,1.94240304198238,0.963,0.621
"Galntl6",0.822,1.3695822790319,0.644,2.10787119620946,0.943,0.555
"Nhs",0.818,0.881042400938194,0.636,1.95247794227803,0.842,0.282
"Usp29",0.812,0.847061773965957,0.624,1.50604655632105,0.96,0.56
"Kcnip1",0.811,1.07870322792743,0.622,2.55368862514139,0.753,0.161
"Snhg14",0.798,0.58283190782723,0.596,0.921781743427064,0.996,0.742
"Cntnap2",0.793,0.840339960564466,0.586,1.24316671981821,0.996,0.798
"Dscam",0.788,0.670374560465311,0.576,1.08229503223589,0.958,0.598
"5330434G04Rik",0.781,0.65081905391165,0.562,1.22663167232982,0.926,0.598
"Cntnap4",0.781,0.994755295922072,0.562,2.29987772422428,0.739,0.247
"Ankrd55",0.78,0.752185900994928,0.56,3.0190920030653,0.637,0.102
"Elavl2",0.778,0.958282347277775,0.556,1.8954156970642,0.827,0.414
"Ank1",0.769,0.685986568221022,0.538,1.97982547974889,0.733,0.274
"A230057D06Rik",0.768,0.569268164850797,0.536,0.938100687235828,0.985,0.757
"C530008M17Rik",0.763,0.609268039355401,0.526,1.38104312400571,0.826,0.362
"Dpp6",0.763,0.626133201339932,0.526,0.971985237286087,0.993,0.729
"Ccser1",0.762,0.537927079882511,0.524,0.832513762780018,0.996,0.816
"Gria4",0.759,0.59890546095271,0.518,0.943853043532684,0.99,0.764
"Peg3",0.758,0.57421311492874,0.516,1.07067336650508,0.942,0.626
"Agbl4",0.757,0.559643918977736,0.514,0.894913524577774,0.991,0.708
"Gnas",0.757,0.64564937932961,0.514,1.33788850943268,0.866,0.489
"Camta1",0.756,0.539848332903466,0.512,0.922730305103451,0.977,0.752
"Kcnc2",0.753,0.609689636748799,0.506,1.0340051497043,0.857,0.425
"Rian",0.752,0.516514150470698,0.504,0.836350634563173,0.995,0.714
"Rmst",0.751,1.05182598259038,0.502,1.94932900321978,0.722,0.292
"A330076H08Rik",0.749,0.537314667228911,0.498,1.05853791634658,0.916,0.624
"Nova1",0.747,0.687563403866538,0.494,1.44567869774716,0.802,0.469
"6330411D24Rik",0.747,1.16319744471548,0.494,3.63201615432562,0.55,0.075
"Btbd11",0.745,0.67205234558075,0.49,1.86466633592906,0.673,0.183
"Frmd4a",0.745,0.392157402348307,0.49,0.600958669125453,0.993,0.828
"Asic2",0.742,0.870296708847519,0.484,1.32684450273496,0.938,0.756
"Rab3c",0.741,0.608628262483617,0.482,1.15181001038375,0.901,0.541
"Pcdh15",0.741,0.839124797881159,0.482,1.34820719380875,0.853,0.515
"Cep112",0.74,0.896843083479197,0.48,1.72691919186193,0.767,0.429
"Dner",0.738,0.544105989317105,0.476,1.17628753987545,0.835,0.404
"Alk",0.734,0.920343203941793,0.468,2.15574776083038,0.632,0.194
"Ccdc85a",0.733,0.513225064461982,0.466,0.947164075960159,0.913,0.579
"Scn1a",0.731,0.530647692085537,0.462,0.992746545944429,0.929,0.642
"C130073E24Rik",0.73,0.914583923053037,0.46,1.91800496091734,0.689,0.276
"Xkr6",0.729,0.493508499322092,0.458,0.923704465468596,0.929,0.564
"Kif26b",0.729,0.708114480534426,0.458,1.79070782788763,0.687,0.321
"Cplane1",0.726,0.45395261909321,0.452,0.845754542758894,0.949,0.714
"Osbpl9",0.726,0.422836336893275,0.452,0.829021644202816,0.917,0.626
"Aff2",0.725,0.636238725138345,0.45,1.36736830261555,0.784,0.431
"Rit2",0.725,0.555366323334071,0.45,1.02992822349154,0.898,0.624
"Tenm2",0.723,0.714618890855023,0.446,1.06211234519924,0.977,0.799
"Astn2",0.723,0.635434708580248,0.446,1.08160539873126,0.915,0.577
"Grb10",0.722,0.497326009591585,0.444,1.12217385381857,0.802,0.456
"Lingo2",0.722,0.614072024449453,0.444,0.924684013702187,0.951,0.685
"Fstl5",0.722,1.01042299791115,0.444,2.19195025990096,0.657,0.301
"Klhl32",0.721,0.550449605950012,0.442,1.26889702206578,0.773,0.438
"Cdh18",0.72,0.729782845897512,0.44,1.15436457965026,0.888,0.625
"Nxph1",0.72,1.06655477269276,0.44,1.79969733035824,0.663,0.267
"Cntnap5a",0.72,0.675119592987899,0.44,1.11457985637382,0.88,0.543
"Stau2",0.719,0.468785352780802,0.438,0.907475851781464,0.921,0.645
"Pclo",0.718,0.4310495879435,0.436,0.712595978393685,0.989,0.763
"B830012L14Rik",0.717,0.482428360809854,0.434,1.02028766926956,0.866,0.551
"Ahi1",0.717,0.494887896034857,0.434,0.844883870080629,0.976,0.712
"Grin3a",0.716,0.70177232000576,0.432,1.62836675451987,0.665,0.26
"Frmpd3",0.714,0.570497564181461,0.428,2.37256492706308,0.539,0.137
"Snrpn",0.71,0.549262328222496,0.42,1.39860786054864,0.706,0.382
"Cdr1os",0.709,0.442568390119706,0.418,0.716280917470768,0.989,0.726
"Osbpl6",0.708,0.470154052757781,0.416,0.908505871956892,0.9,0.627
"Parp8",0.707,0.395473756095606,0.414,0.858811399138096,0.818,0.48
"Traf3",0.707,0.475157582357459,0.414,1.21628253352858,0.731,0.383
"Mtss1",0.706,0.350553079990772,0.412,0.818055679780878,0.764,0.383
"Snap91",0.705,0.408510287237558,0.41,0.760584975512339,0.948,0.666
"Ttc3",0.704,0.363274492032557,0.408,0.589456359198521,0.988,0.835
"Cacna2d2",0.704,0.498554298958807,0.408,1.64448918999609,0.595,0.217
"Vsnl1",0.703,0.500071074352853,0.406,1.03968570591578,0.832,0.476
"Amy1",0.703,0.440080099153671,0.406,1.22324952728614,0.691,0.353
"Unc5d",0.702,0.684093902921407,0.404,1.11653680974476,0.801,0.478
"A230006K03Rik",0.702,0.482462842917187,0.404,0.858001896378276,0.895,0.585
"Gm13629",0.702,0.63125106486528,0.404,2.09732378124224,0.551,0.179
"Elavl4",0.701,0.510710613224008,0.402,1.25215852871714,0.721,0.389
"Nkain3",0.701,0.722938497201207,0.402,1.33444331532655,0.728,0.374
"Syn3",0.699,0.45327183320644,0.398,0.92207947704112,0.845,0.536
"Grid2",0.699,0.550914518328094,0.398,0.837589233229186,0.955,0.834
"Grik1",0.698,0.921931248860743,0.396,1.75504975705156,0.628,0.256
"Lhfpl3",0.698,0.331338968266268,0.396,0.542909264865989,0.887,0.611
"Sntg1",0.698,0.503727933289244,0.396,0.808574056871868,0.988,0.726
"Arhgap18",0.697,0.470263598517828,0.394,1.20631792672322,0.683,0.353
"Fam155a",0.696,0.455079098061963,0.392,0.681327121242425,1,0.759
"Rbms3",0.695,0.641617371032369,0.39,1.09265025155121,0.832,0.583
"Bend6",0.695,0.4613947350341,0.39,1.26454830572165,0.687,0.377
"Tenm3",0.692,0.71783338821675,0.384,1.16803274895473,0.882,0.652
"Tnrc6a",0.692,0.326142987516125,0.384,0.606478697450106,0.951,0.742
"Tro",0.691,0.434759409012655,0.382,1.21126527046918,0.693,0.406
"Epb41l3",0.691,0.410159513625897,0.382,0.746215550277286,0.918,0.675
"Lrfn5",0.691,0.428413179778039,0.382,0.677827720927783,0.98,0.721
"Ubap1l",0.691,0.475848685390111,0.382,2.98056230853337,0.442,0.074
"Ptchd4",0.69,0.599782137627928,0.38,1.33909230069323,0.684,0.356
"Wsb1",0.69,0.331030940412594,0.38,0.794139703929964,0.779,0.471
"Pdcd7",0.69,0.437268287556117,0.38,2.27078008189358,0.475,0.115
"Chl1",0.689,0.488136963636304,0.378,1.00611134094395,0.778,0.497
"Dpysl5",0.689,0.470158364535095,0.378,1.69627779047134,0.56,0.208
"Cacna1b",0.689,0.40888793151457,0.378,0.820185980839117,0.887,0.593
"Ece2",0.688,0.4492069728703,0.376,1.89637294584163,0.525,0.185
"Upp2",0.688,0.397261642794244,0.376,0.72131430152376,0.922,0.678
"Frmd3",0.687,0.458092983446178,0.374,1.42408240464201,0.609,0.29
"Kcnb2",0.687,0.488812770770059,0.374,0.808700608723945,0.92,0.63
"Rev3l",0.686,0.328097902323026,0.372,0.620799575495524,0.924,0.715
"Mgat4c",0.685,0.695319160437433,0.37,1.10445503410029,0.844,0.637
"Iqsec3",0.685,0.462453872498003,0.37,1.50352615369557,0.6,0.287
"Cntn6",0.685,0.521012427946589,0.37,1.06893019832466,0.742,0.428
"Ttc28",0.685,0.26457314897129,0.37,0.599205924434156,0.718,0.338
"Scn9a",0.685,0.562452511685813,0.37,2.11244452040489,0.5,0.15
"Mirg",0.684,0.410489936093803,0.368,1.15637402519783,0.687,0.4
"Rasgrf1",0.684,0.42874292117265,0.368,0.791173977256754,0.872,0.636
"Sclt1",0.684,0.382874787833184,0.368,0.782536936327181,0.873,0.638
"Htr2c",0.683,0.406606815229445,0.366,0.707327564156979,0.669,0.386
"Rab27b",0.683,0.521188198972638,0.366,1.59109583880672,0.589,0.27
"Mtus2",0.683,0.450447043499197,0.366,0.905218456410257,0.844,0.584
"Lsamp",0.682,0.371218927418363,0.364,0.542825537344721,0.998,0.914
"Garnl3",0.682,0.300276795494848,0.364,0.618519000508199,0.812,0.501
"Pdzrn4",0.68,0.513582407417595,0.36,0.923641756831363,0.789,0.485
"Rasgrf2",0.68,0.439381865855908,0.36,1.06078352749036,0.666,0.325
"Atp1a3",0.68,0.367210600473951,0.36,0.862647666941529,0.781,0.534
"Chrm2",0.68,0.816474754989966,0.36,2.01693366384948,0.542,0.211
"Rnpc3",0.68,0.343486246370404,0.36,0.796841423800752,0.781,0.501
"Mast2",0.679,0.344945697845903,0.358,0.796054610730605,0.785,0.52
"Slc24a3",0.679,0.390702678638817,0.358,0.709316188625319,0.846,0.514
"Nav1",0.678,0.29666121354327,0.356,0.622011267223244,0.836,0.538
"Zcchc18",0.677,0.391757011253204,0.354,1.13381434673541,0.662,0.383
"Ablim3",0.677,0.413724271048809,0.354,1.28935503472669,0.615,0.305
"Slc8a3",0.677,0.335234195031189,0.354,0.678574953688898,0.856,0.554
"Kcnc1",0.677,0.436314519940607,0.354,1.35438453685264,0.607,0.317
"Kcnmb2",0.677,1.0896439508045,0.354,3.27820237542123,0.436,0.101
"Pak3",0.676,0.37331972256486,0.352,0.69152428251741,0.911,0.653
"Tmem130",0.676,0.424780676860528,0.352,1.50589584124847,0.568,0.267
"Fgf12",0.675,0.372983713587659,0.35,0.572244473143095,0.996,0.777
"Pam",0.675,0.500356588249643,0.35,0.889423913318339,0.874,0.665
"Acadsb",0.674,0.344559786343098,0.348,0.930668775671905,0.693,0.404
"Ftx",0.673,0.351688696062639,0.346,0.665624393389236,0.933,0.674
"Kcnn2",0.673,0.420201066859357,0.346,0.827695977041607,0.806,0.559
"Klhdc10",0.673,0.35395000685781,0.346,0.753890396107003,0.84,0.595
"Epha10",0.673,0.436536511180704,0.346,1.42999094484605,0.577,0.274
"Rtl4",0.672,0.567397516426546,0.344,1.15942822435837,0.677,0.374
"Gprasp2",0.67,0.418784527842561,0.34,1.59552184546667,0.531,0.234
"Klhl1",0.67,0.718270352487903,0.34,2.15114705694438,0.484,0.166
"Vwc2",0.67,0.638578475133754,0.34,1.83960444577246,0.504,0.177
"Tmx4",0.67,0.331034813176571,0.34,0.839637499661569,0.718,0.451
"Grik2",0.669,0.442826637246926,0.338,0.676767223175148,0.989,0.87
"Dpysl3",0.668,0.388160215876085,0.336,1.60486118339929,0.472,0.155
"Dzip3",0.668,0.315525105241225,0.336,0.676184868113388,0.854,0.615
"Plcxd3",0.668,0.502105345117745,0.336,1.24541814879991,0.587,0.277
"Fchsd2",0.668,0.19372675439305,0.336,0.384321526473082,0.874,0.618
"Gad2",0.668,0.537862010768123,0.336,1.49616759589077,0.541,0.229
"Ankrd24",0.667,0.388724192654166,0.334,1.68493340204625,0.49,0.191
"Plcb4",0.667,0.262910419325075,0.334,0.496544000652177,0.839,0.489
"Tenm1",0.666,0.50618493958447,0.332,0.85116633875754,0.874,0.62
"Olfm3",0.666,0.515725531058868,0.332,1.02256697631876,0.685,0.403
"Tango2",0.664,0.34764524151571,0.328,0.940674704817781,0.665,0.416
"Nalcn",0.664,0.333077804292295,0.328,0.606428164679163,0.934,0.704
"Cadps",0.664,0.332565624627755,0.328,0.525159660416679,0.991,0.753
"Sgcz",0.664,0.514949460273404,0.328,0.772692638394465,0.935,0.729
"Gmds",0.663,0.263209826494441,0.326,0.524969012668531,0.861,0.623
"Vat1l",0.663,0.316652562414018,0.326,0.859993366839441,0.576,0.262
"Zranb2",0.663,0.311554603291747,0.326,0.58739119270139,0.932,0.723
"Pde4d",0.662,0.31139230696495,0.324,0.479913561361089,0.991,0.768
"Kif5c",0.662,0.326303972384491,0.324,0.682402823312887,0.858,0.61
"Atp8a2",0.661,0.315191141241247,0.322,0.596490830719656,0.892,0.636
"Wwox",0.661,0.279113133826211,0.322,0.477307831909874,0.92,0.728
"Gm45323",0.661,0.58425207740857,0.322,1.97823736611228,0.459,0.151
"Tshz2",0.661,0.422300726055605,0.322,0.867304432292103,0.586,0.264
"Trpc5",0.66,0.556356072782288,0.32,1.52533786622637,0.54,0.253
"Gprasp1",0.66,0.301526373808738,0.32,0.601394123732851,0.886,0.673
"Gabra3",0.66,0.369961591833582,0.32,1.06552019541888,0.623,0.335
"Lin28b",0.66,0.38565816033009,0.32,1.07039786244929,0.654,0.393
"Zfp618",0.66,0.398339528765549,0.32,1.619848139696,0.483,0.19
"Pkia",0.66,0.330263315737456,0.32,0.761917967140955,0.771,0.518
"Supt3",0.659,0.271705278976652,0.318,0.648743032647538,0.721,0.46
"Evl",0.659,0.317276044709745,0.318,0.783477110732281,0.742,0.495
"Smyd3",0.659,0.293177895740571,0.318,0.498176674199144,0.957,0.781
"Bicd1",0.657,0.291536658697148,0.314,0.555097983806883,0.929,0.7
"Galnt13",0.657,0.360902921111675,0.314,0.605285353677152,0.923,0.681
"Slc35f1",0.656,0.323291660623343,0.312,0.548775690869836,0.922,0.659
"Stmn2",0.656,0.337772657730242,0.312,0.981127482429867,0.626,0.347
"Gap43",0.655,0.394140209206519,0.31,0.948162258273575,0.693,0.453
"Samd4",0.655,0.147605955526757,0.31,0.334809015804084,0.71,0.403
"Hs3st5",0.655,0.532198060536732,0.31,1.15857222954166,0.636,0.384
"Tox2",0.655,0.370930790393354,0.31,1.52935778397794,0.465,0.172
"1700025G04Rik",0.655,0.28552552819323,0.31,0.652373681948439,0.755,0.506
"Fhod3",0.654,0.298581680393048,0.308,0.694706678314622,0.708,0.388
"Gm10125",0.654,0.332581119613781,0.308,0.883956889688557,0.649,0.385
"Vwa5b2",0.654,0.373221107137126,0.308,1.55838399776369,0.493,0.225
"Eml6",0.654,0.304111323149177,0.308,0.544415987059902,0.947,0.75
"Rgs17",0.654,0.348444764821365,0.308,0.817052461570677,0.727,0.484
"Dnajc6",0.654,0.260762284564386,0.308,0.487156485969318,0.909,0.675
"Prepl",0.653,0.295654008752087,0.306,0.817117699759875,0.683,0.437
"Mycbp2",0.653,0.221071608661507,0.306,0.35167341939423,0.995,0.91
"A330102I10Rik",0.653,0.435786664596041,0.306,1.32742502681034,0.562,0.315
"Nap1l5",0.653,0.363344248374859,0.306,1.23654361319183,0.534,0.265
"Dync1i1",0.653,0.3271094302824,0.306,0.597732475860623,0.909,0.665
"Sdk1",0.653,0.509340857690508,0.306,0.99667222149303,0.604,0.334
"Vwa8",0.652,0.275067068388146,0.304,0.581145489347912,0.828,0.61
"Cntnap5b",0.652,0.617462720730518,0.304,1.16923840501821,0.681,0.464
"Slc38a1",0.651,0.283006395240414,0.302,0.771082530378188,0.649,0.396
"Gng2",0.651,0.326622308147684,0.302,0.864581589107395,0.651,0.381
"Cox16",0.651,0.276115241044305,0.302,0.525612850419967,0.9,0.696
"Map2k4",0.651,0.281872574618778,0.302,0.558667947320336,0.88,0.657
"Zfhx3",0.651,0.636092395233655,0.302,1.10142801171452,0.683,0.463
"Ksr2",0.65,0.315816256818222,0.3,0.629700028362654,0.874,0.621
"Pcdh7",0.65,0.43555942745806,0.3,0.685446374961463,0.911,0.739
"A530058N18Rik",0.65,0.382992805092727,0.3,2.67355186379723,0.365,0.077
"Lrrtm4",0.649,0.379598099944309,0.298,0.564998135417985,0.96,0.762
"Kctd8",0.649,0.375632628800958,0.298,0.770772258290097,0.588,0.283
"Dzank1",0.649,0.336228796854996,0.298,0.838290756192163,0.719,0.491
"Xkr4",0.649,0.302657526647655,0.298,0.471342971959337,0.992,0.795
"Gpc6",0.648,0.551814381400234,0.296,0.920579011150627,0.728,0.487
"Ube3a",0.648,0.272252957884091,0.296,0.517712817419715,0.923,0.722
"Scg5",0.648,0.294503795206479,0.296,0.723496936696274,0.739,0.514
"Tcerg1l",0.647,0.483163612562856,0.294,2.07337980415467,0.395,0.112
"Chd5",0.647,0.310977871090718,0.294,1.01318754415894,0.598,0.347
"Ptprn2",0.646,0.293239538014399,0.292,0.472343859129158,0.993,0.739
"Nrxn3",0.646,0.425703442683613,0.292,0.625365945803581,0.97,0.848
"Kif5a",0.646,0.300145587934561,0.292,0.810312679512775,0.674,0.441
"Srgap3",0.646,0.268361513306543,0.292,0.48449589355911,0.926,0.719
"Plxna4",0.646,0.267428751235613,0.292,0.482478401523065,0.883,0.642
"Adam22",0.646,0.2717722626817,0.292,0.488800091705204,0.94,0.749
"Ralgapa2",0.646,0.269671222935729,0.292,0.499683486969329,0.916,0.706
"Vwc2l",0.646,0.510488169477576,0.292,1.35857789714061,0.469,0.186
"Map2",0.646,0.266305498374033,0.292,0.441336365720257,0.98,0.801
"9630014M24Rik",0.645,0.452487751638617,0.29,1.45346036228853,0.47,0.202
"Slc35f4",0.645,0.368965409020414,0.29,0.751494763065045,0.713,0.451
"Gabrg3",0.645,0.387006724177658,0.29,0.62156132253745,0.883,0.642
"Zfyve9",0.645,0.261956980570278,0.29,0.548347915841075,0.849,0.632
"Sec24b",0.645,0.257113115967533,0.29,0.5946673970015,0.769,0.557
"Brinp3",0.645,0.341154737539663,0.29,0.575570711368417,0.828,0.576
"Grid1",0.644,0.346874997342812,0.288,0.576501304711039,0.951,0.732
"Mdn1",0.644,0.259284030647165,0.288,0.63317482745587,0.748,0.521
"Epb41l1",0.644,0.270903614421484,0.288,0.62368873812622,0.767,0.53
"Esrrg",0.644,0.408682128491151,0.288,0.76240011309616,0.786,0.562
"Thsd7b",0.644,0.516419317470369,0.288,1.00191092289252,0.59,0.314
"Nexmif",0.643,0.370010720281952,0.286,0.958403858440893,0.636,0.401
"Mdga2",0.643,0.252394562581235,0.286,0.377904683805357,0.998,0.903
"Hmgcll1",0.643,0.303651860943138,0.286,0.704659568563459,0.758,0.523
"Glra3",0.643,0.494380810024833,0.286,2.03524387991027,0.391,0.116
"Map7d2",0.642,0.303920012446864,0.284,0.791495824287913,0.692,0.47
"Nipal2",0.642,0.318105699712865,0.284,0.899968752906057,0.613,0.363
"Dzip1",0.641,0.303952470349179,0.282,0.908491626122066,0.596,0.372
"Inpp4b",0.641,0.260593975275543,0.282,0.431977236876734,0.797,0.516
"Dennd5b",0.641,0.238554938925702,0.282,0.529206927547821,0.802,0.583
"E230016M11Rik",0.641,0.301067740617043,0.282,1.0337577542174,0.52,0.262
"Hspa4l",0.641,0.280912197969486,0.282,0.779842787995285,0.646,0.415
"Cdh4",0.641,0.519518654284951,0.282,1.18570432800581,0.594,0.35
"A330023F24Rik",0.641,0.261175287036989,0.282,0.479124945014008,0.936,0.739
"Uggt2",0.64,0.271912288092808,0.28,0.640580774714342,0.758,0.542
"Ppfia2",0.64,0.208956313336738,0.28,0.349448802938511,0.973,0.723
"Arfgef3",0.64,0.286614559997412,0.28,0.633328026234986,0.819,0.581
"Cacna1a",0.64,0.276531435058022,0.28,0.474642948288797,0.957,0.717
"Kcnq1ot1",0.64,0.249038643544376,0.28,0.425994051528901,0.965,0.787
"Ankrd44",0.64,0.148280066034359,0.28,0.408430679900741,0.541,0.256
"Klf12",0.639,0.252038484581519,0.278,0.436974647365868,0.919,0.74
"Nrg3",0.639,0.328792802148567,0.278,0.485366079196313,0.996,0.809
"Mblac2",0.639,0.30338132137743,0.278,0.863996882463515,0.619,0.402
"Ntm",0.639,0.204306252534542,0.278,0.310143223755533,0.961,0.774
"Cers4",0.639,0.281826460565587,0.278,0.802462536097567,0.634,0.399
"Jazf1",0.639,0.305104194884215,0.278,0.594966757108635,0.872,0.633
"Slit2",0.639,0.548034748633224,0.278,1.16450552692314,0.545,0.302
"Gm16083",0.639,0.367392500074645,0.278,1.65003545918603,0.396,0.131
"Srrm2",0.638,0.206854167961455,0.276,0.344470688548226,0.984,0.876
"Atp1b1",0.638,0.240142007373361,0.276,0.508819656142688,0.818,0.606
"Tmem255a",0.637,0.380725792346961,0.274,2.12233391680838,0.358,0.089
"Pip5k1b",0.637,0.167259341847781,0.274,0.425008471252412,0.585,0.315
"Hecw1",0.637,0.258926541727429,0.274,0.476171265913372,0.928,0.633
"Abca5",0.637,0.287350630867527,0.274,0.819242163187812,0.631,0.401
"Myo16",0.637,0.405567822743948,0.274,1.0065427713345,0.584,0.341
"Lmbr1",0.637,0.250419934240489,0.274,0.652966951511916,0.681,0.45
"Zfp804b",0.637,0.70337089419679,0.274,1.19476915694056,0.589,0.353
"Lrp8",0.637,0.292631824301667,0.274,1.00959141350517,0.543,0.307
"Dab1",0.637,0.283738604564056,0.274,0.441725267316845,0.934,0.697
"Dock7",0.637,0.24878069265386,0.274,0.51665672023831,0.853,0.625
"Slc44a5",0.637,0.571434094192319,0.274,1.60254814966601,0.505,0.268
"Dclk2",0.637,0.253667654596357,0.274,0.586733402966324,0.756,0.532
"Nyap2",0.637,0.382614040945846,0.274,0.786621653013643,0.786,0.544
"Cstf2",0.636,0.295408103685555,0.272,0.934823976176433,0.582,0.364
"Podxl2",0.636,0.324463463529616,0.272,1.69750209124764,0.397,0.142
"Med12l",0.636,0.269402043128649,0.272,0.521027271428676,0.877,0.675
"Dtd1",0.636,0.274968576845118,0.272,0.677698277059315,0.704,0.489
"Fbn1",0.636,0.308102787230041,0.272,1.37757012161371,0.412,0.148
"Nbeal1",0.636,0.211082763956598,0.272,0.448532703401809,0.807,0.612
"Prkn",0.635,0.257854531589806,0.27,0.415078777670404,0.978,0.875
"Slc4a7",0.635,0.262787862258269,0.27,0.777849407089076,0.598,0.368
"Rnf157",0.635,0.276749828543146,0.27,0.757587060828235,0.653,0.454
"Ralyl",0.635,0.397428155706582,0.27,0.615558467569539,0.952,0.752
"E130307A14Rik",0.634,0.23438050627469,0.268,0.48488847137044,0.823,0.625
"Dync2h1",0.634,0.253873191967209,0.268,0.542974761572682,0.806,0.602
"Nell1",0.634,0.328841277021494,0.268,0.59574648891789,0.661,0.393
"Zmynd8",0.634,0.203992663835199,0.268,0.395652981792253,0.886,0.706
"Trp53bp1",0.634,0.253452980223384,0.268,0.641074087677204,0.709,0.5
"Scn3a",0.634,0.318407696066084,0.268,0.715331861707169,0.752,0.55
"Dcx",0.633,0.291598126399708,0.266,0.905212232239136,0.574,0.33
"Celf4",0.633,0.260457015891325,0.266,0.442074037127926,0.936,0.665
"Greb1l",0.633,0.403584497575319,0.266,1.2056105074517,0.513,0.269
"Nek1",0.633,0.228811795243398,0.266,0.524729835491439,0.767,0.553
"Gm45341",0.633,0.507770853170072,0.266,2.23542375603778,0.362,0.108
"Erbb4",0.633,0.751874379717524,0.266,1.16248315507921,0.709,0.523
"Unc80",0.633,0.271222648763747,0.266,0.465134145511139,0.968,0.706
"Gabrg2",0.632,0.265460975680963,0.264,0.62971249589598,0.721,0.507
"Gm48893",0.632,0.329195461579785,0.264,1.4323278448805,0.436,0.193
"Ctnna2",0.632,0.297318185396914,0.264,0.448524421563428,0.994,0.857
"Adar",0.632,0.27452492257465,0.264,0.702399882672618,0.698,0.496
"Kif1a",0.632,0.23501805622911,0.264,0.500500264042783,0.831,0.629
"Gm40841",0.631,0.322837630774826,0.262,0.924274564957391,0.595,0.382
"Tmem91",0.631,0.321219312890266,0.262,1.50040553463876,0.415,0.169
"Ica1",0.631,0.260080490882949,0.262,0.524591419453832,0.868,0.63
"Epha5",0.631,0.323667624032541,0.262,0.552674863142132,0.864,0.649
"Htr4",0.63,0.286277434645427,0.26,0.892070679107699,0.459,0.192
"Ptprr",0.63,0.306038373503918,0.26,0.720225566562442,0.691,0.477
"Pde3b",0.63,0.125035703913474,0.26,0.337336301991403,0.604,0.382
"Clip1",0.63,0.21527852531335,0.26,0.492085285205603,0.783,0.569
"Rundc3b",0.63,0.261098499697201,0.26,0.671036982976452,0.694,0.482
"Pcdh19",0.629,0.349990025306397,0.258,1.1315582418634,0.47,0.226
"Prr16",0.629,0.383098570315579,0.258,0.757128247928246,0.627,0.393
"Gm17276",0.629,0.279023936339322,0.258,1.14140827809516,0.46,0.227
"Adcy8",0.629,0.28247876113742,0.258,0.622869066545396,0.653,0.384
"Gabra1",0.629,0.349345233532211,0.258,0.958922427158988,0.588,0.389
"Ncoa7",0.629,0.241604743958276,0.258,0.532056590577416,0.795,0.584
"Zfp612",0.629,0.282290492842771,0.258,1.13199801114301,0.473,0.241
"Zfp398",0.629,0.252966244803641,0.258,0.779455757679822,0.573,0.364
"Zfhx4",0.629,0.447510778154215,0.258,1.00233716785395,0.58,0.389
"Cep170",0.629,0.209606305696481,0.258,0.487086966142248,0.747,0.557
"Baiap3",0.628,0.409861351117699,0.256,2.2678902490047,0.324,0.074
"Tmem108",0.628,0.227976994007056,0.256,0.441723473212722,0.768,0.47
"Arhgap24",0.628,0.299812899951085,0.256,0.774958319874545,0.477,0.221
"Zfp704",0.628,0.176147246153342,0.256,0.398765954640609,0.75,0.544
"Gad1",0.628,0.408939152158655,0.256,1.33304246825293,0.446,0.202
"Rims2",0.627,0.212717775324526,0.254,0.335938462117023,0.993,0.785
"Gaa",0.627,0.261222153668403,0.254,1.1729152235392,0.423,0.185
"Sgcd",0.627,0.411180455873921,0.254,0.678547052063424,0.771,0.569
"Nktr",0.627,0.209976124772105,0.254,0.393087431405091,0.932,0.758
"Col11a1",0.627,0.524302071988894,0.254,1.99674433162431,0.345,0.095
"Khdrbs2",0.627,0.384206543068619,0.254,0.701684264390637,0.75,0.543
"Camk2d",0.626,0.20290018126979,0.252,0.380503000079493,0.853,0.55
"Csrnp3",0.626,0.2365884385806,0.252,0.443032171358409,0.908,0.683
"Slc9a7",0.625,0.247764210472958,0.25,0.656678382989023,0.679,0.468
"Map1b",0.625,0.224060185168958,0.25,0.397391582064814,0.945,0.701
"Ccdc82",0.625,0.227240002185202,0.25,0.888736513938193,0.449,0.211
"Ptpro",0.625,0.356506966771059,0.25,0.995475033958376,0.523,0.29
"Arhgef11",0.625,0.175557753527998,0.25,0.435434483916789,0.702,0.477
"Nf1",0.624,0.162537729784486,0.248,0.294287519930949,0.934,0.793
"Kmt2a",0.624,0.215329596084166,0.248,0.406226985016881,0.913,0.753
"Msantd2",0.624,0.181055792554684,0.248,0.523086858775001,0.609,0.393
"A330008L17Rik",0.624,0.548602931020611,0.248,1.22977270387896,0.529,0.323
"St8sia1",0.624,0.293064076378203,0.248,1.11488110558561,0.479,0.262
"Ephb2",0.624,0.267838303278445,0.248,1.13784809940787,0.436,0.205
"Sgip1",0.624,0.206798266958795,0.248,0.343989347126834,0.981,0.796
"Cdh7",0.624,0.410402628545167,0.248,1.20298879316492,0.506,0.29
"Ctif",0.623,0.169949453614091,0.246,0.376515485072475,0.773,0.55
"Afdn",0.623,0.171616097600381,0.246,0.347146470068884,0.851,0.65
"Gas2",0.623,0.250088739418983,0.246,0.813747730948515,0.539,0.307
"Epb41l4b",0.623,0.225920210650437,0.246,0.533464265546103,0.691,0.465
"Pld5",0.623,0.511507373764458,0.246,1.27982211186162,0.447,0.218
"Cacng2",0.622,0.268146271683636,0.244,0.828024350129223,0.571,0.375
"Insyn2b",0.622,0.326909624139737,0.244,1.74716473482073,0.329,0.088
"Slc6a15",0.622,0.302655733007859,0.244,1.2007532128646,0.457,0.242
"Samd5",0.622,0.265074425449231,0.244,0.577879523462638,0.659,0.416
"Olfm2",0.622,0.250954808245313,0.244,0.975086202233005,0.452,0.22
"Cntn5",0.622,0.36660335138385,0.244,0.561948978549763,0.862,0.654
"Mast1",0.622,0.293657440534988,0.244,1.51821471695747,0.401,0.182
"Zkscan16",0.622,0.308216962869653,0.244,1.1419538089019,0.482,0.278
"Lrrc4c",0.622,0.319973025805412,0.244,0.479225765391472,0.978,0.887
"Enah",0.622,0.172726943893164,0.244,0.325161597704988,0.892,0.683
"Plekha6",0.622,0.23783890980319,0.244,0.569332274165333,0.727,0.522
"Clvs2",0.621,0.282006102422625,0.242,0.852661429686373,0.582,0.393
"Cfap46",0.621,0.26257886280583,0.242,1.603184149551,0.313,0.075
"St7",0.621,0.226523680794877,0.242,0.497810432704201,0.796,0.597
"Stxbp1",0.621,0.241354934875557,0.242,0.574769068098829,0.726,0.543
"Dock11",0.62,0.238152169003475,0.24,0.839973302518694,0.425,0.18
"Impact",0.62,0.207506169601765,0.24,0.51153759702888,0.708,0.526
"Tmem131l",0.62,0.264646155828063,0.24,0.887249457825474,0.504,0.294
"4932438A13Rik",0.62,0.191206463697726,0.24,0.370186942597072,0.9,0.728
"Pdss1",0.62,0.240536160885722,0.24,0.797501085238903,0.538,0.338
"Hcn1",0.619,0.367685115803118,0.238,0.686735394761948,0.714,0.487
"Lgals8",0.619,0.21740987116508,0.238,0.995589297428497,0.409,0.184
"Arhgap44",0.619,0.212487625631056,0.238,0.481393460210762,0.77,0.549
"N4bp2",0.619,0.265369436391207,0.238,1.0806340319613,0.418,0.187
"Mfn1",0.619,0.165496087556342,0.238,0.429471700720156,0.657,0.455
"Dip2c",0.618,0.210681496575964,0.236,0.34853564415828,0.984,0.828
"Car10",0.618,0.310612770483877,0.236,0.512048612396805,0.769,0.553
"Zdhhc2",0.618,0.287301123869329,0.236,0.875026058512733,0.545,0.344
"Sgsm1",0.618,0.247664870086925,0.236,0.74955999027899,0.596,0.396
"Csmd2",0.618,0.208857390465526,0.236,0.394286291309168,0.838,0.615
"Scn2a",0.618,0.234138602693746,0.236,0.428565296337552,0.928,0.695
"Amph",0.617,0.190394497879671,0.234,0.369969956966195,0.878,0.656
"Bckdhb",0.617,0.195173850506788,0.234,0.503074824562735,0.625,0.45
"Usp33",0.617,0.188036190071374,0.234,0.467295864176373,0.708,0.524
"Setx",0.617,0.192442107190206,0.234,0.517057008449631,0.647,0.458
"Fhl1",0.616,0.242961363526492,0.232,0.9524433686205,0.448,0.237
"Ptprs",0.616,0.224494586893606,0.232,0.474039905958536,0.823,0.619
"Sod2",0.616,0.240680953128196,0.232,0.80680195604746,0.54,0.35
"Tafa2",0.616,0.233201895263438,0.232,0.403389378604154,0.677,0.47
"Gm9801",0.616,0.237857451703564,0.232,0.623488236419894,0.678,0.491
"Glrb",0.616,0.200448616494063,0.232,0.502682155910481,0.684,0.491
"Slc12a5",0.616,0.250036615552967,0.232,0.655832840967463,0.674,0.492
"Casc4",0.616,0.209357405662345,0.232,0.477179124052481,0.77,0.574
"Apex2",0.615,0.242238241471735,0.23,0.642585534387218,0.645,0.468
"Airn",0.615,0.213305026446144,0.23,0.759490480470147,0.349,0.122
"Robo2",0.615,0.36318848177829,0.23,0.598817760284229,0.853,0.655
"Cdh12",0.615,0.316473941359684,0.23,0.574795940403004,0.711,0.506
"Phlpp2",0.615,0.231471019805265,0.23,0.730304622690467,0.552,0.357
"Tbc1d9",0.615,0.143964278158247,0.23,0.490818570843579,0.498,0.29
"Gm32647",0.615,0.637125530922291,0.23,1.21838204659278,0.448,0.241
"Copg2",0.615,0.227063928294092,0.23,0.58207469030791,0.657,0.474
"Tut4",0.615,0.193702973632768,0.23,0.408838267527764,0.823,0.644
"Focad",0.615,0.227045526405106,0.23,0.444297992881018,0.832,0.655
"Abhd18",0.615,0.19830273855498,0.23,0.540895255168361,0.645,0.449
"Disp2",0.615,0.275410833672815,0.23,1.19975756738518,0.432,0.229
"Zfp804a",0.615,0.312224180017669,0.23,0.555981357875539,0.738,0.52
"Scg2",0.615,0.312495204525013,0.23,1.45167274504498,0.363,0.142
"Sacs",0.614,0.268152484296574,0.228,0.770110960469848,0.594,0.423
"Mipol1",0.614,0.221193954865538,0.228,0.780400794950444,0.475,0.268
"Zmat4",0.614,0.232511813373346,0.228,0.451971763653727,0.656,0.451
"Rufy3",0.614,0.174722837549194,0.228,0.369149831119001,0.826,0.645
"Taz",0.613,0.194531477013243,0.226,0.693364367951693,0.505,0.309
"Ide",0.613,0.188603996298664,0.226,0.5289483869392,0.607,0.423
"Rtn3",0.613,0.192258834285473,0.226,0.336046766872831,0.96,0.8
"Sncaip",0.613,0.259679863727176,0.226,0.785575227689318,0.482,0.263
"Ranbp17",0.613,0.222777412750783,0.226,0.584158234317179,0.635,0.435
"Eea1",0.613,0.144481496684693,0.226,0.394811568751748,0.621,0.429
"Zwint",0.613,0.222215050106809,0.226,0.605484016633341,0.64,0.455
"Grik4",0.613,0.245367721237798,0.226,0.584223346482543,0.625,0.418
"4933406I18Rik",0.613,0.184186489698788,0.226,0.463889223702542,0.653,0.451
"Clstn3",0.613,0.243307268758569,0.226,0.754527929164133,0.568,0.379
"Scmh1",0.613,0.165275289019595,0.226,0.335316941993406,0.858,0.681
"Dpm1",0.613,0.170900604191756,0.226,0.425981583195505,0.709,0.526
"Eif2ak4",0.613,0.181684438459638,0.226,0.582235509909559,0.542,0.348
"Astn1",0.613,0.21603997661843,0.226,0.393920309164319,0.933,0.722
"Nol4",0.612,0.190163507295568,0.224,0.358294896701723,0.885,0.668
"Basp1",0.612,0.175547910785118,0.224,0.411447721507637,0.712,0.494
"Pxk",0.612,0.175609638489819,0.224,0.535305352305128,0.569,0.386
"Pitpnm3",0.612,0.233221663044051,0.224,0.782193483790229,0.517,0.315
"Letm2",0.612,0.202498151710559,0.224,0.7526409884378,0.48,0.276
"Flt3",0.612,0.284576078499311,0.224,1.82851591429563,0.324,0.111
"Miat",0.612,0.227089239300861,0.224,0.620052168077972,0.623,0.41
"St8sia4",0.612,0.231948751892193,0.224,0.953163051715428,0.367,0.151
"Lrpprc",0.611,0.180646033491924,0.222,0.467185826608297,0.666,0.502
"Gm38393",0.611,0.21949781924981,0.222,0.742328780123784,0.549,0.37
"Grin2d",0.611,0.259870362071491,0.222,1.9837613755888,0.297,0.082
"Ndst4",0.611,0.498859416251384,0.222,1.79465404712386,0.325,0.106
"Sms",0.61,0.254152722045559,0.22,0.91791469167108,0.488,0.306
"Rragb",0.61,0.24257943551676,0.22,0.887838715307222,0.481,0.285
"Pkd1",0.61,0.172737907189004,0.22,0.428383100739852,0.713,0.536
"Robo1",0.61,0.208602015593181,0.22,0.32003707133377,0.914,0.791
"Akap6",0.61,0.192628228614209,0.22,0.316455408168305,0.98,0.827
"Rufy2",0.61,0.195925780374642,0.22,0.489889838621038,0.711,0.527
"Elavl3",0.61,0.163773481398818,0.22,0.362446043867503,0.772,0.586
"Cdh13",0.61,0.338502747593419,0.22,0.610334404750889,0.682,0.486
"Wdfy3",0.61,0.144287957327333,0.22,0.270619705737934,0.918,0.751
"Sv2a",0.61,0.204549564501205,0.22,0.680739596212768,0.517,0.332
"Acbd6",0.61,0.179468053636392,0.22,0.434010736961597,0.727,0.536
"Il1rapl2",0.609,0.955503776665853,0.218,1.73438789507621,0.425,0.233
"Hs6st2",0.609,0.282888318429938,0.218,0.636923180137518,0.646,0.473
"Rnf180",0.609,0.188811472860921,0.218,0.536322679868469,0.568,0.377
"Cdc14b",0.609,0.204403129510506,0.218,0.62987176231584,0.54,0.354
"Gkap1",0.609,0.130421561664177,0.218,0.429677156499545,0.492,0.28
"Lrrfip2",0.609,0.166184193198228,0.218,0.425390829388164,0.67,0.481
"Ubash3b",0.609,0.173406006354686,0.218,0.454238611012671,0.477,0.248
"Opcml",0.609,0.253135117894335,0.218,0.380166915178451,0.977,0.802
"Mtmr7",0.609,0.227270496463717,0.218,0.656002678468367,0.609,0.434
"Slco3a1",0.609,0.158242846186006,0.218,0.349823261155581,0.696,0.516
"Grip2",0.609,0.272349492342198,0.218,2.13686829335125,0.295,0.087
"Cxxc4",0.609,0.255601653944099,0.218,0.992626079596708,0.449,0.249
"Ndst3",0.609,0.266724595237753,0.218,0.690631388042216,0.515,0.303
"Sars",0.609,0.215166125122378,0.218,0.766294608473598,0.496,0.313
"Pde7a",0.609,0.176551168864743,0.218,0.464498501258225,0.654,0.471
"Tcp11l1",0.609,0.199988191094477,0.218,0.641398516149266,0.523,0.333
"Clasp1",0.609,0.17589496644756,0.218,0.358030968944623,0.863,0.681
"Apba1",0.608,0.20067386261134,0.216,0.369020828262117,0.87,0.683
"Cntnap5c",0.608,0.527367732296201,0.216,1.19098991799665,0.501,0.318
"Carmil1",0.608,0.127551308578661,0.216,0.272228748747908,0.748,0.573
"Crppa",0.608,0.172007179751011,0.216,0.47226955780697,0.571,0.373
"Cep70",0.608,0.187493377172465,0.216,0.512669072289332,0.63,0.459
"Resp18",0.608,0.247562643143447,0.216,1.60031825690204,0.316,0.109
"Prkg1",0.607,0.256260373156768,0.214,0.405568415023458,0.819,0.637
"2700054A10Rik",0.607,0.227853309404234,0.214,0.966451916101103,0.401,0.199
"Tecr",0.607,0.181475786177345,0.214,0.580278526492656,0.547,0.364
"Tia1",0.607,0.177440497782299,0.214,0.366659871391416,0.858,0.685
"Lcorl",0.607,0.141488708321832,0.214,0.308013039162512,0.717,0.504
"Gm7854",0.607,0.327961683408889,0.214,1.57640241092354,0.36,0.164
"Magi3",0.607,0.191941175438492,0.214,0.438984138413566,0.707,0.507
"Hjurp",0.607,0.19576302292816,0.214,0.734801851562646,0.461,0.264
"Apc",0.606,0.15327707353718,0.212,0.267214585949467,0.949,0.833
"Flywch1",0.606,0.22044335257535,0.212,0.793628156156285,0.491,0.314
"Lrrc3b",0.606,0.301763063967832,0.212,0.980588338691042,0.479,0.308
"Timp2",0.606,0.171105543520717,0.212,0.679962406383589,0.418,0.217
"Helz",0.606,0.172414342956824,0.212,0.385288897133085,0.769,0.597
"Stat5b",0.606,0.139770638977074,0.212,0.427049474213906,0.521,0.322
"Spock2",0.606,0.153023496871866,0.212,0.421558608050188,0.633,0.453
"Sacm1l",0.606,0.161771904798024,0.212,0.429627938924994,0.653,0.477
"Igdcc4",0.606,0.226697736305245,0.212,1.19280837553892,0.338,0.13
"Dlat",0.606,0.188470103257381,0.212,0.648128533271416,0.511,0.321
"N4bp2l1",0.606,0.185714902185287,0.212,0.564502266725631,0.575,0.39
"Hectd4",0.606,0.178657726480649,0.212,0.377770107253681,0.844,0.646
"Gabrg1",0.606,0.329859662888002,0.212,1.47520093488436,0.329,0.122
"Nsd2",0.606,0.163940142736724,0.212,0.373787724890127,0.759,0.587
"Sfmbt2",0.606,0.32317909731265,0.212,1.62999142623044,0.32,0.114
"Apoo",0.605,0.209514518544071,0.21,0.838687925724974,0.454,0.271
"Ddx24",0.605,0.175599423728543,0.21,0.558293148557758,0.547,0.371
"Cep290",0.605,0.169068401779031,0.21,0.533902020899035,0.539,0.354
"Gm26691",0.605,0.21343408533552,0.21,0.501155027067957,0.646,0.441
"Sptan1",0.605,0.182549656673669,0.21,0.364839771946668,0.856,0.67
"Optn",0.605,0.182221015867856,0.21,1.0132022701046,0.334,0.129
"Gpr45",0.605,0.250014524580539,0.21,0.759067199795354,0.554,0.376
"Lonrf2",0.605,0.206783476053722,0.21,0.641489883858349,0.571,0.399
"Nrxn2",0.604,0.15635872518257,0.208,0.399690751029985,0.67,0.493
"Iqcb1",0.604,0.19040469133587,0.208,0.62605945047316,0.521,0.343
"Spata7",0.604,0.19886335451775,0.208,0.624622073478051,0.555,0.389
"Myh10",0.604,0.192131872974254,0.208,0.459073631123908,0.718,0.545
"Zfp423",0.604,0.149280977956163,0.208,0.490569598791949,0.458,0.233
"Tra2a",0.604,0.146592113120494,0.208,0.287298397849954,0.888,0.741
"Usp45",0.604,0.181888285574231,0.208,0.516380021058755,0.606,0.439
"Susd4",0.604,0.202155196455408,0.208,0.480023930120199,0.707,0.526
"Pnkd",0.604,0.203089341511203,0.208,0.828636196247686,0.433,0.248
"Spats2l",0.604,0.252544697743631,0.208,0.691110689985331,0.553,0.37
"Prune2",0.603,0.204724638043733,0.206,0.655234789993068,0.505,0.333
"Kcnk10",0.603,0.272408854292734,0.206,0.953090055515351,0.453,0.271
"Ankfn1",0.603,0.39206672824214,0.206,1.12182257685605,0.357,0.15
"Coro6",0.603,0.262051200436116,0.206,2.03461634256185,0.285,0.088
"Ubn2",0.603,0.156632448289215,0.206,0.280765477285211,0.945,0.816
"Ubr4",0.603,0.149119554276277,0.206,0.431270465143979,0.598,0.432
"Elovl6",0.603,0.163037852778754,0.206,0.402620749252954,0.666,0.495
"Slc7a14",0.603,0.190612489675358,0.206,0.470950662765998,0.653,0.472
"Myef2",0.603,0.180289143634098,0.206,0.444063402780411,0.705,0.539
"Rnf152",0.603,0.179811014170292,0.206,0.713964318968184,0.38,0.167
"Dcc",0.602,0.268812042370814,0.204,0.416106149007208,0.884,0.721
"Arhgap12",0.602,0.0955026301649472,0.204,0.273959474372476,0.567,0.36
"Fam120b",0.602,0.161855262746321,0.204,0.438412526196865,0.643,0.46
"Dlg5",0.602,0.143382712036917,0.204,0.53846418267086,0.454,0.258
"Tmem196",0.602,0.26726570661892,0.204,1.09410514776459,0.372,0.178
"Vstm2a",0.602,0.298528638025818,0.204,1.13062774688782,0.418,0.241
"Lrrc49",0.602,0.166223106668202,0.204,0.402285960611372,0.715,0.528
"Acat1",0.602,0.184754062406578,0.204,0.598831941132797,0.537,0.368
"Cep164",0.602,0.193430689845859,0.204,0.696410464086925,0.476,0.304
"Rp9",0.602,0.198810515394849,0.204,0.727393304168441,0.474,0.295
"Hacd1",0.602,0.226873704134958,0.204,0.810056072919814,0.479,0.303
"Kifap3",0.602,0.182988887211755,0.204,0.390949190086911,0.806,0.642
"Atp13a3",0.601,0.153749821950877,0.202,0.418265785415344,0.614,0.446
"Simc1",0.601,0.182343371425039,0.202,0.669872061229804,0.457,0.274
"Smc6",0.601,0.137695525751221,0.202,0.382742062977299,0.589,0.418
"Usp34",0.601,0.15897381518246,0.202,0.276548487890159,0.965,0.836
"Ppp1r14c",0.601,0.189905993218282,0.202,0.660180831949212,0.457,0.274
"Prkar1b",0.601,0.209072505400734,0.202,0.626472551712681,0.577,0.412
"Uba6",0.601,0.190547476092206,0.202,0.614986233375992,0.532,0.361
"Akap9",0.601,0.125241936018323,0.202,0.25209114171954,0.867,0.685
"Lrrcc1",0.601,0.186950568672308,0.202,0.652002612528475,0.494,0.32
"Tasp1",0.601,0.169128535932404,0.202,0.396152102483247,0.73,0.569
"Lypd6b",0.601,0.278500456639221,0.202,1.32520821683424,0.289,0.086
"Eprs",0.601,0.136064018993504,0.202,0.398664665677923,0.587,0.413
"Cadm3",0.601,0.216946928237365,0.202,0.814333895156382,0.481,0.304
"Ctps2",0.6,0.172174494277326,0.2,0.576023391088258,0.493,0.32
"P3h2",0.6,0.177627537554505,0.2,0.853846289497836,0.313,0.116
"Fgd4",0.6,0.122119394980274,0.2,0.301714955754921,0.664,0.468
"Cntn1",0.6,0.15825100016297,0.2,0.261575754558669,0.967,0.782
"Fndc3a",0.6,0.177643547237057,0.2,0.393725608273655,0.73,0.574
"Thoc7",0.6,0.170759137010389,0.2,0.660479546002331,0.457,0.278
"Canx",0.6,0.133897478729943,0.2,0.382516173413255,0.579,0.407
"Cnot10",0.6,0.153643653201737,0.2,0.431084726684113,0.625,0.451
"Gse1",0.6,0.147556057680926,0.2,0.388621360241405,0.631,0.463
"Tnks",0.6,0.14026921328117,0.2,0.318184912617946,0.73,0.575
"Caprin2",0.6,0.231244163366727,0.2,1.31908095807108,0.33,0.142
"Ankrd17",0.6,0.15257496833823,0.2,0.275831662129619,0.944,0.79
"Epb41",0.6,0.193517772818411,0.2,0.443202668369584,0.683,0.505
"Ptprf",0.6,0.165549457159987,0.2,0.66822409875552,0.427,0.234
"Rif1",0.6,0.0984711284020543,0.2,0.288879208659461,0.56,0.367
"Htr7",0.599,0.304444758383228,0.198,1.38311311241051,0.326,0.135
"Dok6",0.599,0.180040258747827,0.198,0.314033607987243,0.926,0.701
"March11",0.599,0.264654003829218,0.198,0.92488520039223,0.452,0.287
"Cwc27",0.599,0.14816244240737,0.198,0.363690690657078,0.679,0.526
"Rtn1",0.599,0.157223683071366,0.198,0.287334819222698,0.93,0.721
"Parm1",0.599,0.316025851265859,0.198,1.37214820928402,0.32,0.125
"Depdc5",0.599,0.134730952686826,0.198,0.355845351145432,0.63,0.447
"Itsn1",0.598,0.117814782711356,0.196,0.250686903011901,0.796,0.628
"Fgf14",0.598,0.18914130010301,0.196,0.28049437821359,0.999,0.85
"Pfkp",0.598,0.17896157125673,0.196,0.408995386926627,0.725,0.561
"Sobp",0.598,0.136843422476422,0.196,0.268645345434749,0.849,0.601
"Srrm3",0.598,0.187971110492501,0.196,0.45242862214221,0.721,0.545
"Thoc1",0.597,0.154343624938183,0.194,0.461268340310503,0.576,0.411
"Map3k4",0.597,0.160896223764303,0.194,0.50367619921519,0.546,0.379
"Pced1b",0.597,0.194232999109734,0.194,0.641427205111979,0.476,0.303
"Xrn1",0.597,0.13655405640748,0.194,0.298931777972916,0.78,0.622
"Crtc3",0.597,0.104683121656243,0.194,0.284217429460049,0.62,0.445
"Atp11b",0.597,0.14392185481784,0.194,0.338772520116793,0.723,0.548
"Snph",0.597,0.225678538130561,0.194,0.57534768474156,0.64,0.507
"Ttc21b",0.597,0.198249134162176,0.194,0.675905397038188,0.495,0.325
"Nmnat2",0.597,0.149716331589849,0.194,0.314820206003194,0.809,0.601
"Rnf25",0.597,0.2148816721211,0.194,0.892464358058534,0.421,0.253
"Stambpl1",0.596,0.150436814623287,0.192,0.641326188313259,0.395,0.207
"Jakmip2",0.596,0.180401826107083,0.192,0.364521808798296,0.845,0.658
"Ndfip1",0.596,0.128856400054318,0.192,0.29208972714652,0.758,0.593
"Atxn10",0.596,0.15015557096745,0.192,0.350859765498202,0.743,0.58
"Dync1h1",0.596,0.108317840000648,0.192,0.254352360344024,0.736,0.572
"Bzw2",0.596,0.177438279179626,0.192,0.535225967255955,0.56,0.394
"Gabrb2",0.596,0.225176257901381,0.192,0.405877026282195,0.834,0.652
"0610010F05Rik",0.596,0.168084198731587,0.192,0.45575367905391,0.624,0.465
"Slc25a36",0.596,0.137337975405839,0.192,0.368722105476769,0.632,0.476
"Cadm1",0.596,0.197395049340082,0.192,0.315425323809718,0.947,0.83
"Rerg",0.596,0.211140708659948,0.192,0.84572272175829,0.372,0.174
"G3bp2",0.596,0.155999302023005,0.192,0.518076121165399,0.513,0.348
"Catspere2",0.596,0.188911300243122,0.192,0.482359834833421,0.635,0.47
"Wnk3",0.595,0.217865007879064,0.19,1.02263196158895,0.382,0.207
"Pcdh11x",0.595,0.400182827126446,0.19,0.772068331285001,0.595,0.456
"Mkx",0.595,0.277854410746018,0.19,0.963820291785321,0.395,0.22
"Usp49",0.595,0.183610401462776,0.19,0.83668884128971,0.402,0.229
"Trim37",0.595,0.155837908004746,0.19,0.417485202354073,0.654,0.486
"Vezt",0.595,0.1555126687183,0.19,0.356450432245284,0.75,0.587
"Fam168a",0.595,0.155274881123699,0.19,0.297664018591462,0.895,0.74
"Uri1",0.595,0.152466597012749,0.19,0.398393727614607,0.653,0.499
"Rimbp2",0.595,0.165519980800546,0.19,0.369912527473048,0.755,0.56
"Zmym4",0.595,0.128451379586906,0.19,0.259648128011569,0.851,0.696
"Patj",0.595,0.195260218927328,0.19,0.569339078540674,0.529,0.358
"Plch1",0.595,0.332949288714628,0.19,1.57346851101625,0.291,0.11
"Stx16",0.595,0.1230214791402,0.19,0.330591287191718,0.627,0.471
"Fbxo3",0.595,0.146442149858151,0.19,0.440314941751995,0.564,0.4
"Slc25a12",0.595,0.12700651010788,0.19,0.283157071095826,0.775,0.613
"Maged1",0.594,0.198421056819154,0.188,0.908183029591625,0.379,0.212
"Nrg2",0.594,0.171041381620966,0.188,0.362800514004069,0.778,0.594
"Stk38",0.594,0.132742232520262,0.188,0.342891329838456,0.654,0.496
"Nsf",0.594,0.176178353319891,0.188,0.343041042934035,0.864,0.687
"Fam184a",0.594,0.118567675326907,0.188,0.309045399926913,0.606,0.443
"Ddhd2",0.594,0.140083967376759,0.188,0.343266042880543,0.7,0.534
"Bcat1",0.594,0.17862164694255,0.188,1.03713251126782,0.313,0.129
"Reep1",0.594,0.162825619365803,0.188,0.386847191562338,0.71,0.538
"Htt",0.594,0.12711669008518,0.188,0.29729575624373,0.738,0.588
"9330182L06Rik",0.594,0.146481194548875,0.188,0.364610307119462,0.677,0.498
"Clvs1",0.594,0.142051096182904,0.188,0.302506400288474,0.768,0.568
"Raph1",0.594,0.114213007997134,0.188,0.284200763295026,0.679,0.481
"Kantr",0.593,0.164702565103798,0.186,0.576485155790727,0.477,0.314
"Fam13b",0.593,0.122711131941636,0.186,0.290449643737691,0.709,0.557
"Gm26782",0.593,0.206699724559604,0.186,1.19874385408683,0.314,0.138
"Cacna1d",0.593,0.204977148244769,0.186,0.366596384496562,0.927,0.727
"Flnb",0.593,0.109281012752762,0.186,0.259878414067639,0.713,0.55
"Zfyve16",0.593,0.149351709534254,0.186,0.559206084032974,0.445,0.276
"Gm9866",0.593,0.23523635994755,0.186,0.90579998789818,0.421,0.253
"Rab27a",0.593,0.215936721311814,0.186,1.35509424589827,0.3,0.122
"Tmem145",0.593,0.235461117769338,0.186,1.91290759800288,0.266,0.087
"Fam13a",0.593,0.187290612862636,0.186,0.675637423348178,0.435,0.263
"Lnx1",0.593,0.203077022998126,0.186,0.903404313949203,0.39,0.221
"Mir124-2hg",0.593,0.222247674247387,0.186,0.639778013143904,0.555,0.397
"Syt2",0.593,0.382092383852717,0.186,2.55963377574976,0.249,0.072
"Lrch2",0.592,0.182703801343804,0.184,0.638634971146673,0.492,0.336
"Hdx",0.592,0.195849566489308,0.184,0.667647749698504,0.489,0.33
"Mta3",0.592,0.10033350093882,0.184,0.278650889442868,0.598,0.414
"Wnk2",0.592,0.146160868754962,0.184,0.331954787218941,0.76,0.572
"Gm31508",0.592,0.255264570839909,0.184,1.27235465267167,0.349,0.185
"Cfap69",0.592,0.144906755066325,0.184,0.464414682183666,0.516,0.357
"BC052040",0.592,0.120640398272096,0.184,0.346543956994058,0.571,0.4
"Pgap1",0.592,0.158029190883922,0.184,0.43411265906025,0.579,0.426
"Map4k2",0.591,0.164965967782555,0.182,0.704510485549932,0.399,0.237
"Efna5",0.591,0.265372600679612,0.182,0.484292566129464,0.713,0.537
"Pcdh17",0.591,0.223825113110808,0.182,0.478893823785089,0.658,0.493
"Atp6v0a1",0.591,0.14158322725082,0.182,0.285727381684926,0.849,0.686
"Btbd1",0.591,0.0973372795573039,0.182,0.280583396671408,0.569,0.404
"Chchd6",0.591,0.196886851368271,0.182,0.550697689622036,0.602,0.456
"Srrm4",0.591,0.197800811399164,0.182,0.470219657453087,0.624,0.44
"Cachd1",0.591,0.162273179662987,0.182,0.490220933778315,0.428,0.248
"D3Ertd751e",0.591,0.173701324789076,0.182,0.690635270100389,0.406,0.236
"Soga1",0.591,0.0669946860654095,0.182,0.275917729502536,0.372,0.186
"Uqcc1",0.591,0.12706220329728,0.182,0.46202171245817,0.449,0.272
"Ndufaf5",0.591,0.18062326489858,0.182,0.721792833230464,0.436,0.275
"Syn1",0.59,0.192560037927235,0.18,0.511200655369852,0.634,0.477
"Slit1",0.59,0.226094009095174,0.18,0.82104701584567,0.416,0.247
"Sos1",0.59,0.10789885333214,0.18,0.273381407775575,0.67,0.518
"Gm49797",0.59,0.120132620461685,0.18,0.313693222446224,0.635,0.48
"Cog5",0.59,0.116692669418109,0.18,0.259427917430685,0.747,0.605
"Akap7",0.59,0.114938628194716,0.18,0.35247329145287,0.508,0.345
"Ago3",0.59,0.125688838686596,0.18,0.269467838049453,0.793,0.644
"Lekr1",0.59,0.201832311847683,0.18,0.667470866208045,0.488,0.341
"Usp13",0.59,0.203368067789469,0.18,0.778856554071751,0.45,0.293
"Dnm1",0.59,0.180786503123953,0.18,0.499055689217973,0.642,0.484
"Sema4g",0.589,0.209407154038822,0.178,1.84651072983855,0.248,0.075
"Usp14",0.589,0.149148165730316,0.178,0.452232021564135,0.551,0.413
"Fer",0.589,0.122344077166542,0.178,0.270672619881471,0.755,0.609
"Adamts16",0.589,0.222942087277462,0.178,1.38103809334967,0.277,0.106
"Rapgef6",0.589,0.125309092101608,0.178,0.252528045163022,0.845,0.684
"Tmem25",0.589,0.221639268909253,0.178,1.68619504742132,0.277,0.112
"Arrb1",0.589,0.144813126382774,0.178,0.584381272696403,0.425,0.256
"Ywhag",0.589,0.144462143136719,0.178,0.45659977664664,0.536,0.385
"Uchl3",0.588,0.170955702560879,0.176,0.651852718918859,0.44,0.292
"Kif2a",0.588,0.130478356511042,0.176,0.336059490675842,0.651,0.503
"Pnpla8",0.588,0.0987390245083868,0.176,0.274449565542147,0.606,0.45
"Cacna1g",0.588,0.207130838931282,0.176,0.85925659360934,0.391,0.219
"Ogdh",0.588,0.127765812195225,0.176,0.306708037841777,0.694,0.55
"Pcnx2",0.588,0.17119509231414,0.176,0.458087229389442,0.642,0.489
"Xpo6",0.588,0.107596524920731,0.176,0.294364190314114,0.616,0.465
"Gm45847",0.588,0.21524134534064,0.176,1.19226123385661,0.321,0.156
"Shank1",0.588,0.156714846650061,0.176,0.504265814837358,0.547,0.375
"Cacng7",0.588,0.172763397001977,0.176,0.741233065995397,0.409,0.251
"Ift81",0.588,0.179532735036836,0.176,0.652534483777767,0.458,0.305
"Mapre3",0.588,0.131681547886401,0.176,0.399727854703997,0.555,0.408
"Ccdc30",0.588,0.180098020012575,0.176,0.521869969296015,0.568,0.426
"Gm14204",0.588,0.228170499974017,0.176,2.08778600815802,0.232,0.057
"Nop56",0.588,0.168258494284468,0.176,0.659271810167347,0.437,0.288
"Adam23",0.588,0.13154680334438,0.176,0.250404186480498,0.857,0.673
"Pdzd4",0.587,0.167471639209023,0.174,0.474187394720351,0.6,0.453
"Atp2b3",0.587,0.121770449416252,0.174,0.412383290411837,0.482,0.339
"Psd2",0.587,0.0568748716359445,0.174,0.268635389283338,0.309,0.125
"Mroh1",0.587,0.196152436562421,0.174,0.954773110266665,0.354,0.194
"Ube2o",0.587,0.176023737875036,0.174,0.651077442431524,0.473,0.326
"Gdpd1",0.587,0.150069377583458,0.174,0.555396367446887,0.466,0.314
"Pdss2",0.587,0.130587333498203,0.174,0.307998395090931,0.707,0.555
"Rnf217",0.587,0.144638283431702,0.174,0.39801565532401,0.597,0.44
"Cdh8",0.587,0.256866333824876,0.174,0.448008937093223,0.752,0.589
"Eml2",0.587,0.084187353301142,0.174,0.26031320269101,0.534,0.382
"Cdk14",0.587,0.142878065915403,0.174,0.258686228985043,0.859,0.648
"Fsd1l",0.587,0.117386791552203,0.174,0.359018791854775,0.53,0.379
"Ralgapb",0.587,0.120463436127808,0.174,0.292205884623471,0.697,0.566
"Tsc1",0.587,0.138009758890841,0.174,0.377376891929903,0.615,0.476
"Bicral",0.586,0.114600807187786,0.172,0.290692295797031,0.666,0.515
"Caskin1",0.586,0.1138641201577,0.172,0.429532295684657,0.436,0.271
"Golgb1",0.586,0.111359078369927,0.172,0.270573317186598,0.698,0.556
"Fam169a",0.586,0.207091416103957,0.172,0.948389889114914,0.386,0.245
"Zup1",0.586,0.0888514083404939,0.172,0.286009533442723,0.505,0.345
"Gm28905",0.586,0.307437116272466,0.172,0.659217380241745,0.568,0.422
"Tmem30a",0.586,0.112705447765894,0.172,0.3782158494016,0.483,0.33
"Hacd3",0.586,0.118188370999257,0.172,0.309271839761179,0.645,0.5
"Bmper",0.586,0.28818461170914,0.172,1.35806289036775,0.316,0.153
"Grm8",0.586,0.355728560776563,0.172,0.612552944641622,0.644,0.492
"Rph3a",0.586,0.20493385244191,0.172,0.651410925293561,0.486,0.331
"Runx1t1",0.586,0.191943455978476,0.172,0.381048459428391,0.737,0.581
"2610316D01Rik",0.586,0.215811942295951,0.172,0.747307609300073,0.429,0.277
"Egfem1",0.586,0.311309788820261,0.172,0.514040412318431,0.717,0.558
"Syp",0.585,0.142926712031637,0.17,0.477927862425943,0.506,0.366
"Tmem241",0.585,0.171278185250628,0.17,0.785299731363721,0.353,0.196
"Fam135b",0.585,0.152073835249761,0.17,0.300892056181801,0.792,0.587
"Exoc3",0.585,0.10930412736631,0.17,0.343393365627972,0.526,0.382
"Chrm3",0.585,0.238328511098054,0.17,0.418637730163672,0.636,0.466
"Cdkl1",0.585,0.222025747091287,0.17,1.06348484139197,0.363,0.214
"Glra1",0.585,0.251375537526396,0.17,2.45263115921204,0.208,0.04
"Aldh1l2",0.585,0.194116398313525,0.17,2.18169436189733,0.204,0.034
"Lrrtm3",0.585,0.15066142428123,0.17,0.262682845333627,0.858,0.663
"Eps15l1",0.585,0.107541172898871,0.17,0.278812755587977,0.652,0.509
"Sergef",0.585,0.13223344840432,0.17,0.361543189416616,0.608,0.452
"Nub1",0.585,0.158402806912464,0.17,0.607408729945903,0.443,0.298
"Phtf2",0.585,0.144000661734214,0.17,0.433801862746456,0.547,0.411
"Cntln",0.585,0.1333864917403,0.17,0.357396789962867,0.604,0.452
"Rmdn1",0.585,0.113672303414709,0.17,0.314293820077762,0.607,0.455
"Nsmaf",0.585,0.123130823139246,0.17,0.380382647042455,0.526,0.379
"Kiz",0.585,0.112072957406163,0.17,0.398824889142729,0.423,0.264
"Ppip5k1",0.585,0.141446478294434,0.17,0.400133119926697,0.607,0.463
"Etl4",0.585,0.177867723895712,0.17,0.28400191437936,0.832,0.653
"Gm36388",0.585,0.211406241266705,0.17,1.49950691804546,0.278,0.118
"Irs1",0.585,0.113653912158916,0.17,0.459875614877739,0.377,0.214
"Las1l",0.584,0.165801661231612,0.168,0.747220437587877,0.385,0.241
"Tmx3",0.584,0.113032233342628,0.168,0.387033974327861,0.475,0.328
"Lpin2",0.584,0.10704231021071,0.168,0.304533732807519,0.588,0.439
"Kifc2",0.584,0.191065361548435,0.168,0.819711871434617,0.416,0.273
"Ptpn9",0.584,0.11754429575004,0.168,0.325316292987594,0.58,0.44
"Ap3b2",0.584,0.168791096921067,0.168,0.595272232385225,0.479,0.344
"Cux2",0.584,0.105232867775161,0.168,0.322079627786997,0.483,0.29
"Rars2",0.584,0.115240470309321,0.168,0.335908566444347,0.564,0.425
"Faxc",0.584,0.189128813517684,0.168,0.777868101147232,0.429,0.287
"Ccnc",0.584,0.129010226554813,0.168,0.46833723612152,0.467,0.319
"Ggt7",0.584,0.185098714010176,0.168,0.713915518452911,0.449,0.309
"Ppip5k2",0.584,0.114739847996097,0.168,0.322147091690644,0.582,0.445
"Arhgef6",0.583,0.107379031478417,0.166,0.698464701402253,0.248,0.077
"Usp11",0.583,0.153578852479084,0.166,0.608122076085201,0.419,0.274
"Ltbp3",0.583,0.175237741059561,0.166,1.20535696492873,0.272,0.111
"Abca3",0.583,0.11566988082396,0.166,0.425380795701606,0.464,0.316
"Taf1b",0.583,0.133248521851732,0.166,0.398772849250631,0.564,0.427
"Soga3",0.583,0.129470793268969,0.166,0.285773455543982,0.772,0.622
"4930555F03Rik",0.583,0.26253159928953,0.166,2.26024729133755,0.223,0.06
"Tenm4",0.583,0.1837775691546,0.166,0.300287467715995,0.93,0.707
"March8",0.583,0.0759000942852662,0.166,0.256925141265404,0.443,0.283
"Wasf3",0.583,0.0883279742256201,0.166,0.262903494025797,0.544,0.386
"Ache",0.583,0.182343567003868,0.166,1.63288250221581,0.239,0.077
"Tmem132c",0.583,0.379980941503823,0.166,1.60484930250598,0.264,0.101
"Tbc1d1",0.583,0.0961277066452151,0.166,0.323898379192036,0.44,0.284
"Zmym6",0.583,0.128740629931178,0.166,0.46157789525603,0.459,0.317
"Ttc4",0.583,0.147156210908004,0.166,0.564748414018134,0.444,0.296
"Mttp",0.583,0.20073858581042,0.166,1.22993010203026,0.285,0.129
"Gmps",0.583,0.135341696254487,0.166,0.55378890489999,0.402,0.251
"Stmn3",0.583,0.16905796408044,0.166,0.667472503573197,0.433,0.293
"Mga",0.583,0.105461140492531,0.166,0.26842558477603,0.654,0.514
"Grem2",0.583,0.221863291191813,0.166,1.33693053634286,0.3,0.146
"Pacs1",0.582,0.12849913890987,0.164,0.308677324331938,0.69,0.542
"Ppp6r2",0.582,0.109062137772857,0.164,0.277962874707526,0.674,0.527
"Usp22",0.582,0.130761122758664,0.164,0.540334218534787,0.409,0.263
"Slc25a3",0.582,0.108141190140237,0.164,0.385934379770541,0.47,0.322
"Gm4924",0.582,0.148699149441499,0.164,0.509950650391919,0.488,0.344
"Oprm1",0.582,0.327688733336018,0.164,1.30918236024719,0.325,0.176
"Zfand4",0.582,0.182939431334409,0.164,0.959745334481127,0.34,0.191
"Gmcl1",0.582,0.146572769112321,0.164,0.395907775588064,0.618,0.481
"Kdm2b",0.582,0.14457020446165,0.164,0.559920212624302,0.407,0.256
"Sec61a2",0.582,0.101723728256222,0.164,0.272628356307392,0.649,0.495
"Ralgps2",0.582,0.139439452437269,0.164,0.368850475625803,0.618,0.488
"Lrrfip1",0.582,0.114296722219746,0.164,0.258163959400477,0.746,0.575
"Als2",0.582,0.124616055535735,0.164,0.52033047823145,0.399,0.248
"Slc9a6",0.581,0.143346631367365,0.162,0.707958657341788,0.347,0.195
"Smarca1",0.581,0.171486105543151,0.162,0.549690695880577,0.514,0.379
"Pcgf5",0.581,0.155544633912788,0.162,0.430312417588222,0.577,0.438
"Asxl3",0.581,0.141078206973135,0.162,0.458731015275378,0.466,0.328
"Hira",0.581,0.13232208907275,0.162,0.354603766954912,0.618,0.494
"Ly6h",0.581,0.193018798491383,0.162,0.751369788383463,0.415,0.274
"Ttc37",0.581,0.121062675209079,0.162,0.372982607812582,0.547,0.412
"Fam193b",0.581,0.101568927509283,0.162,0.284119980057888,0.607,0.471
"Ttc8",0.581,0.120566436255872,0.162,0.320958112108814,0.639,0.5
"Gm32442",0.581,0.294253527350801,0.162,1.63265868121357,0.277,0.127
"Pitpna",0.581,0.116937707133058,0.162,0.319140201767171,0.613,0.48
"Pnpt1",0.581,0.139498205623536,0.162,0.544021208827446,0.439,0.295
"Slc7a6",0.581,0.145365793085027,0.162,0.523667869708284,0.479,0.344
"C2cd5",0.581,0.143120376759985,0.162,0.295159157810564,0.844,0.672
"Tcaf1",0.581,0.133014659385263,0.162,0.297047828091349,0.757,0.61
"Chfr",0.581,0.125666135191725,0.162,0.361613862823635,0.591,0.457
"Gabra2",0.581,0.184096234365926,0.162,0.335860304001762,0.802,0.616
"Igsf3",0.581,0.211052393623818,0.162,1.75268288753675,0.234,0.074
"Arfgef2",0.581,0.0922439783471152,0.162,0.260036707314083,0.585,0.444
"Mmp24",0.581,0.193163602006182,0.162,0.998474280347731,0.351,0.21
"Nol4l",0.581,0.135247212743662,0.162,0.412306337517642,0.537,0.39
"Sgpp2",0.581,0.159629187262168,0.162,0.654591037138604,0.366,0.209
"Smc5",0.58,0.107619976391108,0.16,0.305599025831395,0.582,0.453
"Afg3l2",0.58,0.141675869454218,0.16,0.504680658940758,0.473,0.34
"Spast",0.58,0.0973203602282703,0.16,0.29730704395043,0.54,0.404
"Sept3",0.58,0.173848262394428,0.16,0.669651598871572,0.456,0.324
"Gm11508",0.58,0.198091253754937,0.16,1.38924041007234,0.264,0.11
"Sec24a",0.58,0.1039807436544,0.16,0.311225006901827,0.564,0.423
"Chpt1",0.58,0.100730899723681,0.16,0.312889890026796,0.501,0.355
"Tacc2",0.58,0.159523095578356,0.16,0.698515059156662,0.397,0.258
"Adamts17",0.58,0.182820972857807,0.16,0.625721332241818,0.442,0.292
"Mtf2",0.58,0.123099219313325,0.16,0.294217534011623,0.713,0.568
"Smim14",0.58,0.122526807176645,0.16,0.296883332612187,0.696,0.55
"Anapc4",0.58,0.102145974117198,0.16,0.33691277236278,0.501,0.366
"Kif16b",0.58,0.101106769801883,0.16,0.270746753573441,0.595,0.456
"Lnpk",0.58,0.13171134845743,0.16,0.409633358785322,0.525,0.396
"Armc9",0.58,0.143892267805893,0.16,0.394374387970557,0.609,0.481
"Phf8",0.579,0.103604980131098,0.158,0.319883576392969,0.528,0.39
"Spink10",0.579,0.213861208297393,0.158,0.828409657271677,0.412,0.275
"Mapk8ip3",0.579,0.0997711306477288,0.158,0.28723349826598,0.581,0.446
"Carmil3",0.579,0.192832650073392,0.158,1.48193899405361,0.259,0.108
"Sp4",0.579,0.0965459122467494,0.158,0.299624940583806,0.516,0.376
"Timm9",0.579,0.144802602011847,0.158,0.494828013057298,0.498,0.368
"Nfatc3",0.579,0.0935474837965006,0.158,0.335136231983078,0.44,0.288
"Polb",0.579,0.115581543744208,0.158,0.287845858001262,0.684,0.541
"Kdm1a",0.579,0.0999120972257185,0.158,0.299513298088565,0.567,0.427
"Znhit6",0.579,0.155730688927631,0.158,0.691384447488641,0.38,0.238
"Nr6a1",0.579,0.120100943080648,0.158,0.264505177681485,0.735,0.594
"Nmt2",0.579,0.128303397963359,0.158,0.321919499317897,0.657,0.518
"Usp40",0.579,0.0917315660253958,0.158,0.276557779323269,0.549,0.401
"Rev1",0.579,0.1063268434651,0.158,0.258833145005747,0.7,0.558
"Cd200",0.578,0.147953510615472,0.156,0.712769532788705,0.326,0.18
"Slc4a8",0.578,0.164106583048623,0.156,0.702272713531546,0.393,0.264
"Yaf2",0.578,0.110102339471528,0.156,0.35784610558521,0.503,0.368
"Ipo11",0.578,0.100669234578644,0.156,0.268862031836521,0.636,0.504
"4930447C04Rik",0.578,0.218078012537345,0.156,0.836433365117976,0.377,0.228
"Scml4",0.578,0.224089251375164,0.156,1.52156660976328,0.247,0.098
"Me1",0.578,0.141686787032301,0.156,0.56179127725438,0.398,0.257
"Clmp",0.578,0.149650003835024,0.156,0.59170691745353,0.39,0.243
"Fbxo8",0.578,0.126367100461458,0.156,0.420716495745215,0.497,0.367
"Alms1",0.578,0.120036667681138,0.156,0.403420792144939,0.47,0.336
"Bicdl1",0.578,0.163095384529365,0.156,0.42606114473955,0.635,0.5
"Ctnnbl1",0.578,0.125810925608749,0.156,0.533499508016798,0.399,0.255
"Acss2",0.578,0.105893054795643,0.156,0.37691657862681,0.454,0.31
"Ebf4",0.578,0.164724986900667,0.156,1.16578289340396,0.247,0.092
"Usp8",0.578,0.0873222522995676,0.156,0.28064247326775,0.508,0.369
"Orc4",0.578,0.110192833978387,0.156,0.302805340604746,0.624,0.491
"St8sia6",0.578,0.201439550694479,0.156,1.48651837168038,0.211,0.056
"Gm29514",0.578,0.142000392735301,0.156,0.563014780898268,0.381,0.235
"March4",0.578,0.176690839424934,0.156,0.697927546620502,0.406,0.259
"Ube2w",0.578,0.108834627842108,0.156,0.262711927974776,0.711,0.575
"Clcn5",0.577,0.107654307788151,0.154,0.482933091633114,0.329,0.18
"Klc2",0.577,0.156402380535173,0.154,0.845455491208619,0.343,0.207
"Memo1",0.577,0.100089779312045,0.154,0.260450392811431,0.636,0.507
"Bmerb1",0.577,0.130878527473419,0.154,0.328643896298581,0.662,0.517
"Prlr",0.577,0.33923327740395,0.154,1.46627160439452,0.236,0.085
"Adarb2",0.577,0.735501750834582,0.154,1.1742363442317,0.532,0.407
"Zc3h14",0.577,0.111656254849535,0.154,0.316753335631849,0.598,0.47
"Zfp961",0.577,0.146098466113936,0.154,0.605730399294752,0.398,0.261
"Slc17a6",0.577,0.266255074530295,0.154,1.12433382918445,0.314,0.169
"Sgce",0.577,0.0967575227530773,0.154,0.295641970005961,0.518,0.38
"Prpf6",0.577,0.121090190979967,0.154,0.433760028772956,0.449,0.316
"Anapc1",0.577,0.0848267674992269,0.154,0.2617825466187,0.534,0.398
"Syt14",0.577,0.108070474937523,0.154,0.262254965271186,0.699,0.536
"Faim2",0.576,0.138213579842925,0.152,0.600844543812865,0.383,0.25
"Dennd6b",0.576,0.169399107954367,0.152,0.856698053436297,0.351,0.218
"Gm12296",0.576,0.209768152317682,0.152,1.58912159263537,0.235,0.088
"Slc1a6",0.576,0.185295651652007,0.152,2.04988703618349,0.202,0.054
"Shfl",0.576,0.160783748507502,0.152,0.844901134113578,0.346,0.209
"Nae1",0.576,0.114316819663636,0.152,0.451561093717757,0.42,0.286
"Hook2",0.576,0.179989323454149,0.152,1.08063488508649,0.302,0.166
"Frg1",0.576,0.136307543579534,0.152,0.686829936467017,0.342,0.199
"Zim1",0.576,0.206006390444856,0.152,2.33395417374012,0.192,0.042
"9530036O11Rik",0.576,0.218387446244343,0.152,1.4665096166697,0.252,0.107
"3110021N24Rik",0.576,0.160554175435266,0.152,1.00152590981804,0.276,0.132
"H13",0.576,0.10848977391846,0.152,0.391216946171959,0.459,0.326
"Mir670hg",0.576,0.170117507254598,0.152,0.676515300724525,0.352,0.209
"Ppig",0.576,0.0974921463945562,0.152,0.293154243539999,0.546,0.418
"Ipo9",0.576,0.132122420427194,0.152,0.477562190151039,0.448,0.323
"Farsb",0.576,0.131291866666136,0.152,0.405120012155971,0.533,0.408
"Glra2",0.575,0.25078617674812,0.15,1.19969731190586,0.278,0.135
"Tbc1d12",0.575,0.0900908103370356,0.15,0.266668162384676,0.543,0.419
"Ddx39b",0.575,0.0981710304888029,0.15,0.314714309506708,0.522,0.396
"Tcte2",0.575,0.144751172269364,0.15,0.591422647055189,0.388,0.252
"Zbtb11",0.575,0.137995219020194,0.15,0.411031489208879,0.542,0.418
"Slf1",0.575,0.11745471858909,0.15,0.322294296584185,0.603,0.482
"Trpc7",0.575,0.266555732479246,0.15,1.86630229203072,0.228,0.083
"Psma2",0.575,0.137731149165939,0.15,0.754974033697732,0.318,0.181
"Plxnc1",0.575,0.189542423667221,0.15,0.606836488164249,0.465,0.338
"Stxbp5",0.575,0.138533652962714,0.15,0.284222183046753,0.825,0.661
"Chordc1",0.575,0.092182890730271,0.15,0.311458734378092,0.487,0.36
"Zkscan2",0.575,0.126291468631382,0.15,0.521224321421565,0.401,0.27
"Gga2",0.575,0.156226540021963,0.15,0.783620840262972,0.34,0.206
"Nova2",0.575,0.136667665397297,0.15,0.436583905766756,0.521,0.401
"Far2",0.575,0.112831577764236,0.15,0.380551953159103,0.468,0.332
"Cplx1",0.575,0.19786295141518,0.15,1.13331175856137,0.313,0.183
"Glmn",0.575,0.116900251844959,0.15,0.422495879510957,0.466,0.333
"Ugdh",0.575,0.143701896065281,0.15,0.801806956519997,0.293,0.149
"Phtf1",0.575,0.117407253223837,0.15,0.329591115944304,0.591,0.46
"Trpc4",0.575,0.246167911792108,0.15,0.770403479146592,0.346,0.207
"Tm9sf4",0.575,0.101964111487892,0.15,0.349731313003614,0.479,0.349
"Mtx2",0.575,0.122015629071056,0.15,0.440752813658638,0.458,0.332
"Taf1",0.574,0.131587912500879,0.148,0.416457758601503,0.513,0.387
"Pcgf6",0.574,0.137740110495712,0.148,0.639152014010642,0.368,0.24
"Cep120",0.574,0.0932903294511183,0.148,0.30439628166899,0.496,0.368
"Pacsin1",0.574,0.113537775058128,0.148,0.267950695776843,0.733,0.571
"Mapk8",0.574,0.0998972228357369,0.148,0.256479138459984,0.652,0.51
"Capn7",0.574,0.0870269583371313,0.148,0.307490160718658,0.462,0.333
"Naa35",0.574,0.0872201606183082,0.148,0.299196262468182,0.484,0.35
"Chga",0.574,0.169239993091928,0.148,1.23465180622952,0.266,0.128
"Gm33680",0.574,0.168536691475908,0.148,0.946788015108682,0.225,0.072
"Ap1b1",0.574,0.127819205420974,0.148,0.456179689632971,0.466,0.342
"Rnf170",0.574,0.14151952724089,0.148,0.661157030747683,0.357,0.224
"Tfdp1",0.574,0.146341725164204,0.148,0.66503640175176,0.385,0.259
"Nap1l4",0.574,0.076091116079948,0.148,0.294966305149718,0.419,0.282
"A430010J10Rik",0.574,0.185095357112815,0.148,1.85144445294948,0.211,0.069
"Herc3",0.574,0.115565352859492,0.148,0.293091669571308,0.637,0.499
"B4galt5",0.574,0.166128073958138,0.148,0.79106382519052,0.357,0.227
"Bend7",0.574,0.184007456166928,0.148,1.39529586948012,0.225,0.079
"Rps6kc1",0.574,0.125505826092729,0.148,0.350413594290689,0.591,0.461
"Mfsd6",0.574,0.0947283483853393,0.148,0.319903476740114,0.458,0.33
"3010001F23Rik",0.573,0.15591744633426,0.146,1.06651407305755,0.266,0.126
"Rnf128",0.573,0.185614592338759,0.146,1.63664046515783,0.223,0.081
"Ythdc2",0.573,0.10843960066707,0.146,0.319199513500242,0.568,0.444
"Zfp521",0.573,0.106873961764149,0.146,0.293364369759158,0.379,0.224
"Rhbdl1",0.573,0.155016915309735,0.146,1.07650571252582,0.275,0.139
"Cryzl1",0.573,0.105395613858628,0.146,0.315153663399143,0.561,0.437
"Lmbrd2",0.573,0.0986600902192838,0.146,0.34214417274242,0.481,0.356
"Slc22a17",0.573,0.100679584848894,0.146,0.346096267584121,0.48,0.348
"Synj2bp",0.573,0.100395639442562,0.146,0.298375598166362,0.555,0.436
"Flot2",0.573,0.155802520865783,0.146,0.813720761047055,0.325,0.195
"Sptbn4",0.573,0.11621963098499,0.146,0.261583216232841,0.758,0.584
"Slc2a3",0.573,0.118007016425336,0.146,0.420148441161094,0.479,0.347
"Limk1",0.573,0.14978935421088,0.146,1.10571830072449,0.258,0.118
"Prkaa2",0.573,0.11521254290235,0.146,0.348978786761128,0.527,0.399
"Fbxo10",0.573,0.143122350629482,0.146,0.666103466731147,0.355,0.217
"Ndrg3",0.573,0.0943904450052822,0.146,0.257067358146786,0.616,0.48
"Mrps5",0.573,0.130106111832367,0.146,0.586625569022848,0.382,0.253
"Gab3",0.572,0.145750418071504,0.144,0.774252986591809,0.287,0.147
"Hdac3",0.572,0.133427089849798,0.144,0.611630672132055,0.37,0.243
"L3mbtl4",0.572,0.321963920288287,0.144,2.18849087323059,0.204,0.065
"Slitrk1",0.572,0.175339457876947,0.144,0.935930258800357,0.328,0.202
"Siah3",0.572,0.218246168178744,0.144,1.76048619594421,0.221,0.083
"Trhde",0.572,0.320094130265587,0.144,0.737263093834944,0.44,0.297
"Trpm2",0.572,0.176034414404942,0.144,1.05565303684357,0.302,0.173
"Prkar2a",0.572,0.0906737327583854,0.144,0.389418840680119,0.377,0.241
"Rpgrip1l",0.572,0.127016279080856,0.144,0.425547738607191,0.483,0.357
"Tox3",0.572,0.207963858747632,0.144,0.619883792155719,0.392,0.253
"Lgi2",0.572,0.168822340491299,0.144,1.29216866933097,0.236,0.095
"Chchd7",0.572,0.177562421396518,0.144,1.14253717237446,0.273,0.141
"Gon4l",0.572,0.101034899403231,0.144,0.305379113571194,0.548,0.421
"Zc2hc1a",0.572,0.119400637261021,0.144,0.400769666170175,0.472,0.358
"Flvcr1",0.572,0.141496251251275,0.144,0.670914592320268,0.352,0.224
"Tmem163",0.572,0.227667918774152,0.144,0.615397283274043,0.382,0.244
"Slc4a3",0.572,0.127889374716586,0.144,0.43162551033189,0.493,0.373
"Gdap1",0.572,0.161937358490584,0.144,0.608023673995215,0.448,0.337
"Cd99l2",0.571,0.117344421605996,0.142,0.494608666957179,0.394,0.267
"Sept6",0.571,0.164575554278703,0.142,0.752257552144463,0.356,0.232
"Klhl22",0.571,0.130717974243449,0.142,0.549726465168616,0.392,0.269
"Adra1a",0.571,0.244779494044912,0.142,1.21306734078794,0.255,0.116
"Tspoap1",0.571,0.134861497753448,0.142,0.377640503566624,0.612,0.48
"Fbxl2",0.571,0.12927729504211,0.142,0.442843697551883,0.483,0.367
"Rcn2",0.571,0.113725389951873,0.142,0.516173113273182,0.338,0.206
"Zfp426",0.571,0.122605792303361,0.142,0.556524951549442,0.36,0.23
"Zfp941",0.571,0.17259573790364,0.142,1.01369194471667,0.292,0.165
"Gars",0.571,0.125994253634764,0.142,0.528179223692835,0.394,0.267
"Cep135",0.571,0.144141819380886,0.142,0.693445953153522,0.34,0.212
"Zyg11b",0.571,0.0920169596133654,0.142,0.254761754136678,0.581,0.463
"Slc27a2",0.571,0.180415748564511,0.142,1.80790320751433,0.206,0.069
"Miga2",0.571,0.135109776494884,0.142,0.570064783595927,0.4,0.279
"Pitpnm1",0.57,0.172413468262877,0.14,1.08169234912865,0.293,0.17
"Hspa9",0.57,0.098673239913966,0.14,0.372969518699797,0.418,0.294
"Zfp160",0.57,0.10471671069861,0.14,0.414942173278412,0.413,0.29
"Tmtc4",0.57,0.139663489015828,0.14,0.918707069567629,0.225,0.089
"Habp4",0.57,0.149702663344623,0.14,0.698415015423763,0.368,0.248
"Klhdc2",0.57,0.11217516998555,0.14,0.535448109296898,0.348,0.221
"Prmt2",0.57,0.122950884185553,0.14,0.583307559615381,0.334,0.204
"Scg3",0.57,0.104280535256116,0.14,0.407216170326322,0.39,0.252
"N4bp1",0.57,0.110445833375398,0.14,0.452961110059254,0.403,0.279
"Ebf3",0.57,0.379429376711834,0.14,2.98532579739202,0.16,0.02
"Gm5577",0.57,0.163180405506208,0.14,0.828363758490396,0.338,0.216
"Tpk1",0.57,0.09017590512572,0.14,0.322231303351197,0.394,0.265
"Gpr176",0.57,0.214989856832766,0.14,1.00126603923632,0.321,0.196
"Mid2",0.569,0.111909644027844,0.138,0.457828059414467,0.385,0.257
"Lrfn2",0.569,0.118681904245555,0.138,0.309634721988739,0.581,0.442
"Tfrc",0.569,0.0977138701719009,0.138,0.451645408169542,0.355,0.23
"St13",0.569,0.0818779974668171,0.138,0.261987849429252,0.5,0.378
"Xpo4",0.569,0.089076022837956,0.138,0.284404372475513,0.489,0.376
"Lncenc1",0.569,0.227111065073708,0.138,2.68546154879729,0.166,0.029
"Cltb",0.569,0.120061217695462,0.138,0.527922844851724,0.378,0.264
"Fkbp3",0.569,0.142446259748946,0.138,0.708861618967903,0.338,0.215
"Rufy1",0.569,0.0996873095906136,0.138,0.398100373387206,0.383,0.255
"Cul5",0.569,0.090499685674533,0.138,0.2566958016216,0.574,0.464
"Gfod2",0.569,0.129908698177614,0.138,0.64067639497415,0.335,0.208
"Ogfod1",0.569,0.110763293433994,0.138,0.413686094938067,0.442,0.323
"Plxna1",0.569,0.149499107751756,0.138,1.03553200552382,0.257,0.128
"Tmem150c",0.569,0.152751973830475,0.138,0.642572461431491,0.377,0.253
"Guf1",0.569,0.102603049570417,0.138,0.400342226035484,0.419,0.299
"Elp1",0.569,0.0898140753913182,0.138,0.369432365493523,0.399,0.277
"Atp9a",0.569,0.0925526259479018,0.138,0.269789350000062,0.556,0.444
"Capn2",0.569,0.0797726008198161,0.138,0.434488815828944,0.289,0.154
"Zdbf2",0.569,0.172645090579837,0.138,0.666631521433419,0.358,0.233
"Gm5820",0.568,0.175275070055301,0.136,1.17126542270482,0.238,0.106
"Ift88",0.568,0.128983194553704,0.136,0.43021183164592,0.492,0.385
"Mrap2",0.568,0.187788440363379,0.136,1.93919992924363,0.191,0.058
"Mcph1",0.568,0.115118441032894,0.136,0.342752787514532,0.535,0.429
"Pstk",0.568,0.123909124009693,0.136,0.51918683223207,0.384,0.266
"Ankrd42",0.568,0.160697650818938,0.136,0.829148246576913,0.34,0.224
"Gramd1a",0.568,0.100442247089746,0.136,0.463662082721473,0.36,0.236
"Cenpc1",0.568,0.112490514171927,0.136,0.352907716369582,0.514,0.399
"Fktn",0.568,0.0883329289820431,0.136,0.345630740036782,0.411,0.289
"Adgrl2",0.568,0.184553851806641,0.136,0.39875033818203,0.633,0.52
"Manba",0.568,0.115006712163815,0.136,0.609098882475118,0.3,0.168
"Ccdc93",0.568,0.0903900481951105,0.136,0.405842147138836,0.353,0.228
"Nrp2",0.568,0.102926385989438,0.136,0.318036753753778,0.393,0.257
"Sumo1",0.568,0.0945880453812893,0.136,0.303272671722172,0.499,0.381
"Kansl3",0.568,0.0822061567101479,0.136,0.322053722397443,0.42,0.297
"Elp2",0.567,0.10369142309638,0.134,0.418832354778249,0.413,0.298
"Rab12",0.567,0.0957251035289674,0.134,0.35568899064264,0.429,0.31
"Ndufaf2",0.567,0.0929687238191144,0.134,0.373270975526723,0.385,0.26
"Cdkl3",0.567,0.142566043660343,0.134,0.647150874704022,0.336,0.212
"Erlec1",0.567,0.10722602692218,0.134,0.363011655163755,0.482,0.368
"Lin7a",0.567,0.138951963012587,0.134,0.325840724065511,0.603,0.489
"Metap2",0.567,0.0853595294833938,0.134,0.276028726473239,0.514,0.398
"Pgr",0.567,0.167796195847541,0.134,0.841174786506088,0.334,0.216
"Mcf2l",0.567,0.112996675431083,0.134,0.358632044386593,0.523,0.413
"Rimklb",0.567,0.0981283016717085,0.134,0.493830066285753,0.301,0.17
"Tacr1",0.567,0.354153505689312,0.134,2.28903002254345,0.184,0.051
"Agk",0.567,0.138315610238054,0.134,0.538490069098557,0.409,0.291
"Castor2",0.567,0.10761322022696,0.134,0.483483609424937,0.368,0.249
"Dgkq",0.567,0.115096733406074,0.134,0.727557204979854,0.269,0.142
"Exoc1",0.567,0.0823233479787668,0.134,0.311792857891666,0.44,0.32
"Tbc1d19",0.567,0.126367763079346,0.134,0.366017445166241,0.561,0.459
"Crmp1",0.567,0.152722851056696,0.134,0.544852813574118,0.464,0.359
"Acot7",0.567,0.0761328627686801,0.134,0.2556339420654,0.481,0.363
"Ppfia4",0.567,0.12751622857275,0.134,0.673335633902583,0.321,0.196
"Sorcs3",0.566,0.297843415508331,0.132,0.551521415840161,0.64,0.54
"Psd",0.566,0.155974707137322,0.132,0.8696377917243,0.316,0.198
"Akain1",0.566,0.168247758999629,0.132,2.24565135145855,0.172,0.042
"Tnfrsf21",0.566,0.115564162539903,0.132,0.528079723662501,0.351,0.235
"Gng4",0.566,0.198463700252696,0.132,1.4165953714715,0.229,0.103
"Mtif2",0.566,0.0968726465364808,0.132,0.373120294887216,0.427,0.314
"Hcrtr2",0.566,0.268522128651487,0.132,2.31230553375713,0.176,0.045
"Spire2",0.566,0.15892692717048,0.132,1.25703467059202,0.24,0.115
"Usp10",0.566,0.104948541704472,0.132,0.419059034289501,0.415,0.301
"Clgn",0.566,0.175399301618797,0.132,1.23622773849162,0.259,0.139
"Atp6v1b2",0.566,0.0935367868482548,0.132,0.296944066715237,0.523,0.409
"Pde3a",0.566,0.254146281726544,0.132,1.15378871650331,0.185,0.054
"Ptpru",0.566,0.154854367310412,0.132,0.987616444434407,0.249,0.121
"Miga1",0.566,0.116785666606523,0.132,0.349432211487447,0.548,0.441
"Cds2",0.566,0.0927663496649521,0.132,0.337835924180327,0.445,0.329
"Pdia3",0.566,0.0788456673902558,0.132,0.322568626189663,0.389,0.268
"Ola1",0.566,0.0919045466651861,0.132,0.271137011703765,0.553,0.445
"Ttll11",0.566,0.102950047376694,0.132,0.269122867048961,0.632,0.502
"Atp5c1",0.566,0.0789243121444645,0.132,0.267995574522598,0.479,0.368
"Dnah7b",0.566,0.0624243879010396,0.132,0.277345592471991,0.3,0.162
"Ttc39c",0.565,0.121076984343826,0.13,0.47399156829626,0.402,0.286
"Zfp318",0.565,0.0821093910747748,0.13,0.27714564339919,0.485,0.371
"Tfg",0.565,0.124860077057859,0.13,0.589615008155044,0.338,0.223
"Fyttd1",0.565,0.0892138362886311,0.13,0.286009743779491,0.513,0.404
"Adamts6",0.565,0.104956635686419,0.13,0.455830110494571,0.285,0.15
"Zscan26",0.565,0.080953552349347,0.13,0.291286893764517,0.449,0.333
"Jag2",0.565,0.11398928192315,0.13,0.74929332223676,0.267,0.149
"Atg2b",0.565,0.0806241103454766,0.13,0.343061628470872,0.386,0.265
"Cntnap1",0.565,0.144600426759554,0.13,1.00503273211304,0.261,0.14
"Zfp692",0.565,0.114951232945204,0.13,0.520863659528787,0.363,0.247
"Gls2",0.565,0.174619873292164,0.13,1.33303473486272,0.243,0.124
"Serinc1",0.565,0.0809756421122219,0.13,0.250854164188457,0.509,0.393
"Tmem200a",0.565,0.194061132381907,0.13,0.869024780407575,0.293,0.167
"Stac",0.565,0.227533270664205,0.13,1.76011682953199,0.178,0.05
"AW551984",0.565,0.209846181211295,0.13,2.89351900440286,0.156,0.026
"Vac14",0.565,0.102753959685848,0.13,0.580577936991824,0.294,0.169
"Ociad1",0.565,0.0723685551056867,0.13,0.269543515205694,0.434,0.314
"Uchl1",0.565,0.137580653811058,0.13,0.594701234696213,0.392,0.283
"Arhgef10l",0.565,0.0769096326388878,0.13,0.399544146390327,0.306,0.178
"Rnf24",0.565,0.113863591457551,0.13,0.410611065204403,0.438,0.329
"Rassf5",0.565,0.131628813447391,0.13,1.23474140489738,0.208,0.082
"Hibch",0.565,0.0979849054203207,0.13,0.524364436484476,0.294,0.169
"Gm15246",0.564,0.13926733662357,0.128,0.986884138116451,0.228,0.105
"Gnl3l",0.564,0.121311673637989,0.128,0.510463620796279,0.394,0.281
"Zmat1",0.564,0.0667045431347882,0.128,0.25666389305857,0.401,0.284
"Cox7b",0.564,0.12772833831415,0.128,0.624348883960893,0.332,0.219
"Stx3",0.564,0.121458326019157,0.128,0.506505427995009,0.397,0.291
"Wdr43",0.564,0.0998454739378267,0.128,0.389510102150764,0.415,0.304
"Hlcs",0.564,0.097895833296454,0.128,0.311663267439642,0.474,0.358
"Sfxn1",0.564,0.116863307151385,0.128,0.555030320254412,0.338,0.222
"Nrsn1",0.564,0.170349816233098,0.128,1.15002624860138,0.257,0.14
"Ccdc47",0.564,0.0836388068062545,0.128,0.324017118313238,0.409,0.302
"Rab21",0.564,0.0696645407284131,0.128,0.254893664747695,0.425,0.31
"Atcay",0.564,0.12691678711454,0.128,0.546051901791076,0.394,0.289
"Slc22a14",0.564,0.127775270287421,0.128,0.920758495596766,0.245,0.124
"Minar1",0.564,0.150161766663965,0.128,2.21309493878725,0.15,0.022
"9330159M07Rik",0.564,0.130598978479186,0.128,1.46884055830961,0.18,0.053
"A330074K22Rik",0.564,0.14829227461183,0.128,2.22776139123539,0.168,0.043
"Bcl7c",0.564,0.147827086315693,0.128,1.09078336207491,0.238,0.115
"Psmb2",0.564,0.0914882802756116,0.128,0.28583761154775,0.52,0.417
"Fam92a",0.564,0.135105736787171,0.128,0.6218506564261,0.364,0.255
"Slc6a17",0.564,0.112259481044919,0.128,0.314019982588492,0.584,0.464
"Sestd1",0.564,0.097824801469494,0.128,0.252533845451618,0.619,0.484
"Zcchc12",0.563,0.1714236260659,0.126,1.67614427772815,0.191,0.07
"Slc6a7",0.563,0.15961437386555,0.126,0.922549950334631,0.3,0.188
"Tmem63b",0.563,0.115440822138601,0.126,0.375688699473858,0.508,0.406
"Samm50",0.563,0.130603932271304,0.126,0.790530466061714,0.286,0.171
"Gpr137c",0.563,0.103939254173115,0.126,0.255937101827744,0.6,0.483
"Fancc",0.563,0.104913432637317,0.126,0.487441280467766,0.33,0.213
"Dpf3",0.563,0.108374713528555,0.126,0.49437559159492,0.235,0.103
"Scyl2",0.563,0.102439789591128,0.126,0.443909142033809,0.373,0.261
"Tubb3",0.563,0.113258727162822,0.126,0.522738197713207,0.351,0.239
"Cdyl2",0.563,0.0841920520707299,0.126,0.278964016327141,0.466,0.347
"Asah1",0.563,0.0678314587729014,0.126,0.254840662882447,0.426,0.318
"1700012D14Rik",0.563,0.0927762070831787,0.126,0.48613599525802,0.289,0.167
"Ankrd26",0.563,0.102549291138695,0.126,0.448265197287944,0.358,0.242
"Vopp1",0.563,0.130725738744624,0.126,0.521674275972858,0.412,0.303
"Nsun7",0.563,0.142745549402663,0.126,0.591722433753584,0.377,0.264
"Ago1",0.563,0.114950497443162,0.126,0.444863847297909,0.406,0.301
"Ttc39a",0.563,0.147375907381393,0.126,2.27552472231609,0.158,0.035
"Serpini1",0.563,0.131919405666404,0.126,0.391582450145234,0.432,0.317
"Ptprt",0.563,0.189602624699792,0.126,0.319191923793113,0.686,0.576
"Epb41l5",0.563,0.0893264588349183,0.126,0.431623460667323,0.294,0.169
"L1cam",0.562,0.139023951018242,0.124,0.732821283267431,0.332,0.226
"Hprt",0.562,0.0836672499322165,0.124,0.320948637893037,0.405,0.299
"Akap17b",0.562,0.0932750677064711,0.124,0.379305251801247,0.406,0.293
"Hap1",0.562,0.157557614541789,0.124,0.727808592652357,0.318,0.207
"Slc41a2",0.562,0.120779885547898,0.124,0.523289154558947,0.377,0.265
"Trmt11",0.562,0.078477512556278,0.124,0.335404833967365,0.377,0.267
"Cyb5r4",0.562,0.0836808709830738,0.124,0.318421058613804,0.415,0.304
"Neto2",0.562,0.136682063896095,0.124,0.355677944784622,0.511,0.388
"Idh2",0.562,0.10025316075741,0.124,0.663608442889297,0.249,0.129
"Gfpt1",0.562,0.0821619640710069,0.124,0.352917252709365,0.373,0.263
"Mest",0.562,0.100890482078527,0.124,0.442786768602504,0.338,0.222
"Elfn1",0.562,0.179523587421747,0.124,2.38260147215837,0.155,0.032
"Ssh1",0.562,0.110256600991591,0.124,0.635622326973948,0.284,0.167
"Cdc7",0.562,0.166082662876193,0.124,1.27925329054801,0.241,0.128
"Gm13052",0.562,0.106886321187143,0.124,0.413263358604346,0.402,0.284
"Col25a1",0.562,0.491991457749514,0.124,0.962514479905554,0.448,0.361
"Myt1",0.562,0.113967560257075,0.124,0.535343844507651,0.325,0.211
"Cep250",0.562,0.107242562721602,0.124,0.538266253372714,0.313,0.201
"Eif2s2",0.562,0.0687785063174879,0.124,0.296192050398429,0.36,0.246
"Qser1",0.562,0.0782608464405861,0.124,0.318170525458953,0.396,0.28
"Eda",0.561,0.173580116522424,0.122,0.533080951418218,0.356,0.245
"Rpgr",0.561,0.0974177091486084,0.122,0.331773520030276,0.482,0.373
"Axin1",0.561,0.0991673061235852,0.122,0.384334271178044,0.4,0.291
"Haghl",0.561,0.121728797011281,0.122,0.970596588753193,0.231,0.114
"Gfra2",0.561,0.185399456828129,0.122,1.1395405920308,0.236,0.117
"Dtnbp1",0.561,0.0688826937234682,0.122,0.272777943556423,0.385,0.278
"Vps53",0.561,0.0923218352154105,0.122,0.337184013043255,0.437,0.334
"Got2",0.561,0.115767662220818,0.122,0.563363045071356,0.334,0.227
"Wrn",0.561,0.078244325112867,0.122,0.269538692139816,0.43,0.324
"B130024G19Rik",0.561,0.198484571229361,0.122,0.801167857462589,0.262,0.142
"9330158H04Rik",0.561,0.27534268626493,0.122,3.03541158218022,0.151,0.031
"Hook1",0.561,0.108209119422578,0.122,0.284255783390898,0.632,0.51
"Kirrel",0.561,0.0861250980009785,0.122,0.581820000286858,0.205,0.082
"Tmem29",0.56,0.0959178219140248,0.12,0.379456597200374,0.404,0.298
"A330040F15Rik",0.56,0.141771695669196,0.12,1.38310603116153,0.192,0.074
"Nars",0.56,0.118009119441118,0.12,0.630790953526511,0.297,0.188
"Abcc1",0.56,0.103642553258805,0.12,0.447753942955486,0.375,0.266
"Nudcd1",0.56,0.117644502819016,0.12,0.591001435872367,0.317,0.213
"Armh4",0.56,0.0989007119470814,0.12,0.45131605401138,0.301,0.191
"Nek4",0.56,0.126653640077435,0.12,0.76501956425368,0.274,0.165
"Fam149b",0.56,0.0745754946034551,0.12,0.281567189880826,0.419,0.312
"4930452B06Rik",0.56,0.146237497607351,0.12,1.01885825028289,0.237,0.124
"Lpin1",0.56,0.088529849519194,0.12,0.460008585090723,0.303,0.188
"Snap47",0.56,0.125098461612129,0.12,0.608789508237289,0.342,0.24
"Prkaca",0.56,0.111268991252181,0.12,0.58409243896803,0.324,0.217
"Gm10649",0.56,0.146366198887531,0.12,0.575147157898085,0.368,0.261
"Trim66",0.56,0.150817770969392,0.12,1.35492334521986,0.214,0.099
"Mccc1",0.56,0.0680359802847334,0.12,0.265284532837513,0.4,0.292
"Nceh1",0.56,0.100150679644297,0.12,0.356840532344609,0.429,0.33
"Stard7",0.56,0.0947619050301564,0.12,0.391102773080598,0.389,0.286
"Ypel4",0.56,0.156104765123368,0.12,1.16832793179758,0.245,0.135
"Gpsm1",0.56,0.103314289664609,0.12,0.618636275971554,0.266,0.152
"Fbh1",0.56,0.0811174913962198,0.12,0.325385851257841,0.404,0.296
"Gm10862",0.56,0.162266460792568,0.12,0.915981170691327,0.304,0.201
"Tmem169",0.56,0.134925708596198,0.12,1.03351309657243,0.236,0.124
"Phf6",0.559,0.114344811541204,0.118,0.449346436993498,0.388,0.289
"Stip1",0.559,0.10318893601182,0.118,0.559369019426392,0.303,0.194
"Peli3",0.559,0.133406707246801,0.118,1.2147977271812,0.208,0.095
"Prxl2c",0.559,0.0983681404636964,0.118,0.560575427297767,0.276,0.164
"Pcyt2",0.559,0.0654482243500428,0.118,0.285800643331468,0.354,0.245
"Lgr5",0.559,0.218821675036883,0.118,1.99497268214225,0.168,0.054
"Pygo1",0.559,0.128401334674356,0.118,1.08849778014473,0.214,0.1
"Rnf214",0.559,0.0705589361858667,0.118,0.263947664826501,0.432,0.329
"Bean1",0.559,0.148201463085193,0.118,1.57380848013844,0.187,0.073
"Tubgcp3",0.559,0.0647555314717199,0.118,0.271701243272085,0.382,0.275
"Ptpre",0.559,0.0805513680243067,0.118,0.253744747522389,0.448,0.332
"Uqcrc2",0.559,0.072222773939623,0.118,0.291176245375489,0.398,0.291
"Gm28050",0.559,0.158989203801723,0.118,1.10688588194606,0.238,0.128
"Slc45a1",0.559,0.15010219159101,0.118,0.94206394848277,0.281,0.177
"Whrn",0.559,0.1083677279021,0.118,0.66009913035033,0.224,0.107
"Tmem246",0.559,0.134241953236866,0.118,1.00825699614544,0.231,0.119
"Ppa2",0.559,0.12471940011325,0.118,0.665515703162011,0.307,0.202
"Mapkbp1",0.559,0.0846680266216079,0.118,0.336814019900644,0.406,0.308
"Zmym3",0.558,0.132532138853588,0.116,0.574179076660839,0.377,0.285
"Pcsk1n",0.558,0.116627842732306,0.116,0.862273702199439,0.221,0.11
"Cep192",0.558,0.0649877272139446,0.116,0.341132492646738,0.292,0.181
"Sptb",0.558,0.136961978085756,0.116,0.529022796142834,0.402,0.302
"Nploc4",0.558,0.0761772563433001,0.116,0.273826124118369,0.44,0.34
"Fam114a2",0.558,0.0869952082555285,0.116,0.43936690408694,0.319,0.213
"Cbarp",0.558,0.149541396326037,0.116,0.819484585185786,0.294,0.193
"Nphp3",0.558,0.0917361832610237,0.116,0.558890823311103,0.262,0.152
"Hmgn3",0.558,0.0820929690369045,0.116,0.309248503883067,0.427,0.324
"Ate1",0.558,0.0548302898436026,0.116,0.273599337084931,0.309,0.2
"Plpp4",0.558,0.203497123210701,0.116,1.26684021402207,0.191,0.077
"Rnf121",0.558,0.0791533016599799,0.116,0.355449969682871,0.355,0.253
"Tm6sf1",0.558,0.118447613668997,0.116,0.73307722983434,0.249,0.141
"Kcnc3",0.558,0.113850972101321,0.116,0.555835553395558,0.337,0.235
"Cntn3",0.558,0.166912907054226,0.116,0.299946597190682,0.732,0.613
"Fbxo21",0.558,0.073273140205119,0.116,0.286609799125241,0.411,0.311
"Slc4a1ap",0.558,0.105464394103982,0.116,0.480290636094638,0.344,0.244
"Zfp512",0.558,0.0965454910491521,0.116,0.455816977515102,0.337,0.236
"Rpl11",0.558,0.0497099470173961,0.116,0.309361205324065,0.248,0.135
"Lurap1l",0.558,0.132599785529004,0.116,0.969429941167354,0.233,0.123
"Polr3gl",0.558,0.0934057899467612,0.116,0.622895741916508,0.247,0.135
"Col19a1",0.558,0.423697357629707,0.116,1.64710941731353,0.262,0.155
"B230217O12Rik",0.557,0.140969306044586,0.114,0.89635697955384,0.268,0.168
"Ankrd29",0.557,0.126979931891477,0.114,1.35376050533801,0.179,0.067
"Galnt14",0.557,0.190334322452171,0.114,0.575620737220192,0.373,0.269
"Mtch1",0.557,0.082537798597449,0.114,0.355719485261143,0.366,0.266
"Gm1604a",0.557,0.103340401450315,0.114,0.380799493931415,0.397,0.286
"Rangap1",0.557,0.104479159931024,0.114,0.516980484513234,0.329,0.227
"Nrg3os",0.557,0.135270969245227,0.114,0.628814655966031,0.351,0.252
"Gnl3",0.557,0.122293650960921,0.114,0.602423868576019,0.327,0.229
"Zbtb4",0.557,0.0994713114514582,0.114,0.491280974119444,0.312,0.211
"Uhrf1bp1l",0.557,0.0852762260037314,0.114,0.26344782715618,0.516,0.416
"Alkbh8",0.557,0.0726002862268101,0.114,0.268181917791925,0.429,0.331
"Trmt1",0.557,0.0863988613941387,0.114,0.38490301147067,0.361,0.261
"Ric3",0.557,0.0806801028645864,0.114,0.328338895683439,0.387,0.287
"Mboat7",0.557,0.12356798990832,0.114,0.730755261242112,0.284,0.183
"Adcyap1r1",0.557,0.0749081710424016,0.114,0.395274014367073,0.291,0.18
"Rims3",0.557,0.116658203311231,0.114,0.597516088575607,0.302,0.195
"Zfp639",0.557,0.0667035557289964,0.114,0.333192587053363,0.309,0.202
"Hltf",0.557,0.0695350862208855,0.114,0.273160466853315,0.386,0.288
"2700069I18Rik",0.557,0.17439598358301,0.114,1.59478911927492,0.177,0.065
"Napb",0.557,0.0827045028292483,0.114,0.281349617363007,0.472,0.373
"Pdhx",0.557,0.107453237826269,0.114,0.531210845089064,0.328,0.229
"Xrcc5",0.557,0.0894858374274302,0.114,0.380564062218508,0.347,0.241
"Pgrmc1",0.556,0.0777794358218123,0.112,0.40613793646216,0.289,0.182
"Trap1",0.556,0.0610807657127231,0.112,0.318771917928368,0.301,0.197
"Gm2824",0.556,0.17694378200863,0.112,0.907559911936524,0.27,0.165
"Sucla2",0.556,0.0776801767261162,0.112,0.327326102940976,0.37,0.269
"6330403K07Rik",0.556,0.133082763487183,0.112,1.42617637098791,0.174,0.065
"Bbs4",0.556,0.113930616629764,0.112,0.59804380839931,0.317,0.217
"Tspan3",0.556,0.0672093353599938,0.112,0.282916487311554,0.372,0.27
"Vstm5",0.556,0.1231484321002,0.112,0.990868433223192,0.218,0.112
"Megf8",0.556,0.105181167007962,0.112,0.598783360980687,0.298,0.199
"4932441J04Rik",0.556,0.155746739232035,0.112,1.66342437460379,0.174,0.066
"Frmpd1",0.556,0.0857090824358449,0.112,0.640026145747915,0.201,0.086
"Gm30382",0.556,0.201675360683468,0.112,0.593527294214212,0.381,0.287
"Hcn3",0.556,0.135842276705619,0.112,1.8566077209105,0.163,0.053
"Larp1b",0.556,0.0778753219584533,0.112,0.26474019194092,0.436,0.333
"Gm20721",0.556,0.121926040851815,0.112,1.40691208528932,0.16,0.05
"Nfatc2",0.556,0.0878006379604916,0.112,0.501913856623933,0.273,0.161
"Ptprn",0.556,0.133898795189492,0.112,0.410659598861749,0.517,0.433
"Plekhb2",0.556,0.102288277829402,0.112,0.499681010213638,0.328,0.225
"Tvp23a",0.555,0.113853932346403,0.11,0.9057544133073,0.217,0.112
"Mrs2",0.555,0.0691438634715048,0.11,0.310632655984618,0.359,0.257
"Gtpbp4",0.555,0.0874960918624181,0.11,0.420967276361944,0.32,0.223
"Gpr68",0.555,0.130583979998955,0.11,1.73632576584106,0.161,0.054
"Lrrc45",0.555,0.10881989258122,0.11,0.532214294849055,0.337,0.246
"Pex13",0.555,0.0893872891192839,0.11,0.432182339528197,0.325,0.224
"Gm15398",0.555,0.156421224373487,0.11,1.97107896859017,0.158,0.05
"Epm2a",0.555,0.0663082191032501,0.11,0.295206739382912,0.334,0.229
"Slc35g2",0.555,0.131863543961478,0.11,1.56593587106044,0.167,0.059
"Gclc",0.555,0.0757962286840095,0.11,0.311302092422943,0.393,0.295
"Aktip",0.555,0.0812934536103374,0.11,0.466313647511392,0.27,0.167
"Gas6",0.555,0.0670702967155658,0.11,0.27346849326571,0.376,0.277
"Rps6ka1",0.555,0.0815174456794908,0.11,0.809647016925819,0.17,0.06
"Cgn",0.555,0.141032279960029,0.11,2.38816868482574,0.139,0.03
"Rusc1",0.555,0.124400215954213,0.11,0.977697199925324,0.241,0.142
"Gm10516",0.555,0.100686797557442,0.11,0.66379005424064,0.258,0.155
"Disp1",0.555,0.0761549308067464,0.11,0.389222426681974,0.296,0.188
"Ptchd1",0.554,0.130660080540836,0.108,0.513477920580158,0.358,0.264
"Cdc23",0.554,0.106369532935915,0.108,0.485012421772986,0.355,0.261
"Adamts10",0.554,0.0645757797130116,0.108,0.429773143543386,0.228,0.124
"Cmtr1",0.554,0.0942594016576412,0.108,0.443229952106612,0.339,0.245
"Tnk2",0.554,0.0864006752462605,0.108,0.361935433543993,0.387,0.293
"Tfcp2",0.554,0.0614615449890638,0.108,0.274205193038407,0.344,0.251
"Bahcc1",0.554,0.0983205150284011,0.108,0.71573994240619,0.222,0.117
"Aarsd1",0.554,0.0900650577361893,0.108,0.599281456955692,0.251,0.149
"Cfap36",0.554,0.0866342900491895,0.108,0.294143253041618,0.453,0.369
"Ahsa2",0.554,0.0675555893926383,0.108,0.431956673713526,0.244,0.139
"Plppr3",0.554,0.138127512579252,0.108,1.16218397447102,0.215,0.116
"Ppib",0.554,0.0855388847226673,0.108,0.353886459769603,0.39,0.301
"Tmem266",0.554,0.153159765879741,0.108,0.92528912175414,0.267,0.169
"Abcb10",0.554,0.0815691613771926,0.108,0.573977816894537,0.219,0.112
"Prmt7",0.554,0.111120893418502,0.108,0.541918762605667,0.326,0.236
"Adcy7",0.554,0.110353262026834,0.108,1.73583888396233,0.127,0.019
"Gabra5",0.554,0.152288966252122,0.108,0.710331511474518,0.306,0.21
"Ccdc174",0.554,0.0735196420738337,0.108,0.319225862353223,0.36,0.264
"Dlx6os1",0.554,0.289438980595105,0.108,1.27824289877766,0.236,0.135
"Gm30003",0.554,0.152915935569595,0.108,2.17508426001781,0.139,0.034
"Svop",0.554,0.0932622911561156,0.108,0.325149623849749,0.464,0.38
"Nfxl1",0.554,0.0821139960099643,0.108,0.406933051000026,0.31,0.21
"Agap3",0.554,0.0786121589843664,0.108,0.261300802342473,0.476,0.396
"Atp13a2",0.554,0.121863282690588,0.108,0.897883303616112,0.229,0.129
"Col16a1",0.554,0.143840586165888,0.108,1.10005920918853,0.196,0.092
"Tmem59",0.554,0.0732314447465522,0.108,0.297454709401522,0.381,0.286
"Naa20",0.554,0.0630841453163613,0.108,0.272829402026863,0.36,0.264
"Idh3b",0.554,0.0761052139637986,0.108,0.368278562237611,0.327,0.231
"Map1a",0.554,0.0962505421948853,0.108,0.429952748987947,0.351,0.261
"Hspa5",0.554,0.0851859438194545,0.108,0.458185413815435,0.272,0.171
"Smyd2",0.554,0.128846100530501,0.108,0.889708934640024,0.24,0.14
"Lancl1",0.554,0.102466781949408,0.108,0.404400069381133,0.39,0.299
"Atp6ap1",0.553,0.0928234871860403,0.106,0.496173397837112,0.291,0.197
"Araf",0.553,0.0843890527967026,0.106,0.296545415785227,0.413,0.318
"Fra10ac1",0.553,0.0914991023043676,0.106,0.50416559067382,0.274,0.172
"Slc3a2",0.553,0.0936420022402928,0.106,0.415382021674047,0.351,0.26
"Ankrd13d",0.553,0.130748102357719,0.106,0.715658548748602,0.296,0.205
"Syt4",0.553,0.125533453385106,0.106,0.514072546648455,0.37,0.284
"Arhgef33",0.553,0.124947152100999,0.106,1.11288009170295,0.188,0.085
"Phf1",0.553,0.105109782899106,0.106,0.832187569207923,0.217,0.115
"Gm32509",0.553,0.110381444317537,0.106,1.01958020522741,0.186,0.083
"Map3k12",0.553,0.117180914715618,0.106,0.588122440806376,0.326,0.237
"Prpf40b",0.553,0.0711316295728376,0.106,0.278994736668365,0.405,0.315
"L2hgdh",0.553,0.118325620786737,0.106,0.849079551948675,0.234,0.135
"Galnt10",0.553,0.0521171706391197,0.106,0.257117346362263,0.284,0.18
"Sqstm1",0.553,0.0690453110131676,0.106,0.30064819210699,0.356,0.265
"Sgpl1",0.553,0.0803223951219971,0.106,0.415976414949435,0.299,0.201
"Tmem59l",0.553,0.121734657508183,0.106,0.877295650254397,0.226,0.127
"Gm2516",0.553,0.159727241579869,0.106,2.43872546716118,0.138,0.035
"Slc25a4",0.553,0.0923623828243965,0.106,0.555126140095592,0.259,0.16
"Camk1",0.553,0.078400977890537,0.106,0.462591971679634,0.262,0.162
"Snx8",0.553,0.0615270864525288,0.106,0.52367824233041,0.181,0.075
"Naa25",0.553,0.10288790510401,0.106,0.534055791929189,0.303,0.209
"Steap2",0.553,0.0941640542397894,0.106,1.12937965380269,0.149,0.043
"Agrn",0.553,0.0847527301792723,0.106,0.409637906848898,0.334,0.24
"Rcan3",0.553,0.0882765693681146,0.106,0.70333772847039,0.206,0.101
"Gnl2",0.553,0.0725417541500636,0.106,0.280154165071597,0.41,0.32
"Plppr5",0.553,0.100491559090907,0.106,0.284771074522981,0.535,0.448
"Dnttip1",0.553,0.0708684507878445,0.106,0.322475929589935,0.351,0.257
"Ro60",0.553,0.0850237737222411,0.106,0.374743224128467,0.356,0.26
"Nop58",0.553,0.106512075313628,0.106,0.545369044225583,0.302,0.209
"Mbtps2",0.552,0.0921702855425251,0.104,0.442260375801766,0.307,0.213
"Pnma3",0.552,0.140668969720079,0.104,1.7936502277173,0.155,0.055
"Hdac6",0.552,0.111287255581938,0.104,0.803506977607976,0.236,0.14
"Bscl2",0.552,0.114516523972708,0.104,0.713652641243035,0.256,0.161
"Epb41l4a",0.552,0.107820886073949,0.104,0.559749620487541,0.208,0.103
"Wdr36",0.552,0.0932311169927346,0.104,0.486124308992134,0.297,0.208
"Cul2",0.552,0.0866821688075705,0.104,0.329738487562503,0.411,0.329
"Plcxd2",0.552,0.117135304913831,0.104,0.918133999670177,0.197,0.095
"Arhgef40",0.552,0.0538425482532311,0.104,0.433642244012874,0.188,0.084
"Mccc2",0.552,0.076334405783318,0.104,0.329724795039319,0.362,0.273
"Begain",0.552,0.135449982368054,0.104,1.08449589529645,0.222,0.128
"Rab10os",0.552,0.119663686731831,0.104,0.806078972497768,0.252,0.159
"Snhg20",0.552,0.0657005848103626,0.104,0.290133586439525,0.348,0.258
"Mfap3",0.552,0.0787981218784189,0.104,0.345929668396268,0.361,0.27
"Slc1a4",0.552,0.0860319414498061,0.104,0.73138488572109,0.199,0.097
"Nipsnap1",0.552,0.121024571811872,0.104,0.603595631259733,0.322,0.235
"Lta4h",0.552,0.0597685444857621,0.104,0.305073045535019,0.296,0.197
"Glb1",0.552,0.10131547543962,0.104,0.591037220568128,0.264,0.167
"Sc5d",0.552,0.0987998593023203,0.104,0.590781163107476,0.266,0.17
"9530077C05Rik",0.552,0.116865173331926,0.104,0.911603872551225,0.213,0.115
"Ttc13",0.552,0.0678224265961517,0.104,0.262163541746527,0.413,0.33
"Maf",0.552,0.109943039740843,0.104,0.570787646706618,0.175,0.07
"Lrrc29",0.552,0.0994693565209318,0.104,0.700923090750592,0.245,0.149
"Colgalt1",0.552,0.0787851197045748,0.104,0.38548723433817,0.321,0.227
"Ifitm10",0.552,0.054449660160123,0.104,0.560682714815865,0.15,0.045
"Atg16l2",0.552,0.0730399917703493,0.104,0.392008360987502,0.29,0.189
"Lig1",0.552,0.115126491825665,0.104,1.70499173497843,0.14,0.037
"Gcn1",0.552,0.0609408580485221,0.104,0.26813514462261,0.351,0.263
"Inpp5b",0.552,0.112786139259435,0.104,0.476380471457171,0.372,0.291
"Mcts1",0.551,0.0650932799408504,0.102,0.341293065759005,0.301,0.207
"Dgkk",0.551,0.172178198530183,0.102,3.54655294293886,0.115,0.013
"Lmln",0.551,0.100890863231023,0.102,0.599513588809988,0.265,0.17
"Map3k13",0.551,0.0905137021894727,0.102,0.285026016065851,0.483,0.403
"Efcab1",0.551,0.180409595302243,0.102,1.09169670406602,0.23,0.137
"Rabl2",0.551,0.119277032465979,0.102,0.865508083333742,0.237,0.142
"Nol10",0.551,0.0878191671664363,0.102,0.413558583800668,0.346,0.254
"Dcaf7",0.551,0.0850034730647642,0.102,0.349978598367584,0.372,0.288
"Sgsm2",0.551,0.0952091200169619,0.102,0.391346002008778,0.381,0.288
"Ikzf4",0.551,0.105369976411997,0.102,0.730798790056514,0.231,0.135
"Oxsr1",0.551,0.0787336337619232,0.102,0.477920482191192,0.266,0.171
"Ice2",0.551,0.0678135711825632,0.102,0.332533122442173,0.306,0.212
"Alg9",0.551,0.103145066626041,0.102,0.564672137444434,0.283,0.192
"Fbxl12",0.551,0.0660655652293628,0.102,0.291023414931956,0.35,0.26
"Caly",0.551,0.12814755530074,0.102,0.70422328113849,0.29,0.202
"Tubgcp2",0.551,0.0854988373564899,0.102,0.535711401661794,0.257,0.166
"Atad3a",0.551,0.0850940702879771,0.102,0.460424773440993,0.302,0.21
"Bcas2",0.551,0.0882568514942929,0.102,0.559423932284569,0.253,0.156
"Cog6",0.551,0.0762433145929421,0.102,0.402460191235017,0.316,0.224
"Entpd6",0.551,0.101521445050224,0.102,0.574423017335754,0.287,0.197
"Mapk8ip1",0.551,0.0815428058719392,0.102,0.466372269036902,0.272,0.18
"Tdrd5",0.551,0.135796797189869,0.102,1.18766941470987,0.21,0.116
"Tsen15",0.551,0.108278464370546,0.102,0.84883415353526,0.215,0.118
"Ndufa10",0.551,0.0735877052801445,0.102,0.318462186843474,0.373,0.288
"Chic1",0.55,0.0857863824999663,0.1,0.30672737683359,0.425,0.341
"Ar",0.55,0.164082421983061,0.1,0.687293247710912,0.325,0.241
"Prrc1",0.55,0.0650412987652576,0.1,0.404014257025509,0.245,0.151
"Tbc1d24",0.55,0.089407187729279,0.1,0.459413502251262,0.315,0.225
"Igf2r",0.55,0.0573200139199357,0.1,0.300286267758722,0.289,0.194
"Dynlt1a",0.55,0.126579344135474,0.1,1.3347294675624,0.172,0.075
"Sgsm3",0.55,0.102612978830975,0.1,0.561601360686236,0.3,0.213
"Dnajc15",0.55,0.101794172556755,0.1,0.556413994161146,0.282,0.19
"Tmed8",0.55,0.0989868275988342,0.1,0.524575927483746,0.309,0.224
"Snapc1",0.55,0.0876364238072218,0.1,0.401716889524481,0.338,0.254
"Tmem132e",0.55,0.122780387795862,0.1,1.19786156875952,0.179,0.081
"Zfp846",0.55,0.095833190833876,0.1,0.548370288094859,0.28,0.191
"Lmtk3",0.55,0.114262486601763,0.1,0.454878093974062,0.42,0.349
"Nucb1",0.55,0.0966180904229116,0.1,0.8379835006833,0.194,0.095
"Ppp1r12c",0.55,0.064996289848985,0.1,0.293487077043814,0.351,0.265
"Eno2",0.55,0.113654049738232,0.1,0.51316684401779,0.367,0.289
"0610040F04Rik",0.55,0.126921149451263,0.1,1.2321986753135,0.182,0.086
"Eif4e3",0.55,0.0911304105283417,0.1,0.438206071657354,0.325,0.241
"Nup210",0.55,0.106458781317565,0.1,0.53539820512764,0.326,0.234
"Copg1",0.55,0.067522060093874,0.1,0.369439070090395,0.292,0.202
"Nup205",0.55,0.0779779971445836,0.1,0.353554934040064,0.334,0.244
"Mob1b",0.55,0.0593489655841221,0.1,0.283600725394637,0.333,0.244
"Dvl1",0.55,0.097267517168499,0.1,0.595542260371374,0.261,0.172
"Ccdc171",0.55,0.0860749845291922,0.1,0.412785094501293,0.278,0.182
"Dchs2",0.55,0.13400973663483,0.1,0.547121732630976,0.287,0.189
"Pigu",0.55,0.0745812646058803,0.1,0.302777568337418,0.373,0.289
"Pla2g4e",0.55,0.116807668098338,0.1,0.852599840694603,0.233,0.138
"Hsd17b12",0.55,0.0750111974941762,0.1,0.297647700933016,0.384,0.294
"Pde11a",0.55,0.243575984316842,0.1,1.64989168886224,0.145,0.045
"Fastkd1",0.55,0.0881318338655568,0.1,0.606346322381089,0.231,0.135
"Efcab2",0.55,0.119672518333039,0.1,0.854781971995526,0.219,0.126
"Fam20b",0.55,0.0971824010061255,0.1,0.575172230454138,0.272,0.181
"Slc35f5",0.55,0.0751354095780169,0.1,0.549689109647985,0.22,0.125
"Gm28756",0.55,0.118854598072153,0.1,1.07096122511594,0.192,0.094
"Armcx1",0.549,0.121518230489623,0.0980000000000001,0.965662569038117,0.219,0.128
"Lancl3",0.549,0.14556097122306,0.0980000000000001,2.16936523884199,0.121,0.025
"Zc3h7b",0.549,0.057327784615473,0.0980000000000001,0.280873875377314,0.316,0.226
"Stac2",0.549,0.121663157707288,0.0980000000000001,1.50641938725706,0.152,0.055
"Rnf227",0.549,0.122219153646893,0.0980000000000001,0.83839810517353,0.226,0.135
"Flii",0.549,0.0568381203134993,0.0980000000000001,0.380716196834841,0.231,0.136
"Ublcp1",0.549,0.0718164176786161,0.0980000000000001,0.460374590913875,0.243,0.149
"Zfr2",0.549,0.109295249172682,0.0980000000000001,0.562777152149479,0.317,0.236
"Ccdc28a",0.549,0.085124781891506,0.0980000000000001,0.490610150648302,0.275,0.184
"Akap12",0.549,0.0921703345805175,0.0980000000000001,0.842676952592107,0.177,0.08
"Idh3a",0.549,0.0972286927930486,0.0980000000000001,0.648580213944544,0.249,0.161
"Hmgxb4",0.549,0.0584274891626927,0.0980000000000001,0.282516364968811,0.313,0.223
"Ash2l",0.549,0.0809370433715728,0.0980000000000001,0.378552873646873,0.33,0.243
"Tsg101",0.549,0.058932563459348,0.0980000000000001,0.325378915195056,0.277,0.187
"4930590J08Rik",0.549,0.114604359910402,0.0980000000000001,1.73059794016467,0.143,0.046
"Gm13112",0.549,0.108133068281233,0.0980000000000001,2.8717192793486,0.11,0.013
"Dnajc8",0.549,0.0765539182055712,0.0980000000000001,0.34598711775048,0.349,0.264
"Zcchc17",0.549,0.0675515555032015,0.0980000000000001,0.3511688214061,0.309,0.222
"Fndc5",0.549,0.11582712943733,0.0980000000000001,1.42938624487129,0.157,0.062
"Rimkla",0.549,0.11908658835761,0.0980000000000001,0.777490826413556,0.247,0.158
"Rab3b",0.549,0.145364986928618,0.0980000000000001,1.32911079531311,0.158,0.062
"Pnrc1",0.549,0.101933489452676,0.0980000000000001,0.975898654307498,0.165,0.069
"Fbxl4",0.549,0.0696699581639805,0.0980000000000001,0.375548609001144,0.273,0.178
"Ube2f",0.549,0.0624582134423062,0.0980000000000001,0.270020604505117,0.352,0.264
"Tspyl2",0.548,0.0944135680499042,0.0960000000000001,0.496035295404285,0.304,0.218
"Zfp711",0.548,0.11826703984778,0.0960000000000001,1.09821452386148,0.181,0.091
"Fam45a",0.548,0.060251214128549,0.0960000000000001,0.326861757914135,0.288,0.2
"Asah2",0.548,0.0559726766956913,0.0960000000000001,0.408410751509764,0.198,0.1
"Socs5",0.548,0.0619151778885401,0.0960000000000001,0.290300202309019,0.327,0.239
"Ndufaf7",0.548,0.0904078538548492,0.0960000000000001,0.470570356751898,0.3,0.216
"Pick1",0.548,0.0777121565528229,0.0960000000000001,0.400363027902421,0.306,0.221
"Gga1",0.548,0.0843006781147042,0.0960000000000001,0.587425161728012,0.231,0.142
"Bbof1",0.548,0.0960955197338113,0.0960000000000001,0.396954545618693,0.373,0.302
"Dnah9",0.548,0.0546045323911059,0.0960000000000001,0.2837979513036,0.234,0.139
"Slc22a21",0.548,0.0958959317395621,0.0960000000000001,1.19090010575145,0.134,0.038
"Tspyl4",0.548,0.0912318684476043,0.0960000000000001,0.610770994090089,0.233,0.145
"Mrpl3",0.548,0.0632138879158793,0.0960000000000001,0.259156695666967,0.393,0.307
"Psma1",0.548,0.0736733397139707,0.0960000000000001,0.380417427894326,0.305,0.22
"Fkbp4",0.548,0.0952767751953433,0.0960000000000001,0.90075525133699,0.177,0.083
"Fbxo41",0.548,0.104076184620378,0.0960000000000001,0.456110046806841,0.377,0.296
"Helq",0.548,0.0856707310269028,0.0960000000000001,0.394543189564258,0.35,0.273
"Cyp51",0.548,0.0769620571615075,0.0960000000000001,0.321660226146015,0.35,0.269
"Pex1",0.548,0.0687200870205873,0.0960000000000001,0.306622290918235,0.351,0.27
"Clcn6",0.548,0.0753557534673874,0.0960000000000001,0.405933250330257,0.284,0.197
"Rims4",0.548,0.123867943659479,0.0960000000000001,0.706092586144896,0.283,0.199
"L3mbtl1",0.548,0.123881196991994,0.0960000000000001,1.21609321491176,0.192,0.102
"Mapre1",0.548,0.0613664262243665,0.0960000000000001,0.331906987303676,0.287,0.196
"Hhat",0.548,0.106456829310146,0.0960000000000001,1.0882319627308,0.17,0.078
"Tiprl",0.548,0.0918794070406801,0.0960000000000001,0.572544560357028,0.258,0.169
"Actr1b",0.548,0.0924420285015803,0.0960000000000001,0.511383254938288,0.291,0.21
"Mamld1",0.547,0.0935773814364723,0.0940000000000001,0.315583472752905,0.433,0.36
"Slitrk4",0.547,0.122504854772097,0.0940000000000001,0.89725334523571,0.211,0.126
"Lmnb1",0.547,0.0782432385804827,0.0940000000000001,0.581665609438542,0.207,0.118
"Ttc27",0.547,0.0670447702978837,0.0940000000000001,0.319562605064447,0.323,0.241
"E430024P14Rik",0.547,0.122410290264052,0.0940000000000001,0.80351284515709,0.228,0.139
"Trabd",0.547,0.100601533031417,0.0940000000000001,0.829216551764097,0.201,0.111
"Zfat",0.547,0.084023276255312,0.0940000000000001,0.322427737619721,0.389,0.309
"Dgke",0.547,0.0695325517171967,0.0940000000000001,0.29241754170914,0.371,0.289
"Ints2",0.547,0.0752500803903987,0.0940000000000001,0.432108017918867,0.269,0.184
"Mdh1",0.547,0.0842852197583227,0.0940000000000001,0.389548836780394,0.335,0.257
"Celf6",0.547,0.13458909789284,0.0940000000000001,0.939777044859172,0.234,0.151
"Dus2",0.547,0.0722507286817375,0.0940000000000001,0.518482290473163,0.232,0.141
"Ppp2r2d",0.547,0.066408391427158,0.0940000000000001,0.332502538656508,0.304,0.22
"Nrip3",0.547,0.116140720190054,0.0940000000000001,0.769652784530949,0.233,0.143
"Gys1",0.547,0.0948198565250276,0.0940000000000001,0.686066085631408,0.222,0.132
"Glt1d1",0.547,0.0955755516182136,0.0940000000000001,0.440422095386865,0.336,0.26
"Smarcd3",0.547,0.0879184466778015,0.0940000000000001,0.413065628652907,0.326,0.246
"Vwa5b1",0.547,0.134449937127638,0.0940000000000001,1.41525431453292,0.129,0.035
"Gstcd",0.547,0.07946415948017,0.0940000000000001,0.530632741736826,0.229,0.141
"Gm29865",0.547,0.161042595311724,0.0940000000000001,1.99612035796721,0.139,0.048
"Strip1",0.547,0.0862293328264087,0.0940000000000001,0.577272808615949,0.225,0.136
"Ubqln4",0.547,0.0853922927643498,0.0940000000000001,0.570520940776097,0.24,0.154
"Nfs1",0.547,0.0600929090175055,0.0940000000000001,0.316619178369302,0.303,0.214
"Bbs5",0.547,0.102725800591605,0.0940000000000001,0.663719697784994,0.254,0.17
"Atic",0.547,0.103326450011884,0.0940000000000001,0.966146425498125,0.172,0.082
"Ica1l",0.547,0.123278282634108,0.0940000000000001,0.58145075344204,0.338,0.264
"Tram1",0.547,0.0728799220835885,0.0940000000000001,0.451613907951127,0.242,0.155
"Gm14827",0.546,0.10877237043931,0.0920000000000001,1.05692570539622,0.191,0.105
"Mpp1",0.546,0.0852982987837466,0.0920000000000001,0.733022282464532,0.194,0.106
"Trmt61b",0.546,0.10380208116568,0.0920000000000001,0.779687818020726,0.211,0.125
"Tmem186",0.546,0.0917148478774719,0.0920000000000001,0.757912370237029,0.206,0.116
"Pdhb",0.546,0.0737225568932865,0.0920000000000001,0.411093669094628,0.281,0.2
"Ntn4",0.546,0.0437088760572252,0.0920000000000001,0.381819430352112,0.155,0.061
"Exosc7",0.546,0.0745867535616388,0.0920000000000001,0.46624797486674,0.259,0.171
"Ano10",0.546,0.0551323238317367,0.0920000000000001,0.3166067116453,0.253,0.165
"Pfkfb4",0.546,0.0573693223089082,0.0920000000000001,0.335844463986215,0.258,0.17
"Ccpg1",0.546,0.0651399302313844,0.0920000000000001,0.270969998273615,0.37,0.294
"Saraf",0.546,0.0733618077292674,0.0920000000000001,0.356481879323734,0.308,0.225
"Ccl25",0.546,0.0707626356332979,0.0920000000000001,0.27769560021972,0.401,0.323
"Cttn",0.546,0.0636912702006854,0.0920000000000001,0.339339513588471,0.304,0.22
"Vps33b",0.546,0.0999567059591098,0.0920000000000001,0.812608691243768,0.208,0.122
"Ano5",0.546,0.130363502483012,0.0920000000000001,0.997328482265693,0.194,0.105
"Zfp30",0.546,0.0801657925731857,0.0920000000000001,0.667095873223505,0.197,0.107
"Zscan18",0.546,0.100439686541341,0.0920000000000001,0.573452895239697,0.281,0.198
"Slc25a26",0.546,0.0708265064758457,0.0920000000000001,0.259833303669547,0.415,0.347
"Lrrc41",0.546,0.0880564737735373,0.0920000000000001,0.665149561744961,0.215,0.128
"Tmem67",0.546,0.088157679767874,0.0920000000000001,0.464311308168327,0.296,0.218
"Sec24d",0.546,0.0846359407406639,0.0920000000000001,0.428265268447431,0.272,0.187
"Dap3",0.546,0.056786341458089,0.0920000000000001,0.275909963985861,0.312,0.23
"Tmem189",0.546,0.0692044883156094,0.0920000000000001,0.375520524868458,0.278,0.194
"Ckmt1",0.546,0.121949174264795,0.0920000000000001,1.34514929943234,0.172,0.084
"Zcchc2",0.546,0.0546811354557279,0.0920000000000001,0.276770919947062,0.295,0.21
"Gm14634",0.545,0.100645105397513,0.0900000000000001,1.08453203198372,0.155,0.068
"Plgrkt",0.545,0.0563569745652328,0.0900000000000001,0.311405872138734,0.274,0.188
"Zbtb7c",0.545,0.125675164094185,0.0900000000000001,0.531910665127471,0.256,0.174
"Msh2",0.545,0.0878595861882776,0.0900000000000001,0.525632217693146,0.262,0.177
"Tbc1d31",0.545,0.0578484116920022,0.0900000000000001,0.360767757454918,0.242,0.153
"Skp2",0.545,0.0956252866148536,0.0900000000000001,0.668385188888583,0.222,0.14
"Gm40437",0.545,0.128358412597594,0.0900000000000001,1.47732305101624,0.159,0.073
"Fancm",0.545,0.0601199203095182,0.0900000000000001,0.322412862325613,0.282,0.201
"Nol11",0.545,0.0669327184018302,0.0900000000000001,0.329327432174129,0.307,0.224
"Cherp",0.545,0.0472142002478075,0.0900000000000001,0.289625228337041,0.257,0.172
"Vdac3",0.545,0.0577892614281116,0.0900000000000001,0.331370988476923,0.266,0.182
"Dcun1d2",0.545,0.0687714145933521,0.0900000000000001,0.25076553989405,0.417,0.347
"Insyn2a",0.545,0.0911647105263045,0.0900000000000001,0.715235606383383,0.19,0.101
"A430033K04Rik",0.545,0.097918917227713,0.0900000000000001,0.646047046452195,0.236,0.152
"AI504432",0.545,0.119444838723819,0.0900000000000001,1.13108130602343,0.179,0.095
"Atp5f1",0.545,0.0633202386090373,0.0900000000000001,0.319475912342445,0.306,0.226
"Dhtkd1",0.545,0.053872135040448,0.0900000000000001,0.374585055834042,0.218,0.129
"Bpnt1",0.545,0.0954866437856401,0.0900000000000001,0.790367655450692,0.207,0.122
"Qsox1",0.545,0.0636834404558079,0.0900000000000001,0.532709399249176,0.199,0.11
"Rai2",0.544,0.0932236488598146,0.0880000000000001,0.659051300042069,0.208,0.126
"Fgd1",0.544,0.0944665713620602,0.0880000000000001,0.7243931575944,0.213,0.132
"Morc4",0.544,0.097479154128132,0.0880000000000001,1.10926760443942,0.151,0.065
"Sfxn4",0.544,0.0978669519195364,0.0880000000000001,0.714083954174981,0.215,0.134
"Ina",0.544,0.0936185201012457,0.0880000000000001,0.62855226981477,0.248,0.167
"Prpf19",0.544,0.0829614614356289,0.0880000000000001,0.717064232694806,0.194,0.11
"Tpgs2",0.544,0.0924257471522489,0.0880000000000001,0.648150954336463,0.212,0.13
"Shd",0.544,0.101525789557707,0.0880000000000001,1.68711477486016,0.126,0.04
"Ttbk1",0.544,0.0964266318916328,0.0880000000000001,0.498238162587406,0.308,0.236
"Cbx7",0.544,0.0727413686329,0.0880000000000001,0.533833444248964,0.206,0.122
"Cox6c",0.544,0.0633928246285686,0.0880000000000001,0.479015628989054,0.204,0.119
"Arhgap22",0.544,0.0434457040407637,0.0880000000000001,0.283447856268265,0.215,0.13
"Emb",0.544,0.110665325217346,0.0880000000000001,0.58103870467829,0.296,0.224
"Psmd12",0.544,0.0666658683527291,0.0880000000000001,0.400404947409544,0.259,0.177
"Nt5m",0.544,0.0748853486585311,0.0880000000000001,0.453476891016054,0.269,0.19
"Slc22a4",0.544,0.076726220138042,0.0880000000000001,0.650350514714944,0.174,0.088
"Man1a",0.544,0.12768358893538,0.0880000000000001,0.316187851387529,0.4,0.31
"Gm9856",0.544,0.0679744896934537,0.0880000000000001,0.587323554380603,0.182,0.097
"Cep126",0.544,0.0730892466895466,0.0880000000000001,0.264826963451228,0.42,0.351
"Bbs2",0.544,0.0726091214895429,0.0880000000000001,0.414733750948983,0.267,0.188
"Pbx4",0.544,0.101711531502023,0.0880000000000001,0.81789585771812,0.204,0.122
"Col4a2",0.544,0.0689953440862367,0.0880000000000001,0.291703766207717,0.36,0.287
"Itfg2",0.544,0.0768092359866125,0.0880000000000001,0.602637984849741,0.196,0.112
"Malsu1",0.544,0.0519931659148492,0.0880000000000001,0.268880865894169,0.298,0.216
"Hadhb",0.544,0.0580134212884112,0.0880000000000001,0.354542557272221,0.248,0.163
"Slc25a40",0.544,0.0490041772463592,0.0880000000000001,0.307520681816646,0.241,0.159
"Atpif1",0.544,0.0963233778981578,0.0880000000000001,0.539469389546443,0.276,0.199
"Trappc3",0.544,0.0784338325819807,0.0880000000000001,0.512173558298674,0.251,0.173
"Erich3",0.544,0.0945814124131242,0.0880000000000001,0.524081078201943,0.274,0.194
"Mme",0.544,0.0955423504041573,0.0880000000000001,0.621987365077884,0.198,0.108
"Madd",0.544,0.0759045231950629,0.0880000000000001,0.254921859034875,0.468,0.403
"BC035947",0.544,0.109844938011327,0.0880000000000001,2.97554044669707,0.104,0.018
"Stradb",0.544,0.0771001656710772,0.0880000000000001,0.515900662532743,0.24,0.159
"Clpp",0.543,0.0479875960635594,0.0860000000000001,0.284309477839817,0.257,0.177
"Zfpm2",0.543,0.184268900838499,0.0860000000000001,0.336943577708444,0.494,0.404
"Kctd9",0.543,0.0626865900416178,0.0860000000000001,0.538618303124697,0.189,0.105
"Nynrin",0.543,0.0743056476223483,0.0860000000000001,1.31493377282723,0.109,0.022
"Trim23",0.543,0.0683213394982334,0.0860000000000001,0.309422735229619,0.338,0.267
"Tmem229b",0.543,0.0606298722889088,0.0860000000000001,0.427197085046741,0.22,0.138
"Kcns3",0.543,0.159221085104229,0.0860000000000001,3.19128498564376,0.1,0.014
"Narf",0.543,0.0571383428180757,0.0860000000000001,0.261287911537397,0.327,0.251
"Usp36",0.543,0.0581574087269796,0.0860000000000001,0.274824991237542,0.327,0.251
"5530401A14Rik",0.543,0.108568567334097,0.0860000000000001,1.77401950197167,0.13,0.045
"Gm45321",0.543,0.112349043705963,0.0860000000000001,1.97194431470472,0.115,0.03
"9530052E02Rik",0.543,0.106774150139996,0.0860000000000001,0.676261401372053,0.248,0.172
"Ccdc90b",0.543,0.0876427151101322,0.0860000000000001,0.69803393764772,0.201,0.117
"Arntl2",0.543,0.110868634611357,0.0860000000000001,0.64544795884573,0.27,0.197
"Gm10069",0.543,0.0895465755993382,0.0860000000000001,1.34546923263438,0.128,0.042
"Nrip2",0.543,0.104398836066697,0.0860000000000001,1.40882677116114,0.139,0.056
"Lhfpl4",0.543,0.0714220023832969,0.0860000000000001,0.356213690442537,0.329,0.255
"Sema3c",0.543,0.0833385463421857,0.0860000000000001,0.572664765093497,0.141,0.056
"Mfn2",0.543,0.0561218677437788,0.0860000000000001,0.346301827907266,0.251,0.17
"Cct3",0.543,0.0527045613583021,0.0860000000000001,0.289454748339228,0.266,0.186
"Slc32a1",0.543,0.0931721609880637,0.0860000000000001,1.11682786315503,0.136,0.051
"Prdm11",0.543,0.087097933903418,0.0860000000000001,0.631633397862376,0.221,0.141
"Prkra",0.543,0.0528897340713675,0.0860000000000001,0.558081836674868,0.149,0.062
"Golga2",0.543,0.0775081423907757,0.0860000000000001,0.475311995107963,0.255,0.176
"Retreg2",0.543,0.073123522120725,0.0860000000000001,0.526438134243328,0.214,0.134
"Smarcal1",0.543,0.083085742339497,0.0860000000000001,0.495288090136692,0.253,0.177
"Hspd1",0.543,0.0546550893087403,0.0860000000000001,0.332041939685765,0.251,0.171
"Nbdy",0.542,0.0770178855179522,0.0840000000000001,0.518258752327648,0.226,0.145
"Pbdc1",0.542,0.0737978467850706,0.0840000000000001,0.424193401997117,0.257,0.18
"Klhl13",0.542,0.0708317496982046,0.0840000000000001,0.327018016482582,0.282,0.198
"Minar2",0.542,0.111903609272513,0.0840000000000001,1.2021077949631,0.164,0.084
"Dus3l",0.542,0.0574537728755489,0.0840000000000001,0.43638489294921,0.214,0.136
"Tmem181a",0.542,0.0714448985076574,0.0840000000000001,0.28707454059934,0.385,0.319
"Pinx1",0.542,0.0614680951370541,0.0840000000000001,0.304262797346593,0.3,0.222
"A230087F16Rik",0.542,0.0964400527420762,0.0840000000000001,2.23407663466762,0.107,0.024
"Lhx1os",0.542,0.114287811365697,0.0840000000000001,4.70214397185406,0.086,0.003
"Cluh",0.542,0.0645474335734134,0.0840000000000001,0.415669007011881,0.246,0.167
"Izumo4",0.542,0.0804234452588264,0.0840000000000001,0.54408929126725,0.22,0.142
"Esr1",0.542,0.155599513329474,0.0840000000000001,1.51907935501269,0.123,0.039
"Stx1b",0.542,0.0752612251065227,0.0840000000000001,0.428288719248811,0.285,0.211
"Gm26633",0.542,0.11231918129945,0.0840000000000001,3.98365236479699,0.092,0.008
"Smim17",0.542,0.095299507471334,0.0840000000000001,1.20629166157001,0.151,0.07
"0610030E20Rik",0.542,0.051380353510092,0.0840000000000001,0.295433415086962,0.254,0.176
"Tmem106b",0.542,0.0490342706580767,0.0840000000000001,0.27181530045872,0.27,0.191
"Suds3",0.542,0.0876744328702292,0.0840000000000001,0.446489829876983,0.305,0.233
"Wdr19",0.542,0.0837335041890492,0.0840000000000001,0.558259237113337,0.239,0.163
"Sepsecs",0.542,0.0516531574499062,0.0840000000000001,0.300028440731564,0.259,0.18
"Nat8l",0.542,0.0925059114317053,0.0840000000000001,0.804643867513074,0.196,0.116
"4930412C18Rik",0.542,0.0957755686507699,0.0840000000000001,1.26113066601297,0.133,0.051
"Bbs7",0.542,0.0734560881006787,0.0840000000000001,0.36841479898909,0.299,0.225
"Emc7",0.542,0.059353966827049,0.0840000000000001,0.355013944371818,0.247,0.169
"Lrsam1",0.542,0.0533287148717454,0.0840000000000001,0.480755143654585,0.177,0.095
"Usp20",0.542,0.0724957431746059,0.0840000000000001,0.434654656390324,0.27,0.194
"Gpc1",0.542,0.100279339940363,0.0840000000000001,1.07161995588098,0.171,0.09
"Cldn34c1",0.541,0.0370333857705282,0.0820000000000001,0.369462753821078,0.147,0.063
"Pdcd11",0.541,0.0554694545581712,0.0820000000000001,0.40478693408101,0.208,0.129
"Cnnm1",0.541,0.0844697246803736,0.0820000000000001,0.298946233580739,0.441,0.379
"Pigq",0.541,0.0500322324781332,0.0820000000000001,0.321443770071123,0.237,0.16
"Pou6f1",0.541,0.0625719868497348,0.0820000000000001,0.300021990426736,0.301,0.225
"Zfp641",0.541,0.076639073388775,0.0820000000000001,0.718749550413275,0.172,0.091
"Arfgap3",0.541,0.0371008473066611,0.0820000000000001,0.262744868150786,0.206,0.126
"A730060N03Rik",0.541,0.0991183923863688,0.0820000000000001,0.983334218857025,0.181,0.103
"Sncb",0.541,0.105611087396903,0.0820000000000001,0.7304587215859,0.24,0.172
"Rnf144b",0.541,0.127944682986624,0.0820000000000001,0.74182522104348,0.208,0.132
"Dlk1",0.541,0.194757431745115,0.0820000000000001,2.29772375872974,0.11,0.029
"Tmem63c",0.541,0.0917441377861442,0.0820000000000001,0.392724025825894,0.375,0.309
"Wdr35",0.541,0.0561467826813126,0.0820000000000001,0.278371888073256,0.299,0.223
"Zfp2",0.541,0.0900493179669653,0.0820000000000001,0.630753090983401,0.223,0.15
"Ttc1",0.541,0.0504550646488793,0.0820000000000001,0.341158060396943,0.23,0.152
"Pwp1",0.541,0.0944441970099102,0.0820000000000001,0.945627911775648,0.17,0.091
"Gnaz",0.541,0.0748577726083347,0.0820000000000001,0.466371026185812,0.271,0.197
"Hk1",0.541,0.071746091697507,0.0820000000000001,0.283183539620707,0.393,0.328
"Tbc1d2b",0.541,0.048387727434001,0.0820000000000001,0.329169658600266,0.22,0.139
"Atp5l",0.541,0.0722648726316379,0.0820000000000001,0.463396494266033,0.245,0.17
"Dnmt1",0.541,0.0738197144765937,0.0820000000000001,0.560411427614391,0.203,0.126
"6430548M08Rik",0.541,0.074337509042796,0.0820000000000001,0.425684519250313,0.27,0.198
"Phkg2",0.541,0.0600806676334086,0.0820000000000001,0.340684172149234,0.279,0.208
"A230077H06Rik",0.541,0.129912365173352,0.0820000000000001,1.19708872301663,0.175,0.098
"Pnmal2",0.541,0.0830309970228187,0.0820000000000001,0.657912612779414,0.189,0.11
"Hdac11",0.541,0.0482043917387314,0.0820000000000001,0.275704242374417,0.262,0.185
"Bri3bp",0.541,0.082343297058078,0.0820000000000001,0.613574373232411,0.221,0.143
"Rnf32",0.541,0.0764782583873988,0.0820000000000001,0.412046441584695,0.283,0.209
"Iffo2",0.541,0.0780798603381779,0.0820000000000001,0.659361164871475,0.198,0.121
"Trit1",0.541,0.0745803615045517,0.0820000000000001,0.377737488289478,0.296,0.224
"Kank4",0.541,0.0649688702478212,0.0820000000000001,1.07749876580272,0.108,0.025
"Hdgf",0.541,0.0838765925257175,0.0820000000000001,0.572519484742124,0.236,0.162
"Gm14296",0.541,0.0655223120703705,0.0820000000000001,0.417429010523374,0.24,0.166
"Pofut1",0.541,0.0675665323453263,0.0820000000000001,0.375540405973825,0.274,0.201
"Gabpb1",0.541,0.0606105689209052,0.0820000000000001,0.287108751755241,0.311,0.239
"Inha",0.541,0.105428148478597,0.0820000000000001,0.851789443515447,0.209,0.136
"Syngr3",0.54,0.0755465803633031,0.0800000000000001,0.697968669572296,0.183,0.106
"Fgfr1op",0.54,0.0571767138401387,0.0800000000000001,0.301653005860346,0.296,0.227
"Serac1",0.54,0.0662346122834622,0.0800000000000001,0.32292301558274,0.311,0.242
"Donson",0.54,0.10843984217812,0.0800000000000001,0.960034859734154,0.19,0.117
"Poglut1",0.54,0.0750862111772116,0.0800000000000001,0.414416314804415,0.27,0.201
"Spag1",0.54,0.0743614116144241,0.0800000000000001,0.459716271259077,0.245,0.17
"Dynll2",0.54,0.0488677525486463,0.0800000000000001,0.291200965845454,0.25,0.177
"Myo19",0.54,0.0928513027791209,0.0800000000000001,0.972229078004013,0.165,0.088
"Ift20",0.54,0.0728440414664093,0.0800000000000001,0.526725391922718,0.212,0.137
"Adat1",0.54,0.0585309993112421,0.0800000000000001,0.381264728708046,0.232,0.158
"Zdhhc1",0.54,0.046709716564497,0.0800000000000001,0.263556369809907,0.268,0.196
"Gpr139",0.54,0.118329438416346,0.0800000000000001,1.8992861618526,0.111,0.033
"Iglon5",0.54,0.0961832465207796,0.0800000000000001,0.904627012992837,0.188,0.115
"Brsk1",0.54,0.0566253953325685,0.0800000000000001,0.25357772047448,0.346,0.282
"Tsen2",0.54,0.048034443596613,0.0800000000000001,0.290264781998972,0.25,0.175
"Sdhaf3",0.54,0.0746704984072197,0.0800000000000001,0.51543071914636,0.228,0.152
"Ddx55",0.54,0.0723464877227211,0.0800000000000001,0.35877593707767,0.312,0.246
"Maea",0.54,0.0563498250201167,0.0800000000000001,0.320681723461458,0.278,0.207
"Cyp4x1",0.54,0.11784391058274,0.0800000000000001,1.06887224934783,0.188,0.113
"Coq3",0.54,0.085581725023575,0.0800000000000001,0.638206678823054,0.2,0.127
"Slc22a15",0.54,0.10363927048492,0.0800000000000001,0.668551629485029,0.232,0.161
"Sys1",0.54,0.0802287329997544,0.0800000000000001,0.532204471580904,0.233,0.161
"Vstm2l",0.54,0.103539223012137,0.0800000000000001,0.931645137074871,0.181,0.104
"Nup188",0.54,0.0527474447189297,0.0800000000000001,0.278714257952588,0.299,0.225
"Wdr12",0.54,0.0727335778724174,0.0800000000000001,0.39757912316112,0.269,0.201
"Wdr75",0.54,0.0582497713998232,0.0800000000000001,0.297834139518881,0.3,0.232
"Rps6ka6",0.539,0.110098105039009,0.0780000000000001,1.52775161184795,0.126,0.049
"Got1",0.539,0.0487547102195322,0.0780000000000001,0.263074100479793,0.287,0.219
"Crtac1",0.539,0.101763487728984,0.0780000000000001,0.495639608174878,0.267,0.193
"Zfp52",0.539,0.0718127279009358,0.0780000000000001,0.662242668713075,0.172,0.096
"Dnaja3",0.539,0.0466427817419316,0.0780000000000001,0.332591042614953,0.22,0.148
"Laptm4b",0.539,0.0371036197248714,0.0780000000000001,0.265684147332572,0.2,0.125
"Ggact",0.539,0.0491771419460829,0.0780000000000001,0.390406834394881,0.181,0.106
"Serp2",0.539,0.0851077811021839,0.0780000000000001,0.449265784180434,0.287,0.222
"Hhipl1",0.539,0.0899187035020149,0.0780000000000001,1.23090398900008,0.134,0.057
"Vipas39",0.539,0.0740741504359231,0.0780000000000001,0.366908276348637,0.311,0.246
"Smoc1",0.539,0.0346647932847343,0.0780000000000001,0.253568950640401,0.16,0.079
"Ankmy2",0.539,0.0644270218597747,0.0780000000000001,0.346177015557536,0.287,0.215
"Gid4",0.539,0.0374542076277952,0.0780000000000001,0.255906273105199,0.222,0.147
"1700021F05Rik",0.539,0.0713693331044121,0.0780000000000001,0.726008478808343,0.168,0.093
"Acvr2b",0.539,0.0632964944605885,0.0780000000000001,0.428287239997095,0.218,0.145
"Cep57",0.539,0.0460384027877212,0.0780000000000001,0.271885441686519,0.246,0.173
"Pcid2",0.539,0.0476434937139267,0.0780000000000001,0.349532817313971,0.219,0.147
"Stard5",0.539,0.0426541373835138,0.0780000000000001,0.344426773803939,0.166,0.086
"Vstm2b",0.539,0.113904293991645,0.0780000000000001,0.953195727346334,0.178,0.106
"Ccdc91",0.539,0.0549796644771444,0.0780000000000001,0.281381069758694,0.275,0.206
"Col26a1",0.539,0.0573263157252486,0.0780000000000001,0.381046609744684,0.2,0.124
"Bsdc1",0.539,0.0436909443788137,0.0780000000000001,0.270356059768292,0.239,0.168
"Srsf12",0.539,0.0995039691532707,0.0780000000000001,0.811508762762888,0.21,0.139
"Smad9",0.539,0.0776292354169534,0.0780000000000001,0.902013383867453,0.15,0.073
"Snx16",0.539,0.0614665759291065,0.0780000000000001,0.340036704791711,0.274,0.204
"Tcea2",0.539,0.0991102796702809,0.0780000000000001,0.885782220362951,0.187,0.116
"Trdmt1",0.539,0.0604506482701833,0.0780000000000001,0.545114530436293,0.165,0.089
"Aldh18a1",0.538,0.0948602056315691,0.0760000000000001,0.985402535803649,0.172,0.101
"Uhrf1bp1",0.538,0.0631772950419227,0.0760000000000001,0.61787885878452,0.169,0.094
"Rgmb",0.538,0.0627810696221693,0.0760000000000001,0.592211419706465,0.158,0.082
"E430024I08Rik",0.538,0.0555491765864693,0.0760000000000001,0.494112308389145,0.181,0.106
"Ubqln1",0.538,0.0561985692814372,0.0760000000000001,0.297698616838689,0.284,0.216
"Asb13",0.538,0.0823830836227787,0.0760000000000001,0.615520263176595,0.208,0.138
"Gm26777",0.538,0.0871006303921571,0.0760000000000001,1.15120461552245,0.132,0.059
"Itga3",0.538,0.0711295572713655,0.0760000000000001,0.748322343214496,0.155,0.081
"Pxylp1",0.538,0.0638368027056048,0.0760000000000001,0.519869061573572,0.192,0.116
"Elovl4",0.538,0.094128447089736,0.0760000000000001,0.778348643277955,0.202,0.133
"Sin3b",0.538,0.0552454381116519,0.0760000000000001,0.293562724265671,0.287,0.22
"Ctbp2",0.538,0.0635022107894183,0.0760000000000001,1.02299751434117,0.108,0.032
"Whamm",0.538,0.0765218171744326,0.0760000000000001,0.491591222831592,0.228,0.162
"Tgoln1",0.538,0.0571839564951515,0.0760000000000001,0.445284622557974,0.184,0.112
"Lamtor4",0.538,0.0837974572188983,0.0760000000000001,0.96096249185317,0.148,0.075
"Stk32b",0.538,0.10319751654093,0.0760000000000001,1.77355760701094,0.1,0.025
"Aldh4a1",0.538,0.06521752560687,0.0760000000000001,0.510522898475988,0.186,0.114
"Gm12743",0.538,0.0377011202501403,0.0760000000000001,0.28947402773643,0.185,0.112
"Atp8b2",0.538,0.0768201497403284,0.0760000000000001,0.431271809296952,0.279,0.216
"Syt13",0.538,0.0804148694750307,0.0760000000000001,0.421135218770348,0.298,0.232
"BC005624",0.538,0.0562178813950715,0.0760000000000001,0.450757227119496,0.198,0.125
"Ankrd45",0.538,0.0838463146420688,0.0760000000000001,0.405799502120008,0.329,0.266
"B230216N24Rik",0.538,0.0974911147558684,0.0760000000000001,0.687128431188478,0.202,0.132
"Thap4",0.538,0.0730257946656981,0.0760000000000001,0.555968455482875,0.207,0.138
"Rps6kb2",0.537,0.0685862784222825,0.0740000000000001,0.491831861918627,0.221,0.155
"Gtpbp8",0.537,0.0639743353621208,0.0740000000000001,0.356292880037194,0.267,0.202
"Ppm1f",0.537,0.0616784264408358,0.0740000000000001,0.478201453200676,0.211,0.143
"Fam227a",0.537,0.0595059195751176,0.0740000000000001,0.31187874931876,0.287,0.224
"Aard",0.537,0.088894252955232,0.0740000000000001,2.25865980194561,0.094,0.02
"2810049E08Rik",0.537,0.115450522761136,0.0740000000000001,0.76929073518331,0.22,0.156
"Pomt2",0.537,0.0731570870025418,0.0740000000000001,0.515753081257626,0.221,0.153
"Lrrn3",0.537,0.0814372965677906,0.0740000000000001,0.354228026292486,0.327,0.266
"Adcy3",0.537,0.0661612790848908,0.0740000000000001,0.354548823761597,0.289,0.224
"Zfp354c",0.537,0.0769926460484758,0.0740000000000001,0.514760445280926,0.23,0.162
"Npm1",0.537,0.0466531025475399,0.0740000000000001,0.283264641679076,0.237,0.17
"Apaf1",0.537,0.0490665411623135,0.0740000000000001,0.330898667009772,0.221,0.151
"Zfp938",0.537,0.0524268612482598,0.0740000000000001,0.383374512512644,0.207,0.136
"Apc2",0.537,0.0727940271634624,0.0740000000000001,0.542231887843067,0.215,0.144
"Pex3",0.537,0.0578442669587096,0.0740000000000001,0.304720326778315,0.28,0.217
"Wdr6",0.537,0.0852384542687676,0.0740000000000001,0.891051528144179,0.151,0.08
"Kbtbd3",0.537,0.06427320846037,0.0740000000000001,0.484959128344894,0.199,0.129
"Herpud1",0.537,0.0680737637828383,0.0740000000000001,0.693575050596326,0.155,0.084
"Mri1",0.537,0.088334950487302,0.0740000000000001,0.660239592566704,0.215,0.149
"Mmaa",0.537,0.0711125103785939,0.0740000000000001,0.310275972060556,0.351,0.292
"Hapln4",0.537,0.0870530948132037,0.0740000000000001,1.97241283481633,0.104,0.031
"Setd1a",0.537,0.0688467143456562,0.0740000000000001,0.438454152999593,0.239,0.174
"Spcs2",0.537,0.0474462149537336,0.0740000000000001,0.278021126842939,0.243,0.174
"Tomm40",0.537,0.0646411529504267,0.0740000000000001,0.396277606117599,0.258,0.192
"Clptm1",0.537,0.0478618181939123,0.0740000000000001,0.300216505220316,0.247,0.178
"Paip2b",0.537,0.0592573304649382,0.0740000000000001,0.418778198963998,0.211,0.141
"Nagk",0.537,0.0690034546913532,0.0740000000000001,0.454505603811082,0.223,0.156
"Mkrn1",0.537,0.0573410754153542,0.0740000000000001,0.318427487518585,0.289,0.223
"Vps37d",0.537,0.0789379015697306,0.0740000000000001,0.845836193829101,0.166,0.094
"Rnft2",0.537,0.0757762569362472,0.0740000000000001,0.451840225844671,0.265,0.201
"Nsg1",0.537,0.0634742901847972,0.0740000000000001,0.378651084203443,0.253,0.189
"Kcnh2",0.537,0.0884220403756138,0.0740000000000001,1.47081724856109,0.118,0.047
"Cda",0.537,0.0966739542345314,0.0740000000000001,1.71468212491096,0.114,0.043
"Ssx2ip",0.537,0.0837056149015118,0.0740000000000001,0.505056592699381,0.25,0.186
"Kcnd3",0.537,0.137896559672091,0.0740000000000001,0.286520507487379,0.632,0.55
"Ss18l1",0.537,0.0854094776878015,0.0740000000000001,0.593243711558214,0.231,0.165
"Psma7",0.537,0.0554502840596312,0.0740000000000001,0.372002603088886,0.223,0.155
"Zfp64",0.537,0.056960579690091,0.0740000000000001,0.350648020391362,0.235,0.165
"Zfyve19",0.537,0.0775389187360575,0.0740000000000001,0.778181458296829,0.165,0.096
"Tatdn3",0.537,0.0445658995236129,0.0740000000000001,0.296424272877481,0.229,0.161
"Arl4c",0.537,0.063097190849976,0.0740000000000001,1.00449669166871,0.112,0.038
"Trmt2b",0.536,0.0370894388419712,0.0720000000000001,0.277705690165389,0.176,0.106
"Gm44593",0.536,0.111253893966167,0.0720000000000001,0.582717223128763,0.197,0.123
"Slc25a28",0.536,0.043047897299417,0.0720000000000001,0.259835570290311,0.254,0.188
"Tmem138",0.536,0.0726326052526213,0.0720000000000001,0.704870205407733,0.167,0.098
"Cbln2",0.536,0.122252036810977,0.0720000000000001,2.07292878875166,0.105,0.035
"Nrep",0.536,0.0419015941238674,0.0720000000000001,0.339797214137114,0.177,0.106
"Rbbp8",0.536,0.0493645770707316,0.0720000000000001,0.407555301884094,0.165,0.095
"Dpy30",0.536,0.0551367341545172,0.0720000000000001,0.513002305188205,0.172,0.102
"Fsd1",0.536,0.0895726241986486,0.0720000000000001,0.893636228588111,0.173,0.106
"Gm26549",0.536,0.0775928936654878,0.0720000000000001,0.658232820500136,0.194,0.127
"Glis2",0.536,0.0455593422557062,0.0720000000000001,0.557058575892481,0.131,0.06
"Gm31282",0.536,0.0952793077321427,0.0720000000000001,1.26444993254704,0.137,0.069
"Rnaseh2b",0.536,0.0553288267771816,0.0720000000000001,0.482909695099931,0.173,0.103
"Slc22a5",0.536,0.0437418721138361,0.0720000000000001,0.287526957457333,0.215,0.147
"Tmed4",0.536,0.0720476886131926,0.0720000000000001,0.770076353082959,0.154,0.085
"Gm30400",0.536,0.0922235866070396,0.0720000000000001,2.12398638883099,0.096,0.026
"Lrp11",0.536,0.0726658239125113,0.0720000000000001,0.369024457637511,0.31,0.25
"Nrg4",0.536,0.10088297321692,0.0720000000000001,0.96909845028697,0.155,0.086
"Ssbp4",0.536,0.0655700149051495,0.0720000000000001,0.40289215665334,0.241,0.178
"Brsk2",0.536,0.0717034426051759,0.0720000000000001,0.431072159712552,0.264,0.204
"Dpysl4",0.536,0.0774035412228397,0.0720000000000001,0.902137645877339,0.154,0.084
"Lyrm1",0.536,0.0448378391054536,0.0720000000000001,0.29474960348283,0.223,0.158
"Zfp444",0.536,0.0651004068425559,0.0720000000000001,0.498417882199643,0.21,0.141
"Krba1",0.536,0.0585693845322198,0.0720000000000001,0.326371003500955,0.277,0.215
"Nyap1",0.536,0.0872179412264463,0.0720000000000001,0.716549383078498,0.198,0.132
"Cdkl2",0.536,0.0870192158098735,0.0720000000000001,0.419292754207544,0.319,0.263
"Slbp",0.536,0.0745478748541706,0.0720000000000001,0.94827493339547,0.129,0.059
"Crocc",0.536,0.074797274477954,0.0720000000000001,0.326127221046183,0.342,0.281
"Npr2",0.536,0.0677632872182106,0.0720000000000001,0.541768386175659,0.19,0.124
"Kcna2",0.536,0.0578986900334593,0.0720000000000001,0.337565280370355,0.255,0.188
"Gnasas1",0.536,0.0999512721101086,0.0720000000000001,1.89587700835113,0.096,0.025
"Crat",0.536,0.0793452469823495,0.0720000000000001,0.694935687293495,0.188,0.121
"Fam78b",0.536,0.0931074476614754,0.0720000000000001,0.425101670806555,0.317,0.257
"Slco4c1",0.536,0.102173181407975,0.0720000000000001,1.39884124839027,0.132,0.063
"Inpp1",0.536,0.0550517890988834,0.0720000000000001,0.358545096945081,0.222,0.156
"Ap1s2",0.535,0.0433892207381903,0.0700000000000001,0.266473743055021,0.206,0.135
"Gpc3",0.535,0.122227887586229,0.0700000000000001,0.736006695373495,0.147,0.078
"Noc3l",0.535,0.0652062630314141,0.0700000000000001,0.492822685985723,0.204,0.139
"Atg2a",0.535,0.065579815933542,0.0700000000000001,0.538597689629425,0.198,0.133
"Morc2b",0.535,0.0954617060353802,0.0700000000000001,0.622494127615994,0.247,0.186
"Zfp983",0.535,0.059670448439076,0.0700000000000001,0.490327720196772,0.173,0.108
"A630089N07Rik",0.535,0.0595200789031506,0.0700000000000001,0.274745637948554,0.305,0.247
"Eva1c",0.535,0.0289356808487345,0.0700000000000001,0.339086229288774,0.105,0.035
"Mapk8ip2",0.535,0.0866159748078947,0.0700000000000001,0.615814152645668,0.225,0.165
"Slc45a4",0.535,0.057254225097242,0.0700000000000001,0.330672718960734,0.257,0.196
"Dis3",0.535,0.0400112724564068,0.0700000000000001,0.275949964541951,0.218,0.149
"Fgf9",0.535,0.0968767905987424,0.0700000000000001,0.887003690075871,0.176,0.111
"Dcaf11",0.535,0.0668330377143926,0.0700000000000001,0.512962328814011,0.206,0.143
"AW209491",0.535,0.0839447153501179,0.0700000000000001,1.49726691722054,0.113,0.044
"Gstz1",0.535,0.052143008726406,0.0700000000000001,0.271890297988638,0.279,0.216
"Cys1",0.535,0.0692563640846487,0.0700000000000001,0.858938265843711,0.13,0.062
"Rhbdl3",0.535,0.0604380862994027,0.0700000000000001,0.337722458487873,0.245,0.175
"Cenpv",0.535,0.0589746553506686,0.0700000000000001,0.270553303616937,0.331,0.272
"Hint1",0.535,0.058989798387772,0.0700000000000001,0.549832292254371,0.168,0.101
"Thoc5",0.535,0.0602543437909972,0.0700000000000001,0.412133422637718,0.23,0.167
"Rxylt1",0.535,0.0517277887542615,0.0700000000000001,0.379498515669201,0.201,0.135
"Ppa1",0.535,0.07523372558424,0.0700000000000001,0.638453122247474,0.189,0.125
"Cox7a2",0.535,0.0603843132978423,0.0700000000000001,0.542736059164207,0.17,0.102
"Cox5a",0.535,0.0488289651444049,0.0700000000000001,0.353456881440573,0.205,0.141
"Nob1",0.535,0.0662264843578317,0.0700000000000001,0.4312857064889,0.23,0.168
"Orc6",0.535,0.0537534456804584,0.0700000000000001,0.413629280583472,0.191,0.127
"Fnta",0.535,0.0392738417587416,0.0700000000000001,0.254416862972932,0.22,0.153
"Cars",0.535,0.0751931156204628,0.0700000000000001,0.523661290586373,0.22,0.158
"Ptdss2",0.535,0.0628261127759511,0.0700000000000001,0.508138948185515,0.196,0.131
"Gm44899",0.535,0.0653287879855263,0.0700000000000001,0.576216670984336,0.173,0.106
"Svip",0.535,0.0482449561235991,0.0700000000000001,0.433007224803442,0.174,0.106
"Katnal1",0.535,0.0732855849096066,0.0700000000000001,0.550383549692587,0.21,0.147
"Bend4",0.535,0.0796130624105904,0.0700000000000001,0.912911116220631,0.143,0.074
"Nom1",0.535,0.0534726356571014,0.0700000000000001,0.329648474978226,0.236,0.173
"Fam185a",0.535,0.0695681427105332,0.0700000000000001,0.365175966500347,0.28,0.22
"Celsr2",0.535,0.0693102700656518,0.0700000000000001,0.393617491981377,0.269,0.207
"Dennd4b",0.535,0.0513088799425561,0.0700000000000001,0.463936161298562,0.174,0.107
"Cdh22",0.535,0.0727477625557323,0.0700000000000001,0.432357325350781,0.232,0.167
"Snx21",0.535,0.0502110555643745,0.0700000000000001,0.427396066706568,0.181,0.114
"Adal",0.535,0.0825801410370791,0.0700000000000001,0.666867129731111,0.193,0.129
"Tmem62",0.535,0.0615688358139212,0.0700000000000001,0.387691754302136,0.24,0.178
"Slc27a4",0.535,0.0624148877570833,0.0700000000000001,0.623489454378912,0.166,0.097
"Fbxo36",0.535,0.0524178977337236,0.0700000000000001,0.386906197988044,0.202,0.137
"Fam199x",0.534,0.0665531944646451,0.0680000000000001,0.54589998857024,0.181,0.116
"F8",0.534,0.075607772839578,0.0680000000000001,0.699726640202752,0.169,0.104
"Hdhd2",0.534,0.0677486223490944,0.0680000000000001,0.50224606745955,0.205,0.144
"Lama3",0.534,0.06819295461319,0.0680000000000001,0.80361258221395,0.102,0.034
"Kcnh8",0.534,0.134313870190697,0.0680000000000001,0.739924227104546,0.139,0.07
"Mettl17",0.534,0.0623843943880865,0.0680000000000001,0.364370130064442,0.257,0.2
"Klhl33",0.534,0.0885960358543254,0.0680000000000001,1.42305858443322,0.114,0.047
"Gm3248",0.534,0.0740079342657581,0.0680000000000001,1.59922310501674,0.09,0.023
"Idnk",0.534,0.0523095110130167,0.0680000000000001,0.786351061341991,0.114,0.046
"Tubb2a",0.534,0.0798582676411966,0.0680000000000001,0.899945736138428,0.147,0.083
"Sfta3-ps",0.534,0.210882709775212,0.0680000000000001,2.54147945797798,0.083,0.014
"Dnajc27",0.534,0.0649586669428034,0.0680000000000001,0.426205449135455,0.229,0.169
"Scpep1",0.534,0.0604436758583295,0.0680000000000001,0.525922406634819,0.175,0.109
"5730455P16Rik",0.534,0.0770550647093864,0.0680000000000001,0.669424200487027,0.185,0.123
"Mbd6",0.534,0.0499604689785401,0.0680000000000001,0.341021178455264,0.213,0.149
"Igf1",0.534,0.105946917314253,0.0680000000000001,0.793619070642732,0.127,0.061
"Sept10",0.534,0.0348425887309947,0.0680000000000001,0.34665804354974,0.143,0.074
"1110032A03Rik",0.534,0.0705566284673279,0.0680000000000001,0.660814026099408,0.16,0.095
"Npsr1",0.534,0.190295396456568,0.0680000000000001,1.17595468338176,0.101,0.034
"Dhcr7",0.534,0.0816832530418142,0.0680000000000001,0.823218501263907,0.156,0.092
"2610021A01Rik",0.534,0.0543488297530327,0.0680000000000001,0.38120837543886,0.218,0.156
"Zfp60",0.534,0.056877799896496,0.0680000000000001,0.392174440544486,0.223,0.161
"Cct7",0.534,0.0550683125259247,0.0680000000000001,0.46684870168071,0.179,0.113
"Rab11fip5",0.534,0.0677862014032735,0.0680000000000001,0.606056439066346,0.172,0.11
"Tigd2",0.534,0.0391905606708244,0.0680000000000001,0.277977234961015,0.21,0.145
"Ndufb2",0.534,0.0672762162875395,0.0680000000000001,0.596290416094253,0.17,0.105
"Nup54",0.534,0.0610624072420117,0.0680000000000001,0.404952446433466,0.219,0.156
"Tnip2",0.534,0.0335825464593008,0.0680000000000001,0.260813609907812,0.181,0.115
"Plekhn1",0.534,0.0589625690108541,0.0680000000000001,0.42630765570551,0.222,0.158
"Sdf4",0.534,0.0438871993650674,0.0680000000000001,0.277963090296747,0.237,0.175
"Azin2",0.534,0.072422210158592,0.0680000000000001,0.479903167871669,0.232,0.172
"Coro2a",0.534,0.0511213978531996,0.0680000000000001,0.386983156481114,0.192,0.129
"B3galnt1",0.534,0.0769142058380788,0.0680000000000001,0.677427669273471,0.175,0.112
"Ttbk2",0.534,0.0615226097882536,0.0680000000000001,0.542634207931766,0.179,0.115
"Dlx1as",0.534,0.121758462853364,0.0680000000000001,2.07310022038783,0.092,0.025
"Nenf",0.534,0.0742774873309534,0.0680000000000001,0.939837882006454,0.134,0.068
"Osgepl1",0.534,0.0574210760471198,0.0680000000000001,0.411433070199034,0.204,0.14
"Gm16070",0.534,0.0552305514386431,0.0680000000000001,0.639842202832363,0.131,0.063
"Slc7a3",0.533,0.0778867845253098,0.0660000000000001,1.78975057950618,0.092,0.028
"Trub1",0.533,0.0726337307295986,0.0660000000000001,0.414345815521296,0.267,0.211
"Pdzd7",0.533,0.0942978932252278,0.0660000000000001,1.68717136772494,0.103,0.038
"Mdga1",0.533,0.106871686207803,0.0660000000000001,1.03842477291493,0.135,0.071
"Wrb",0.533,0.0621116753705725,0.0660000000000001,0.565853904534882,0.175,0.112
"Pfkm",0.533,0.055105808288536,0.0660000000000001,0.259645855422475,0.316,0.261
"Cacna1i",0.533,0.0718220262262026,0.0660000000000001,0.355435794116606,0.289,0.236
"Zfp251",0.533,0.0617378858321033,0.0660000000000001,0.402258129494299,0.231,0.172
"Synpr",0.533,0.26455104866395,0.0660000000000001,0.667661075849893,0.322,0.263
"Dusp22",0.533,0.0458201679561154,0.0660000000000001,0.254503398425725,0.258,0.199
"Aldh5a1",0.533,0.045895462192781,0.0660000000000001,0.340937417131079,0.201,0.136
"Entpd5",0.533,0.0400495964103457,0.0660000000000001,0.379649915198827,0.153,0.088
"Dmac2l",0.533,0.0644565375146485,0.0660000000000001,0.666961060541351,0.145,0.081
"Ppp2r3c",0.533,0.041714764572489,0.0660000000000001,0.405485921274188,0.159,0.094
"Sh3yl1",0.533,0.0705901821800603,0.0660000000000001,0.90317999653701,0.132,0.067
"Mrpl38",0.533,0.0498281249030871,0.0660000000000001,0.466335293103364,0.167,0.105
"Tbkbp1",0.533,0.0742284604818384,0.0660000000000001,1.14863340185749,0.121,0.057
"Mrnip",0.533,0.0830704656540402,0.0660000000000001,1.0702816367937,0.134,0.072
"Ddx21",0.533,0.0560925244141286,0.0660000000000001,0.490116980199962,0.181,0.117
"Celsr3",0.533,0.0869057895436124,0.0660000000000001,0.69078837864966,0.21,0.153
"Ei24",0.533,0.0585545435388428,0.0660000000000001,0.329630942318503,0.263,0.21
"Aars",0.533,0.0599640981561679,0.0660000000000001,0.505453394043514,0.181,0.121
"Cmtm4",0.533,0.0639536501949444,0.0660000000000001,0.3248725043424,0.297,0.241
"Zfp719",0.533,0.0521804711343428,0.0660000000000001,0.558518846067819,0.15,0.085
"Pianp",0.533,0.0801870170794934,0.0660000000000001,0.65499137110516,0.187,0.128
"Zfp248",0.533,0.05328745138965,0.0660000000000001,0.42533412958802,0.194,0.13
"Shq1",0.533,0.0600073680729595,0.0660000000000001,0.488689445559167,0.187,0.125
"Lrrc4",0.533,0.0747427580536868,0.0660000000000001,0.366383155521682,0.279,0.22
"Coq5",0.533,0.0542480419601541,0.0660000000000001,0.416367132678479,0.189,0.128
"Naaa",0.533,0.0615938828208185,0.0660000000000001,0.816963818392204,0.12,0.056
"Ccdc149",0.533,0.0801494852755191,0.0660000000000001,0.339293404766023,0.347,0.296
"Adgra3",0.533,0.0319401118620972,0.0660000000000001,0.371868020525055,0.112,0.045
"Ppm1g",0.533,0.0507390539788218,0.0660000000000001,0.330576455367304,0.229,0.171
"Zfp37",0.533,0.073782016403441,0.0660000000000001,0.830609266056201,0.138,0.073
"Gclm",0.533,0.0525293364356136,0.0660000000000001,0.34461456807253,0.226,0.167
"Ssrp1",0.533,0.0510640872140714,0.0660000000000001,0.325442600354912,0.236,0.176
"Klf8",0.532,0.0711052246096465,0.0640000000000001,0.309415932262286,0.314,0.261
"Pnck",0.532,0.0777560069329775,0.0640000000000001,1.12789343796285,0.124,0.061
"Mcf2",0.532,0.0855109294429669,0.0640000000000001,0.854116729662922,0.16,0.098
"Rell2",0.532,0.0948629049512363,0.0640000000000001,1.37013561128461,0.128,0.066
"Hars",0.532,0.0630791508592068,0.0640000000000001,0.513399618607862,0.195,0.138
"Rpl30",0.532,0.0365902238847989,0.0640000000000001,0.266261166392162,0.197,0.137
"Nefm",0.532,0.0795408355036843,0.0640000000000001,0.735111520062963,0.168,0.108
"Ebf2",0.532,0.308949593564404,0.0640000000000001,3.66585189184411,0.072,0.008
"Mtmr9",0.532,0.0411676980626272,0.0640000000000001,0.3842674061716,0.171,0.109
"Tdp1",0.532,0.0482178074579034,0.0640000000000001,0.258400727312988,0.276,0.223
"Mfsd11",0.532,0.0415558930993397,0.0640000000000001,0.258258077057443,0.238,0.177
"Arhgef15",0.532,0.0581386766598403,0.0640000000000001,0.789210393873469,0.12,0.056
"1500009L16Rik",0.532,0.0803332813435693,0.0640000000000001,0.902972002872345,0.141,0.08
"Gm1715",0.532,0.0956344368329269,0.0640000000000001,1.59528820880523,0.105,0.044
"Fxyd6",0.532,0.0845590805850144,0.0640000000000001,1.26615198299066,0.113,0.05
"Scn2b",0.532,0.0590827367925518,0.0640000000000001,0.456354694249239,0.204,0.147
"Slc36a4",0.532,0.0606876742450811,0.0640000000000001,0.408325006445926,0.211,0.156
"Cfap300",0.532,0.086989570460184,0.0640000000000001,0.653361388843889,0.2,0.142
"Trim67",0.532,0.0821636148056315,0.0640000000000001,1.8531425606689,0.093,0.029
"4931428F04Rik",0.532,0.0688750121060434,0.0640000000000001,0.882960429013679,0.137,0.074
"Unc45a",0.532,0.0473486754400115,0.0640000000000001,0.312881127556973,0.229,0.173
"Gm44644",0.532,0.103801025595573,0.0640000000000001,1.0421709991849,0.159,0.1
"Ppfia3",0.532,0.085863564575727,0.0640000000000001,0.594328173862141,0.234,0.179
"Lrfn1",0.532,0.0843676229908552,0.0640000000000001,0.896911010246592,0.159,0.098
"Zfp282",0.532,0.0379679626146925,0.0640000000000001,0.259050305726388,0.217,0.158
"Radil",0.532,0.0847569053919467,0.0640000000000001,0.516375333499692,0.242,0.189
"Taf6",0.532,0.0682776689222523,0.0640000000000001,0.50265120420131,0.201,0.141
"Rnf34",0.532,0.0482587491261495,0.0640000000000001,0.281946567025234,0.254,0.197
"Mrps15",0.532,0.0489332596486216,0.0640000000000001,0.294135675087132,0.242,0.185
"Gm12905",0.532,0.052433324082531,0.0640000000000001,0.345522545618667,0.229,0.17
"Zmpste24",0.532,0.0359939067907005,0.0640000000000001,0.25482397929216,0.214,0.153
"Triqk",0.532,0.0705769851233428,0.0640000000000001,0.853240574125756,0.132,0.07
"Sema6c",0.532,0.0623838532592767,0.0640000000000001,1.23864642660362,0.096,0.033
"Lamtor2",0.532,0.0403222528373537,0.0640000000000001,0.424170012896196,0.147,0.085
"Zgpat",0.532,0.066345372840265,0.0640000000000001,0.49999217462193,0.207,0.15
"Gm14410",0.532,0.0655638023207959,0.0640000000000001,0.539728084396698,0.197,0.139
"Gdap1l1",0.532,0.0748473718162213,0.0640000000000001,0.831633191170555,0.156,0.096
"Cnbd2",0.532,0.041445606594664,0.0640000000000001,0.312623372121027,0.194,0.131
"Snrpb",0.532,0.0674356027015017,0.0640000000000001,0.438202146744665,0.226,0.171
"Slc12a1",0.532,0.0891504887344728,0.0640000000000001,2.67693882874554,0.077,0.013
"Ncs1",0.532,0.0636986831575624,0.0640000000000001,0.298838892471793,0.335,0.285
"Capn6",0.531,0.0847666603828725,0.062,1.70588082499083,0.091,0.03
"Hells",0.531,0.0744560376834642,0.062,1.00921347301062,0.127,0.067
"4930549G23Rik",0.531,0.0577033843985174,0.062,0.544834945754796,0.164,0.106
"Hars2",0.531,0.0429000989403123,0.062,0.334161616360737,0.201,0.144
"Ring1",0.531,0.0402827187676943,0.062,0.305537055183969,0.193,0.134
"Gart",0.531,0.0389381079239236,0.062,0.325993873165376,0.178,0.119
"Panx2",0.531,0.0782147162605535,0.062,0.995092090902882,0.134,0.075
"Trmu",0.531,0.0530794827483125,0.062,0.503579311951453,0.164,0.105
"Gm48957",0.531,0.0927752442439566,0.062,0.779444212243237,0.17,0.113
"Cgrrf1",0.531,0.0341656716741525,0.062,0.253735910736524,0.197,0.136
"Gm20642",0.531,0.0879354766524867,0.062,0.708626649099704,0.198,0.143
"Lpcat1",0.531,0.0434553135348861,0.062,0.297501311605338,0.216,0.159
"Rmnd1",0.531,0.0494650956482571,0.062,0.269505902906441,0.275,0.223
"Pigb",0.531,0.0574730776395642,0.062,0.39435735131072,0.219,0.163
"Abcg4",0.531,0.088630269655627,0.062,1.03738256380308,0.149,0.092
"Casp3",0.531,0.0551156585787622,0.062,1.0106067840841,0.094,0.033
"Sema4b",0.531,0.0362769885261326,0.062,0.300566752415393,0.18,0.12
"Magel2",0.531,0.0849895493024379,0.062,3.00120762378386,0.071,0.01
"Zfp975",0.531,0.0570769176624886,0.062,0.393198201442255,0.216,0.16
"Spred3",0.531,0.060127866355273,0.062,0.52846273529189,0.173,0.113
"Npas1",0.531,0.0975272919269779,0.062,3.50744520875432,0.069,0.007
"Meis3",0.531,0.0704045606955403,0.062,0.861569430514025,0.139,0.079
"Pex5",0.531,0.0544874869773369,0.062,0.439302899960398,0.192,0.135
"Smyd5",0.531,0.0714108987389022,0.062,0.743696801784205,0.156,0.098
"Sema4f",0.531,0.0923834518602279,0.062,0.971352965989377,0.164,0.107
"Zfp467",0.531,0.0498835020671428,0.062,0.45891500546949,0.152,0.091
"Zfp746",0.531,0.0500917149039288,0.062,0.326781820351289,0.231,0.174
"Impdh1",0.531,0.0639693950502944,0.062,0.848259284704083,0.125,0.063
"Peg10",0.531,0.0989462551273412,0.062,2.27747517563834,0.079,0.018
"Sh2b2",0.531,0.0457778412828719,0.062,0.807614361406513,0.091,0.029
"Rhbdd2",0.531,0.0584283340413978,0.062,0.504937204321439,0.176,0.117
"Sirt4",0.531,0.0547489605629963,0.062,0.449114709705305,0.189,0.133
"Paqr3",0.531,0.0783337869612647,0.062,0.551477487548154,0.212,0.159
"4921504A21Rik",0.531,0.0387984558023412,0.062,0.35257687095043,0.164,0.103
"Actr5",0.531,0.0471807382950226,0.062,0.45623166683326,0.151,0.091
"Cdan1",0.531,0.0474682867749795,0.062,0.386484310820296,0.183,0.128
"Rmdn3",0.531,0.056801119568586,0.062,0.391612112403521,0.225,0.169
"Maged2",0.53,0.0601584165356598,0.06,1.27607735180453,0.087,0.027
"Gm14858",0.53,0.0486190093188951,0.06,0.442947912539443,0.155,0.098
"Lage3",0.53,0.0634990767504241,0.06,0.637767632574172,0.146,0.088
"Pim2",0.53,0.0727251620426178,0.06,0.820670369164035,0.145,0.087
"Gm41804",0.53,0.0768287944459674,0.06,0.700026665981187,0.163,0.106
"A930029G22Rik",0.53,0.0738879890293933,0.06,1.94738422955067,0.087,0.027
"Flot1",0.53,0.0563843675536262,0.06,0.561618492010874,0.167,0.11
"Fam173a",0.53,0.0577937487366536,0.06,0.471878993963158,0.181,0.126
"Gm6712",0.53,0.0423846611630214,0.06,0.38842883999032,0.16,0.102
"Abcf3",0.53,0.0533348231500382,0.06,0.436505401729903,0.183,0.128
"Dvl3",0.53,0.0506077112350856,0.06,0.433285179215781,0.176,0.118
"Csdc2",0.53,0.0678879133393502,0.06,0.871048309616381,0.126,0.069
"Zfp169",0.53,0.032648042386761,0.06,0.251994742125163,0.202,0.147
"D130043K22Rik",0.53,0.0673699338932273,0.06,0.262504116116609,0.377,0.332
"Tmem94",0.53,0.0462730738698873,0.06,0.399438925525138,0.174,0.116
"Pelp1",0.53,0.0626439098281479,0.06,0.58567798519441,0.168,0.113
"Zmiz2",0.53,0.0473299411953851,0.06,0.310590661984271,0.232,0.175
"Dgka",0.53,0.0518126903933756,0.06,0.580622362793036,0.132,0.073
"Actr6",0.53,0.0714870247156101,0.06,0.665254909124172,0.166,0.111
"Ptpn23",0.53,0.0548004590899528,0.06,0.418286660818528,0.202,0.149
"Ubl7",0.53,0.0455843401507394,0.06,0.415610137932238,0.165,0.109
"Arv1",0.53,0.0541407331751929,0.06,0.500135995254074,0.17,0.112
"Stk33",0.53,0.0357565437353638,0.06,0.354412795653475,0.113,0.051
"Cpt1c",0.53,0.0574260251749695,0.06,0.322614881786935,0.271,0.221
"Fgd5",0.53,0.0232100211861964,0.06,0.34289468894898,0.078,0.018
"Xpc",0.53,0.0429694924761838,0.06,0.349531671912588,0.189,0.132
"Isy1",0.53,0.0430903349765913,0.06,0.293656200771266,0.212,0.16
"Arf5",0.53,0.0538049038385472,0.06,0.349464262012292,0.221,0.169
"Rnf4",0.53,0.0693724224316221,0.06,0.531843391530394,0.199,0.146
"Uvssa",0.53,0.0457424931462431,0.06,0.314727738721827,0.198,0.144
"Fndc4",0.53,0.0632150335550545,0.06,0.727484193947216,0.146,0.09
"Cmpk1",0.53,0.0393467024056947,0.06,0.268134357217417,0.212,0.158
"Ugcg",0.53,0.0522344753876599,0.06,0.300022572667102,0.253,0.205
"Slc35a1",0.53,0.0478996668105979,0.06,0.365713536166931,0.202,0.147
"Ripk2",0.53,0.0459659845710917,0.06,0.275246421180679,0.245,0.192
"Tacr3",0.53,0.117141211818018,0.06,2.45332877526219,0.076,0.016
"Dph5",0.53,0.0313634970154148,0.06,0.271844502909233,0.165,0.107
"Gm15952",0.53,0.0571065360691658,0.06,0.609164404842164,0.134,0.076
"Rtel1",0.53,0.0707112877439326,0.06,0.737517835337816,0.149,0.092
"Dlx1",0.53,0.070741703273575,0.06,1.81157147724433,0.073,0.013
"Ass1",0.53,0.058966932212866,0.06,0.982167912407836,0.101,0.042
"Wdr5",0.53,0.0409713470051316,0.06,0.311486130449574,0.191,0.136
"Dipk1b",0.53,0.0619866456758033,0.06,0.731250953440709,0.139,0.082
"Mpc2",0.53,0.050496081257603,0.06,0.271733212699145,0.27,0.22
"Cacybp",0.53,0.0546246931117843,0.06,0.602099352370019,0.141,0.083
"Arx",0.529,0.0761140508266691,0.058,2.23681426240963,0.07,0.012
"Rrp1b",0.529,0.0402811941010983,0.058,0.274748522790653,0.211,0.157
"Zfp598",0.529,0.0508725021205712,0.058,0.386659518590142,0.19,0.138
"Tctex1d2",0.529,0.0489830561930334,0.058,0.630693191432397,0.121,0.064
"Tmem44",0.529,0.0846303605089395,0.058,0.513704840993741,0.198,0.143
"Arvcf",0.529,0.05449599811435,0.058,0.43310213324629,0.193,0.14
"Lynx1",0.529,0.0753788433519247,0.058,0.798369444233375,0.151,0.098
"Ipo4",0.529,0.0595798590835487,0.058,0.60589552272396,0.164,0.108
"Emc9",0.529,0.0640123890713821,0.058,0.791467636476717,0.135,0.081
"Otx2os1",0.529,0.200746660496016,0.058,0.821426930272214,0.096,0.038
"D830030K20Rik",0.529,0.0631392072956174,0.058,2.4471510101924,0.072,0.014
"Pdlim7",0.529,0.0735791046186741,0.058,0.448042384630651,0.247,0.204
"Sgpp1",0.529,0.0473735206558399,0.058,0.469956672322027,0.147,0.09
"Sntg2",0.529,0.091012909630394,0.058,0.349730435277399,0.277,0.228
"E2f6",0.529,0.0623596578235007,0.058,0.493704279930356,0.19,0.139
"Gm32828",0.529,0.194728062467976,0.058,1.877495376119,0.103,0.047
"2810032G03Rik",0.529,0.0719326927455538,0.058,0.777436504910247,0.145,0.092
"Fbf1",0.529,0.0543047228711797,0.058,0.290745848481484,0.284,0.235
"Cep112it",0.529,0.075231606920681,0.058,1.3745803273844,0.094,0.037
"Mettl2",0.529,0.0631925804694117,0.058,0.570989774118302,0.171,0.118
"Nt5c3b",0.529,0.0664207299920914,0.058,0.562887429131568,0.176,0.123
"Dhrs13",0.529,0.06103620066531,0.058,1.06289235749135,0.099,0.041
"4930598N05Rik",0.529,0.0914872031491804,0.058,0.618895645036314,0.186,0.132
"Mto1",0.529,0.0394060655937746,0.058,0.290399888197471,0.199,0.146
"2300009A05Rik",0.529,0.0453247321501886,0.058,0.385918802418011,0.177,0.124
"Gm32014",0.529,0.0736475162769633,0.058,0.503505910827313,0.201,0.149
"Calb2",0.529,0.0863711057945483,0.058,2.25625480525448,0.073,0.015
"D030068K23Rik",0.529,0.0849583675951739,0.058,1.06974659530619,0.124,0.068
"D230025D16Rik",0.529,0.0616252810809877,0.058,0.401068127788633,0.226,0.179
"Blm",0.529,0.067510055557695,0.058,0.488257794867552,0.197,0.145
"Paf1",0.529,0.037135178343397,0.058,0.330381533053342,0.177,0.122
"Rpn1",0.529,0.0454137325700145,0.058,0.383339946692128,0.169,0.115
"Ndufa4",0.529,0.0411908621512805,0.058,0.434920502633565,0.142,0.085
"Dtx1",0.529,0.0398834476994171,0.058,0.340351235820771,0.181,0.127
"Gm13830",0.529,0.066845471402029,0.058,0.869888716251983,0.118,0.063
"Mthfd2l",0.529,0.0442774145807852,0.058,0.311926751774987,0.189,0.134
"Gpn1",0.529,0.0613857919367153,0.058,0.732465911508877,0.131,0.074
"Pou3f2",0.529,0.0515154947897899,0.058,0.585851002002943,0.118,0.061
"Mtmr11",0.529,0.0532871153568958,0.058,1.23406305267038,0.079,0.022
"Mrgbp",0.529,0.0513594819348396,0.058,0.445973474357315,0.174,0.12
"Zswim3",0.529,0.0521051129553577,0.058,0.500916663594146,0.159,0.105
"Gad1os",0.529,0.0654510860572365,0.058,1.162785307085,0.097,0.04
"Nelfb",0.529,0.0349364836801394,0.058,0.361896127748227,0.142,0.084
"Rbm17",0.529,0.033558390940328,0.058,0.273207718011723,0.182,0.128
"Zbtb41",0.529,0.0452145531473718,0.058,0.366169669901105,0.176,0.122
"Armcx4",0.528,0.0652401769573577,0.056,0.870855393792924,0.121,0.067
"Zfp57",0.528,0.0733122104241176,0.056,1.49066821283907,0.091,0.035
"Wiz",0.528,0.0331019791951199,0.056,0.276244245463638,0.18,0.126
"Zfp946",0.528,0.04650762679637,0.056,0.480722393815165,0.143,0.088
"Hspa13",0.528,0.0564566705963414,0.056,0.605419441339938,0.138,0.084
"Zfp385a",0.528,0.0637544528549251,0.056,0.503621709024097,0.195,0.147
"Map3k9",0.528,0.0606999372507368,0.056,0.495494832078214,0.195,0.145
"B230217C12Rik",0.528,0.0608330559109115,0.056,0.673884490162955,0.138,0.085
"Gm15892",0.528,0.0727068063516321,0.056,1.46899248067648,0.091,0.037
"Rskr",0.528,0.0991117540913636,0.056,0.968565603003356,0.145,0.093
"Top3a",0.528,0.0372191981441332,0.056,0.429459656883393,0.128,0.073
"Slc25a16",0.528,0.0400941158008309,0.056,0.307881438537632,0.192,0.141
"Pkib",0.528,0.0964966378860107,0.056,0.756376443330691,0.158,0.106
"Smco4",0.528,0.0586740981588979,0.056,1.42964537699395,0.083,0.026
"Slc9a5",0.528,0.0582249906516258,0.056,0.520299881307427,0.18,0.127
"Coq9",0.528,0.0339662969214517,0.056,0.257278164241902,0.2,0.148
"Zfp112",0.528,0.0585181009108915,0.056,0.536081404062176,0.181,0.129
"Ube2m",0.528,0.0514245977436705,0.056,0.549879225436777,0.143,0.088
"Vmn2r29",0.528,0.0599497853752254,0.056,0.845856902414817,0.111,0.057
"Tspan12",0.528,0.0322377505781407,0.056,0.306109440783701,0.141,0.086
"1500011B03Rik",0.528,0.0767562292903969,0.056,0.597032143227034,0.196,0.146
"Sdad1",0.528,0.0645079703074341,0.056,0.475928620448489,0.205,0.157
"Oscp1",0.528,0.05584804606224,0.056,0.468541693602914,0.185,0.133
"Ndufs5",0.528,0.039753906382793,0.056,0.381685259700054,0.156,0.101
"Pabpc4",0.528,0.0614607198034499,0.056,0.615622241898431,0.155,0.103
"Ovgp1",0.528,0.0757637070293851,0.056,1.14006832640496,0.104,0.049
"Gpr149",0.528,0.0866657112362065,0.056,0.663956255197942,0.141,0.085
"Gata3",0.528,0.0913875171269416,0.056,4.00084759151265,0.057,0.002
"Pfdn2",0.528,0.0449000677765855,0.056,0.372290506086344,0.177,0.123
"Mreg",0.528,0.079962049654885,0.056,1.37110787007467,0.106,0.051
"3632454L22Rik",0.527,0.073869200060404,0.054,1.73424730397507,0.082,0.029
"Armcx3",0.527,0.0377305499548325,0.054,0.329538074095863,0.166,0.116
"Gm45194",0.527,0.124356250528875,0.054,3.22896904063245,0.064,0.009
"Plxna3",0.527,0.063214234721765,0.054,0.954562377356917,0.11,0.059
"Gng3",0.527,0.0699635104476371,0.054,0.825501345095438,0.139,0.089
"Gpr108",0.527,0.0269237567576531,0.054,0.34597729404601,0.119,0.065
"Ranbp1",0.527,0.0466618512961958,0.054,0.45818734849862,0.151,0.101
"Ghitm",0.527,0.0376234288793825,0.054,0.353599369359526,0.164,0.111
"Sec24c",0.527,0.0362167298787877,0.054,0.286434585287833,0.194,0.142
"Pcsk1",0.527,0.0734551803630926,0.054,0.34753449559785,0.22,0.169
"Cntnap3",0.527,0.109629398626119,0.054,0.50332169202383,0.195,0.142
"Tdp2",0.527,0.0376827041210626,0.054,0.358695417906707,0.157,0.106
"Tmem179",0.527,0.0677880314585128,0.054,1.09759631694159,0.113,0.06
"Ccdc85c",0.527,0.0510220415209597,0.054,0.623850364654162,0.13,0.077
"Plekhd1",0.527,0.0693790888688141,0.054,1.42912086300826,0.091,0.038
"Fdxr",0.527,0.0447960543263098,0.054,0.471198444775423,0.146,0.094
"Myo1c",0.527,0.0449460750926089,0.054,0.71881449464914,0.105,0.051
"Ndufa12",0.527,0.0493780782940368,0.054,0.429500366952988,0.185,0.135
"4930432B10Rik",0.527,0.0767626110894761,0.054,0.783088049146784,0.148,0.097
"Fbxo22",0.527,0.0520219785405732,0.054,0.469374132047687,0.176,0.127
"Ddx25",0.527,0.0708352525504328,0.054,1.01271457817867,0.124,0.072
"Gm48091",0.527,0.0903961810289353,0.054,1.11158969245875,0.13,0.081
"Atg4d",0.527,0.045926917230778,0.054,0.387876214147262,0.177,0.127
"Keap1",0.527,0.0306264142850179,0.054,0.305505309665367,0.152,0.1
"Zfp90",0.527,0.0252708551189859,0.054,0.263689400275194,0.128,0.075
"Slc38a7",0.527,0.0477174252746496,0.054,0.530916576297399,0.142,0.09
"Cope",0.527,0.0435177789967361,0.054,0.403308577555604,0.159,0.108
"Gm17484",0.527,0.0609620156928528,0.054,0.791305681640615,0.12,0.067
"Tnfsf13b",0.527,0.0571139604564517,0.054,1.09458668420997,0.083,0.031
"Syt3",0.527,0.067378099516716,0.054,0.750165529195784,0.147,0.098
"Zfp141",0.527,0.0568403192922732,0.054,0.375532526534149,0.206,0.161
"Lrp3",0.527,0.0736818008169626,0.054,0.76931834181071,0.147,0.096
"Gpr162",0.527,0.0433952616790423,0.054,0.356924737399443,0.183,0.133
"Pex26",0.527,0.0580003597630926,0.054,0.82861712254941,0.113,0.061
"Asns",0.527,0.0714289744612327,0.054,0.90788513634767,0.136,0.086
"Plod3",0.527,0.0330984363513209,0.054,0.396915387217316,0.128,0.076
"Nos1",0.527,0.166757810876005,0.054,1.27013377110269,0.124,0.073
"Slc5a6",0.527,0.0475275202386119,0.054,1.03196303423121,0.083,0.031
"Morn1",0.527,0.0481721242295142,0.054,0.30901432570564,0.236,0.19
"Zbtb40",0.527,0.0334787984280564,0.054,0.317478888840087,0.151,0.098
"Ppp1r8",0.527,0.0483342232418481,0.054,0.426436666682563,0.17,0.12
"Trim62",0.527,0.0435060044285348,0.054,0.58325291212327,0.113,0.058
"C920021L13Rik",0.527,0.0252570737435456,0.054,0.267136626803496,0.14,0.086
"Crls1",0.527,0.0342400810131172,0.054,0.353584431427219,0.144,0.092
"Pced1a",0.527,0.0365782275846112,0.054,0.35335005554995,0.15,0.099
"Lhx6",0.527,0.0820789448923406,0.054,2.86609309591512,0.061,0.007
"Spout1",0.527,0.0664226408978786,0.054,0.721899050470643,0.138,0.089
"Phyh",0.527,0.0369737961318781,0.054,0.407958657825188,0.121,0.068
"Capn10",0.527,0.0545109489936218,0.054,0.535888181187682,0.151,0.102
"Prrg3",0.526,0.0657881911215977,0.052,0.767142046504569,0.135,0.086
"Sart1",0.526,0.0486502878159135,0.052,0.545608826685289,0.143,0.094
"Gm960",0.526,0.0627833217417634,0.052,0.711502213051088,0.131,0.083
"Cul7",0.526,0.0541385681294756,0.052,0.963733276809872,0.097,0.046
"Klc4",0.526,0.0392151307227698,0.052,0.777673817625312,0.085,0.034
"Vars",0.526,0.0530836220203338,0.052,0.628967859057062,0.14,0.091
"Gm21691",0.526,0.0556854762520737,0.052,1.47036260242021,0.079,0.028
"Fam118a",0.526,0.0355106301249245,0.052,0.414264545995503,0.124,0.074
"Foxred2",0.526,0.0448424136046745,0.052,0.675339000385305,0.108,0.057
"Dgat1",0.526,0.0602351993226368,0.052,0.580317859277363,0.155,0.106
"Isl1",0.526,0.112635535030684,0.052,2.04881038367095,0.079,0.029
"Ankrd34b",0.526,0.0647651837255226,0.052,1.27720049525679,0.09,0.038
"Tspan17",0.526,0.0371744431630794,0.052,0.601531359323593,0.104,0.052
"1110046J04Rik",0.526,0.0591788589075297,0.052,0.731065097549656,0.124,0.074
"Rps6kl1",0.526,0.0749973965296343,0.052,0.757790162284056,0.151,0.103
"Fam161b",0.526,0.0462898899383252,0.052,0.597072812732411,0.126,0.076
"9630002D21Rik",0.526,0.146829549270847,0.052,2.78888139550296,0.068,0.016
"Sox11",0.526,0.0821787405315189,0.052,0.623102202696831,0.19,0.145
"Hexdc",0.526,0.0437593809846483,0.052,0.274893706464053,0.229,0.182
"Krt222",0.526,0.0621702587768581,0.052,0.595973852454983,0.166,0.119
"Trpv2",0.526,0.0576058635323346,0.052,0.543747609523398,0.155,0.109
"Rnf187",0.526,0.0317280052255905,0.052,0.324073269504136,0.143,0.092
"Sim1",0.526,0.177677614223267,0.052,2.99989929213407,0.059,0.007
"A830082N09Rik",0.526,0.0488114233662277,0.052,0.450477706602773,0.164,0.115
"Gm39469",0.526,0.0439605328086171,0.052,0.283543421218838,0.228,0.182
"Lysmd2",0.526,0.0485127315719398,0.052,0.494819034518308,0.148,0.099
"Zfp810",0.526,0.0433294005063039,0.052,0.269777945760545,0.236,0.195
"Tarbp1",0.526,0.0480678888323895,0.052,0.306277716319959,0.231,0.186
"Rtbdn",0.526,0.0630720981595873,0.052,1.46984977903971,0.084,0.034
"Camsap3",0.526,0.0666480440653941,0.052,1.10463138621963,0.108,0.059
"Fam57b",0.526,0.0699224648667622,0.052,0.657140200721932,0.171,0.123
"Capn5",0.526,0.0375592917180891,0.052,0.522866808058524,0.107,0.056
"Gm9934",0.526,0.0601529867687493,0.052,2.13620048054175,0.062,0.009
"Prmt1",0.526,0.037932598992398,0.052,0.417331957792805,0.136,0.085
"Zfp976",0.526,0.0398406153374602,0.052,0.372609988186692,0.154,0.101
"Tmem147",0.526,0.0419850737426773,0.052,0.579728135943311,0.121,0.07
"Pcyox1",0.526,0.0409401804151873,0.052,0.38433690738167,0.151,0.102
"Zfp777",0.526,0.0383222310205314,0.052,0.344937553761356,0.16,0.11
"Zan",0.526,0.0581504113620197,0.052,2.38412388684185,0.061,0.009
"Gtf2ird2",0.526,0.0575002613475395,0.052,0.449945170176145,0.185,0.137
"Sbds",0.526,0.0456616194604044,0.052,0.422665616602426,0.156,0.106
"Ccdc92",0.526,0.0519952294485759,0.052,0.335025431610305,0.227,0.183
"Cox6a1",0.526,0.0358810679102264,0.052,0.316742894959005,0.168,0.118
"Sdhb",0.526,0.0355557890820022,0.052,0.26649877283687,0.198,0.151
"Tmem38b",0.526,0.0369501276665998,0.052,0.308132655687453,0.169,0.121
"Ampd2",0.526,0.0405824598128513,0.052,0.410353967537324,0.147,0.096
"Gm14399",0.526,0.0335103357514785,0.052,0.252479568416469,0.204,0.156
"Nrsn2",0.526,0.057062721740739,0.052,0.747024742913745,0.121,0.072
"Nat10",0.526,0.0397165449782233,0.052,0.270085425352167,0.224,0.181
"Pip5kl1",0.526,0.0625085378697924,0.052,1.78904186679421,0.076,0.024
"Man1b1",0.526,0.0312782433544183,0.052,0.252266408692159,0.181,0.134
"Camk1g",0.526,0.0739596543430256,0.052,0.967478439944781,0.128,0.079
"Tmem9",0.526,0.0612276968928347,0.052,0.607497829551184,0.145,0.095
"Slc16a14",0.526,0.0708050899083243,0.052,1.21078995398016,0.101,0.051
"Kctd18",0.526,0.0325878889268884,0.052,0.271910460414674,0.168,0.119
"Nap1l2",0.525,0.0640255872507659,0.05,1.33663298321457,0.086,0.036
"Elac1",0.525,0.0426799255821067,0.05,0.376392627479247,0.166,0.118
"Srfbp1",0.525,0.040075970881928,0.05,0.329500702891352,0.175,0.129
"Rmc1",0.525,0.0547981433871762,0.05,0.594030485435173,0.147,0.101
"Neu1",0.525,0.0369408511109875,0.05,0.39597611157576,0.143,0.096
"Cyp4f17",0.525,0.0345125417034926,0.05,0.602098427953296,0.078,0.028
"Dexi",0.525,0.0607200085782256,0.05,0.301866031231316,0.281,0.246
"Tmem106c",0.525,0.0394439538878536,0.05,0.841867394519902,0.081,0.031
"Mapk11",0.525,0.0613930290273081,0.05,0.643384000231237,0.155,0.112
"Rrm2b",0.525,0.0330088662694005,0.05,0.322289154387647,0.14,0.092
"Fam124a",0.525,0.0571667052217879,0.05,0.343554647894473,0.239,0.197
"Mettl3",0.525,0.0293588883622557,0.05,0.252208130515195,0.164,0.117
"Gm26803",0.525,0.0656134145981012,0.05,1.770464220251,0.074,0.024
"Gm46430",0.525,0.0223148190498354,0.05,0.257022342664397,0.123,0.073
"Cep170b",0.525,0.0566668904197659,0.05,0.592960766773761,0.154,0.109
"4732463B04Rik",0.525,0.073617451862602,0.05,1.2869195160395,0.1,0.052
"Slc16a11",0.525,0.0596405356882704,0.05,0.557486885545902,0.149,0.103
"Map2k3",0.525,0.0492001864109372,0.05,0.528928167962223,0.149,0.103
"Atpaf2",0.525,0.0554402283230491,0.05,0.669836812255161,0.13,0.083
"Trim7",0.525,0.032043048740308,0.05,0.564281478292648,0.08,0.031
"Mdm1",0.525,0.0372227952667356,0.05,0.417892098570816,0.127,0.078
"Rrp1",0.525,0.0396591698380787,0.05,0.353730049752406,0.171,0.125
"Qrsl1",0.525,0.0327407454312303,0.05,0.32511766270217,0.15,0.101
"Cpne4",0.525,0.145491296321221,0.05,0.295226954970461,0.43,0.382
"Spsb4",0.525,0.0426907208721648,0.05,1.1144911738034,0.066,0.015
"Onecut1",0.525,0.0824110362011416,0.05,3.30901308771977,0.056,0.007
"Zw10",0.525,0.0575071663119415,0.05,0.51095596919108,0.169,0.125
"Gm46102",0.525,0.106978738594396,0.05,0.717235760521836,0.176,0.129
"Adamts18",0.525,0.0849790611161379,0.05,0.793721548776481,0.126,0.077
"Pmfbp1",0.525,0.0793670664510311,0.05,2.97330521069042,0.057,0.007
"Cc2d1a",0.525,0.0578514260251778,0.05,0.718452915973709,0.13,0.084
"Ano8",0.525,0.0345670072280915,0.05,0.256160420558302,0.206,0.162
"Gm35256",0.525,0.0782584433301822,0.05,1.2735664937876,0.097,0.048
"Gm39185",0.525,0.0914399292484419,0.05,1.35249889137008,0.1,0.052
"Nadsyn1",0.525,0.0512613203793508,0.05,0.878651718101881,0.095,0.046
"Chid1",0.525,0.0406126472506551,0.05,0.316193264969448,0.194,0.149
"Emc10",0.525,0.0354993323193144,0.05,0.330281188896053,0.158,0.109
"Tsen34",0.525,0.018719126619252,0.05,0.251109725502555,0.103,0.052
"Rassf4",0.525,0.0293400336871339,0.05,0.60699131380587,0.068,0.019
"Tpra1",0.525,0.0653877206876096,0.05,0.962892231003702,0.112,0.063
"Clec2l",0.525,0.0563435930170342,0.05,1.27872707511631,0.088,0.039
"Rasa4",0.525,0.0264207910437798,0.05,0.362744054336026,0.1,0.049
"2210016L21Rik",0.525,0.045237357166819,0.05,0.389108248242641,0.169,0.124
"Plch2",0.525,0.074437598950446,0.05,0.528395933333973,0.198,0.155
"Tmem201",0.525,0.0557890114071116,0.05,0.33400118960917,0.239,0.2
"Dhcr24",0.525,0.0656417939105528,0.05,0.452503032091374,0.198,0.156
"Ndufa8",0.525,0.0547893763184973,0.05,0.812285181556659,0.109,0.061
"Sh2d3c",0.525,0.032564093718195,0.05,0.668436052259356,0.079,0.029
"Ackr1",0.525,0.0575595320454757,0.05,0.852736594467949,0.121,0.074
"Aldh9a1",0.525,0.0455730089770743,0.05,0.560812400223841,0.121,0.072
"Gm4793",0.525,0.0561109575179014,0.05,1.60070069763506,0.071,0.023
"Tfap2b",0.525,0.103679709890434,0.05,3.74017416233757,0.054,0.004
"A230072E10Rik",0.524,0.0624674297361798,0.048,0.76868643801662,0.117,0.07
"Bex1",0.524,0.0603200743884064,0.048,1.07107453985991,0.094,0.047
"Ids",0.524,0.0504773729645629,0.048,0.461195632324385,0.158,0.112
"Atp5md",0.524,0.0349141781325781,0.048,0.259820176446201,0.198,0.154
"Qpct",0.524,0.055612170799984,0.048,1.07316544545419,0.081,0.033
"Spdya",0.524,0.0532647358165656,0.048,0.916303755587551,0.088,0.04
"Frs3",0.524,0.0601921789173872,0.048,1.53854805639084,0.074,0.026
"Rpl7l1",0.524,0.0399584364659671,0.048,0.372907077617561,0.149,0.104
"Rpp21",0.524,0.0532364481937048,0.048,0.654499595759998,0.122,0.077
"Tmem50b",0.524,0.0434605099001582,0.048,0.533064508769777,0.128,0.083
"Trmt2a",0.524,0.0452677292306513,0.048,0.517279399841559,0.131,0.085
"Tarbp2",0.524,0.0445027694878926,0.048,0.492920192408112,0.13,0.085
"Nckap5l",0.524,0.0264251484478481,0.048,0.266367058911796,0.151,0.106
"Wdhd1",0.524,0.0401025826534608,0.048,0.402429181140781,0.146,0.101
"Gprin2",0.524,0.0510261236399276,0.048,2.55595184796273,0.054,0.007
"Hrh2",0.524,0.0741593918949762,0.048,0.73718343084384,0.151,0.108
"Gpr137b",0.524,0.0457395622132212,0.048,0.750351824189413,0.095,0.047
"Ahsa1",0.524,0.0383835522600033,0.048,0.478856347025945,0.125,0.077
"Pdia6",0.524,0.0455076161867431,0.048,0.313837066944969,0.198,0.156
"Hgs",0.524,0.0459898196736269,0.048,0.537921127819433,0.13,0.085
"Nup85",0.524,0.0297636426985229,0.048,0.27423049751124,0.166,0.121
"Crhr1",0.524,0.0718251935075482,0.048,0.733865919179318,0.143,0.098
"Pcgf2",0.524,0.0624835163884602,0.048,0.667996175233704,0.147,0.103
"Arrb2",0.524,0.0258491275593971,0.048,0.261052992057687,0.136,0.09
"Kcnab3",0.524,0.0625231639218478,0.048,2.09592598688286,0.066,0.02
"Atp23",0.524,0.04236438790732,0.048,0.667410732973774,0.11,0.063
"Tle2",0.524,0.0456192587642489,0.048,0.476044893417393,0.128,0.082
"Zbtb7a",0.524,0.0357165116365219,0.048,0.262783872279559,0.194,0.153
"Shc2",0.524,0.0683721291036989,0.048,0.51157623101369,0.203,0.163
"Slc25a20",0.524,0.0357502109153496,0.048,0.480740619255577,0.109,0.063
"Ppm1m",0.524,0.0346472516104667,0.048,0.462760739148886,0.098,0.05
"9430037G07Rik",0.524,0.0413436449332012,0.048,1.28147558939995,0.068,0.02
"Ap1m1",0.524,0.0450511501901455,0.048,0.367890868337132,0.178,0.132
"Asphd1",0.524,0.0509855843222331,0.048,0.92059063401791,0.1,0.052
"Tmem126b",0.524,0.0421805433130545,0.048,0.510424047944259,0.122,0.075
"Nox4",0.524,0.0681388927662458,0.048,1.49684676840115,0.064,0.016
"Gm9962",0.524,0.0528362550400776,0.048,0.596290816078286,0.136,0.09
"Kdelr1",0.524,0.0356353166597827,0.048,0.364091878514111,0.145,0.099
"Scn1b",0.524,0.0378669635120368,0.048,0.282433608983733,0.2,0.159
"Capns1",0.524,0.041209364553252,0.048,0.422593400427174,0.138,0.093
"Cpsf4",0.524,0.0528517506297883,0.048,0.487055460052158,0.164,0.12
"Rita1",0.524,0.0372249092123433,0.048,0.635754413001918,0.096,0.048
"Hfm1",0.524,0.0801558522053075,0.048,0.626683035171497,0.182,0.14
"Tmem214",0.524,0.0434040848940871,0.048,0.320990494677641,0.202,0.16
"Mthfr",0.524,0.0425482037130226,0.048,0.309221994233012,0.211,0.17
"Pappa",0.524,0.101843653929914,0.048,1.67491353142757,0.066,0.018
"Psma5",0.524,0.0391641589333052,0.048,0.27659690182161,0.206,0.162
"Sema4a",0.524,0.0346532881039434,0.048,0.272779633239835,0.176,0.13
"Slitrk3",0.524,0.0615157902324237,0.048,0.451709604701088,0.206,0.165
"Acad9",0.524,0.0498800892334297,0.048,0.537760890999119,0.134,0.089
"Polr3k",0.524,0.0427355826420317,0.048,0.476753130467872,0.134,0.09
"Oprl1",0.524,0.0651862440597667,0.048,1.35753223736474,0.089,0.041
"Ergic3",0.524,0.0318778006690784,0.048,0.304953915481424,0.151,0.106
"Map1lc3a",0.524,0.045492699590556,0.048,0.807892273666029,0.089,0.043
"Ctxn2",0.524,0.0690048532435613,0.048,2.04148094023816,0.07,0.023
"Acp2",0.524,0.0338999574535071,0.048,0.268173252936145,0.181,0.137
"Kyat1",0.524,0.0521284122599834,0.048,0.679288646201025,0.118,0.071
"Hnmt",0.524,0.037266098305633,0.048,0.431880674519673,0.121,0.075
"Bex2",0.523,0.0500496584289941,0.046,0.458680252977458,0.162,0.12
"Rtl5",0.523,0.0525814363024554,0.046,1.13907764139628,0.079,0.033
"Gspt2",0.523,0.0547257328283072,0.046,0.598889650571335,0.144,0.1
"Jade3",0.523,0.0448874538799292,0.046,0.276808735476961,0.238,0.2
"Pprc1",0.523,0.0291201631321646,0.046,0.306009486236395,0.139,0.096
"Tmem132a",0.523,0.0314981867135821,0.046,0.293398000684149,0.16,0.114
"Ssh3",0.523,0.0383532952324021,0.046,0.4918992863474,0.118,0.075
"Slc39a6",0.523,0.0374326904579887,0.046,0.512751214447801,0.109,0.063
"Ypel5",0.523,0.0292450616252335,0.046,0.283189566696921,0.151,0.108
"Zfp811",0.523,0.0501467883281826,0.046,0.618776574283776,0.126,0.082
"Mettl26",0.523,0.0626806010249057,0.046,0.951065480193052,0.103,0.059
"Telo2",0.523,0.047635585869492,0.046,0.717056514139173,0.109,0.063
"Gpr156",0.523,0.0447150990426269,0.046,0.749812030331733,0.075,0.029
"Sst",0.523,0.0538395674603909,0.046,0.825314147353918,0.064,0.018
"Hic2",0.523,0.0397355936239493,0.046,0.387557400878986,0.159,0.115
"Rogdi",0.523,0.0539423813447936,0.046,0.544586310108003,0.153,0.111
"Lrrc24",0.523,0.0467268644299416,0.046,1.03655244317663,0.084,0.039
"D130009I18Rik",0.523,0.0663005471185006,0.046,0.783415973854757,0.066,0.02
"Pck2",0.523,0.0461899982413755,0.046,0.607994961390006,0.115,0.071
"Gm38604",0.523,0.0294088377349666,0.046,0.328569164862186,0.118,0.074
"Glrx",0.523,0.0520203393040756,0.046,0.837928404949241,0.1,0.057
"Txndc15",0.523,0.0358832266137837,0.046,0.279655787540229,0.183,0.141
"Grk6",0.523,0.0507414178238725,0.046,0.389041966945033,0.187,0.148
"Kdm1b",0.523,0.0364406456883828,0.046,0.403447014133744,0.13,0.086
"Rpl19",0.523,0.0250587832372176,0.046,0.284444910863825,0.126,0.082
"Samd14",0.523,0.0548943929117818,0.046,1.04405242012613,0.091,0.045
"Lhx1",0.523,0.0573964947505145,0.046,3.1664628444589,0.048,0.003
"Rad51d",0.523,0.0312519505955841,0.046,0.422083473939269,0.113,0.066
"P4ha2",0.523,0.0396741080124632,0.046,0.4240358571662,0.147,0.103
"Ccdc117",0.523,0.0233747580573663,0.046,0.273835820274599,0.113,0.067
"Vmn2r87",0.523,0.0623414925063338,0.046,0.709340765291967,0.138,0.096
"Lrrc75b",0.523,0.0520462616170493,0.046,1.76824887087759,0.056,0.011
"Ipmk",0.523,0.0445897771745546,0.046,0.337240322434183,0.188,0.146
"Entpd3",0.523,0.0514364618962245,0.046,0.857576281034566,0.103,0.058
"Panx1",0.523,0.0459788576873806,0.046,0.711126212022561,0.102,0.057
"Slc7a6os",0.523,0.0357588390412666,0.046,0.270763445666105,0.182,0.142
"Ripor1",0.523,0.0533580797168019,0.046,0.40632787230486,0.196,0.155
"Hsf4",0.523,0.0612721841184792,0.046,1.25966135514593,0.079,0.034
"Smim19",0.523,0.0301926080485975,0.046,0.353221841395657,0.118,0.074
"Osbpl5",0.523,0.0461219822932752,0.046,0.528951406894858,0.134,0.092
"BC017158",0.523,0.0486186056380251,0.046,0.826276739066906,0.101,0.056
"St8sia2",0.523,0.0739595385396587,0.046,0.919500161737485,0.095,0.05
"Prpf31",0.523,0.0273140423970542,0.046,0.328171053804773,0.125,0.08
"Gm19265",0.523,0.057891890899079,0.046,0.997498042722462,0.101,0.057
"Atp6v0e2",0.523,0.0471433760238189,0.046,0.6679248326081,0.11,0.065
"Aacs",0.523,0.0487471863304161,0.046,0.38711040517858,0.185,0.144
"Gpat3",0.523,0.0433220265924741,0.046,0.762901203177564,0.096,0.05
"Cox18",0.523,0.0441873084019696,0.046,0.390119873864561,0.172,0.131
"Plk3",0.523,0.0473861199855617,0.046,0.670194381247254,0.113,0.069
"Adam15",0.523,0.0449341836032503,0.046,0.388749660940529,0.166,0.125
"Apmap",0.523,0.033426528170165,0.046,0.336707174477471,0.145,0.102
"Cacfd1",0.523,0.0501025889959961,0.046,0.610420266347124,0.124,0.079
"Qsox2",0.523,0.0427661987938387,0.046,0.378000690211026,0.168,0.125
"Bmyc",0.523,0.0459147004747684,0.046,0.667588315715044,0.108,0.063
"Fh1",0.523,0.0362974102978933,0.046,0.366823684747496,0.146,0.103
"Fastkd2",0.523,0.0491370762747884,0.046,0.519991486226187,0.143,0.099
"Bivm",0.523,0.0470932623615457,0.046,0.418475696512584,0.171,0.129
"Gm16894",0.523,0.0536982573428731,0.046,0.641777514475018,0.133,0.088
"Oprk1",0.523,0.0682844765535158,0.046,0.788144514888109,0.11,0.064
"Adgrg2",0.522,0.0438348460512689,0.044,1.03400722559659,0.065,0.02
"Bex3",0.522,0.0538679383371219,0.044,1.05784141589437,0.087,0.044
"Efemp2",0.522,0.0590838149127363,0.044,1.71847539975098,0.063,0.019
"Rbm4b",0.522,0.0314297089164451,0.044,0.30019061401028,0.147,0.104
"Grpel2",0.522,0.0395516897421425,0.044,0.383206177145212,0.149,0.11
"Slc9a3r2",0.522,0.0413368123893475,0.044,0.952725257485287,0.075,0.032
"Fndc1",0.522,0.0745482290076696,0.044,0.723575386566379,0.134,0.093
"Pnpla3",0.522,0.0590645219880609,0.044,0.917009076006867,0.109,0.068
"Sqle",0.522,0.0447993370257842,0.044,0.423690009429184,0.153,0.113
"Nefl",0.522,0.0563273388926442,0.044,0.781901260294839,0.117,0.077
"Pnma2",0.522,0.0587130047787454,0.044,0.811230536999019,0.119,0.077
"Phf2os1",0.522,0.0403481437385792,0.044,0.706237514972534,0.093,0.05
"L3hypdh",0.522,0.0574588626822728,0.044,1.60046160855755,0.068,0.024
"Cep131",0.522,0.0621348440588632,0.044,0.839704121732577,0.121,0.079
"Mxra7",0.522,0.0191680409844678,0.044,0.466059343212052,0.062,0.019
"Tvp23b",0.522,0.031634814249253,0.044,0.350293256505955,0.129,0.086
"Aldh3a2",0.522,0.0277584752227076,0.044,0.264771016559413,0.148,0.107
"Tmem11",0.522,0.0462496655984778,0.044,0.463718668871808,0.148,0.109
"4933439C10Rik",0.522,0.0289107126988507,0.044,0.292773967679898,0.141,0.099
"Gck",0.522,0.0748528388605968,0.044,1.72600278237548,0.063,0.02
"Grip1os3",0.522,0.0556841762312726,0.044,2.26628810790297,0.057,0.013
"Mrpl42",0.522,0.0365199638704203,0.044,0.3678168249719,0.151,0.11
"Arid3a",0.522,0.0358445734322095,0.044,0.438492865958573,0.12,0.078
"Fuca2",0.522,0.0520319840207594,0.044,0.888524138646138,0.097,0.055
"Faim",0.522,0.0485948291010795,0.044,0.531477311642371,0.128,0.086
"Hykk",0.522,0.0469933334715419,0.044,0.874592455513419,0.083,0.041
"Mrpl4",0.522,0.0402485696780006,0.044,0.402911642669013,0.149,0.107
"Cdk10",0.522,0.0347521442700046,0.044,0.263117082623203,0.195,0.157
"Atp13a1",0.522,0.0375793662988253,0.044,0.280575766694077,0.194,0.154
"Dusp26",0.522,0.0451002466735826,0.044,0.653952514050372,0.098,0.055
"Lamtor1",0.522,0.024731283696731,0.044,0.275095016593748,0.126,0.084
"Mesd",0.522,0.0221989062026058,0.044,0.273582975730807,0.112,0.069
"Ccdc106",0.522,0.0306178127824611,0.044,0.356934531570452,0.124,0.082
"P3h3",0.522,0.0447441726557348,0.044,0.55486985671646,0.121,0.078
"Repin1",0.522,0.054406863468965,0.044,0.847528067404019,0.106,0.064
"Adck2",0.522,0.0312377701766096,0.044,0.405838562461292,0.112,0.068
"Calu",0.522,0.0312939286139906,0.044,0.256950708961857,0.172,0.13
"Ndufa5",0.522,0.0495004597790366,0.044,0.627400807074712,0.121,0.078
"Atp5j2",0.522,0.0449255452315907,0.044,0.438971661575007,0.149,0.109
"Vgf",0.522,0.059260334943924,0.044,0.705930857913012,0.111,0.07
"Abcb9",0.522,0.0592813158839436,0.044,0.429160819591536,0.204,0.168
"Lhx5",0.522,0.0586866139005848,0.044,4.77880239239953,0.047,0.002
"Zmym1",0.522,0.0512320701379341,0.044,0.601178921566269,0.124,0.082
"Col9a2",0.522,0.0412162851851428,0.044,1.07473546754156,0.059,0.015
"Rragd",0.522,0.0360861126516865,0.044,0.295359201799526,0.172,0.13
"Mllt11",0.522,0.0526520768087119,0.044,0.423171127677538,0.185,0.146
"Fam189b",0.522,0.0512694407874934,0.044,0.43642326088505,0.177,0.139
"Naxe",0.522,0.0411740220288131,0.044,0.492980385636054,0.118,0.076
"Gyg",0.522,0.0229778250949684,0.044,0.254018112687926,0.121,0.079
"Cables2",0.522,0.0456770092711986,0.044,0.81144983460171,0.092,0.048
"Ddx27",0.522,0.032438843683448,0.044,0.254916489689294,0.191,0.15
"Commd7",0.522,0.0341009773071324,0.044,0.330071016209329,0.149,0.108
"Xkr7",0.522,0.0531824701120006,0.044,0.968170901670636,0.094,0.052
"Vps16",0.522,0.0278788249964557,0.044,0.282892887891496,0.15,0.11
"Tmx2",0.522,0.0376677367250957,0.044,0.316082794230905,0.177,0.137
"D330023K18Rik",0.522,0.0378830176193332,0.044,0.490847107299315,0.115,0.073
"Mrpl41",0.522,0.0468877059995339,0.044,0.383461036664811,0.179,0.142
"Tmem183a",0.522,0.0306507080742574,0.044,0.321538533313782,0.137,0.095
"Gm15834",0.522,0.0563671994348876,0.044,0.775422855779714,0.104,0.061
"B3gat2",0.522,0.0528806023777415,0.044,0.536476920160179,0.127,0.086
"Tfap2d",0.522,0.086888079902828,0.044,2.25741301515715,0.063,0.019
"9530051G07Rik",0.521,0.0525717036920328,0.042,0.860359542513878,0.096,0.055
"Xk",0.521,0.0354352204570171,0.042,0.757991551672929,0.08,0.038
"Tfe3",0.521,0.0397148862704771,0.042,0.457220087915602,0.132,0.093
"Pgam1",0.521,0.0342094303936445,0.042,0.474494136430858,0.109,0.067
"Ppp1r14b",0.521,0.0249192976674499,0.042,0.306383395529959,0.119,0.078
"Prdx5",0.521,0.0317301184897632,0.042,0.490525808654076,0.102,0.061
"Pqlc1",0.521,0.0279161401169985,0.042,0.393020239444363,0.106,0.063
"Eif1a",0.521,0.0390250088817108,0.042,0.451591241931705,0.128,0.088
"Gnpda1",0.521,0.0395068243199221,0.042,0.439505188297841,0.134,0.095
"Taf7",0.521,0.0405090667453336,0.042,0.899209262182175,0.074,0.032
"5330439K02Rik",0.521,0.0360516011033744,0.042,0.383791070312841,0.143,0.104
"Sult4a1",0.521,0.0506637685428055,0.042,0.35618954432683,0.219,0.184
"Elfn2",0.521,0.0555805498750349,0.042,0.39830041460151,0.214,0.178
"Gm41077",0.521,0.0378346145659038,0.042,0.440160210044297,0.117,0.076
"2810429I04Rik",0.521,0.0301823470404718,0.042,0.495272049993006,0.087,0.044
"G6pc3",0.521,0.0267879840765599,0.042,0.474274361322595,0.087,0.044
"Phb",0.521,0.0335853945665819,0.042,0.39607386956791,0.121,0.08
"Sarm1",0.521,0.0499167755160186,0.042,0.680602741450309,0.118,0.078
"Nudcd2",0.521,0.0254412273593645,0.042,0.358656623039669,0.106,0.064
"Gm47027",0.521,0.0490133070960426,0.042,2.26899294653114,0.053,0.011
"Mthfsl",0.521,0.0333360695879167,0.042,0.269494966107956,0.177,0.139
"Pgm3",0.521,0.0308571505613167,0.042,0.298539615493886,0.145,0.105
"Cib2",0.521,0.0520657303876264,0.042,1.59063461461761,0.064,0.022
"Terb1",0.521,0.0654583899913576,0.042,0.829828182648688,0.125,0.086
"Polr2c",0.521,0.0267395813669591,0.042,0.289983544984175,0.138,0.098
"Plvap",0.521,0.0414318346577487,0.042,1.00292451399775,0.078,0.036
"Slc25a42",0.521,0.0283549154765364,0.042,0.268319551301258,0.155,0.116
"Cend1",0.521,0.0455974775540496,0.042,0.887348259946357,0.088,0.047
"B4galnt4",0.521,0.0631555751982895,0.042,0.438999924193374,0.22,0.189
"Tm2d3",0.521,0.0504441816706862,0.042,0.718747878308448,0.104,0.064
"1600014C10Rik",0.521,0.0381906261614686,0.042,0.691729564684095,0.088,0.047
"Cracr2a",0.521,0.0347379015412918,0.042,0.503664499468457,0.101,0.059
"Zfp9",0.521,0.0448467816353995,0.042,0.596637949542596,0.113,0.074
"Tctn1",0.521,0.0314581735135852,0.042,0.353815245684748,0.131,0.091
"Pmpcb",0.521,0.0327140778838453,0.042,0.392981056894572,0.128,0.086
"Trnau1ap",0.521,0.0390518817360506,0.042,0.376668843284468,0.149,0.109
"Ttc39aos1",0.521,0.0464898547510004,0.042,2.83423203041451,0.053,0.01
"Ccne2",0.521,0.0508979849724707,0.042,0.950551498510204,0.087,0.047
"Gm42567",0.521,0.0485426588148186,0.042,1.41354129650315,0.066,0.025
"Ptgfrn",0.521,0.0412269538552686,0.042,0.450103454002675,0.129,0.088
"Ndufc1",0.521,0.0419488438628328,0.042,0.887557714891757,0.079,0.038
"Bbs12",0.521,0.0502827667335124,0.042,0.680596101323588,0.11,0.069
"Dynlrb1",0.521,0.0321912789980935,0.042,0.420428395980526,0.114,0.073
"Tspan18",0.521,0.0239532745489936,0.042,0.32421517717315,0.076,0.033
"Gm37529",0.521,0.0518463335063208,0.042,0.678806266384147,0.118,0.078
"Uchl5",0.521,0.0395356801544513,0.042,0.362735891752886,0.155,0.118
"Lhx9",0.521,0.0744822170586755,0.042,1.03223139329088,0.096,0.056
"Ecel1",0.521,0.0596761574747129,0.042,1.98201640112093,0.053,0.011
"Cnot9",0.521,0.034928545126272,0.042,0.258638716004486,0.192,0.155
"Aamp",0.521,0.0298236395065782,0.042,0.402163243962301,0.107,0.065
"Bag2",0.521,0.0427900979346258,0.042,1.14565963305568,0.073,0.032
"Hccs",0.52,0.0220709906934056,0.04,0.370174973228387,0.086,0.047
"Fam50a",0.52,0.0308264441406913,0.04,0.389319755057108,0.119,0.08
"Slc18a2",0.52,0.161748680808326,0.04,3.12278025720811,0.057,0.018
"Acsl5",0.52,0.0356876754600529,0.04,0.407423125601075,0.129,0.091
"Sfxn3",0.52,0.043165019532538,0.04,0.423766863620941,0.154,0.118
"St8sia5",0.52,0.056820771070253,0.04,0.305820575794164,0.257,0.225
"Katnal2",0.52,0.0441294370443235,0.04,0.276722160668855,0.201,0.167
"Gm41760",0.52,0.0466073126672155,0.04,1.26972649117783,0.065,0.024
"Reep2",0.52,0.0593072689624244,0.04,0.387153064347037,0.229,0.199
"Gm33373",0.52,0.0419457333262567,0.04,1.13539547345564,0.064,0.024
"Catsperd",0.52,0.0519205373529215,0.04,1.73660646546638,0.063,0.025
"Mrpl14",0.52,0.0450665816817373,0.04,0.925932020805093,0.08,0.04
"Vars2",0.52,0.0339544854711688,0.04,0.639024501985203,0.088,0.049
"Nlrc3",0.52,0.0469738900217939,0.04,1.06307809207603,0.071,0.032
"Lmbr1l",0.52,0.0374168508705032,0.04,0.487789258561871,0.116,0.077
"Ebag9",0.52,0.0320362804133355,0.04,0.33481517093622,0.126,0.087
"Prkaa1",0.52,0.0352715638941972,0.04,0.252684723351425,0.192,0.158
"Gm16835",0.52,0.0427470351691575,0.04,0.308663762231083,0.197,0.164
"Rnf219",0.52,0.0294588309352269,0.04,0.344809417436032,0.127,0.088
"Zbed3",0.52,0.0203744701040836,0.04,0.287661606210744,0.105,0.066
"Ror2",0.52,0.0472112531732656,0.04,0.860805095123698,0.057,0.018
"9330162012Rik",0.52,0.04603296904261,0.04,0.598867392736304,0.117,0.077
"Ttc6",0.52,0.0913109584861216,0.04,4.15715806503007,0.044,0.004
"Tmem18",0.52,0.0479243914363417,0.04,0.666998965017776,0.113,0.076
"Endov",0.52,0.0317196023052566,0.04,0.38541443457965,0.125,0.086
"Skap1",0.52,0.0898835798824766,0.04,0.982546198318116,0.1,0.062
"Atp5g1",0.52,0.0307527205563122,0.04,0.471652085300267,0.103,0.064
"Guk1",0.52,0.0250783935877796,0.04,0.43707562366533,0.093,0.054
"Ddc",0.52,0.0821383678397983,0.04,0.857439913749905,0.079,0.039
"Rhbdd3",0.52,0.04228843393463,0.04,0.488589992456142,0.126,0.089
"Rnf215",0.52,0.0308518044638165,0.04,0.375559439017961,0.117,0.079
"AU041133",0.52,0.0400736442778682,0.04,0.449619947317561,0.132,0.093
"Tfam",0.52,0.034016155493041,0.04,0.469576695921194,0.104,0.065
"9230112J17Rik",0.52,0.0587648782595821,0.04,1.1542566662374,0.089,0.05
"Adpgk",0.52,0.0367413118449648,0.04,0.421352190222846,0.13,0.093
"Neil1",0.52,0.0325562607289177,0.04,0.594423012829211,0.087,0.047
"Vps11",0.52,0.0339799945851956,0.04,0.312366294019951,0.154,0.117
"Foxred1",0.52,0.0455363013224716,0.04,0.685086318961615,0.105,0.066
"Thyn1",0.52,0.0425737762771126,0.04,0.505148555691373,0.12,0.082
"Def8",0.52,0.0292512601054771,0.04,0.355634029898208,0.121,0.082
"Galns",0.52,0.0438401246990349,0.04,0.761716747455568,0.097,0.06
"Prdx2",0.52,0.0323612968941145,0.04,0.38439477515124,0.125,0.087
"Lsm6",0.52,0.0215087664983608,0.04,0.297224229221343,0.1,0.061
"Dusp8",0.52,0.0391378604566242,0.04,0.392017174566235,0.147,0.11
"Tspan4",0.52,0.0260842903702777,0.04,0.608738884911926,0.07,0.03
"Lrrc27",0.52,0.0459417745264014,0.04,1.22987806914629,0.069,0.029
"Dchs1",0.52,0.0443092458849003,0.04,0.978121593198415,0.071,0.032
"Chrna7",0.52,0.0853327332391834,0.04,0.33247465283604,0.306,0.276
"Pdcd2l",0.52,0.0509646809166334,0.04,0.630692704097252,0.122,0.085
"Gabarapl1",0.52,0.0446502609562095,0.04,0.372280548526665,0.167,0.132
"Ndufa9",0.52,0.0260385838709445,0.04,0.263045895628552,0.146,0.108
"A230083G16Rik",0.52,0.0313505827674739,0.04,0.774071726470804,0.071,0.032
"Bid",0.52,0.0371499622137916,0.04,1.17718742875889,0.06,0.02
"Zfp239",0.52,0.0375282728597856,0.04,0.385947056155006,0.137,0.099
"Txnrd3",0.52,0.0454283858156079,0.04,1.4460542692501,0.057,0.017
"Rpia",0.52,0.0406796123257631,0.04,0.393495668834465,0.151,0.114
"Igf2bp3",0.52,0.0363187570187505,0.04,0.334989713184015,0.153,0.116
"Gm43154",0.52,0.0597618463499724,0.04,1.33211026059207,0.066,0.025
"Gpr85",0.52,0.0689883932413888,0.04,0.924240645079033,0.114,0.076
"Kit",0.52,0.0569578995604667,0.04,0.584120831100253,0.081,0.04
"Chpf2",0.52,0.043663850557119,0.04,0.366274266368161,0.179,0.143
"Eloa",0.52,0.0242560848698802,0.04,0.31002546166187,0.107,0.068
"H2afz",0.52,0.0430334195872895,0.04,0.535848082046379,0.121,0.082
"Aimp1",0.52,0.0389094979626111,0.04,0.283038202201544,0.194,0.158
"Ube2q1",0.52,0.0360756135941871,0.04,0.476504914378465,0.112,0.074
"Igsf10",0.52,0.0334019785893029,0.04,1.07823777282597,0.053,0.014
"Zfand1",0.52,0.0343585096577996,0.04,0.344433957815112,0.146,0.109
"Samd10",0.52,0.0426477160245432,0.04,0.817163764456831,0.087,0.049
"Mroh8",0.52,0.056049884552141,0.04,1.24852868468166,0.075,0.037
"Gzf1",0.52,0.0267824527832883,0.04,0.25141357818423,0.153,0.116
"Dpm2",0.52,0.0383459929746491,0.04,0.409493578622816,0.143,0.105
"Gm37814",0.52,0.054670974172707,0.04,0.684223922801424,0.138,0.103
"Tceal9",0.519,0.0532569316400839,0.038,0.848912261976732,0.092,0.056
"Zfp449",0.519,0.0385236977939244,0.038,0.626969221236847,0.091,0.053
"Slc29a2",0.519,0.0382966792496947,0.038,1.07688902987596,0.066,0.029
"Mrpl21",0.519,0.0302558413801615,0.038,0.263818229042976,0.157,0.121
"Pcdhb14",0.519,0.0310842332437555,0.038,0.359797819346084,0.126,0.089
"Adcyap1",0.519,0.0543235287522936,0.038,1.98892065011095,0.053,0.015
"Morn2",0.519,0.0453614215421164,0.038,0.410949556887694,0.147,0.112
"Gpatch11",0.519,0.034647798957373,0.038,0.386876732622917,0.127,0.091
"Mpnd",0.519,0.0348595772161069,0.038,0.489543194622412,0.11,0.073
"Trim39",0.519,0.0316758110756507,0.038,0.293749501567858,0.156,0.121
"Ppt2",0.519,0.0355940375789474,0.038,0.392417269419334,0.132,0.095
"Wdr4",0.519,0.035910076965145,0.038,0.461733179758856,0.11,0.074
"Rsph3a",0.519,0.0379282094673937,0.038,0.494719555432474,0.113,0.076
"Impg2",0.519,0.0486256298966363,0.038,0.772375796739886,0.092,0.055
"Pvalb",0.519,0.0488474427569446,0.038,2.118904437965,0.051,0.014
"Scrt1",0.519,0.0530158761267711,0.038,0.951200094711405,0.093,0.057
"Gm21798",0.519,0.0497790311111203,0.038,0.902959853592112,0.088,0.052
"Fam167a",0.519,0.0483562844586324,0.038,2.24931259039249,0.045,0.008
"Neil2",0.519,0.047726008607704,0.038,1.48405742996871,0.059,0.022
"Psmd6",0.519,0.0235561395578661,0.038,0.254289077374663,0.138,0.102
"Gm8237",0.519,0.0440559845986859,0.038,3.461509394202,0.041,0.004
"Gm2897",0.519,0.0453080649799625,0.038,2.41226982200027,0.048,0.01
"Sirt5",0.519,0.0328283362228956,0.038,0.34645969118666,0.138,0.102
"Bloc1s5",0.519,0.0182673363789755,0.038,0.30267133140598,0.092,0.053
"Rtl1",0.519,0.0360506054917558,0.038,0.712487119393185,0.083,0.046
"Esrrb",0.519,0.0352606148270497,0.038,1.21793446787435,0.053,0.015
"Ccdc177",0.519,0.0589003658335253,0.038,1.56026865651142,0.068,0.03
"Jkamp",0.519,0.0342337564473695,0.038,0.266539182785263,0.176,0.142
"Rad51c",0.519,0.0498467878844346,0.038,1.35703832057409,0.065,0.028
"Cntrob",0.519,0.0464797066027868,0.038,0.381727112938343,0.172,0.141
"Hs3st3b1",0.519,0.0596125666660564,0.038,0.988490592996918,0.057,0.02
"Grip1os2",0.519,0.0441984611790802,0.038,2.43264531562045,0.049,0.01
"Ikbip",0.519,0.0271771451144303,0.038,0.453791835276773,0.087,0.048
"Gm47962",0.519,0.0553400270083768,0.038,1.29623513142523,0.073,0.036
"Fam241b",0.519,0.0425396497368653,0.038,1.16673223311306,0.066,0.029
"Npffr1",0.519,0.0788018336139937,0.038,3.03637009669677,0.049,0.011
"Moxd1",0.519,0.133282617451369,0.038,1.86153457419195,0.062,0.023
"Ss18l2",0.519,0.0214819353556604,0.038,0.407991579981592,0.087,0.05
"Elp6",0.519,0.0326973127334326,0.038,0.533296400153191,0.095,0.057
"Senp8",0.519,0.0394413993390444,0.038,0.297004198236896,0.185,0.15
"Ccdc15",0.519,0.0360782134988522,0.038,0.321797964965649,0.145,0.109
"Vps9d1",0.519,0.0424244378443129,0.038,0.321430979326581,0.186,0.154
"Dda1",0.519,0.0373206507019757,0.038,0.420877461453462,0.137,0.102
"Haus8",0.519,0.0434782316339798,0.038,1.16526636942786,0.066,0.03
"Rwdd4a",0.519,0.0336995924114328,0.038,0.300623763876828,0.16,0.127
"Leprotl1",0.519,0.036307964626579,0.038,0.358702987984063,0.14,0.104
"Sgf29",0.519,0.0329540090226543,0.038,0.343000850688774,0.143,0.108
"A230056P14Rik",0.519,0.0297868512763395,0.038,0.460814303738358,0.096,0.06
"Pnkp",0.519,0.0465630524052998,0.038,0.412144928489541,0.162,0.129
"Cox6b1",0.519,0.0453334480431574,0.038,0.545641803740776,0.117,0.08
"Tbcb",0.519,0.0307903496586332,0.038,0.621357268085864,0.081,0.044
"Zfp790",0.519,0.0258393837131779,0.038,0.38025776431809,0.1,0.062
"Gm42372",0.519,0.0325790008795504,0.038,0.388098385813765,0.124,0.088
"Zfp28",0.519,0.0301309293385264,0.038,0.541442781168062,0.09,0.053
"Gm26638",0.519,0.0350196279034932,0.038,0.452659555955656,0.12,0.084
"Zfp12",0.519,0.0308240387052011,0.038,0.381515293579647,0.114,0.079
"Tyms",0.519,0.0464828286854498,0.038,1.22642146451065,0.062,0.023
"Ncmap",0.519,0.0478417805140763,0.038,1.37620329274425,0.062,0.024
"Gtf2b",0.519,0.0236540108567209,0.038,0.2540992138744,0.14,0.104
"Gm27008",0.519,0.0555776746740826,0.038,0.742306697257705,0.104,0.069
"Mrpl47",0.519,0.050113796985201,0.038,0.716456220545207,0.109,0.073
"Pfdn4",0.519,0.0341157666626148,0.038,0.484479352502616,0.11,0.074
"Gm14114",0.519,0.0409351591543213,0.038,3.16726400380538,0.04,0.003
"Zc3h8",0.519,0.0220038439538932,0.038,0.267879518276545,0.123,0.088
"Wdr34",0.519,0.0396996158597687,0.038,0.328538531573788,0.169,0.136
"Gpr161",0.519,0.0404457639252391,0.038,1.25945549528765,0.061,0.023
"Lemd1",0.519,0.0580516624377744,0.038,1.18770967042575,0.071,0.034
"Mrpl15",0.519,0.0270637296810357,0.038,0.32073218049849,0.124,0.088
"Egfl6",0.518,0.0452069195055554,0.036,1.52839661296039,0.049,0.014
"Scml2",0.518,0.0594969144769584,0.036,1.47304424740692,0.059,0.023
"Rab9b",0.518,0.0452354015605516,0.036,1.09549166609181,0.069,0.034
"Ccdc160",0.518,0.0425315997231431,0.036,2.0918914754795,0.045,0.009
"Ccdc120",0.518,0.0461129017387135,0.036,0.942557891202868,0.083,0.047
"Hps1",0.518,0.0541612073627589,0.036,0.602836522555898,0.128,0.095
"Gm14966",0.518,0.0376302696111631,0.036,0.351875818831913,0.146,0.112
"BC031181",0.518,0.03070979967391,0.036,0.298818672738976,0.145,0.112
"Mrps18a",0.518,0.0262666427272719,0.036,0.287669906353386,0.128,0.095
"Spats1",0.518,0.0328318685811764,0.036,0.722918649074374,0.074,0.038
"Cyp4f16",0.518,0.0192384943864918,0.036,0.475313890725186,0.066,0.029
"Ndufv3",0.518,0.0314310630196814,0.036,0.326952810820998,0.136,0.104
"Tmem8",0.518,0.043191015705127,0.036,1.01391918717936,0.073,0.037
"Flywch2",0.518,0.052669946419493,0.036,1.43812628482518,0.06,0.025
"Dynlt1c",0.518,0.0423862930451374,0.036,1.69653714934666,0.05,0.015
"Atp5j",0.518,0.0232438102106691,0.036,0.28414195940068,0.118,0.084
"Bdh1",0.518,0.0393103819517038,0.036,0.294771171589114,0.192,0.162
"Masp1",0.518,0.0331739537045937,0.036,0.788650516187213,0.058,0.022
"Camk2n2",0.518,0.0409140138864531,0.036,1.25791433163595,0.057,0.021
"Gm15879",0.518,0.0393076838590893,0.036,0.99981668980756,0.066,0.031
"Prr5",0.518,0.0250106453935438,0.036,0.790107462539674,0.053,0.017
"Gm49066",0.518,0.0323909940187807,0.036,0.47516271400043,0.1,0.066
"Sdr39u1",0.518,0.0434968098673746,0.036,1.00262943864738,0.077,0.041
"Rec8",0.518,0.0455553791677463,0.036,1.30752648646595,0.058,0.024
"Cnih1",0.518,0.0275505639635409,0.036,0.348034595368726,0.111,0.076
"Ahr",0.518,0.0414917610045557,0.036,0.582766474876833,0.104,0.069
"Dus4l",0.518,0.0298615158223917,0.036,0.284079043192863,0.144,0.111
"Gm31333",0.518,0.0521718572266903,0.036,1.25627901160876,0.074,0.038
"Gm48693",0.518,0.0370514306655663,0.036,0.703966327700648,0.083,0.048
"Rac3",0.518,0.04653734219288,0.036,1.1484431418193,0.07,0.034
"Afmid",0.518,0.037147711988907,0.036,0.984190596799427,0.056,0.02
"Cygb",0.518,0.042244212421314,0.036,0.985064405137551,0.072,0.037
"D11Wsu47e",0.518,0.0276250739503242,0.036,0.478177445018816,0.087,0.052
"Ormdl3",0.518,0.0394836794807496,0.036,0.641846635940505,0.088,0.053
"Mrpl45",0.518,0.0232413016933897,0.036,0.269079784245549,0.126,0.092
"Txndc17",0.518,0.0333882471086757,0.036,0.590929387449231,0.079,0.044
"Mpg",0.518,0.0410824478921363,0.036,0.893941517567923,0.074,0.038
"Sec61g",0.518,0.0308316160295827,0.036,0.416841994433335,0.105,0.07
"1500026H17Rik",0.518,0.0485364243465816,0.036,0.826807028728115,0.088,0.053
"Dram1",0.518,0.042999398432584,0.036,0.413076706067265,0.151,0.118
"Gm15397",0.518,0.0407672439831819,0.036,1.5113107434975,0.052,0.017
"Cdh23",0.518,0.0811050901452148,0.036,1.6966802544608,0.049,0.013
"Gm17399",0.518,0.0467314469104073,0.036,1.1521291833751,0.069,0.034
"4930520O04Rik",0.518,0.0356155864186147,0.036,1.33587993111679,0.05,0.013
"Nckipsd",0.518,0.0342986099530004,0.036,0.389002125157204,0.135,0.102
"Mthfsd",0.518,0.0515733459897081,0.036,0.498893182737143,0.148,0.116
"Cmc2",0.518,0.043056084851509,0.036,0.654874933996484,0.102,0.068
"Rfx1",0.518,0.0392365267551354,0.036,0.267856247382804,0.219,0.192
"Fam149a",0.518,0.0337921964108584,0.036,0.837558935765808,0.066,0.029
"Slx1b",0.518,0.0346051588791458,0.036,0.459910900686328,0.11,0.075
"Tmem9b",0.518,0.027083380945038,0.036,0.328318798189068,0.125,0.09
"Usp35",0.518,0.0277758602514413,0.036,0.336986536726187,0.122,0.089
"Rabac1",0.518,0.0245479068285342,0.036,0.290535772078603,0.112,0.078
"Ret",0.518,0.0595020584339428,0.036,2.31021334206084,0.051,0.015
"Creld1",0.518,0.0410729405503577,0.036,0.324831479921982,0.186,0.156
"Mrps33",0.518,0.0397125950866519,0.036,0.381164876802276,0.138,0.105
"Lrwd1",0.518,0.030786636873697,0.036,0.558236436296661,0.082,0.046
"Rfc2",0.518,0.0222266681951225,0.036,0.269637512250906,0.117,0.084
"Asl",0.518,0.0430107643126793,0.036,1.39690218416659,0.058,0.023
"Tctn2",0.518,0.0335679770632996,0.036,0.27773340621629,0.174,0.144
"Gm20629",0.518,0.043347890372259,0.036,1.33650977301111,0.062,0.027
"Gm1673",0.518,0.0402781103375236,0.036,1.21728408153519,0.061,0.024
"Kcnk3",0.518,0.0430356267805964,0.036,0.460621705337154,0.13,0.098
"Reln",0.518,0.220008974342856,0.036,0.5496007010645,0.27,0.236
"Casz1",0.518,0.025629560329462,0.036,0.436911821948737,0.073,0.038
"Mycbp",0.518,0.0322110338991006,0.036,0.551706802929469,0.091,0.056
"Lrp8os3",0.518,0.04475681020829,0.036,1.97604812539173,0.048,0.013
"Rtca",0.518,0.0379971758240384,0.036,0.322601054725005,0.172,0.142
"Msto1",0.518,0.0240927295263975,0.036,0.38585021925787,0.091,0.054
"Rpl22l1",0.518,0.0227591901458672,0.036,0.303199110916805,0.106,0.072
"Psmd5",0.518,0.0352053052700502,0.036,0.271152371905557,0.181,0.15
"Vangl2",0.518,0.0295420860350064,0.036,0.615737529066517,0.073,0.037
"Gm38190",0.518,0.0223227937825262,0.036,0.336739249475434,0.098,0.063
"Colgalt2",0.518,0.0489101464556401,0.036,0.527175936384396,0.109,0.075
"Etnk2",0.518,0.049313224830569,0.036,0.789588806535278,0.087,0.052
"Gm1992",0.518,0.0380865489610468,0.036,0.619595938399446,0.104,0.069
"Pwwp3b",0.517,0.0431152374279909,0.034,0.963018264914683,0.065,0.031
"Bex4",0.517,0.045982165316326,0.034,1.78092522135206,0.05,0.017
"Dynlt3",0.517,0.030299954226486,0.034,0.381676956746698,0.117,0.085
"As3mt",0.517,0.0169403258434452,0.034,0.396679609583582,0.058,0.023
"Fads3",0.517,0.0330659684748487,0.034,0.63110910699397,0.082,0.048
"Snhg4",0.517,0.0348625845979357,0.034,0.512829549129315,0.1,0.068
"Tmem151b",0.517,0.0372784214591477,0.034,0.796081576594014,0.083,0.051
"Gm10785",0.517,0.031985793137694,0.034,0.526416995564838,0.091,0.058
"2510002D24Rik",0.517,0.0320767939942513,0.034,0.354884202370747,0.127,0.096
"Ifitm7",0.517,0.0431923385129641,0.034,1.05052865544431,0.071,0.038
"Csrnp2",0.517,0.043119099529366,0.034,0.413863229512637,0.161,0.132
"Rhebl1",0.517,0.0377770553904251,0.034,0.805203832644072,0.078,0.045
"Pnoc",0.517,0.0584925039756822,0.034,2.34609067399026,0.045,0.012
"Haus4",0.517,0.0360275531038512,0.034,1.84685691558323,0.042,0.007
"Hapln1",0.517,0.0262769819464879,0.034,0.994661294336408,0.044,0.009
"Gm31218",0.517,0.0730963019083147,0.034,5.16156298776726,0.036,0.002
"Cage1",0.517,0.0499090304908653,0.034,0.628384140444691,0.112,0.08
"Gm26839",0.517,0.0444486791333452,0.034,1.11097551449402,0.069,0.035
"Gm26973",0.517,0.0480403199643456,0.034,3.07201974472385,0.038,0.004
"Sptssa",0.517,0.0214116747563711,0.034,0.252640318920654,0.113,0.08
"Mlx",0.517,0.0310176237159905,0.034,0.392260801507508,0.113,0.082
"Gm11418",0.517,0.0401239167894605,0.034,1.13405386275935,0.065,0.032
"2810001G20Rik",0.517,0.0269339499540501,0.034,0.471311192595891,0.087,0.053
"H2afy2",0.517,0.0414843767954246,0.034,0.372245370516501,0.151,0.121
"Hddc2",0.517,0.0333237006256615,0.034,0.544498310066262,0.087,0.054
"Gm16153",0.517,0.0307792674034709,0.034,0.718243656878083,0.07,0.037
"Zfp105",0.517,0.0223698534775332,0.034,0.547497869032384,0.057,0.022
"Scn5a",0.517,0.0433904746417832,0.034,0.490329013940545,0.1,0.067
"Gm47757",0.517,0.0510919081824197,0.034,3.24718300449673,0.036,0.003
"Tent5a",0.517,0.0347203978751399,0.034,0.863616837487789,0.047,0.013
"Ccnb2",0.517,0.0397487221873709,0.034,1.22319072389801,0.06,0.027
"Tmem136",0.517,0.0322560469478522,0.034,0.40957056082675,0.117,0.084
"Edc4",0.517,0.0274510099021518,0.034,0.262128012063279,0.149,0.118
"Gm38250",0.517,0.0373745097422052,0.034,0.790753627388262,0.074,0.041
"Gm32786",0.517,0.0534675925799314,0.034,1.11433349195147,0.083,0.052
"Ubfd1",0.517,0.0306188005899294,0.034,0.319917629129484,0.133,0.102
"Ears2",0.517,0.0419119854824282,0.034,0.718516773070158,0.089,0.057
"Pgpep1l",0.517,0.0524526970309372,0.034,1.98737233150183,0.049,0.016
"Gm44643",0.517,0.0550562683887142,0.034,0.381901590977141,0.198,0.175
"Zfp619",0.517,0.0338829624644527,0.034,0.770155998488803,0.072,0.039
"Tmc4",0.517,0.0476451094906978,0.034,0.892497205121965,0.083,0.05
"Cand2",0.517,0.0344615259967108,0.034,1.30932406031143,0.045,0.01
"Usp39",0.517,0.0220840675416525,0.034,0.299519309935849,0.109,0.075
"Qrfprl",0.517,0.0634355371695281,0.034,3.06029539005154,0.038,0.005
"A730020E08Rik",0.517,0.0444374073499891,0.034,1.73309154340537,0.05,0.017
"Prrt4",0.517,0.0425912994653782,0.034,1.56490529005412,0.053,0.019
"Rcc1l",0.517,0.032639624726395,0.034,0.327640326582698,0.142,0.113
"Gm27199",0.517,0.0473131681783711,0.034,4.49046224933893,0.036,0.002
"Rbm19",0.517,0.036579896578498,0.034,0.629691594211486,0.091,0.058
"Gm13832",0.517,0.0428627133605136,0.034,0.843715921105383,0.082,0.047
"Alkbh2",0.517,0.0192303561969965,0.034,0.294126038332339,0.095,0.062
"Gm26756",0.517,0.0469540244212995,0.034,1.64720819550299,0.057,0.024
"Emc1",0.517,0.0359949065949066,0.034,0.361981294221164,0.141,0.109
"Selenon",0.517,0.0382616176257743,0.034,0.714045558125856,0.083,0.05
"Nudc",0.517,0.0256579267671868,0.034,0.283644798645071,0.129,0.098
"Lhx8",0.517,0.050975442662641,0.034,3.95331101642866,0.037,0.002
"Amigo1",0.517,0.0460124818348245,0.034,0.779848722926229,0.088,0.055
"Ptpn22",0.517,0.0248546548722213,0.034,0.755005456525573,0.054,0.02
"Bcl2l15",0.517,0.0398069586553368,0.034,1.29119345423524,0.061,0.028
"Rfx5",0.517,0.0268210032022531,0.034,0.507024637691134,0.079,0.046
"Tuft1",0.517,0.0432882286378894,0.034,1.35761925133793,0.053,0.018
"Rab13",0.517,0.0267933523647102,0.034,1.02697179765017,0.045,0.01
"Slc50a1",0.517,0.0292389124254054,0.034,0.304303239721401,0.135,0.103
"Gm26771",0.517,0.040777605683312,0.034,3.16287389414383,0.039,0.005
"Pcdh18",0.517,0.0210763829329381,0.034,0.656681049090337,0.046,0.012
"Mtfr1",0.517,0.0253527486978671,0.034,0.443578512395809,0.077,0.043
"Uckl1",0.517,0.0208579714526585,0.034,0.305967322905098,0.104,0.07
"Rbl1",0.517,0.0252820092928709,0.034,0.562031409010321,0.068,0.033
"Sox12",0.517,0.033567129050777,0.034,0.417738074837899,0.117,0.085
"Tmem74b",0.517,0.033883304733979,0.034,1.30166504802034,0.049,0.015
"Lcmt2",0.517,0.0400091593502701,0.034,0.971599871009335,0.068,0.035
"Arhgap1",0.517,0.0301451261499668,0.034,0.264273915040909,0.16,0.131
"Atp5g3",0.517,0.0387684352483892,0.034,0.624146623517599,0.09,0.057
"St6galnac6",0.517,0.0257137254369429,0.034,0.287619888145072,0.125,0.094
"0610009E02Rik",0.517,0.0460797972066758,0.034,0.65656792247619,0.104,0.072
"Slc19a2",0.517,0.0273702489210056,0.034,0.439094108795173,0.088,0.055
"6030442K20Rik",0.517,0.0275531697098789,0.034,0.462390498767635,0.085,0.051
"Gm28175",0.517,0.0500950164971908,0.034,0.55231834357333,0.096,0.062
"Gm28153",0.517,0.0445413853855383,0.034,1.08798916146907,0.061,0.027
"Cpa6",0.517,0.0681529678304068,0.034,0.873718342068133,0.07,0.038
"Fxn",0.516,0.0290317060187386,0.032,0.535830208812448,0.071,0.039
"Pcdhb17",0.516,0.0344605369725407,0.032,0.579171695306476,0.087,0.056
"Kcnk12",0.516,0.0375425418925972,0.032,0.372332318599402,0.139,0.11
"Washc1",0.516,0.0324270881955502,0.032,0.492027312167445,0.096,0.065
"Slc37a1",0.516,0.0364191676071522,0.032,0.438698322851065,0.113,0.084
"Gm1604b",0.516,0.0426526886030253,0.032,0.503897986771657,0.121,0.091
"Ccdc14",0.516,0.0294540770819177,0.032,0.555240818220435,0.077,0.047
"Gnb1l",0.516,0.0285165619423644,0.032,0.445562325066418,0.086,0.056
"Gm36560",0.516,0.0375911054807413,0.032,1.37000166121248,0.054,0.023
"Spryd3",0.516,0.0273309783321444,0.032,0.284927291756909,0.138,0.11
"Cyc1",0.516,0.014566833467728,0.032,0.281258272327727,0.084,0.051
"Mrpl13",0.516,0.0358279598869471,0.032,0.427763261094806,0.118,0.088
"Pcdh8",0.516,0.043002767666655,0.032,1.3900599923967,0.051,0.019
"Psme1",0.516,0.0268532820460044,0.032,0.630138047654339,0.062,0.031
"BC067074",0.516,0.0367766008274286,0.032,0.8922257465165,0.054,0.022
"Gm5441",0.516,0.0384380931482306,0.032,0.453902444254933,0.128,0.097
"Akt1",0.516,0.0218389064419475,0.032,0.324705365817575,0.096,0.066
"Ndufb1-ps",0.516,0.0266293028034741,0.032,0.295452453572363,0.122,0.093
"Isca2",0.516,0.0257821799622775,0.032,0.332436250244451,0.119,0.088
"Gpr135",0.516,0.0327892396738423,0.032,0.95163010267961,0.061,0.028
"Mybbp1a",0.516,0.0264324886659942,0.032,0.293373297644286,0.132,0.103
"Zfp286",0.516,0.0259090245022882,0.032,0.320631868477608,0.112,0.081
"AC135859.1",0.516,0.0331347354337854,0.032,1.00287901916769,0.058,0.028
"Fzr1",0.516,0.0160864100766979,0.032,0.251813747418497,0.091,0.061
"Atp5d",0.516,0.0262998697255571,0.032,0.382743048053207,0.102,0.071
"Fgf22",0.516,0.0380540332869039,0.032,1.48342280431036,0.049,0.018
"Gm26543",0.516,0.0418624891364937,0.032,1.05100550567755,0.068,0.037
"E530011L22Rik",0.516,0.0317473799389031,0.032,0.701449037952384,0.068,0.036
"Srprb",0.516,0.0250796598034293,0.032,0.361667582932125,0.091,0.06
"Parp16",0.516,0.0262419121039462,0.032,0.537205490789689,0.074,0.043
"Stoml1",0.516,0.0263045155039819,0.032,0.339625164106741,0.117,0.087
"Gm29724",0.516,0.0420472390086208,0.032,0.598644292904449,0.097,0.067
"Agrp",0.516,0.0431778089343602,0.032,0.911063065840278,0.074,0.043
"Gm26843",0.516,0.015701592352924,0.032,0.285828954664379,0.083,0.052
"Fbxw9",0.516,0.0351600394197984,0.032,0.623851327023872,0.084,0.053
"Mvb12a",0.516,0.0192467354449668,0.032,0.327144947785203,0.088,0.058
"Uros",0.516,0.038274724207357,0.032,0.530979570943894,0.104,0.074
"Kat8",0.516,0.0223507911420995,0.032,0.304338459592359,0.109,0.08
"2410002F23Rik",0.516,0.029977019107706,0.032,0.264043207284766,0.152,0.124
"Nectin2",0.516,0.0253020270348932,0.032,0.863028129804793,0.049,0.016
"Tigar",0.516,0.0289280156847038,0.032,0.684641523435257,0.074,0.041
"Bola3",0.516,0.0341172528396535,0.032,0.599416661234359,0.087,0.055
"Mkln1os",0.516,0.0345541959611994,0.032,0.436314553519539,0.121,0.091
"Tmem132cos",0.516,0.0474183010626139,0.032,1.92341726035935,0.047,0.014
"Snhg12",0.516,0.0370868402760575,0.032,0.394334794010307,0.126,0.099
"Ndufb6",0.516,0.0317371004503944,0.032,0.676258117533349,0.076,0.044
"4933421O10Rik",0.516,0.026874675778923,0.032,0.382809649797938,0.104,0.072
"Pla2g12a",0.516,0.0350907679779332,0.032,0.495363353158047,0.107,0.077
"Gm17494",0.516,0.0593912148949778,0.032,0.426621353289685,0.186,0.162
"Eef1a2",0.516,0.0442038185173046,0.032,0.372212398792542,0.178,0.153
"Gm14342",0.516,0.0461566476068524,0.032,2.08667385377691,0.045,0.013
"Fam217b",0.516,0.0357892637180065,0.032,0.609716689165289,0.085,0.053
"2900093K20Rik",0.516,0.0226665850444866,0.032,0.260731785181463,0.117,0.086
"Pdrg1",0.516,0.0378537635548691,0.032,0.513733921565359,0.107,0.076
"Mrps26",0.516,0.0306221163437217,0.032,0.445044511598078,0.102,0.072
"Sord",0.516,0.0210558875679096,0.032,0.316342029818224,0.09,0.058
"Grem1",0.516,0.0433877545650037,0.032,1.48111192169924,0.055,0.023
"Accs",0.516,0.0169825266102126,0.032,0.47622544902754,0.056,0.024
"C230014O12Rik",0.516,0.0610610725293205,0.032,0.896506171079548,0.087,0.055
"Fbxw5",0.516,0.0295301756781566,0.032,0.31723226486236,0.131,0.101
"Vash2",0.516,0.0429876887260285,0.032,1.47511119958356,0.057,0.027
"Nif3l1",0.516,0.0242365275715486,0.032,0.597595823897658,0.066,0.033
"Ubqln2",0.515,0.0248190534340503,0.03,0.493687072555488,0.074,0.044
"Irs4",0.515,0.0423895495952572,0.03,2.48945439860163,0.035,0.005
"Nap1l3",0.515,0.0316325713393229,0.03,0.690558122161569,0.072,0.043
"Nkrf",0.515,0.03086212802629,0.03,0.643626949126383,0.077,0.049
"Tmem223",0.515,0.023352712026059,0.03,0.31034937237146,0.101,0.073
"Ndufv1",0.515,0.0215603354756486,0.03,0.308723326568789,0.101,0.072
"Impa2",0.515,0.0203751142331429,0.03,0.316910647504794,0.099,0.068
"Isoc1",0.515,0.0250331509993688,0.03,0.617833381824791,0.062,0.032
"Tmco6",0.515,0.0192104476099213,0.03,0.282261918612409,0.091,0.063
"Zfp955a",0.515,0.0358919329339741,0.03,0.372383559534425,0.142,0.116
"4732491K20Rik",0.515,0.0178559583126209,0.03,0.472027278968121,0.057,0.028
"Rnaset2b",0.515,0.0257298567704618,0.03,0.850569009817524,0.053,0.023
"B130034C11Rik",0.515,0.0252722724295494,0.03,0.4683051137956,0.083,0.054
"Gm46563",0.515,0.0347578876595384,0.03,2.08618472224275,0.036,0.007
"Amigo2",0.515,0.0481922001861888,0.03,1.72539939432515,0.048,0.018
"Tubgcp6",0.515,0.0258065818833005,0.03,0.276278611483241,0.136,0.11
"Eef1d",0.515,0.026525399757194,0.03,0.317062206964482,0.119,0.091
"Gm49768",0.515,0.029425558472576,0.03,0.778598672147096,0.07,0.039
"Spryd7",0.515,0.0219844433752789,0.03,0.277082432604864,0.11,0.082
"Psme2",0.515,0.0362938216675478,0.03,1.15700557590268,0.051,0.022
"Gnpnat1",0.515,0.0387985379921584,0.03,0.568500666642239,0.096,0.068
"Oxnad1",0.515,0.0202444619364832,0.03,0.348820260655599,0.078,0.048
"Dph3",0.515,0.0190927681731009,0.03,0.367130000769406,0.072,0.042
"A330033J07Rik",0.515,0.0137302273865301,0.03,0.304387372646644,0.063,0.034
"Gm527",0.515,0.0313978090837718,0.03,0.72306827159398,0.07,0.041
"Gm48535",0.515,0.0405492874501543,0.03,3.72234296146621,0.032,0.002
"2410018L13Rik",0.515,0.0465154319493111,0.03,1.66999400003412,0.049,0.019
"Kcnh6",0.515,0.0384240762359439,0.03,1.5817041237348,0.049,0.019
"Coil",0.515,0.0223041659887382,0.03,0.266765234682607,0.122,0.093
"Slc16a13",0.515,0.0332510081972034,0.03,1.22728822214455,0.048,0.019
"Acadvl",0.515,0.0261988650422543,0.03,0.581832891834952,0.068,0.037
"Lgalsl",0.515,0.0412114967890779,0.03,0.543077511221864,0.111,0.082
"Btg1",0.515,0.0327931452497844,0.03,0.62363289921992,0.074,0.043
"Gm15608",0.515,0.0318862113973108,0.03,0.884980231572092,0.06,0.03
"Wdr18",0.515,0.0375014760822551,0.03,0.584210728863507,0.097,0.069
"Dna2",0.515,0.0285932976229656,0.03,0.752241109495817,0.062,0.032
"Stox1",0.515,0.0482439140577731,0.03,0.680972659070293,0.106,0.078
"Gm20300",0.515,0.0171118553114831,0.03,0.376702775929465,0.068,0.038
"Tipin",0.515,0.0300410999273695,0.03,0.405771431998368,0.098,0.07
"Gm17545",0.515,0.0414578160286289,0.03,1.09153003238705,0.06,0.03
"Kdm4d",0.515,0.0537206161496598,0.03,0.804035246714543,0.093,0.064
"Msantd4",0.515,0.0257699980539365,0.03,0.510431763491426,0.078,0.049
"Gm26994",0.515,0.0408335812851653,0.03,2.96863288646823,0.035,0.006
"Gm15680",0.515,0.0323418723748592,0.03,0.902896572286767,0.06,0.031
"Rab3a",0.515,0.0272347410649478,0.03,0.409357276909685,0.104,0.075
"Atp7b",0.515,0.0131198005257354,0.03,0.471214001507421,0.047,0.018
"Rexo5",0.515,0.0200964576593193,0.03,0.55578512936167,0.047,0.018
"Lmo1",0.515,0.0398366738331468,0.03,1.04374765896036,0.055,0.025
"Relt",0.515,0.0337547304005107,0.03,1.32410000339725,0.052,0.021
"Acan",0.515,0.0268486357638312,0.03,1.4516701255715,0.037,0.008
"Det1",0.515,0.0227336428719802,0.03,0.448463322491936,0.073,0.044
"Spint2",0.515,0.0453535895143948,0.03,0.679146187576288,0.091,0.063
"Ercc2",0.515,0.0197591460398941,0.03,0.291901364535131,0.097,0.069
"Mypop",0.515,0.024516146181623,0.03,0.46073606112509,0.079,0.049
"Zscan22",0.515,0.0327881225261534,0.03,0.498936302223493,0.093,0.064
"Hspbp1",0.515,0.0414339851288537,0.03,0.421561695451137,0.147,0.121
"Spx",0.515,0.0426454254525753,0.03,1.30033063587751,0.059,0.03
"Chchd4",0.515,0.0328359060484153,0.03,0.591832410072644,0.079,0.05
"Zfp316",0.515,0.0271449480624811,0.03,0.537572589810002,0.079,0.049
"Uncx",0.515,0.0466012304548017,0.03,3.08373071699427,0.034,0.005
"Arl6ip4",0.515,0.0201584910403639,0.03,0.314980306237863,0.087,0.057
"Gm43813",0.515,0.0206877293775713,0.03,0.387758554115313,0.078,0.049
"Iscu",0.515,0.0217357951791206,0.03,0.396337686567742,0.079,0.049
"C130026L21Rik",0.515,0.0455942714860294,0.03,0.876601829195784,0.086,0.057
"Cgref1",0.515,0.042220689552491,0.03,1.39952126218766,0.055,0.026
"Atg9b",0.515,0.0432150173864911,0.03,2.45412100311393,0.04,0.011
"Dffa",0.515,0.0191616075026523,0.03,0.251275521072378,0.112,0.083
"Pdik1l",0.515,0.0247093709085795,0.03,0.346550899622861,0.1,0.07
"Ppie",0.515,0.0306217247156747,0.03,0.515777979429286,0.083,0.052
"Mtap",0.515,0.026428007386094,0.03,0.613671959176659,0.065,0.036
"Gm42303",0.515,0.072993728788046,0.03,1.09346260158333,0.091,0.062
"Txn1",0.515,0.0294772679747111,0.03,0.498500582251856,0.09,0.061
"Col15a1",0.515,0.015332189164516,0.03,0.258318079486507,0.067,0.037
"Lamtor5",0.515,0.0169108418849075,0.03,0.27793983941925,0.086,0.057
"1110015O18Rik",0.515,0.0313458960497775,0.03,1.58495902193075,0.039,0.009
"Slc24a5",0.515,0.0277748080992683,0.03,0.478377947773915,0.079,0.049
"Myo3b",0.515,0.0289109571205994,0.03,0.314596390452255,0.096,0.067
"Scn7a",0.515,0.0515431833833946,0.03,1.03605121890998,0.059,0.03
"Gm13589",0.515,0.0431727584092651,0.03,1.66468877094967,0.046,0.016
"Slc2a8",0.515,0.038328064513334,0.03,0.810520266342253,0.078,0.049
"Ppp1r26",0.515,0.0306607675791655,0.03,1.04540005104182,0.051,0.02
"Slc2a6",0.515,0.0401674171155699,0.03,1.00550866935849,0.072,0.043
"Arrdc1",0.515,0.0314844631161738,0.03,0.68308253673449,0.063,0.034
"Ppox",0.515,0.0161911278065581,0.03,0.356138342629552,0.068,0.039
"Rnasel",0.515,0.03502760871703,0.03,1.09757871089367,0.054,0.024
"Gm29488",0.515,0.0295733274055669,0.03,0.73763415144988,0.068,0.038
"Gm29480",0.515,0.0377726957620417,0.03,2.63047761320859,0.037,0.007
"Tmem35a",0.514,0.0276948417627397,0.028,0.606457377519169,0.067,0.04
"Amer1",0.514,0.0196876238254679,0.028,0.365519708237665,0.076,0.048
"Haus7",0.514,0.0260699755133343,0.028,0.871524068366763,0.046,0.019
"Zfp92",0.514,0.0457018772090766,0.028,1.42786837404262,0.052,0.024
"Zfp275",0.514,0.0181628593188958,0.028,0.387749833401748,0.069,0.042
"Gpr101",0.514,0.0456688886883846,0.028,2.09545782032109,0.039,0.011
"5730405O15Rik",0.514,0.0378488887500749,0.028,1.31054199882216,0.049,0.021
"B630019K06Rik",0.514,0.030843755920702,0.028,1.43755810249823,0.038,0.011
"Taf6l",0.514,0.0300220891010318,0.028,0.601247378243178,0.069,0.042
"A930012L18Rik",0.514,0.0158440455119988,0.028,0.463909773387513,0.053,0.025
"Klhl14",0.514,0.0530275363860211,0.028,1.82440915110186,0.041,0.014
"Cabyr",0.514,0.0257929825673921,0.028,0.694681499851683,0.053,0.026
"Pkdcc",0.514,0.0340714413134406,0.028,0.803908770457601,0.066,0.037
"Btla",0.514,0.0282746020363707,0.028,0.681413470406517,0.059,0.031
"Ydjc",0.514,0.0454100322355749,0.028,0.710384106505109,0.096,0.068
"Ttll1",0.514,0.0363390783646729,0.028,0.483127932862069,0.115,0.089
"Pdxp",0.514,0.0370102312784971,0.028,0.649638765990895,0.084,0.058
"Peg13",0.514,0.0314850593877019,0.028,0.678467433254145,0.075,0.049
"C030047K22Rik",0.514,0.0444181345228448,0.028,0.632679263724649,0.095,0.068
"D130079A08Rik",0.514,0.144510540772264,0.028,1.62643868385807,0.04,0.012
"Nkd2",0.514,0.0244346733596359,0.028,1.08789536942387,0.034,0.006
"Tert",0.514,0.033469110754532,0.028,0.811350618648595,0.061,0.033
"Irx2",0.514,0.0343138083411785,0.028,1.09802461735583,0.04,0.012
"1810034E14Rik",0.514,0.0235874949332557,0.028,0.742077543314492,0.053,0.026
"Kif26a",0.514,0.0251020733042972,0.028,1.01854938104128,0.042,0.015
"Slirp",0.514,0.0257316216341044,0.028,0.488351940679939,0.072,0.045
"Vcpkmt",0.514,0.0325603415469386,0.028,0.71006519450538,0.074,0.047
"Odc1",0.514,0.0203952098927682,0.028,0.421645587813077,0.074,0.046
"Cog1",0.514,0.022886580165734,0.028,0.270328538359485,0.12,0.093
"1700023F06Rik",0.514,0.0405166925235503,0.028,2.00278878931475,0.044,0.015
"Pnpo",0.514,0.0302176274091749,0.028,0.653158182145181,0.07,0.042
"Mycbpap",0.514,0.0211231034058458,0.028,0.641177336872635,0.049,0.02
"Nme1",0.514,0.0236840852069982,0.028,0.346579993489507,0.106,0.079
"Alox8",0.514,0.0329179538213428,0.028,5.30137231625568,0.028,0.001
"Zkscan17",0.514,0.0170599381976527,0.028,0.287869382712985,0.083,0.055
"Zfp454",0.514,0.0168189112217271,0.028,0.450225432986733,0.059,0.032
"Gm12082",0.514,0.0425766720439901,0.028,4.53421798672325,0.03,0.002
"Nefh",0.514,0.0299917326887636,0.028,1.27467837652176,0.051,0.022
"Vmn2r84",0.514,0.0495098196035239,0.028,1.12682934283922,0.072,0.046
"4930430F08Rik",0.514,0.0188009192856493,0.028,0.255905244429815,0.11,0.084
"Gas2l3",0.514,0.0186824014770935,0.028,0.473031730937208,0.058,0.031
"Mterf2",0.514,0.0255649930980301,0.028,0.300004984254551,0.121,0.094
"Pofut2",0.514,0.0298021657370878,0.028,0.765386452740245,0.061,0.034
"Aifm2",0.514,0.0222635879542965,0.028,0.620267928896814,0.053,0.024
"Nbeal2",0.514,0.021229384910739,0.028,0.535155765106295,0.06,0.031
"Sox14",0.514,0.0456019533318962,0.028,3.43587057639212,0.03,0.002
"Mrps22",0.514,0.0261464066565018,0.028,0.366693386653106,0.103,0.075
"A330041J22Rik",0.514,0.0317199317471919,0.028,1.03620560622179,0.053,0.026
"Leo1",0.514,0.0194393965942896,0.028,0.28835693301026,0.099,0.072
"Trappc4",0.514,0.0270112091518252,0.028,0.329598351711961,0.111,0.085
"Dbndd1",0.514,0.0373238805798828,0.028,0.875051591695265,0.066,0.038
"Zfp958",0.514,0.022429412512471,0.028,0.277515518382494,0.112,0.084
"Tmem265",0.514,0.0272097380500082,0.028,0.364329402521025,0.109,0.083
"Wee1",0.514,0.0322204849221864,0.028,0.69966714388053,0.074,0.046
"P4ha3",0.514,0.0336661047433701,0.028,0.768633951225742,0.066,0.038
"Fam174b",0.514,0.0255214682371634,0.028,0.530553859912779,0.076,0.049
"Ndn",0.514,0.0410441523131873,0.028,1.42774352997068,0.048,0.02
"Gm15396",0.514,0.0369627270771415,0.028,0.761609137594742,0.079,0.051
"2310022A10Rik",0.514,0.0230369867219678,0.028,0.294063800329821,0.112,0.085
"Mlf2",0.514,0.0265985240169117,0.028,0.287908465247029,0.136,0.11
"AI854703",0.514,0.0335202696278071,0.028,1.33904794516472,0.052,0.025
"Gm13844",0.514,0.0407297469870389,0.028,0.749600709467417,0.088,0.061
"Chchd2",0.514,0.0127651866465864,0.028,0.276141764777952,0.072,0.044
"Rad9b",0.514,0.0233029812924533,0.028,0.251111713967368,0.113,0.087
"Sdsl",0.514,0.0292328005868942,0.028,1.89229316809905,0.037,0.009
"Zbtb49",0.514,0.0286246773807635,0.028,0.32494887078606,0.128,0.102
"Shh",0.514,0.0294671451055783,0.028,2.12854643906573,0.035,0.008
"Xrcc2",0.514,0.0123017773058875,0.028,0.30088546363083,0.062,0.033
"Dffb",0.514,0.0375695577499925,0.028,0.526603278217258,0.109,0.082
"Ubiad1",0.514,0.0297674345715289,0.028,0.734443690012759,0.062,0.035
"Pax7",0.514,0.0576185075320426,0.028,3.6496404420199,0.03,0.002
"Maneal",0.514,0.0380747715684837,0.028,0.7603986012201,0.082,0.054
"Bend5",0.514,0.034738896451158,0.028,1.10457596282455,0.057,0.029
"Gm12371",0.514,0.0447958699026089,0.028,0.888003386973969,0.074,0.047
"Cyp2u1",0.514,0.0227506347221884,0.028,0.370086339700034,0.085,0.058
"Kcnc4",0.514,0.042517869225748,0.028,0.595991054853775,0.101,0.074
"Pias3",0.514,0.01333962696724,0.028,0.253592234423019,0.072,0.044
"Itga10",0.514,0.0250334721732429,0.028,0.549492165704801,0.057,0.029
"Ogfr",0.514,0.0267113970203769,0.028,0.527961556328876,0.077,0.049
"Cbln4",0.514,0.0384766441954855,0.028,1.30561985250459,0.047,0.018
"Trp53inp2",0.514,0.0270861391311742,0.028,0.408806395410502,0.098,0.072
"Ciao1",0.514,0.017904472490495,0.028,0.269116770456151,0.095,0.067
"Gm13986",0.514,0.0655084954337779,0.028,0.93472373978009,0.07,0.042
"Apip",0.514,0.031277050138004,0.028,0.31286996837076,0.143,0.119
"4930445B16Rik",0.514,0.0329010107712805,0.028,0.867457745515588,0.058,0.031
"Fkbp7",0.514,0.0211414543588631,0.028,0.579234789979488,0.051,0.023
"Lmx1b",0.514,0.0426291364181475,0.028,2.43197193180306,0.033,0.006
"Igsf9",0.514,0.0465404237013889,0.028,1.17911367194991,0.056,0.029
"Gm32569",0.514,0.0245012510329256,0.028,1.19850175390739,0.039,0.01
"Gm33533",0.514,0.0501963707522833,0.028,1.17117655995871,0.07,0.042
"Uprt",0.513,0.0277321775267428,0.026,0.563482670994784,0.076,0.051
"Ppp1r3f",0.513,0.0233203463602782,0.026,0.382709305630935,0.091,0.066
"Ifit1bl2",0.513,0.0323599994796681,0.026,1.43676743425943,0.04,0.016
"Tmem216",0.513,0.0293702112824331,0.026,0.557658131862612,0.074,0.048
"Snhg1",0.513,0.0182729073177386,0.026,0.337023408768964,0.075,0.05
"Ccdc192",0.513,0.0472165521760899,0.026,0.876873790729417,0.045,0.019
"AC156546.1",0.513,0.0351317830440574,0.026,0.759469947567232,0.076,0.05
"Spry4",0.513,0.0201150806467306,0.026,0.700312000520753,0.046,0.02
"Pcdhb16",0.513,0.0243167761482485,0.026,0.406633766336144,0.084,0.06
"Hagh",0.513,0.0324479512319776,0.026,0.291881187730374,0.157,0.135
"Acat2",0.513,0.027856818043518,0.026,0.288806950198046,0.134,0.11
"Dmc1",0.513,0.0336368571019109,0.026,0.708206111826825,0.07,0.045
"Vps28",0.513,0.0272257313897982,0.026,0.70521928815161,0.057,0.031
"4930570B17Rik",0.513,0.0220272091913297,0.026,0.533800312359941,0.063,0.036
"Gm49179",0.513,0.0260329518965688,0.026,0.433340586597434,0.084,0.06
"Cdh24",0.513,0.0409283839410021,0.026,0.822091937173238,0.073,0.047
"Tubb2b",0.513,0.0165698713945174,0.026,0.546037517691492,0.044,0.019
"Sox4",0.513,0.028400644766662,0.026,0.908040557820104,0.047,0.021
"Tunar",0.513,0.0377769294462811,0.026,0.639621343220083,0.085,0.06
"Fam71d",0.513,0.0357919614295692,0.026,0.853262704091356,0.064,0.038
"Dtd2",0.513,0.0235306199497484,0.026,0.417057349133176,0.077,0.051
"Greb1",0.513,0.0337405686317248,0.026,0.904210104372139,0.045,0.019
"Psmc5",0.513,0.0189072003788199,0.026,0.276360214800392,0.103,0.078
"Vat1",0.513,0.0243251395746452,0.026,1.06624940238432,0.041,0.015
"Klhl11",0.513,0.0264740752035595,0.026,0.344831685658551,0.117,0.093
"Tmem199",0.513,0.0306279386182523,0.026,0.468182177273281,0.093,0.068
"Sat2",0.513,0.0176463994732772,0.026,0.353860752557492,0.07,0.044
"Zfp354b",0.513,0.0262573611357619,0.026,0.768682816920645,0.057,0.032
"Zrsr1",0.513,0.0159254188517009,0.026,0.338174161895813,0.07,0.045
"Tmem17",0.513,0.0325143348001744,0.026,1.06183187574023,0.052,0.027
"Tbrg4",0.513,0.0234444455472374,0.026,0.535781391674266,0.069,0.043
"Pold2",0.513,0.0263152472080086,0.026,0.928833093030671,0.044,0.017
"Cnpy2",0.513,0.0183656540680294,0.026,0.341611698838007,0.07,0.046
"B4galnt1",0.513,0.0377604893333529,0.026,0.47958480553992,0.121,0.098
"Gm15723",0.513,0.0456898828692115,0.026,1.28045619560408,0.054,0.028
"Gm20757",0.513,0.0346783064086862,0.026,1.94734404234814,0.028,0.003
"Sirt6",0.513,0.0318271526355891,0.026,1.20576431826609,0.048,0.023
"Btbd2",0.513,0.0214038122072182,0.026,0.264427847245761,0.117,0.092
"Cfap410",0.513,0.0261468608492278,0.026,0.414045898336402,0.091,0.066
"Sar1a",0.513,0.026622804134245,0.026,0.296146227253196,0.117,0.093
"Nicn1",0.513,0.0301529890445945,0.026,0.336205417655745,0.122,0.099
"Apeh",0.513,0.0217213227819309,0.026,0.546410800425214,0.055,0.029
"Dnaja4",0.513,0.0213997833861101,0.026,0.330489549294188,0.095,0.069
"Gm35835",0.513,0.0387642092806957,0.026,0.563385113921049,0.091,0.065
"Zfp202",0.513,0.0301608641451853,0.026,0.610636641515238,0.071,0.045
"Zswim4",0.513,0.0202970468708458,0.026,0.298038560613282,0.1,0.074
"Dnajb1",0.513,0.0175115581332593,0.026,0.519359017570429,0.054,0.028
"D830024N08Rik",0.513,0.0254898705377279,0.026,0.599323396475826,0.07,0.045
"Gtpbp3",0.513,0.0223232081830796,0.026,0.361774121707331,0.09,0.064
"Armc6",0.513,0.0333388096888217,0.026,0.657078193440094,0.08,0.055
"Adam32",0.513,0.0229221913353815,0.026,0.375835555292379,0.086,0.061
"Gm44812",0.513,0.0414265139156668,0.026,0.979353305389963,0.062,0.036
"Zfp626",0.513,0.0227664948581117,0.026,0.482234725662428,0.073,0.047
"Egln2",0.513,0.0173081105576389,0.026,0.344780921712355,0.071,0.047
"Pafah1b3",0.513,0.0291507359434666,0.026,2.26572514080084,0.032,0.007
"Rtn2",0.513,0.0266455378313012,0.026,0.656459011039498,0.068,0.043
"Inafm1",0.513,0.0203066982842728,0.026,0.486199980417377,0.062,0.037
"Snrpg",0.513,0.0214046616327054,0.026,0.3695271812416,0.084,0.059
"Fkbp14",0.513,0.0215803285759077,0.026,0.420009607733412,0.078,0.051
"Ccdc126",0.513,0.0268106967011824,0.026,0.464859901626239,0.086,0.06
"Dlx6",0.513,0.0330653826082679,0.026,1.50205496628596,0.043,0.017
"Gm43598",0.513,0.0296362875122436,0.026,0.740932372569837,0.061,0.035
"Cops6",0.513,0.0181458266958243,0.026,0.348082711960389,0.08,0.055
"Ufsp1",0.513,0.0329477463974698,0.026,2.12084984311795,0.036,0.009
"Ran",0.513,0.0183989503996822,0.026,0.288177205407277,0.091,0.066
"Dhx37",0.513,0.0307075696417197,0.026,0.665462108736494,0.071,0.045
"Dck",0.513,0.0188023951277884,0.026,0.467620213976109,0.065,0.039
"Zfp518b",0.513,0.0244958250142879,0.026,0.476031179960776,0.083,0.057
"Evc",0.513,0.018562069924284,0.026,0.541126124206945,0.049,0.023
"Eif2b4",0.513,0.0241094839904479,0.026,0.26579775754459,0.126,0.101
"Tmem240",0.513,0.0288654673695212,0.026,0.504308898595947,0.083,0.058
"Ddost",0.513,0.0237319739627118,0.026,0.474547001478398,0.077,0.051
"Tmem222",0.513,0.0287059177499185,0.026,0.441457233338921,0.094,0.07
"Gm12709",0.513,0.0324275690087579,0.026,0.921356094704866,0.06,0.035
"Nol6",0.513,0.02517750787927,0.026,0.397673580780312,0.091,0.066
"Ap4b1",0.513,0.0140282119066331,0.026,0.277873108244488,0.065,0.039
"Riiad1",0.513,0.0133209973164189,0.026,0.283489955781385,0.07,0.045
"Mrpl9",0.513,0.0255078755029974,0.026,0.323572460823113,0.109,0.085
"Gm37245",0.513,0.0355387390930596,0.026,1.18454831508597,0.05,0.025
"1700112D23Rik",0.513,0.0359839536187313,0.026,0.373543845806068,0.13,0.106
"Fitm2",0.513,0.0162346026681077,0.026,0.556299427268021,0.052,0.026
"Spag4",0.513,0.034892667740468,0.026,1.9143654690466,0.04,0.014
"Pak6",0.513,0.0328298739274084,0.026,0.266260183435791,0.175,0.154
"Fsip1",0.513,0.030588643119973,0.026,1.058948902336,0.043,0.017
"Gjd2",0.513,0.0300631420183247,0.026,3.30757113305227,0.029,0.004
"St6galnac4",0.513,0.015781208575134,0.026,0.309938144588916,0.077,0.051
"Inpp5e",0.513,0.027256429184281,0.026,0.579602051778088,0.073,0.048
"Rnf208",0.513,0.0416167207331869,0.026,1.13457842414985,0.061,0.034
"Zmynd19",0.513,0.027556414771425,0.026,0.797391797369098,0.055,0.03
"Gm37107",0.513,0.0392968682730199,0.026,0.827100958735031,0.081,0.056
"Gm38085",0.513,0.0493325959939515,0.026,0.661617862821283,0.119,0.096
"Gm32250",0.513,0.0369651287381248,0.026,0.548566950103874,0.094,0.069
"Lamb3",0.513,0.0380006579356013,0.026,1.4294026015342,0.048,0.021
"Crb1",0.513,0.0587281001283041,0.026,0.73683866219007,0.085,0.061
"Mrpl30",0.513,0.0229657863664378,0.026,0.435392282857797,0.084,0.058
"Gm28154",0.513,0.0339710211430043,0.026,1.63411262200442,0.041,0.016
"Gm9947",0.513,0.0349685163489959,0.026,1.2106508755756,0.051,0.026
"Tceal3",0.512,0.0441860659106991,0.024,0.401751976113403,0.134,0.116
"Tceal5",0.512,0.0374541973490506,0.024,0.358251334451426,0.148,0.13
"Rab39b",0.512,0.0239888169148861,0.024,0.513048348455172,0.07,0.047
"Naa10",0.512,0.029406681511674,0.024,0.758710506228299,0.059,0.036
"Gm16299",0.512,0.0245580717760707,0.024,0.836057654889252,0.05,0.027
"Rce1",0.512,0.0303592918898648,0.024,0.719918650347211,0.061,0.038
"Pcdhb21",0.512,0.0363989743200993,0.024,0.639279102637402,0.084,0.061
"Gm50304",0.512,0.0425055494384188,0.024,0.355302336876615,0.166,0.149
"Glo1",0.512,0.0166027917419688,0.024,0.288722501106771,0.082,0.058
"AI413582",0.512,0.0216945635724983,0.024,0.437526146514752,0.076,0.053
"Decr2",0.512,0.0224047827379374,0.024,0.252789241793921,0.132,0.111
"Zfp213",0.512,0.0285825585442779,0.024,0.982355642051714,0.047,0.024
"Pnldc1",0.512,0.0273137193933322,0.024,0.510070329061087,0.078,0.054
"Adamts5",0.512,0.0195563038824851,0.024,0.817054923761495,0.034,0.009
"B4galt4",0.512,0.0188834200319038,0.024,0.289911310623704,0.089,0.066
"Yars2",0.512,0.0177270428878178,0.024,0.302871921018724,0.086,0.062
"Nubp1",0.512,0.0183863420981803,0.024,0.365349557756637,0.074,0.05
"Prr13",0.512,0.0124159077912342,0.024,0.289623753878745,0.061,0.037
"Col2a1",0.512,0.0286716691801716,0.024,1.53804146991857,0.032,0.008
"Mapk12",0.512,0.0204944129024387,0.024,0.720791591168029,0.047,0.024
"Ttll12",0.512,0.0313845159857981,0.024,1.1265427011369,0.047,0.022
"Pycrl",0.512,0.0262750209309893,0.024,0.66911831520401,0.054,0.031
"Polr2k",0.512,0.0144341891233485,0.024,0.311166776850537,0.07,0.047
"Gm15918",0.512,0.0309992963783364,0.024,1.71683832168415,0.036,0.013
"Gm48914",0.512,0.0346412966494273,0.024,3.21517972607047,0.029,0.004
"Ppif",0.512,0.0243557284709923,0.024,0.595227002624295,0.066,0.042
"Gm3739",0.512,0.0292102595650435,0.024,1.59250742151735,0.033,0.01
"Gm3468",0.512,0.0255076531215301,0.024,1.96179576878853,0.033,0.009
"Gm30655",0.512,0.0138201696353547,0.024,0.38508990741758,0.053,0.029
"Fbxl21",0.512,0.0220896852679302,0.024,0.590850567786001,0.06,0.035
"Catsper3",0.512,0.0312901158762875,0.024,1.04783026135581,0.048,0.024
"Glrx5",0.512,0.0218868293588483,0.024,0.629293438728007,0.057,0.034
"B230217J21Rik",0.512,0.0289562134298313,0.024,2.34096619194543,0.03,0.006
"Mrps23",0.512,0.0222185382382479,0.024,0.782359326820202,0.045,0.022
"Mrm3",0.512,0.0203644485868459,0.024,0.378081793001658,0.079,0.056
"Elac2",0.512,0.0212607964665953,0.024,0.292372054688716,0.103,0.081
"2310033P09Rik",0.512,0.0165990973587006,0.024,0.282226351193987,0.084,0.061
"Lsm11",0.512,0.0286305431483544,0.024,1.08278629352349,0.046,0.023
"Gm12120",0.512,0.0263965059758788,0.024,3.0885516929459,0.027,0.004
"Etaa1",0.512,0.0275346114637554,0.024,0.379116370067591,0.098,0.076
"Mtfp1",0.512,0.0267836659442594,0.024,0.969369995753577,0.047,0.023
"Tsfm",0.512,0.025359647828285,0.024,0.430459437914394,0.083,0.06
"Grip1os1",0.512,0.029348809004573,0.024,1.89078112209347,0.032,0.008
"Snrpf",0.512,0.0158061906515108,0.024,0.3183685210775,0.069,0.045
"Ckap4",0.512,0.0136581416908503,0.024,0.400801150308081,0.052,0.028
"Apba3",0.512,0.0167052423397492,0.024,0.418003309928016,0.06,0.035
"Abca7",0.512,0.0233801241467322,0.024,0.386644966632542,0.094,0.072
"Susd2",0.512,0.030815581017812,0.024,2.00164945773273,0.036,0.011
"Gm48749",0.512,0.0254298420580292,0.024,0.617957605046286,0.069,0.045
"Paqr9",0.512,0.0441026049483528,0.024,0.382413810888738,0.172,0.155
"Deup1",0.512,0.0296536624064682,0.024,1.58416205611054,0.035,0.01
"A130014A01Rik",0.512,0.014793402541894,0.024,0.300815406558754,0.074,0.05
"Hsd17b2",0.512,0.0229821657448152,0.024,3.16678532453846,0.025,0.002
"Gcsh",0.512,0.0202359574140047,0.024,0.733512215131379,0.046,0.022
"Gm39244",0.512,0.0329903643302562,0.024,1.39486556430195,0.043,0.019
"Katnb1",0.512,0.0209104076746106,0.024,0.339529978223897,0.094,0.072
"Ces5a",0.512,0.026706869911731,0.024,1.3648161415887,0.036,0.013
"Irx5",0.512,0.0137842409138547,0.024,0.58847889588749,0.034,0.011
"4930432K21Rik",0.512,0.0287435111193218,0.024,0.945969409366672,0.049,0.025
"Gm19744",0.512,0.0326631378902765,0.024,0.853351369935792,0.057,0.033
"Primpol",0.512,0.0253545751747489,0.024,0.440949381447318,0.074,0.049
"Coprs",0.512,0.0246191125636195,0.024,0.730133850722138,0.056,0.032
"Furin",0.512,0.0176929322286602,0.024,0.26267976970325,0.088,0.066
"Agbl1",0.512,0.0292119820619483,0.024,0.416306160934259,0.083,0.06
"Rbm42",0.512,0.0275193856710404,0.024,0.508713560204983,0.074,0.052
"Zfp82",0.512,0.0226172635265511,0.024,0.415219967266343,0.076,0.054
"Catsperg1",0.512,0.0359998667756766,0.024,1.10984193820663,0.048,0.023
"Pnmal1",0.512,0.0584782872126802,0.024,0.786227876224765,0.106,0.086
"Zfp324",0.512,0.022038218527209,0.024,0.457284115614493,0.066,0.043
"Gm21814",0.512,0.0277378412054052,0.024,0.465078393987504,0.087,0.065
"Tatdn2",0.512,0.0186181513414148,0.024,0.282727162069992,0.094,0.07
"Jagn1",0.512,0.0279554734866269,0.024,0.567569244780873,0.073,0.05
"Asb4",0.512,0.0420807116899571,0.024,2.3145158303069,0.028,0.005
"Calcr",0.512,0.0829106863549575,0.024,2.87501538344414,0.029,0.005
"Slc29a4",0.512,0.0211598908345866,0.024,0.737975724456747,0.048,0.023
"Zbed5",0.512,0.0234834477987334,0.024,0.64334264135746,0.059,0.034
"Tchp",0.512,0.0220870786350144,0.024,0.490644041413529,0.066,0.043
"Mmab",0.512,0.0286733109595871,0.024,0.540539885075662,0.079,0.056
"Grpel1",0.512,0.0283158580636774,0.024,1.22527123223871,0.043,0.02
"Gm16008",0.512,0.0302043466507437,0.024,0.487250768343768,0.094,0.073
"Epha8",0.512,0.0318430497652634,0.024,0.817062239382558,0.059,0.036
"Rraga",0.512,0.0291471869790877,0.024,0.97095314789929,0.049,0.025
"Tmem8b",0.512,0.0244327465635648,0.024,0.330751582468714,0.101,0.077
"4930509H03Rik",0.512,0.0185890074790105,0.024,0.260712403451577,0.096,0.074
"A530041M06Rik",0.512,0.0185450498129704,0.024,0.375675791147371,0.074,0.051
"Serp1",0.512,0.0167930824027705,0.024,0.332198983084629,0.069,0.046
"Gm16093",0.512,0.0222609944562166,0.024,0.604070142782472,0.056,0.033
"B230312C02Rik",0.512,0.0271205831105943,0.024,3.02117439226644,0.029,0.005
"Fam210b",0.512,0.023913786716348,0.024,0.605423675853659,0.054,0.03
"Dut",0.512,0.0248697023481754,0.024,0.335238881276352,0.096,0.075
"AV039307",0.512,0.0213663343141468,0.024,0.550128245605325,0.053,0.029
"Gm13562",0.512,0.0377442839207174,0.024,0.89307279251251,0.07,0.046
"Edf1",0.512,0.0268716760431902,0.024,0.456535894541421,0.084,0.061
"Thnsl1",0.512,0.0331865350191489,0.024,0.358921015040619,0.128,0.108
"Mcm10",0.512,0.0247608338352795,0.024,1.46909585038546,0.035,0.011
"Gm13187",0.512,0.0259215042174447,0.024,1.06808089779499,0.046,0.023
"Unc50",0.512,0.0137542246755272,0.024,0.260713659974439,0.079,0.056
"Tspan6",0.511,0.0263339861023465,0.022,1.59585166477913,0.035,0.012
"Magee1",0.511,0.0222515441174164,0.022,0.712367650992961,0.047,0.026
"Pja1",0.511,0.0247443903227075,0.022,0.338510900623103,0.104,0.084
"Gpr165",0.511,0.0265015742615881,0.022,1.75122880404772,0.03,0.008
"Smim10l2a",0.511,0.021668633183635,0.022,0.911148092654796,0.041,0.02
"Gm26910",0.511,0.0245822617766312,0.022,1.06747105732065,0.043,0.021
"Pcdha11.1",0.511,0.0348532721006028,0.022,0.653405437939629,0.085,0.064
"Gm49969",0.511,0.0335101307603174,0.022,0.354889335461121,0.13,0.11
"Gm16279",0.511,0.0129912279112489,0.022,0.455979231695559,0.042,0.02
"Snrpc",0.511,0.015716870530952,0.022,0.268294907160401,0.086,0.065
"Jpt2",0.511,0.0336574540449251,0.022,0.951042726286895,0.048,0.026
"Mlst8",0.511,0.0301964601446424,0.022,0.682491667750893,0.065,0.043
"Dynlt1b",0.511,0.0266408353876905,0.022,1.48977505246913,0.032,0.011
"Pigx",0.511,0.0187767454832769,0.022,0.337368619881003,0.079,0.059
"Mcm4",0.511,0.0155425719708169,0.022,0.491457244887092,0.048,0.025
"Amhr2",0.511,0.0213108638453646,0.022,1.33491219100536,0.032,0.01
"Dazap2",0.511,0.0213515181808723,0.022,0.514713121816172,0.062,0.04
"Tuba1b",0.511,0.0234409332632998,0.022,0.647641354617459,0.056,0.034
"L3mbtl2",0.511,0.0187993621363954,0.022,0.27703074312779,0.096,0.075
"Apol8",0.511,0.0191758565696268,0.022,1.20589567848111,0.036,0.015
"Adck5",0.511,0.0212740320901766,0.022,0.426864779293256,0.075,0.054
"Zfp622",0.511,0.0236543077645698,0.022,0.436701569381752,0.079,0.057
"Dleu7",0.511,0.0261504418426372,0.022,2.62409411727165,0.028,0.005
"Gm16973",0.511,0.0247930922707273,0.022,0.68412579912785,0.057,0.035
"Mdp1",0.511,0.0173071547586254,0.022,0.426604939374804,0.059,0.037
"Gm30054",0.511,0.0212208074138255,0.022,0.530336186609957,0.058,0.037
"Gm10406",0.511,0.0263489532690256,0.022,1.60689285654604,0.036,0.015
"Gzmk",0.511,0.057556051385379,0.022,0.88663477671321,0.075,0.054
"Rfesd",0.511,0.0210498676879023,0.022,0.382337247507111,0.081,0.059
"Tbc1d7",0.511,0.0172072754170401,0.022,0.397621573656788,0.065,0.043
"Gm46404",0.511,0.0140706798602006,0.022,0.495675037267623,0.04,0.018
"Ankrd9",0.511,0.0274852551662309,0.022,0.864619039967465,0.051,0.029
"Nkx2-1",0.511,0.0371431347512665,0.022,3.22733376783046,0.025,0.003
"2900060N12Rik",0.511,0.0272374946608812,0.022,0.263544107195049,0.132,0.111
"Aanat",0.511,0.0246972971129855,0.022,1.5160602954478,0.035,0.014
"Gm11638",0.511,0.0245348185133892,0.022,0.621326096261471,0.061,0.038
"Spata32",0.511,0.0310912651082083,0.022,1.25847611796671,0.041,0.02
"4930527B05Rik",0.511,0.0248867653693996,0.022,1.18882979420048,0.041,0.019
"Drg2",0.511,0.0293983286760489,0.022,0.366745918860081,0.112,0.093
"Fgf18",0.511,0.0245341751833629,0.022,1.48830088947149,0.029,0.007
"4930532I03Rik",0.511,0.0207174289179332,0.022,0.575021280476517,0.057,0.036
"Nup37",0.511,0.0221208171713353,0.022,0.285639972934909,0.106,0.086
"Tmem26",0.511,0.0266865297731831,0.022,1.49531551166616,0.03,0.007
"Gm47018",0.511,0.0205180547690461,0.022,0.72806932778788,0.05,0.029
"Mfsd4b4",0.511,0.0254256715330839,0.022,0.493026176050434,0.075,0.054
"Pomgnt2",0.511,0.0253227270986452,0.022,0.449543504006642,0.084,0.062
"Ciao2a",0.511,0.025927206613415,0.022,0.620824035182937,0.06,0.038
"Igdcc3",0.511,0.0132964240457174,0.022,0.430383649468855,0.042,0.021
"Man2c1",0.511,0.0222114580788558,0.022,0.262368225962168,0.114,0.095
"Gldn",0.511,0.0441856384747886,0.022,1.70375238733989,0.039,0.017
"Adamts15",0.511,0.0349995769827996,0.022,1.06309648218571,0.057,0.036
"Gm15520",0.511,0.0194884569386753,0.022,0.581360047154924,0.053,0.032
"Jph3",0.511,0.0404579258881289,0.022,0.283913903688116,0.206,0.192
"Ing1",0.511,0.0206815998162201,0.022,0.418150495086321,0.068,0.047
"Th",0.511,0.0313497545341853,0.022,3.37945622671299,0.023,0.002
"Zfp629",0.511,0.0212708682584574,0.022,0.404347618554368,0.074,0.054
"Rrm1",0.511,0.0171509426686459,0.022,0.345590037280343,0.063,0.042
"Ccdc81",0.511,0.0210077353473259,0.022,0.685161476314023,0.043,0.02
"2310002F09Rik",0.511,0.0382651368250294,0.022,1.05213228860999,0.04,0.018
"Zfp850",0.511,0.0243312424806947,0.022,0.628099168589894,0.06,0.039
"Gm16251",0.511,0.0213723933286235,0.022,1.20946041165051,0.036,0.013
"Gemin7",0.511,0.0142622030246075,0.022,0.417025713974811,0.05,0.029
"Gm15494",0.511,0.0247109084800819,0.022,0.418114483936299,0.095,0.076
"Gm30524",0.511,0.0321226792296183,0.022,2.06389581103373,0.028,0.006
"Gm15862",0.511,0.0252062915863963,0.022,1.47703977995119,0.032,0.011
"Gm26673",0.511,0.0193779700171799,0.022,0.335944002578568,0.067,0.045
"Npy",0.511,0.0254841203773103,0.022,0.64618162655843,0.038,0.015
"Zfp775",0.511,0.0110985757011997,0.022,0.287321758696227,0.059,0.036
"0610040B10Rik",0.511,0.0213929552695373,0.022,0.668838254451327,0.048,0.026
"Mfsd10",0.511,0.0237937529964166,0.022,0.323060085672322,0.105,0.086
"Agbl5",0.511,0.0199768080697669,0.022,0.310683231301158,0.084,0.062
"Htr5a",0.511,0.021683601097793,0.022,0.975671237875929,0.04,0.018
"Gpr153",0.511,0.0201873599248478,0.022,0.343413655025962,0.083,0.061
"Mad2l2",0.511,0.016075922361454,0.022,0.57596032241942,0.043,0.021
"Mrto4",0.511,0.0222666297083664,0.022,0.69360064463589,0.049,0.028
"Gale",0.511,0.0207105496405347,0.022,0.599479132121768,0.053,0.032
"5730409E04Rik",0.511,0.0204627910868503,0.022,0.556602554364899,0.055,0.034
"Polr1e",0.511,0.0256258775333921,0.022,1.04641739672694,0.045,0.023
"Gm42702",0.511,0.0290963882889685,0.022,0.815343779003182,0.058,0.037
"Gm14322",0.511,0.0239276465953893,0.022,0.718506229790345,0.053,0.03
"9430021M05Rik",0.511,0.0328744341820556,0.022,1.76364385487217,0.036,0.014
"Gm45447",0.511,0.0302944260116071,0.022,1.09174610065841,0.048,0.026
"Gm14004",0.511,0.0357466137433964,0.022,1.16694058296791,0.049,0.027
"Nop10",0.511,0.0220808683714992,0.022,0.41302388213772,0.074,0.053
"Gm13936",0.511,0.022776399429807,0.022,0.520188585709862,0.055,0.034
"Dlx2",0.511,0.0283028098869052,0.022,2.31178507876118,0.028,0.005
"Erich2",0.511,0.0201977884420367,0.022,0.806565754118579,0.032,0.011
"Rbm43",0.511,0.0216856519467454,0.022,0.558648617247021,0.058,0.037
"6330409D20Rik",0.511,0.0231145364595375,0.022,1.99116451461335,0.027,0.005
"Uck1",0.511,0.0235551863549616,0.022,0.680734076939967,0.052,0.03
"Nxph2",0.511,0.0440283622546508,0.022,1.19327278825119,0.038,0.016
"Lyplal1",0.511,0.0156353354334416,0.022,0.337744687374303,0.064,0.043
"4930568G15Rik",0.511,0.0207388923061549,0.022,1.48052398638608,0.032,0.01
"Mpp4",0.511,0.0303287772706654,0.022,1.37610300071988,0.038,0.015
"Arxes2",0.51,0.0192018841124016,0.02,0.720497760042506,0.041,0.021
"Srpx2",0.51,0.0302818707206453,0.02,2.43709071195194,0.025,0.005
"Tmem28",0.51,0.01991731884896,0.02,0.460382961304149,0.063,0.044
"Mageb18",0.51,0.0448879382502982,0.02,1.96008508205249,0.026,0.005
"Fundc2",0.51,0.0192048729071283,0.02,0.412163902437784,0.056,0.036
"Fam3a",0.51,0.0241311146753848,0.02,0.375867772029735,0.089,0.07
"Gabrq",0.51,0.0265117933188805,0.02,1.23860118617106,0.03,0.01
"Morn4",0.51,0.0291367785765328,0.02,0.487832618289405,0.088,0.07
"Rrp12",0.51,0.0224226721969011,0.02,0.450584092606928,0.077,0.058
"Ccnj",0.51,0.0168553468021752,0.02,0.29770524420445,0.08,0.062
"Syvn1",0.51,0.024702077989545,0.02,0.38361773737692,0.088,0.07
"Gm42067",0.51,0.023286560290558,0.02,0.852710833586926,0.041,0.021
"Tmem134",0.51,0.0121777453479616,0.02,0.315297466341494,0.053,0.034
"Fchsd1",0.51,0.0134636645301592,0.02,0.660213638613157,0.035,0.014
"Pcdhga5",0.51,0.0184287773124969,0.02,0.510808827564263,0.048,0.029
"Slc4a9",0.51,0.0199046459085496,0.02,2.3865192663376,0.023,0.004
"Gm2350",0.51,0.0137919629331584,0.02,0.541972567313914,0.041,0.022
"Gm26749",0.51,0.0245348114306258,0.02,0.632484613126779,0.059,0.039
"Nudt12",0.51,0.0147139955470336,0.02,0.509426736491768,0.044,0.025
"2310061I04Rik",0.51,0.0306209087814845,0.02,0.528020172462941,0.083,0.063
"Gtf2h4",0.51,0.0326045832034886,0.02,0.812913793159578,0.061,0.041
"Gm50240",0.51,0.0252144255422257,0.02,0.736113527393794,0.053,0.034
"Ntn3",0.51,0.0245446964065862,0.02,0.696311396649084,0.055,0.036
"Elob",0.51,0.0201632192369949,0.02,0.374420773633716,0.073,0.054
"Paqr4",0.51,0.0137076784307087,0.02,0.580774470540096,0.037,0.017
"Gm41496",0.51,0.0194344992281579,0.02,0.854241871286967,0.038,0.018
"Chodl",0.51,0.0269042012049529,0.02,1.99967852975396,0.023,0.003
"Dgcr6",0.51,0.0198837161019063,0.02,0.554245561967538,0.054,0.034
"Slc25a1",0.51,0.0258333885815804,0.02,0.926377980868546,0.046,0.028
"Eif3d",0.51,0.0188410014452437,0.02,0.456922649214637,0.061,0.042
"Med30",0.51,0.0206084693919368,0.02,0.68746148612744,0.046,0.026
"Htr2a",0.51,0.0430244148123672,0.02,0.352077640455084,0.127,0.108
"Polr3d",0.51,0.020509765720183,0.02,0.424599512100008,0.071,0.053
"R3hcc1",0.51,0.0115500888499908,0.02,0.404834427751248,0.045,0.024
"Homez",0.51,0.0176929526244015,0.02,0.482722452084447,0.055,0.035
"Dydc2",0.51,0.0244343895191676,0.02,1.77147965743746,0.028,0.009
"Gm46447",0.51,0.0227140146830372,0.02,1.12170545049916,0.036,0.016
"Chchd1",0.51,0.0179256186109153,0.02,0.36864899121806,0.062,0.044
"Gm5087",0.51,0.0326727278601815,0.02,1.04057810424777,0.031,0.011
"Gm3558",0.51,0.0229268580543424,0.02,2.57876995277579,0.026,0.005
"Gm3667",0.51,0.0192197641677923,0.02,1.37670160985544,0.028,0.009
"1700110I01Rik",0.51,0.0228363086347626,0.02,3.44782429781888,0.023,0.003
"Dhfr",0.51,0.0279351396812485,0.02,0.733227918940915,0.055,0.036
"Gm4211",0.51,0.0207388475284062,0.02,1.38246168555651,0.028,0.008
"Gm40999",0.51,0.0369951068208751,0.02,2.25319838842501,0.025,0.004
"Zfp874a",0.51,0.0115615180913525,0.02,0.296977746605846,0.06,0.041
"Uqcrb",0.51,0.0160483556684129,0.02,0.392183936446446,0.06,0.04
"Zfp184",0.51,0.0244093589921663,0.02,0.848172526439171,0.043,0.023
"Cdca7l",0.51,0.0259805268807659,0.02,1.2753636381174,0.038,0.018
"4930595D18Rik",0.51,0.0281937187882876,0.02,1.48055812976828,0.035,0.014
"Ttc9",0.51,0.022191334046323,0.02,0.286854005595879,0.104,0.085
"Adam4",0.51,0.0204504797641028,0.02,0.864202518909459,0.04,0.02
"Pigh",0.51,0.0135674149105558,0.02,0.411192769401871,0.045,0.025
"Dact1",0.51,0.0203417974177469,0.02,0.963950264265947,0.032,0.011
"Gm46332",0.51,0.0281031959592842,0.02,1.82889879419826,0.032,0.011
"Tha1",0.51,0.0183862123345078,0.02,0.676183750690728,0.043,0.022
"Slc25a19",0.51,0.0208624060047929,0.02,0.302964057522282,0.101,0.082
"Nt5c",0.51,0.014099658337734,0.02,0.38842484090433,0.055,0.035
"Grn",0.51,0.0116952075730344,0.02,0.32266531387835,0.048,0.028
"Gm11520",0.51,0.0261921185947011,0.02,0.684272701554573,0.054,0.034
"Fgf11",0.51,0.0117023593477455,0.02,0.503143619671065,0.036,0.017
"Cdkn2aipnl",0.51,0.0124607864143023,0.02,0.275045219926841,0.061,0.042
"Gpr75",0.51,0.0236363013904874,0.02,0.791044573862381,0.049,0.029
"F420014N23Rik",0.51,0.0126649239027285,0.02,0.451643337834801,0.042,0.022
"Lmnb2",0.51,0.0238321836466125,0.02,0.437859827779984,0.081,0.062
"Mif",0.51,0.0113990742512147,0.02,0.435699096198887,0.04,0.021
"Tube1",0.51,0.0213692863375606,0.02,0.674872949676369,0.043,0.023
"Gm46210",0.51,0.0246694957203344,0.02,0.8650020785831,0.049,0.031
"4930593C16Rik",0.51,0.0297553267937816,0.02,2.10978273558744,0.029,0.009
"Tmie",0.51,0.0219401585295746,0.02,1.4541761256858,0.028,0.008
"Nme6",0.51,0.00832710223816606,0.02,0.260128821173179,0.046,0.027
"Tma7",0.51,0.0218392320247876,0.02,0.276988173321159,0.104,0.085
"Nprl2",0.51,0.0210327652237438,0.02,0.389192818474174,0.082,0.063
"Hcn4",0.51,0.024740467522429,0.02,0.711140545052848,0.061,0.041
"Kcnj5",0.51,0.0328363663499652,0.02,1.82391648466181,0.028,0.008
"Ccdc159",0.51,0.0188579055191344,0.02,0.356464423241488,0.078,0.059
"Dhx38",0.51,0.0134454776777949,0.02,0.289839746446399,0.069,0.048
"Lncbate1",0.51,0.0294324570836107,0.02,1.73990626795155,0.032,0.013
"Gm45708",0.51,0.0255369999298138,0.02,0.67069603286195,0.057,0.038
"Rad23a",0.51,0.0180494758071229,0.02,0.436370980655167,0.06,0.04
"Ddx39",0.51,0.0191075275148679,0.02,0.519336741119337,0.056,0.036
"Gm9725",0.51,0.0203564821530968,0.02,0.73449554287621,0.043,0.023
"Plpp5",0.51,0.0310216841433515,0.02,0.325493839048614,0.133,0.116
"9030407P20Rik",0.51,0.020872856662112,0.02,0.770656757673271,0.04,0.02
"Coq7",0.51,0.0105430331939048,0.02,0.33995960447107,0.048,0.028
"1700112J16Rik",0.51,0.0257349207544593,0.02,1.87807347907759,0.029,0.008
"Nell1os",0.51,0.0361021234550527,0.02,1.63640224032386,0.039,0.02
"Kctd15",0.51,0.0170026877041604,0.02,0.66964787631725,0.044,0.024
"Gm4673",0.51,0.0142312871143649,0.02,0.404691869964524,0.049,0.029
"Psenen",0.51,0.0170869382992624,0.02,0.333544240741376,0.069,0.048
"Alkbh6",0.51,0.0238703867624236,0.02,0.565503984041801,0.061,0.04
"Zfp940",0.51,0.035709111428208,0.02,0.5978466125447,0.087,0.068
"Fam98c",0.51,0.0158427533667372,0.02,0.325420431182507,0.066,0.047
"Zim3",0.51,0.0269287533889716,0.02,2.22729153301139,0.028,0.008
"4921507P07Rik",0.51,0.0175091703116928,0.02,0.724603832677134,0.039,0.019
"Gm44696",0.51,0.0293755286600801,0.02,0.692376099632116,0.061,0.04
"Clcn1",0.51,0.034037989178355,0.02,0.524975551774355,0.091,0.072
"Rxfp2",0.51,0.0635562951628235,0.02,2.43474240106296,0.029,0.009
"Mtif3",0.51,0.024919914959112,0.02,0.394955025974061,0.087,0.068
"Idua",0.51,0.0232733733745561,0.02,0.639599174045047,0.053,0.034
"Gm7467",0.51,0.0188654060833982,0.02,0.758489383813302,0.039,0.02
"D5Ertd615e",0.51,0.0874500999750209,0.02,2.22978302286697,0.034,0.015
"Tmem129",0.51,0.0150656795617657,0.02,0.634319580483614,0.042,0.021
"Gm15614",0.51,0.0184119609498646,0.02,0.462670634348454,0.055,0.036
"Mterf1a",0.51,0.0250819949154101,0.02,0.693129934374586,0.054,0.035
"Espn",0.51,0.0259572923809328,0.02,2.39233448362416,0.025,0.004
"Gm13067",0.51,0.0164303460915814,0.02,2.54942604046455,0.025,0.004
"Zfp982",0.51,0.00907900646627147,0.02,0.267333091452566,0.048,0.027
"Lrrc38",0.51,0.0186554860631978,0.02,2.05358009735064,0.021,0.002
"Pithd1",0.51,0.0147635205513278,0.02,0.329419127812629,0.064,0.045
"Rasef",0.51,0.0339633560622972,0.02,2.93421712487465,0.023,0.004
"Aldob",0.51,0.032241487371581,0.02,1.48239556656906,0.041,0.021
"Tstd3",0.51,0.0352244960499772,0.02,0.923852181459564,0.058,0.039
"Pex11b",0.51,0.0131841626725866,0.02,0.307981072563595,0.06,0.04
"Slc27a3",0.51,0.0194433151822056,0.02,1.06825772520851,0.032,0.012
"Pmvk",0.51,0.0208946108602344,0.02,0.299081993229843,0.091,0.074
"Zfp937",0.51,0.0208989238733494,0.02,0.717343013456518,0.045,0.026
"9030622O22Rik",0.51,0.0818306453310284,0.02,6.49985600280751,0.02,0.001
"Ankef1",0.51,0.0206047284883173,0.02,0.612348265764458,0.048,0.028
"Fahd2a",0.51,0.0120443124954922,0.02,0.31644600671639,0.059,0.04
"Rcn1",0.51,0.0136757097762396,0.02,0.271053709753507,0.069,0.048
"Gm13630",0.51,0.0291358743103962,0.02,0.707506497892505,0.063,0.043
"Gpr21",0.51,0.0225707994702253,0.02,0.495098564625082,0.068,0.049
"Hmcn2",0.51,0.0286407221195043,0.02,1.58302444906596,0.028,0.008
"Ptges",0.51,0.0302786932099619,0.02,1.40556081250711,0.036,0.015
"Dolk",0.51,0.0131869059918375,0.02,0.44984489605295,0.041,0.022
"4931423N10Rik",0.51,0.0304936019201245,0.02,0.826206511508728,0.053,0.034
"Myo3a",0.51,0.0231234379915317,0.02,3.98993674652602,0.021,0.001
"Cubn",0.51,0.0256747614361891,0.02,0.803987668598448,0.028,0.008
"Catspere1",0.51,0.0290541268850855,0.02,2.60835953964929,0.027,0.006
"2310009B15Rik",0.51,0.0234565251347636,0.02,0.584904039915597,0.058,0.039
"Klhdc8a",0.51,0.0144722770260676,0.02,0.923210137303171,0.032,0.012
"Pask",0.51,0.0268962981207481,0.02,0.639609206005283,0.064,0.045
"Asb1",0.51,0.0151996850164429,0.02,0.316529202501725,0.066,0.047
"Bard1",0.51,0.0140204227379999,0.02,0.569689026752022,0.033,0.013
"Mettl21a",0.51,0.0156493893742984,0.02,0.308507491999966,0.067,0.048
"Asnsd1",0.51,0.0185135808940973,0.02,0.507059282639649,0.049,0.028
"Coa5",0.51,0.012837137006961,0.02,0.363988257111525,0.049,0.03
"Gsta3",0.51,0.0127879965726343,0.02,0.291529016241014,0.057,0.037
"Armcx5",0.509,0.0251163904885747,0.018,0.322841713294001,0.109,0.095
"Tceal6",0.509,0.0148265855921722,0.018,0.413449216256709,0.055,0.037
"Gsto1",0.509,0.0133590154989303,0.018,0.514475665885921,0.041,0.024
"Otub1",0.509,0.014958610847072,0.018,0.265605567321718,0.085,0.067
"Pcdhga9",0.509,0.0179796492816057,0.018,0.395985988617185,0.062,0.046
"Pcdhb22",0.509,0.0215308556584806,0.018,0.573547089344856,0.058,0.041
"Pcdhb11",0.509,0.0231513874440505,0.018,0.986573651650658,0.039,0.022
"Pcdha5",0.509,0.0252481214481752,0.018,1.24232419753939,0.037,0.02
"Dsc2",0.509,0.0219502122376638,0.018,1.1584677920821,0.029,0.011
"Gm46633",0.509,0.0206461298011034,0.018,1.55833794246495,0.031,0.013
"Sema6b",0.509,0.0320618808983037,0.018,0.417475611267004,0.116,0.1
"H2-T22",0.509,0.0119299835509139,0.018,0.345120515702773,0.053,0.035
"Mcrip2",0.509,0.0150961685515925,0.018,0.84486030877067,0.032,0.014
"Prdm9",0.509,0.0097453803476696,0.018,0.412985767831092,0.038,0.019
"Cbr1",0.509,0.0125314156702912,0.018,0.360589825371649,0.051,0.034
"Rbm11",0.509,0.0192331272104071,0.018,1.2180936977261,0.032,0.014
"Nit2",0.509,0.0106684119648826,0.018,0.292178341487126,0.052,0.035
"Gm28750",0.509,0.0220660231572356,0.018,1.0706011524849,0.036,0.019
"Csta2",0.509,0.030381045924289,0.018,2.83934972539829,0.02,0.002
"Ccdc74a",0.509,0.0141851322920788,0.018,0.51875212748242,0.045,0.026
"Mcrs1",0.509,0.0264095364012975,0.018,0.418854042317507,0.082,0.065
"Cyb5r3",0.509,0.00993099419878501,0.018,0.432504154541789,0.035,0.017
"Col14a1",0.509,0.0428305145145966,0.018,1.51875817837034,0.03,0.012
"Gm26679",0.509,0.0160373703259307,0.018,0.912673603901696,0.028,0.011
"Cln5",0.509,0.0118634389067768,0.018,0.361290282214484,0.048,0.03
"Gm6999",0.509,0.0189499426573862,0.018,0.515692542787554,0.045,0.026
"Mrpl57",0.509,0.0157904450481787,0.018,0.592624515223399,0.04,0.022
"Gm48860",0.509,0.0265839011128088,0.018,1.86933562995096,0.028,0.011
"Gm3002",0.509,0.0236475164095961,0.018,1.67076279979401,0.026,0.009
"Gm48837",0.509,0.0184793296891002,0.018,3.73803725470752,0.019,0.001
"Gm36529",0.509,0.0225027414308625,0.018,2.94056687333307,0.021,0.004
"B4galt7",0.509,0.0154675657587663,0.018,0.343671987916709,0.066,0.048
"G630018N14Rik",0.509,0.0249642952475574,0.018,0.95791987463704,0.037,0.019
"Mrpl32",0.509,0.0139081218577035,0.018,0.30076745592724,0.059,0.042
"Rdh11",0.509,0.0237090569235175,0.018,0.387093380174655,0.085,0.069
"Faap100",0.509,0.0146750380014135,0.018,0.345240821585719,0.056,0.038
"Prcd",0.509,0.0186776611329475,0.018,0.991899019168102,0.034,0.017
"Evpl",0.509,0.0226476089964725,0.018,1.32444486067554,0.028,0.01
"Cyb561",0.509,0.019015466350564,0.018,0.367506188656807,0.075,0.058
"Tubg2",0.509,0.0264225729996161,0.018,0.883451046915652,0.048,0.031
"Tubg1",0.509,0.0166027682963521,0.018,0.483450882319062,0.051,0.033
"Tex14",0.509,0.0193486557024337,0.018,0.776478179441384,0.035,0.018
"Serpinf1",0.509,0.0115183770797743,0.018,1.05677951769094,0.021,0.004
"Mis12",0.509,0.0125956017305591,0.018,0.396566577344204,0.047,0.028
"Sco1",0.509,0.012102761303446,0.018,0.521754311322141,0.037,0.02
"Zfp867",0.509,0.0131761203750346,0.018,0.411019344064857,0.048,0.031
"2810021J22Rik",0.509,0.013568457980716,0.018,0.304322717688276,0.064,0.047
"Nacad",0.509,0.0135086651430243,0.018,0.65116988005841,0.033,0.016
"Pes1",0.509,0.0155579683565279,0.018,0.327974961099827,0.062,0.046
"Nxph4",0.509,0.0246814627408029,0.018,2.01184894737903,0.024,0.007
"Gm47956",0.509,0.0223334805805027,0.018,2.18053406485546,0.023,0.006
"Onecut3",0.509,0.0222900653600994,0.018,4.9741461466917,0.018,0
"Popdc3",0.509,0.0215275858564907,0.018,1.69541279895778,0.024,0.006
"Kif15",0.509,0.0203354609453646,0.018,0.992429341973098,0.032,0.015
"Crtap",0.509,0.0197582829321985,0.018,1.11490774090168,0.027,0.009
"Gm38134",0.509,0.023173702947799,0.018,1.03139319530627,0.038,0.02
"Gm16794",0.509,0.0109843007067844,0.018,0.271767302260391,0.058,0.041
"Rec114",0.509,0.0216501183583527,0.018,0.8016180178662,0.045,0.026
"Commd4",0.509,0.0209398130844837,0.018,0.349044852824946,0.085,0.069
"Sdhd",0.509,0.0205656015554756,0.018,0.799583571961143,0.041,0.023
"Coa6",0.509,0.0236455174643757,0.018,0.848847453994122,0.043,0.025
"A730098A19Rik",0.509,0.0221346885774368,0.018,2.06354791383139,0.023,0.005
"Tmem231",0.509,0.021527237671512,0.018,0.328270490063146,0.086,0.069
"Atxn1l",0.509,0.01857042379852,0.018,0.346048832480016,0.078,0.061
"Cngb1",0.509,0.0286588003393846,0.018,3.99800550250089,0.02,0.002
"Gm45464",0.509,0.017931597951808,0.018,0.525112267050216,0.051,0.034
"Rnaseh2a",0.509,0.0108054178885305,0.018,0.251501153593345,0.062,0.045
"Nanos3",0.509,0.0216037778319506,0.018,1.72012400359212,0.026,0.008
"Rbmxl1",0.509,0.0203985090264802,0.018,0.354806306008865,0.072,0.055
"Abhd8",0.509,0.0253684064287301,0.018,0.368805787921676,0.095,0.079
"Ndufa13",0.509,0.0146232530197174,0.018,0.344739115020321,0.055,0.037
"Zfp964",0.509,0.0145870741089992,0.018,0.505226835808769,0.042,0.023
"Smim18",0.509,0.0278969371506054,0.018,1.8299211410378,0.029,0.012
"Gm31045",0.509,0.0172758047248545,0.018,1.66077498933998,0.024,0.007
"Slc25a22",0.509,0.0171675771615288,0.018,0.253056284912486,0.104,0.088
"Gm39090",0.509,0.0104309458133314,0.018,0.432134149700072,0.032,0.014
"Gm28198",0.509,0.0121522051564736,0.018,0.33381067975465,0.055,0.037
"Gm14377",0.509,0.0202817098549983,0.018,1.36607260666246,0.03,0.013
"Timm50",0.509,0.0198657384752835,0.018,0.868279042254974,0.036,0.019
"Gm15631",0.509,0.0288012553624909,0.018,1.1991164743345,0.043,0.025
"Cycs",0.509,0.0183337321884646,0.018,0.441967715770355,0.064,0.047
"Zfp786",0.509,0.0218252950233031,0.018,0.699602781358053,0.053,0.035
"Zc3hc1",0.509,0.0177332257400402,0.018,0.385801552060942,0.064,0.047
"Dlx5",0.509,0.0244063394438068,0.018,1.08403026665288,0.038,0.02
"E130309D02Rik",0.509,0.0178521848377983,0.018,0.437998488099984,0.058,0.041
"6330418K02Rik",0.509,0.00946018427400318,0.018,0.258955980385666,0.052,0.033
"Mospd3",0.509,0.0127502835847747,0.018,0.383938820891604,0.049,0.031
"Nsun5",0.509,0.0185895463590344,0.018,0.334716671637272,0.076,0.059
"Eif2b1",0.509,0.0249415952029749,0.018,0.642545309636955,0.053,0.035
"Ogfod2",0.509,0.0221392384282188,0.018,0.789898173150453,0.045,0.027
"Barhl2",0.509,0.014445712693478,0.018,1.70985454846417,0.019,0.002
"Ppef2",0.509,0.0137248224435789,0.018,0.547972879026275,0.036,0.019
"Gm19619",0.509,0.0249535805271399,0.018,1.94915170689403,0.025,0.006
"Noa1",0.509,0.0142791304795199,0.018,0.340890402028502,0.062,0.045
"Fndc10",0.509,0.0169554516110896,0.018,0.96177729526359,0.031,0.013
"Fam131c",0.509,0.0204429903803273,0.018,3.08847227637976,0.021,0.004
"Cplane2",0.509,0.0154230194019713,0.018,0.649671905405983,0.036,0.019
"C77080",0.509,0.0134738564692071,0.018,0.373782761181378,0.05,0.032
"Smim12",0.509,0.0170171166107522,0.018,0.575416630785116,0.048,0.03
"Yrdc",0.509,0.0188337620014194,0.018,0.4878343804437,0.058,0.042
"Ppcs",0.509,0.0193560901658816,0.018,0.983296029403362,0.036,0.018
"Eqtn",0.509,0.0262327626740245,0.018,0.513245410320493,0.083,0.065
"Frem1",0.509,0.0330610740161095,0.018,0.289213656724323,0.062,0.044
"Ppp3r2",0.509,0.0241091281169568,0.018,2.26403794542554,0.023,0.006
"Galt",0.509,0.0198592460621255,0.018,0.512299895600023,0.061,0.044
"1110017D15Rik",0.509,0.0233899414129013,0.018,0.682900668971049,0.054,0.036
"Ints12",0.509,0.0137035228603156,0.018,0.321639035880471,0.059,0.042
"Egf",0.509,0.0159579605528237,0.018,0.323435502060666,0.068,0.051
"Tram1l1",0.509,0.0295506933324142,0.018,0.792398936424473,0.057,0.039
"Scnm1",0.509,0.0194541944708633,0.018,0.401017412588546,0.067,0.05
"Hax1",0.509,0.0179854488350219,0.018,0.365208917716492,0.067,0.051
"Chrnb2",0.509,0.0146314570938213,0.018,0.300759511033236,0.066,0.048
"Sptssb",0.509,0.0322915627329407,0.018,0.930285897833534,0.055,0.038
"Plk4",0.509,0.0153402886241586,0.018,0.363401672170844,0.062,0.044
"Hnf4g",0.509,0.0271618433700697,0.018,3.04511984011257,0.02,0.003
"Ttll9",0.509,0.0162941981650924,0.018,1.35926682033641,0.027,0.009
"Usp50",0.509,0.017956993962599,0.018,0.356545276184332,0.073,0.056
"Cdca7",0.509,0.0154747200157921,0.018,0.878858181058807,0.028,0.011
"Gm36988",0.509,0.0167546634028942,0.018,0.370447380598441,0.066,0.048
"Cyb5r1",0.509,0.0173878967569454,0.018,0.608999480998511,0.039,0.021
"Tmem185b",0.509,0.0173462516381048,0.018,1.00136986192218,0.025,0.007
"Ankmy1",0.509,0.0272383744227195,0.018,1.43734986311592,0.031,0.013
"Snhg6",0.509,0.0165946820511274,0.018,0.556826371647354,0.047,0.029
"Prps1",0.508,0.0223721222545206,0.016,0.752901038669837,0.049,0.033
"Cdr1",0.508,0.0142498834904781,0.016,0.710402652947436,0.036,0.02
"Dcaf12l1",0.508,0.0239498524893967,0.016,1.10723521739004,0.034,0.018
"Mrpl43",0.508,0.0117722118040762,0.016,0.395464499862594,0.044,0.027
"Nudt22",0.508,0.0127516060028428,0.016,0.88979258905512,0.023,0.007
"Piezo2",0.508,0.0458516482244717,0.016,0.531433399445891,0.045,0.028
"Gm49980",0.508,0.0185832164806496,0.016,1.22841614791286,0.025,0.01
"Gm38593",0.508,0.0178669105733097,0.016,1.72292899849717,0.022,0.006
"Gm19585",0.508,0.0332202228022214,0.016,1.51851626240783,0.032,0.016
"Polr1c",0.508,0.0165342138724128,0.016,0.396154653840363,0.059,0.043
"Zbtb12",0.508,0.0160590231147136,0.016,0.906430877352377,0.03,0.015
"Nelfe",0.508,0.0138423325041898,0.016,0.325665740161035,0.059,0.043
"H2-Ke6",0.508,0.0141167885612309,0.016,0.479689655872989,0.04,0.025
"Gm49741",0.508,0.0100812920802241,0.016,0.432600419487764,0.032,0.017
"Tagap1",0.508,0.0154706730621344,0.016,0.49969110402688,0.044,0.028
"Mrpl40",0.508,0.00845299166516995,0.016,0.269604404843641,0.045,0.03
"4930483P17Rik",0.508,0.027383913796549,0.016,1.82028020589571,0.028,0.011
"Ess2",0.508,0.0177953347650518,0.016,0.489146295664125,0.05,0.034
"Gm49595",0.508,0.00952842282717346,0.016,0.333138069157617,0.045,0.029
"Gm33696",0.508,0.0222829249090059,0.016,1.57592730577675,0.024,0.009
"Racgap1",0.508,0.0243783717037812,0.016,0.938027694225408,0.044,0.028
"Gm17753",0.508,0.0208208742839319,0.016,0.896684602148123,0.037,0.021
"Zfp7",0.508,0.0173043114566309,0.016,0.790867278911256,0.038,0.023
"Tonsl",0.508,0.0291902346667602,0.016,1.63743207120108,0.031,0.015
"Maf1",0.508,0.0211628643085801,0.016,0.577727238745441,0.054,0.038
"4930592A05Rik",0.508,0.0123784947088097,0.016,0.632312256589763,0.032,0.016
"1700024B18Rik",0.508,0.0204673474092452,0.016,0.73394789979755,0.044,0.028
"Gm35823",0.508,0.025262464662247,0.016,1.23940170214661,0.036,0.019
"Gm3252",0.508,0.0176860180977066,0.016,2.4130878355954,0.017,0.002
"Gm36445",0.508,0.00900861570183795,0.016,0.393512629258812,0.036,0.019
"Higd2a",0.508,0.0168582390121587,0.016,0.372908955093679,0.063,0.047
"Eef1e1",0.508,0.0173585616959025,0.016,0.43178269920208,0.059,0.044
"Gm47882",0.508,0.0219394565163085,0.016,1.47555287007923,0.026,0.009
"Tmem121",0.508,0.0189731769279326,0.016,0.843174504270947,0.038,0.022
"Gm47167",0.508,0.0136799814762673,0.016,0.412219514186821,0.046,0.03
"Tmem251",0.508,0.0124636153496479,0.016,0.413749940282337,0.04,0.025
"Zc2hc1c",0.508,0.0221074170846102,0.016,1.5765771201906,0.024,0.008
"Trmt5",0.508,0.020780014936932,0.016,0.585960121373411,0.053,0.037
"Gm49692",0.508,0.0195320041858518,0.016,1.88222592932787,0.023,0.007
"Arl16",0.508,0.0188251491855328,0.016,0.50148138626979,0.053,0.038
"Mrpl58",0.508,0.0171110799088957,0.016,0.261701313451126,0.095,0.081
"Rsad1",0.508,0.0172308525194429,0.016,0.33820895409982,0.075,0.059
"Unc119",0.508,0.0150703580863144,0.016,0.620039376293151,0.037,0.021
"Vmn2r85",0.508,0.0329205188417593,0.016,0.434388633399805,0.105,0.091
"Kiss1r",0.508,0.0175900801868692,0.016,1.32092081371317,0.028,0.013
"Pbld2",0.508,0.0164533080763948,0.016,0.575562886046725,0.044,0.028
"Gm48727",0.508,0.0208668746903703,0.016,1.0968606576108,0.036,0.019
"Dlec1",0.508,0.0159766821402544,0.016,0.549537612804577,0.041,0.025
"6430571L13Rik",0.508,0.0216234748447447,0.016,1.33616902650437,0.03,0.014
"Col6a5",0.508,0.0216431779428755,0.016,1.70868663243064,0.019,0.004
"Anapc13",0.508,0.0129580253639159,0.016,0.535382957819881,0.033,0.018
"Gm36539",0.508,0.0216270858985601,0.016,1.47154419654008,0.028,0.012
"Rwdd2a",0.508,0.022336517646945,0.016,1.4228624503037,0.028,0.011
"Kif23",0.508,0.0158808357332691,0.016,0.809563226965945,0.029,0.013
"Imp3",0.508,0.0126327475935872,0.016,0.3898384361897,0.043,0.028
"Dpy19l2",0.508,0.0197382880249064,0.016,0.912289678421776,0.03,0.015
"Zfp558",0.508,0.0169804186594955,0.016,0.674205673417435,0.038,0.022
"Kars",0.508,0.0118600817453273,0.016,0.286471033533637,0.06,0.045
"Cmtr2",0.508,0.0150598130617259,0.016,0.825216313325553,0.031,0.015
"Pard6a",0.508,0.0258825442435567,0.016,1.32424385611762,0.034,0.017
"Nol3",0.508,0.020024409953891,0.016,1.34470437308535,0.026,0.01
"Borcs8",0.508,0.0152797854584552,0.016,0.431516032977437,0.056,0.04
"BC030500",0.508,0.0143145342224594,0.016,2.08890679917149,0.019,0.004
"Zfp689",0.508,0.0108153739516954,0.016,0.42367461617095,0.039,0.024
"Zfp553",0.508,0.0151283552266698,0.016,0.284102701335795,0.075,0.059
"Gm9967",0.508,0.0260972751150624,0.016,1.01742847779343,0.041,0.025
"Gm26708",0.508,0.0218873763265722,0.016,1.42017293497808,0.026,0.01
"Mrps11",0.508,0.0185866970545413,0.016,0.454913283573755,0.056,0.041
"Ccne1",0.508,0.020189646763349,0.016,0.674314338691652,0.047,0.031
"Syne4",0.508,0.0168678774886895,0.016,1.016258122062,0.03,0.015
"Yif1b",0.508,0.00726719708627697,0.016,0.360774238471886,0.032,0.016
"Sars2",0.508,0.00912568673513623,0.016,0.30524572513481,0.047,0.031
"Gm44618",0.508,0.0250354160008937,0.016,1.21993766652,0.035,0.019
"Selenov",0.508,0.0149551156572133,0.016,1.22454591590272,0.025,0.009
"Gm29443",0.508,0.0144379774375632,0.016,0.477630877396498,0.052,0.036
"Leng1",0.508,0.013856934151408,0.016,0.439380479255473,0.041,0.026
"Ccdc142",0.508,0.0154858042876021,0.016,0.411555192393799,0.054,0.038
"Fmc1",0.508,0.0201979979381126,0.016,0.576272070702684,0.049,0.032
"Cadps2",0.508,0.120430496648267,0.016,0.25195610980024,0.372,0.358
"Cftr",0.508,0.0276902278267191,0.016,0.487008409402812,0.057,0.042
"Tfr2",0.508,0.0179918526846385,0.016,0.739928642452239,0.04,0.025
"Gm6598",0.508,0.00952733392294826,0.016,0.351984473113689,0.04,0.024
"Pus1",0.508,0.00939949914366642,0.016,0.321925942419741,0.042,0.027
"Ddx51",0.508,0.0142225440507288,0.016,0.340868104403099,0.062,0.045
"Plcxd1",0.508,0.0214987176865071,0.016,0.891941801974043,0.038,0.022
"4930458D05Rik",0.508,0.0169070566037663,0.016,1.60743656550467,0.022,0.006
"Corin",0.508,0.0464107501753227,0.016,3.1821755700635,0.019,0.003
"Fzd1",0.508,0.019105501704444,0.016,1.33534600305492,0.025,0.009
"Pex10",0.508,0.0166376690304103,0.016,0.802146114415992,0.035,0.02
"BC039966",0.508,0.0237419994675104,0.016,4.2309359159342,0.018,0.001
"Icmt",0.508,0.0127978147886124,0.016,0.305874405227845,0.059,0.044
"Sesn2",0.508,0.0109836592706448,0.016,0.493969458039055,0.034,0.018
"Oprd1",0.508,0.0247309426516396,0.016,0.345861105984002,0.09,0.074
"Hcrtr1",0.508,0.0237728850435349,0.016,2.71102101276228,0.021,0.005
"Rspo1",0.508,0.0182608172530801,0.016,1.31006797406286,0.027,0.01
"Ccdc17",0.508,0.0149255131745706,0.016,0.833107299853828,0.028,0.012
"Gm12367",0.508,0.0192252857935292,0.016,0.548503158160365,0.055,0.038
"Gem",0.508,0.0170180103485903,0.016,1.03867824789646,0.025,0.009
"4930534D22Rik",0.508,0.0136461849673983,0.016,1.03571290999635,0.025,0.009
"Gpr61",0.508,0.0224523882224797,0.016,0.521107883658871,0.066,0.051
"Gm43260",0.508,0.030785603585732,0.016,0.742993862649753,0.057,0.042
"Gm43061",0.508,0.0175429385071572,0.016,0.586730155189572,0.045,0.03
"Sf3b4",0.508,0.0181306707549097,0.016,0.804842368294548,0.036,0.02
"Krtcap2",0.508,0.00918806231912773,0.016,0.274871371484838,0.048,0.033
"C230034O21Rik",0.508,0.0293960363327053,0.016,1.62169062980632,0.029,0.014
"Nelfcd",0.508,0.0191942535515135,0.016,0.601831249201808,0.049,0.033
"Gm45609",0.508,0.0153545060783064,0.016,0.617713156030767,0.037,0.022
"Gm14066",0.508,0.019496543256983,0.016,0.552945480133067,0.049,0.034
"Ccdc32",0.508,0.0127231985491808,0.016,0.299300689723433,0.058,0.042
"Lrp2",0.508,0.023270466609191,0.016,2.25473698301739,0.019,0.004
"Ptges2",0.508,0.0247305870366993,0.016,0.745097328733002,0.053,0.038
"9330198N18Rik",0.508,0.0173310677688123,0.016,0.68228187335994,0.041,0.025
"Gm45902",0.508,0.0129747990518844,0.016,0.398481273059808,0.051,0.036
"Lin9",0.508,0.01962405632348,0.016,0.29807325242481,0.076,0.06
"Eef1aknmt",0.508,0.0168338560904505,0.016,0.258537088893889,0.088,0.075
"Gm10138",0.508,0.00908283897367945,0.016,0.305794116573783,0.042,0.026
"Mrpl44",0.508,0.0222941929643512,0.016,0.961753030495693,0.033,0.017
"Chpf",0.508,0.0166944397929016,0.016,0.607629785683033,0.038,0.022
"Gm29358",0.508,0.0213679915646191,0.016,0.939061102801212,0.037,0.021
"D630023F18Rik",0.508,0.0255642691431964,0.016,0.86327407956783,0.048,0.033
"Gpr1",0.508,0.0307168864780461,0.016,1.32303564872604,0.033,0.018
"Amer3",0.508,0.0204382618288728,0.016,0.639495117479608,0.052,0.036
"Usp51",0.507,0.0184585641395238,0.014,1.50504780766686,0.02,0.007
"Pfkfb1",0.507,0.0135902494268654,0.014,0.675410486585423,0.027,0.013
"Alas2",0.507,0.0111181746583297,0.014,0.389251180328739,0.045,0.032
"Arxes1",0.507,0.0159538687870154,0.014,0.900259199047836,0.027,0.012
"Glod5",0.507,0.0204999872226076,0.014,2.92091075367621,0.018,0.003
"Nudt11",0.507,0.0219053690501159,0.014,1.19563356806741,0.031,0.017
"Gm35867",0.507,0.0161743451978343,0.014,1.02490502228157,0.032,0.018
"Golga7b",0.507,0.0272879850517122,0.014,0.603292022595454,0.065,0.053
"Vwce",0.507,0.018250319687211,0.014,2.1471093409143,0.019,0.005
"Gpr137",0.507,0.00798512720437887,0.014,0.268285611290019,0.047,0.034
"Zfpl1",0.507,0.0117627114719934,0.014,0.325954634831952,0.053,0.039
"Scyl1",0.507,0.0165497353073147,0.014,0.267539023075821,0.083,0.071
"Hsbp1l1",0.507,0.0208811307559986,0.014,1.65612312623231,0.024,0.009
"Haus1",0.507,0.0148241158883661,0.014,0.455604739130522,0.044,0.03
"Gm15328",0.507,0.0286940678447792,0.014,0.696137318105781,0.062,0.049
"4930480K15Rik",0.507,0.0154890059572643,0.014,0.509946100639295,0.047,0.034
"Alkbh7",0.507,0.0133142399256141,0.014,0.48305661708967,0.036,0.023
"Prickle4",0.507,0.00897593193522394,0.014,0.482834087445002,0.025,0.01
"E130008D07Rik",0.507,0.0176917070778122,0.014,0.678313057739011,0.041,0.027
"Pram1",0.507,0.0103429459961551,0.014,0.328493613156025,0.045,0.031
"Mrps34",0.507,0.0124330320514586,0.014,0.672875097184024,0.03,0.015
"Hcfc1r1",0.507,0.014018365951624,0.014,0.563712188199212,0.039,0.025
"Zfp960",0.507,0.00999313277463866,0.014,0.748616388793038,0.022,0.008
"Dll1",0.507,0.00764034849319664,0.014,0.43713114630307,0.028,0.014
"Csnka2ip",0.507,0.0226880274296251,0.014,1.84474665385052,0.021,0.007
"Plaat1",0.507,0.0145101661624062,0.014,0.483285671606113,0.047,0.033
"Ccdc184",0.507,0.0121207001763301,0.014,1.0241271590651,0.022,0.007
"Acr",0.507,0.0214215200098948,0.014,0.648273264049571,0.049,0.035
"Nol12",0.507,0.0101145582073937,0.014,0.322523458126267,0.047,0.033
"Zfp647",0.507,0.0101963559852504,0.014,0.77858067295998,0.022,0.007
"Has2os",0.507,0.0196350446795374,0.014,0.973623649320467,0.023,0.009
"Ap1g2",0.507,0.00464388906569414,0.014,0.333820053721649,0.025,0.011
"Gm3173",0.507,0.0158552855360764,0.014,1.41520215274734,0.021,0.008
"6720489N17Rik",0.507,0.011682337347094,0.014,0.254264114412424,0.062,0.048
"Gm3604",0.507,0.00775596509190303,0.014,0.461855556461081,0.028,0.014
"Gm48488",0.507,0.0174616902135236,0.014,3.68453804949931,0.015,0.001
"C230035I16Rik",0.507,0.00872598174785451,0.014,0.539776234768581,0.023,0.009
"Amn",0.507,0.0209406479746806,0.014,2.92052540074693,0.017,0.004
"Gm19951",0.507,0.0148887421221888,0.014,0.73597170072981,0.03,0.016
"Noxred1",0.507,0.0180085369213563,0.014,0.430521976495211,0.057,0.044
"Acyp1",0.507,0.0130636742852086,0.014,0.366918166987002,0.05,0.037
"Adam21",0.507,0.015257907077908,0.014,1.17450979386264,0.022,0.008
"Mgat2",0.507,0.0127773332860518,0.014,0.52706466812122,0.033,0.02
"Tpo",0.507,0.0184310893405869,0.014,1.16712656448509,0.028,0.013
"5730507C01Rik",0.507,0.0142118725710586,0.014,1.27714254920187,0.02,0.007
"Ccdc137",0.507,0.0222984423484722,0.014,0.394847165279719,0.079,0.065
"Ccdc40",0.507,0.0102974679644767,0.014,0.511416376199901,0.031,0.018
"Birc5",0.507,0.0117845182733111,0.014,1.27367635910268,0.018,0.004
"Coasy",0.507,0.00939009471594884,0.014,0.422488678423584,0.034,0.02
"P2rx5",0.507,0.0130861637311856,0.014,2.217805996223,0.019,0.004
"Itgae",0.507,0.00895877733074412,0.014,0.883184278104749,0.019,0.006
"Spag7",0.507,0.01392146356478,0.014,0.363304418895278,0.05,0.037
"Eno3",0.507,0.0169915960517436,0.014,0.907656382096092,0.03,0.016
"Phf23",0.507,0.0131050681884631,0.014,0.426118422721903,0.045,0.032
"Aloxe3",0.507,0.0201872416726106,0.014,0.843996650925195,0.036,0.022
"Gpx3",0.507,0.018270867963568,0.014,2.23118918353796,0.019,0.004
"Ddx56",0.507,0.0140129392366663,0.014,0.391195317445538,0.053,0.039
"4930473D10Rik",0.507,0.0240305145285748,0.014,2.53025017474917,0.019,0.005
"Slc17a8",0.507,0.0442029231179398,0.014,2.50253115704946,0.019,0.006
"Gm48485",0.507,0.0238513790061254,0.014,1.47946639342107,0.026,0.012
"Diras1",0.507,0.0150245646861022,0.014,1.30776603011211,0.024,0.009
"Grin3b",0.507,0.0120864700923307,0.014,2.4422645575205,0.014,0.001
"Col18a1",0.507,0.0154230736101363,0.014,0.468276845089064,0.035,0.022
"Nup43",0.507,0.0144815697344947,0.014,0.43549385392684,0.047,0.034
"1700048O20Rik",0.507,0.025963952707069,0.014,0.750229343174454,0.049,0.036
"Sema3f",0.507,0.0201494399749184,0.014,0.885740612288665,0.035,0.021
"Ifrd2",0.507,0.00860893390122681,0.014,0.287676227361271,0.045,0.032
"4933433G15Rik",0.507,0.00892399353570265,0.014,0.42941585610787,0.032,0.018
"2310030G06Rik",0.507,0.0128703928286294,0.014,0.776759520104471,0.025,0.012
"Slc37a4",0.507,0.010853284155438,0.014,0.383277117558921,0.042,0.028
"Gm30015",0.507,0.0188929232490547,0.014,1.070967162351,0.027,0.013
"Cdkn2d",0.507,0.00717554442547155,0.014,0.261182070717742,0.038,0.025
"Ctu2",0.507,0.0173750912027026,0.014,0.487223583838529,0.052,0.038
"Gm45904",0.507,0.074699046705721,0.014,1.53829794287461,0.045,0.032
"Zfp319",0.507,0.0126510761820529,0.014,0.626902924133737,0.033,0.02
"Dand5",0.507,0.0147845831366737,0.014,0.288471799951127,0.069,0.056
"Zfp709",0.507,0.0112643238765677,0.014,0.34548844484458,0.046,0.032
"Rfxank",0.507,0.0139428446344653,0.014,0.788339636507177,0.027,0.012
"Doc2a",0.507,0.0229505116282263,0.014,1.15001948531814,0.035,0.021
"Ern2",0.507,0.0182891530996153,0.014,3.90922384041508,0.016,0.001
"Ramac",0.507,0.0119206944862724,0.014,0.271155619471178,0.062,0.048
"Gdpgp1",0.507,0.0064735699929649,0.014,0.250349323104501,0.04,0.025
"5430400D12Rik",0.507,0.0231886554727012,0.014,0.821104592240464,0.044,0.029
"A030001D20Rik",0.507,0.0148261334714311,0.014,0.933080408072811,0.028,0.014
"Fam71e1",0.507,0.0191953124452008,0.014,0.891945070066953,0.033,0.019
"Cyp2s1",0.507,0.0143764522156488,0.014,0.780057526819106,0.031,0.017
"Zfp128",0.507,0.0157516785331357,0.014,0.450901185447632,0.051,0.036
"Gm3854",0.507,0.0120937437328219,0.014,0.356084241294499,0.048,0.034
"Gm15510",0.507,0.0206710372114424,0.014,1.15164816134769,0.028,0.014
"Far2os2",0.507,0.0182783005607269,0.014,0.673580372366352,0.042,0.029
"Magohb",0.507,0.0117668164007356,0.014,0.419211779393819,0.04,0.027
"Pzp",0.507,0.0147948962100526,0.014,2.53909458338063,0.015,0.001
"Slc41a3",0.507,0.0136799654762887,0.014,0.884935878479563,0.028,0.015
"Pcgf1",0.507,0.0155238677148225,0.014,0.361163420247833,0.059,0.045
"Fam220a.1",0.507,0.0126078123643615,0.014,0.31073517628494,0.057,0.044
"Ints1",0.507,0.0166584460166052,0.014,0.295321073114649,0.084,0.071
"Rhof",0.507,0.02293752910561,0.014,0.423653593859136,0.074,0.061
"Pheta1",0.507,0.00824805913343779,0.014,0.398089051468955,0.032,0.018
"Gm16552",0.507,0.012455022238366,0.014,0.522491537194272,0.036,0.023
"2410131K14Rik",0.507,0.0138525598567081,0.014,0.398637714123112,0.053,0.039
"Crlf2",0.507,0.0184851953331168,0.014,0.628777973064959,0.041,0.028
"2010109A12Rik",0.507,0.0153893277970139,0.014,0.630939168396447,0.038,0.024
"N4bp2os",0.507,0.00464150441549726,0.014,0.295012300205002,0.023,0.009
"Ube4bos1",0.507,0.00898909405036215,0.014,0.349328312494054,0.039,0.025
"Cd164l2",0.507,0.014238662755812,0.014,1.13276648132565,0.027,0.013
"Zbtb8b",0.507,0.017730039307917,0.014,1.09904233981934,0.024,0.011
"Ptch2",0.507,0.0171472330922186,0.014,0.575330806299744,0.038,0.024
"Gm12655",0.507,0.0182841461507588,0.014,0.372891599549707,0.066,0.053
"Hint2",0.507,0.0135898923709061,0.014,0.58725814671226,0.032,0.019
"Pitx2",0.507,0.02439216210275,0.014,4.44845723792007,0.015,0.001
"Rwdd3",0.507,0.014340175139336,0.014,0.304263427432012,0.064,0.049
"Gm43259",0.507,0.0149556436538295,0.014,0.485227943228232,0.048,0.034
"Gm43387",0.507,0.00833377496268424,0.014,0.371657874201134,0.032,0.018
"Gm19710",0.507,0.00904097573278352,0.014,0.302926374054322,0.042,0.027
"Mab21l2",0.507,0.0214755290251733,0.014,3.89691073891998,0.015,0.001
"Tgm7",0.507,0.0136517498765472,0.014,1.10585202653825,0.023,0.008
"Gm13791",0.507,0.0273512858130644,0.014,1.06157714994519,0.039,0.025
"Cr2",0.507,0.00947099797700739,0.014,0.93731064812466,0.021,0.007
"A430105J06Rik",0.507,0.0071854457517681,0.014,0.341102533918978,0.031,0.018
"9330175M20Rik",0.507,0.0130755185190736,0.014,0.301138298220675,0.053,0.04
"Tceanc",0.506,0.0105161796945943,0.012,0.783375318395639,0.023,0.01
"Mageh1",0.506,0.0120720735177445,0.012,0.569787655798738,0.032,0.019
"Gm15138",0.506,0.00974637581084464,0.012,0.808902735557014,0.023,0.01
"Gm15046",0.506,0.0168157408571274,0.012,1.99010279313445,0.016,0.005
"Kir3dl2",0.506,0.0162443239600511,0.012,1.90483984139949,0.018,0.006
"Armcx6",0.506,0.0151237619590701,0.012,0.962807679390536,0.026,0.014
"Slc10a3",0.506,0.0150280286723611,0.012,0.92590446757863,0.025,0.013
"Igsf1",0.506,0.00779805773160563,0.012,0.45812110337504,0.023,0.01
"Fbxl15",0.506,0.013782272576878,0.012,0.450390124701223,0.045,0.034
"Npm3",0.506,0.0153274517850875,0.012,0.711492756276217,0.033,0.021
"Slc35g1",0.506,0.00865876089296688,0.012,0.418482037922066,0.03,0.017
"Polr2g",0.506,0.0141339701571225,0.012,0.252291112748561,0.079,0.068
"Trpt1",0.506,0.0143052870007736,0.012,0.980681321689087,0.023,0.011
"Mrpl11",0.506,0.0145173454321342,0.012,0.484521934727973,0.043,0.031
"Gm45871",0.506,0.0162298896721663,0.012,0.277034428718743,0.081,0.07
"Galr1",0.506,0.014672300516082,0.012,1.0059405870922,0.021,0.009
"Gm30018",0.506,0.0200119662555906,0.012,1.3987706046889,0.026,0.014
"Gm50368",0.506,0.0103242548977531,0.012,1.13207424478157,0.017,0.006
"AC163347.1",0.506,0.00549777889819103,0.012,0.395979302413446,0.02,0.009
"Gm30093",0.506,0.0158428353988888,0.012,1.20034610337357,0.023,0.011
"Pcdhb20",0.506,0.0170060029921783,0.012,0.445618665329996,0.055,0.044
"Pcdhb15",0.506,0.0129627017021641,0.012,0.800543032892215,0.028,0.015
"Sra1",0.506,0.0117548582772873,0.012,0.269108943631077,0.057,0.045
"4933408B17Rik",0.506,0.0141960088000612,0.012,0.263346974379512,0.066,0.056
"Gm44577",0.506,0.00302856409506877,0.012,0.305076256285745,0.019,0.007
"A830052D11Rik",0.506,0.0122030664320095,0.012,0.698376025607911,0.031,0.018
"Slc3a1",0.506,0.0162524498804993,0.012,0.949015616505064,0.026,0.014
"Gm31645",0.506,0.0138922530182835,0.012,1.01850273687324,0.024,0.013
"1700016K05Rik",0.506,0.0135352726466303,0.012,0.918724031822692,0.021,0.01
"Olfr1564",0.506,0.0198977600298905,0.012,0.367791400637365,0.083,0.072
"Ppil1",0.506,0.0119974940086386,0.012,0.287049899374429,0.057,0.045
"Lhfpl5",0.506,0.015917785995922,0.012,1.16972998778858,0.023,0.01
"Gm15458",0.506,0.0141622882967346,0.012,1.22772522702851,0.021,0.009
"Fahd1",0.506,0.0148599103419874,0.012,0.556784574865404,0.042,0.031
"Zfp54",0.506,0.0116899748643608,0.012,0.879801484733292,0.023,0.01
"1700093J21Rik",0.506,0.0104737872783324,0.012,0.321066192135397,0.049,0.036
"4930500H12Rik",0.506,0.0162176598591022,0.012,3.07339513757897,0.013,0.002
"Tfap4",0.506,0.0116326563792291,0.012,0.57518120495349,0.028,0.015
"Fam186b",0.506,0.01510417399652,0.012,1.39803809616468,0.023,0.011
"Gm15609",0.506,0.01650560244686,0.012,1.93209870192854,0.018,0.006
"Mov10l1",0.506,0.0232214886521398,0.012,2.51283559185439,0.017,0.004
"Chadl",0.506,0.0104577532229958,0.012,0.359080345853009,0.04,0.028
"Hgh1",0.506,0.0147173463749306,0.012,0.729216452730228,0.032,0.02
"Trhr",0.506,0.0184593493569395,0.012,0.402752225788122,0.052,0.039
"Klf5",0.506,0.0234906322535394,0.012,0.349809522620373,0.074,0.063
"Gnrh1",0.506,0.0101859583182554,0.012,0.877288088448791,0.023,0.01
"1700001G11Rik",0.506,0.0145955581251664,0.012,1.57949856783837,0.017,0.006
"Rabggta",0.506,0.00971335453149521,0.012,0.300040682113525,0.051,0.039
"4930579G18Rik",0.506,0.0159596952247996,0.012,1.3424135675334,0.022,0.01
"Gm35166",0.506,0.0141379575991397,0.012,1.28029486843706,0.022,0.01
"2810457G06Rik",0.506,0.0103512471423475,0.012,1.37313879184884,0.015,0.003
"Gm49194",0.506,0.0126708965621201,0.012,0.706330612603175,0.027,0.015
"Ptger2",0.506,0.0121596947932575,0.012,2.29224691248326,0.015,0.004
"Sncg",0.506,0.011539329362136,0.012,1.44497899283055,0.014,0.002
"Colq",0.506,0.010555934655973,0.012,0.874225188098928,0.016,0.005
"Gm48099",0.506,0.00430206329497356,0.012,0.279510246162385,0.023,0.012
"Gm3264",0.506,0.005758458309107,0.012,0.65577443230213,0.015,0.003
"4933413L06Rik",0.506,0.0113486204136821,0.012,0.466605134753328,0.04,0.03
"Serf1",0.506,0.0153738498720916,0.012,0.748726802105255,0.03,0.019
"Gm20554",0.506,0.00851718978883198,0.012,0.857564961856924,0.016,0.004
"4930525G20Rik",0.506,0.0151299065509337,0.012,0.6657895164953,0.035,0.023
"Zfp85os",0.506,0.0120422877670675,0.012,0.411187044527696,0.045,0.033
"Gm2762",0.506,0.038619992798332,0.012,0.522151563261433,0.095,0.086
"Sfrp4",0.506,0.0101225096397707,0.012,0.777033682190605,0.021,0.008
"Pou6f2",0.506,0.171259114557716,0.012,0.590860555503832,0.225,0.22
"Gm47405",0.506,0.0320491786478063,0.012,0.721745907120387,0.064,0.053
"Samd15",0.506,0.0179146089701707,0.012,0.606362200298363,0.044,0.032
"Angel1",0.506,0.0122003568654803,0.012,0.414147271559378,0.04,0.028
"Gm17191",0.506,0.0126560377431995,0.012,1.1120517721364,0.019,0.008
"Six4",0.506,0.00858380073729529,0.012,0.391496310969745,0.034,0.022
"Alkal2",0.506,0.0161236657892822,0.012,1.07521659598629,0.023,0.011
"9030624G23Rik",0.506,0.0118329695747857,0.012,0.40515989878666,0.04,0.029
"Slc25a10",0.506,0.0175437322254994,0.012,1.17462795270452,0.024,0.011
"Oxld1",0.506,0.00683256462997119,0.012,0.373113384644239,0.028,0.015
"Tsen54",0.506,0.0173367976546002,0.012,0.644686623577591,0.041,0.03
"Gm11542",0.506,0.0111802999749,0.012,0.707585406088875,0.026,0.013
"E230016K23Rik",0.506,0.0138769888675678,0.012,1.5223418804427,0.017,0.005
"4930563E22Rik",0.506,0.0106100361348111,0.012,0.387892291560804,0.039,0.028
"Gm19967",0.506,0.0145023760264671,0.012,0.310495040931609,0.062,0.05
"Gucy2e",0.506,0.0161786731734833,0.012,1.54723098589789,0.018,0.005
"Gm12147",0.506,0.0121364063788495,0.012,3.04600417595853,0.014,0.002
"Gm12130",0.506,0.0195263787715417,0.012,1.62009336456273,0.017,0.005
"Selenok-ps1",0.506,0.0141206111187202,0.012,0.666220227929935,0.032,0.02
"Pno1",0.506,0.0181145776813583,0.012,0.450486675703942,0.054,0.043
"1700042O10Rik",0.506,0.015701140323259,0.012,1.81052730877611,0.015,0.003
"Vmn2r86",0.506,0.0173672843638887,0.012,0.589134310575672,0.047,0.035
"Tac2",0.506,0.0243065326141781,0.012,1.44344678799858,0.019,0.007
"Gm15663",0.506,0.0129648384434512,0.012,1.0809862681676,0.019,0.008
"Atcayos",0.506,0.0149077849840876,0.012,1.20716601928196,0.02,0.008
"Gm32364",0.506,0.0174240283307698,0.012,1.15982766517747,0.028,0.015
"Pcbd1",0.506,0.0132713748740544,0.012,2.74066217054545,0.015,0.003
"Vip",0.506,0.047022288213787,0.012,2.26330242043076,0.018,0.005
"Gm47320",0.506,0.0159999963720306,0.012,1.77931791645646,0.016,0.005
"Il20rb",0.506,0.014804995017678,0.012,0.77935311974838,0.032,0.02
"Plscr5",0.506,0.0160624531273028,0.012,2.87217021102021,0.015,0.003
"Gm10634",0.506,0.0139665974488048,0.012,1.51498174042753,0.018,0.006
"Gm26713",0.506,0.0158690088036931,0.012,1.60550594069525,0.019,0.007
"Khdc3",0.506,0.00931981187817462,0.012,0.651965829786959,0.024,0.012
"Htr3a",0.506,0.0212120878533484,0.012,5.41361578705536,0.011,0
"BC049352",0.506,0.0149620113790911,0.012,0.693324590068422,0.034,0.022
"Chek1",0.506,0.0153366229399689,0.012,0.736667352118948,0.036,0.024
"Pin1",0.506,0.0180430684471226,0.012,0.364663368983275,0.069,0.059
"Slc12a3",0.506,0.0153582564747533,0.012,1.60421601978849,0.016,0.005
"Gm45435",0.506,0.00549533944749653,0.012,0.303814409743368,0.03,0.017
"Slc5a5",0.506,0.0101654983823671,0.012,0.561632957786002,0.028,0.017
"B830042I05Rik",0.506,0.0200347063191817,0.012,1.76032938803966,0.023,0.011
"Gm15503",0.506,0.00802569053519112,0.012,0.544787685675137,0.019,0.007
"E430018J23Rik",0.506,0.0141209198006102,0.012,1.55252404495197,0.018,0.007
"Kif22",0.506,0.0121773946496072,0.012,0.816800632594862,0.025,0.013
"Aen",0.506,0.0131417413438512,0.012,0.569822366854156,0.036,0.023
"Slc6a16",0.506,0.0167976164360051,0.012,1.78020715425179,0.019,0.007
"Gm44997",0.506,0.0102311284199098,0.012,0.286742384079345,0.05,0.039
"B9d2",0.506,0.0134786354351787,0.012,0.619329400435264,0.032,0.02
"Zfp108",0.506,0.0135048841304873,0.012,0.541595157706847,0.037,0.026
"Zfp583",0.506,0.0163699945055297,0.012,0.329875063914419,0.071,0.06
"Gm26911",0.506,0.0159467930967487,0.012,0.893360714259773,0.025,0.014
"Mrpl35",0.506,0.0108863409662647,0.012,0.302130109192909,0.052,0.04
"Gm38825",0.506,0.0166352469335588,0.012,2.65738834993455,0.015,0.002
"Gm13849",0.506,0.019141268233675,0.012,2.68563281488607,0.016,0.004
"Gm16036",0.506,0.019952050497395,0.012,3.45840600432171,0.015,0.002
"Nudt1",0.506,0.00958015892468572,0.012,0.409296702856829,0.033,0.021
"Gm15903",0.506,0.00709449179848867,0.012,0.489637091140394,0.022,0.01
"Gm42917",0.506,0.0103303804655639,0.012,0.31728165127963,0.045,0.034
"Acads",0.506,0.0110827073317213,0.012,0.681129051896532,0.023,0.011
"Gm26953",0.506,0.011909501490333,0.012,1.41536846859488,0.019,0.008
"Srd5a3",0.506,0.0132073449932595,0.012,0.427166424165595,0.043,0.03
"Ost4",0.506,0.00709308722298684,0.012,0.263959493895324,0.037,0.026
"Gm19409",0.506,0.0104773499358581,0.012,0.268271045265458,0.053,0.041
"Gbx1",0.506,0.0169899851464664,0.012,2.31578546886732,0.015,0.003
"Tomm7",0.506,0.0107340801964437,0.012,0.486169492159822,0.033,0.022
"Prxl2b",0.506,0.0107217872890151,0.012,0.682959662271627,0.027,0.016
"A430005L14Rik",0.506,0.0119941901506844,0.012,0.369332928508067,0.046,0.034
"Phf13",0.506,0.0151089116326056,0.012,0.695435434048523,0.032,0.021
"Cenps",0.506,0.0116320668224516,0.012,2.29867159607083,0.015,0.003
"Gm13205",0.506,0.0191518935470637,0.012,1.92361259732348,0.019,0.008
"Gpr3",0.506,0.0148956571752749,0.012,1.48983513986571,0.019,0.008
"Rab42",0.506,0.0163282346780326,0.012,1.1266652180343,0.023,0.012
"Gm12976",0.506,0.0104299472450839,0.012,2.41072057068725,0.013,0.001
"2610028E06Rik",0.506,0.0164732883003229,0.012,3.34902387378671,0.014,0.002
"Lrp8os2",0.506,0.0186170184897596,0.012,0.725783821175254,0.037,0.026
"Nipsnap3b",0.506,0.00816356521742269,0.012,0.410155677221503,0.03,0.019
"Dctn3",0.506,0.0134144011007376,0.012,0.286242758962234,0.066,0.055
"Gm42659",0.506,0.0142416730807629,0.012,0.463256347335809,0.044,0.031
"Tspan2os",0.506,0.0109111587606854,0.012,0.936946537925891,0.019,0.007
"Nhlh2",0.506,0.02149373251484,0.012,2.4648023049795,0.019,0.006
"Gm42938",0.506,0.0128217149495532,0.012,1.78373161897626,0.015,0.003
"Gm15265",0.506,0.00921960671368994,0.012,0.544193346125251,0.025,0.014
"Gm42463",0.506,0.0143336113302682,0.012,0.416705486208539,0.049,0.037
"Gm43713",0.506,0.0123455063529074,0.012,0.292699226571776,0.058,0.046
"Gm16337",0.506,0.00912205252965741,0.012,0.535195566598058,0.023,0.011
"Gm14305",0.506,0.0164025642928393,0.012,0.703564797459239,0.037,0.025
"Trp53rkb",0.506,0.0163791697282631,0.012,0.647524531399315,0.035,0.023
"BC029722",0.506,0.00980635280890729,0.012,0.586110999245609,0.025,0.014
"Gssos1",0.506,0.0141385247533092,0.012,1.57278200008966,0.018,0.007
"Gm14211",0.506,0.0128090748770828,0.012,1.1407900163262,0.019,0.008
"Prokr2",0.506,0.0176204381885991,0.012,1.59705114046932,0.02,0.008
"Jmjd7",0.506,0.0152334957661014,0.012,2.43816346024119,0.015,0.003
"Gm13889",0.506,0.0155170577933409,0.012,0.7917789177869,0.029,0.017
"Selenoh",0.506,0.00950207835801422,0.012,0.919142269627006,0.018,0.005
"Ly75",0.506,0.0112548815159413,0.012,0.860585768462267,0.019,0.007
"Stom",0.506,0.0111734470053353,0.012,0.634070630585749,0.021,0.009
"C79798",0.506,0.00684339067773515,0.012,0.35876344199242,0.027,0.016
"Endog",0.506,0.00626041432971152,0.012,0.302275738281865,0.032,0.02
"A230108P19Rik",0.506,0.0175424971445644,0.012,1.55997553310643,0.019,0.006
"Nectin4",0.506,0.0090650289417241,0.012,0.756285808115424,0.019,0.008
"Gm29695",0.506,0.0154541813850462,0.012,1.48608516456586,0.021,0.009
"9430060I03Rik",0.506,0.01096010738553,0.012,0.591081721258279,0.026,0.015
"Abcb6",0.506,0.017934225017817,0.012,0.594600448607124,0.049,0.037
"Tex30",0.506,0.00915097636211401,0.012,0.444796973865355,0.03,0.018
"6720483E21Rik",0.506,0.0100597691096112,0.012,1.4881399720416,0.015,0.004
"Tent5d",0.505,0.0118258988471837,0.01,0.696044858893532,0.023,0.014
"Gm4779",0.505,0.0174761122957332,0.01,1.67281189775211,0.016,0.006
"Gabre",0.505,0.00930769525498283,0.01,0.987196876937416,0.013,0.003
"Ndufa1",0.505,0.00856559000958591,0.01,0.399309471066801,0.034,0.024
"Zfp300",0.505,0.00794928204547268,0.01,0.384114216293013,0.029,0.019
"Nudt10",0.505,0.016995199129988,0.01,0.938625324373315,0.029,0.019
"Gm26629",0.505,0.0122803404091597,0.01,3.26755734713236,0.011,0.001
"Gm34299",0.505,0.010640066694889,0.01,0.76484545870515,0.021,0.012
"Ifit1bl1",0.505,0.0108206933638726,0.01,1.36328553152932,0.016,0.007
"Gm4952",0.505,0.0176069563465982,0.01,2.08705349817892,0.015,0.006
"Mrpl16",0.505,0.00906316847351248,0.01,0.330253741417632,0.037,0.027
"Doc2g",0.505,0.012942751774587,0.01,0.877055532847881,0.023,0.014
"Gm50209",0.505,0.00797457120202495,0.01,0.700953114394441,0.02,0.01
"Gm7276",0.505,0.0140733682984854,0.01,0.871763055811604,0.027,0.017
"Pcdhga8",0.505,0.0101137052216866,0.01,0.51493607121726,0.028,0.018
"Pcdhb7",0.505,0.00766676057276845,0.01,0.252010052047281,0.043,0.033
"1700066B19Rik",0.505,0.00670034296066284,0.01,0.926997357234061,0.013,0.004
"2310026I22Rik",0.505,0.0170611215909917,0.01,0.552731804349299,0.042,0.033
"Slc5a7",0.505,0.0378882763353293,0.01,1.37101978996652,0.019,0.01
"Gnmt",0.505,0.0152453008884882,0.01,1.0888716733378,0.023,0.013
"Lrrc73",0.505,0.0226933518229462,0.01,0.930094724837422,0.036,0.026
"Pou5f1",0.505,0.00535138097869854,0.01,0.316268468436239,0.025,0.016
"AC166172.1",0.505,0.0112772753940116,0.01,1.42302320173164,0.016,0.006
"Spdef",0.505,0.0130308480185506,0.01,1.08749491894098,0.019,0.009
"Arhgdig",0.505,0.00910499047525365,0.01,0.31074349833431,0.047,0.036
"Kremen2",0.505,0.0123041153579718,0.01,1.93423614179897,0.015,0.005
"9330136K24Rik",0.505,0.0137540192317716,0.01,0.654425047257664,0.029,0.02
"Pdcd2",0.505,0.00992769837577371,0.01,0.520465502793425,0.027,0.018
"Gm49961",0.505,0.0181323990087309,0.01,0.824949290151604,0.032,0.023
"Gm16310",0.505,0.0169968705447907,0.01,0.830928880961551,0.03,0.02
"8030451O07Rik",0.505,0.0112607039304381,0.01,1.24829249946167,0.015,0.005
"4632428C04Rik",0.505,0.00807234341216853,0.01,1.09183162247042,0.017,0.007
"Rmi2",0.505,0.0120054401146768,0.01,1.47899303906792,0.015,0.004
"Tekt5",0.505,0.014910099723399,0.01,1.1203326393826,0.022,0.013
"Mcat",0.505,0.0152555574920348,0.01,0.455761644702988,0.049,0.039
"1500009C09Rik",0.505,0.00638484376659419,0.01,0.321285977466799,0.029,0.02
"C030006K11Rik",0.505,0.00710587409410831,0.01,0.449732833308389,0.023,0.014
"Zfp707",0.505,0.00842695306411165,0.01,0.317980987780359,0.036,0.027
"Gm41333",0.505,0.0134322511396688,0.01,0.527291051611014,0.028,0.019
"Pou4f1",0.505,0.0157848588383346,0.01,1.39585684442242,0.016,0.006
"9930012K11Rik",0.505,0.01389029020107,0.01,1.58191961390703,0.015,0.005
"Rnf17",0.505,0.0135632900546571,0.01,0.341446271219534,0.043,0.033
"1700087M22Rik",0.505,0.0106522196250874,0.01,0.933286366227437,0.019,0.009
"AC163638.2",0.505,0.0061478989593304,0.01,0.458525348707513,0.021,0.012
"Comtd1",0.505,0.00742420885157163,0.01,0.464389113286218,0.023,0.013
"Gm3636",0.505,0.0135363007907554,0.01,2.48926494992724,0.014,0.003
"Gm5796",0.505,0.00994747881171559,0.01,2.50069297044202,0.012,0.002
"Htr1a",0.505,0.0177863981748493,0.01,1.52052687287407,0.02,0.009
"Gm47849",0.505,0.0125482506189986,0.01,1.36394069291469,0.018,0.008
"AW495222",0.505,0.0106169057220381,0.01,0.818820495439465,0.019,0.01
"A230107N01Rik",0.505,0.0116934254087255,0.01,1.20656756591691,0.019,0.009
"Slc6a3",0.505,0.0702334382678594,0.01,4.57017069487416,0.012,0.003
"Sycp2l",0.505,0.00530155855405512,0.01,0.66576516805662,0.016,0.006
"Gm47352",0.505,0.0221158850793059,0.01,1.91290279536527,0.018,0.008
"Hist1h4d",0.505,0.0106484435584234,0.01,0.308960719446934,0.045,0.035
"Gm49602",0.505,0.0114475497160348,0.01,0.420690617591381,0.036,0.025
"Gm16596",0.505,0.0133685926254858,0.01,1.15580143196573,0.021,0.011
"Moap1",0.505,0.00364129685654012,0.01,0.36821443078056,0.015,0.006
"Gm28370",0.505,0.00969924515194405,0.01,0.892253446800968,0.019,0.009
"Gm4787",0.505,0.00724101767944327,0.01,0.45831439110263,0.024,0.014
"9530018F02Rik",0.505,0.00944282774888704,0.01,1.0318560564655,0.018,0.008
"Esr2",0.505,0.0168729301545172,0.01,1.35884866967662,0.018,0.008
"Gm48653",0.505,0.00762586508857903,0.01,0.399285817549156,0.031,0.021
"Gm5784",0.505,0.00968649561777712,0.01,0.471251828339304,0.031,0.02
"Cbx2",0.505,0.00975023111889837,0.01,0.866464759044481,0.019,0.009
"Gm11732",0.505,0.0147684039055652,0.01,2.92359147040175,0.012,0.002
"Gm11659",0.505,0.0114772107042121,0.01,0.515558968848076,0.034,0.023
"Fbxo47",0.505,0.00766550258974714,0.01,0.627382381794011,0.019,0.009
"Gm12576",0.505,0.0353933828746626,0.01,0.717406706046971,0.066,0.056
"Tnfsf13os",0.505,0.00489289212455702,0.01,0.371937332927816,0.019,0.01
"A530017D24Rik",0.505,0.0113218224478363,0.01,0.291783166798354,0.049,0.039
"Pemt",0.505,0.00723834614233113,0.01,0.338233437759627,0.03,0.02
"N4bp3",0.505,0.00621717793849549,0.01,0.569450547713558,0.019,0.009
"A230004M16Rik",0.505,0.0130544708387893,0.01,0.345147509677691,0.052,0.043
"Snhg15",0.505,0.00375816457315426,0.01,0.32158942792374,0.019,0.01
"Myl6b",0.505,0.00854656186332685,0.01,0.978570207530713,0.018,0.007
"Gm48877",0.505,0.0127474722847028,0.01,1.40406769164424,0.019,0.008
"Wif1",0.505,0.0230226509988025,0.01,2.19185411725321,0.013,0.003
"Gm47033",0.505,0.0145677700535509,0.01,1.3734177317466,0.019,0.009
"Plk5",0.505,0.0261428083711862,0.01,0.404839759177066,0.079,0.069
"Pcsk4",0.505,0.0108539319658378,0.01,0.653671647497818,0.025,0.015
"Gm10941",0.505,0.0111924022760785,0.01,1.63437269597433,0.014,0.005
"Zfp280b",0.505,0.0161789469677094,0.01,0.355048692347498,0.062,0.052
"Rsph14",0.505,0.0170447589866969,0.01,0.643674973850247,0.04,0.031
"Mypn",0.505,0.0156140334788881,0.01,0.552336880450656,0.037,0.027
"Gm47889",0.505,0.0115020108330931,0.01,1.04257115812864,0.019,0.008
"9030612E09Rik",0.505,0.00905781011594826,0.01,0.519506912754195,0.03,0.02
"Adat2",0.505,0.0112316736312264,0.01,1.01318078552262,0.018,0.008
"Gm48748",0.505,0.019991905294224,0.01,0.560715213041645,0.055,0.046
"Gm2449",0.505,0.0197481647795262,0.01,1.25385979699525,0.023,0.013
"Xylb",0.505,0.0071658376931911,0.01,0.312173417376038,0.034,0.025
"Myl3",0.505,0.00768309029480505,0.01,1.49670069238806,0.01,0.001
"Amt",0.505,0.0129729305309666,0.01,0.323549825326933,0.057,0.047
"Cyb561d2",0.505,0.0139091851134272,0.01,1.42343282601577,0.017,0.007
"Esyt3",0.505,0.0243005597815395,0.01,0.791382599414783,0.036,0.026
"Gm47403",0.505,0.0101972503953623,0.01,3.59998572564511,0.01,0.001
"Gm39383",0.505,0.0124097559304634,0.01,1.33669265720297,0.015,0.005
"Gm28379",0.505,0.0138689804187946,0.01,0.386809863814461,0.049,0.04
"Ankdd1a",0.505,0.0152040402937432,0.01,0.417767644053303,0.051,0.041
"Chrna3",0.505,0.012460771676486,0.01,0.70107037537477,0.021,0.01
"Hyls1",0.505,0.0220475314093846,0.01,0.815645414915,0.04,0.03
"Tmed1",0.505,0.00955737481976524,0.01,0.357390154240822,0.038,0.028
"Fbxl12os",0.505,0.0110690536244735,0.01,0.50754084110141,0.031,0.021
"Fanca",0.505,0.00965766210690789,0.01,0.874157687494562,0.019,0.01
"Trappc2l",0.505,0.0113603482923951,0.01,0.481961742957046,0.037,0.027
"Kcng4",0.505,0.00479323113292299,0.01,0.934761517865459,0.011,0.002
"Cenpn",0.505,0.00641346728096607,0.01,0.456663093979008,0.021,0.011
"Has3",0.505,0.00824402610951784,0.01,0.786037483451638,0.021,0.012
"Psmb10",0.505,0.00554844461359004,0.01,0.441968381296173,0.018,0.009
"Carmil2",0.505,0.0150000098092958,0.01,0.731767549250003,0.033,0.024
"Cbln1",0.505,0.012230523091695,0.01,1.08660948711374,0.019,0.009
"Gm45425",0.505,0.0124079071464321,0.01,3.18501925579332,0.012,0.001
"Ccdc124",0.505,0.00949168089980414,0.01,0.42962866469516,0.032,0.023
"Slc18a1",0.505,0.00535554812242174,0.01,0.558913589469284,0.016,0.007
"Sgo2b",0.505,0.0132889398020117,0.01,3.29431228243211,0.012,0.002
"Chrna6",0.505,0.0129594175182082,0.01,2.06275748759917,0.01,0
"Chrnb3",0.505,0.0181887763927135,0.01,0.819946786211454,0.017,0.007
"Gm45570",0.505,0.014796874728297,0.01,0.991231125627331,0.024,0.015
"Tufm",0.505,0.00703485771667457,0.01,0.365689716897924,0.029,0.018
"Olfr690",0.505,0.0185702372699753,0.01,1.02579450321282,0.028,0.019
"Gm35842",0.505,0.0201976430904831,0.01,0.923058165305611,0.035,0.025
"Ppp1r15a",0.505,0.00596195006377721,0.01,0.44112107226249,0.024,0.014
"Zfp977",0.505,0.00992116678525135,0.01,0.504433546078213,0.031,0.021
"BC024978",0.505,0.00874313566752188,0.01,0.46951659287975,0.027,0.017
"Qpctl",0.505,0.0104666657381185,0.01,0.271026176781676,0.053,0.043
"Psg16",0.505,0.0498717030419068,0.01,0.728278443317322,0.092,0.086
"Vmn1r90",0.505,0.0117884149354995,0.01,1.29968916663371,0.019,0.008
"Pla2g4c",0.505,0.0119949539112743,0.01,1.35277513886288,0.015,0.006
"Zbtb45",0.505,0.0147421539311558,0.01,0.833551846015104,0.026,0.015
"Zik1",0.505,0.015558797268479,0.01,0.314450437594803,0.067,0.059
"Zfp78",0.505,0.00842359977139005,0.01,0.323726100176361,0.035,0.026
"Sbk3",0.505,0.0107622159076814,0.01,1.45887607773537,0.015,0.005
"Gm36210",0.505,0.0105510590387916,0.01,2.06883326068038,0.012,0.002
"Oscar",0.505,0.0160925612868292,0.01,0.591667381831563,0.04,0.032
"Zfp422",0.505,0.00775829265728263,0.01,0.505879053324021,0.024,0.015
"Gm43948",0.505,0.0229682984332133,0.01,1.70371551294663,0.022,0.012
"Gm44036",0.505,0.0130178525300047,0.01,1.37552078784745,0.018,0.008
"Mogs",0.505,0.00794162677676508,0.01,0.340106902126841,0.035,0.026
"Wee2",0.505,0.0108979241276066,0.01,2.74935860992423,0.011,0.002
"B230303O12Rik",0.505,0.00545067380087538,0.01,0.283060012141314,0.026,0.015
"Zkscan14",0.505,0.0108834653975655,0.01,0.576713554636875,0.028,0.018
"Gm42595",0.505,0.0155934044356554,0.01,0.971532809909768,0.024,0.015
"Btc",0.505,0.00956977744821251,0.01,0.807963146381786,0.016,0.007
"Rassf6",0.505,0.0117094566226424,0.01,1.34838724096198,0.019,0.008
"Uchl1os",0.505,0.0224519100951198,0.01,0.601411427567257,0.051,0.041
"Gm45495",0.505,0.0101737135504057,0.01,1.22253498371276,0.016,0.007
"Clnk",0.505,0.00732032487897711,0.01,0.767841873015366,0.015,0.006
"Gm26608",0.505,0.0127372885669743,0.01,0.671290277730394,0.031,0.021
"Samd11",0.505,0.0141771395742729,0.01,1.13665779437096,0.022,0.011
"Mmel1",0.505,0.0127448442122191,0.01,0.635087183635906,0.033,0.024
"4930455G09Rik",0.505,0.0093086356582007,0.01,1.60326340414868,0.011,0.002
"Mfap2",0.505,0.0154070274697946,0.01,0.931051204572985,0.026,0.016
"Grhl3",0.505,0.00992474535060336,0.01,2.79496396322783,0.011,0.001
"Fabp3",0.505,0.022778485738449,0.01,0.473080763987927,0.064,0.056
"Cfap57",0.505,0.0046747115697575,0.01,0.276936618091714,0.024,0.013
"Urod",0.505,0.00697731393410214,0.01,0.484868287800555,0.023,0.013
"Gm10287",0.505,0.0142652373862275,0.01,0.879567985935945,0.028,0.018
"Arhgef38",0.505,0.0119657244286432,0.01,1.48632011163278,0.015,0.005
"Gm42997",0.505,0.0185440891188387,0.01,0.985184971845325,0.028,0.018
"Gm43149",0.505,0.00595803024388587,0.01,0.263138863386427,0.031,0.022
"Gm31305",0.505,0.00780854754916661,0.01,0.451313885925958,0.027,0.016
"Gm43773",0.505,0.0116295188683108,0.01,0.566721174569071,0.032,0.022
"Cd1d1",0.505,0.00467452497801027,0.01,0.685065308068427,0.011,0.002
"Gm42609",0.505,0.0183308304942104,0.01,0.858506047133576,0.033,0.023
"Mccc1os",0.505,0.0144948871031142,0.01,1.21426559025193,0.021,0.01
"Gm15496",0.505,0.00899202325269365,0.01,0.618720312893955,0.024,0.015
"Eif5a2",0.505,0.0101420884429613,0.01,0.321331216714138,0.048,0.038
"Gm30340",0.505,0.0165485880779401,0.01,0.997971238542338,0.029,0.02
"Zswim1",0.505,0.0126597364937651,0.01,0.535572802682368,0.037,0.028
"Gm14246",0.505,0.0149259197462176,0.01,2.85336659887601,0.011,0.002
"Gm14164",0.505,0.0143244315631342,0.01,1.97331555971234,0.015,0.005
"Bmp2",0.505,0.0089521334246499,0.01,0.86208018342314,0.017,0.007
"Pla2g4b",0.505,0.00713232829521885,0.01,0.50239546866761,0.022,0.011
"Rad51",0.505,0.0097187734259153,0.01,0.861796551906313,0.019,0.008
"C130080G10Rik",0.505,0.013859737762831,0.01,2.972794943117,0.012,0.001
"Gm28675",0.505,0.00959820550692877,0.01,3.13988811823494,0.011,0.001
"Mettl5os",0.505,0.00895472887963886,0.01,0.757735850649713,0.016,0.007
"Exosc2",0.505,0.0132809619343906,0.01,0.391916185372611,0.049,0.039
"Gm13327",0.505,0.0139397231174974,0.01,0.891383213721101,0.024,0.014
"1700080N15Rik",0.505,0.00534494700169249,0.01,0.329345757198825,0.029,0.02
"Suv39h2",0.505,0.0107383033739262,0.01,0.575909278592756,0.032,0.022
"Ush2a",0.505,0.0139496017124088,0.01,1.00454705766548,0.019,0.009
"Gm36536",0.505,0.0150858041049743,0.01,2.74244641552796,0.013,0.003
"Serpinc1",0.505,0.013937351141642,0.01,0.91713030601215,0.023,0.013
"Optc",0.505,0.00882377670334496,0.01,1.31460369222887,0.013,0.002
"En1",0.505,0.012701211536098,0.01,3.10180798249184,0.01,0
"Gm28941",0.505,0.00845978254458199,0.01,0.419936400149037,0.028,0.019
"Asic4",0.505,0.0195370542266305,0.01,0.635813285763358,0.039,0.029
"Gm15201",0.504,0.0078201778754519,0.00800000000000001,1.30205917091765,0.012,0.005
"Gm15169",0.504,0.0119106542064183,0.00800000000000001,1.927931588881,0.011,0.004
"Trpc5os",0.504,0.00896500541190304,0.00800000000000001,2.19762713821005,0.011,0.003
"Tmsb15b2",0.504,0.00772875962907696,0.00800000000000001,0.320564789360497,0.034,0.027
"Smim9",0.504,0.00722977078411733,0.00800000000000001,1.40751890455906,0.011,0.003
"A630012P03Rik",0.504,0.0121678237749258,0.00800000000000001,1.70648437853274,0.012,0.003
"Frmd7",0.504,0.00960138714656969,0.00800000000000001,1.23491658064727,0.013,0.004
"Arhgap36",0.504,0.00782605968709963,0.00800000000000001,0.954803423818094,0.013,0.004
"Slc25a43",0.504,0.00657013195605065,0.00800000000000001,0.44241797417931,0.022,0.013
"Gm14820",0.504,0.00434795846492387,0.00800000000000001,0.532789618073725,0.013,0.005
"Nanos1",0.504,0.00983248798350151,0.00800000000000001,0.687683978199301,0.021,0.012
"Kazald1",0.504,0.0113081079624226,0.00800000000000001,1.66241790114852,0.013,0.004
"Twnk",0.504,0.00784940633991774,0.00800000000000001,0.300354195923554,0.038,0.031
"4930414N06Rik",0.504,0.0108284746458334,0.00800000000000001,0.617094187949926,0.025,0.017
"Sec31b",0.504,0.00454692969442166,0.00800000000000001,0.470936485800467,0.012,0.004
"Tkfc",0.504,0.00818188415430215,0.00800000000000001,0.614414229410502,0.019,0.01
"Rnaseh2c",0.504,0.00460864310601147,0.00800000000000001,0.285333641396834,0.024,0.016
"AI837181",0.504,0.00764707647065362,0.00800000000000001,0.401425433724089,0.027,0.02
"Eif1ad",0.504,0.00917764676890797,0.00800000000000001,0.424341502815304,0.032,0.024
"Yif1a",0.504,0.00491409219156334,0.00800000000000001,0.331828374257591,0.022,0.013
"Gm4013",0.504,0.00516245343235384,0.00800000000000001,0.460152600759472,0.019,0.011
"Pcdhga7",0.504,0.0110598349270778,0.00800000000000001,0.456170156914886,0.035,0.026
"Pcdhga3",0.504,0.00728022518244084,0.00800000000000001,0.646902072291658,0.019,0.011
"Pcdhb18",0.504,0.0050612023861295,0.00800000000000001,0.321228647629015,0.027,0.019
"Gm10545",0.504,0.0107494679317535,0.00800000000000001,0.940091078963481,0.019,0.011
"Pcdha9",0.504,0.0107368763100744,0.00800000000000001,0.680874174550492,0.023,0.016
"Pcdha2",0.504,0.00924865649172316,0.00800000000000001,2.13664220774618,0.011,0.003
"Epb41l4aos",0.504,0.0112154711664891,0.00800000000000001,0.54526061890534,0.032,0.023
"Tmem200c",0.504,0.00594225560159314,0.00800000000000001,1.10678112040792,0.012,0.005
"Gm20219",0.504,0.00520567363741312,0.00800000000000001,0.380955080658919,0.02,0.012
"Tomm6os",0.504,0.00270835318846761,0.00800000000000001,0.252633365031483,0.019,0.01
"Dlk2",0.504,0.0296908917036061,0.00800000000000001,0.32947334832309,0.121,0.119
"Aars2",0.504,0.0129456589420514,0.00800000000000001,0.294185746799912,0.063,0.056
"Gm7030",0.504,0.00734444248418165,0.00800000000000001,1.22378837412991,0.011,0.003
"Gm20508",0.504,0.00892502063730038,0.00800000000000001,1.63676866884733,0.012,0.004
"H2-Q2",0.504,0.0105668412912184,0.00800000000000001,1.69452114290477,0.011,0.004
"Kifc1",0.504,0.00564453866700763,0.00800000000000001,0.319914809186571,0.025,0.017
"Gm16758",0.504,0.0101736719616371,0.00800000000000001,1.48962051732492,0.013,0.006
"Gm26885",0.504,0.00399343261676997,0.00800000000000001,0.336644908996024,0.02,0.013
"Pi16",0.504,0.00895227470641945,0.00800000000000001,0.939476851549994,0.012,0.005
"Dnase1l2",0.504,0.00749226351619241,0.00800000000000001,0.531225242897351,0.022,0.013
"Tedc2",0.504,0.00802332031862423,0.00800000000000001,0.357996950099111,0.033,0.026
"Zfp947",0.504,0.00839771301504536,0.00800000000000001,0.687487222316127,0.019,0.012
"AC154200.1",0.504,0.00647969445382141,0.00800000000000001,0.473325683506236,0.02,0.012
"Dynlt1f",0.504,0.00979036262348533,0.00800000000000001,1.38991563594696,0.013,0.004
"Gm49953",0.504,0.00959954234881464,0.00800000000000001,2.8721978743708,0.01,0.002
"Gm41505",0.504,0.00681114659671618,0.00800000000000001,0.414309862822223,0.028,0.02
"2810407A14Rik",0.504,0.00598444982791957,0.00800000000000001,0.56149490678397,0.016,0.007
"Vgll3",0.504,0.0189848375700221,0.00800000000000001,1.41243841916301,0.017,0.009
"Gm1968",0.504,0.00905686272771951,0.00800000000000001,2.34964200633663,0.011,0.002
"Rfc4",0.504,0.00988352147647701,0.00800000000000001,0.777400333315137,0.019,0.01
"Socs1",0.504,0.00941007899591632,0.00800000000000001,1.09592997723419,0.014,0.006
"Gm10865",0.504,0.00839263755451071,0.00800000000000001,2.21643432062406,0.011,0.003
"4930544F09Rik",0.504,0.00761653782537306,0.00800000000000001,1.25897213923279,0.011,0.003
"Gm48913",0.504,0.0136048422347889,0.00800000000000001,1.0592471983486,0.02,0.012
"Gm16294",0.504,0.0149660898891261,0.00800000000000001,3.26180982534405,0.011,0.002
"Gm48956",0.504,0.0107706556733628,0.00800000000000001,0.907176245110245,0.018,0.009
"Gm4632",0.504,0.00776852671395135,0.00800000000000001,0.91043009649701,0.014,0.007
"Stc1",0.504,0.0149865073477691,0.00800000000000001,1.12562725872334,0.019,0.012
"A730061H03Rik",0.504,0.00420253362854454,0.00800000000000001,0.524035460346771,0.011,0.004
"Gm48949",0.504,0.0068487461613696,0.00800000000000001,1.65650475363158,0.01,0.002
"Gm20641",0.504,0.0114023046576631,0.00800000000000001,1.28294789693091,0.018,0.009
"4930428N03Rik",0.504,0.0105182161601073,0.00800000000000001,2.0983020531491,0.012,0.004
"Gm10248",0.504,0.0125718432481346,0.00800000000000001,1.41125520521813,0.013,0.006
"Dnajc9",0.504,0.0165739322058635,0.00800000000000001,0.717497432525684,0.029,0.021
"Gm2237",0.504,0.00570869472211113,0.00800000000000001,0.521382049500388,0.017,0.008
"Gm8281",0.504,0.0128543075100148,0.00800000000000001,1.76973228997488,0.015,0.007
"Gm26559",0.504,0.00441828525411149,0.00800000000000001,0.281202184007726,0.025,0.018
"Dmgdh",0.504,0.00279859396126654,0.00800000000000001,0.413979309992988,0.012,0.005
"Bhmt2",0.504,0.00898543343944332,0.00800000000000001,1.63843330653541,0.011,0.004
"Trip13",0.504,0.00663992665359147,0.00800000000000001,0.897843153933017,0.012,0.004
"Zfp455",0.504,0.0110373022008787,0.00800000000000001,0.886631189179682,0.019,0.01
"Gm26861",0.504,0.00938121822237133,0.00800000000000001,0.669632914928502,0.022,0.014
"Gm47802",0.504,0.00656263792865853,0.00800000000000001,0.348666133785488,0.026,0.019
"Ngb",0.504,0.00924979713061902,0.00800000000000001,0.947460118409444,0.015,0.007
"Rnf113a2",0.504,0.00766090705201939,0.00800000000000001,0.456914517595078,0.023,0.016
"6530401F13Rik",0.504,0.0192166575519312,0.00800000000000001,0.282480899391396,0.087,0.081
"Gm3693",0.504,0.0118515561399557,0.00800000000000001,0.543829498617191,0.032,0.025
"Gm47096",0.504,0.00785312304842997,0.00800000000000001,0.595792172627857,0.018,0.01
"Gm36723",0.504,0.00944552096859273,0.00800000000000001,0.578276924492163,0.017,0.009
"Cenpx",0.504,0.00606493072410394,0.00800000000000001,0.441679576210887,0.022,0.013
"Gm17178",0.504,0.0138828972552586,0.00800000000000001,1.52664531499206,0.015,0.007
"Myadml2os",0.504,0.0144471387144666,0.00800000000000001,0.521483732765479,0.04,0.032
"Hexim2",0.504,0.00910296145201084,0.00800000000000001,0.934587094312219,0.015,0.008
"Tmem101",0.504,0.00668103861876736,0.00800000000000001,0.452276177291459,0.02,0.013
"Nkiras2",0.504,0.00530037529860253,0.00800000000000001,0.346401575337243,0.023,0.015
"Gpr179",0.504,0.00655237770586905,0.00800000000000001,1.04879838425658,0.01,0.003
"Smg8",0.504,0.00611542195757281,0.00800000000000001,0.329943345363925,0.025,0.017
"AA465934",0.504,0.0133747144273001,0.00800000000000001,0.63079165646699,0.031,0.022
"Emc6",0.504,0.00867130401127772,0.00800000000000001,0.486226594927893,0.027,0.019
"Med9",0.504,0.0124119039219171,0.00800000000000001,0.575642946253533,0.031,0.023
"Gm12236",0.504,0.010706265217526,0.00800000000000001,2.10481520156972,0.011,0.003
"0610009B22Rik",0.504,0.00572900797310663,0.00800000000000001,0.30130129646066,0.029,0.022
"Snrnp25",0.504,0.00365485670490795,0.00800000000000001,0.294852297394957,0.02,0.012
"4931440F15Rik",0.504,0.00902675865182034,0.00800000000000001,0.515609052950232,0.026,0.019
"Gm11963",0.504,0.00770978048136363,0.00800000000000001,0.942171379455609,0.016,0.008
"Gm47093",0.504,0.0115064788235105,0.00800000000000001,1.32392782874356,0.014,0.005
"Eef1akmt3",0.504,0.0092468116208795,0.00800000000000001,1.10516017112986,0.017,0.009
"4930484H19Rik",0.504,0.0118414380223995,0.00800000000000001,1.48329166581812,0.015,0.007
"Ccdc38",0.504,0.0139713756135737,0.00800000000000001,2.0337546340613,0.012,0.004
"1190007I07Rik",0.504,0.0109541689088571,0.00800000000000001,0.479840049199546,0.032,0.023
"Zfp781",0.504,0.00672991745821298,0.00800000000000001,0.735569237625942,0.015,0.008
"Mrpl54",0.504,0.00999478349794832,0.00800000000000001,0.63495250616071,0.024,0.017
"Prtn3",0.504,0.00631181435168308,0.00800000000000001,0.532809346923401,0.018,0.01
"Gm35721",0.504,0.0131437210655758,0.00800000000000001,1.06191850570016,0.018,0.011
"Atoh7",0.504,0.00751570671446685,0.00800000000000001,0.488668630648216,0.025,0.016
"Msl3l2",0.504,0.0053884500027299,0.00800000000000001,0.515180129500118,0.018,0.011
"Hebp2",0.504,0.0150362868833418,0.00800000000000001,1.68020622624459,0.017,0.008
"Nmbr",0.504,0.0137995785070371,0.00800000000000001,0.724659308522345,0.024,0.017
"Gm20470",0.504,0.00572550886615402,0.00800000000000001,0.355926605854083,0.024,0.016
"Gm17396",0.504,0.00958224196744134,0.00800000000000001,1.55688982503504,0.012,0.004
"Gm47950",0.504,0.0117641747407421,0.00800000000000001,1.269509202899,0.015,0.007
"Gmppb",0.504,0.0106151526928058,0.00800000000000001,0.803154837917742,0.02,0.012
"Gm32743",0.504,0.00439551889658551,0.00800000000000001,0.294196360684858,0.024,0.017
"A930006L05Rik",0.504,0.00747918289934658,0.00800000000000001,1.71897341726082,0.011,0.003
"Mpi",0.504,0.017656172792606,0.00800000000000001,0.479846950826839,0.052,0.045
"Gm10684",0.504,0.00570685341564587,0.00800000000000001,1.00662448381386,0.014,0.006
"Rnf26",0.504,0.00758553618288378,0.00800000000000001,1.08192117393122,0.014,0.006
"Gm15521",0.504,0.00566378686137934,0.00800000000000001,0.513381380020396,0.019,0.011
"Timm29",0.504,0.00766244018053072,0.00800000000000001,0.311965400918664,0.036,0.029
"Trpc6",0.504,0.090342297382787,0.00800000000000001,0.521474909162738,0.126,0.121
"Gm45866",0.504,0.00943593760287213,0.00800000000000001,2.05506413698399,0.012,0.004
"Zfp791",0.504,0.00963928558415109,0.00800000000000001,0.598388439209851,0.024,0.017
"Gm45601",0.504,0.0094811850753766,0.00800000000000001,2.094027606608,0.01,0.003
"Cyp4f18",0.504,0.00992375136218678,0.00800000000000001,1.96423897688305,0.012,0.003
"Jak3",0.504,0.00378042894038452,0.00800000000000001,0.516236464299565,0.013,0.005
"Nr2f6",0.504,0.00647906169544248,0.00800000000000001,0.255121973992451,0.034,0.027
"Gm45470",0.504,0.012630610702038,0.00800000000000001,1.38687578506467,0.015,0.007
"Brf2",0.504,0.0097388902693846,0.00800000000000001,0.380716242690457,0.033,0.025
"Ido2",0.504,0.00868736739171268,0.00800000000000001,1.31594165198622,0.013,0.006
"Gm21119",0.504,0.00626280294061174,0.00800000000000001,0.578385153735044,0.014,0.006
"Gm16553",0.504,0.0107936157339942,0.00800000000000001,1.99735966850621,0.011,0.004
"Polr2l",0.504,0.00729309801838941,0.00800000000000001,0.562804842303137,0.021,0.013
"1700095J03Rik",0.504,0.0052914961031712,0.00800000000000001,0.8961575657515,0.011,0.003
"Neu3",0.504,0.00706449400342947,0.00800000000000001,0.521232278198384,0.019,0.01
"Gm45591",0.504,0.00599982021568602,0.00800000000000001,1.0172317792362,0.013,0.006
"Zscan2",0.504,0.00714975433349386,0.00800000000000001,0.333836753608036,0.031,0.022
"Gm28258",0.504,0.0104616098148389,0.00800000000000001,1.54523932318617,0.015,0.007
"Gm29296",0.504,0.0154880500695914,0.00800000000000001,1.39297713680785,0.016,0.009
"Gm32031",0.504,0.00803716269725946,0.00800000000000001,0.648241525085046,0.019,0.012
"Gm15700",0.504,0.00989803748237486,0.00800000000000001,1.41307798201168,0.014,0.006
"Atp4a",0.504,0.0104961242722984,0.00800000000000001,2.2433180798847,0.01,0.003
"Upk1a",0.504,0.00524116946034544,0.00800000000000001,0.747195696560799,0.014,0.007
"Lrfn3",0.504,0.0180619576302498,0.00800000000000001,0.540040968515796,0.045,0.039
"Map4k1",0.504,0.0104473154898956,0.00800000000000001,1.22187858259237,0.016,0.008
"Zfp607b",0.504,0.00887487444350065,0.00800000000000001,0.250106780669203,0.05,0.044
"A930016O22Rik",0.504,0.0127191722068209,0.00800000000000001,1.25325328350401,0.019,0.011
"Gm15706",0.504,0.0124454678326749,0.00800000000000001,0.518258801471059,0.034,0.027
"Fgf23",0.504,0.0072261107477556,0.00800000000000001,1.49692092178608,0.011,0.004
"Mrpl51",0.504,0.00962876447776311,0.00800000000000001,0.305336798291238,0.042,0.034
"Tuba8",0.504,0.00918358237823645,0.00800000000000001,1.383533151133,0.012,0.004
"Gm44053",0.504,0.0102064170618346,0.00800000000000001,0.64641330438948,0.025,0.018
"Gm26811",0.504,0.0138554772356024,0.00800000000000001,1.7651125986993,0.015,0.006
"H1fx",0.504,0.0084438678612011,0.00800000000000001,0.817817250156926,0.017,0.01
"Gm44386",0.504,0.0024731470813609,0.00800000000000001,0.370690390032687,0.011,0.003
"Spr",0.504,0.0108418269046597,0.00800000000000001,0.618804694780012,0.024,0.016
"Mad2l1",0.504,0.00868520103327954,0.00800000000000001,0.586344061550168,0.021,0.012
"Gm16838",0.504,0.0102963931444602,0.00800000000000001,1.97778787157763,0.011,0.003
"C530044C16Rik",0.504,0.0068257410871773,0.00800000000000001,0.527766567120054,0.016,0.008
"Gm16272",0.504,0.0057708737314058,0.00800000000000001,0.462131895654467,0.019,0.01
"Gm13833",0.504,0.00852584086507521,0.00800000000000001,1.64442739664448,0.011,0.004
"Hepacam2",0.504,0.00745874749684564,0.00800000000000001,1.00207430200834,0.012,0.004
"Tex26",0.504,0.00854517923924328,0.00800000000000001,1.11150006972004,0.015,0.006
"Gm26597",0.504,0.0110421116187628,0.00800000000000001,2.14056843945165,0.011,0.004
"Gm43625",0.504,0.00786971321607289,0.00800000000000001,0.585976765854526,0.019,0.011
"Zfand2a",0.504,0.016877935976721,0.00800000000000001,0.285050686941565,0.079,0.072
"Ppp1r35",0.504,0.0064610290271807,0.00800000000000001,0.500536964127694,0.023,0.015
"Tmem120a",0.504,0.010940855964413,0.00800000000000001,0.303961938831034,0.047,0.04
"Gm15860",0.504,0.0108388267669341,0.00800000000000001,0.328625015486822,0.048,0.04
"Gm43122",0.504,0.0117925181555234,0.00800000000000001,1.81410842084022,0.011,0.003
"E130006D01Rik",0.504,0.0117839366555449,0.00800000000000001,0.700549663388404,0.026,0.019
"Npffr2",0.504,0.0104643311680277,0.00800000000000001,0.754754680221937,0.015,0.008
"Gm15477",0.504,0.00800634416155683,0.00800000000000001,0.480240598539953,0.021,0.012
"Gm43566",0.504,0.00973031311438696,0.00800000000000001,0.864017720412511,0.019,0.011
"Gm42948",0.504,0.00876691351252307,0.00800000000000001,0.721305621826428,0.021,0.013
"Rnf207",0.504,0.0196928924689659,0.00800000000000001,0.251503860739038,0.117,0.113
"Fhad1os2",0.504,0.00728979886285087,0.00800000000000001,0.946372600538171,0.016,0.008
"Ubxn10",0.504,0.00989887136852824,0.00800000000000001,1.50359038146528,0.013,0.004
"AB041806",0.504,0.00845108176136116,0.00800000000000001,1.33246102360931,0.013,0.006
"Gm12963",0.504,0.0132527273958407,0.00800000000000001,0.638063917890048,0.032,0.024
"Gm12930",0.504,0.0113456204099563,0.00800000000000001,0.401149300373827,0.036,0.029
"Gm12915",0.504,0.0116794990574331,0.00800000000000001,1.7305049766187,0.014,0.005
"Exo5",0.504,0.00405951431342968,0.00800000000000001,0.267366681720711,0.023,0.015
"Tmem69",0.504,0.0129873269925923,0.00800000000000001,0.401764847794899,0.043,0.035
"Insl5",0.504,0.0118079606217155,0.00800000000000001,0.999779955256843,0.017,0.009
"Dmac1",0.504,0.00793991438858839,0.00800000000000001,0.577043960980975,0.019,0.012
"Gm26881",0.504,0.00511941476731781,0.00800000000000001,0.405010993391626,0.021,0.013
"Gm5149",0.504,0.00952020678501576,0.00800000000000001,0.739773388214867,0.021,0.013
"Gm26820",0.504,0.00848771048514598,0.00800000000000001,1.43357426454655,0.012,0.004
"Gm42701",0.504,0.00766606831431196,0.00800000000000001,0.349614085840266,0.034,0.026
"Gm42700",0.504,0.0126890286362184,0.00800000000000001,1.00915196000503,0.019,0.012
"9530097N15Rik",0.504,0.0175416090351768,0.00800000000000001,1.00356318594117,0.028,0.02
"Nudt17",0.504,0.00917624936951227,0.00800000000000001,1.50091113137421,0.013,0.005
"Gm43768",0.504,0.00574409238012046,0.00800000000000001,0.304536000140973,0.031,0.022
"Oaz3",0.504,0.0105128104715693,0.00800000000000001,1.1249843582889,0.015,0.007
"Pmf1",0.504,0.00618906186505679,0.00800000000000001,0.369686424882995,0.022,0.014
"Npy2r",0.504,0.00838630546252237,0.00800000000000001,0.503623305484238,0.023,0.016
"Samd7",0.504,0.012910488567753,0.00800000000000001,2.13662298610734,0.01,0.001
"A830092H15Rik",0.504,0.0100522095817922,0.00800000000000001,0.521134186525611,0.031,0.023
"Gcnt7",0.504,0.00912569605713162,0.00800000000000001,0.685986250070669,0.017,0.009
"A530013C23Rik",0.504,0.0056486410584482,0.00800000000000001,0.466092139329322,0.021,0.013
"Gm11465",0.504,0.00730142154735526,0.00800000000000001,0.838338663364439,0.015,0.006
"Gm14169",0.504,0.0133137693807713,0.00800000000000001,0.440713372909933,0.045,0.039
"4930417H01Rik",0.504,0.00936976205068819,0.00800000000000001,0.764296698540263,0.019,0.011
"Rpusd2",0.504,0.0126619180332223,0.00800000000000001,2.10129117586872,0.011,0.004
"Ttn",0.504,0.0436778713163341,0.00800000000000001,0.642191475287006,0.043,0.035
"Gm13619",0.504,0.0102794256138957,0.00800000000000001,1.15716351164151,0.017,0.008
"Gm13497",0.504,0.0146542659406276,0.00800000000000001,2.95933215153908,0.011,0.003
"Fibcd1",0.504,0.00550140823896329,0.00800000000000001,0.410932095493425,0.018,0.009
"Gm13427",0.504,0.0108508854635645,0.00800000000000001,1.07317331348624,0.017,0.01
"Gm16897",0.504,0.00783011546444708,0.00800000000000001,0.550672187463563,0.022,0.014
"G0s2",0.504,0.00341301940947245,0.00800000000000001,0.328317081318669,0.015,0.007
"1700034H15Rik",0.504,0.0180949659356863,0.00800000000000001,0.622023870303939,0.04,0.031
"Alyref2",0.504,0.00512436499235753,0.00800000000000001,0.459490455107906,0.015,0.007
"Adcy10",0.504,0.00881696550329109,0.00800000000000001,0.38585548329142,0.032,0.023
"Fasl",0.504,0.0132596708207171,0.00800000000000001,2.30094947194795,0.013,0.005
"Gm28960",0.504,0.0123313664892022,0.00800000000000001,1.05773591502284,0.018,0.011
"Gm19461",0.504,0.00902946301243202,0.00800000000000001,0.377481212955664,0.034,0.027
"Fam72a",0.504,0.0031800135261146,0.00800000000000001,0.461274450155894,0.011,0.004
"Sgo2a",0.504,0.0103118724199034,0.00800000000000001,1.58543411313991,0.015,0.006
"Ptp4a1",0.504,0.0106304792757755,0.00800000000000001,0.901180526431472,0.015,0.007
"Gm7568",0.504,0.00741811806348781,0.00800000000000001,1.43618347541255,0.011,0.004
"Gm28095",0.504,0.00888009747200047,0.00800000000000001,1.69094323171599,0.013,0.005
"4930444P10Rik",0.504,0.0193585691667722,0.00800000000000001,0.420928658687755,0.057,0.051
"Spry3",0.503,0.00874538895439555,0.006,0.933022293041579,0.014,0.009
"Foxr2",0.503,0.00954115674889659,0.006,1.74549644795946,0.011,0.005
"Gla",0.503,0.0115705657155702,0.006,0.439526137916313,0.035,0.028
"Dmrtc1a",0.503,0.00903497661287132,0.006,0.892537243687425,0.015,0.009
"Gm27000",0.503,0.00925465399795182,0.006,1.87118141665669,0.01,0.004
"Hmgb3",0.503,0.00930828606163941,0.006,0.513809690020271,0.024,0.018
"Mbnl3",0.503,0.0179257397976558,0.006,1.52825399947834,0.01,0.005
"Kcnd1",0.503,0.0105769994965633,0.006,0.412837278669424,0.04,0.034
"2700089I24Rik",0.503,0.0079328487194974,0.006,1.47091469726694,0.01,0.005
"Gm45352",0.503,0.00720367690107556,0.006,0.629329474627637,0.017,0.011
"4930505N22Rik",0.503,0.00927807411532394,0.006,1.44455311387813,0.012,0.005
"Poll",0.503,0.00406778538514809,0.006,0.322160689558547,0.017,0.01
"Frat1",0.503,0.00359037817749387,0.006,0.584662089812053,0.011,0.006
"1700105P06Rik",0.503,0.00902057946529723,0.006,0.765062664345982,0.016,0.01
"Znrd2",0.503,0.00578134714051463,0.006,0.388703550447121,0.021,0.015
"Gm50401",0.503,0.011562016374684,0.006,1.90274181743639,0.011,0.005
"Cidea",0.503,0.0100848046779883,0.006,1.66768379036376,0.011,0.005
"Pcdhb3",0.503,0.011409173443734,0.006,1.20100899224331,0.013,0.007
"Pcdhb2",0.503,0.0078016919551823,0.006,0.652343693562512,0.019,0.012
"Pcdha8",0.503,0.00808173179371753,0.006,0.508616076857982,0.023,0.017
"Gm3227",0.503,0.011354103358387,0.006,0.934545727050583,0.019,0.013
"4930426D05Rik",0.503,0.00904491459023921,0.006,1.3177500830661,0.012,0.006
"Gm17036",0.503,0.00663191279610616,0.006,0.270291321073834,0.032,0.026
"Gm10308",0.503,0.00790521488583905,0.006,0.891218658935838,0.016,0.01
"A230051N06Rik",0.503,0.0120302181835089,0.006,0.881342982168883,0.019,0.014
"Gm49893",0.503,0.00492279202888585,0.006,0.903789884275171,0.01,0.005
"Tbcc",0.503,0.00536636993879397,0.006,0.484529974540084,0.018,0.012
"Crip3",0.503,0.00396431928515131,0.006,0.516686670169267,0.014,0.008
"Mrps18b",0.503,0.00794762256399951,0.006,0.294603441032192,0.038,0.032
"Fkbpl",0.503,0.00426795674938707,0.006,1.00987123571433,0.011,0.004
"Gm50050",0.503,0.00329649516571601,0.006,0.40457660129263,0.013,0.007
"Gm26693",0.503,0.00469147363760794,0.006,0.870395406466492,0.011,0.005
"Glp1r",0.503,0.00401266666492416,0.006,0.56920168547423,0.011,0.005
"Gm26724",0.503,0.00706236638121611,0.006,0.281153166523927,0.033,0.028
"Nme4",0.503,0.0112356029160618,0.006,0.755062800207365,0.023,0.017
"9530082P21Rik",0.503,0.0044738422784898,0.006,0.416709234154229,0.017,0.01
"Has1",0.503,0.00587607778462754,0.006,0.37692408787354,0.022,0.016
"Gm3417",0.503,0.00475260689285099,0.006,0.589866623888113,0.014,0.008
"Gm49959",0.503,0.00500622786278099,0.006,0.882864291517667,0.01,0.003
"1700110C19Rik",0.503,0.00460151656411979,0.006,0.437334556185538,0.017,0.012
"Rwdd2b",0.503,0.00405285018426674,0.006,0.508054861475801,0.014,0.008
"E330011O21Rik",0.503,0.00300353923776865,0.006,0.250073607078801,0.019,0.012
"Gm49575",0.503,0.00513762429108934,0.006,0.782515054350276,0.011,0.005
"Alg3",0.503,0.00896190093312874,0.006,0.649671607354066,0.022,0.015
"Gm49584",0.503,0.0106346510582882,0.006,1.66037364448824,0.011,0.005
"Gm42477",0.503,0.0129310236530501,0.006,0.551985779929294,0.032,0.027
"Gm30085",0.503,0.0106888787671006,0.006,1.13409737830052,0.015,0.009
"Mfsd3",0.503,0.0101330111443844,0.006,2.0029046324758,0.01,0.004
"Fam83h",0.503,0.00610683866249209,0.006,0.816991242424096,0.013,0.007
"Tmem74",0.503,0.00442158676629461,0.006,0.297079190841628,0.023,0.016
"Gm41231",0.503,0.00609977813063735,0.006,0.882229292252591,0.011,0.005
"Gm41230",0.503,0.00440758734837004,0.006,0.414334578669772,0.019,0.013
"Kbtbd7",0.503,0.00301538474092935,0.006,0.27529614097257,0.017,0.012
"Dok2",0.503,0.00975453548518119,0.006,0.740629141429174,0.016,0.011
"Serpine3",0.503,0.00835632521462517,0.006,1.4567892437068,0.011,0.005
"Shisa2",0.503,0.00612389081601013,0.006,0.766761710545276,0.014,0.007
"Ska3",0.503,0.00701911332286781,0.006,1.36766764009466,0.011,0.005
"Gm17606",0.503,0.00545039272153152,0.006,0.530423890621138,0.015,0.008
"Rpgrip1",0.503,0.00548431979543136,0.006,0.28928709694125,0.026,0.02
"Apex1",0.503,0.0130638931164493,0.006,0.884108790517293,0.023,0.016
"Gm49189",0.503,0.00672332372013458,0.006,0.518166822878888,0.019,0.013
"Gm34934",0.503,0.00562071740872166,0.006,1.09903625031905,0.01,0.003
"Gm47814",0.503,0.0103651363021418,0.006,0.620647732791658,0.027,0.02
"Zfp503",0.503,0.00224335082114516,0.006,0.266730211813443,0.015,0.008
"Gm3696",0.503,0.00790266148609177,0.006,0.562422761925479,0.025,0.019
"2610042L04Rik",0.503,0.00407736720799046,0.006,0.653026931121155,0.01,0.005
"Gm17509",0.503,0.00425926677617837,0.006,0.567196252492794,0.015,0.01
"Gm34471",0.503,0.0119719768619609,0.006,0.412238741538471,0.04,0.035
"Mcidas",0.503,0.00811090278130396,0.006,1.48902435289613,0.011,0.004
"2610204G07Rik",0.503,0.0039050879206989,0.006,0.583159472194863,0.013,0.006
"Shld3",0.503,0.00928992347183144,0.006,0.954593779683022,0.017,0.01
"Gm47851",0.503,0.00823238370699513,0.006,1.3826988032503,0.011,0.005
"Gm2379",0.503,0.00457151292929716,0.006,0.71195622623098,0.01,0.004
"F2r",0.503,0.0092221471583987,0.006,0.98339924554571,0.014,0.007
"Gm48420",0.503,0.00463540449472539,0.006,0.531390372510989,0.014,0.008
"Acot12",0.503,0.011328594191237,0.006,0.879800085035674,0.016,0.01
"Slc9a3",0.503,0.0049019586437731,0.006,0.492870157203921,0.015,0.008
"Ndufs6",0.503,0.00685938927004124,0.006,0.267686322325622,0.032,0.026
"Zfp493",0.503,0.00805207617884836,0.006,0.841795004809037,0.015,0.01
"Gm34961",0.503,0.00705346038579733,0.006,0.674126214782851,0.017,0.011
"Gm48648",0.503,0.00946245346663555,0.006,1.03807047997278,0.011,0.006
"Gm36346",0.503,0.00503978427556937,0.006,1.12752220990288,0.01,0.003
"4931429P17Rik",0.503,0.00570048834219142,0.006,0.887095129343736,0.011,0.006
"Gm49144",0.503,0.0132582845990368,0.006,1.78941043478916,0.012,0.006
"Agtr1a",0.503,0.0129298256520754,0.006,1.00488641082736,0.014,0.008
"Gm6566",0.503,0.00461914212451921,0.006,0.717857490100582,0.011,0.005
"Gm47484",0.503,0.00550828267762018,0.006,0.412947764090776,0.02,0.014
"Gm31513",0.503,0.00823009884912327,0.006,2.07994916375325,0.01,0.003
"Acot4",0.503,0.00619901537180647,0.006,0.776351285774932,0.012,0.006
"Gm49700",0.503,0.00628606397777468,0.006,0.369019379102888,0.02,0.015
"Gm48619",0.503,0.0037702147536154,0.006,0.404211074207863,0.015,0.008
"AC241534.1",0.503,0.00363678761444782,0.006,0.385704837202147,0.015,0.009
"2900045O20Rik",0.503,0.00676568497538332,0.006,1.6222161437037,0.01,0.003
"Gm26520",0.503,0.00717061684256129,0.006,0.983226129403596,0.012,0.006
"Fn3krp",0.503,0.00738680257250681,0.006,0.303067451386186,0.032,0.028
"Gm11940",0.503,0.00558171480856136,0.006,0.564680613816239,0.017,0.01
"Pgap3",0.503,0.00898336254748618,0.006,0.427175349872221,0.028,0.021
"Pctp",0.503,0.00366063185507599,0.006,0.624014389470868,0.011,0.004
"Brip1",0.503,0.0058697857241503,0.006,0.564711137275343,0.016,0.009
"Fndc8",0.503,0.00564721829392022,0.006,1.0233310923303,0.01,0.005
"Odf4",0.503,0.0129677832184916,0.006,1.10458936575779,0.017,0.011
"1700086D15Rik",0.503,0.0073953358294974,0.006,0.847141298237115,0.016,0.011
"Hist3h2ba",0.503,0.0114533836135684,0.006,0.436988248174693,0.036,0.03
"4933424L21Rik",0.503,0.0061137138664011,0.006,1.34772036237163,0.01,0.003
"Gm12146",0.503,0.00276414138743856,0.006,0.497359083522899,0.01,0.004
"Zbtb39",0.503,0.00700277804288016,0.006,0.303512005211847,0.031,0.024
"Gm47200",0.503,0.00964334868543317,0.006,1.13000295038577,0.012,0.006
"Gm48689",0.503,0.00672135210623399,0.006,0.881436532019973,0.012,0.007
"Parpbp",0.503,0.00542654221174868,0.006,0.420004409082951,0.019,0.013
"Mmp11",0.503,0.00396530017075844,0.006,0.614650185447003,0.01,0.004
"1110002J07Rik",0.503,0.00612884953079377,0.006,1.00937056880323,0.01,0.005
"Pbld1",0.503,0.0113578897130037,0.006,1.48854476282727,0.013,0.007
"Gm48278",0.503,0.0111245824677127,0.006,1.65279218079632,0.012,0.006
"Tmem42",0.503,0.00615564821265643,0.006,0.479785700127691,0.022,0.016
"2900079G21Rik",0.503,0.00935161258831096,0.006,0.476412436900136,0.028,0.023
"Ccdc36",0.503,0.00731809404802668,0.006,0.882726308732445,0.013,0.007
"Gm47106",0.503,0.00557465102435644,0.006,1.03970308679976,0.011,0.006
"Ackr4",0.503,0.0093957908074743,0.006,0.896183982332473,0.015,0.009
"4930422M22Rik",0.503,0.010035833873167,0.006,1.20808288675819,0.014,0.008
"Gm16185",0.503,0.0095593429988667,0.006,1.2074625787976,0.013,0.007
"Tmem202",0.503,0.00962533044593465,0.006,0.753085569852035,0.021,0.016
"Gm26631",0.503,0.00609046270356288,0.006,0.494929487914527,0.017,0.012
"Gm48784",0.503,0.0108073329024214,0.006,1.05863893589152,0.016,0.01
"Gm48796",0.503,0.0111772947667951,0.006,0.916531672124735,0.019,0.014
"Gm47772",0.503,0.00864257528834189,0.006,1.08339660867928,0.013,0.007
"Gm47565",0.503,0.00499878652298212,0.006,0.737533701361657,0.013,0.007
"Gm32710",0.503,0.00697250709352572,0.006,1.3269254614996,0.011,0.006
"4933408N05Rik",0.503,0.00494042946098006,0.006,0.660434311839702,0.013,0.007
"Thap11",0.503,0.00366656840046321,0.006,0.335114458970885,0.015,0.009
"4930513N10Rik",0.503,0.00804593508186762,0.006,1.43935447255552,0.011,0.005
"Dok4",0.503,0.00949217796142569,0.006,0.662833539636024,0.021,0.014
"Gm2694",0.503,0.0194775624649412,0.006,0.33290969672592,0.065,0.061
"A230103J11Rik",0.503,0.00462668258584346,0.006,0.403517306555393,0.019,0.014
"1700026F02Rik",0.503,0.00840603314093011,0.006,1.10558680078719,0.011,0.006
"Tm6sf2",0.503,0.00968584495199499,0.006,0.755845044276079,0.021,0.015
"2500002B13Rik",0.503,0.00459414986905929,0.006,0.612955730795215,0.013,0.008
"E330018M18Rik",0.503,0.0114738242732308,0.006,1.49806753477877,0.011,0.006
"2810404M03Rik",0.503,0.0130743877474094,0.006,0.887285343475591,0.018,0.012
"Gm45304",0.503,0.00859991150566425,0.006,0.416358085182544,0.026,0.021
"Armc5",0.503,0.00568232071872592,0.006,0.526077987845047,0.017,0.01
"Zfp747",0.503,0.00596684577261406,0.006,0.940987104312843,0.011,0.004
"Gm44813",0.503,0.00702576295295872,0.006,1.51156884399098,0.01,0.004
"Gm12758",0.503,0.00726615030939378,0.006,0.590158973652684,0.017,0.01
"Gm12762",0.503,0.0077297707226168,0.006,1.17433132093097,0.011,0.006
"Hpn",0.503,0.00639889188236043,0.006,0.32578874932072,0.03,0.024
"Gm26810",0.503,0.00330709175632283,0.006,0.689448148380311,0.01,0.003
"Catsperg2",0.503,0.00626112639076932,0.006,1.25117654571521,0.01,0.003
"Nfkbib",0.503,0.00644188844451446,0.006,0.307806557405639,0.026,0.02
"Acp7",0.503,0.00714071245010798,0.006,1.28376310278622,0.011,0.005
"Gm19345",0.503,0.0144866021673183,0.006,2.26521457513175,0.011,0.005
"Zfp954",0.503,0.00599198652146605,0.006,0.55561529613881,0.015,0.009
"Gm45148",0.503,0.0097970063590868,0.006,1.37841326586621,0.011,0.006
"Zfp524",0.503,0.00372284095127182,0.006,0.278641188221206,0.021,0.016
"Plcz1",0.503,0.0108815367619534,0.006,1.12012977360812,0.015,0.01
"Platr31",0.503,0.00445076726870298,0.006,0.926611857590934,0.011,0.004
"Gm4651",0.503,0.00505790877811809,0.006,0.436515807703269,0.017,0.011
"Fxyd4",0.503,0.00638445835597949,0.006,0.660830572618802,0.015,0.01
"Gm26982",0.503,0.00715978196269105,0.006,1.05109499905175,0.011,0.005
"2310040G24Rik",0.503,0.00422917237057267,0.006,0.7678826070821,0.011,0.004
"Fam136a",0.503,0.00876743891899738,0.006,0.251560233721759,0.046,0.041
"B230319C09Rik",0.503,0.00682195415424904,0.006,1.08173438048341,0.011,0.005
"BB365896",0.503,0.00706697808492289,0.006,1.02869998143821,0.011,0.006
"Gm44026",0.503,0.00354118882831106,0.006,0.324644735239311,0.015,0.009
"Gm38804",0.503,0.00488707248035167,0.006,0.816154342030736,0.011,0.005
"Ephb6",0.503,0.0205550948158248,0.006,0.305843345831729,0.085,0.081
"Plxna4os2",0.503,0.00598559049968529,0.006,0.946262690541553,0.012,0.007
"Cpa2",0.503,0.00824895002981585,0.006,1.05677207101137,0.011,0.006
"BC030343",0.503,0.00354488851947852,0.006,0.318558173130224,0.019,0.014
"6330403L08Rik",0.503,0.00563143933616162,0.006,0.379963415131574,0.023,0.016
"Pop7",0.503,0.00397698536124209,0.006,0.478913494111214,0.013,0.007
"Ssc4d",0.503,0.00459896253453323,0.006,0.581036873588305,0.011,0.006
"4932422M17Rik",0.503,0.00460080905710267,0.006,0.567859954454804,0.012,0.006
"Gm15788",0.503,0.0107405036680984,0.006,1.42906951377111,0.014,0.007
"Gm42982",0.503,0.00516240035826312,0.006,0.512406178790449,0.015,0.009
"Gm43458",0.503,0.00471532505236668,0.006,1.04463042764925,0.01,0.005
"Tacc3",0.503,0.00542547672051904,0.006,0.251332941404542,0.028,0.023
"Gm9970",0.503,0.00249930760182749,0.006,0.479529471791112,0.01,0.003
"Gm10475",0.503,0.0107647148084285,0.006,1.16021747676613,0.015,0.008
"Gm26954",0.503,0.00785645674584227,0.006,0.854418019061729,0.017,0.01
"Gm26918",0.503,0.00397977673299687,0.006,0.459539973159671,0.015,0.009
"Gm43577",0.503,0.00514816415726881,0.006,0.426116003169916,0.018,0.013
"Gm43623",0.503,0.00908013700381951,0.006,0.673192641343005,0.022,0.017
"Gm43112",0.503,0.00441895944114828,0.006,0.315604860464486,0.023,0.017
"Gm43031",0.503,0.00886927972934238,0.006,0.806852619012521,0.018,0.011
"Ttc34",0.503,0.00722314393550972,0.006,1.245573174394,0.01,0.004
"Smim1",0.503,0.00406367758873038,0.006,0.346588804230368,0.018,0.012
"Tas1r1",0.503,0.00732302560901522,0.006,1.25720198332455,0.011,0.005
"Masp2",0.503,0.00947710273100474,0.006,0.770893974374262,0.018,0.012
"Gm13054",0.503,0.0103672181297256,0.006,1.55500264489243,0.012,0.006
"Xkr8",0.503,0.00716343225717306,0.006,0.485768916362621,0.02,0.015
"1700086P04Rik",0.503,0.00233417660011031,0.006,0.326633501644443,0.015,0.008
"1700121C08Rik",0.503,0.00970928189807726,0.006,0.467510439822624,0.031,0.025
"Bmp8b",0.503,0.0066069198844362,0.006,0.721912801949618,0.012,0.007
"Gm12811",0.503,0.0121646110072919,0.006,1.00418744797126,0.015,0.01
"Tctex1d1",0.503,0.00483943880664794,0.006,0.350239555889068,0.02,0.014
"Gm12648",0.503,0.00974028200408593,0.006,1.00503744274288,0.014,0.008
"Gm12631",0.503,0.00943711658203665,0.006,1.68570815971911,0.011,0.004
"Gm12511",0.503,0.0129505636463598,0.006,2.25973748033737,0.01,0.003
"Nans",0.503,0.00529057877449488,0.006,0.394347488628096,0.021,0.015
"Msh4",0.503,0.00872535262402047,0.006,0.506999072572851,0.025,0.019
"Gm30648",0.503,0.0140476278675255,0.006,0.954383238105158,0.019,0.013
"Gm43254",0.503,0.00382408181089025,0.006,0.279735579250659,0.019,0.013
"4930447N08Rik",0.503,0.00547013035469013,0.006,0.358628341993826,0.02,0.014
"Gm42939",0.503,0.00588619751200072,0.006,0.984763762750907,0.011,0.005
"Gm43465",0.503,0.00929499229723391,0.006,1.18414071410536,0.012,0.006
"Bnipl",0.503,0.00476058341652684,0.006,0.84191373088674,0.011,0.005
"Gm16740",0.503,0.00636590510946673,0.006,0.456870335481939,0.019,0.013
"Lingo4",0.503,0.00468846886091537,0.006,0.834236047188438,0.011,0.005
"Mex3a",0.503,0.00365290977737647,0.006,0.365792101275161,0.015,0.009
"Gm37035",0.503,0.00832035416066175,0.006,1.02698263515825,0.014,0.007
"Mindy4b-ps",0.503,0.0122620630031744,0.006,0.810730703814316,0.023,0.017
"Ppdpf",0.503,0.00740055434011557,0.006,0.687198633895159,0.015,0.01
"Ntsr1",0.503,0.013038677024958,0.006,0.510847094208445,0.034,0.029
"Gm16796",0.503,0.00847159061212044,0.006,1.5429454571192,0.011,0.005
"Mocs3",0.503,0.00779115994976488,0.006,0.455128343042082,0.023,0.018
"4930405A21Rik",0.503,0.0107357691087804,0.006,0.869028304645617,0.02,0.013
"Myh7b",0.503,0.0112212862125649,0.006,0.676604202493149,0.026,0.021
"Banf2",0.503,0.0091398065317201,0.006,1.41361893678984,0.012,0.005
"Bfsp1",0.503,0.00324538705900949,0.006,0.523044962132468,0.01,0.005
"Tgm6",0.503,0.0085444065448035,0.006,1.57609108790098,0.011,0.004
"Gm14002",0.503,0.00638221066867211,0.006,1.02339086001755,0.01,0.005
"Spata5l1",0.503,0.00185665096991902,0.006,0.336083111283563,0.011,0.004
"Bub1b",0.503,0.00818957597504167,0.006,0.776458224708782,0.016,0.011
"BB218582",0.503,0.00463011186353364,0.006,0.292215430640508,0.026,0.019
"Pax6os1",0.503,0.00949542770023007,0.006,1.08077871965897,0.011,0.005
"1700029I15Rik",0.503,0.00534445450192563,0.006,0.852711213649002,0.011,0.004
"2600014E21Rik",0.503,0.0377487848606375,0.006,0.913738493664111,0.032,0.026
"Klhl41",0.503,0.00441700299646597,0.006,0.399535678292803,0.017,0.011
"Gm13446",0.503,0.00904685380617518,0.006,0.483565124433097,0.028,0.023
"Gm14471",0.503,0.0118794939049798,0.006,0.929359521596517,0.018,0.012
"Gm38348",0.503,0.0147808043545499,0.006,0.455763831616497,0.047,0.042
"Olah",0.503,0.00889731169056684,0.006,0.615674683597626,0.024,0.019
"Gm36992",0.503,0.00847826766184478,0.006,1.04906424129103,0.011,0.006
"Rbm8a2",0.503,0.0090774767008666,0.006,1.58012870409098,0.011,0.005
"Gm26620",0.503,0.0127590632536023,0.006,1.44880407949749,0.011,0.006
"Gm29536",0.503,0.0218246815558933,0.006,1.8236255541534,0.011,0.006
"Cdk15",0.503,0.00258736948941652,0.006,0.388871594121621,0.011,0.004
"Gm16152",0.503,0.00976979234830774,0.006,0.574615006618265,0.023,0.018
"Lipt1",0.503,0.00565574488905689,0.006,0.980620977169269,0.011,0.006
"Gm28784",0.503,0.00848730942135517,0.006,1.35132619526735,0.011,0.005
"Gm29570",0.503,0.00730324377899195,0.006,1.061152524103,0.012,0.007
"Gm29650",0.502,0.00468176454847623,0.004,0.559823592242762,0.013,0.01
"Gm15726",0.502,0.00777046026620938,0.004,0.687154689240526,0.015,0.011
"F8a",0.502,0.00299949792727031,0.004,0.342116249107223,0.013,0.009
"E330013P04Rik",0.502,0.00436039692104181,0.004,0.692736562759034,0.01,0.006
"Gm50431",0.502,0.00668908848685981,0.004,0.281613519006044,0.029,0.026
"Sac3d1",0.502,0.00493158208648683,0.004,0.821017062466976,0.011,0.006
"Alpk2",0.502,0.0115443838567741,0.004,1.37633874933138,0.011,0.007
"Gm31087",0.502,0.0080916071945402,0.004,0.523855190563477,0.023,0.019
"Pcdhb13",0.502,0.00405834917596376,0.004,0.47036630143504,0.015,0.01
"Pcdhb10",0.502,0.00420401448794517,0.004,0.531765292346786,0.013,0.009
"Pcdhb5",0.502,0.00467558518622508,0.004,0.540853196813047,0.015,0.012
"Wdr55",0.502,0.00226887059343703,0.004,0.257046773845947,0.011,0.008
"Snhg4.1",0.502,0.00753846374595982,0.004,0.680637253638251,0.017,0.014
"Cenpq",0.502,0.00452812252918579,0.004,0.321373813689418,0.019,0.015
"Olfr239",0.502,0.00739314853896015,0.004,0.728253203824995,0.018,0.013
"Gm49864",0.502,0.0049037786897225,0.004,0.806321073541865,0.011,0.007
"Hmga1",0.502,0.00293834606668539,0.004,0.453579338664933,0.011,0.007
"Pkmyt1",0.502,0.00282745401831697,0.004,0.408656289153909,0.011,0.007
"6330415G19Rik",0.502,0.0080625110544955,0.004,0.647569441480132,0.019,0.016
"4933411O13Rik",0.502,0.00256679456568261,0.004,0.339355523318918,0.014,0.01
"Gm9017",0.502,0.0107205846645556,0.004,1.00783293214628,0.016,0.011
"6330408M09Rik",0.502,0.0043860372348647,0.004,0.463565041114636,0.014,0.009
"Eef1akmt4",0.502,0.00623084430551871,0.004,0.679416779397894,0.011,0.007
"4930414F18Rik",0.502,0.0124431397245842,0.004,0.735009185672302,0.02,0.017
"Gm41409",0.502,0.00949010811817824,0.004,0.967183793952881,0.015,0.011
"Rtl6",0.502,0.00795081518789814,0.004,0.673151185726407,0.017,0.014
"Them6",0.502,0.00309793673308068,0.004,0.255284196442898,0.019,0.016
"Gm2895",0.502,0.00682497492691,0.004,1.06527032315314,0.01,0.007
"Utp23",0.502,0.00502940057248207,0.004,0.42230886734411,0.017,0.012
"Gm26854",0.502,0.0084874891614546,0.004,0.674005618558137,0.021,0.017
"Gm15632",0.502,0.00363344372791559,0.004,0.446366081740013,0.013,0.009
"Gm4285",0.502,0.00502313270346292,0.004,0.460047457298071,0.017,0.013
"Gm30275",0.502,0.00571454048782901,0.004,0.575367883954204,0.011,0.007
"Gm10371",0.502,0.00223143130112133,0.004,0.295696342644022,0.01,0.006
"1700001L19Rik",0.502,0.00924347916681162,0.004,0.650162389343474,0.018,0.015
"Zfp459",0.502,0.00391290401016617,0.004,0.371039212479119,0.017,0.014
"4933433G19Rik",0.502,0.00562201423804632,0.004,0.322232662406085,0.027,0.023
"Gm36500",0.502,0.00130809700214088,0.004,0.286003793096658,0.01,0.006
"4930586N03Rik",0.502,0.00933444371134715,0.004,0.763561935901312,0.019,0.014
"A530046M15Rik",0.502,0.013903102308017,0.004,0.413379401362437,0.042,0.038
"Gm40663",0.502,0.00991141049644763,0.004,0.307581415097908,0.021,0.017
"Cdca4",0.502,0.00628590936491134,0.004,0.302671882747613,0.028,0.023
"4930478K11Rik",0.502,0.00671207708305019,0.004,0.82530472054798,0.012,0.008
"3200001D21Rik",0.502,0.00752847271070256,0.004,1.43635341340642,0.01,0.005
"2310002D06Rik",0.502,0.00671691252583807,0.004,0.901903945826044,0.012,0.008
"Gm32151",0.502,0.00509569761469535,0.004,0.8454205204757,0.011,0.007
"Srp54b",0.502,0.00322040340808923,0.004,0.399512217310522,0.014,0.01
"Gm47368",0.502,0.00491107370183042,0.004,0.730235564071858,0.012,0.009
"Atxn7l1os2",0.502,0.00762134269863877,0.004,0.744984068744889,0.016,0.013
"Gm16267",0.502,0.004217232523058,0.004,0.63465482404935,0.011,0.007
"Gm20208",0.502,0.00739449873194889,0.004,0.623673055197544,0.018,0.014
"Fkbp1b",0.502,0.00968126591154948,0.004,0.81015290469287,0.019,0.015
"Dhx58",0.502,0.00445563957776489,0.004,0.420020687034001,0.012,0.007
"Mien1",0.502,0.00328871131992862,0.004,0.283097837945835,0.019,0.014
"Gm15893",0.502,0.00432283535480978,0.004,0.640993755720503,0.01,0.005
"Znhit3",0.502,0.00820293148605448,0.004,0.323952635794139,0.034,0.029
"Mrm1",0.502,0.00709612815001735,0.004,0.365071958164238,0.028,0.024
"Ccnq",0.502,0.0065833863255013,0.004,0.952656764648443,0.011,0.007
"Itk",0.502,0.00220398731633573,0.004,0.2812860961291,0.011,0.007
"Cabp7",0.502,0.00468961519390273,0.004,0.888484368282869,0.011,0.006
"Myo1a",0.502,0.0048416698134174,0.004,0.644604733625638,0.012,0.009
"Pmch",0.502,0.0358831569979761,0.004,1.16359254230945,0.019,0.015
"Ascl4",0.502,0.00545688068711913,0.004,0.41465420528775,0.017,0.014
"Eid3",0.502,0.00402828603924343,0.004,0.43248191275147,0.014,0.011
"Gm15939",0.502,0.00573645451153728,0.004,0.626450511199249,0.016,0.013
"Samd3",0.502,0.0134452445824013,0.004,1.01797103203738,0.015,0.012
"Gm10827",0.502,0.00998177989966378,0.004,0.354602052554442,0.042,0.039
"Gm47771",0.502,0.00319944314076494,0.004,0.448954760464483,0.011,0.007
"Tgm4",0.502,0.0018558413660385,0.004,0.251015619466206,0.011,0.007
"Gm47140",0.502,0.00603521425235021,0.004,0.725652563933151,0.012,0.008
"Gm34655",0.502,0.00573794450998313,0.004,0.493066928471296,0.02,0.017
"Gm37612",0.502,0.00629202063125652,0.004,1.03573167089564,0.011,0.007
"Ripply2",0.502,0.00786998137843823,0.004,0.701256350797435,0.016,0.012
"Gm46124",0.502,0.00404456138291311,0.004,0.559202323020155,0.011,0.006
"H2afx",0.502,0.00949435189695497,0.004,0.564083376508561,0.02,0.017
"Gm30373",0.502,0.0029689172647053,0.004,0.290139087620736,0.014,0.01
"Zfp599",0.502,0.0068157304307666,0.004,0.439299154946768,0.023,0.019
"Gm16853",0.502,0.00482001717184423,0.004,0.590791510423683,0.014,0.01
"Angptl6",0.502,0.00595479902501466,0.004,0.475264795733599,0.017,0.012
"Gm47557",0.502,0.00752845173458797,0.004,0.525315504682461,0.02,0.016
"Gm45894",0.502,0.00591109192884422,0.004,0.664958955298873,0.013,0.009
"Marveld3",0.502,0.00279972476959249,0.004,0.421588958197658,0.01,0.005
"Gm17344",0.502,0.00338253700908006,0.004,0.259714141248083,0.016,0.011
"Plekhg4",0.502,0.00900787449941366,0.004,0.975844862008164,0.015,0.01
"Gm45740",0.502,0.00717658759287885,0.004,0.889891581180636,0.013,0.008
"Mrpl34",0.502,0.00328195288310466,0.004,0.564783748358806,0.011,0.007
"Cenpu",0.502,0.00618944723661599,0.004,0.259779253768793,0.036,0.032
"Gm15418",0.502,0.014945015244097,0.004,0.507549035722394,0.041,0.039
"Prr36",0.502,0.00645699432480942,0.004,0.454871092050605,0.02,0.017
"Trappc5",0.502,0.00800959089548658,0.004,0.45596670188833,0.026,0.022
"9130019O22Rik",0.502,0.00226961183966351,0.004,0.329613052613283,0.011,0.008
"Gm45885",0.502,0.00841862663487366,0.004,0.571163321847835,0.021,0.017
"Olfr691",0.502,0.00944458737668751,0.004,0.71953579653418,0.019,0.015
"Gm7580",0.502,0.00720097272059223,0.004,0.745227809219619,0.011,0.007
"Gm39027",0.502,0.00695452984175744,0.004,0.815128036932226,0.013,0.009
"BC046251",0.502,0.00645798268747085,0.004,0.528463829156303,0.017,0.013
"Gm44718",0.502,0.00492268602953207,0.004,0.563894116576535,0.015,0.011
"Gm45309",0.502,0.0059831266236297,0.004,1.06145321292111,0.01,0.005
"Sphk2",0.502,0.00321231236188238,0.004,0.266210368013086,0.019,0.015
"1700008O03Rik",0.502,0.00719380600096246,0.004,0.494765427180966,0.021,0.017
"Zfp551",0.502,0.00355665584799972,0.004,0.304058942406989,0.017,0.013
"Sox5os4",0.502,0.0056619686938835,0.004,0.388934593635805,0.019,0.014
"A830011K09Rik",0.502,0.00540489492701999,0.004,0.64617884765897,0.015,0.01
"Gucy2c",0.502,0.00963323681779914,0.004,1.35514818456634,0.011,0.007
"Gm26653",0.502,0.00773906146763568,0.004,1.44391573411083,0.011,0.006
"Styk1",0.502,0.00242034210263052,0.004,0.264836106810962,0.012,0.007
"Gpr27",0.502,0.00542436111775113,0.004,0.258012824613112,0.031,0.027
"4933427D06Rik",0.502,0.0150996477289313,0.004,1.12779421925358,0.018,0.014
"Gm15624",0.502,0.0206776085931021,0.004,0.522003755834286,0.052,0.048
"Svopl",0.502,0.00423196121326326,0.004,0.738189324075006,0.01,0.007
"Gm15672",0.502,0.00628223927426393,0.004,0.325243709883042,0.029,0.026
"Mblac1",0.502,0.00743604839076461,0.004,0.609449323494253,0.016,0.012
"4933404O12Rik",0.502,0.00828326957055814,0.004,0.310620797837704,0.034,0.03
"9530046B11Rik",0.502,0.00563588354496958,0.004,0.985836155802822,0.01,0.006
"Gm26692",0.502,0.00556926446437012,0.004,0.476182773203407,0.016,0.013
"Gm42851",0.502,0.01112467415133,0.004,0.430485912612266,0.036,0.033
"1700096K18Rik",0.502,0.00527194002222845,0.004,0.416378705474393,0.015,0.012
"Agmat",0.502,0.00643429556701193,0.004,1.25875730036972,0.01,0.006
"Gm16287",0.502,0.00252345232335214,0.004,0.27596152652447,0.015,0.01
"Gm10570",0.502,0.00751854724839128,0.004,0.648572524062694,0.017,0.013
"Spocd1",0.502,0.00372764758054543,0.004,0.404913454870591,0.015,0.011
"C530005A16Rik",0.502,0.0103571551614077,0.004,0.980293204226073,0.015,0.011
"Gpx7",0.502,0.00606388646642706,0.004,0.927550544328604,0.01,0.005
"Smc2os",0.502,0.00351145739201345,0.004,0.458056496827008,0.013,0.009
"Igfbpl1",0.502,0.00275692574695158,0.004,0.258444633042174,0.012,0.009
"C230012O17Rik",0.502,0.00780416121852926,0.004,0.905935287206452,0.015,0.011
"Gm11867",0.502,0.00697977540282693,0.004,0.391556063619375,0.027,0.022
"Rrh",0.502,0.00655371927747077,0.004,0.68392730211929,0.015,0.011
"Gm40123",0.502,0.00346177027998807,0.004,0.381219084194156,0.014,0.011
"Gstm6",0.502,0.00793803238096904,0.004,1.21385342949554,0.011,0.006
"Wnt2b",0.502,0.00681296830461771,0.004,1.07398090682017,0.011,0.006
"Ankrd34a",0.502,0.00636395197359753,0.004,0.586601215769926,0.016,0.013
"Tchh",0.502,0.0048848436442142,0.004,0.274865375172835,0.023,0.02
"Gm15535",0.502,0.00992848311157275,0.004,0.7920400380367,0.019,0.015
"Mnd1",0.502,0.00449201519282258,0.004,0.68709043959492,0.011,0.007
"Vmn2r1",0.502,0.011798708546857,0.004,0.513979776874083,0.028,0.025
"Gm43570",0.502,0.00242057038983152,0.004,0.281048518268912,0.015,0.011
"Ccdc169",0.502,0.00496139417306804,0.004,0.62041652245748,0.013,0.009
"Sertm1",0.502,0.0100150775209863,0.004,0.283154155439912,0.045,0.041
"Gm11457",0.502,0.00633546378173929,0.004,0.747459901725664,0.014,0.009
"Rad21l",0.502,0.0113954877230473,0.004,0.828922037713905,0.019,0.014
"C530025M09Rik",0.502,0.00616159068489575,0.004,0.814413295989127,0.013,0.009
"1700037H04Rik",0.502,0.00995517236456192,0.004,0.376915876708342,0.037,0.034
"Sp9",0.502,0.00476597383063436,0.004,0.281506289928205,0.024,0.02
"Gm13617",0.502,0.00606741429844536,0.004,0.829944949666558,0.011,0.008
"Brd3os",0.502,0.0043252338721599,0.004,0.334133064345773,0.019,0.015
"Grin1os",0.502,0.00733427706093261,0.004,0.310973756661817,0.035,0.031
"Gm26879",0.502,0.00755009240174448,0.004,0.558922833980153,0.019,0.016
"Sec16b",0.502,0.00141326410263188,0.004,0.266651951600073,0.011,0.007
"Gm27184",0.502,0.00632512443073365,0.004,0.847542304452385,0.012,0.008
"4933424G06Rik",0.502,0.0119599790464965,0.004,0.958411065065209,0.018,0.014
"Ccdc115",0.502,0.00323938471406963,0.004,0.250728249923177,0.019,0.015
"Atg101",0.498,0.00451133155839734,0.004,0.382691142684087,0.014,0.017
"Gm10432",0.498,0.00819606839484133,0.004,0.436209850764939,0.023,0.027
"Gm43573",0.498,0.00445167380264662,0.004,0.288640210930859,0.017,0.021
"Gm42707",0.498,0.00489383662551267,0.004,0.517451756753862,0.006,0.01
"Taf7l",0.501,0.00549264222676003,0.002,0.905642160185316,0.01,0.007
"Gm50270",0.501,0.00305671693782309,0.002,0.534272770206036,0.01,0.007
"Pcdha11",0.501,0.00307671479490486,0.002,0.401954772877031,0.011,0.01
"Pcdha4",0.501,0.00474406848945765,0.002,0.383079540698255,0.017,0.016
"Gm50163",0.501,0.00312749038302504,0.002,0.263445450943649,0.016,0.015
"Gm50069",0.501,0.00266130799689443,0.002,0.357169579517425,0.012,0.01
"Gm50023",0.501,0.00357823615133125,0.002,0.459719581729249,0.011,0.008
"Gemin6",0.501,0.00399090733629329,0.002,0.421913621017532,0.013,0.01
"Gm49876",0.501,0.00395849291190391,0.002,0.551004921983348,0.011,0.01
"Gm49871",0.501,0.00434651873835931,0.002,0.549012493276468,0.011,0.009
"Gm50138",0.501,0.00729868572060436,0.002,0.576701487579526,0.015,0.014
"Gm49668",0.501,0.00259972052107572,0.002,0.347907243095025,0.011,0.009
"Tmem30c",0.501,0.00592836081661658,0.002,0.452480741243402,0.019,0.017
"Tmem41a",0.501,0.00560755070125642,0.002,0.282639023143966,0.027,0.026
"Gm15558",0.501,0.00935438195000322,0.002,1.01083445771621,0.011,0.008
"9330020H09Rik",0.501,0.00355509358431409,0.002,0.341043673536235,0.016,0.014
"Smc1b",0.501,0.00270964944844155,0.002,0.363221641859684,0.011,0.009
"Cenpm",0.501,0.00361064784533473,0.002,0.600205950322763,0.01,0.007
"Gm34759",0.501,0.00440171095926912,0.002,0.453988000414848,0.013,0.011
"Gm49747",0.501,0.00339210428416755,0.002,0.558131827668055,0.01,0.008
"Chat",0.501,0.0159103554322476,0.002,0.887751177951508,0.012,0.01
"Gm29675",0.501,0.00939113021367794,0.002,0.518347263181711,0.023,0.021
"Gm47661",0.501,0.00347143843924971,0.002,0.334340476187898,0.014,0.012
"Pole2",0.501,0.0059700589771102,0.002,0.554002885960331,0.015,0.012
"Lsmem1",0.501,0.00942765989299343,0.002,0.515533408483483,0.026,0.023
"Gm40375",0.501,0.00416894182838325,0.002,0.603955586034509,0.011,0.009
"Ptrhd1",0.501,0.00228558713382177,0.002,0.302147198201384,0.012,0.009
"Kpna2",0.501,0.0057344679294331,0.002,0.282557874389302,0.03,0.028
"Arhgap27os2",0.501,0.0031084836144051,0.002,0.408869777446668,0.011,0.009
"Itga2b",0.501,0.00321322142913044,0.002,0.290572237690029,0.014,0.011
"Pex12",0.501,0.00233209384518572,0.002,0.253043292105331,0.014,0.011
"Fbll1",0.501,0.00448061982942472,0.002,0.502241086334394,0.013,0.011
"Bloc1s1",0.501,0.00545891696217576,0.002,0.880947541928406,0.01,0.007
"Gm47438",0.501,0.00234011445214496,0.002,0.34500852338647,0.01,0.007
"Cdcp1",0.501,0.0032260369696039,0.002,0.309959648974466,0.013,0.011
"Spink8",0.501,0.00343470902340519,0.002,0.614023322746628,0.01,0.007
"Rbm15b",0.501,0.00868399803439938,0.002,0.346736443347964,0.032,0.03
"Gm28424",0.501,0.00215904463551536,0.002,0.348726403036914,0.01,0.007
"Gm26903",0.501,0.00701883098633637,0.002,0.41300017523637,0.023,0.021
"Gm48604",0.501,0.00578977460674201,0.002,0.361541222319994,0.023,0.021
"Gm48393",0.501,0.0108591042087697,0.002,0.657613324772481,0.023,0.022
"Zglp1",0.501,0.00563366593590256,0.002,0.426529341584979,0.019,0.017
"Acta1",0.501,0.0104030365997955,0.002,0.833501234938728,0.016,0.014
"Ddx28",0.501,0.00358490870527615,0.002,0.513843724859514,0.01,0.007
"Gm16725",0.501,0.00493431672447636,0.002,0.600894388515614,0.011,0.009
"Xrra1",0.501,0.00392160618647744,0.002,0.408536731687968,0.014,0.011
"Cfap161",0.501,0.00208903323471627,0.002,0.257278098143481,0.011,0.009
"Fancf",0.501,0.00316320025737618,0.002,0.374714967889738,0.01,0.007
"1700028J19Rik",0.501,0.00306804094917977,0.002,0.376437528624357,0.014,0.011
"Polr2i",0.501,0.00331124116695822,0.002,0.329488006071669,0.015,0.013
"Zfp541",0.501,0.00991033425643536,0.002,0.972233949508574,0.014,0.011
"Fam221a",0.501,0.00293066295356731,0.002,0.450440635129724,0.01,0.008
"Gm16043",0.501,0.00711523723229394,0.002,0.664833829291793,0.015,0.013
"Gm17135",0.501,0.00551314246945881,0.002,0.440034149477497,0.018,0.017
"Gm43378",0.501,0.00235038752290192,0.002,0.272261794082679,0.014,0.012
"Papolb",0.501,0.0036342312576559,0.002,0.386309944306078,0.014,0.012
"Gm14508",0.501,0.00604098293259406,0.002,0.311159289928953,0.028,0.027
"Jchain",0.501,0.00352647259257856,0.002,0.425833068647289,0.015,0.012
"Csmd2os",0.501,0.00273628098264947,0.002,0.281708911589994,0.013,0.01
"Stil",0.501,0.0045820948208781,0.002,0.351562441539487,0.021,0.02
"Cyb5rl",0.501,0.00355812757619674,0.002,0.410956385670835,0.013,0.01
"9530080O11Rik",0.501,0.0025485441436798,0.002,0.413496293070312,0.011,0.008
"Bspry",0.501,0.00560201067716834,0.002,0.734974096352907,0.01,0.007
"Tnni3k",0.501,0.0107633436844092,0.002,1.11410039017298,0.011,0.008
"Gm43258",0.501,0.00779234953178343,0.002,0.395885948604086,0.028,0.027
"Gm42699",0.501,0.0114291972602334,0.002,0.78065653745729,0.02,0.018
"Gm43190",0.501,0.00534782887601521,0.002,0.875043314091474,0.011,0.008
"Efna3",0.501,0.00927150839097215,0.002,0.378290748313193,0.033,0.033
"Qrfpr",0.501,0.0277644636707192,0.002,0.632155649661787,0.037,0.035
"Gm9833",0.501,0.00630984603795927,0.002,0.876465906116837,0.011,0.008
"Mamdc4",0.501,0.00220794980874669,0.002,0.306068713239175,0.011,0.008
"Gm13199",0.501,0.00149582730945098,0.002,0.252127094518086,0.01,0.008
"Gm16701.1",0.501,0.00995914134632173,0.002,0.754260657905799,0.017,0.015
"Tnnt2",0.501,0.00476368564708988,0.002,0.51812854507908,0.012,0.011
"Gm28294",0.501,0.00639190982904827,0.002,0.400764085790855,0.021,0.02
"Gm10558",0.501,0.00508309190861362,0.002,0.368914999526402,0.02,0.018
"Gm26805",0.501,0.00249596186153319,0.002,0.263808622053127,0.013,0.012
"1700015H07Rik",0.499,0.0040045718359867,0.002,0.391826926451414,0.013,0.015
"Lrrc3",0.499,0.002530670512385,0.002,0.373040000572939,0.01,0.012
"Trdn",0.499,0.00453810989725076,0.002,0.367972770695526,0.01,0.013
"Tnfaip8l3",0.499,0.0137886600914719,0.002,0.499939102686936,0.028,0.029
"Mfsd13b",0.499,0.00344960003316058,0.002,0.29094754569523,0.012,0.014
"Fam205c",0.499,0.002184024538745,0.002,0.302356087880876,0.01,0.011
"Gm13883",0.499,0.0062111320681339,0.002,0.465323896719559,0.019,0.02
"Gm26781",0.499,0.002767123329741,0.002,0.265134721296687,0.014,0.016
"Gm50100",0.5,0.00222879878739942,0,0.393055011695086,0.01,0.009
"Gm36368",0.5,0.00449662900530503,0,0.61819628717006,0.011,0.01
"Pcdhb4",0.5,0.00487277122237953,0,0.672026840206288,0.01,0.009
"Gm50107",0.5,0.00446420208371612,0,0.448892620451224,0.012,0.012
"Rpusd1",0.5,0.00708722697300167,0,0.286498764269836,0.034,0.034
"Ccnf",0.5,0.00813863317012658,0,0.400259657750921,0.027,0.027
"Gm49685",0.5,0.0177288419771494,0,0.449529336734138,0.051,0.053
"Gdnf",0.5,0.00317026485197846,0,0.407697385340499,0.011,0.01
"Pebp4",0.5,0.00152449159854872,0,0.26270790328161,0.01,0.011
"Gm47460",0.5,0.00415345631747424,0,0.299426849378109,0.019,0.019
"Fos",0.5,0.0168170967869713,0,0.4864995548282,0.032,0.032
"Gm16497",0.5,0.00470254196620704,0,0.570515366164232,0.012,0.011
"Aoc2",0.5,0.00756170517050773,0,0.728020388234386,0.012,0.012
"Klhl10",0.5,0.00496741898299258,0,0.278124478902356,0.024,0.025
"Krt10",0.5,0.00554680382378361,0,0.296494939954636,0.023,0.022
"Gm34574",0.5,0.00212965644886034,0,0.328619551538919,0.011,0.012
"Gm34544",0.5,0.0044596091801093,0,0.305637447826374,0.016,0.017
"Tmem115",0.5,0.00487962189347976,0,0.329849927313496,0.019,0.018
"M5C1000I18Rik",0.5,0.00506964810570433,0,0.637173141337768,0.011,0.011
"Ap1m2",0.5,0.00371803572387621,0,0.491057189764773,0.011,0.01
"Frem3",0.5,0.0033981449329202,0,0.308884177783685,0.015,0.015
"4931415C17Rik",0.5,0.00455727781159092,0,0.376913379512692,0.015,0.016
"Prc1",0.5,0.00321025227782417,0,0.322034715146886,0.01,0.01
"Vmn2r56",0.5,0.00497301546973445,0,0.3630807632172,0.019,0.019
"Vmn2r55",0.5,0.00863830597532397,0,0.735796159834029,0.015,0.015
"9330102E08Rik",0.5,0.00436651858662698,0,0.266735080710485,0.023,0.023
"Atp6v0a4",0.5,0.012441580002716,0,0.436890803065464,0.037,0.037
"Cnpy4",0.5,0.00355981278237215,0,0.317216543066221,0.013,0.012
"Myo1h",0.5,0.0067032390785094,0,0.706664069458005,0.01,0.01
"Postn",0.5,0.0106456372923193,0,0.613165368893719,0.011,0.011
"Gm37896",0.5,0.00267362590911221,0,0.292631845641436,0.014,0.015
"Twist2",0.5,0.00887963949031535,0,0.487066705831676,0.022,0.023
"Ap1s3",0.5,0.0161987204782905,0,0.259766915490881,0.07,0.071
