"panel","cell","gene","log_expr","sample","celltype","orig.ident","nCount_RNA","nFeature_RNA","percent.mt"
"Endothelial_key_BBB","S1_AAGTCAAAGGAGGCTA-1","Cldn5",2.063420415282,"Sample1","Endothelial","Sample1",1455,1024,1.71821305841924
"Endothelial_key_BBB","S1_AATGCGAGTTAGCCTG-1","Cldn5",0,"Sample1","Endothelial","Sample1",802,582,0.249376558603491
"Endothelial_key_BBB","S1_ACAATTCAGTTACGCA-1","Cldn5",0,"Sample1","Endothelial","Sample1",3818,1792,1.72865374541645
"Endothelial_key_BBB","S1_ACACCAATCGTTAGGC-1","Cldn5",0,"Sample1","Endothelial","Sample1",978,670,0
"Endothelial_key_BBB","S1_AGCAATCCACCATGAG-1","Cldn5",0,"Sample1","Endothelial","Sample1",1278,927,0.0782472613458529
"Endothelial_key_BBB","S1_AGCAGCAAGGTTGGAG-1","Cldn5",2.70581306370385,"Sample1","Endothelial","Sample1",716,519,0
"Endothelial_key_BBB","S1_AGCTAATTCTAACCTC-1","Cldn5",0,"Sample1","Endothelial","Sample1",1389,895,0
"Endothelial_key_BBB","S1_AGGACATAGCCACTAA-1","Cldn5",2.10977392952907,"Sample1","Endothelial","Sample1",1380,932,0.217391304347826
"Endothelial_key_BBB","S1_AGTCGGGGTTATGGGA-1","Cldn5",0,"Sample1","Endothelial","Sample1",1215,867,0
"Endothelial_key_BBB","S1_AGTGGAACAAGGTAAG-1","Cldn5",0,"Sample1","Endothelial","Sample1",1031,739,0.0969932104752667
"Endothelial_key_BBB","S1_AGTTATCAGGGTAGAT-1","Cldn5",0,"Sample1","Endothelial","Sample1",1141,840,0
"Endothelial_key_BBB","S1_ATGAACCCATGGCAGC-1","Cldn5",0,"Sample1","Endothelial","Sample1",1680,1074,0
"Endothelial_key_BBB","S1_ATGCAGCTCGCTGACG-1","Cldn5",0,"Sample1","Endothelial","Sample1",832,573,0.360576923076923
"Endothelial_key_BBB","S1_CAAAGGTAGCAAGGCA-1","Cldn5",0,"Sample1","Endothelial","Sample1",1131,789,0.0884173297966401
"Endothelial_key_BBB","S1_CATCGTCCACCAACCT-1","Cldn5",0,"Sample1","Endothelial","Sample1",1490,970,0
"Endothelial_key_BBB","S1_CCGCTTATCGACTACA-1","Cldn5",0,"Sample1","Endothelial","Sample1",1100,768,0
"Endothelial_key_BBB","S1_CCTACGAGTTCCAGCA-1","Cldn5",0,"Sample1","Endothelial","Sample1",1639,1081,0.549115314215985
"Endothelial_key_BBB","S1_CCTGCGAAGTGAATGA-1","Cldn5",0,"Sample1","Endothelial","Sample1",708,543,0.282485875706215
"Endothelial_key_BBB","S1_CGCCTGTTCAGGAGTG-1","Cldn5",0,"Sample1","Endothelial","Sample1",504,394,0
"Endothelial_key_BBB","S1_CGGCCTAAGGATCATT-1","Cldn5",2.00065018203098,"Sample1","Endothelial","Sample1",1564,1018,0
"Endothelial_key_BBB","S1_CGTACAGCAACTGTCC-1","Cldn5",0,"Sample1","Endothelial","Sample1",623,484,0.321027287319422
"Endothelial_key_BBB","S1_CGTCATCCATGGTCCT-1","Cldn5",2.20078805549461,"Sample1","Endothelial","Sample1",1245,870,0.0803212851405622
"Endothelial_key_BBB","S1_CTAGCGCGTAAGTGTG-1","Cldn5",0,"Sample1","Endothelial","Sample1",612,481,0.163398692810458
"Endothelial_key_BBB","S1_CTAGCTGGTGCAGCGA-1","Cldn5",0,"Sample1","Endothelial","Sample1",1980,1256,0.151515151515152
"Endothelial_key_BBB","S1_CTCTATTGTTGCACAT-1","Cldn5",0,"Sample1","Endothelial","Sample1",1108,765,0.631768953068592
"Endothelial_key_BBB","S1_CTGCCTGCACTTGCTA-1","Cldn5",0,"Sample1","Endothelial","Sample1",1254,858,0.0797448165869219
"Endothelial_key_BBB","S1_CTGCTAAAGGAGTACG-1","Cldn5",0,"Sample1","Endothelial","Sample1",722,521,0
"Endothelial_key_BBB","S1_CTTGGCGAGCCAATCA-1","Cldn5",0,"Sample1","Endothelial","Sample1",1894,1157,0
"Endothelial_key_BBB","S1_CTTGTGTTCATGAGTT-1","Cldn5",0,"Sample1","Endothelial","Sample1",1082,769,0.0924214417744917
"Endothelial_key_BBB","S1_GCACAGCCACGCCATT-1","Cldn5",0,"Sample1","Endothelial","Sample1",6097,2798,0.0164015089388224
"Endothelial_key_BBB","S1_GCCACATAGGGTCTCG-1","Cldn5",0,"Sample1","Endothelial","Sample1",649,448,0.154083204930663
"Endothelial_key_BBB","S1_GCCCATTCAGGTATCG-1","Cldn5",0,"Sample1","Endothelial","Sample1",1053,767,0
"Endothelial_key_BBB","S1_GCTAAACCAGGTATGT-1","Cldn5",0,"Sample1","Endothelial","Sample1",815,545,0
"Endothelial_key_BBB","S1_GGCGCTTGTTCACGGC-1","Cldn5",0,"Sample1","Endothelial","Sample1",1509,1012,0
"Endothelial_key_BBB","S1_GGCGTGAGTTTCGGAT-1","Cldn5",0,"Sample1","Endothelial","Sample1",768,576,0.390625
"Endothelial_key_BBB","S1_GGGGTATGTAATCGCT-1","Cldn5",0,"Sample1","Endothelial","Sample1",1099,748,0.0909918107370337
"Endothelial_key_BBB","S1_GGGGTATGTTAGGTGA-1","Cldn5",0,"Sample1","Endothelial","Sample1",1088,785,0
"Endothelial_key_BBB","S1_GGGTCAGGTGATAGAT-1","Cldn5",0,"Sample1","Endothelial","Sample1",1330,911,0
"Endothelial_key_BBB","S1_GTCCGTGAGTAGGTAA-1","Cldn5",2.37813178367953,"Sample1","Endothelial","Sample1",1022,728,0.391389432485323
"Endothelial_key_BBB","S1_GTCTATGAGATTCAGT-1","Cldn5",0,"Sample1","Endothelial","Sample1",991,714,0
"Endothelial_key_BBB","S1_GTGAGGATCACTTGCT-1","Cldn5",0,"Sample1","Endothelial","Sample1",1245,864,0
"Endothelial_key_BBB","S1_GTGGTGAAGCCTGGAT-1","Cldn5",1.90229471424047,"Sample1","Endothelial","Sample1",3508,1992,2.62257696693273
"Endothelial_key_BBB","S1_GTGTTCCCAGCCTAGA-1","Cldn5",0,"Sample1","Endothelial","Sample1",736,569,0
"Endothelial_key_BBB","S1_GTTAGGCTCGCTCATT-1","Cldn5",0,"Sample1","Endothelial","Sample1",3986,2121,0.0752634219769192
"Endothelial_key_BBB","S1_GTTCCAAAGTGCCAGT-1","Cldn5",0,"Sample1","Endothelial","Sample1",688,482,0.290697674418605
"Endothelial_key_BBB","S1_TAACCAACAACTAATG-1","Cldn5",2.44003110089436,"Sample1","Endothelial","Sample1",4774,2440,2.05278592375367
"Endothelial_key_BBB","S1_TACAAGCCATCCCGAT-1","Cldn5",0,"Sample1","Endothelial","Sample1",1290,871,0
"Endothelial_key_BBB","S1_TATGGTTAGTCGACGT-1","Cldn5",0,"Sample1","Endothelial","Sample1",1648,984,0.121359223300971
"Endothelial_key_BBB","S1_TCATAGGTCCAGCCCT-1","Cldn5",0,"Sample1","Endothelial","Sample1",2058,1372,0
"Endothelial_key_BBB","S1_TCATTGCTCATGCAGC-1","Cldn5",0,"Sample1","Endothelial","Sample1",1350,870,0
"Endothelial_key_BBB","S1_TCTAATCCAAAGGTGA-1","Cldn5",0,"Sample1","Endothelial","Sample1",903,663,0
"Endothelial_key_BBB","S1_TGATTAGCAGGACTTG-1","Cldn5",0,"Sample1","Endothelial","Sample1",1129,741,0
"Endothelial_key_BBB","S1_TGCCCATCACCAATCC-1","Cldn5",0,"Sample1","Endothelial","Sample1",3492,1889,0
"Endothelial_key_BBB","S1_TGCTGGACACCTGTGT-1","Cldn5",0,"Sample1","Endothelial","Sample1",1200,838,0.25
"Endothelial_key_BBB","S1_TGCTGTCCATGAGTGT-1","Cldn5",2.05387966967983,"Sample1","Endothelial","Sample1",1471,892,2.03942895989123
"Endothelial_key_BBB","S1_TGGTTACGTTTGACCG-1","Cldn5",0,"Sample1","Endothelial","Sample1",1496,988,1.53743315508021
"Endothelial_key_BBB","S1_TGTATTGGTGACTTCG-1","Cldn5",0,"Sample1","Endothelial","Sample1",1543,1078,0
"Endothelial_key_BBB","S2_AACAGTAAGTCATTGG-1","Cldn5",0,"Sample2","Endothelial","Sample2",2843,1675,0.0703482237073514
"Endothelial_key_BBB","S2_AACGCGCCAAATGCCG-1","Cldn5",2.10469630733118,"Sample2","Endothelial","Sample2",1388,945,0
"Endothelial_key_BBB","S2_AACTGCATCACCTACT-1","Cldn5",0,"Sample2","Endothelial","Sample2",1330,919,0
"Endothelial_key_BBB","S2_AAGGCTAGTTTCCGTC-1","Cldn5",0,"Sample2","Endothelial","Sample2",1060,744,0
"Endothelial_key_BBB","S2_AATCTAGCATAACGCG-1","Cldn5",0,"Sample2","Endothelial","Sample2",1678,1099,0.0595947556615018
"Endothelial_key_BBB","S2_AATGGGGTCGATGCTA-1","Cldn5",0,"Sample2","Endothelial","Sample2",917,660,0.218102508178844
"Endothelial_key_BBB","S2_ACACGGTTCATGTCGA-1","Cldn5",0,"Sample2","Endothelial","Sample2",1236,854,0
"Endothelial_key_BBB","S2_ACAGGGGCATCACGAG-1","Cldn5",0,"Sample2","Endothelial","Sample2",875,681,0.571428571428571
"Endothelial_key_BBB","S2_ACCCAAATCATGGATT-1","Cldn5",0,"Sample2","Endothelial","Sample2",1143,797,0.0874890638670166
"Endothelial_key_BBB","S2_ACCCCAAGTCTGTGGC-1","Cldn5",2.53698058623264,"Sample2","Endothelial","Sample2",859,641,1.0477299185099
"Endothelial_key_BBB","S2_ACGCAGCCATAGATTG-1","Cldn5",0,"Sample2","Endothelial","Sample2",1313,912,0
"Endothelial_key_BBB","S2_ACGTCACAGCTATGCA-1","Cldn5",0,"Sample2","Endothelial","Sample2",4276,2280,0.0467726847521048
"Endothelial_key_BBB","S2_AGCAATTTCGATCGGT-1","Cldn5",0,"Sample2","Endothelial","Sample2",3538,2087,0.0565291124929339
"Endothelial_key_BBB","S2_AGCCATCAGGTCAACC-1","Cldn5",0,"Sample2","Endothelial","Sample2",2211,1403,0.0904568068747173
"Endothelial_key_BBB","S2_AGCCTGACACATTCCA-1","Cldn5",0,"Sample2","Endothelial","Sample2",1329,906,0
"Endothelial_key_BBB","S2_AGCTTTAGTTTACTCT-1","Cldn5",0,"Sample2","Endothelial","Sample2",3423,1895,0
"Endothelial_key_BBB","S2_AGGCTCACATCACGGA-1","Cldn5",0,"Sample2","Endothelial","Sample2",2161,1372,0.925497454881999
"Endothelial_key_BBB","S2_AGTGACAGTGAGCGAT-1","Cldn5",3.19761861905868,"Sample2","Endothelial","Sample2",852,652,1.29107981220657
"Endothelial_key_BBB","S2_AGTGAGTAGCGAACTC-1","Cldn5",0,"Sample2","Endothelial","Sample2",1375,932,0.0727272727272727
"Endothelial_key_BBB","S2_ATAGCCATCAAGTAAG-1","Cldn5",0,"Sample2","Endothelial","Sample2",1163,787,0
"Endothelial_key_BBB","S2_ATGACGGAGGATCTGC-1","Cldn5",2.67006170336998,"Sample2","Endothelial","Sample2",2232,1404,1.0752688172043
"Endothelial_key_BBB","S2_ATGGTTTAGTATGTAC-1","Cldn5",0,"Sample2","Endothelial","Sample2",1258,828,0.158982511923688
"Endothelial_key_BBB","S2_ATTCGCTTCCTCATCG-1","Cldn5",3.52966631275066,"Sample2","Endothelial","Sample2",1208,830,0.910596026490066
"Endothelial_key_BBB","S2_ATTGGTTAGCCCTGTC-1","Cldn5",0,"Sample2","Endothelial","Sample2",912,674,0
"Endothelial_key_BBB","S2_CAAATTCAGGGTACTC-1","Cldn5",0,"Sample2","Endothelial","Sample2",1662,1093,0
"Endothelial_key_BBB","S2_CACCTATTCGACCAGT-1","Cldn5",0,"Sample2","Endothelial","Sample2",3164,1762,0.0316055625790139
"Endothelial_key_BBB","S2_CAGGGCTCAAGCGCGT-1","Cldn5",0,"Sample2","Endothelial","Sample2",796,585,0
"Endothelial_key_BBB","S2_CATAACTAGCGATGTC-1","Cldn5",0,"Sample2","Endothelial","Sample2",886,676,0
"Endothelial_key_BBB","S2_CATACTGAGGCTTACA-1","Cldn5",0,"Sample2","Endothelial","Sample2",1110,768,0
"Endothelial_key_BBB","S2_CATAGGCTCGACATTG-1","Cldn5",0,"Sample2","Endothelial","Sample2",1187,813,0.08424599831508
"Endothelial_key_BBB","S2_CATCCACCATAATTGG-1","Cldn5",1.83645580532502,"Sample2","Endothelial","Sample2",1896,1292,0.474683544303797
"Endothelial_key_BBB","S2_CATTACTCAGTACCTC-1","Cldn5",2.36579551251775,"Sample2","Endothelial","Sample2",2072,1247,1.3996138996139
"Endothelial_key_BBB","S2_CCACAACAGTTAGTAC-1","Cldn5",0,"Sample2","Endothelial","Sample2",1555,1035,2.12218649517685
"Endothelial_key_BBB","S2_CCAGAGAAGGGGACGT-1","Cldn5",0,"Sample2","Endothelial","Sample2",808,585,0.495049504950495
"Endothelial_key_BBB","S2_CCCACTTGTGCATTCG-1","Cldn5",0,"Sample2","Endothelial","Sample2",1717,1060,1.51426907396622
"Endothelial_key_BBB","S2_CCCACTTGTTTCGGGC-1","Cldn5",2.78201386269936,"Sample2","Endothelial","Sample2",1320,896,1.89393939393939
"Endothelial_key_BBB","S2_CCGGCATGTGGAAGTC-1","Cldn5",0,"Sample2","Endothelial","Sample2",1159,791,0
"Endothelial_key_BBB","S2_CGAATCATCCCGCTTA-1","Cldn5",0,"Sample2","Endothelial","Sample2",2865,1525,0
"Endothelial_key_BBB","S2_CGAATTTAGAACCTTG-1","Cldn5",0,"Sample2","Endothelial","Sample2",1450,917,0
"Endothelial_key_BBB","S2_CGAGGGACATCGTAGG-1","Cldn5",0,"Sample2","Endothelial","Sample2",1063,788,0.846660395108184
"Endothelial_key_BBB","S2_CGATAGTCATCCCTGG-1","Cldn5",0,"Sample2","Endothelial","Sample2",940,606,0
"Endothelial_key_BBB","S2_CGCACTTCACTCATCA-1","Cldn5",0,"Sample2","Endothelial","Sample2",1268,814,0.394321766561514
"Endothelial_key_BBB","S2_CGGTGTTAGTGCTGCG-1","Cldn5",0,"Sample2","Endothelial","Sample2",1068,739,0
"Endothelial_key_BBB","S2_CGTATTGAGGTATAGA-1","Cldn5",0,"Sample2","Endothelial","Sample2",846,625,0.118203309692671
"Endothelial_key_BBB","S2_CGTGCCTTCAGGTCGT-1","Cldn5",0,"Sample2","Endothelial","Sample2",826,578,0
"Endothelial_key_BBB","S2_CTCCTTAGTAATGCTC-1","Cldn5",0,"Sample2","Endothelial","Sample2",979,652,0.204290091930541
"Endothelial_key_BBB","S2_CTCTAGAAGCAAGGAT-1","Cldn5",0,"Sample2","Endothelial","Sample2",689,525,0.145137880986938
"Endothelial_key_BBB","S2_CTCTTAATCCATTCCG-1","Cldn5",0,"Sample2","Endothelial","Sample2",1433,909,0.0697836706210747
"Endothelial_key_BBB","S2_CTGAAAGGTTTACTTC-1","Cldn5",0,"Sample2","Endothelial","Sample2",1430,932,0
"Endothelial_key_BBB","S2_CTGTCCATCGCTCAGG-1","Cldn5",0,"Sample2","Endothelial","Sample2",544,398,0
"Endothelial_key_BBB","S2_CTTAATGGTTTGCCAG-1","Cldn5",0,"Sample2","Endothelial","Sample2",1238,859,0.403877221324717
"Endothelial_key_BBB","S2_CTTAGTAGTGATAGGC-1","Cldn5",0,"Sample2","Endothelial","Sample2",861,627,0
"Endothelial_key_BBB","S2_CTTCATCAGTCGATAT-1","Cldn5",0,"Sample2","Endothelial","Sample2",1076,736,0.0929368029739777
"Endothelial_key_BBB","S2_GCACGAGGTAGCTCGC-1","Cldn5",0,"Sample2","Endothelial","Sample2",1132,808,0.176678445229682
"Endothelial_key_BBB","S2_GCACTGGTCCGTCACC-1","Cldn5",0,"Sample2","Endothelial","Sample2",1426,937,0
"Endothelial_key_BBB","S2_GCAGTAAGTCAAGGCG-1","Cldn5",2.32651099002087,"Sample2","Endothelial","Sample2",1082,771,0
"Endothelial_key_BBB","S2_GCCCATAGTAGCCAGG-1","Cldn5",0,"Sample2","Endothelial","Sample2",2738,1622,0.0365230094959825
"Endothelial_key_BBB","S2_GGAACGATCAGCACCG-1","Cldn5",0,"Sample2","Endothelial","Sample2",7121,3011,0.0702148574638393
"Endothelial_key_BBB","S2_GGACCCTGTTAGCTGT-1","Cldn5",0,"Sample2","Endothelial","Sample2",1371,927,0
"Endothelial_key_BBB","S2_GGATGGGCAAGTTCCC-1","Cldn5",2.02594562233073,"Sample2","Endothelial","Sample2",1519,1040,0
"Endothelial_key_BBB","S2_GGATTAAAGTTGGGCT-1","Cldn5",0,"Sample2","Endothelial","Sample2",1160,790,0.0862068965517241
"Endothelial_key_BBB","S2_GGCATCCGTGGAAGGA-1","Cldn5",0,"Sample2","Endothelial","Sample2",1420,936,0.422535211267606
"Endothelial_key_BBB","S2_GGCTGCATCAATTGGT-1","Cldn5",0,"Sample2","Endothelial","Sample2",1353,956,0.073909830007391
"Endothelial_key_BBB","S2_GGCTTCCTCGACTATG-1","Cldn5",0,"Sample2","Endothelial","Sample2",1530,1003,0.065359477124183
"Endothelial_key_BBB","S2_GGCTTTGGTAGTGTGA-1","Cldn5",0,"Sample2","Endothelial","Sample2",1036,724,0
"Endothelial_key_BBB","S2_GTAACCATCAGGGATG-1","Cldn5",1.64323655240376,"Sample2","Endothelial","Sample2",2397,1429,0
"Endothelial_key_BBB","S2_GTAATGGGTAAGGTTG-1","Cldn5",2.3719407104721,"Sample2","Endothelial","Sample2",1029,753,0
"Endothelial_key_BBB","S2_GTACCAGCAAATGGGA-1","Cldn5",2.49821061541436,"Sample2","Endothelial","Sample2",896,675,0
"Endothelial_key_BBB","S2_GTAGCATCATTAGCGG-1","Cldn5",3.43883844297743,"Sample2","Endothelial","Sample2",3980,2204,3.29145728643216
"Endothelial_key_BBB","S2_GTATAGCCAGTAAGGA-1","Cldn5",0,"Sample2","Endothelial","Sample2",1212,849,0.0825082508250825
"Endothelial_key_BBB","S2_GTCTCCATCCGCCACT-1","Cldn5",0,"Sample2","Endothelial","Sample2",1590,1012,0
"Endothelial_key_BBB","S2_GTGGCAGGTCCCGAAC-1","Cldn5",3.15222562296505,"Sample2","Endothelial","Sample2",4020,2261,1.41791044776119
"Endothelial_key_BBB","S2_GTTCTAAGTTATCGCG-1","Cldn5",2.21374942574787,"Sample2","Endothelial","Sample2",1227,857,0
"Endothelial_key_BBB","S2_GTTCTCACATTGGCGA-1","Cldn5",0,"Sample2","Endothelial","Sample2",1502,966,0.33288948069241
"Endothelial_key_BBB","S2_GTTGAAGGTTAGCATC-1","Cldn5",0,"Sample2","Endothelial","Sample2",1079,758,0.185356811862836
"Endothelial_key_BBB","S2_GTTGCCTCAGGATCTG-1","Cldn5",2.09651480349671,"Sample2","Endothelial","Sample2",1401,926,0.356887937187723
"Endothelial_key_BBB","S2_TATGATGCATCCATAT-1","Cldn5",0,"Sample2","Endothelial","Sample2",1058,773,0
"Endothelial_key_BBB","S2_TCATGGATCCATCAAG-1","Cldn5",0,"Sample2","Endothelial","Sample2",1341,867,0.0745712155108128
"Endothelial_key_BBB","S2_TCATTCGCAAAGGACA-1","Cldn5",0,"Sample2","Endothelial","Sample2",1024,743,0.09765625
"Endothelial_key_BBB","S2_TCCAAAGTCGCTCACC-1","Cldn5",0,"Sample2","Endothelial","Sample2",1112,794,0
"Endothelial_key_BBB","S2_TCCAGGTAGGGGATTG-1","Cldn5",0,"Sample2","Endothelial","Sample2",1542,1028,0
"Endothelial_key_BBB","S2_TCCCCTGGTTGGTCAT-1","Cldn5",0,"Sample2","Endothelial","Sample2",3044,1674,0
"Endothelial_key_BBB","S2_TCGCAACAGGTGACAG-1","Cldn5",0,"Sample2","Endothelial","Sample2",1405,988,0
"Endothelial_key_BBB","S2_TCGCTGCTCATCAGTG-1","Cldn5",2.61199900607317,"Sample2","Endothelial","Sample2",1584,990,1.70454545454545
"Endothelial_key_BBB","S2_TCTACGTTCGCTAGTA-1","Cldn5",0,"Sample2","Endothelial","Sample2",1240,832,0
"Endothelial_key_BBB","S2_TCTATCTGTAGTGTGA-1","Cldn5",0,"Sample2","Endothelial","Sample2",1276,893,0.0783699059561128
"Endothelial_key_BBB","S2_TCTCATTGTCTTGCTC-1","Cldn5",0,"Sample2","Endothelial","Sample2",4145,2090,0
"Endothelial_key_BBB","S2_TGATTGGTCAGGATGG-1","Cldn5",0,"Sample2","Endothelial","Sample2",1429,1025,1.60951714485654
"Endothelial_key_BBB","S2_TGCGAAAGTTGCTGTG-1","Cldn5",0,"Sample2","Endothelial","Sample2",1428,970,0.280112044817927
"Endothelial_key_BBB","S2_TGCTATAGTCAATCCG-1","Cldn5",1.77162979968438,"Sample2","Endothelial","Sample2",2049,1375,0.927281600780869
"Endothelial_key_BBB","S2_TGGAGTGAGGAGGCTA-1","Cldn5",0,"Sample2","Endothelial","Sample2",806,591,0
"Endothelial_key_BBB","S2_TGGCGCATCCCTCACA-1","Cldn5",1.46813452203004,"Sample2","Endothelial","Sample2",5986,3254,2.47243568326094
"Endothelial_key_BBB","S2_TGTCGATGTTATGGCT-1","Cldn5",0,"Sample2","Endothelial","Sample2",1070,778,0
"Endothelial_key_BBB","S1_AAGTCAAAGGAGGCTA-1","Icam1",0,"Sample1","Endothelial","Sample1",1455,1024,1.71821305841924
"Endothelial_key_BBB","S1_AATGCGAGTTAGCCTG-1","Icam1",0,"Sample1","Endothelial","Sample1",802,582,0.249376558603491
"Endothelial_key_BBB","S1_ACAATTCAGTTACGCA-1","Icam1",0,"Sample1","Endothelial","Sample1",3818,1792,1.72865374541645
"Endothelial_key_BBB","S1_ACACCAATCGTTAGGC-1","Icam1",0,"Sample1","Endothelial","Sample1",978,670,0
"Endothelial_key_BBB","S1_AGCAATCCACCATGAG-1","Icam1",0,"Sample1","Endothelial","Sample1",1278,927,0.0782472613458529
"Endothelial_key_BBB","S1_AGCAGCAAGGTTGGAG-1","Icam1",0,"Sample1","Endothelial","Sample1",716,519,0
"Endothelial_key_BBB","S1_AGCTAATTCTAACCTC-1","Icam1",0,"Sample1","Endothelial","Sample1",1389,895,0
"Endothelial_key_BBB","S1_AGGACATAGCCACTAA-1","Icam1",0,"Sample1","Endothelial","Sample1",1380,932,0.217391304347826
"Endothelial_key_BBB","S1_AGTCGGGGTTATGGGA-1","Icam1",0,"Sample1","Endothelial","Sample1",1215,867,0
"Endothelial_key_BBB","S1_AGTGGAACAAGGTAAG-1","Icam1",0,"Sample1","Endothelial","Sample1",1031,739,0.0969932104752667
"Endothelial_key_BBB","S1_AGTTATCAGGGTAGAT-1","Icam1",0,"Sample1","Endothelial","Sample1",1141,840,0
"Endothelial_key_BBB","S1_ATGAACCCATGGCAGC-1","Icam1",0,"Sample1","Endothelial","Sample1",1680,1074,0
"Endothelial_key_BBB","S1_ATGCAGCTCGCTGACG-1","Icam1",0,"Sample1","Endothelial","Sample1",832,573,0.360576923076923
"Endothelial_key_BBB","S1_CAAAGGTAGCAAGGCA-1","Icam1",0,"Sample1","Endothelial","Sample1",1131,789,0.0884173297966401
"Endothelial_key_BBB","S1_CATCGTCCACCAACCT-1","Icam1",0,"Sample1","Endothelial","Sample1",1490,970,0
"Endothelial_key_BBB","S1_CCGCTTATCGACTACA-1","Icam1",0,"Sample1","Endothelial","Sample1",1100,768,0
"Endothelial_key_BBB","S1_CCTACGAGTTCCAGCA-1","Icam1",0,"Sample1","Endothelial","Sample1",1639,1081,0.549115314215985
"Endothelial_key_BBB","S1_CCTGCGAAGTGAATGA-1","Icam1",0,"Sample1","Endothelial","Sample1",708,543,0.282485875706215
"Endothelial_key_BBB","S1_CGCCTGTTCAGGAGTG-1","Icam1",0,"Sample1","Endothelial","Sample1",504,394,0
"Endothelial_key_BBB","S1_CGGCCTAAGGATCATT-1","Icam1",0,"Sample1","Endothelial","Sample1",1564,1018,0
"Endothelial_key_BBB","S1_CGTACAGCAACTGTCC-1","Icam1",0,"Sample1","Endothelial","Sample1",623,484,0.321027287319422
"Endothelial_key_BBB","S1_CGTCATCCATGGTCCT-1","Icam1",0,"Sample1","Endothelial","Sample1",1245,870,0.0803212851405622
"Endothelial_key_BBB","S1_CTAGCGCGTAAGTGTG-1","Icam1",0,"Sample1","Endothelial","Sample1",612,481,0.163398692810458
"Endothelial_key_BBB","S1_CTAGCTGGTGCAGCGA-1","Icam1",0,"Sample1","Endothelial","Sample1",1980,1256,0.151515151515152
"Endothelial_key_BBB","S1_CTCTATTGTTGCACAT-1","Icam1",0,"Sample1","Endothelial","Sample1",1108,765,0.631768953068592
"Endothelial_key_BBB","S1_CTGCCTGCACTTGCTA-1","Icam1",0,"Sample1","Endothelial","Sample1",1254,858,0.0797448165869219
"Endothelial_key_BBB","S1_CTGCTAAAGGAGTACG-1","Icam1",0,"Sample1","Endothelial","Sample1",722,521,0
"Endothelial_key_BBB","S1_CTTGGCGAGCCAATCA-1","Icam1",0,"Sample1","Endothelial","Sample1",1894,1157,0
"Endothelial_key_BBB","S1_CTTGTGTTCATGAGTT-1","Icam1",0,"Sample1","Endothelial","Sample1",1082,769,0.0924214417744917
"Endothelial_key_BBB","S1_GCACAGCCACGCCATT-1","Icam1",0,"Sample1","Endothelial","Sample1",6097,2798,0.0164015089388224
"Endothelial_key_BBB","S1_GCCACATAGGGTCTCG-1","Icam1",0,"Sample1","Endothelial","Sample1",649,448,0.154083204930663
"Endothelial_key_BBB","S1_GCCCATTCAGGTATCG-1","Icam1",0,"Sample1","Endothelial","Sample1",1053,767,0
"Endothelial_key_BBB","S1_GCTAAACCAGGTATGT-1","Icam1",0,"Sample1","Endothelial","Sample1",815,545,0
"Endothelial_key_BBB","S1_GGCGCTTGTTCACGGC-1","Icam1",0,"Sample1","Endothelial","Sample1",1509,1012,0
"Endothelial_key_BBB","S1_GGCGTGAGTTTCGGAT-1","Icam1",0,"Sample1","Endothelial","Sample1",768,576,0.390625
"Endothelial_key_BBB","S1_GGGGTATGTAATCGCT-1","Icam1",0,"Sample1","Endothelial","Sample1",1099,748,0.0909918107370337
"Endothelial_key_BBB","S1_GGGGTATGTTAGGTGA-1","Icam1",0,"Sample1","Endothelial","Sample1",1088,785,0
"Endothelial_key_BBB","S1_GGGTCAGGTGATAGAT-1","Icam1",0,"Sample1","Endothelial","Sample1",1330,911,0
"Endothelial_key_BBB","S1_GTCCGTGAGTAGGTAA-1","Icam1",0,"Sample1","Endothelial","Sample1",1022,728,0.391389432485323
"Endothelial_key_BBB","S1_GTCTATGAGATTCAGT-1","Icam1",0,"Sample1","Endothelial","Sample1",991,714,0
"Endothelial_key_BBB","S1_GTGAGGATCACTTGCT-1","Icam1",0,"Sample1","Endothelial","Sample1",1245,864,0
"Endothelial_key_BBB","S1_GTGGTGAAGCCTGGAT-1","Icam1",0,"Sample1","Endothelial","Sample1",3508,1992,2.62257696693273
"Endothelial_key_BBB","S1_GTGTTCCCAGCCTAGA-1","Icam1",0,"Sample1","Endothelial","Sample1",736,569,0
"Endothelial_key_BBB","S1_GTTAGGCTCGCTCATT-1","Icam1",0,"Sample1","Endothelial","Sample1",3986,2121,0.0752634219769192
"Endothelial_key_BBB","S1_GTTCCAAAGTGCCAGT-1","Icam1",2.74308805784308,"Sample1","Endothelial","Sample1",688,482,0.290697674418605
"Endothelial_key_BBB","S1_TAACCAACAACTAATG-1","Icam1",0,"Sample1","Endothelial","Sample1",4774,2440,2.05278592375367
"Endothelial_key_BBB","S1_TACAAGCCATCCCGAT-1","Icam1",0,"Sample1","Endothelial","Sample1",1290,871,0
"Endothelial_key_BBB","S1_TATGGTTAGTCGACGT-1","Icam1",0,"Sample1","Endothelial","Sample1",1648,984,0.121359223300971
"Endothelial_key_BBB","S1_TCATAGGTCCAGCCCT-1","Icam1",0,"Sample1","Endothelial","Sample1",2058,1372,0
"Endothelial_key_BBB","S1_TCATTGCTCATGCAGC-1","Icam1",0,"Sample1","Endothelial","Sample1",1350,870,0
"Endothelial_key_BBB","S1_TCTAATCCAAAGGTGA-1","Icam1",0,"Sample1","Endothelial","Sample1",903,663,0
"Endothelial_key_BBB","S1_TGATTAGCAGGACTTG-1","Icam1",0,"Sample1","Endothelial","Sample1",1129,741,0
"Endothelial_key_BBB","S1_TGCCCATCACCAATCC-1","Icam1",0,"Sample1","Endothelial","Sample1",3492,1889,0
"Endothelial_key_BBB","S1_TGCTGGACACCTGTGT-1","Icam1",0,"Sample1","Endothelial","Sample1",1200,838,0.25
"Endothelial_key_BBB","S1_TGCTGTCCATGAGTGT-1","Icam1",0,"Sample1","Endothelial","Sample1",1471,892,2.03942895989123
"Endothelial_key_BBB","S1_TGGTTACGTTTGACCG-1","Icam1",0,"Sample1","Endothelial","Sample1",1496,988,1.53743315508021
"Endothelial_key_BBB","S1_TGTATTGGTGACTTCG-1","Icam1",0,"Sample1","Endothelial","Sample1",1543,1078,0
"Endothelial_key_BBB","S2_AACAGTAAGTCATTGG-1","Icam1",0,"Sample2","Endothelial","Sample2",2843,1675,0.0703482237073514
"Endothelial_key_BBB","S2_AACGCGCCAAATGCCG-1","Icam1",0,"Sample2","Endothelial","Sample2",1388,945,0
"Endothelial_key_BBB","S2_AACTGCATCACCTACT-1","Icam1",0,"Sample2","Endothelial","Sample2",1330,919,0
"Endothelial_key_BBB","S2_AAGGCTAGTTTCCGTC-1","Icam1",2.34506608797021,"Sample2","Endothelial","Sample2",1060,744,0
"Endothelial_key_BBB","S2_AATCTAGCATAACGCG-1","Icam1",0,"Sample2","Endothelial","Sample2",1678,1099,0.0595947556615018
"Endothelial_key_BBB","S2_AATGGGGTCGATGCTA-1","Icam1",0,"Sample2","Endothelial","Sample2",917,660,0.218102508178844
"Endothelial_key_BBB","S2_ACACGGTTCATGTCGA-1","Icam1",0,"Sample2","Endothelial","Sample2",1236,854,0
"Endothelial_key_BBB","S2_ACAGGGGCATCACGAG-1","Icam1",0,"Sample2","Endothelial","Sample2",875,681,0.571428571428571
"Endothelial_key_BBB","S2_ACCCAAATCATGGATT-1","Icam1",0,"Sample2","Endothelial","Sample2",1143,797,0.0874890638670166
"Endothelial_key_BBB","S2_ACCCCAAGTCTGTGGC-1","Icam1",0,"Sample2","Endothelial","Sample2",859,641,1.0477299185099
"Endothelial_key_BBB","S2_ACGCAGCCATAGATTG-1","Icam1",2.15363791162367,"Sample2","Endothelial","Sample2",1313,912,0
"Endothelial_key_BBB","S2_ACGTCACAGCTATGCA-1","Icam1",0,"Sample2","Endothelial","Sample2",4276,2280,0.0467726847521048
"Endothelial_key_BBB","S2_AGCAATTTCGATCGGT-1","Icam1",0,"Sample2","Endothelial","Sample2",3538,2087,0.0565291124929339
"Endothelial_key_BBB","S2_AGCCATCAGGTCAACC-1","Icam1",0,"Sample2","Endothelial","Sample2",2211,1403,0.0904568068747173
"Endothelial_key_BBB","S2_AGCCTGACACATTCCA-1","Icam1",0,"Sample2","Endothelial","Sample2",1329,906,0
"Endothelial_key_BBB","S2_AGCTTTAGTTTACTCT-1","Icam1",0,"Sample2","Endothelial","Sample2",3423,1895,0
"Endothelial_key_BBB","S2_AGGCTCACATCACGGA-1","Icam1",0,"Sample2","Endothelial","Sample2",2161,1372,0.925497454881999
"Endothelial_key_BBB","S2_AGTGACAGTGAGCGAT-1","Icam1",0,"Sample2","Endothelial","Sample2",852,652,1.29107981220657
"Endothelial_key_BBB","S2_AGTGAGTAGCGAACTC-1","Icam1",0,"Sample2","Endothelial","Sample2",1375,932,0.0727272727272727
"Endothelial_key_BBB","S2_ATAGCCATCAAGTAAG-1","Icam1",0,"Sample2","Endothelial","Sample2",1163,787,0
"Endothelial_key_BBB","S2_ATGACGGAGGATCTGC-1","Icam1",0,"Sample2","Endothelial","Sample2",2232,1404,1.0752688172043
"Endothelial_key_BBB","S2_ATGGTTTAGTATGTAC-1","Icam1",0,"Sample2","Endothelial","Sample2",1258,828,0.158982511923688
"Endothelial_key_BBB","S2_ATTCGCTTCCTCATCG-1","Icam1",0,"Sample2","Endothelial","Sample2",1208,830,0.910596026490066
"Endothelial_key_BBB","S2_ATTGGTTAGCCCTGTC-1","Icam1",0,"Sample2","Endothelial","Sample2",912,674,0
"Endothelial_key_BBB","S2_CAAATTCAGGGTACTC-1","Icam1",0,"Sample2","Endothelial","Sample2",1662,1093,0
"Endothelial_key_BBB","S2_CACCTATTCGACCAGT-1","Icam1",0,"Sample2","Endothelial","Sample2",3164,1762,0.0316055625790139
"Endothelial_key_BBB","S2_CAGGGCTCAAGCGCGT-1","Icam1",0,"Sample2","Endothelial","Sample2",796,585,0
"Endothelial_key_BBB","S2_CATAACTAGCGATGTC-1","Icam1",0,"Sample2","Endothelial","Sample2",886,676,0
"Endothelial_key_BBB","S2_CATACTGAGGCTTACA-1","Icam1",0,"Sample2","Endothelial","Sample2",1110,768,0
"Endothelial_key_BBB","S2_CATAGGCTCGACATTG-1","Icam1",0,"Sample2","Endothelial","Sample2",1187,813,0.08424599831508
"Endothelial_key_BBB","S2_CATCCACCATAATTGG-1","Icam1",0,"Sample2","Endothelial","Sample2",1896,1292,0.474683544303797
"Endothelial_key_BBB","S2_CATTACTCAGTACCTC-1","Icam1",0,"Sample2","Endothelial","Sample2",2072,1247,1.3996138996139
"Endothelial_key_BBB","S2_CCACAACAGTTAGTAC-1","Icam1",0,"Sample2","Endothelial","Sample2",1555,1035,2.12218649517685
"Endothelial_key_BBB","S2_CCAGAGAAGGGGACGT-1","Icam1",0,"Sample2","Endothelial","Sample2",808,585,0.495049504950495
"Endothelial_key_BBB","S2_CCCACTTGTGCATTCG-1","Icam1",0,"Sample2","Endothelial","Sample2",1717,1060,1.51426907396622
"Endothelial_key_BBB","S2_CCCACTTGTTTCGGGC-1","Icam1",0,"Sample2","Endothelial","Sample2",1320,896,1.89393939393939
"Endothelial_key_BBB","S2_CCGGCATGTGGAAGTC-1","Icam1",0,"Sample2","Endothelial","Sample2",1159,791,0
"Endothelial_key_BBB","S2_CGAATCATCCCGCTTA-1","Icam1",0,"Sample2","Endothelial","Sample2",2865,1525,0
"Endothelial_key_BBB","S2_CGAATTTAGAACCTTG-1","Icam1",0,"Sample2","Endothelial","Sample2",1450,917,0
"Endothelial_key_BBB","S2_CGAGGGACATCGTAGG-1","Icam1",0,"Sample2","Endothelial","Sample2",1063,788,0.846660395108184
"Endothelial_key_BBB","S2_CGATAGTCATCCCTGG-1","Icam1",0,"Sample2","Endothelial","Sample2",940,606,0
"Endothelial_key_BBB","S2_CGCACTTCACTCATCA-1","Icam1",0,"Sample2","Endothelial","Sample2",1268,814,0.394321766561514
"Endothelial_key_BBB","S2_CGGTGTTAGTGCTGCG-1","Icam1",0,"Sample2","Endothelial","Sample2",1068,739,0
"Endothelial_key_BBB","S2_CGTATTGAGGTATAGA-1","Icam1",0,"Sample2","Endothelial","Sample2",846,625,0.118203309692671
"Endothelial_key_BBB","S2_CGTGCCTTCAGGTCGT-1","Icam1",0,"Sample2","Endothelial","Sample2",826,578,0
"Endothelial_key_BBB","S2_CTCCTTAGTAATGCTC-1","Icam1",0,"Sample2","Endothelial","Sample2",979,652,0.204290091930541
"Endothelial_key_BBB","S2_CTCTAGAAGCAAGGAT-1","Icam1",0,"Sample2","Endothelial","Sample2",689,525,0.145137880986938
"Endothelial_key_BBB","S2_CTCTTAATCCATTCCG-1","Icam1",0,"Sample2","Endothelial","Sample2",1433,909,0.0697836706210747
"Endothelial_key_BBB","S2_CTGAAAGGTTTACTTC-1","Icam1",0,"Sample2","Endothelial","Sample2",1430,932,0
"Endothelial_key_BBB","S2_CTGTCCATCGCTCAGG-1","Icam1",0,"Sample2","Endothelial","Sample2",544,398,0
"Endothelial_key_BBB","S2_CTTAATGGTTTGCCAG-1","Icam1",0,"Sample2","Endothelial","Sample2",1238,859,0.403877221324717
"Endothelial_key_BBB","S2_CTTAGTAGTGATAGGC-1","Icam1",0,"Sample2","Endothelial","Sample2",861,627,0
"Endothelial_key_BBB","S2_CTTCATCAGTCGATAT-1","Icam1",0,"Sample2","Endothelial","Sample2",1076,736,0.0929368029739777
"Endothelial_key_BBB","S2_GCACGAGGTAGCTCGC-1","Icam1",0,"Sample2","Endothelial","Sample2",1132,808,0.176678445229682
"Endothelial_key_BBB","S2_GCACTGGTCCGTCACC-1","Icam1",0,"Sample2","Endothelial","Sample2",1426,937,0
"Endothelial_key_BBB","S2_GCAGTAAGTCAAGGCG-1","Icam1",0,"Sample2","Endothelial","Sample2",1082,771,0
"Endothelial_key_BBB","S2_GCCCATAGTAGCCAGG-1","Icam1",0,"Sample2","Endothelial","Sample2",2738,1622,0.0365230094959825
"Endothelial_key_BBB","S2_GGAACGATCAGCACCG-1","Icam1",0,"Sample2","Endothelial","Sample2",7121,3011,0.0702148574638393
"Endothelial_key_BBB","S2_GGACCCTGTTAGCTGT-1","Icam1",0,"Sample2","Endothelial","Sample2",1371,927,0
"Endothelial_key_BBB","S2_GGATGGGCAAGTTCCC-1","Icam1",0,"Sample2","Endothelial","Sample2",1519,1040,0
"Endothelial_key_BBB","S2_GGATTAAAGTTGGGCT-1","Icam1",0,"Sample2","Endothelial","Sample2",1160,790,0.0862068965517241
"Endothelial_key_BBB","S2_GGCATCCGTGGAAGGA-1","Icam1",0,"Sample2","Endothelial","Sample2",1420,936,0.422535211267606
"Endothelial_key_BBB","S2_GGCTGCATCAATTGGT-1","Icam1",0,"Sample2","Endothelial","Sample2",1353,956,0.073909830007391
"Endothelial_key_BBB","S2_GGCTTCCTCGACTATG-1","Icam1",0,"Sample2","Endothelial","Sample2",1530,1003,0.065359477124183
"Endothelial_key_BBB","S2_GGCTTTGGTAGTGTGA-1","Icam1",0,"Sample2","Endothelial","Sample2",1036,724,0
"Endothelial_key_BBB","S2_GTAACCATCAGGGATG-1","Icam1",0,"Sample2","Endothelial","Sample2",2397,1429,0
"Endothelial_key_BBB","S2_GTAATGGGTAAGGTTG-1","Icam1",0,"Sample2","Endothelial","Sample2",1029,753,0
"Endothelial_key_BBB","S2_GTACCAGCAAATGGGA-1","Icam1",0,"Sample2","Endothelial","Sample2",896,675,0
"Endothelial_key_BBB","S2_GTAGCATCATTAGCGG-1","Icam1",0,"Sample2","Endothelial","Sample2",3980,2204,3.29145728643216
"Endothelial_key_BBB","S2_GTATAGCCAGTAAGGA-1","Icam1",0,"Sample2","Endothelial","Sample2",1212,849,0.0825082508250825
"Endothelial_key_BBB","S2_GTCTCCATCCGCCACT-1","Icam1",0,"Sample2","Endothelial","Sample2",1590,1012,0
"Endothelial_key_BBB","S2_GTGGCAGGTCCCGAAC-1","Icam1",0,"Sample2","Endothelial","Sample2",4020,2261,1.41791044776119
"Endothelial_key_BBB","S2_GTTCTAAGTTATCGCG-1","Icam1",0,"Sample2","Endothelial","Sample2",1227,857,0
"Endothelial_key_BBB","S2_GTTCTCACATTGGCGA-1","Icam1",0,"Sample2","Endothelial","Sample2",1502,966,0.33288948069241
"Endothelial_key_BBB","S2_GTTGAAGGTTAGCATC-1","Icam1",0,"Sample2","Endothelial","Sample2",1079,758,0.185356811862836
"Endothelial_key_BBB","S2_GTTGCCTCAGGATCTG-1","Icam1",0,"Sample2","Endothelial","Sample2",1401,926,0.356887937187723
"Endothelial_key_BBB","S2_TATGATGCATCCATAT-1","Icam1",0,"Sample2","Endothelial","Sample2",1058,773,0
"Endothelial_key_BBB","S2_TCATGGATCCATCAAG-1","Icam1",0,"Sample2","Endothelial","Sample2",1341,867,0.0745712155108128
"Endothelial_key_BBB","S2_TCATTCGCAAAGGACA-1","Icam1",0,"Sample2","Endothelial","Sample2",1024,743,0.09765625
"Endothelial_key_BBB","S2_TCCAAAGTCGCTCACC-1","Icam1",0,"Sample2","Endothelial","Sample2",1112,794,0
"Endothelial_key_BBB","S2_TCCAGGTAGGGGATTG-1","Icam1",0,"Sample2","Endothelial","Sample2",1542,1028,0
"Endothelial_key_BBB","S2_TCCCCTGGTTGGTCAT-1","Icam1",0,"Sample2","Endothelial","Sample2",3044,1674,0
"Endothelial_key_BBB","S2_TCGCAACAGGTGACAG-1","Icam1",0,"Sample2","Endothelial","Sample2",1405,988,0
"Endothelial_key_BBB","S2_TCGCTGCTCATCAGTG-1","Icam1",0,"Sample2","Endothelial","Sample2",1584,990,1.70454545454545
"Endothelial_key_BBB","S2_TCTACGTTCGCTAGTA-1","Icam1",0,"Sample2","Endothelial","Sample2",1240,832,0
"Endothelial_key_BBB","S2_TCTATCTGTAGTGTGA-1","Icam1",0,"Sample2","Endothelial","Sample2",1276,893,0.0783699059561128
"Endothelial_key_BBB","S2_TCTCATTGTCTTGCTC-1","Icam1",0,"Sample2","Endothelial","Sample2",4145,2090,0
"Endothelial_key_BBB","S2_TGATTGGTCAGGATGG-1","Icam1",0,"Sample2","Endothelial","Sample2",1429,1025,1.60951714485654
"Endothelial_key_BBB","S2_TGCGAAAGTTGCTGTG-1","Icam1",0,"Sample2","Endothelial","Sample2",1428,970,0.280112044817927
"Endothelial_key_BBB","S2_TGCTATAGTCAATCCG-1","Icam1",0,"Sample2","Endothelial","Sample2",2049,1375,0.927281600780869
"Endothelial_key_BBB","S2_TGGAGTGAGGAGGCTA-1","Icam1",0,"Sample2","Endothelial","Sample2",806,591,0
"Endothelial_key_BBB","S2_TGGCGCATCCCTCACA-1","Icam1",0,"Sample2","Endothelial","Sample2",5986,3254,2.47243568326094
"Endothelial_key_BBB","S2_TGTCGATGTTATGGCT-1","Icam1",0,"Sample2","Endothelial","Sample2",1070,778,0
"Endothelial_key_BBB","S1_AAGTCAAAGGAGGCTA-1","Mfsd2a",0,"Sample1","Endothelial","Sample1",1455,1024,1.71821305841924
"Endothelial_key_BBB","S1_AATGCGAGTTAGCCTG-1","Mfsd2a",0,"Sample1","Endothelial","Sample1",802,582,0.249376558603491
"Endothelial_key_BBB","S1_ACAATTCAGTTACGCA-1","Mfsd2a",0,"Sample1","Endothelial","Sample1",3818,1792,1.72865374541645
"Endothelial_key_BBB","S1_ACACCAATCGTTAGGC-1","Mfsd2a",0,"Sample1","Endothelial","Sample1",978,670,0
"Endothelial_key_BBB","S1_AGCAATCCACCATGAG-1","Mfsd2a",0,"Sample1","Endothelial","Sample1",1278,927,0.0782472613458529
"Endothelial_key_BBB","S1_AGCAGCAAGGTTGGAG-1","Mfsd2a",2.70581306370385,"Sample1","Endothelial","Sample1",716,519,0
"Endothelial_key_BBB","S1_AGCTAATTCTAACCTC-1","Mfsd2a",2.10406391352001,"Sample1","Endothelial","Sample1",1389,895,0
"Endothelial_key_BBB","S1_AGGACATAGCCACTAA-1","Mfsd2a",0,"Sample1","Endothelial","Sample1",1380,932,0.217391304347826
"Endothelial_key_BBB","S1_AGTCGGGGTTATGGGA-1","Mfsd2a",0,"Sample1","Endothelial","Sample1",1215,867,0
"Endothelial_key_BBB","S1_AGTGGAACAAGGTAAG-1","Mfsd2a",0,"Sample1","Endothelial","Sample1",1031,739,0.0969932104752667
"Endothelial_key_BBB","S1_AGTTATCAGGGTAGAT-1","Mfsd2a",0,"Sample1","Endothelial","Sample1",1141,840,0
"Endothelial_key_BBB","S1_ATGAACCCATGGCAGC-1","Mfsd2a",0,"Sample1","Endothelial","Sample1",1680,1074,0
"Endothelial_key_BBB","S1_ATGCAGCTCGCTGACG-1","Mfsd2a",0,"Sample1","Endothelial","Sample1",832,573,0.360576923076923
"Endothelial_key_BBB","S1_CAAAGGTAGCAAGGCA-1","Mfsd2a",0,"Sample1","Endothelial","Sample1",1131,789,0.0884173297966401
"Endothelial_key_BBB","S1_CATCGTCCACCAACCT-1","Mfsd2a",0,"Sample1","Endothelial","Sample1",1490,970,0
"Endothelial_key_BBB","S1_CCGCTTATCGACTACA-1","Mfsd2a",0,"Sample1","Endothelial","Sample1",1100,768,0
"Endothelial_key_BBB","S1_CCTACGAGTTCCAGCA-1","Mfsd2a",0,"Sample1","Endothelial","Sample1",1639,1081,0.549115314215985
"Endothelial_key_BBB","S1_CCTGCGAAGTGAATGA-1","Mfsd2a",0,"Sample1","Endothelial","Sample1",708,543,0.282485875706215
"Endothelial_key_BBB","S1_CGCCTGTTCAGGAGTG-1","Mfsd2a",0,"Sample1","Endothelial","Sample1",504,394,0
"Endothelial_key_BBB","S1_CGGCCTAAGGATCATT-1","Mfsd2a",0,"Sample1","Endothelial","Sample1",1564,1018,0
"Endothelial_key_BBB","S1_CGTACAGCAACTGTCC-1","Mfsd2a",0,"Sample1","Endothelial","Sample1",623,484,0.321027287319422
"Endothelial_key_BBB","S1_CGTCATCCATGGTCCT-1","Mfsd2a",0,"Sample1","Endothelial","Sample1",1245,870,0.0803212851405622
"Endothelial_key_BBB","S1_CTAGCGCGTAAGTGTG-1","Mfsd2a",0,"Sample1","Endothelial","Sample1",612,481,0.163398692810458
"Endothelial_key_BBB","S1_CTAGCTGGTGCAGCGA-1","Mfsd2a",0,"Sample1","Endothelial","Sample1",1980,1256,0.151515151515152
"Endothelial_key_BBB","S1_CTCTATTGTTGCACAT-1","Mfsd2a",0,"Sample1","Endothelial","Sample1",1108,765,0.631768953068592
"Endothelial_key_BBB","S1_CTGCCTGCACTTGCTA-1","Mfsd2a",0,"Sample1","Endothelial","Sample1",1254,858,0.0797448165869219
"Endothelial_key_BBB","S1_CTGCTAAAGGAGTACG-1","Mfsd2a",0,"Sample1","Endothelial","Sample1",722,521,0
"Endothelial_key_BBB","S1_CTTGGCGAGCCAATCA-1","Mfsd2a",0,"Sample1","Endothelial","Sample1",1894,1157,0
"Endothelial_key_BBB","S1_CTTGTGTTCATGAGTT-1","Mfsd2a",0,"Sample1","Endothelial","Sample1",1082,769,0.0924214417744917
"Endothelial_key_BBB","S1_GCACAGCCACGCCATT-1","Mfsd2a",0,"Sample1","Endothelial","Sample1",6097,2798,0.0164015089388224
"Endothelial_key_BBB","S1_GCCACATAGGGTCTCG-1","Mfsd2a",0,"Sample1","Endothelial","Sample1",649,448,0.154083204930663
"Endothelial_key_BBB","S1_GCCCATTCAGGTATCG-1","Mfsd2a",0,"Sample1","Endothelial","Sample1",1053,767,0
"Endothelial_key_BBB","S1_GCTAAACCAGGTATGT-1","Mfsd2a",0,"Sample1","Endothelial","Sample1",815,545,0
"Endothelial_key_BBB","S1_GGCGCTTGTTCACGGC-1","Mfsd2a",0,"Sample1","Endothelial","Sample1",1509,1012,0
"Endothelial_key_BBB","S1_GGCGTGAGTTTCGGAT-1","Mfsd2a",0,"Sample1","Endothelial","Sample1",768,576,0.390625
"Endothelial_key_BBB","S1_GGGGTATGTAATCGCT-1","Mfsd2a",0,"Sample1","Endothelial","Sample1",1099,748,0.0909918107370337
"Endothelial_key_BBB","S1_GGGGTATGTTAGGTGA-1","Mfsd2a",0,"Sample1","Endothelial","Sample1",1088,785,0
"Endothelial_key_BBB","S1_GGGTCAGGTGATAGAT-1","Mfsd2a",0,"Sample1","Endothelial","Sample1",1330,911,0
"Endothelial_key_BBB","S1_GTCCGTGAGTAGGTAA-1","Mfsd2a",0,"Sample1","Endothelial","Sample1",1022,728,0.391389432485323
"Endothelial_key_BBB","S1_GTCTATGAGATTCAGT-1","Mfsd2a",0,"Sample1","Endothelial","Sample1",991,714,0
"Endothelial_key_BBB","S1_GTGAGGATCACTTGCT-1","Mfsd2a",0,"Sample1","Endothelial","Sample1",1245,864,0
"Endothelial_key_BBB","S1_GTGGTGAAGCCTGGAT-1","Mfsd2a",0,"Sample1","Endothelial","Sample1",3508,1992,2.62257696693273
"Endothelial_key_BBB","S1_GTGTTCCCAGCCTAGA-1","Mfsd2a",0,"Sample1","Endothelial","Sample1",736,569,0
"Endothelial_key_BBB","S1_GTTAGGCTCGCTCATT-1","Mfsd2a",0,"Sample1","Endothelial","Sample1",3986,2121,0.0752634219769192
"Endothelial_key_BBB","S1_GTTCCAAAGTGCCAGT-1","Mfsd2a",0,"Sample1","Endothelial","Sample1",688,482,0.290697674418605
"Endothelial_key_BBB","S1_TAACCAACAACTAATG-1","Mfsd2a",0,"Sample1","Endothelial","Sample1",4774,2440,2.05278592375367
"Endothelial_key_BBB","S1_TACAAGCCATCCCGAT-1","Mfsd2a",0,"Sample1","Endothelial","Sample1",1290,871,0
"Endothelial_key_BBB","S1_TATGGTTAGTCGACGT-1","Mfsd2a",0,"Sample1","Endothelial","Sample1",1648,984,0.121359223300971
"Endothelial_key_BBB","S1_TCATAGGTCCAGCCCT-1","Mfsd2a",0,"Sample1","Endothelial","Sample1",2058,1372,0
"Endothelial_key_BBB","S1_TCATTGCTCATGCAGC-1","Mfsd2a",2.12911315147707,"Sample1","Endothelial","Sample1",1350,870,0
"Endothelial_key_BBB","S1_TCTAATCCAAAGGTGA-1","Mfsd2a",0,"Sample1","Endothelial","Sample1",903,663,0
"Endothelial_key_BBB","S1_TGATTAGCAGGACTTG-1","Mfsd2a",0,"Sample1","Endothelial","Sample1",1129,741,0
"Endothelial_key_BBB","S1_TGCCCATCACCAATCC-1","Mfsd2a",0,"Sample1","Endothelial","Sample1",3492,1889,0
"Endothelial_key_BBB","S1_TGCTGGACACCTGTGT-1","Mfsd2a",0,"Sample1","Endothelial","Sample1",1200,838,0.25
"Endothelial_key_BBB","S1_TGCTGTCCATGAGTGT-1","Mfsd2a",0,"Sample1","Endothelial","Sample1",1471,892,2.03942895989123
"Endothelial_key_BBB","S1_TGGTTACGTTTGACCG-1","Mfsd2a",0,"Sample1","Endothelial","Sample1",1496,988,1.53743315508021
"Endothelial_key_BBB","S1_TGTATTGGTGACTTCG-1","Mfsd2a",0,"Sample1","Endothelial","Sample1",1543,1078,0
"Endothelial_key_BBB","S2_AACAGTAAGTCATTGG-1","Mfsd2a",0,"Sample2","Endothelial","Sample2",2843,1675,0.0703482237073514
"Endothelial_key_BBB","S2_AACGCGCCAAATGCCG-1","Mfsd2a",0,"Sample2","Endothelial","Sample2",1388,945,0
"Endothelial_key_BBB","S2_AACTGCATCACCTACT-1","Mfsd2a",0,"Sample2","Endothelial","Sample2",1330,919,0
"Endothelial_key_BBB","S2_AAGGCTAGTTTCCGTC-1","Mfsd2a",0,"Sample2","Endothelial","Sample2",1060,744,0
"Endothelial_key_BBB","S2_AATCTAGCATAACGCG-1","Mfsd2a",0,"Sample2","Endothelial","Sample2",1678,1099,0.0595947556615018
"Endothelial_key_BBB","S2_AATGGGGTCGATGCTA-1","Mfsd2a",0,"Sample2","Endothelial","Sample2",917,660,0.218102508178844
"Endothelial_key_BBB","S2_ACACGGTTCATGTCGA-1","Mfsd2a",0,"Sample2","Endothelial","Sample2",1236,854,0
"Endothelial_key_BBB","S2_ACAGGGGCATCACGAG-1","Mfsd2a",0,"Sample2","Endothelial","Sample2",875,681,0.571428571428571
"Endothelial_key_BBB","S2_ACCCAAATCATGGATT-1","Mfsd2a",0,"Sample2","Endothelial","Sample2",1143,797,0.0874890638670166
"Endothelial_key_BBB","S2_ACCCCAAGTCTGTGGC-1","Mfsd2a",0,"Sample2","Endothelial","Sample2",859,641,1.0477299185099
"Endothelial_key_BBB","S2_ACGCAGCCATAGATTG-1","Mfsd2a",0,"Sample2","Endothelial","Sample2",1313,912,0
"Endothelial_key_BBB","S2_ACGTCACAGCTATGCA-1","Mfsd2a",0,"Sample2","Endothelial","Sample2",4276,2280,0.0467726847521048
"Endothelial_key_BBB","S2_AGCAATTTCGATCGGT-1","Mfsd2a",0,"Sample2","Endothelial","Sample2",3538,2087,0.0565291124929339
"Endothelial_key_BBB","S2_AGCCATCAGGTCAACC-1","Mfsd2a",0,"Sample2","Endothelial","Sample2",2211,1403,0.0904568068747173
"Endothelial_key_BBB","S2_AGCCTGACACATTCCA-1","Mfsd2a",0,"Sample2","Endothelial","Sample2",1329,906,0
"Endothelial_key_BBB","S2_AGCTTTAGTTTACTCT-1","Mfsd2a",0,"Sample2","Endothelial","Sample2",3423,1895,0
"Endothelial_key_BBB","S2_AGGCTCACATCACGGA-1","Mfsd2a",0,"Sample2","Endothelial","Sample2",2161,1372,0.925497454881999
"Endothelial_key_BBB","S2_AGTGACAGTGAGCGAT-1","Mfsd2a",2.54451814694951,"Sample2","Endothelial","Sample2",852,652,1.29107981220657
"Endothelial_key_BBB","S2_AGTGAGTAGCGAACTC-1","Mfsd2a",0,"Sample2","Endothelial","Sample2",1375,932,0.0727272727272727
"Endothelial_key_BBB","S2_ATAGCCATCAAGTAAG-1","Mfsd2a",0,"Sample2","Endothelial","Sample2",1163,787,0
"Endothelial_key_BBB","S2_ATGACGGAGGATCTGC-1","Mfsd2a",0,"Sample2","Endothelial","Sample2",2232,1404,1.0752688172043
"Endothelial_key_BBB","S2_ATGGTTTAGTATGTAC-1","Mfsd2a",0,"Sample2","Endothelial","Sample2",1258,828,0.158982511923688
"Endothelial_key_BBB","S2_ATTCGCTTCCTCATCG-1","Mfsd2a",0,"Sample2","Endothelial","Sample2",1208,830,0.910596026490066
"Endothelial_key_BBB","S2_ATTGGTTAGCCCTGTC-1","Mfsd2a",0,"Sample2","Endothelial","Sample2",912,674,0
"Endothelial_key_BBB","S2_CAAATTCAGGGTACTC-1","Mfsd2a",0,"Sample2","Endothelial","Sample2",1662,1093,0
"Endothelial_key_BBB","S2_CACCTATTCGACCAGT-1","Mfsd2a",0,"Sample2","Endothelial","Sample2",3164,1762,0.0316055625790139
"Endothelial_key_BBB","S2_CAGGGCTCAAGCGCGT-1","Mfsd2a",2.60733178829351,"Sample2","Endothelial","Sample2",796,585,0
"Endothelial_key_BBB","S2_CATAACTAGCGATGTC-1","Mfsd2a",0,"Sample2","Endothelial","Sample2",886,676,0
"Endothelial_key_BBB","S2_CATACTGAGGCTTACA-1","Mfsd2a",0,"Sample2","Endothelial","Sample2",1110,768,0
"Endothelial_key_BBB","S2_CATAGGCTCGACATTG-1","Mfsd2a",0,"Sample2","Endothelial","Sample2",1187,813,0.08424599831508
"Endothelial_key_BBB","S2_CATCCACCATAATTGG-1","Mfsd2a",0,"Sample2","Endothelial","Sample2",1896,1292,0.474683544303797
"Endothelial_key_BBB","S2_CATTACTCAGTACCTC-1","Mfsd2a",0,"Sample2","Endothelial","Sample2",2072,1247,1.3996138996139
"Endothelial_key_BBB","S2_CCACAACAGTTAGTAC-1","Mfsd2a",0,"Sample2","Endothelial","Sample2",1555,1035,2.12218649517685
"Endothelial_key_BBB","S2_CCAGAGAAGGGGACGT-1","Mfsd2a",0,"Sample2","Endothelial","Sample2",808,585,0.495049504950495
"Endothelial_key_BBB","S2_CCCACTTGTGCATTCG-1","Mfsd2a",0,"Sample2","Endothelial","Sample2",1717,1060,1.51426907396622
"Endothelial_key_BBB","S2_CCCACTTGTTTCGGGC-1","Mfsd2a",0,"Sample2","Endothelial","Sample2",1320,896,1.89393939393939
"Endothelial_key_BBB","S2_CCGGCATGTGGAAGTC-1","Mfsd2a",2.26468878284595,"Sample2","Endothelial","Sample2",1159,791,0
"Endothelial_key_BBB","S2_CGAATCATCCCGCTTA-1","Mfsd2a",0,"Sample2","Endothelial","Sample2",2865,1525,0
"Endothelial_key_BBB","S2_CGAATTTAGAACCTTG-1","Mfsd2a",0,"Sample2","Endothelial","Sample2",1450,917,0
"Endothelial_key_BBB","S2_CGAGGGACATCGTAGG-1","Mfsd2a",0,"Sample2","Endothelial","Sample2",1063,788,0.846660395108184
"Endothelial_key_BBB","S2_CGATAGTCATCCCTGG-1","Mfsd2a",0,"Sample2","Endothelial","Sample2",940,606,0
"Endothelial_key_BBB","S2_CGCACTTCACTCATCA-1","Mfsd2a",2.81976273962706,"Sample2","Endothelial","Sample2",1268,814,0.394321766561514
"Endothelial_key_BBB","S2_CGGTGTTAGTGCTGCG-1","Mfsd2a",0,"Sample2","Endothelial","Sample2",1068,739,0
"Endothelial_key_BBB","S2_CGTATTGAGGTATAGA-1","Mfsd2a",0,"Sample2","Endothelial","Sample2",846,625,0.118203309692671
"Endothelial_key_BBB","S2_CGTGCCTTCAGGTCGT-1","Mfsd2a",0,"Sample2","Endothelial","Sample2",826,578,0
"Endothelial_key_BBB","S2_CTCCTTAGTAATGCTC-1","Mfsd2a",0,"Sample2","Endothelial","Sample2",979,652,0.204290091930541
"Endothelial_key_BBB","S2_CTCTAGAAGCAAGGAT-1","Mfsd2a",0,"Sample2","Endothelial","Sample2",689,525,0.145137880986938
"Endothelial_key_BBB","S2_CTCTTAATCCATTCCG-1","Mfsd2a",0,"Sample2","Endothelial","Sample2",1433,909,0.0697836706210747
"Endothelial_key_BBB","S2_CTGAAAGGTTTACTTC-1","Mfsd2a",0,"Sample2","Endothelial","Sample2",1430,932,0
"Endothelial_key_BBB","S2_CTGTCCATCGCTCAGG-1","Mfsd2a",0,"Sample2","Endothelial","Sample2",544,398,0
"Endothelial_key_BBB","S2_CTTAATGGTTTGCCAG-1","Mfsd2a",0,"Sample2","Endothelial","Sample2",1238,859,0.403877221324717
"Endothelial_key_BBB","S2_CTTAGTAGTGATAGGC-1","Mfsd2a",0,"Sample2","Endothelial","Sample2",861,627,0
"Endothelial_key_BBB","S2_CTTCATCAGTCGATAT-1","Mfsd2a",0,"Sample2","Endothelial","Sample2",1076,736,0.0929368029739777
"Endothelial_key_BBB","S2_GCACGAGGTAGCTCGC-1","Mfsd2a",0,"Sample2","Endothelial","Sample2",1132,808,0.176678445229682
"Endothelial_key_BBB","S2_GCACTGGTCCGTCACC-1","Mfsd2a",0,"Sample2","Endothelial","Sample2",1426,937,0
"Endothelial_key_BBB","S2_GCAGTAAGTCAAGGCG-1","Mfsd2a",0,"Sample2","Endothelial","Sample2",1082,771,0
"Endothelial_key_BBB","S2_GCCCATAGTAGCCAGG-1","Mfsd2a",0,"Sample2","Endothelial","Sample2",2738,1622,0.0365230094959825
"Endothelial_key_BBB","S2_GGAACGATCAGCACCG-1","Mfsd2a",0,"Sample2","Endothelial","Sample2",7121,3011,0.0702148574638393
"Endothelial_key_BBB","S2_GGACCCTGTTAGCTGT-1","Mfsd2a",0,"Sample2","Endothelial","Sample2",1371,927,0
"Endothelial_key_BBB","S2_GGATGGGCAAGTTCCC-1","Mfsd2a",0,"Sample2","Endothelial","Sample2",1519,1040,0
"Endothelial_key_BBB","S2_GGATTAAAGTTGGGCT-1","Mfsd2a",0,"Sample2","Endothelial","Sample2",1160,790,0.0862068965517241
"Endothelial_key_BBB","S2_GGCATCCGTGGAAGGA-1","Mfsd2a",0,"Sample2","Endothelial","Sample2",1420,936,0.422535211267606
"Endothelial_key_BBB","S2_GGCTGCATCAATTGGT-1","Mfsd2a",0,"Sample2","Endothelial","Sample2",1353,956,0.073909830007391
"Endothelial_key_BBB","S2_GGCTTCCTCGACTATG-1","Mfsd2a",0,"Sample2","Endothelial","Sample2",1530,1003,0.065359477124183
"Endothelial_key_BBB","S2_GGCTTTGGTAGTGTGA-1","Mfsd2a",0,"Sample2","Endothelial","Sample2",1036,724,0
"Endothelial_key_BBB","S2_GTAACCATCAGGGATG-1","Mfsd2a",1.64323655240376,"Sample2","Endothelial","Sample2",2397,1429,0
"Endothelial_key_BBB","S2_GTAATGGGTAAGGTTG-1","Mfsd2a",0,"Sample2","Endothelial","Sample2",1029,753,0
"Endothelial_key_BBB","S2_GTACCAGCAAATGGGA-1","Mfsd2a",0,"Sample2","Endothelial","Sample2",896,675,0
"Endothelial_key_BBB","S2_GTAGCATCATTAGCGG-1","Mfsd2a",0,"Sample2","Endothelial","Sample2",3980,2204,3.29145728643216
"Endothelial_key_BBB","S2_GTATAGCCAGTAAGGA-1","Mfsd2a",0,"Sample2","Endothelial","Sample2",1212,849,0.0825082508250825
"Endothelial_key_BBB","S2_GTCTCCATCCGCCACT-1","Mfsd2a",0,"Sample2","Endothelial","Sample2",1590,1012,0
"Endothelial_key_BBB","S2_GTGGCAGGTCCCGAAC-1","Mfsd2a",0,"Sample2","Endothelial","Sample2",4020,2261,1.41791044776119
"Endothelial_key_BBB","S2_GTTCTAAGTTATCGCG-1","Mfsd2a",0,"Sample2","Endothelial","Sample2",1227,857,0
"Endothelial_key_BBB","S2_GTTCTCACATTGGCGA-1","Mfsd2a",2.66134840072109,"Sample2","Endothelial","Sample2",1502,966,0.33288948069241
"Endothelial_key_BBB","S2_GTTGAAGGTTAGCATC-1","Mfsd2a",0,"Sample2","Endothelial","Sample2",1079,758,0.185356811862836
"Endothelial_key_BBB","S2_GTTGCCTCAGGATCTG-1","Mfsd2a",0,"Sample2","Endothelial","Sample2",1401,926,0.356887937187723
"Endothelial_key_BBB","S2_TATGATGCATCCATAT-1","Mfsd2a",0,"Sample2","Endothelial","Sample2",1058,773,0
"Endothelial_key_BBB","S2_TCATGGATCCATCAAG-1","Mfsd2a",0,"Sample2","Endothelial","Sample2",1341,867,0.0745712155108128
"Endothelial_key_BBB","S2_TCATTCGCAAAGGACA-1","Mfsd2a",0,"Sample2","Endothelial","Sample2",1024,743,0.09765625
"Endothelial_key_BBB","S2_TCCAAAGTCGCTCACC-1","Mfsd2a",0,"Sample2","Endothelial","Sample2",1112,794,0
"Endothelial_key_BBB","S2_TCCAGGTAGGGGATTG-1","Mfsd2a",0,"Sample2","Endothelial","Sample2",1542,1028,0
"Endothelial_key_BBB","S2_TCCCCTGGTTGGTCAT-1","Mfsd2a",0,"Sample2","Endothelial","Sample2",3044,1674,0
"Endothelial_key_BBB","S2_TCGCAACAGGTGACAG-1","Mfsd2a",0,"Sample2","Endothelial","Sample2",1405,988,0
"Endothelial_key_BBB","S2_TCGCTGCTCATCAGTG-1","Mfsd2a",0,"Sample2","Endothelial","Sample2",1584,990,1.70454545454545
"Endothelial_key_BBB","S2_TCTACGTTCGCTAGTA-1","Mfsd2a",0,"Sample2","Endothelial","Sample2",1240,832,0
"Endothelial_key_BBB","S2_TCTATCTGTAGTGTGA-1","Mfsd2a",0,"Sample2","Endothelial","Sample2",1276,893,0.0783699059561128
"Endothelial_key_BBB","S2_TCTCATTGTCTTGCTC-1","Mfsd2a",0,"Sample2","Endothelial","Sample2",4145,2090,0
"Endothelial_key_BBB","S2_TGATTGGTCAGGATGG-1","Mfsd2a",0,"Sample2","Endothelial","Sample2",1429,1025,1.60951714485654
"Endothelial_key_BBB","S2_TGCGAAAGTTGCTGTG-1","Mfsd2a",0,"Sample2","Endothelial","Sample2",1428,970,0.280112044817927
"Endothelial_key_BBB","S2_TGCTATAGTCAATCCG-1","Mfsd2a",0,"Sample2","Endothelial","Sample2",2049,1375,0.927281600780869
"Endothelial_key_BBB","S2_TGGAGTGAGGAGGCTA-1","Mfsd2a",0,"Sample2","Endothelial","Sample2",806,591,0
"Endothelial_key_BBB","S2_TGGCGCATCCCTCACA-1","Mfsd2a",0,"Sample2","Endothelial","Sample2",5986,3254,2.47243568326094
"Endothelial_key_BBB","S2_TGTCGATGTTATGGCT-1","Mfsd2a",0,"Sample2","Endothelial","Sample2",1070,778,0
"Endothelial_key_BBB","S1_AAGTCAAAGGAGGCTA-1","Ocln",0,"Sample1","Endothelial","Sample1",1455,1024,1.71821305841924
"Endothelial_key_BBB","S1_AATGCGAGTTAGCCTG-1","Ocln",0,"Sample1","Endothelial","Sample1",802,582,0.249376558603491
"Endothelial_key_BBB","S1_ACAATTCAGTTACGCA-1","Ocln",0,"Sample1","Endothelial","Sample1",3818,1792,1.72865374541645
"Endothelial_key_BBB","S1_ACACCAATCGTTAGGC-1","Ocln",0,"Sample1","Endothelial","Sample1",978,670,0
"Endothelial_key_BBB","S1_AGCAATCCACCATGAG-1","Ocln",0,"Sample1","Endothelial","Sample1",1278,927,0.0782472613458529
"Endothelial_key_BBB","S1_AGCAGCAAGGTTGGAG-1","Ocln",0,"Sample1","Endothelial","Sample1",716,519,0
"Endothelial_key_BBB","S1_AGCTAATTCTAACCTC-1","Ocln",0,"Sample1","Endothelial","Sample1",1389,895,0
"Endothelial_key_BBB","S1_AGGACATAGCCACTAA-1","Ocln",0,"Sample1","Endothelial","Sample1",1380,932,0.217391304347826
"Endothelial_key_BBB","S1_AGTCGGGGTTATGGGA-1","Ocln",0,"Sample1","Endothelial","Sample1",1215,867,0
"Endothelial_key_BBB","S1_AGTGGAACAAGGTAAG-1","Ocln",0,"Sample1","Endothelial","Sample1",1031,739,0.0969932104752667
"Endothelial_key_BBB","S1_AGTTATCAGGGTAGAT-1","Ocln",0,"Sample1","Endothelial","Sample1",1141,840,0
"Endothelial_key_BBB","S1_ATGAACCCATGGCAGC-1","Ocln",1.93908418398491,"Sample1","Endothelial","Sample1",1680,1074,0
"Endothelial_key_BBB","S1_ATGCAGCTCGCTGACG-1","Ocln",2.56642755433085,"Sample1","Endothelial","Sample1",832,573,0.360576923076923
"Endothelial_key_BBB","S1_CAAAGGTAGCAAGGCA-1","Ocln",0,"Sample1","Endothelial","Sample1",1131,789,0.0884173297966401
"Endothelial_key_BBB","S1_CATCGTCCACCAACCT-1","Ocln",2.66881159069705,"Sample1","Endothelial","Sample1",1490,970,0
"Endothelial_key_BBB","S1_CCGCTTATCGACTACA-1","Ocln",0,"Sample1","Endothelial","Sample1",1100,768,0
"Endothelial_key_BBB","S1_CCTACGAGTTCCAGCA-1","Ocln",2.58041094242795,"Sample1","Endothelial","Sample1",1639,1081,0.549115314215985
"Endothelial_key_BBB","S1_CCTGCGAAGTGAATGA-1","Ocln",0,"Sample1","Endothelial","Sample1",708,543,0.282485875706215
"Endothelial_key_BBB","S1_CGCCTGTTCAGGAGTG-1","Ocln",0,"Sample1","Endothelial","Sample1",504,394,0
"Endothelial_key_BBB","S1_CGGCCTAAGGATCATT-1","Ocln",2.00065018203098,"Sample1","Endothelial","Sample1",1564,1018,0
"Endothelial_key_BBB","S1_CGTACAGCAACTGTCC-1","Ocln",0,"Sample1","Endothelial","Sample1",623,484,0.321027287319422
"Endothelial_key_BBB","S1_CGTCATCCATGGTCCT-1","Ocln",0,"Sample1","Endothelial","Sample1",1245,870,0.0803212851405622
"Endothelial_key_BBB","S1_CTAGCGCGTAAGTGTG-1","Ocln",0,"Sample1","Endothelial","Sample1",612,481,0.163398692810458
"Endothelial_key_BBB","S1_CTAGCTGGTGCAGCGA-1","Ocln",0,"Sample1","Endothelial","Sample1",1980,1256,0.151515151515152
"Endothelial_key_BBB","S1_CTCTATTGTTGCACAT-1","Ocln",0,"Sample1","Endothelial","Sample1",1108,765,0.631768953068592
"Endothelial_key_BBB","S1_CTGCCTGCACTTGCTA-1","Ocln",0,"Sample1","Endothelial","Sample1",1254,858,0.0797448165869219
"Endothelial_key_BBB","S1_CTGCTAAAGGAGTACG-1","Ocln",0,"Sample1","Endothelial","Sample1",722,521,0
"Endothelial_key_BBB","S1_CTTGGCGAGCCAATCA-1","Ocln",0,"Sample1","Endothelial","Sample1",1894,1157,0
"Endothelial_key_BBB","S1_CTTGTGTTCATGAGTT-1","Ocln",0,"Sample1","Endothelial","Sample1",1082,769,0.0924214417744917
"Endothelial_key_BBB","S1_GCACAGCCACGCCATT-1","Ocln",0.970836072298413,"Sample1","Endothelial","Sample1",6097,2798,0.0164015089388224
"Endothelial_key_BBB","S1_GCCACATAGGGTCTCG-1","Ocln",0,"Sample1","Endothelial","Sample1",649,448,0.154083204930663
"Endothelial_key_BBB","S1_GCCCATTCAGGTATCG-1","Ocln",0,"Sample1","Endothelial","Sample1",1053,767,0
"Endothelial_key_BBB","S1_GCTAAACCAGGTATGT-1","Ocln",0,"Sample1","Endothelial","Sample1",815,545,0
"Endothelial_key_BBB","S1_GGCGCTTGTTCACGGC-1","Ocln",0,"Sample1","Endothelial","Sample1",1509,1012,0
"Endothelial_key_BBB","S1_GGCGTGAGTTTCGGAT-1","Ocln",0,"Sample1","Endothelial","Sample1",768,576,0.390625
"Endothelial_key_BBB","S1_GGGGTATGTAATCGCT-1","Ocln",0,"Sample1","Endothelial","Sample1",1099,748,0.0909918107370337
"Endothelial_key_BBB","S1_GGGGTATGTTAGGTGA-1","Ocln",0,"Sample1","Endothelial","Sample1",1088,785,0
"Endothelial_key_BBB","S1_GGGTCAGGTGATAGAT-1","Ocln",0,"Sample1","Endothelial","Sample1",1330,911,0
"Endothelial_key_BBB","S1_GTCCGTGAGTAGGTAA-1","Ocln",0,"Sample1","Endothelial","Sample1",1022,728,0.391389432485323
"Endothelial_key_BBB","S1_GTCTATGAGATTCAGT-1","Ocln",0,"Sample1","Endothelial","Sample1",991,714,0
"Endothelial_key_BBB","S1_GTGAGGATCACTTGCT-1","Ocln",0,"Sample1","Endothelial","Sample1",1245,864,0
"Endothelial_key_BBB","S1_GTGGTGAAGCCTGGAT-1","Ocln",0,"Sample1","Endothelial","Sample1",3508,1992,2.62257696693273
"Endothelial_key_BBB","S1_GTGTTCCCAGCCTAGA-1","Ocln",0,"Sample1","Endothelial","Sample1",736,569,0
"Endothelial_key_BBB","S1_GTTAGGCTCGCTCATT-1","Ocln",1.25526860749107,"Sample1","Endothelial","Sample1",3986,2121,0.0752634219769192
"Endothelial_key_BBB","S1_GTTCCAAAGTGCCAGT-1","Ocln",0,"Sample1","Endothelial","Sample1",688,482,0.290697674418605
"Endothelial_key_BBB","S1_TAACCAACAACTAATG-1","Ocln",1.12968435118991,"Sample1","Endothelial","Sample1",4774,2440,2.05278592375367
"Endothelial_key_BBB","S1_TACAAGCCATCCCGAT-1","Ocln",2.16927515978799,"Sample1","Endothelial","Sample1",1290,871,0
"Endothelial_key_BBB","S1_TATGGTTAGTCGACGT-1","Ocln",2.57535063994115,"Sample1","Endothelial","Sample1",1648,984,0.121359223300971
"Endothelial_key_BBB","S1_TCATAGGTCCAGCCCT-1","Ocln",1.76799370265536,"Sample1","Endothelial","Sample1",2058,1372,0
"Endothelial_key_BBB","S1_TCATTGCTCATGCAGC-1","Ocln",0,"Sample1","Endothelial","Sample1",1350,870,0
"Endothelial_key_BBB","S1_TCTAATCCAAAGGTGA-1","Ocln",2.4910707062894,"Sample1","Endothelial","Sample1",903,663,0
"Endothelial_key_BBB","S1_TGATTAGCAGGACTTG-1","Ocln",0,"Sample1","Endothelial","Sample1",1129,741,0
"Endothelial_key_BBB","S1_TGCCCATCACCAATCC-1","Ocln",0,"Sample1","Endothelial","Sample1",3492,1889,0
"Endothelial_key_BBB","S1_TGCTGGACACCTGTGT-1","Ocln",0,"Sample1","Endothelial","Sample1",1200,838,0.25
"Endothelial_key_BBB","S1_TGCTGTCCATGAGTGT-1","Ocln",2.05387966967983,"Sample1","Endothelial","Sample1",1471,892,2.03942895989123
"Endothelial_key_BBB","S1_TGGTTACGTTTGACCG-1","Ocln",0,"Sample1","Endothelial","Sample1",1496,988,1.53743315508021
"Endothelial_key_BBB","S1_TGTATTGGTGACTTCG-1","Ocln",0,"Sample1","Endothelial","Sample1",1543,1078,0
"Endothelial_key_BBB","S2_AACAGTAAGTCATTGG-1","Ocln",0,"Sample2","Endothelial","Sample2",2843,1675,0.0703482237073514
"Endothelial_key_BBB","S2_AACGCGCCAAATGCCG-1","Ocln",0,"Sample2","Endothelial","Sample2",1388,945,0
"Endothelial_key_BBB","S2_AACTGCATCACCTACT-1","Ocln",0,"Sample2","Endothelial","Sample2",1330,919,0
"Endothelial_key_BBB","S2_AAGGCTAGTTTCCGTC-1","Ocln",0,"Sample2","Endothelial","Sample2",1060,744,0
"Endothelial_key_BBB","S2_AATCTAGCATAACGCG-1","Ocln",0,"Sample2","Endothelial","Sample2",1678,1099,0.0595947556615018
"Endothelial_key_BBB","S2_AATGGGGTCGATGCTA-1","Ocln",0,"Sample2","Endothelial","Sample2",917,660,0.218102508178844
"Endothelial_key_BBB","S2_ACACGGTTCATGTCGA-1","Ocln",0,"Sample2","Endothelial","Sample2",1236,854,0
"Endothelial_key_BBB","S2_ACAGGGGCATCACGAG-1","Ocln",0,"Sample2","Endothelial","Sample2",875,681,0.571428571428571
"Endothelial_key_BBB","S2_ACCCAAATCATGGATT-1","Ocln",2.27715511325224,"Sample2","Endothelial","Sample2",1143,797,0.0874890638670166
"Endothelial_key_BBB","S2_ACCCCAAGTCTGTGGC-1","Ocln",0,"Sample2","Endothelial","Sample2",859,641,1.0477299185099
"Endothelial_key_BBB","S2_ACGCAGCCATAGATTG-1","Ocln",0,"Sample2","Endothelial","Sample2",1313,912,0
"Endothelial_key_BBB","S2_ACGTCACAGCTATGCA-1","Ocln",0,"Sample2","Endothelial","Sample2",4276,2280,0.0467726847521048
"Endothelial_key_BBB","S2_AGCAATTTCGATCGGT-1","Ocln",1.34193895034882,"Sample2","Endothelial","Sample2",3538,2087,0.0565291124929339
"Endothelial_key_BBB","S2_AGCCATCAGGTCAACC-1","Ocln",2.30714275978106,"Sample2","Endothelial","Sample2",2211,1403,0.0904568068747173
"Endothelial_key_BBB","S2_AGCCTGACACATTCCA-1","Ocln",0,"Sample2","Endothelial","Sample2",1329,906,0
"Endothelial_key_BBB","S2_AGCTTTAGTTTACTCT-1","Ocln",0,"Sample2","Endothelial","Sample2",3423,1895,0
"Endothelial_key_BBB","S2_AGGCTCACATCACGGA-1","Ocln",1.72766303247411,"Sample2","Endothelial","Sample2",2161,1372,0.925497454881999
"Endothelial_key_BBB","S2_AGTGACAGTGAGCGAT-1","Ocln",0,"Sample2","Endothelial","Sample2",852,652,1.29107981220657
"Endothelial_key_BBB","S2_AGTGAGTAGCGAACTC-1","Ocln",0,"Sample2","Endothelial","Sample2",1375,932,0.0727272727272727
"Endothelial_key_BBB","S2_ATAGCCATCAAGTAAG-1","Ocln",0,"Sample2","Endothelial","Sample2",1163,787,0
"Endothelial_key_BBB","S2_ATGACGGAGGATCTGC-1","Ocln",1.7011574241077,"Sample2","Endothelial","Sample2",2232,1404,1.0752688172043
"Endothelial_key_BBB","S2_ATGGTTTAGTATGTAC-1","Ocln",0,"Sample2","Endothelial","Sample2",1258,828,0.158982511923688
"Endothelial_key_BBB","S2_ATTCGCTTCCTCATCG-1","Ocln",0,"Sample2","Endothelial","Sample2",1208,830,0.910596026490066
"Endothelial_key_BBB","S2_ATTGGTTAGCCCTGTC-1","Ocln",2.48197839000891,"Sample2","Endothelial","Sample2",912,674,0
"Endothelial_key_BBB","S2_CAAATTCAGGGTACTC-1","Ocln",0,"Sample2","Endothelial","Sample2",1662,1093,0
"Endothelial_key_BBB","S2_CACCTATTCGACCAGT-1","Ocln",1.42564878117569,"Sample2","Endothelial","Sample2",3164,1762,0.0316055625790139
"Endothelial_key_BBB","S2_CAGGGCTCAAGCGCGT-1","Ocln",3.26291675365922,"Sample2","Endothelial","Sample2",796,585,0
"Endothelial_key_BBB","S2_CATAACTAGCGATGTC-1","Ocln",0,"Sample2","Endothelial","Sample2",886,676,0
"Endothelial_key_BBB","S2_CATACTGAGGCTTACA-1","Ocln",0,"Sample2","Endothelial","Sample2",1110,768,0
"Endothelial_key_BBB","S2_CATAGGCTCGACATTG-1","Ocln",0,"Sample2","Endothelial","Sample2",1187,813,0.08424599831508
"Endothelial_key_BBB","S2_CATCCACCATAATTGG-1","Ocln",0,"Sample2","Endothelial","Sample2",1896,1292,0.474683544303797
"Endothelial_key_BBB","S2_CATTACTCAGTACCTC-1","Ocln",1.76237439706831,"Sample2","Endothelial","Sample2",2072,1247,1.3996138996139
"Endothelial_key_BBB","S2_CCACAACAGTTAGTAC-1","Ocln",0,"Sample2","Endothelial","Sample2",1555,1035,2.12218649517685
"Endothelial_key_BBB","S2_CCAGAGAAGGGGACGT-1","Ocln",0,"Sample2","Endothelial","Sample2",808,585,0.495049504950495
"Endothelial_key_BBB","S2_CCCACTTGTGCATTCG-1","Ocln",0,"Sample2","Endothelial","Sample2",1717,1060,1.51426907396622
"Endothelial_key_BBB","S2_CCCACTTGTTTCGGGC-1","Ocln",2.78201386269936,"Sample2","Endothelial","Sample2",1320,896,1.89393939393939
"Endothelial_key_BBB","S2_CCGGCATGTGGAAGTC-1","Ocln",0,"Sample2","Endothelial","Sample2",1159,791,0
"Endothelial_key_BBB","S2_CGAATCATCCCGCTTA-1","Ocln",0,"Sample2","Endothelial","Sample2",2865,1525,0
"Endothelial_key_BBB","S2_CGAATTTAGAACCTTG-1","Ocln",0,"Sample2","Endothelial","Sample2",1450,917,0
"Endothelial_key_BBB","S2_CGAGGGACATCGTAGG-1","Ocln",0,"Sample2","Endothelial","Sample2",1063,788,0.846660395108184
"Endothelial_key_BBB","S2_CGATAGTCATCCCTGG-1","Ocln",0,"Sample2","Endothelial","Sample2",940,606,0
"Endothelial_key_BBB","S2_CGCACTTCACTCATCA-1","Ocln",2.18452599399909,"Sample2","Endothelial","Sample2",1268,814,0.394321766561514
"Endothelial_key_BBB","S2_CGGTGTTAGTGCTGCG-1","Ocln",0,"Sample2","Endothelial","Sample2",1068,739,0
"Endothelial_key_BBB","S2_CGTATTGAGGTATAGA-1","Ocln",0,"Sample2","Endothelial","Sample2",846,625,0.118203309692671
"Endothelial_key_BBB","S2_CGTGCCTTCAGGTCGT-1","Ocln",0,"Sample2","Endothelial","Sample2",826,578,0
"Endothelial_key_BBB","S2_CTCCTTAGTAATGCTC-1","Ocln",0,"Sample2","Endothelial","Sample2",979,652,0.204290091930541
"Endothelial_key_BBB","S2_CTCTAGAAGCAAGGAT-1","Ocln",0,"Sample2","Endothelial","Sample2",689,525,0.145137880986938
"Endothelial_key_BBB","S2_CTCTTAATCCATTCCG-1","Ocln",2.0767337617138,"Sample2","Endothelial","Sample2",1433,909,0.0697836706210747
"Endothelial_key_BBB","S2_CTGAAAGGTTTACTTC-1","Ocln",0,"Sample2","Endothelial","Sample2",1430,932,0
"Endothelial_key_BBB","S2_CTGTCCATCGCTCAGG-1","Ocln",0,"Sample2","Endothelial","Sample2",544,398,0
"Endothelial_key_BBB","S2_CTTAATGGTTTGCCAG-1","Ocln",0,"Sample2","Endothelial","Sample2",1238,859,0.403877221324717
"Endothelial_key_BBB","S2_CTTAGTAGTGATAGGC-1","Ocln",2.53483916585231,"Sample2","Endothelial","Sample2",861,627,0
"Endothelial_key_BBB","S2_CTTCATCAGTCGATAT-1","Ocln",0,"Sample2","Endothelial","Sample2",1076,736,0.0929368029739777
"Endothelial_key_BBB","S2_GCACGAGGTAGCTCGC-1","Ocln",2.28583786388265,"Sample2","Endothelial","Sample2",1132,808,0.176678445229682
"Endothelial_key_BBB","S2_GCACTGGTCCGTCACC-1","Ocln",0,"Sample2","Endothelial","Sample2",1426,937,0
"Endothelial_key_BBB","S2_GCAGTAAGTCAAGGCG-1","Ocln",0,"Sample2","Endothelial","Sample2",1082,771,0
"Endothelial_key_BBB","S2_GCCCATAGTAGCCAGG-1","Ocln",2.48130875585591,"Sample2","Endothelial","Sample2",2738,1622,0.0365230094959825
"Endothelial_key_BBB","S2_GGAACGATCAGCACCG-1","Ocln",0,"Sample2","Endothelial","Sample2",7121,3011,0.0702148574638393
"Endothelial_key_BBB","S2_GGACCCTGTTAGCTGT-1","Ocln",0,"Sample2","Endothelial","Sample2",1371,927,0
"Endothelial_key_BBB","S2_GGATGGGCAAGTTCCC-1","Ocln",0,"Sample2","Endothelial","Sample2",1519,1040,0
"Endothelial_key_BBB","S2_GGATTAAAGTTGGGCT-1","Ocln",2.26391595183489,"Sample2","Endothelial","Sample2",1160,790,0.0862068965517241
"Endothelial_key_BBB","S2_GGCATCCGTGGAAGGA-1","Ocln",0,"Sample2","Endothelial","Sample2",1420,936,0.422535211267606
"Endothelial_key_BBB","S2_GGCTGCATCAATTGGT-1","Ocln",0,"Sample2","Endothelial","Sample2",1353,956,0.073909830007391
"Endothelial_key_BBB","S2_GGCTTCCTCGACTATG-1","Ocln",0,"Sample2","Endothelial","Sample2",1530,1003,0.065359477124183
"Endothelial_key_BBB","S2_GGCTTTGGTAGTGTGA-1","Ocln",2.36579551251775,"Sample2","Endothelial","Sample2",1036,724,0
"Endothelial_key_BBB","S2_GTAACCATCAGGGATG-1","Ocln",1.64323655240376,"Sample2","Endothelial","Sample2",2397,1429,0
"Endothelial_key_BBB","S2_GTAATGGGTAAGGTTG-1","Ocln",0,"Sample2","Endothelial","Sample2",1029,753,0
"Endothelial_key_BBB","S2_GTACCAGCAAATGGGA-1","Ocln",0,"Sample2","Endothelial","Sample2",896,675,0
"Endothelial_key_BBB","S2_GTAGCATCATTAGCGG-1","Ocln",0,"Sample2","Endothelial","Sample2",3980,2204,3.29145728643216
"Endothelial_key_BBB","S2_GTATAGCCAGTAAGGA-1","Ocln",2.22471274565542,"Sample2","Endothelial","Sample2",1212,849,0.0825082508250825
"Endothelial_key_BBB","S2_GTCTCCATCCGCCACT-1","Ocln",0,"Sample2","Endothelial","Sample2",1590,1012,0
"Endothelial_key_BBB","S2_GTGGCAGGTCCCGAAC-1","Ocln",1.24920297897551,"Sample2","Endothelial","Sample2",4020,2261,1.41791044776119
"Endothelial_key_BBB","S2_GTTCTAAGTTATCGCG-1","Ocln",2.85070179053353,"Sample2","Endothelial","Sample2",1227,857,0
"Endothelial_key_BBB","S2_GTTCTCACATTGGCGA-1","Ocln",0,"Sample2","Endothelial","Sample2",1502,966,0.33288948069241
"Endothelial_key_BBB","S2_GTTGAAGGTTAGCATC-1","Ocln",0,"Sample2","Endothelial","Sample2",1079,758,0.185356811862836
"Endothelial_key_BBB","S2_GTTGCCTCAGGATCTG-1","Ocln",3.10965347218599,"Sample2","Endothelial","Sample2",1401,926,0.356887937187723
"Endothelial_key_BBB","S2_TATGATGCATCCATAT-1","Ocln",0,"Sample2","Endothelial","Sample2",1058,773,0
"Endothelial_key_BBB","S2_TCATGGATCCATCAAG-1","Ocln",0,"Sample2","Endothelial","Sample2",1341,867,0.0745712155108128
"Endothelial_key_BBB","S2_TCATTCGCAAAGGACA-1","Ocln",2.37635818765399,"Sample2","Endothelial","Sample2",1024,743,0.09765625
"Endothelial_key_BBB","S2_TCCAAAGTCGCTCACC-1","Ocln",0,"Sample2","Endothelial","Sample2",1112,794,0
"Endothelial_key_BBB","S2_TCCAGGTAGGGGATTG-1","Ocln",0,"Sample2","Endothelial","Sample2",1542,1028,0
"Endothelial_key_BBB","S2_TCCCCTGGTTGGTCAT-1","Ocln",2.0242329918707,"Sample2","Endothelial","Sample2",3044,1674,0
"Endothelial_key_BBB","S2_TCGCAACAGGTGACAG-1","Ocln",0,"Sample2","Endothelial","Sample2",1405,988,0
"Endothelial_key_BBB","S2_TCGCTGCTCATCAGTG-1","Ocln",1.98967154225113,"Sample2","Endothelial","Sample2",1584,990,1.70454545454545
"Endothelial_key_BBB","S2_TCTACGTTCGCTAGTA-1","Ocln",2.2043674648486,"Sample2","Endothelial","Sample2",1240,832,0
"Endothelial_key_BBB","S2_TCTATCTGTAGTGTGA-1","Ocln",0,"Sample2","Endothelial","Sample2",1276,893,0.0783699059561128
"Endothelial_key_BBB","S2_TCTCATTGTCTTGCTC-1","Ocln",0,"Sample2","Endothelial","Sample2",4145,2090,0
"Endothelial_key_BBB","S2_TGATTGGTCAGGATGG-1","Ocln",2.70777024589321,"Sample2","Endothelial","Sample2",1429,1025,1.60951714485654
"Endothelial_key_BBB","S2_TGCGAAAGTTGCTGTG-1","Ocln",0,"Sample2","Endothelial","Sample2",1428,970,0.280112044817927
"Endothelial_key_BBB","S2_TGCTATAGTCAATCCG-1","Ocln",0,"Sample2","Endothelial","Sample2",2049,1375,0.927281600780869
"Endothelial_key_BBB","S2_TGGAGTGAGGAGGCTA-1","Ocln",3.25091294312421,"Sample2","Endothelial","Sample2",806,591,0
"Endothelial_key_BBB","S2_TGGCGCATCCCTCACA-1","Ocln",0.98228992977332,"Sample2","Endothelial","Sample2",5986,3254,2.47243568326094
"Endothelial_key_BBB","S2_TGTCGATGTTATGGCT-1","Ocln",2.33658009824673,"Sample2","Endothelial","Sample2",1070,778,0
"Endothelial_key_BBB","S1_AAGTCAAAGGAGGCTA-1","Plvap",0,"Sample1","Endothelial","Sample1",1455,1024,1.71821305841924
"Endothelial_key_BBB","S1_AATGCGAGTTAGCCTG-1","Plvap",0,"Sample1","Endothelial","Sample1",802,582,0.249376558603491
"Endothelial_key_BBB","S1_ACAATTCAGTTACGCA-1","Plvap",0,"Sample1","Endothelial","Sample1",3818,1792,1.72865374541645
"Endothelial_key_BBB","S1_ACACCAATCGTTAGGC-1","Plvap",0,"Sample1","Endothelial","Sample1",978,670,0
"Endothelial_key_BBB","S1_AGCAATCCACCATGAG-1","Plvap",0,"Sample1","Endothelial","Sample1",1278,927,0.0782472613458529
"Endothelial_key_BBB","S1_AGCAGCAAGGTTGGAG-1","Plvap",0,"Sample1","Endothelial","Sample1",716,519,0
"Endothelial_key_BBB","S1_AGCTAATTCTAACCTC-1","Plvap",0,"Sample1","Endothelial","Sample1",1389,895,0
"Endothelial_key_BBB","S1_AGGACATAGCCACTAA-1","Plvap",0,"Sample1","Endothelial","Sample1",1380,932,0.217391304347826
"Endothelial_key_BBB","S1_AGTCGGGGTTATGGGA-1","Plvap",0,"Sample1","Endothelial","Sample1",1215,867,0
"Endothelial_key_BBB","S1_AGTGGAACAAGGTAAG-1","Plvap",0,"Sample1","Endothelial","Sample1",1031,739,0.0969932104752667
"Endothelial_key_BBB","S1_AGTTATCAGGGTAGAT-1","Plvap",0,"Sample1","Endothelial","Sample1",1141,840,0
"Endothelial_key_BBB","S1_ATGAACCCATGGCAGC-1","Plvap",0,"Sample1","Endothelial","Sample1",1680,1074,0
"Endothelial_key_BBB","S1_ATGCAGCTCGCTGACG-1","Plvap",0,"Sample1","Endothelial","Sample1",832,573,0.360576923076923
"Endothelial_key_BBB","S1_CAAAGGTAGCAAGGCA-1","Plvap",0,"Sample1","Endothelial","Sample1",1131,789,0.0884173297966401
"Endothelial_key_BBB","S1_CATCGTCCACCAACCT-1","Plvap",0,"Sample1","Endothelial","Sample1",1490,970,0
"Endothelial_key_BBB","S1_CCGCTTATCGACTACA-1","Plvap",0,"Sample1","Endothelial","Sample1",1100,768,0
"Endothelial_key_BBB","S1_CCTACGAGTTCCAGCA-1","Plvap",0,"Sample1","Endothelial","Sample1",1639,1081,0.549115314215985
"Endothelial_key_BBB","S1_CCTGCGAAGTGAATGA-1","Plvap",0,"Sample1","Endothelial","Sample1",708,543,0.282485875706215
"Endothelial_key_BBB","S1_CGCCTGTTCAGGAGTG-1","Plvap",0,"Sample1","Endothelial","Sample1",504,394,0
"Endothelial_key_BBB","S1_CGGCCTAAGGATCATT-1","Plvap",0,"Sample1","Endothelial","Sample1",1564,1018,0
"Endothelial_key_BBB","S1_CGTACAGCAACTGTCC-1","Plvap",0,"Sample1","Endothelial","Sample1",623,484,0.321027287319422
"Endothelial_key_BBB","S1_CGTCATCCATGGTCCT-1","Plvap",0,"Sample1","Endothelial","Sample1",1245,870,0.0803212851405622
"Endothelial_key_BBB","S1_CTAGCGCGTAAGTGTG-1","Plvap",0,"Sample1","Endothelial","Sample1",612,481,0.163398692810458
"Endothelial_key_BBB","S1_CTAGCTGGTGCAGCGA-1","Plvap",0,"Sample1","Endothelial","Sample1",1980,1256,0.151515151515152
"Endothelial_key_BBB","S1_CTCTATTGTTGCACAT-1","Plvap",0,"Sample1","Endothelial","Sample1",1108,765,0.631768953068592
"Endothelial_key_BBB","S1_CTGCCTGCACTTGCTA-1","Plvap",0,"Sample1","Endothelial","Sample1",1254,858,0.0797448165869219
"Endothelial_key_BBB","S1_CTGCTAAAGGAGTACG-1","Plvap",0,"Sample1","Endothelial","Sample1",722,521,0
"Endothelial_key_BBB","S1_CTTGGCGAGCCAATCA-1","Plvap",0,"Sample1","Endothelial","Sample1",1894,1157,0
"Endothelial_key_BBB","S1_CTTGTGTTCATGAGTT-1","Plvap",0,"Sample1","Endothelial","Sample1",1082,769,0.0924214417744917
"Endothelial_key_BBB","S1_GCACAGCCACGCCATT-1","Plvap",0,"Sample1","Endothelial","Sample1",6097,2798,0.0164015089388224
"Endothelial_key_BBB","S1_GCCACATAGGGTCTCG-1","Plvap",0,"Sample1","Endothelial","Sample1",649,448,0.154083204930663
"Endothelial_key_BBB","S1_GCCCATTCAGGTATCG-1","Plvap",0,"Sample1","Endothelial","Sample1",1053,767,0
"Endothelial_key_BBB","S1_GCTAAACCAGGTATGT-1","Plvap",0,"Sample1","Endothelial","Sample1",815,545,0
"Endothelial_key_BBB","S1_GGCGCTTGTTCACGGC-1","Plvap",0,"Sample1","Endothelial","Sample1",1509,1012,0
"Endothelial_key_BBB","S1_GGCGTGAGTTTCGGAT-1","Plvap",0,"Sample1","Endothelial","Sample1",768,576,0.390625
"Endothelial_key_BBB","S1_GGGGTATGTAATCGCT-1","Plvap",0,"Sample1","Endothelial","Sample1",1099,748,0.0909918107370337
"Endothelial_key_BBB","S1_GGGGTATGTTAGGTGA-1","Plvap",0,"Sample1","Endothelial","Sample1",1088,785,0
"Endothelial_key_BBB","S1_GGGTCAGGTGATAGAT-1","Plvap",0,"Sample1","Endothelial","Sample1",1330,911,0
"Endothelial_key_BBB","S1_GTCCGTGAGTAGGTAA-1","Plvap",0,"Sample1","Endothelial","Sample1",1022,728,0.391389432485323
"Endothelial_key_BBB","S1_GTCTATGAGATTCAGT-1","Plvap",0,"Sample1","Endothelial","Sample1",991,714,0
"Endothelial_key_BBB","S1_GTGAGGATCACTTGCT-1","Plvap",0,"Sample1","Endothelial","Sample1",1245,864,0
"Endothelial_key_BBB","S1_GTGGTGAAGCCTGGAT-1","Plvap",0,"Sample1","Endothelial","Sample1",3508,1992,2.62257696693273
"Endothelial_key_BBB","S1_GTGTTCCCAGCCTAGA-1","Plvap",0,"Sample1","Endothelial","Sample1",736,569,0
"Endothelial_key_BBB","S1_GTTAGGCTCGCTCATT-1","Plvap",0,"Sample1","Endothelial","Sample1",3986,2121,0.0752634219769192
"Endothelial_key_BBB","S1_GTTCCAAAGTGCCAGT-1","Plvap",0,"Sample1","Endothelial","Sample1",688,482,0.290697674418605
"Endothelial_key_BBB","S1_TAACCAACAACTAATG-1","Plvap",0,"Sample1","Endothelial","Sample1",4774,2440,2.05278592375367
"Endothelial_key_BBB","S1_TACAAGCCATCCCGAT-1","Plvap",0,"Sample1","Endothelial","Sample1",1290,871,0
"Endothelial_key_BBB","S1_TATGGTTAGTCGACGT-1","Plvap",0,"Sample1","Endothelial","Sample1",1648,984,0.121359223300971
"Endothelial_key_BBB","S1_TCATAGGTCCAGCCCT-1","Plvap",0,"Sample1","Endothelial","Sample1",2058,1372,0
"Endothelial_key_BBB","S1_TCATTGCTCATGCAGC-1","Plvap",0,"Sample1","Endothelial","Sample1",1350,870,0
"Endothelial_key_BBB","S1_TCTAATCCAAAGGTGA-1","Plvap",0,"Sample1","Endothelial","Sample1",903,663,0
"Endothelial_key_BBB","S1_TGATTAGCAGGACTTG-1","Plvap",0,"Sample1","Endothelial","Sample1",1129,741,0
"Endothelial_key_BBB","S1_TGCCCATCACCAATCC-1","Plvap",0,"Sample1","Endothelial","Sample1",3492,1889,0
"Endothelial_key_BBB","S1_TGCTGGACACCTGTGT-1","Plvap",0,"Sample1","Endothelial","Sample1",1200,838,0.25
"Endothelial_key_BBB","S1_TGCTGTCCATGAGTGT-1","Plvap",0,"Sample1","Endothelial","Sample1",1471,892,2.03942895989123
"Endothelial_key_BBB","S1_TGGTTACGTTTGACCG-1","Plvap",0,"Sample1","Endothelial","Sample1",1496,988,1.53743315508021
"Endothelial_key_BBB","S1_TGTATTGGTGACTTCG-1","Plvap",0,"Sample1","Endothelial","Sample1",1543,1078,0
"Endothelial_key_BBB","S2_AACAGTAAGTCATTGG-1","Plvap",0,"Sample2","Endothelial","Sample2",2843,1675,0.0703482237073514
"Endothelial_key_BBB","S2_AACGCGCCAAATGCCG-1","Plvap",0,"Sample2","Endothelial","Sample2",1388,945,0
"Endothelial_key_BBB","S2_AACTGCATCACCTACT-1","Plvap",0,"Sample2","Endothelial","Sample2",1330,919,0
"Endothelial_key_BBB","S2_AAGGCTAGTTTCCGTC-1","Plvap",0,"Sample2","Endothelial","Sample2",1060,744,0
"Endothelial_key_BBB","S2_AATCTAGCATAACGCG-1","Plvap",0,"Sample2","Endothelial","Sample2",1678,1099,0.0595947556615018
"Endothelial_key_BBB","S2_AATGGGGTCGATGCTA-1","Plvap",0,"Sample2","Endothelial","Sample2",917,660,0.218102508178844
"Endothelial_key_BBB","S2_ACACGGTTCATGTCGA-1","Plvap",0,"Sample2","Endothelial","Sample2",1236,854,0
"Endothelial_key_BBB","S2_ACAGGGGCATCACGAG-1","Plvap",0,"Sample2","Endothelial","Sample2",875,681,0.571428571428571
"Endothelial_key_BBB","S2_ACCCAAATCATGGATT-1","Plvap",0,"Sample2","Endothelial","Sample2",1143,797,0.0874890638670166
"Endothelial_key_BBB","S2_ACCCCAAGTCTGTGGC-1","Plvap",0,"Sample2","Endothelial","Sample2",859,641,1.0477299185099
"Endothelial_key_BBB","S2_ACGCAGCCATAGATTG-1","Plvap",0,"Sample2","Endothelial","Sample2",1313,912,0
"Endothelial_key_BBB","S2_ACGTCACAGCTATGCA-1","Plvap",0,"Sample2","Endothelial","Sample2",4276,2280,0.0467726847521048
"Endothelial_key_BBB","S2_AGCAATTTCGATCGGT-1","Plvap",0,"Sample2","Endothelial","Sample2",3538,2087,0.0565291124929339
"Endothelial_key_BBB","S2_AGCCATCAGGTCAACC-1","Plvap",0,"Sample2","Endothelial","Sample2",2211,1403,0.0904568068747173
"Endothelial_key_BBB","S2_AGCCTGACACATTCCA-1","Plvap",0,"Sample2","Endothelial","Sample2",1329,906,0
"Endothelial_key_BBB","S2_AGCTTTAGTTTACTCT-1","Plvap",0,"Sample2","Endothelial","Sample2",3423,1895,0
"Endothelial_key_BBB","S2_AGGCTCACATCACGGA-1","Plvap",0,"Sample2","Endothelial","Sample2",2161,1372,0.925497454881999
"Endothelial_key_BBB","S2_AGTGACAGTGAGCGAT-1","Plvap",0,"Sample2","Endothelial","Sample2",852,652,1.29107981220657
"Endothelial_key_BBB","S2_AGTGAGTAGCGAACTC-1","Plvap",0,"Sample2","Endothelial","Sample2",1375,932,0.0727272727272727
"Endothelial_key_BBB","S2_ATAGCCATCAAGTAAG-1","Plvap",0,"Sample2","Endothelial","Sample2",1163,787,0
"Endothelial_key_BBB","S2_ATGACGGAGGATCTGC-1","Plvap",0,"Sample2","Endothelial","Sample2",2232,1404,1.0752688172043
"Endothelial_key_BBB","S2_ATGGTTTAGTATGTAC-1","Plvap",0,"Sample2","Endothelial","Sample2",1258,828,0.158982511923688
"Endothelial_key_BBB","S2_ATTCGCTTCCTCATCG-1","Plvap",0,"Sample2","Endothelial","Sample2",1208,830,0.910596026490066
"Endothelial_key_BBB","S2_ATTGGTTAGCCCTGTC-1","Plvap",0,"Sample2","Endothelial","Sample2",912,674,0
"Endothelial_key_BBB","S2_CAAATTCAGGGTACTC-1","Plvap",0,"Sample2","Endothelial","Sample2",1662,1093,0
"Endothelial_key_BBB","S2_CACCTATTCGACCAGT-1","Plvap",0,"Sample2","Endothelial","Sample2",3164,1762,0.0316055625790139
"Endothelial_key_BBB","S2_CAGGGCTCAAGCGCGT-1","Plvap",0,"Sample2","Endothelial","Sample2",796,585,0
"Endothelial_key_BBB","S2_CATAACTAGCGATGTC-1","Plvap",0,"Sample2","Endothelial","Sample2",886,676,0
"Endothelial_key_BBB","S2_CATACTGAGGCTTACA-1","Plvap",0,"Sample2","Endothelial","Sample2",1110,768,0
"Endothelial_key_BBB","S2_CATAGGCTCGACATTG-1","Plvap",0,"Sample2","Endothelial","Sample2",1187,813,0.08424599831508
"Endothelial_key_BBB","S2_CATCCACCATAATTGG-1","Plvap",0,"Sample2","Endothelial","Sample2",1896,1292,0.474683544303797
"Endothelial_key_BBB","S2_CATTACTCAGTACCTC-1","Plvap",0,"Sample2","Endothelial","Sample2",2072,1247,1.3996138996139
"Endothelial_key_BBB","S2_CCACAACAGTTAGTAC-1","Plvap",0,"Sample2","Endothelial","Sample2",1555,1035,2.12218649517685
"Endothelial_key_BBB","S2_CCAGAGAAGGGGACGT-1","Plvap",0,"Sample2","Endothelial","Sample2",808,585,0.495049504950495
"Endothelial_key_BBB","S2_CCCACTTGTGCATTCG-1","Plvap",0,"Sample2","Endothelial","Sample2",1717,1060,1.51426907396622
"Endothelial_key_BBB","S2_CCCACTTGTTTCGGGC-1","Plvap",0,"Sample2","Endothelial","Sample2",1320,896,1.89393939393939
"Endothelial_key_BBB","S2_CCGGCATGTGGAAGTC-1","Plvap",0,"Sample2","Endothelial","Sample2",1159,791,0
"Endothelial_key_BBB","S2_CGAATCATCCCGCTTA-1","Plvap",0,"Sample2","Endothelial","Sample2",2865,1525,0
"Endothelial_key_BBB","S2_CGAATTTAGAACCTTG-1","Plvap",0,"Sample2","Endothelial","Sample2",1450,917,0
"Endothelial_key_BBB","S2_CGAGGGACATCGTAGG-1","Plvap",0,"Sample2","Endothelial","Sample2",1063,788,0.846660395108184
"Endothelial_key_BBB","S2_CGATAGTCATCCCTGG-1","Plvap",0,"Sample2","Endothelial","Sample2",940,606,0
"Endothelial_key_BBB","S2_CGCACTTCACTCATCA-1","Plvap",0,"Sample2","Endothelial","Sample2",1268,814,0.394321766561514
"Endothelial_key_BBB","S2_CGGTGTTAGTGCTGCG-1","Plvap",0,"Sample2","Endothelial","Sample2",1068,739,0
"Endothelial_key_BBB","S2_CGTATTGAGGTATAGA-1","Plvap",0,"Sample2","Endothelial","Sample2",846,625,0.118203309692671
"Endothelial_key_BBB","S2_CGTGCCTTCAGGTCGT-1","Plvap",0,"Sample2","Endothelial","Sample2",826,578,0
"Endothelial_key_BBB","S2_CTCCTTAGTAATGCTC-1","Plvap",0,"Sample2","Endothelial","Sample2",979,652,0.204290091930541
"Endothelial_key_BBB","S2_CTCTAGAAGCAAGGAT-1","Plvap",0,"Sample2","Endothelial","Sample2",689,525,0.145137880986938
"Endothelial_key_BBB","S2_CTCTTAATCCATTCCG-1","Plvap",0,"Sample2","Endothelial","Sample2",1433,909,0.0697836706210747
"Endothelial_key_BBB","S2_CTGAAAGGTTTACTTC-1","Plvap",0,"Sample2","Endothelial","Sample2",1430,932,0
"Endothelial_key_BBB","S2_CTGTCCATCGCTCAGG-1","Plvap",0,"Sample2","Endothelial","Sample2",544,398,0
"Endothelial_key_BBB","S2_CTTAATGGTTTGCCAG-1","Plvap",0,"Sample2","Endothelial","Sample2",1238,859,0.403877221324717
"Endothelial_key_BBB","S2_CTTAGTAGTGATAGGC-1","Plvap",0,"Sample2","Endothelial","Sample2",861,627,0
"Endothelial_key_BBB","S2_CTTCATCAGTCGATAT-1","Plvap",0,"Sample2","Endothelial","Sample2",1076,736,0.0929368029739777
"Endothelial_key_BBB","S2_GCACGAGGTAGCTCGC-1","Plvap",0,"Sample2","Endothelial","Sample2",1132,808,0.176678445229682
"Endothelial_key_BBB","S2_GCACTGGTCCGTCACC-1","Plvap",0,"Sample2","Endothelial","Sample2",1426,937,0
"Endothelial_key_BBB","S2_GCAGTAAGTCAAGGCG-1","Plvap",0,"Sample2","Endothelial","Sample2",1082,771,0
"Endothelial_key_BBB","S2_GCCCATAGTAGCCAGG-1","Plvap",0,"Sample2","Endothelial","Sample2",2738,1622,0.0365230094959825
"Endothelial_key_BBB","S2_GGAACGATCAGCACCG-1","Plvap",0,"Sample2","Endothelial","Sample2",7121,3011,0.0702148574638393
"Endothelial_key_BBB","S2_GGACCCTGTTAGCTGT-1","Plvap",0,"Sample2","Endothelial","Sample2",1371,927,0
"Endothelial_key_BBB","S2_GGATGGGCAAGTTCCC-1","Plvap",0,"Sample2","Endothelial","Sample2",1519,1040,0
"Endothelial_key_BBB","S2_GGATTAAAGTTGGGCT-1","Plvap",0,"Sample2","Endothelial","Sample2",1160,790,0.0862068965517241
"Endothelial_key_BBB","S2_GGCATCCGTGGAAGGA-1","Plvap",0,"Sample2","Endothelial","Sample2",1420,936,0.422535211267606
"Endothelial_key_BBB","S2_GGCTGCATCAATTGGT-1","Plvap",0,"Sample2","Endothelial","Sample2",1353,956,0.073909830007391
"Endothelial_key_BBB","S2_GGCTTCCTCGACTATG-1","Plvap",0,"Sample2","Endothelial","Sample2",1530,1003,0.065359477124183
"Endothelial_key_BBB","S2_GGCTTTGGTAGTGTGA-1","Plvap",0,"Sample2","Endothelial","Sample2",1036,724,0
"Endothelial_key_BBB","S2_GTAACCATCAGGGATG-1","Plvap",0,"Sample2","Endothelial","Sample2",2397,1429,0
"Endothelial_key_BBB","S2_GTAATGGGTAAGGTTG-1","Plvap",0,"Sample2","Endothelial","Sample2",1029,753,0
"Endothelial_key_BBB","S2_GTACCAGCAAATGGGA-1","Plvap",0,"Sample2","Endothelial","Sample2",896,675,0
"Endothelial_key_BBB","S2_GTAGCATCATTAGCGG-1","Plvap",0,"Sample2","Endothelial","Sample2",3980,2204,3.29145728643216
"Endothelial_key_BBB","S2_GTATAGCCAGTAAGGA-1","Plvap",0,"Sample2","Endothelial","Sample2",1212,849,0.0825082508250825
"Endothelial_key_BBB","S2_GTCTCCATCCGCCACT-1","Plvap",0,"Sample2","Endothelial","Sample2",1590,1012,0
"Endothelial_key_BBB","S2_GTGGCAGGTCCCGAAC-1","Plvap",0,"Sample2","Endothelial","Sample2",4020,2261,1.41791044776119
"Endothelial_key_BBB","S2_GTTCTAAGTTATCGCG-1","Plvap",0,"Sample2","Endothelial","Sample2",1227,857,0
"Endothelial_key_BBB","S2_GTTCTCACATTGGCGA-1","Plvap",0,"Sample2","Endothelial","Sample2",1502,966,0.33288948069241
"Endothelial_key_BBB","S2_GTTGAAGGTTAGCATC-1","Plvap",0,"Sample2","Endothelial","Sample2",1079,758,0.185356811862836
"Endothelial_key_BBB","S2_GTTGCCTCAGGATCTG-1","Plvap",0,"Sample2","Endothelial","Sample2",1401,926,0.356887937187723
"Endothelial_key_BBB","S2_TATGATGCATCCATAT-1","Plvap",0,"Sample2","Endothelial","Sample2",1058,773,0
"Endothelial_key_BBB","S2_TCATGGATCCATCAAG-1","Plvap",0,"Sample2","Endothelial","Sample2",1341,867,0.0745712155108128
"Endothelial_key_BBB","S2_TCATTCGCAAAGGACA-1","Plvap",0,"Sample2","Endothelial","Sample2",1024,743,0.09765625
"Endothelial_key_BBB","S2_TCCAAAGTCGCTCACC-1","Plvap",0,"Sample2","Endothelial","Sample2",1112,794,0
"Endothelial_key_BBB","S2_TCCAGGTAGGGGATTG-1","Plvap",0,"Sample2","Endothelial","Sample2",1542,1028,0
"Endothelial_key_BBB","S2_TCCCCTGGTTGGTCAT-1","Plvap",0,"Sample2","Endothelial","Sample2",3044,1674,0
"Endothelial_key_BBB","S2_TCGCAACAGGTGACAG-1","Plvap",0,"Sample2","Endothelial","Sample2",1405,988,0
"Endothelial_key_BBB","S2_TCGCTGCTCATCAGTG-1","Plvap",0,"Sample2","Endothelial","Sample2",1584,990,1.70454545454545
"Endothelial_key_BBB","S2_TCTACGTTCGCTAGTA-1","Plvap",0,"Sample2","Endothelial","Sample2",1240,832,0
"Endothelial_key_BBB","S2_TCTATCTGTAGTGTGA-1","Plvap",0,"Sample2","Endothelial","Sample2",1276,893,0.0783699059561128
"Endothelial_key_BBB","S2_TCTCATTGTCTTGCTC-1","Plvap",0,"Sample2","Endothelial","Sample2",4145,2090,0
"Endothelial_key_BBB","S2_TGATTGGTCAGGATGG-1","Plvap",0,"Sample2","Endothelial","Sample2",1429,1025,1.60951714485654
"Endothelial_key_BBB","S2_TGCGAAAGTTGCTGTG-1","Plvap",0,"Sample2","Endothelial","Sample2",1428,970,0.280112044817927
"Endothelial_key_BBB","S2_TGCTATAGTCAATCCG-1","Plvap",0,"Sample2","Endothelial","Sample2",2049,1375,0.927281600780869
"Endothelial_key_BBB","S2_TGGAGTGAGGAGGCTA-1","Plvap",0,"Sample2","Endothelial","Sample2",806,591,0
"Endothelial_key_BBB","S2_TGGCGCATCCCTCACA-1","Plvap",0,"Sample2","Endothelial","Sample2",5986,3254,2.47243568326094
"Endothelial_key_BBB","S2_TGTCGATGTTATGGCT-1","Plvap",0,"Sample2","Endothelial","Sample2",1070,778,0
"Endothelial_key_BBB","S1_AAGTCAAAGGAGGCTA-1","Slc2a1",3.34960260094473,"Sample1","Endothelial","Sample1",1455,1024,1.71821305841924
"Endothelial_key_BBB","S1_AATGCGAGTTAGCCTG-1","Slc2a1",2.60037797328632,"Sample1","Endothelial","Sample1",802,582,0.249376558603491
"Endothelial_key_BBB","S1_ACAATTCAGTTACGCA-1","Slc2a1",1.83071487204225,"Sample1","Endothelial","Sample1",3818,1792,1.72865374541645
"Endothelial_key_BBB","S1_ACACCAATCGTTAGGC-1","Slc2a1",3.06571987848673,"Sample1","Endothelial","Sample1",978,670,0
"Endothelial_key_BBB","S1_AGCAATCCACCATGAG-1","Slc2a1",2.17755756942965,"Sample1","Endothelial","Sample1",1278,927,0.0782472613458529
"Endothelial_key_BBB","S1_AGCAGCAAGGTTGGAG-1","Slc2a1",0,"Sample1","Endothelial","Sample1",716,519,0
"Endothelial_key_BBB","S1_AGCTAATTCTAACCTC-1","Slc2a1",0,"Sample1","Endothelial","Sample1",1389,895,0
"Endothelial_key_BBB","S1_AGGACATAGCCACTAA-1","Slc2a1",3.61716549251262,"Sample1","Endothelial","Sample1",1380,932,0.217391304347826
"Endothelial_key_BBB","S1_AGTCGGGGTTATGGGA-1","Slc2a1",0,"Sample1","Endothelial","Sample1",1215,867,0
"Endothelial_key_BBB","S1_AGTGGAACAAGGTAAG-1","Slc2a1",0,"Sample1","Endothelial","Sample1",1031,739,0.0969932104752667
"Endothelial_key_BBB","S1_AGTTATCAGGGTAGAT-1","Slc2a1",2.27872692619724,"Sample1","Endothelial","Sample1",1141,840,0
"Endothelial_key_BBB","S1_ATGAACCCATGGCAGC-1","Slc2a1",3.60316593583991,"Sample1","Endothelial","Sample1",1680,1074,0
"Endothelial_key_BBB","S1_ATGCAGCTCGCTGACG-1","Slc2a1",3.22041310418709,"Sample1","Endothelial","Sample1",832,573,0.360576923076923
"Endothelial_key_BBB","S1_CAAAGGTAGCAAGGCA-1","Slc2a1",2.28663181137711,"Sample1","Endothelial","Sample1",1131,789,0.0884173297966401
"Endothelial_key_BBB","S1_CATCGTCCACCAACCT-1","Slc2a1",0,"Sample1","Endothelial","Sample1",1490,970,0
"Endothelial_key_BBB","S1_CCGCTTATCGACTACA-1","Slc2a1",0,"Sample1","Endothelial","Sample1",1100,768,0
"Endothelial_key_BBB","S1_CCTACGAGTTCCAGCA-1","Slc2a1",0,"Sample1","Endothelial","Sample1",1639,1081,0.549115314215985
"Endothelial_key_BBB","S1_CCTGCGAAGTGAATGA-1","Slc2a1",0,"Sample1","Endothelial","Sample1",708,543,0.282485875706215
"Endothelial_key_BBB","S1_CGCCTGTTCAGGAGTG-1","Slc2a1",3.03693514791126,"Sample1","Endothelial","Sample1",504,394,0
"Endothelial_key_BBB","S1_CGGCCTAAGGATCATT-1","Slc2a1",3.27998776586728,"Sample1","Endothelial","Sample1",1564,1018,0
"Endothelial_key_BBB","S1_CGTACAGCAACTGTCC-1","Slc2a1",0,"Sample1","Endothelial","Sample1",623,484,0.321027287319422
"Endothelial_key_BBB","S1_CGTCATCCATGGTCCT-1","Slc2a1",0,"Sample1","Endothelial","Sample1",1245,870,0.0803212851405622
"Endothelial_key_BBB","S1_CTAGCGCGTAAGTGTG-1","Slc2a1",0,"Sample1","Endothelial","Sample1",612,481,0.163398692810458
"Endothelial_key_BBB","S1_CTAGCTGGTGCAGCGA-1","Slc2a1",1.80014174798086,"Sample1","Endothelial","Sample1",1980,1256,0.151515151515152
"Endothelial_key_BBB","S1_CTCTATTGTTGCACAT-1","Slc2a1",2.30510898111946,"Sample1","Endothelial","Sample1",1108,765,0.631768953068592
"Endothelial_key_BBB","S1_CTGCCTGCACTTGCTA-1","Slc2a1",2.19438517880036,"Sample1","Endothelial","Sample1",1254,858,0.0797448165869219
"Endothelial_key_BBB","S1_CTGCTAAAGGAGTACG-1","Slc2a1",0,"Sample1","Endothelial","Sample1",722,521,0
"Endothelial_key_BBB","S1_CTTGGCGAGCCAATCA-1","Slc2a1",2.44752163191848,"Sample1","Endothelial","Sample1",1894,1157,0
"Endothelial_key_BBB","S1_CTTGTGTTCATGAGTT-1","Slc2a1",0,"Sample1","Endothelial","Sample1",1082,769,0.0924214417744917
"Endothelial_key_BBB","S1_GCACAGCCACGCCATT-1","Slc2a1",0.970836072298413,"Sample1","Endothelial","Sample1",6097,2798,0.0164015089388224
"Endothelial_key_BBB","S1_GCCACATAGGGTCTCG-1","Slc2a1",3.85492259770061,"Sample1","Endothelial","Sample1",649,448,0.154083204930663
"Endothelial_key_BBB","S1_GCCCATTCAGGTATCG-1","Slc2a1",0,"Sample1","Endothelial","Sample1",1053,767,0
"Endothelial_key_BBB","S1_GCTAAACCAGGTATGT-1","Slc2a1",0,"Sample1","Endothelial","Sample1",815,545,0
"Endothelial_key_BBB","S1_GGCGCTTGTTCACGGC-1","Slc2a1",0,"Sample1","Endothelial","Sample1",1509,1012,0
"Endothelial_key_BBB","S1_GGCGTGAGTTTCGGAT-1","Slc2a1",0,"Sample1","Endothelial","Sample1",768,576,0.390625
"Endothelial_key_BBB","S1_GGGGTATGTAATCGCT-1","Slc2a1",0,"Sample1","Endothelial","Sample1",1099,748,0.0909918107370337
"Endothelial_key_BBB","S1_GGGGTATGTTAGGTGA-1","Slc2a1",0,"Sample1","Endothelial","Sample1",1088,785,0
"Endothelial_key_BBB","S1_GGGTCAGGTGATAGAT-1","Slc2a1",3.15939716273044,"Sample1","Endothelial","Sample1",1330,911,0
"Endothelial_key_BBB","S1_GTCCGTGAGTAGGTAA-1","Slc2a1",0,"Sample1","Endothelial","Sample1",1022,728,0.391389432485323
"Endothelial_key_BBB","S1_GTCTATGAGATTCAGT-1","Slc2a1",0,"Sample1","Endothelial","Sample1",991,714,0
"Endothelial_key_BBB","S1_GTGAGGATCACTTGCT-1","Slc2a1",2.8369860436501,"Sample1","Endothelial","Sample1",1245,864,0
"Endothelial_key_BBB","S1_GTGGTGAAGCCTGGAT-1","Slc2a1",2.51789875472167,"Sample1","Endothelial","Sample1",3508,1992,2.62257696693273
"Endothelial_key_BBB","S1_GTGTTCCCAGCCTAGA-1","Slc2a1",2.68012774048259,"Sample1","Endothelial","Sample1",736,569,0
"Endothelial_key_BBB","S1_GTTAGGCTCGCTCATT-1","Slc2a1",2.4010831796789,"Sample1","Endothelial","Sample1",3986,2121,0.0752634219769192
"Endothelial_key_BBB","S1_GTTCCAAAGTGCCAGT-1","Slc2a1",0,"Sample1","Endothelial","Sample1",688,482,0.290697674418605
"Endothelial_key_BBB","S1_TAACCAACAACTAATG-1","Slc2a1",2.44003110089436,"Sample1","Endothelial","Sample1",4774,2440,2.05278592375367
"Endothelial_key_BBB","S1_TACAAGCCATCCCGAT-1","Slc2a1",2.16927515978799,"Sample1","Endothelial","Sample1",1290,871,0
"Endothelial_key_BBB","S1_TATGGTTAGTCGACGT-1","Slc2a1",0,"Sample1","Endothelial","Sample1",1648,984,0.121359223300971
"Endothelial_key_BBB","S1_TCATAGGTCCAGCCCT-1","Slc2a1",0,"Sample1","Endothelial","Sample1",2058,1372,0
"Endothelial_key_BBB","S1_TCATTGCTCATGCAGC-1","Slc2a1",0,"Sample1","Endothelial","Sample1",1350,870,0
"Endothelial_key_BBB","S1_TCTAATCCAAAGGTGA-1","Slc2a1",2.4910707062894,"Sample1","Endothelial","Sample1",903,663,0
"Endothelial_key_BBB","S1_TGATTAGCAGGACTTG-1","Slc2a1",2.28822202882376,"Sample1","Endothelial","Sample1",1129,741,0
"Endothelial_key_BBB","S1_TGCCCATCACCAATCC-1","Slc2a1",1.90618529968292,"Sample1","Endothelial","Sample1",3492,1889,0
"Endothelial_key_BBB","S1_TGCTGGACACCTGTGT-1","Slc2a1",0,"Sample1","Endothelial","Sample1",1200,838,0.25
"Endothelial_key_BBB","S1_TGCTGTCCATGAGTGT-1","Slc2a1",0,"Sample1","Endothelial","Sample1",1471,892,2.03942895989123
"Endothelial_key_BBB","S1_TGGTTACGTTTGACCG-1","Slc2a1",2.03920426922444,"Sample1","Endothelial","Sample1",1496,988,1.53743315508021
"Endothelial_key_BBB","S1_TGTATTGGTGACTTCG-1","Slc2a1",0,"Sample1","Endothelial","Sample1",1543,1078,0
"Endothelial_key_BBB","S2_AACAGTAAGTCATTGG-1","Slc2a1",1.50793908316206,"Sample2","Endothelial","Sample2",2843,1675,0.0703482237073514
"Endothelial_key_BBB","S2_AACGCGCCAAATGCCG-1","Slc2a1",0,"Sample2","Endothelial","Sample2",1388,945,0
"Endothelial_key_BBB","S2_AACTGCATCACCTACT-1","Slc2a1",0,"Sample2","Endothelial","Sample2",1330,919,0
"Endothelial_key_BBB","S2_AAGGCTAGTTTCCGTC-1","Slc2a1",2.98910659858185,"Sample2","Endothelial","Sample2",1060,744,0
"Endothelial_key_BBB","S2_AATCTAGCATAACGCG-1","Slc2a1",3.42742955099008,"Sample2","Endothelial","Sample2",1678,1099,0.0595947556615018
"Endothelial_key_BBB","S2_AATGGGGTCGATGCTA-1","Slc2a1",2.4769690140238,"Sample2","Endothelial","Sample2",917,660,0.218102508178844
"Endothelial_key_BBB","S2_ACACGGTTCATGTCGA-1","Slc2a1",2.84381749568593,"Sample2","Endothelial","Sample2",1236,854,0
"Endothelial_key_BBB","S2_ACAGGGGCATCACGAG-1","Slc2a1",2.51999796959927,"Sample2","Endothelial","Sample2",875,681,0.571428571428571
"Endothelial_key_BBB","S2_ACCCAAATCATGGATT-1","Slc2a1",2.27715511325224,"Sample2","Endothelial","Sample2",1143,797,0.0874890638670166
"Endothelial_key_BBB","S2_ACCCCAAGTCTGTGGC-1","Slc2a1",0,"Sample2","Endothelial","Sample2",859,641,1.0477299185099
"Endothelial_key_BBB","S2_ACGCAGCCATAGATTG-1","Slc2a1",3.44886262509244,"Sample2","Endothelial","Sample2",1313,912,0
"Endothelial_key_BBB","S2_ACGTCACAGCTATGCA-1","Slc2a1",0,"Sample2","Endothelial","Sample2",4276,2280,0.0467726847521048
"Endothelial_key_BBB","S2_AGCAATTTCGATCGGT-1","Slc2a1",0,"Sample2","Endothelial","Sample2",3538,2087,0.0565291124929339
"Endothelial_key_BBB","S2_AGCCATCAGGTCAACC-1","Slc2a1",1.70889228297558,"Sample2","Endothelial","Sample2",2211,1403,0.0904568068747173
"Endothelial_key_BBB","S2_AGCCTGACACATTCCA-1","Slc2a1",2.14293903016024,"Sample2","Endothelial","Sample2",1329,906,0
"Endothelial_key_BBB","S2_AGCTTTAGTTTACTCT-1","Slc2a1",1.36645229395745,"Sample2","Endothelial","Sample2",3423,1895,0
"Endothelial_key_BBB","S2_AGGCTCACATCACGGA-1","Slc2a1",2.32776290968996,"Sample2","Endothelial","Sample2",2161,1372,0.925497454881999
"Endothelial_key_BBB","S2_AGTGACAGTGAGCGAT-1","Slc2a1",0,"Sample2","Endothelial","Sample2",852,652,1.29107981220657
"Endothelial_key_BBB","S2_AGTGAGTAGCGAACTC-1","Slc2a1",2.74376828370429,"Sample2","Endothelial","Sample2",1375,932,0.0727272727272727
"Endothelial_key_BBB","S2_ATAGCCATCAAGTAAG-1","Slc2a1",2.26160186449607,"Sample2","Endothelial","Sample2",1163,787,0
"Endothelial_key_BBB","S2_ATGACGGAGGATCTGC-1","Slc2a1",0,"Sample2","Endothelial","Sample2",2232,1404,1.0752688172043
"Endothelial_key_BBB","S2_ATGGTTTAGTATGTAC-1","Slc2a1",2.82721013683314,"Sample2","Endothelial","Sample2",1258,828,0.158982511923688
"Endothelial_key_BBB","S2_ATTCGCTTCCTCATCG-1","Slc2a1",0,"Sample2","Endothelial","Sample2",1208,830,0.910596026490066
"Endothelial_key_BBB","S2_ATTGGTTAGCCCTGTC-1","Slc2a1",3.13243844578967,"Sample2","Endothelial","Sample2",912,674,0
"Endothelial_key_BBB","S2_CAAATTCAGGGTACTC-1","Slc2a1",1.94831399636671,"Sample2","Endothelial","Sample2",1662,1093,0
"Endothelial_key_BBB","S2_CACCTATTCGACCAGT-1","Slc2a1",1.99076229945814,"Sample2","Endothelial","Sample2",3164,1762,0.0316055625790139
"Endothelial_key_BBB","S2_CAGGGCTCAAGCGCGT-1","Slc2a1",0,"Sample2","Endothelial","Sample2",796,585,0
"Endothelial_key_BBB","S2_CATAACTAGCGATGTC-1","Slc2a1",0,"Sample2","Endothelial","Sample2",886,676,0
"Endothelial_key_BBB","S2_CATACTGAGGCTTACA-1","Slc2a1",3.61189138558554,"Sample2","Endothelial","Sample2",1110,768,0
"Endothelial_key_BBB","S2_CATAGGCTCGACATTG-1","Slc2a1",2.88195867041462,"Sample2","Endothelial","Sample2",1187,813,0.08424599831508
"Endothelial_key_BBB","S2_CATCCACCATAATTGG-1","Slc2a1",1.83645580532502,"Sample2","Endothelial","Sample2",1896,1292,0.474683544303797
"Endothelial_key_BBB","S2_CATTACTCAGTACCTC-1","Slc2a1",3.99062719749658,"Sample2","Endothelial","Sample2",2072,1247,1.3996138996139
"Endothelial_key_BBB","S2_CCACAACAGTTAGTAC-1","Slc2a1",2.00564269809515,"Sample2","Endothelial","Sample2",1555,1035,2.12218649517685
"Endothelial_key_BBB","S2_CCAGAGAAGGGGACGT-1","Slc2a1",2.59347982111894,"Sample2","Endothelial","Sample2",808,585,0.495049504950495
"Endothelial_key_BBB","S2_CCCACTTGTGCATTCG-1","Slc2a1",1.92046219677068,"Sample2","Endothelial","Sample2",1717,1060,1.51426907396622
"Endothelial_key_BBB","S2_CCCACTTGTTTCGGGC-1","Slc2a1",0,"Sample2","Endothelial","Sample2",1320,896,1.89393939393939
"Endothelial_key_BBB","S2_CCGGCATGTGGAAGTC-1","Slc2a1",2.26468878284595,"Sample2","Endothelial","Sample2",1159,791,0
"Endothelial_key_BBB","S2_CGAATCATCCCGCTTA-1","Slc2a1",0,"Sample2","Endothelial","Sample2",2865,1525,0
"Endothelial_key_BBB","S2_CGAATTTAGAACCTTG-1","Slc2a1",2.69416108894154,"Sample2","Endothelial","Sample2",1450,917,0
"Endothelial_key_BBB","S2_CGAGGGACATCGTAGG-1","Slc2a1",0,"Sample2","Endothelial","Sample2",1063,788,0.846660395108184
"Endothelial_key_BBB","S2_CGATAGTCATCCCTGG-1","Slc2a1",0,"Sample2","Endothelial","Sample2",940,606,0
"Endothelial_key_BBB","S2_CGCACTTCACTCATCA-1","Slc2a1",3.20515435434305,"Sample2","Endothelial","Sample2",1268,814,0.394321766561514
"Endothelial_key_BBB","S2_CGGTGTTAGTGCTGCG-1","Slc2a1",2.33827032138668,"Sample2","Endothelial","Sample2",1068,739,0
"Endothelial_key_BBB","S2_CGTATTGAGGTATAGA-1","Slc2a1",2.55103226779478,"Sample2","Endothelial","Sample2",846,625,0.118203309692671
"Endothelial_key_BBB","S2_CGTGCCTTCAGGTCGT-1","Slc2a1",0,"Sample2","Endothelial","Sample2",826,578,0
"Endothelial_key_BBB","S2_CTCCTTAGTAATGCTC-1","Slc2a1",3.06474557384147,"Sample2","Endothelial","Sample2",979,652,0.204290091930541
"Endothelial_key_BBB","S2_CTCTAGAAGCAAGGAT-1","Slc2a1",0,"Sample2","Endothelial","Sample2",689,525,0.145137880986938
"Endothelial_key_BBB","S2_CTCTTAATCCATTCCG-1","Slc2a1",3.75817700121094,"Sample2","Endothelial","Sample2",1433,909,0.0697836706210747
"Endothelial_key_BBB","S2_CTGAAAGGTTTACTTC-1","Slc2a1",2.70711736521367,"Sample2","Endothelial","Sample2",1430,932,0
"Endothelial_key_BBB","S2_CTGTCCATCGCTCAGG-1","Slc2a1",3.63137495963375,"Sample2","Endothelial","Sample2",544,398,0
"Endothelial_key_BBB","S2_CTTAATGGTTTGCCAG-1","Slc2a1",2.84229485571925,"Sample2","Endothelial","Sample2",1238,859,0.403877221324717
"Endothelial_key_BBB","S2_CTTAGTAGTGATAGGC-1","Slc2a1",3.85983683745742,"Sample2","Endothelial","Sample2",861,627,0
"Endothelial_key_BBB","S2_CTTCATCAGTCGATAT-1","Slc2a1",0,"Sample2","Endothelial","Sample2",1076,736,0.0929368029739777
"Endothelial_key_BBB","S2_GCACGAGGTAGCTCGC-1","Slc2a1",2.28583786388265,"Sample2","Endothelial","Sample2",1132,808,0.176678445229682
"Endothelial_key_BBB","S2_GCACTGGTCCGTCACC-1","Slc2a1",2.08101813831017,"Sample2","Endothelial","Sample2",1426,937,0
"Endothelial_key_BBB","S2_GCAGTAAGTCAAGGCG-1","Slc2a1",0,"Sample2","Endothelial","Sample2",1082,771,0
"Endothelial_key_BBB","S2_GCCCATAGTAGCCAGG-1","Slc2a1",0,"Sample2","Endothelial","Sample2",2738,1622,0.0365230094959825
"Endothelial_key_BBB","S2_GGAACGATCAGCACCG-1","Slc2a1",2.50424979197941,"Sample2","Endothelial","Sample2",7121,3011,0.0702148574638393
"Endothelial_key_BBB","S2_GGACCCTGTTAGCTGT-1","Slc2a1",0,"Sample2","Endothelial","Sample2",1371,927,0
"Endothelial_key_BBB","S2_GGATGGGCAAGTTCCC-1","Slc2a1",2.02594562233073,"Sample2","Endothelial","Sample2",1519,1040,0
"Endothelial_key_BBB","S2_GGATTAAAGTTGGGCT-1","Slc2a1",2.26391595183489,"Sample2","Endothelial","Sample2",1160,790,0.0862068965517241
"Endothelial_key_BBB","S2_GGCATCCGTGGAAGGA-1","Slc2a1",3.37310698435427,"Sample2","Endothelial","Sample2",1420,936,0.422535211267606
"Endothelial_key_BBB","S2_GGCTGCATCAATTGGT-1","Slc2a1",0,"Sample2","Endothelial","Sample2",1353,956,0.073909830007391
"Endothelial_key_BBB","S2_GGCTTCCTCGACTATG-1","Slc2a1",2.64417957597193,"Sample2","Endothelial","Sample2",1530,1003,0.065359477124183
"Endothelial_key_BBB","S2_GGCTTTGGTAGTGTGA-1","Slc2a1",0,"Sample2","Endothelial","Sample2",1036,724,0
"Endothelial_key_BBB","S2_GTAACCATCAGGGATG-1","Slc2a1",1.64323655240376,"Sample2","Endothelial","Sample2",2397,1429,0
"Endothelial_key_BBB","S2_GTAATGGGTAAGGTTG-1","Slc2a1",0,"Sample2","Endothelial","Sample2",1029,753,0
"Endothelial_key_BBB","S2_GTACCAGCAAATGGGA-1","Slc2a1",0,"Sample2","Endothelial","Sample2",896,675,0
"Endothelial_key_BBB","S2_GTAGCATCATTAGCGG-1","Slc2a1",2.14449029694744,"Sample2","Endothelial","Sample2",3980,2204,3.29145728643216
"Endothelial_key_BBB","S2_GTATAGCCAGTAAGGA-1","Slc2a1",3.5264575884357,"Sample2","Endothelial","Sample2",1212,849,0.0825082508250825
"Endothelial_key_BBB","S2_GTCTCCATCCGCCACT-1","Slc2a1",0,"Sample2","Endothelial","Sample2",1590,1012,0
"Endothelial_key_BBB","S2_GTGGCAGGTCCCGAAC-1","Slc2a1",2.91305342432708,"Sample2","Endothelial","Sample2",4020,2261,1.41791044776119
"Endothelial_key_BBB","S2_GTTCTAAGTTATCGCG-1","Slc2a1",0,"Sample2","Endothelial","Sample2",1227,857,0
"Endothelial_key_BBB","S2_GTTCTCACATTGGCGA-1","Slc2a1",3.53482308852515,"Sample2","Endothelial","Sample2",1502,966,0.33288948069241
"Endothelial_key_BBB","S2_GTTGAAGGTTAGCATC-1","Slc2a1",0,"Sample2","Endothelial","Sample2",1079,758,0.185356811862836
"Endothelial_key_BBB","S2_GTTGCCTCAGGATCTG-1","Slc2a1",2.09651480349671,"Sample2","Endothelial","Sample2",1401,926,0.356887937187723
"Endothelial_key_BBB","S2_TATGATGCATCCATAT-1","Slc2a1",0,"Sample2","Endothelial","Sample2",1058,773,0
"Endothelial_key_BBB","S2_TCATGGATCCATCAAG-1","Slc2a1",0,"Sample2","Endothelial","Sample2",1341,867,0.0745712155108128
"Endothelial_key_BBB","S2_TCATTCGCAAAGGACA-1","Slc2a1",0,"Sample2","Endothelial","Sample2",1024,743,0.09765625
"Endothelial_key_BBB","S2_TCCAAAGTCGCTCACC-1","Slc2a1",0,"Sample2","Endothelial","Sample2",1112,794,0
"Endothelial_key_BBB","S2_TCCAGGTAGGGGATTG-1","Slc2a1",3.29362468851278,"Sample2","Endothelial","Sample2",1542,1028,0
"Endothelial_key_BBB","S2_TCCCCTGGTTGGTCAT-1","Slc2a1",1.45515581792763,"Sample2","Endothelial","Sample2",3044,1674,0
"Endothelial_key_BBB","S2_TCGCAACAGGTGACAG-1","Slc2a1",2.7235872368112,"Sample2","Endothelial","Sample2",1405,988,0
"Endothelial_key_BBB","S2_TCGCTGCTCATCAGTG-1","Slc2a1",1.98967154225113,"Sample2","Endothelial","Sample2",1584,990,1.70454545454545
"Endothelial_key_BBB","S2_TCTACGTTCGCTAGTA-1","Slc2a1",2.2043674648486,"Sample2","Endothelial","Sample2",1240,832,0
"Endothelial_key_BBB","S2_TCTATCTGTAGTGTGA-1","Slc2a1",0,"Sample2","Endothelial","Sample2",1276,893,0.0783699059561128
"Endothelial_key_BBB","S2_TCTCATTGTCTTGCTC-1","Slc2a1",0,"Sample2","Endothelial","Sample2",4145,2090,0
"Endothelial_key_BBB","S2_TGATTGGTCAGGATGG-1","Slc2a1",0,"Sample2","Endothelial","Sample2",1429,1025,1.60951714485654
"Endothelial_key_BBB","S2_TGCGAAAGTTGCTGTG-1","Slc2a1",2.70842361410132,"Sample2","Endothelial","Sample2",1428,970,0.280112044817927
"Endothelial_key_BBB","S2_TGCTATAGTCAATCCG-1","Slc2a1",1.77162979968438,"Sample2","Endothelial","Sample2",2049,1375,0.927281600780869
"Endothelial_key_BBB","S2_TGGAGTGAGGAGGCTA-1","Slc2a1",0,"Sample2","Endothelial","Sample2",806,591,0
"Endothelial_key_BBB","S2_TGGCGCATCCCTCACA-1","Slc2a1",2.54112570336067,"Sample2","Endothelial","Sample2",5986,3254,2.47243568326094
"Endothelial_key_BBB","S2_TGTCGATGTTATGGCT-1","Slc2a1",2.33658009824673,"Sample2","Endothelial","Sample2",1070,778,0
"Endothelial_key_BBB","S1_AAGTCAAAGGAGGCTA-1","Tjp1",0,"Sample1","Endothelial","Sample1",1455,1024,1.71821305841924
"Endothelial_key_BBB","S1_AATGCGAGTTAGCCTG-1","Tjp1",3.92937777093216,"Sample1","Endothelial","Sample1",802,582,0.249376558603491
"Endothelial_key_BBB","S1_ACAATTCAGTTACGCA-1","Tjp1",2.64588125839799,"Sample1","Endothelial","Sample1",3818,1792,1.72865374541645
"Endothelial_key_BBB","S1_ACACCAATCGTTAGGC-1","Tjp1",2.41813887907502,"Sample1","Endothelial","Sample1",978,670,0
"Endothelial_key_BBB","S1_AGCAATCCACCATGAG-1","Tjp1",2.81237731913883,"Sample1","Endothelial","Sample1",1278,927,0.0782472613458529
"Endothelial_key_BBB","S1_AGCAGCAAGGTTGGAG-1","Tjp1",2.70581306370385,"Sample1","Endothelial","Sample1",716,519,0
"Endothelial_key_BBB","S1_AGCTAATTCTAACCTC-1","Tjp1",3.7886466022366,"Sample1","Endothelial","Sample1",1389,895,0
"Endothelial_key_BBB","S1_AGGACATAGCCACTAA-1","Tjp1",3.61716549251262,"Sample1","Endothelial","Sample1",1380,932,0.217391304347826
"Endothelial_key_BBB","S1_AGTCGGGGTTATGGGA-1","Tjp1",2.85996440186178,"Sample1","Endothelial","Sample1",1215,867,0
"Endothelial_key_BBB","S1_AGTGGAACAAGGTAAG-1","Tjp1",3.01546833466672,"Sample1","Endothelial","Sample1",1031,739,0.0969932104752667
"Endothelial_key_BBB","S1_AGTTATCAGGGTAGAT-1","Tjp1",0,"Sample1","Endothelial","Sample1",1141,840,0
"Endothelial_key_BBB","S1_ATGAACCCATGGCAGC-1","Tjp1",4.28260085453587,"Sample1","Endothelial","Sample1",1680,1074,0
"Endothelial_key_BBB","S1_ATGCAGCTCGCTGACG-1","Tjp1",3.22041310418709,"Sample1","Endothelial","Sample1",832,573,0.360576923076923
"Endothelial_key_BBB","S1_CAAAGGTAGCAAGGCA-1","Tjp1",0,"Sample1","Endothelial","Sample1",1131,789,0.0884173297966401
"Endothelial_key_BBB","S1_CATCGTCCACCAACCT-1","Tjp1",2.66881159069705,"Sample1","Endothelial","Sample1",1490,970,0
"Endothelial_key_BBB","S1_CCGCTTATCGACTACA-1","Tjp1",3.62069794169786,"Sample1","Endothelial","Sample1",1100,768,0
"Endothelial_key_BBB","S1_CCTACGAGTTCCAGCA-1","Tjp1",1.96027522819815,"Sample1","Endothelial","Sample1",1639,1081,0.549115314215985
"Endothelial_key_BBB","S1_CCTGCGAAGTGAATGA-1","Tjp1",2.71630231094652,"Sample1","Endothelial","Sample1",708,543,0.282485875706215
"Endothelial_key_BBB","S1_CGCCTGTTCAGGAGTG-1","Tjp1",0,"Sample1","Endothelial","Sample1",504,394,0
"Endothelial_key_BBB","S1_CGGCCTAAGGATCATT-1","Tjp1",2.00065018203098,"Sample1","Endothelial","Sample1",1564,1018,0
"Endothelial_key_BBB","S1_CGTACAGCAACTGTCC-1","Tjp1",3.49961571801659,"Sample1","Endothelial","Sample1",623,484,0.321027287319422
"Endothelial_key_BBB","S1_CGTCATCCATGGTCCT-1","Tjp1",2.8369860436501,"Sample1","Endothelial","Sample1",1245,870,0.0803212851405622
"Endothelial_key_BBB","S1_CTAGCGCGTAAGTGTG-1","Tjp1",4.41521169879683,"Sample1","Endothelial","Sample1",612,481,0.163398692810458
"Endothelial_key_BBB","S1_CTAGCTGGTGCAGCGA-1","Tjp1",0,"Sample1","Endothelial","Sample1",1980,1256,0.151515151515152
"Endothelial_key_BBB","S1_CTCTATTGTTGCACAT-1","Tjp1",0,"Sample1","Endothelial","Sample1",1108,765,0.631768953068592
"Endothelial_key_BBB","S1_CTGCCTGCACTTGCTA-1","Tjp1",2.83020667073977,"Sample1","Endothelial","Sample1",1254,858,0.0797448165869219
"Endothelial_key_BBB","S1_CTGCTAAAGGAGTACG-1","Tjp1",3.75070915041626,"Sample1","Endothelial","Sample1",722,521,0
"Endothelial_key_BBB","S1_CTTGGCGAGCCAATCA-1","Tjp1",3.31051218178854,"Sample1","Endothelial","Sample1",1894,1157,0
"Endothelial_key_BBB","S1_CTTGTGTTCATGAGTT-1","Tjp1",3.35781769306913,"Sample1","Endothelial","Sample1",1082,769,0.0924214417744917
"Endothelial_key_BBB","S1_GCACAGCCACGCCATT-1","Tjp1",2.21928548823725,"Sample1","Endothelial","Sample1",6097,2798,0.0164015089388224
"Endothelial_key_BBB","S1_GCCACATAGGGTCTCG-1","Tjp1",0,"Sample1","Endothelial","Sample1",649,448,0.154083204930663
"Endothelial_key_BBB","S1_GCCCATTCAGGTATCG-1","Tjp1",0,"Sample1","Endothelial","Sample1",1053,767,0
"Endothelial_key_BBB","S1_GCTAAACCAGGTATGT-1","Tjp1",2.5855012251463,"Sample1","Endothelial","Sample1",815,545,0
"Endothelial_key_BBB","S1_GGCGCTTGTTCACGGC-1","Tjp1",3.03882603952304,"Sample1","Endothelial","Sample1",1509,1012,0
"Endothelial_key_BBB","S1_GGCGTGAGTTTCGGAT-1","Tjp1",0,"Sample1","Endothelial","Sample1",768,576,0.390625
"Endothelial_key_BBB","S1_GGGGTATGTAATCGCT-1","Tjp1",4.52169955935919,"Sample1","Endothelial","Sample1",1099,748,0.0909918107370337
"Endothelial_key_BBB","S1_GGGGTATGTTAGGTGA-1","Tjp1",3.35248074420133,"Sample1","Endothelial","Sample1",1088,785,0
"Endothelial_key_BBB","S1_GGGTCAGGTGATAGAT-1","Tjp1",3.83109017740423,"Sample1","Endothelial","Sample1",1330,911,0
"Endothelial_key_BBB","S1_GTCCGTGAGTAGGTAA-1","Tjp1",2.37813178367953,"Sample1","Endothelial","Sample1",1022,728,0.391389432485323
"Endothelial_key_BBB","S1_GTCTATGAGATTCAGT-1","Tjp1",3.05313451908402,"Sample1","Endothelial","Sample1",991,714,0
"Endothelial_key_BBB","S1_GTGAGGATCACTTGCT-1","Tjp1",0,"Sample1","Endothelial","Sample1",1245,864,0
"Endothelial_key_BBB","S1_GTGGTGAAGCCTGGAT-1","Tjp1",2.89611980770533,"Sample1","Endothelial","Sample1",3508,1992,2.62257696693273
"Endothelial_key_BBB","S1_GTGTTCCCAGCCTAGA-1","Tjp1",4.56547979733715,"Sample1","Endothelial","Sample1",736,569,0
"Endothelial_key_BBB","S1_GTTAGGCTCGCTCATT-1","Tjp1",3.1603576132171,"Sample1","Endothelial","Sample1",3986,2121,0.0752634219769192
"Endothelial_key_BBB","S1_GTTCCAAAGTGCCAGT-1","Tjp1",3.4035202630783,"Sample1","Endothelial","Sample1",688,482,0.290697674418605
"Endothelial_key_BBB","S1_TAACCAACAACTAATG-1","Tjp1",3.17978044948193,"Sample1","Endothelial","Sample1",4774,2440,2.05278592375367
"Endothelial_key_BBB","S1_TACAAGCCATCCCGAT-1","Tjp1",3.18865633930721,"Sample1","Endothelial","Sample1",1290,871,0
"Endothelial_key_BBB","S1_TATGGTTAGTCGACGT-1","Tjp1",0,"Sample1","Endothelial","Sample1",1648,984,0.121359223300971
"Endothelial_key_BBB","S1_TCATAGGTCCAGCCCT-1","Tjp1",2.3719407104721,"Sample1","Endothelial","Sample1",2058,1372,0
"Endothelial_key_BBB","S1_TCATTGCTCATGCAGC-1","Tjp1",2.7609471472243,"Sample1","Endothelial","Sample1",1350,870,0
"Endothelial_key_BBB","S1_TCTAATCCAAAGGTGA-1","Tjp1",0,"Sample1","Endothelial","Sample1",903,663,0
"Endothelial_key_BBB","S1_TGATTAGCAGGACTTG-1","Tjp1",0,"Sample1","Endothelial","Sample1",1129,741,0
"Endothelial_key_BBB","S1_TGCCCATCACCAATCC-1","Tjp1",2.52210237515815,"Sample1","Endothelial","Sample1",3492,1889,0
"Endothelial_key_BBB","S1_TGCTGGACACCTGTGT-1","Tjp1",2.87167962488401,"Sample1","Endothelial","Sample1",1200,838,0.25
"Endothelial_key_BBB","S1_TGCTGTCCATGAGTGT-1","Tjp1",3.06312404524704,"Sample1","Endothelial","Sample1",1471,892,2.03942895989123
"Endothelial_key_BBB","S1_TGGTTACGTTTGACCG-1","Tjp1",3.8668466245268,"Sample1","Endothelial","Sample1",1496,988,1.53743315508021
"Endothelial_key_BBB","S1_TGTATTGGTGACTTCG-1","Tjp1",0,"Sample1","Endothelial","Sample1",1543,1078,0
"Endothelial_key_BBB","S2_AACAGTAAGTCATTGG-1","Tjp1",4.21701655368595,"Sample2","Endothelial","Sample2",2843,1675,0.0703482237073514
"Endothelial_key_BBB","S2_AACGCGCCAAATGCCG-1","Tjp1",4.38515573967818,"Sample2","Endothelial","Sample2",1388,945,0
"Endothelial_key_BBB","S2_AACTGCATCACCTACT-1","Tjp1",3.15939716273044,"Sample2","Endothelial","Sample2",1330,919,0
"Endothelial_key_BBB","S2_AAGGCTAGTTTCCGTC-1","Tjp1",0,"Sample2","Endothelial","Sample2",1060,744,0
"Endothelial_key_BBB","S2_AATCTAGCATAACGCG-1","Tjp1",2.93801982559521,"Sample2","Endothelial","Sample2",1678,1099,0.0595947556615018
"Endothelial_key_BBB","S2_AATGGGGTCGATGCTA-1","Tjp1",3.79819343133852,"Sample2","Endothelial","Sample2",917,660,0.218102508178844
"Endothelial_key_BBB","S2_ACACGGTTCATGTCGA-1","Tjp1",3.50743130219864,"Sample2","Endothelial","Sample2",1236,854,0
"Endothelial_key_BBB","S2_ACAGGGGCATCACGAG-1","Tjp1",2.51999796959927,"Sample2","Endothelial","Sample2",875,681,0.571428571428571
"Endothelial_key_BBB","S2_ACCCAAATCATGGATT-1","Tjp1",3.58339741848415,"Sample2","Endothelial","Sample2",1143,797,0.0874890638670166
"Endothelial_key_BBB","S2_ACCCCAAGTCTGTGGC-1","Tjp1",2.53698058623264,"Sample2","Endothelial","Sample2",859,641,1.0477299185099
"Endothelial_key_BBB","S2_ACGCAGCCATAGATTG-1","Tjp1",2.78700261985844,"Sample2","Endothelial","Sample2",1313,912,0
"Endothelial_key_BBB","S2_ACGTCACAGCTATGCA-1","Tjp1",3.09320865719134,"Sample2","Endothelial","Sample2",4276,2280,0.0467726847521048
"Endothelial_key_BBB","S2_AGCAATTTCGATCGGT-1","Tjp1",1.34193895034882,"Sample2","Endothelial","Sample2",3538,2087,0.0565291124929339
"Endothelial_key_BBB","S2_AGCCATCAGGTCAACC-1","Tjp1",1.70889228297558,"Sample2","Endothelial","Sample2",2211,1403,0.0904568068747173
"Endothelial_key_BBB","S2_AGCCTGACACATTCCA-1","Tjp1",4.23004159160782,"Sample2","Endothelial","Sample2",1329,906,0
"Endothelial_key_BBB","S2_AGCTTTAGTTTACTCT-1","Tjp1",2.54047189509938,"Sample2","Endothelial","Sample2",3423,1895,0
"Endothelial_key_BBB","S2_AGGCTCACATCACGGA-1","Tjp1",2.97092454559215,"Sample2","Endothelial","Sample2",2161,1372,0.925497454881999
"Endothelial_key_BBB","S2_AGTGACAGTGAGCGAT-1","Tjp1",3.58937033022457,"Sample2","Endothelial","Sample2",852,652,1.29107981220657
"Endothelial_key_BBB","S2_AGTGAGTAGCGAACTC-1","Tjp1",4.0806143694102,"Sample2","Endothelial","Sample2",1375,932,0.0727272727272727
"Endothelial_key_BBB","S2_ATAGCCATCAAGTAAG-1","Tjp1",4.11397014688848,"Sample2","Endothelial","Sample2",1163,787,0
"Endothelial_key_BBB","S2_ATGACGGAGGATCTGC-1","Tjp1",2.94028018300225,"Sample2","Endothelial","Sample2",2232,1404,1.0752688172043
"Endothelial_key_BBB","S2_ATGGTTTAGTATGTAC-1","Tjp1",4.03678393526926,"Sample2","Endothelial","Sample2",1258,828,0.158982511923688
"Endothelial_key_BBB","S2_ATTCGCTTCCTCATCG-1","Tjp1",3.52966631275066,"Sample2","Endothelial","Sample2",1208,830,0.910596026490066
"Endothelial_key_BBB","S2_ATTGGTTAGCCCTGTC-1","Tjp1",4.35355496059257,"Sample2","Endothelial","Sample2",912,674,0
"Endothelial_key_BBB","S2_CAAATTCAGGGTACTC-1","Tjp1",3.22156774592847,"Sample2","Endothelial","Sample2",1662,1093,0
"Endothelial_key_BBB","S2_CACCTATTCGACCAGT-1","Tjp1",2.34962790034856,"Sample2","Endothelial","Sample2",3164,1762,0.0316055625790139
"Endothelial_key_BBB","S2_CAGGGCTCAAGCGCGT-1","Tjp1",3.65554090455356,"Sample2","Endothelial","Sample2",796,585,0
"Endothelial_key_BBB","S2_CATAACTAGCGATGTC-1","Tjp1",0,"Sample2","Endothelial","Sample2",886,676,0
"Endothelial_key_BBB","S2_CATACTGAGGCTTACA-1","Tjp1",2.94538684653599,"Sample2","Endothelial","Sample2",1110,768,0
"Endothelial_key_BBB","S2_CATAGGCTCGACATTG-1","Tjp1",2.88195867041462,"Sample2","Endothelial","Sample2",1187,813,0.08424599831508
"Endothelial_key_BBB","S2_CATCCACCATAATTGG-1","Tjp1",2.82273420624622,"Sample2","Endothelial","Sample2",1896,1292,0.474683544303797
"Endothelial_key_BBB","S2_CATTACTCAGTACCTC-1","Tjp1",1.76237439706831,"Sample2","Endothelial","Sample2",2072,1247,1.3996138996139
"Endothelial_key_BBB","S2_CCACAACAGTTAGTAC-1","Tjp1",3.28554230537379,"Sample2","Endothelial","Sample2",1555,1035,2.12218649517685
"Endothelial_key_BBB","S2_CCAGAGAAGGGGACGT-1","Tjp1",3.24853074860739,"Sample2","Endothelial","Sample2",808,585,0.495049504950495
"Endothelial_key_BBB","S2_CCCACTTGTGCATTCG-1","Tjp1",3.58198083778778,"Sample2","Endothelial","Sample2",1717,1060,1.51426907396622
"Endothelial_key_BBB","S2_CCCACTTGTTTCGGGC-1","Tjp1",2.78201386269936,"Sample2","Endothelial","Sample2",1320,896,1.89393939393939
"Endothelial_key_BBB","S2_CCGGCATGTGGAAGTC-1","Tjp1",2.26468878284595,"Sample2","Endothelial","Sample2",1159,791,0
"Endothelial_key_BBB","S2_CGAATCATCCCGCTTA-1","Tjp1",2.91517314401779,"Sample2","Endothelial","Sample2",2865,1525,0
"Endothelial_key_BBB","S2_CGAATTTAGAACCTTG-1","Tjp1",2.69416108894154,"Sample2","Endothelial","Sample2",1450,917,0
"Endothelial_key_BBB","S2_CGAGGGACATCGTAGG-1","Tjp1",2.98642284734341,"Sample2","Endothelial","Sample2",1063,788,0.846660395108184
"Endothelial_key_BBB","S2_CGATAGTCATCCCTGG-1","Tjp1",3.49392524886301,"Sample2","Endothelial","Sample2",940,606,0
"Endothelial_key_BBB","S2_CGCACTTCACTCATCA-1","Tjp1",3.20515435434305,"Sample2","Endothelial","Sample2",1268,814,0.394321766561514
"Endothelial_key_BBB","S2_CGGTGTTAGTGCTGCG-1","Tjp1",2.33827032138668,"Sample2","Endothelial","Sample2",1068,739,0
"Endothelial_key_BBB","S2_CGTATTGAGGTATAGA-1","Tjp1",0,"Sample2","Endothelial","Sample2",846,625,0.118203309692671
"Endothelial_key_BBB","S2_CGTGCCTTCAGGTCGT-1","Tjp1",3.22736271156886,"Sample2","Endothelial","Sample2",826,578,0
"Endothelial_key_BBB","S2_CTCCTTAGTAATGCTC-1","Tjp1",3.73428337681725,"Sample2","Endothelial","Sample2",979,652,0.204290091930541
"Endothelial_key_BBB","S2_CTCTAGAAGCAAGGAT-1","Tjp1",2.74172918326029,"Sample2","Endothelial","Sample2",689,525,0.145137880986938
"Endothelial_key_BBB","S2_CTCTTAATCCATTCCG-1","Tjp1",2.70516164150896,"Sample2","Endothelial","Sample2",1433,909,0.0697836706210747
"Endothelial_key_BBB","S2_CTGAAAGGTTTACTTC-1","Tjp1",4.35572214678715,"Sample2","Endothelial","Sample2",1430,932,0
"Endothelial_key_BBB","S2_CTGTCCATCGCTCAGG-1","Tjp1",0,"Sample2","Endothelial","Sample2",544,398,0
"Endothelial_key_BBB","S2_CTTAATGGTTTGCCAG-1","Tjp1",3.22813812817313,"Sample2","Endothelial","Sample2",1238,859,0.403877221324717
"Endothelial_key_BBB","S2_CTTAGTAGTGATAGGC-1","Tjp1",0,"Sample2","Endothelial","Sample2",861,627,0
"Endothelial_key_BBB","S2_CTTCATCAGTCGATAT-1","Tjp1",3.36318535534858,"Sample2","Endothelial","Sample2",1076,736,0.0929368029739777
"Endothelial_key_BBB","S2_GCACGAGGTAGCTCGC-1","Tjp1",3.9890494808846,"Sample2","Endothelial","Sample2",1132,808,0.176678445229682
"Endothelial_key_BBB","S2_GCACTGGTCCGTCACC-1","Tjp1",3.09276225377584,"Sample2","Endothelial","Sample2",1426,937,0
"Endothelial_key_BBB","S2_GCAGTAAGTCAAGGCG-1","Tjp1",3.85462100424136,"Sample2","Endothelial","Sample2",1082,771,0
"Endothelial_key_BBB","S2_GCCCATAGTAGCCAGG-1","Tjp1",2.95810853145891,"Sample2","Endothelial","Sample2",2738,1622,0.0365230094959825
"Endothelial_key_BBB","S2_GGAACGATCAGCACCG-1","Tjp1",2.88209122378029,"Sample2","Endothelial","Sample2",7121,3011,0.0702148574638393
"Endothelial_key_BBB","S2_GGACCCTGTTAGCTGT-1","Tjp1",2.74649446222788,"Sample2","Endothelial","Sample2",1371,927,0
"Endothelial_key_BBB","S2_GGATGGGCAAGTTCCC-1","Tjp1",3.03253831498444,"Sample2","Endothelial","Sample2",1519,1040,0
"Endothelial_key_BBB","S2_GGATTAAAGTTGGGCT-1","Tjp1",3.29071521588427,"Sample2","Endothelial","Sample2",1160,790,0.0862068965517241
"Endothelial_key_BBB","S2_GGCATCCGTGGAAGGA-1","Tjp1",2.0847093326147,"Sample2","Endothelial","Sample2",1420,936,0.422535211267606
"Endothelial_key_BBB","S2_GGCTGCATCAATTGGT-1","Tjp1",3.14298560709183,"Sample2","Endothelial","Sample2",1353,956,0.073909830007391
"Endothelial_key_BBB","S2_GGCTTCCTCGACTATG-1","Tjp1",3.84484920671595,"Sample2","Endothelial","Sample2",1530,1003,0.065359477124183
"Endothelial_key_BBB","S2_GGCTTTGGTAGTGTGA-1","Tjp1",4.0760967101922,"Sample2","Endothelial","Sample2",1036,724,0
"Endothelial_key_BBB","S2_GTAACCATCAGGGATG-1","Tjp1",3.0846313823274,"Sample2","Endothelial","Sample2",2397,1429,0
"Endothelial_key_BBB","S2_GTAATGGGTAAGGTTG-1","Tjp1",3.01731498061465,"Sample2","Endothelial","Sample2",1029,753,0
"Endothelial_key_BBB","S2_GTACCAGCAAATGGGA-1","Tjp1",0,"Sample2","Endothelial","Sample2",896,675,0
"Endothelial_key_BBB","S2_GTAGCATCATTAGCGG-1","Tjp1",1.25634591750932,"Sample2","Endothelial","Sample2",3980,2204,3.29145728643216
"Endothelial_key_BBB","S2_GTATAGCCAGTAAGGA-1","Tjp1",3.24853074860739,"Sample2","Endothelial","Sample2",1212,849,0.0825082508250825
"Endothelial_key_BBB","S2_GTCTCCATCCGCCACT-1","Tjp1",2.60849622829458,"Sample2","Endothelial","Sample2",1590,1012,0
"Endothelial_key_BBB","S2_GTGGCAGGTCCCGAAC-1","Tjp1",3.4291609402908,"Sample2","Endothelial","Sample2",4020,2261,1.41791044776119
"Endothelial_key_BBB","S2_GTTCTAAGTTATCGCG-1","Tjp1",3.51452121579117,"Sample2","Endothelial","Sample2",1227,857,0
"Endothelial_key_BBB","S2_GTTCTCACATTGGCGA-1","Tjp1",3.31894406550456,"Sample2","Endothelial","Sample2",1502,966,0.33288948069241
"Endothelial_key_BBB","S2_GTTGAAGGTTAGCATC-1","Tjp1",3.63946235574221,"Sample2","Endothelial","Sample2",1079,758,0.185356811862836
"Endothelial_key_BBB","S2_GTTGCCTCAGGATCTG-1","Tjp1",3.38611876777405,"Sample2","Endothelial","Sample2",1401,926,0.356887937187723
"Endothelial_key_BBB","S2_TATGATGCATCCATAT-1","Tjp1",3.65860536776231,"Sample2","Endothelial","Sample2",1058,773,0
"Endothelial_key_BBB","S2_TCATGGATCCATCAAG-1","Tjp1",0,"Sample2","Endothelial","Sample2",1341,867,0.0745712155108128
"Endothelial_key_BBB","S2_TCATTCGCAAAGGACA-1","Tjp1",3.41104457188298,"Sample2","Endothelial","Sample2",1024,743,0.09765625
"Endothelial_key_BBB","S2_TCCAAAGTCGCTCACC-1","Tjp1",3.61013985386154,"Sample2","Endothelial","Sample2",1112,794,0
"Endothelial_key_BBB","S2_TCCAGGTAGGGGATTG-1","Tjp1",3.96803794978826,"Sample2","Endothelial","Sample2",1542,1028,0
"Endothelial_key_BBB","S2_TCCCCTGGTTGGTCAT-1","Tjp1",2.0242329918707,"Sample2","Endothelial","Sample2",3044,1674,0
"Endothelial_key_BBB","S2_TCGCAACAGGTGACAG-1","Tjp1",3.59969814120897,"Sample2","Endothelial","Sample2",1405,988,0
"Endothelial_key_BBB","S2_TCGCTGCTCATCAGTG-1","Tjp1",1.98967154225113,"Sample2","Endothelial","Sample2",1584,990,1.70454545454545
"Endothelial_key_BBB","S2_TCTACGTTCGCTAGTA-1","Tjp1",3.22658794535454,"Sample2","Endothelial","Sample2",1240,832,0
"Endothelial_key_BBB","S2_TCTATCTGTAGTGTGA-1","Tjp1",3.87165806422785,"Sample2","Endothelial","Sample2",1276,893,0.0783699059561128
"Endothelial_key_BBB","S2_TCTCATTGTCTTGCTC-1","Tjp1",3.01063871257778,"Sample2","Endothelial","Sample2",4145,2090,0
"Endothelial_key_BBB","S2_TGATTGGTCAGGATGG-1","Tjp1",2.07917908596773,"Sample2","Endothelial","Sample2",1429,1025,1.60951714485654
"Endothelial_key_BBB","S2_TGCGAAAGTTGCTGTG-1","Tjp1",2.07979162045113,"Sample2","Endothelial","Sample2",1428,970,0.280112044817927
"Endothelial_key_BBB","S2_TGCTATAGTCAATCCG-1","Tjp1",2.7499141123751,"Sample2","Endothelial","Sample2",2049,1375,0.927281600780869
"Endothelial_key_BBB","S2_TGGAGTGAGGAGGCTA-1","Tjp1",3.64338101267777,"Sample2","Endothelial","Sample2",806,591,0
"Endothelial_key_BBB","S2_TGGCGCATCCCTCACA-1","Tjp1",2.23567825004943,"Sample2","Endothelial","Sample2",5986,3254,2.47243568326094
"Endothelial_key_BBB","S2_TGTCGATGTTATGGCT-1","Tjp1",2.98019157934228,"Sample2","Endothelial","Sample2",1070,778,0
"Endothelial_key_BBB","S1_AAGTCAAAGGAGGCTA-1","Vcam1",0,"Sample1","Endothelial","Sample1",1455,1024,1.71821305841924
"Endothelial_key_BBB","S1_AATGCGAGTTAGCCTG-1","Vcam1",0,"Sample1","Endothelial","Sample1",802,582,0.249376558603491
"Endothelial_key_BBB","S1_ACAATTCAGTTACGCA-1","Vcam1",0,"Sample1","Endothelial","Sample1",3818,1792,1.72865374541645
"Endothelial_key_BBB","S1_ACACCAATCGTTAGGC-1","Vcam1",0,"Sample1","Endothelial","Sample1",978,670,0
"Endothelial_key_BBB","S1_AGCAATCCACCATGAG-1","Vcam1",0,"Sample1","Endothelial","Sample1",1278,927,0.0782472613458529
"Endothelial_key_BBB","S1_AGCAGCAAGGTTGGAG-1","Vcam1",0,"Sample1","Endothelial","Sample1",716,519,0
"Endothelial_key_BBB","S1_AGCTAATTCTAACCTC-1","Vcam1",0,"Sample1","Endothelial","Sample1",1389,895,0
"Endothelial_key_BBB","S1_AGGACATAGCCACTAA-1","Vcam1",0,"Sample1","Endothelial","Sample1",1380,932,0.217391304347826
"Endothelial_key_BBB","S1_AGTCGGGGTTATGGGA-1","Vcam1",0,"Sample1","Endothelial","Sample1",1215,867,0
"Endothelial_key_BBB","S1_AGTGGAACAAGGTAAG-1","Vcam1",0,"Sample1","Endothelial","Sample1",1031,739,0.0969932104752667
"Endothelial_key_BBB","S1_AGTTATCAGGGTAGAT-1","Vcam1",0,"Sample1","Endothelial","Sample1",1141,840,0
"Endothelial_key_BBB","S1_ATGAACCCATGGCAGC-1","Vcam1",0,"Sample1","Endothelial","Sample1",1680,1074,0
"Endothelial_key_BBB","S1_ATGCAGCTCGCTGACG-1","Vcam1",4.79737860373579,"Sample1","Endothelial","Sample1",832,573,0.360576923076923
"Endothelial_key_BBB","S1_CAAAGGTAGCAAGGCA-1","Vcam1",0,"Sample1","Endothelial","Sample1",1131,789,0.0884173297966401
"Endothelial_key_BBB","S1_CATCGTCCACCAACCT-1","Vcam1",4.11745355673408,"Sample1","Endothelial","Sample1",1490,970,0
"Endothelial_key_BBB","S1_CCGCTTATCGACTACA-1","Vcam1",0,"Sample1","Endothelial","Sample1",1100,768,0
"Endothelial_key_BBB","S1_CCTACGAGTTCCAGCA-1","Vcam1",0,"Sample1","Endothelial","Sample1",1639,1081,0.549115314215985
"Endothelial_key_BBB","S1_CCTGCGAAGTGAATGA-1","Vcam1",2.71630231094652,"Sample1","Endothelial","Sample1",708,543,0.282485875706215
"Endothelial_key_BBB","S1_CGCCTGTTCAGGAGTG-1","Vcam1",0,"Sample1","Endothelial","Sample1",504,394,0
"Endothelial_key_BBB","S1_CGGCCTAAGGATCATT-1","Vcam1",0,"Sample1","Endothelial","Sample1",1564,1018,0
"Endothelial_key_BBB","S1_CGTACAGCAACTGTCC-1","Vcam1",0,"Sample1","Endothelial","Sample1",623,484,0.321027287319422
"Endothelial_key_BBB","S1_CGTCATCCATGGTCCT-1","Vcam1",0,"Sample1","Endothelial","Sample1",1245,870,0.0803212851405622
"Endothelial_key_BBB","S1_CTAGCGCGTAAGTGTG-1","Vcam1",0,"Sample1","Endothelial","Sample1",612,481,0.163398692810458
"Endothelial_key_BBB","S1_CTAGCTGGTGCAGCGA-1","Vcam1",0,"Sample1","Endothelial","Sample1",1980,1256,0.151515151515152
"Endothelial_key_BBB","S1_CTCTATTGTTGCACAT-1","Vcam1",0,"Sample1","Endothelial","Sample1",1108,765,0.631768953068592
"Endothelial_key_BBB","S1_CTGCCTGCACTTGCTA-1","Vcam1",2.19438517880036,"Sample1","Endothelial","Sample1",1254,858,0.0797448165869219
"Endothelial_key_BBB","S1_CTGCTAAAGGAGTACG-1","Vcam1",0,"Sample1","Endothelial","Sample1",722,521,0
"Endothelial_key_BBB","S1_CTTGGCGAGCCAATCA-1","Vcam1",0,"Sample1","Endothelial","Sample1",1894,1157,0
"Endothelial_key_BBB","S1_CTTGTGTTCATGAGTT-1","Vcam1",0,"Sample1","Endothelial","Sample1",1082,769,0.0924214417744917
"Endothelial_key_BBB","S1_GCACAGCCACGCCATT-1","Vcam1",0,"Sample1","Endothelial","Sample1",6097,2798,0.0164015089388224
"Endothelial_key_BBB","S1_GCCACATAGGGTCTCG-1","Vcam1",0,"Sample1","Endothelial","Sample1",649,448,0.154083204930663
"Endothelial_key_BBB","S1_GCCCATTCAGGTATCG-1","Vcam1",0,"Sample1","Endothelial","Sample1",1053,767,0
"Endothelial_key_BBB","S1_GCTAAACCAGGTATGT-1","Vcam1",0,"Sample1","Endothelial","Sample1",815,545,0
"Endothelial_key_BBB","S1_GGCGCTTGTTCACGGC-1","Vcam1",0,"Sample1","Endothelial","Sample1",1509,1012,0
"Endothelial_key_BBB","S1_GGCGTGAGTTTCGGAT-1","Vcam1",0,"Sample1","Endothelial","Sample1",768,576,0.390625
"Endothelial_key_BBB","S1_GGGGTATGTAATCGCT-1","Vcam1",0,"Sample1","Endothelial","Sample1",1099,748,0.0909918107370337
"Endothelial_key_BBB","S1_GGGGTATGTTAGGTGA-1","Vcam1",0,"Sample1","Endothelial","Sample1",1088,785,0
"Endothelial_key_BBB","S1_GGGTCAGGTGATAGAT-1","Vcam1",0,"Sample1","Endothelial","Sample1",1330,911,0
"Endothelial_key_BBB","S1_GTCCGTGAGTAGGTAA-1","Vcam1",0,"Sample1","Endothelial","Sample1",1022,728,0.391389432485323
"Endothelial_key_BBB","S1_GTCTATGAGATTCAGT-1","Vcam1",0,"Sample1","Endothelial","Sample1",991,714,0
"Endothelial_key_BBB","S1_GTGAGGATCACTTGCT-1","Vcam1",2.20078805549461,"Sample1","Endothelial","Sample1",1245,864,0
"Endothelial_key_BBB","S1_GTGGTGAAGCCTGGAT-1","Vcam1",0,"Sample1","Endothelial","Sample1",3508,1992,2.62257696693273
"Endothelial_key_BBB","S1_GTGTTCCCAGCCTAGA-1","Vcam1",0,"Sample1","Endothelial","Sample1",736,569,0
"Endothelial_key_BBB","S1_GTTAGGCTCGCTCATT-1","Vcam1",0,"Sample1","Endothelial","Sample1",3986,2121,0.0752634219769192
"Endothelial_key_BBB","S1_GTTCCAAAGTGCCAGT-1","Vcam1",0,"Sample1","Endothelial","Sample1",688,482,0.290697674418605
"Endothelial_key_BBB","S1_TAACCAACAACTAATG-1","Vcam1",0,"Sample1","Endothelial","Sample1",4774,2440,2.05278592375367
"Endothelial_key_BBB","S1_TACAAGCCATCCCGAT-1","Vcam1",0,"Sample1","Endothelial","Sample1",1290,871,0
"Endothelial_key_BBB","S1_TATGGTTAGTCGACGT-1","Vcam1",0,"Sample1","Endothelial","Sample1",1648,984,0.121359223300971
"Endothelial_key_BBB","S1_TCATAGGTCCAGCCCT-1","Vcam1",0,"Sample1","Endothelial","Sample1",2058,1372,0
"Endothelial_key_BBB","S1_TCATTGCTCATGCAGC-1","Vcam1",0,"Sample1","Endothelial","Sample1",1350,870,0
"Endothelial_key_BBB","S1_TCTAATCCAAAGGTGA-1","Vcam1",0,"Sample1","Endothelial","Sample1",903,663,0
"Endothelial_key_BBB","S1_TGATTAGCAGGACTTG-1","Vcam1",0,"Sample1","Endothelial","Sample1",1129,741,0
"Endothelial_key_BBB","S1_TGCCCATCACCAATCC-1","Vcam1",1.35162227922205,"Sample1","Endothelial","Sample1",3492,1889,0
"Endothelial_key_BBB","S1_TGCTGGACACCTGTGT-1","Vcam1",0,"Sample1","Endothelial","Sample1",1200,838,0.25
"Endothelial_key_BBB","S1_TGCTGTCCATGAGTGT-1","Vcam1",0,"Sample1","Endothelial","Sample1",1471,892,2.03942895989123
"Endothelial_key_BBB","S1_TGGTTACGTTTGACCG-1","Vcam1",0,"Sample1","Endothelial","Sample1",1496,988,1.53743315508021
"Endothelial_key_BBB","S1_TGTATTGGTGACTTCG-1","Vcam1",0,"Sample1","Endothelial","Sample1",1543,1078,0
"Endothelial_key_BBB","S2_AACAGTAAGTCATTGG-1","Vcam1",0,"Sample2","Endothelial","Sample2",2843,1675,0.0703482237073514
"Endothelial_key_BBB","S2_AACGCGCCAAATGCCG-1","Vcam1",0,"Sample2","Endothelial","Sample2",1388,945,0
"Endothelial_key_BBB","S2_AACTGCATCACCTACT-1","Vcam1",0,"Sample2","Endothelial","Sample2",1330,919,0
"Endothelial_key_BBB","S2_AAGGCTAGTTTCCGTC-1","Vcam1",3.65676550346681,"Sample2","Endothelial","Sample2",1060,744,0
"Endothelial_key_BBB","S2_AATCTAGCATAACGCG-1","Vcam1",0,"Sample2","Endothelial","Sample2",1678,1099,0.0595947556615018
"Endothelial_key_BBB","S2_AATGGGGTCGATGCTA-1","Vcam1",0,"Sample2","Endothelial","Sample2",917,660,0.218102508178844
"Endothelial_key_BBB","S2_ACACGGTTCATGTCGA-1","Vcam1",0,"Sample2","Endothelial","Sample2",1236,854,0
"Endothelial_key_BBB","S2_ACAGGGGCATCACGAG-1","Vcam1",0,"Sample2","Endothelial","Sample2",875,681,0.571428571428571
"Endothelial_key_BBB","S2_ACCCAAATCATGGATT-1","Vcam1",0,"Sample2","Endothelial","Sample2",1143,797,0.0874890638670166
"Endothelial_key_BBB","S2_ACCCCAAGTCTGTGGC-1","Vcam1",0,"Sample2","Endothelial","Sample2",859,641,1.0477299185099
"Endothelial_key_BBB","S2_ACGCAGCCATAGATTG-1","Vcam1",0,"Sample2","Endothelial","Sample2",1313,912,0
"Endothelial_key_BBB","S2_ACGTCACAGCTATGCA-1","Vcam1",0,"Sample2","Endothelial","Sample2",4276,2280,0.0467726847521048
"Endothelial_key_BBB","S2_AGCAATTTCGATCGGT-1","Vcam1",0,"Sample2","Endothelial","Sample2",3538,2087,0.0565291124929339
"Endothelial_key_BBB","S2_AGCCATCAGGTCAACC-1","Vcam1",0,"Sample2","Endothelial","Sample2",2211,1403,0.0904568068747173
"Endothelial_key_BBB","S2_AGCCTGACACATTCCA-1","Vcam1",0,"Sample2","Endothelial","Sample2",1329,906,0
"Endothelial_key_BBB","S2_AGCTTTAGTTTACTCT-1","Vcam1",0,"Sample2","Endothelial","Sample2",3423,1895,0
"Endothelial_key_BBB","S2_AGGCTCACATCACGGA-1","Vcam1",0,"Sample2","Endothelial","Sample2",2161,1372,0.925497454881999
"Endothelial_key_BBB","S2_AGTGACAGTGAGCGAT-1","Vcam1",2.54451814694951,"Sample2","Endothelial","Sample2",852,652,1.29107981220657
"Endothelial_key_BBB","S2_AGTGAGTAGCGAACTC-1","Vcam1",2.11296423371848,"Sample2","Endothelial","Sample2",1375,932,0.0727272727272727
"Endothelial_key_BBB","S2_ATAGCCATCAAGTAAG-1","Vcam1",2.26160186449607,"Sample2","Endothelial","Sample2",1163,787,0
"Endothelial_key_BBB","S2_ATGACGGAGGATCTGC-1","Vcam1",0,"Sample2","Endothelial","Sample2",2232,1404,1.0752688172043
"Endothelial_key_BBB","S2_ATGGTTTAGTATGTAC-1","Vcam1",0,"Sample2","Endothelial","Sample2",1258,828,0.158982511923688
"Endothelial_key_BBB","S2_ATTCGCTTCCTCATCG-1","Vcam1",0,"Sample2","Endothelial","Sample2",1208,830,0.910596026490066
"Endothelial_key_BBB","S2_ATTGGTTAGCCCTGTC-1","Vcam1",0,"Sample2","Endothelial","Sample2",912,674,0
"Endothelial_key_BBB","S2_CAAATTCAGGGTACTC-1","Vcam1",2.56753787698029,"Sample2","Endothelial","Sample2",1662,1093,0
"Endothelial_key_BBB","S2_CACCTATTCGACCAGT-1","Vcam1",0,"Sample2","Endothelial","Sample2",3164,1762,0.0316055625790139
"Endothelial_key_BBB","S2_CAGGGCTCAAGCGCGT-1","Vcam1",0,"Sample2","Endothelial","Sample2",796,585,0
"Endothelial_key_BBB","S2_CATAACTAGCGATGTC-1","Vcam1",0,"Sample2","Endothelial","Sample2",886,676,0
"Endothelial_key_BBB","S2_CATACTGAGGCTTACA-1","Vcam1",0,"Sample2","Endothelial","Sample2",1110,768,0
"Endothelial_key_BBB","S2_CATAGGCTCGACATTG-1","Vcam1",0,"Sample2","Endothelial","Sample2",1187,813,0.08424599831508
"Endothelial_key_BBB","S2_CATCCACCATAATTGG-1","Vcam1",0,"Sample2","Endothelial","Sample2",1896,1292,0.474683544303797
"Endothelial_key_BBB","S2_CATTACTCAGTACCTC-1","Vcam1",0,"Sample2","Endothelial","Sample2",2072,1247,1.3996138996139
"Endothelial_key_BBB","S2_CCACAACAGTTAGTAC-1","Vcam1",0,"Sample2","Endothelial","Sample2",1555,1035,2.12218649517685
"Endothelial_key_BBB","S2_CCAGAGAAGGGGACGT-1","Vcam1",0,"Sample2","Endothelial","Sample2",808,585,0.495049504950495
"Endothelial_key_BBB","S2_CCCACTTGTGCATTCG-1","Vcam1",0,"Sample2","Endothelial","Sample2",1717,1060,1.51426907396622
"Endothelial_key_BBB","S2_CCCACTTGTTTCGGGC-1","Vcam1",0,"Sample2","Endothelial","Sample2",1320,896,1.89393939393939
"Endothelial_key_BBB","S2_CCGGCATGTGGAAGTC-1","Vcam1",0,"Sample2","Endothelial","Sample2",1159,791,0
"Endothelial_key_BBB","S2_CGAATCATCCCGCTTA-1","Vcam1",1.501942095567,"Sample2","Endothelial","Sample2",2865,1525,0
"Endothelial_key_BBB","S2_CGAATTTAGAACCTTG-1","Vcam1",0,"Sample2","Endothelial","Sample2",1450,917,0
"Endothelial_key_BBB","S2_CGAGGGACATCGTAGG-1","Vcam1",0,"Sample2","Endothelial","Sample2",1063,788,0.846660395108184
"Endothelial_key_BBB","S2_CGATAGTCATCCCTGG-1","Vcam1",0,"Sample2","Endothelial","Sample2",940,606,0
"Endothelial_key_BBB","S2_CGCACTTCACTCATCA-1","Vcam1",0,"Sample2","Endothelial","Sample2",1268,814,0.394321766561514
"Endothelial_key_BBB","S2_CGGTGTTAGTGCTGCG-1","Vcam1",0,"Sample2","Endothelial","Sample2",1068,739,0
"Endothelial_key_BBB","S2_CGTATTGAGGTATAGA-1","Vcam1",0,"Sample2","Endothelial","Sample2",846,625,0.118203309692671
"Endothelial_key_BBB","S2_CGTGCCTTCAGGTCGT-1","Vcam1",0,"Sample2","Endothelial","Sample2",826,578,0
"Endothelial_key_BBB","S2_CTCCTTAGTAATGCTC-1","Vcam1",0,"Sample2","Endothelial","Sample2",979,652,0.204290091930541
"Endothelial_key_BBB","S2_CTCTAGAAGCAAGGAT-1","Vcam1",0,"Sample2","Endothelial","Sample2",689,525,0.145137880986938
"Endothelial_key_BBB","S2_CTCTTAATCCATTCCG-1","Vcam1",0,"Sample2","Endothelial","Sample2",1433,909,0.0697836706210747
"Endothelial_key_BBB","S2_CTGAAAGGTTTACTTC-1","Vcam1",0,"Sample2","Endothelial","Sample2",1430,932,0
"Endothelial_key_BBB","S2_CTGTCCATCGCTCAGG-1","Vcam1",0,"Sample2","Endothelial","Sample2",544,398,0
"Endothelial_key_BBB","S2_CTTAATGGTTTGCCAG-1","Vcam1",0,"Sample2","Endothelial","Sample2",1238,859,0.403877221324717
"Endothelial_key_BBB","S2_CTTAGTAGTGATAGGC-1","Vcam1",0,"Sample2","Endothelial","Sample2",861,627,0
"Endothelial_key_BBB","S2_CTTCATCAGTCGATAT-1","Vcam1",0,"Sample2","Endothelial","Sample2",1076,736,0.0929368029739777
"Endothelial_key_BBB","S2_GCACGAGGTAGCTCGC-1","Vcam1",0,"Sample2","Endothelial","Sample2",1132,808,0.176678445229682
"Endothelial_key_BBB","S2_GCACTGGTCCGTCACC-1","Vcam1",0,"Sample2","Endothelial","Sample2",1426,937,0
"Endothelial_key_BBB","S2_GCAGTAAGTCAAGGCG-1","Vcam1",2.32651099002087,"Sample2","Endothelial","Sample2",1082,771,0
"Endothelial_key_BBB","S2_GCCCATAGTAGCCAGG-1","Vcam1",0,"Sample2","Endothelial","Sample2",2738,1622,0.0365230094959825
"Endothelial_key_BBB","S2_GGAACGATCAGCACCG-1","Vcam1",0,"Sample2","Endothelial","Sample2",7121,3011,0.0702148574638393
"Endothelial_key_BBB","S2_GGACCCTGTTAGCTGT-1","Vcam1",0,"Sample2","Endothelial","Sample2",1371,927,0
"Endothelial_key_BBB","S2_GGATGGGCAAGTTCCC-1","Vcam1",0,"Sample2","Endothelial","Sample2",1519,1040,0
"Endothelial_key_BBB","S2_GGATTAAAGTTGGGCT-1","Vcam1",0,"Sample2","Endothelial","Sample2",1160,790,0.0862068965517241
"Endothelial_key_BBB","S2_GGCATCCGTGGAAGGA-1","Vcam1",0,"Sample2","Endothelial","Sample2",1420,936,0.422535211267606
"Endothelial_key_BBB","S2_GGCTGCATCAATTGGT-1","Vcam1",0,"Sample2","Endothelial","Sample2",1353,956,0.073909830007391
"Endothelial_key_BBB","S2_GGCTTCCTCGACTATG-1","Vcam1",0,"Sample2","Endothelial","Sample2",1530,1003,0.065359477124183
"Endothelial_key_BBB","S2_GGCTTTGGTAGTGTGA-1","Vcam1",0,"Sample2","Endothelial","Sample2",1036,724,0
"Endothelial_key_BBB","S2_GTAACCATCAGGGATG-1","Vcam1",0,"Sample2","Endothelial","Sample2",2397,1429,0
"Endothelial_key_BBB","S2_GTAATGGGTAAGGTTG-1","Vcam1",0,"Sample2","Endothelial","Sample2",1029,753,0
"Endothelial_key_BBB","S2_GTACCAGCAAATGGGA-1","Vcam1",3.14937261910123,"Sample2","Endothelial","Sample2",896,675,0
"Endothelial_key_BBB","S2_GTAGCATCATTAGCGG-1","Vcam1",2.14449029694744,"Sample2","Endothelial","Sample2",3980,2204,3.29145728643216
"Endothelial_key_BBB","S2_GTATAGCCAGTAAGGA-1","Vcam1",0,"Sample2","Endothelial","Sample2",1212,849,0.0825082508250825
"Endothelial_key_BBB","S2_GTCTCCATCCGCCACT-1","Vcam1",0,"Sample2","Endothelial","Sample2",1590,1012,0
"Endothelial_key_BBB","S2_GTGGCAGGTCCCGAAC-1","Vcam1",0,"Sample2","Endothelial","Sample2",4020,2261,1.41791044776119
"Endothelial_key_BBB","S2_GTTCTAAGTTATCGCG-1","Vcam1",2.21374942574787,"Sample2","Endothelial","Sample2",1227,857,0
"Endothelial_key_BBB","S2_GTTCTCACATTGGCGA-1","Vcam1",0,"Sample2","Endothelial","Sample2",1502,966,0.33288948069241
"Endothelial_key_BBB","S2_GTTGAAGGTTAGCATC-1","Vcam1",0,"Sample2","Endothelial","Sample2",1079,758,0.185356811862836
"Endothelial_key_BBB","S2_GTTGCCTCAGGATCTG-1","Vcam1",0,"Sample2","Endothelial","Sample2",1401,926,0.356887937187723
"Endothelial_key_BBB","S2_TATGATGCATCCATAT-1","Vcam1",2.34677381447963,"Sample2","Endothelial","Sample2",1058,773,0
"Endothelial_key_BBB","S2_TCATGGATCCATCAAG-1","Vcam1",0,"Sample2","Endothelial","Sample2",1341,867,0.0745712155108128
"Endothelial_key_BBB","S2_TCATTCGCAAAGGACA-1","Vcam1",0,"Sample2","Endothelial","Sample2",1024,743,0.09765625
"Endothelial_key_BBB","S2_TCCAAAGTCGCTCACC-1","Vcam1",0,"Sample2","Endothelial","Sample2",1112,794,0
"Endothelial_key_BBB","S2_TCCAGGTAGGGGATTG-1","Vcam1",0,"Sample2","Endothelial","Sample2",1542,1028,0
"Endothelial_key_BBB","S2_TCCCCTGGTTGGTCAT-1","Vcam1",0,"Sample2","Endothelial","Sample2",3044,1674,0
"Endothelial_key_BBB","S2_TCGCAACAGGTGACAG-1","Vcam1",2.09401455295064,"Sample2","Endothelial","Sample2",1405,988,0
"Endothelial_key_BBB","S2_TCGCTGCTCATCAGTG-1","Vcam1",0,"Sample2","Endothelial","Sample2",1584,990,1.70454545454545
"Endothelial_key_BBB","S2_TCTACGTTCGCTAGTA-1","Vcam1",2.2043674648486,"Sample2","Endothelial","Sample2",1240,832,0
"Endothelial_key_BBB","S2_TCTATCTGTAGTGTGA-1","Vcam1",2.17894638832927,"Sample2","Endothelial","Sample2",1276,893,0.0783699059561128
"Endothelial_key_BBB","S2_TCTCATTGTCTTGCTC-1","Vcam1",0,"Sample2","Endothelial","Sample2",4145,2090,0
"Endothelial_key_BBB","S2_TGATTGGTCAGGATGG-1","Vcam1",0,"Sample2","Endothelial","Sample2",1429,1025,1.60951714485654
"Endothelial_key_BBB","S2_TGCGAAAGTTGCTGTG-1","Vcam1",0,"Sample2","Endothelial","Sample2",1428,970,0.280112044817927
"Endothelial_key_BBB","S2_TGCTATAGTCAATCCG-1","Vcam1",0,"Sample2","Endothelial","Sample2",2049,1375,0.927281600780869
"Endothelial_key_BBB","S2_TGGAGTGAGGAGGCTA-1","Vcam1",0,"Sample2","Endothelial","Sample2",806,591,0
"Endothelial_key_BBB","S2_TGGCGCATCCCTCACA-1","Vcam1",1.46813452203004,"Sample2","Endothelial","Sample2",5986,3254,2.47243568326094
"Endothelial_key_BBB","S2_TGTCGATGTTATGGCT-1","Vcam1",0,"Sample2","Endothelial","Sample2",1070,778,0
"Pericyte_key_BBB","S1_AAACCATTCAGTTACG-1","Anpep",0,"Sample1","Pericytes","Sample1",1248,819,0
"Pericyte_key_BBB","S1_AAACGCCTCGTTAGAT-1","Anpep",0,"Sample1","Pericytes","Sample1",1017,704,0
"Pericyte_key_BBB","S1_ACCACAGCAATCATCT-1","Anpep",0,"Sample1","Pericytes","Sample1",1557,1065,0
"Pericyte_key_BBB","S1_ACTGGTCAGTAGGAAC-1","Anpep",0,"Sample1","Pericytes","Sample1",1179,748,1.18744698897371
"Pericyte_key_BBB","S1_ACTTGAGTCCCAGAGT-1","Anpep",0,"Sample1","Pericytes","Sample1",808,580,2.35148514851485
"Pericyte_key_BBB","S1_AGCCGTTAGGAACCAG-1","Anpep",0,"Sample1","Pericytes","Sample1",1207,850,0.994200497100249
"Pericyte_key_BBB","S1_AGGGTACGTGGAAGCT-1","Anpep",0,"Sample1","Pericytes","Sample1",999,709,0.2002002002002
"Pericyte_key_BBB","S1_AGGGTTGAGTCAGCCG-1","Anpep",0,"Sample1","Pericytes","Sample1",1150,751,0.173913043478261
"Pericyte_key_BBB","S1_AGTCACGCAATAGTTG-1","Anpep",0,"Sample1","Pericytes","Sample1",529,387,0
"Pericyte_key_BBB","S1_AGTCGGTTCCATCGGG-1","Anpep",0,"Sample1","Pericytes","Sample1",703,524,0
"Pericyte_key_BBB","S1_ATCAGTTAGCCTGAGT-1","Anpep",0,"Sample1","Pericytes","Sample1",1144,786,0
"Pericyte_key_BBB","S1_CAACAGTCATGAGCGC-1","Anpep",0,"Sample1","Pericytes","Sample1",1490,938,0.268456375838926
"Pericyte_key_BBB","S1_CAAGGCAAGCCTCTCA-1","Anpep",0,"Sample1","Pericytes","Sample1",1178,725,0
"Pericyte_key_BBB","S1_CACACAGCAGCTCGAA-1","Anpep",0,"Sample1","Pericytes","Sample1",1130,763,0
"Pericyte_key_BBB","S1_CAGCCATAGGAGTAAC-1","Anpep",2.58663650393941,"Sample1","Pericytes","Sample1",814,589,0
"Pericyte_key_BBB","S1_CAGTAGGAGTGGCCTG-1","Anpep",2.51371580201483,"Sample1","Pericytes","Sample1",881,634,0
"Pericyte_key_BBB","S1_CATCCGGAGTACGGAG-1","Anpep",0,"Sample1","Pericytes","Sample1",924,658,0.108225108225108
"Pericyte_key_BBB","S1_CCAGTTAAGGTCGAGA-1","Anpep",0,"Sample1","Pericytes","Sample1",1137,830,0.175901495162709
"Pericyte_key_BBB","S1_CCCATCTGTATGGCAA-1","Anpep",0,"Sample1","Pericytes","Sample1",1553,917,0
"Pericyte_key_BBB","S1_CCGTCTATCCCGCGTT-1","Anpep",0,"Sample1","Pericytes","Sample1",955,688,0.104712041884817
"Pericyte_key_BBB","S1_CCGTGCAAGGATTCAT-1","Anpep",0,"Sample1","Pericytes","Sample1",863,643,0
"Pericyte_key_BBB","S1_CCTAGCGAGAAGCATA-1","Anpep",0,"Sample1","Pericytes","Sample1",948,672,0
"Pericyte_key_BBB","S1_CCTAGCGAGTGTCATG-1","Anpep",0,"Sample1","Pericytes","Sample1",529,407,0
"Pericyte_key_BBB","S1_CCTTGGGAGTCGCGCA-1","Anpep",0,"Sample1","Pericytes","Sample1",666,506,0.15015015015015
"Pericyte_key_BBB","S1_CGAATTTAGCATGTGC-1","Anpep",0,"Sample1","Pericytes","Sample1",655,476,0
"Pericyte_key_BBB","S1_CGACTAATCATGTGTG-1","Anpep",0,"Sample1","Pericytes","Sample1",1488,908,0
"Pericyte_key_BBB","S1_CGATTCCCACTTGGGA-1","Anpep",0,"Sample1","Pericytes","Sample1",870,610,0
"Pericyte_key_BBB","S1_CGCAAATCAATCAAGC-1","Anpep",0,"Sample1","Pericytes","Sample1",662,497,1.81268882175227
"Pericyte_key_BBB","S1_CGTTCAGGTTATCCAA-1","Anpep",0,"Sample1","Pericytes","Sample1",1073,756,0
"Pericyte_key_BBB","S1_CTTGCGGAGTGATAGA-1","Anpep",0,"Sample1","Pericytes","Sample1",622,471,0
"Pericyte_key_BBB","S1_GCTCCGTTCGATCGGT-1","Anpep",0,"Sample1","Pericytes","Sample1",724,523,0
"Pericyte_key_BBB","S1_GGAACCAAGCGAGTAG-1","Anpep",0,"Sample1","Pericytes","Sample1",537,427,0
"Pericyte_key_BBB","S1_GGGACGTAGCTATCGA-1","Anpep",0,"Sample1","Pericytes","Sample1",919,643,0.326441784548422
"Pericyte_key_BBB","S1_GGGCTTACAAGCCTAG-1","Anpep",0,"Sample1","Pericytes","Sample1",1348,924,0
"Pericyte_key_BBB","S1_GGTCGCATCCTGTCGC-1","Anpep",0,"Sample1","Pericytes","Sample1",1302,839,0.0768049155145929
"Pericyte_key_BBB","S1_GGTGAACGTTTAAGCC-1","Anpep",0,"Sample1","Pericytes","Sample1",985,644,0
"Pericyte_key_BBB","S1_GGTTTAGTCTATGTCC-1","Anpep",0,"Sample1","Pericytes","Sample1",757,527,0
"Pericyte_key_BBB","S1_GTATCTTCAAACTTAG-1","Anpep",2.71235409996139,"Sample1","Pericytes","Sample1",711,509,0
"Pericyte_key_BBB","S1_GTGAGGATCATGTAAC-1","Anpep",0,"Sample1","Pericytes","Sample1",944,666,0.10593220338983
"Pericyte_key_BBB","S1_TACCCATTCGTGCTCC-1","Anpep",0,"Sample1","Pericytes","Sample1",1063,732,0
"Pericyte_key_BBB","S1_TATCCTTGTTCCCAGA-1","Anpep",0,"Sample1","Pericytes","Sample1",1323,899,0.151171579743008
"Pericyte_key_BBB","S1_TCAGTTGAGTGCGCTG-1","Anpep",0,"Sample1","Pericytes","Sample1",1060,743,0
"Pericyte_key_BBB","S1_TCGATCAAGATACTCG-1","Anpep",0,"Sample1","Pericytes","Sample1",906,664,0.22075055187638
"Pericyte_key_BBB","S1_TGCACAATCAGGCAGA-1","Anpep",2.91105605595869,"Sample1","Pericytes","Sample1",1151,834,0.260642919200695
"Pericyte_key_BBB","S1_TGCACCTCAGGACTGC-1","Anpep",0,"Sample1","Pericytes","Sample1",1173,797,0.682011935208866
"Pericyte_key_BBB","S1_TGTGAACCAATCTGAA-1","Anpep",0,"Sample1","Pericytes","Sample1",1113,748,0
"Pericyte_key_BBB","S2_AAACGGACATTGCGTC-1","Anpep",0,"Sample2","Pericytes","Sample2",715,525,0.13986013986014
"Pericyte_key_BBB","S2_ACAGGCGGTGCGATCC-1","Anpep",0,"Sample2","Pericytes","Sample2",912,671,0.219298245614035
"Pericyte_key_BBB","S2_ACCAAACCACTTACAT-1","Anpep",0,"Sample2","Pericytes","Sample2",1438,949,0
"Pericyte_key_BBB","S2_ACCACACAGCCGATGT-1","Anpep",0,"Sample2","Pericytes","Sample2",855,632,0
"Pericyte_key_BBB","S2_ACGTGGTTCCTTAGTC-1","Anpep",0,"Sample2","Pericytes","Sample2",873,635,0.11454753722795
"Pericyte_key_BBB","S2_ACTGTTAGTTACACTA-1","Anpep",0,"Sample2","Pericytes","Sample2",1204,811,0.0830564784053156
"Pericyte_key_BBB","S2_ACTTTGCTCATGAGTT-1","Anpep",0,"Sample2","Pericytes","Sample2",1179,851,0.339270568278202
"Pericyte_key_BBB","S2_ATACCATAGGTGATGG-1","Anpep",0,"Sample2","Pericytes","Sample2",670,512,0
"Pericyte_key_BBB","S2_ATGATTGCATAGACAC-1","Anpep",2.41442153948435,"Sample2","Pericytes","Sample2",982,667,0
"Pericyte_key_BBB","S2_CAAGATGGTGAAGTTG-1","Anpep",0,"Sample2","Pericytes","Sample2",708,513,0
"Pericyte_key_BBB","S2_CAAGCGAAGGAACCCT-1","Anpep",0,"Sample2","Pericytes","Sample2",945,662,0.211640211640212
"Pericyte_key_BBB","S2_CACTCCGCAAGTGGAA-1","Anpep",0,"Sample2","Pericytes","Sample2",1072,733,0
"Pericyte_key_BBB","S2_CATAGAGGTTCGCCAA-1","Anpep",0,"Sample2","Pericytes","Sample2",1015,718,0.0985221674876847
"Pericyte_key_BBB","S2_CGATTAACATTGCACC-1","Anpep",0,"Sample2","Pericytes","Sample2",982,676,0
"Pericyte_key_BBB","S2_CGCTGCTTCGCTCTCA-1","Anpep",0,"Sample2","Pericytes","Sample2",1315,879,0.0760456273764259
"Pericyte_key_BBB","S2_CTATGGATCAGGCAGA-1","Anpep",0,"Sample2","Pericytes","Sample2",1778,1176,0.0562429696287964
"Pericyte_key_BBB","S2_CTCATCCGTCTTGCTC-1","Anpep",2.31656371763325,"Sample2","Pericytes","Sample2",1094,722,0.457038391224863
"Pericyte_key_BBB","S2_CTCCCTGGTAACGGCG-1","Anpep",0,"Sample2","Pericytes","Sample2",1234,848,0
"Pericyte_key_BBB","S2_CTCCCTGGTGAGCCGA-1","Anpep",0,"Sample2","Pericytes","Sample2",1215,821,0.164609053497942
"Pericyte_key_BBB","S2_CTCTTAATCCGTGATA-1","Anpep",0,"Sample2","Pericytes","Sample2",1525,970,0.0655737704918033
"Pericyte_key_BBB","S2_CTGATTAGTAGTTAGG-1","Anpep",0,"Sample2","Pericytes","Sample2",824,616,0
"Pericyte_key_BBB","S2_CTGGAAAGTGAGCCAG-1","Anpep",0,"Sample2","Pericytes","Sample2",787,572,0.127064803049555
"Pericyte_key_BBB","S2_CTGGACTAGGCACATC-1","Anpep",0,"Sample2","Pericytes","Sample2",936,658,0
"Pericyte_key_BBB","S2_GCACTTGGTAGCGCGA-1","Anpep",0,"Sample2","Pericytes","Sample2",1035,734,0
"Pericyte_key_BBB","S2_GCCCCTTAGGAACCCT-1","Anpep",2.39065411154181,"Sample2","Pericytes","Sample2",1008,689,0.297619047619048
"Pericyte_key_BBB","S2_GCCTACCTCCCAGACG-1","Anpep",0,"Sample2","Pericytes","Sample2",1105,779,0
"Pericyte_key_BBB","S2_GCGCTCAAGCTAACTG-1","Anpep",0,"Sample2","Pericytes","Sample2",1219,822,0
"Pericyte_key_BBB","S2_GGCGTTACACTAATTC-1","Anpep",0,"Sample2","Pericytes","Sample2",684,525,0
"Pericyte_key_BBB","S2_GGGACCTCAACCTGCT-1","Anpep",0,"Sample2","Pericytes","Sample2",787,500,0.127064803049555
"Pericyte_key_BBB","S2_GGTGTTGCAGGCATTG-1","Anpep",0,"Sample2","Pericytes","Sample2",904,650,0.331858407079646
"Pericyte_key_BBB","S2_GGTTACATCATCTCTA-1","Anpep",0,"Sample2","Pericytes","Sample2",1014,727,0
"Pericyte_key_BBB","S2_GGTTCTAAGAAGGGAA-1","Anpep",0,"Sample2","Pericytes","Sample2",1901,1096,0
"Pericyte_key_BBB","S2_GTACGGTTCGTTACAG-1","Anpep",0,"Sample2","Pericytes","Sample2",770,559,0
"Pericyte_key_BBB","S2_GTAGCCACAGCTCATC-1","Anpep",0,"Sample2","Pericytes","Sample2",633,485,0.4739336492891
"Pericyte_key_BBB","S2_GTAGGTGAGGTGCTAC-1","Anpep",0,"Sample2","Pericytes","Sample2",1012,721,0
"Pericyte_key_BBB","S2_GTCCGTGAGGCAATCC-1","Anpep",0,"Sample2","Pericytes","Sample2",789,580,0
"Pericyte_key_BBB","S2_GTGATTGTCACGCGCA-1","Anpep",0,"Sample2","Pericytes","Sample2",936,671,0
"Pericyte_key_BBB","S2_TAACCATAGCTTAGTG-1","Anpep",0,"Sample2","Pericytes","Sample2",772,579,0
"Pericyte_key_BBB","S2_TAGCCCTCACCAATCC-1","Anpep",0,"Sample2","Pericytes","Sample2",1518,981,0.0658761528326746
"Pericyte_key_BBB","S2_TATCGTAGTTGACTCG-1","Anpep",2.48298383639514,"Sample2","Pericytes","Sample2",911,628,0
"Pericyte_key_BBB","S2_TCACGACAGCTATCCT-1","Anpep",1.97938681173799,"Sample2","Pericytes","Sample2",1603,1027,0
"Pericyte_key_BBB","S2_TCCTAATCATGAAGTC-1","Anpep",0,"Sample2","Pericytes","Sample2",1226,850,0
"Pericyte_key_BBB","S2_TGAACCGCATGGTCAG-1","Anpep",0,"Sample2","Pericytes","Sample2",896,660,0.111607142857143
"Pericyte_key_BBB","S2_TGAGTCGCAGGTAATC-1","Anpep",0,"Sample2","Pericytes","Sample2",943,664,0.106044538706257
"Pericyte_key_BBB","S2_TGTCGTCCAAGCCAGC-1","Anpep",0,"Sample2","Pericytes","Sample2",1043,740,0
"Pericyte_key_BBB","S1_AAACCATTCAGTTACG-1","Kcnj8",0,"Sample1","Pericytes","Sample1",1248,819,0
"Pericyte_key_BBB","S1_AAACGCCTCGTTAGAT-1","Kcnj8",0,"Sample1","Pericytes","Sample1",1017,704,0
"Pericyte_key_BBB","S1_ACCACAGCAATCATCT-1","Kcnj8",0,"Sample1","Pericytes","Sample1",1557,1065,0
"Pericyte_key_BBB","S1_ACTGGTCAGTAGGAAC-1","Kcnj8",0,"Sample1","Pericytes","Sample1",1179,748,1.18744698897371
"Pericyte_key_BBB","S1_ACTTGAGTCCCAGAGT-1","Kcnj8",0,"Sample1","Pericytes","Sample1",808,580,2.35148514851485
"Pericyte_key_BBB","S1_AGCCGTTAGGAACCAG-1","Kcnj8",0,"Sample1","Pericytes","Sample1",1207,850,0.994200497100249
"Pericyte_key_BBB","S1_AGGGTACGTGGAAGCT-1","Kcnj8",0,"Sample1","Pericytes","Sample1",999,709,0.2002002002002
"Pericyte_key_BBB","S1_AGGGTTGAGTCAGCCG-1","Kcnj8",0,"Sample1","Pericytes","Sample1",1150,751,0.173913043478261
"Pericyte_key_BBB","S1_AGTCACGCAATAGTTG-1","Kcnj8",0,"Sample1","Pericytes","Sample1",529,387,0
"Pericyte_key_BBB","S1_AGTCGGTTCCATCGGG-1","Kcnj8",0,"Sample1","Pericytes","Sample1",703,524,0
"Pericyte_key_BBB","S1_ATCAGTTAGCCTGAGT-1","Kcnj8",2.2763703435199,"Sample1","Pericytes","Sample1",1144,786,0
"Pericyte_key_BBB","S1_CAACAGTCATGAGCGC-1","Kcnj8",0,"Sample1","Pericytes","Sample1",1490,938,0.268456375838926
"Pericyte_key_BBB","S1_CAAGGCAAGCCTCTCA-1","Kcnj8",0,"Sample1","Pericytes","Sample1",1178,725,0
"Pericyte_key_BBB","S1_CACACAGCAGCTCGAA-1","Kcnj8",0,"Sample1","Pericytes","Sample1",1130,763,0
"Pericyte_key_BBB","S1_CAGCCATAGGAGTAAC-1","Kcnj8",0,"Sample1","Pericytes","Sample1",814,589,0
"Pericyte_key_BBB","S1_CAGTAGGAGTGGCCTG-1","Kcnj8",0,"Sample1","Pericytes","Sample1",881,634,0
"Pericyte_key_BBB","S1_CATCCGGAGTACGGAG-1","Kcnj8",2.47000541095191,"Sample1","Pericytes","Sample1",924,658,0.108225108225108
"Pericyte_key_BBB","S1_CCAGTTAAGGTCGAGA-1","Kcnj8",0,"Sample1","Pericytes","Sample1",1137,830,0.175901495162709
"Pericyte_key_BBB","S1_CCCATCTGTATGGCAA-1","Kcnj8",0,"Sample1","Pericytes","Sample1",1553,917,0
"Pericyte_key_BBB","S1_CCGTCTATCCCGCGTT-1","Kcnj8",0,"Sample1","Pericytes","Sample1",955,688,0.104712041884817
"Pericyte_key_BBB","S1_CCGTGCAAGGATTCAT-1","Kcnj8",0,"Sample1","Pericytes","Sample1",863,643,0
"Pericyte_key_BBB","S1_CCTAGCGAGAAGCATA-1","Kcnj8",0,"Sample1","Pericytes","Sample1",948,672,0
"Pericyte_key_BBB","S1_CCTAGCGAGTGTCATG-1","Kcnj8",0,"Sample1","Pericytes","Sample1",529,407,0
"Pericyte_key_BBB","S1_CCTTGGGAGTCGCGCA-1","Kcnj8",0,"Sample1","Pericytes","Sample1",666,506,0.15015015015015
"Pericyte_key_BBB","S1_CGAATTTAGCATGTGC-1","Kcnj8",0,"Sample1","Pericytes","Sample1",655,476,0
"Pericyte_key_BBB","S1_CGACTAATCATGTGTG-1","Kcnj8",0,"Sample1","Pericytes","Sample1",1488,908,0
"Pericyte_key_BBB","S1_CGATTCCCACTTGGGA-1","Kcnj8",0,"Sample1","Pericytes","Sample1",870,610,0
"Pericyte_key_BBB","S1_CGCAAATCAATCAAGC-1","Kcnj8",2.7791757414457,"Sample1","Pericytes","Sample1",662,497,1.81268882175227
"Pericyte_key_BBB","S1_CGTTCAGGTTATCCAA-1","Kcnj8",0,"Sample1","Pericytes","Sample1",1073,756,0
"Pericyte_key_BBB","S1_CTTGCGGAGTGATAGA-1","Kcnj8",0,"Sample1","Pericytes","Sample1",622,471,0
"Pericyte_key_BBB","S1_GCTCCGTTCGATCGGT-1","Kcnj8",0,"Sample1","Pericytes","Sample1",724,523,0
"Pericyte_key_BBB","S1_GGAACCAAGCGAGTAG-1","Kcnj8",0,"Sample1","Pericytes","Sample1",537,427,0
"Pericyte_key_BBB","S1_GGGACGTAGCTATCGA-1","Kcnj8",0,"Sample1","Pericytes","Sample1",919,643,0.326441784548422
"Pericyte_key_BBB","S1_GGGCTTACAAGCCTAG-1","Kcnj8",0,"Sample1","Pericytes","Sample1",1348,924,0
"Pericyte_key_BBB","S1_GGTCGCATCCTGTCGC-1","Kcnj8",0,"Sample1","Pericytes","Sample1",1302,839,0.0768049155145929
"Pericyte_key_BBB","S1_GGTGAACGTTTAAGCC-1","Kcnj8",0,"Sample1","Pericytes","Sample1",985,644,0
"Pericyte_key_BBB","S1_GGTTTAGTCTATGTCC-1","Kcnj8",2.65394873099456,"Sample1","Pericytes","Sample1",757,527,0
"Pericyte_key_BBB","S1_GTATCTTCAAACTTAG-1","Kcnj8",0,"Sample1","Pericytes","Sample1",711,509,0
"Pericyte_key_BBB","S1_GTGAGGATCATGTAAC-1","Kcnj8",0,"Sample1","Pericytes","Sample1",944,666,0.10593220338983
"Pericyte_key_BBB","S1_TACCCATTCGTGCTCC-1","Kcnj8",0,"Sample1","Pericytes","Sample1",1063,732,0
"Pericyte_key_BBB","S1_TATCCTTGTTCCCAGA-1","Kcnj8",0,"Sample1","Pericytes","Sample1",1323,899,0.151171579743008
"Pericyte_key_BBB","S1_TCAGTTGAGTGCGCTG-1","Kcnj8",0,"Sample1","Pericytes","Sample1",1060,743,0
"Pericyte_key_BBB","S1_TCGATCAAGATACTCG-1","Kcnj8",0,"Sample1","Pericytes","Sample1",906,664,0.22075055187638
"Pericyte_key_BBB","S1_TGCACAATCAGGCAGA-1","Kcnj8",0,"Sample1","Pericytes","Sample1",1151,834,0.260642919200695
"Pericyte_key_BBB","S1_TGCACCTCAGGACTGC-1","Kcnj8",0,"Sample1","Pericytes","Sample1",1173,797,0.682011935208866
"Pericyte_key_BBB","S1_TGTGAACCAATCTGAA-1","Kcnj8",0,"Sample1","Pericytes","Sample1",1113,748,0
"Pericyte_key_BBB","S2_AAACGGACATTGCGTC-1","Kcnj8",0,"Sample2","Pericytes","Sample2",715,525,0.13986013986014
"Pericyte_key_BBB","S2_ACAGGCGGTGCGATCC-1","Kcnj8",0,"Sample2","Pericytes","Sample2",912,671,0.219298245614035
"Pericyte_key_BBB","S2_ACCAAACCACTTACAT-1","Kcnj8",0,"Sample2","Pericytes","Sample2",1438,949,0
"Pericyte_key_BBB","S2_ACCACACAGCCGATGT-1","Kcnj8",0,"Sample2","Pericytes","Sample2",855,632,0
"Pericyte_key_BBB","S2_ACGTGGTTCCTTAGTC-1","Kcnj8",0,"Sample2","Pericytes","Sample2",873,635,0.11454753722795
"Pericyte_key_BBB","S2_ACTGTTAGTTACACTA-1","Kcnj8",2.23062151051123,"Sample2","Pericytes","Sample2",1204,811,0.0830564784053156
"Pericyte_key_BBB","S2_ACTTTGCTCATGAGTT-1","Kcnj8",0,"Sample2","Pericytes","Sample2",1179,851,0.339270568278202
"Pericyte_key_BBB","S2_ATACCATAGGTGATGG-1","Kcnj8",0,"Sample2","Pericytes","Sample2",670,512,0
"Pericyte_key_BBB","S2_ATGATTGCATAGACAC-1","Kcnj8",0,"Sample2","Pericytes","Sample2",982,667,0
"Pericyte_key_BBB","S2_CAAGATGGTGAAGTTG-1","Kcnj8",0,"Sample2","Pericytes","Sample2",708,513,0
"Pericyte_key_BBB","S2_CAAGCGAAGGAACCCT-1","Kcnj8",0,"Sample2","Pericytes","Sample2",945,662,0.211640211640212
"Pericyte_key_BBB","S2_CACTCCGCAAGTGGAA-1","Kcnj8",0,"Sample2","Pericytes","Sample2",1072,733,0
"Pericyte_key_BBB","S2_CATAGAGGTTCGCCAA-1","Kcnj8",0,"Sample2","Pericytes","Sample2",1015,718,0.0985221674876847
"Pericyte_key_BBB","S2_CGATTAACATTGCACC-1","Kcnj8",0,"Sample2","Pericytes","Sample2",982,676,0
"Pericyte_key_BBB","S2_CGCTGCTTCGCTCTCA-1","Kcnj8",0,"Sample2","Pericytes","Sample2",1315,879,0.0760456273764259
"Pericyte_key_BBB","S2_CTATGGATCAGGCAGA-1","Kcnj8",1.89074424743067,"Sample2","Pericytes","Sample2",1778,1176,0.0562429696287964
"Pericyte_key_BBB","S2_CTCATCCGTCTTGCTC-1","Kcnj8",0,"Sample2","Pericytes","Sample2",1094,722,0.457038391224863
"Pericyte_key_BBB","S2_CTCCCTGGTAACGGCG-1","Kcnj8",0,"Sample2","Pericytes","Sample2",1234,848,0
"Pericyte_key_BBB","S2_CTCCCTGGTGAGCCGA-1","Kcnj8",0,"Sample2","Pericytes","Sample2",1215,821,0.164609053497942
"Pericyte_key_BBB","S2_CTCTTAATCCGTGATA-1","Kcnj8",2.02252417882334,"Sample2","Pericytes","Sample2",1525,970,0.0655737704918033
"Pericyte_key_BBB","S2_CTGATTAGTAGTTAGG-1","Kcnj8",0,"Sample2","Pericytes","Sample2",824,616,0
"Pericyte_key_BBB","S2_CTGGAAAGTGAGCCAG-1","Kcnj8",2.61786873595803,"Sample2","Pericytes","Sample2",787,572,0.127064803049555
"Pericyte_key_BBB","S2_CTGGACTAGGCACATC-1","Kcnj8",0,"Sample2","Pericytes","Sample2",936,658,0
"Pericyte_key_BBB","S2_GCACTTGGTAGCGCGA-1","Kcnj8",0,"Sample2","Pericytes","Sample2",1035,734,0
"Pericyte_key_BBB","S2_GCCCCTTAGGAACCCT-1","Kcnj8",0,"Sample2","Pericytes","Sample2",1008,689,0.297619047619048
"Pericyte_key_BBB","S2_GCCTACCTCCCAGACG-1","Kcnj8",0,"Sample2","Pericytes","Sample2",1105,779,0
"Pericyte_key_BBB","S2_GCGCTCAAGCTAACTG-1","Kcnj8",0,"Sample2","Pericytes","Sample2",1219,822,0
"Pericyte_key_BBB","S2_GGCGTTACACTAATTC-1","Kcnj8",0,"Sample2","Pericytes","Sample2",684,525,0
"Pericyte_key_BBB","S2_GGGACCTCAACCTGCT-1","Kcnj8",0,"Sample2","Pericytes","Sample2",787,500,0.127064803049555
"Pericyte_key_BBB","S2_GGTGTTGCAGGCATTG-1","Kcnj8",0,"Sample2","Pericytes","Sample2",904,650,0.331858407079646
"Pericyte_key_BBB","S2_GGTTACATCATCTCTA-1","Kcnj8",0,"Sample2","Pericytes","Sample2",1014,727,0
"Pericyte_key_BBB","S2_GGTTCTAAGAAGGGAA-1","Kcnj8",0,"Sample2","Pericytes","Sample2",1901,1096,0
"Pericyte_key_BBB","S2_GTACGGTTCGTTACAG-1","Kcnj8",0,"Sample2","Pericytes","Sample2",770,559,0
"Pericyte_key_BBB","S2_GTAGCCACAGCTCATC-1","Kcnj8",0,"Sample2","Pericytes","Sample2",633,485,0.4739336492891
"Pericyte_key_BBB","S2_GTAGGTGAGGTGCTAC-1","Kcnj8",0,"Sample2","Pericytes","Sample2",1012,721,0
"Pericyte_key_BBB","S2_GTCCGTGAGGCAATCC-1","Kcnj8",0,"Sample2","Pericytes","Sample2",789,580,0
"Pericyte_key_BBB","S2_GTGATTGTCACGCGCA-1","Kcnj8",0,"Sample2","Pericytes","Sample2",936,671,0
"Pericyte_key_BBB","S2_TAACCATAGCTTAGTG-1","Kcnj8",0,"Sample2","Pericytes","Sample2",772,579,0
"Pericyte_key_BBB","S2_TAGCCCTCACCAATCC-1","Kcnj8",0,"Sample2","Pericytes","Sample2",1518,981,0.0658761528326746
"Pericyte_key_BBB","S2_TATCGTAGTTGACTCG-1","Kcnj8",0,"Sample2","Pericytes","Sample2",911,628,0
"Pericyte_key_BBB","S2_TCACGACAGCTATCCT-1","Kcnj8",0,"Sample2","Pericytes","Sample2",1603,1027,0
"Pericyte_key_BBB","S2_TCCTAATCATGAAGTC-1","Kcnj8",0,"Sample2","Pericytes","Sample2",1226,850,0
"Pericyte_key_BBB","S2_TGAACCGCATGGTCAG-1","Kcnj8",0,"Sample2","Pericytes","Sample2",896,660,0.111607142857143
"Pericyte_key_BBB","S2_TGAGTCGCAGGTAATC-1","Kcnj8",0,"Sample2","Pericytes","Sample2",943,664,0.106044538706257
"Pericyte_key_BBB","S2_TGTCGTCCAAGCCAGC-1","Kcnj8",0,"Sample2","Pericytes","Sample2",1043,740,0
"Pericyte_key_BBB","S1_AAACCATTCAGTTACG-1","Notch3",2.83472050334679,"Sample1","Pericytes","Sample1",1248,819,0
"Pericyte_key_BBB","S1_AAACGCCTCGTTAGAT-1","Notch3",3.41767832420624,"Sample1","Pericytes","Sample1",1017,704,0
"Pericyte_key_BBB","S1_ACCACAGCAATCATCT-1","Notch3",3.00903454157339,"Sample1","Pericytes","Sample1",1557,1065,0
"Pericyte_key_BBB","S1_ACTGGTCAGTAGGAAC-1","Notch3",3.27507816971916,"Sample1","Pericytes","Sample1",1179,748,1.18744698897371
"Pericyte_key_BBB","S1_ACTTGAGTCCCAGAGT-1","Notch3",2.59347982111894,"Sample1","Pericytes","Sample1",808,580,2.35148514851485
"Pericyte_key_BBB","S1_AGCCGTTAGGAACCAG-1","Notch3",3.74773829933491,"Sample1","Pericytes","Sample1",1207,850,0.994200497100249
"Pericyte_key_BBB","S1_AGGGTACGTGGAAGCT-1","Notch3",3.04547531787556,"Sample1","Pericytes","Sample1",999,709,0.2002002002002
"Pericyte_key_BBB","S1_AGGGTTGAGTCAGCCG-1","Notch3",3.2990523028583,"Sample1","Pericytes","Sample1",1150,751,0.173913043478261
"Pericyte_key_BBB","S1_AGTCACGCAATAGTTG-1","Notch3",2.99090020199846,"Sample1","Pericytes","Sample1",529,387,0
"Pericyte_key_BBB","S1_AGTCGGTTCCATCGGG-1","Notch3",2.72292246317371,"Sample1","Pericytes","Sample1",703,524,0
"Pericyte_key_BBB","S1_ATCAGTTAGCCTGAGT-1","Notch3",2.2763703435199,"Sample1","Pericytes","Sample1",1144,786,0
"Pericyte_key_BBB","S1_CAACAGTCATGAGCGC-1","Notch3",0,"Sample1","Pericytes","Sample1",1490,938,0.268456375838926
"Pericyte_key_BBB","S1_CAAGGCAAGCCTCTCA-1","Notch3",2.88914482177887,"Sample1","Pericytes","Sample1",1178,725,0
"Pericyte_key_BBB","S1_CACACAGCAGCTCGAA-1","Notch3",2.2874265325632,"Sample1","Pericytes","Sample1",1130,763,0
"Pericyte_key_BBB","S1_CAGCCATAGGAGTAAC-1","Notch3",2.58663650393941,"Sample1","Pericytes","Sample1",814,589,0
"Pericyte_key_BBB","S1_CAGTAGGAGTGGCCTG-1","Notch3",0,"Sample1","Pericytes","Sample1",881,634,0
"Pericyte_key_BBB","S1_CATCCGGAGTACGGAG-1","Notch3",2.47000541095191,"Sample1","Pericytes","Sample1",924,658,0.108225108225108
"Pericyte_key_BBB","S1_CCAGTTAAGGTCGAGA-1","Notch3",0,"Sample1","Pericytes","Sample1",1137,830,0.175901495162709
"Pericyte_key_BBB","S1_CCCATCTGTATGGCAA-1","Notch3",0,"Sample1","Pericytes","Sample1",1553,917,0
"Pericyte_key_BBB","S1_CCGTCTATCCCGCGTT-1","Notch3",0,"Sample1","Pericytes","Sample1",955,688,0.104712041884817
"Pericyte_key_BBB","S1_CCGTGCAAGGATTCAT-1","Notch3",3.18531784304645,"Sample1","Pericytes","Sample1",863,643,0
"Pericyte_key_BBB","S1_CCTAGCGAGAAGCATA-1","Notch3",3.76570374578464,"Sample1","Pericytes","Sample1",948,672,0
"Pericyte_key_BBB","S1_CCTAGCGAGTGTCATG-1","Notch3",4.05544389866664,"Sample1","Pericytes","Sample1",529,407,0
"Pericyte_key_BBB","S1_CCTTGGGAGTCGCGCA-1","Notch3",2.77352672062016,"Sample1","Pericytes","Sample1",666,506,0.15015015015015
"Pericyte_key_BBB","S1_CGAATTTAGCATGTGC-1","Notch3",3.45107746419561,"Sample1","Pericytes","Sample1",655,476,0
"Pericyte_key_BBB","S1_CGACTAATCATGTGTG-1","Notch3",2.67006170336998,"Sample1","Pericytes","Sample1",1488,908,0
"Pericyte_key_BBB","S1_CGATTCCCACTTGGGA-1","Notch3",2.52526876846663,"Sample1","Pericytes","Sample1",870,610,0
"Pericyte_key_BBB","S1_CGCAAATCAATCAAGC-1","Notch3",0,"Sample1","Pericytes","Sample1",662,497,1.81268882175227
"Pericyte_key_BBB","S1_CGTTCAGGTTATCCAA-1","Notch3",3.36588081125865,"Sample1","Pericytes","Sample1",1073,756,0
"Pericyte_key_BBB","S1_CTTGCGGAGTGATAGA-1","Notch3",0,"Sample1","Pericytes","Sample1",622,471,0
"Pericyte_key_BBB","S1_GCTCCGTTCGATCGGT-1","Notch3",2.69544810697013,"Sample1","Pericytes","Sample1",724,523,0
"Pericyte_key_BBB","S1_GGAACCAAGCGAGTAG-1","Notch3",4.04069624761159,"Sample1","Pericytes","Sample1",537,427,0
"Pericyte_key_BBB","S1_GGGACGTAGCTATCGA-1","Notch3",0,"Sample1","Pericytes","Sample1",919,643,0.326441784548422
"Pericyte_key_BBB","S1_GGGCTTACAAGCCTAG-1","Notch3",3.64000397473256,"Sample1","Pericytes","Sample1",1348,924,0
"Pericyte_key_BBB","S1_GGTCGCATCCTGTCGC-1","Notch3",3.85191092505096,"Sample1","Pericytes","Sample1",1302,839,0.0768049155145929
"Pericyte_key_BBB","S1_GGTGAACGTTTAAGCC-1","Notch3",3.0589215345956,"Sample1","Pericytes","Sample1",985,644,0
"Pericyte_key_BBB","S1_GGTTTAGTCTATGTCC-1","Notch3",0,"Sample1","Pericytes","Sample1",757,527,0
"Pericyte_key_BBB","S1_GTATCTTCAAACTTAG-1","Notch3",0,"Sample1","Pericytes","Sample1",711,509,0
"Pericyte_key_BBB","S1_GTGAGGATCATGTAAC-1","Notch3",3.09948132200418,"Sample1","Pericytes","Sample1",944,666,0.10593220338983
"Pericyte_key_BBB","S1_TACCCATTCGTGCTCC-1","Notch3",3.37492230094696,"Sample1","Pericytes","Sample1",1063,732,0
"Pericyte_key_BBB","S1_TATCCTTGTTCCCAGA-1","Notch3",2.14693417019908,"Sample1","Pericytes","Sample1",1323,899,0.151171579743008
"Pericyte_key_BBB","S1_TCAGTTGAGTGCGCTG-1","Notch3",3.37765190959656,"Sample1","Pericytes","Sample1",1060,743,0
"Pericyte_key_BBB","S1_TCGATCAAGATACTCG-1","Notch3",3.52966631275066,"Sample1","Pericytes","Sample1",906,664,0.22075055187638
"Pericyte_key_BBB","S1_TGCACAATCAGGCAGA-1","Notch3",2.91105605595869,"Sample1","Pericytes","Sample1",1151,834,0.260642919200695
"Pericyte_key_BBB","S1_TGCACCTCAGGACTGC-1","Notch3",2.89316221540246,"Sample1","Pericytes","Sample1",1173,797,0.682011935208866
"Pericyte_key_BBB","S1_TGTGAACCAATCTGAA-1","Notch3",0,"Sample1","Pericytes","Sample1",1113,748,0
"Pericyte_key_BBB","S2_AAACGGACATTGCGTC-1","Notch3",2.70711736521367,"Sample2","Pericytes","Sample2",715,525,0.13986013986014
"Pericyte_key_BBB","S2_ACAGGCGGTGCGATCC-1","Notch3",0,"Sample2","Pericytes","Sample2",912,671,0.219298245614035
"Pericyte_key_BBB","S2_ACCAAACCACTTACAT-1","Notch3",2.07368788619427,"Sample2","Pericytes","Sample2",1438,949,0
"Pericyte_key_BBB","S2_ACCACACAGCCGATGT-1","Notch3",2.54127961337563,"Sample2","Pericytes","Sample2",855,632,0
"Pericyte_key_BBB","S2_ACGTGGTTCCTTAGTC-1","Notch3",2.52210237515815,"Sample2","Pericytes","Sample2",873,635,0.11454753722795
"Pericyte_key_BBB","S2_ACTGTTAGTTACACTA-1","Notch3",2.86854049623893,"Sample2","Pericytes","Sample2",1204,811,0.0830564784053156
"Pericyte_key_BBB","S2_ACTTTGCTCATGAGTT-1","Notch3",2.88834350315023,"Sample2","Pericytes","Sample2",1179,851,0.339270568278202
"Pericyte_key_BBB","S2_ATACCATAGGTGATGG-1","Notch3",3.4291609402908,"Sample2","Pericytes","Sample2",670,512,0
"Pericyte_key_BBB","S2_ATGATTGCATAGACAC-1","Notch3",3.73129691654231,"Sample2","Pericytes","Sample2",982,667,0
"Pericyte_key_BBB","S2_CAAGATGGTGAAGTTG-1","Notch3",3.76983439225407,"Sample2","Pericytes","Sample2",708,513,0
"Pericyte_key_BBB","S2_CAAGCGAAGGAACCCT-1","Notch3",3.48878178667972,"Sample2","Pericytes","Sample2",945,662,0.211640211640212
"Pericyte_key_BBB","S2_CACTCCGCAAGTGGAA-1","Notch3",2.97841908235231,"Sample2","Pericytes","Sample2",1072,733,0
"Pericyte_key_BBB","S2_CATAGAGGTTCGCCAA-1","Notch3",3.03034785596333,"Sample2","Pericytes","Sample2",1015,718,0.0985221674876847
"Pericyte_key_BBB","S2_CGATTAACATTGCACC-1","Notch3",3.06182889793696,"Sample2","Pericytes","Sample2",982,676,0
"Pericyte_key_BBB","S2_CGCTGCTTCGCTCTCA-1","Notch3",3.17026055034765,"Sample2","Pericytes","Sample2",1315,879,0.0760456273764259
"Pericyte_key_BBB","S2_CTATGGATCAGGCAGA-1","Notch3",0,"Sample2","Pericytes","Sample2",1778,1176,0.0562429696287964
"Pericyte_key_BBB","S2_CTCATCCGTCTTGCTC-1","Notch3",2.31656371763325,"Sample2","Pericytes","Sample2",1094,722,0.457038391224863
"Pericyte_key_BBB","S2_CTCCCTGGTAACGGCG-1","Notch3",2.20868396862704,"Sample2","Pericytes","Sample2",1234,848,0
"Pericyte_key_BBB","S2_CTCCCTGGTGAGCCGA-1","Notch3",2.85996440186178,"Sample2","Pericytes","Sample2",1215,821,0.164609053497942
"Pericyte_key_BBB","S2_CTCTTAATCCGTGATA-1","Notch3",2.64722064025442,"Sample2","Pericytes","Sample2",1525,970,0.0655737704918033
"Pericyte_key_BBB","S2_CTGATTAGTAGTTAGG-1","Notch3",0,"Sample2","Pericytes","Sample2",824,616,0
"Pericyte_key_BBB","S2_CTGGAAAGTGAGCCAG-1","Notch3",0,"Sample2","Pericytes","Sample2",787,572,0.127064803049555
"Pericyte_key_BBB","S2_CTGGACTAGGCACATC-1","Notch3",3.10760996773239,"Sample2","Pericytes","Sample2",936,658,0
"Pericyte_key_BBB","S2_GCACTTGGTAGCGCGA-1","Notch3",2.36667061299137,"Sample2","Pericytes","Sample2",1035,734,0
"Pericyte_key_BBB","S2_GCCCCTTAGGAACCCT-1","Notch3",3.42627706605918,"Sample2","Pericytes","Sample2",1008,689,0.297619047619048
"Pericyte_key_BBB","S2_GCCTACCTCCCAGACG-1","Notch3",2.94966464426475,"Sample2","Pericytes","Sample2",1105,779,0
"Pericyte_key_BBB","S2_GCGCTCAAGCTAACTG-1","Notch3",4.0677287862522,"Sample2","Pericytes","Sample2",1219,822,0
"Pericyte_key_BBB","S2_GGCGTTACACTAATTC-1","Notch3",0,"Sample2","Pericytes","Sample2",684,525,0
"Pericyte_key_BBB","S2_GGGACCTCAACCTGCT-1","Notch3",0,"Sample2","Pericytes","Sample2",787,500,0.127064803049555
"Pericyte_key_BBB","S2_GGTGTTGCAGGCATTG-1","Notch3",2.49005561298419,"Sample2","Pericytes","Sample2",904,650,0.331858407079646
"Pericyte_key_BBB","S2_GGTTACATCATCTCTA-1","Notch3",3.03128597709759,"Sample2","Pericytes","Sample2",1014,727,0
"Pericyte_key_BBB","S2_GGTTCTAAGAAGGGAA-1","Notch3",3.09292962948545,"Sample2","Pericytes","Sample2",1901,1096,0
"Pericyte_key_BBB","S2_GTACGGTTCGTTACAG-1","Notch3",2.6381292553027,"Sample2","Pericytes","Sample2",770,559,0
"Pericyte_key_BBB","S2_GTAGCCACAGCTCATC-1","Notch3",2.82124722950691,"Sample2","Pericytes","Sample2",633,485,0.4739336492891
"Pericyte_key_BBB","S2_GTAGGTGAGGTGCTAC-1","Notch3",3.03316513222644,"Sample2","Pericytes","Sample2",1012,721,0
"Pericyte_key_BBB","S2_GTCCGTGAGGCAATCC-1","Notch3",0,"Sample2","Pericytes","Sample2",789,580,0
"Pericyte_key_BBB","S2_GTGATTGTCACGCGCA-1","Notch3",3.77814967400734,"Sample2","Pericytes","Sample2",936,671,0
"Pericyte_key_BBB","S2_TAACCATAGCTTAGTG-1","Notch3",0,"Sample2","Pericytes","Sample2",772,579,0
"Pericyte_key_BBB","S2_TAGCCCTCACCAATCC-1","Notch3",2.65149611519828,"Sample2","Pericytes","Sample2",1518,981,0.0658761528326746
"Pericyte_key_BBB","S2_TATCGTAGTTGACTCG-1","Notch3",0,"Sample2","Pericytes","Sample2",911,628,0
"Pericyte_key_BBB","S2_TCACGACAGCTATCCT-1","Notch3",2.98137517916811,"Sample2","Pericytes","Sample2",1603,1027,0
"Pericyte_key_BBB","S2_TCCTAATCATGAAGTC-1","Notch3",0,"Sample2","Pericytes","Sample2",1226,850,0
"Pericyte_key_BBB","S2_TGAACCGCATGGTCAG-1","Notch3",3.14937261910123,"Sample2","Pericytes","Sample2",896,660,0.111607142857143
"Pericyte_key_BBB","S2_TGAGTCGCAGGTAATC-1","Notch3",0,"Sample2","Pericytes","Sample2",943,664,0.106044538706257
"Pericyte_key_BBB","S2_TGTCGTCCAAGCCAGC-1","Notch3",2.35969556704636,"Sample2","Pericytes","Sample2",1043,740,0
"Pericyte_key_BBB","S1_AAACCATTCAGTTACG-1","Pdgfrb",3.22041310418709,"Sample1","Pericytes","Sample1",1248,819,0
"Pericyte_key_BBB","S1_AAACGCCTCGTTAGAT-1","Pdgfrb",3.02847451697885,"Sample1","Pericytes","Sample1",1017,704,0
"Pericyte_key_BBB","S1_ACCACAGCAATCATCT-1","Pdgfrb",3.28430508598065,"Sample1","Pericytes","Sample1",1557,1065,0
"Pericyte_key_BBB","S1_ACTGGTCAGTAGGAAC-1","Pdgfrb",0,"Sample1","Pericytes","Sample1",1179,748,1.18744698897371
"Pericyte_key_BBB","S1_ACTTGAGTCCCAGAGT-1","Pdgfrb",3.24853074860739,"Sample1","Pericytes","Sample1",808,580,2.35148514851485
"Pericyte_key_BBB","S1_AGCCGTTAGGAACCAG-1","Pdgfrb",3.53047020272084,"Sample1","Pericytes","Sample1",1207,850,0.994200497100249
"Pericyte_key_BBB","S1_AGGGTACGTGGAAGCT-1","Pdgfrb",2.39880485990856,"Sample1","Pericytes","Sample1",999,709,0.2002002002002
"Pericyte_key_BBB","S1_AGGGTTGAGTCAGCCG-1","Pdgfrb",2.91187796311713,"Sample1","Pericytes","Sample1",1150,751,0.173913043478261
"Pericyte_key_BBB","S1_AGTCACGCAATAGTTG-1","Pdgfrb",3.65860536776231,"Sample1","Pericytes","Sample1",529,387,0
"Pericyte_key_BBB","S1_AGTCGGTTCCATCGGG-1","Pdgfrb",2.72292246317371,"Sample1","Pericytes","Sample1",703,524,0
"Pericyte_key_BBB","S1_ATCAGTTAGCCTGAGT-1","Pdgfrb",2.2763703435199,"Sample1","Pericytes","Sample1",1144,786,0
"Pericyte_key_BBB","S1_CAACAGTCATGAGCGC-1","Pdgfrb",0,"Sample1","Pericytes","Sample1",1490,938,0.268456375838926
"Pericyte_key_BBB","S1_CAAGGCAAGCCTCTCA-1","Pdgfrb",0,"Sample1","Pericytes","Sample1",1178,725,0
"Pericyte_key_BBB","S1_CACACAGCAGCTCGAA-1","Pdgfrb",2.2874265325632,"Sample1","Pericytes","Sample1",1130,763,0
"Pericyte_key_BBB","S1_CAGCCATAGGAGTAAC-1","Pdgfrb",3.63376404513918,"Sample1","Pericytes","Sample1",814,589,0
"Pericyte_key_BBB","S1_CAGTAGGAGTGGCCTG-1","Pdgfrb",4.23561879222007,"Sample1","Pericytes","Sample1",881,634,0
"Pericyte_key_BBB","S1_CATCCGGAGTACGGAG-1","Pdgfrb",3.11994003284882,"Sample1","Pericytes","Sample1",924,658,0.108225108225108
"Pericyte_key_BBB","S1_CCAGTTAAGGTCGAGA-1","Pdgfrb",3.31000360788286,"Sample1","Pericytes","Sample1",1137,830,0.175901495162709
"Pericyte_key_BBB","S1_CCCATCTGTATGGCAA-1","Pdgfrb",0,"Sample1","Pericytes","Sample1",1553,917,0
"Pericyte_key_BBB","S1_CCGTCTATCCCGCGTT-1","Pdgfrb",2.43983991154884,"Sample1","Pericytes","Sample1",955,688,0.104712041884817
"Pericyte_key_BBB","S1_CCGTGCAAGGATTCAT-1","Pdgfrb",3.57689864332982,"Sample1","Pericytes","Sample1",863,643,0
"Pericyte_key_BBB","S1_CCTAGCGAGAAGCATA-1","Pdgfrb",2.44655756790555,"Sample1","Pericytes","Sample1",948,672,0
"Pericyte_key_BBB","S1_CCTAGCGAGTGTCATG-1","Pdgfrb",2.99090020199846,"Sample1","Pericytes","Sample1",529,407,0
"Pericyte_key_BBB","S1_CCTTGGGAGTCGCGCA-1","Pdgfrb",3.43495544623391,"Sample1","Pericytes","Sample1",666,506,0.15015015015015
"Pericyte_key_BBB","S1_CGAATTTAGCATGTGC-1","Pdgfrb",3.45107746419561,"Sample1","Pericytes","Sample1",655,476,0
"Pericyte_key_BBB","S1_CGACTAATCATGTGTG-1","Pdgfrb",0,"Sample1","Pericytes","Sample1",1488,908,0
"Pericyte_key_BBB","S1_CGATTCCCACTTGGGA-1","Pdgfrb",3.56904690584758,"Sample1","Pericytes","Sample1",870,610,0
"Pericyte_key_BBB","S1_CGCAAATCAATCAAGC-1","Pdgfrb",0,"Sample1","Pericytes","Sample1",662,497,1.81268882175227
"Pericyte_key_BBB","S1_CGTTCAGGTTATCCAA-1","Pdgfrb",2.33405124906741,"Sample1","Pericytes","Sample1",1073,756,0
"Pericyte_key_BBB","S1_CTTGCGGAGTGATAGA-1","Pdgfrb",3.50117365333871,"Sample1","Pericytes","Sample1",622,471,0
"Pericyte_key_BBB","S1_GCTCCGTTCGATCGGT-1","Pdgfrb",0,"Sample1","Pericytes","Sample1",724,523,0
"Pericyte_key_BBB","S1_GGAACCAAGCGAGTAG-1","Pdgfrb",0,"Sample1","Pericytes","Sample1",537,427,0
"Pericyte_key_BBB","S1_GGGACGTAGCTATCGA-1","Pdgfrb",0,"Sample1","Pericytes","Sample1",919,643,0.326441784548422
"Pericyte_key_BBB","S1_GGGCTTACAAGCCTAG-1","Pdgfrb",0,"Sample1","Pericytes","Sample1",1348,924,0
"Pericyte_key_BBB","S1_GGTCGCATCCTGTCGC-1","Pdgfrb",2.16107815742127,"Sample1","Pericytes","Sample1",1302,839,0.0768049155145929
"Pericyte_key_BBB","S1_GGTGAACGTTTAAGCC-1","Pdgfrb",0,"Sample1","Pericytes","Sample1",985,644,0
"Pericyte_key_BBB","S1_GGTTTAGTCTATGTCC-1","Pdgfrb",2.65394873099456,"Sample1","Pericytes","Sample1",757,527,0
"Pericyte_key_BBB","S1_GTATCTTCAAACTTAG-1","Pdgfrb",2.71235409996139,"Sample1","Pericytes","Sample1",711,509,0
"Pericyte_key_BBB","S1_GTGAGGATCATGTAAC-1","Pdgfrb",2.45042047371683,"Sample1","Pericytes","Sample1",944,666,0.10593220338983
"Pericyte_key_BBB","S1_TACCCATTCGTGCTCC-1","Pdgfrb",2.34251110769296,"Sample1","Pericytes","Sample1",1063,732,0
"Pericyte_key_BBB","S1_TATCCTTGTTCCCAGA-1","Pdgfrb",3.16445076684326,"Sample1","Pericytes","Sample1",1323,899,0.151171579743008
"Pericyte_key_BBB","S1_TCAGTTGAGTGCGCTG-1","Pdgfrb",0,"Sample1","Pericytes","Sample1",1060,743,0
"Pericyte_key_BBB","S1_TCGATCAAGATACTCG-1","Pdgfrb",2.48802906944303,"Sample1","Pericytes","Sample1",906,664,0.22075055187638
"Pericyte_key_BBB","S1_TGCACAATCAGGCAGA-1","Pdgfrb",3.57661709842463,"Sample1","Pericytes","Sample1",1151,834,0.260642919200695
"Pericyte_key_BBB","S1_TGCACCTCAGGACTGC-1","Pdgfrb",2.89316221540246,"Sample1","Pericytes","Sample1",1173,797,0.682011935208866
"Pericyte_key_BBB","S1_TGTGAACCAATCTGAA-1","Pdgfrb",2.3010565219101,"Sample1","Pericytes","Sample1",1113,748,0
"Pericyte_key_BBB","S2_AAACGGACATTGCGTC-1","Pdgfrb",0,"Sample2","Pericytes","Sample2",715,525,0.13986013986014
"Pericyte_key_BBB","S2_ACAGGCGGTGCGATCC-1","Pdgfrb",2.48197839000891,"Sample2","Pericytes","Sample2",912,671,0.219298245614035
"Pericyte_key_BBB","S2_ACCAAACCACTTACAT-1","Pdgfrb",2.70191178897047,"Sample2","Pericytes","Sample2",1438,949,0
"Pericyte_key_BBB","S2_ACCACACAGCCGATGT-1","Pdgfrb",2.54127961337563,"Sample2","Pericytes","Sample2",855,632,0
"Pericyte_key_BBB","S2_ACGTGGTTCCTTAGTC-1","Pdgfrb",2.52210237515815,"Sample2","Pericytes","Sample2",873,635,0.11454753722795
"Pericyte_key_BBB","S2_ACTGTTAGTTACACTA-1","Pdgfrb",2.86854049623893,"Sample2","Pericytes","Sample2",1204,811,0.0830564784053156
"Pericyte_key_BBB","S2_ACTTTGCTCATGAGTT-1","Pdgfrb",2.24937039673295,"Sample2","Pericytes","Sample2",1179,851,0.339270568278202
"Pericyte_key_BBB","S2_ATACCATAGGTGATGG-1","Pdgfrb",0,"Sample2","Pericytes","Sample2",670,512,0
"Pericyte_key_BBB","S2_ATGATTGCATAGACAC-1","Pdgfrb",2.41442153948435,"Sample2","Pericytes","Sample2",982,667,0
"Pericyte_key_BBB","S2_CAAGATGGTGAAGTTG-1","Pdgfrb",3.37583128432807,"Sample2","Pericytes","Sample2",708,513,0
"Pericyte_key_BBB","S2_CAAGCGAAGGAACCCT-1","Pdgfrb",2.44945308246322,"Sample2","Pericytes","Sample2",945,662,0.211640211640212
"Pericyte_key_BBB","S2_CACTCCGCAAGTGGAA-1","Pdgfrb",2.3348933362267,"Sample2","Pericytes","Sample2",1072,733,0
"Pericyte_key_BBB","S2_CATAGAGGTTCGCCAA-1","Pdgfrb",3.69904924096096,"Sample2","Pericytes","Sample2",1015,718,0.0985221674876847
"Pericyte_key_BBB","S2_CGATTAACATTGCACC-1","Pdgfrb",0,"Sample2","Pericytes","Sample2",982,676,0
"Pericyte_key_BBB","S2_CGCTGCTTCGCTCTCA-1","Pdgfrb",3.84218784558426,"Sample2","Pericytes","Sample2",1315,879,0.0760456273764259
"Pericyte_key_BBB","S2_CTATGGATCAGGCAGA-1","Pdgfrb",1.89074424743067,"Sample2","Pericytes","Sample2",1778,1176,0.0562429696287964
"Pericyte_key_BBB","S2_CTCATCCGTCTTGCTC-1","Pdgfrb",0,"Sample2","Pericytes","Sample2",1094,722,0.457038391224863
"Pericyte_key_BBB","S2_CTCCCTGGTAACGGCG-1","Pdgfrb",2.20868396862704,"Sample2","Pericytes","Sample2",1234,848,0
"Pericyte_key_BBB","S2_CTCCCTGGTGAGCCGA-1","Pdgfrb",3.91964818073337,"Sample2","Pericytes","Sample2",1215,821,0.164609053497942
"Pericyte_key_BBB","S2_CTCTTAATCCGTGATA-1","Pdgfrb",3.02878647179161,"Sample2","Pericytes","Sample2",1525,970,0.0655737704918033
"Pericyte_key_BBB","S2_CTGATTAGTAGTTAGG-1","Pdgfrb",2.57535063994115,"Sample2","Pericytes","Sample2",824,616,0
"Pericyte_key_BBB","S2_CTGGAAAGTGAGCCAG-1","Pdgfrb",3.27385482187809,"Sample2","Pericytes","Sample2",787,572,0.127064803049555
"Pericyte_key_BBB","S2_CTGGACTAGGCACATC-1","Pdgfrb",0,"Sample2","Pericytes","Sample2",936,658,0
"Pericyte_key_BBB","S2_GCACTTGGTAGCGCGA-1","Pdgfrb",2.36667061299137,"Sample2","Pericytes","Sample2",1035,734,0
"Pericyte_key_BBB","S2_GCCCCTTAGGAACCCT-1","Pdgfrb",2.39065411154181,"Sample2","Pericytes","Sample2",1008,689,0.297619047619048
"Pericyte_key_BBB","S2_GCCTACCTCCCAGACG-1","Pdgfrb",2.30755012237667,"Sample2","Pericytes","Sample2",1105,779,0
"Pericyte_key_BBB","S2_GCGCTCAAGCTAACTG-1","Pdgfrb",0,"Sample2","Pericytes","Sample2",1219,822,0
"Pericyte_key_BBB","S2_GGCGTTACACTAATTC-1","Pdgfrb",0,"Sample2","Pericytes","Sample2",684,525,0
"Pericyte_key_BBB","S2_GGGACCTCAACCTGCT-1","Pdgfrb",0,"Sample2","Pericytes","Sample2",787,500,0.127064803049555
"Pericyte_key_BBB","S2_GGTGTTGCAGGCATTG-1","Pdgfrb",3.14086644680827,"Sample2","Pericytes","Sample2",904,650,0.331858407079646
"Pericyte_key_BBB","S2_GGTTACATCATCTCTA-1","Pdgfrb",3.03128597709759,"Sample2","Pericytes","Sample2",1014,727,0
"Pericyte_key_BBB","S2_GGTTCTAAGAAGGGAA-1","Pdgfrb",1.83424236669401,"Sample2","Pericytes","Sample2",1901,1096,0
"Pericyte_key_BBB","S2_GTACGGTTCGTTACAG-1","Pdgfrb",2.6381292553027,"Sample2","Pericytes","Sample2",770,559,0
"Pericyte_key_BBB","S2_GTAGCCACAGCTCATC-1","Pdgfrb",2.82124722950691,"Sample2","Pericytes","Sample2",633,485,0.4739336492891
"Pericyte_key_BBB","S2_GTAGGTGAGGTGCTAC-1","Pdgfrb",3.03316513222644,"Sample2","Pericytes","Sample2",1012,721,0
"Pericyte_key_BBB","S2_GTCCGTGAGGCAATCC-1","Pdgfrb",0,"Sample2","Pericytes","Sample2",789,580,0
"Pericyte_key_BBB","S2_GTGATTGTCACGCGCA-1","Pdgfrb",2.45819990192619,"Sample2","Pericytes","Sample2",936,671,0
"Pericyte_key_BBB","S2_TAACCATAGCTTAGTG-1","Pdgfrb",0,"Sample2","Pericytes","Sample2",772,579,0
"Pericyte_key_BBB","S2_TAGCCCTCACCAATCC-1","Pdgfrb",3.03316513222644,"Sample2","Pericytes","Sample2",1518,981,0.0658761528326746
"Pericyte_key_BBB","S2_TATCGTAGTTGACTCG-1","Pdgfrb",0,"Sample2","Pericytes","Sample2",911,628,0
"Pericyte_key_BBB","S2_TCACGACAGCTATCCT-1","Pdgfrb",3.47170293670495,"Sample2","Pericytes","Sample2",1603,1027,0
"Pericyte_key_BBB","S2_TCCTAATCATGAAGTC-1","Pdgfrb",3.51531228776297,"Sample2","Pericytes","Sample2",1226,850,0
"Pericyte_key_BBB","S2_TGAACCGCATGGTCAG-1","Pdgfrb",3.54044159169336,"Sample2","Pericytes","Sample2",896,660,0.111607142857143
"Pericyte_key_BBB","S2_TGAGTCGCAGGTAATC-1","Pdgfrb",2.45138897878499,"Sample2","Pericytes","Sample2",943,664,0.106044538706257
"Pericyte_key_BBB","S2_TGTCGTCCAAGCCAGC-1","Pdgfrb",3.39327216411066,"Sample2","Pericytes","Sample2",1043,740,0
"Pericyte_key_BBB","S1_AAACCATTCAGTTACG-1","Rgs5",3.49806035680954,"Sample1","Pericytes","Sample1",1248,819,0
"Pericyte_key_BBB","S1_AAACGCCTCGTTAGAT-1","Rgs5",0,"Sample1","Pericytes","Sample1",1017,704,0
"Pericyte_key_BBB","S1_ACCACAGCAATCATCT-1","Rgs5",2.62793969693944,"Sample1","Pericytes","Sample1",1557,1065,0
"Pericyte_key_BBB","S1_ACTGGTCAGTAGGAAC-1","Rgs5",0,"Sample1","Pericytes","Sample1",1179,748,1.18744698897371
"Pericyte_key_BBB","S1_ACTTGAGTCCCAGAGT-1","Rgs5",2.59347982111894,"Sample1","Pericytes","Sample1",808,580,2.35148514851485
"Pericyte_key_BBB","S1_AGCCGTTAGGAACCAG-1","Rgs5",2.86619337374153,"Sample1","Pericytes","Sample1",1207,850,0.994200497100249
"Pericyte_key_BBB","S1_AGGGTACGTGGAAGCT-1","Rgs5",2.39880485990856,"Sample1","Pericytes","Sample1",999,709,0.2002002002002
"Pericyte_key_BBB","S1_AGGGTTGAGTCAGCCG-1","Rgs5",0,"Sample1","Pericytes","Sample1",1150,751,0.173913043478261
"Pericyte_key_BBB","S1_AGTCACGCAATAGTTG-1","Rgs5",0,"Sample1","Pericytes","Sample1",529,387,0
"Pericyte_key_BBB","S1_AGTCGGTTCCATCGGG-1","Rgs5",2.72292246317371,"Sample1","Pericytes","Sample1",703,524,0
"Pericyte_key_BBB","S1_ATCAGTTAGCCTGAGT-1","Rgs5",0,"Sample1","Pericytes","Sample1",1144,786,0
"Pericyte_key_BBB","S1_CAACAGTCATGAGCGC-1","Rgs5",0,"Sample1","Pericytes","Sample1",1490,938,0.268456375838926
"Pericyte_key_BBB","S1_CAAGGCAAGCCTCTCA-1","Rgs5",0,"Sample1","Pericytes","Sample1",1178,725,0
"Pericyte_key_BBB","S1_CACACAGCAGCTCGAA-1","Rgs5",2.2874265325632,"Sample1","Pericytes","Sample1",1130,763,0
"Pericyte_key_BBB","S1_CAGCCATAGGAGTAAC-1","Rgs5",3.24142075019526,"Sample1","Pericytes","Sample1",814,589,0
"Pericyte_key_BBB","S1_CAGTAGGAGTGGCCTG-1","Rgs5",0,"Sample1","Pericytes","Sample1",881,634,0
"Pericyte_key_BBB","S1_CATCCGGAGTACGGAG-1","Rgs5",4.18867039309371,"Sample1","Pericytes","Sample1",924,658,0.108225108225108
"Pericyte_key_BBB","S1_CCAGTTAAGGTCGAGA-1","Rgs5",2.28187968364256,"Sample1","Pericytes","Sample1",1137,830,0.175901495162709
"Pericyte_key_BBB","S1_CCCATCTGTATGGCAA-1","Rgs5",0,"Sample1","Pericytes","Sample1",1553,917,0
"Pericyte_key_BBB","S1_CCGTCTATCCCGCGTT-1","Rgs5",0,"Sample1","Pericytes","Sample1",955,688,0.104712041884817
"Pericyte_key_BBB","S1_CCGTGCAAGGATTCAT-1","Rgs5",0,"Sample1","Pericytes","Sample1",863,643,0
"Pericyte_key_BBB","S1_CCTAGCGAGAAGCATA-1","Rgs5",2.44655756790555,"Sample1","Pericytes","Sample1",948,672,0
"Pericyte_key_BBB","S1_CCTAGCGAGTGTCATG-1","Rgs5",0,"Sample1","Pericytes","Sample1",529,407,0
"Pericyte_key_BBB","S1_CCTTGGGAGTCGCGCA-1","Rgs5",0,"Sample1","Pericytes","Sample1",666,506,0.15015015015015
"Pericyte_key_BBB","S1_CGAATTTAGCATGTGC-1","Rgs5",0,"Sample1","Pericytes","Sample1",655,476,0
"Pericyte_key_BBB","S1_CGACTAATCATGTGTG-1","Rgs5",0,"Sample1","Pericytes","Sample1",1488,908,0
"Pericyte_key_BBB","S1_CGATTCCCACTTGGGA-1","Rgs5",0,"Sample1","Pericytes","Sample1",870,610,0
"Pericyte_key_BBB","S1_CGCAAATCAATCAAGC-1","Rgs5",3.44078598747238,"Sample1","Pericytes","Sample1",662,497,1.81268882175227
"Pericyte_key_BBB","S1_CGTTCAGGTTATCCAA-1","Rgs5",0,"Sample1","Pericytes","Sample1",1073,756,0
"Pericyte_key_BBB","S1_CTTGCGGAGTGATAGA-1","Rgs5",0,"Sample1","Pericytes","Sample1",622,471,0
"Pericyte_key_BBB","S1_GCTCCGTTCGATCGGT-1","Rgs5",2.69544810697013,"Sample1","Pericytes","Sample1",724,523,0
"Pericyte_key_BBB","S1_GGAACCAAGCGAGTAG-1","Rgs5",0,"Sample1","Pericytes","Sample1",537,427,0
"Pericyte_key_BBB","S1_GGGACGTAGCTATCGA-1","Rgs5",2.47497354765838,"Sample1","Pericytes","Sample1",919,643,0.326441784548422
"Pericyte_key_BBB","S1_GGGCTTACAAGCCTAG-1","Rgs5",0,"Sample1","Pericytes","Sample1",1348,924,0
"Pericyte_key_BBB","S1_GGTCGCATCCTGTCGC-1","Rgs5",2.16107815742127,"Sample1","Pericytes","Sample1",1302,839,0.0768049155145929
"Pericyte_key_BBB","S1_GGTGAACGTTTAAGCC-1","Rgs5",3.44861685422412,"Sample1","Pericytes","Sample1",985,644,0
"Pericyte_key_BBB","S1_GGTTTAGTCTATGTCC-1","Rgs5",3.31127556472947,"Sample1","Pericytes","Sample1",757,527,0
"Pericyte_key_BBB","S1_GTATCTTCAAACTTAG-1","Rgs5",0,"Sample1","Pericytes","Sample1",711,509,0
"Pericyte_key_BBB","S1_GTGAGGATCATGTAAC-1","Rgs5",0,"Sample1","Pericytes","Sample1",944,666,0.10593220338983
"Pericyte_key_BBB","S1_TACCCATTCGTGCTCC-1","Rgs5",2.98642284734341,"Sample1","Pericytes","Sample1",1063,732,0
"Pericyte_key_BBB","S1_TATCCTTGTTCCCAGA-1","Rgs5",3.98731697091464,"Sample1","Pericytes","Sample1",1323,899,0.151171579743008
"Pericyte_key_BBB","S1_TCAGTTGAGTGCGCTG-1","Rgs5",2.98910659858185,"Sample1","Pericytes","Sample1",1060,743,0
"Pericyte_key_BBB","S1_TCGATCAAGATACTCG-1","Rgs5",3.13875217204967,"Sample1","Pericytes","Sample1",906,664,0.22075055187638
"Pericyte_key_BBB","S1_TGCACAATCAGGCAGA-1","Rgs5",2.91105605595869,"Sample1","Pericytes","Sample1",1151,834,0.260642919200695
"Pericyte_key_BBB","S1_TGCACCTCAGGACTGC-1","Rgs5",2.89316221540246,"Sample1","Pericytes","Sample1",1173,797,0.682011935208866
"Pericyte_key_BBB","S1_TGTGAACCAATCTGAA-1","Rgs5",2.3010565219101,"Sample1","Pericytes","Sample1",1113,748,0
"Pericyte_key_BBB","S2_AAACGGACATTGCGTC-1","Rgs5",0,"Sample2","Pericytes","Sample2",715,525,0.13986013986014
"Pericyte_key_BBB","S2_ACAGGCGGTGCGATCC-1","Rgs5",0,"Sample2","Pericytes","Sample2",912,671,0.219298245614035
"Pericyte_key_BBB","S2_ACCAAACCACTTACAT-1","Rgs5",0,"Sample2","Pericytes","Sample2",1438,949,0
"Pericyte_key_BBB","S2_ACCACACAGCCGATGT-1","Rgs5",2.54127961337563,"Sample2","Pericytes","Sample2",855,632,0
"Pericyte_key_BBB","S2_ACGTGGTTCCTTAGTC-1","Rgs5",2.52210237515815,"Sample2","Pericytes","Sample2",873,635,0.11454753722795
"Pericyte_key_BBB","S2_ACTGTTAGTTACACTA-1","Rgs5",2.23062151051123,"Sample2","Pericytes","Sample2",1204,811,0.0830564784053156
"Pericyte_key_BBB","S2_ACTTTGCTCATGAGTT-1","Rgs5",0,"Sample2","Pericytes","Sample2",1179,851,0.339270568278202
"Pericyte_key_BBB","S2_ATACCATAGGTGATGG-1","Rgs5",0,"Sample2","Pericytes","Sample2",670,512,0
"Pericyte_key_BBB","S2_ATGATTGCATAGACAC-1","Rgs5",0,"Sample2","Pericytes","Sample2",982,667,0
"Pericyte_key_BBB","S2_CAAGATGGTGAAGTTG-1","Rgs5",0,"Sample2","Pericytes","Sample2",708,513,0
"Pericyte_key_BBB","S2_CAAGCGAAGGAACCCT-1","Rgs5",0,"Sample2","Pericytes","Sample2",945,662,0.211640211640212
"Pericyte_key_BBB","S2_CACTCCGCAAGTGGAA-1","Rgs5",2.3348933362267,"Sample2","Pericytes","Sample2",1072,733,0
"Pericyte_key_BBB","S2_CATAGAGGTTCGCCAA-1","Rgs5",3.41958234593133,"Sample2","Pericytes","Sample2",1015,718,0.0985221674876847
"Pericyte_key_BBB","S2_CGATTAACATTGCACC-1","Rgs5",3.45157036131184,"Sample2","Pericytes","Sample2",982,676,0
"Pericyte_key_BBB","S2_CGCTGCTTCGCTCTCA-1","Rgs5",3.17026055034765,"Sample2","Pericytes","Sample2",1315,879,0.0760456273764259
"Pericyte_key_BBB","S2_CTATGGATCAGGCAGA-1","Rgs5",1.89074424743067,"Sample2","Pericytes","Sample2",1778,1176,0.0562429696287964
"Pericyte_key_BBB","S2_CTCATCCGTCTTGCTC-1","Rgs5",0,"Sample2","Pericytes","Sample2",1094,722,0.457038391224863
"Pericyte_key_BBB","S2_CTCCCTGGTAACGGCG-1","Rgs5",2.20868396862704,"Sample2","Pericytes","Sample2",1234,848,0
"Pericyte_key_BBB","S2_CTCCCTGGTGAGCCGA-1","Rgs5",2.22250809117966,"Sample2","Pericytes","Sample2",1215,821,0.164609053497942
"Pericyte_key_BBB","S2_CTCTTAATCCGTGATA-1","Rgs5",2.02252417882334,"Sample2","Pericytes","Sample2",1525,970,0.0655737704918033
"Pericyte_key_BBB","S2_CTGATTAGTAGTTAGG-1","Rgs5",0,"Sample2","Pericytes","Sample2",824,616,0
"Pericyte_key_BBB","S2_CTGGAAAGTGAGCCAG-1","Rgs5",0,"Sample2","Pericytes","Sample2",787,572,0.127064803049555
"Pericyte_key_BBB","S2_CTGGACTAGGCACATC-1","Rgs5",3.10760996773239,"Sample2","Pericytes","Sample2",936,658,0
"Pericyte_key_BBB","S2_GCACTTGGTAGCGCGA-1","Rgs5",2.36667061299137,"Sample2","Pericytes","Sample2",1035,734,0
"Pericyte_key_BBB","S2_GCCCCTTAGGAACCCT-1","Rgs5",0,"Sample2","Pericytes","Sample2",1008,689,0.297619047619048
"Pericyte_key_BBB","S2_GCCTACCTCCCAGACG-1","Rgs5",2.30755012237667,"Sample2","Pericytes","Sample2",1105,779,0
"Pericyte_key_BBB","S2_GCGCTCAAGCTAACTG-1","Rgs5",3.24299603332564,"Sample2","Pericytes","Sample2",1219,822,0
"Pericyte_key_BBB","S2_GGCGTTACACTAATTC-1","Rgs5",0,"Sample2","Pericytes","Sample2",684,525,0
"Pericyte_key_BBB","S2_GGGACCTCAACCTGCT-1","Rgs5",0,"Sample2","Pericytes","Sample2",787,500,0.127064803049555
"Pericyte_key_BBB","S2_GGTGTTGCAGGCATTG-1","Rgs5",2.49005561298419,"Sample2","Pericytes","Sample2",904,650,0.331858407079646
"Pericyte_key_BBB","S2_GGTTACATCATCTCTA-1","Rgs5",2.3852642856713,"Sample2","Pericytes","Sample2",1014,727,0
"Pericyte_key_BBB","S2_GGTTCTAAGAAGGGAA-1","Rgs5",0,"Sample2","Pericytes","Sample2",1901,1096,0
"Pericyte_key_BBB","S2_GTACGGTTCGTTACAG-1","Rgs5",0,"Sample2","Pericytes","Sample2",770,559,0
"Pericyte_key_BBB","S2_GTAGCCACAGCTCATC-1","Rgs5",2.82124722950691,"Sample2","Pericytes","Sample2",633,485,0.4739336492891
"Pericyte_key_BBB","S2_GTAGGTGAGGTGCTAC-1","Rgs5",0,"Sample2","Pericytes","Sample2",1012,721,0
"Pericyte_key_BBB","S2_GTCCGTGAGGCAATCC-1","Rgs5",0,"Sample2","Pericytes","Sample2",789,580,0
"Pericyte_key_BBB","S2_GTGATTGTCACGCGCA-1","Rgs5",0,"Sample2","Pericytes","Sample2",936,671,0
"Pericyte_key_BBB","S2_TAACCATAGCTTAGTG-1","Rgs5",0,"Sample2","Pericytes","Sample2",772,579,0
"Pericyte_key_BBB","S2_TAGCCCTCACCAATCC-1","Rgs5",2.02651735011104,"Sample2","Pericytes","Sample2",1518,981,0.0658761528326746
"Pericyte_key_BBB","S2_TATCGTAGTTGACTCG-1","Rgs5",0,"Sample2","Pericytes","Sample2",911,628,0
"Pericyte_key_BBB","S2_TCACGACAGCTATCCT-1","Rgs5",1.97938681173799,"Sample2","Pericytes","Sample2",1603,1027,0
"Pericyte_key_BBB","S2_TCCTAATCATGAAGTC-1","Rgs5",0,"Sample2","Pericytes","Sample2",1226,850,0
"Pericyte_key_BBB","S2_TGAACCGCATGGTCAG-1","Rgs5",0,"Sample2","Pericytes","Sample2",896,660,0.111607142857143
"Pericyte_key_BBB","S2_TGAGTCGCAGGTAATC-1","Rgs5",3.77086985186488,"Sample2","Pericytes","Sample2",943,664,0.106044538706257
"Pericyte_key_BBB","S2_TGTCGTCCAAGCCAGC-1","Rgs5",0,"Sample2","Pericytes","Sample2",1043,740,0
"Pericyte_key_BBB","S1_AAACCATTCAGTTACG-1","Vtn",2.19864806512107,"Sample1","Pericytes","Sample1",1248,819,0
"Pericyte_key_BBB","S1_AAACGCCTCGTTAGAT-1","Vtn",0,"Sample1","Pericytes","Sample1",1017,704,0
"Pericyte_key_BBB","S1_ACCACAGCAATCATCT-1","Vtn",2.62793969693944,"Sample1","Pericytes","Sample1",1557,1065,0
"Pericyte_key_BBB","S1_ACTGGTCAGTAGGAAC-1","Vtn",0,"Sample1","Pericytes","Sample1",1179,748,1.18744698897371
"Pericyte_key_BBB","S1_ACTTGAGTCCCAGAGT-1","Vtn",0,"Sample1","Pericytes","Sample1",808,580,2.35148514851485
"Pericyte_key_BBB","S1_AGCCGTTAGGAACCAG-1","Vtn",3.25250448650969,"Sample1","Pericytes","Sample1",1207,850,0.994200497100249
"Pericyte_key_BBB","S1_AGGGTACGTGGAAGCT-1","Vtn",2.39880485990856,"Sample1","Pericytes","Sample1",999,709,0.2002002002002
"Pericyte_key_BBB","S1_AGGGTTGAGTCAGCCG-1","Vtn",0,"Sample1","Pericytes","Sample1",1150,751,0.173913043478261
"Pericyte_key_BBB","S1_AGTCACGCAATAGTTG-1","Vtn",0,"Sample1","Pericytes","Sample1",529,387,0
"Pericyte_key_BBB","S1_AGTCGGTTCCATCGGG-1","Vtn",0,"Sample1","Pericytes","Sample1",703,524,0
"Pericyte_key_BBB","S1_ATCAGTTAGCCTGAGT-1","Vtn",3.58254721551501,"Sample1","Pericytes","Sample1",1144,786,0
"Pericyte_key_BBB","S1_CAACAGTCATGAGCGC-1","Vtn",0,"Sample1","Pericytes","Sample1",1490,938,0.268456375838926
"Pericyte_key_BBB","S1_CAAGGCAAGCCTCTCA-1","Vtn",0,"Sample1","Pericytes","Sample1",1178,725,0
"Pericyte_key_BBB","S1_CACACAGCAGCTCGAA-1","Vtn",3.31595435172927,"Sample1","Pericytes","Sample1",1130,763,0
"Pericyte_key_BBB","S1_CAGCCATAGGAGTAAC-1","Vtn",4.13396682014711,"Sample1","Pericytes","Sample1",814,589,0
"Pericyte_key_BBB","S1_CAGTAGGAGTGGCCTG-1","Vtn",3.83736306048175,"Sample1","Pericytes","Sample1",881,634,0
"Pericyte_key_BBB","S1_CATCCGGAGTACGGAG-1","Vtn",3.51057578879868,"Sample1","Pericytes","Sample1",924,658,0.108225108225108
"Pericyte_key_BBB","S1_CCAGTTAAGGTCGAGA-1","Vtn",2.9226318445343,"Sample1","Pericytes","Sample1",1137,830,0.175901495162709
"Pericyte_key_BBB","S1_CCCATCTGTATGGCAA-1","Vtn",0,"Sample1","Pericytes","Sample1",1553,917,0
"Pericyte_key_BBB","S1_CCGTCTATCCCGCGTT-1","Vtn",2.43983991154884,"Sample1","Pericytes","Sample1",955,688,0.104712041884817
"Pericyte_key_BBB","S1_CCGTGCAAGGATTCAT-1","Vtn",2.53270310735032,"Sample1","Pericytes","Sample1",863,643,0
"Pericyte_key_BBB","S1_CCTAGCGAGAAGCATA-1","Vtn",0,"Sample1","Pericytes","Sample1",948,672,0
"Pericyte_key_BBB","S1_CCTAGCGAGTGTCATG-1","Vtn",0,"Sample1","Pericytes","Sample1",529,407,0
"Pericyte_key_BBB","S1_CCTTGGGAGTCGCGCA-1","Vtn",4.1118579709299,"Sample1","Pericytes","Sample1",666,506,0.15015015015015
"Pericyte_key_BBB","S1_CGAATTTAGCATGTGC-1","Vtn",0,"Sample1","Pericytes","Sample1",655,476,0
"Pericyte_key_BBB","S1_CGACTAATCATGTGTG-1","Vtn",0,"Sample1","Pericytes","Sample1",1488,908,0
"Pericyte_key_BBB","S1_CGATTCCCACTTGGGA-1","Vtn",4.24800250983934,"Sample1","Pericytes","Sample1",870,610,0
"Pericyte_key_BBB","S1_CGCAAATCAATCAAGC-1","Vtn",5.11897023372969,"Sample1","Pericytes","Sample1",662,497,1.81268882175227
"Pericyte_key_BBB","S1_CGTTCAGGTTATCCAA-1","Vtn",2.33405124906741,"Sample1","Pericytes","Sample1",1073,756,0
"Pericyte_key_BBB","S1_CTTGCGGAGTGATAGA-1","Vtn",0,"Sample1","Pericytes","Sample1",622,471,0
"Pericyte_key_BBB","S1_GCTCCGTTCGATCGGT-1","Vtn",0,"Sample1","Pericytes","Sample1",724,523,0
"Pericyte_key_BBB","S1_GGAACCAAGCGAGTAG-1","Vtn",2.97665005709066,"Sample1","Pericytes","Sample1",537,427,0
"Pericyte_key_BBB","S1_GGGACGTAGCTATCGA-1","Vtn",2.47497354765838,"Sample1","Pericytes","Sample1",919,643,0.326441784548422
"Pericyte_key_BBB","S1_GGGCTTACAAGCCTAG-1","Vtn",0,"Sample1","Pericytes","Sample1",1348,924,0
"Pericyte_key_BBB","S1_GGTCGCATCCTGTCGC-1","Vtn",2.16107815742127,"Sample1","Pericytes","Sample1",1302,839,0.0768049155145929
"Pericyte_key_BBB","S1_GGTGAACGTTTAAGCC-1","Vtn",3.0589215345956,"Sample1","Pericytes","Sample1",985,644,0
"Pericyte_key_BBB","S1_GGTTTAGTCTATGTCC-1","Vtn",0,"Sample1","Pericytes","Sample1",757,527,0
"Pericyte_key_BBB","S1_GTATCTTCAAACTTAG-1","Vtn",3.37174780927291,"Sample1","Pericytes","Sample1",711,509,0
"Pericyte_key_BBB","S1_GTGAGGATCATGTAAC-1","Vtn",0,"Sample1","Pericytes","Sample1",944,666,0.10593220338983
"Pericyte_key_BBB","S1_TACCCATTCGTGCTCC-1","Vtn",2.34251110769296,"Sample1","Pericytes","Sample1",1063,732,0
"Pericyte_key_BBB","S1_TATCCTTGTTCCCAGA-1","Vtn",3.16445076684326,"Sample1","Pericytes","Sample1",1323,899,0.151171579743008
"Pericyte_key_BBB","S1_TCAGTTGAGTGCGCTG-1","Vtn",3.87473250368936,"Sample1","Pericytes","Sample1",1060,743,0
"Pericyte_key_BBB","S1_TCGATCAAGATACTCG-1","Vtn",0,"Sample1","Pericytes","Sample1",906,664,0.22075055187638
"Pericyte_key_BBB","S1_TGCACAATCAGGCAGA-1","Vtn",2.27089805024348,"Sample1","Pericytes","Sample1",1151,834,0.260642919200695
"Pericyte_key_BBB","S1_TGCACCTCAGGACTGC-1","Vtn",0,"Sample1","Pericytes","Sample1",1173,797,0.682011935208866
"Pericyte_key_BBB","S1_TGTGAACCAATCTGAA-1","Vtn",0,"Sample1","Pericytes","Sample1",1113,748,0
"Pericyte_key_BBB","S2_AAACGGACATTGCGTC-1","Vtn",3.76022387090402,"Sample2","Pericytes","Sample2",715,525,0.13986013986014
"Pericyte_key_BBB","S2_ACAGGCGGTGCGATCC-1","Vtn",2.48197839000891,"Sample2","Pericytes","Sample2",912,671,0.219298245614035
"Pericyte_key_BBB","S2_ACCAAACCACTTACAT-1","Vtn",2.07368788619427,"Sample2","Pericytes","Sample2",1438,949,0
"Pericyte_key_BBB","S2_ACCACACAGCCGATGT-1","Vtn",0,"Sample2","Pericytes","Sample2",855,632,0
"Pericyte_key_BBB","S2_ACGTGGTTCCTTAGTC-1","Vtn",2.52210237515815,"Sample2","Pericytes","Sample2",873,635,0.11454753722795
"Pericyte_key_BBB","S2_ACTGTTAGTTACACTA-1","Vtn",2.23062151051123,"Sample2","Pericytes","Sample2",1204,811,0.0830564784053156
"Pericyte_key_BBB","S2_ACTTTGCTCATGAGTT-1","Vtn",2.88834350315023,"Sample2","Pericytes","Sample2",1179,851,0.339270568278202
"Pericyte_key_BBB","S2_ATACCATAGGTGATGG-1","Vtn",2.76791363191079,"Sample2","Pericytes","Sample2",670,512,0
"Pericyte_key_BBB","S2_ATGATTGCATAGACAC-1","Vtn",2.41442153948435,"Sample2","Pericytes","Sample2",982,667,0
"Pericyte_key_BBB","S2_CAAGATGGTGAAGTTG-1","Vtn",2.71630231094652,"Sample2","Pericytes","Sample2",708,513,0
"Pericyte_key_BBB","S2_CAAGCGAAGGAACCCT-1","Vtn",2.44945308246322,"Sample2","Pericytes","Sample2",945,662,0.211640211640212
"Pericyte_key_BBB","S2_CACTCCGCAAGTGGAA-1","Vtn",2.3348933362267,"Sample2","Pericytes","Sample2",1072,733,0
"Pericyte_key_BBB","S2_CATAGAGGTTCGCCAA-1","Vtn",2.38436936776056,"Sample2","Pericytes","Sample2",1015,718,0.0985221674876847
"Pericyte_key_BBB","S2_CGATTAACATTGCACC-1","Vtn",3.06182889793696,"Sample2","Pericytes","Sample2",982,676,0
"Pericyte_key_BBB","S2_CGCTGCTTCGCTCTCA-1","Vtn",2.15229261345577,"Sample2","Pericytes","Sample2",1315,879,0.0760456273764259
"Pericyte_key_BBB","S2_CTATGGATCAGGCAGA-1","Vtn",0,"Sample2","Pericytes","Sample2",1778,1176,0.0562429696287964
"Pericyte_key_BBB","S2_CTCATCCGTCTTGCTC-1","Vtn",3.34717417052776,"Sample2","Pericytes","Sample2",1094,722,0.457038391224863
"Pericyte_key_BBB","S2_CTCCCTGGTAACGGCG-1","Vtn",0,"Sample2","Pericytes","Sample2",1234,848,0
"Pericyte_key_BBB","S2_CTCCCTGGTGAGCCGA-1","Vtn",0,"Sample2","Pericytes","Sample2",1215,821,0.164609053497942
"Pericyte_key_BBB","S2_CTCTTAATCCGTGATA-1","Vtn",0,"Sample2","Pericytes","Sample2",1525,970,0.0655737704918033
"Pericyte_key_BBB","S2_CTGATTAGTAGTTAGG-1","Vtn",0,"Sample2","Pericytes","Sample2",824,616,0
"Pericyte_key_BBB","S2_CTGGAAAGTGAGCCAG-1","Vtn",0,"Sample2","Pericytes","Sample2",787,572,0.127064803049555
"Pericyte_key_BBB","S2_CTGGACTAGGCACATC-1","Vtn",0,"Sample2","Pericytes","Sample2",936,658,0
"Pericyte_key_BBB","S2_GCACTTGGTAGCGCGA-1","Vtn",2.36667061299137,"Sample2","Pericytes","Sample2",1035,734,0
"Pericyte_key_BBB","S2_GCCCCTTAGGAACCCT-1","Vtn",3.03693514791126,"Sample2","Pericytes","Sample2",1008,689,0.297619047619048
"Pericyte_key_BBB","S2_GCCTACCTCCCAGACG-1","Vtn",2.30755012237667,"Sample2","Pericytes","Sample2",1105,779,0
"Pericyte_key_BBB","S2_GCGCTCAAGCTAACTG-1","Vtn",0,"Sample2","Pericytes","Sample2",1219,822,0
"Pericyte_key_BBB","S2_GGCGTTACACTAATTC-1","Vtn",0,"Sample2","Pericytes","Sample2",684,525,0
"Pericyte_key_BBB","S2_GGGACCTCAACCTGCT-1","Vtn",0,"Sample2","Pericytes","Sample2",787,500,0.127064803049555
"Pericyte_key_BBB","S2_GGTGTTGCAGGCATTG-1","Vtn",0,"Sample2","Pericytes","Sample2",904,650,0.331858407079646
"Pericyte_key_BBB","S2_GGTTACATCATCTCTA-1","Vtn",2.3852642856713,"Sample2","Pericytes","Sample2",1014,727,0
"Pericyte_key_BBB","S2_GGTTCTAAGAAGGGAA-1","Vtn",0,"Sample2","Pericytes","Sample2",1901,1096,0
"Pericyte_key_BBB","S2_GTACGGTTCGTTACAG-1","Vtn",2.6381292553027,"Sample2","Pericytes","Sample2",770,559,0
"Pericyte_key_BBB","S2_GTAGCCACAGCTCATC-1","Vtn",0,"Sample2","Pericytes","Sample2",633,485,0.4739336492891
"Pericyte_key_BBB","S2_GTAGGTGAGGTGCTAC-1","Vtn",0,"Sample2","Pericytes","Sample2",1012,721,0
"Pericyte_key_BBB","S2_GTCCGTGAGGCAATCC-1","Vtn",0,"Sample2","Pericytes","Sample2",789,580,0
"Pericyte_key_BBB","S2_GTGATTGTCACGCGCA-1","Vtn",3.10760996773239,"Sample2","Pericytes","Sample2",936,671,0
"Pericyte_key_BBB","S2_TAACCATAGCTTAGTG-1","Vtn",0,"Sample2","Pericytes","Sample2",772,579,0
"Pericyte_key_BBB","S2_TAGCCCTCACCAATCC-1","Vtn",2.65149611519828,"Sample2","Pericytes","Sample2",1518,981,0.0658761528326746
"Pericyte_key_BBB","S2_TATCGTAGTTGACTCG-1","Vtn",4.0232913919499,"Sample2","Pericytes","Sample2",911,628,0
"Pericyte_key_BBB","S2_TCACGACAGCTATCCT-1","Vtn",2.60095532030742,"Sample2","Pericytes","Sample2",1603,1027,0
"Pericyte_key_BBB","S2_TCCTAATCATGAAGTC-1","Vtn",0,"Sample2","Pericytes","Sample2",1226,850,0
"Pericyte_key_BBB","S2_TGAACCGCATGGTCAG-1","Vtn",3.14937261910123,"Sample2","Pericytes","Sample2",896,660,0.111607142857143
"Pericyte_key_BBB","S2_TGAGTCGCAGGTAATC-1","Vtn",3.10049345800505,"Sample2","Pericytes","Sample2",943,664,0.106044538706257
"Pericyte_key_BBB","S2_TGTCGTCCAAGCCAGC-1","Vtn",0,"Sample2","Pericytes","Sample2",1043,740,0
